Id;X  [mm];Y  [mm];Z  [mm];U(95)  [mm];U(95) X  [mm];U(95) Y  [mm];U(95) Z  [mm];Target;Temperature  [°C];Pressure  [mBar];Humidity  [%];Time Stamp;Delete;
1;523,779;-2660,352;-330,285;0,000;0,000;0,000;0,000;RRR 1.5in;24,6;1015;46;'26.07.2023 16:12:54.410;;
2;523,777;-2660,353;-330,285;0,000;0,000;0,000;0,000;RRR 1.5in;24,6;1015;46;'26.07.2023 16:12:54.420;;
3;523,777;-2660,352;-330,287;0,000;0,000;0,000;0,000;RRR 1.5in;24,6;1015;46;'26.07.2023 16:12:54.430;;
4;523,777;-2660,352;-330,287;0,000;0,000;0,000;0,000;RRR 1.5in;24,6;1015;46;'26.07.2023 16:12:54.440;;
5;523,776;-2660,353;-330,287;0,000;0,000;0,000;0,000;RRR 1.5in;24,6;1015;46;'26.07.2023 16:12:54.450;;
6;523,777;-2660,353;-330,285;0,000;0,000;0,000;0,000;RRR 1.5in;24,6;1015;46;'26.07.2023 16:12:54.460;;
7;523,776;-2660,353;-330,287;0,000;0,000;0,000;0,000;RRR 1.5in;24,6;1015;46;'26.07.2023 16:12:54.470;;
8;523,776;-2660,353;-330,283;0,000;0,000;0,000;0,000;RRR 1.5in;24,6;1015;46;'26.07.2023 16:12:54.480;;
9;523,775;-2660,353;-330,283;0,000;0,000;0,000;0,000;RRR 1.5in;24,6;1015;46;'26.07.2023 16:12:54.490;;
10;523,775;-2660,353;-330,283;0,000;0,000;0,000;0,000;RRR 1.5in;24,6;1015;46;'26.07.2023 16:12:54.500;;
11;523,773;-2660,354;-330,284;0,000;0,000;0,000;0,000;RRR 1.5in;24,6;1015;46;'26.07.2023 16:12:54.510;;
12;523,772;-2660,354;-330,283;0,000;0,000;0,000;0,000;RRR 1.5in;24,6;1015;46;'26.07.2023 16:12:54.520;;
13;523,772;-2660,354;-330,284;0,000;0,000;0,000;0,000;RRR 1.5in;24,6;1015;46;'26.07.2023 16:12:54.530;;
14;523,771;-2660,354;-330,282;0,000;0,000;0,000;0,000;RRR 1.5in;24,6;1015;46;'26.07.2023 16:12:54.540;;
15;523,770;-2660,354;-330,281;0,000;0,000;0,000;0,000;RRR 1.5in;24,6;1015;46;'26.07.2023 16:12:54.550;;
16;523,769;-2660,355;-330,281;0,000;0,000;0,000;0,000;RRR 1.5in;24,6;1015;46;'26.07.2023 16:12:54.560;;
17;523,769;-2660,355;-330,281;0,000;0,000;0,000;0,000;RRR 1.5in;24,6;1015;46;'26.07.2023 16:12:54.570;;
18;523,770;-2660,355;-330,280;0,000;0,000;0,000;0,000;RRR 1.5in;24,6;1015;46;'26.07.2023 16:12:54.580;;
19;523,769;-2660,355;-330,281;0,000;0,000;0,000;0,000;RRR 1.5in;24,6;1015;46;'26.07.2023 16:12:54.590;;
20;523,769;-2660,355;-330,278;0,000;0,000;0,000;0,000;RRR 1.5in;24,6;1015;46;'26.07.2023 16:12:54.600;;
21;523,770;-2660,355;-330,278;0,000;0,000;0,000;0,000;RRR 1.5in;24,6;1015;46;'26.07.2023 16:12:54.610;;
22;523,770;-2660,356;-330,280;0,000;0,000;0,000;0,000;RRR 1.5in;24,6;1015;46;'26.07.2023 16:12:54.620;;
23;523,770;-2660,355;-330,281;0,000;0,000;0,000;0,000;RRR 1.5in;24,6;1015;46;'26.07.2023 16:12:54.630;;
24;523,769;-2660,354;-330,281;0,000;0,000;0,000;0,000;RRR 1.5in;24,6;1015;46;'26.07.2023 16:12:54.640;;
25;523,768;-2660,354;-330,282;0,000;0,000;0,000;0,000;RRR 1.5in;24,6;1015;46;'26.07.2023 16:12:54.650;;
26;523,768;-2660,354;-330,283;0,000;0,000;0,000;0,000;RRR 1.5in;24,6;1015;46;'26.07.2023 16:12:54.660;;
27;523,769;-2660,355;-330,282;0,000;0,000;0,000;0,000;RRR 1.5in;24,6;1015;46;'26.07.2023 16:12:54.670;;
28;523,768;-2660,355;-330,282;0,000;0,000;0,000;0,000;RRR 1.5in;24,6;1015;46;'26.07.2023 16:12:54.680;;
29;523,767;-2660,355;-330,281;0,000;0,000;0,000;0,000;RRR 1.5in;24,6;1015;46;'26.07.2023 16:12:54.690;;
30;523,767;-2660,355;-330,282;0,000;0,000;0,000;0,000;RRR 1.5in;24,6;1015;46;'26.07.2023 16:12:54.700;;
31;523,766;-2660,355;-330,282;0,000;0,000;0,000;0,000;RRR 1.5in;24,6;1015;46;'26.07.2023 16:12:54.710;;
32;523,765;-2660,355;-330,282;0,000;0,000;0,000;0,000;RRR 1.5in;24,6;1015;46;'26.07.2023 16:12:54.720;;
33;523,765;-2660,355;-330,282;0,000;0,000;0,000;0,000;RRR 1.5in;24,6;1015;46;'26.07.2023 16:12:54.730;;
34;523,763;-2660,356;-330,284;0,000;0,000;0,000;0,000;RRR 1.5in;24,6;1015;46;'26.07.2023 16:12:54.740;;
35;523,764;-2660,356;-330,283;0,000;0,000;0,000;0,000;RRR 1.5in;24,6;1015;46;'26.07.2023 16:12:54.750;;
36;523,763;-2660,355;-330,282;0,000;0,000;0,000;0,000;RRR 1.5in;24,6;1015;46;'26.07.2023 16:12:54.760;;
37;523,762;-2660,355;-330,282;0,000;0,000;0,000;0,000;RRR 1.5in;24,6;1015;46;'26.07.2023 16:12:54.770;;
38;523,761;-2660,357;-330,280;0,000;0,000;0,000;0,000;RRR 1.5in;24,6;1015;46;'26.07.2023 16:12:54.780;;
39;523,760;-2660,357;-330,280;0,000;0,000;0,000;0,000;RRR 1.5in;24,6;1015;46;'26.07.2023 16:12:54.790;;
40;523,760;-2660,357;-330,279;0,000;0,000;0,000;0,000;RRR 1.5in;24,6;1015;46;'26.07.2023 16:12:54.800;;
41;523,760;-2660,357;-330,278;0,000;0,000;0,000;0,000;RRR 1.5in;24,6;1015;46;'26.07.2023 16:12:54.810;;
42;523,760;-2660,356;-330,279;0,000;0,000;0,000;0,000;RRR 1.5in;24,6;1015;46;'26.07.2023 16:12:54.820;;
43;523,760;-2660,356;-330,278;0,000;0,000;0,000;0,000;RRR 1.5in;24,6;1015;46;'26.07.2023 16:12:54.830;;
44;523,760;-2660,356;-330,278;0,000;0,000;0,000;0,000;RRR 1.5in;24,6;1015;46;'26.07.2023 16:12:54.840;;
45;523,760;-2660,356;-330,279;0,000;0,000;0,000;0,000;RRR 1.5in;24,6;1015;46;'26.07.2023 16:12:54.850;;
46;523,760;-2660,357;-330,279;0,000;0,000;0,000;0,000;RRR 1.5in;24,6;1015;46;'26.07.2023 16:12:54.860;;
47;523,760;-2660,357;-330,278;0,000;0,000;0,000;0,000;RRR 1.5in;24,6;1015;46;'26.07.2023 16:12:54.870;;
48;523,759;-2660,357;-330,278;0,000;0,000;0,000;0,000;RRR 1.5in;24,6;1015;46;'26.07.2023 16:12:54.880;;
49;523,760;-2660,357;-330,278;0,000;0,000;0,000;0,000;RRR 1.5in;24,6;1015;46;'26.07.2023 16:12:54.890;;
50;523,760;-2660,357;-330,278;0,000;0,000;0,000;0,000;RRR 1.5in;24,6;1015;46;'26.07.2023 16:12:54.900;;
51;523,760;-2660,357;-330,278;0,000;0,000;0,000;0,000;RRR 1.5in;24,6;1015;46;'26.07.2023 16:12:54.910;;
52;523,759;-2660,357;-330,277;0,000;0,000;0,000;0,000;RRR 1.5in;24,6;1015;46;'26.07.2023 16:12:54.920;;
53;523,759;-2660,357;-330,276;0,000;0,000;0,000;0,000;RRR 1.5in;24,6;1015;46;'26.07.2023 16:12:54.930;;
54;523,759;-2660,357;-330,276;0,000;0,000;0,000;0,000;RRR 1.5in;24,6;1015;46;'26.07.2023 16:12:54.940;;
55;523,759;-2660,357;-330,275;0,000;0,000;0,000;0,000;RRR 1.5in;24,6;1015;46;'26.07.2023 16:12:54.950;;
56;523,760;-2660,357;-330,275;0,000;0,000;0,000;0,000;RRR 1.5in;24,6;1015;46;'26.07.2023 16:12:54.960;;
57;523,759;-2660,357;-330,274;0,000;0,000;0,000;0,000;RRR 1.5in;24,6;1015;46;'26.07.2023 16:12:54.970;;
58;523,759;-2660,358;-330,274;0,000;0,000;0,000;0,000;RRR 1.5in;24,6;1015;46;'26.07.2023 16:12:54.980;;
59;523,760;-2660,358;-330,273;0,000;0,000;0,000;0,000;RRR 1.5in;24,6;1015;46;'26.07.2023 16:12:54.990;;
60;523,760;-2660,358;-330,274;0,000;0,000;0,000;0,000;RRR 1.5in;24,6;1015;46;'26.07.2023 16:12:55.000;;
61;523,761;-2660,357;-330,273;0,000;0,000;0,000;0,000;RRR 1.5in;24,6;1015;46;'26.07.2023 16:12:55.010;;
62;523,761;-2660,357;-330,273;0,000;0,000;0,000;0,000;RRR 1.5in;24,6;1015;46;'26.07.2023 16:12:55.020;;
63;523,763;-2660,357;-330,273;0,000;0,000;0,000;0,000;RRR 1.5in;24,6;1015;46;'26.07.2023 16:12:55.030;;
64;523,762;-2660,357;-330,274;0,000;0,000;0,000;0,000;RRR 1.5in;24,6;1015;46;'26.07.2023 16:12:55.040;;
65;523,761;-2660,357;-330,274;0,000;0,000;0,000;0,000;RRR 1.5in;24,6;1015;46;'26.07.2023 16:12:55.050;;
66;523,762;-2660,357;-330,272;0,000;0,000;0,000;0,000;RRR 1.5in;24,6;1015;46;'26.07.2023 16:12:55.060;;
67;523,762;-2660,357;-330,273;0,000;0,000;0,000;0,000;RRR 1.5in;24,6;1015;46;'26.07.2023 16:12:55.070;;
68;523,762;-2660,357;-330,273;0,000;0,000;0,000;0,000;RRR 1.5in;24,6;1015;46;'26.07.2023 16:12:55.080;;
69;523,761;-2660,357;-330,274;0,000;0,000;0,000;0,000;RRR 1.5in;24,6;1015;46;'26.07.2023 16:12:55.090;;
70;523,761;-2660,358;-330,272;0,000;0,000;0,000;0,000;RRR 1.5in;24,6;1015;46;'26.07.2023 16:12:55.100;;
71;523,760;-2660,358;-330,274;0,000;0,000;0,000;0,000;RRR 1.5in;24,6;1015;46;'26.07.2023 16:12:55.110;;
72;523,761;-2660,357;-330,273;0,000;0,000;0,000;0,000;RRR 1.5in;24,6;1015;46;'26.07.2023 16:12:55.120;;
73;523,761;-2660,357;-330,274;0,000;0,000;0,000;0,000;RRR 1.5in;24,6;1015;46;'26.07.2023 16:12:55.130;;
74;523,760;-2660,357;-330,274;0,000;0,000;0,000;0,000;RRR 1.5in;24,6;1015;46;'26.07.2023 16:12:55.140;;
75;523,760;-2660,357;-330,273;0,000;0,000;0,000;0,000;RRR 1.5in;24,6;1015;46;'26.07.2023 16:12:55.150;;
76;523,760;-2660,357;-330,274;0,000;0,000;0,000;0,000;RRR 1.5in;24,6;1015;46;'26.07.2023 16:12:55.160;;
77;523,759;-2660,358;-330,273;0,000;0,000;0,000;0,000;RRR 1.5in;24,6;1015;46;'26.07.2023 16:12:55.170;;
78;523,759;-2660,358;-330,274;0,000;0,000;0,000;0,000;RRR 1.5in;24,6;1015;46;'26.07.2023 16:12:55.180;;
79;523,758;-2660,358;-330,274;0,000;0,000;0,000;0,000;RRR 1.5in;24,6;1015;46;'26.07.2023 16:12:55.190;;
80;523,758;-2660,358;-330,274;0,000;0,000;0,000;0,000;RRR 1.5in;24,6;1015;46;'26.07.2023 16:12:55.200;;
81;523,760;-2660,358;-330,273;0,000;0,000;0,000;0,000;RRR 1.5in;24,6;1015;46;'26.07.2023 16:12:55.210;;
82;523,759;-2660,357;-330,274;0,000;0,000;0,000;0,000;RRR 1.5in;24,6;1015;46;'26.07.2023 16:12:55.220;;
83;523,760;-2660,357;-330,274;0,000;0,000;0,000;0,000;RRR 1.5in;24,6;1015;46;'26.07.2023 16:12:55.230;;
84;523,760;-2660,357;-330,275;0,000;0,000;0,000;0,000;RRR 1.5in;24,6;1015;46;'26.07.2023 16:12:55.240;;
85;523,760;-2660,357;-330,275;0,000;0,000;0,000;0,000;RRR 1.5in;24,6;1015;46;'26.07.2023 16:12:55.250;;
86;523,761;-2660,357;-330,275;0,000;0,000;0,000;0,000;RRR 1.5in;24,6;1015;46;'26.07.2023 16:12:55.260;;
87;523,759;-2660,357;-330,276;0,000;0,000;0,000;0,000;RRR 1.5in;24,6;1015;46;'26.07.2023 16:12:55.270;;
88;523,760;-2660,357;-330,277;0,000;0,000;0,000;0,000;RRR 1.5in;24,6;1015;46;'26.07.2023 16:12:55.280;;
89;523,760;-2660,357;-330,277;0,000;0,000;0,000;0,000;RRR 1.5in;24,6;1015;46;'26.07.2023 16:12:55.290;;
90;523,760;-2660,357;-330,279;0,000;0,000;0,000;0,000;RRR 1.5in;24,6;1015;46;'26.07.2023 16:12:55.300;;
91;523,760;-2660,357;-330,278;0,000;0,000;0,000;0,000;RRR 1.5in;24,6;1015;46;'26.07.2023 16:12:55.310;;
92;523,760;-2660,357;-330,279;0,000;0,000;0,000;0,000;RRR 1.5in;24,6;1015;46;'26.07.2023 16:12:55.320;;
93;523,761;-2660,356;-330,279;0,000;0,000;0,000;0,000;RRR 1.5in;24,6;1015;46;'26.07.2023 16:12:55.330;;
94;523,760;-2660,356;-330,280;0,000;0,000;0,000;0,000;RRR 1.5in;24,6;1015;46;'26.07.2023 16:12:55.340;;
95;523,760;-2660,357;-330,280;0,000;0,000;0,000;0,000;RRR 1.5in;24,6;1015;46;'26.07.2023 16:12:55.350;;
96;523,759;-2660,357;-330,281;0,000;0,000;0,000;0,000;RRR 1.5in;24,6;1015;46;'26.07.2023 16:12:55.360;;
97;523,760;-2660,357;-330,279;0,000;0,000;0,000;0,000;RRR 1.5in;24,6;1015;46;'26.07.2023 16:12:55.370;;
98;523,760;-2660,357;-330,280;0,000;0,000;0,000;0,000;RRR 1.5in;24,6;1015;46;'26.07.2023 16:12:55.380;;
99;523,760;-2660,357;-330,281;0,000;0,000;0,000;0,000;RRR 1.5in;24,6;1015;46;'26.07.2023 16:12:55.390;;
100;523,759;-2660,357;-330,281;0,000;0,000;0,000;0,000;RRR 1.5in;24,6;1015;46;'26.07.2023 16:12:55.400;;
101;523,759;-2660,357;-330,281;0,000;0,000;0,000;0,000;RRR 1.5in;24,6;1015;46;'26.07.2023 16:12:55.410;;
102;523,759;-2660,357;-330,282;0,000;0,000;0,000;0,000;RRR 1.5in;24,6;1015;46;'26.07.2023 16:12:55.420;;
103;523,759;-2660,357;-330,281;0,000;0,000;0,000;0,000;RRR 1.5in;24,6;1015;46;'26.07.2023 16:12:55.430;;
104;523,760;-2660,356;-330,281;0,000;0,000;0,000;0,000;RRR 1.5in;24,6;1015;46;'26.07.2023 16:12:55.440;;
105;523,760;-2660,356;-330,281;0,000;0,000;0,000;0,000;RRR 1.5in;24,6;1015;46;'26.07.2023 16:12:55.450;;
106;523,760;-2660,356;-330,282;0,000;0,000;0,000;0,000;RRR 1.5in;24,6;1015;46;'26.07.2023 16:12:55.460;;
107;523,760;-2660,357;-330,281;0,000;0,000;0,000;0,000;RRR 1.5in;24,6;1015;46;'26.07.2023 16:12:55.470;;
108;523,759;-2660,357;-330,281;0,000;0,000;0,000;0,000;RRR 1.5in;24,6;1015;46;'26.07.2023 16:12:55.480;;
109;523,759;-2660,357;-330,280;0,000;0,000;0,000;0,000;RRR 1.5in;24,6;1015;46;'26.07.2023 16:12:55.490;;
110;523,759;-2660,357;-330,280;0,000;0,000;0,000;0,000;RRR 1.5in;24,6;1015;46;'26.07.2023 16:12:55.500;;
111;523,759;-2660,357;-330,279;0,000;0,000;0,000;0,000;RRR 1.5in;24,6;1015;46;'26.07.2023 16:12:55.510;;
112;523,757;-2660,357;-330,280;0,000;0,000;0,000;0,000;RRR 1.5in;24,6;1015;46;'26.07.2023 16:12:55.520;;
113;523,757;-2660,357;-330,279;0,000;0,000;0,000;0,000;RRR 1.5in;24,6;1015;46;'26.07.2023 16:12:55.530;;
114;523,757;-2660,358;-330,278;0,000;0,000;0,000;0,000;RRR 1.5in;24,6;1015;46;'26.07.2023 16:12:55.540;;
115;523,756;-2660,358;-330,278;0,000;0,000;0,000;0,000;RRR 1.5in;24,6;1015;46;'26.07.2023 16:12:55.550;;
116;523,756;-2660,358;-330,278;0,000;0,000;0,000;0,000;RRR 1.5in;24,6;1015;46;'26.07.2023 16:12:55.560;;
117;523,755;-2660,358;-330,278;0,000;0,000;0,000;0,000;RRR 1.5in;24,6;1015;46;'26.07.2023 16:12:55.570;;
118;523,755;-2660,358;-330,278;0,000;0,000;0,000;0,000;RRR 1.5in;24,6;1015;46;'26.07.2023 16:12:55.580;;
119;523,756;-2660,358;-330,277;0,000;0,000;0,000;0,000;RRR 1.5in;24,6;1015;46;'26.07.2023 16:12:55.590;;
120;523,757;-2660,358;-330,277;0,000;0,000;0,000;0,000;RRR 1.5in;24,6;1015;46;'26.07.2023 16:12:55.600;;
121;523,757;-2660,358;-330,276;0,000;0,000;0,000;0,000;RRR 1.5in;24,6;1015;46;'26.07.2023 16:12:55.610;;
122;523,757;-2660,358;-330,277;0,000;0,000;0,000;0,000;RRR 1.5in;24,6;1015;46;'26.07.2023 16:12:55.620;;
123;523,758;-2660,357;-330,275;0,000;0,000;0,000;0,000;RRR 1.5in;24,6;1015;46;'26.07.2023 16:12:55.630;;
124;523,758;-2660,358;-330,275;0,000;0,000;0,000;0,000;RRR 1.5in;24,6;1015;46;'26.07.2023 16:12:55.640;;
125;523,759;-2660,358;-330,275;0,000;0,000;0,000;0,000;RRR 1.5in;24,6;1015;46;'26.07.2023 16:12:55.650;;
126;523,760;-2660,358;-330,274;0,000;0,000;0,000;0,000;RRR 1.5in;24,6;1015;46;'26.07.2023 16:12:55.660;;
127;523,760;-2660,358;-330,274;0,000;0,000;0,000;0,000;RRR 1.5in;24,6;1015;46;'26.07.2023 16:12:55.670;;
128;523,760;-2660,357;-330,274;0,000;0,000;0,000;0,000;RRR 1.5in;24,6;1015;46;'26.07.2023 16:12:55.680;;
129;523,761;-2660,357;-330,273;0,000;0,000;0,000;0,000;RRR 1.5in;24,6;1015;46;'26.07.2023 16:12:55.690;;
130;523,760;-2660,357;-330,274;0,000;0,000;0,000;0,000;RRR 1.5in;24,6;1015;46;'26.07.2023 16:12:55.700;;
131;523,759;-2660,357;-330,274;0,000;0,000;0,000;0,000;RRR 1.5in;24,6;1015;46;'26.07.2023 16:12:55.710;;
132;523,760;-2660,357;-330,276;0,000;0,000;0,000;0,000;RRR 1.5in;24,6;1015;46;'26.07.2023 16:12:55.720;;
133;523,759;-2660,358;-330,275;0,000;0,000;0,000;0,000;RRR 1.5in;24,6;1015;46;'26.07.2023 16:12:55.730;;
134;523,761;-2660,357;-330,275;0,000;0,000;0,000;0,000;RRR 1.5in;24,6;1015;46;'26.07.2023 16:12:55.740;;
135;523,761;-2660,357;-330,276;0,000;0,000;0,000;0,000;RRR 1.5in;24,6;1015;46;'26.07.2023 16:12:55.750;;
136;523,760;-2660,357;-330,275;0,000;0,000;0,000;0,000;RRR 1.5in;24,6;1015;46;'26.07.2023 16:12:55.760;;
137;523,760;-2660,357;-330,276;0,000;0,000;0,000;0,000;RRR 1.5in;24,6;1015;46;'26.07.2023 16:12:55.770;;
138;523,759;-2660,357;-330,276;0,000;0,000;0,000;0,000;RRR 1.5in;24,6;1015;46;'26.07.2023 16:12:55.780;;
139;523,760;-2660,357;-330,276;0,000;0,000;0,000;0,000;RRR 1.5in;24,6;1015;46;'26.07.2023 16:12:55.790;;
140;523,760;-2660,357;-330,277;0,000;0,000;0,000;0,000;RRR 1.5in;24,6;1015;46;'26.07.2023 16:12:55.800;;
141;523,760;-2660,357;-330,276;0,000;0,000;0,000;0,000;RRR 1.5in;24,6;1015;46;'26.07.2023 16:12:55.810;;
142;523,759;-2660,357;-330,277;0,000;0,000;0,000;0,000;RRR 1.5in;24,6;1015;46;'26.07.2023 16:12:55.820;;
143;523,760;-2660,357;-330,276;0,000;0,000;0,000;0,000;RRR 1.5in;24,6;1015;46;'26.07.2023 16:12:55.830;;
144;523,761;-2660,357;-330,276;0,000;0,000;0,000;0,000;RRR 1.5in;24,6;1015;46;'26.07.2023 16:12:55.840;;
145;523,761;-2660,357;-330,277;0,000;0,000;0,000;0,000;RRR 1.5in;24,6;1015;46;'26.07.2023 16:12:55.850;;
146;523,760;-2660,357;-330,277;0,000;0,000;0,000;0,000;RRR 1.5in;24,6;1015;46;'26.07.2023 16:12:55.860;;
147;523,760;-2660,357;-330,276;0,000;0,000;0,000;0,000;RRR 1.5in;24,6;1015;46;'26.07.2023 16:12:55.870;;
148;523,760;-2660,357;-330,278;0,000;0,000;0,000;0,000;RRR 1.5in;24,6;1015;46;'26.07.2023 16:12:55.880;;
149;523,760;-2660,357;-330,278;0,000;0,000;0,000;0,000;RRR 1.5in;24,6;1015;46;'26.07.2023 16:12:55.890;;
150;523,760;-2660,357;-330,277;0,000;0,000;0,000;0,000;RRR 1.5in;24,6;1015;46;'26.07.2023 16:12:55.900;;
151;523,760;-2660,357;-330,279;0,000;0,000;0,000;0,000;RRR 1.5in;24,6;1015;46;'26.07.2023 16:12:55.910;;
152;523,760;-2660,357;-330,279;0,000;0,000;0,000;0,000;RRR 1.5in;24,6;1015;46;'26.07.2023 16:12:55.920;;
153;523,760;-2660,357;-330,280;0,000;0,000;0,000;0,000;RRR 1.5in;24,6;1015;46;'26.07.2023 16:12:55.930;;
154;523,759;-2660,357;-330,280;0,000;0,000;0,000;0,000;RRR 1.5in;24,6;1015;46;'26.07.2023 16:12:55.940;;
155;523,761;-2660,357;-330,280;0,000;0,000;0,000;0,000;RRR 1.5in;24,6;1015;46;'26.07.2023 16:12:55.950;;
156;523,761;-2660,357;-330,280;0,000;0,000;0,000;0,000;RRR 1.5in;24,6;1015;46;'26.07.2023 16:12:55.960;;
157;523,761;-2660,356;-330,282;0,000;0,000;0,000;0,000;RRR 1.5in;24,6;1015;46;'26.07.2023 16:12:55.970;;
158;523,761;-2660,356;-330,283;0,000;0,000;0,000;0,000;RRR 1.5in;24,6;1015;46;'26.07.2023 16:12:55.980;;
159;523,762;-2660,356;-330,283;0,000;0,000;0,000;0,000;RRR 1.5in;24,6;1015;46;'26.07.2023 16:12:55.990;;
160;523,761;-2660,356;-330,283;0,000;0,000;0,000;0,000;RRR 1.5in;24,6;1015;46;'26.07.2023 16:12:56.000;;
161;523,762;-2660,355;-330,283;0,000;0,000;0,000;0,000;RRR 1.5in;24,6;1015;46;'26.07.2023 16:12:56.010;;
162;523,762;-2660,355;-330,284;0,000;0,000;0,000;0,000;RRR 1.5in;24,6;1015;46;'26.07.2023 16:12:56.020;;
163;523,762;-2660,356;-330,284;0,000;0,000;0,000;0,000;RRR 1.5in;24,6;1015;46;'26.07.2023 16:12:56.030;;
164;523,761;-2660,356;-330,284;0,000;0,000;0,000;0,000;RRR 1.5in;24,6;1015;46;'26.07.2023 16:12:56.040;;
165;523,761;-2660,356;-330,283;0,000;0,000;0,000;0,000;RRR 1.5in;24,6;1015;46;'26.07.2023 16:12:56.050;;
166;523,761;-2660,356;-330,285;0,000;0,000;0,000;0,000;RRR 1.5in;24,6;1015;46;'26.07.2023 16:12:56.060;;
167;523,761;-2660,356;-330,286;0,000;0,000;0,000;0,000;RRR 1.5in;24,6;1015;46;'26.07.2023 16:12:56.070;;
168;523,761;-2660,356;-330,285;0,000;0,000;0,000;0,000;RRR 1.5in;24,6;1015;46;'26.07.2023 16:12:56.080;;
169;523,761;-2660,356;-330,284;0,000;0,000;0,000;0,000;RRR 1.5in;24,6;1015;46;'26.07.2023 16:12:56.090;;
170;523,760;-2660,356;-330,285;0,000;0,000;0,000;0,000;RRR 1.5in;24,6;1015;46;'26.07.2023 16:12:56.100;;
171;523,761;-2660,356;-330,284;0,000;0,000;0,000;0,000;RRR 1.5in;24,6;1015;46;'26.07.2023 16:12:56.110;;
172;523,760;-2660,356;-330,285;0,000;0,000;0,000;0,000;RRR 1.5in;24,6;1015;46;'26.07.2023 16:12:56.120;;
173;523,760;-2660,356;-330,284;0,000;0,000;0,000;0,000;RRR 1.5in;24,6;1015;46;'26.07.2023 16:12:56.130;;
174;523,761;-2660,356;-330,284;0,000;0,000;0,000;0,000;RRR 1.5in;24,6;1015;46;'26.07.2023 16:12:56.140;;
175;523,761;-2660,356;-330,284;0,000;0,000;0,000;0,000;RRR 1.5in;24,6;1015;46;'26.07.2023 16:12:56.150;;
176;523,760;-2660,356;-330,282;0,000;0,000;0,000;0,000;RRR 1.5in;24,6;1015;46;'26.07.2023 16:12:56.160;;
177;523,759;-2660,356;-330,283;0,000;0,000;0,000;0,000;RRR 1.5in;24,6;1015;46;'26.07.2023 16:12:56.170;;
178;523,759;-2660,357;-330,283;0,000;0,000;0,000;0,000;RRR 1.5in;24,6;1015;46;'26.07.2023 16:12:56.180;;
179;523,759;-2660,357;-330,282;0,000;0,000;0,000;0,000;RRR 1.5in;24,6;1015;46;'26.07.2023 16:12:56.190;;
180;523,759;-2660,357;-330,283;0,000;0,000;0,000;0,000;RRR 1.5in;24,6;1015;46;'26.07.2023 16:12:56.200;;
181;523,758;-2660,357;-330,281;0,000;0,000;0,000;0,000;RRR 1.5in;24,6;1015;46;'26.07.2023 16:12:56.210;;
182;523,758;-2660,357;-330,282;0,000;0,000;0,000;0,000;RRR 1.5in;24,6;1015;46;'26.07.2023 16:12:56.220;;
183;523,758;-2660,357;-330,281;0,000;0,000;0,000;0,000;RRR 1.5in;24,6;1015;46;'26.07.2023 16:12:56.230;;
184;523,757;-2660,357;-330,281;0,000;0,000;0,000;0,000;RRR 1.5in;24,6;1015;46;'26.07.2023 16:12:56.240;;
185;523,758;-2660,357;-330,281;0,000;0,000;0,000;0,000;RRR 1.5in;24,6;1015;46;'26.07.2023 16:12:56.250;;
186;523,757;-2660,357;-330,281;0,000;0,000;0,000;0,000;RRR 1.5in;24,6;1015;46;'26.07.2023 16:12:56.260;;
187;523,757;-2660,357;-330,280;0,000;0,000;0,000;0,000;RRR 1.5in;24,6;1015;46;'26.07.2023 16:12:56.270;;
188;523,758;-2660,357;-330,282;0,000;0,000;0,000;0,000;RRR 1.5in;24,6;1015;46;'26.07.2023 16:12:56.280;;
189;523,757;-2660,357;-330,281;0,000;0,000;0,000;0,000;RRR 1.5in;24,6;1015;46;'26.07.2023 16:12:56.290;;
190;523,758;-2660,357;-330,281;0,000;0,000;0,000;0,000;RRR 1.5in;24,6;1015;46;'26.07.2023 16:12:56.300;;
191;523,758;-2660,357;-330,282;0,000;0,000;0,000;0,000;RRR 1.5in;24,6;1015;46;'26.07.2023 16:12:56.310;;
192;523,759;-2660,357;-330,282;0,000;0,000;0,000;0,000;RRR 1.5in;24,6;1015;46;'26.07.2023 16:12:56.320;;
193;523,759;-2660,357;-330,282;0,000;0,000;0,000;0,000;RRR 1.5in;24,6;1015;46;'26.07.2023 16:12:56.330;;
194;523,759;-2660,357;-330,282;0,000;0,000;0,000;0,000;RRR 1.5in;24,6;1015;46;'26.07.2023 16:12:56.340;;
195;523,758;-2660,357;-330,284;0,000;0,000;0,000;0,000;RRR 1.5in;24,6;1015;46;'26.07.2023 16:12:56.350;;
196;523,753;-2660,356;-330,287;0,000;0,000;0,000;0,000;RRR 1.5in;24,6;1015;46;'26.07.2023 16:12:56.360;;
197;523,739;-2660,347;-330,300;0,000;0,000;0,000;0,000;RRR 1.5in;24,6;1015;46;'26.07.2023 16:12:56.370;;
198;523,700;-2660,317;-330,320;0,000;0,000;0,000;0,000;RRR 1.5in;24,6;1015;46;'26.07.2023 16:12:56.380;;
199;523,641;-2660,258;-330,348;0,000;0,000;0,000;0,000;RRR 1.5in;24,6;1015;46;'26.07.2023 16:12:56.390;;
200;523,564;-2660,171;-330,382;0,000;0,000;0,000;0,000;RRR 1.5in;24,6;1015;46;'26.07.2023 16:12:56.400;;
201;523,463;-2660,067;-330,416;0,000;0,000;0,000;0,000;RRR 1.5in;24,6;1015;46;'26.07.2023 16:12:56.410;;
202;523,351;-2659,953;-330,437;0,000;0,000;0,000;0,000;RRR 1.5in;24,6;1015;46;'26.07.2023 16:12:56.420;;
203;523,221;-2659,845;-330,439;0,000;0,000;0,000;0,000;RRR 1.5in;24,6;1015;46;'26.07.2023 16:12:56.430;;
204;523,055;-2659,770;-330,427;0,000;0,000;0,000;0,000;RRR 1.5in;24,6;1015;46;'26.07.2023 16:12:56.440;;
205;522,864;-2659,750;-330,415;0,000;0,000;0,000;0,000;RRR 1.5in;24,6;1015;46;'26.07.2023 16:12:56.450;;
206;522,644;-2659,766;-330,406;0,000;0,000;0,000;0,000;RRR 1.5in;24,6;1015;46;'26.07.2023 16:12:56.460;;
207;522,391;-2659,784;-330,396;0,000;0,000;0,000;0,000;RRR 1.5in;24,6;1015;46;'26.07.2023 16:12:56.470;;
208;522,102;-2659,792;-330,389;0,000;0,000;0,000;0,000;RRR 1.5in;24,6;1015;46;'26.07.2023 16:12:56.480;;
209;521,766;-2659,796;-330,400;0,000;0,000;0,000;0,000;RRR 1.5in;24,6;1015;46;'26.07.2023 16:12:56.490;;
210;521,378;-2659,788;-330,418;0,000;0,000;0,000;0,000;RRR 1.5in;24,6;1015;46;'26.07.2023 16:12:56.500;;
211;520,963;-2659,759;-330,427;0,000;0,000;0,000;0,000;RRR 1.5in;24,6;1015;46;'26.07.2023 16:12:56.510;;
212;520,525;-2659,723;-330,423;0,000;0,000;0,000;0,000;RRR 1.5in;24,6;1015;46;'26.07.2023 16:12:56.520;;
213;520,074;-2659,704;-330,421;0,000;0,000;0,000;0,000;RRR 1.5in;24,6;1015;46;'26.07.2023 16:12:56.530;;
214;519,585;-2659,684;-330,412;0,000;0,000;0,000;0,000;RRR 1.5in;24,6;1015;46;'26.07.2023 16:12:56.540;;
215;519,091;-2659,646;-330,384;0,000;0,000;0,000;0,000;RRR 1.5in;24,6;1015;46;'26.07.2023 16:12:56.550;;
216;518,557;-2659,610;-330,367;0,000;0,000;0,000;0,000;RRR 1.5in;24,6;1015;46;'26.07.2023 16:12:56.560;;
217;517,955;-2659,576;-330,360;0,000;0,000;0,000;0,000;RRR 1.5in;24,6;1015;46;'26.07.2023 16:12:56.570;;
218;517,317;-2659,527;-330,337;0,000;0,000;0,000;0,000;RRR 1.5in;24,6;1015;46;'26.07.2023 16:12:56.580;;
219;516,627;-2659,486;-330,316;0,000;0,000;0,000;0,000;RRR 1.5in;24,6;1015;46;'26.07.2023 16:12:56.590;;
220;515,893;-2659,489;-330,318;0,000;0,000;0,000;0,000;RRR 1.5in;24,6;1015;46;'26.07.2023 16:12:56.600;;
221;515,114;-2659,505;-330,329;0,000;0,000;0,000;0,000;RRR 1.5in;24,6;1015;46;'26.07.2023 16:12:56.610;;
222;514,298;-2659,498;-330,332;0,000;0,000;0,000;0,000;RRR 1.5in;24,6;1015;46;'26.07.2023 16:12:56.620;;
223;513,461;-2659,475;-330,327;0,000;0,000;0,000;0,000;RRR 1.5in;24,6;1015;46;'26.07.2023 16:12:56.630;;
224;512,583;-2659,460;-330,343;0,000;0,000;0,000;0,000;RRR 1.5in;24,6;1015;46;'26.07.2023 16:12:56.640;;
225;511,658;-2659,421;-330,349;0,000;0,000;0,000;0,000;RRR 1.5in;24,6;1015;46;'26.07.2023 16:12:56.650;;
226;510,719;-2659,339;-330,333;0,000;0,000;0,000;0,000;RRR 1.5in;24,6;1015;46;'26.07.2023 16:12:56.660;;
227;509,754;-2659,246;-330,314;0,000;0,000;0,000;0,000;RRR 1.5in;24,6;1015;46;'26.07.2023 16:12:56.670;;
228;508,805;-2659,183;-330,304;0,000;0,000;0,000;0,000;RRR 1.5in;24,6;1015;46;'26.07.2023 16:12:56.680;;
229;507,826;-2659,131;-330,298;0,000;0,000;0,000;0,000;RRR 1.5in;24,6;1015;46;'26.07.2023 16:12:56.690;;
230;506,823;-2659,061;-330,281;0,000;0,000;0,000;0,000;RRR 1.5in;24,6;1015;46;'26.07.2023 16:12:56.700;;
231;505,767;-2658,972;-330,261;0,000;0,000;0,000;0,000;RRR 1.5in;24,6;1015;46;'26.07.2023 16:12:56.710;;
232;504,676;-2658,907;-330,258;0,000;0,000;0,000;0,000;RRR 1.5in;24,6;1015;46;'26.07.2023 16:12:56.720;;
233;503,584;-2658,873;-330,274;0,000;0,000;0,000;0,000;RRR 1.5in;24,6;1015;46;'26.07.2023 16:12:56.730;;
234;502,462;-2658,838;-330,289;0,000;0,000;0,000;0,000;RRR 1.5in;24,6;1015;46;'26.07.2023 16:12:56.740;;
235;501,296;-2658,782;-330,289;0,000;0,000;0,000;0,000;RRR 1.5in;24,6;1015;46;'26.07.2023 16:12:56.750;;
236;500,125;-2658,716;-330,284;0,000;0,000;0,000;0,000;RRR 1.5in;24,6;1015;46;'26.07.2023 16:12:56.760;;
237;498,985;-2658,674;-330,294;0,000;0,000;0,000;0,000;RRR 1.5in;24,6;1015;46;'26.07.2023 16:12:56.770;;
238;497,825;-2658,638;-330,307;0,000;0,000;0,000;0,000;RRR 1.5in;24,6;1015;46;'26.07.2023 16:12:56.780;;
239;496,685;-2658,562;-330,299;0,000;0,000;0,000;0,000;RRR 1.5in;24,6;1015;46;'26.07.2023 16:12:56.790;;
240;495,539;-2658,451;-330,275;0,000;0,000;0,000;0,000;RRR 1.5in;24,6;1015;46;'26.07.2023 16:12:56.800;;
241;494,408;-2658,357;-330,257;0,000;0,000;0,000;0,000;RRR 1.5in;24,6;1015;46;'26.07.2023 16:12:56.810;;
242;493,287;-2658,295;-330,255;0,000;0,000;0,000;0,000;RRR 1.5in;24,6;1015;46;'26.07.2023 16:12:56.820;;
243;492,150;-2658,228;-330,249;0,000;0,000;0,000;0,000;RRR 1.5in;24,6;1015;46;'26.07.2023 16:12:56.830;;
244;491,002;-2658,140;-330,234;0,000;0,000;0,000;0,000;RRR 1.5in;24,6;1015;46;'26.07.2023 16:12:56.840;;
245;489,852;-2658,056;-330,220;0,000;0,000;0,000;0,000;RRR 1.5in;24,6;1015;46;'26.07.2023 16:12:56.850;;
246;488,718;-2658,016;-330,223;0,000;0,000;0,000;0,000;RRR 1.5in;24,6;1015;46;'26.07.2023 16:12:56.860;;
247;487,555;-2658,002;-330,243;0,000;0,000;0,000;0,000;RRR 1.5in;24,6;1015;46;'26.07.2023 16:12:56.870;;
248;486,388;-2657,965;-330,252;0,000;0,000;0,000;0,000;RRR 1.5in;24,6;1015;46;'26.07.2023 16:12:56.880;;
249;485,226;-2657,890;-330,240;0,000;0,000;0,000;0,000;RRR 1.5in;24,6;1015;46;'26.07.2023 16:12:56.890;;
250;484,079;-2657,830;-330,236;0,000;0,000;0,000;0,000;RRR 1.5in;24,6;1015;46;'26.07.2023 16:12:56.900;;
251;482,936;-2657,801;-330,255;0,000;0,000;0,000;0,000;RRR 1.5in;24,6;1015;46;'26.07.2023 16:12:56.910;;
252;481,778;-2657,738;-330,255;0,000;0,000;0,000;0,000;RRR 1.5in;24,6;1015;46;'26.07.2023 16:12:56.920;;
253;480,646;-2657,623;-330,217;0,000;0,000;0,000;0,000;RRR 1.5in;24,6;1015;46;'26.07.2023 16:12:56.930;;
254;479,534;-2657,530;-330,194;0,000;0,000;0,000;0,000;RRR 1.5in;24,6;1015;46;'26.07.2023 16:12:56.940;;
255;478,431;-2657,492;-330,206;0,000;0,000;0,000;0,000;RRR 1.5in;24,6;1015;46;'26.07.2023 16:12:56.950;;
256;477,297;-2657,435;-330,211;0,000;0,000;0,000;0,000;RRR 1.5in;24,6;1015;46;'26.07.2023 16:12:56.960;;
257;476,156;-2657,331;-330,191;0,000;0,000;0,000;0,000;RRR 1.5in;24,6;1015;46;'26.07.2023 16:12:56.970;;
258;475,007;-2657,240;-330,178;0,000;0,000;0,000;0,000;RRR 1.5in;24,6;1015;46;'26.07.2023 16:12:56.980;;
259;473,868;-2657,209;-330,199;0,000;0,000;0,000;0,000;RRR 1.5in;24,6;1015;46;'26.07.2023 16:12:56.990;;
260;472,714;-2657,194;-330,223;0,000;0,000;0,000;0,000;RRR 1.5in;24,6;1015;46;'26.07.2023 16:12:57.000;;
261;471,542;-2657,132;-330,220;0,000;0,000;0,000;0,000;RRR 1.5in;24,6;1015;46;'26.07.2023 16:12:57.010;;
262;470,368;-2657,055;-330,209;0,000;0,000;0,000;0,000;RRR 1.5in;24,6;1015;46;'26.07.2023 16:12:57.020;;
263;469,212;-2657,007;-330,214;0,000;0,000;0,000;0,000;RRR 1.5in;24,6;1015;46;'26.07.2023 16:12:57.030;;
264;468,082;-2656,979;-330,230;0,000;0,000;0,000;0,000;RRR 1.5in;24,6;1015;46;'26.07.2023 16:12:57.040;;
265;466,938;-2656,905;-330,228;0,000;0,000;0,000;0,000;RRR 1.5in;24,6;1015;46;'26.07.2023 16:12:57.050;;
266;465,801;-2656,784;-330,201;0,000;0,000;0,000;0,000;RRR 1.5in;24,6;1015;46;'26.07.2023 16:12:57.060;;
267;464,682;-2656,681;-330,184;0,000;0,000;0,000;0,000;RRR 1.5in;24,6;1015;46;'26.07.2023 16:12:57.070;;
268;463,569;-2656,635;-330,197;0,000;0,000;0,000;0,000;RRR 1.5in;24,6;1015;46;'26.07.2023 16:12:57.080;;
269;462,443;-2656,589;-330,210;0,000;0,000;0,000;0,000;RRR 1.5in;24,6;1015;46;'26.07.2023 16:12:57.090;;
270;461,288;-2656,501;-330,197;0,000;0,000;0,000;0,000;RRR 1.5in;24,6;1015;46;'26.07.2023 16:12:57.100;;
271;460,138;-2656,416;-330,188;0,000;0,000;0,000;0,000;RRR 1.5in;24,6;1015;46;'26.07.2023 16:12:57.110;;
272;458,997;-2656,375;-330,207;0,000;0,000;0,000;0,000;RRR 1.5in;24,6;1015;46;'26.07.2023 16:12:57.120;;
273;457,845;-2656,341;-330,229;0,000;0,000;0,000;0,000;RRR 1.5in;24,6;1015;46;'26.07.2023 16:12:57.130;;
274;456,673;-2656,271;-330,226;0,000;0,000;0,000;0,000;RRR 1.5in;24,6;1015;46;'26.07.2023 16:12:57.140;;
275;455,499;-2656,187;-330,214;0,000;0,000;0,000;0,000;RRR 1.5in;24,6;1015;46;'26.07.2023 16:12:57.150;;
276;454,360;-2656,138;-330,216;0,000;0,000;0,000;0,000;RRR 1.5in;24,6;1015;46;'26.07.2023 16:12:57.160;;
277;453,231;-2656,110;-330,232;0,000;0,000;0,000;0,000;RRR 1.5in;24,6;1015;46;'26.07.2023 16:12:57.170;;
278;452,095;-2656,040;-330,224;0,000;0,000;0,000;0,000;RRR 1.5in;24,6;1015;46;'26.07.2023 16:12:57.180;;
279;450,944;-2655,930;-330,193;0,000;0,000;0,000;0,000;RRR 1.5in;24,6;1015;46;'26.07.2023 16:12:57.190;;
280;449,807;-2655,849;-330,184;0,000;0,000;0,000;0,000;RRR 1.5in;24,6;1015;46;'26.07.2023 16:12:57.200;;
281;448,701;-2655,811;-330,201;0,000;0,000;0,000;0,000;RRR 1.5in;24,6;1015;46;'26.07.2023 16:12:57.210;;
282;447,574;-2655,759;-330,211;0,000;0,000;0,000;0,000;RRR 1.5in;24,6;1015;46;'26.07.2023 16:12:57.220;;
283;446,435;-2655,674;-330,201;0,000;0,000;0,000;0,000;RRR 1.5in;24,6;1015;46;'26.07.2023 16:12:57.230;;
284;445,282;-2655,592;-330,190;0,000;0,000;0,000;0,000;RRR 1.5in;24,6;1015;46;'26.07.2023 16:12:57.240;;
285;444,132;-2655,552;-330,203;0,000;0,000;0,000;0,000;RRR 1.5in;24,6;1015;46;'26.07.2023 16:12:57.250;;
286;442,978;-2655,521;-330,229;0,000;0,000;0,000;0,000;RRR 1.5in;24,6;1015;46;'26.07.2023 16:12:57.260;;
287;441,810;-2655,452;-330,228;0,000;0,000;0,000;0,000;RRR 1.5in;24,6;1015;46;'26.07.2023 16:12:57.270;;
288;440,637;-2655,365;-330,212;0,000;0,000;0,000;0,000;RRR 1.5in;24,6;1015;46;'26.07.2023 16:12:57.280;;
289;439,490;-2655,301;-330,207;0,000;0,000;0,000;0,000;RRR 1.5in;24,6;1015;46;'26.07.2023 16:12:57.290;;
290;438,367;-2655,265;-330,217;0,000;0,000;0,000;0,000;RRR 1.5in;24,6;1015;46;'26.07.2023 16:12:57.300;;
291;437,234;-2655,206;-330,220;0,000;0,000;0,000;0,000;RRR 1.5in;24,6;1015;46;'26.07.2023 16:12:57.310;;
292;436,090;-2655,117;-330,208;0,000;0,000;0,000;0,000;RRR 1.5in;24,6;1015;46;'26.07.2023 16:12:57.320;;
293;434,953;-2655,025;-330,198;0,000;0,000;0,000;0,000;RRR 1.5in;24,6;1015;46;'26.07.2023 16:12:57.330;;
294;433,824;-2654,955;-330,203;0,000;0,000;0,000;0,000;RRR 1.5in;24,6;1015;46;'26.07.2023 16:12:57.340;;
295;432,693;-2654,907;-330,214;0,000;0,000;0,000;0,000;RRR 1.5in;24,6;1015;46;'26.07.2023 16:12:57.350;;
296;431,533;-2654,855;-330,218;0,000;0,000;0,000;0,000;RRR 1.5in;24,6;1015;46;'26.07.2023 16:12:57.360;;
297;430,379;-2654,784;-330,211;0,000;0,000;0,000;0,000;RRR 1.5in;24,6;1015;46;'26.07.2023 16:12:57.370;;
298;429,234;-2654,723;-330,212;0,000;0,000;0,000;0,000;RRR 1.5in;24,6;1015;46;'26.07.2023 16:12:57.380;;
299;428,078;-2654,678;-330,227;0,000;0,000;0,000;0,000;RRR 1.5in;24,6;1015;46;'26.07.2023 16:12:57.390;;
300;426,916;-2654,616;-330,234;0,000;0,000;0,000;0,000;RRR 1.5in;24,6;1015;46;'26.07.2023 16:12:57.400;;
301;425,748;-2654,533;-330,227;0,000;0,000;0,000;0,000;RRR 1.5in;24,6;1015;46;'26.07.2023 16:12:57.410;;
302;424,610;-2654,454;-330,218;0,000;0,000;0,000;0,000;RRR 1.5in;24,6;1015;46;'26.07.2023 16:12:57.420;;
303;423,493;-2654,397;-330,221;0,000;0,000;0,000;0,000;RRR 1.5in;24,6;1015;46;'26.07.2023 16:12:57.430;;
304;422,363;-2654,357;-330,236;0,000;0,000;0,000;0,000;RRR 1.5in;24,6;1015;46;'26.07.2023 16:12:57.440;;
305;421,222;-2654,294;-330,237;0,000;0,000;0,000;0,000;RRR 1.5in;24,6;1015;46;'26.07.2023 16:12:57.450;;
306;420,087;-2654,209;-330,222;0,000;0,000;0,000;0,000;RRR 1.5in;24,6;1015;46;'26.07.2023 16:12:57.460;;
307;418,962;-2654,137;-330,222;0,000;0,000;0,000;0,000;RRR 1.5in;24,6;1015;46;'26.07.2023 16:12:57.470;;
308;417,819;-2654,079;-330,238;0,000;0,000;0,000;0,000;RRR 1.5in;24,6;1015;46;'26.07.2023 16:12:57.480;;
309;416,657;-2654,010;-330,245;0,000;0,000;0,000;0,000;RRR 1.5in;24,6;1015;46;'26.07.2023 16:12:57.490;;
310;415,492;-2653,933;-330,237;0,000;0,000;0,000;0,000;RRR 1.5in;24,6;1015;46;'26.07.2023 16:12:57.500;;
311;414,336;-2653,881;-330,238;0,000;0,000;0,000;0,000;RRR 1.5in;24,6;1015;46;'26.07.2023 16:12:57.510;;
312;413,206;-2653,847;-330,248;0,000;0,000;0,000;0,000;RRR 1.5in;24,6;1015;46;'26.07.2023 16:12:57.520;;
313;412,071;-2653,805;-330,255;0,000;0,000;0,000;0,000;RRR 1.5in;24,6;1015;46;'26.07.2023 16:12:57.530;;
314;410,904;-2653,743;-330,254;0,000;0,000;0,000;0,000;RRR 1.5in;24,6;1015;46;'26.07.2023 16:12:57.540;;
315;409,759;-2653,660;-330,246;0,000;0,000;0,000;0,000;RRR 1.5in;24,6;1015;46;'26.07.2023 16:12:57.550;;
316;408,634;-2653,571;-330,236;0,000;0,000;0,000;0,000;RRR 1.5in;24,6;1015;46;'26.07.2023 16:12:57.560;;
317;407,505;-2653,504;-330,239;0,000;0,000;0,000;0,000;RRR 1.5in;24,6;1015;46;'26.07.2023 16:12:57.570;;
318;406,356;-2653,439;-330,243;0,000;0,000;0,000;0,000;RRR 1.5in;24,6;1015;46;'26.07.2023 16:12:57.580;;
319;405,209;-2653,363;-330,234;0,000;0,000;0,000;0,000;RRR 1.5in;24,6;1015;46;'26.07.2023 16:12:57.590;;
320;404,067;-2653,292;-330,226;0,000;0,000;0,000;0,000;RRR 1.5in;24,6;1015;46;'26.07.2023 16:12:57.600;;
321;402,932;-2653,237;-330,229;0,000;0,000;0,000;0,000;RRR 1.5in;24,6;1015;46;'26.07.2023 16:12:57.610;;
322;401,791;-2653,188;-330,239;0,000;0,000;0,000;0,000;RRR 1.5in;24,6;1015;46;'26.07.2023 16:12:57.620;;
323;400,627;-2653,132;-330,248;0,000;0,000;0,000;0,000;RRR 1.5in;24,6;1015;46;'26.07.2023 16:12:57.630;;
324;399,476;-2653,058;-330,243;0,000;0,000;0,000;0,000;RRR 1.5in;24,6;1015;46;'26.07.2023 16:12:57.640;;
325;398,337;-2652,983;-330,235;0,000;0,000;0,000;0,000;RRR 1.5in;24,6;1015;46;'26.07.2023 16:12:57.650;;
326;397,198;-2652,926;-330,238;0,000;0,000;0,000;0,000;RRR 1.5in;24,6;1015;46;'26.07.2023 16:12:57.660;;
327;396,054;-2652,877;-330,244;0,000;0,000;0,000;0,000;RRR 1.5in;24,6;1015;46;'26.07.2023 16:12:57.670;;
328;394,902;-2652,811;-330,239;0,000;0,000;0,000;0,000;RRR 1.5in;24,6;1015;46;'26.07.2023 16:12:57.680;;
329;393,750;-2652,733;-330,226;0,000;0,000;0,000;0,000;RRR 1.5in;24,6;1015;46;'26.07.2023 16:12:57.690;;
330;392,599;-2652,656;-330,220;0,000;0,000;0,000;0,000;RRR 1.5in;24,6;1015;46;'26.07.2023 16:12:57.700;;
331;391,468;-2652,585;-330,220;0,000;0,000;0,000;0,000;RRR 1.5in;24,6;1015;46;'26.07.2023 16:12:57.710;;
332;390,334;-2652,529;-330,227;0,000;0,000;0,000;0,000;RRR 1.5in;24,6;1015;46;'26.07.2023 16:12:57.720;;
333;389,177;-2652,468;-330,226;0,000;0,000;0,000;0,000;RRR 1.5in;24,6;1015;46;'26.07.2023 16:12:57.730;;
334;388,037;-2652,394;-330,219;0,000;0,000;0,000;0,000;RRR 1.5in;24,6;1015;46;'26.07.2023 16:12:57.740;;
335;386,897;-2652,329;-330,222;0,000;0,000;0,000;0,000;RRR 1.5in;24,6;1015;46;'26.07.2023 16:12:57.750;;
336;385,749;-2652,277;-330,232;0,000;0,000;0,000;0,000;RRR 1.5in;24,6;1015;46;'26.07.2023 16:12:57.760;;
337;384,600;-2652,217;-330,234;0,000;0,000;0,000;0,000;RRR 1.5in;24,6;1015;46;'26.07.2023 16:12:57.770;;
338;383,463;-2652,147;-330,227;0,000;0,000;0,000;0,000;RRR 1.5in;24,6;1015;46;'26.07.2023 16:12:57.780;;
339;382,320;-2652,080;-330,216;0,000;0,000;0,000;0,000;RRR 1.5in;24,6;1015;46;'26.07.2023 16:12:57.790;;
340;381,189;-2652,022;-330,217;0,000;0,000;0,000;0,000;RRR 1.5in;24,6;1015;46;'26.07.2023 16:12:57.800;;
341;380,052;-2651,956;-330,216;0,000;0,000;0,000;0,000;RRR 1.5in;24,6;1015;46;'26.07.2023 16:12:57.810;;
342;378,907;-2651,886;-330,216;0,000;0,000;0,000;0,000;RRR 1.5in;24,6;1015;46;'26.07.2023 16:12:57.820;;
343;377,755;-2651,812;-330,213;0,000;0,000;0,000;0,000;RRR 1.5in;24,6;1015;46;'26.07.2023 16:12:57.830;;
344;376,604;-2651,740;-330,213;0,000;0,000;0,000;0,000;RRR 1.5in;24,6;1015;46;'26.07.2023 16:12:57.840;;
345;375,453;-2651,682;-330,220;0,000;0,000;0,000;0,000;RRR 1.5in;24,6;1015;46;'26.07.2023 16:12:57.850;;
346;374,312;-2651,630;-330,231;0,000;0,000;0,000;0,000;RRR 1.5in;24,6;1015;46;'26.07.2023 16:12:57.860;;
347;373,172;-2651,575;-330,234;0,000;0,000;0,000;0,000;RRR 1.5in;24,6;1015;46;'26.07.2023 16:12:57.870;;
348;372,032;-2651,505;-330,231;0,000;0,000;0,000;0,000;RRR 1.5in;24,6;1015;46;'26.07.2023 16:12:57.880;;
349;370,882;-2651,430;-330,228;0,000;0,000;0,000;0,000;RRR 1.5in;24,6;1015;46;'26.07.2023 16:12:57.890;;
350;369,742;-2651,367;-330,235;0,000;0,000;0,000;0,000;RRR 1.5in;24,6;1015;46;'26.07.2023 16:12:57.900;;
351;368,612;-2651,308;-330,239;0,000;0,000;0,000;0,000;RRR 1.5in;24,6;1015;46;'26.07.2023 16:12:57.910;;
352;367,462;-2651,239;-330,235;0,000;0,000;0,000;0,000;RRR 1.5in;24,6;1015;46;'26.07.2023 16:12:57.920;;
353;366,316;-2651,151;-330,221;0,000;0,000;0,000;0,000;RRR 1.5in;24,6;1015;46;'26.07.2023 16:12:57.930;;
354;365,179;-2651,074;-330,216;0,000;0,000;0,000;0,000;RRR 1.5in;24,6;1015;46;'26.07.2023 16:12:57.940;;
355;364,033;-2651,026;-330,234;0,000;0,000;0,000;0,000;RRR 1.5in;24,6;1015;46;'26.07.2023 16:12:57.950;;
356;362,892;-2650,968;-330,247;0,000;0,000;0,000;0,000;RRR 1.5in;24,6;1015;46;'26.07.2023 16:12:57.960;;
357;361,742;-2650,889;-330,250;0,000;0,000;0,000;0,000;RRR 1.5in;24,6;1015;46;'26.07.2023 16:12:57.970;;
358;360,580;-2650,810;-330,253;0,000;0,000;0,000;0,000;RRR 1.5in;24,6;1015;46;'26.07.2023 16:12:57.980;;
359;359,428;-2650,746;-330,261;0,000;0,000;0,000;0,000;RRR 1.5in;24,6;1015;46;'26.07.2023 16:12:57.990;;
360;358,286;-2650,702;-330,278;0,000;0,000;0,000;0,000;RRR 1.5in;24,6;1015;46;'26.07.2023 16:12:58.000;;
361;357,142;-2650,649;-330,284;0,000;0,000;0,000;0,000;RRR 1.5in;24,6;1015;46;'26.07.2023 16:12:58.010;;
362;355,995;-2650,579;-330,278;0,000;0,000;0,000;0,000;RRR 1.5in;24,6;1015;46;'26.07.2023 16:12:58.020;;
363;354,856;-2650,503;-330,271;0,000;0,000;0,000;0,000;RRR 1.5in;24,6;1015;46;'26.07.2023 16:12:58.030;;
364;353,717;-2650,428;-330,263;0,000;0,000;0,000;0,000;RRR 1.5in;24,6;1015;46;'26.07.2023 16:12:58.040;;
365;352,583;-2650,367;-330,263;0,000;0,000;0,000;0,000;RRR 1.5in;24,6;1015;46;'26.07.2023 16:12:58.050;;
366;351,459;-2650,309;-330,262;0,000;0,000;0,000;0,000;RRR 1.5in;24,6;1015;46;'26.07.2023 16:12:58.060;;
367;350,322;-2650,242;-330,256;0,000;0,000;0,000;0,000;RRR 1.5in;24,6;1015;46;'26.07.2023 16:12:58.070;;
368;349,167;-2650,170;-330,251;0,000;0,000;0,000;0,000;RRR 1.5in;24,6;1015;46;'26.07.2023 16:12:58.080;;
369;348,016;-2650,103;-330,251;0,000;0,000;0,000;0,000;RRR 1.5in;24,6;1015;46;'26.07.2023 16:12:58.090;;
370;346,880;-2650,047;-330,257;0,000;0,000;0,000;0,000;RRR 1.5in;24,6;1015;46;'26.07.2023 16:12:58.100;;
371;345,732;-2649,993;-330,264;0,000;0,000;0,000;0,000;RRR 1.5in;24,6;1015;46;'26.07.2023 16:12:58.110;;
372;344,590;-2649,929;-330,264;0,000;0,000;0,000;0,000;RRR 1.5in;24,6;1015;46;'26.07.2023 16:12:58.120;;
373;343,441;-2649,855;-330,256;0,000;0,000;0,000;0,000;RRR 1.5in;24,6;1015;46;'26.07.2023 16:12:58.130;;
374;342,288;-2649,804;-330,262;0,000;0,000;0,000;0,000;RRR 1.5in;24,6;1015;46;'26.07.2023 16:12:58.140;;
375;341,143;-2649,752;-330,270;0,000;0,000;0,000;0,000;RRR 1.5in;24,6;1015;46;'26.07.2023 16:12:58.150;;
376;340,002;-2649,674;-330,258;0,000;0,000;0,000;0,000;RRR 1.5in;24,6;1015;46;'26.07.2023 16:12:58.160;;
377;338,862;-2649,596;-330,248;0,000;0,000;0,000;0,000;RRR 1.5in;24,6;1015;46;'26.07.2023 16:12:58.170;;
378;337,718;-2649,528;-330,247;0,000;0,000;0,000;0,000;RRR 1.5in;24,6;1015;46;'26.07.2023 16:12:58.180;;
379;336,583;-2649,468;-330,252;0,000;0,000;0,000;0,000;RRR 1.5in;24,6;1015;46;'26.07.2023 16:12:58.190;;
380;335,445;-2649,403;-330,257;0,000;0,000;0,000;0,000;RRR 1.5in;24,6;1015;46;'26.07.2023 16:12:58.200;;
381;334,297;-2649,330;-330,255;0,000;0,000;0,000;0,000;RRR 1.5in;24,6;1015;46;'26.07.2023 16:12:58.210;;
382;333,147;-2649,261;-330,258;0,000;0,000;0,000;0,000;RRR 1.5in;24,6;1015;46;'26.07.2023 16:12:58.220;;
383;331,993;-2649,194;-330,268;0,000;0,000;0,000;0,000;RRR 1.5in;24,6;1015;46;'26.07.2023 16:12:58.230;;
384;330,848;-2649,117;-330,271;0,000;0,000;0,000;0,000;RRR 1.5in;24,6;1015;46;'26.07.2023 16:12:58.240;;
385;329,710;-2649,044;-330,272;0,000;0,000;0,000;0,000;RRR 1.5in;24,6;1015;46;'26.07.2023 16:12:58.250;;
386;328,563;-2648,990;-330,279;0,000;0,000;0,000;0,000;RRR 1.5in;24,6;1015;46;'26.07.2023 16:12:58.260;;
387;327,427;-2648,938;-330,288;0,000;0,000;0,000;0,000;RRR 1.5in;24,6;1015;46;'26.07.2023 16:12:58.270;;
388;326,280;-2648,862;-330,283;0,000;0,000;0,000;0,000;RRR 1.5in;24,6;1015;46;'26.07.2023 16:12:58.280;;
389;325,141;-2648,781;-330,276;0,000;0,000;0,000;0,000;RRR 1.5in;24,6;1015;46;'26.07.2023 16:12:58.290;;
390;323,993;-2648,713;-330,279;0,000;0,000;0,000;0,000;RRR 1.5in;24,6;1015;46;'26.07.2023 16:12:58.300;;
391;322,846;-2648,659;-330,288;0,000;0,000;0,000;0,000;RRR 1.5in;24,6;1015;46;'26.07.2023 16:12:58.310;;
392;321,705;-2648,591;-330,284;0,000;0,000;0,000;0,000;RRR 1.5in;24,6;1015;46;'26.07.2023 16:12:58.320;;
393;320,557;-2648,515;-330,276;0,000;0,000;0,000;0,000;RRR 1.5in;24,6;1015;46;'26.07.2023 16:12:58.330;;
394;319,405;-2648,453;-330,283;0,000;0,000;0,000;0,000;RRR 1.5in;24,6;1015;46;'26.07.2023 16:12:58.340;;
395;318,269;-2648,400;-330,298;0,000;0,000;0,000;0,000;RRR 1.5in;24,6;1015;46;'26.07.2023 16:12:58.350;;
396;317,135;-2648,344;-330,311;0,000;0,000;0,000;0,000;RRR 1.5in;24,6;1015;46;'26.07.2023 16:12:58.360;;
397;316,006;-2648,278;-330,315;0,000;0,000;0,000;0,000;RRR 1.5in;24,6;1015;46;'26.07.2023 16:12:58.370;;
398;314,862;-2648,208;-330,315;0,000;0,000;0,000;0,000;RRR 1.5in;24,6;1015;46;'26.07.2023 16:12:58.380;;
399;313,715;-2648,146;-330,313;0,000;0,000;0,000;0,000;RRR 1.5in;24,6;1015;46;'26.07.2023 16:12:58.390;;
400;312,574;-2648,087;-330,312;0,000;0,000;0,000;0,000;RRR 1.5in;24,6;1015;46;'26.07.2023 16:12:58.400;;
401;311,439;-2648,032;-330,317;0,000;0,000;0,000;0,000;RRR 1.5in;24,6;1015;46;'26.07.2023 16:12:58.410;;
402;310,303;-2647,958;-330,315;0,000;0,000;0,000;0,000;RRR 1.5in;24,6;1015;46;'26.07.2023 16:12:58.420;;
403;309,153;-2647,868;-330,304;0,000;0,000;0,000;0,000;RRR 1.5in;24,6;1015;46;'26.07.2023 16:12:58.430;;
404;307,996;-2647,789;-330,300;0,000;0,000;0,000;0,000;RRR 1.5in;24,6;1015;46;'26.07.2023 16:12:58.440;;
405;306,858;-2647,737;-330,307;0,000;0,000;0,000;0,000;RRR 1.5in;24,6;1015;46;'26.07.2023 16:12:58.450;;
406;305,732;-2647,696;-330,319;0,000;0,000;0,000;0,000;RRR 1.5in;24,6;1015;46;'26.07.2023 16:12:58.460;;
407;304,594;-2647,644;-330,320;0,000;0,000;0,000;0,000;RRR 1.5in;24,6;1015;46;'26.07.2023 16:12:58.470;;
408;303,444;-2647,587;-330,319;0,000;0,000;0,000;0,000;RRR 1.5in;24,6;1015;46;'26.07.2023 16:12:58.480;;
409;302,309;-2647,530;-330,321;0,000;0,000;0,000;0,000;RRR 1.5in;24,6;1015;46;'26.07.2023 16:12:58.490;;
410;301,189;-2647,475;-330,323;0,000;0,000;0,000;0,000;RRR 1.5in;24,6;1015;46;'26.07.2023 16:12:58.500;;
411;300,055;-2647,420;-330,323;0,000;0,000;0,000;0,000;RRR 1.5in;24,6;1015;46;'26.07.2023 16:12:58.510;;
412;298,900;-2647,347;-330,320;0,000;0,000;0,000;0,000;RRR 1.5in;24,6;1015;46;'26.07.2023 16:12:58.520;;
413;297,746;-2647,257;-330,314;0,000;0,000;0,000;0,000;RRR 1.5in;24,6;1015;46;'26.07.2023 16:12:58.530;;
414;296,595;-2647,173;-330,314;0,000;0,000;0,000;0,000;RRR 1.5in;24,6;1015;46;'26.07.2023 16:12:58.540;;
415;295,456;-2647,098;-330,318;0,000;0,000;0,000;0,000;RRR 1.5in;24,6;1015;46;'26.07.2023 16:12:58.550;;
416;294,307;-2647,013;-330,316;0,000;0,000;0,000;0,000;RRR 1.5in;24,6;1015;46;'26.07.2023 16:12:58.560;;
417;293,157;-2646,940;-330,319;0,000;0,000;0,000;0,000;RRR 1.5in;24,6;1015;46;'26.07.2023 16:12:58.570;;
418;292,010;-2646,885;-330,325;0,000;0,000;0,000;0,000;RRR 1.5in;24,6;1015;46;'26.07.2023 16:12:58.580;;
419;290,865;-2646,840;-330,334;0,000;0,000;0,000;0,000;RRR 1.5in;24,6;1015;46;'26.07.2023 16:12:58.590;;
420;289,720;-2646,783;-330,340;0,000;0,000;0,000;0,000;RRR 1.5in;24,6;1015;46;'26.07.2023 16:12:58.600;;
421;288,578;-2646,712;-330,336;0,000;0,000;0,000;0,000;RRR 1.5in;24,6;1015;46;'26.07.2023 16:12:58.610;;
422;287,434;-2646,649;-330,337;0,000;0,000;0,000;0,000;RRR 1.5in;24,6;1015;46;'26.07.2023 16:12:58.620;;
423;286,298;-2646,593;-330,341;0,000;0,000;0,000;0,000;RRR 1.5in;24,6;1015;46;'26.07.2023 16:12:58.630;;
424;285,164;-2646,528;-330,340;0,000;0,000;0,000;0,000;RRR 1.5in;24,6;1015;46;'26.07.2023 16:12:58.640;;
425;284,012;-2646,447;-330,331;0,000;0,000;0,000;0,000;RRR 1.5in;24,6;1015;46;'26.07.2023 16:12:58.650;;
426;282,860;-2646,381;-330,337;0,000;0,000;0,000;0,000;RRR 1.5in;24,6;1015;46;'26.07.2023 16:12:58.660;;
427;281,720;-2646,322;-330,349;0,000;0,000;0,000;0,000;RRR 1.5in;24,6;1015;46;'26.07.2023 16:12:58.670;;
428;280,588;-2646,249;-330,348;0,000;0,000;0,000;0,000;RRR 1.5in;24,6;1015;46;'26.07.2023 16:12:58.680;;
429;279,447;-2646,170;-330,342;0,000;0,000;0,000;0,000;RRR 1.5in;24,6;1015;46;'26.07.2023 16:12:58.690;;
430;278,283;-2646,107;-330,346;0,000;0,000;0,000;0,000;RRR 1.5in;24,6;1015;46;'26.07.2023 16:12:58.700;;
431;277,141;-2646,052;-330,355;0,000;0,000;0,000;0,000;RRR 1.5in;24,6;1015;46;'26.07.2023 16:12:58.710;;
432;276,010;-2645,993;-330,355;0,000;0,000;0,000;0,000;RRR 1.5in;24,6;1015;46;'26.07.2023 16:12:58.720;;
433;274,868;-2645,935;-330,350;0,000;0,000;0,000;0,000;RRR 1.5in;24,6;1015;46;'26.07.2023 16:12:58.730;;
434;273,712;-2645,872;-330,341;0,000;0,000;0,000;0,000;RRR 1.5in;24,6;1015;46;'26.07.2023 16:12:58.740;;
435;272,567;-2645,815;-330,340;0,000;0,000;0,000;0,000;RRR 1.5in;24,6;1015;46;'26.07.2023 16:12:58.750;;
436;271,439;-2645,767;-330,347;0,000;0,000;0,000;0,000;RRR 1.5in;24,6;1015;46;'26.07.2023 16:12:58.760;;
437;270,303;-2645,718;-330,355;0,000;0,000;0,000;0,000;RRR 1.5in;24,6;1015;46;'26.07.2023 16:12:58.770;;
438;269,147;-2645,644;-330,351;0,000;0,000;0,000;0,000;RRR 1.5in;24,6;1015;46;'26.07.2023 16:12:58.780;;
439;267,997;-2645,560;-330,343;0,000;0,000;0,000;0,000;RRR 1.5in;24,6;1015;46;'26.07.2023 16:12:58.790;;
440;266,861;-2645,495;-330,350;0,000;0,000;0,000;0,000;RRR 1.5in;24,6;1015;46;'26.07.2023 16:12:58.800;;
441;265,727;-2645,432;-330,356;0,000;0,000;0,000;0,000;RRR 1.5in;24,6;1015;46;'26.07.2023 16:12:58.810;;
442;264,594;-2645,363;-330,354;0,000;0,000;0,000;0,000;RRR 1.5in;24,6;1015;46;'26.07.2023 16:12:58.820;;
443;263,432;-2645,297;-330,350;0,000;0,000;0,000;0,000;RRR 1.5in;24,6;1015;46;'26.07.2023 16:12:58.830;;
444;262,281;-2645,246;-330,350;0,000;0,000;0,000;0,000;RRR 1.5in;24,6;1015;46;'26.07.2023 16:12:58.840;;
445;261,145;-2645,190;-330,341;0,000;0,000;0,000;0,000;RRR 1.5in;24,6;1015;46;'26.07.2023 16:12:58.850;;
446;260,002;-2645,115;-330,334;0,000;0,000;0,000;0,000;RRR 1.5in;24,6;1015;46;'26.07.2023 16:12:58.860;;
447;258,858;-2645,028;-330,328;0,000;0,000;0,000;0,000;RRR 1.5in;24,6;1015;46;'26.07.2023 16:12:58.870;;
448;257,706;-2644,963;-330,331;0,000;0,000;0,000;0,000;RRR 1.5in;24,6;1015;46;'26.07.2023 16:12:58.880;;
449;256,563;-2644,915;-330,337;0,000;0,000;0,000;0,000;RRR 1.5in;24,6;1015;46;'26.07.2023 16:12:58.890;;
450;255,430;-2644,857;-330,341;0,000;0,000;0,000;0,000;RRR 1.5in;24,6;1015;46;'26.07.2023 16:12:58.900;;
451;254,284;-2644,780;-330,340;0,000;0,000;0,000;0,000;RRR 1.5in;24,6;1015;46;'26.07.2023 16:12:58.910;;
452;253,131;-2644,692;-330,331;0,000;0,000;0,000;0,000;RRR 1.5in;24,6;1015;46;'26.07.2023 16:12:58.920;;
453;252,000;-2644,628;-330,337;0,000;0,000;0,000;0,000;RRR 1.5in;24,6;1015;46;'26.07.2023 16:12:58.930;;
454;250,864;-2644,575;-330,349;0,000;0,000;0,000;0,000;RRR 1.5in;24,6;1015;46;'26.07.2023 16:12:58.940;;
455;249,717;-2644,496;-330,342;0,000;0,000;0,000;0,000;RRR 1.5in;24,6;1015;46;'26.07.2023 16:12:58.950;;
456;248,565;-2644,401;-330,323;0,000;0,000;0,000;0,000;RRR 1.5in;24,6;1015;46;'26.07.2023 16:12:58.960;;
457;247,414;-2644,341;-330,325;0,000;0,000;0,000;0,000;RRR 1.5in;24,6;1015;46;'26.07.2023 16:12:58.970;;
458;246,285;-2644,301;-330,337;0,000;0,000;0,000;0,000;RRR 1.5in;24,6;1015;46;'26.07.2023 16:12:58.980;;
459;245,169;-2644,241;-330,334;0,000;0,000;0,000;0,000;RRR 1.5in;24,6;1015;46;'26.07.2023 16:12:58.990;;
460;244,037;-2644,163;-330,323;0,000;0,000;0,000;0,000;RRR 1.5in;24,6;1015;46;'26.07.2023 16:12:59.000;;
461;242,878;-2644,096;-330,325;0,000;0,000;0,000;0,000;RRR 1.5in;24,6;1015;46;'26.07.2023 16:12:59.010;;
462;241,731;-2644,037;-330,335;0,000;0,000;0,000;0,000;RRR 1.5in;24,6;1015;46;'26.07.2023 16:12:59.020;;
463;240,585;-2643,958;-330,327;0,000;0,000;0,000;0,000;RRR 1.5in;24,6;1015;46;'26.07.2023 16:12:59.030;;
464;239,446;-2643,890;-330,321;0,000;0,000;0,000;0,000;RRR 1.5in;24,6;1015;46;'26.07.2023 16:12:59.040;;
465;238,304;-2643,831;-330,321;0,000;0,000;0,000;0,000;RRR 1.5in;24,6;1015;46;'26.07.2023 16:12:59.050;;
466;237,167;-2643,770;-330,320;0,000;0,000;0,000;0,000;RRR 1.5in;24,6;1015;46;'26.07.2023 16:12:59.060;;
467;236,022;-2643,699;-330,317;0,000;0,000;0,000;0,000;RRR 1.5in;24,6;1015;46;'26.07.2023 16:12:59.070;;
468;234,872;-2643,625;-330,313;0,000;0,000;0,000;0,000;RRR 1.5in;24,6;1015;46;'26.07.2023 16:12:59.080;;
469;233,727;-2643,550;-330,308;0,000;0,000;0,000;0,000;RRR 1.5in;24,6;1015;46;'26.07.2023 16:12:59.090;;
470;232,594;-2643,494;-330,313;0,000;0,000;0,000;0,000;RRR 1.5in;24,6;1015;46;'26.07.2023 16:12:59.100;;
471;231,461;-2643,449;-330,323;0,000;0,000;0,000;0,000;RRR 1.5in;24,6;1015;46;'26.07.2023 16:12:59.110;;
472;230,325;-2643,386;-330,324;0,000;0,000;0,000;0,000;RRR 1.5in;24,6;1015;46;'26.07.2023 16:12:59.120;;
473;229,185;-2643,311;-330,320;0,000;0,000;0,000;0,000;RRR 1.5in;24,6;1015;46;'26.07.2023 16:12:59.130;;
474;228,044;-2643,246;-330,320;0,000;0,000;0,000;0,000;RRR 1.5in;24,6;1015;46;'26.07.2023 16:12:59.140;;
475;226,911;-2643,198;-330,328;0,000;0,000;0,000;0,000;RRR 1.5in;24,6;1015;46;'26.07.2023 16:12:59.150;;
476;225,777;-2643,150;-330,334;0,000;0,000;0,000;0,000;RRR 1.5in;24,6;1015;46;'26.07.2023 16:12:59.160;;
477;224,629;-2643,078;-330,332;0,000;0,000;0,000;0,000;RRR 1.5in;24,6;1015;46;'26.07.2023 16:12:59.170;;
478;223,464;-2642,990;-330,323;0,000;0,000;0,000;0,000;RRR 1.5in;24,6;1015;46;'26.07.2023 16:12:59.180;;
479;222,311;-2642,910;-330,319;0,000;0,000;0,000;0,000;RRR 1.5in;24,6;1015;46;'26.07.2023 16:12:59.190;;
480;221,156;-2642,844;-330,319;0,000;0,000;0,000;0,000;RRR 1.5in;24,6;1015;46;'26.07.2023 16:12:59.200;;
481;220,015;-2642,786;-330,321;0,000;0,000;0,000;0,000;RRR 1.5in;24,6;1015;46;'26.07.2023 16:12:59.210;;
482;218,872;-2642,726;-330,316;0,000;0,000;0,000;0,000;RRR 1.5in;24,6;1015;46;'26.07.2023 16:12:59.220;;
483;217,738;-2642,662;-330,304;0,000;0,000;0,000;0,000;RRR 1.5in;24,6;1015;46;'26.07.2023 16:12:59.230;;
484;216,597;-2642,606;-330,302;0,000;0,000;0,000;0,000;RRR 1.5in;24,6;1015;46;'26.07.2023 16:12:59.240;;
485;215,457;-2642,546;-330,303;0,000;0,000;0,000;0,000;RRR 1.5in;24,6;1015;46;'26.07.2023 16:12:59.250;;
486;214,322;-2642,476;-330,297;0,000;0,000;0,000;0,000;RRR 1.5in;24,6;1015;46;'26.07.2023 16:12:59.260;;
487;213,175;-2642,411;-330,292;0,000;0,000;0,000;0,000;RRR 1.5in;24,6;1015;46;'26.07.2023 16:12:59.270;;
488;212,041;-2642,357;-330,294;0,000;0,000;0,000;0,000;RRR 1.5in;24,6;1015;46;'26.07.2023 16:12:59.280;;
489;210,900;-2642,294;-330,289;0,000;0,000;0,000;0,000;RRR 1.5in;24,6;1015;46;'26.07.2023 16:12:59.290;;
490;209,753;-2642,228;-330,285;0,000;0,000;0,000;0,000;RRR 1.5in;24,6;1015;46;'26.07.2023 16:12:59.300;;
491;208,600;-2642,165;-330,282;0,000;0,000;0,000;0,000;RRR 1.5in;24,6;1015;46;'26.07.2023 16:12:59.310;;
492;207,452;-2642,114;-330,289;0,000;0,000;0,000;0,000;RRR 1.5in;24,6;1015;46;'26.07.2023 16:12:59.320;;
493;206,307;-2642,053;-330,287;0,000;0,000;0,000;0,000;RRR 1.5in;24,6;1015;46;'26.07.2023 16:12:59.330;;
494;205,166;-2641,978;-330,278;0,000;0,000;0,000;0,000;RRR 1.5in;24,6;1015;46;'26.07.2023 16:12:59.340;;
495;204,014;-2641,909;-330,268;0,000;0,000;0,000;0,000;RRR 1.5in;24,6;1015;46;'26.07.2023 16:12:59.350;;
496;202,862;-2641,855;-330,273;0,000;0,000;0,000;0,000;RRR 1.5in;24,6;1015;46;'26.07.2023 16:12:59.360;;
497;201,737;-2641,798;-330,275;0,000;0,000;0,000;0,000;RRR 1.5in;24,6;1015;46;'26.07.2023 16:12:59.370;;
498;200,596;-2641,731;-330,270;0,000;0,000;0,000;0,000;RRR 1.5in;24,6;1015;46;'26.07.2023 16:12:59.380;;
499;199,450;-2641,666;-330,260;0,000;0,000;0,000;0,000;RRR 1.5in;24,6;1015;46;'26.07.2023 16:12:59.390;;
500;198,314;-2641,611;-330,258;0,000;0,000;0,000;0,000;RRR 1.5in;24,6;1015;46;'26.07.2023 16:12:59.400;;
501;197,188;-2641,560;-330,259;0,000;0,000;0,000;0,000;RRR 1.5in;24,6;1015;46;'26.07.2023 16:12:59.410;;
502;196,051;-2641,496;-330,255;0,000;0,000;0,000;0,000;RRR 1.5in;24,6;1015;46;'26.07.2023 16:12:59.420;;
503;194,894;-2641,434;-330,257;0,000;0,000;0,000;0,000;RRR 1.5in;24,6;1015;46;'26.07.2023 16:12:59.430;;
504;193,751;-2641,380;-330,268;0,000;0,000;0,000;0,000;RRR 1.5in;24,6;1015;46;'26.07.2023 16:12:59.440;;
505;192,613;-2641,324;-330,271;0,000;0,000;0,000;0,000;RRR 1.5in;24,6;1015;46;'26.07.2023 16:12:59.450;;
506;191,473;-2641,256;-330,260;0,000;0,000;0,000;0,000;RRR 1.5in;24,6;1015;46;'26.07.2023 16:12:59.460;;
507;190,328;-2641,190;-330,257;0,000;0,000;0,000;0,000;RRR 1.5in;24,6;1015;46;'26.07.2023 16:12:59.470;;
508;189,180;-2641,119;-330,260;0,000;0,000;0,000;0,000;RRR 1.5in;24,6;1015;46;'26.07.2023 16:12:59.480;;
509;188,037;-2641,051;-330,264;0,000;0,000;0,000;0,000;RRR 1.5in;24,6;1015;46;'26.07.2023 16:12:59.490;;
510;186,885;-2640,980;-330,266;0,000;0,000;0,000;0,000;RRR 1.5in;24,6;1015;46;'26.07.2023 16:12:59.500;;
511;185,743;-2640,907;-330,269;0,000;0,000;0,000;0,000;RRR 1.5in;24,6;1015;46;'26.07.2023 16:12:59.510;;
512;184,596;-2640,832;-330,269;0,000;0,000;0,000;0,000;RRR 1.5in;24,6;1015;46;'26.07.2023 16:12:59.520;;
513;183,447;-2640,763;-330,270;0,000;0,000;0,000;0,000;RRR 1.5in;24,6;1015;46;'26.07.2023 16:12:59.530;;
514;182,302;-2640,693;-330,270;0,000;0,000;0,000;0,000;RRR 1.5in;24,6;1015;46;'26.07.2023 16:12:59.540;;
515;181,168;-2640,630;-330,275;0,000;0,000;0,000;0,000;RRR 1.5in;24,6;1015;46;'26.07.2023 16:12:59.550;;
516;180,026;-2640,571;-330,274;0,000;0,000;0,000;0,000;RRR 1.5in;24,6;1015;46;'26.07.2023 16:12:59.560;;
517;178,885;-2640,522;-330,276;0,000;0,000;0,000;0,000;RRR 1.5in;24,6;1015;46;'26.07.2023 16:12:59.570;;
518;177,751;-2640,472;-330,277;0,000;0,000;0,000;0,000;RRR 1.5in;24,6;1015;46;'26.07.2023 16:12:59.580;;
519;176,603;-2640,406;-330,280;0,000;0,000;0,000;0,000;RRR 1.5in;24,6;1015;46;'26.07.2023 16:12:59.590;;
520;175,446;-2640,325;-330,275;0,000;0,000;0,000;0,000;RRR 1.5in;24,6;1015;46;'26.07.2023 16:12:59.600;;
521;174,303;-2640,258;-330,284;0,000;0,000;0,000;0,000;RRR 1.5in;24,6;1015;46;'26.07.2023 16:12:59.610;;
522;173,152;-2640,196;-330,298;0,000;0,000;0,000;0,000;RRR 1.5in;24,6;1015;46;'26.07.2023 16:12:59.620;;
523;172,007;-2640,127;-330,304;0,000;0,000;0,000;0,000;RRR 1.5in;24,6;1015;46;'26.07.2023 16:12:59.630;;
524;170,855;-2640,046;-330,301;0,000;0,000;0,000;0,000;RRR 1.5in;24,6;1015;46;'26.07.2023 16:12:59.640;;
525;169,707;-2639,965;-330,297;0,000;0,000;0,000;0,000;RRR 1.5in;24,6;1015;46;'26.07.2023 16:12:59.650;;
526;168,554;-2639,899;-330,303;0,000;0,000;0,000;0,000;RRR 1.5in;24,6;1015;46;'26.07.2023 16:12:59.660;;
527;167,408;-2639,842;-330,310;0,000;0,000;0,000;0,000;RRR 1.5in;24,6;1015;46;'26.07.2023 16:12:59.670;;
528;166,273;-2639,781;-330,310;0,000;0,000;0,000;0,000;RRR 1.5in;24,6;1015;46;'26.07.2023 16:12:59.680;;
529;165,139;-2639,716;-330,299;0,000;0,000;0,000;0,000;RRR 1.5in;24,6;1015;46;'26.07.2023 16:12:59.690;;
530;164,001;-2639,662;-330,301;0,000;0,000;0,000;0,000;RRR 1.5in;24,6;1015;46;'26.07.2023 16:12:59.700;;
531;162,849;-2639,602;-330,302;0,000;0,000;0,000;0,000;RRR 1.5in;24,6;1015;46;'26.07.2023 16:12:59.710;;
532;161,713;-2639,538;-330,298;0,000;0,000;0,000;0,000;RRR 1.5in;24,6;1015;46;'26.07.2023 16:12:59.720;;
533;160,572;-2639,484;-330,299;0,000;0,000;0,000;0,000;RRR 1.5in;24,6;1015;46;'26.07.2023 16:12:59.730;;
534;159,432;-2639,447;-330,312;0,000;0,000;0,000;0,000;RRR 1.5in;24,6;1015;46;'26.07.2023 16:12:59.740;;
535;158,286;-2639,393;-330,317;0,000;0,000;0,000;0,000;RRR 1.5in;24,6;1015;46;'26.07.2023 16:12:59.750;;
536;157,132;-2639,309;-330,309;0,000;0,000;0,000;0,000;RRR 1.5in;24,6;1015;46;'26.07.2023 16:12:59.760;;
537;155,971;-2639,221;-330,303;0,000;0,000;0,000;0,000;RRR 1.5in;24,6;1015;46;'26.07.2023 16:12:59.770;;
538;154,817;-2639,155;-330,308;0,000;0,000;0,000;0,000;RRR 1.5in;24,6;1015;46;'26.07.2023 16:12:59.780;;
539;153,666;-2639,093;-330,313;0,000;0,000;0,000;0,000;RRR 1.5in;24,6;1015;46;'26.07.2023 16:12:59.790;;
540;152,528;-2639,031;-330,312;0,000;0,000;0,000;0,000;RRR 1.5in;24,6;1015;46;'26.07.2023 16:12:59.800;;
541;151,386;-2638,964;-330,307;0,000;0,000;0,000;0,000;RRR 1.5in;24,6;1015;46;'26.07.2023 16:12:59.810;;
542;150,252;-2638,902;-330,306;0,000;0,000;0,000;0,000;RRR 1.5in;24,6;1015;46;'26.07.2023 16:12:59.820;;
543;149,105;-2638,836;-330,305;0,000;0,000;0,000;0,000;RRR 1.5in;24,6;1015;46;'26.07.2023 16:12:59.830;;
544;147,959;-2638,770;-330,310;0,000;0,000;0,000;0,000;RRR 1.5in;24,6;1015;46;'26.07.2023 16:12:59.840;;
545;146,816;-2638,700;-330,315;0,000;0,000;0,000;0,000;RRR 1.5in;24,6;1015;46;'26.07.2023 16:12:59.850;;
546;145,680;-2638,643;-330,324;0,000;0,000;0,000;0,000;RRR 1.5in;24,6;1015;46;'26.07.2023 16:12:59.860;;
547;144,531;-2638,591;-330,329;0,000;0,000;0,000;0,000;RRR 1.5in;24,6;1015;46;'26.07.2023 16:12:59.870;;
548;143,371;-2638,537;-330,336;0,000;0,000;0,000;0,000;RRR 1.5in;24,6;1015;46;'26.07.2023 16:12:59.880;;
549;142,217;-2638,465;-330,333;0,000;0,000;0,000;0,000;RRR 1.5in;24,6;1015;46;'26.07.2023 16:12:59.890;;
550;141,076;-2638,391;-330,324;0,000;0,000;0,000;0,000;RRR 1.5in;24,6;1015;46;'26.07.2023 16:12:59.900;;
551;139,920;-2638,332;-330,328;0,000;0,000;0,000;0,000;RRR 1.5in;24,6;1015;46;'26.07.2023 16:12:59.910;;
552;138,769;-2638,276;-330,338;0,000;0,000;0,000;0,000;RRR 1.5in;24,6;1015;46;'26.07.2023 16:12:59.920;;
553;137,620;-2638,198;-330,334;0,000;0,000;0,000;0,000;RRR 1.5in;24,6;1015;46;'26.07.2023 16:12:59.930;;
554;136,479;-2638,120;-330,325;0,000;0,000;0,000;0,000;RRR 1.5in;24,6;1015;46;'26.07.2023 16:12:59.940;;
555;135,339;-2638,058;-330,329;0,000;0,000;0,000;0,000;RRR 1.5in;24,6;1015;46;'26.07.2023 16:12:59.950;;
556;134,209;-2637,990;-330,333;0,000;0,000;0,000;0,000;RRR 1.5in;24,6;1015;46;'26.07.2023 16:12:59.960;;
557;133,068;-2637,903;-330,327;0,000;0,000;0,000;0,000;RRR 1.5in;24,6;1015;46;'26.07.2023 16:12:59.970;;
558;131,934;-2637,830;-330,324;0,000;0,000;0,000;0,000;RRR 1.5in;24,6;1015;46;'26.07.2023 16:12:59.980;;
559;130,796;-2637,783;-330,330;0,000;0,000;0,000;0,000;RRR 1.5in;24,6;1015;46;'26.07.2023 16:12:59.990;;
560;129,644;-2637,742;-330,334;0,000;0,000;0,000;0,000;RRR 1.5in;24,6;1015;46;'26.07.2023 16:13:00.000;;
561;128,488;-2637,680;-330,331;0,000;0,000;0,000;0,000;RRR 1.5in;24,6;1015;46;'26.07.2023 16:13:00.010;;
562;127,342;-2637,607;-330,327;0,000;0,000;0,000;0,000;RRR 1.5in;24,6;1015;46;'26.07.2023 16:13:00.020;;
563;126,193;-2637,536;-330,324;0,000;0,000;0,000;0,000;RRR 1.5in;24,6;1015;46;'26.07.2023 16:13:00.030;;
564;125,052;-2637,475;-330,324;0,000;0,000;0,000;0,000;RRR 1.5in;24,6;1015;46;'26.07.2023 16:13:00.040;;
565;123,919;-2637,420;-330,324;0,000;0,000;0,000;0,000;RRR 1.5in;24,6;1015;46;'26.07.2023 16:13:00.050;;
566;122,779;-2637,362;-330,324;0,000;0,000;0,000;0,000;RRR 1.5in;24,6;1015;46;'26.07.2023 16:13:00.060;;
567;121,629;-2637,293;-330,317;0,000;0,000;0,000;0,000;RRR 1.5in;24,6;1015;46;'26.07.2023 16:13:00.070;;
568;120,499;-2637,217;-330,314;0,000;0,000;0,000;0,000;RRR 1.5in;24,6;1015;46;'26.07.2023 16:13:00.080;;
569;119,368;-2637,137;-330,315;0,000;0,000;0,000;0,000;RRR 1.5in;24,6;1015;46;'26.07.2023 16:13:00.090;;
570;118,225;-2637,060;-330,311;0,000;0,000;0,000;0,000;RRR 1.5in;24,6;1015;46;'26.07.2023 16:13:00.100;;
571;117,094;-2637,002;-330,310;0,000;0,000;0,000;0,000;RRR 1.5in;24,6;1015;46;'26.07.2023 16:13:00.110;;
572;115,956;-2636,961;-330,312;0,000;0,000;0,000;0,000;RRR 1.5in;24,6;1015;46;'26.07.2023 16:13:00.120;;
573;114,808;-2636,910;-330,308;0,000;0,000;0,000;0,000;RRR 1.5in;24,6;1015;46;'26.07.2023 16:13:00.130;;
574;113,652;-2636,846;-330,302;0,000;0,000;0,000;0,000;RRR 1.5in;24,6;1015;46;'26.07.2023 16:13:00.140;;
575;112,489;-2636,769;-330,302;0,000;0,000;0,000;0,000;RRR 1.5in;24,6;1015;46;'26.07.2023 16:13:00.150;;
576;111,344;-2636,689;-330,302;0,000;0,000;0,000;0,000;RRR 1.5in;24,6;1015;46;'26.07.2023 16:13:00.160;;
577;110,212;-2636,627;-330,301;0,000;0,000;0,000;0,000;RRR 1.5in;24,6;1015;46;'26.07.2023 16:13:00.170;;
578;109,078;-2636,581;-330,306;0,000;0,000;0,000;0,000;RRR 1.5in;24,6;1015;46;'26.07.2023 16:13:00.180;;
579;107,936;-2636,527;-330,312;0,000;0,000;0,000;0,000;RRR 1.5in;24,6;1015;46;'26.07.2023 16:13:00.190;;
580;106,793;-2636,453;-330,309;0,000;0,000;0,000;0,000;RRR 1.5in;24,6;1015;46;'26.07.2023 16:13:00.200;;
581;105,656;-2636,365;-330,307;0,000;0,000;0,000;0,000;RRR 1.5in;24,6;1015;46;'26.07.2023 16:13:00.210;;
582;104,513;-2636,275;-330,308;0,000;0,000;0,000;0,000;RRR 1.5in;24,6;1015;46;'26.07.2023 16:13:00.220;;
583;103,378;-2636,201;-330,311;0,000;0,000;0,000;0,000;RRR 1.5in;24,6;1015;46;'26.07.2023 16:13:00.230;;
584;102,239;-2636,149;-330,316;0,000;0,000;0,000;0,000;RRR 1.5in;24,6;1015;46;'26.07.2023 16:13:00.240;;
585;101,087;-2636,101;-330,318;0,000;0,000;0,000;0,000;RRR 1.5in;24,6;1015;46;'26.07.2023 16:13:00.250;;
586;99,938;-2636,042;-330,311;0,000;0,000;0,000;0,000;RRR 1.5in;24,6;1015;46;'26.07.2023 16:13:00.260;;
587;98,789;-2635,972;-330,308;0,000;0,000;0,000;0,000;RRR 1.5in;24,6;1015;46;'26.07.2023 16:13:00.270;;
588;97,634;-2635,901;-330,310;0,000;0,000;0,000;0,000;RRR 1.5in;24,6;1015;46;'26.07.2023 16:13:00.280;;
589;96,491;-2635,826;-330,315;0,000;0,000;0,000;0,000;RRR 1.5in;24,6;1015;46;'26.07.2023 16:13:00.290;;
590;95,356;-2635,749;-330,314;0,000;0,000;0,000;0,000;RRR 1.5in;24,6;1015;46;'26.07.2023 16:13:00.300;;
591;94,221;-2635,686;-330,319;0,000;0,000;0,000;0,000;RRR 1.5in;24,6;1015;46;'26.07.2023 16:13:00.310;;
592;93,064;-2635,633;-330,329;0,000;0,000;0,000;0,000;RRR 1.5in;24,6;1015;46;'26.07.2023 16:13:00.320;;
593;91,934;-2635,567;-330,332;0,000;0,000;0,000;0,000;RRR 1.5in;24,6;1015;46;'26.07.2023 16:13:00.330;;
594;90,788;-2635,479;-330,328;0,000;0,000;0,000;0,000;RRR 1.5in;24,6;1015;46;'26.07.2023 16:13:00.340;;
595;89,660;-2635,393;-330,326;0,000;0,000;0,000;0,000;RRR 1.5in;24,6;1015;46;'26.07.2023 16:13:00.350;;
596;88,521;-2635,325;-330,334;0,000;0,000;0,000;0,000;RRR 1.5in;24,6;1015;46;'26.07.2023 16:13:00.360;;
597;87,382;-2635,267;-330,342;0,000;0,000;0,000;0,000;RRR 1.5in;24,6;1015;46;'26.07.2023 16:13:00.370;;
598;86,229;-2635,207;-330,339;0,000;0,000;0,000;0,000;RRR 1.5in;24,6;1015;46;'26.07.2023 16:13:00.380;;
599;85,076;-2635,155;-330,337;0,000;0,000;0,000;0,000;RRR 1.5in;24,6;1015;46;'26.07.2023 16:13:00.390;;
600;83,922;-2635,098;-330,338;0,000;0,000;0,000;0,000;RRR 1.5in;24,6;1015;46;'26.07.2023 16:13:00.400;;
601;82,780;-2635,028;-330,337;0,000;0,000;0,000;0,000;RRR 1.5in;24,6;1015;46;'26.07.2023 16:13:00.410;;
602;81,630;-2634,948;-330,333;0,000;0,000;0,000;0,000;RRR 1.5in;24,6;1015;46;'26.07.2023 16:13:00.420;;
603;80,493;-2634,873;-330,331;0,000;0,000;0,000;0,000;RRR 1.5in;24,6;1015;46;'26.07.2023 16:13:00.430;;
604;79,361;-2634,813;-330,331;0,000;0,000;0,000;0,000;RRR 1.5in;24,6;1015;46;'26.07.2023 16:13:00.440;;
605;78,230;-2634,772;-330,330;0,000;0,000;0,000;0,000;RRR 1.5in;24,6;1015;46;'26.07.2023 16:13:00.450;;
606;77,093;-2634,728;-330,329;0,000;0,000;0,000;0,000;RRR 1.5in;24,6;1015;46;'26.07.2023 16:13:00.460;;
607;75,954;-2634,666;-330,331;0,000;0,000;0,000;0,000;RRR 1.5in;24,6;1015;46;'26.07.2023 16:13:00.470;;
608;74,815;-2634,583;-330,336;0,000;0,000;0,000;0,000;RRR 1.5in;24,6;1015;46;'26.07.2023 16:13:00.480;;
609;73,667;-2634,488;-330,335;0,000;0,000;0,000;0,000;RRR 1.5in;24,6;1015;46;'26.07.2023 16:13:00.490;;
610;72,534;-2634,408;-330,336;0,000;0,000;0,000;0,000;RRR 1.5in;24,6;1015;46;'26.07.2023 16:13:00.500;;
611;71,377;-2634,363;-330,346;0,000;0,000;0,000;0,000;RRR 1.5in;24,6;1015;46;'26.07.2023 16:13:00.510;;
612;70,223;-2634,332;-330,357;0,000;0,000;0,000;0,000;RRR 1.5in;24,6;1015;46;'26.07.2023 16:13:00.520;;
613;69,069;-2634,274;-330,356;0,000;0,000;0,000;0,000;RRR 1.5in;24,6;1015;46;'26.07.2023 16:13:00.530;;
614;67,925;-2634,193;-330,348;0,000;0,000;0,000;0,000;RRR 1.5in;24,6;1015;46;'26.07.2023 16:13:00.540;;
615;66,773;-2634,107;-330,342;0,000;0,000;0,000;0,000;RRR 1.5in;24,6;1015;46;'26.07.2023 16:13:00.550;;
616;65,641;-2634,039;-330,345;0,000;0,000;0,000;0,000;RRR 1.5in;24,6;1015;46;'26.07.2023 16:13:00.560;;
617;64,505;-2633,978;-330,348;0,000;0,000;0,000;0,000;RRR 1.5in;24,6;1015;46;'26.07.2023 16:13:00.570;;
618;63,377;-2633,912;-330,338;0,000;0,000;0,000;0,000;RRR 1.5in;24,6;1015;46;'26.07.2023 16:13:00.580;;
619;62,235;-2633,851;-330,333;0,000;0,000;0,000;0,000;RRR 1.5in;24,6;1015;46;'26.07.2023 16:13:00.590;;
620;61,090;-2633,798;-330,341;0,000;0,000;0,000;0,000;RRR 1.5in;24,6;1015;46;'26.07.2023 16:13:00.600;;
621;59,947;-2633,729;-330,345;0,000;0,000;0,000;0,000;RRR 1.5in;24,6;1015;46;'26.07.2023 16:13:00.610;;
622;58,803;-2633,644;-330,344;0,000;0,000;0,000;0,000;RRR 1.5in;24,6;1015;46;'26.07.2023 16:13:00.620;;
623;57,663;-2633,565;-330,340;0,000;0,000;0,000;0,000;RRR 1.5in;24,6;1015;46;'26.07.2023 16:13:00.630;;
624;56,519;-2633,521;-330,343;0,000;0,000;0,000;0,000;RRR 1.5in;24,6;1015;46;'26.07.2023 16:13:00.640;;
625;55,374;-2633,496;-330,351;0,000;0,000;0,000;0,000;RRR 1.5in;24,6;1015;46;'26.07.2023 16:13:00.650;;
626;54,222;-2633,447;-330,348;0,000;0,000;0,000;0,000;RRR 1.5in;24,6;1015;46;'26.07.2023 16:13:00.660;;
627;53,073;-2633,369;-330,337;0,000;0,000;0,000;0,000;RRR 1.5in;24,6;1015;46;'26.07.2023 16:13:00.670;;
628;51,918;-2633,281;-330,331;0,000;0,000;0,000;0,000;RRR 1.5in;24,6;1015;46;'26.07.2023 16:13:00.680;;
629;50,783;-2633,191;-330,331;0,000;0,000;0,000;0,000;RRR 1.5in;24,6;1015;46;'26.07.2023 16:13:00.690;;
630;49,633;-2633,113;-330,334;0,000;0,000;0,000;0,000;RRR 1.5in;24,6;1015;46;'26.07.2023 16:13:00.700;;
631;48,507;-2633,050;-330,335;0,000;0,000;0,000;0,000;RRR 1.5in;24,6;1015;46;'26.07.2023 16:13:00.710;;
632;47,359;-2633,002;-330,338;0,000;0,000;0,000;0,000;RRR 1.5in;24,6;1015;46;'26.07.2023 16:13:00.720;;
633;46,217;-2632,953;-330,342;0,000;0,000;0,000;0,000;RRR 1.5in;24,6;1015;46;'26.07.2023 16:13:00.730;;
634;45,069;-2632,885;-330,338;0,000;0,000;0,000;0,000;RRR 1.5in;24,6;1015;46;'26.07.2023 16:13:00.740;;
635;43,914;-2632,809;-330,332;0,000;0,000;0,000;0,000;RRR 1.5in;24,6;1015;46;'26.07.2023 16:13:00.750;;
636;42,770;-2632,743;-330,335;0,000;0,000;0,000;0,000;RRR 1.5in;24,6;1015;46;'26.07.2023 16:13:00.760;;
637;41,617;-2632,682;-330,339;0,000;0,000;0,000;0,000;RRR 1.5in;24,6;1015;46;'26.07.2023 16:13:00.770;;
638;40,472;-2632,627;-330,343;0,000;0,000;0,000;0,000;RRR 1.5in;24,6;1015;46;'26.07.2023 16:13:00.780;;
639;39,315;-2632,573;-330,344;0,000;0,000;0,000;0,000;RRR 1.5in;24,6;1015;46;'26.07.2023 16:13:00.790;;
640;38,176;-2632,521;-330,347;0,000;0,000;0,000;0,000;RRR 1.5in;24,6;1015;46;'26.07.2023 16:13:00.800;;
641;37,038;-2632,451;-330,349;0,000;0,000;0,000;0,000;RRR 1.5in;24,6;1015;46;'26.07.2023 16:13:00.810;;
642;35,901;-2632,365;-330,350;0,000;0,000;0,000;0,000;RRR 1.5in;24,6;1015;46;'26.07.2023 16:13:00.820;;
643;34,745;-2632,273;-330,349;0,000;0,000;0,000;0,000;RRR 1.5in;24,6;1015;46;'26.07.2023 16:13:00.830;;
644;33,608;-2632,195;-330,355;0,000;0,000;0,000;0,000;RRR 1.5in;24,6;1015;46;'26.07.2023 16:13:00.840;;
645;32,462;-2632,139;-330,366;0,000;0,000;0,000;0,000;RRR 1.5in;24,6;1015;46;'26.07.2023 16:13:00.850;;
646;31,320;-2632,089;-330,367;0,000;0,000;0,000;0,000;RRR 1.5in;24,6;1015;46;'26.07.2023 16:13:00.860;;
647;30,174;-2632,034;-330,362;0,000;0,000;0,000;0,000;RRR 1.5in;24,6;1015;46;'26.07.2023 16:13:00.870;;
648;29,037;-2631,975;-330,357;0,000;0,000;0,000;0,000;RRR 1.5in;24,6;1015;46;'26.07.2023 16:13:00.880;;
649;27,899;-2631,915;-330,357;0,000;0,000;0,000;0,000;RRR 1.5in;24,6;1015;46;'26.07.2023 16:13:00.890;;
650;26,738;-2631,848;-330,360;0,000;0,000;0,000;0,000;RRR 1.5in;24,6;1015;46;'26.07.2023 16:13:00.900;;
651;25,592;-2631,766;-330,363;0,000;0,000;0,000;0,000;RRR 1.5in;24,6;1015;46;'26.07.2023 16:13:00.910;;
652;24,437;-2631,690;-330,367;0,000;0,000;0,000;0,000;RRR 1.5in;24,6;1015;46;'26.07.2023 16:13:00.920;;
653;23,293;-2631,637;-330,376;0,000;0,000;0,000;0,000;RRR 1.5in;24,6;1015;46;'26.07.2023 16:13:00.930;;
654;22,158;-2631,583;-330,380;0,000;0,000;0,000;0,000;RRR 1.5in;24,6;1015;46;'26.07.2023 16:13:00.940;;
655;21,032;-2631,513;-330,375;0,000;0,000;0,000;0,000;RRR 1.5in;24,6;1015;46;'26.07.2023 16:13:00.950;;
656;19,879;-2631,436;-330,370;0,000;0,000;0,000;0,000;RRR 1.5in;24,6;1015;46;'26.07.2023 16:13:00.960;;
657;18,734;-2631,363;-330,378;0,000;0,000;0,000;0,000;RRR 1.5in;24,6;1015;46;'26.07.2023 16:13:00.970;;
658;17,586;-2631,283;-330,382;0,000;0,000;0,000;0,000;RRR 1.5in;24,6;1015;46;'26.07.2023 16:13:00.980;;
659;16,440;-2631,202;-330,377;0,000;0,000;0,000;0,000;RRR 1.5in;24,6;1015;46;'26.07.2023 16:13:00.990;;
660;15,300;-2631,144;-330,382;0,000;0,000;0,000;0,000;RRR 1.5in;24,6;1015;46;'26.07.2023 16:13:01.000;;
661;14,147;-2631,097;-330,393;0,000;0,000;0,000;0,000;RRR 1.5in;24,6;1015;46;'26.07.2023 16:13:01.010;;
662;13,014;-2631,036;-330,395;0,000;0,000;0,000;0,000;RRR 1.5in;24,6;1015;46;'26.07.2023 16:13:01.020;;
663;11,870;-2630,955;-330,382;0,000;0,000;0,000;0,000;RRR 1.5in;24,6;1015;46;'26.07.2023 16:13:01.030;;
664;10,715;-2630,890;-330,389;0,000;0,000;0,000;0,000;RRR 1.5in;24,6;1015;46;'26.07.2023 16:13:01.040;;
665;9,549;-2630,825;-330,401;0,000;0,000;0,000;0,000;RRR 1.5in;24,6;1015;46;'26.07.2023 16:13:01.050;;
666;8,420;-2630,756;-330,404;0,000;0,000;0,000;0,000;RRR 1.5in;24,6;1015;46;'26.07.2023 16:13:01.060;;
667;7,291;-2630,689;-330,405;0,000;0,000;0,000;0,000;RRR 1.5in;24,6;1015;46;'26.07.2023 16:13:01.070;;
668;6,157;-2630,632;-330,408;0,000;0,000;0,000;0,000;RRR 1.5in;24,6;1015;46;'26.07.2023 16:13:01.080;;
669;5,016;-2630,568;-330,412;0,000;0,000;0,000;0,000;RRR 1.5in;24,6;1015;46;'26.07.2023 16:13:01.090;;
670;3,880;-2630,488;-330,406;0,000;0,000;0,000;0,000;RRR 1.5in;24,6;1015;46;'26.07.2023 16:13:01.100;;
671;2,730;-2630,412;-330,405;0,000;0,000;0,000;0,000;RRR 1.5in;24,6;1015;46;'26.07.2023 16:13:01.110;;
672;1,574;-2630,338;-330,413;0,000;0,000;0,000;0,000;RRR 1.5in;24,6;1015;46;'26.07.2023 16:13:01.120;;
673;0,432;-2630,250;-330,408;0,000;0,000;0,000;0,000;RRR 1.5in;24,6;1015;46;'26.07.2023 16:13:01.130;;
674;-0,725;-2630,181;-330,410;0,000;0,000;0,000;0,000;RRR 1.5in;24,6;1015;46;'26.07.2023 16:13:01.140;;
675;-1,856;-2630,134;-330,414;0,000;0,000;0,000;0,000;RRR 1.5in;24,6;1015;46;'26.07.2023 16:13:01.150;;
676;-2,995;-2630,088;-330,419;0,000;0,000;0,000;0,000;RRR 1.5in;24,6;1015;46;'26.07.2023 16:13:01.160;;
677;-4,143;-2630,031;-330,419;0,000;0,000;0,000;0,000;RRR 1.5in;24,6;1015;46;'26.07.2023 16:13:01.170;;
678;-5,296;-2629,954;-330,413;0,000;0,000;0,000;0,000;RRR 1.5in;24,6;1015;46;'26.07.2023 16:13:01.180;;
679;-6,451;-2629,876;-330,406;0,000;0,000;0,000;0,000;RRR 1.5in;24,6;1015;46;'26.07.2023 16:13:01.190;;
680;-7,581;-2629,804;-330,410;0,000;0,000;0,000;0,000;RRR 1.5in;24,6;1015;46;'26.07.2023 16:13:01.200;;
681;-8,711;-2629,734;-330,417;0,000;0,000;0,000;0,000;RRR 1.5in;24,6;1015;46;'26.07.2023 16:13:01.210;;
682;-9,845;-2629,658;-330,413;0,000;0,000;0,000;0,000;RRR 1.5in;24,6;1015;46;'26.07.2023 16:13:01.220;;
683;-10,991;-2629,594;-330,404;0,000;0,000;0,000;0,000;RRR 1.5in;24,6;1015;46;'26.07.2023 16:13:01.230;;
684;-12,114;-2629,561;-330,411;0,000;0,000;0,000;0,000;RRR 1.5in;24,6;1015;46;'26.07.2023 16:13:01.240;;
685;-13,264;-2629,520;-330,420;0,000;0,000;0,000;0,000;RRR 1.5in;24,6;1015;46;'26.07.2023 16:13:01.250;;
686;-14,407;-2629,446;-330,414;0,000;0,000;0,000;0,000;RRR 1.5in;24,6;1015;46;'26.07.2023 16:13:01.260;;
687;-15,564;-2629,356;-330,406;0,000;0,000;0,000;0,000;RRR 1.5in;24,6;1015;46;'26.07.2023 16:13:01.270;;
688;-16,713;-2629,284;-330,416;0,000;0,000;0,000;0,000;RRR 1.5in;24,6;1015;46;'26.07.2023 16:13:01.280;;
689;-17,855;-2629,216;-330,420;0,000;0,000;0,000;0,000;RRR 1.5in;24,6;1015;46;'26.07.2023 16:13:01.290;;
690;-19,000;-2629,150;-330,413;0,000;0,000;0,000;0,000;RRR 1.5in;24,6;1015;46;'26.07.2023 16:13:01.300;;
691;-20,127;-2629,100;-330,411;0,000;0,000;0,000;0,000;RRR 1.5in;24,6;1015;46;'26.07.2023 16:13:01.310;;
692;-21,264;-2629,064;-330,426;0,000;0,000;0,000;0,000;RRR 1.5in;24,6;1015;46;'26.07.2023 16:13:01.320;;
693;-22,387;-2629,010;-330,431;0,000;0,000;0,000;0,000;RRR 1.5in;24,6;1015;46;'26.07.2023 16:13:01.330;;
694;-23,518;-2628,917;-330,417;0,000;0,000;0,000;0,000;RRR 1.5in;24,6;1015;46;'26.07.2023 16:13:01.340;;
695;-24,665;-2628,839;-330,417;0,000;0,000;0,000;0,000;RRR 1.5in;24,6;1015;46;'26.07.2023 16:13:01.350;;
696;-25,811;-2628,777;-330,430;0,000;0,000;0,000;0,000;RRR 1.5in;24,6;1015;46;'26.07.2023 16:13:01.360;;
697;-26,958;-2628,706;-330,427;0,000;0,000;0,000;0,000;RRR 1.5in;24,6;1015;46;'26.07.2023 16:13:01.370;;
698;-28,100;-2628,632;-330,418;0,000;0,000;0,000;0,000;RRR 1.5in;24,6;1015;46;'26.07.2023 16:13:01.380;;
699;-29,252;-2628,572;-330,421;0,000;0,000;0,000;0,000;RRR 1.5in;24,6;1015;46;'26.07.2023 16:13:01.390;;
700;-30,399;-2628,519;-330,427;0,000;0,000;0,000;0,000;RRR 1.5in;24,6;1015;46;'26.07.2023 16:13:01.400;;
701;-31,551;-2628,452;-330,426;0,000;0,000;0,000;0,000;RRR 1.5in;24,6;1015;46;'26.07.2023 16:13:01.410;;
702;-32,693;-2628,365;-330,419;0,000;0,000;0,000;0,000;RRR 1.5in;24,6;1015;46;'26.07.2023 16:13:01.420;;
703;-33,838;-2628,287;-330,423;0,000;0,000;0,000;0,000;RRR 1.5in;24,6;1015;46;'26.07.2023 16:13:01.430;;
704;-34,981;-2628,224;-330,424;0,000;0,000;0,000;0,000;RRR 1.5in;24,6;1015;46;'26.07.2023 16:13:01.440;;
705;-36,098;-2628,180;-330,430;0,000;0,000;0,000;0,000;RRR 1.5in;24,6;1015;46;'26.07.2023 16:13:01.450;;
706;-37,233;-2628,126;-330,430;0,000;0,000;0,000;0,000;RRR 1.5in;24,6;1015;46;'26.07.2023 16:13:01.460;;
707;-38,366;-2628,063;-330,430;0,000;0,000;0,000;0,000;RRR 1.5in;24,6;1015;46;'26.07.2023 16:13:01.470;;
708;-39,512;-2627,990;-330,427;0,000;0,000;0,000;0,000;RRR 1.5in;24,6;1015;46;'26.07.2023 16:13:01.480;;
709;-40,666;-2627,925;-330,429;0,000;0,000;0,000;0,000;RRR 1.5in;24,6;1015;46;'26.07.2023 16:13:01.490;;
710;-41,814;-2627,851;-330,422;0,000;0,000;0,000;0,000;RRR 1.5in;24,6;1015;46;'26.07.2023 16:13:01.500;;
711;-42,959;-2627,787;-330,419;0,000;0,000;0,000;0,000;RRR 1.5in;24,6;1015;46;'26.07.2023 16:13:01.510;;
712;-44,105;-2627,730;-330,414;0,000;0,000;0,000;0,000;RRR 1.5in;24,6;1015;46;'26.07.2023 16:13:01.520;;
713;-45,253;-2627,684;-330,420;0,000;0,000;0,000;0,000;RRR 1.5in;24,6;1015;46;'26.07.2023 16:13:01.530;;
714;-46,389;-2627,630;-330,422;0,000;0,000;0,000;0,000;RRR 1.5in;24,6;1015;46;'26.07.2023 16:13:01.540;;
715;-47,520;-2627,562;-330,420;0,000;0,000;0,000;0,000;RRR 1.5in;24,6;1015;46;'26.07.2023 16:13:01.550;;
716;-48,665;-2627,483;-330,417;0,000;0,000;0,000;0,000;RRR 1.5in;24,6;1015;46;'26.07.2023 16:13:01.560;;
717;-49,812;-2627,408;-330,422;0,000;0,000;0,000;0,000;RRR 1.5in;24,6;1015;46;'26.07.2023 16:13:01.570;;
718;-50,958;-2627,320;-330,420;0,000;0,000;0,000;0,000;RRR 1.5in;24,6;1015;46;'26.07.2023 16:13:01.580;;
719;-52,099;-2627,234;-330,414;0,000;0,000;0,000;0,000;RRR 1.5in;24,6;1015;46;'26.07.2023 16:13:01.590;;
720;-53,257;-2627,164;-330,409;0,000;0,000;0,000;0,000;RRR 1.5in;24,6;1015;46;'26.07.2023 16:13:01.600;;
721;-54,400;-2627,120;-330,410;0,000;0,000;0,000;0,000;RRR 1.5in;24,6;1015;46;'26.07.2023 16:13:01.610;;
722;-55,544;-2627,087;-330,410;0,000;0,000;0,000;0,000;RRR 1.5in;24,6;1015;46;'26.07.2023 16:13:01.620;;
723;-56,697;-2627,043;-330,406;0,000;0,000;0,000;0,000;RRR 1.5in;24,6;1015;46;'26.07.2023 16:13:01.630;;
724;-57,842;-2626,977;-330,398;0,000;0,000;0,000;0,000;RRR 1.5in;24,6;1015;46;'26.07.2023 16:13:01.640;;
725;-59,006;-2626,906;-330,399;0,000;0,000;0,000;0,000;RRR 1.5in;24,6;1015;46;'26.07.2023 16:13:01.650;;
726;-60,147;-2626,833;-330,402;0,000;0,000;0,000;0,000;RRR 1.5in;24,6;1015;46;'26.07.2023 16:13:01.660;;
727;-61,285;-2626,752;-330,403;0,000;0,000;0,000;0,000;RRR 1.5in;24,6;1015;46;'26.07.2023 16:13:01.670;;
728;-62,417;-2626,679;-330,396;0,000;0,000;0,000;0,000;RRR 1.5in;24,6;1015;46;'26.07.2023 16:13:01.680;;
729;-63,541;-2626,631;-330,393;0,000;0,000;0,000;0,000;RRR 1.5in;24,6;1015;46;'26.07.2023 16:13:01.690;;
730;-64,682;-2626,600;-330,396;0,000;0,000;0,000;0,000;RRR 1.5in;24,6;1015;46;'26.07.2023 16:13:01.700;;
731;-65,818;-2626,556;-330,390;0,000;0,000;0,000;0,000;RRR 1.5in;24,6;1015;46;'26.07.2023 16:13:01.710;;
732;-66,963;-2626,488;-330,383;0,000;0,000;0,000;0,000;RRR 1.5in;24,6;1015;46;'26.07.2023 16:13:01.720;;
733;-68,112;-2626,418;-330,386;0,000;0,000;0,000;0,000;RRR 1.5in;24,6;1015;46;'26.07.2023 16:13:01.730;;
734;-69,282;-2626,346;-330,393;0,000;0,000;0,000;0,000;RRR 1.5in;24,6;1015;46;'26.07.2023 16:13:01.740;;
735;-70,447;-2626,268;-330,392;0,000;0,000;0,000;0,000;RRR 1.5in;24,6;1015;46;'26.07.2023 16:13:01.750;;
736;-71,604;-2626,192;-330,382;0,000;0,000;0,000;0,000;RRR 1.5in;24,6;1015;46;'26.07.2023 16:13:01.760;;
737;-72,746;-2626,142;-330,385;0,000;0,000;0,000;0,000;RRR 1.5in;24,6;1015;46;'26.07.2023 16:13:01.770;;
738;-73,873;-2626,112;-330,400;0,000;0,000;0,000;0,000;RRR 1.5in;24,6;1015;46;'26.07.2023 16:13:01.780;;
739;-75,007;-2626,053;-330,403;0,000;0,000;0,000;0,000;RRR 1.5in;24,6;1015;46;'26.07.2023 16:13:01.790;;
740;-76,137;-2625,953;-330,385;0,000;0,000;0,000;0,000;RRR 1.5in;24,6;1015;46;'26.07.2023 16:13:01.800;;
741;-77,277;-2625,860;-330,378;0,000;0,000;0,000;0,000;RRR 1.5in;24,6;1015;46;'26.07.2023 16:13:01.810;;
742;-78,441;-2625,792;-330,388;0,000;0,000;0,000;0,000;RRR 1.5in;24,6;1015;46;'26.07.2023 16:13:01.820;;
743;-79,585;-2625,716;-330,381;0,000;0,000;0,000;0,000;RRR 1.5in;24,6;1015;46;'26.07.2023 16:13:01.830;;
744;-80,734;-2625,652;-330,377;0,000;0,000;0,000;0,000;RRR 1.5in;24,6;1015;46;'26.07.2023 16:13:01.840;;
745;-81,888;-2625,605;-330,382;0,000;0,000;0,000;0,000;RRR 1.5in;24,6;1015;46;'26.07.2023 16:13:01.850;;
746;-83,023;-2625,567;-330,391;0,000;0,000;0,000;0,000;RRR 1.5in;24,6;1015;46;'26.07.2023 16:13:01.860;;
747;-84,176;-2625,511;-330,388;0,000;0,000;0,000;0,000;RRR 1.5in;24,6;1015;46;'26.07.2023 16:13:01.870;;
748;-85,326;-2625,450;-330,388;0,000;0,000;0,000;0,000;RRR 1.5in;24,6;1015;46;'26.07.2023 16:13:01.880;;
749;-86,470;-2625,376;-330,396;0,000;0,000;0,000;0,000;RRR 1.5in;24,6;1015;46;'26.07.2023 16:13:01.890;;
750;-87,603;-2625,294;-330,398;0,000;0,000;0,000;0,000;RRR 1.5in;24,6;1015;46;'26.07.2023 16:13:01.900;;
751;-88,738;-2625,198;-330,388;0,000;0,000;0,000;0,000;RRR 1.5in;24,6;1015;46;'26.07.2023 16:13:01.910;;
752;-89,878;-2625,123;-330,386;0,000;0,000;0,000;0,000;RRR 1.5in;24,6;1015;46;'26.07.2023 16:13:01.920;;
753;-91,007;-2625,057;-330,383;0,000;0,000;0,000;0,000;RRR 1.5in;24,6;1015;46;'26.07.2023 16:13:01.930;;
754;-92,140;-2625,012;-330,384;0,000;0,000;0,000;0,000;RRR 1.5in;24,6;1015;46;'26.07.2023 16:13:01.940;;
755;-93,284;-2624,967;-330,385;0,000;0,000;0,000;0,000;RRR 1.5in;24,6;1015;46;'26.07.2023 16:13:01.950;;
756;-94,439;-2624,905;-330,385;0,000;0,000;0,000;0,000;RRR 1.5in;24,6;1015;46;'26.07.2023 16:13:01.960;;
757;-95,594;-2624,832;-330,383;0,000;0,000;0,000;0,000;RRR 1.5in;24,6;1015;46;'26.07.2023 16:13:01.970;;
758;-96,748;-2624,757;-330,377;0,000;0,000;0,000;0,000;RRR 1.5in;24,6;1015;46;'26.07.2023 16:13:01.980;;
759;-97,900;-2624,685;-330,382;0,000;0,000;0,000;0,000;RRR 1.5in;24,6;1015;46;'26.07.2023 16:13:01.990;;
760;-99,037;-2624,606;-330,379;0,000;0,000;0,000;0,000;RRR 1.5in;24,6;1015;46;'26.07.2023 16:13:02.000;;
761;-100,175;-2624,537;-330,373;0,000;0,000;0,000;0,000;RRR 1.5in;24,6;1015;46;'26.07.2023 16:13:02.010;;
762;-101,314;-2624,488;-330,370;0,000;0,000;0,000;0,000;RRR 1.5in;24,6;1015;46;'26.07.2023 16:13:02.020;;
763;-102,433;-2624,454;-330,377;0,000;0,000;0,000;0,000;RRR 1.5in;24,6;1015;46;'26.07.2023 16:13:02.030;;
764;-103,569;-2624,388;-330,370;0,000;0,000;0,000;0,000;RRR 1.5in;24,6;1015;46;'26.07.2023 16:13:02.040;;
765;-104,694;-2624,302;-330,354;0,000;0,000;0,000;0,000;RRR 1.5in;24,6;1015;46;'26.07.2023 16:13:02.050;;
766;-105,835;-2624,221;-330,352;0,000;0,000;0,000;0,000;RRR 1.5in;24,6;1015;46;'26.07.2023 16:13:02.060;;
767;-106,992;-2624,144;-330,363;0,000;0,000;0,000;0,000;RRR 1.5in;24,6;1015;46;'26.07.2023 16:13:02.070;;
768;-108,153;-2624,050;-330,355;0,000;0,000;0,000;0,000;RRR 1.5in;24,6;1015;46;'26.07.2023 16:13:02.080;;
769;-109,307;-2623,974;-330,342;0,000;0,000;0,000;0,000;RRR 1.5in;24,6;1015;46;'26.07.2023 16:13:02.090;;
770;-110,448;-2623,948;-330,348;0,000;0,000;0,000;0,000;RRR 1.5in;24,6;1015;46;'26.07.2023 16:13:02.100;;
771;-111,574;-2623,933;-330,359;0,000;0,000;0,000;0,000;RRR 1.5in;24,6;1015;46;'26.07.2023 16:13:02.110;;
772;-112,699;-2623,884;-330,355;0,000;0,000;0,000;0,000;RRR 1.5in;24,6;1015;46;'26.07.2023 16:13:02.120;;
773;-113,823;-2623,806;-330,340;0,000;0,000;0,000;0,000;RRR 1.5in;24,6;1015;46;'26.07.2023 16:13:02.130;;
774;-114,967;-2623,751;-330,354;0,000;0,000;0,000;0,000;RRR 1.5in;24,6;1015;46;'26.07.2023 16:13:02.140;;
775;-116,114;-2623,676;-330,361;0,000;0,000;0,000;0,000;RRR 1.5in;24,6;1015;46;'26.07.2023 16:13:02.150;;
776;-117,265;-2623,574;-330,349;0,000;0,000;0,000;0,000;RRR 1.5in;24,6;1015;46;'26.07.2023 16:13:02.160;;
777;-118,422;-2623,471;-330,338;0,000;0,000;0,000;0,000;RRR 1.5in;24,6;1015;46;'26.07.2023 16:13:02.170;;
778;-119,554;-2623,393;-330,333;0,000;0,000;0,000;0,000;RRR 1.5in;24,6;1015;46;'26.07.2023 16:13:02.180;;
779;-120,694;-2623,340;-330,339;0,000;0,000;0,000;0,000;RRR 1.5in;24,6;1015;46;'26.07.2023 16:13:02.190;;
780;-121,837;-2623,306;-330,344;0,000;0,000;0,000;0,000;RRR 1.5in;24,6;1015;46;'26.07.2023 16:13:02.200;;
781;-122,993;-2623,259;-330,342;0,000;0,000;0,000;0,000;RRR 1.5in;24,6;1015;46;'26.07.2023 16:13:02.210;;
782;-124,147;-2623,201;-330,342;0,000;0,000;0,000;0,000;RRR 1.5in;24,6;1015;46;'26.07.2023 16:13:02.220;;
783;-125,276;-2623,127;-330,339;0,000;0,000;0,000;0,000;RRR 1.5in;24,6;1015;46;'26.07.2023 16:13:02.230;;
784;-126,421;-2623,050;-330,345;0,000;0,000;0,000;0,000;RRR 1.5in;24,6;1015;46;'26.07.2023 16:13:02.240;;
785;-127,566;-2622,953;-330,344;0,000;0,000;0,000;0,000;RRR 1.5in;24,6;1015;46;'26.07.2023 16:13:02.250;;
786;-128,702;-2622,853;-330,333;0,000;0,000;0,000;0,000;RRR 1.5in;24,6;1015;46;'26.07.2023 16:13:02.260;;
787;-129,844;-2622,791;-330,334;0,000;0,000;0,000;0,000;RRR 1.5in;24,6;1015;46;'26.07.2023 16:13:02.270;;
788;-130,980;-2622,764;-330,345;0,000;0,000;0,000;0,000;RRR 1.5in;24,6;1015;46;'26.07.2023 16:13:02.280;;
789;-132,125;-2622,725;-330,350;0,000;0,000;0,000;0,000;RRR 1.5in;24,6;1015;46;'26.07.2023 16:13:02.290;;
790;-133,276;-2622,656;-330,343;0,000;0,000;0,000;0,000;RRR 1.5in;24,6;1015;46;'26.07.2023 16:13:02.300;;
791;-134,417;-2622,581;-330,336;0,000;0,000;0,000;0,000;RRR 1.5in;24,6;1015;46;'26.07.2023 16:13:02.310;;
792;-135,565;-2622,524;-330,344;0,000;0,000;0,000;0,000;RRR 1.5in;24,6;1015;46;'26.07.2023 16:13:02.320;;
793;-136,714;-2622,458;-330,349;0,000;0,000;0,000;0,000;RRR 1.5in;24,6;1015;46;'26.07.2023 16:13:02.330;;
794;-137,866;-2622,377;-330,342;0,000;0,000;0,000;0,000;RRR 1.5in;24,6;1015;46;'26.07.2023 16:13:02.340;;
795;-139,019;-2622,303;-330,337;0,000;0,000;0,000;0,000;RRR 1.5in;24,6;1015;46;'26.07.2023 16:13:02.350;;
796;-140,164;-2622,238;-330,336;0,000;0,000;0,000;0,000;RRR 1.5in;24,6;1015;46;'26.07.2023 16:13:02.360;;
797;-141,291;-2622,182;-330,343;0,000;0,000;0,000;0,000;RRR 1.5in;24,6;1015;46;'26.07.2023 16:13:02.370;;
798;-142,419;-2622,114;-330,340;0,000;0,000;0,000;0,000;RRR 1.5in;24,6;1015;46;'26.07.2023 16:13:02.380;;
799;-143,553;-2622,047;-330,336;0,000;0,000;0,000;0,000;RRR 1.5in;24,6;1015;46;'26.07.2023 16:13:02.390;;
800;-144,710;-2621,988;-330,339;0,000;0,000;0,000;0,000;RRR 1.5in;24,6;1015;46;'26.07.2023 16:13:02.400;;
801;-145,861;-2621,931;-330,345;0,000;0,000;0,000;0,000;RRR 1.5in;24,6;1015;46;'26.07.2023 16:13:02.410;;
802;-147,043;-2621,860;-330,352;0,000;0,000;0,000;0,000;RRR 1.5in;24,6;1015;46;'26.07.2023 16:13:02.420;;
803;-148,205;-2621,775;-330,349;0,000;0,000;0,000;0,000;RRR 1.5in;24,6;1015;46;'26.07.2023 16:13:02.430;;
804;-149,335;-2621,686;-330,338;0,000;0,000;0,000;0,000;RRR 1.5in;24,6;1015;46;'26.07.2023 16:13:02.440;;
805;-150,474;-2621,624;-330,341;0,000;0,000;0,000;0,000;RRR 1.5in;24,6;1015;46;'26.07.2023 16:13:02.450;;
806;-151,603;-2621,578;-330,345;0,000;0,000;0,000;0,000;RRR 1.5in;24,6;1015;46;'26.07.2023 16:13:02.460;;
807;-152,741;-2621,525;-330,345;0,000;0,000;0,000;0,000;RRR 1.5in;24,6;1015;46;'26.07.2023 16:13:02.470;;
808;-153,895;-2621,464;-330,347;0,000;0,000;0,000;0,000;RRR 1.5in;24,6;1015;46;'26.07.2023 16:13:02.480;;
809;-155,028;-2621,403;-330,352;0,000;0,000;0,000;0,000;RRR 1.5in;24,6;1015;46;'26.07.2023 16:13:02.490;;
810;-156,161;-2621,333;-330,359;0,000;0,000;0,000;0,000;RRR 1.5in;24,6;1015;46;'26.07.2023 16:13:02.500;;
811;-157,307;-2621,247;-330,359;0,000;0,000;0,000;0,000;RRR 1.5in;24,6;1015;46;'26.07.2023 16:13:02.510;;
812;-158,460;-2621,160;-330,349;0,000;0,000;0,000;0,000;RRR 1.5in;24,6;1015;46;'26.07.2023 16:13:02.520;;
813;-159,625;-2621,103;-330,354;0,000;0,000;0,000;0,000;RRR 1.5in;24,6;1015;46;'26.07.2023 16:13:02.530;;
814;-160,786;-2621,062;-330,357;0,000;0,000;0,000;0,000;RRR 1.5in;24,6;1015;46;'26.07.2023 16:13:02.540;;
815;-161,922;-2621,016;-330,354;0,000;0,000;0,000;0,000;RRR 1.5in;24,6;1015;46;'26.07.2023 16:13:02.550;;
816;-163,053;-2620,964;-330,350;0,000;0,000;0,000;0,000;RRR 1.5in;24,6;1015;46;'26.07.2023 16:13:02.560;;
817;-164,171;-2620,913;-330,352;0,000;0,000;0,000;0,000;RRR 1.5in;24,6;1015;46;'26.07.2023 16:13:02.570;;
818;-165,297;-2620,858;-330,363;0,000;0,000;0,000;0,000;RRR 1.5in;24,6;1015;46;'26.07.2023 16:13:02.580;;
819;-166,435;-2620,781;-330,367;0,000;0,000;0,000;0,000;RRR 1.5in;24,6;1015;46;'26.07.2023 16:13:02.590;;
820;-167,587;-2620,692;-330,365;0,000;0,000;0,000;0,000;RRR 1.5in;24,6;1015;46;'26.07.2023 16:13:02.600;;
821;-168,739;-2620,612;-330,369;0,000;0,000;0,000;0,000;RRR 1.5in;24,6;1015;46;'26.07.2023 16:13:02.610;;
822;-169,884;-2620,531;-330,367;0,000;0,000;0,000;0,000;RRR 1.5in;24,6;1015;46;'26.07.2023 16:13:02.620;;
823;-171,031;-2620,458;-330,361;0,000;0,000;0,000;0,000;RRR 1.5in;24,6;1015;46;'26.07.2023 16:13:02.630;;
824;-172,192;-2620,401;-330,365;0,000;0,000;0,000;0,000;RRR 1.5in;24,6;1015;46;'26.07.2023 16:13:02.640;;
825;-173,331;-2620,349;-330,368;0,000;0,000;0,000;0,000;RRR 1.5in;24,6;1015;46;'26.07.2023 16:13:02.650;;
826;-174,483;-2620,287;-330,367;0,000;0,000;0,000;0,000;RRR 1.5in;24,6;1015;46;'26.07.2023 16:13:02.660;;
827;-175,618;-2620,226;-330,367;0,000;0,000;0,000;0,000;RRR 1.5in;24,6;1015;46;'26.07.2023 16:13:02.670;;
828;-176,750;-2620,165;-330,370;0,000;0,000;0,000;0,000;RRR 1.5in;24,6;1015;46;'26.07.2023 16:13:02.680;;
829;-177,889;-2620,114;-330,382;0,000;0,000;0,000;0,000;RRR 1.5in;24,6;1015;46;'26.07.2023 16:13:02.690;;
830;-179,020;-2620,043;-330,382;0,000;0,000;0,000;0,000;RRR 1.5in;24,6;1015;46;'26.07.2023 16:13:02.700;;
831;-180,142;-2619,959;-330,378;0,000;0,000;0,000;0,000;RRR 1.5in;24,6;1015;46;'26.07.2023 16:13:02.710;;
832;-181,296;-2619,877;-330,379;0,000;0,000;0,000;0,000;RRR 1.5in;24,6;1015;46;'26.07.2023 16:13:02.720;;
833;-182,455;-2619,799;-330,376;0,000;0,000;0,000;0,000;RRR 1.5in;24,6;1015;46;'26.07.2023 16:13:02.730;;
834;-183,610;-2619,727;-330,373;0,000;0,000;0,000;0,000;RRR 1.5in;24,6;1015;46;'26.07.2023 16:13:02.740;;
835;-184,761;-2619,671;-330,375;0,000;0,000;0,000;0,000;RRR 1.5in;24,6;1015;46;'26.07.2023 16:13:02.750;;
836;-185,892;-2619,625;-330,375;0,000;0,000;0,000;0,000;RRR 1.5in;24,6;1015;46;'26.07.2023 16:13:02.760;;
837;-187,023;-2619,583;-330,381;0,000;0,000;0,000;0,000;RRR 1.5in;24,6;1015;46;'26.07.2023 16:13:02.770;;
838;-188,169;-2619,529;-330,393;0,000;0,000;0,000;0,000;RRR 1.5in;24,6;1015;46;'26.07.2023 16:13:02.780;;
839;-189,311;-2619,450;-330,393;0,000;0,000;0,000;0,000;RRR 1.5in;24,6;1015;46;'26.07.2023 16:13:02.790;;
840;-190,455;-2619,367;-330,395;0,000;0,000;0,000;0,000;RRR 1.5in;24,6;1015;46;'26.07.2023 16:13:02.800;;
841;-191,590;-2619,286;-330,398;0,000;0,000;0,000;0,000;RRR 1.5in;24,6;1015;46;'26.07.2023 16:13:02.810;;
842;-192,726;-2619,202;-330,394;0,000;0,000;0,000;0,000;RRR 1.5in;24,6;1015;46;'26.07.2023 16:13:02.820;;
843;-193,866;-2619,118;-330,388;0,000;0,000;0,000;0,000;RRR 1.5in;24,6;1015;46;'26.07.2023 16:13:02.830;;
844;-195,022;-2619,045;-330,382;0,000;0,000;0,000;0,000;RRR 1.5in;24,6;1015;46;'26.07.2023 16:13:02.840;;
845;-196,174;-2618,999;-330,385;0,000;0,000;0,000;0,000;RRR 1.5in;24,6;1015;46;'26.07.2023 16:13:02.850;;
846;-197,321;-2618,960;-330,392;0,000;0,000;0,000;0,000;RRR 1.5in;24,6;1015;46;'26.07.2023 16:13:02.860;;
847;-198,456;-2618,912;-330,396;0,000;0,000;0,000;0,000;RRR 1.5in;24,6;1015;46;'26.07.2023 16:13:02.870;;
848;-199,595;-2618,856;-330,405;0,000;0,000;0,000;0,000;RRR 1.5in;24,6;1015;46;'26.07.2023 16:13:02.880;;
849;-200,732;-2618,774;-330,403;0,000;0,000;0,000;0,000;RRR 1.5in;24,6;1015;46;'26.07.2023 16:13:02.890;;
850;-201,869;-2618,689;-330,402;0,000;0,000;0,000;0,000;RRR 1.5in;24,6;1015;46;'26.07.2023 16:13:02.900;;
851;-203,029;-2618,609;-330,407;0,000;0,000;0,000;0,000;RRR 1.5in;24,6;1015;46;'26.07.2023 16:13:02.910;;
852;-204,162;-2618,522;-330,403;0,000;0,000;0,000;0,000;RRR 1.5in;24,6;1015;46;'26.07.2023 16:13:02.920;;
853;-205,298;-2618,439;-330,389;0,000;0,000;0,000;0,000;RRR 1.5in;24,6;1015;46;'26.07.2023 16:13:02.930;;
854;-206,444;-2618,389;-330,393;0,000;0,000;0,000;0,000;RRR 1.5in;24,6;1015;46;'26.07.2023 16:13:02.940;;
855;-207,590;-2618,344;-330,396;0,000;0,000;0,000;0,000;RRR 1.5in;24,6;1015;46;'26.07.2023 16:13:02.950;;
856;-208,733;-2618,301;-330,399;0,000;0,000;0,000;0,000;RRR 1.5in;24,6;1015;46;'26.07.2023 16:13:02.960;;
857;-209,888;-2618,250;-330,404;0,000;0,000;0,000;0,000;RRR 1.5in;24,6;1015;46;'26.07.2023 16:13:02.970;;
858;-211,034;-2618,184;-330,402;0,000;0,000;0,000;0,000;RRR 1.5in;24,6;1015;46;'26.07.2023 16:13:02.980;;
859;-212,165;-2618,113;-330,405;0,000;0,000;0,000;0,000;RRR 1.5in;24,6;1015;46;'26.07.2023 16:13:02.990;;
860;-213,314;-2618,043;-330,407;0,000;0,000;0,000;0,000;RRR 1.5in;24,6;1015;46;'26.07.2023 16:13:03.000;;
861;-214,450;-2617,968;-330,407;0,000;0,000;0,000;0,000;RRR 1.5in;24,6;1015;46;'26.07.2023 16:13:03.010;;
862;-215,583;-2617,886;-330,401;0,000;0,000;0,000;0,000;RRR 1.5in;24,6;1015;46;'26.07.2023 16:13:03.020;;
863;-216,734;-2617,807;-330,403;0,000;0,000;0,000;0,000;RRR 1.5in;24,6;1015;46;'26.07.2023 16:13:03.030;;
864;-217,876;-2617,733;-330,400;0,000;0,000;0,000;0,000;RRR 1.5in;24,6;1015;46;'26.07.2023 16:13:03.040;;
865;-219,016;-2617,661;-330,391;0,000;0,000;0,000;0,000;RRR 1.5in;24,6;1015;46;'26.07.2023 16:13:03.050;;
866;-220,161;-2617,626;-330,398;0,000;0,000;0,000;0,000;RRR 1.5in;24,6;1015;46;'26.07.2023 16:13:03.060;;
867;-221,308;-2617,609;-330,404;0,000;0,000;0,000;0,000;RRR 1.5in;24,6;1015;46;'26.07.2023 16:13:03.070;;
868;-222,448;-2617,578;-330,406;0,000;0,000;0,000;0,000;RRR 1.5in;24,6;1015;46;'26.07.2023 16:13:03.080;;
869;-223,587;-2617,520;-330,400;0,000;0,000;0,000;0,000;RRR 1.5in;24,6;1015;46;'26.07.2023 16:13:03.090;;
870;-224,735;-2617,455;-330,398;0,000;0,000;0,000;0,000;RRR 1.5in;24,6;1015;46;'26.07.2023 16:13:03.100;;
871;-225,879;-2617,374;-330,398;0,000;0,000;0,000;0,000;RRR 1.5in;24,6;1015;46;'26.07.2023 16:13:03.110;;
872;-227,021;-2617,280;-330,394;0,000;0,000;0,000;0,000;RRR 1.5in;24,6;1015;46;'26.07.2023 16:13:03.120;;
873;-228,150;-2617,180;-330,385;0,000;0,000;0,000;0,000;RRR 1.5in;24,6;1015;46;'26.07.2023 16:13:03.130;;
874;-229,294;-2617,088;-330,377;0,000;0,000;0,000;0,000;RRR 1.5in;24,6;1015;46;'26.07.2023 16:13:03.140;;
875;-230,442;-2617,033;-330,380;0,000;0,000;0,000;0,000;RRR 1.5in;24,6;1015;46;'26.07.2023 16:13:03.150;;
876;-231,599;-2617,003;-330,392;0,000;0,000;0,000;0,000;RRR 1.5in;24,6;1015;46;'26.07.2023 16:13:03.160;;
877;-232,756;-2616,964;-330,397;0,000;0,000;0,000;0,000;RRR 1.5in;24,6;1015;46;'26.07.2023 16:13:03.170;;
878;-233,898;-2616,910;-330,390;0,000;0,000;0,000;0,000;RRR 1.5in;24,6;1015;46;'26.07.2023 16:13:03.180;;
879;-235,032;-2616,855;-330,381;0,000;0,000;0,000;0,000;RRR 1.5in;24,6;1015;46;'26.07.2023 16:13:03.190;;
880;-236,179;-2616,801;-330,386;0,000;0,000;0,000;0,000;RRR 1.5in;24,6;1015;46;'26.07.2023 16:13:03.200;;
881;-237,334;-2616,723;-330,387;0,000;0,000;0,000;0,000;RRR 1.5in;24,6;1015;46;'26.07.2023 16:13:03.210;;
882;-238,472;-2616,630;-330,380;0,000;0,000;0,000;0,000;RRR 1.5in;24,6;1015;46;'26.07.2023 16:13:03.220;;
883;-239,617;-2616,535;-330,379;0,000;0,000;0,000;0,000;RRR 1.5in;24,6;1015;46;'26.07.2023 16:13:03.230;;
884;-240,748;-2616,456;-330,375;0,000;0,000;0,000;0,000;RRR 1.5in;24,6;1015;46;'26.07.2023 16:13:03.240;;
885;-241,883;-2616,390;-330,374;0,000;0,000;0,000;0,000;RRR 1.5in;24,6;1015;46;'26.07.2023 16:13:03.250;;
886;-243,037;-2616,340;-330,383;0,000;0,000;0,000;0,000;RRR 1.5in;24,6;1015;46;'26.07.2023 16:13:03.260;;
887;-244,191;-2616,290;-330,385;0,000;0,000;0,000;0,000;RRR 1.5in;24,6;1015;46;'26.07.2023 16:13:03.270;;
888;-245,335;-2616,246;-330,385;0,000;0,000;0,000;0,000;RRR 1.5in;24,6;1015;46;'26.07.2023 16:13:03.280;;
889;-246,494;-2616,196;-330,392;0,000;0,000;0,000;0,000;RRR 1.5in;24,6;1015;46;'26.07.2023 16:13:03.290;;
890;-247,649;-2616,129;-330,391;0,000;0,000;0,000;0,000;RRR 1.5in;24,6;1015;46;'26.07.2023 16:13:03.300;;
891;-248,788;-2616,049;-330,378;0,000;0,000;0,000;0,000;RRR 1.5in;24,6;1015;46;'26.07.2023 16:13:03.310;;
892;-249,931;-2615,984;-330,377;0,000;0,000;0,000;0,000;RRR 1.5in;24,6;1015;46;'26.07.2023 16:13:03.320;;
893;-251,061;-2615,933;-330,387;0,000;0,000;0,000;0,000;RRR 1.5in;24,6;1015;46;'26.07.2023 16:13:03.330;;
894;-252,201;-2615,870;-330,389;0,000;0,000;0,000;0,000;RRR 1.5in;24,6;1015;46;'26.07.2023 16:13:03.340;;
895;-253,343;-2615,793;-330,385;0,000;0,000;0,000;0,000;RRR 1.5in;24,6;1015;46;'26.07.2023 16:13:03.350;;
896;-254,497;-2615,713;-330,379;0,000;0,000;0,000;0,000;RRR 1.5in;24,6;1015;46;'26.07.2023 16:13:03.360;;
897;-255,649;-2615,647;-330,382;0,000;0,000;0,000;0,000;RRR 1.5in;24,6;1015;46;'26.07.2023 16:13:03.370;;
898;-256,806;-2615,588;-330,391;0,000;0,000;0,000;0,000;RRR 1.5in;24,6;1015;46;'26.07.2023 16:13:03.380;;
899;-257,952;-2615,524;-330,388;0,000;0,000;0,000;0,000;RRR 1.5in;24,6;1015;46;'26.07.2023 16:13:03.390;;
900;-259,087;-2615,466;-330,380;0,000;0,000;0,000;0,000;RRR 1.5in;24,6;1015;46;'26.07.2023 16:13:03.400;;
901;-260,233;-2615,425;-330,382;0,000;0,000;0,000;0,000;RRR 1.5in;24,6;1015;46;'26.07.2023 16:13:03.410;;
902;-261,373;-2615,383;-330,392;0,000;0,000;0,000;0,000;RRR 1.5in;24,6;1015;46;'26.07.2023 16:13:03.420;;
903;-262,521;-2615,311;-330,392;0,000;0,000;0,000;0,000;RRR 1.5in;24,6;1015;46;'26.07.2023 16:13:03.430;;
904;-263,656;-2615,217;-330,388;0,000;0,000;0,000;0,000;RRR 1.5in;24,6;1015;46;'26.07.2023 16:13:03.440;;
905;-264,793;-2615,117;-330,384;0,000;0,000;0,000;0,000;RRR 1.5in;24,6;1015;46;'26.07.2023 16:13:03.450;;
906;-265,934;-2615,040;-330,390;0,000;0,000;0,000;0,000;RRR 1.5in;24,6;1015;46;'26.07.2023 16:13:03.460;;
907;-267,087;-2614,976;-330,401;0,000;0,000;0,000;0,000;RRR 1.5in;24,6;1015;46;'26.07.2023 16:13:03.470;;
908;-268,243;-2614,908;-330,399;0,000;0,000;0,000;0,000;RRR 1.5in;24,6;1015;46;'26.07.2023 16:13:03.480;;
909;-269,380;-2614,844;-330,393;0,000;0,000;0,000;0,000;RRR 1.5in;24,6;1015;46;'26.07.2023 16:13:03.490;;
910;-270,524;-2614,796;-330,396;0,000;0,000;0,000;0,000;RRR 1.5in;24,6;1015;46;'26.07.2023 16:13:03.500;;
911;-271,667;-2614,749;-330,401;0,000;0,000;0,000;0,000;RRR 1.5in;24,6;1015;46;'26.07.2023 16:13:03.510;;
912;-272,811;-2614,688;-330,398;0,000;0,000;0,000;0,000;RRR 1.5in;24,6;1015;46;'26.07.2023 16:13:03.520;;
913;-273,951;-2614,626;-330,401;0,000;0,000;0,000;0,000;RRR 1.5in;24,6;1015;46;'26.07.2023 16:13:03.530;;
914;-275,083;-2614,553;-330,402;0,000;0,000;0,000;0,000;RRR 1.5in;24,6;1015;46;'26.07.2023 16:13:03.540;;
915;-276,222;-2614,484;-330,403;0,000;0,000;0,000;0,000;RRR 1.5in;24,6;1015;46;'26.07.2023 16:13:03.550;;
916;-277,371;-2614,426;-330,414;0,000;0,000;0,000;0,000;RRR 1.5in;24,6;1015;46;'26.07.2023 16:13:03.560;;
917;-278,526;-2614,353;-330,418;0,000;0,000;0,000;0,000;RRR 1.5in;24,6;1015;46;'26.07.2023 16:13:03.570;;
918;-279,658;-2614,270;-330,404;0,000;0,000;0,000;0,000;RRR 1.5in;24,6;1015;46;'26.07.2023 16:13:03.580;;
919;-280,798;-2614,207;-330,398;0,000;0,000;0,000;0,000;RRR 1.5in;24,6;1015;46;'26.07.2023 16:13:03.590;;
920;-281,941;-2614,161;-330,406;0,000;0,000;0,000;0,000;RRR 1.5in;24,6;1015;46;'26.07.2023 16:13:03.600;;
921;-283,090;-2614,107;-330,407;0,000;0,000;0,000;0,000;RRR 1.5in;24,6;1015;46;'26.07.2023 16:13:03.610;;
922;-284,230;-2614,040;-330,403;0,000;0,000;0,000;0,000;RRR 1.5in;24,6;1015;46;'26.07.2023 16:13:03.620;;
923;-285,359;-2613,975;-330,406;0,000;0,000;0,000;0,000;RRR 1.5in;24,6;1015;46;'26.07.2023 16:13:03.630;;
924;-286,488;-2613,906;-330,408;0,000;0,000;0,000;0,000;RRR 1.5in;24,6;1015;46;'26.07.2023 16:13:03.640;;
925;-287,615;-2613,843;-330,411;0,000;0,000;0,000;0,000;RRR 1.5in;24,6;1015;46;'26.07.2023 16:13:03.650;;
926;-288,760;-2613,780;-330,416;0,000;0,000;0,000;0,000;RRR 1.5in;24,6;1015;46;'26.07.2023 16:13:03.660;;
927;-289,899;-2613,714;-330,410;0,000;0,000;0,000;0,000;RRR 1.5in;24,6;1015;46;'26.07.2023 16:13:03.670;;
928;-291,046;-2613,646;-330,407;0,000;0,000;0,000;0,000;RRR 1.5in;24,6;1015;46;'26.07.2023 16:13:03.680;;
929;-292,194;-2613,573;-330,411;0,000;0,000;0,000;0,000;RRR 1.5in;24,6;1015;46;'26.07.2023 16:13:03.690;;
930;-293,346;-2613,482;-330,407;0,000;0,000;0,000;0,000;RRR 1.5in;24,6;1015;46;'26.07.2023 16:13:03.700;;
931;-294,497;-2613,391;-330,395;0,000;0,000;0,000;0,000;RRR 1.5in;24,6;1015;46;'26.07.2023 16:13:03.710;;
932;-295,640;-2613,321;-330,397;0,000;0,000;0,000;0,000;RRR 1.5in;24,6;1015;46;'26.07.2023 16:13:03.720;;
933;-296,783;-2613,262;-330,398;0,000;0,000;0,000;0,000;RRR 1.5in;24,6;1015;46;'26.07.2023 16:13:03.730;;
934;-297,909;-2613,212;-330,393;0,000;0,000;0,000;0,000;RRR 1.5in;24,6;1015;46;'26.07.2023 16:13:03.740;;
935;-299,045;-2613,171;-330,401;0,000;0,000;0,000;0,000;RRR 1.5in;24,6;1015;46;'26.07.2023 16:13:03.750;;
936;-300,182;-2613,129;-330,409;0,000;0,000;0,000;0,000;RRR 1.5in;24,6;1015;46;'26.07.2023 16:13:03.760;;
937;-301,314;-2613,068;-330,410;0,000;0,000;0,000;0,000;RRR 1.5in;24,6;1015;46;'26.07.2023 16:13:03.770;;
938;-302,461;-2612,991;-330,407;0,000;0,000;0,000;0,000;RRR 1.5in;24,6;1015;46;'26.07.2023 16:13:03.780;;
939;-303,608;-2612,911;-330,405;0,000;0,000;0,000;0,000;RRR 1.5in;24,6;1015;46;'26.07.2023 16:13:03.790;;
940;-304,764;-2612,835;-330,402;0,000;0,000;0,000;0,000;RRR 1.5in;24,6;1015;46;'26.07.2023 16:13:03.800;;
941;-305,906;-2612,766;-330,396;0,000;0,000;0,000;0,000;RRR 1.5in;24,6;1015;46;'26.07.2023 16:13:03.810;;
942;-307,050;-2612,701;-330,398;0,000;0,000;0,000;0,000;RRR 1.5in;24,6;1015;46;'26.07.2023 16:13:03.820;;
943;-308,198;-2612,630;-330,396;0,000;0,000;0,000;0,000;RRR 1.5in;24,6;1015;46;'26.07.2023 16:13:03.830;;
944;-309,333;-2612,559;-330,398;0,000;0,000;0,000;0,000;RRR 1.5in;24,6;1015;46;'26.07.2023 16:13:03.840;;
945;-310,477;-2612,494;-330,406;0,000;0,000;0,000;0,000;RRR 1.5in;24,6;1015;46;'26.07.2023 16:13:03.850;;
946;-311,615;-2612,431;-330,414;0,000;0,000;0,000;0,000;RRR 1.5in;24,6;1015;46;'26.07.2023 16:13:03.860;;
947;-312,759;-2612,363;-330,415;0,000;0,000;0,000;0,000;RRR 1.5in;24,6;1015;46;'26.07.2023 16:13:03.870;;
948;-313,905;-2612,310;-330,417;0,000;0,000;0,000;0,000;RRR 1.5in;24,6;1015;46;'26.07.2023 16:13:03.880;;
949;-315,043;-2612,267;-330,422;0,000;0,000;0,000;0,000;RRR 1.5in;24,6;1015;46;'26.07.2023 16:13:03.890;;
950;-316,192;-2612,217;-330,419;0,000;0,000;0,000;0,000;RRR 1.5in;24,6;1015;46;'26.07.2023 16:13:03.900;;
951;-317,338;-2612,155;-330,414;0,000;0,000;0,000;0,000;RRR 1.5in;24,6;1015;46;'26.07.2023 16:13:03.910;;
952;-318,488;-2612,073;-330,409;0,000;0,000;0,000;0,000;RRR 1.5in;24,6;1015;46;'26.07.2023 16:13:03.920;;
953;-319,626;-2611,986;-330,399;0,000;0,000;0,000;0,000;RRR 1.5in;24,6;1015;46;'26.07.2023 16:13:03.930;;
954;-320,756;-2611,911;-330,402;0,000;0,000;0,000;0,000;RRR 1.5in;24,6;1015;46;'26.07.2023 16:13:03.940;;
955;-321,917;-2611,843;-330,412;0,000;0,000;0,000;0,000;RRR 1.5in;24,6;1015;46;'26.07.2023 16:13:03.950;;
956;-323,072;-2611,771;-330,417;0,000;0,000;0,000;0,000;RRR 1.5in;24,6;1015;46;'26.07.2023 16:13:03.960;;
957;-324,225;-2611,698;-330,418;0,000;0,000;0,000;0,000;RRR 1.5in;24,6;1015;46;'26.07.2023 16:13:03.970;;
958;-325,371;-2611,643;-330,424;0,000;0,000;0,000;0,000;RRR 1.5in;24,6;1015;46;'26.07.2023 16:13:03.980;;
959;-326,509;-2611,580;-330,423;0,000;0,000;0,000;0,000;RRR 1.5in;24,6;1015;46;'26.07.2023 16:13:03.990;;
960;-327,654;-2611,513;-330,417;0,000;0,000;0,000;0,000;RRR 1.5in;24,6;1015;46;'26.07.2023 16:13:04.000;;
961;-328,794;-2611,453;-330,413;0,000;0,000;0,000;0,000;RRR 1.5in;24,6;1015;46;'26.07.2023 16:13:04.010;;
962;-329,947;-2611,403;-330,417;0,000;0,000;0,000;0,000;RRR 1.5in;24,6;1015;46;'26.07.2023 16:13:04.020;;
963;-331,077;-2611,346;-330,415;0,000;0,000;0,000;0,000;RRR 1.5in;24,6;1015;46;'26.07.2023 16:13:04.030;;
964;-332,214;-2611,275;-330,411;0,000;0,000;0,000;0,000;RRR 1.5in;24,6;1015;46;'26.07.2023 16:13:04.040;;
965;-333,374;-2611,209;-330,424;0,000;0,000;0,000;0,000;RRR 1.5in;24,6;1015;46;'26.07.2023 16:13:04.050;;
966;-334,523;-2611,124;-330,427;0,000;0,000;0,000;0,000;RRR 1.5in;24,6;1015;46;'26.07.2023 16:13:04.060;;
967;-335,664;-2611,033;-330,425;0,000;0,000;0,000;0,000;RRR 1.5in;24,6;1015;46;'26.07.2023 16:13:04.070;;
968;-336,806;-2610,960;-330,429;0,000;0,000;0,000;0,000;RRR 1.5in;24,6;1015;46;'26.07.2023 16:13:04.080;;
969;-337,963;-2610,897;-330,433;0,000;0,000;0,000;0,000;RRR 1.5in;24,6;1015;46;'26.07.2023 16:13:04.090;;
970;-339,110;-2610,831;-330,430;0,000;0,000;0,000;0,000;RRR 1.5in;24,6;1015;46;'26.07.2023 16:13:04.100;;
971;-340,249;-2610,770;-330,423;0,000;0,000;0,000;0,000;RRR 1.5in;24,6;1015;46;'26.07.2023 16:13:04.110;;
972;-341,388;-2610,719;-330,422;0,000;0,000;0,000;0,000;RRR 1.5in;24,6;1015;46;'26.07.2023 16:13:04.120;;
973;-342,502;-2610,660;-330,416;0,000;0,000;0,000;0,000;RRR 1.5in;24,6;1015;46;'26.07.2023 16:13:04.130;;
974;-343,632;-2610,600;-330,411;0,000;0,000;0,000;0,000;RRR 1.5in;24,6;1015;46;'26.07.2023 16:13:04.140;;
975;-344,785;-2610,545;-330,424;0,000;0,000;0,000;0,000;RRR 1.5in;24,6;1015;46;'26.07.2023 16:13:04.150;;
976;-345,934;-2610,480;-330,440;0,000;0,000;0,000;0,000;RRR 1.5in;24,6;1015;46;'26.07.2023 16:13:04.160;;
977;-347,089;-2610,398;-330,441;0,000;0,000;0,000;0,000;RRR 1.5in;24,6;1015;46;'26.07.2023 16:13:04.170;;
978;-348,237;-2610,319;-330,438;0,000;0,000;0,000;0,000;RRR 1.5in;24,6;1015;46;'26.07.2023 16:13:04.180;;
979;-349,374;-2610,258;-330,446;0,000;0,000;0,000;0,000;RRR 1.5in;24,6;1015;46;'26.07.2023 16:13:04.190;;
980;-350,512;-2610,194;-330,444;0,000;0,000;0,000;0,000;RRR 1.5in;24,6;1015;46;'26.07.2023 16:13:04.200;;
981;-351,647;-2610,114;-330,426;0,000;0,000;0,000;0,000;RRR 1.5in;24,6;1015;46;'26.07.2023 16:13:04.210;;
982;-352,786;-2610,043;-330,421;0,000;0,000;0,000;0,000;RRR 1.5in;24,6;1015;46;'26.07.2023 16:13:04.220;;
983;-353,933;-2609,982;-330,424;0,000;0,000;0,000;0,000;RRR 1.5in;24,6;1015;46;'26.07.2023 16:13:04.230;;
984;-355,076;-2609,921;-330,423;0,000;0,000;0,000;0,000;RRR 1.5in;24,6;1015;46;'26.07.2023 16:13:04.240;;
985;-356,219;-2609,856;-330,426;0,000;0,000;0,000;0,000;RRR 1.5in;24,6;1015;46;'26.07.2023 16:13:04.250;;
986;-357,359;-2609,787;-330,435;0,000;0,000;0,000;0,000;RRR 1.5in;24,6;1015;46;'26.07.2023 16:13:04.260;;
987;-358,504;-2609,719;-330,440;0,000;0,000;0,000;0,000;RRR 1.5in;24,6;1015;46;'26.07.2023 16:13:04.270;;
988;-359,647;-2609,663;-330,447;0,000;0,000;0,000;0,000;RRR 1.5in;24,6;1015;46;'26.07.2023 16:13:04.280;;
989;-360,788;-2609,610;-330,449;0,000;0,000;0,000;0,000;RRR 1.5in;24,6;1015;46;'26.07.2023 16:13:04.290;;
990;-361,937;-2609,565;-330,457;0,000;0,000;0,000;0,000;RRR 1.5in;24,6;1015;46;'26.07.2023 16:13:04.300;;
991;-363,081;-2609,507;-330,460;0,000;0,000;0,000;0,000;RRR 1.5in;24,6;1015;46;'26.07.2023 16:13:04.310;;
992;-364,209;-2609,420;-330,442;0,000;0,000;0,000;0,000;RRR 1.5in;24,6;1015;46;'26.07.2023 16:13:04.320;;
993;-365,337;-2609,341;-330,436;0,000;0,000;0,000;0,000;RRR 1.5in;24,6;1015;46;'26.07.2023 16:13:04.330;;
994;-366,484;-2609,274;-330,433;0,000;0,000;0,000;0,000;RRR 1.5in;24,6;1015;46;'26.07.2023 16:13:04.340;;
995;-367,630;-2609,215;-330,437;0,000;0,000;0,000;0,000;RRR 1.5in;24,6;1015;46;'26.07.2023 16:13:04.350;;
996;-368,791;-2609,151;-330,447;0,000;0,000;0,000;0,000;RRR 1.5in;24,6;1015;46;'26.07.2023 16:13:04.360;;
997;-369,936;-2609,069;-330,443;0,000;0,000;0,000;0,000;RRR 1.5in;24,6;1015;46;'26.07.2023 16:13:04.370;;
998;-371,082;-2608,992;-330,443;0,000;0,000;0,000;0,000;RRR 1.5in;24,6;1015;46;'26.07.2023 16:13:04.380;;
999;-372,235;-2608,935;-330,456;0,000;0,000;0,000;0,000;RRR 1.5in;24,6;1015;46;'26.07.2023 16:13:04.390;;
1000;-373,376;-2608,874;-330,460;0,000;0,000;0,000;0,000;RRR 1.5in;24,6;1015;46;'26.07.2023 16:13:04.400;;
1001;-374,508;-2608,818;-330,464;0,000;0,000;0,000;0,000;RRR 1.5in;24,6;1015;46;'26.07.2023 16:13:04.410;;
1002;-375,632;-2608,759;-330,460;0,000;0,000;0,000;0,000;RRR 1.5in;24,6;1015;46;'26.07.2023 16:13:04.420;;
1003;-376,779;-2608,716;-330,469;0,000;0,000;0,000;0,000;RRR 1.5in;24,6;1015;46;'26.07.2023 16:13:04.430;;
1004;-377,940;-2608,663;-330,478;0,000;0,000;0,000;0,000;RRR 1.5in;24,6;1015;46;'26.07.2023 16:13:04.440;;
1005;-379,080;-2608,582;-330,460;0,000;0,000;0,000;0,000;RRR 1.5in;24,6;1015;46;'26.07.2023 16:13:04.450;;
1006;-380,213;-2608,504;-330,451;0,000;0,000;0,000;0,000;RRR 1.5in;24,6;1015;46;'26.07.2023 16:13:04.460;;
1007;-381,346;-2608,434;-330,458;0,000;0,000;0,000;0,000;RRR 1.5in;24,6;1015;46;'26.07.2023 16:13:04.470;;
1008;-382,497;-2608,346;-330,458;0,000;0,000;0,000;0,000;RRR 1.5in;24,6;1015;46;'26.07.2023 16:13:04.480;;
1009;-383,654;-2608,261;-330,455;0,000;0,000;0,000;0,000;RRR 1.5in;24,6;1015;46;'26.07.2023 16:13:04.490;;
1010;-384,809;-2608,195;-330,457;0,000;0,000;0,000;0,000;RRR 1.5in;24,6;1015;46;'26.07.2023 16:13:04.500;;
1011;-385,939;-2608,151;-330,477;0,000;0,000;0,000;0,000;RRR 1.5in;24,6;1015;46;'26.07.2023 16:13:04.510;;
1012;-387,085;-2608,090;-330,479;0,000;0,000;0,000;0,000;RRR 1.5in;24,6;1015;46;'26.07.2023 16:13:04.520;;
1013;-388,216;-2608,009;-330,470;0,000;0,000;0,000;0,000;RRR 1.5in;24,6;1015;46;'26.07.2023 16:13:04.530;;
1014;-389,360;-2607,936;-330,468;0,000;0,000;0,000;0,000;RRR 1.5in;24,6;1015;46;'26.07.2023 16:13:04.540;;
1015;-390,515;-2607,882;-330,480;0,000;0,000;0,000;0,000;RRR 1.5in;24,6;1015;46;'26.07.2023 16:13:04.550;;
1016;-391,652;-2607,812;-330,471;0,000;0,000;0,000;0,000;RRR 1.5in;24,6;1015;46;'26.07.2023 16:13:04.560;;
1017;-392,802;-2607,746;-330,453;0,000;0,000;0,000;0,000;RRR 1.5in;24,6;1015;46;'26.07.2023 16:13:04.570;;
1018;-393,948;-2607,713;-330,461;0,000;0,000;0,000;0,000;RRR 1.5in;24,6;1015;46;'26.07.2023 16:13:04.580;;
1019;-395,076;-2607,676;-330,471;0,000;0,000;0,000;0,000;RRR 1.5in;24,6;1015;46;'26.07.2023 16:13:04.590;;
1020;-396,210;-2607,608;-330,466;0,000;0,000;0,000;0,000;RRR 1.5in;24,6;1015;46;'26.07.2023 16:13:04.600;;
1021;-397,360;-2607,519;-330,462;0,000;0,000;0,000;0,000;RRR 1.5in;24,6;1015;46;'26.07.2023 16:13:04.610;;
1022;-398,512;-2607,444;-330,475;0,000;0,000;0,000;0,000;RRR 1.5in;24,6;1015;46;'26.07.2023 16:13:04.620;;
1023;-399,677;-2607,378;-330,492;0,000;0,000;0,000;0,000;RRR 1.5in;24,6;1015;46;'26.07.2023 16:13:04.630;;
1024;-400,819;-2607,298;-330,486;0,000;0,000;0,000;0,000;RRR 1.5in;24,6;1015;46;'26.07.2023 16:13:04.640;;
1025;-401,953;-2607,219;-330,472;0,000;0,000;0,000;0,000;RRR 1.5in;24,6;1015;46;'26.07.2023 16:13:04.650;;
1026;-403,097;-2607,157;-330,473;0,000;0,000;0,000;0,000;RRR 1.5in;24,6;1015;46;'26.07.2023 16:13:04.660;;
1027;-404,251;-2607,105;-330,474;0,000;0,000;0,000;0,000;RRR 1.5in;24,6;1015;46;'26.07.2023 16:13:04.670;;
1028;-405,405;-2607,048;-330,463;0,000;0,000;0,000;0,000;RRR 1.5in;24,6;1015;46;'26.07.2023 16:13:04.680;;
1029;-406,525;-2606,990;-330,466;0,000;0,000;0,000;0,000;RRR 1.5in;24,6;1015;46;'26.07.2023 16:13:04.690;;
1030;-407,572;-2606,931;-330,479;0,000;0,000;0,000;0,000;RRR 1.5in;24,6;1015;46;'26.07.2023 16:13:04.700;;
1031;-408,529;-2606,854;-330,476;0,000;0,000;0,000;0,000;RRR 1.5in;24,6;1015;46;'26.07.2023 16:13:04.710;;
1032;-409,427;-2606,773;-330,467;0,000;0,000;0,000;0,000;RRR 1.5in;24,6;1015;46;'26.07.2023 16:13:04.720;;
1033;-410,306;-2606,728;-330,475;0,000;0,000;0,000;0,000;RRR 1.5in;24,6;1015;46;'26.07.2023 16:13:04.730;;
1034;-411,154;-2606,702;-330,488;0,000;0,000;0,000;0,000;RRR 1.5in;24,6;1015;46;'26.07.2023 16:13:04.740;;
1035;-411,964;-2606,669;-330,487;0,000;0,000;0,000;0,000;RRR 1.5in;24,6;1015;46;'26.07.2023 16:13:04.750;;
1036;-412,728;-2606,636;-330,485;0,000;0,000;0,000;0,000;RRR 1.5in;24,6;1015;46;'26.07.2023 16:13:04.760;;
1037;-413,414;-2606,607;-330,486;0,000;0,000;0,000;0,000;RRR 1.5in;24,6;1015;46;'26.07.2023 16:13:04.770;;
1038;-414,027;-2606,574;-330,479;0,000;0,000;0,000;0,000;RRR 1.5in;24,6;1015;46;'26.07.2023 16:13:04.780;;
1039;-414,558;-2606,560;-330,474;0,000;0,000;0,000;0,000;RRR 1.5in;24,6;1015;46;'26.07.2023 16:13:04.790;;
1040;-415,010;-2606,557;-330,477;0,000;0,000;0,000;0,000;RRR 1.5in;24,6;1015;46;'26.07.2023 16:13:04.800;;
1041;-415,394;-2606,549;-330,495;0,000;0,000;0,000;0,000;RRR 1.5in;24,6;1015;46;'26.07.2023 16:13:04.810;;
1042;-415,679;-2606,507;-330,506;0,000;0,000;0,000;0,000;RRR 1.5in;24,6;1015;46;'26.07.2023 16:13:04.820;;
1043;-415,876;-2606,428;-330,489;0,000;0,000;0,000;0,000;RRR 1.5in;24,6;1015;46;'26.07.2023 16:13:04.830;;
1044;-415,979;-2606,369;-330,476;0,000;0,000;0,000;0,000;RRR 1.5in;24,6;1015;46;'26.07.2023 16:13:04.840;;
1045;-416,089;-2606,372;-330,479;0,000;0,000;0,000;0,000;RRR 1.5in;24,6;1015;46;'26.07.2023 16:13:04.850;;
1046;-416,188;-2606,411;-330,476;0,000;0,000;0,000;0,000;RRR 1.5in;24,6;1015;46;'26.07.2023 16:13:04.860;;
1047;-416,275;-2606,461;-330,469;0,000;0,000;0,000;0,000;RRR 1.5in;24,6;1015;46;'26.07.2023 16:13:04.870;;
1048;-416,315;-2606,504;-330,466;0,000;0,000;0,000;0,000;RRR 1.5in;24,6;1015;46;'26.07.2023 16:13:04.880;;
1049;-416,341;-2606,529;-330,468;0,000;0,000;0,000;0,000;RRR 1.5in;24,6;1015;46;'26.07.2023 16:13:04.890;;
1050;-416,367;-2606,517;-330,464;0,000;0,000;0,000;0,000;RRR 1.5in;24,6;1015;46;'26.07.2023 16:13:04.900;;
1051;-416,392;-2606,501;-330,466;0,000;0,000;0,000;0,000;RRR 1.5in;24,6;1015;46;'26.07.2023 16:13:04.910;;
1052;-416,409;-2606,494;-330,480;0,000;0,000;0,000;0,000;RRR 1.5in;24,6;1015;46;'26.07.2023 16:13:04.920;;
1053;-416,389;-2606,496;-330,489;0,000;0,000;0,000;0,000;RRR 1.5in;24,6;1015;46;'26.07.2023 16:13:04.930;;
1054;-416,358;-2606,477;-330,476;0,000;0,000;0,000;0,000;RRR 1.5in;24,6;1015;46;'26.07.2023 16:13:04.940;;
1055;-416,335;-2606,471;-330,469;0,000;0,000;0,000;0,000;RRR 1.5in;24,6;1015;46;'26.07.2023 16:13:04.950;;
1056;-416,329;-2606,472;-330,474;0,000;0,000;0,000;0,000;RRR 1.5in;24,6;1015;46;'26.07.2023 16:13:04.960;;
1057;-416,328;-2606,476;-330,475;0,000;0,000;0,000;0,000;RRR 1.5in;24,6;1015;46;'26.07.2023 16:13:04.970;;
1058;-416,335;-2606,470;-330,463;0,000;0,000;0,000;0,000;RRR 1.5in;24,6;1015;46;'26.07.2023 16:13:04.980;;
1059;-416,347;-2606,475;-330,463;0,000;0,000;0,000;0,000;RRR 1.5in;24,6;1015;46;'26.07.2023 16:13:04.990;;
1060;-416,378;-2606,489;-330,473;0,000;0,000;0,000;0,000;RRR 1.5in;24,6;1015;46;'26.07.2023 16:13:05.000;;
1061;-416,390;-2606,504;-330,482;0,000;0,000;0,000;0,000;RRR 1.5in;24,6;1015;46;'26.07.2023 16:13:05.010;;
1062;-416,381;-2606,494;-330,478;0,000;0,000;0,000;0,000;RRR 1.5in;24,6;1015;46;'26.07.2023 16:13:05.020;;
1063;-416,363;-2606,480;-330,479;0,000;0,000;0,000;0,000;RRR 1.5in;24,6;1015;46;'26.07.2023 16:13:05.030;;
1064;-416,348;-2606,467;-330,484;0,000;0,000;0,000;0,000;RRR 1.5in;24,6;1015;46;'26.07.2023 16:13:05.040;;
1065;-416,340;-2606,458;-330,483;0,000;0,000;0,000;0,000;RRR 1.5in;24,6;1015;46;'26.07.2023 16:13:05.050;;
1066;-416,333;-2606,449;-330,468;0,000;0,000;0,000;0,000;RRR 1.5in;24,6;1015;46;'26.07.2023 16:13:05.060;;
1067;-416,332;-2606,460;-330,464;0,000;0,000;0,000;0,000;RRR 1.5in;24,6;1015;46;'26.07.2023 16:13:05.070;;
1068;-416,345;-2606,476;-330,467;0,000;0,000;0,000;0,000;RRR 1.5in;24,6;1015;46;'26.07.2023 16:13:05.080;;
1069;-416,369;-2606,483;-330,472;0,000;0,000;0,000;0,000;RRR 1.5in;24,6;1015;46;'26.07.2023 16:13:05.090;;
1070;-416,379;-2606,477;-330,474;0,000;0,000;0,000;0,000;RRR 1.5in;24,6;1015;46;'26.07.2023 16:13:05.100;;
1071;-416,376;-2606,472;-330,481;0,000;0,000;0,000;0,000;RRR 1.5in;24,6;1015;46;'26.07.2023 16:13:05.110;;
1072;-416,365;-2606,470;-330,488;0,000;0,000;0,000;0,000;RRR 1.5in;24,6;1015;46;'26.07.2023 16:13:05.120;;
1073;-416,357;-2606,467;-330,487;0,000;0,000;0,000;0,000;RRR 1.5in;24,6;1015;46;'26.07.2023 16:13:05.130;;
1074;-416,347;-2606,457;-330,480;0,000;0,000;0,000;0,000;RRR 1.5in;24,6;1015;46;'26.07.2023 16:13:05.140;;
1075;-416,337;-2606,454;-330,473;0,000;0,000;0,000;0,000;RRR 1.5in;24,6;1015;46;'26.07.2023 16:13:05.150;;
1076;-416,334;-2606,463;-330,473;0,000;0,000;0,000;0,000;RRR 1.5in;24,6;1015;46;'26.07.2023 16:13:05.160;;
1077;-416,347;-2606,468;-330,470;0,000;0,000;0,000;0,000;RRR 1.5in;24,6;1015;46;'26.07.2023 16:13:05.170;;
1078;-416,362;-2606,463;-330,467;0,000;0,000;0,000;0,000;RRR 1.5in;24,6;1015;46;'26.07.2023 16:13:05.180;;
1079;-416,370;-2606,465;-330,470;0,000;0,000;0,000;0,000;RRR 1.5in;24,6;1015;46;'26.07.2023 16:13:05.190;;
1080;-416,370;-2606,480;-330,481;0,000;0,000;0,000;0,000;RRR 1.5in;24,6;1015;46;'26.07.2023 16:13:05.200;;
