0,1,2,3,4,5,6
2023-07-26 16:05:07.825685,5555333.0,5555782.0,98.09649881998698,98.10049890136719,100.05917264811197,100.06317272949218
2023-07-26 16:05:07.828680,5555334.0,5555783.0,98.10084684244792,98.10484692382812,100.06352067057293,100.06753116861978
2023-07-26 16:05:07.832662,5555335.0,5555784.0,98.10519490559896,98.10919494628907,100.06786873372396,100.07186877441406
2023-07-26 16:05:07.836648,5555336.0,5555785.0,98.1095429280599,98.11354296875,100.0722167561849,100.076216796875
2023-07-26 16:05:07.841636,5555337.0,5555786.0,98.11389095052083,98.11789099121094,100.07656477864583,100.08056481933593
2023-07-26 16:05:07.845618,5555338.0,5555787.0,98.11823897298177,98.12223901367187,100.08091280110678,100.08491284179688
2023-07-26 16:05:07.849612,5555339.0,5555788.0,98.12258679199219,98.12658679199218,100.08526082356771,100.08926090494792
2023-07-26 16:05:07.854593,5555340.0,5555789.0,98.1269346923828,98.13093477376303,100.08960884602865,100.09360892740887
2023-07-26 16:05:07.858575,5555341.0,5555790.0,98.13128271484375,98.13528279622396,100.09395690917968,100.0979569498698
2023-07-26 16:05:07.863563,5555342.0,5555791.0,98.13563077799479,98.13963081868489,100.09830493164061,100.10230497233073
2023-07-26 16:05:07.867549,5555343.0,5555792.0,98.13997880045574,98.14397884114582,100.10265295410157,100.10665299479166
2023-07-26 16:05:07.871536,5555344.0,5555793.0,98.14432682291667,98.14832686360677,100.10700073242188,100.11100073242189
2023-07-26 16:05:07.876519,5555345.0,5555794.0,98.1486748453776,98.15267488606771,100.1113486735026,100.1153487141927
2023-07-26 16:05:07.880502,5555346.0,5555795.0,98.15302286783854,98.15702294921874,100.11569669596354,100.11969677734375
2023-07-26 16:05:07.884493,5555347.0,5555796.0,98.15737089029949,98.16137097167969,100.12004471842448,100.12404479980468
2023-07-26 16:05:07.889476,5555348.0,5555797.0,98.16171895345052,98.16571899414063,100.12439278157552,100.12839282226562
2023-07-26 16:05:07.893458,5555349.0,5555798.0,98.16606697591145,98.17006701660156,100.12874080403645,100.13274084472657
2023-07-26 16:05:07.898446,5555350.0,5555799.0,98.1704149169922,98.17441491699219,100.13308882649739,100.1370888671875
2023-07-26 16:05:07.902432,5555351.0,5555800.0,98.17476269531251,98.1787627360026,100.13743684895834,100.14143688964843
2023-07-26 16:05:07.906415,5555352.0,5555801.0,98.17911071777344,98.18311075846354,100.14178487141928,100.14578495279949
2023-07-26 16:05:07.911402,5555353.0,5555802.0,98.18345874023437,98.18745882161458,100.1461328938802,100.15013297526042
2023-07-26 16:05:07.915389,5555354.0,5555803.0,98.1878067626953,98.19180684407551,100.15048095703125,100.15448099772135
2023-07-26 16:05:07.919376,5555355.0,5555804.0,98.19215482584636,98.19615486653646,100.15482885742188,100.15882885742187
2023-07-26 16:05:07.924359,5555356.0,5555805.0,98.19650284830729,98.2005028889974,100.1591766764323,100.16317671712238
2023-07-26 16:05:07.928346,5555357.0,5555806.0,98.20085087076824,98.20485091145834,100.16352469889323,100.16752473958334
2023-07-26 16:05:07.932333,5555358.0,5555807.0,98.20519889322917,98.20919893391927,100.16787272135416,100.17187276204427
2023-07-26 16:05:07.937316,5555359.0,5555808.0,98.20954691569011,98.21354699707031,100.1722207438151,100.17622082519532
2023-07-26 16:05:07.941298,5555360.0,5555809.0,98.21389493815104,98.21789501953126,100.17656876627605,100.18056884765625
2023-07-26 16:05:07.946282,5555361.0,5555810.0,98.21824300130208,98.22224304199219,100.18091682942709,100.18491687011719
2023-07-26 16:05:07.950273,5555362.0,5555811.0,98.22259069824219,98.22659073893229,100.18526485188802,100.18926489257812
2023-07-26 16:05:07.954255,5555363.0,5555812.0,98.22693872070313,98.23093876139323,100.18961287434895,100.19361291503907
2023-07-26 16:05:07.959237,5555364.0,5555813.0,98.23128674316406,98.23528678385416,100.1939608968099,100.1979609375
2023-07-26 16:05:07.963229,5555365.0,5555814.0,98.235634765625,98.23963480631511,100.19830891927083,100.20230900065104
2023-07-26 16:05:07.967211,5555366.0,5555815.0,98.23998278808594,98.24398286946615,100.20265694173177,100.20665698242188
2023-07-26 16:05:07.972199,5555367.0,5555816.0,98.24433081054687,98.24833089192708,100.20700463867186,100.21100472005209
2023-07-26 16:05:07.976186,5555368.0,5555817.0,98.24867887369793,98.25267891438801,100.21135270182292,100.21535274251302
2023-07-26 16:05:07.980167,5555369.0,5555818.0,98.25302689615886,98.25702693684896,100.21570072428386,100.21970076497395
2023-07-26 16:05:07.985155,5555370.0,5555819.0,98.25738533528646,98.26138537597656,100.2200487467448,100.2240487874349
2023-07-26 16:05:07.989138,5555371.0,5555820.0,98.26172294108072,98.26572298177084,100.22439676920573,100.22839680989583
2023-07-26 16:05:07.994121,5555372.0,5555821.0,98.26607096354167,98.27007104492188,100.22874479166666,100.23274487304687
2023-07-26 16:05:07.998113,5555373.0,5555822.0,98.2704188232422,98.2744188232422,100.2330928141276,100.23709289550781
2023-07-26 16:05:08.002094,5555374.0,5555823.0,98.27476668294271,98.27876676432292,100.23744087727864,100.24144091796876
2023-07-26 16:05:08.007082,5555375.0,5555824.0,98.27911474609374,98.28311478678386,100.24178889973957,100.24578894042969
2023-07-26 16:05:08.011069,5555376.0,5555825.0,98.2834627685547,98.28746280924479,100.24613692220052,100.25013696289062
2023-07-26 16:05:08.015051,5555377.0,5555826.0,98.28781079101563,98.29181083170572,100.25048494466147,100.25448498535155
2023-07-26 16:05:08.020038,5555378.0,5555827.0,98.29215881347656,98.29615885416668,100.25483276367187,100.25883276367188
2023-07-26 16:05:08.024025,5555379.0,5555828.0,98.29650683593749,98.3005069173177,100.2591806640625,100.26318074544271
2023-07-26 16:05:08.028008,5555380.0,5555829.0,98.30085485839844,98.30485493977865,100.26352868652343,100.26752876790364
2023-07-26 16:05:08.032995,5555381.0,5555830.0,98.30520292154948,98.30920296223958,100.26787674967449,100.27187679036457
2023-07-26 16:05:08.036977,5555382.0,5555831.0,98.30955094401041,98.31355098470053,100.27222477213542,100.27622481282552
2023-07-26 16:05:08.040970,5555383.0,5555832.0,98.31389896647136,98.31789900716146,100.27658321126302,100.28058325195313
2023-07-26 16:05:08.045952,5555384.0,5555833.0,98.31824694824218,98.32224694824218,100.2809208170573,100.2849208577474
2023-07-26 16:05:08.049934,5555385.0,5555834.0,98.3225946858724,98.32659472656249,100.28526883951824,100.28926892089844
2023-07-26 16:05:08.054926,5555386.0,5555835.0,98.32694270833333,98.33094278971355,100.28961686197917,100.29361694335937
2023-07-26 16:05:08.058908,5555387.0,5555836.0,98.33129073079427,98.33529081217448,100.29396492513021,100.29796496582031
2023-07-26 16:05:08.062899,5555388.0,5555837.0,98.33563879394531,98.33963883463541,100.29831294759114,100.30231298828124
2023-07-26 16:05:08.067879,5555389.0,5555838.0,98.33998681640625,98.34398685709635,100.30266088867188,100.30666088867187
2023-07-26 16:05:08.071861,5555390.0,5555839.0,98.34433483886718,98.34833487955729,100.30700866699219,100.3110087076823
2023-07-26 16:05:08.075848,5555391.0,5555840.0,98.34868286132813,98.35268290201823,100.31135668945312,100.31535673014324
2023-07-26 16:05:08.080835,5555392.0,5555841.0,98.35303088378906,98.35703096516927,100.31570471191407,100.31970479329428
2023-07-26 16:05:08.084822,5555393.0,5555842.0,98.35737890625,98.3613789876302,100.320052734375,100.32405281575521
2023-07-26 16:05:08.088808,5555394.0,5555843.0,98.36172696940105,98.36572701009113,100.32440079752604,100.32840083821614
2023-07-26 16:05:08.093791,5555395.0,5555844.0,98.36607499186198,98.3700750325521,100.32874881998698,100.33274886067707
2023-07-26 16:05:08.097814,5555396.0,5555845.0,98.37042272949218,98.37442272949218,100.33309684244792,100.33709688313803
2023-07-26 16:05:08.102803,5555397.0,5555846.0,98.3747811279297,98.37878116861978,100.33744486490885,100.34144490559896
2023-07-26 16:05:08.106788,5555398.0,5555847.0,98.37911873372396,98.38311877441406,100.34179288736979,100.34579296874999
2023-07-26 16:05:08.110776,5555399.0,5555848.0,98.3834667561849,98.38746683756511,100.34614090983072,100.35014099121095
2023-07-26 16:05:08.115770,5555400.0,5555849.0,98.38781477864583,98.39181486002605,100.35048897298176,100.35448901367188
2023-07-26 16:05:08.119757,5555401.0,5555850.0,98.39216284179687,98.39616288248698,100.35483666992187,100.35883671061198
2023-07-26 16:05:08.123739,5555402.0,5555851.0,98.39651086425782,98.40051090494791,100.35918469238281,100.36318473307291
2023-07-26 16:05:08.128728,5555403.0,5555852.0,98.40085888671875,98.40485892740887,100.36353271484376,100.36753275553386
2023-07-26 16:05:08.132713,5555404.0,5555853.0,98.40520690917968,98.4092069498698,100.36788073730469,100.37188077799479
2023-07-26 16:05:08.136696,5555405.0,5555854.0,98.40955493164061,98.41355501302083,100.37222875976562,100.37622884114583
2023-07-26 16:05:08.141683,5555406.0,5555855.0,98.41390295410157,98.41790303548177,100.37657678222655,100.38057686360676
2023-07-26 16:05:08.145665,5555407.0,5555856.0,98.41825085449219,98.42225085449219,100.3809248453776,100.38492488606771
2023-07-26 16:05:08.149657,5555408.0,5555857.0,98.4225987141927,98.42659875488282,100.38527286783854,100.38927290852865
2023-07-26 16:05:08.154640,5555409.0,5555858.0,98.42694673665365,98.43094677734375,100.38962089029948,100.39362093098958
2023-07-26 16:05:08.158622,5555410.0,5555859.0,98.43129475911459,98.43529479980468,100.39396891276041,100.39796895345052
2023-07-26 16:05:08.163610,5555411.0,5555860.0,98.43564278157552,98.43964282226563,100.39831693522136,100.40231701660156
2023-07-26 16:05:08.167598,5555412.0,5555861.0,98.43999080403646,98.44399088541667,100.40266479492188,100.40666479492188
2023-07-26 16:05:08.171579,5555413.0,5555862.0,98.44433882649739,98.44833890787761,100.40701265462239,100.4110127360026
2023-07-26 16:05:08.176566,5555414.0,5555863.0,98.44868688964844,98.45268693033854,100.41136071777343,100.41536075846354
2023-07-26 16:05:08.180553,5555415.0,5555864.0,98.45303491210937,98.45703495279948,100.41570874023438,100.41970878092448
2023-07-26 16:05:08.184537,5555416.0,5555865.0,98.4573829345703,98.46138297526042,100.42005676269531,100.42405680338543
2023-07-26 16:05:08.189523,5555417.0,5555866.0,98.46173095703125,98.46573099772135,100.42440478515624,100.42840482584636
2023-07-26 16:05:08.193505,5555418.0,5555867.0,98.46607897949218,98.47007897949219,100.42875280761719,100.4327528889974
2023-07-26 16:05:08.198493,5555419.0,5555868.0,98.4704266764323,98.4744267578125,100.43310083007813,100.43710091145833
2023-07-26 16:05:08.202479,5555420.0,5555869.0,98.47477469889323,98.47877478027344,100.43744889322917,100.44144893391926
2023-07-26 16:05:08.206462,5555421.0,5555870.0,98.47912276204427,98.48312280273439,100.4417969156901,100.4457969563802
2023-07-26 16:05:08.211453,5555422.0,5555871.0,98.4834707845052,98.48747082519532,100.44614493815104,100.45014497884115
2023-07-26 16:05:08.215436,5555423.0,5555872.0,98.48781880696615,98.49181884765625,100.45049291992187,100.45449291992188
2023-07-26 16:05:08.219418,5555424.0,5555873.0,98.49216682942709,98.4961668701172,100.45484065755208,100.45884069824218
2023-07-26 16:05:08.224407,5555425.0,5555874.0,98.49651485188802,98.50051493326824,100.45918868001301,100.46318876139324
2023-07-26 16:05:08.228393,5555426.0,5555875.0,98.50086287434895,98.50486295572917,100.46353670247396,100.46753678385417
2023-07-26 16:05:08.232381,5555427.0,5555876.0,98.50521093750001,98.5092109781901,100.467884765625,100.4718848063151
2023-07-26 16:05:08.237363,5555428.0,5555877.0,98.50955895996094,98.51355900065103,100.47223278808595,100.47623282877603
2023-07-26 16:05:08.241345,5555429.0,5555878.0,98.51390698242187,98.51790702311199,100.47658081054688,100.48058085123698
2023-07-26 16:05:08.245336,5555430.0,5555879.0,98.51825476074218,98.52225476074219,100.48092883300781,100.48492887369792
2023-07-26 16:05:08.250319,5555431.0,5555880.0,98.5226027018229,98.52660274251302,100.48527685546874,100.48927693684895
2023-07-26 16:05:08.254301,5555432.0,5555881.0,98.52695072428386,98.53095080566406,100.48963529459635,100.49363537597655
2023-07-26 16:05:08.259293,5555433.0,5555882.0,98.5312987467448,98.53529882812501,100.49397294108073,100.49797298177083
2023-07-26 16:05:08.263276,5555434.0,5555883.0,98.53564680989582,98.53964685058594,100.49832096354166,100.50232100423177
2023-07-26 16:05:08.267258,5555435.0,5555884.0,98.53999483235677,98.54399487304687,100.50266870117187,100.50666870117188
2023-07-26 16:05:08.272247,5555436.0,5555885.0,98.54434285481771,98.54834289550782,100.50701668294272,100.5110167236328
2023-07-26 16:05:08.276232,5555437.0,5555886.0,98.54869087727864,98.55269091796876,100.51136470540365,100.51536474609374
2023-07-26 16:05:08.280214,5555438.0,5555887.0,98.55303889973958,98.55703898111979,100.51571272786458,100.5197128092448
2023-07-26 16:05:08.285197,5555439.0,5555888.0,98.55738692220051,98.56138700358073,100.52006075032551,100.52406083170573
2023-07-26 16:05:08.289184,5555440.0,5555889.0,98.56173498535156,98.56573502604166,100.52440881347657,100.52840885416667
2023-07-26 16:05:08.293249,5555441.0,5555890.0,98.56608288574219,98.57008288574218,100.5287568359375,100.5327568766276
2023-07-26 16:05:08.298160,5555442.0,5555891.0,98.5704307047526,98.57443074544271,100.53310485839845,100.53710489908855
2023-07-26 16:05:08.302141,5555443.0,5555892.0,98.57477872721354,98.57877876790364,100.53745288085938,100.54145292154948
2023-07-26 16:05:08.307126,5555444.0,5555893.0,98.57912674967449,98.58312679036457,100.54180090332031,100.54580098470052
2023-07-26 16:05:08.311117,5555445.0,5555894.0,98.58347477213542,98.58747485351562,100.54614892578125,100.55014900716145
2023-07-26 16:05:08.315098,5555446.0,5555895.0,98.58783321126302,98.59183329264323,100.55049682617188,100.55449682617187
2023-07-26 16:05:08.320095,5555447.0,5555896.0,98.59217085774739,98.5961708984375,100.5548446858724,100.5588447265625
2023-07-26 16:05:08.324073,5555448.0,5555897.0,98.59651888020834,98.60051892089844,100.55919270833333,100.56319274902344
2023-07-26 16:05:08.328054,5555449.0,5555898.0,98.60086690266928,98.60486694335937,100.56354073079427,100.56754077148437
2023-07-26 16:05:08.333042,5555450.0,5555899.0,98.60521492513021,98.60921496582031,100.5678887532552,100.57188879394532
2023-07-26 16:05:08.337024,5555451.0,5555900.0,98.60956294759114,98.61356302897136,100.57223677571615,100.57623685709636
2023-07-26 16:05:08.341024,5555452.0,5555901.0,98.61391097005207,98.61791101074219,100.57658479817708,100.58058487955729
2023-07-26 16:05:08.346024,5555453.0,5555902.0,98.61825866699219,98.62225874837239,100.58093286132814,100.58493290201822
2023-07-26 16:05:08.350005,5555454.0,5555903.0,98.62260673014323,98.62660677083332,100.58528088378907,100.58928092447917
2023-07-26 16:05:08.353998,5555455.0,5555904.0,98.62695475260416,98.63095479329428,100.58962890625,100.5936289469401
2023-07-26 16:05:08.358980,5555456.0,5555905.0,98.6313027750651,98.63530281575521,100.59397692871093,100.59797696940105
2023-07-26 16:05:08.362961,5555457.0,5555906.0,98.63565079752604,98.63965083821614,100.59832495117186,100.60232495117187
2023-07-26 16:05:08.367949,5555458.0,5555907.0,98.63999881998699,98.64399890136718,100.60267264811198,100.60667272949217
2023-07-26 16:05:08.371936,5555459.0,5555908.0,98.64434684244792,98.64834692382813,100.60702067057292,100.61103116861979
2023-07-26 16:05:08.375918,5555460.0,5555909.0,98.64869490559896,98.65269494628906,100.61136873372395,100.61536877441407
2023-07-26 16:05:08.380906,5555461.0,5555910.0,98.6530429280599,98.65704296874999,100.6157167561849,100.619716796875
2023-07-26 16:05:08.384894,5555462.0,5555911.0,98.65739095052083,98.66139099121095,100.62006477864584,100.62406481933593
2023-07-26 16:05:08.388874,5555463.0,5555912.0,98.66173897298177,98.66573901367188,100.62441280110677,100.62841284179689
2023-07-26 16:05:08.393857,5555464.0,5555913.0,98.66608679199219,98.67008679199219,100.6287608235677,100.63276090494792
2023-07-26 16:05:08.397844,5555465.0,5555914.0,98.67043469238281,98.67443477376302,100.63310884602865,100.63710892740886
2023-07-26 16:05:08.401831,5555466.0,5555915.0,98.67478271484376,98.67878279622396,100.63745690917969,100.64145694986979
2023-07-26 16:05:08.406819,5555467.0,5555916.0,98.67913077799479,98.6831308186849,100.64180493164062,100.64580497233074
2023-07-26 16:05:08.410801,5555468.0,5555917.0,98.68347880045573,98.68747884114583,100.64615295410157,100.65015299479167
2023-07-26 16:05:08.415789,5555469.0,5555918.0,98.68782682291666,98.69182686360676,100.65050073242188,100.65450073242188
2023-07-26 16:05:08.419776,5555470.0,5555919.0,98.69217484537761,98.69617488606771,100.65484867350261,100.6588487141927
2023-07-26 16:05:08.423758,5555471.0,5555920.0,98.69652286783854,98.70052294921875,100.65919669596354,100.66319677734374
2023-07-26 16:05:08.428746,5555472.0,5555921.0,98.70087089029948,98.7048709716797,100.66354471842448,100.66754479980469
2023-07-26 16:05:08.432733,5555473.0,5555922.0,98.70521895345051,98.70921899414063,100.66789278157552,100.67189282226562
2023-07-26 16:05:08.436714,5555474.0,5555923.0,98.70956697591146,98.71356701660156,100.67224080403645,100.67624084472656
2023-07-26 16:05:08.441702,5555475.0,5555924.0,98.7139149169922,98.7179149169922,100.6765888264974,100.6805888671875
2023-07-26 16:05:08.445684,5555476.0,5555925.0,98.7182626953125,98.7222627360026,100.68093684895834,100.68493688964844
2023-07-26 16:05:08.449676,5555477.0,5555926.0,98.72261071777343,98.72661075846354,100.68528487141927,100.68928495279948
2023-07-26 16:05:08.454659,5555478.0,5555927.0,98.72695874023438,98.73095882161458,100.68963289388022,100.69363297526041
2023-07-26 16:05:08.458641,5555479.0,5555928.0,98.73130676269531,98.73530684407551,100.69398095703126,100.69798099772134
2023-07-26 16:05:08.463630,5555480.0,5555929.0,98.73565482584635,98.73965486653647,100.69832885742187,100.70232885742188
2023-07-26 16:05:08.467616,5555481.0,5555930.0,98.74000284830728,98.7440028889974,100.70267667643229,100.70667671712239
2023-07-26 16:05:08.471597,5555482.0,5555931.0,98.74435087076823,98.74835091145833,100.70702469889322,100.71102473958334
2023-07-26 16:05:08.476585,5555483.0,5555932.0,98.74869889322918,98.75269893391926,100.71137272135417,100.71537276204427
2023-07-26 16:05:08.480573,5555484.0,5555933.0,98.7530469156901,98.75704699707032,100.71572074381511,100.71972082519531
2023-07-26 16:05:08.484554,5555485.0,5555934.0,98.75739493815104,98.76139501953125,100.72006876627604,100.72406884765626
2023-07-26 16:05:08.489543,5555486.0,5555935.0,98.76174300130208,98.76574304199218,100.72441682942708,100.72841687011719
2023-07-26 16:05:08.493524,5555487.0,5555936.0,98.7660906982422,98.77009073893228,100.72876485188803,100.73276489257812
2023-07-26 16:05:08.497515,5555488.0,5555937.0,98.77043872070313,98.77443876139324,100.73311287434896,100.73711291503906
2023-07-26 16:05:08.502498,5555489.0,5555938.0,98.77478674316406,98.77878678385417,100.73746089680989,100.74146093750001
2023-07-26 16:05:08.506481,5555490.0,5555939.0,98.77913476562499,98.7831348063151,100.74180891927082,100.74580900065104
2023-07-26 16:05:08.511466,5555491.0,5555940.0,98.78348278808595,98.78748286946615,100.74615694173178,100.75015698242187
2023-07-26 16:05:08.515455,5555492.0,5555941.0,98.78783081054688,98.79183089192708,100.75050463867187,100.75450472005208
2023-07-26 16:05:08.519437,5555493.0,5555942.0,98.79217887369792,98.79617891438802,100.75485270182291,100.75885274251303
2023-07-26 16:05:08.524432,5555494.0,5555943.0,98.79652689615885,98.80052693684895,100.75920072428386,100.76320076497396
2023-07-26 16:05:08.528411,5555495.0,5555944.0,98.80088533528647,98.80488537597655,100.76354874674479,100.76754878743489
2023-07-26 16:05:08.532401,5555496.0,5555945.0,98.80522294108073,98.80922298177083,100.76789676920573,100.77189680989582
2023-07-26 16:05:08.537408,5555497.0,5555946.0,98.80957096354166,98.81357104492189,100.77224479166667,100.77624487304686
2023-07-26 16:05:08.541412,5555498.0,5555947.0,98.81391882324219,98.8179188232422,100.7765928141276,100.78059289550782
2023-07-26 16:05:08.545396,5555499.0,5555948.0,98.81826668294272,98.82226676432292,100.78094087727864,100.78494091796875
2023-07-26 16:05:08.550383,5555500.0,5555949.0,98.82261474609375,98.82661478678385,100.78528889973958,100.78928894042969
2023-07-26 16:05:08.554365,5555501.0,5555950.0,98.8269627685547,98.8309628092448,100.78963692220051,100.79363696289063
2023-07-26 16:05:08.558362,5555502.0,5555951.0,98.83131079101562,98.83531083170573,100.79398494466146,100.79798498535156
2023-07-26 16:05:08.563339,5555503.0,5555952.0,98.83565881347656,98.83965885416667,100.79833276367187,100.80233276367187
2023-07-26 16:05:08.567321,5555504.0,5555953.0,98.8400068359375,98.8440069173177,100.8026806640625,100.8066807454427
2023-07-26 16:05:08.572309,5555505.0,5555954.0,98.84435485839845,98.84835493977864,100.80702868652344,100.81102876790365
2023-07-26 16:05:08.576296,5555506.0,5555955.0,98.84870292154947,98.85270296223959,100.81137674967448,100.81537679036458
2023-07-26 16:05:08.580278,5555507.0,5555956.0,98.8530509440104,98.85705098470052,100.81572477213541,100.81972481282553
2023-07-26 16:05:08.585266,5555508.0,5555957.0,98.85739896647137,98.86139900716145,100.82008321126301,100.82408325195313
2023-07-26 16:05:08.589248,5555509.0,5555958.0,98.86174694824219,98.86574694824218,100.8244208170573,100.82842085774739
2023-07-26 16:05:08.593234,5555510.0,5555959.0,98.8660946858724,98.8700947265625,100.82876883951823,100.83276892089845
2023-07-26 16:05:08.598222,5555511.0,5555960.0,98.87044270833333,98.87444278971354,100.83311686197916,100.83711694335938
2023-07-26 16:05:08.602204,5555512.0,5555961.0,98.87479073079427,98.87879081217447,100.8374649251302,100.84146496582031
2023-07-26 16:05:08.607189,5555513.0,5555962.0,98.87913879394532,98.88313883463542,100.84181294759115,100.84581298828124
2023-07-26 16:05:08.611180,5555514.0,5555963.0,98.88348681640625,98.88748685709636,100.84616088867188,100.85016088867188
2023-07-26 16:05:08.615161,5555515.0,5555964.0,98.88783483886718,98.8918348795573,100.85050866699218,100.8545087076823
2023-07-26 16:05:08.620150,5555516.0,5555965.0,98.89218286132812,98.89618290201823,100.85485668945311,100.85885673014323
2023-07-26 16:05:08.624135,5555517.0,5555966.0,98.89653088378907,98.90053096516927,100.85920471191407,100.86320479329427
2023-07-26 16:05:08.628118,5555518.0,5555967.0,98.9008789469401,98.90487898763021,100.863552734375,100.86755281575522
2023-07-26 16:05:08.633106,5555519.0,5555968.0,98.90522696940104,98.90922701009114,100.86790079752603,100.87190083821615
2023-07-26 16:05:08.637088,5555520.0,5555969.0,98.90957499186197,98.91357503255209,100.87224881998698,100.87624886067708
2023-07-26 16:05:08.642071,5555521.0,5555970.0,98.91392272949219,98.91792272949218,100.87659684244791,100.88059688313803
2023-07-26 16:05:08.646062,5555522.0,5555971.0,98.91828112792969,98.92228116861979,100.88094486490886,100.88494490559896
2023-07-26 16:05:08.650044,5555523.0,5555972.0,98.92261873372395,98.92661877441407,100.88529288736979,100.88929296875
2023-07-26 16:05:08.655027,5555524.0,5555973.0,98.9269667561849,98.93096683756511,100.88964090983072,100.89364099121094
2023-07-26 16:05:08.659018,5555525.0,5555974.0,98.93131477864584,98.93531486002604,100.89398897298176,100.89798901367188
2023-07-26 16:05:08.663001,5555526.0,5555975.0,98.93566284179688,98.93966288248699,100.89833666992187,100.90233671061198
2023-07-26 16:05:08.667988,5555527.0,5555976.0,98.94001086425781,98.94401090494792,100.9026846923828,100.90668473307292
2023-07-26 16:05:08.671975,5555528.0,5555977.0,98.94435888671875,98.94835892740886,100.90703271484375,100.91103275553385
2023-07-26 16:05:08.675958,5555529.0,5555978.0,98.94870690917969,98.95270694986979,100.9113807373047,100.91538077799478
2023-07-26 16:05:08.680946,5555530.0,5555979.0,98.95305493164062,98.95705501302082,100.91572875976563,100.91972884114583
2023-07-26 16:05:08.684932,5555531.0,5555980.0,98.95740295410157,98.96140303548178,100.92007678222656,100.92407686360677
2023-07-26 16:05:08.688993,5555532.0,5555981.0,98.96175085449218,98.96575085449219,100.9244248453776,100.92842488606772
2023-07-26 16:05:08.693989,5555533.0,5555982.0,98.9660987141927,98.97009875488281,100.92877286783853,100.93277290852865
2023-07-26 16:05:08.697986,5555534.0,5555983.0,98.97044673665366,98.97444677734374,100.93312089029949,100.93712093098958
2023-07-26 16:05:08.701968,5555535.0,5555984.0,98.97479475911459,98.97879479980469,100.93746891276042,100.94146895345051
2023-07-26 16:05:08.706956,5555536.0,5555985.0,98.97914278157552,98.98314282226562,100.94181693522135,100.94581701660157
2023-07-26 16:05:08.710943,5555537.0,5555986.0,98.98349080403645,98.98749088541666,100.94616479492187,100.95016479492188
2023-07-26 16:05:08.714926,5555538.0,5555987.0,98.9878388264974,98.99183890787761,100.9505126546224,100.9545127360026
2023-07-26 16:05:08.719913,5555539.0,5555988.0,98.99218688964844,98.99618693033855,100.95486071777344,100.95886075846353
2023-07-26 16:05:08.723895,5555540.0,5555989.0,98.99653491210937,99.00053495279948,100.95920874023437,100.96320878092449
2023-07-26 16:05:08.728882,5555541.0,5555990.0,99.0008829345703,99.00488297526041,100.9635567626953,100.96755680338542
2023-07-26 16:05:08.732870,5555542.0,5555991.0,99.00523095703126,99.00923099772135,100.96790478515625,100.97190482584635
2023-07-26 16:05:08.736852,5555543.0,5555992.0,99.00957897949219,99.01357897949218,100.9722528076172,100.9762528889974
2023-07-26 16:05:08.741843,5555544.0,5555993.0,99.01392667643229,99.0179267578125,100.97660083007813,100.98060091145834
2023-07-26 16:05:08.745826,5555545.0,5555994.0,99.01827469889322,99.02227478027343,100.98094889322917,100.98494893391927
2023-07-26 16:05:08.749808,5555546.0,5555995.0,99.02262276204426,99.02662280273438,100.9852969156901,100.9892969563802
2023-07-26 16:05:08.754796,5555547.0,5555996.0,99.02697078450521,99.03097082519531,100.98964493815105,100.99364497884115
2023-07-26 16:05:08.758782,5555548.0,5555997.0,99.03131880696614,99.03531884765626,100.99399291992188,100.99799291992187
2023-07-26 16:05:08.762770,5555549.0,5555998.0,99.03566682942709,99.03966687011719,100.99834065755208,101.0023406982422
2023-07-26 16:05:08.767752,5555550.0,5555999.0,99.04001485188803,99.04401493326823,101.00268868001301,101.00668876139324
2023-07-26 16:05:08.771735,5555551.0,5556000.0,99.04436287434896,99.04836295572916,101.00703670247397,101.01103678385417
2023-07-26 16:05:08.776719,5555552.0,5556001.0,99.0487109375,99.0527109781901,101.011384765625,101.01538480631511
2023-07-26 16:05:08.780709,5555553.0,5556002.0,99.05305895996094,99.05705900065104,101.01573278808594,101.01973282877604
2023-07-26 16:05:08.784691,5555554.0,5556003.0,99.05740698242187,99.06140702311198,101.02008081054687,101.02408085123697
2023-07-26 16:05:08.789679,5555555.0,5556004.0,99.06175476074219,99.06575476074218,101.02442883300782,101.02842887369792
2023-07-26 16:05:08.793666,5555556.0,5556005.0,99.06610270182291,99.07010274251301,101.02877685546875,101.03277693684895
2023-07-26 16:05:08.797648,5555557.0,5556006.0,99.07045072428386,99.07445080566407,101.03313529459635,101.03713537597656
2023-07-26 16:05:08.802635,5555558.0,5556007.0,99.07479874674479,99.078798828125,101.03747294108072,101.04147298177084
2023-07-26 16:05:08.806628,5555559.0,5556008.0,99.07914680989583,99.08314685058593,101.04182096354165,101.04582100423177
2023-07-26 16:05:08.810609,5555560.0,5556009.0,99.08349483235678,99.08749487304686,101.04616870117188,101.05016870117187
2023-07-26 16:05:08.815592,5555561.0,5556010.0,99.08784285481771,99.09184289550782,101.05051668294271,101.05451672363282
2023-07-26 16:05:08.819574,5555562.0,5556011.0,99.09219087727864,99.09619091796876,101.05486470540365,101.05886474609375
2023-07-26 16:05:08.823567,5555563.0,5556012.0,99.09653889973958,99.10053898111978,101.05921272786458,101.06321280924479
2023-07-26 16:05:08.828550,5555564.0,5556013.0,99.10088692220052,99.10488700358074,101.06356075032552,101.06756083170572
2023-07-26 16:05:08.832531,5555565.0,5556014.0,99.10523498535156,99.10923502604167,101.06790881347656,101.07190885416668
2023-07-26 16:05:08.837520,5555566.0,5556015.0,99.10958288574218,99.11358288574219,101.0722568359375,101.07625687662761
2023-07-26 16:05:08.841505,5555567.0,5556016.0,99.11393070475259,99.1179307454427,101.07660485839844,101.08060489908854
2023-07-26 16:05:08.845488,5555568.0,5556017.0,99.11827872721355,99.12227876790364,101.08095288085939,101.08495292154947
2023-07-26 16:05:08.850470,5555569.0,5556018.0,99.12262674967448,99.12662679036458,101.08530090332032,101.08930098470053
2023-07-26 16:05:08.854457,5555570.0,5556019.0,99.12697477213541,99.13097485351562,101.08964892578125,101.09364900716146
2023-07-26 16:05:08.858444,5555571.0,5556020.0,99.13133321126301,99.13533329264322,101.09399682617187,101.09799682617188
2023-07-26 16:05:08.863427,5555572.0,5556021.0,99.1356708577474,99.1396708984375,101.09834468587239,101.10234472656249
2023-07-26 16:05:08.867414,5555573.0,5556022.0,99.14001888020833,99.14401892089845,101.10269270833334,101.10669274902344
2023-07-26 16:05:08.872411,5555574.0,5556023.0,99.14436690266928,99.14836694335938,101.10704073079427,101.11104077148438
2023-07-26 16:05:08.876388,5555575.0,5556024.0,99.14871492513021,99.15271496582031,101.1113887532552,101.11538879394531
2023-07-26 16:05:08.880371,5555576.0,5556025.0,99.15306294759115,99.15706302897135,101.11573677571614,101.11973685709636
2023-07-26 16:05:08.885358,5555577.0,5556026.0,99.15741097005208,99.1614110107422,101.12008479817709,101.12408487955729
2023-07-26 16:05:08.889345,5555578.0,5556027.0,99.16175866699218,99.1657587483724,101.12443286132813,101.12843290201823
2023-07-26 16:05:08.893328,5555579.0,5556028.0,99.16610673014323,99.17010677083333,101.12878088378906,101.13278092447916
2023-07-26 16:05:08.898315,5555580.0,5556029.0,99.17045475260417,99.17445479329427,101.13312890625001,101.1371289469401
2023-07-26 16:05:08.902302,5555581.0,5556030.0,99.1748027750651,99.1788028157552,101.13747692871094,101.14147696940104
2023-07-26 16:05:08.906288,5555582.0,5556031.0,99.17915079752603,99.18315083821615,101.14182495117187,101.14582495117187
2023-07-26 16:05:08.911273,5555583.0,5556032.0,99.18349881998698,99.18749890136719,101.14617264811197,101.15017272949218
2023-07-26 16:05:08.915254,5555584.0,5556033.0,99.18784684244791,99.19184692382812,101.15052067057292,101.15453116861978
2023-07-26 16:05:08.919246,5555585.0,5556034.0,99.19219490559897,99.19619494628905,101.15486873372396,101.15886877441406
2023-07-26 16:05:08.924228,5555586.0,5556035.0,99.1965429280599,99.20054296875,101.1592167561849,101.16321679687499
2023-07-26 16:05:08.928210,5555587.0,5556036.0,99.20089095052083,99.20489099121095,101.16356477864583,101.16756481933594
2023-07-26 16:05:08.933195,5555588.0,5556037.0,99.20523897298176,99.20923901367188,101.16791280110677,101.17191284179688
2023-07-26 16:05:08.937185,5555589.0,5556038.0,99.2095867919922,99.21358679199218,101.17226082356771,101.17626090494791
2023-07-26 16:05:08.941168,5555590.0,5556039.0,99.21393469238281,99.21793477376303,101.17660884602866,101.18060892740885
2023-07-26 16:05:08.946155,5555591.0,5556040.0,99.21828271484375,99.22228279622396,101.18095690917968,101.1849569498698
2023-07-26 16:05:08.950137,5555592.0,5556041.0,99.22263077799478,99.2266308186849,101.18530493164062,101.18930497233073
2023-07-26 16:05:08.954123,5555593.0,5556042.0,99.22697880045574,99.23097884114583,101.18965295410158,101.19365299479166
2023-07-26 16:05:08.959112,5555594.0,5556043.0,99.23132682291667,99.23532686360676,101.19400073242188,101.19800073242187
2023-07-26 16:05:08.963094,5555595.0,5556044.0,99.2356748453776,99.23967488606772,101.19834867350261,101.20234871419271
2023-07-26 16:05:08.967085,5555596.0,5556045.0,99.24002286783853,99.24402294921875,101.20269669596354,101.20669677734375
2023-07-26 16:05:08.972068,5555597.0,5556046.0,99.24437089029948,99.24837097167969,101.20704471842447,101.21104479980468
2023-07-26 16:05:08.976049,5555598.0,5556047.0,99.24871895345052,99.25271899414062,101.21139278157553,101.21539282226561
2023-07-26 16:05:08.981033,5555599.0,5556048.0,99.25306697591145,99.25706701660157,101.21574080403646,101.21974084472656
2023-07-26 16:05:08.985020,5555600.0,5556049.0,99.25741491699219,99.2614149169922,101.22008882649739,101.2240888671875
2023-07-26 16:05:08.989483,5555601.0,5556050.0,99.26176269531251,99.2657627360026,101.22443684895833,101.22843688964844
2023-07-26 16:05:08.993284,5555602.0,5556051.0,99.26611071777344,99.27011075846353,101.22878487141928,101.23278495279948
2023-07-26 16:05:08.998557,5555603.0,5556052.0,99.27045874023437,99.27445882161459,101.23313289388021,101.23713297526042
2023-07-26 16:05:09.001739,5555604.0,5556053.0,99.2748067626953,99.27880684407552,101.23748095703125,101.24148099772135
2023-07-26 16:05:09.006785,5555605.0,5556054.0,99.27915482584635,99.28315486653646,101.24182885742186,101.24582885742187
2023-07-26 16:05:09.010849,5555606.0,5556055.0,99.2835028483073,99.2875028889974,101.2461766764323,101.25017671712239
2023-07-26 16:05:09.015232,5555607.0,5556056.0,99.28785087076824,99.29185091145833,101.25052469889323,101.25452473958333
2023-07-26 16:05:09.019693,5555608.0,5556057.0,99.29219889322917,99.29619893391927,101.25487272135416,101.25887276204428
2023-07-26 16:05:09.023791,5555609.0,5556058.0,99.2965469156901,99.30054699707031,101.2592207438151,101.26322082519532
2023-07-26 16:05:09.028299,5555610.0,5556059.0,99.30089493815105,99.30489501953124,101.26356876627604,101.26756884765625
2023-07-26 16:05:09.032588,5555611.0,5556060.0,99.30524300130209,99.30924304199218,101.2679168294271,101.27191687011718
2023-07-26 16:05:09.036935,5555612.0,5556061.0,99.30959069824219,99.31359073893229,101.27226485188802,101.27626489257813
2023-07-26 16:05:09.041665,5555613.0,5556062.0,99.31393872070312,99.31793876139324,101.27661287434896,101.28061291503907
2023-07-26 16:05:09.045915,5555614.0,5556063.0,99.31828674316407,99.32228678385417,101.28096089680989,101.2849609375
2023-07-26 16:05:09.049467,5555615.0,5556064.0,99.322634765625,99.32663480631511,101.28530891927083,101.28930900065103
2023-07-26 16:05:09.053955,5555616.0,5556065.0,99.32698278808594,99.33098286946615,101.28965694173178,101.29365698242188
2023-07-26 16:05:09.058649,5555617.0,5556066.0,99.33133081054687,99.33533089192709,101.29400463867186,101.29800472005209
2023-07-26 16:05:09.062951,5555618.0,5556067.0,99.33567887369792,99.33967891438802,101.2983527018229,101.30235274251302
2023-07-26 16:05:09.067283,5555619.0,5556068.0,99.34002689615886,99.34402693684895,101.30270072428387,101.30670076497395
2023-07-26 16:05:09.071649,5555620.0,5556069.0,99.34438533528646,99.34838537597656,101.3070487467448,101.3110487874349
2023-07-26 16:05:09.076099,5555621.0,5556070.0,99.34872294108072,99.35272298177084,101.31139676920573,101.31539680989583
2023-07-26 16:05:09.080332,5555622.0,5556071.0,99.35307096354165,99.35707104492188,101.31574479166666,101.31974487304687
2023-07-26 16:05:09.084762,5555623.0,5556072.0,99.3574188232422,99.36141882324219,101.32009281412759,101.32409289550782
2023-07-26 16:05:09.089182,5555624.0,5556073.0,99.36176668294272,99.36576676432293,101.32444087727865,101.32844091796875
2023-07-26 16:05:09.093588,5555625.0,5556074.0,99.36611474609374,99.37011478678386,101.32878889973958,101.3327889404297
2023-07-26 16:05:09.097899,5555626.0,5556075.0,99.37046276855469,99.37446280924479,101.33313692220051,101.33713696289063
2023-07-26 16:05:09.102344,5555627.0,5556076.0,99.37481079101563,99.37881083170572,101.33748494466145,101.34148498535156
2023-07-26 16:05:09.106736,5555628.0,5556077.0,99.37915881347656,99.38315885416668,101.34183276367187,101.34583276367186
2023-07-26 16:05:09.110461,5555629.0,5556078.0,99.3835068359375,99.38750691731771,101.3461806640625,101.35018074544271
2023-07-26 16:05:09.115901,5555630.0,5556079.0,99.38785485839844,99.39185493977865,101.35052868652343,101.35452876790364
2023-07-26 16:05:09.120285,5555631.0,5556080.0,99.39220292154947,99.39620296223958,101.35487674967449,101.35887679036458
2023-07-26 16:05:09.124455,5555632.0,5556081.0,99.39655094401041,99.40055098470052,101.35922477213542,101.36322481282552
2023-07-26 16:05:09.129100,5555633.0,5556082.0,99.40089896647136,99.40489900716146,101.36358321126302,101.36758325195314
2023-07-26 16:05:09.132539,5555634.0,5556083.0,99.40524694824218,99.40924694824218,101.3679208170573,101.3719208577474
2023-07-26 16:05:09.137212,5555635.0,5556084.0,99.40959468587239,99.4135947265625,101.37226883951823,101.37626892089844
2023-07-26 16:05:09.141567,5555636.0,5556085.0,99.41394270833334,99.41794278971354,101.37661686197916,101.38061694335937
2023-07-26 16:05:09.145879,5555637.0,5556086.0,99.41829073079427,99.42229081217448,101.38096492513021,101.3849649658203
2023-07-26 16:05:09.150268,5555638.0,5556087.0,99.42263879394531,99.42663883463541,101.38531294759115,101.38931298828125
2023-07-26 16:05:09.154625,5555639.0,5556088.0,99.42698681640624,99.43098685709636,101.38966088867187,101.39366088867187
2023-07-26 16:05:09.158865,5555640.0,5556089.0,99.43133483886719,99.43533487955729,101.39400866699219,101.3980087076823
2023-07-26 16:05:09.163286,5555641.0,5556090.0,99.43568286132813,99.43968290201823,101.39835668945312,101.40235673014323
2023-07-26 16:05:09.166945,5555642.0,5556091.0,99.44003088378906,99.44403096516928,101.40270471191407,101.40670479329428
2023-07-26 16:05:09.171303,5555643.0,5556092.0,99.44437890625,99.4483789876302,101.407052734375,101.41105281575521
2023-07-26 16:05:09.176644,5555644.0,5556093.0,99.44872696940105,99.45272701009114,101.41140079752604,101.41540083821614
2023-07-26 16:05:09.179949,5555645.0,5556094.0,99.45307499186198,99.45707503255208,101.41574881998699,101.41974886067707
2023-07-26 16:05:09.184353,5555646.0,5556095.0,99.45742272949218,99.46142272949218,101.42009684244792,101.42409688313803
2023-07-26 16:05:09.188583,5555647.0,5556096.0,99.46178112792968,99.46578116861978,101.42444486490885,101.42844490559897
2023-07-26 16:05:09.193245,5555648.0,5556097.0,99.46611873372395,99.47011877441406,101.42879288736978,101.43279296875
2023-07-26 16:05:09.197609,5555649.0,5556098.0,99.4704667561849,99.4744668375651,101.43314090983073,101.43714099121094
2023-07-26 16:05:09.202268,5555650.0,5556099.0,99.47481477864584,99.47881486002605,101.43748897298177,101.44148901367187
2023-07-26 16:05:09.206555,5555651.0,5556100.0,99.47916284179688,99.48316288248698,101.44183666992187,101.44583671061199
2023-07-26 16:05:09.211064,5555652.0,5556101.0,99.48351086425782,99.48751090494791,101.4461846923828,101.45018473307292
2023-07-26 16:05:09.215386,5555653.0,5556102.0,99.48785888671875,99.49185892740886,101.45053271484376,101.45453275553385
2023-07-26 16:05:09.219781,5555654.0,5556103.0,99.49220690917969,99.4962069498698,101.45488073730469,101.45888077799479
2023-07-26 16:05:09.223915,5555655.0,5556104.0,99.49655493164062,99.50055501302083,101.45922875976562,101.46322884114583
2023-07-26 16:05:09.228789,5555656.0,5556105.0,99.50090295410156,99.50490303548177,101.46357678222655,101.46757686360677
2023-07-26 16:05:09.232860,5555657.0,5556106.0,99.50525085449219,99.50925085449218,101.46792484537761,101.47192488606771
2023-07-26 16:05:09.236887,5555658.0,5556107.0,99.5095987141927,99.5135987548828,101.47227286783854,101.47627290852864
2023-07-26 16:05:09.241233,5555659.0,5556108.0,99.51394673665365,99.51794677734375,101.47662089029949,101.48062093098959
2023-07-26 16:05:09.246316,5555660.0,5556109.0,99.51829475911458,99.52229479980468,101.48096891276042,101.48496895345052
2023-07-26 16:05:09.249765,5555661.0,5556110.0,99.52264278157553,99.52664282226561,101.48531693522135,101.48931701660156
2023-07-26 16:05:09.254153,5555662.0,5556111.0,99.52699080403646,99.53099088541666,101.48966479492188,101.49366479492187
2023-07-26 16:05:09.259319,5555663.0,5556112.0,99.53133882649739,99.53533890787762,101.4940126546224,101.49801273600261
2023-07-26 16:05:09.263686,5555664.0,5556113.0,99.53568688964843,99.53968693033855,101.49836071777344,101.50236075846354
2023-07-26 16:05:09.267067,5555665.0,5556114.0,99.54003491210938,99.54403495279948,101.50270874023437,101.50670878092448
2023-07-26 16:05:09.272122,5555666.0,5556115.0,99.54438293457031,99.54838297526041,101.50705676269531,101.51105680338542
2023-07-26 16:05:09.276158,5555667.0,5556116.0,99.54873095703125,99.55273099772135,101.51140478515624,101.51540482584636
2023-07-26 16:05:09.280637,5555668.0,5556117.0,99.55307897949218,99.55707897949219,101.51575280761719,101.5197528889974
2023-07-26 16:05:09.284749,5555669.0,5556118.0,99.55742667643229,99.5614267578125,101.52010083007812,101.52410091145833
2023-07-26 16:05:09.289052,5555670.0,5556119.0,99.56177469889323,99.56577478027343,101.52444889322918,101.52844893391926
2023-07-26 16:05:09.294069,5555671.0,5556120.0,99.56612276204427,99.57012280273437,101.52879691569011,101.5327969563802
2023-07-26 16:05:09.298093,5555672.0,5556121.0,99.5704707845052,99.57447082519532,101.53314493815104,101.53714497884116
2023-07-26 16:05:09.302547,5555673.0,5556122.0,99.57481880696614,99.57881884765625,101.53749291992187,101.54149291992188
2023-07-26 16:05:09.306746,5555674.0,5556123.0,99.5791668294271,99.58316687011718,101.54184065755207,101.54584069824219
2023-07-26 16:05:09.311154,5555675.0,5556124.0,99.58351485188803,99.58751493326824,101.54618868001302,101.55018876139323
2023-07-26 16:05:09.315169,5555676.0,5556125.0,99.58786287434896,99.59186295572917,101.55053670247396,101.55453678385418
2023-07-26 16:05:09.319272,5555677.0,5556126.0,99.5922109375,99.5962109781901,101.55488476562499,101.5588848063151
2023-07-26 16:05:09.324292,5555678.0,5556127.0,99.59655895996094,99.60055900065103,101.55923278808594,101.56323282877604
2023-07-26 16:05:09.328295,5555679.0,5556128.0,99.60090698242188,99.60490702311199,101.56358081054688,101.56758085123697
2023-07-26 16:05:09.332316,5555680.0,5556129.0,99.60525476074218,99.60925476074219,101.56792883300781,101.57192887369793
2023-07-26 16:05:09.337376,5555681.0,5556130.0,99.60960270182291,99.61360274251302,101.57227685546874,101.57627693684896
2023-07-26 16:05:09.341390,5555682.0,5556131.0,99.61395072428385,99.61795080566407,101.57663529459636,101.58063537597656
2023-07-26 16:05:09.346387,5555683.0,5556132.0,99.6182987467448,99.622298828125,101.58097294108073,101.58497298177083
2023-07-26 16:05:09.350426,5555684.0,5556133.0,99.62264680989583,99.62664685058594,101.58532096354166,101.58932100423178
2023-07-26 16:05:09.354362,5555685.0,5556134.0,99.62699483235677,99.63099487304687,101.58966870117187,101.59366870117188
2023-07-26 16:05:09.359344,5555686.0,5556135.0,99.6313428548177,99.63534289550782,101.59401668294271,101.59801672363281
2023-07-26 16:05:09.363337,5555687.0,5556136.0,99.63569087727865,99.63969091796875,101.59836470540364,101.60236474609374
2023-07-26 16:05:09.367317,5555688.0,5556137.0,99.64003889973958,99.64403898111979,101.60271272786458,101.60671280924478
2023-07-26 16:05:09.372301,5555689.0,5556138.0,99.64438692220051,99.64838700358074,101.60706075032552,101.61106083170573
2023-07-26 16:05:09.376292,5555690.0,5556139.0,99.64873498535155,99.65273502604167,101.61140881347656,101.61540885416667
2023-07-26 16:05:09.380274,5555691.0,5556140.0,99.6530828857422,99.65708288574218,101.6157568359375,101.6197568766276
2023-07-26 16:05:09.385262,5555692.0,5556141.0,99.6574307047526,99.66143074544271,101.62010485839845,101.62410489908854
2023-07-26 16:05:09.389254,5555693.0,5556142.0,99.66177872721354,99.66577876790365,101.62445288085938,101.62845292154948
2023-07-26 16:05:09.394227,5555694.0,5556143.0,99.66612674967448,99.67012679036458,101.62880090332031,101.63280098470052
2023-07-26 16:05:09.398218,5555695.0,5556144.0,99.67047477213542,99.67447485351562,101.63314892578126,101.63714900716145
2023-07-26 16:05:09.402201,5555696.0,5556145.0,99.67483321126302,99.67883329264322,101.63749682617188,101.64149682617187
2023-07-26 16:05:09.407188,5555697.0,5556146.0,99.6791708577474,99.68317089843751,101.6418446858724,101.6458447265625
2023-07-26 16:05:09.411175,5555698.0,5556147.0,99.68351888020833,99.68751892089844,101.64619270833333,101.65019274902345
2023-07-26 16:05:09.415158,5555699.0,5556148.0,99.68786690266927,99.69186694335937,101.65054073079426,101.65454077148438
2023-07-26 16:05:09.420146,5555700.0,5556149.0,99.69221492513022,99.6962149658203,101.65488875325521,101.65888879394531
2023-07-26 16:05:09.424128,5555701.0,5556150.0,99.69656294759115,99.70056302897136,101.65923677571615,101.66323685709635
2023-07-26 16:05:09.428115,5555702.0,5556151.0,99.70091097005208,99.7049110107422,101.66358479817708,101.6675848795573
2023-07-26 16:05:09.433097,5555703.0,5556152.0,99.7052586669922,99.70925874837239,101.66793286132813,101.67193290201823
2023-07-26 16:05:09.437084,5555704.0,5556153.0,99.70960673014324,99.71360677083332,101.67228088378907,101.67628092447916
2023-07-26 16:05:09.441072,5555705.0,5556154.0,99.71395475260417,99.71795479329428,101.67662890625,101.6806289469401
2023-07-26 16:05:09.446058,5555706.0,5556155.0,99.7183027750651,99.72230281575521,101.68097692871093,101.68497696940105
2023-07-26 16:05:09.450040,5555707.0,5556156.0,99.72265079752603,99.72665083821614,101.68532495117186,101.68932495117187
2023-07-26 16:05:09.455030,5555708.0,5556157.0,99.72699881998699,99.73099890136719,101.68967264811198,101.69367272949218
2023-07-26 16:05:09.459016,5555709.0,5556158.0,99.73134684244792,99.73534692382812,101.69402067057293,101.69803116861978
2023-07-26 16:05:09.462997,5555710.0,5556159.0,99.73569490559896,99.73969494628906,101.69836873372395,101.70236877441407
2023-07-26 16:05:09.467985,5555711.0,5556160.0,99.74004292805989,99.74404296875,101.7027167561849,101.706716796875
2023-07-26 16:05:09.471972,5555712.0,5556161.0,99.74439095052084,99.74839099121094,101.70706477864583,101.71106481933593
2023-07-26 16:05:09.475954,5555713.0,5556162.0,99.74873897298177,99.75273901367187,101.71141280110677,101.71541284179688
2023-07-26 16:05:09.480941,5555714.0,5556163.0,99.75308679199219,99.7570867919922,101.7157608235677,101.71976090494792
2023-07-26 16:05:09.484934,5555715.0,5556164.0,99.7574346923828,99.76143477376303,101.72010884602865,101.72410892740886
2023-07-26 16:05:09.488911,5555716.0,5556165.0,99.76178271484376,99.76578279622396,101.72445690917968,101.7284569498698
2023-07-26 16:05:09.493898,5555717.0,5556166.0,99.76613077799479,99.77013081868489,101.72880493164062,101.73280497233073
2023-07-26 16:05:09.497881,5555718.0,5556167.0,99.77047880045573,99.77447884114584,101.73315295410157,101.73715299479167
2023-07-26 16:05:09.502868,5555719.0,5556168.0,99.77482682291667,99.77882686360677,101.73750073242188,101.74150073242188
2023-07-26 16:05:09.506855,5555720.0,5556169.0,99.7791748453776,99.78317488606771,101.7418486735026,101.7458487141927
2023-07-26 16:05:09.510837,5555721.0,5556170.0,99.78352286783854,99.78752294921874,101.74619669596355,101.75019677734375
2023-07-26 16:05:09.515825,5555722.0,5556171.0,99.78787089029949,99.79187097167969,101.75054471842448,101.75454479980468
2023-07-26 16:05:09.519812,5555723.0,5556172.0,99.79221895345052,99.79621899414063,101.75489278157552,101.75889282226562
2023-07-26 16:05:09.523794,5555724.0,5556173.0,99.79656697591145,99.80056701660156,101.75924080403645,101.76324084472657
2023-07-26 16:05:09.528781,5555725.0,5556174.0,99.8009149169922,99.80491491699219,101.76358882649738,101.7675888671875
2023-07-26 16:05:09.532763,5555726.0,5556175.0,99.8052626953125,99.80926273600261,101.76793684895834,101.77193688964843
2023-07-26 16:05:09.536763,5555727.0,5556176.0,99.80961071777344,99.81361075846354,101.77228487141927,101.77628495279949
2023-07-26 16:05:09.541738,5555728.0,5556177.0,99.81395874023437,99.81795882161458,101.7766328938802,101.78063297526042
2023-07-26 16:05:09.545720,5555729.0,5556178.0,99.81830676269531,99.82230684407551,101.78098095703125,101.78498099772135
2023-07-26 16:05:09.550708,5555730.0,5556179.0,99.82265482584636,99.82665486653647,101.78532885742187,101.78932885742186
2023-07-26 16:05:09.554695,5555731.0,5556180.0,99.82700284830729,99.8310028889974,101.7896766764323,101.7936767171224
2023-07-26 16:05:09.558676,5555732.0,5556181.0,99.83135087076823,99.83535091145833,101.79402469889322,101.79802473958334
2023-07-26 16:05:09.563665,5555733.0,5556182.0,99.83569889322916,99.83969893391927,101.79837272135416,101.80237276204427
2023-07-26 16:05:09.567647,5555734.0,5556183.0,99.84004691569011,99.84404699707031,101.80272074381512,101.80672082519531
2023-07-26 16:05:09.571635,5555735.0,5556184.0,99.84439493815104,99.84839501953125,101.80706876627605,101.81106884765626
2023-07-26 16:05:09.576617,5555736.0,5556185.0,99.84874300130208,99.85274304199218,101.81141682942709,101.81541687011719
2023-07-26 16:05:09.580605,5555737.0,5556186.0,99.85309069824218,99.85709073893229,101.81576485188802,101.81976489257812
2023-07-26 16:05:09.584657,5555738.0,5556187.0,99.85743872070313,99.86143876139323,101.82011287434895,101.82411291503907
2023-07-26 16:05:09.589574,5555739.0,5556188.0,99.86178674316406,99.86578678385418,101.8244608968099,101.8284609375
2023-07-26 16:05:09.593563,5555740.0,5556189.0,99.86613476562499,99.87013480631511,101.82880891927083,101.83280900065104
2023-07-26 16:05:09.598544,5555741.0,5556190.0,99.87048278808594,99.87448286946615,101.83315694173177,101.83715698242187
2023-07-26 16:05:09.602534,5555742.0,5556191.0,99.87483081054688,99.87883089192708,101.83750463867187,101.84150472005209
2023-07-26 16:05:09.606518,5555743.0,5556192.0,99.87917887369792,99.88317891438803,101.84185270182292,101.84585274251302
2023-07-26 16:05:09.611504,5555744.0,5556193.0,99.88352689615886,99.88752693684896,101.84620072428386,101.85020076497396
2023-07-26 16:05:09.615487,5555745.0,5556194.0,99.88788533528646,99.89188537597656,101.85054874674479,101.8545487874349
2023-07-26 16:05:09.620470,5555746.0,5556195.0,99.89222294108072,99.89622298177083,101.85489676920574,101.85889680989582
2023-07-26 16:05:09.624461,5555747.0,5556196.0,99.89657096354166,99.90057104492188,101.85924479166667,101.86324487304687
2023-07-26 16:05:09.628443,5555748.0,5556197.0,99.9009188232422,99.9049188232422,101.8635928141276,101.86759289550783
2023-07-26 16:05:09.632445,5555749.0,5556198.0,99.90526668294271,99.90926676432292,101.86794087727864,101.87194091796876
2023-07-26 16:05:09.637413,5555750.0,5556199.0,99.90961474609374,99.91361478678385,101.87228889973957,101.87628894042969
2023-07-26 16:05:09.641401,5555751.0,5556200.0,99.9139627685547,99.91796280924478,101.87663692220052,101.88063696289062
2023-07-26 16:05:09.646387,5555752.0,5556201.0,99.91831079101563,99.92231083170573,101.88098494466146,101.88498498535155
2023-07-26 16:05:09.650370,5555753.0,5556202.0,99.92265881347656,99.92665885416667,101.88533276367187,101.88933276367187
2023-07-26 16:05:09.654357,5555754.0,5556203.0,99.9270068359375,99.9310069173177,101.8896806640625,101.89368074544271
2023-07-26 16:05:09.659341,5555755.0,5556204.0,99.93135485839845,99.93535493977865,101.89402868652344,101.89802876790364
2023-07-26 16:05:09.663327,5555756.0,5556205.0,99.93570292154948,99.9397029622396,101.89837674967448,101.90237679036458
2023-07-26 16:05:09.667312,5555757.0,5556206.0,99.94005094401041,99.94405098470052,101.90272477213541,101.90672481282553
2023-07-26 16:05:09.672300,5555758.0,5556207.0,99.94439896647135,99.94839900716146,101.90708321126301,101.91108325195313
2023-07-26 16:05:09.676282,5555759.0,5556208.0,99.94874694824219,99.95274694824218,101.9114208170573,101.91542085774739
2023-07-26 16:05:09.680282,5555760.0,5556209.0,99.9530946858724,99.95709472656249,101.91576883951824,101.91976892089843
2023-07-26 16:05:09.685253,5555761.0,5556210.0,99.95744270833333,99.96144278971354,101.92011686197917,101.92411694335938
2023-07-26 16:05:09.689239,5555762.0,5556211.0,99.96179073079426,99.96579081217448,101.92446492513021,101.92846496582031
2023-07-26 16:05:09.694222,5555763.0,5556212.0,99.96613879394532,99.9701388346354,101.92881294759114,101.93281298828124
2023-07-26 16:05:09.698210,5555764.0,5556213.0,99.97048681640625,99.97448685709635,101.93316088867188,101.93716088867187
2023-07-26 16:05:09.702195,5555765.0,5556214.0,99.97483483886718,99.9788348795573,101.93750866699219,101.9415087076823
2023-07-26 16:05:09.707184,5555766.0,5556215.0,99.97918286132813,99.98318290201823,101.94185668945312,101.94585673014323
2023-07-26 16:05:09.711166,5555767.0,5556216.0,99.98353088378907,99.98753096516927,101.94620471191406,101.95020479329428
2023-07-26 16:05:09.715157,5555768.0,5556217.0,99.98787890625,99.9918789876302,101.95055273437501,101.9545528157552
2023-07-26 16:05:09.720140,5555769.0,5556218.0,99.99222696940105,99.99622701009115,101.95490079752604,101.95890083821615
2023-07-26 16:05:09.724121,5555770.0,5556219.0,99.99657499186198,100.00057503255209,101.95924881998698,101.96324886067708
2023-07-26 16:05:09.729107,5555771.0,5556220.0,100.00092272949217,100.00492272949218,101.96359684244791,101.96759688313803
2023-07-26 16:05:09.733094,5555772.0,5556221.0,100.00528112792969,100.00928116861978,101.96794486490886,101.97194490559896
2023-07-26 16:05:09.737080,5555773.0,5556222.0,100.00961873372395,100.01361877441406,101.97229288736979,101.97629296874999
2023-07-26 16:05:09.741067,5555774.0,5556223.0,100.0139667561849,100.01796683756511,101.97664090983072,101.98064099121095
2023-07-26 16:05:09.746049,5555775.0,5556224.0,100.01831477864583,100.02231486002604,101.98098897298176,101.98498901367188
2023-07-26 16:05:09.750036,5555776.0,5556225.0,100.02266284179689,100.02666288248697,101.98533666992186,101.98933671061198
2023-07-26 16:05:09.754024,5555777.0,5556226.0,100.02701086425782,100.03101090494792,101.98968469238281,101.99368473307291
2023-07-26 16:05:09.759005,5555778.0,5556227.0,100.03135888671875,100.03535892740886,101.99403271484375,101.99803275553386
2023-07-26 16:05:09.762993,5555779.0,5556228.0,100.03570690917968,100.0397069498698,101.99838073730469,102.00238077799479
2023-07-26 16:05:09.767977,5555780.0,5556229.0,100.04005493164063,100.04405501302082,102.00272875976562,102.00672884114583
2023-07-26 16:05:09.771962,5555781.0,5556230.0,100.04440295410157,100.04840303548177,102.00707678222656,102.01107686360676
2023-07-26 16:05:09.775950,5555782.0,5556231.0,100.04875085449218,100.05275085449219,102.0114248453776,102.01542488606772
2023-07-26 16:05:09.780933,5555783.0,5556232.0,100.0530987141927,100.05709875488282,102.01577286783854,102.01977290852865
2023-07-26 16:05:09.788905,5555784.0,5556233.0,100.05744673665365,100.06144677734375,102.02012089029948,102.02412093098958
2023-07-26 16:05:09.793893,5555786.0,5556235.0,100.06614278157552,100.07014282226562,102.02881693522136,102.03281701660156
2023-07-26 16:05:09.797876,5555787.0,5556236.0,100.07049080403645,100.07449088541667,102.03316479492187,102.03716479492188
2023-07-26 16:05:09.801862,5555788.0,5556237.0,100.07483882649738,100.07883890787761,102.03751265462239,102.0415127360026
2023-07-26 16:05:09.806845,5555789.0,5556238.0,100.07918688964844,100.08318693033854,102.04186071777343,102.04586075846353
2023-07-26 16:05:09.810831,5555790.0,5556239.0,100.08353491210937,100.08753495279949,102.04620874023438,102.05020878092448
2023-07-26 16:05:09.815815,5555791.0,5556240.0,100.0878829345703,100.09188297526042,102.05055676269531,102.05455680338542
2023-07-26 16:05:09.819801,5555792.0,5556241.0,100.09223095703125,100.09623099772135,102.05490478515624,102.05890482584635
2023-07-26 16:05:09.824784,5555793.0,5556242.0,100.0965789794922,100.10057897949218,102.0592528076172,102.0632528889974
2023-07-26 16:05:09.832758,5555794.0,5556243.0,100.1009266764323,100.1049267578125,102.06360083007813,102.06760091145833
2023-07-26 16:05:09.837741,5555796.0,5556245.0,100.10962276204427,100.11362280273438,102.0722969156901,102.0762969563802
2023-07-26 16:05:09.841733,5555797.0,5556246.0,100.1139707845052,100.11797082519531,102.07664493815105,102.08064497884115
2023-07-26 16:05:09.845714,5555798.0,5556247.0,100.11831880696614,100.12231884765625,102.08099291992188,102.08499291992187
2023-07-26 16:05:09.849701,5555799.0,5556248.0,100.12266682942709,100.12666687011719,102.08534065755208,102.0893406982422
2023-07-26 16:05:09.853837,5555800.0,5556249.0,100.12701485188802,100.13101493326823,102.08968868001301,102.09368876139324
2023-07-26 16:05:09.859315,5555801.0,5556250.0,100.13136287434895,100.13536295572916,102.09403670247396,102.09803678385417
2023-07-26 16:05:09.863660,5555802.0,5556251.0,100.13571093750001,100.1397109781901,102.098384765625,102.1023848063151
2023-07-26 16:05:09.866670,5555803.0,5556252.0,100.14005895996094,100.14405900065104,102.10273278808594,102.10673282877603
2023-07-26 16:05:09.872292,5555804.0,5556253.0,100.14440698242187,100.14840702311199,102.10708081054688,102.11108085123698
2023-07-26 16:05:09.876365,5555805.0,5556254.0,100.1487547607422,100.15275476074218,102.1114288330078,102.11542887369792
2023-07-26 16:05:09.880390,5555806.0,5556255.0,100.15310270182292,100.15710274251302,102.11577685546875,102.11977693684895
2023-07-26 16:05:09.884647,5555807.0,5556256.0,100.15745072428386,100.16145080566407,102.12013529459635,102.12413537597656
2023-07-26 16:05:09.889025,5555808.0,5556257.0,100.1617987467448,100.165798828125,102.12447294108073,102.12847298177084
2023-07-26 16:05:09.893494,5555809.0,5556258.0,100.16614680989582,100.17014685058594,102.12882096354166,102.13282100423177
2023-07-26 16:05:09.897760,5555810.0,5556259.0,100.17049483235678,100.17449487304687,102.13316870117188,102.13716870117187
2023-07-26 16:05:09.902137,5555811.0,5556260.0,100.17484285481771,100.17884289550781,102.13751668294272,102.1415167236328
2023-07-26 16:05:09.906446,5555812.0,5556261.0,100.17919087727864,100.18319091796876,102.14186470540365,102.14586474609375
2023-07-26 16:05:09.910707,5555813.0,5556262.0,100.18353889973957,100.18753898111979,102.14621272786458,102.15021280924479
2023-07-26 16:05:09.915205,5555814.0,5556263.0,100.18788692220052,100.19188700358073,102.15056075032551,102.15456083170572
2023-07-26 16:05:09.919245,5555815.0,5556264.0,100.19223498535156,100.19623502604166,102.15490881347657,102.15890885416667
2023-07-26 16:05:09.923745,5555816.0,5556265.0,100.19658288574219,100.2005828857422,102.1592568359375,102.16325687662761
2023-07-26 16:05:09.928086,5555817.0,5556266.0,100.2009307047526,100.20493074544271,102.16360485839844,102.16760489908854
2023-07-26 16:05:09.932511,5555818.0,5556267.0,100.20527872721355,100.20927876790364,102.16795288085937,102.17195292154948
2023-07-26 16:05:09.936815,5555819.0,5556268.0,100.20962674967448,100.21362679036457,102.17230090332032,102.17630098470052
2023-07-26 16:05:09.941128,5555820.0,5556269.0,100.21397477213542,100.21797485351563,102.17664892578125,102.18064900716146
2023-07-26 16:05:09.946347,5555821.0,5556270.0,100.21833321126302,100.22233329264323,102.18099682617188,102.18499682617188
2023-07-26 16:05:09.950362,5555822.0,5556271.0,100.22267085774739,100.2266708984375,102.1853446858724,102.1893447265625
2023-07-26 16:05:09.955390,5555823.0,5556272.0,100.22701888020833,100.23101892089844,102.18969270833334,102.19369274902344
2023-07-26 16:05:09.959528,5555824.0,5556273.0,100.23136690266928,100.23536694335937,102.19404073079427,102.19804077148437
2023-07-26 16:05:09.967592,5555825.0,5556274.0,100.23571492513021,100.23971496582031,102.1983887532552,102.20238879394532
2023-07-26 16:05:09.971609,5555827.0,5556276.0,100.24441097005209,100.24841101074219,102.20708479817708,102.21108487955729
2023-07-26 16:05:09.976644,5555828.0,5556277.0,100.24875866699219,100.2527587483724,102.21143286132813,102.21543290201822
2023-07-26 16:05:09.980661,5555829.0,5556278.0,100.25310673014323,100.25710677083333,102.21578088378907,102.21978092447917
2023-07-26 16:05:09.984683,5555830.0,5556279.0,100.25745475260416,100.26145479329428,102.22012890625,102.2241289469401
2023-07-26 16:05:09.993760,5555831.0,5556280.0,100.2618027750651,100.26580281575521,102.22447692871093,102.22847696940104
2023-07-26 16:05:09.997774,5555833.0,5556282.0,100.27049881998698,100.2744989013672,102.23317264811197,102.23717272949219
2023-07-26 16:05:10.002780,5555834.0,5556283.0,100.27484684244791,100.27884692382813,102.23752067057292,102.24153116861979
2023-07-26 16:05:10.006836,5555835.0,5556284.0,100.27919490559896,100.28319494628906,102.24186873372395,102.24586877441406
2023-07-26 16:05:10.011875,5555836.0,5556285.0,100.2835429280599,100.28754296874999,102.24621675618491,102.250216796875
2023-07-26 16:05:10.015901,5555837.0,5556286.0,100.28789095052083,100.29189099121095,102.25056477864584,102.25456481933593
2023-07-26 16:05:10.024003,5555838.0,5556287.0,100.29223897298176,100.29623901367188,102.25491280110677,102.25891284179689
2023-07-26 16:05:10.029021,5555840.0,5556289.0,100.30093469238281,100.30493477376302,102.26360884602865,102.26760892740886
2023-07-26 16:05:10.033033,5555841.0,5556290.0,100.30528271484376,100.30928279622397,102.26795690917969,102.27195694986979
2023-07-26 16:05:10.037084,5555842.0,5556291.0,100.30963077799478,100.3136308186849,102.27230493164062,102.27630497233073
2023-07-26 16:05:10.041111,5555843.0,5556292.0,100.31397880045573,100.31797884114583,102.27665295410156,102.28065299479167
2023-07-26 16:05:10.046128,5555844.0,5556293.0,100.31832682291667,100.32232686360676,102.28100073242189,102.28500073242188
2023-07-26 16:05:10.050141,5555845.0,5556294.0,100.3226748453776,100.32667488606772,102.28534867350261,102.2893487141927
2023-07-26 16:05:10.055217,5555846.0,5556295.0,100.32702286783854,100.33102294921875,102.28969669596354,102.29369677734375
2023-07-26 16:05:10.059203,5555847.0,5556296.0,100.33137089029948,100.3353709716797,102.29404471842447,102.29804479980469
2023-07-26 16:05:10.063189,5555848.0,5556297.0,100.33571895345051,100.33971899414063,102.29839278157552,102.30239282226562
2023-07-26 16:05:10.072157,5555849.0,5556298.0,100.34006697591145,100.34406701660156,102.30274080403646,102.30674084472656
2023-07-26 16:05:10.076144,5555851.0,5556300.0,100.3487626953125,100.3527627360026,102.31143684895834,102.31543688964844
2023-07-26 16:05:10.081129,5555852.0,5556301.0,100.35311071777343,100.35711075846353,102.31578487141927,102.31978495279948
2023-07-26 16:05:10.085114,5555853.0,5556302.0,100.35745874023438,100.36145882161458,102.32013289388021,102.32413297526041
2023-07-26 16:05:10.090098,5555854.0,5556303.0,100.36180676269531,100.36580684407552,102.32448095703126,102.32848099772134
2023-07-26 16:05:10.094084,5555855.0,5556304.0,100.36615482584635,100.37015486653647,102.32882885742187,102.33282885742187
2023-07-26 16:05:10.098070,5555856.0,5556305.0,100.3705028483073,100.3745028889974,102.33317667643229,102.33717671712239
2023-07-26 16:05:10.103055,5555857.0,5556306.0,100.37485087076824,100.37885091145833,102.33752469889323,102.34152473958333
2023-07-26 16:05:10.107041,5555858.0,5556307.0,100.37919889322917,100.38319893391927,102.34187272135416,102.34587276204427
2023-07-26 16:05:10.111027,5555859.0,5556308.0,100.3835469156901,100.38754699707032,102.34622074381511,102.35022082519532
2023-07-26 16:05:10.119997,5555860.0,5556309.0,100.38789493815104,100.39189501953125,102.35056876627604,102.35456884765625
2023-07-26 16:05:10.123984,5555862.0,5556311.0,100.39659069824219,100.40059073893228,102.35926485188803,102.36326489257812
2023-07-26 16:05:10.128968,5555863.0,5556312.0,100.40093872070312,100.40493876139324,102.36361287434896,102.36761291503908
2023-07-26 16:05:10.132957,5555864.0,5556313.0,100.40528674316405,100.40928678385417,102.36796089680989,102.3719609375
2023-07-26 16:05:10.137937,5555865.0,5556314.0,100.409634765625,100.4136348063151,102.37230891927082,102.37630900065103
2023-07-26 16:05:10.141923,5555866.0,5556315.0,100.41398278808595,100.41798286946614,102.37665694173178,102.38065698242187
2023-07-26 16:05:10.149897,5555867.0,5556316.0,100.41833081054688,100.42233089192709,102.38100463867187,102.3850047200521
2023-07-26 16:05:10.154885,5555869.0,5556318.0,100.42702689615886,100.43102693684895,102.38970072428386,102.39370076497396
2023-07-26 16:05:10.158870,5555870.0,5556319.0,100.43138533528646,100.43538537597655,102.3940487467448,102.39804878743489
2023-07-26 16:05:10.167499,5555871.0,5556320.0,100.43572294108073,100.43972298177084,102.39839676920573,102.40239680989583
2023-07-26 16:05:10.171609,5555873.0,5556322.0,100.44441882324219,100.44841882324219,102.4070928141276,102.41109289550782
2023-07-26 16:05:10.176628,5555874.0,5556323.0,100.44876668294272,100.45276676432292,102.41144087727865,102.41544091796875
2023-07-26 16:05:10.180672,5555875.0,5556324.0,100.45311474609375,100.45711478678385,102.41578889973958,102.41978894042968
2023-07-26 16:05:10.188954,5555876.0,5556325.0,100.45746276855469,100.4614628092448,102.42013692220051,102.42413696289063
2023-07-26 16:05:10.193342,5555878.0,5556327.0,100.46615881347657,100.47015885416667,102.42883276367186,102.43283276367187
2023-07-26 16:05:10.198457,5555879.0,5556328.0,100.4705068359375,100.47450691731771,102.4331806640625,102.4371807454427
2023-07-26 16:05:10.202551,5555880.0,5556329.0,100.47485485839844,100.47885493977866,102.43752868652344,102.44152876790365
2023-07-26 16:05:10.206562,5555881.0,5556330.0,100.47920292154947,100.48320296223959,102.44187674967448,102.44587679036458
2023-07-26 16:05:10.212046,5555882.0,5556331.0,100.48355094401042,100.48755098470052,102.44622477213541,102.45022481282552
2023-07-26 16:05:10.216234,5555883.0,5556332.0,100.48789896647136,100.49189900716145,102.45058321126302,102.45458325195312
2023-07-26 16:05:10.220542,5555884.0,5556333.0,100.49224694824218,100.49624694824219,102.4549208170573,102.4589208577474
2023-07-26 16:05:10.224739,5555885.0,5556334.0,100.4965946858724,100.5005947265625,102.45926883951823,102.46326892089844
2023-07-26 16:05:10.233133,5555886.0,5556335.0,100.50094270833333,100.50494278971354,102.46361686197916,102.46761694335937
2023-07-26 16:05:10.237513,5555888.0,5556337.0,100.50963879394531,100.51363883463542,102.47231294759115,102.47631298828124
2023-07-26 16:05:10.241668,5555889.0,5556338.0,100.51398681640624,100.51798685709636,102.47666088867187,102.48066088867188
2023-07-26 16:05:10.245962,5555890.0,5556339.0,100.51833483886718,100.52233487955729,102.48100866699218,102.4850087076823
2023-07-26 16:05:10.250284,5555891.0,5556340.0,100.52268290201823,100.52668290201822,102.48535668945311,102.48935673014323
2023-07-26 16:05:10.254547,5555892.0,5556341.0,100.52703088378907,100.53103096516928,102.48970471191407,102.49370479329427
2023-07-26 16:05:10.258700,5555893.0,5556342.0,100.53137890625,100.53537898763021,102.494052734375,102.49805281575522
2023-07-26 16:05:10.262975,5555894.0,5556343.0,100.53572696940104,100.53972701009114,102.49840079752603,102.50240083821615
2023-07-26 16:05:10.267379,5555895.0,5556344.0,100.54007499186199,100.54407503255209,102.50274881998698,102.50674886067708
2023-07-26 16:05:10.271643,5555896.0,5556345.0,100.54442272949218,100.54842272949217,102.50709684244792,102.51109688313802
2023-07-26 16:05:10.275935,5555897.0,5556346.0,100.54878112792969,100.55278116861979,102.51144486490885,102.51544490559897
2023-07-26 16:05:10.280296,5555898.0,5556347.0,100.55311873372395,100.55711877441406,102.51579288736978,102.51979296875
2023-07-26 16:05:10.284612,5555899.0,5556348.0,100.5574667561849,100.5614668375651,102.52014090983072,102.52414099121094
2023-07-26 16:05:10.289006,5555900.0,5556349.0,100.56181477864584,100.56581486002604,102.52448897298177,102.52848901367187
2023-07-26 16:05:10.294475,5555901.0,5556350.0,100.56616284179688,100.57016288248698,102.52883666992187,102.53283671061197
2023-07-26 16:05:10.302024,5555902.0,5556351.0,100.57051086425781,100.57451090494791,102.5331846923828,102.53718473307292
2023-07-26 16:05:10.306563,5555904.0,5556353.0,100.57920690917969,100.58320694986979,102.5418807373047,102.54588077799478
2023-07-26 16:05:10.310777,5555905.0,5556354.0,100.58355493164062,100.58755501302083,102.54622875976563,102.55022884114582
2023-07-26 16:05:10.315202,5555906.0,5556355.0,100.58790295410157,100.59190303548178,102.55057678222656,102.55457686360677
2023-07-26 16:05:10.320663,5555907.0,5556356.0,100.59225085449219,100.59625085449218,102.5549248453776,102.55892488606771
2023-07-26 16:05:10.328868,5555908.0,5556357.0,100.59659871419271,100.60059875488281,102.55927286783854,102.56327290852865
2023-07-26 16:05:10.332351,5555910.0,5556359.0,100.60529475911459,100.60929479980469,102.56796891276042,102.57196895345052
2023-07-26 16:05:10.337370,5555911.0,5556360.0,100.60964278157552,100.61364282226562,102.57231693522135,102.57631701660156
2023-07-26 16:05:10.341739,5555912.0,5556361.0,100.61399080403645,100.61799088541666,102.57666479492188,102.58066479492187
2023-07-26 16:05:10.345875,5555913.0,5556362.0,100.61833882649739,100.6223389078776,102.5810126546224,102.5850127360026
2023-07-26 16:05:10.354271,5555914.0,5556363.0,100.62268688964843,100.62668693033855,102.58536071777344,102.58936075846354
2023-07-26 16:05:10.363278,5555916.0,5556365.0,100.63138293457031,100.63538297526041,102.5940567626953,102.59805680338542
2023-07-26 16:05:10.372335,5555918.0,5556367.0,100.64007897949219,100.64407897949219,102.6027528076172,102.6067528889974
2023-07-26 16:05:10.376331,5555920.0,5556369.0,100.64877469889323,100.65277478027343,102.61144889322917,102.61544893391927
2023-07-26 16:05:10.380349,5555921.0,5556370.0,100.65312276204428,100.65712280273438,102.61579691569011,102.6197969563802
2023-07-26 16:05:10.385394,5555922.0,5556371.0,100.65747078450521,100.66147082519532,102.62014493815104,102.62414497884116
2023-07-26 16:05:10.393437,5555923.0,5556372.0,100.66181880696614,100.66581884765625,102.62449291992188,102.62849291992188
2023-07-26 16:05:10.402455,5555925.0,5556374.0,100.67051485188803,100.67451493326823,102.63318868001302,102.63718876139323
2023-07-26 16:05:10.406460,5555927.0,5556376.0,100.6792109375,100.6832109781901,102.641884765625,102.64588480631511
2023-07-26 16:05:10.415503,5555928.0,5556377.0,100.68355895996093,100.68755900065104,102.64623278808594,102.65023282877604
2023-07-26 16:05:10.424541,5555930.0,5556379.0,100.69225476074219,100.69625476074219,102.65492883300782,102.65892887369792
2023-07-26 16:05:10.428543,5555932.0,5556381.0,100.70095072428386,100.70495080566407,102.66363529459635,102.66763537597656
2023-07-26 16:05:10.433017,5555933.0,5556382.0,100.7052987467448,100.709298828125,102.66797294108072,102.67197298177084
2023-07-26 16:05:10.442094,5555934.0,5556383.0,100.70964680989583,100.71364685058593,102.67232096354167,102.67632100423177
2023-07-26 16:05:10.446117,5555936.0,5556385.0,100.7183428548177,100.72234289550782,102.68101668294271,102.68501672363281
2023-07-26 16:05:10.454239,5555937.0,5556386.0,100.72269087727864,100.72669091796875,102.68536470540364,102.68936474609374
2023-07-26 16:05:10.463032,5555939.0,5556388.0,100.73138692220051,100.73538700358074,102.69406075032552,102.69806083170572
2023-07-26 16:05:10.468190,5555941.0,5556390.0,100.74008288574218,100.74408288574219,102.70275683593749,102.70675687662761
2023-07-26 16:05:10.472176,5555942.0,5556391.0,100.7444307047526,100.7484307454427,102.70710485839844,102.71110489908854
2023-07-26 16:05:10.481146,5555943.0,5556392.0,100.74877872721355,100.75277876790365,102.71145288085938,102.71545292154947
2023-07-26 16:05:10.485138,5555945.0,5556394.0,100.75747477213541,100.76147485351562,102.72014892578125,102.72414900716146
2023-07-26 16:05:10.490117,5555946.0,5556395.0,100.76183321126302,100.76583329264322,102.72449682617187,102.72849682617188
2023-07-26 16:05:10.494103,5555947.0,5556396.0,100.7661708577474,100.7701708984375,102.7288446858724,102.73284472656249
2023-07-26 16:05:10.502076,5555948.0,5556397.0,100.77051888020833,100.77451892089844,102.73319270833333,102.73719274902345
2023-07-26 16:05:10.507064,5555950.0,5556399.0,100.7792149251302,100.7832149658203,102.7418887532552,102.74588879394531
2023-07-26 16:05:10.516029,5555951.0,5556400.0,100.78356294759115,100.78756302897135,102.74623677571616,102.75023685709635
2023-07-26 16:05:10.519417,5555953.0,5556402.0,100.79225866699218,100.7962587483724,102.75493286132813,102.75893290201823
2023-07-26 16:05:10.524428,5555954.0,5556403.0,100.79660673014322,100.80060677083333,102.75928088378906,102.76328092447916
2023-07-26 16:05:10.532601,5555955.0,5556404.0,100.80095475260417,100.80495479329427,102.76362890625,102.76762894694009
2023-07-26 16:05:10.537669,5555957.0,5556406.0,100.80965079752603,100.81365083821615,102.77232495117187,102.77632495117187
2023-07-26 16:05:10.546044,5555958.0,5556407.0,100.81399881998698,100.81799890136719,102.77667264811197,102.78067272949218
2023-07-26 16:05:10.550627,5555960.0,5556409.0,100.82269490559896,100.82669494628907,102.78536873372396,102.78936877441406
2023-07-26 16:05:10.554710,5555961.0,5556410.0,100.8270429280599,100.83104296875,102.7897167561849,102.793716796875
2023-07-26 16:05:10.563202,5555962.0,5556411.0,100.83139095052083,100.83539099121094,102.79406477864583,102.79806481933593
2023-07-26 16:05:10.567812,5555964.0,5556413.0,100.84008679199219,100.84408679199218,102.80276082356771,102.80676090494791
2023-07-26 16:05:10.572187,5555965.0,5556414.0,100.8444346923828,100.84843477376303,102.80710884602865,102.81110892740887
2023-07-26 16:05:10.580546,5555966.0,5556415.0,100.84878271484375,100.85278279622396,102.81145690917968,102.8154569498698
2023-07-26 16:05:10.589232,5555968.0,5556417.0,100.85747880045574,100.86147884114582,102.82015295410157,102.82415299479166
2023-07-26 16:05:10.593316,5555970.0,5556419.0,100.8661748453776,100.87017488606772,102.8288486735026,102.8328487141927
2023-07-26 16:05:10.602002,5555971.0,5556420.0,100.87052286783855,100.87452294921874,102.83319669596354,102.83719677734375
2023-07-26 16:05:10.606447,5555973.0,5556422.0,100.87921895345052,100.88321899414063,102.84189278157552,102.84589282226563
2023-07-26 16:05:10.611853,5555974.0,5556423.0,100.88356697591145,100.88756701660157,102.84624080403646,102.85024084472657
2023-07-26 16:05:10.620276,5555975.0,5556424.0,100.88791491699219,100.89191491699219,102.85058882649739,102.8545888671875
2023-07-26 16:05:10.623357,5555977.0,5556426.0,100.89661071777344,100.90061075846353,102.85928487141928,102.86328495279948
2023-07-26 16:05:10.628799,5555978.0,5556427.0,100.90095874023437,100.90495882161458,102.86363289388021,102.86763297526042
2023-07-26 16:05:10.637127,5555979.0,5556428.0,100.9053067626953,100.90930684407552,102.86798095703125,102.87198099772135
2023-07-26 16:05:10.641704,5555981.0,5556430.0,100.91400284830729,100.9180028889974,102.8766766764323,102.88067671712238
2023-07-26 16:05:10.650203,5555982.0,5556431.0,100.91835087076824,100.92235091145834,102.88102469889323,102.88502473958334
2023-07-26 16:05:10.658515,5555984.0,5556433.0,100.92704691569011,100.93104699707031,102.8897207438151,102.89372082519532
2023-07-26 16:05:10.662928,5555986.0,5556435.0,100.93574300130209,100.93974304199219,102.89841682942709,102.9024168701172
2023-07-26 16:05:10.672234,5555987.0,5556436.0,100.94009069824219,100.94409073893229,102.90276485188802,102.90676489257812
2023-07-26 16:05:10.675866,5555989.0,5556438.0,100.94878674316406,100.95278678385417,102.9114608968099,102.9154609375
2023-07-26 16:05:10.685372,5555990.0,5556439.0,100.953134765625,100.95713480631511,102.91580891927083,102.91980900065103
2023-07-26 16:05:10.693903,5555992.0,5556441.0,100.96183081054687,100.96583089192708,102.92450463867186,102.92850472005209
2023-07-26 16:05:10.702738,5555994.0,5556443.0,100.97052689615886,100.97452693684896,102.93320072428386,102.93720076497395
2023-07-26 16:05:10.711275,5555996.0,5556445.0,100.97922294108072,100.98322298177084,102.94189676920573,102.94589680989583
2023-07-26 16:05:10.715717,5555998.0,5556447.0,100.9879188232422,100.99191882324219,102.9505928141276,102.95459289550782
2023-07-26 16:05:10.724251,5555999.0,5556448.0,100.99226668294271,100.99626676432293,102.95494087727864,102.95894091796876
2023-07-26 16:05:10.733022,5556001.0,5556450.0,101.00096276855469,101.00496280924479,102.96363692220051,102.96763696289062
2023-07-26 16:05:10.737446,5556003.0,5556452.0,101.00965881347656,101.01365885416668,102.97233276367187,102.97633276367186
2023-07-26 16:05:10.745925,5556004.0,5556453.0,101.0140068359375,101.0180069173177,102.9766806640625,102.98068074544271
2023-07-26 16:05:10.750176,5556006.0,5556455.0,101.02270292154948,101.02670296223958,102.98537674967449,102.98937679036457
2023-07-26 16:05:10.758723,5556007.0,5556456.0,101.02705094401041,101.03105098470053,102.98972477213542,102.99372481282552
2023-07-26 16:05:10.762986,5556009.0,5556458.0,101.03574694824218,101.03974694824218,102.9984208170573,103.0024208577474
2023-07-26 16:05:10.772305,5556010.0,5556459.0,101.0400946858724,101.04409472656249,103.00276883951824,103.00676892089844
2023-07-26 16:05:10.776529,5556012.0,5556461.0,101.04879073079427,101.05279081217448,103.01146492513021,103.01546496582031
2023-07-26 16:05:10.780869,5556013.0,5556462.0,101.05313879394531,101.05713883463541,103.01581294759114,103.01981298828125
2023-07-26 16:05:10.789303,5556014.0,5556463.0,101.05748681640624,101.06148685709636,103.02016088867187,103.02416088867187
2023-07-26 16:05:10.793928,5556016.0,5556465.0,101.06618286132813,101.07018290201823,103.02885668945312,103.03285673014322
2023-07-26 16:05:10.798313,5556017.0,5556466.0,101.07053088378906,101.07453096516927,103.03320471191407,103.03720479329428
2023-07-26 16:05:10.806457,5556018.0,5556467.0,101.07487890625,101.0788789876302,103.037552734375,103.04155281575521
2023-07-26 16:05:10.810981,5556020.0,5556469.0,101.08357499186198,101.0875750325521,103.04624881998699,103.05024886067707
2023-07-26 16:05:10.820177,5556021.0,5556470.0,101.08792272949218,101.09192272949218,103.05059684244792,103.05459688313803
2023-07-26 16:05:10.823851,5556023.0,5556472.0,101.09661873372396,101.10061877441406,103.05929288736979,103.06329296874999
2023-07-26 16:05:10.832658,5556024.0,5556473.0,101.1009667561849,101.10496683756512,103.06364090983072,103.06764099121095
2023-07-26 16:05:10.836914,5556026.0,5556475.0,101.10966284179688,101.11366288248698,103.07233666992187,103.07633671061198
2023-07-26 16:05:10.846347,5556027.0,5556476.0,101.11401086425782,101.11801090494791,103.07668469238281,103.08068473307291
2023-07-26 16:05:10.850420,5556029.0,5556478.0,101.12270690917968,101.1267069498698,103.08538073730469,103.08938077799479
2023-07-26 16:05:10.858820,5556030.0,5556479.0,101.12705493164061,101.13105501302083,103.08972875976562,103.09372884114583
2023-07-26 16:05:10.863467,5556032.0,5556481.0,101.13575085449219,101.13975085449219,103.09842484537761,103.10242488606771
2023-07-26 16:05:10.872218,5556033.0,5556482.0,101.1400987141927,101.14409875488282,103.10277286783854,103.10677290852865
2023-07-26 16:05:10.875939,5556035.0,5556484.0,101.1487947591146,101.15279479980468,103.11146891276042,103.11546895345052
2023-07-26 16:05:10.885063,5556036.0,5556485.0,101.15314278157553,101.15714282226561,103.11581693522136,103.11981701660156
2023-07-26 16:05:10.893471,5556038.0,5556487.0,101.16183882649739,101.16583890787761,103.1245126546224,103.1285127360026
2023-07-26 16:05:10.898221,5556040.0,5556489.0,101.17053491210937,101.17453495279948,103.13320874023438,103.13720878092448
2023-07-26 16:05:10.906667,5556041.0,5556490.0,101.1748829345703,101.17888297526042,103.13755676269531,103.14155680338541
2023-07-26 16:05:10.915148,5556043.0,5556492.0,101.18357897949218,101.18757897949219,103.14625280761719,103.1502528889974
2023-07-26 16:05:10.919970,5556045.0,5556494.0,101.19227469889323,101.19627478027344,103.15494889322918,103.15894893391926
2023-07-26 16:05:10.928456,5556046.0,5556495.0,101.19662276204427,101.20062280273439,103.1592969156901,103.16329695638021
2023-07-26 16:05:10.936943,5556048.0,5556497.0,101.20531880696615,101.20931884765625,103.16799291992187,103.17199291992188
2023-07-26 16:05:10.945690,5556050.0,5556499.0,101.21401485188802,101.21801493326824,103.17668868001302,103.18068876139324
2023-07-26 16:05:10.954919,5556052.0,5556501.0,101.2227109375,101.2267109781901,103.18538476562499,103.1893848063151
2023-07-26 16:05:10.963614,5556054.0,5556503.0,101.23140698242187,101.23540702311199,103.19408081054688,103.19808085123697
2023-07-26 16:05:10.967245,5556056.0,5556505.0,101.2401027018229,101.24410274251302,103.20277685546874,103.20677693684895
2023-07-26 16:05:10.976642,5556057.0,5556506.0,101.24445072428387,101.24845080566406,103.20713529459636,103.21113537597655
2023-07-26 16:05:10.980962,5556059.0,5556508.0,101.25314680989582,101.25714685058594,103.21582096354166,103.21982100423178
2023-07-26 16:05:10.989577,5556060.0,5556509.0,101.25749483235677,101.26149487304687,103.22016870117187,103.22416870117188
2023-07-26 16:05:10.998222,5556062.0,5556511.0,101.26619087727865,101.27019091796875,103.22886470540365,103.23286474609374
2023-07-26 16:05:11.007030,5556064.0,5556513.0,101.27488692220051,101.27888700358073,103.23756075032551,103.24156083170573
2023-07-26 16:05:11.011307,5556066.0,5556515.0,101.28358288574219,101.28758288574218,103.2462568359375,103.2502568766276
2023-07-26 16:05:11.019709,5556067.0,5556516.0,101.2879307047526,101.29193074544271,103.25060485839845,103.25460489908853
2023-07-26 16:05:11.024171,5556069.0,5556518.0,101.29662674967449,101.30062679036457,103.25930090332031,103.26330098470052
2023-07-26 16:05:11.033266,5556070.0,5556519.0,101.30097477213542,101.30497485351562,103.26364892578125,103.26764900716145
2023-07-26 16:05:11.041866,5556072.0,5556521.0,101.30967085774739,101.31367089843751,103.2723446858724,103.2763447265625
2023-07-26 16:05:11.050377,5556074.0,5556523.0,101.31836690266928,101.32236694335937,103.28104073079427,103.28504077148438
2023-07-26 16:05:11.054807,5556076.0,5556525.0,101.32706294759114,101.33106302897136,103.28973677571615,103.29373685709636
2023-07-26 16:05:11.063259,5556077.0,5556526.0,101.33141097005208,101.33541101074219,103.29408479817708,103.2980848795573
2023-07-26 16:05:11.067851,5556079.0,5556528.0,101.34010673014323,101.34410677083332,103.30278088378907,103.30678092447916
2023-07-26 16:05:11.076352,5556080.0,5556529.0,101.34445475260416,101.34845479329428,103.30712890625,103.3111289469401
2023-07-26 16:05:11.085223,5556082.0,5556531.0,101.35315079752604,101.35715083821614,103.31582495117186,103.31982495117187
2023-07-26 16:05:11.089623,5556084.0,5556533.0,101.36184684244792,101.36584692382813,103.32452067057292,103.32853116861979
2023-07-26 16:05:11.098408,5556085.0,5556534.0,101.36619490559896,101.37019494628906,103.32886873372395,103.33286877441407
2023-07-26 16:05:11.106624,5556087.0,5556536.0,101.37489095052084,101.37889099121094,103.33756477864584,103.34156481933593
2023-07-26 16:05:11.115707,5556089.0,5556538.0,101.38358679199219,101.38758679199219,103.3462608235677,103.35026090494792
2023-07-26 16:05:11.120039,5556091.0,5556540.0,101.39228271484376,101.39628279622396,103.35495690917969,103.35895694986979
2023-07-26 16:05:11.128488,5556092.0,5556541.0,101.39663077799479,101.4006308186849,103.35930493164062,103.36330497233072
2023-07-26 16:05:11.132817,5556094.0,5556543.0,101.40532682291666,101.40932686360676,103.36800073242188,103.37200073242188
2023-07-26 16:05:11.142062,5556095.0,5556544.0,101.40967484537761,101.41367488606771,103.3723486735026,103.3763487141927
2023-07-26 16:05:11.150601,5556097.0,5556546.0,101.41837089029949,101.4223709716797,103.38104471842448,103.38504479980469
2023-07-26 16:05:11.159303,5556099.0,5556548.0,101.42706697591146,101.43106701660156,103.38974080403645,103.39374084472657
2023-07-26 16:05:11.168002,5556101.0,5556550.0,101.4357626953125,101.4397627360026,103.39843684895834,103.40243688964844
2023-07-26 16:05:11.176683,5556103.0,5556552.0,101.44445874023437,101.44845882161458,103.4071328938802,103.41113297526041
2023-07-26 16:05:11.184771,5556105.0,5556554.0,101.45315482584635,101.45715486653647,103.41582885742187,103.41982885742186
2023-07-26 16:05:11.193940,5556107.0,5556556.0,101.46185087076823,101.46585091145833,103.42452469889322,103.42852473958334
2023-07-26 16:05:11.202739,5556109.0,5556558.0,101.47054691569011,101.47454699707032,103.43322074381511,103.43722082519531
2023-07-26 16:05:11.211372,5556111.0,5556560.0,101.47924300130208,101.48324304199218,103.44191682942709,103.44591687011719
2023-07-26 16:05:11.220089,5556113.0,5556562.0,101.48793872070313,101.49193876139323,103.45061287434896,103.45461291503906
2023-07-26 16:05:11.224366,5556115.0,5556564.0,101.49663476562499,101.5006348063151,103.45930891927082,103.46330900065104
2023-07-26 16:05:11.232909,5556116.0,5556565.0,101.50098278808593,101.50498286946615,103.46365694173177,103.46765698242187
2023-07-26 16:05:11.237459,5556118.0,5556567.0,101.50967887369792,101.51367891438802,103.47235270182291,103.47635274251301
2023-07-26 16:05:11.245937,5556119.0,5556568.0,101.51402689615885,101.51802693684895,103.47670072428386,103.48070076497396
2023-07-26 16:05:11.255229,5556121.0,5556570.0,101.52272294108073,101.52672298177083,103.48539676920574,103.48939680989582
2023-07-26 16:05:11.263327,5556123.0,5556572.0,101.53141882324219,101.5354188232422,103.4940928141276,103.49809289550782
2023-07-26 16:05:11.272242,5556125.0,5556574.0,101.54011474609375,101.54411478678385,103.50278889973958,103.50678894042969
2023-07-26 16:05:11.280952,5556127.0,5556576.0,101.54881079101563,101.55281083170573,103.51148494466146,103.51548498535156
2023-07-26 16:05:11.289731,5556129.0,5556578.0,101.5575068359375,101.5615069173177,103.5201806640625,103.5241807454427
2023-07-26 16:05:11.297709,5556131.0,5556580.0,101.56620292154948,101.57020296223959,103.52887674967448,103.53287679036458
2023-07-26 16:05:11.306674,5556133.0,5556582.0,101.57489896647137,101.57889900716145,103.53758321126301,103.54158325195313
2023-07-26 16:05:11.315649,5556135.0,5556584.0,101.5835946858724,101.5875947265625,103.54626883951823,103.55026892089845
2023-07-26 16:05:11.324619,5556137.0,5556586.0,101.59229073079428,101.59629081217447,103.55496492513021,103.55896496582031
2023-07-26 16:05:11.333046,5556139.0,5556588.0,101.60098681640625,101.60498685709636,103.56366088867188,103.56766088867188
2023-07-26 16:05:11.337433,5556141.0,5556590.0,101.60968286132812,101.61368290201823,103.57235668945312,103.57635673014323
2023-07-26 16:05:11.345938,5556142.0,5556591.0,101.61403088378907,101.61803096516927,103.57670471191408,103.58070479329427
2023-07-26 16:05:11.354338,5556144.0,5556593.0,101.62272696940104,101.62672701009114,103.58540079752603,103.58940083821615
2023-07-26 16:05:11.363535,5556146.0,5556595.0,101.63142272949219,101.63542272949218,103.59409684244791,103.59809688313803
2023-07-26 16:05:11.371674,5556148.0,5556597.0,101.64011873372395,101.64411877441407,103.60279288736979,103.60679296875
2023-07-26 16:05:11.381172,5556150.0,5556599.0,101.64881477864584,101.65281486002604,103.61148897298176,103.61548901367188
2023-07-26 16:05:11.389752,5556152.0,5556601.0,101.65751086425782,101.66151090494792,103.62018469238281,103.62418473307292
2023-07-26 16:05:11.398240,5556154.0,5556603.0,101.66620690917968,101.6702069498698,103.62888073730468,103.63288077799479
2023-07-26 16:05:11.407125,5556156.0,5556605.0,101.67490295410157,101.67890303548178,103.63757678222656,103.64157686360676
2023-07-26 16:05:11.415627,5556158.0,5556607.0,101.6835987141927,101.68759875488281,103.64627286783853,103.65027290852865
2023-07-26 16:05:11.423740,5556160.0,5556609.0,101.69229475911459,101.69629479980469,103.65496891276042,103.65896895345051
2023-07-26 16:05:11.433122,5556162.0,5556611.0,101.70099080403645,101.70499088541666,103.66366479492187,103.66766479492188
2023-07-26 16:05:11.441293,5556164.0,5556613.0,101.70968688964844,101.71368693033854,103.67236071777344,103.67636075846353
2023-07-26 16:05:11.450692,5556166.0,5556615.0,101.7183829345703,101.72238297526042,103.6810567626953,103.68505680338542
2023-07-26 16:05:11.459117,5556168.0,5556617.0,101.72707897949219,101.73107897949218,103.6897528076172,103.6937528889974
2023-07-26 16:05:11.467991,5556170.0,5556619.0,101.73577469889322,101.73977478027344,103.69844889322917,103.70244893391927
2023-07-26 16:05:11.476506,5556172.0,5556621.0,101.74447078450521,101.74847082519531,103.70714493815105,103.71114497884115
2023-07-26 16:05:11.485408,5556174.0,5556623.0,101.75316682942709,101.75716687011719,103.71584065755208,103.7198406982422
2023-07-26 16:05:11.493737,5556176.0,5556625.0,101.76186287434896,101.76586295572916,103.72453670247397,103.72853678385417
2023-07-26 16:05:11.502685,5556178.0,5556627.0,101.77055895996094,101.77455900065104,103.73323278808594,103.73723282877604
2023-07-26 16:05:11.511506,5556180.0,5556629.0,101.77925476074219,101.78325476074218,103.7419288330078,103.74592887369792
2023-07-26 16:05:11.519833,5556182.0,5556631.0,101.78795072428386,101.79195080566407,103.75063529459635,103.75463537597656
2023-07-26 16:05:11.528279,5556184.0,5556633.0,101.79664680989583,101.80064685058593,103.75932096354165,103.76332100423177
2023-07-26 16:05:11.536976,5556186.0,5556635.0,101.80534285481771,101.80934289550783,103.76801668294272,103.77201672363282
2023-07-26 16:05:11.545858,5556188.0,5556637.0,101.81403889973957,101.81803898111978,103.77671272786458,103.78071280924479
2023-07-26 16:05:11.554216,5556190.0,5556639.0,101.82273498535156,101.82673502604167,103.78540881347656,103.78940885416668
2023-07-26 16:05:11.563243,5556192.0,5556641.0,101.83143070475259,101.83543074544271,103.79410485839844,103.79810489908854
2023-07-26 16:05:11.572306,5556194.0,5556643.0,101.84012674967448,101.84412679036458,103.80280090332032,103.80680098470052
2023-07-26 16:05:11.580338,5556196.0,5556645.0,101.84883321126301,101.85283329264323,103.81149682617188,103.81549682617188
2023-07-26 16:05:11.589308,5556198.0,5556647.0,101.85751888020833,101.86151892089845,103.82019270833334,103.82419274902344
2023-07-26 16:05:11.598278,5556200.0,5556649.0,101.8662149658203,101.87021496582031,103.8288887532552,103.83288879394532
2023-07-26 16:05:11.602260,5556202.0,5556651.0,101.87491097005208,101.87891101074219,103.83758479817709,103.84158487955729
2023-07-26 16:05:11.611230,5556203.0,5556652.0,101.87925866699219,101.8832587483724,103.84193286132813,103.84593290201823
2023-07-26 16:05:11.620347,5556205.0,5556654.0,101.88795475260416,101.89195479329427,103.85062890625,103.8546289469401
2023-07-26 16:05:11.628731,5556207.0,5556656.0,101.89665079752604,101.90065083821615,103.85932495117187,103.86332495117186
2023-07-26 16:05:11.637218,5556209.0,5556658.0,101.90534684244791,101.90934692382812,103.86802067057292,103.87203116861978
2023-07-26 16:05:11.646140,5556211.0,5556660.0,101.9140429280599,101.91804296875,103.8767167561849,103.88071679687499
2023-07-26 16:05:11.655111,5556213.0,5556662.0,101.92273897298176,101.92673901367188,103.88541280110677,103.88941284179688
2023-07-26 16:05:11.663084,5556215.0,5556664.0,101.93143469238281,101.93543477376302,103.89410884602866,103.89810892740886
2023-07-26 16:05:11.672054,5556217.0,5556666.0,101.94013077799478,101.9441308186849,103.90280493164062,103.90680497233073
2023-07-26 16:05:11.681023,5556219.0,5556668.0,101.94882682291667,101.95282686360676,103.91150073242189,103.91550073242188
2023-07-26 16:05:11.689994,5556221.0,5556670.0,101.95752286783853,101.96152294921875,103.92019669596354,103.92419677734375
2023-07-26 16:05:11.697967,5556223.0,5556672.0,101.96621895345052,101.97021899414062,103.92889278157553,103.93289282226561
2023-07-26 16:05:11.706937,5556225.0,5556674.0,101.97491491699219,101.9789149169922,103.93758882649739,103.9415888671875
2023-07-26 16:05:11.715907,5556227.0,5556676.0,101.98361071777344,101.98761075846353,103.94628487141928,103.95028495279948
2023-07-26 16:05:11.723889,5556229.0,5556678.0,101.9923067626953,101.99630684407552,103.95498095703125,103.95898099772135
2023-07-26 16:05:11.732850,5556231.0,5556680.0,102.0010028483073,102.0050028889974,103.96367667643229,103.96767671712239
2023-07-26 16:05:11.741820,5556233.0,5556682.0,102.00969889322917,102.01369893391927,103.97237272135416,103.97637276204426
2023-07-26 16:05:11.750790,5556235.0,5556684.0,102.01839493815105,102.02239501953125,103.98106876627604,103.98506884765625
2023-07-26 16:05:11.758815,5556237.0,5556686.0,102.02709069824219,102.03109073893229,103.98976485188803,103.99376489257813
2023-07-26 16:05:11.767463,5556239.0,5556688.0,102.03578674316405,102.03978678385417,103.99846089680989,104.0024609375
2023-07-26 16:05:11.776166,5556241.0,5556690.0,102.04448278808594,102.04848286946614,104.00715694173178,104.01115698242188
2023-07-26 16:05:11.784961,5556243.0,5556692.0,102.05317887369792,102.05717891438802,104.01585270182291,104.01985274251302
2023-07-26 16:05:11.794086,5556245.0,5556694.0,102.06188533528646,102.06588537597656,104.0245487467448,104.02854878743489
2023-07-26 16:05:11.802285,5556247.0,5556696.0,102.07057096354166,102.07457104492188,104.03324479166666,104.03724487304687
2023-07-26 16:05:11.811159,5556249.0,5556698.0,102.07926668294272,102.08326676432293,104.04194087727865,104.04594091796875
2023-07-26 16:05:11.819700,5556251.0,5556700.0,102.08796276855469,102.09196280924479,104.05063692220051,104.05463696289063
2023-07-26 16:05:11.828346,5556253.0,5556702.0,102.09665881347657,102.10065885416667,104.05933276367188,104.06333276367187
2023-07-26 16:05:11.837057,5556255.0,5556704.0,102.10535485839844,102.10935493977865,104.06802868652343,104.07202876790365
2023-07-26 16:05:11.845808,5556257.0,5556706.0,102.11405094401042,102.11805098470052,104.07672477213542,104.08072481282552
2023-07-26 16:05:11.854924,5556259.0,5556708.0,102.12274694824218,102.12674694824219,104.0854208170573,104.0894208577474
2023-07-26 16:05:11.863565,5556261.0,5556710.0,102.13144270833334,102.13544278971354,104.09411686197916,104.09811694335937
2023-07-26 16:05:11.872060,5556263.0,5556712.0,102.14013879394531,102.14413883463541,104.10281294759115,104.10681298828125
2023-07-26 16:05:11.880972,5556265.0,5556714.0,102.14883483886719,102.15283487955729,104.1115086669922,104.1155087076823
2023-07-26 16:05:11.889448,5556267.0,5556716.0,102.15753088378906,102.16153096516928,104.12020471191407,104.12420479329428
2023-07-26 16:05:11.898456,5556269.0,5556718.0,102.16622696940104,102.17022701009114,104.12890079752603,104.13290083821614
2023-07-26 16:05:11.907297,5556271.0,5556720.0,102.17492272949218,102.17892272949219,104.13759684244792,104.14159688313802
2023-07-26 16:05:11.915392,5556273.0,5556722.0,102.18361873372395,102.18761877441406,104.14629288736978,104.15029296875
2023-07-26 16:05:11.924501,5556275.0,5556724.0,102.19231477864584,102.19631486002605,104.15498897298177,104.15898901367187
2023-07-26 16:05:11.933350,5556277.0,5556726.0,102.20101086425781,102.20501090494791,104.1636846923828,104.16768473307292
2023-07-26 16:05:11.941880,5556279.0,5556728.0,102.20970690917969,102.21370694986979,104.17238073730469,104.17638077799478
2023-07-26 16:05:11.950237,5556281.0,5556730.0,102.21840295410156,102.22240303548178,104.18107678222655,104.18507686360677
2023-07-26 16:05:11.958852,5556283.0,5556732.0,102.2270987141927,102.23109875488281,104.18977286783854,104.19377290852864
2023-07-26 16:05:11.967463,5556285.0,5556734.0,102.23579475911458,102.23979479980468,104.19846891276042,104.20246895345052
2023-07-26 16:05:11.976491,5556287.0,5556736.0,102.24449080403646,102.24849088541666,104.20716479492188,104.21116479492187
2023-07-26 16:05:11.984958,5556289.0,5556738.0,102.25318688964843,102.25718693033855,104.21586071777344,104.21986075846354
2023-07-26 16:05:11.993611,5556291.0,5556740.0,102.26188293457031,102.26588297526041,104.22455676269531,104.22855680338542
2023-07-26 16:05:12.002795,5556293.0,5556742.0,102.27057897949219,102.27457897949219,104.23325280761719,104.2372528889974
2023-07-26 16:05:12.011066,5556295.0,5556744.0,102.27927469889323,102.28327478027343,104.24194889322916,104.24594893391927
2023-07-26 16:05:12.020170,5556297.0,5556746.0,102.2879707845052,102.29197082519532,104.25064493815104,104.25464497884116
2023-07-26 16:05:12.028784,5556299.0,5556748.0,102.29666687011719,102.30066687011718,104.25934065755207,104.26334069824219
2023-07-26 16:05:12.037624,5556301.0,5556750.0,102.30536287434896,102.30936295572917,104.26803670247396,104.27203678385418
2023-07-26 16:05:12.045968,5556303.0,5556752.0,102.31405895996093,102.31805900065103,104.27673278808594,104.28073282877604
2023-07-26 16:05:12.055028,5556305.0,5556754.0,102.32275476074219,102.32675476074219,104.28542883300781,104.28942887369793
2023-07-26 16:05:12.063147,5556307.0,5556756.0,102.33145072428385,102.33545080566407,104.29413529459634,104.29813537597656
2023-07-26 16:05:12.072199,5556309.0,5556758.0,102.34014680989583,102.34414685058594,104.30282096354166,104.30682100423176
2023-07-26 16:05:12.080553,5556311.0,5556760.0,102.3488428548177,102.35284289550782,104.31151668294271,104.31551672363281
2023-07-26 16:05:12.089602,5556313.0,5556762.0,102.35753889973958,102.36153898111979,104.32021272786459,104.32421280924478
2023-07-26 16:05:12.097836,5556315.0,5556764.0,102.36623498535155,102.37023502604167,104.32890881347656,104.33290885416667
2023-07-26 16:05:12.107066,5556317.0,5556766.0,102.3749307047526,102.3789307454427,104.33760485839845,104.34160489908854
2023-07-26 16:05:12.115493,5556319.0,5556768.0,102.38362674967448,102.38762679036458,104.34630090332031,104.35030098470052
2023-07-26 16:05:12.123849,5556321.0,5556770.0,102.39233321126302,102.39633329264322,104.35499682617188,104.35899682617188
2023-07-26 16:05:12.133269,5556323.0,5556772.0,102.40101888020833,102.40501892089844,104.36369270833333,104.36769274902345
2023-07-26 16:05:12.141972,5556325.0,5556774.0,102.40971492513022,102.4137149658203,104.37238875325521,104.37638879394531
2023-07-26 16:05:12.150675,5556327.0,5556776.0,102.41841097005208,102.4224110107422,104.38108479817708,104.3850848795573
2023-07-26 16:05:12.159427,5556329.0,5556778.0,102.42710673014324,102.43110677083332,104.38978088378907,104.39378092447916
2023-07-26 16:05:12.167757,5556331.0,5556780.0,102.4358027750651,102.43980281575521,104.39847692871093,104.40247696940105
2023-07-26 16:05:12.176595,5556333.0,5556782.0,102.44449881998698,102.44849890136719,104.40717264811197,104.41117272949218
2023-07-26 16:05:12.185020,5556335.0,5556784.0,102.45319490559896,102.45719494628906,104.41586873372395,104.41986877441406
2023-07-26 16:05:12.194494,5556337.0,5556786.0,102.46189095052084,102.46589099121094,104.42456477864583,104.42856481933593
2023-07-26 16:05:12.202942,5556339.0,5556788.0,102.47058679199219,102.4745867919922,104.43326082356771,104.43726090494792
2023-07-26 16:05:12.211150,5556341.0,5556790.0,102.47928271484375,102.48328279622396,104.44195690917968,104.4459569498698
2023-07-26 16:05:12.220281,5556343.0,5556792.0,102.48797880045574,102.49197884114582,104.45065295410157,104.45465299479166
2023-07-26 16:05:12.229067,5556345.0,5556794.0,102.4966748453776,102.50067488606771,104.4593486735026,104.4633487141927
2023-07-26 16:05:12.237466,5556347.0,5556796.0,102.50537089029949,102.50937097167969,104.46804471842448,104.47204479980468
2023-07-26 16:05:12.245804,5556349.0,5556798.0,102.51406697591145,102.51806701660156,104.47674080403645,104.48074084472657
2023-07-26 16:05:12.254467,5556351.0,5556800.0,102.52276269531251,102.52676273600261,104.48543684895834,104.48943688964843
2023-07-26 16:05:12.263098,5556353.0,5556802.0,102.53145874023437,102.53545882161458,104.4941328938802,104.49813297526042
2023-07-26 16:05:12.271821,5556355.0,5556804.0,102.54015482584636,102.54415486653646,104.50282885742187,104.50682885742187
2023-07-26 16:05:12.281000,5556357.0,5556806.0,102.54885087076823,102.55285091145834,104.51152469889323,104.51552473958334
2023-07-26 16:05:12.289769,5556359.0,5556808.0,102.55754691569011,102.56154699707031,104.5202207438151,104.52422082519531
2023-07-26 16:05:12.297838,5556361.0,5556810.0,102.56624300130208,102.57024304199219,104.52891682942709,104.53291687011719
2023-07-26 16:05:12.306932,5556363.0,5556812.0,102.57493872070313,102.57893876139323,104.53761287434895,104.54161291503907
2023-07-26 16:05:12.315257,5556365.0,5556814.0,102.58363476562499,102.58763480631511,104.54630891927083,104.55030900065104
2023-07-26 16:05:12.324770,5556367.0,5556816.0,102.59233081054688,102.59633089192708,104.55500463867187,104.55900472005209
2023-07-26 16:05:12.332578,5556369.0,5556818.0,102.60102689615886,102.60502693684896,104.56370072428386,104.56770076497396
2023-07-26 16:05:12.341794,5556371.0,5556820.0,102.60972294108072,102.61372298177083,104.57239676920572,104.57639680989583
2023-07-26 16:05:12.350229,5556373.0,5556822.0,102.6184188232422,102.6224188232422,104.5810928141276,104.58509289550781
2023-07-26 16:05:12.359412,5556375.0,5556824.0,102.62711474609374,102.63111478678385,104.58978889973957,104.59378894042969
2023-07-26 16:05:12.367908,5556377.0,5556826.0,102.63581079101563,102.63981083170573,104.59848494466146,104.60248498535155
2023-07-26 16:05:12.376701,5556379.0,5556828.0,102.64450683593749,102.6485069173177,104.6071806640625,104.61118074544271
2023-07-26 16:05:12.384899,5556381.0,5556830.0,102.65320292154948,102.65720296223958,104.61587674967448,104.61987679036457
2023-07-26 16:05:12.393594,5556383.0,5556832.0,102.66189896647136,102.66589900716146,104.62458321126302,104.62858325195313
2023-07-26 16:05:12.402717,5556385.0,5556834.0,102.6705946858724,102.67459472656249,104.63326883951824,104.63726892089844
2023-07-26 16:05:12.411457,5556387.0,5556836.0,102.67929073079426,102.68329081217448,104.64196492513021,104.64596496582031
2023-07-26 16:05:12.419734,5556389.0,5556838.0,102.68798681640625,102.69198685709635,104.65066088867188,104.65466088867187
2023-07-26 16:05:12.428927,5556391.0,5556840.0,102.69668286132813,102.70068290201823,104.65935668945312,104.66335673014324
2023-07-26 16:05:12.437532,5556393.0,5556842.0,102.70537890625,102.7093789876302,104.66805273437501,104.67205281575521
2023-07-26 16:05:12.445785,5556395.0,5556844.0,102.71407499186198,102.7180750325521,104.67674881998698,104.68074886067708
2023-07-26 16:05:12.454486,5556397.0,5556846.0,102.7227811279297,102.72678116861978,104.68544486490885,104.68944490559896
2023-07-26 16:05:12.463571,5556399.0,5556848.0,102.7314667561849,102.73546683756511,104.69414090983072,104.69814099121095
2023-07-26 16:05:12.472268,5556401.0,5556850.0,102.74016284179689,102.74416288248698,104.70283666992187,104.70683671061198
2023-07-26 16:05:12.480551,5556403.0,5556852.0,102.74885888671875,102.75285892740887,104.71153271484376,104.71553275553386
2023-07-26 16:05:12.489236,5556405.0,5556854.0,102.75755493164061,102.76155501302082,104.72022875976562,104.72422884114583
2023-07-26 16:05:12.498413,5556407.0,5556856.0,102.76625085449218,102.77025085449219,104.7289248453776,104.73292488606772
2023-07-26 16:05:12.506743,5556409.0,5556858.0,102.77494673665365,102.77894677734375,104.73762089029948,104.74162093098958
2023-07-26 16:05:12.515497,5556411.0,5556860.0,102.78364278157552,102.78764282226562,104.74631693522136,104.75031701660156
2023-07-26 16:05:12.524174,5556413.0,5556862.0,102.79233882649739,102.79633890787761,104.75501265462239,104.7590127360026
2023-07-26 16:05:12.532904,5556415.0,5556864.0,102.80103491210937,102.80503495279949,104.76370874023438,104.76770878092448
2023-07-26 16:05:12.542033,5556417.0,5556866.0,102.80973095703125,102.81373099772135,104.77240478515624,104.77640482584636
2023-07-26 16:05:12.550696,5556419.0,5556868.0,102.8184266764323,102.8224267578125,104.78110083007813,104.78510091145833
2023-07-26 16:05:12.559071,5556421.0,5556870.0,102.82712276204427,102.83112280273438,104.7897969156901,104.7937969563802
2023-07-26 16:05:12.567450,5556423.0,5556872.0,102.83581880696615,102.83981884765625,104.79849291992187,104.80249291992187
2023-07-26 16:05:12.576765,5556425.0,5556874.0,102.84451485188802,102.84851493326823,104.80718868001301,104.81118876139324
2023-07-26 16:05:12.585324,5556427.0,5556876.0,102.85321093750001,102.8572109781901,104.815884765625,104.8198848063151
2023-07-26 16:05:12.593580,5556429.0,5556878.0,102.86190698242187,102.86590702311199,104.82458081054688,104.82858085123698
2023-07-26 16:05:12.602923,5556431.0,5556880.0,102.87060270182292,102.87460274251302,104.83327685546875,104.83727693684895
2023-07-26 16:05:12.611340,5556433.0,5556882.0,102.8792987467448,102.883298828125,104.84197294108073,104.84597298177084
2023-07-26 16:05:12.620085,5556435.0,5556884.0,102.88799483235677,102.89199487304687,104.85066870117187,104.85466870117187
2023-07-26 16:05:12.628810,5556437.0,5556886.0,102.89669087727864,102.90069091796876,104.85936470540365,104.86336474609374
2023-07-26 16:05:12.636975,5556439.0,5556888.0,102.90538692220052,102.90938700358073,104.86806075032551,104.87206083170572
2023-07-26 16:05:12.645801,5556441.0,5556890.0,102.91408288574219,102.9180828857422,104.8767568359375,104.88075687662761
2023-07-26 16:05:12.654514,5556443.0,5556892.0,102.92277872721354,102.92677876790364,104.88545288085938,104.88945292154948
2023-07-26 16:05:12.663217,5556445.0,5556894.0,102.93147477213542,102.93547485351561,104.89414892578125,104.89814900716145
2023-07-26 16:05:12.672354,5556447.0,5556896.0,102.94017085774739,102.9441708984375,104.9028446858724,104.9068447265625
2023-07-26 16:05:12.680980,5556449.0,5556898.0,102.94886690266928,102.95286694335937,104.91154073079427,104.91554077148437
2023-07-26 16:05:12.689274,5556451.0,5556900.0,102.95756294759114,102.96156302897136,104.92023677571615,104.92423685709636
2023-07-26 16:05:12.697996,5556453.0,5556902.0,102.96625866699219,102.97025874837239,104.92893286132814,104.93293290201822
2023-07-26 16:05:12.706681,5556455.0,5556904.0,102.97495475260416,102.97895479329428,104.93762890625,104.9416289469401
2023-07-26 16:05:12.716121,5556457.0,5556906.0,102.98365079752604,102.98765083821614,104.94632495117187,104.95032495117186
2023-07-26 16:05:12.724470,5556459.0,5556908.0,102.99234684244792,102.99634692382813,104.95502067057292,104.95903116861979
2023-07-26 16:05:12.732967,5556461.0,5556910.0,103.0010429280599,103.00504296874999,104.9637167561849,104.967716796875
2023-07-26 16:05:12.741408,5556463.0,5556912.0,103.00973897298176,103.01373901367188,104.97241280110677,104.97641284179689
2023-07-26 16:05:12.750586,5556465.0,5556914.0,103.01843469238281,103.02243477376302,104.98110884602865,104.98510892740886
2023-07-26 16:05:12.758974,5556467.0,5556916.0,103.02713077799478,103.0311308186849,104.98980493164062,104.99380497233074
2023-07-26 16:05:12.768059,5556469.0,5556918.0,103.03582682291666,103.03982686360676,104.99850073242189,105.00250073242188
2023-07-26 16:05:12.777030,5556471.0,5556920.0,103.04452286783854,103.04852294921875,105.00719669596354,105.01119677734376
2023-07-26 16:05:12.785007,5556473.0,5556922.0,103.05321895345051,103.05721899414063,105.01589278157552,105.01989282226562
2023-07-26 16:05:12.793972,5556475.0,5556924.0,103.0619149169922,103.0659149169922,105.02458882649739,105.0285888671875
2023-07-26 16:05:12.802942,5556477.0,5556926.0,103.07061071777343,103.07461075846354,105.03328487141927,105.03728495279948
2023-07-26 16:05:12.810920,5556479.0,5556928.0,103.07930676269531,103.08330684407552,105.04198095703126,105.04598099772134
2023-07-26 16:05:12.819890,5556481.0,5556930.0,103.08800284830728,103.0920028889974,105.05067667643229,105.05467671712239
2023-07-26 16:05:12.828856,5556483.0,5556932.0,103.09669889322917,103.10069893391926,105.05937272135417,105.06337276204427
2023-07-26 16:05:12.837846,5556485.0,5556934.0,103.10539493815104,103.10939501953125,105.06806876627604,105.07206884765625
2023-07-26 16:05:12.845748,5556487.0,5556936.0,103.1140906982422,103.11809073893228,105.07676485188803,105.08076489257812
2023-07-26 16:05:12.854893,5556489.0,5556938.0,103.12278674316406,103.12678678385417,105.08546089680989,105.08946093750001
2023-07-26 16:05:12.863623,5556491.0,5556940.0,103.13148278808595,103.13548286946614,105.09415694173178,105.09815698242187
2023-07-26 16:05:12.872303,5556493.0,5556942.0,103.14017887369792,103.14417891438802,105.10285270182291,105.10685274251303
2023-07-26 16:05:12.880979,5556495.0,5556944.0,103.14888533528647,103.15288537597655,105.1115487467448,105.11554878743489
2023-07-26 16:05:12.889497,5556497.0,5556946.0,103.15757096354166,103.16157104492189,105.12024479166666,105.12424487304688
2023-07-26 16:05:12.897771,5556499.0,5556948.0,103.16626668294272,103.17026676432292,105.12894087727864,105.13294091796875
2023-07-26 16:05:12.906982,5556501.0,5556950.0,103.17496276855469,103.1789628092448,105.13763692220051,105.14163696289063
2023-07-26 16:05:12.915205,5556503.0,5556952.0,103.18365881347657,103.18765885416667,105.14633276367186,105.15033276367187
2023-07-26 16:05:12.924482,5556505.0,5556954.0,103.19235485839845,103.19635493977866,105.15502868652344,105.15902876790365
2023-07-26 16:05:12.933167,5556507.0,5556956.0,103.2010509440104,103.20505098470052,105.16372477213541,105.16772481282553
2023-07-26 16:05:12.941896,5556509.0,5556958.0,103.20974694824218,103.21374694824217,105.1724208170573,105.17642085774739
2023-07-26 16:05:12.950760,5556511.0,5556960.0,103.21844270833333,103.22244278971354,105.18111686197916,105.18511694335938
2023-07-26 16:05:12.959189,5556513.0,5556962.0,103.22713879394531,103.23113883463542,105.18981294759115,105.19381298828124
2023-07-26 16:05:12.967379,5556515.0,5556964.0,103.23583483886718,103.23983487955729,105.19850866699218,105.2025087076823
2023-07-26 16:05:12.976659,5556517.0,5556966.0,103.24453088378907,103.24853096516928,105.20720471191407,105.21120479329427
2023-07-26 16:05:12.985361,5556519.0,5556968.0,103.25322696940104,103.25722701009114,105.21590079752603,105.21990083821615
2023-07-26 16:05:12.994041,5556521.0,5556970.0,103.26192272949218,103.26592272949217,105.22459684244792,105.22859688313802
2023-07-26 16:05:13.002347,5556523.0,5556972.0,103.27061873372395,103.27461877441407,105.23329288736979,105.23729296875
2023-07-26 16:05:13.011335,5556525.0,5556974.0,103.27931477864584,103.28331486002604,105.24198897298176,105.24598901367187
2023-07-26 16:05:13.019756,5556527.0,5556976.0,103.28801086425781,103.29201090494792,105.2506846923828,105.25468473307292
2023-07-26 16:05:13.028432,5556529.0,5556978.0,103.29670690917969,103.30070694986979,105.2593807373047,105.26338077799478
2023-07-26 16:05:13.037549,5556531.0,5556980.0,103.30540295410157,103.30940303548178,105.26807678222656,105.27207686360677
2023-07-26 16:05:13.046148,5556533.0,5556982.0,103.3140987141927,103.31809875488281,105.27677286783855,105.28077290852865
2023-07-26 16:05:13.054530,5556535.0,5556984.0,103.32279475911459,103.32679479980469,105.28546891276042,105.28946895345052
2023-07-26 16:05:13.063145,5556537.0,5556986.0,103.33149080403645,103.33549088541666,105.29416479492187,105.29816479492187
2023-07-26 16:05:13.072283,5556539.0,5556988.0,103.34018688964844,103.34418693033855,105.30286071777344,105.30686075846353
2023-07-26 16:05:13.080559,5556541.0,5556990.0,103.34888293457031,103.35288297526041,105.3115567626953,105.31555680338542
2023-07-26 16:05:13.089840,5556543.0,5556992.0,103.35757897949219,103.3615789794922,105.3202528076172,105.3242528889974
2023-07-26 16:05:13.098016,5556545.0,5556994.0,103.36627469889322,103.37027478027343,105.32894889322917,105.33294893391927
2023-07-26 16:05:13.106825,5556547.0,5556996.0,103.37497078450521,103.37897082519531,105.33764493815104,105.34164497884115
2023-07-26 16:05:13.115418,5556549.0,5556998.0,103.38366682942709,103.38766687011719,105.34634065755208,105.35034069824219
2023-07-26 16:05:13.124560,5556551.0,5557000.0,103.39236287434896,103.39636295572916,105.35503670247397,105.35903678385417
2023-07-26 16:05:13.133226,5556553.0,5557002.0,103.40105895996093,103.40505900065104,105.36373278808594,105.36773282877604
2023-07-26 16:05:13.141698,5556555.0,5557004.0,103.40975476074219,103.41375476074218,105.37242883300782,105.37642887369792
2023-07-26 16:05:13.150973,5556557.0,5557006.0,103.41845072428386,103.42245080566407,105.38113529459635,105.38513537597656
2023-07-26 16:05:13.159362,5556559.0,5557008.0,103.42714680989583,103.43114685058593,105.38982096354167,105.39382100423177
2023-07-26 16:05:13.167596,5556561.0,5557010.0,103.43584285481771,103.43984289550782,105.39851668294271,105.40251672363281
2023-07-26 16:05:13.176827,5556563.0,5557012.0,103.44453889973958,103.44853898111978,105.40721272786458,105.41121280924479
2023-07-26 16:05:13.185004,5556565.0,5557014.0,103.45323498535156,103.45723502604167,105.41590881347656,105.41990885416668
2023-07-26 16:05:13.194059,5556567.0,5557016.0,103.4619307047526,103.4659307454427,105.42460485839844,105.42860489908854
2023-07-26 16:05:13.202894,5556569.0,5557018.0,103.47062674967448,103.47462679036458,105.43330090332032,105.43730098470053
2023-07-26 16:05:13.211457,5556571.0,5557020.0,103.47933321126301,103.48333329264322,105.44199682617187,105.44599682617188
2023-07-26 16:05:13.220153,5556573.0,5557022.0,103.48801888020833,103.49201892089845,105.45069270833334,105.45469274902344
2023-07-26 16:05:13.228968,5556575.0,5557024.0,103.4967149251302,103.50071496582031,105.4593887532552,105.46338879394531
2023-07-26 16:05:13.237543,5556577.0,5557026.0,103.50541097005208,103.5094110107422,105.46808479817709,105.47208487955729
2023-07-26 16:05:13.246520,5556579.0,5557028.0,103.51410673014323,103.51810677083333,105.47678088378906,105.48078092447916
2023-07-26 16:05:13.255078,5556581.0,5557030.0,103.5228027750651,103.52680281575522,105.48547692871094,105.48947696940104
2023-07-26 16:05:13.263593,5556583.0,5557032.0,103.53149881998698,103.53549890136719,105.49417264811197,105.49817272949218
2023-07-26 16:05:13.271916,5556585.0,5557034.0,103.54019490559897,103.54419494628905,105.50286873372396,105.50686877441406
2023-07-26 16:05:13.281047,5556587.0,5557036.0,103.54889095052083,103.55289099121094,105.51156477864583,105.51556481933594
2023-07-26 16:05:13.289813,5556589.0,5557038.0,103.5575867919922,103.56158679199218,105.52026082356771,105.52426090494791
2023-07-26 16:05:13.298009,5556591.0,5557040.0,103.56628271484375,103.57028279622396,105.52895690917968,105.5329569498698
2023-07-26 16:05:13.306702,5556593.0,5557042.0,103.57497880045574,103.57897884114583,105.53765295410157,105.54165299479166
2023-07-26 16:05:13.315693,5556595.0,5557044.0,103.5836748453776,103.58767488606772,105.5463486735026,105.55034871419271
2023-07-26 16:05:13.324126,5556597.0,5557046.0,103.59237089029949,103.59637097167969,105.55504471842448,105.55904479980468
2023-07-26 16:05:13.332797,5556599.0,5557048.0,103.60106697591145,103.60506701660157,105.56374080403646,105.56774084472657
2023-07-26 16:05:13.342053,5556601.0,5557050.0,103.60976269531251,103.6137627360026,105.57243684895833,105.57643688964843
2023-07-26 16:05:13.350172,5556603.0,5557052.0,103.61845874023437,103.62245882161459,105.58113289388021,105.58513297526042
2023-07-26 16:05:13.358813,5556605.0,5557054.0,103.62715482584636,103.63115486653646,105.58982885742186,105.59382885742187
2023-07-26 16:05:13.368070,5556607.0,5557056.0,103.63585087076824,103.63985091145834,105.59852469889323,105.60252473958334
2023-07-26 16:05:13.376653,5556609.0,5557058.0,103.6445469156901,103.64854699707031,105.6072207438151,105.61122082519532
2023-07-26 16:05:13.385356,5556611.0,5557060.0,103.65324300130209,103.65724304199217,105.61591682942709,105.61991687011718
2023-07-26 16:05:13.394241,5556613.0,5557062.0,103.66193872070312,103.66593876139324,105.62461287434895,105.62861291503907
2023-07-26 16:05:13.402431,5556615.0,5557064.0,103.670634765625,103.67463480631511,105.63330891927083,105.63730900065103
2023-07-26 16:05:13.411520,5556617.0,5557066.0,103.67933081054687,103.68333089192708,105.64200463867186,105.64600472005209
2023-07-26 16:05:13.420158,5556619.0,5557068.0,103.68802689615886,103.69202693684895,105.65070072428387,105.65470076497395
2023-07-26 16:05:13.428366,5556621.0,5557070.0,103.69672294108072,103.70072298177084,105.65939676920573,105.66339680989583
2023-07-26 16:05:13.437060,5556623.0,5557072.0,103.7054188232422,103.70941882324219,105.6680928141276,105.67209289550782
2023-07-26 16:05:13.445768,5556625.0,5557074.0,103.71411474609374,103.71811478678386,105.67678889973958,105.6807889404297
2023-07-26 16:05:13.455023,5556627.0,5557076.0,103.72281079101563,103.72681083170572,105.68548494466145,105.68948498535156
2023-07-26 16:05:13.463718,5556629.0,5557078.0,103.7315068359375,103.73550691731771,105.6941806640625,105.69818074544271
2023-07-26 16:05:13.472400,5556631.0,5557080.0,103.74020292154948,103.74420296223958,105.70287674967449,105.70687679036457
2023-07-26 16:05:13.480699,5556633.0,5557082.0,103.74889896647136,103.75289900716146,105.71158321126302,105.71558325195313
2023-07-26 16:05:13.489334,5556635.0,5557084.0,103.75759468587239,103.76159472656249,105.72026883951823,105.72426892089844
2023-07-26 16:05:13.498396,5556637.0,5557086.0,103.76629073079427,103.77029081217448,105.72896492513021,105.73296496582032
2023-07-26 16:05:13.506522,5556639.0,5557088.0,103.77498681640624,103.77898685709636,105.73766088867187,105.74166088867187
2023-07-26 16:05:13.515751,5556641.0,5557090.0,103.78368286132813,103.78768290201823,105.74635668945312,105.75035673014322
2023-07-26 16:05:13.524107,5556643.0,5557092.0,103.79237890625001,103.7963789876302,105.755052734375,105.75905281575521
2023-07-26 16:05:13.532878,5556645.0,5557094.0,103.80107499186198,103.8050750325521,105.76374881998699,105.76774886067707
2023-07-26 16:05:13.541589,5556647.0,5557096.0,103.80978112792968,103.81378116861978,105.77244486490885,105.77644490559896
2023-07-26 16:05:13.550696,5556649.0,5557098.0,103.8184667561849,103.8224668375651,105.78114090983073,105.78514099121094
2023-07-26 16:05:13.558946,5556651.0,5557100.0,103.82716284179688,103.83116288248698,105.78983666992187,105.79383671061198
2023-07-26 16:05:13.567593,5556653.0,5557102.0,103.83585888671875,103.83985892740886,105.79853271484376,105.80253275553385
2023-07-26 16:05:13.576626,5556655.0,5557104.0,103.84455493164062,103.84855501302083,105.80722875976562,105.81122884114583
2023-07-26 16:05:13.584935,5556657.0,5557106.0,103.85325085449219,103.85725085449218,105.81592484537761,105.81992488606771
2023-07-26 16:05:13.594181,5556659.0,5557108.0,103.86194673665365,103.86594677734375,105.82462089029949,105.82862093098959
2023-07-26 16:05:13.602796,5556661.0,5557110.0,103.87064278157553,103.87464282226561,105.83331693522136,105.83731701660156
2023-07-26 16:05:13.611019,5556663.0,5557112.0,103.87933882649739,103.88333890787762,105.8420126546224,105.8460127360026
2023-07-26 16:05:13.620319,5556665.0,5557114.0,103.88803491210938,103.89203495279948,105.85070874023437,105.85470878092448
2023-07-26 16:05:13.629117,5556667.0,5557116.0,103.89673095703125,103.90073099772135,105.85940478515624,105.86340482584636
2023-07-26 16:05:13.637580,5556669.0,5557118.0,103.9054266764323,103.9094267578125,105.86810083007812,105.87210091145833
2023-07-26 16:05:13.645814,5556671.0,5557120.0,103.91412276204427,103.91812280273439,105.87679691569011,105.88079695638021
2023-07-26 16:05:13.655115,5556673.0,5557122.0,103.92281880696613,103.92681884765625,105.88549291992187,105.88949291992188
2023-07-26 16:05:13.663833,5556675.0,5557124.0,103.93151485188802,103.93551493326824,105.89418868001302,105.89818876139323
2023-07-26 16:05:13.672363,5556677.0,5557126.0,103.9402109375,103.9442109781901,105.90288476562499,105.9068848063151
2023-07-26 16:05:13.680597,5556679.0,5557128.0,103.94890698242187,103.95290702311199,105.91158081054688,105.91558085123697
2023-07-26 16:05:13.689867,5556681.0,5557130.0,103.9576027018229,103.96160274251302,105.92027685546874,105.92427693684895
2023-07-26 16:05:13.698339,5556683.0,5557132.0,103.9662987467448,103.970298828125,105.92897294108073,105.93297298177083
2023-07-26 16:05:13.706721,5556685.0,5557134.0,103.97499483235677,103.97899487304687,105.93766870117187,105.94166870117188
2023-07-26 16:05:13.716214,5556687.0,5557136.0,103.98369087727865,103.98769091796875,105.94636470540365,105.95036474609374
2023-07-26 16:05:13.724448,5556689.0,5557138.0,103.99238692220051,103.99638700358074,105.95506075032552,105.95906083170573
2023-07-26 16:05:13.732743,5556691.0,5557140.0,104.00108288574219,104.00508288574218,105.9637568359375,105.9677568766276
2023-07-26 16:05:13.742055,5556693.0,5557142.0,104.00977872721354,104.01377876790364,105.97245288085938,105.97645292154948
2023-07-26 16:05:13.750194,5556695.0,5557144.0,104.01847477213542,104.02247485351562,105.98114892578126,105.98514900716145
2023-07-26 16:05:13.759078,5556697.0,5557146.0,104.0271708577474,104.03117089843751,105.9898446858724,105.9938447265625
2023-07-26 16:05:13.768367,5556699.0,5557148.0,104.03586690266927,104.03986694335937,105.99854073079428,106.00254077148438
2023-07-26 16:05:13.776536,5556701.0,5557150.0,104.04456294759115,104.04856302897136,106.00723677571615,106.01123685709636
2023-07-26 16:05:13.785468,5556703.0,5557152.0,104.05325866699219,104.05725874837239,106.01593286132812,106.01993290201823
2023-07-26 16:05:13.794028,5556705.0,5557154.0,104.06195475260417,104.06595479329428,106.02462890625,106.0286289469401
2023-07-26 16:05:13.802416,5556707.0,5557156.0,104.07065079752604,104.07465083821614,106.03332495117186,106.03732495117187
2023-07-26 16:05:13.811005,5556709.0,5557158.0,104.07934684244792,104.08334692382813,106.04202067057292,106.04603116861979
2023-07-26 16:05:13.820300,5556711.0,5557160.0,104.08804292805989,104.09204296875,106.0507167561849,106.054716796875
2023-07-26 16:05:13.828807,5556713.0,5557162.0,104.09673897298177,104.10073901367187,106.05941280110677,106.06341284179688
2023-07-26 16:05:13.837112,5556715.0,5557164.0,104.1054346923828,104.10943477376303,106.06810884602865,106.07210892740886
2023-07-26 16:05:13.846336,5556717.0,5557166.0,104.11413077799479,104.1181308186849,106.07680493164062,106.08080497233072
2023-07-26 16:05:13.854520,5556719.0,5557168.0,104.12282682291666,104.12682686360677,106.08550073242188,106.08950073242188
2023-07-26 16:05:13.863599,5556721.0,5557170.0,104.13152286783854,104.13552294921874,106.09419669596355,106.09819677734374
2023-07-26 16:05:13.872692,5556723.0,5557172.0,104.14021895345051,104.14421899414063,106.10289278157552,106.10689282226562
2023-07-26 16:05:13.880708,5556725.0,5557174.0,104.1489149169922,104.15291491699219,106.1115888264974,106.1155888671875
2023-07-26 16:05:13.889765,5556727.0,5557176.0,104.15761071777344,104.16161075846354,106.12028487141927,106.12428495279948
2023-07-26 16:05:13.898824,5556729.0,5557178.0,104.16630676269531,104.17030684407551,106.12898095703125,106.13298099772135
2023-07-26 16:05:13.906898,5556731.0,5557180.0,104.17500284830729,104.1790028889974,106.13767667643229,106.1416767171224
2023-07-26 16:05:13.916062,5556733.0,5557182.0,104.18369889322918,104.18769893391926,106.14637272135415,106.15037276204427
2023-07-26 16:05:13.924115,5556735.0,5557184.0,104.19239493815104,104.19639501953125,106.15506876627605,106.15906884765626
2023-07-26 16:05:13.933171,5556737.0,5557186.0,104.20109069824218,104.20509073893228,106.16376485188802,106.16776489257812
2023-07-26 16:05:13.942213,5556739.0,5557188.0,104.20978674316406,104.21378678385418,106.1724608968099,106.1764609375
2023-07-26 16:05:13.950186,5556741.0,5557190.0,104.21848278808594,104.22248286946615,106.18115694173177,106.18515698242187
2023-07-26 16:05:13.959156,5556743.0,5557192.0,104.22717887369792,104.23117891438802,106.18985270182291,106.19385274251302
2023-07-26 16:05:13.968125,5556745.0,5557194.0,104.23588533528645,104.23988537597656,106.19854874674479,106.20254878743489
2023-07-26 16:05:13.977096,5556747.0,5557196.0,104.24457096354166,104.24857104492189,106.20724479166667,106.21124487304687
2023-07-26 16:05:13.985069,5556749.0,5557198.0,104.25326668294271,104.25726676432292,106.21594087727864,106.21994091796876
2023-07-26 16:05:13.994039,5556751.0,5557200.0,104.2619627685547,104.26596280924478,106.22463692220052,106.22863696289062
2023-07-26 16:05:14.003010,5556753.0,5557202.0,104.27065881347656,104.27465885416667,106.23333276367187,106.23733276367187
2023-07-26 16:05:14.010982,5556755.0,5557204.0,104.27935485839845,104.28335493977865,106.24202868652344,106.24602876790364
2023-07-26 16:05:14.019952,5556757.0,5557206.0,104.28805094401041,104.29205098470052,106.25072477213541,106.25472481282553
2023-07-26 16:05:14.028922,5556759.0,5557208.0,104.29674694824219,104.30074694824218,106.2594208170573,106.26342085774739
2023-07-26 16:05:14.037893,5556761.0,5557210.0,104.30544270833333,104.30944278971354,106.26811686197917,106.27211694335938
2023-07-26 16:05:14.045866,5556763.0,5557212.0,104.31413879394532,104.3181388346354,106.27681294759115,106.28081298828124
2023-07-26 16:05:14.054835,5556765.0,5557214.0,104.32283483886718,104.3268348795573,106.28550866699219,106.2895087076823
2023-07-26 16:05:14.063805,5556767.0,5557216.0,104.33153088378907,104.33553096516927,106.29420471191406,106.29820479329427
2023-07-26 16:05:14.072774,5556769.0,5557218.0,104.34022696940104,104.34422701009115,106.30290079752604,106.30690083821615
2023-07-26 16:05:14.080748,5556771.0,5557220.0,104.34892272949219,104.35292272949218,106.31159684244791,106.31559688313803
2023-07-26 16:05:14.089719,5556773.0,5557222.0,104.35761873372395,104.36161877441407,106.32029288736979,106.32429296875
2023-07-26 16:05:14.098688,5556775.0,5557224.0,104.36631477864583,104.37031486002604,106.32898897298176,106.33298901367188
2023-07-26 16:05:14.106662,5556777.0,5557226.0,104.37501086425782,104.37901090494792,106.33768469238281,106.34168473307291
2023-07-26 16:05:14.115632,5556779.0,5557228.0,104.38370690917968,104.3877069498698,106.34638073730468,106.35038077799479
2023-07-26 16:05:14.124602,5556781.0,5557230.0,104.39240295410157,104.39640303548178,106.35507678222656,106.35907686360676
2023-07-26 16:05:14.133585,5556783.0,5557232.0,104.4010987141927,104.40509875488281,106.36377286783853,106.36777290852865
2023-07-26 16:05:14.141543,5556785.0,5557234.0,104.40979475911459,104.41379479980468,106.37246891276043,106.37646895345051
2023-07-26 16:05:14.150513,5556787.0,5557236.0,104.41849080403645,104.42249088541666,106.38116479492187,106.38516479492188
2023-07-26 16:05:14.159483,5556789.0,5557238.0,104.42718688964844,104.43118693033854,106.38986071777344,106.39386075846353
2023-07-26 16:05:14.167456,5556791.0,5557240.0,104.4358829345703,104.43988297526042,106.3985567626953,106.40255680338542
2023-07-26 16:05:14.176426,5556793.0,5557242.0,104.44457897949219,104.44857897949218,106.4072528076172,106.4112528889974
2023-07-26 16:05:14.185397,5556795.0,5557244.0,104.45327469889322,104.45727478027344,106.41594889322917,106.41994893391927
2023-07-26 16:05:14.194366,5556797.0,5557246.0,104.46197078450521,104.46597082519531,106.42464493815105,106.42864497884115
2023-07-26 16:05:14.202841,5556799.0,5557248.0,104.47066682942709,104.47466687011719,106.43334065755208,106.4373406982422
2023-07-26 16:05:14.210967,5556801.0,5557250.0,104.47936287434895,104.48336295572916,106.44203670247396,106.44603678385417
2023-07-26 16:05:14.220310,5556803.0,5557252.0,104.48805895996094,104.49205900065104,106.45073278808594,106.45473282877603
2023-07-26 16:05:14.228605,5556805.0,5557254.0,104.49675476074219,104.50075476074218,106.4594288330078,106.46342887369792
2023-07-26 16:05:14.238018,5556807.0,5557256.0,104.50545072428386,104.50945080566407,106.46813529459635,106.47213537597656
2023-07-26 16:05:14.246351,5556809.0,5557258.0,104.51414680989583,104.51814685058594,106.47682096354166,106.48082100423177
2023-07-26 16:05:14.255016,5556811.0,5557260.0,104.52284285481771,104.52684289550783,106.48551668294272,106.48951672363282
2023-07-26 16:05:14.263235,5556813.0,5557262.0,104.53153889973957,104.53553898111979,106.49421272786458,106.49821280924479
2023-07-26 16:05:14.271938,5556815.0,5557264.0,104.54023498535156,104.54423502604166,106.50290881347657,106.50690885416667
2023-07-26 16:05:14.280665,5556817.0,5557266.0,104.54893070475259,104.55293074544271,106.51160485839844,106.51560489908854
2023-07-26 16:05:14.289686,5556819.0,5557268.0,104.55762674967448,104.56162679036458,106.52030090332032,106.52430098470052
2023-07-26 16:05:14.298267,5556821.0,5557270.0,104.56633321126301,104.57033329264323,106.52899682617188,106.53299682617188
2023-07-26 16:05:14.307413,5556823.0,5557272.0,104.57501888020833,104.57901892089843,106.53769270833334,106.54169274902344
2023-07-26 16:05:14.315907,5556825.0,5557274.0,104.58371492513021,104.58771496582031,106.5463887532552,106.55038879394532
2023-07-26 16:05:14.324569,5556827.0,5557276.0,104.59241097005209,104.59641101074219,106.55508479817709,106.55908487955729
2023-07-26 16:05:14.333285,5556829.0,5557278.0,104.60110673014323,104.60510677083333,106.56378088378906,106.56778092447917
2023-07-26 16:05:14.341956,5556831.0,5557280.0,104.6098027750651,104.61380281575521,106.57247692871093,106.57647696940104
2023-07-26 16:05:14.350667,5556833.0,5557282.0,104.61849881998698,104.6224989013672,106.58117264811197,106.58517272949219
2023-07-26 16:05:14.359065,5556835.0,5557284.0,104.62719490559897,104.63119494628906,106.58986873372395,106.59386877441406
2023-07-26 16:05:14.368108,5556837.0,5557286.0,104.63589095052083,104.63989099121095,106.59856477864584,106.60256481933594
2023-07-26 16:05:14.376276,5556839.0,5557288.0,104.64458679199218,104.64858679199219,106.6072608235677,106.61126090494791
2023-07-26 16:05:14.385561,5556841.0,5557290.0,104.65328271484375,104.65728279622397,106.61595690917969,106.61995694986979
2023-07-26 16:05:14.394036,5556843.0,5557292.0,104.66197880045573,104.66597884114583,106.62465295410156,106.62865299479166
2023-07-26 16:05:14.402367,5556845.0,5557294.0,104.6706748453776,104.67467488606772,106.63334867350261,106.6373487141927
2023-07-26 16:05:14.411405,5556847.0,5557296.0,104.67937089029948,104.6833709716797,106.64204471842447,106.64604479980468
2023-07-26 16:05:14.419792,5556849.0,5557298.0,104.68806697591145,104.69206701660156,106.65074080403646,106.65474084472656
2023-07-26 16:05:14.429255,5556851.0,5557300.0,104.6967626953125,104.7007627360026,106.65943684895834,106.66343688964844
2023-07-26 16:05:14.437355,5556853.0,5557302.0,104.70545874023438,104.70945882161458,106.66813289388021,106.67213297526041
2023-07-26 16:05:14.445875,5556855.0,5557304.0,104.71415482584635,104.71815486653647,106.67682885742187,106.68082885742187
2023-07-26 16:05:14.454911,5556857.0,5557306.0,104.72285087076824,104.72685091145833,106.68552469889323,106.68952473958333
2023-07-26 16:05:14.463276,5556859.0,5557308.0,104.7315469156901,104.73554699707032,106.69422074381511,106.69822082519532
2023-07-26 16:05:14.471921,5556861.0,5557310.0,104.74024300130209,104.74424304199218,106.7029168294271,106.70691687011718
2023-07-26 16:05:14.481035,5556863.0,5557312.0,104.74893872070312,104.75293876139324,106.71161287434896,106.71561291503907
2023-07-26 16:05:14.489381,5556865.0,5557314.0,104.757634765625,104.7616348063151,106.72030891927082,106.72430900065103
2023-07-26 16:05:14.498093,5556867.0,5557316.0,104.76633081054688,104.77033089192709,106.72900463867187,106.7330047200521
2023-07-26 16:05:14.507284,5556869.0,5557318.0,104.77502689615886,104.77902693684895,106.73770072428385,106.74170076497396
2023-07-26 16:05:14.515441,5556871.0,5557320.0,104.78372294108073,104.78772298177084,106.74639676920573,106.75039680989583
2023-07-26 16:05:14.524771,5556873.0,5557322.0,104.7924188232422,104.79641882324219,106.7550928141276,106.75909289550782
2023-07-26 16:05:14.533286,5556875.0,5557324.0,104.80111474609375,104.80511478678386,106.76378889973958,106.7677889404297
2023-07-26 16:05:14.541535,5556877.0,5557326.0,104.80981079101562,104.81381083170572,106.77248494466146,106.77648498535156
2023-07-26 16:05:14.550742,5556879.0,5557328.0,104.8185068359375,104.82250691731771,106.7811806640625,106.7851807454427
2023-07-26 16:05:14.559452,5556881.0,5557330.0,104.82720292154947,104.83120296223959,106.78987674967448,106.79387679036458
2023-07-26 16:05:14.568138,5556883.0,5557332.0,104.83589896647136,104.83989900716146,106.79858321126302,106.80258325195312
2023-07-26 16:05:14.576511,5556885.0,5557334.0,104.8445946858724,104.8485947265625,106.80726883951823,106.81126892089844
2023-07-26 16:05:14.585053,5556887.0,5557336.0,104.85329073079427,104.85729081217447,106.81596492513022,106.8199649658203
2023-07-26 16:05:14.594326,5556889.0,5557338.0,104.86198681640624,104.86598685709636,106.82466088867187,106.82866088867188
2023-07-26 16:05:14.602842,5556891.0,5557340.0,104.87068286132813,104.87468290201822,106.83335668945313,106.83735673014323
2023-07-26 16:05:14.611563,5556893.0,5557342.0,104.87937890625,104.88337898763021,106.842052734375,106.84605281575521
2023-07-26 16:05:14.620271,5556895.0,5557344.0,104.88807499186198,104.89207503255209,106.85074881998698,106.85474886067708
2023-07-26 16:05:14.629333,5556897.0,5557346.0,104.89678112792969,104.90078116861979,106.85944486490885,106.86344490559897
2023-07-26 16:05:14.637479,5556899.0,5557348.0,104.90546675618491,104.9094668375651,106.86814090983073,106.87214099121094
2023-07-26 16:05:14.646593,5556901.0,5557350.0,104.91416284179688,104.91816288248698,106.87683666992187,106.88083671061199
2023-07-26 16:05:14.654855,5556903.0,5557352.0,104.92285888671874,104.92685892740886,106.88553271484375,106.88953275553385
2023-07-26 16:05:14.663864,5556905.0,5557354.0,104.93155493164062,104.93555501302083,106.89422875976562,106.89822884114582
2023-07-26 16:05:14.672486,5556907.0,5557356.0,104.94025085449219,104.94425085449218,106.9029248453776,106.90692488606771
2023-07-26 16:05:14.681210,5556909.0,5557358.0,104.94894673665365,104.95294677734375,106.91162089029949,106.91562093098958
2023-07-26 16:05:14.690343,5556911.0,5557360.0,104.95764278157552,104.96164282226562,106.92031693522135,106.92431701660156
2023-07-26 16:05:14.698523,5556913.0,5557362.0,104.96633882649739,104.9703389078776,106.9290126546224,106.93301273600261
2023-07-26 16:05:14.707275,5556915.0,5557364.0,104.97503491210936,104.97903495279948,106.93770874023437,106.94170878092449
2023-07-26 16:05:14.715556,5556917.0,5557366.0,104.98373095703126,104.98773099772134,106.94640478515625,106.95040482584635
2023-07-26 16:05:14.724642,5556919.0,5557368.0,104.99242667643229,104.9964267578125,106.95510083007812,106.95910091145834
2023-07-26 16:05:14.733288,5556921.0,5557370.0,105.00112276204428,105.00512280273438,106.96379691569011,106.9677969563802
2023-07-26 16:05:14.741976,5556923.0,5557372.0,105.00981880696614,105.01381884765625,106.97249291992188,106.97649291992188
2023-07-26 16:05:14.750986,5556925.0,5557374.0,105.01851485188803,105.02251493326823,106.98118868001302,106.98518876139323
2023-07-26 16:05:14.759364,5556927.0,5557376.0,105.0272109375,105.0312109781901,106.98988476562499,106.99388480631511
2023-07-26 16:05:14.768076,5556929.0,5557378.0,105.03590698242188,105.03990702311198,106.99858081054688,107.00258085123697
2023-07-26 16:05:14.776797,5556931.0,5557380.0,105.04460270182291,105.04860274251303,107.00727685546875,107.01127693684896
2023-07-26 16:05:14.784980,5556933.0,5557382.0,105.0532987467448,105.057298828125,107.01597294108072,107.01997298177083
2023-07-26 16:05:14.794047,5556935.0,5557384.0,105.06199483235677,105.06599487304688,107.02466870117188,107.02866870117188
2023-07-26 16:05:14.802418,5556937.0,5557386.0,105.07069087727865,105.07469091796875,107.03336470540364,107.03736474609374
2023-07-26 16:05:14.811109,5556939.0,5557388.0,105.07938692220051,105.08338700358074,107.04206075032552,107.04606083170573
2023-07-26 16:05:14.819785,5556941.0,5557390.0,105.08808288574218,105.09208288574219,107.05075683593749,107.05475687662761
2023-07-26 16:05:14.829041,5556943.0,5557392.0,105.09677872721355,105.10077876790365,107.05945288085938,107.06345292154947
2023-07-26 16:05:14.837269,5556945.0,5557394.0,105.10547477213541,105.10947485351562,107.06814892578124,107.07214900716146
2023-07-26 16:05:14.846417,5556947.0,5557396.0,105.1141708577474,105.11817089843751,107.0768446858724,107.08084472656249
2023-07-26 16:05:14.854821,5556949.0,5557398.0,105.12286690266927,105.12686694335937,107.08554073079426,107.08954077148438
2023-07-26 16:05:14.863834,5556951.0,5557400.0,105.13156294759115,105.13556302897135,107.09423677571615,107.09823685709635
2023-07-26 16:05:14.872216,5556953.0,5557402.0,105.14025866699218,105.1442587483724,107.10293286132813,107.10693290201823
2023-07-26 16:05:14.881289,5556955.0,5557404.0,105.14895475260417,105.15295479329427,107.11162890625,107.11562894694009
2023-07-26 16:05:14.889428,5556957.0,5557406.0,105.15765079752603,105.16165083821615,107.12032495117187,107.12432495117187
2023-07-26 16:05:14.898523,5556959.0,5557408.0,105.16634684244792,105.17034692382812,107.12902067057293,107.13303116861978
2023-07-26 16:05:14.907571,5556961.0,5557410.0,105.1750429280599,105.17904296875,107.1377167561849,107.141716796875
2023-07-26 16:05:14.915690,5556963.0,5557412.0,105.18373897298177,105.18773901367187,107.14641280110678,107.15041284179688
2023-07-26 16:05:14.924776,5556965.0,5557414.0,105.1924346923828,105.19643477376303,107.15510884602865,107.15910892740887
2023-07-26 16:05:14.933014,5556967.0,5557416.0,105.20113077799479,105.20513081868489,107.16380493164061,107.16780497233073
2023-07-26 16:05:14.942049,5556969.0,5557418.0,105.20982682291667,105.21382686360677,107.17250073242188,107.17650073242189
2023-07-26 16:05:14.951122,5556971.0,5557420.0,105.21852286783854,105.22252294921874,107.18119669596354,107.18519677734375
2023-07-26 16:05:14.959180,5556973.0,5557422.0,105.22721895345052,105.23121899414063,107.18989278157552,107.19389282226562
2023-07-26 16:05:14.968230,5556975.0,5557424.0,105.23591491699219,105.23991491699219,107.19858882649739,107.2025888671875
2023-07-26 16:05:14.977294,5556977.0,5557426.0,105.24461071777344,105.24861075846354,107.20728487141928,107.21128495279949
2023-07-26 16:05:14.985265,5556979.0,5557428.0,105.2533067626953,105.25730684407552,107.21598095703125,107.21998099772135
2023-07-26 16:05:14.994240,5556981.0,5557430.0,105.26200284830729,105.2660028889974,107.2246766764323,107.22867671712238
2023-07-26 16:05:15.003207,5556983.0,5557432.0,105.27069889322917,105.27469893391927,107.23337272135416,107.23737276204427
2023-07-26 16:05:15.011180,5556985.0,5557434.0,105.27939493815104,105.28339501953126,107.24206876627605,107.24606884765625
2023-07-26 16:05:15.020150,5556987.0,5557436.0,105.28809069824219,105.29209073893229,107.25076485188802,107.25476489257812
2023-07-26 16:05:15.029121,5556989.0,5557438.0,105.29678674316406,105.30078678385416,107.2594608968099,107.2634609375
2023-07-26 16:05:15.038090,5556991.0,5557440.0,105.30548278808594,105.30948286946615,107.26815694173177,107.27215698242188
2023-07-26 16:05:15.046064,5556993.0,5557442.0,105.31417887369793,105.31817891438801,107.27685270182292,107.28085274251302
2023-07-26 16:05:15.055033,5556995.0,5557444.0,105.32288533528646,105.32688537597656,107.2855487467448,107.2895487874349
2023-07-26 16:05:15.064003,5556997.0,5557446.0,105.33157096354167,105.33557104492188,107.29424479166666,107.29824487304687
2023-07-26 16:05:15.071976,5556999.0,5557448.0,105.34026668294271,105.34426676432292,107.30294087727864,107.30694091796876
2023-07-26 16:05:15.080946,5557001.0,5557450.0,105.3489627685547,105.35296280924479,107.31163692220052,107.31563696289062
2023-07-26 16:05:15.089916,5557003.0,5557452.0,105.35765881347656,105.36165885416668,107.32033276367187,107.32433276367188
2023-07-26 16:05:15.098902,5557005.0,5557454.0,105.36635485839844,105.37035493977865,107.32902868652343,107.33302876790364
2023-07-26 16:05:15.106860,5557007.0,5557456.0,105.37505094401041,105.37905098470053,107.33772477213542,107.34172481282552
2023-07-26 16:05:15.115829,5557009.0,5557458.0,105.38374694824218,105.38774694824218,107.3464208170573,107.3504208577474
2023-07-26 16:05:15.124799,5557011.0,5557460.0,105.39244270833333,105.39644278971355,107.35511686197917,107.35911694335937
2023-07-26 16:05:15.132773,5557013.0,5557462.0,105.40113879394531,105.40513883463541,107.36381294759114,107.36781298828124
2023-07-26 16:05:15.141743,5557015.0,5557464.0,105.40983483886718,105.41383487955729,107.37250866699219,107.37650870768229
2023-07-26 16:05:15.150713,5557017.0,5557466.0,105.41853088378906,105.42253096516927,107.38120471191407,107.38520479329428
2023-07-26 16:05:15.159683,5557019.0,5557468.0,105.42722696940105,105.43122701009113,107.38990079752604,107.39390083821614
2023-07-26 16:05:15.167660,5557021.0,5557470.0,105.43592272949218,105.43992272949218,107.39859684244792,107.40259688313803
2023-07-26 16:05:15.176627,5557023.0,5557472.0,105.44461873372396,105.44861877441406,107.40729288736979,107.41129296874999
2023-07-26 16:05:15.185596,5557025.0,5557474.0,105.45331477864583,105.45731486002605,107.41598897298176,107.41998901367188
2023-07-26 16:05:15.193569,5557027.0,5557476.0,105.46201086425782,105.46601090494791,107.42468469238281,107.42868473307291
2023-07-26 16:05:15.202539,5557029.0,5557478.0,105.47070690917968,105.4747069498698,107.43338073730469,107.43738077799479
2023-07-26 16:05:15.211509,5557031.0,5557480.0,105.47940295410157,105.48340303548177,107.44207678222655,107.44607686360676
2023-07-26 16:05:15.220477,5557033.0,5557482.0,105.4880987141927,105.49209875488282,107.45077286783854,107.45477290852865
2023-07-26 16:05:15.228451,5557035.0,5557484.0,105.4967947591146,105.50079479980468,107.45946891276041,107.46346895345052
2023-07-26 16:05:15.237420,5557037.0,5557486.0,105.50549080403646,105.50949088541667,107.46816479492188,107.47216479492188
2023-07-26 16:05:15.246393,5557039.0,5557488.0,105.51418688964844,105.51818693033854,107.47686071777343,107.48086075846354
2023-07-26 16:05:15.255360,5557041.0,5557490.0,105.5228829345703,105.52688297526042,107.48555676269531,107.48955680338543
2023-07-26 16:05:15.263334,5557043.0,5557492.0,105.53157897949218,105.53557897949219,107.49425280761719,107.4982528889974
2023-07-26 16:05:15.272303,5557045.0,5557494.0,105.54027469889323,105.54427478027344,107.50294889322917,107.50694893391926
2023-07-26 16:05:15.281278,5557047.0,5557496.0,105.5489707845052,105.55297082519532,107.51164493815104,107.51564497884115
2023-07-26 16:05:15.289327,5557049.0,5557498.0,105.55766682942709,105.5616668701172,107.52034065755208,107.52434069824218
2023-07-26 16:05:15.298450,5557051.0,5557500.0,105.56636287434895,105.57036295572917,107.52903670247396,107.53303678385417
2023-07-26 16:05:15.306740,5557053.0,5557502.0,105.57505895996094,105.57905900065103,107.53773278808595,107.54173282877603
2023-07-26 16:05:15.315837,5557055.0,5557504.0,105.58375476074218,105.58775476074219,107.54642883300781,107.55042887369792
2023-07-26 16:05:15.324223,5557057.0,5557506.0,105.59245072428386,105.59645080566406,107.55513529459635,107.55913537597655
2023-07-26 16:05:15.333618,5557059.0,5557508.0,105.60114680989582,105.60514685058594,107.56382096354166,107.56782100423177
2023-07-26 16:05:15.345838,5557061.0,5557510.0,105.60984285481771,105.61384289550782,107.57251668294272,107.5765167236328
2023-07-26 16:05:15.354693,5557064.0,5557513.0,105.62288692220051,105.62688700358073,107.58556075032551,107.58956083170573
2023-07-26 16:05:15.364128,5557066.0,5557515.0,105.63158288574219,105.63558288574218,107.5942568359375,107.5982568766276
2023-07-26 16:05:15.372269,5557068.0,5557517.0,105.64027872721354,105.64427876790364,107.60295288085938,107.60695292154948
2023-07-26 16:05:15.381351,5557070.0,5557519.0,105.64897477213542,105.65297485351562,107.61164892578125,107.61564900716145
2023-07-26 16:05:15.389548,5557072.0,5557521.0,105.65767085774739,105.6616708984375,107.6203446858724,107.6243447265625
2023-07-26 16:05:15.398553,5557074.0,5557523.0,105.66636690266928,105.67036694335937,107.62904073079427,107.63304077148437
2023-07-26 16:05:15.406937,5557076.0,5557525.0,105.67506294759114,105.67906302897136,107.63773677571615,107.64173685709636
2023-07-26 16:05:15.415957,5557078.0,5557527.0,105.68375866699219,105.68775874837239,107.64643286132814,107.65043290201822
2023-07-26 16:05:15.424269,5557080.0,5557529.0,105.69245475260416,105.69645479329428,107.65512890625,107.6591289469401
2023-07-26 16:05:15.433488,5557082.0,5557531.0,105.70115079752604,105.70515083821614,107.66382495117186,107.66782495117187
2023-07-26 16:05:15.441629,5557084.0,5557533.0,105.70984684244792,105.71384692382813,107.67252067057292,107.67653116861979
2023-07-26 16:05:15.451106,5557086.0,5557535.0,105.7185429280599,105.72254296874999,107.6812167561849,107.685216796875
2023-07-26 16:05:15.459161,5557088.0,5557537.0,105.72723897298177,105.73123901367188,107.68991280110677,107.69391284179689
2023-07-26 16:05:15.468343,5557090.0,5557539.0,105.7359346923828,105.73993477376303,107.69860884602865,107.70260892740886
2023-07-26 16:05:15.476743,5557092.0,5557541.0,105.74463077799479,105.7486308186849,107.70730493164062,107.71130497233074
2023-07-26 16:05:15.485829,5557094.0,5557543.0,105.75332682291666,105.75732686360676,107.71600073242188,107.72000073242188
2023-07-26 16:05:15.494120,5557096.0,5557545.0,105.76202286783854,105.76602294921875,107.72469669596354,107.72869677734374
2023-07-26 16:05:15.503256,5557098.0,5557547.0,105.77071895345051,105.77471899414063,107.73339278157552,107.73739282226562
2023-07-26 16:05:15.511364,5557100.0,5557549.0,105.7794149169922,105.7834149169922,107.7420888264974,107.7460888671875
2023-07-26 16:05:15.519821,5557102.0,5557551.0,105.78811071777343,105.79211075846354,107.75078487141927,107.75478495279948
2023-07-26 16:05:15.528875,5557104.0,5557553.0,105.79680676269531,105.80080684407551,107.75948095703126,107.76348099772135
2023-07-26 16:05:15.537906,5557106.0,5557555.0,105.80550284830728,105.8095028889974,107.76817667643229,107.77217671712239
2023-07-26 16:05:15.551083,5557108.0,5557557.0,105.81419889322918,105.81819893391926,107.77687272135417,107.78087276204427
2023-07-26 16:05:15.559489,5557111.0,5557560.0,105.82724300130208,105.83124304199218,107.78991682942709,107.79391687011719
2023-07-26 16:05:15.568686,5557113.0,5557562.0,105.83593872070313,105.83993876139324,107.79861287434896,107.80261291503906
2023-07-26 16:05:15.576751,5557115.0,5557564.0,105.84463476562499,105.8486348063151,107.80730891927082,107.81130900065104
2023-07-26 16:05:15.589880,5557117.0,5557566.0,105.85333081054688,105.85733089192708,107.81600463867187,107.82000472005208
2023-07-26 16:05:15.598598,5557120.0,5557569.0,105.86638533528647,105.87038537597655,107.82904874674479,107.83304878743489
2023-07-26 16:05:15.607567,5557122.0,5557571.0,105.87507096354166,105.87907104492189,107.83774479166667,107.84174487304686
2023-07-26 16:05:15.615540,5557124.0,5557573.0,105.88376668294272,105.88776676432292,107.84644087727864,107.85044091796875
2023-07-26 16:05:15.624510,5557126.0,5557575.0,105.8924627685547,105.8964628092448,107.85513692220051,107.85913696289063
2023-07-26 16:05:15.633481,5557128.0,5557577.0,105.90115881347656,105.90515885416667,107.86383276367187,107.86783276367187
2023-07-26 16:05:15.642451,5557130.0,5557579.0,105.90985485839845,105.91385493977864,107.87252868652344,107.87652876790364
2023-07-26 16:05:15.655407,5557132.0,5557581.0,105.9185509440104,105.92255098470052,107.88122477213541,107.88522481282553
2023-07-26 16:05:15.663379,5557135.0,5557584.0,105.9315946858724,105.9355947265625,107.89426883951823,107.89826892089845
2023-07-26 16:05:15.672349,5557137.0,5557586.0,105.94029073079427,105.94429081217447,107.9029649251302,107.90696496582031
2023-07-26 16:05:15.681319,5557139.0,5557588.0,105.94898681640625,105.95298685709636,107.91166088867188,107.91566088867188
2023-07-26 16:05:15.690288,5557141.0,5557590.0,105.95768286132812,105.96168290201823,107.92035668945311,107.92435673014323
2023-07-26 16:05:15.703257,5557143.0,5557592.0,105.96637890625,105.97037898763021,107.929052734375,107.93305281575522
2023-07-26 16:05:15.711218,5557146.0,5557595.0,105.97942272949219,105.98342272949218,107.94209684244791,107.94609688313803
2023-07-26 16:05:15.720188,5557148.0,5557597.0,105.98811873372395,105.99211877441407,107.95079288736979,107.95479296875
2023-07-26 16:05:15.729158,5557150.0,5557599.0,105.99681477864584,106.00081486002604,107.95948897298176,107.96348901367188
2023-07-26 16:05:15.737131,5557152.0,5557601.0,106.00551086425781,106.00951090494792,107.9681846923828,107.97218473307292
2023-07-26 16:05:15.746102,5557154.0,5557603.0,106.01420690917969,106.01820694986979,107.9768807373047,107.98088077799478
2023-07-26 16:05:15.755072,5557156.0,5557605.0,106.02290295410157,106.02690303548178,107.98557678222656,107.98957686360677
2023-07-26 16:05:15.768449,5557158.0,5557607.0,106.0315987141927,106.03559875488281,107.99427286783853,107.99827290852865
2023-07-26 16:05:15.776841,5557161.0,5557610.0,106.04464278157552,106.04864282226562,108.00731693522135,108.01131701660157
2023-07-26 16:05:15.789648,5557163.0,5557612.0,106.0533388264974,106.05733890787761,108.0160126546224,108.0200127360026
2023-07-26 16:05:15.798688,5557166.0,5557615.0,106.0663829345703,106.07038297526042,108.0290567626953,108.03305680338542
2023-07-26 16:05:15.806733,5557168.0,5557617.0,106.07507897949219,106.07907897949218,108.0377528076172,108.0417528889974
2023-07-26 16:05:15.816054,5557170.0,5557619.0,106.08377469889322,106.08777478027343,108.04644889322917,108.05044893391927
2023-07-26 16:05:15.824197,5557172.0,5557621.0,106.09247078450521,106.09647082519531,108.05514493815105,108.05914497884115
2023-07-26 16:05:15.833531,5557174.0,5557623.0,106.10116682942709,106.10516687011719,108.06384065755208,108.0678406982422
2023-07-26 16:05:15.841681,5557176.0,5557625.0,106.10986287434896,106.11386295572916,108.07253670247397,108.07653678385417
2023-07-26 16:05:15.850897,5557178.0,5557627.0,106.11855895996094,106.12255900065104,108.08123278808594,108.08523282877604
2023-07-26 16:05:15.859328,5557180.0,5557629.0,106.12725476074219,106.13125476074218,108.08992883300782,108.09392887369792
2023-07-26 16:05:15.868408,5557182.0,5557631.0,106.13595072428386,106.13995080566407,108.09863529459635,108.10263537597656
2023-07-26 16:05:15.876586,5557184.0,5557633.0,106.14464680989583,106.14864685058593,108.10732096354165,108.11132100423177
2023-07-26 16:05:15.885801,5557186.0,5557635.0,106.15334285481771,106.15734289550782,108.11601668294271,108.12001672363282
2023-07-26 16:05:15.894110,5557188.0,5557637.0,106.16203889973958,106.16603898111978,108.12471272786458,108.12871280924479
2023-07-26 16:05:15.902368,5557190.0,5557639.0,106.17073498535156,106.17473502604167,108.13340881347656,108.13740885416668
2023-07-26 16:05:15.915542,5557192.0,5557641.0,106.17943070475259,106.1834307454427,108.14210485839844,108.14610489908854
2023-07-26 16:05:15.924870,5557195.0,5557644.0,106.19247477213541,106.19647485351562,108.15514892578125,108.15914900716146
2023-07-26 16:05:15.933343,5557197.0,5557646.0,106.2011708577474,106.2051708984375,108.16384468587239,108.16784472656249
2023-07-26 16:05:15.942596,5557199.0,5557648.0,106.20986690266928,106.21386694335938,108.17254073079427,108.17654077148438
2023-07-26 16:05:15.954976,5557201.0,5557650.0,106.21856294759115,106.22256302897135,108.18123677571614,108.18523685709636
2023-07-26 16:05:15.963660,5557204.0,5557653.0,106.23160673014323,106.23560677083333,108.19428088378906,108.19828092447916
2023-07-26 16:05:15.972075,5557206.0,5557655.0,106.2403027750651,106.2443028157552,108.20297692871094,108.20697696940104
2023-07-26 16:05:15.981231,5557208.0,5557657.0,106.24899881998698,106.25299890136719,108.21167264811197,108.21567272949218
2023-07-26 16:05:15.990255,5557210.0,5557659.0,106.25769490559897,106.26169494628905,108.22036873372394,108.22436877441406
2023-07-26 16:05:15.998289,5557212.0,5557661.0,106.26639095052083,106.27039099121095,108.22906477864584,108.23306481933594
2023-07-26 16:05:16.007453,5557214.0,5557663.0,106.2750867919922,106.27908679199219,108.23776082356771,108.24176090494791
2023-07-26 16:05:16.015564,5557216.0,5557665.0,106.28378271484375,106.28778279622396,108.24645690917968,108.2504569498698
2023-07-26 16:05:16.024955,5557218.0,5557667.0,106.29247880045574,106.29647884114583,108.25515295410158,108.25915299479166
2023-07-26 16:05:16.037419,5557220.0,5557669.0,106.3011748453776,106.30517488606772,108.26384867350261,108.26784871419271
2023-07-26 16:05:16.046213,5557223.0,5557672.0,106.31421895345052,106.31821899414062,108.27689278157553,108.28089282226561
2023-07-26 16:05:16.055278,5557225.0,5557674.0,106.32291491699219,106.3269149169922,108.28558882649739,108.2895888671875
2023-07-26 16:05:16.063509,5557227.0,5557676.0,106.33161071777344,106.33561075846353,108.29428487141928,108.29828495279948
2023-07-26 16:05:16.072689,5557229.0,5557678.0,106.3403067626953,106.34430684407552,108.30298095703125,108.30698099772135
2023-07-26 16:05:16.080810,5557231.0,5557680.0,106.3490028483073,106.3530028889974,108.3116766764323,108.31567671712239
2023-07-26 16:05:16.089881,5557233.0,5557682.0,106.35769889322917,106.36169893391927,108.32037272135416,108.32437276204428
2023-07-26 16:05:16.098005,5557235.0,5557684.0,106.36639493815105,106.37039501953124,108.32906876627604,108.33306884765625
2023-07-26 16:05:16.107005,5557237.0,5557686.0,106.37509069824219,106.37909073893229,108.33776485188802,108.34176489257813
2023-07-26 16:05:16.116171,5557239.0,5557688.0,106.38378674316407,106.38778678385417,108.34646089680989,108.3504609375
2023-07-26 16:05:16.124316,5557241.0,5557690.0,106.39248278808594,106.39648286946615,108.35515694173178,108.35915698242188
2023-07-26 16:05:16.133652,5557243.0,5557692.0,106.40117887369792,106.40517891438802,108.3638527018229,108.36785274251302
2023-07-26 16:05:16.141845,5557245.0,5557694.0,106.40988533528646,106.41388537597656,108.3725487467448,108.37654878743488
2023-07-26 16:05:16.150981,5557247.0,5557696.0,106.41857096354165,106.42257104492188,108.38124479166666,108.38524487304687
2023-07-26 16:05:16.163357,5557249.0,5557698.0,106.42726668294272,106.43126676432293,108.38994087727865,108.39394091796875
2023-07-26 16:05:16.172637,5557252.0,5557701.0,106.44031079101563,106.44431083170572,108.40298494466145,108.40698498535156
2023-07-26 16:05:16.185793,5557254.0,5557703.0,106.4490068359375,106.45300691731771,108.4116806640625,108.41568074544271
2023-07-26 16:05:16.194325,5557257.0,5557706.0,106.46205094401041,106.46605098470052,108.42472477213542,108.42872481282552
2023-07-26 16:05:16.202417,5557259.0,5557708.0,106.47074694824218,106.47474694824218,108.4334208170573,108.4374208577474
2023-07-26 16:05:16.211645,5557261.0,5557710.0,106.47944270833334,106.48344278971354,108.44211686197916,108.44611694335937
2023-07-26 16:05:16.224649,5557263.0,5557712.0,106.48813879394531,106.49213883463541,108.45081294759115,108.45481298828125
2023-07-26 16:05:16.233461,5557266.0,5557715.0,106.50118286132813,106.50518290201823,108.46385668945312,108.46785673014323
2023-07-26 16:05:16.241760,5557268.0,5557717.0,106.50987890625,106.5138789876302,108.472552734375,108.47655281575521
2023-07-26 16:05:16.250933,5557270.0,5557719.0,106.51857499186198,106.52257503255208,108.48124881998699,108.48524886067707
2023-07-26 16:05:16.258943,5557272.0,5557721.0,106.52728112792968,106.53128116861978,108.48994486490885,108.49394490559897
2023-07-26 16:05:16.272300,5557274.0,5557723.0,106.5359667561849,106.5399668375651,108.49864090983073,108.50264099121094
2023-07-26 16:05:16.281209,5557277.0,5557726.0,106.54901086425782,106.55301090494791,108.5116846923828,108.51568473307292
2023-07-26 16:05:16.289654,5557279.0,5557728.0,106.55770690917969,106.5617069498698,108.52038073730469,108.52438077799479
2023-07-26 16:05:16.302793,5557281.0,5557730.0,106.56640295410156,106.57040303548177,108.52907678222655,108.53307686360677
2023-07-26 16:05:16.311317,5557284.0,5557733.0,106.57944673665365,106.58344677734375,108.54212089029949,108.54612093098959
2023-07-26 16:05:16.320506,5557286.0,5557735.0,106.58814278157553,106.59214282226561,108.55081693522135,108.55481701660156
2023-07-26 16:05:16.333569,5557288.0,5557737.0,106.59683882649739,106.60083890787762,108.5595126546224,108.56351273600261
2023-07-26 16:05:16.342163,5557291.0,5557740.0,106.60988293457031,106.61388297526041,108.57255676269531,108.57655680338542
2023-07-26 16:05:16.350528,5557293.0,5557742.0,106.61857897949218,106.62257897949219,108.58125280761719,108.5852528889974
2023-07-26 16:05:16.358941,5557295.0,5557744.0,106.62727469889323,106.63127478027343,108.58994889322918,108.59394893391926
2023-07-26 16:05:16.368012,5557297.0,5557746.0,106.6359707845052,106.63997082519532,108.59864493815104,108.60264497884116
2023-07-26 16:05:16.381173,5557299.0,5557748.0,106.6446668294271,106.64866687011718,108.60734065755207,108.61134069824219
2023-07-26 16:05:16.389912,5557302.0,5557751.0,106.6577109375,106.6617109781901,108.62038476562499,108.6243848063151
2023-07-26 16:05:16.398244,5557304.0,5557753.0,106.66640698242188,106.67040702311199,108.62908081054688,108.63308085123697
2023-07-26 16:05:16.407501,5557306.0,5557755.0,106.67510270182291,106.67910274251302,108.63777685546874,108.64177693684896
2023-07-26 16:05:16.420692,5557308.0,5557757.0,106.6837987467448,106.687798828125,108.64647294108073,108.65047298177083
2023-07-26 16:05:16.428985,5557311.0,5557760.0,106.6968428548177,106.70084289550782,108.65951668294271,108.66351672363281
2023-07-26 16:05:16.438073,5557313.0,5557762.0,106.70553889973958,106.70953898111979,108.66821272786459,108.67221280924478
2023-07-26 16:05:16.446288,5557315.0,5557764.0,106.71423498535155,106.71823502604167,108.67690881347656,108.68090885416667
2023-07-26 16:05:16.459561,5557317.0,5557766.0,106.7229307047526,106.72693074544271,108.68560485839845,108.68960489908854
2023-07-26 16:05:16.468206,5557320.0,5557769.0,106.7359747721354,106.73997485351562,108.69864892578126,108.70264900716145
2023-07-26 16:05:16.476595,5557322.0,5557771.0,106.7446708577474,106.74867089843751,108.7073446858724,108.7113447265625
2023-07-26 16:05:16.489813,5557324.0,5557773.0,106.75336690266927,106.75736694335937,108.71604073079426,108.72004077148438
2023-07-26 16:05:16.498770,5557327.0,5557776.0,106.76641097005208,106.7704110107422,108.72908479817708,108.7330848795573
2023-07-26 16:05:16.507182,5557329.0,5557778.0,106.77510673014324,106.77910677083332,108.73778088378907,108.74178092447916
2023-07-26 16:05:16.516202,5557331.0,5557780.0,106.7838027750651,106.78780281575521,108.74647692871093,108.75047696940105
2023-07-26 16:05:16.528578,5557333.0,5557782.0,106.79249881998699,106.79649890136719,108.75517264811198,108.75917272949218
2023-07-26 16:05:16.538010,5557336.0,5557785.0,106.8055429280599,106.80954296875,108.7682167561849,108.772216796875
2023-07-26 16:05:16.551182,5557338.0,5557787.0,106.81423897298177,106.81823901367187,108.77691280110677,108.78091284179688
2023-07-26 16:05:16.559608,5557341.0,5557790.0,106.82728271484376,106.83128279622396,108.78995690917968,108.7939569498698
2023-07-26 16:05:16.573056,5557343.0,5557792.0,106.83597880045573,106.83997884114584,108.79865295410157,108.80265299479167
2023-07-26 16:05:16.581392,5557346.0,5557795.0,106.84902286783854,106.85302294921874,108.81169669596355,108.81569677734375
2023-07-26 16:05:16.594684,5557348.0,5557797.0,106.85771895345052,106.86171899414063,108.82039278157552,108.82439282226562
2023-07-26 16:05:16.603044,5557351.0,5557800.0,106.87076269531251,106.87476273600261,108.83343684895834,108.83743688964843
2023-07-26 16:05:16.611146,5557353.0,5557802.0,106.87945874023437,106.88345882161458,108.8421328938802,108.84613297526042
2023-07-26 16:05:16.624453,5557355.0,5557804.0,106.88815482584636,106.89215486653646,108.85082885742187,108.85482885742186
2023-07-26 16:05:16.633545,5557358.0,5557807.0,106.90119889322916,106.90519893391927,108.86387272135416,108.86787276204427
2023-07-26 16:05:16.641718,5557360.0,5557809.0,106.90989493815104,106.91389501953125,108.87256876627605,108.87656884765624
2023-07-26 16:05:16.655117,5557362.0,5557811.0,106.91859069824218,106.92259073893229,108.88126485188802,108.88526489257812
2023-07-26 16:05:16.663867,5557365.0,5557814.0,106.93163476562499,106.93563480631511,108.89430891927083,108.89830900065104
2023-07-26 16:05:16.677283,5557367.0,5557816.0,106.94033081054688,106.94433089192708,108.90300463867187,108.90700472005209
2023-07-26 16:05:16.685528,5557370.0,5557819.0,106.95338533528646,106.95738537597656,108.91604874674479,108.9200487874349
2023-07-26 16:05:16.693896,5557372.0,5557821.0,106.96207096354166,106.96607104492188,108.92474479166667,108.92874487304687
2023-07-26 16:05:16.707229,5557374.0,5557823.0,106.97076668294271,106.97476676432292,108.93344087727864,108.93744091796876
2023-07-26 16:05:16.716075,5557377.0,5557826.0,106.98381079101563,106.98781083170573,108.94648494466146,108.95048498535155
2023-07-26 16:05:16.724265,5557379.0,5557828.0,106.9925068359375,106.9965069173177,108.9551806640625,108.95918074544271
2023-07-26 16:05:16.737663,5557381.0,5557830.0,107.00120292154948,107.0052029622396,108.96387674967448,108.96787679036458
2023-07-26 16:05:16.746602,5557384.0,5557833.0,107.01424694824219,107.01824694824218,108.9769208170573,108.98092085774739
2023-07-26 16:05:16.754725,5557386.0,5557835.0,107.02294270833333,107.02694278971354,108.98561686197917,108.98961694335938
2023-07-26 16:05:16.768097,5557388.0,5557837.0,107.03163879394532,107.0356388346354,108.99431294759114,108.99831298828124
2023-07-26 16:05:16.776884,5557391.0,5557840.0,107.04468286132813,107.04868290201823,109.00735668945312,109.01135673014323
2023-07-26 16:05:16.789992,5557393.0,5557842.0,107.05337890625,107.0573789876302,109.01605273437501,109.02005281575521
2023-07-26 16:05:16.798587,5557396.0,5557845.0,107.06642272949217,107.07042272949218,109.02909684244791,109.03309688313803
2023-07-26 16:05:16.806996,5557398.0,5557847.0,107.07511873372395,107.07911877441406,109.03779288736979,109.04179296874999
2023-07-26 16:05:16.820163,5557400.0,5557849.0,107.08381477864583,107.08781486002604,109.04648897298176,109.05048901367188
2023-07-26 16:05:16.829533,5557403.0,5557852.0,107.09685888671875,107.10085892740886,109.05953271484375,109.06353275553386
2023-07-26 16:05:16.842196,5557405.0,5557854.0,107.10555493164063,107.10955501302082,109.06822875976562,109.07222884114583
2023-07-26 16:05:16.850301,5557408.0,5557857.0,107.1185987141927,107.12259875488282,109.08127286783854,109.08527290852865
2023-07-26 16:05:16.859327,5557410.0,5557859.0,107.12729475911459,107.13129479980468,109.08996891276043,109.09396895345051
2023-07-26 16:05:16.872394,5557412.0,5557861.0,107.13599080403645,107.13999088541667,109.09866479492187,109.10266479492188
2023-07-26 16:05:16.881483,5557415.0,5557864.0,107.14903491210937,107.15303495279949,109.11170874023438,109.11570878092448
2023-07-26 16:05:16.893857,5557417.0,5557866.0,107.15773095703125,107.16173099772135,109.12040478515624,109.12440482584636
2023-07-26 16:05:16.903181,5557420.0,5557869.0,107.17077469889323,107.17477478027344,109.13344889322917,109.13744893391927
2023-07-26 16:05:16.916290,5557422.0,5557871.0,107.1794707845052,107.18347082519531,109.14214493815103,109.14614497884115
2023-07-26 16:05:16.924402,5557425.0,5557874.0,107.19251485188802,107.19651493326823,109.15518868001301,109.15918876139324
2023-07-26 16:05:16.937359,5557427.0,5557876.0,107.20121093750001,107.2052109781901,109.163884765625,109.1678848063151
2023-07-26 16:05:16.946329,5557430.0,5557879.0,107.2142547607422,107.21825476074218,109.1769288330078,109.18092887369792
2023-07-26 16:05:16.959288,5557432.0,5557881.0,107.22295072428386,107.22695080566407,109.18563529459635,109.18963537597656
2023-07-26 16:05:16.968255,5557435.0,5557884.0,107.23599483235677,107.23999487304687,109.19866870117188,109.20266870117187
2023-07-26 16:05:16.981212,5557437.0,5557886.0,107.24469087727864,107.24869091796876,109.20736470540365,109.21136474609375
2023-07-26 16:05:16.990181,5557440.0,5557889.0,107.25773498535156,107.26173502604166,109.22040881347657,109.22440885416667
2023-07-26 16:05:17.003142,5557442.0,5557891.0,107.2664307047526,107.27043074544271,109.22910485839844,109.23310489908854
2023-07-26 16:05:17.011110,5557445.0,5557894.0,107.27947477213542,107.28347485351563,109.24214892578125,109.24614900716146
2023-07-26 16:05:17.025063,5557447.0,5557896.0,107.28817085774739,107.2921708984375,109.2508446858724,109.2548447265625
2023-07-26 16:05:17.038020,5557450.0,5557899.0,107.30121492513021,107.30521496582031,109.2638887532552,109.26788879394532
2023-07-26 16:05:17.045993,5557453.0,5557902.0,107.31425866699219,107.3182587483724,109.27693286132813,109.28093290201822
2023-07-26 16:05:17.058950,5557455.0,5557904.0,107.32295475260416,107.32695479329428,109.28562890625,109.2896289469401
2023-07-26 16:05:17.067920,5557458.0,5557907.0,107.33599881998698,107.3399989013672,109.29867264811197,109.30267272949219
2023-07-26 16:05:17.080876,5557460.0,5557909.0,107.34469490559896,107.34869494628906,109.30736873372395,109.31136877441406
2023-07-26 16:05:17.094302,5557463.0,5557912.0,107.35773897298176,107.36173901367188,109.32041280110677,109.32441284179689
2023-07-26 16:05:17.102986,5557466.0,5557915.0,107.37078271484376,107.37478279622397,109.33345690917969,109.33745694986979
2023-07-26 16:05:17.115506,5557468.0,5557917.0,107.37947880045573,107.38347884114583,109.34215295410156,109.34615299479167
2023-07-26 16:05:17.124912,5557471.0,5557920.0,107.39252286783854,107.39652294921875,109.35519669596354,109.35919677734375
2023-07-26 16:05:17.138123,5557473.0,5557922.0,107.40121895345051,107.40521899414063,109.36389278157552,109.36789282226562
2023-07-26 16:05:17.146510,5557476.0,5557925.0,107.4142626953125,107.4182627360026,109.37693684895834,109.38093688964844
2023-07-26 16:05:17.159573,5557478.0,5557927.0,107.42295874023438,107.42695882161458,109.38563289388021,109.38963297526041
2023-07-26 16:05:17.168287,5557481.0,5557930.0,107.4360028483073,107.4400028889974,109.39867667643229,109.40267671712239
2023-07-26 16:05:17.180709,5557483.0,5557932.0,107.44469889322917,107.44869893391927,109.40737272135416,109.41137276204427
2023-07-26 16:05:17.190006,5557486.0,5557935.0,107.45774300130208,107.46174304199218,109.4204168294271,109.42441687011718
2023-07-26 16:05:17.203255,5557488.0,5557937.0,107.46643872070312,107.47043872070313,109.42911287434896,109.43311291503908
2023-07-26 16:05:17.211683,5557491.0,5557940.0,107.47948278808595,107.48348286946614,109.44215694173178,109.44615698242187
2023-07-26 16:05:17.224982,5557493.0,5557942.0,107.48817887369792,107.49217891438802,109.45085270182291,109.45485274251303
2023-07-26 16:05:17.233379,5557496.0,5557945.0,107.50122294108073,107.50522298177084,109.46389676920573,109.46789680989583
2023-07-26 16:05:17.241568,5557498.0,5557947.0,107.50991882324219,107.5139188232422,109.4725928141276,109.47659289550782
2023-07-26 16:05:17.254848,5557500.0,5557949.0,107.51861474609375,107.52261478678385,109.48128889973958,109.48528894042968
2023-07-26 16:05:17.263379,5557503.0,5557952.0,107.53165881347657,107.53565885416667,109.49433276367186,109.49833276367187
2023-07-26 16:05:17.276537,5557505.0,5557954.0,107.54035489908854,107.54435493977866,109.50302868652344,109.50702876790365
2023-07-26 16:05:17.285161,5557508.0,5557957.0,107.55339896647136,107.55739900716145,109.51608321126302,109.52008325195312
2023-07-26 16:05:17.298487,5557510.0,5557959.0,107.5620946858724,107.5660947265625,109.52476883951823,109.52876892089844
2023-07-26 16:05:17.306892,5557513.0,5557962.0,107.57513879394531,107.57913883463542,109.53781294759115,109.54181298828124
2023-07-26 16:05:17.316359,5557515.0,5557964.0,107.58383483886718,107.58783487955729,109.54650866699218,109.5505087076823
2023-07-26 16:05:17.328828,5557517.0,5557966.0,107.59253088378907,107.59653096516928,109.55520471191407,109.55920479329427
2023-07-26 16:05:17.337354,5557520.0,5557969.0,107.60557499186199,107.60957503255209,109.56824881998698,109.57224886067708
2023-07-26 16:05:17.350712,5557522.0,5557971.0,107.61428112792969,107.61828116861979,109.57694486490885,109.58094490559897
2023-07-26 16:05:17.359602,5557525.0,5557974.0,107.62731477864584,107.63131486002604,109.58998897298177,109.59398901367187
2023-07-26 16:05:17.367949,5557527.0,5557976.0,107.63601086425781,107.64001090494791,109.5986846923828,109.60268473307292
2023-07-26 16:05:17.381116,5557529.0,5557978.0,107.64470690917969,107.64870694986979,109.6073807373047,109.61138077799478
2023-07-26 16:05:17.389505,5557532.0,5557981.0,107.65775085449218,107.66175085449218,109.6204248453776,109.62442488606771
2023-07-26 16:05:17.402974,5557534.0,5557983.0,107.66644673665365,107.67044677734376,109.62912089029949,109.63312093098958
2023-07-26 16:05:17.416008,5557537.0,5557986.0,107.67949080403645,107.68349088541666,109.64216479492187,109.64616479492187
2023-07-26 16:05:17.424349,5557540.0,5557989.0,107.69253491210937,107.69653495279948,109.65520874023437,109.65920878092449
2023-07-26 16:05:17.437409,5557542.0,5557991.0,107.70123095703126,107.70523099772134,109.66390478515625,109.66790482584635
2023-07-26 16:05:17.446537,5557545.0,5557994.0,107.71427469889323,107.71827478027343,109.67694889322917,109.68094893391927
2023-07-26 16:05:17.459626,5557547.0,5557996.0,107.72297078450521,107.72697082519532,109.68564493815104,109.68964497884116
2023-07-26 16:05:17.468224,5557550.0,5557999.0,107.73601485188803,107.74001493326823,109.69868868001302,109.70268876139323
2023-07-26 16:05:17.481270,5557552.0,5558001.0,107.7447109375,107.7487109781901,109.707384765625,109.71138480631511
2023-07-26 16:05:17.490079,5557555.0,5558004.0,107.75775476074219,107.76175476074219,109.72042883300782,109.72442887369792
2023-07-26 16:05:17.503090,5557557.0,5558006.0,107.76645072428386,107.77045080566407,109.72913533528646,109.73313537597656
2023-07-26 16:05:17.511802,5557560.0,5558009.0,107.77949483235678,107.78349487304688,109.74216870117188,109.74616870117188
2023-07-26 16:05:17.525168,5557562.0,5558011.0,107.78819087727864,107.79219091796875,109.75086470540364,109.75486474609374
2023-07-26 16:05:17.533485,5557565.0,5558014.0,107.80123498535156,107.80523502604167,109.76390881347656,109.76790885416668
2023-07-26 16:05:17.541951,5557567.0,5558016.0,107.8099307047526,107.8139307454427,109.77260485839844,109.77660489908854
2023-07-26 16:05:17.555399,5557569.0,5558018.0,107.81862674967448,107.82262679036458,109.78130090332031,109.78530098470053
2023-07-26 16:05:17.563873,5557572.0,5558021.0,107.8316708577474,107.8356708984375,109.7943446858724,109.79834472656249
2023-07-26 16:05:17.576950,5557574.0,5558023.0,107.84036690266927,107.84436694335938,109.80304073079427,109.80704077148438
2023-07-26 16:05:17.585652,5557577.0,5558026.0,107.85341097005208,107.8574110107422,109.81608479817709,109.82008487955729
2023-07-26 16:05:17.599031,5557579.0,5558028.0,107.86210673014322,107.86610677083333,109.82478088378906,109.82878092447916
2023-07-26 16:05:17.607493,5557582.0,5558031.0,107.87515079752603,107.87915083821615,109.83782495117187,109.84182495117187
2023-07-26 16:05:17.620816,5557584.0,5558033.0,107.88384684244792,107.88784692382812,109.84652067057293,109.85053116861978
2023-07-26 16:05:17.629234,5557587.0,5558036.0,107.89689095052083,107.90089099121094,109.85956477864583,109.86356481933593
2023-07-26 16:05:17.642406,5557589.0,5558038.0,107.90558679199219,107.90958679199218,109.86826082356771,109.87226090494791
2023-07-26 16:05:17.650934,5557592.0,5558041.0,107.91863077799479,107.9226308186849,109.88130493164061,109.88530497233073
2023-07-26 16:05:17.664257,5557594.0,5558043.0,107.92732682291667,107.93132686360677,109.89000073242188,109.89400073242189
2023-07-26 16:05:17.672598,5557597.0,5558046.0,107.94037089029949,107.94437097167969,109.90304471842448,109.90704479980468
2023-07-26 16:05:17.686064,5557599.0,5558048.0,107.94906697591145,107.95306701660157,109.91174080403646,109.91574084472657
2023-07-26 16:05:17.694421,5557602.0,5558051.0,107.96211071777344,107.96611075846353,109.92478487141928,109.92878495279948
2023-07-26 16:05:17.707521,5557604.0,5558053.0,107.9708067626953,107.97480684407552,109.93348095703125,109.93748099772135
2023-07-26 16:05:17.716069,5557607.0,5558056.0,107.98385087076824,107.98785091145834,109.94652469889323,109.95052473958334
2023-07-26 16:05:17.729186,5557609.0,5558058.0,107.99254691569011,107.99654699707031,109.9552207438151,109.95922082519532
2023-07-26 16:05:17.737477,5557612.0,5558061.0,108.00559069824219,108.00959073893229,109.96826485188802,109.97226489257812
2023-07-26 16:05:17.750513,5557614.0,5558063.0,108.01428674316406,108.01828678385417,109.9769608968099,109.9809609375
2023-07-26 16:05:17.759933,5557617.0,5558066.0,108.02733081054687,108.03133089192708,109.99000463867186,109.99400472005209
2023-07-26 16:05:17.772137,5557619.0,5558068.0,108.03602689615886,108.04002693684896,109.99870072428386,110.00270076497395
2023-07-26 16:05:17.781756,5557622.0,5558071.0,108.04907096354167,108.05307104492188,110.01174479166666,110.01574487304687
2023-07-26 16:05:17.793989,5557624.0,5558073.0,108.05776668294271,108.06176676432293,110.02044087727865,110.02444091796876
2023-07-26 16:05:17.807734,5557627.0,5558076.0,108.07081079101563,108.07481083170572,110.03348494466147,110.03748498535155
2023-07-26 16:05:17.816099,5557630.0,5558079.0,108.08385485839844,108.08785493977865,110.04652868652343,110.05052876790364
2023-07-26 16:05:17.829145,5557632.0,5558081.0,108.09255094401041,108.09655098470053,110.05522477213542,110.05922481282552
2023-07-26 16:05:17.837820,5557635.0,5558084.0,108.1055946858724,108.10959472656249,110.06826883951824,110.07226892089844
2023-07-26 16:05:17.850874,5557637.0,5558086.0,108.11429073079427,108.11829081217448,110.07696492513021,110.08096496582031
2023-07-26 16:05:17.859556,5557640.0,5558089.0,108.12733483886718,108.13133487955729,110.09000866699219,110.09400870768229
2023-07-26 16:05:17.872642,5557642.0,5558091.0,108.13603088378906,108.14003096516927,110.09870471191407,110.10270479329428
2023-07-26 16:05:17.881341,5557645.0,5558094.0,108.14907499186198,108.1530750325521,110.11174881998699,110.11574886067707
2023-07-26 16:05:17.894603,5557647.0,5558096.0,108.15778112792968,108.16178116861978,110.12044486490885,110.12444490559896
2023-07-26 16:05:17.903197,5557650.0,5558099.0,108.17081477864583,108.17481486002605,110.13348897298177,110.13748901367188
2023-07-26 16:05:17.916343,5557652.0,5558101.0,108.17951086425782,108.18351090494791,110.1421846923828,110.14618473307291
2023-07-26 16:05:17.924822,5557655.0,5558104.0,108.19255493164061,108.19655501302083,110.15522875976562,110.15922884114583
2023-07-26 16:05:17.938137,5557657.0,5558106.0,108.20125085449219,108.20525085449219,110.16392484537761,110.16792488606771
2023-07-26 16:05:17.946557,5557660.0,5558109.0,108.2142947591146,108.21829479980468,110.17696891276042,110.18096895345052
2023-07-26 16:05:17.959855,5557662.0,5558111.0,108.22299080403646,108.22699088541667,110.18566479492188,110.18966479492188
2023-07-26 16:05:17.968302,5557665.0,5558114.0,108.23603491210937,108.24003495279948,110.19870874023438,110.20270878092448
2023-07-26 16:05:17.981494,5557667.0,5558116.0,108.24473095703125,108.24873099772135,110.20740478515624,110.21140482584636
2023-07-26 16:05:17.989575,5557670.0,5558119.0,108.25777469889323,108.26177478027344,110.22044889322918,110.22444893391926
2023-07-26 16:05:18.002640,5557672.0,5558121.0,108.2664707845052,108.27047082519532,110.22914493815104,110.23314497884115
2023-07-26 16:05:18.011852,5557675.0,5558124.0,108.27951485188802,108.28351493326824,110.24218868001302,110.24618876139324
2023-07-26 16:05:18.024892,5557677.0,5558126.0,108.2882109375,108.2922109781901,110.25088476562499,110.2548848063151
2023-07-26 16:05:18.033571,5557680.0,5558129.0,108.30125476074218,108.30525476074219,110.26392883300781,110.26792887369793
2023-07-26 16:05:18.046811,5557682.0,5558131.0,108.30995072428387,108.31395080566406,110.27263529459636,110.27663537597655
2023-07-26 16:05:18.055188,5557685.0,5558134.0,108.32299483235677,108.32699487304687,110.28566870117187,110.28966870117188
2023-07-26 16:05:18.068202,5557687.0,5558136.0,108.33169087727865,108.33569091796875,110.29436470540365,110.29836474609374
2023-07-26 16:05:18.076974,5557690.0,5558139.0,108.34473498535155,108.34873502604167,110.30740881347656,110.31140885416667
2023-07-26 16:05:18.090042,5557692.0,5558141.0,108.3534307047526,108.35743074544271,110.31610485839845,110.32010489908853
2023-07-26 16:05:18.098710,5557695.0,5558144.0,108.36647477213542,108.37047485351562,110.32914892578125,110.33314900716145
2023-07-26 16:05:18.112000,5557697.0,5558146.0,108.37517085774739,108.37917089843751,110.3378446858724,110.3418447265625
2023-07-26 16:05:18.120581,5557700.0,5558149.0,108.38821492513021,108.3922149658203,110.3508887532552,110.35488879394532
2023-07-26 16:05:18.133593,5557702.0,5558151.0,108.39691097005208,108.40091101074219,110.35958479817708,110.3635848795573
2023-07-26 16:05:18.146862,5557705.0,5558154.0,108.40995475260416,108.41395479329428,110.37262890625,110.3766289469401
2023-07-26 16:05:18.155441,5557708.0,5558157.0,108.42299881998699,108.42699890136718,110.38567264811198,110.38967272949218
2023-07-26 16:05:18.167898,5557710.0,5558159.0,108.43169490559896,108.43569494628906,110.39436873372395,110.39836877441407
2023-07-26 16:05:18.181074,5557713.0,5558162.0,108.44473897298177,108.44873901367188,110.40741280110677,110.41141284179689
2023-07-26 16:05:18.189839,5557716.0,5558165.0,108.45778271484376,108.46178279622396,110.42045690917969,110.42445694986979
2023-07-26 16:05:18.203224,5557718.0,5558167.0,108.46647880045573,108.47047884114583,110.42915295410157,110.43315299479167
2023-07-26 16:05:18.211356,5557721.0,5558170.0,108.47952286783854,108.48352294921875,110.44219669596355,110.44619677734374
2023-07-26 16:05:18.224566,5557723.0,5558172.0,108.48821895345051,108.49221899414063,110.45089278157552,110.45489282226562
2023-07-26 16:05:18.233005,5557726.0,5558175.0,108.5012626953125,108.5052627360026,110.46393684895834,110.46793688964844
2023-07-26 16:05:18.246067,5557728.0,5558177.0,108.50995874023437,108.51395882161458,110.4726328938802,110.47663297526042
2023-07-26 16:05:18.255355,5557731.0,5558180.0,108.52300284830729,108.5270028889974,110.48567667643229,110.48967671712239
2023-07-26 16:05:18.268630,5557733.0,5558182.0,108.53169889322918,108.53569893391926,110.49437272135415,110.49837276204427
2023-07-26 16:05:18.277008,5557736.0,5558185.0,108.54474300130208,108.54874304199218,110.50741682942709,110.51141687011719
2023-07-26 16:05:18.290242,5557738.0,5558187.0,108.55343872070313,108.55743876139323,110.51611287434896,110.52011291503906
2023-07-26 16:05:18.298479,5557741.0,5558190.0,108.56648278808593,108.57048286946615,110.52915694173177,110.53315698242187
2023-07-26 16:05:18.311722,5557743.0,5558192.0,108.57517887369792,108.57917891438802,110.53785270182291,110.54185274251302
2023-07-26 16:05:18.320476,5557746.0,5558195.0,108.58822294108073,108.59222298177083,110.55089676920574,110.55489680989582
2023-07-26 16:05:18.333639,5557748.0,5558197.0,108.59691882324219,108.6009188232422,110.5595928141276,110.56359289550782
2023-07-26 16:05:18.342196,5557751.0,5558200.0,108.6099627685547,108.61396280924478,110.57263692220052,110.57663696289063
2023-07-26 16:05:18.355515,5557753.0,5558202.0,108.61865881347656,108.62265885416667,110.58133276367187,110.58533276367187
2023-07-26 16:05:18.363976,5557756.0,5558205.0,108.63170292154948,108.63570296223959,110.59437674967448,110.59837679036458
2023-07-26 16:05:18.377118,5557758.0,5558207.0,108.64039896647137,108.64439900716145,110.60308321126301,110.60708325195313
2023-07-26 16:05:18.385671,5557761.0,5558210.0,108.65344270833333,108.65744278971354,110.61611686197917,110.62011694335938
2023-07-26 16:05:18.398761,5557763.0,5558212.0,108.66213879394532,108.6661388346354,110.62481294759115,110.62881298828124
2023-07-26 16:05:18.406996,5557766.0,5558215.0,108.67518286132812,108.67918290201823,110.63785668945312,110.64185673014323
2023-07-26 16:05:18.420278,5557768.0,5558217.0,108.68387890625,108.68787898763021,110.646552734375,110.6505528157552
2023-07-26 16:05:18.429207,5557771.0,5558220.0,108.69692272949219,108.70092272949218,110.65959684244791,110.66359688313803
2023-07-26 16:05:18.442360,5557773.0,5558222.0,108.70561873372395,108.70961877441407,110.66829288736979,110.67229296875
2023-07-26 16:05:18.450895,5557776.0,5558225.0,108.71866284179688,108.72266288248697,110.68133666992188,110.68533671061198
2023-07-26 16:05:18.464018,5557778.0,5558227.0,108.72735888671875,108.73135892740886,110.69003271484375,110.69403275553385
2023-07-26 16:05:18.472254,5557781.0,5558230.0,108.74040295410157,108.74440303548178,110.70307678222656,110.70707686360676
2023-07-26 16:05:18.485668,5557783.0,5558232.0,108.7490987141927,108.75309875488281,110.71177286783853,110.71577290852865
2023-07-26 16:05:18.494403,5557786.0,5558235.0,108.76214278157552,108.76614282226562,110.72481693522136,110.72881701660157
2023-07-26 16:05:18.507840,5557788.0,5558237.0,108.7708388264974,108.77483890787761,110.7335126546224,110.7375127360026
2023-07-26 16:05:18.520178,5557791.0,5558240.0,108.7838829345703,108.78788297526042,110.7465567626953,110.75055680338542
2023-07-26 16:05:18.529213,5557794.0,5558243.0,108.79692667643229,108.8009267578125,110.75960083007813,110.76360091145833
2023-07-26 16:05:18.542363,5557796.0,5558245.0,108.80562276204427,108.80962280273438,110.7682969156901,110.7722969563802
2023-07-26 16:05:18.550436,5557799.0,5558248.0,108.81866682942709,108.82266687011719,110.78134065755208,110.7853406982422
2023-07-26 16:05:18.563562,5557801.0,5558250.0,108.82736287434896,108.83136295572916,110.79003670247397,110.79403678385417
2023-07-26 16:05:18.576657,5557804.0,5558253.0,108.84040698242187,108.84440702311198,110.80308081054687,110.80708085123698
2023-07-26 16:05:18.585823,5557807.0,5558256.0,108.85345072428386,108.85745080566407,110.81613529459635,110.82013537597656
2023-07-26 16:05:18.598159,5557809.0,5558258.0,108.86214680989583,108.86614685058593,110.82482096354165,110.82882100423177
2023-07-26 16:05:18.611405,5557812.0,5558261.0,108.87519087727864,108.87919091796876,110.83786470540365,110.84186474609375
2023-07-26 16:05:18.620500,5557815.0,5558264.0,108.88823498535156,108.89223502604166,110.85090881347656,110.85490885416668
2023-07-26 16:05:18.633554,5557817.0,5558266.0,108.89693070475259,108.90093074544271,110.85960485839844,110.86360489908854
2023-07-26 16:05:18.641705,5557820.0,5558269.0,108.90997477213541,108.91397485351563,110.87264892578125,110.87664900716146
2023-07-26 16:05:18.654710,5557822.0,5558271.0,108.9186708577474,108.9226708984375,110.88134468587239,110.8853447265625
2023-07-26 16:05:18.663442,5557825.0,5558274.0,108.93171492513021,108.93571496582031,110.8943887532552,110.89838879394532
2023-07-26 16:05:18.676628,5557827.0,5558276.0,108.94041097005208,108.94441101074219,110.90308479817709,110.90708487955729
2023-07-26 16:05:18.685274,5557830.0,5558279.0,108.95345475260416,108.95745479329427,110.91612890625,110.9201289469401
2023-07-26 16:05:18.698468,5557832.0,5558281.0,108.96215079752604,108.96615083821615,110.92482495117187,110.92882495117186
2023-07-26 16:05:18.706984,5557835.0,5558284.0,108.97519490559897,108.97919494628906,110.93786873372395,110.94186877441406
2023-07-26 16:05:18.720335,5557837.0,5558286.0,108.98389095052083,108.98789099121095,110.94656477864584,110.95056481933594
2023-07-26 16:05:18.728675,5557840.0,5558289.0,108.99693469238281,109.00093477376302,110.95960884602866,110.96360892740886
2023-07-26 16:05:18.741990,5557842.0,5558291.0,109.00563077799478,109.0096308186849,110.96830493164062,110.97230497233073
2023-07-26 16:05:18.755463,5557845.0,5558294.0,109.0186748453776,109.02267488606772,110.98134867350261,110.9853487141927
2023-07-26 16:05:18.767980,5557848.0,5558297.0,109.03171895345052,109.03571899414062,110.99439278157553,110.99839282226561
2023-07-26 16:05:18.781535,5557851.0,5558300.0,109.0447626953125,109.0487627360026,111.00743684895833,111.01143688964844
2023-07-26 16:05:18.790177,5557854.0,5558303.0,109.05780676269531,109.06180684407552,111.02048095703125,111.02448099772135
2023-07-26 16:05:18.803211,5557856.0,5558305.0,109.0665028483073,109.0705028889974,111.02917667643229,111.03317671712239
2023-07-26 16:05:18.816335,5557859.0,5558308.0,109.0795469156901,109.08354699707031,111.04222074381511,111.04622082519532
2023-07-26 16:05:18.829377,5557862.0,5558311.0,109.09259069824219,109.09659073893229,111.05526485188803,111.05926489257813
2023-07-26 16:05:18.842328,5557865.0,5558314.0,109.105634765625,109.1096348063151,111.06830891927083,111.07230900065103
2023-07-26 16:05:18.855290,5557868.0,5558317.0,109.11867887369792,109.12267891438802,111.08135270182291,111.08535274251302
2023-07-26 16:05:18.863650,5557871.0,5558320.0,109.13172294108072,109.13572298177084,111.09439676920573,111.09839680989583
2023-07-26 16:05:18.877093,5557873.0,5558322.0,109.1404188232422,109.14441882324219,111.10309281412759,111.10709289550782
2023-07-26 16:05:18.890163,5557876.0,5558325.0,109.15346276855469,109.15746280924479,111.11613692220051,111.12013696289063
2023-07-26 16:05:18.902805,5557879.0,5558328.0,109.1665068359375,109.17050691731771,111.1291806640625,111.13318074544271
2023-07-26 16:05:18.915880,5557882.0,5558331.0,109.17955094401042,109.18355098470052,111.1422247721354,111.14622481282552
2023-07-26 16:05:18.924991,5557885.0,5558334.0,109.1925946858724,109.1965947265625,111.15526883951823,111.15926892089844
2023-07-26 16:05:18.938136,5557887.0,5558336.0,109.20129073079427,109.20529081217448,111.16396492513022,111.1679649658203
2023-07-26 16:05:18.950535,5557890.0,5558339.0,109.21433483886719,109.21833487955729,111.1770086669922,111.1810087076823
2023-07-26 16:05:18.964213,5557893.0,5558342.0,109.22737890625,109.23137898763021,111.190052734375,111.19405281575521
2023-07-26 16:05:18.976863,5557896.0,5558345.0,109.24042272949218,109.24442272949219,111.20309684244792,111.20709688313802
2023-07-26 16:05:18.990378,5557899.0,5558348.0,109.2534667561849,109.2574668375651,111.21614090983073,111.22014099121094
2023-07-26 16:05:18.998932,5557902.0,5558351.0,109.26651086425781,109.27051090494791,111.2291846923828,111.23318473307292
2023-07-26 16:05:19.012106,5557904.0,5558353.0,109.27520690917969,109.27920694986979,111.23788073730469,111.24188077799478
2023-07-26 16:05:19.024557,5557907.0,5558356.0,109.28825085449219,109.29225085449218,111.2509248453776,111.25492488606771
2023-07-26 16:05:19.037958,5557910.0,5558359.0,109.30129475911458,109.30529479980468,111.26396891276042,111.26796895345052
2023-07-26 16:05:19.051255,5557913.0,5558362.0,109.31433882649739,109.31833890787762,111.2770126546224,111.28101273600261
2023-07-26 16:05:19.064173,5557916.0,5558365.0,109.32738293457031,109.33138297526041,111.29005676269531,111.29405680338542
2023-07-26 16:05:19.072763,5557919.0,5558368.0,109.34042667643229,109.3444267578125,111.30310083007812,111.30710091145833
2023-07-26 16:05:19.085919,5557921.0,5558370.0,109.34912276204427,109.35312280273438,111.31179691569011,111.3157969563802
2023-07-26 16:05:19.098145,5557924.0,5558373.0,109.3621668294271,109.36616687011718,111.32484065755207,111.32884069824219
2023-07-26 16:05:19.107621,5557927.0,5558376.0,109.3752109375,109.3792109781901,111.33788476562499,111.34188480631511
2023-07-26 16:05:19.120648,5557929.0,5558378.0,109.38390698242188,109.38790702311198,111.34658081054688,111.35058085123697
2023-07-26 16:05:19.133726,5557932.0,5558381.0,109.39695072428385,109.40095080566407,111.35963529459634,111.36363537597656
2023-07-26 16:05:19.142363,5557935.0,5558384.0,109.40999483235677,109.41399487304687,111.37266870117188,111.37666870117188
2023-07-26 16:05:19.155585,5557937.0,5558386.0,109.41869087727865,109.42269091796875,111.38136470540364,111.38536474609374
2023-07-26 16:05:19.167840,5557940.0,5558389.0,109.43173498535155,109.43573502604167,111.39440881347656,111.39840885416668
2023-07-26 16:05:19.181213,5557943.0,5558392.0,109.44477872721355,109.44877876790365,111.40745288085938,111.41145292154948
2023-07-26 16:05:19.194653,5557946.0,5558395.0,109.45783321126302,109.46183329264322,111.42049682617188,111.42449682617188
2023-07-26 16:05:19.207234,5557949.0,5558398.0,109.47086694335937,109.47486694335937,111.43354073079426,111.43754077148438
2023-07-26 16:05:19.220171,5557952.0,5558401.0,109.48391097005208,109.4879110107422,111.44658479817708,111.4505848795573
2023-07-26 16:05:19.228780,5557955.0,5558404.0,109.49695475260417,109.50095479329427,111.45962890625,111.46362894694009
2023-07-26 16:05:19.242257,5557957.0,5558406.0,109.50565079752603,109.50965083821615,111.46832495117187,111.47232495117187
2023-07-26 16:05:19.255463,5557960.0,5558409.0,109.51869490559896,109.52269494628906,111.48136873372395,111.48536877441406
2023-07-26 16:05:19.268145,5557963.0,5558412.0,109.53173897298177,109.53573901367187,111.49441280110678,111.49841284179688
2023-07-26 16:05:19.281537,5557966.0,5558415.0,109.54478271484375,109.54878279622396,111.50745690917968,111.5114569498698
2023-07-26 16:05:19.294660,5557969.0,5558418.0,109.55782682291667,109.56182686360677,111.52050073242188,111.52450073242188
2023-07-26 16:05:19.307700,5557972.0,5558421.0,109.57087089029949,109.57487097167969,111.53354471842448,111.53754479980468
2023-07-26 16:05:19.320221,5557975.0,5558424.0,109.5839149169922,109.58791491699219,111.54658882649738,111.5505888671875
2023-07-26 16:05:19.333867,5557978.0,5558427.0,109.59695874023437,109.60095882161458,111.5596328938802,111.56363297526042
2023-07-26 16:05:19.346467,5557981.0,5558430.0,109.61000284830729,109.6140028889974,111.5726766764323,111.5766767171224
2023-07-26 16:05:19.359438,5557984.0,5558433.0,109.62304691569011,109.62704699707031,111.5857207438151,111.58972082519531
2023-07-26 16:05:19.373026,5557987.0,5558436.0,109.63609069824219,109.64009073893229,111.59876485188802,111.60276489257812
2023-07-26 16:05:19.385507,5557990.0,5558439.0,109.64913476562499,109.65313480631511,111.61180891927083,111.61580900065104
2023-07-26 16:05:19.399075,5557993.0,5558442.0,109.66217887369793,109.66617891438801,111.62485270182292,111.62885274251302
2023-07-26 16:05:19.412101,5557996.0,5558445.0,109.67522294108072,109.67922298177083,111.63789676920572,111.64189680989583
2023-07-26 16:05:19.424672,5557999.0,5558448.0,109.68826668294271,109.69226676432292,111.65094087727864,111.65494091796876
2023-07-26 16:05:19.437687,5558002.0,5558451.0,109.70131079101563,109.70531083170573,111.66398494466146,111.66798498535155
2023-07-26 16:05:19.450693,5558005.0,5558454.0,109.71435485839845,109.71835493977865,111.67702868652344,111.68102876790364
2023-07-26 16:05:19.464448,5558008.0,5558457.0,109.72739896647136,109.73139900716146,111.69008321126302,111.69408325195313
2023-07-26 16:05:19.476872,5558011.0,5558460.0,109.74044270833333,109.74444278971355,111.70311686197917,111.70711694335937
2023-07-26 16:05:19.490435,5558014.0,5558463.0,109.75348681640625,109.75748685709635,111.71616088867188,111.72016088867187
2023-07-26 16:05:19.502908,5558017.0,5558466.0,109.76653088378906,109.77053096516927,111.72920471191406,111.73320479329428
2023-07-26 16:05:19.516014,5558020.0,5558469.0,109.77957499186198,109.7835750325521,111.74224881998698,111.74624886067708
2023-07-26 16:05:19.529574,5558023.0,5558472.0,109.79261873372396,109.79661877441406,111.75529288736979,111.75929296874999
2023-07-26 16:05:19.542040,5558026.0,5558475.0,109.80566284179689,109.80966288248698,111.76833666992187,111.77233671061198
2023-07-26 16:05:19.554958,5558029.0,5558478.0,109.81870690917968,109.8227069498698,111.78138073730469,111.78538077799479
2023-07-26 16:05:19.568365,5558032.0,5558481.0,109.83175085449218,109.83575085449219,111.7944248453776,111.7984248860677
2023-07-26 16:05:19.581061,5558035.0,5558484.0,109.84479475911459,109.84879479980468,111.80746891276041,111.81146895345051
2023-07-26 16:05:19.594640,5558038.0,5558487.0,109.85783882649739,109.86183890787761,111.82051265462239,111.8245127360026
2023-07-26 16:05:19.607278,5558041.0,5558490.0,109.8708829345703,109.87488297526042,111.83355676269531,111.83755680338543
2023-07-26 16:05:19.620729,5558044.0,5558493.0,109.8839266764323,109.8879267578125,111.84660083007813,111.85060091145833
2023-07-26 16:05:19.633150,5558047.0,5558496.0,109.8969707845052,109.90097082519532,111.85964493815104,111.86364497884115
2023-07-26 16:05:19.642348,5558050.0,5558499.0,109.91001485188802,109.91401493326823,111.87268868001301,111.87668876139324
2023-07-26 16:05:19.655661,5558052.0,5558501.0,109.91871093750001,109.9227109781901,111.881384765625,111.8853848063151
2023-07-26 16:05:19.668020,5558055.0,5558504.0,109.93175476074218,109.93575476074218,111.89442883300781,111.89842887369792
2023-07-26 16:05:19.681068,5558058.0,5558507.0,109.9447987467448,109.948798828125,111.90747294108073,111.91147298177084
2023-07-26 16:05:19.694649,5558061.0,5558510.0,109.95784285481771,109.96184289550781,111.92051668294272,111.9245167236328
2023-07-26 16:05:19.707253,5558064.0,5558513.0,109.97088692220052,109.97488700358073,111.93356075032551,111.93756083170572
2023-07-26 16:05:19.720499,5558067.0,5558516.0,109.9839307047526,109.98793074544271,111.94660485839844,111.95060489908855
2023-07-26 16:05:19.733286,5558070.0,5558519.0,109.99697477213542,110.00097485351561,111.95964892578125,111.96364900716145
2023-07-26 16:05:19.746310,5558073.0,5558522.0,110.01001888020834,110.01401892089844,111.97269270833333,111.97669274902344
2023-07-26 16:05:19.759410,5558076.0,5558525.0,110.02306294759114,110.02706302897136,111.98573677571615,111.98973685709636
2023-07-26 16:05:19.772432,5558079.0,5558528.0,110.03610673014323,110.04010677083333,111.99878088378907,112.00278092447917
2023-07-26 16:05:19.785504,5558082.0,5558531.0,110.04915079752604,110.05315083821614,112.01182495117187,112.01582495117187
2023-07-26 16:05:19.798459,5558085.0,5558534.0,110.06219490559896,110.06619494628906,112.02486873372395,112.02886877441406
2023-07-26 16:05:19.811830,5558088.0,5558537.0,110.07523897298177,110.07923901367188,112.03791280110677,112.04191284179689
2023-07-26 16:05:19.825064,5558091.0,5558540.0,110.08828271484376,110.09228279622397,112.05095690917969,112.05495694986979
2023-07-26 16:05:19.837478,5558094.0,5558543.0,110.10132682291666,110.10532686360676,112.06400073242187,112.06800073242188
2023-07-26 16:05:19.850817,5558097.0,5558546.0,110.11437089029948,110.1183709716797,112.07704471842447,112.08104479980469
2023-07-26 16:05:19.863696,5558100.0,5558549.0,110.1274149169922,110.1314149169922,112.0900888264974,112.0940888671875
2023-07-26 16:05:19.877333,5558103.0,5558552.0,110.14045874023438,110.14445882161458,112.10313289388021,112.10713297526041
2023-07-26 16:05:19.890386,5558106.0,5558555.0,110.15350284830728,110.1575028889974,112.11617667643229,112.12017671712239
2023-07-26 16:05:19.903484,5558109.0,5558558.0,110.1665469156901,110.17054699707032,112.12922074381511,112.13322082519532
2023-07-26 16:05:19.916044,5558112.0,5558561.0,110.1795906982422,110.18359073893228,112.14226485188803,112.14626489257812
2023-07-26 16:05:19.929118,5558115.0,5558564.0,110.192634765625,110.1966348063151,112.15530891927082,112.15930900065104
2023-07-26 16:05:19.942275,5558118.0,5558567.0,110.20567887369792,110.20967891438802,112.16835270182291,112.17235274251303
2023-07-26 16:05:19.955332,5558121.0,5558570.0,110.21872294108073,110.22272298177083,112.18139676920573,112.18539680989582
2023-07-26 16:05:19.968288,5558124.0,5558573.0,110.23176668294272,110.23576676432292,112.19444087727864,112.19844091796875
2023-07-26 16:05:19.981245,5558127.0,5558576.0,110.24481079101562,110.24881083170573,112.20748494466146,112.21148498535156
2023-07-26 16:05:19.994201,5558130.0,5558579.0,110.25785485839845,110.26185493977866,112.22052868652344,112.22452876790365
2023-07-26 16:05:20.007158,5558133.0,5558582.0,110.27089896647136,110.27489900716145,112.23358321126302,112.23758325195313
2023-07-26 16:05:20.020115,5558136.0,5558585.0,110.28394270833333,110.28794278971354,112.24661686197916,112.25061694335938
2023-07-26 16:05:20.034069,5558139.0,5558588.0,110.29698681640625,110.30098685709636,112.25966088867187,112.26366088867188
2023-07-26 16:05:20.047024,5558142.0,5558591.0,110.31003088378907,110.31403096516927,112.27270471191407,112.27670479329427
2023-07-26 16:05:20.059981,5558145.0,5558594.0,110.32307499186197,110.32707503255209,112.28574881998698,112.28974886067708
2023-07-26 16:05:20.072938,5558148.0,5558597.0,110.33611873372395,110.34011877441407,112.29879288736979,112.30279296875
2023-07-26 16:05:20.085895,5558151.0,5558600.0,110.34916284179688,110.35316288248698,112.31183666992187,112.31583671061198
2023-07-26 16:05:20.098856,5558154.0,5558603.0,110.36220690917969,110.36620694986979,112.3248807373047,112.32888077799478
2023-07-26 16:05:20.111812,5558157.0,5558606.0,110.37525085449218,110.37925085449218,112.3379248453776,112.34192488606772
2023-07-26 16:05:20.124765,5558160.0,5558609.0,110.38829475911459,110.39229479980469,112.35096891276042,112.35496895345052
2023-07-26 16:05:20.137721,5558163.0,5558612.0,110.4013388264974,110.4053389078776,112.3640126546224,112.3680127360026
2023-07-26 16:05:20.150677,5558166.0,5558615.0,110.41438293457031,110.41838297526041,112.3770567626953,112.38105680338542
2023-07-26 16:05:20.163639,5558169.0,5558618.0,110.42742667643229,110.4314267578125,112.39010083007813,112.39410091145834
2023-07-26 16:05:20.176590,5558172.0,5558621.0,110.44047078450521,110.44447082519531,112.40314493815104,112.40714497884115
2023-07-26 16:05:20.190544,5558175.0,5558624.0,110.45351485188803,110.45751493326823,112.41618868001301,112.42018876139323
2023-07-26 16:05:20.203501,5558178.0,5558627.0,110.46655895996093,110.47055900065104,112.42923278808594,112.43323282877604
2023-07-26 16:05:20.216457,5558181.0,5558630.0,110.47960270182291,110.48360274251303,112.44227685546875,112.44627693684896
2023-07-26 16:05:20.229414,5558184.0,5558633.0,110.49264680989583,110.49664685058593,112.45532096354167,112.45932100423177
2023-07-26 16:05:20.242370,5558187.0,5558636.0,110.50569087727864,110.50969091796875,112.46836470540364,112.47236474609375
2023-07-26 16:05:20.255327,5558190.0,5558639.0,110.51873498535156,110.52273502604167,112.48140881347656,112.48540885416668
2023-07-26 16:05:20.268284,5558193.0,5558642.0,110.53177872721355,110.53577876790364,112.49445288085938,112.49845292154947
2023-07-26 16:05:20.281240,5558196.0,5558645.0,110.54483321126301,110.54883329264322,112.50749682617187,112.51149682617188
2023-07-26 16:05:20.294197,5558199.0,5558648.0,110.55786690266928,110.56186694335938,112.52054073079427,112.52454077148438
2023-07-26 16:05:20.307159,5558202.0,5558651.0,110.57091097005208,110.5749110107422,112.53358479817709,112.53758487955729
2023-07-26 16:05:20.320109,5558205.0,5558654.0,110.58395475260417,110.58795479329427,112.54662890625,112.5506289469401
2023-07-26 16:05:20.334062,5558208.0,5558657.0,110.59699881998698,110.60099890136719,112.55967264811197,112.56367272949218
2023-07-26 16:05:20.347020,5558211.0,5558660.0,110.6100429280599,110.61404296875,112.5727167561849,112.576716796875
2023-07-26 16:05:20.359976,5558214.0,5558663.0,110.6230867919922,110.62708679199218,112.58576082356771,112.58976090494791
2023-07-26 16:05:20.372934,5558217.0,5558666.0,110.6361307779948,110.6401308186849,112.59880493164061,112.60280497233073
2023-07-26 16:05:20.385889,5558220.0,5558669.0,110.6491748453776,110.65317488606772,112.6118486735026,112.61584871419271
2023-07-26 16:05:20.398851,5558223.0,5558672.0,110.66221895345052,110.66621899414062,112.62489278157553,112.62889282226561
2023-07-26 16:05:20.411803,5558226.0,5558675.0,110.67526269531251,110.6792627360026,112.63793684895833,112.64193688964843
2023-07-26 16:05:20.424759,5558229.0,5558678.0,110.6883067626953,110.69230684407552,112.65098095703125,112.65498099772135
2023-07-26 16:05:20.437716,5558232.0,5558681.0,110.70135087076824,110.70535091145834,112.66402469889323,112.66802473958334
2023-07-26 16:05:20.450672,5558235.0,5558684.0,110.71439493815105,110.71839501953124,112.67706876627605,112.68106884765625
2023-07-26 16:05:20.463629,5558238.0,5558687.0,110.72743872070312,110.73143876139324,112.69011287434896,112.69411291503907
2023-07-26 16:05:20.476592,5558241.0,5558690.0,110.74048278808594,110.74448286946615,112.70315694173178,112.70715698242188
2023-07-26 16:05:20.490543,5558244.0,5558693.0,110.75352689615886,110.75752693684895,112.71620072428387,112.72020076497395
2023-07-26 16:05:20.503495,5558247.0,5558696.0,110.76657096354165,110.77057104492188,112.72924479166666,112.73324487304687
2023-07-26 16:05:20.516452,5558250.0,5558699.0,110.77961474609374,110.78361478678386,112.74228889973958,112.7462889404297
2023-07-26 16:05:20.529408,5558253.0,5558702.0,110.79265881347656,110.79665885416668,112.75533276367187,112.75933276367186
2023-07-26 16:05:20.542366,5558256.0,5558705.0,110.80570292154948,110.80970296223958,112.76837674967449,112.77237679036458
2023-07-26 16:05:20.555326,5558259.0,5558708.0,110.81874694824218,110.82274694824218,112.7814208170573,112.7854208577474
2023-07-26 16:05:20.568278,5558263.0,5558711.0,110.83613879394531,110.84013883463541,112.79446492513021,112.7984649658203
2023-07-26 16:05:20.581235,5558265.0,5558714.0,110.84483483886719,110.84883487955729,112.80750866699219,112.8115087076823
2023-07-26 16:05:20.594195,5558268.0,5558717.0,110.85787890625001,110.8618789876302,112.820552734375,112.82455281575521
2023-07-26 16:05:20.607149,5558271.0,5558720.0,110.87092272949218,110.87492272949218,112.83359684244792,112.83759688313803
2023-07-26 16:05:20.620105,5558274.0,5558723.0,110.8839667561849,110.8879668375651,112.84664095052084,112.85064099121094
2023-07-26 16:05:20.634058,5558277.0,5558726.0,110.89701086425782,110.90101090494791,112.8596846923828,112.86368473307292
2023-07-26 16:05:20.647015,5558280.0,5558729.0,110.91005493164062,110.91405501302083,112.87272875976562,112.87672884114583
2023-07-26 16:05:20.659971,5558283.0,5558732.0,110.9230987141927,110.92709875488282,112.88577286783854,112.88977290852866
2023-07-26 16:05:20.672928,5558286.0,5558735.0,110.93614278157553,110.94014282226561,112.89881693522136,112.90281701660156
2023-07-26 16:05:20.685888,5558289.0,5558738.0,110.94918688964843,110.95318693033855,112.91186071777344,112.91586075846354
2023-07-26 16:05:20.698880,5558292.0,5558741.0,110.96223095703125,110.96623099772135,112.92490478515624,112.92890482584636
2023-07-26 16:05:20.711836,5558295.0,5558744.0,110.97527469889323,110.97927478027343,112.93794889322918,112.94194893391926
2023-07-26 16:05:20.724794,5558298.0,5558747.0,110.98831880696613,110.99231884765625,112.95099291992187,112.95499291992188
2023-07-26 16:05:20.737750,5558301.0,5558750.0,111.00136287434896,111.00536295572917,112.96403670247396,112.96803678385417
2023-07-26 16:05:20.750707,5558304.0,5558753.0,111.01440698242187,111.01840702311199,112.97708081054688,112.98108085123697
2023-07-26 16:05:20.763664,5558307.0,5558756.0,111.02745072428387,111.03145080566406,112.99013529459636,112.99413537597655
2023-07-26 16:05:20.777219,5558310.0,5558759.0,111.04049483235677,111.04449487304687,113.00316870117187,113.00716870117188
2023-07-26 16:05:20.790404,5558313.0,5558762.0,111.05353889973958,111.05753898111979,113.01621272786458,113.02021280924478
2023-07-26 16:05:20.802881,5558316.0,5558765.0,111.06658288574219,111.07058288574218,113.0292568359375,113.0332568766276
2023-07-26 16:05:20.816034,5558319.0,5558768.0,111.07962674967447,111.08362679036458,113.04230090332031,113.04630098470052
2023-07-26 16:05:20.829111,5558322.0,5558771.0,111.0926708577474,111.09667089843751,113.0553446858724,113.0593447265625
2023-07-26 16:05:20.841980,5558325.0,5558774.0,111.10571492513021,111.1097149658203,113.0683887532552,113.07238879394531
2023-07-26 16:05:20.854916,5558328.0,5558777.0,111.11875866699219,111.12275874837239,113.08143286132812,113.08543290201823
2023-07-26 16:05:20.868335,5558331.0,5558780.0,111.1318027750651,111.13580281575521,113.09447692871093,113.09847696940105
2023-07-26 16:05:20.881292,5558334.0,5558783.0,111.14484684244792,111.14884692382813,113.10752067057292,113.11153116861979
2023-07-26 16:05:20.894249,5558337.0,5558786.0,111.15789095052084,111.16189099121094,113.12056477864584,113.12456481933593
2023-07-26 16:05:20.907206,5558340.0,5558789.0,111.1709346923828,111.17493477376303,113.13360884602865,113.13760892740886
2023-07-26 16:05:20.920161,5558343.0,5558792.0,111.18397880045573,111.18797884114583,113.14665295410157,113.15065299479167
2023-07-26 16:05:20.934115,5558346.0,5558795.0,111.19702286783854,111.20102294921874,113.15969669596355,113.16369677734374
2023-07-26 16:05:20.947077,5558349.0,5558798.0,111.21006697591145,111.21406701660156,113.17274080403645,113.17674084472657
2023-07-26 16:05:20.960034,5558352.0,5558801.0,111.22311071777344,111.22711075846354,113.18578487141927,113.18978495279949
2023-07-26 16:05:20.972181,5558355.0,5558804.0,111.23615482584636,111.24015486653647,113.19882885742187,113.20282885742186
2023-07-26 16:05:20.985641,5558358.0,5558807.0,111.24919889322918,111.25319893391926,113.21187272135415,113.21587276204427
2023-07-26 16:05:20.998496,5558361.0,5558810.0,111.26224300130208,111.26624304199218,113.22491682942709,113.22891687011719
2023-07-26 16:05:21.011721,5558364.0,5558813.0,111.27528674316406,111.27928678385418,113.2379608968099,113.2419609375
2023-07-26 16:05:21.024783,5558367.0,5558816.0,111.28833081054688,111.29233089192708,113.25100463867187,113.25500472005209
2023-07-26 16:05:21.038276,5558370.0,5558819.0,111.30138533528645,111.30538537597656,113.26404874674479,113.26804878743489
2023-07-26 16:05:21.050689,5558373.0,5558822.0,111.31441882324219,111.3184188232422,113.2770928141276,113.28109289550783
2023-07-26 16:05:21.063871,5558376.0,5558825.0,111.3274627685547,111.33146280924478,113.29013692220052,113.29413696289062
2023-07-26 16:05:21.077084,5558379.0,5558828.0,111.3405068359375,111.3445069173177,113.3031806640625,113.30718074544271
2023-07-26 16:05:21.090376,5558382.0,5558831.0,111.35355094401041,111.35755098470052,113.31622477213541,113.32022481282553
2023-07-26 16:05:21.102854,5558385.0,5558834.0,111.3665946858724,111.3705947265625,113.32926883951824,113.33326892089845
2023-07-26 16:05:21.115941,5558388.0,5558837.0,111.37963879394532,111.3836388346354,113.34231294759115,113.34631298828124
2023-07-26 16:05:21.129105,5558391.0,5558840.0,111.39268286132813,111.39668290201823,113.35535668945312,113.35935673014323
2023-07-26 16:05:21.142609,5558394.0,5558843.0,111.40572696940104,111.40972701009115,113.36840079752604,113.37240083821615
2023-07-26 16:05:21.155101,5558397.0,5558846.0,111.41878112792969,111.42278116861978,113.38144486490886,113.38544490559896
2023-07-26 16:05:21.168108,5558400.0,5558849.0,111.43181477864583,111.43581486002604,113.39448897298176,113.39848901367188
2023-07-26 16:05:21.181359,5558403.0,5558852.0,111.44485888671875,111.44885892740886,113.40753271484375,113.41153275553386
2023-07-26 16:05:21.194445,5558406.0,5558855.0,111.45790295410157,111.46190303548178,113.42057678222656,113.42457686360676
2023-07-26 16:05:21.207576,5558409.0,5558858.0,111.47094673665366,111.47494677734375,113.43362089029948,113.43762093098958
2023-07-26 16:05:21.220828,5558412.0,5558861.0,111.48399080403645,111.48799088541666,113.44666479492187,113.45066479492188
2023-07-26 16:05:21.233855,5558415.0,5558864.0,111.49703491210937,111.50103495279949,113.45970874023438,113.46370878092448
2023-07-26 16:05:21.246376,5558418.0,5558867.0,111.51007897949219,111.51407897949218,113.4727528076172,113.4767528889974
2023-07-26 16:05:21.259544,5558421.0,5558870.0,111.52312276204427,111.52712280273438,113.4857969156901,113.4897969563802
2023-07-26 16:05:21.272970,5558424.0,5558873.0,111.53616682942709,111.54016687011719,113.49884065755208,113.5028406982422
2023-07-26 16:05:21.285479,5558427.0,5558876.0,111.5492109375,111.5532109781901,113.511884765625,113.5158848063151
2023-07-26 16:05:21.298598,5558430.0,5558879.0,111.56225476074219,111.56625476074218,113.5249288330078,113.52892887369792
2023-07-26 16:05:21.311619,5558433.0,5558882.0,111.57529874674479,111.579298828125,113.53797294108072,113.54197298177084
2023-07-26 16:05:21.324680,5558436.0,5558885.0,111.58834285481771,111.59234289550783,113.55101668294272,113.55501672363282
2023-07-26 16:05:21.338265,5558439.0,5558888.0,111.60138692220052,111.60538700358073,113.56406075032551,113.56806083170572
2023-07-26 16:05:21.351342,5558442.0,5558891.0,111.61443070475259,111.61843074544271,113.57710485839844,113.58110489908854
2023-07-26 16:05:21.363843,5558445.0,5558894.0,111.62747477213541,111.63147485351563,113.59014892578125,113.59414900716146
2023-07-26 16:05:21.376957,5558448.0,5558897.0,111.64051888020833,111.64451892089843,113.60319270833334,113.60719274902344
2023-07-26 16:05:21.390100,5558451.0,5558900.0,111.65356294759114,111.65756302897135,113.61623677571615,113.62023685709636
2023-07-26 16:05:21.403608,5558454.0,5558903.0,111.66660673014323,111.67060677083333,113.62928088378906,113.63328092447917
2023-07-26 16:05:21.416010,5558457.0,5558906.0,111.67965079752604,111.68365083821615,113.64232495117187,113.64632495117186
2023-07-26 16:05:21.429323,5558460.0,5558909.0,111.69269490559897,111.69669494628906,113.65536873372395,113.65936877441406
2023-07-26 16:05:21.442556,5558463.0,5558912.0,111.70573897298176,111.70973901367188,113.66841280110677,113.67241284179688
2023-07-26 16:05:21.455023,5558466.0,5558915.0,111.71878271484375,111.72278279622397,113.68145690917969,113.68545694986979
2023-07-26 16:05:21.468223,5558469.0,5558918.0,111.73182682291667,111.73582686360676,113.69450073242189,113.69850073242188
2023-07-26 16:05:21.481683,5558472.0,5558921.0,111.74487089029948,111.7488709716797,113.70754471842447,113.71154479980468
2023-07-26 16:05:21.494293,5558475.0,5558924.0,111.75791491699219,111.7619149169922,113.72058882649739,113.7245888671875
2023-07-26 16:05:21.507883,5558478.0,5558927.0,111.77095874023438,111.77495882161458,113.73363289388021,113.73763297526041
2023-07-26 16:05:21.520989,5558481.0,5558930.0,111.7840028483073,111.7880028889974,113.74667667643229,113.75067671712239
2023-07-26 16:05:21.533333,5558484.0,5558933.0,111.7970469156901,111.80104699707032,113.75972074381511,113.76372082519532
2023-07-26 16:05:21.546464,5558487.0,5558936.0,111.81009069824219,111.81409073893228,113.77276485188803,113.77676489257813
2023-07-26 16:05:21.559717,5558490.0,5558939.0,111.823134765625,111.8271348063151,113.78580891927082,113.78980900065103
2023-07-26 16:05:21.573037,5558493.0,5558942.0,111.83617887369792,111.84017891438802,113.79885270182291,113.80285274251302
2023-07-26 16:05:21.585731,5558496.0,5558945.0,111.84922294108073,111.85322298177084,113.81189676920573,113.81589680989583
2023-07-26 16:05:21.599166,5558499.0,5558948.0,111.86226668294272,111.86626676432292,113.82494087727865,113.82894091796875
2023-07-26 16:05:21.611699,5558502.0,5558951.0,111.87531079101562,111.87931083170572,113.83798494466146,113.84198498535156
2023-07-26 16:05:21.624959,5558505.0,5558954.0,111.88835485839844,111.89235493977866,113.85102868652343,113.85502876790365
2023-07-26 16:05:21.638066,5558508.0,5558957.0,111.90139896647136,111.90539900716146,113.86408321126302,113.86808325195312
2023-07-26 16:05:21.651264,5558511.0,5558960.0,111.91444270833334,111.91844278971354,113.87711686197916,113.88111694335937
2023-07-26 16:05:21.663699,5558514.0,5558963.0,111.92748681640624,111.93148685709636,113.89016088867187,113.89416088867188
2023-07-26 16:05:21.676955,5558517.0,5558966.0,111.94053088378907,111.94453096516928,113.90320471191407,113.90720479329427
2023-07-26 16:05:21.690405,5558520.0,5558969.0,111.95357499186198,111.95757503255209,113.91624881998698,113.92024886067708
2023-07-26 16:05:21.702933,5558523.0,5558972.0,111.96661873372395,111.97061877441406,113.92929288736978,113.93329296875
2023-07-26 16:05:21.716488,5558526.0,5558975.0,111.97966284179688,111.98366288248698,113.94233666992187,113.94633671061199
2023-07-26 16:05:21.729514,5558529.0,5558978.0,111.99270690917969,111.99670694986979,113.9553807373047,113.95938077799478
2023-07-26 16:05:21.741986,5558532.0,5558981.0,112.00575085449219,112.00975085449218,113.9684248453776,113.97242488606771
2023-07-26 16:05:21.755123,5558535.0,5558984.0,112.01879475911458,112.02279479980469,113.98146891276042,113.98546895345052
2023-07-26 16:05:21.768251,5558538.0,5558987.0,112.03183882649739,112.0358389078776,113.9945126546224,113.99851273600261
2023-07-26 16:05:21.781400,5558541.0,5558990.0,112.04488293457031,112.04888297526041,114.0075567626953,114.01155680338542
2023-07-26 16:05:21.794529,5558544.0,5558993.0,112.05792667643229,112.0619267578125,114.02060083007812,114.02460091145834
2023-07-26 16:05:21.807972,5558547.0,5558996.0,112.0709707845052,112.07497082519532,114.03364493815104,114.03764497884116
2023-07-26 16:05:21.820249,5558550.0,5558999.0,112.08401485188803,112.08801493326823,114.04668868001302,114.05068876139323
2023-07-26 16:05:21.833325,5558553.0,5559002.0,112.09705895996093,112.10105900065103,114.05973278808594,114.06373282877604
2023-07-26 16:05:21.846445,5558556.0,5559005.0,112.11010270182291,112.11410274251303,114.07277685546875,114.07677693684896
2023-07-26 16:05:21.859580,5558559.0,5559008.0,112.12314680989583,112.12714685058594,114.08582096354166,114.08982100423177
2023-07-26 16:05:21.872688,5558562.0,5559011.0,112.13619087727865,112.14019091796875,114.09886470540364,114.10286474609374
2023-07-26 16:05:21.886053,5558565.0,5559014.0,112.14923498535155,112.15323502604167,114.11190881347656,114.11590885416668
2023-07-26 16:05:21.899110,5558568.0,5559017.0,112.16227872721355,112.16627876790365,114.12495288085938,114.12895292154947
2023-07-26 16:05:21.911654,5558571.0,5559020.0,112.17533321126302,112.17933329264322,114.13799682617187,114.14199682617188
2023-07-26 16:05:21.924878,5558574.0,5559023.0,112.18836690266927,112.19236694335937,114.15104073079426,114.15504077148438
2023-07-26 16:05:21.938050,5558577.0,5559026.0,112.20141097005208,112.2054110107422,114.16408479817709,114.1680848795573
2023-07-26 16:05:21.951107,5558580.0,5559029.0,112.21445475260417,112.21845479329427,114.17712890625,114.18112894694009
2023-07-26 16:05:21.964284,5558583.0,5559032.0,112.22749881998698,112.23149890136719,114.19017264811197,114.19417272949218
2023-07-26 16:05:21.977523,5558586.0,5559035.0,112.2405429280599,112.24454296875,114.2032167561849,114.207216796875
2023-07-26 16:05:21.989923,5558589.0,5559038.0,112.25358679199219,112.25758679199218,114.21626082356771,114.2202609049479
2023-07-26 16:05:22.002942,5558592.0,5559041.0,112.26663077799479,112.2706308186849,114.22930493164061,114.23330497233073
2023-07-26 16:05:22.016074,5558595.0,5559044.0,112.2796748453776,112.28367488606771,114.2423486735026,114.2463487141927
2023-07-26 16:05:22.029205,5558598.0,5559047.0,112.29271895345052,112.29671899414063,114.25539278157552,114.25939282226562
2023-07-26 16:05:22.042568,5558601.0,5559050.0,112.30576269531251,112.3097627360026,114.26843684895834,114.27243688964843
2023-07-26 16:05:22.055058,5558604.0,5559053.0,112.3188067626953,112.32280684407552,114.28148095703125,114.28548099772135
2023-07-26 16:05:22.068675,5558607.0,5559056.0,112.33185087076824,112.33585091145834,114.29452469889323,114.29852473958334
2023-07-26 16:05:22.081748,5558610.0,5559059.0,112.34489493815104,112.34889501953126,114.30756876627605,114.31156884765625
2023-07-26 16:05:22.094179,5558613.0,5559062.0,112.35793872070313,112.36193876139323,114.32061287434895,114.32461291503907
2023-07-26 16:05:22.107504,5558616.0,5559065.0,112.37098278808594,112.37498286946615,114.33365694173177,114.33765698242188
2023-07-26 16:05:22.120368,5558619.0,5559068.0,112.38402689615886,112.38802693684896,114.34670072428386,114.35070076497395
2023-07-26 16:05:22.133957,5558622.0,5559071.0,112.39707096354167,112.40107104492188,114.35974479166666,114.36374487304687
2023-07-26 16:05:22.146416,5558625.0,5559074.0,112.41011474609374,112.41411478678386,114.37278889973958,114.37678894042969
2023-07-26 16:05:22.159459,5558628.0,5559077.0,112.42315881347656,112.42715885416668,114.38583276367187,114.38983276367188
2023-07-26 16:05:22.172557,5558631.0,5559080.0,112.43620292154948,112.44020296223958,114.39887674967449,114.40287679036457
2023-07-26 16:05:22.185592,5558634.0,5559083.0,112.44924694824218,112.45324694824218,114.4119208170573,114.4159208577474
2023-07-26 16:05:22.198773,5558637.0,5559086.0,112.46229073079427,112.46629081217448,114.42496492513021,114.42896496582031
2023-07-26 16:05:22.212334,5558640.0,5559089.0,112.47533483886718,112.47933487955729,114.43800866699219,114.44200870768229
2023-07-26 16:05:22.225459,5558643.0,5559092.0,112.48837890625,112.4923789876302,114.451052734375,114.45505281575521
2023-07-26 16:05:22.237766,5558646.0,5559095.0,112.50142272949218,112.50542272949218,114.46409684244792,114.46809688313803
2023-07-26 16:05:22.251239,5558649.0,5559098.0,112.5144667561849,112.51846683756511,114.47714090983072,114.48114099121095
2023-07-26 16:05:22.264500,5558652.0,5559101.0,112.52751086425782,112.53151090494791,114.49018469238281,114.49418473307291
2023-07-26 16:05:22.276937,5558655.0,5559104.0,112.54055493164061,112.54455501302083,114.50322875976562,114.50722884114583
2023-07-26 16:05:22.290629,5558658.0,5559107.0,112.5535987141927,112.55759875488282,114.51627286783854,114.52027290852865
2023-07-26 16:05:22.302835,5558661.0,5559110.0,112.56664278157552,112.57064282226563,114.52931693522136,114.53331701660156
2023-07-26 16:05:22.316061,5558664.0,5559113.0,112.57968688964843,112.58368693033854,114.54236071777343,114.54636075846354
2023-07-26 16:05:22.329534,5558667.0,5559116.0,112.59273095703125,112.59673099772135,114.55540478515624,114.55940482584636
2023-07-26 16:05:22.342164,5558670.0,5559119.0,112.60577469889323,112.60977478027344,114.56844889322917,114.57244893391926
2023-07-26 16:05:22.355675,5558673.0,5559122.0,112.61881880696615,112.62281884765625,114.58149291992187,114.58549291992188
2023-07-26 16:05:22.368730,5558676.0,5559125.0,112.63186287434895,112.63586295572917,114.59453670247396,114.59853678385417
2023-07-26 16:05:22.381182,5558679.0,5559128.0,112.64490698242187,112.64890702311199,114.60758081054688,114.61158085123698
2023-07-26 16:05:22.394804,5558682.0,5559131.0,112.65795072428386,112.66195080566406,114.62063529459635,114.62463537597655
2023-07-26 16:05:22.407477,5558685.0,5559134.0,112.67099483235677,112.67499487304687,114.63366870117187,114.63766870117188
2023-07-26 16:05:22.420557,5558688.0,5559137.0,112.68403889973958,112.68803898111979,114.64671272786458,114.6507128092448
2023-07-26 16:05:22.433966,5558691.0,5559140.0,112.69708288574219,112.70108288574218,114.6597568359375,114.6637568766276
2023-07-26 16:05:22.446579,5558694.0,5559143.0,112.71012674967449,112.71412679036457,114.67280090332031,114.67680098470052
2023-07-26 16:05:22.460025,5558697.0,5559146.0,112.72317085774739,112.7271708984375,114.6858446858724,114.6898447265625
2023-07-26 16:05:22.472463,5558700.0,5559149.0,112.73621492513021,112.74021496582031,114.6988887532552,114.70288879394532
2023-07-26 16:05:22.485684,5558703.0,5559152.0,112.74925866699219,112.75325874837239,114.71193286132814,114.71593290201822
2023-07-26 16:05:22.499272,5558706.0,5559155.0,112.7623027750651,112.76630281575521,114.72497692871093,114.72897696940105
2023-07-26 16:05:22.512334,5558709.0,5559158.0,112.77534684244792,112.77934692382813,114.73802067057292,114.74203116861979
2023-07-26 16:05:22.525378,5558712.0,5559161.0,112.78839095052084,112.79239099121095,114.75106477864584,114.75506481933593
2023-07-26 16:05:22.537886,5558715.0,5559164.0,112.8014346923828,112.80543477376303,114.76410884602865,114.76810892740886
2023-07-26 16:05:22.551170,5558718.0,5559167.0,112.81447880045573,112.81847884114583,114.77715295410157,114.78115299479167
2023-07-26 16:05:22.563906,5558721.0,5559170.0,112.82752286783854,112.83152294921875,114.79019669596354,114.79419677734374
2023-07-26 16:05:22.577220,5558724.0,5559173.0,112.84056697591146,112.84456701660156,114.80324080403645,114.80724084472656
2023-07-26 16:05:22.590572,5558727.0,5559176.0,112.85361071777344,112.85761075846354,114.81628487141927,114.82028495279948
2023-07-26 16:05:22.602990,5558730.0,5559179.0,112.86665482584635,112.87065486653647,114.82932885742187,114.83332885742188
2023-07-26 16:05:22.616037,5558733.0,5559182.0,112.87969889322918,112.88369893391926,114.84237272135417,114.84637276204427
2023-07-26 16:05:22.629392,5558736.0,5559185.0,112.89274300130208,112.89674304199218,114.85541682942709,114.85941687011719
2023-07-26 16:05:22.642569,5558739.0,5559188.0,112.90578674316406,112.90978678385417,114.86846089680989,114.87246093750001
2023-07-26 16:05:22.655614,5558742.0,5559191.0,112.91883081054688,112.92283089192708,114.88150463867187,114.88550472005208
2023-07-26 16:05:22.668189,5558745.0,5559194.0,112.93188533528647,112.93588537597655,114.89454874674479,114.89854878743489
2023-07-26 16:05:22.681472,5558748.0,5559197.0,112.94491882324219,112.9489188232422,114.9075928141276,114.91159289550782
2023-07-26 16:05:22.694675,5558751.0,5559200.0,112.9579627685547,112.9619628092448,114.92063692220052,114.92463696289063
2023-07-26 16:05:22.707930,5558754.0,5559203.0,112.9710068359375,112.9750069173177,114.9336806640625,114.9376807454427
2023-07-26 16:05:22.720431,5558757.0,5559206.0,112.9840509440104,112.98805098470052,114.94672477213541,114.95072481282553
2023-07-26 16:05:22.733567,5558760.0,5559209.0,112.9970946858724,113.0010947265625,114.95976883951823,114.96376892089845
2023-07-26 16:05:22.746932,5558763.0,5559212.0,113.01013879394532,113.01413883463542,114.97281294759115,114.97681298828124
2023-07-26 16:05:22.759909,5558766.0,5559215.0,113.02318286132812,113.02718290201823,114.98585668945312,114.98985673014323
2023-07-26 16:05:22.772491,5558769.0,5559218.0,113.03622696940104,113.04022701009114,114.99890079752603,115.00290083821615
2023-07-26 16:05:22.785649,5558772.0,5559221.0,113.04928112792969,113.05328116861979,115.01194486490886,115.01594490559896
2023-07-26 16:05:22.798616,5558775.0,5559224.0,113.06231477864584,113.06631486002604,115.02498897298176,115.02898901367188
2023-07-26 16:05:22.811705,5558778.0,5559227.0,113.07535888671875,113.07935892740886,115.03803271484375,115.04203275553385
2023-07-26 16:05:22.824966,5558781.0,5559230.0,113.08840295410157,113.09240303548178,115.05107678222656,115.05507686360677
2023-07-26 16:05:22.838203,5558784.0,5559233.0,113.10144673665366,113.10544677734374,115.06412089029948,115.06812093098958
2023-07-26 16:05:22.851375,5558787.0,5559236.0,113.11449080403645,113.11849088541666,115.07716479492187,115.08116479492188
2023-07-26 16:05:22.868780,5558790.0,5559239.0,113.12753491210937,113.13153495279948,115.09020874023437,115.09420878092449
2023-07-26 16:05:22.881319,5558794.0,5559243.0,113.14492667643229,113.1489267578125,115.10760083007813,115.11160091145834
2023-07-26 16:05:22.894747,5558797.0,5559246.0,113.15797078450521,113.16197082519531,115.12064493815105,115.12464497884115
2023-07-26 16:05:22.907944,5558800.0,5559249.0,113.17101485188803,113.17501493326823,115.13368868001301,115.13768876139324
2023-07-26 16:05:22.920960,5558803.0,5559252.0,113.18405895996094,113.18805900065104,115.14673278808594,115.15073282877604
2023-07-26 16:05:22.934138,5558806.0,5559255.0,113.19710270182291,113.20110274251302,115.15977685546875,115.16377693684895
2023-07-26 16:05:22.946495,5558809.0,5559258.0,113.21014680989583,113.21414685058593,115.17282096354165,115.17682100423177
2023-07-26 16:05:22.959673,5558812.0,5559261.0,113.22319087727864,113.22719091796876,115.18586470540365,115.18986474609375
2023-07-26 16:05:22.973078,5558815.0,5559264.0,113.23623498535156,113.24023502604167,115.19890881347656,115.20290885416668
2023-07-26 16:05:22.986077,5558818.0,5559267.0,113.24927872721355,113.25327876790364,115.21195288085939,115.21595292154947
2023-07-26 16:05:22.999171,5558821.0,5559270.0,113.26233321126301,113.26633329264322,115.22499682617187,115.22899682617188
2023-07-26 16:05:23.012331,5558824.0,5559273.0,113.27536690266928,113.27936694335938,115.23804073079427,115.24204077148438
2023-07-26 16:05:23.025461,5558827.0,5559276.0,113.28841097005208,113.2924110107422,115.25108479817709,115.25508487955729
2023-07-26 16:05:23.037830,5558830.0,5559279.0,113.30145475260416,113.30545479329427,115.26412890625001,115.2681289469401
2023-07-26 16:05:23.051085,5558833.0,5559282.0,113.31449881998698,113.31849890136719,115.27717264811197,115.28117272949218
2023-07-26 16:05:23.064402,5558836.0,5559285.0,113.3275429280599,113.33154296875,115.2902167561849,115.29421679687499
2023-07-26 16:05:23.076879,5558839.0,5559288.0,113.3405867919922,113.34458679199219,115.30326082356771,115.30726090494791
2023-07-26 16:05:23.090130,5558842.0,5559291.0,113.35363077799478,113.3576308186849,115.31630493164062,115.32030497233073
2023-07-26 16:05:23.103499,5558845.0,5559294.0,113.3666748453776,113.37067488606772,115.32934867350261,115.33334871419271
2023-07-26 16:05:23.116703,5558848.0,5559297.0,113.37971895345052,113.38371899414062,115.34239278157553,115.34639282226561
2023-07-26 16:05:23.129794,5558851.0,5559300.0,113.39276269531251,113.3967627360026,115.35543684895833,115.35943688964844
2023-07-26 16:05:23.141945,5558854.0,5559303.0,113.4058067626953,113.40980684407552,115.36848095703125,115.37248099772135
2023-07-26 16:05:23.155302,5558857.0,5559306.0,113.41885087076824,113.42285091145833,115.38152469889323,115.38552473958333
2023-07-26 16:05:23.168695,5558860.0,5559309.0,113.43189493815105,113.43589501953124,115.39456876627604,115.39856884765625
2023-07-26 16:05:23.182061,5558863.0,5559312.0,113.44493872070312,113.44893876139324,115.40761287434896,115.41161291503907
2023-07-26 16:05:23.194211,5558866.0,5559315.0,113.45798278808594,113.46198286946615,115.42065694173178,115.42465698242188
2023-07-26 16:05:23.207205,5558869.0,5559318.0,113.47102689615886,113.47502693684895,115.43370072428387,115.43770076497395
2023-07-26 16:05:23.220297,5558872.0,5559321.0,113.48407096354165,113.48807104492188,115.44674479166666,115.45074487304687
2023-07-26 16:05:23.233726,5558875.0,5559324.0,113.49711474609374,113.50111478678386,115.45978889973958,115.4637889404297
2023-07-26 16:05:23.247019,5558878.0,5559327.0,113.51015881347656,113.51415885416668,115.47283276367187,115.47683276367187
2023-07-26 16:05:23.260216,5558881.0,5559330.0,113.52320292154947,113.52720296223958,115.48587674967447,115.48987679036458
2023-07-26 16:05:23.273213,5558884.0,5559333.0,113.53624694824218,113.54024694824218,115.4989208170573,115.5029208577474
2023-07-26 16:05:23.285821,5558887.0,5559336.0,113.54929073079427,113.55329081217448,115.51196492513021,115.5159649658203
2023-07-26 16:05:23.299213,5558890.0,5559339.0,113.56233483886719,113.56633487955729,115.52500866699219,115.5290087076823
2023-07-26 16:05:23.312428,5558893.0,5559342.0,113.57537890625,113.57937898763021,115.538052734375,115.54205281575521
2023-07-26 16:05:23.324716,5558896.0,5559345.0,113.58842272949218,113.59242272949218,115.55109684244792,115.55509688313803
2023-07-26 16:05:23.337955,5558899.0,5559348.0,113.6014667561849,113.6054668375651,115.56414090983073,115.56814099121094
2023-07-26 16:05:23.351051,5558902.0,5559351.0,113.61451086425782,113.61851090494791,115.5771846923828,115.58118473307292
2023-07-26 16:05:23.364517,5558905.0,5559354.0,113.62755493164062,113.63155501302083,115.59022875976562,115.59422884114583
2023-07-26 16:05:23.377505,5558908.0,5559357.0,113.6405987141927,113.64459875488281,115.60327286783854,115.60727290852864
2023-07-26 16:05:23.389881,5558911.0,5559360.0,113.65364278157553,113.65764282226561,115.61631693522135,115.62031701660156
2023-07-26 16:05:23.402991,5558914.0,5559363.0,113.66668688964843,113.67068693033855,115.62936071777344,115.63336075846354
2023-07-26 16:05:23.416077,5558917.0,5559366.0,113.67973095703125,113.68373099772136,115.64240478515624,115.64640482584636
2023-07-26 16:05:23.429115,5558920.0,5559369.0,113.69277469889323,113.69677478027343,115.65544889322918,115.65944893391926
2023-07-26 16:05:23.442177,5558923.0,5559372.0,113.70581880696614,113.70981884765625,115.66849291992187,115.67249291992188
2023-07-26 16:05:23.455584,5558926.0,5559375.0,113.71886287434896,113.72286295572917,115.68153670247396,115.68553678385418
2023-07-26 16:05:23.468676,5558929.0,5559378.0,113.73190698242188,113.73590702311198,115.69458081054688,115.69858085123697
2023-07-26 16:05:23.481744,5558932.0,5559381.0,113.74495072428385,113.74895080566407,115.70763529459634,115.71163537597656
2023-07-26 16:05:23.494864,5558935.0,5559384.0,113.75799483235677,113.76199487304687,115.72066870117187,115.72466870117188
2023-07-26 16:05:23.511808,5558938.0,5559387.0,113.77103889973958,113.77503898111979,115.73371272786459,115.73771280924478
2023-07-26 16:05:23.524763,5558942.0,5559391.0,113.7884307047526,113.79243074544272,115.75110485839845,115.75510489908854
2023-07-26 16:05:23.537720,5558945.0,5559394.0,113.8014747721354,113.80547485351562,115.76414892578126,115.76814900716145
2023-07-26 16:05:23.551674,5558948.0,5559397.0,113.81451888020833,113.81851892089844,115.77719270833333,115.78119274902345
2023-07-26 16:05:23.564630,5558951.0,5559400.0,113.82756294759115,113.83156302897136,115.79023677571615,115.79423685709635
2023-07-26 16:05:23.577587,5558954.0,5559403.0,113.84060673014324,113.84460677083332,115.80328088378907,115.80728092447916
2023-07-26 16:05:23.590543,5558957.0,5559406.0,113.85365079752603,113.85765083821614,115.81632495117186,115.82032495117187
2023-07-26 16:05:23.603501,5558960.0,5559409.0,113.86669490559896,113.87069494628906,115.82936873372395,115.83336877441407
2023-07-26 16:05:23.616457,5558963.0,5559412.0,113.87973897298177,113.88373901367187,115.84241280110678,115.84641284179688
2023-07-26 16:05:23.629411,5558966.0,5559415.0,113.89278271484376,113.89678279622396,115.85545690917968,115.8594569498698
2023-07-26 16:05:23.642368,5558969.0,5559418.0,113.90582682291667,113.90982686360677,115.86850073242188,115.87250073242188
2023-07-26 16:05:23.660308,5558972.0,5559421.0,113.91887089029949,113.92287097167969,115.88154471842448,115.88554479980468
2023-07-26 16:05:23.673264,5558976.0,5559425.0,113.93626269531251,113.94026273600261,115.89893684895834,115.90293688964843
2023-07-26 16:05:23.686221,5558979.0,5559428.0,113.94930676269531,113.95330684407551,115.91198095703125,115.91598099772135
2023-07-26 16:05:23.699178,5558982.0,5559431.0,113.96235087076823,113.96635091145833,115.92502469889322,115.92902473958334
2023-07-26 16:05:23.712320,5558985.0,5559434.0,113.97539493815104,113.97939501953125,115.93806876627605,115.94206884765624
2023-07-26 16:05:23.724756,5558988.0,5559437.0,113.98843872070313,113.99243876139323,115.95111287434895,115.95511291503907
2023-07-26 16:05:23.737920,5558991.0,5559440.0,114.00148278808594,114.00548286946615,115.96415694173177,115.96815698242187
2023-07-26 16:05:23.755995,5558994.0,5559443.0,114.01452689615886,114.01852693684896,115.97720072428386,115.98120076497396
2023-07-26 16:05:23.768327,5558998.0,5559447.0,114.0319188232422,114.0359188232422,115.9945928141276,115.99859289550783
2023-07-26 16:05:23.781710,5559001.0,5559450.0,114.0449627685547,114.04896280924478,116.00763692220052,116.01163696289062
2023-07-26 16:05:23.794166,5559004.0,5559453.0,114.0580068359375,114.0620069173177,116.0206806640625,116.02468074544271
2023-07-26 16:05:23.807223,5559007.0,5559456.0,114.07105094401041,114.07505098470052,116.03372477213541,116.03772481282553
2023-07-26 16:05:23.820604,5559010.0,5559459.0,114.0840946858724,114.08809472656249,116.04676883951824,116.05076892089843
2023-07-26 16:05:23.834100,5559013.0,5559462.0,114.09713879394532,114.1011388346354,116.05981294759114,116.06381298828124
2023-07-26 16:05:23.846310,5559016.0,5559465.0,114.11018286132813,114.11418290201823,116.07285668945312,116.07685673014323
2023-07-26 16:05:23.860387,5559019.0,5559468.0,114.12322696940105,114.12722701009115,116.08590079752604,116.08990083821615
2023-07-26 16:05:23.872444,5559022.0,5559471.0,114.13628112792969,114.14028116861978,116.09894486490886,116.10294490559896
2023-07-26 16:05:23.885811,5559025.0,5559474.0,114.14931477864583,114.15331486002604,116.11198897298176,116.11598901367188
2023-07-26 16:05:23.899088,5559028.0,5559477.0,114.16235888671875,114.16635892740887,116.12503271484375,116.12903275553386
2023-07-26 16:05:23.912267,5559031.0,5559480.0,114.17540295410157,114.17940303548177,116.13807678222656,116.14207686360676
2023-07-26 16:05:23.928873,5559034.0,5559483.0,114.18844673665365,114.19244677734375,116.15112089029948,116.15512093098958
2023-07-26 16:05:23.942089,5559038.0,5559487.0,114.20583882649738,114.20983890787761,116.16851265462239,116.1725127360026
2023-07-26 16:05:23.960188,5559041.0,5559490.0,114.2188829345703,114.22288297526042,116.18155676269531,116.18555680338542
2023-07-26 16:05:23.972616,5559045.0,5559494.0,114.23627469889323,114.24027478027344,116.19894889322917,116.20294893391927
2023-07-26 16:05:23.985983,5559048.0,5559497.0,114.24931880696614,114.25331884765625,116.21199291992188,116.21599291992187
2023-07-26 16:05:23.999363,5559051.0,5559500.0,114.26236287434895,114.26636295572916,116.22503670247396,116.22903678385417
2023-07-26 16:05:24.012559,5559054.0,5559503.0,114.27540698242187,114.27940702311199,116.23808081054688,116.24208085123698
2023-07-26 16:05:24.024956,5559057.0,5559506.0,114.28845072428386,114.29245080566407,116.25113529459635,116.25513537597656
2023-07-26 16:05:24.038178,5559060.0,5559509.0,114.30149483235677,114.30549487304687,116.26416870117188,116.26816870117187
2023-07-26 16:05:24.051625,5559063.0,5559512.0,114.31453889973957,114.31853898111979,116.27721272786458,116.28121280924479
2023-07-26 16:05:24.064636,5559066.0,5559515.0,114.32758288574219,114.3315828857422,116.2902568359375,116.29425687662761
2023-07-26 16:05:24.077788,5559069.0,5559518.0,114.34062674967448,114.34462679036457,116.30330090332032,116.30730098470052
2023-07-26 16:05:24.089851,5559072.0,5559521.0,114.35367085774739,114.3576708984375,116.3163446858724,116.3203447265625
2023-07-26 16:05:24.103856,5559075.0,5559524.0,114.36671492513021,114.37071496582031,116.3293887532552,116.33338879394532
2023-07-26 16:05:24.121266,5559078.0,5559527.0,114.37975866699219,114.3837587483724,116.34243286132813,116.34643290201822
2023-07-26 16:05:24.133579,5559082.0,5559531.0,114.39715079752604,114.40115083821614,116.35982495117187,116.36382495117186
2023-07-26 16:05:24.146716,5559085.0,5559534.0,114.41019490559896,114.41419494628906,116.37286873372395,116.37686877441406
2023-07-26 16:05:24.160168,5559088.0,5559537.0,114.42323897298176,114.42723901367188,116.38591280110677,116.38991284179689
2023-07-26 16:05:24.173293,5559091.0,5559540.0,114.43628271484376,114.44028279622397,116.39895690917969,116.40295694986979
2023-07-26 16:05:24.190387,5559094.0,5559543.0,114.44932682291667,114.45332686360676,116.41200073242189,116.41600073242188
2023-07-26 16:05:24.203547,5559098.0,5559547.0,114.46671895345051,114.47071899414063,116.42939278157552,116.43339282226562
2023-07-26 16:05:24.220792,5559101.0,5559550.0,114.4797626953125,114.4837627360026,116.44243684895834,116.44643688964844
2023-07-26 16:05:24.234315,5559105.0,5559554.0,114.49715482584635,114.50115486653647,116.45982885742187,116.46382885742187
2023-07-26 16:05:24.247353,5559108.0,5559557.0,114.51019889322917,114.51419893391927,116.47287272135416,116.47687276204427
2023-07-26 16:05:24.260318,5559111.0,5559560.0,114.52324300130208,114.52724304199218,116.48591682942708,116.48991687011718
2023-07-26 16:05:24.273267,5559114.0,5559563.0,114.53628674316406,114.54028678385417,116.49896089680989,116.5029609375
2023-07-26 16:05:24.286222,5559117.0,5559566.0,114.54933081054688,114.55333089192709,116.51200463867187,116.5160047200521
2023-07-26 16:05:24.303166,5559120.0,5559569.0,114.56238533528646,114.56638537597655,116.5250487467448,116.52904878743489
2023-07-26 16:05:24.316122,5559124.0,5559573.0,114.57976668294272,114.58376676432292,116.54244087727865,116.54644091796875
2023-07-26 16:05:24.329079,5559127.0,5559576.0,114.59281079101562,114.59681083170572,116.55548494466146,116.55948498535156
2023-07-26 16:05:24.342041,5559130.0,5559579.0,114.60585485839844,114.60985493977866,116.56852868652344,116.57252876790365
2023-07-26 16:05:24.359980,5559133.0,5559582.0,114.61889896647136,114.62289900716145,116.58158321126302,116.58558325195312
2023-07-26 16:05:24.372933,5559137.0,5559586.0,114.63629073079427,114.64029081217447,116.59896492513022,116.6029649658203
2023-07-26 16:05:24.385888,5559140.0,5559589.0,114.64933483886718,114.65333487955729,116.61200866699218,116.6160087076823
2023-07-26 16:05:24.398845,5559143.0,5559592.0,114.66237890625,114.66637898763021,116.625052734375,116.62905281575522
2023-07-26 16:05:24.411802,5559146.0,5559595.0,114.67542272949218,114.67942272949217,116.63809684244792,116.64209688313802
2023-07-26 16:05:24.424759,5559149.0,5559598.0,114.6884667561849,114.6924668375651,116.65114090983072,116.65514099121094
2023-07-26 16:05:24.438710,5559152.0,5559601.0,114.70151086425781,114.70551090494791,116.6641846923828,116.66818473307292
2023-07-26 16:05:24.451669,5559155.0,5559604.0,114.71455493164062,114.71855501302083,116.67722875976563,116.68122884114582
2023-07-26 16:05:24.468612,5559158.0,5559607.0,114.72759871419271,114.73159875488281,116.69027286783854,116.69427290852865
2023-07-26 16:05:24.481568,5559162.0,5559611.0,114.74499080403645,114.74899088541666,116.70766479492187,116.71166479492187
2023-07-26 16:05:24.494525,5559165.0,5559614.0,114.75803491210937,114.76203495279948,116.72070874023437,116.72470878092449
2023-07-26 16:05:24.507482,5559168.0,5559617.0,114.77107897949219,114.77507897949219,116.7337528076172,116.7377528889974
2023-07-26 16:05:24.520448,5559171.0,5559620.0,114.78412276204428,114.78812280273438,116.74679691569011,116.7507969563802
2023-07-26 16:05:24.538378,5559174.0,5559623.0,114.79716682942708,114.80116687011719,116.75984065755208,116.76384069824219
2023-07-26 16:05:24.551335,5559178.0,5559627.0,114.81455895996093,114.81855900065104,116.77723278808594,116.78123282877604
2023-07-26 16:05:24.564292,5559181.0,5559630.0,114.82760270182291,114.83160274251303,116.79027685546875,116.79427693684896
2023-07-26 16:05:24.577247,5559184.0,5559633.0,114.84064680989583,114.84464685058593,116.80332096354167,116.80732100423177
2023-07-26 16:05:24.590204,5559187.0,5559636.0,114.85369087727864,114.85769091796875,116.81636470540364,116.82036474609374
2023-07-26 16:05:24.603161,5559190.0,5559639.0,114.86673498535156,114.87073502604167,116.82940881347656,116.83340885416668
2023-07-26 16:05:24.616118,5559193.0,5559642.0,114.87977872721355,114.88377876790365,116.84245288085938,116.84645292154947
2023-07-26 16:05:24.629074,5559196.0,5559645.0,114.89283321126302,114.89683329264322,116.85549682617187,116.85949682617188
2023-07-26 16:05:24.643028,5559199.0,5559648.0,114.90586690266927,114.90986694335938,116.86854073079427,116.87254077148438
2023-07-26 16:05:24.659970,5559202.0,5559651.0,114.91891097005208,114.9229110107422,116.88158479817709,116.88558487955729
2023-07-26 16:05:24.672927,5559206.0,5559655.0,114.9363027750651,114.94030281575522,116.89897692871094,116.90297696940104
2023-07-26 16:05:24.685884,5559209.0,5559658.0,114.94934684244792,114.95334692382812,116.91202067057293,116.91603116861978
2023-07-26 16:05:24.698841,5559212.0,5559661.0,114.96239095052083,114.96639099121094,116.92506477864583,116.92906481933593
2023-07-26 16:05:24.711797,5559215.0,5559664.0,114.9754346923828,114.97943477376303,116.93810884602865,116.94210892740885
2023-07-26 16:05:24.724753,5559218.0,5559667.0,114.98847880045574,114.99247884114583,116.95115295410157,116.95515299479166
2023-07-26 16:05:24.737711,5559221.0,5559670.0,115.00152286783853,115.00552294921874,116.96419669596354,116.96819677734375
2023-07-26 16:05:24.751663,5559224.0,5559673.0,115.01456697591145,115.01856701660157,116.97724080403646,116.98124084472657
2023-07-26 16:05:24.768607,5559227.0,5559676.0,115.02761071777344,115.03161075846353,116.99028487141928,116.99428495279948
2023-07-26 16:05:24.781564,5559231.0,5559680.0,115.04500284830729,115.0490028889974,117.0076766764323,117.01167671712238
2023-07-26 16:05:24.799503,5559234.0,5559683.0,115.05804691569011,115.06204699707031,117.0207207438151,117.02472082519532
2023-07-26 16:05:24.812463,5559238.0,5559687.0,115.07543872070312,115.07943876139323,117.03811287434895,117.04211291503907
2023-07-26 16:05:24.825416,5559241.0,5559690.0,115.08848278808594,115.09248286946615,117.05115694173178,117.05515698242188
2023-07-26 16:05:24.842360,5559244.0,5559693.0,115.10152689615886,115.10552693684896,117.06420072428386,117.06820076497395
2023-07-26 16:05:24.855316,5559248.0,5559697.0,115.1189188232422,115.12291882324219,117.0815928141276,117.08559289550782
2023-07-26 16:05:24.868273,5559251.0,5559700.0,115.13196276855469,115.13596280924479,117.09463692220051,117.09863696289062
2023-07-26 16:05:24.881230,5559254.0,5559703.0,115.1450068359375,115.1490069173177,117.1076806640625,117.11168074544271
2023-07-26 16:05:24.899171,5559257.0,5559706.0,115.15805094401041,115.16205098470053,117.12072477213542,117.12472481282552
2023-07-26 16:05:24.912127,5559261.0,5559710.0,115.17544270833334,115.17944278971353,117.13811686197917,117.14211694335937
2023-07-26 16:05:24.925082,5559264.0,5559713.0,115.18848681640624,115.19248685709636,117.15116088867187,117.15516088867187
2023-07-26 16:05:24.943023,5559267.0,5559716.0,115.20153088378906,115.20553096516927,117.16420471191407,117.16820479329428
2023-07-26 16:05:24.955979,5559271.0,5559720.0,115.21892272949218,115.22292272949218,117.18159684244792,117.18559688313803
2023-07-26 16:05:24.968935,5559274.0,5559723.0,115.2319667561849,115.2359668375651,117.19464090983072,117.19864099121095
2023-07-26 16:05:24.981892,5559277.0,5559726.0,115.24501086425782,115.24901090494791,117.2076846923828,117.21168473307291
2023-07-26 16:05:24.994853,5559280.0,5559729.0,115.25805493164061,115.26205501302083,117.22072875976562,117.22472884114583
2023-07-26 16:05:25.007805,5559283.0,5559732.0,115.2710987141927,115.27509875488282,117.23377286783854,117.23777290852865
2023-07-26 16:05:25.024766,5559286.0,5559735.0,115.28414278157553,115.28814282226561,117.24681693522136,117.25081701660156
2023-07-26 16:05:25.038700,5559290.0,5559739.0,115.30153491210937,115.30553495279948,117.26420874023438,117.26820878092448
2023-07-26 16:05:25.051656,5559293.0,5559742.0,115.31457897949218,115.31857897949219,117.27725280761719,117.2812528889974
2023-07-26 16:05:25.064613,5559296.0,5559745.0,115.32762276204427,115.33162280273439,117.2902969156901,117.29429695638021
2023-07-26 16:05:25.081556,5559299.0,5559748.0,115.3406668294271,115.34466687011718,117.30334065755208,117.30734069824219
2023-07-26 16:05:25.094513,5559303.0,5559752.0,115.35805895996094,115.36205900065103,117.32073278808595,117.32473282877604
2023-07-26 16:05:25.107469,5559306.0,5559755.0,115.3711027018229,115.37510274251302,117.33377685546874,117.33777693684895
2023-07-26 16:05:25.124843,5559309.0,5559758.0,115.38414680989582,115.38814685058594,117.34682096354166,117.35082100423178
2023-07-26 16:05:25.137881,5559313.0,5559762.0,115.40153889973958,115.40553898111979,117.36421272786458,117.3682128092448
2023-07-26 16:05:25.155407,5559316.0,5559765.0,115.41458288574219,115.41858288574218,117.3772568359375,117.3812568766276
2023-07-26 16:05:25.168696,5559320.0,5559769.0,115.43197477213542,115.43597485351562,117.39464892578125,117.39864900716145
2023-07-26 16:05:25.181767,5559323.0,5559772.0,115.44501888020832,115.44901892089844,117.40769270833333,117.41169274902344
2023-07-26 16:05:25.195231,5559326.0,5559775.0,115.45806294759115,115.46206302897136,117.42073677571615,117.42473685709636
2023-07-26 16:05:25.212630,5559329.0,5559778.0,115.47110673014323,115.47510677083332,117.43378088378907,117.43778092447916
2023-07-26 16:05:25.225099,5559333.0,5559782.0,115.48849881998699,115.49249890136718,117.45117264811198,117.45517272949218
2023-07-26 16:05:25.238206,5559336.0,5559785.0,115.50154292805989,115.50554296874999,117.4642167561849,117.468216796875
2023-07-26 16:05:25.255578,5559339.0,5559788.0,115.51458679199219,115.51858679199219,117.4772608235677,117.48126090494792
2023-07-26 16:05:25.268959,5559343.0,5559792.0,115.53197880045573,115.53597884114583,117.49465295410157,117.49865299479167
2023-07-26 16:05:25.282210,5559346.0,5559795.0,115.54502286783854,115.54902294921875,117.50769669596355,117.51169677734374
2023-07-26 16:05:25.294567,5559349.0,5559798.0,115.55806697591146,115.56206701660156,117.52074080403645,117.52474084472657
2023-07-26 16:05:25.307844,5559352.0,5559801.0,115.57111071777344,115.57511075846354,117.53378487141927,117.53778495279948
2023-07-26 16:05:25.320951,5559355.0,5559804.0,115.58415482584635,115.58815486653647,117.54682885742187,117.55082885742186
2023-07-26 16:05:25.338114,5559358.0,5559807.0,115.59719889322918,115.60119893391926,117.55987272135415,117.56387276204427
2023-07-26 16:05:25.351200,5559362.0,5559811.0,115.6145906982422,115.61859073893228,117.57726485188803,117.58126489257812
2023-07-26 16:05:25.368634,5559365.0,5559814.0,115.62763476562499,115.6316348063151,117.59030891927083,117.59430900065104
2023-07-26 16:05:25.382150,5559369.0,5559818.0,115.64502689615885,115.64902693684895,117.60770072428386,117.61170076497396
2023-07-26 16:05:25.394526,5559372.0,5559821.0,115.65807096354166,115.66207104492189,117.62074479166667,117.62474487304686
2023-07-26 16:05:25.407677,5559375.0,5559824.0,115.67111474609375,115.67511478678385,117.63378889973959,117.63778894042969
2023-07-26 16:05:25.420956,5559378.0,5559827.0,115.68415881347656,115.68815885416667,117.64683276367187,117.65083276367187
2023-07-26 16:05:25.438058,5559381.0,5559830.0,115.69720292154948,115.70120296223959,117.65987674967448,117.66387679036458
2023-07-26 16:05:25.451024,5559385.0,5559834.0,115.7145946858724,115.7185947265625,117.67726883951823,117.68126892089845
2023-07-26 16:05:25.464090,5559388.0,5559837.0,115.72763879394532,115.7316388346354,117.69031294759115,117.69431298828124
2023-07-26 16:05:25.477233,5559391.0,5559840.0,115.74068286132812,115.74468290201823,117.70335668945312,117.70735673014323
2023-07-26 16:05:25.494309,5559394.0,5559843.0,115.75372696940104,115.75772701009114,117.71640079752603,117.72040083821615
2023-07-26 16:05:25.507517,5559398.0,5559847.0,115.77111873372395,115.77511877441407,117.73379288736979,117.73779296875
2023-07-26 16:05:25.520838,5559401.0,5559850.0,115.78416284179688,115.78816288248697,117.74683666992188,117.75083671061198
2023-07-26 16:05:25.538105,5559404.0,5559853.0,115.79720690917968,115.8012069498698,117.75988073730468,117.76388077799479
2023-07-26 16:05:25.550997,5559408.0,5559857.0,115.8145987141927,115.81859875488281,117.77727286783853,117.78127290852865
2023-07-26 16:05:25.564164,5559411.0,5559860.0,115.82764278157552,115.83164282226562,117.79031693522136,117.79431701660157
2023-07-26 16:05:25.577436,5559414.0,5559863.0,115.84068688964844,115.84468693033854,117.80336071777344,117.80736075846353
2023-07-26 16:05:25.594544,5559417.0,5559866.0,115.85373095703125,115.85773099772135,117.81640478515624,117.82040482584635
2023-07-26 16:05:25.608075,5559421.0,5559870.0,115.87112276204427,115.87512280273438,117.8337969156901,117.8377969563802
2023-07-26 16:05:25.621195,5559424.0,5559873.0,115.88416682942709,115.88816687011719,117.84684065755208,117.8508406982422
2023-07-26 16:05:25.638280,5559427.0,5559876.0,115.8972109375,115.9012109781901,117.859884765625,117.8638848063151
2023-07-26 16:05:25.651570,5559431.0,5559880.0,115.91460270182291,115.91860274251302,117.87727685546875,117.88127693684895
2023-07-26 16:05:25.663806,5559434.0,5559883.0,115.92764680989583,115.93164685058593,117.89032096354165,117.89432100423177
2023-07-26 16:05:25.681931,5559437.0,5559886.0,115.94069087727864,115.94469091796876,117.90336470540365,117.90736474609375
2023-07-26 16:05:25.694486,5559441.0,5559890.0,115.95808288574219,115.96208288574219,117.9207568359375,117.92475687662761
2023-07-26 16:05:25.707584,5559444.0,5559893.0,115.97112674967448,115.97512679036458,117.93380090332032,117.93780098470052
2023-07-26 16:05:25.724890,5559447.0,5559896.0,115.9841708577474,115.9881708984375,117.94684468587239,117.9508447265625
2023-07-26 16:05:25.738016,5559451.0,5559900.0,116.00156294759114,116.00556302897135,117.96423677571615,117.96823685709636
2023-07-26 16:05:25.751338,5559454.0,5559903.0,116.01460673014323,116.01860677083333,117.97728088378906,117.98128092447917
2023-07-26 16:05:25.768650,5559457.0,5559906.0,116.02765079752604,116.03165083821615,117.99032495117187,117.99432495117186
2023-07-26 16:05:25.781397,5559461.0,5559910.0,116.0450429280599,116.04904296875,118.0077167561849,118.01171679687499
2023-07-26 16:05:25.794845,5559464.0,5559913.0,116.0580867919922,116.06208679199219,118.02076082356771,118.02476090494791
2023-07-26 16:05:25.807865,5559467.0,5559916.0,116.07113077799478,116.0751308186849,118.03380493164062,118.03780497233073
2023-07-26 16:05:25.825478,5559470.0,5559919.0,116.0841748453776,116.08817488606772,118.04684867350261,118.0508487141927
2023-07-26 16:05:25.838659,5559474.0,5559923.0,116.10156697591145,116.10556701660157,118.06424080403646,118.06824084472656
2023-07-26 16:05:25.855736,5559477.0,5559926.0,116.11461071777345,116.11861075846353,118.07728487141928,118.08128495279948
2023-07-26 16:05:25.868362,5559481.0,5559930.0,116.1320028483073,116.1360028889974,118.09467667643229,118.09867671712239
2023-07-26 16:05:25.881387,5559484.0,5559933.0,116.1450469156901,116.14904699707031,118.10772074381511,118.11172082519532
2023-07-26 16:05:25.899363,5559487.0,5559936.0,116.15809069824219,116.16209073893229,118.12076485188803,118.12476489257813
2023-07-26 16:05:25.911901,5559491.0,5559940.0,116.17548278808594,116.17948286946614,118.13815694173178,118.14215698242187
2023-07-26 16:05:25.929944,5559494.0,5559943.0,116.18852689615886,116.19252693684895,118.15120072428385,118.15520076497396
2023-07-26 16:05:25.942367,5559498.0,5559947.0,116.2059188232422,116.20991882324219,118.16859281412759,118.17259289550782
2023-07-26 16:05:25.955791,5559501.0,5559950.0,116.21896276855469,116.22296280924479,118.18163692220051,118.18563696289063
2023-07-26 16:05:25.972932,5559504.0,5559953.0,116.2320068359375,116.23600691731771,118.1946806640625,118.19868074544272
2023-07-26 16:05:25.986007,5559508.0,5559957.0,116.24939896647136,116.25339900716146,118.21208321126302,118.21608325195312
2023-07-26 16:05:25.999145,5559511.0,5559960.0,116.26244270833334,116.26644278971354,118.22511686197916,118.22911694335937
2023-07-26 16:05:26.016518,5559514.0,5559963.0,116.27548681640624,116.27948685709636,118.23816088867187,118.24216088867188
2023-07-26 16:05:26.029386,5559518.0,5559967.0,116.29287890625,116.29687898763021,118.255552734375,118.25955281575521
2023-07-26 16:05:26.042519,5559521.0,5559970.0,116.30592272949218,116.30992272949219,118.26859684244792,118.27259688313802
2023-07-26 16:05:26.059774,5559524.0,5559973.0,116.3189667561849,116.3229668375651,118.28164090983073,118.28564099121094
2023-07-26 16:05:26.072883,5559528.0,5559977.0,116.33635888671876,116.34035892740886,118.29903271484376,118.30303275553385
2023-07-26 16:05:26.090769,5559531.0,5559980.0,116.34940295410156,116.35340303548178,118.31207678222655,118.31607686360677
2023-07-26 16:05:26.103846,5559535.0,5559984.0,116.36679475911458,116.37079479980468,118.32946891276042,118.33346895345052
2023-07-26 16:05:26.116821,5559538.0,5559987.0,116.37983882649739,116.38383890787762,118.3425126546224,118.34651273600261
2023-07-26 16:05:26.134084,5559541.0,5559990.0,116.39288293457031,116.39688297526041,118.35555676269531,118.35955680338542
2023-07-26 16:05:26.146680,5559545.0,5559994.0,116.41027469889323,116.41427478027343,118.37294889322916,118.37694893391927
2023-07-26 16:05:26.163823,5559548.0,5559997.0,116.42331880696614,116.42731884765625,118.38599291992188,118.38999291992188
2023-07-26 16:05:26.176996,5559552.0,5560001.0,116.4407109375,116.4447109781901,118.40338476562499,118.40738480631511
2023-07-26 16:05:26.194632,5559555.0,5560004.0,116.45375476074219,116.45775476074219,118.41642883300781,118.42042887369793
2023-07-26 16:05:26.208144,5559559.0,5560008.0,116.47114680989583,116.47514685058594,118.43382096354166,118.43782100423176
2023-07-26 16:05:26.225282,5559562.0,5560011.0,116.48419087727865,116.48819091796875,118.44686470540364,118.45086474609374
2023-07-26 16:05:26.237987,5559566.0,5560015.0,116.50158288574218,116.50558288574219,118.4642568359375,118.4682568766276
2023-07-26 16:05:26.251047,5559569.0,5560018.0,116.51462674967448,116.51862679036458,118.47730090332031,118.48130098470052
2023-07-26 16:05:26.268405,5559572.0,5560021.0,116.5276708577474,116.53167089843751,118.4903446858724,118.49434472656249
2023-07-26 16:05:26.281480,5559576.0,5560025.0,116.54506294759115,116.54906302897136,118.50773677571615,118.51173685709635
2023-07-26 16:05:26.299585,5559579.0,5560028.0,116.55810673014324,116.56210677083332,118.52078088378907,118.52478092447916
2023-07-26 16:05:26.312166,5559583.0,5560032.0,116.57549881998698,116.57949890136719,118.53817264811197,118.54217272949218
2023-07-26 16:05:26.329283,5559586.0,5560035.0,116.5885429280599,116.59254296875,118.5512167561849,118.555216796875
2023-07-26 16:05:26.346485,5559590.0,5560039.0,116.6059346923828,116.60993477376303,118.56860884602865,118.57260892740887
2023-07-26 16:05:26.359688,5559594.0,5560043.0,116.62332682291667,116.62732686360677,118.58600073242188,118.59000073242188
2023-07-26 16:05:26.377793,5559597.0,5560046.0,116.63637089029949,116.64037097167969,118.59904471842448,118.60304479980468
2023-07-26 16:05:26.394904,5559602.0,5560050.0,116.65811071777344,116.66211075846354,118.61643684895834,118.62043688964843
2023-07-26 16:05:26.411860,5559605.0,5560054.0,116.67115482584636,116.67515486653646,118.63382885742188,118.63782885742187
2023-07-26 16:05:26.424821,5559609.0,5560058.0,116.68854691569011,116.69254699707031,118.6512207438151,118.65522082519531
2023-07-26 16:05:26.442757,5559612.0,5560061.0,116.70159069824219,116.70559073893229,118.66426485188802,118.66826489257812
2023-07-26 16:05:26.455714,5559616.0,5560065.0,116.71898278808594,116.72298286946615,118.68165694173177,118.68565698242188
2023-07-26 16:05:26.472656,5559619.0,5560068.0,116.73202689615886,116.73602693684896,118.69470072428386,118.69870076497396
2023-07-26 16:05:26.486608,5559623.0,5560072.0,116.7494188232422,116.7534188232422,118.7120928141276,118.71609289550781
2023-07-26 16:05:26.499565,5559626.0,5560075.0,116.7624627685547,116.76646280924479,118.72513692220052,118.72913696289062
2023-07-26 16:05:26.516513,5559629.0,5560078.0,116.77550683593749,116.7795069173177,118.7381806640625,118.74218074544271
2023-07-26 16:05:26.529464,5559633.0,5560082.0,116.79289896647136,116.79689900716146,118.75558321126302,118.75958325195313
2023-07-26 16:05:26.542421,5559636.0,5560085.0,116.80594270833333,116.80994278971355,118.76861686197917,118.77261694335937
2023-07-26 16:05:26.560360,5559639.0,5560088.0,116.81898681640625,116.82298685709635,118.78166088867188,118.78566088867187
2023-07-26 16:05:26.573365,5559643.0,5560092.0,116.83637890625,116.8403789876302,118.79905273437501,118.80305281575521
2023-07-26 16:05:26.586278,5559646.0,5560095.0,116.84942272949218,116.85342272949218,118.81209684244791,118.81609688313803
2023-07-26 16:05:26.603225,5559649.0,5560098.0,116.8624667561849,116.86646683756511,118.82514090983072,118.82914099121095
2023-07-26 16:05:26.616174,5559653.0,5560102.0,116.87985888671875,116.88385892740887,118.84253271484376,118.84653275553386
2023-07-26 16:05:26.634113,5559656.0,5560105.0,116.89290295410157,116.89690303548177,118.85557678222656,118.85957686360676
2023-07-26 16:05:26.651057,5559660.0,5560109.0,116.91029475911459,116.91429479980468,118.87296891276041,118.87696895345051
2023-07-26 16:05:26.664014,5559664.0,5560113.0,116.92768688964844,116.93168693033854,118.89036071777343,118.89436075846353
2023-07-26 16:05:26.681953,5559667.0,5560116.0,116.94073095703125,116.94473099772135,118.90340478515624,118.90740482584636
2023-07-26 16:05:26.695049,5559671.0,5560120.0,116.95812276204427,116.96212280273438,118.9207969156901,118.9247969563802
2023-07-26 16:05:26.712234,5559674.0,5560123.0,116.97116682942709,116.97516687011719,118.93384065755208,118.93784069824218
2023-07-26 16:05:26.725239,5559678.0,5560127.0,116.98855895996094,116.99255900065104,118.95123278808595,118.95523282877603
2023-07-26 16:05:26.742485,5559681.0,5560130.0,117.0016027018229,117.00560274251302,118.96427685546875,118.96827693684895
2023-07-26 16:05:26.755639,5559685.0,5560134.0,117.01899483235677,117.02299487304687,118.98166870117187,118.98566870117187
2023-07-26 16:05:26.772763,5559688.0,5560137.0,117.03203889973958,117.03603898111979,118.99471272786458,118.9987128092448
2023-07-26 16:05:26.785847,5559692.0,5560141.0,117.0494307047526,117.05343074544271,119.01210485839844,119.01610489908855
2023-07-26 16:05:26.799162,5559695.0,5560144.0,117.06247477213542,117.06647485351561,119.02514892578125,119.02914900716145
2023-07-26 16:05:26.816311,5559698.0,5560147.0,117.07551888020834,117.07951892089844,119.03819270833333,119.04219274902344
2023-07-26 16:05:26.829706,5559702.0,5560151.0,117.09291097005209,117.09691101074219,119.05558479817708,119.05958487955729
2023-07-26 16:05:26.846897,5559705.0,5560154.0,117.10595475260416,117.10995479329428,119.06862890625,119.0726289469401
2023-07-26 16:05:26.859564,5559709.0,5560158.0,117.12334684244792,117.12734692382813,119.08602067057292,119.09003116861979
2023-07-26 16:05:26.877727,5559712.0,5560161.0,117.13639095052083,117.14039099121095,119.09906477864584,119.10306481933593
2023-07-26 16:05:26.890928,5559716.0,5560165.0,117.15378271484376,117.15778279622396,119.11645690917969,119.12045694986979
2023-07-26 16:05:26.907923,5559719.0,5560168.0,117.16682682291666,117.17082686360676,119.12950073242187,119.13350073242188
2023-07-26 16:05:26.925541,5559723.0,5560172.0,117.18421895345051,117.18821899414063,119.14689278157552,119.15089282226562
2023-07-26 16:05:26.942361,5559727.0,5560176.0,117.20161071777343,117.20561075846354,119.16428487141927,119.16828495279948
2023-07-26 16:05:26.960301,5559731.0,5560180.0,117.21900284830728,117.2230028889974,119.18167667643229,119.18567671712239
2023-07-26 16:05:26.973257,5559735.0,5560184.0,117.23639493815104,117.24039501953125,119.19906876627604,119.20306884765625
2023-07-26 16:05:26.990200,5559739.0,5560187.0,117.25378674316406,117.25778678385417,119.21211287434896,119.21611291503906
2023-07-26 16:05:27.007815,5559742.0,5560191.0,117.26683081054688,117.27083089192709,119.22950463867187,119.2335047200521
2023-07-26 16:05:27.020974,5559746.0,5560195.0,117.28422294108073,117.28822298177083,119.24689676920573,119.25089680989582
2023-07-26 16:05:27.038078,5559749.0,5560198.0,117.29726668294272,117.30126676432292,119.25994087727864,119.26394091796875
2023-07-26 16:05:27.051764,5559753.0,5560202.0,117.31465881347657,117.31865885416667,119.27733276367186,119.28133276367187
2023-07-26 16:05:27.068317,5559756.0,5560205.0,117.32770292154947,117.33170296223959,119.29037674967448,119.29437679036458
2023-07-26 16:05:27.081889,5559760.0,5560209.0,117.3450946858724,117.3490947265625,119.30776883951823,119.31176892089844
2023-07-26 16:05:27.099006,5559763.0,5560212.0,117.35813879394532,117.36213883463542,119.32081294759115,119.32481298828124
2023-07-26 16:05:27.111969,5559767.0,5560216.0,117.37553088378907,117.37953096516927,119.33820471191407,119.34220479329427
2023-07-26 16:05:27.129912,5559770.0,5560219.0,117.38857499186197,117.39257503255209,119.35124881998698,119.35524886067708
2023-07-26 16:05:27.142865,5559774.0,5560223.0,117.4059667561849,117.40996683756511,119.36864090983072,119.37264099121094
2023-07-26 16:05:27.159811,5559777.0,5560226.0,117.41901086425781,117.42301090494792,119.3816846923828,119.38568473307292
2023-07-26 16:05:27.177749,5559781.0,5560230.0,117.43640295410157,117.44040303548178,119.39907678222656,119.40307686360677
2023-07-26 16:05:27.190705,5559785.0,5560234.0,117.45379475911459,117.45779479980469,119.41646891276042,119.42046895345052
2023-07-26 16:05:27.207649,5559788.0,5560237.0,117.4668388264974,117.4708389078776,119.4295126546224,119.4335127360026
2023-07-26 16:05:27.220605,5559792.0,5560241.0,117.48423095703126,117.48823099772135,119.44690478515625,119.45090482584635
2023-07-26 16:05:27.242532,5559796.0,5560245.0,117.50162276204426,117.50562280273438,119.46429691569011,119.4682969563802
2023-07-26 16:05:27.255488,5559800.0,5560249.0,117.51901485188803,117.52301493326823,119.48168868001301,119.48568876139323
2023-07-26 16:05:27.273428,5559803.0,5560252.0,117.53205895996093,117.53605900065104,119.49473278808594,119.49873282877604
2023-07-26 16:05:27.286385,5559807.0,5560256.0,117.54945072428386,117.55345080566407,119.51213529459635,119.51613537597656
2023-07-26 16:05:27.303327,5559810.0,5560259.0,117.56249483235678,117.56649487304686,119.52516870117188,119.52916870117187
2023-07-26 16:05:27.316290,5559814.0,5560263.0,117.57988692220052,117.58388700358074,119.54256075032552,119.54656083170572
2023-07-26 16:05:27.334225,5559817.0,5560266.0,117.5929307047526,117.5969307454427,119.55560485839844,119.55960489908854
2023-07-26 16:05:27.347181,5559821.0,5560270.0,117.61033321126301,117.61433329264322,119.57299682617187,119.57699682617188
2023-07-26 16:05:27.364124,5559824.0,5560273.0,117.62336690266928,117.62736694335938,119.58604073079427,119.59004077148438
2023-07-26 16:05:27.377090,5559828.0,5560277.0,117.64075866699218,117.6447587483724,119.60343286132813,119.60743290201823
2023-07-26 16:05:27.395020,5559831.0,5560280.0,117.6538027750651,117.6578028157552,119.61647692871094,119.62047696940104
2023-07-26 16:05:27.407977,5559835.0,5560284.0,117.67119490559897,117.67519494628905,119.63386873372396,119.63786877441406
2023-07-26 16:05:27.424920,5559838.0,5560287.0,117.68423897298176,117.68823901367188,119.64691280110677,119.65091284179688
2023-07-26 16:05:27.437877,5559842.0,5560291.0,117.7016307779948,117.7056308186849,119.66430493164061,119.66830497233073
2023-07-26 16:05:27.455817,5559845.0,5560294.0,117.7146748453776,117.71867488606772,119.6773486735026,119.68134871419271
2023-07-26 16:05:27.468774,5559849.0,5560298.0,117.73206697591145,117.73606701660157,119.69474080403646,119.69874084472657
2023-07-26 16:05:27.485717,5559852.0,5560301.0,117.74511071777344,117.74911075846353,119.70778487141928,119.71178495279948
2023-07-26 16:05:27.499670,5559856.0,5560305.0,117.76250284830729,117.7665028889974,119.7251766764323,119.72917671712239
2023-07-26 16:05:27.516613,5559859.0,5560308.0,117.7755469156901,117.77954699707031,119.7382207438151,119.74222082519532
2023-07-26 16:05:27.529570,5559863.0,5560312.0,117.79293872070312,117.79693876139324,119.75561287434896,119.75961291503907
2023-07-26 16:05:27.547510,5559866.0,5560315.0,117.80598278808594,117.80998286946615,119.76865694173178,119.77265698242188
2023-07-26 16:05:27.560467,5559870.0,5560319.0,117.82338533528646,117.82738537597656,119.7860487467448,119.7900487874349
2023-07-26 16:05:27.577409,5559873.0,5560322.0,117.8364188232422,117.84041882324219,119.7990928141276,119.80309289550782
2023-07-26 16:05:27.590367,5559877.0,5560326.0,117.85381079101563,117.85781083170572,119.81648494466145,119.82048498535156
2023-07-26 16:05:27.608306,5559880.0,5560329.0,117.86685485839844,117.87085493977865,119.82952868652343,119.83352876790364
2023-07-26 16:05:27.621263,5559884.0,5560333.0,117.88424694824218,117.88824694824218,119.8469208170573,119.8509208577474
2023-07-26 16:05:27.638206,5559887.0,5560336.0,117.89729073079427,117.90129081217448,119.85996492513021,119.8639649658203
2023-07-26 16:05:27.651162,5559891.0,5560340.0,117.91468286132813,117.91868290201823,119.87735668945312,119.88135673014322
2023-07-26 16:05:27.669103,5559894.0,5560343.0,117.92772696940105,117.93172701009114,119.89040079752604,119.89440083821614
2023-07-26 16:05:27.682059,5559898.0,5560347.0,117.94511873372394,117.94911877441406,119.90779288736978,119.91179296874999
2023-07-26 16:05:27.699002,5559901.0,5560350.0,117.95816284179688,117.96216288248698,119.92083666992187,119.92483671061198
2023-07-26 16:05:27.711959,5559905.0,5560354.0,117.97555493164062,117.97955501302083,119.93822875976562,119.94222884114583
2023-07-26 16:05:27.729899,5559908.0,5560357.0,117.9885987141927,117.99259875488282,119.95127286783854,119.95527290852866
2023-07-26 16:05:27.742856,5559912.0,5560361.0,118.00599080403646,118.00999088541666,119.96866479492188,119.97266479492187
2023-07-26 16:05:27.759799,5559915.0,5560364.0,118.01903491210938,118.02303495279948,119.98170874023437,119.98570878092448
2023-07-26 16:05:27.772755,5559919.0,5560368.0,118.0364266764323,118.0404267578125,119.99910083007812,120.00310091145833
2023-07-26 16:05:27.790695,5559922.0,5560371.0,118.0494707845052,118.05347082519532,120.01214493815104,120.01614497884115
2023-07-26 16:05:27.807638,5559926.0,5560375.0,118.06686287434896,118.07086295572917,120.02953670247396,120.03353678385417
2023-07-26 16:05:27.820595,5559930.0,5560379.0,118.08425476074218,118.08825476074219,120.04692883300781,120.05092887369793
2023-07-26 16:05:27.838535,5559933.0,5560382.0,118.0972987467448,118.101298828125,120.05997294108073,120.06397298177083
2023-07-26 16:05:27.851492,5559937.0,5560386.0,118.11469087727865,118.11869091796875,120.07736470540365,120.08136474609374
2023-07-26 16:05:27.868435,5559940.0,5560389.0,118.12773498535155,118.13173502604167,120.09040881347656,120.09440885416667
2023-07-26 16:05:27.881392,5559944.0,5560393.0,118.14512674967447,118.14912679036458,120.10780090332031,120.11180098470052
2023-07-26 16:05:27.899332,5559947.0,5560396.0,118.1581708577474,118.16217089843751,120.1208446858724,120.1248447265625
2023-07-26 16:05:27.912288,5559951.0,5560400.0,118.17556294759115,118.17956302897136,120.13823677571615,120.14223685709635
2023-07-26 16:05:27.929230,5559954.0,5560403.0,118.18860673014323,118.19260677083332,120.15128088378907,120.15528092447916
2023-07-26 16:05:27.942186,5559958.0,5560407.0,118.20599881998699,118.20999890136719,120.16867264811198,120.17267272949218
2023-07-26 16:05:27.960131,5559961.0,5560410.0,118.21904292805989,118.22304296875,120.1817167561849,120.185716796875
2023-07-26 16:05:27.977106,5559965.0,5560414.0,118.2364346923828,118.24043477376303,120.19910884602865,120.20310892740886
2023-07-26 16:05:27.990292,5559969.0,5560418.0,118.25382682291666,118.25782686360677,120.21650073242188,120.22050073242188
2023-07-26 16:05:28.007715,5559972.0,5560421.0,118.26687089029949,118.2708709716797,120.22954471842448,120.23354479980469
2023-07-26 16:05:28.020511,5559976.0,5560425.0,118.2842626953125,118.28826273600261,120.24693684895834,120.25093688964843
2023-07-26 16:05:28.038878,5559979.0,5560428.0,118.29730676269531,118.30130684407551,120.25998095703125,120.26398099772135
2023-07-26 16:05:28.051373,5559983.0,5560432.0,118.31469889322918,118.31869893391926,120.27737272135415,120.28137276204427
2023-07-26 16:05:28.068650,5559986.0,5560435.0,118.32774300130208,118.33174304199218,120.29041682942709,120.29441687011719
2023-07-26 16:05:28.086571,5559990.0,5560439.0,118.34513476562499,118.3491348063151,120.30780891927083,120.31180900065104
2023-07-26 16:05:28.099113,5559994.0,5560443.0,118.36252689615885,118.36652693684896,120.32520072428386,120.32920076497396
2023-07-26 16:05:28.116518,5559997.0,5560446.0,118.37557096354166,118.37957104492187,120.33824479166667,120.34224487304687
2023-07-26 16:05:28.133665,5560001.0,5560450.0,118.3929627685547,118.39696280924478,120.35563692220052,120.35963696289062
2023-07-26 16:05:28.146803,5560005.0,5560454.0,118.41035485839845,118.41435493977865,120.37302868652344,120.37702876790364
2023-07-26 16:05:28.164051,5560008.0,5560457.0,118.42339896647135,118.42739900716145,120.38608321126301,120.39008325195313
2023-07-26 16:05:28.177173,5560012.0,5560461.0,118.44079073079426,118.44479081217447,120.40346492513021,120.40746496582031
2023-07-26 16:05:28.194522,5560015.0,5560464.0,118.45383483886718,118.4578348795573,120.41650866699219,120.4205087076823
2023-07-26 16:05:28.207663,5560019.0,5560468.0,118.47122696940104,118.47522701009115,120.43390079752604,120.43790083821615
2023-07-26 16:05:28.225029,5560022.0,5560471.0,118.48428112792969,118.48828116861978,120.44694486490886,120.45094490559896
2023-07-26 16:05:28.238329,5560026.0,5560475.0,118.50166284179689,118.50566288248697,120.46433666992188,120.46833671061198
2023-07-26 16:05:28.256024,5560029.0,5560478.0,118.51470690917968,118.5187069498698,120.47738077799478,120.48138077799479
2023-07-26 16:05:28.269175,5560033.0,5560482.0,118.5320987141927,118.53609875488281,120.49477286783853,120.49877290852865
2023-07-26 16:05:28.286230,5560036.0,5560485.0,118.54514278157552,118.54914282226562,120.50781693522136,120.51181701660157
2023-07-26 16:05:28.299654,5560040.0,5560489.0,118.56253491210937,118.56653495279949,120.52520874023438,120.52920878092448
2023-07-26 16:05:28.316733,5560043.0,5560492.0,118.57557897949219,118.57957897949218,120.5382528076172,120.5422528889974
2023-07-26 16:05:28.333993,5560047.0,5560496.0,118.59297078450521,118.59697082519531,120.55564493815105,120.55964497884115
2023-07-26 16:05:28.347000,5560051.0,5560500.0,118.61036287434895,118.61436295572916,120.57303670247396,120.57703678385417
2023-07-26 16:05:28.364212,5560054.0,5560503.0,118.62340698242187,118.62740702311199,120.58608081054687,120.59008085123698
2023-07-26 16:05:28.377637,5560058.0,5560507.0,118.64079874674479,118.644798828125,120.60347294108072,120.60747298177084
2023-07-26 16:05:28.394665,5560061.0,5560510.0,118.65384285481771,118.65784289550781,120.61651668294272,120.62051672363282
2023-07-26 16:05:28.407775,5560065.0,5560514.0,118.67123498535156,118.67523502604166,120.63390881347657,120.63790885416667
2023-07-26 16:05:28.424894,5560068.0,5560517.0,118.68427872721355,118.68827876790364,120.64695288085937,120.65095292154948
2023-07-26 16:05:28.437933,5560072.0,5560521.0,118.7016708577474,118.7056708984375,120.6643446858724,120.6683447265625
2023-07-26 16:05:28.455965,5560075.0,5560524.0,118.71471492513021,118.71871496582031,120.6773887532552,120.68138879394532
2023-07-26 16:05:28.468949,5560079.0,5560528.0,118.73210673014323,118.73610677083333,120.69478088378906,120.69878092447917
2023-07-26 16:05:28.486082,5560082.0,5560531.0,118.74515079752604,118.74915083821615,120.70782495117187,120.71182495117186
2023-07-26 16:05:28.499044,5560086.0,5560535.0,118.7625429280599,118.76654296874999,120.7252167561849,120.729216796875
2023-07-26 16:05:28.516322,5560089.0,5560538.0,118.77558679199218,118.77958679199219,120.7382608235677,120.74226090494791
2023-07-26 16:05:28.530066,5560093.0,5560542.0,118.79297880045573,118.79697884114583,120.75565295410156,120.75965299479167
2023-07-26 16:05:28.547114,5560096.0,5560545.0,118.80602286783854,118.81002294921875,120.76869669596354,120.77269677734375
2023-07-26 16:05:28.564341,5560100.0,5560549.0,118.82341491699219,118.8274149169922,120.78608882649739,120.7900888671875
2023-07-26 16:05:28.577196,5560104.0,5560553.0,118.84080676269531,118.84480684407552,120.80348095703125,120.80748099772134
2023-07-26 16:05:28.594742,5560108.0,5560556.0,118.85819889322917,118.86219893391927,120.81652469889323,120.82052473958333
2023-07-26 16:05:28.612689,5560111.0,5560560.0,118.87124300130209,118.87524304199218,120.8339168294271,120.83791687011718
2023-07-26 16:05:28.625125,5560115.0,5560564.0,118.888634765625,118.8926348063151,120.85130891927082,120.85530900065103
2023-07-26 16:05:28.642475,5560118.0,5560567.0,118.90167887369792,118.90567891438802,120.86435270182291,120.86835274251303
2023-07-26 16:05:28.655753,5560122.0,5560571.0,118.91907096354166,118.92307104492188,120.88174479166666,120.88574487304687
2023-07-26 16:05:28.673358,5560125.0,5560574.0,118.93211474609375,118.93611478678386,120.89478889973958,120.8987889404297
2023-07-26 16:05:28.690366,5560129.0,5560578.0,118.9495068359375,118.95350691731771,120.9121806640625,120.9161807454427
2023-07-26 16:05:28.703561,5560133.0,5560582.0,118.96689896647136,118.97089900716146,120.92958321126302,120.93358325195312
2023-07-26 16:05:28.721022,5560136.0,5560585.0,118.97994270833334,118.98394278971354,120.94261686197916,120.94661694335937
2023-07-26 16:05:28.733811,5560140.0,5560589.0,118.99733483886718,119.00133487955729,120.96000866699218,120.9640087076823
2023-07-26 16:05:28.751207,5560143.0,5560592.0,119.01037890625,119.01437898763021,120.973052734375,120.97705281575521
2023-07-26 16:05:28.764268,5560147.0,5560596.0,119.02778116861978,119.03178116861979,120.99044486490885,120.99444490559897
2023-07-26 16:05:28.781583,5560150.0,5560599.0,119.04081477864584,119.04481486002604,121.00348897298177,121.00748901367187
2023-07-26 16:05:28.795030,5560154.0,5560603.0,119.05820690917969,119.06220694986979,121.0208807373047,121.02488077799478
2023-07-26 16:05:28.812168,5560157.0,5560606.0,119.07125085449219,119.07525085449218,121.0339248453776,121.03792488606771
2023-07-26 16:05:28.825379,5560161.0,5560610.0,119.08864282226561,119.09264282226562,121.05131693522135,121.05531701660156
2023-07-26 16:05:28.842504,5560164.0,5560613.0,119.10168688964843,119.10568693033855,121.06436071777344,121.06836075846354
2023-07-26 16:05:28.855544,5560168.0,5560617.0,119.11907897949219,119.12307897949219,121.08175280761719,121.0857528889974
2023-07-26 16:05:28.873731,5560171.0,5560620.0,119.13212276204428,119.13612280273438,121.09479691569011,121.0987969563802
2023-07-26 16:05:28.885969,5560175.0,5560624.0,119.14951485188803,119.15351493326823,121.11218868001302,121.11618876139323
2023-07-26 16:05:28.903923,5560178.0,5560627.0,119.16255895996093,119.16655900065103,121.12523278808594,121.12923282877604
2023-07-26 16:05:28.921049,5560182.0,5560631.0,119.17995072428386,119.18395080566407,121.14263529459635,121.14663537597656
2023-07-26 16:05:28.938738,5560186.0,5560635.0,119.1973428548177,119.20134289550782,121.16001668294271,121.16401672363281
2023-07-26 16:05:28.951815,5560190.0,5560639.0,119.21473498535155,119.21873502604167,121.17740881347656,121.18140885416668
2023-07-26 16:05:28.968930,5560193.0,5560642.0,119.22777872721355,119.23177876790365,121.19045288085938,121.19445292154947
2023-07-26 16:05:28.986051,5560197.0,5560646.0,119.2451708577474,119.24917089843751,121.2078446858724,121.21184472656249
2023-07-26 16:05:28.999682,5560201.0,5560650.0,119.26256294759115,119.26656302897135,121.22523677571616,121.22923685709635
2023-07-26 16:05:29.016826,5560204.0,5560653.0,119.27560673014322,119.27960677083333,121.23828088378906,121.24228092447916
2023-07-26 16:05:29.034012,5560208.0,5560657.0,119.29299881998698,119.29699890136719,121.25567264811197,121.25967272949218
2023-07-26 16:05:29.051950,5560212.0,5560661.0,119.31039095052083,119.31439099121094,121.27306477864583,121.27706481933593
2023-07-26 16:05:29.068895,5560216.0,5560665.0,119.32778271484375,119.33178279622396,121.29045690917968,121.2944569498698
2023-07-26 16:05:29.085838,5560220.0,5560669.0,119.3451748453776,119.34917488606771,121.3078486735026,121.3118487141927
2023-07-26 16:05:29.099803,5560224.0,5560673.0,119.36256697591145,119.36656701660156,121.32524080403645,121.32924084472657
2023-07-26 16:05:29.116735,5560227.0,5560676.0,119.37561071777344,119.37961075846353,121.33828487141928,121.34228495279949
2023-07-26 16:05:29.133679,5560231.0,5560680.0,119.39300284830729,119.3970028889974,121.3556766764323,121.35967671712238
2023-07-26 16:05:29.147638,5560235.0,5560684.0,119.41039493815104,119.41439501953126,121.37306876627605,121.37706884765625
2023-07-26 16:05:29.164574,5560238.0,5560687.0,119.42343872070312,119.42743876139323,121.38611287434895,121.39011291503907
2023-07-26 16:05:29.177531,5560242.0,5560691.0,119.44083081054687,119.44483089192708,121.40350463867186,121.40750472005209
2023-07-26 16:05:29.195471,5560245.0,5560694.0,119.45388533528646,119.45788537597656,121.4165487467448,121.4205487874349
2023-07-26 16:05:29.212418,5560249.0,5560698.0,119.47126668294271,119.47526676432292,121.43394087727864,121.43794091796876
2023-07-26 16:05:29.225371,5560253.0,5560702.0,119.48865881347656,119.49265885416668,121.45133276367187,121.45533276367188
2023-07-26 16:05:29.243311,5560256.0,5560705.0,119.50170292154948,119.50570296223958,121.46437674967449,121.46837679036457
2023-07-26 16:05:29.260256,5560260.0,5560709.0,119.5190946858724,119.52309472656249,121.48176883951824,121.48576892089844
2023-07-26 16:05:29.277197,5560264.0,5560713.0,119.53648681640625,119.54048685709635,121.49916088867188,121.50316088867187
2023-07-26 16:05:29.295137,5560268.0,5560717.0,119.55387890625,119.5578789876302,121.516552734375,121.52055281575521
2023-07-26 16:05:29.308093,5560272.0,5560721.0,119.5712811279297,119.57528116861978,121.53394486490885,121.53794490559896
2023-07-26 16:05:29.325037,5560275.0,5560724.0,119.58431477864583,119.58831486002605,121.54698897298177,121.55098901367188
2023-07-26 16:05:29.337994,5560279.0,5560728.0,119.60170690917968,119.6057069498698,121.56438073730469,121.56838077799479
2023-07-26 16:05:29.355933,5560282.0,5560731.0,119.61475085449219,119.61875085449219,121.5774248453776,121.58142488606771
2023-07-26 16:05:29.372877,5560286.0,5560735.0,119.63214278157552,119.63614282226563,121.59481693522136,121.59881701660156
2023-07-26 16:05:29.385833,5560290.0,5560739.0,119.64953491210937,119.65353495279948,121.61220874023438,121.61620878092448
2023-07-26 16:05:29.403773,5560293.0,5560742.0,119.66257897949218,119.66657897949219,121.62525280761719,121.6292528889974
2023-07-26 16:05:29.420717,5560297.0,5560746.0,119.6799707845052,119.68397082519532,121.64264493815104,121.64664497884115
2023-07-26 16:05:29.433686,5560301.0,5560750.0,119.69736287434895,119.70136295572917,121.66003670247396,121.66403678385417
2023-07-26 16:05:29.451613,5560304.0,5560753.0,119.71040698242187,119.71440702311199,121.67308081054688,121.67708085123698
2023-07-26 16:05:29.468557,5560308.0,5560757.0,119.7277987467448,119.73179882812501,121.69047294108073,121.69447298177083
2023-07-26 16:05:29.486496,5560312.0,5560761.0,119.74519087727865,119.74919091796876,121.70786470540365,121.71186474609374
2023-07-26 16:05:29.499452,5560316.0,5560765.0,119.76258288574219,119.76658288574218,121.7252568359375,121.7292568766276
2023-07-26 16:05:29.516396,5560319.0,5560768.0,119.77562674967449,119.77962679036457,121.73830090332031,121.74230098470052
2023-07-26 16:05:29.534335,5560323.0,5560772.0,119.79301888020834,119.79701892089844,121.75569270833333,121.75969274902344
2023-07-26 16:05:29.547292,5560327.0,5560776.0,119.81041097005208,119.81441101074219,121.77308479817708,121.7770848795573
2023-07-26 16:05:29.564239,5560330.0,5560779.0,119.82345475260416,119.82745479329428,121.78612890625,121.7901289469401
2023-07-26 16:05:29.577192,5560334.0,5560783.0,119.84084684244792,119.84484692382813,121.80352067057292,121.80753116861979
2023-07-26 16:05:29.595137,5560337.0,5560786.0,119.85389099121095,119.85789099121095,121.81656477864584,121.82056481933593
2023-07-26 16:05:29.612076,5560341.0,5560790.0,119.87128271484376,119.87528279622396,121.83395690917969,121.83795694986979
2023-07-26 16:05:29.630015,5560345.0,5560794.0,119.88867484537761,119.89267488606771,121.8513486735026,121.8553487141927
2023-07-26 16:05:29.646959,5560349.0,5560798.0,119.90606697591146,119.91006701660156,121.86874080403645,121.87274084472656
2023-07-26 16:05:29.659915,5560353.0,5560802.0,119.92345874023437,119.92745882161458,121.88613289388022,121.89013297526041
2023-07-26 16:05:29.677855,5560356.0,5560805.0,119.93650284830728,119.9405028889974,121.89917667643229,121.90317671712239
2023-07-26 16:05:29.694798,5560360.0,5560809.0,119.95389493815104,119.95789501953125,121.91656876627604,121.92056884765626
2023-07-26 16:05:29.707755,5560364.0,5560813.0,119.97128674316406,119.97528678385417,121.9339608968099,121.93796093750001
2023-07-26 16:05:29.725693,5560368.0,5560816.0,119.98867887369792,119.99267891438802,121.94700463867187,121.95100472005208
2023-07-26 16:05:29.742636,5560371.0,5560820.0,120.00172294108073,120.00572298177083,121.96439676920573,121.96839680989582
2023-07-26 16:05:29.760651,5560375.0,5560824.0,120.01911474609375,120.02311478678385,121.98178889973958,121.98578894042969
2023-07-26 16:05:29.777127,5560379.0,5560828.0,120.0365068359375,120.0405069173177,121.99918066406251,122.0031807454427
2023-07-26 16:05:29.790486,5560383.0,5560832.0,120.05389896647137,120.05789900716145,122.01658321126301,122.02058325195313
2023-07-26 16:05:29.807717,5560386.0,5560835.0,120.06694270833333,120.07094278971354,122.02961686197916,122.03361694335938
2023-07-26 16:05:29.820737,5560390.0,5560839.0,120.08433483886718,120.0883348795573,122.04700866699218,122.0510087076823
2023-07-26 16:05:29.838058,5560393.0,5560842.0,120.09737890625,120.10137898763021,122.060052734375,122.0640528157552
2023-07-26 16:05:29.855454,5560397.0,5560846.0,120.11478112792969,120.11878116861979,122.07744486490886,122.08144490559896
2023-07-26 16:05:29.873703,5560401.0,5560850.0,120.13216284179688,120.13616288248699,122.09483666992188,122.09883671061198
2023-07-26 16:05:29.886071,5560405.0,5560854.0,120.14955493164062,120.15355501302082,122.11222875976563,122.11622884114583
2023-07-26 16:05:29.903351,5560408.0,5560857.0,120.1625987141927,120.16659875488281,122.12527286783853,122.12927290852865
2023-07-26 16:05:29.921414,5560412.0,5560861.0,120.17999080403645,120.18399088541666,122.14266479492187,122.14666479492188
2023-07-26 16:05:29.938475,5560416.0,5560865.0,120.1973829345703,120.20138297526042,122.1600567626953,122.16405680338542
2023-07-26 16:05:29.955828,5560420.0,5560869.0,120.21477469889322,120.21877478027343,122.17744889322917,122.18144893391927
2023-07-26 16:05:29.973487,5560424.0,5560873.0,120.23216682942709,120.23616687011719,122.19484065755208,122.1988406982422
2023-07-26 16:05:29.986595,5560428.0,5560877.0,120.24955895996094,120.25355900065104,122.21223278808594,122.21623282877604
2023-07-26 16:05:30.003682,5560432.0,5560880.0,120.26695072428386,120.27095080566407,122.22527685546875,122.22927693684895
2023-07-26 16:05:30.020677,5560435.0,5560884.0,120.27999483235678,120.28399487304686,122.24266870117188,122.24666870117187
2023-07-26 16:05:30.034072,5560439.0,5560888.0,120.29738692220052,120.30138700358073,122.26006075032552,122.26406083170572
2023-07-26 16:05:30.051472,5560442.0,5560891.0,120.31043070475259,120.3144307454427,122.27310485839844,122.27710489908854
2023-07-26 16:05:30.068451,5560446.0,5560895.0,120.32783321126301,120.33183329264322,122.29049682617188,122.29449682617188
2023-07-26 16:05:30.081679,5560450.0,5560899.0,120.34521492513021,120.34921496582031,122.3078887532552,122.31188879394531
2023-07-26 16:05:30.099200,5560453.0,5560902.0,120.35825866699219,120.3622587483724,122.32093286132813,122.32493290201823
2023-07-26 16:05:30.116485,5560457.0,5560906.0,120.37565079752603,120.37965083821615,122.33832495117187,122.34232495117188
2023-07-26 16:05:30.133740,5560461.0,5560910.0,120.3930429280599,120.39704296875,122.3557167561849,122.35971679687499
2023-07-26 16:05:30.147080,5560465.0,5560914.0,120.41043469238281,120.41443477376303,122.37310884602866,122.37710892740886
2023-07-26 16:05:30.165153,5560468.0,5560917.0,120.42347880045573,120.42747884114583,122.38615295410158,122.39015299479166
2023-07-26 16:05:30.182613,5560472.0,5560921.0,120.44087089029948,120.44487097167969,122.40354471842447,122.40754479980468
2023-07-26 16:05:30.199749,5560476.0,5560925.0,120.45826269531251,120.4622627360026,122.42093684895833,122.42493688964844
2023-07-26 16:05:30.216831,5560480.0,5560929.0,120.47565482584635,120.47965486653646,122.43832885742187,122.44232885742187
2023-07-26 16:05:30.233953,5560484.0,5560933.0,120.4930469156901,120.49704699707031,122.4557207438151,122.45972082519532
2023-07-26 16:05:30.247533,5560488.0,5560937.0,120.51043872070312,120.51443876139324,122.47311287434896,122.47711291503907
2023-07-26 16:05:30.264787,5560491.0,5560940.0,120.52348278808594,120.52748286946616,122.48615694173178,122.49015698242188
2023-07-26 16:05:30.281780,5560495.0,5560944.0,120.54088533528646,120.54488537597656,122.5035487467448,122.50754878743489
2023-07-26 16:05:30.299128,5560499.0,5560948.0,120.55826668294272,120.56226676432293,122.52094087727865,122.52494091796875
2023-07-26 16:05:30.312236,5560503.0,5560952.0,120.57565881347657,120.57965885416667,122.53833276367187,122.54233276367187
2023-07-26 16:05:30.330344,5560506.0,5560955.0,120.58870292154947,120.59270296223958,122.55137674967447,122.55537679036458
2023-07-26 16:05:30.347625,5560510.0,5560959.0,120.60609468587239,120.6100947265625,122.56876883951823,122.57276892089844
2023-07-26 16:05:30.365145,5560514.0,5560963.0,120.62348681640624,120.62748685709636,122.58616088867187,122.59016088867187
2023-07-26 16:05:30.377264,5560518.0,5560967.0,120.64087890625,120.64487898763021,122.603552734375,122.60755281575521
2023-07-26 16:05:30.395388,5560522.0,5560970.0,120.65828112792968,120.66228116861978,122.61659684244792,122.62059688313803
2023-07-26 16:05:30.412478,5560525.0,5560974.0,120.67131477864584,120.67531486002605,122.63398897298177,122.63798901367187
2023-07-26 16:05:30.430002,5560529.0,5560978.0,120.68870690917969,120.6927069498698,122.65138073730469,122.6553807779948
2023-07-26 16:05:30.447509,5560533.0,5560982.0,120.7060987141927,120.71009875488281,122.66877286783854,122.67277290852864
2023-07-26 16:05:30.464711,5560537.0,5560986.0,120.72349080403646,120.72749088541666,122.68616479492188,122.69016479492187
2023-07-26 16:05:30.481707,5560541.0,5560990.0,120.74088293457031,120.74488297526041,122.70355676269531,122.70755680338542
2023-07-26 16:05:30.494664,5560545.0,5560994.0,120.75827469889323,120.76227478027343,122.72094889322918,122.72494893391926
2023-07-26 16:05:30.512604,5560548.0,5560997.0,120.77131880696614,120.77531884765625,122.73399291992187,122.73799291992188
2023-07-26 16:05:30.529547,5560552.0,5561001.0,120.7887109375,120.7927109781901,122.75138476562499,122.7553848063151
2023-07-26 16:05:30.547486,5560556.0,5561005.0,120.80610270182291,120.81010274251302,122.76877685546874,122.77277693684896
2023-07-26 16:05:30.564431,5560560.0,5561009.0,120.82349483235677,120.82749487304687,122.78616870117187,122.79016870117188
2023-07-26 16:05:30.582371,5560564.0,5561013.0,120.84088692220051,120.84488700358074,122.80356075032552,122.80756083170573
2023-07-26 16:05:30.599311,5560568.0,5561017.0,120.85827872721354,120.86227876790365,122.82095288085938,122.82495292154948
2023-07-26 16:05:30.617251,5560572.0,5561021.0,120.8756708577474,120.87967089843751,122.8383446858724,122.8423447265625
2023-07-26 16:05:30.634391,5560576.0,5561025.0,120.89306294759115,120.89706302897136,122.85573677571615,122.85973685709635
2023-07-26 16:05:30.651685,5560580.0,5561029.0,120.91045475260417,120.91445479329428,122.87312890625,122.8771289469401
2023-07-26 16:05:30.669128,5560584.0,5561033.0,120.92784684244792,120.93184692382812,122.89052067057293,122.89453116861978
2023-07-26 16:05:30.686328,5560588.0,5561037.0,120.94523897298177,120.94923901367187,122.90791280110678,122.91191284179688
2023-07-26 16:05:30.703378,5560592.0,5561041.0,120.96263077799479,120.96663081868489,122.92530493164062,122.92930497233073
2023-07-26 16:05:30.716999,5560596.0,5561045.0,120.98002286783854,120.98402294921874,122.94269669596355,122.94669677734375
2023-07-26 16:05:30.734153,5560599.0,5561048.0,120.99306697591145,120.99706701660156,122.95574080403645,122.95974084472657
2023-07-26 16:05:30.751583,5560603.0,5561052.0,121.01045874023437,121.01445882161458,122.9731328938802,122.97713297526042
2023-07-26 16:05:30.764627,5560607.0,5561056.0,121.02785087076823,121.03185091145833,122.99052469889322,122.99452473958334
2023-07-26 16:05:30.781687,5560610.0,5561059.0,121.04089493815104,121.04489501953125,123.00356876627605,123.00756884765624
2023-07-26 16:05:30.799950,5560614.0,5561063.0,121.05828674316406,121.06228678385418,123.0209608968099,123.0249609375
2023-07-26 16:05:30.817173,5560619.0,5561067.0,121.08002689615886,121.08402693684896,123.03835270182292,123.04235274251302
2023-07-26 16:05:30.834560,5560622.0,5561071.0,121.09307096354166,121.09707104492188,123.05574479166667,123.05974487304687
2023-07-26 16:05:30.851947,5560626.0,5561075.0,121.1104627685547,121.11446280924478,123.07313692220052,123.07713696289062
2023-07-26 16:05:30.869077,5560630.0,5561079.0,121.12785485839845,121.13185493977865,123.09052868652344,123.09452876790364
2023-07-26 16:05:30.886260,5560634.0,5561083.0,121.14524694824217,121.14924694824218,123.1079208170573,123.11192085774739
2023-07-26 16:05:30.903285,5560638.0,5561087.0,121.16263879394532,121.1666388346354,123.12531294759114,123.12931298828124
2023-07-26 16:05:30.920829,5560642.0,5561091.0,121.18003088378907,121.18403096516927,123.14270471191406,123.14670479329428
2023-07-26 16:05:30.934342,5560646.0,5561095.0,121.19742272949217,121.20142272949218,123.16009684244791,123.16409688313803
2023-07-26 16:05:30.956325,5560649.0,5561098.0,121.2104667561849,121.21446683756511,123.17314090983072,123.17714099121095
2023-07-26 16:05:30.973737,5560654.0,5561103.0,121.23220690917968,121.2362069498698,123.19488073730469,123.19888077799479
2023-07-26 16:05:30.990714,5560658.0,5561107.0,121.2495987141927,121.25359875488282,123.21227286783854,123.21627290852865
2023-07-26 16:05:31.008252,5560662.0,5561111.0,121.26699080403645,121.27099088541667,123.22966479492187,123.23366479492188
2023-07-26 16:05:31.025487,5560666.0,5561115.0,121.2843829345703,121.28838297526042,123.24705676269531,123.25105680338542
2023-07-26 16:05:31.038715,5560670.0,5561119.0,121.30177469889323,121.30577478027344,123.26444889322917,123.26844893391927
2023-07-26 16:05:31.055833,5560674.0,5561122.0,121.31916682942709,121.32316687011719,123.27749291992188,123.28149291992187
2023-07-26 16:05:31.073287,5560677.0,5561126.0,121.33221093750001,121.3362109781901,123.294884765625,123.2988848063151
2023-07-26 16:05:31.090719,5560681.0,5561130.0,121.34960270182292,121.35360274251302,123.31227685546875,123.31627693684895
2023-07-26 16:05:31.103826,5560685.0,5561134.0,121.36699483235677,121.37099487304687,123.32966870117187,123.33366870117187
2023-07-26 16:05:31.120963,5560688.0,5561137.0,121.38003889973957,121.38403898111979,123.34271272786458,123.34671280924479
2023-07-26 16:05:31.138329,5560692.0,5561141.0,121.3974307047526,121.40143074544271,123.36010485839844,123.36410489908855
2023-07-26 16:05:31.155737,5560696.0,5561145.0,121.41483321126302,121.41883329264323,123.37749682617188,123.38149682617188
2023-07-26 16:05:31.173271,5560700.0,5561149.0,121.43221492513021,121.43621496582031,123.3948887532552,123.39888879394532
2023-07-26 16:05:31.190434,5560704.0,5561153.0,121.44960673014323,121.45360677083333,123.41228088378907,123.41628092447917
2023-07-26 16:05:31.212027,5560709.0,5561158.0,121.47134684244791,121.47534692382813,123.43402067057292,123.43803116861979
2023-07-26 16:05:31.229374,5560713.0,5561162.0,121.48873897298176,121.49273901367188,123.45141280110677,123.45541284179689
2023-07-26 16:05:31.242410,5560717.0,5561165.0,121.50613077799478,121.5101308186849,123.46445690917969,123.46845694986979
2023-07-26 16:05:31.259549,5560720.0,5561169.0,121.5191748453776,121.52317488606771,123.48184867350261,123.4858487141927
2023-07-26 16:05:31.276785,5560724.0,5561173.0,121.53656697591146,121.54056701660156,123.49924080403646,123.50324084472656
2023-07-26 16:05:31.298206,5560728.0,5561177.0,121.55395874023438,121.55795882161458,123.51663289388021,123.52063297526041
2023-07-26 16:05:31.316101,5560733.0,5561181.0,121.57569889322917,121.57969893391926,123.53402469889323,123.53802473958334
2023-07-26 16:05:31.333454,5560737.0,5561185.0,121.5930906982422,121.59709073893228,123.55141682942708,123.55541687011718
2023-07-26 16:05:31.346517,5560741.0,5561189.0,121.61048282877604,121.61448286946614,123.56880891927082,123.57280900065103
2023-07-26 16:05:31.363586,5560744.0,5561193.0,121.62352689615886,121.62752693684895,123.58620072428386,123.59020076497396
2023-07-26 16:05:31.381621,5560748.0,5561196.0,121.64091882324219,121.6449188232422,123.59924479166666,123.60324487304688
2023-07-26 16:05:31.398828,5560752.0,5561201.0,121.65831079101562,121.66231083170572,123.62098494466146,123.62498498535156
2023-07-26 16:05:31.411224,5560756.0,5561204.0,121.67570292154947,121.67970296223959,123.63402868652344,123.63802876790365
2023-07-26 16:05:31.428643,5560759.0,5561208.0,121.68874694824218,121.69274694824219,123.6514208170573,123.6554208577474
2023-07-26 16:05:31.446858,5560763.0,5561212.0,121.70613879394531,121.71013883463542,123.66881294759115,123.67281298828124
2023-07-26 16:05:31.464043,5560767.0,5561216.0,121.72353088378907,121.72753096516928,123.68620471191407,123.69020479329427
2023-07-26 16:05:31.477328,5560771.0,5561219.0,121.74092272949218,121.74492272949217,123.69924881998698,123.70324886067708
2023-07-26 16:05:31.494717,5560774.0,5561223.0,121.7539667561849,121.7579668375651,123.71664090983072,123.72064099121094
2023-07-26 16:05:31.511922,5560778.0,5561227.0,121.77135888671874,121.77535892740886,123.73403271484375,123.73803275553385
2023-07-26 16:05:31.529368,5560782.0,5561231.0,121.78875085449218,121.79275085449218,123.7514248453776,123.75542488606771
2023-07-26 16:05:31.546731,5560786.0,5561234.0,121.80614278157552,121.81014282226562,123.76446891276042,123.76846895345052
2023-07-26 16:05:31.564093,5560790.0,5561238.0,121.82353491210937,121.82753495279948,123.78186071777344,123.78586075846353
2023-07-26 16:05:31.581314,5560794.0,5561243.0,121.84092667643229,121.8449267578125,123.80360083007812,123.80760091145834
2023-07-26 16:05:31.598406,5560798.0,5561246.0,121.85831880696614,121.86231884765625,123.81664493815104,123.82064497884116
2023-07-26 16:05:31.615784,5560802.0,5561250.0,121.8757109375,121.8797109781901,123.83403670247397,123.83803678385416
2023-07-26 16:05:31.633420,5560806.0,5561254.0,121.89310270182291,121.89710274251303,123.85142883300782,123.85542887369792
2023-07-26 16:05:31.650523,5560810.0,5561258.0,121.91049483235678,121.91449487304688,123.86882096354167,123.87282100423177
2023-07-26 16:05:31.668491,5560814.0,5561262.0,121.92788692220051,121.93188700358074,123.88621272786459,123.89021280924479
2023-07-26 16:05:31.685434,5560818.0,5561267.0,121.94527872721355,121.94927876790365,123.90795288085938,123.91195292154947
2023-07-26 16:05:31.703375,5560822.0,5561271.0,121.9626708577474,121.9666708984375,123.9253446858724,123.92934472656249
2023-07-26 16:05:31.720319,5560826.0,5561275.0,121.98006294759115,121.98406302897135,123.94273677571616,123.94673685709635
2023-07-26 16:05:31.738258,5560830.0,5561279.0,121.99745475260417,122.00145479329427,123.96012890625,123.9641289469401
2023-07-26 16:05:31.755202,5560834.0,5561283.0,122.01484684244792,122.01884692382812,123.97752067057293,123.98153116861978
2023-07-26 16:05:31.772204,5560838.0,5561287.0,122.03223897298176,122.03623901367187,123.99491280110676,123.99891284179688
2023-07-26 16:05:31.790086,5560842.0,5561291.0,122.04963077799479,122.0536308186849,124.01230493164061,124.01630497233073
2023-07-26 16:05:31.807028,5560846.0,5561294.0,122.06702286783853,122.07102294921874,124.0253486735026,124.02934871419271
2023-07-26 16:05:31.824969,5560850.0,5561299.0,122.08441491699219,122.08841491699219,124.04708882649739,124.0510888671875
2023-07-26 16:05:31.841912,5560854.0,5561303.0,122.1018067626953,122.10580684407552,124.06448095703125,124.06848099772135
2023-07-26 16:05:31.859852,5560858.0,5561307.0,122.11919889322917,122.12319893391927,124.08187272135416,124.08587276204427
2023-07-26 16:05:31.877792,5560862.0,5561311.0,122.13659069824219,122.14059073893229,124.09926485188802,124.10326489257812
2023-07-26 16:05:31.894735,5560866.0,5561315.0,122.15398278808594,122.15798286946615,124.11665694173178,124.12065698242188
2023-07-26 16:05:31.912675,5560870.0,5561319.0,122.17138533528646,122.17538537597656,124.1340487467448,124.1380487874349
2023-07-26 16:05:31.929619,5560874.0,5561323.0,122.18876668294271,122.19276676432293,124.15144087727865,124.15544091796876
2023-07-26 16:05:31.947558,5560878.0,5561327.0,122.20615881347656,122.21015885416668,124.16883276367187,124.17283276367186
2023-07-26 16:05:31.964799,5560882.0,5561331.0,122.22355094401041,122.22755098470053,124.18622477213542,124.19022481282552
2023-07-26 16:05:31.981980,5560886.0,5561335.0,122.24094270833334,122.24494278971353,124.20361686197917,124.20761694335937
2023-07-26 16:05:31.999920,5560890.0,5561339.0,122.25833483886719,122.26233487955729,124.22100866699219,124.22500870768229
2023-07-26 16:05:32.016863,5560894.0,5561343.0,122.27572696940105,122.27972701009114,124.23840079752604,124.24240083821614
2023-07-26 16:05:32.034276,5560898.0,5561347.0,122.29311873372396,122.29711877441406,124.2557928873698,124.25979296874999
2023-07-26 16:05:32.052050,5560902.0,5561351.0,122.31051086425782,122.31451090494791,124.2731846923828,124.27718473307291
2023-07-26 16:05:32.073209,5560906.0,5561356.0,122.32790295410157,122.33190303548177,124.29492484537761,124.29892488606771
2023-07-26 16:05:32.095388,5560911.0,5561360.0,122.34964278157553,122.35364282226561,124.31231693522136,124.31631701660156
2023-07-26 16:05:32.112731,5560916.0,5561365.0,122.3713829345703,122.37538297526042,124.33405676269531,124.33805680338541
2023-07-26 16:05:32.129743,5560920.0,5561369.0,122.38877469889323,122.39277478027344,124.35144889322918,124.35544893391926
2023-07-26 16:05:32.150673,5560925.0,5561373.0,122.41051485188802,122.41451493326824,124.36884065755208,124.37284069824219
2023-07-26 16:05:32.172599,5560929.0,5561378.0,122.42790698242187,122.43190702311199,124.39058081054688,124.39458085123697
2023-07-26 16:05:32.189546,5560934.0,5561382.0,122.44964680989582,122.45364685058594,124.40797294108073,124.41197298177083
2023-07-26 16:05:32.207483,5560938.0,5561387.0,122.46703889973958,122.47103898111979,124.42971272786458,124.4337128092448
2023-07-26 16:05:32.229409,5560942.0,5561391.0,122.4844307047526,122.48843074544271,124.44710485839845,124.45110489908853
2023-07-26 16:05:32.246351,5560947.0,5561396.0,122.50617085774739,122.51017089843751,124.4688446858724,124.4728447265625
2023-07-26 16:05:32.272266,5560951.0,5561400.0,122.52356294759115,122.52756302897136,124.48623677571615,124.49023685709636
2023-07-26 16:05:32.294193,5560957.0,5561407.0,122.54965079752604,122.55365083821614,124.51667264811198,124.52067272949218
2023-07-26 16:05:32.316119,5560962.0,5561411.0,122.57139095052084,122.57539099121094,124.53406477864584,124.53806481933593
2023-07-26 16:05:32.333062,5560967.0,5561416.0,122.59313077799479,122.5971308186849,124.55580493164062,124.55980497233072
2023-07-26 16:05:32.354988,5560971.0,5561420.0,122.61052286783854,122.61452294921875,124.57319669596355,124.57719677734374
2023-07-26 16:05:32.372929,5560976.0,5561425.0,122.6322626953125,122.6362627360026,124.59493684895834,124.59893688964844
2023-07-26 16:05:32.393857,5560980.0,5561429.0,122.64965482584635,122.65365486653647,124.61232885742187,124.61632885742186
2023-07-26 16:05:32.411798,5560985.0,5561433.0,122.67139493815104,122.67539501953125,124.62972074381511,124.63372082519531
2023-07-26 16:05:32.433725,5560989.0,5561438.0,122.68878674316406,122.69278678385417,124.6514608968099,124.65546093750001
2023-07-26 16:05:32.450668,5560994.0,5561443.0,122.71052689615885,122.71452693684896,124.67320072428386,124.67720076497396
2023-07-26 16:05:32.472598,5560998.0,5561447.0,122.72791882324219,122.7319188232422,124.6905928141276,124.69459289550782
2023-07-26 16:05:32.494519,5561003.0,5561452.0,122.74965881347656,122.75365885416667,124.71233276367187,124.71633276367187
2023-07-26 16:05:32.516446,5561008.0,5561457.0,122.77139896647137,122.77539900716145,124.73408321126301,124.73808325195313
2023-07-26 16:05:32.533537,5561013.0,5561462.0,122.79313879394532,122.7971388346354,124.75581294759115,124.75981298828124
2023-07-26 16:05:32.554662,5561017.0,5561466.0,122.81053088378907,122.81453096516927,124.77320471191406,124.77720479329427
2023-07-26 16:05:32.576626,5561022.0,5561471.0,122.83228112792969,122.83628116861979,124.79494486490886,124.79894490559896
2023-07-26 16:05:32.593524,5561027.0,5561476.0,122.85401086425782,122.85801090494792,124.81668469238281,124.82068473307292
2023-07-26 16:05:32.615613,5561031.0,5561480.0,122.87140295410157,122.87540303548178,124.83407678222656,124.83807686360676
2023-07-26 16:05:32.637652,5561036.0,5561485.0,122.89314278157552,122.89714282226562,124.85581693522136,124.85981701660157
2023-07-26 16:05:32.658732,5561041.0,5561490.0,122.9148829345703,122.91888297526042,124.8775567626953,124.88155680338542
2023-07-26 16:05:32.681418,5561046.0,5561495.0,122.93662276204427,122.94062280273438,124.8992969156901,124.9032969563802
2023-07-26 16:05:32.702723,5561051.0,5561500.0,122.95836287434896,122.96236295572916,124.92103670247397,124.92503678385417
2023-07-26 16:05:32.720246,5561056.0,5561504.0,122.98010270182291,122.98410274251302,124.9384288330078,124.94242887369792
2023-07-26 16:05:32.742234,5561060.0,5561509.0,122.99749483235678,123.00149487304687,124.96016870117188,124.96416870117187
2023-07-26 16:05:32.759902,5561065.0,5561514.0,123.01923498535156,123.02323502604166,124.98190881347657,124.98590885416667
2023-07-26 16:05:32.781074,5561069.0,5561518.0,123.03662674967448,123.04062679036458,124.99930090332032,125.00330098470052
2023-07-26 16:05:32.798467,5561074.0,5561523.0,123.05836690266928,123.06236694335938,125.02104073079427,125.02504077148438
2023-07-26 16:05:32.820393,5561078.0,5561527.0,123.07575866699219,123.0797587483724,125.03843286132813,125.04243290201823
2023-07-26 16:05:32.842475,5561083.0,5561532.0,123.09749881998698,123.1014989013672,125.06017264811197,125.06417272949218
2023-07-26 16:05:32.863731,5561088.0,5561537.0,123.11923897298176,123.12323901367188,125.08191280110677,125.08591284179688
2023-07-26 16:05:32.885087,5561093.0,5561541.0,123.14097880045573,123.14497884114583,125.09930493164062,125.10330497233073
2023-07-26 16:05:32.902596,5561098.0,5561547.0,123.16271895345052,123.16671899414062,125.12539278157553,125.12939282226561
2023-07-26 16:05:32.924208,5561102.0,5561551.0,123.18011071777345,123.18411075846353,125.14278487141928,125.14678495279948
2023-07-26 16:05:32.946064,5561107.0,5561556.0,123.20185087076824,123.20585091145833,125.16452469889323,125.16852473958333
2023-07-26 16:05:32.968705,5561112.0,5561561.0,123.22359069824219,123.22759073893229,125.18626485188803,125.19026489257813
2023-07-26 16:05:32.990403,5561117.0,5561566.0,123.24533081054688,123.24933089192709,125.20800463867187,125.2120047200521
2023-07-26 16:05:33.011672,5561122.0,5561570.0,123.26707096354166,123.27107104492188,125.22539676920573,125.22939680989583
2023-07-26 16:05:33.033023,5561127.0,5561576.0,123.28881079101562,123.29281083170572,125.25148494466146,125.25548498535156
2023-07-26 16:05:33.055247,5561132.0,5561581.0,123.31055094401042,123.31455098470052,125.2732247721354,125.27722481282552
2023-07-26 16:05:33.076930,5561137.0,5561586.0,123.33229073079427,123.33629081217448,125.29496492513022,125.2989649658203
2023-07-26 16:05:33.094406,5561142.0,5561591.0,123.35403088378906,123.35803096516928,125.31670471191407,125.32070479329428
2023-07-26 16:05:33.115842,5561147.0,5561595.0,123.37578112792968,123.37978116861979,125.33409684244792,125.33809688313802
2023-07-26 16:05:33.132920,5561151.0,5561600.0,123.39316284179688,123.39716288248698,125.35583666992187,125.35983671061199
2023-07-26 16:05:33.154971,5561155.0,5561604.0,123.41055493164062,123.41455501302083,125.37322875976562,125.37722884114584
2023-07-26 16:05:33.172345,5561160.0,5561608.0,123.43229475911458,123.43629479980468,125.39062089029949,125.39462093098957
2023-07-26 16:05:33.189633,5561164.0,5561613.0,123.44968688964843,123.45368693033855,125.41236071777344,125.41636075846354
2023-07-26 16:05:33.207855,5561168.0,5561616.0,123.46707897949219,123.47107897949219,125.42540478515625,125.42940482584635
2023-07-26 16:05:33.225095,5561172.0,5561620.0,123.4844707845052,123.48847082519532,125.44279691569011,125.4467969563802
2023-07-26 16:05:33.242093,5561176.0,5561624.0,123.50186287434896,123.50586295572917,125.46018868001302,125.46418876139323
2023-07-26 16:05:33.259188,5561180.0,5561628.0,123.51925476074219,123.52325476074219,125.47758081054688,125.48158085123697
2023-07-26 16:05:33.276563,5561184.0,5561632.0,123.53664680989583,123.54064685058594,125.49497294108072,125.49897298177083
2023-07-26 16:05:33.294715,5561188.0,5561637.0,123.55403889973958,123.5580389811198,125.51671272786459,125.52071280924478
2023-07-26 16:05:33.311762,5561192.0,5561641.0,123.5714307047526,123.5754307454427,125.53410485839845,125.53810489908854
2023-07-26 16:05:33.328908,5561196.0,5561645.0,123.58883321126302,123.59283329264322,125.55149682617187,125.55549682617188
2023-07-26 16:05:33.346353,5561200.0,5561649.0,123.60621492513022,123.6102149658203,125.56888875325521,125.57288879394531
2023-07-26 16:05:33.363713,5561204.0,5561653.0,123.62360673014324,123.62760677083332,125.58628088378907,125.59028092447916
2023-07-26 16:05:33.381247,5561208.0,5561657.0,123.64099881998698,123.64499890136719,125.60367264811197,125.60767272949218
2023-07-26 16:05:33.398389,5561212.0,5561661.0,123.65839095052084,123.66239099121094,125.62106477864583,125.62506481933593
2023-07-26 16:05:33.416308,5561216.0,5561665.0,123.67578271484375,123.67978279622396,125.63845690917968,125.6424569498698
2023-07-26 16:05:33.433466,5561220.0,5561669.0,123.6931748453776,123.69717488606771,125.6558486735026,125.6598487141927
2023-07-26 16:05:33.451429,5561224.0,5561673.0,123.71056697591145,123.71456701660156,125.67324080403645,125.67724084472657
2023-07-26 16:05:33.468470,5561228.0,5561677.0,123.72795874023437,123.73195882161458,125.6906328938802,125.69463297526042
2023-07-26 16:05:33.485431,5561232.0,5561681.0,123.74535087076823,123.74935091145834,125.70802469889323,125.71202473958334
2023-07-26 16:05:33.503023,5561236.0,5561685.0,123.76274300130208,123.76674304199219,125.72541682942709,125.72941687011719
2023-07-26 16:05:33.520153,5561240.0,5561689.0,123.780134765625,123.78413480631511,125.74280891927083,125.74680900065104
2023-07-26 16:05:33.537420,5561244.0,5561693.0,123.79752689615886,123.80152693684896,125.76020072428386,125.76420076497396
2023-07-26 16:05:33.555474,5561248.0,5561697.0,123.8149188232422,123.8189188232422,125.7775928141276,125.78159289550781
2023-07-26 16:05:33.572739,5561252.0,5561701.0,123.83231079101563,123.83631083170573,125.79498494466146,125.79898498535155
2023-07-26 16:05:33.589921,5561256.0,5561705.0,123.84970292154948,123.85370296223958,125.81237674967448,125.81637679036457
2023-07-26 16:05:33.607928,5561260.0,5561709.0,123.8670946858724,123.87109472656249,125.82976883951824,125.83376892089844
2023-07-26 16:05:33.624904,5561264.0,5561713.0,123.88448681640625,123.88848685709635,125.84716088867188,125.85116088867187
2023-07-26 16:05:33.642253,5561268.0,5561717.0,123.90187890625,123.9058789876302,125.86455273437501,125.86855281575521
2023-07-26 16:05:33.659981,5561272.0,5561721.0,123.9192811279297,123.92328116861978,125.88194486490885,125.88594490559896
2023-07-26 16:05:33.677100,5561276.0,5561725.0,123.93666284179689,123.94066288248698,125.89933666992187,125.90333671061198
2023-07-26 16:05:33.694222,5561280.0,5561728.0,123.95405493164061,123.95805501302083,125.91238073730469,125.91638077799479
2023-07-26 16:05:33.712301,5561284.0,5561732.0,123.97144673665365,123.97544677734375,125.92977286783854,125.93377290852865
2023-07-26 16:05:33.729540,5561288.0,5561736.0,123.98883882649739,123.99283890787761,125.94716479492187,125.95116479492188
2023-07-26 16:05:33.746851,5561292.0,5561740.0,124.00623095703125,124.01023099772135,125.96455676269531,125.96855680338543
2023-07-26 16:05:33.764163,5561296.0,5561744.0,124.02362276204427,124.02762280273438,125.98194889322917,125.98594893391926
2023-07-26 16:05:33.781373,5561300.0,5561749.0,124.04101485188802,124.04501493326823,126.00368868001301,126.00768876139324
2023-07-26 16:05:33.798733,5561304.0,5561753.0,124.05840698242187,124.06240702311199,126.02108081054688,126.02508085123698
2023-07-26 16:05:33.816123,5561308.0,5561757.0,124.0757987467448,124.079798828125,126.03847294108073,126.04247298177084
2023-07-26 16:05:33.833531,5561312.0,5561761.0,124.09319087727864,124.09719091796876,126.05586470540365,126.05986474609374
2023-07-26 16:05:33.850900,5561316.0,5561765.0,124.11058288574219,124.1145828857422,126.0732568359375,126.07725687662762
2023-07-26 16:05:33.868086,5561320.0,5561769.0,124.12797477213542,124.13197485351562,126.09064892578125,126.09464900716145
2023-07-26 16:05:33.885643,5561324.0,5561773.0,124.14536690266928,124.14936694335937,126.10804073079427,126.11204077148437
2023-07-26 16:05:33.902769,5561328.0,5561777.0,124.16275866699219,124.16675874837239,126.12543286132814,126.12943290201822
2023-07-26 16:05:33.920932,5561332.0,5561781.0,124.18015079752604,124.18415083821614,126.14282495117187,126.14682495117187
2023-07-26 16:05:33.938271,5561336.0,5561785.0,124.1975429280599,124.20154296874999,126.1602167561849,126.164216796875
2023-07-26 16:05:33.955545,5561340.0,5561789.0,124.21493469238281,124.21893477376302,126.17760884602865,126.18160892740886
2023-07-26 16:05:33.972963,5561344.0,5561793.0,124.23232682291666,124.23632686360676,126.19500073242187,126.19900073242188
2023-07-26 16:05:33.994828,5561348.0,5561797.0,124.24971895345051,124.25371899414063,126.21239278157552,126.21639282226562
2023-07-26 16:05:34.011878,5561353.0,5561801.0,124.27145874023438,124.27545882161458,126.22978487141927,126.23378495279948
2023-07-26 16:05:34.028964,5561357.0,5561806.0,124.28885087076823,124.29285091145833,126.25152469889322,126.25552473958334
2023-07-26 16:05:34.046946,5561361.0,5561810.0,124.30624300130208,124.31024304199218,126.26891682942708,126.27291687011719
2023-07-26 16:05:34.064069,5561365.0,5561814.0,124.323634765625,124.3276348063151,126.28630891927082,126.29030900065104
2023-07-26 16:05:34.081134,5561369.0,5561818.0,124.34102689615885,124.34502693684895,126.30370072428386,126.30770076497396
2023-07-26 16:05:34.098735,5561373.0,5561822.0,124.35841882324219,124.3624188232422,126.3210928141276,126.32509289550782
2023-07-26 16:05:34.115888,5561377.0,5561826.0,124.37581079101562,124.37981083170573,126.33848494466146,126.34248498535156
2023-07-26 16:05:34.138291,5561381.0,5561829.0,124.39320292154947,124.39720296223959,126.35152868652344,126.35552876790365
2023-07-26 16:05:34.155270,5561386.0,5561834.0,124.41494270833333,124.41894278971354,126.37326883951823,126.37726892089844
2023-07-26 16:05:34.172431,5561390.0,5561838.0,124.43233483886718,124.4363348795573,126.39066088867187,126.39466088867188
2023-07-26 16:05:34.190804,5561394.0,5561843.0,124.44972696940104,124.45372701009114,126.41240079752603,126.41640083821615
2023-07-26 16:05:34.208375,5561398.0,5561847.0,124.46711873372395,124.47111877441407,126.42979288736979,126.43379296875
2023-07-26 16:05:34.225469,5561402.0,5561851.0,124.48451086425781,124.48851090494792,126.4471846923828,126.45118473307292
2023-07-26 16:05:34.242776,5561406.0,5561855.0,124.50190295410157,124.50590303548178,126.46457678222656,126.46857686360677
2023-07-26 16:05:34.265029,5561410.0,5561860.0,124.51929475911459,124.52329479980469,126.48631693522135,126.49031701660157
2023-07-26 16:05:34.282409,5561415.0,5561864.0,124.54103491210937,124.54503495279948,126.50370874023437,126.50770878092449
2023-07-26 16:05:34.299794,5561419.0,5561868.0,124.55842667643229,124.5624267578125,126.52110083007813,126.52510091145834
2023-07-26 16:05:34.321482,5561423.0,5561872.0,124.57581880696614,124.57981884765626,126.53849291992188,126.54249291992188
,,,,,,
,,,,,,
,,,,,,
,,,,,,
,,,,,,
