Id;X  [mm];Y  [mm];Z  [mm];U(95)  [mm];U(95) X  [mm];U(95) Y  [mm];U(95) Z  [mm];Target;Temperature  [°C];Pressure  [mBar];Humidity  [%];Time Stamp;Delete;
1;573,714;-3163,360;-305,421;0,000;0,000;0,000;0,000;RRR 1.5in;24,5;1015;46;'26.07.2023 16:06:06.000;;
2;573,713;-3163,360;-305,422;0,000;0,000;0,000;0,000;RRR 1.5in;24,5;1015;46;'26.07.2023 16:06:06.010;;
3;573,714;-3163,360;-305,421;0,000;0,000;0,000;0,000;RRR 1.5in;24,5;1015;46;'26.07.2023 16:06:06.020;;
4;573,713;-3163,360;-305,422;0,000;0,000;0,000;0,000;RRR 1.5in;24,5;1015;46;'26.07.2023 16:06:06.030;;
5;573,712;-3163,360;-305,422;0,000;0,000;0,000;0,000;RRR 1.5in;24,5;1015;46;'26.07.2023 16:06:06.040;;
6;573,713;-3163,360;-305,422;0,000;0,000;0,000;0,000;RRR 1.5in;24,5;1015;46;'26.07.2023 16:06:06.050;;
7;573,713;-3163,360;-305,422;0,000;0,000;0,000;0,000;RRR 1.5in;24,5;1015;46;'26.07.2023 16:06:06.060;;
8;573,713;-3163,360;-305,422;0,000;0,000;0,000;0,000;RRR 1.5in;24,5;1015;46;'26.07.2023 16:06:06.070;;
9;573,712;-3163,360;-305,422;0,000;0,000;0,000;0,000;RRR 1.5in;24,5;1015;46;'26.07.2023 16:06:06.080;;
10;573,712;-3163,360;-305,423;0,000;0,000;0,000;0,000;RRR 1.5in;24,5;1015;46;'26.07.2023 16:06:06.090;;
11;573,713;-3163,360;-305,422;0,000;0,000;0,000;0,000;RRR 1.5in;24,5;1015;46;'26.07.2023 16:06:06.100;;
12;573,713;-3163,360;-305,423;0,000;0,000;0,000;0,000;RRR 1.5in;24,5;1015;46;'26.07.2023 16:06:06.110;;
13;573,714;-3163,360;-305,422;0,000;0,000;0,000;0,000;RRR 1.5in;24,5;1015;46;'26.07.2023 16:06:06.120;;
14;573,713;-3163,360;-305,422;0,000;0,000;0,000;0,000;RRR 1.5in;24,5;1015;46;'26.07.2023 16:06:06.130;;
15;573,713;-3163,360;-305,423;0,000;0,000;0,000;0,000;RRR 1.5in;24,5;1015;46;'26.07.2023 16:06:06.140;;
16;573,713;-3163,360;-305,423;0,000;0,000;0,000;0,000;RRR 1.5in;24,5;1015;46;'26.07.2023 16:06:06.150;;
17;573,712;-3163,360;-305,423;0,000;0,000;0,000;0,000;RRR 1.5in;24,5;1015;46;'26.07.2023 16:06:06.160;;
18;573,713;-3163,360;-305,423;0,000;0,000;0,000;0,000;RRR 1.5in;24,5;1015;46;'26.07.2023 16:06:06.170;;
19;573,712;-3163,360;-305,424;0,000;0,000;0,000;0,000;RRR 1.5in;24,5;1015;46;'26.07.2023 16:06:06.180;;
20;573,712;-3163,360;-305,423;0,000;0,000;0,000;0,000;RRR 1.5in;24,5;1015;46;'26.07.2023 16:06:06.190;;
21;573,713;-3163,360;-305,423;0,000;0,000;0,000;0,000;RRR 1.5in;24,5;1015;46;'26.07.2023 16:06:06.200;;
22;573,712;-3163,360;-305,423;0,000;0,000;0,000;0,000;RRR 1.5in;24,5;1015;46;'26.07.2023 16:06:06.210;;
23;573,713;-3163,360;-305,423;0,000;0,000;0,000;0,000;RRR 1.5in;24,5;1015;46;'26.07.2023 16:06:06.220;;
24;573,714;-3163,360;-305,422;0,000;0,000;0,000;0,000;RRR 1.5in;24,5;1015;46;'26.07.2023 16:06:06.230;;
25;573,713;-3163,360;-305,423;0,000;0,000;0,000;0,000;RRR 1.5in;24,5;1015;46;'26.07.2023 16:06:06.240;;
26;573,713;-3163,360;-305,423;0,000;0,000;0,000;0,000;RRR 1.5in;24,5;1015;46;'26.07.2023 16:06:06.250;;
27;573,714;-3163,360;-305,423;0,000;0,000;0,000;0,000;RRR 1.5in;24,5;1015;46;'26.07.2023 16:06:06.260;;
28;573,712;-3163,360;-305,423;0,000;0,000;0,000;0,000;RRR 1.5in;24,5;1015;46;'26.07.2023 16:06:06.270;;
29;573,713;-3163,360;-305,423;0,000;0,000;0,000;0,000;RRR 1.5in;24,5;1015;46;'26.07.2023 16:06:06.280;;
30;573,713;-3163,360;-305,423;0,000;0,000;0,000;0,000;RRR 1.5in;24,5;1015;46;'26.07.2023 16:06:06.290;;
31;573,713;-3163,360;-305,423;0,000;0,000;0,000;0,000;RRR 1.5in;24,5;1015;46;'26.07.2023 16:06:06.300;;
32;573,713;-3163,360;-305,422;0,000;0,000;0,000;0,000;RRR 1.5in;24,5;1015;46;'26.07.2023 16:06:06.310;;
33;573,713;-3163,360;-305,423;0,000;0,000;0,000;0,000;RRR 1.5in;24,5;1015;46;'26.07.2023 16:06:06.320;;
34;573,713;-3163,360;-305,423;0,000;0,000;0,000;0,000;RRR 1.5in;24,5;1015;46;'26.07.2023 16:06:06.330;;
35;573,713;-3163,360;-305,423;0,000;0,000;0,000;0,000;RRR 1.5in;24,5;1015;46;'26.07.2023 16:06:06.340;;
36;573,712;-3163,360;-305,423;0,000;0,000;0,000;0,000;RRR 1.5in;24,5;1015;46;'26.07.2023 16:06:06.350;;
37;573,713;-3163,360;-305,423;0,000;0,000;0,000;0,000;RRR 1.5in;24,5;1015;46;'26.07.2023 16:06:06.360;;
38;573,713;-3163,360;-305,423;0,000;0,000;0,000;0,000;RRR 1.5in;24,5;1015;46;'26.07.2023 16:06:06.370;;
39;573,712;-3163,360;-305,423;0,000;0,000;0,000;0,000;RRR 1.5in;24,5;1015;46;'26.07.2023 16:06:06.380;;
40;573,712;-3163,360;-305,424;0,000;0,000;0,000;0,000;RRR 1.5in;24,5;1015;46;'26.07.2023 16:06:06.390;;
41;573,712;-3163,360;-305,423;0,000;0,000;0,000;0,000;RRR 1.5in;24,5;1015;46;'26.07.2023 16:06:06.400;;
42;573,712;-3163,360;-305,423;0,000;0,000;0,000;0,000;RRR 1.5in;24,5;1015;46;'26.07.2023 16:06:06.410;;
43;573,713;-3163,360;-305,422;0,000;0,000;0,000;0,000;RRR 1.5in;24,5;1015;46;'26.07.2023 16:06:06.420;;
44;573,713;-3163,360;-305,423;0,000;0,000;0,000;0,000;RRR 1.5in;24,5;1015;46;'26.07.2023 16:06:06.430;;
45;573,713;-3163,360;-305,423;0,000;0,000;0,000;0,000;RRR 1.5in;24,5;1015;46;'26.07.2023 16:06:06.440;;
46;573,713;-3163,360;-305,422;0,000;0,000;0,000;0,000;RRR 1.5in;24,5;1015;46;'26.07.2023 16:06:06.450;;
47;573,713;-3163,360;-305,423;0,000;0,000;0,000;0,000;RRR 1.5in;24,5;1015;46;'26.07.2023 16:06:06.460;;
48;573,713;-3163,360;-305,423;0,000;0,000;0,000;0,000;RRR 1.5in;24,5;1015;46;'26.07.2023 16:06:06.470;;
49;573,712;-3163,360;-305,424;0,000;0,000;0,000;0,000;RRR 1.5in;24,5;1015;46;'26.07.2023 16:06:06.480;;
50;573,712;-3163,360;-305,422;0,000;0,000;0,000;0,000;RRR 1.5in;24,5;1015;46;'26.07.2023 16:06:06.490;;
51;573,712;-3163,360;-305,423;0,000;0,000;0,000;0,000;RRR 1.5in;24,5;1015;46;'26.07.2023 16:06:06.500;;
52;573,712;-3163,360;-305,423;0,000;0,000;0,000;0,000;RRR 1.5in;24,5;1015;46;'26.07.2023 16:06:06.510;;
53;573,712;-3163,360;-305,423;0,000;0,000;0,000;0,000;RRR 1.5in;24,5;1015;46;'26.07.2023 16:06:06.520;;
54;573,712;-3163,360;-305,424;0,000;0,000;0,000;0,000;RRR 1.5in;24,5;1015;46;'26.07.2023 16:06:06.530;;
55;573,712;-3163,360;-305,423;0,000;0,000;0,000;0,000;RRR 1.5in;24,5;1015;46;'26.07.2023 16:06:06.540;;
56;573,713;-3163,360;-305,424;0,000;0,000;0,000;0,000;RRR 1.5in;24,5;1015;46;'26.07.2023 16:06:06.550;;
57;573,713;-3163,360;-305,423;0,000;0,000;0,000;0,000;RRR 1.5in;24,5;1015;46;'26.07.2023 16:06:06.560;;
58;573,713;-3163,360;-305,423;0,000;0,000;0,000;0,000;RRR 1.5in;24,5;1015;46;'26.07.2023 16:06:06.570;;
59;573,712;-3163,360;-305,422;0,000;0,000;0,000;0,000;RRR 1.5in;24,5;1015;46;'26.07.2023 16:06:06.580;;
60;573,712;-3163,360;-305,422;0,000;0,000;0,000;0,000;RRR 1.5in;24,5;1015;46;'26.07.2023 16:06:06.590;;
61;573,712;-3163,359;-305,423;0,000;0,000;0,000;0,000;RRR 1.5in;24,5;1015;46;'26.07.2023 16:06:06.600;;
62;573,712;-3163,360;-305,423;0,000;0,000;0,000;0,000;RRR 1.5in;24,5;1015;46;'26.07.2023 16:06:06.610;;
63;573,712;-3163,360;-305,424;0,000;0,000;0,000;0,000;RRR 1.5in;24,5;1015;46;'26.07.2023 16:06:06.620;;
64;573,711;-3163,360;-305,423;0,000;0,000;0,000;0,000;RRR 1.5in;24,5;1015;46;'26.07.2023 16:06:06.630;;
65;573,712;-3163,360;-305,422;0,000;0,000;0,000;0,000;RRR 1.5in;24,5;1015;46;'26.07.2023 16:06:06.640;;
66;573,712;-3163,360;-305,423;0,000;0,000;0,000;0,000;RRR 1.5in;24,5;1015;46;'26.07.2023 16:06:06.650;;
67;573,713;-3163,360;-305,423;0,000;0,000;0,000;0,000;RRR 1.5in;24,5;1015;46;'26.07.2023 16:06:06.660;;
68;573,712;-3163,360;-305,423;0,000;0,000;0,000;0,000;RRR 1.5in;24,5;1015;46;'26.07.2023 16:06:06.670;;
69;573,712;-3163,360;-305,424;0,000;0,000;0,000;0,000;RRR 1.5in;24,5;1015;46;'26.07.2023 16:06:06.680;;
70;573,712;-3163,360;-305,424;0,000;0,000;0,000;0,000;RRR 1.5in;24,5;1015;46;'26.07.2023 16:06:06.690;;
71;573,711;-3163,360;-305,424;0,000;0,000;0,000;0,000;RRR 1.5in;24,5;1015;46;'26.07.2023 16:06:06.700;;
72;573,712;-3163,360;-305,422;0,000;0,000;0,000;0,000;RRR 1.5in;24,5;1015;46;'26.07.2023 16:06:06.710;;
73;573,712;-3163,360;-305,422;0,000;0,000;0,000;0,000;RRR 1.5in;24,5;1015;46;'26.07.2023 16:06:06.720;;
74;573,712;-3163,360;-305,423;0,000;0,000;0,000;0,000;RRR 1.5in;24,5;1015;46;'26.07.2023 16:06:06.730;;
75;573,711;-3163,360;-305,424;0,000;0,000;0,000;0,000;RRR 1.5in;24,5;1015;46;'26.07.2023 16:06:06.740;;
76;573,711;-3163,360;-305,423;0,000;0,000;0,000;0,000;RRR 1.5in;24,5;1015;46;'26.07.2023 16:06:06.750;;
77;573,712;-3163,360;-305,423;0,000;0,000;0,000;0,000;RRR 1.5in;24,5;1015;46;'26.07.2023 16:06:06.760;;
78;573,711;-3163,360;-305,424;0,000;0,000;0,000;0,000;RRR 1.5in;24,5;1015;46;'26.07.2023 16:06:06.770;;
79;573,712;-3163,360;-305,424;0,000;0,000;0,000;0,000;RRR 1.5in;24,5;1015;46;'26.07.2023 16:06:06.780;;
80;573,712;-3163,360;-305,423;0,000;0,000;0,000;0,000;RRR 1.5in;24,5;1015;46;'26.07.2023 16:06:06.790;;
81;573,712;-3163,360;-305,424;0,000;0,000;0,000;0,000;RRR 1.5in;24,5;1015;46;'26.07.2023 16:06:06.800;;
82;573,712;-3163,360;-305,424;0,000;0,000;0,000;0,000;RRR 1.5in;24,5;1015;46;'26.07.2023 16:06:06.810;;
83;573,712;-3163,360;-305,423;0,000;0,000;0,000;0,000;RRR 1.5in;24,5;1015;46;'26.07.2023 16:06:06.820;;
84;573,711;-3163,360;-305,423;0,000;0,000;0,000;0,000;RRR 1.5in;24,5;1015;46;'26.07.2023 16:06:06.830;;
85;573,712;-3163,360;-305,423;0,000;0,000;0,000;0,000;RRR 1.5in;24,5;1015;46;'26.07.2023 16:06:06.840;;
86;573,712;-3163,360;-305,423;0,000;0,000;0,000;0,000;RRR 1.5in;24,5;1015;46;'26.07.2023 16:06:06.850;;
87;573,712;-3163,360;-305,424;0,000;0,000;0,000;0,000;RRR 1.5in;24,5;1015;46;'26.07.2023 16:06:06.860;;
88;573,711;-3163,360;-305,425;0,000;0,000;0,000;0,000;RRR 1.5in;24,5;1015;46;'26.07.2023 16:06:06.870;;
89;573,711;-3163,360;-305,424;0,000;0,000;0,000;0,000;RRR 1.5in;24,5;1015;46;'26.07.2023 16:06:06.880;;
90;573,712;-3163,360;-305,423;0,000;0,000;0,000;0,000;RRR 1.5in;24,5;1015;46;'26.07.2023 16:06:06.890;;
91;573,712;-3163,360;-305,424;0,000;0,000;0,000;0,000;RRR 1.5in;24,5;1015;46;'26.07.2023 16:06:06.900;;
92;573,712;-3163,360;-305,424;0,000;0,000;0,000;0,000;RRR 1.5in;24,5;1015;46;'26.07.2023 16:06:06.910;;
93;573,712;-3163,359;-305,424;0,000;0,000;0,000;0,000;RRR 1.5in;24,5;1015;46;'26.07.2023 16:06:06.920;;
94;573,713;-3163,359;-305,424;0,000;0,000;0,000;0,000;RRR 1.5in;24,5;1015;46;'26.07.2023 16:06:06.930;;
95;573,712;-3163,359;-305,424;0,000;0,000;0,000;0,000;RRR 1.5in;24,5;1015;46;'26.07.2023 16:06:06.940;;
96;573,712;-3163,359;-305,424;0,000;0,000;0,000;0,000;RRR 1.5in;24,5;1015;46;'26.07.2023 16:06:06.950;;
97;573,713;-3163,359;-305,424;0,000;0,000;0,000;0,000;RRR 1.5in;24,5;1015;46;'26.07.2023 16:06:06.960;;
98;573,712;-3163,359;-305,426;0,000;0,000;0,000;0,000;RRR 1.5in;24,5;1015;46;'26.07.2023 16:06:06.970;;
99;573,711;-3163,360;-305,424;0,000;0,000;0,000;0,000;RRR 1.5in;24,5;1015;46;'26.07.2023 16:06:06.980;;
100;573,712;-3163,360;-305,425;0,000;0,000;0,000;0,000;RRR 1.5in;24,5;1015;46;'26.07.2023 16:06:06.990;;
101;573,712;-3163,360;-305,423;0,000;0,000;0,000;0,000;RRR 1.5in;24,5;1015;46;'26.07.2023 16:06:07.000;;
102;573,712;-3163,360;-305,424;0,000;0,000;0,000;0,000;RRR 1.5in;24,5;1015;46;'26.07.2023 16:06:07.010;;
103;573,712;-3163,360;-305,424;0,000;0,000;0,000;0,000;RRR 1.5in;24,5;1015;46;'26.07.2023 16:06:07.020;;
104;573,711;-3163,359;-305,425;0,000;0,000;0,000;0,000;RRR 1.5in;24,5;1015;46;'26.07.2023 16:06:07.030;;
105;573,713;-3163,359;-305,424;0,000;0,000;0,000;0,000;RRR 1.5in;24,5;1015;46;'26.07.2023 16:06:07.040;;
106;573,713;-3163,359;-305,424;0,000;0,000;0,000;0,000;RRR 1.5in;24,5;1015;46;'26.07.2023 16:06:07.050;;
107;573,713;-3163,359;-305,425;0,000;0,000;0,000;0,000;RRR 1.5in;24,5;1015;46;'26.07.2023 16:06:07.060;;
108;573,715;-3163,358;-305,426;0,000;0,000;0,000;0,000;RRR 1.5in;24,5;1015;46;'26.07.2023 16:06:07.070;;
109;573,711;-3163,358;-305,425;0,000;0,000;0,000;0,000;RRR 1.5in;24,5;1015;46;'26.07.2023 16:06:07.080;;
110;573,711;-3163,360;-305,426;0,000;0,000;0,000;0,000;RRR 1.5in;24,5;1015;46;'26.07.2023 16:06:07.090;;
111;573,712;-3163,361;-305,426;0,000;0,000;0,000;0,000;RRR 1.5in;24,5;1015;46;'26.07.2023 16:06:07.100;;
112;573,711;-3163,361;-305,427;0,000;0,000;0,000;0,000;RRR 1.5in;24,5;1015;46;'26.07.2023 16:06:07.110;;
113;573,712;-3163,359;-305,426;0,000;0,000;0,000;0,000;RRR 1.5in;24,5;1015;46;'26.07.2023 16:06:07.120;;
114;573,712;-3163,358;-305,425;0,000;0,000;0,000;0,000;RRR 1.5in;24,5;1015;46;'26.07.2023 16:06:07.130;;
115;573,711;-3163,360;-305,425;0,000;0,000;0,000;0,000;RRR 1.5in;24,5;1015;46;'26.07.2023 16:06:07.140;;
116;573,713;-3163,360;-305,426;0,000;0,000;0,000;0,000;RRR 1.5in;24,5;1015;46;'26.07.2023 16:06:07.150;;
117;573,713;-3163,359;-305,425;0,000;0,000;0,000;0,000;RRR 1.5in;24,5;1015;46;'26.07.2023 16:06:07.160;;
118;573,714;-3163,358;-305,424;0,000;0,000;0,000;0,000;RRR 1.5in;24,5;1015;46;'26.07.2023 16:06:07.170;;
119;573,713;-3163,358;-305,426;0,000;0,000;0,000;0,000;RRR 1.5in;24,5;1015;46;'26.07.2023 16:06:07.180;;
120;573,712;-3163,359;-305,426;0,000;0,000;0,000;0,000;RRR 1.5in;24,5;1015;46;'26.07.2023 16:06:07.190;;
121;573,712;-3163,359;-305,426;0,000;0,000;0,000;0,000;RRR 1.5in;24,5;1015;46;'26.07.2023 16:06:07.200;;
122;573,713;-3163,360;-305,426;0,000;0,000;0,000;0,000;RRR 1.5in;24,5;1015;46;'26.07.2023 16:06:07.210;;
123;573,712;-3163,360;-305,427;0,000;0,000;0,000;0,000;RRR 1.5in;24,5;1015;46;'26.07.2023 16:06:07.220;;
124;573,712;-3163,360;-305,426;0,000;0,000;0,000;0,000;RRR 1.5in;24,5;1015;46;'26.07.2023 16:06:07.230;;
125;573,713;-3163,359;-305,425;0,000;0,000;0,000;0,000;RRR 1.5in;24,5;1015;46;'26.07.2023 16:06:07.240;;
126;573,712;-3163,359;-305,426;0,000;0,000;0,000;0,000;RRR 1.5in;24,5;1015;46;'26.07.2023 16:06:07.250;;
127;573,714;-3163,360;-305,425;0,000;0,000;0,000;0,000;RRR 1.5in;24,5;1015;46;'26.07.2023 16:06:07.260;;
128;573,713;-3163,360;-305,426;0,000;0,000;0,000;0,000;RRR 1.5in;24,5;1015;46;'26.07.2023 16:06:07.270;;
129;573,714;-3163,358;-305,425;0,000;0,000;0,000;0,000;RRR 1.5in;24,5;1015;46;'26.07.2023 16:06:07.280;;
130;573,713;-3163,357;-305,426;0,000;0,000;0,000;0,000;RRR 1.5in;24,5;1015;46;'26.07.2023 16:06:07.290;;
131;573,715;-3163,358;-305,425;0,000;0,000;0,000;0,000;RRR 1.5in;24,5;1015;46;'26.07.2023 16:06:07.300;;
132;573,715;-3163,359;-305,426;0,000;0,000;0,000;0,000;RRR 1.5in;24,5;1015;46;'26.07.2023 16:06:07.310;;
133;573,714;-3163,359;-305,427;0,000;0,000;0,000;0,000;RRR 1.5in;24,5;1015;46;'26.07.2023 16:06:07.320;;
134;573,713;-3163,359;-305,426;0,000;0,000;0,000;0,000;RRR 1.5in;24,5;1015;46;'26.07.2023 16:06:07.330;;
135;573,714;-3163,359;-305,425;0,000;0,000;0,000;0,000;RRR 1.5in;24,5;1015;46;'26.07.2023 16:06:07.340;;
136;573,713;-3163,359;-305,425;0,000;0,000;0,000;0,000;RRR 1.5in;24,5;1015;46;'26.07.2023 16:06:07.350;;
137;573,714;-3163,359;-305,426;0,000;0,000;0,000;0,000;RRR 1.5in;24,5;1015;46;'26.07.2023 16:06:07.360;;
138;573,714;-3163,359;-305,425;0,000;0,000;0,000;0,000;RRR 1.5in;24,5;1015;46;'26.07.2023 16:06:07.370;;
139;573,714;-3163,359;-305,426;0,000;0,000;0,000;0,000;RRR 1.5in;24,5;1015;46;'26.07.2023 16:06:07.380;;
140;573,714;-3163,359;-305,427;0,000;0,000;0,000;0,000;RRR 1.5in;24,5;1015;46;'26.07.2023 16:06:07.390;;
141;573,715;-3163,358;-305,426;0,000;0,000;0,000;0,000;RRR 1.5in;24,5;1015;46;'26.07.2023 16:06:07.400;;
142;573,715;-3163,357;-305,426;0,000;0,000;0,000;0,000;RRR 1.5in;24,5;1015;46;'26.07.2023 16:06:07.410;;
143;573,715;-3163,358;-305,426;0,000;0,000;0,000;0,000;RRR 1.5in;24,5;1015;46;'26.07.2023 16:06:07.420;;
144;573,714;-3163,359;-305,426;0,000;0,000;0,000;0,000;RRR 1.5in;24,5;1015;46;'26.07.2023 16:06:07.430;;
145;573,715;-3163,359;-305,426;0,000;0,000;0,000;0,000;RRR 1.5in;24,5;1015;46;'26.07.2023 16:06:07.440;;
146;573,714;-3163,359;-305,425;0,000;0,000;0,000;0,000;RRR 1.5in;24,5;1015;46;'26.07.2023 16:06:07.450;;
147;573,714;-3163,359;-305,426;0,000;0,000;0,000;0,000;RRR 1.5in;24,5;1015;46;'26.07.2023 16:06:07.460;;
148;573,713;-3163,359;-305,428;0,000;0,000;0,000;0,000;RRR 1.5in;24,5;1015;46;'26.07.2023 16:06:07.470;;
149;573,709;-3163,357;-305,432;0,000;0,000;0,000;0,000;RRR 1.5in;24,5;1015;46;'26.07.2023 16:06:07.480;;
150;573,695;-3163,348;-305,446;0,000;0,000;0,000;0,000;RRR 1.5in;24,5;1015;46;'26.07.2023 16:06:07.490;;
151;573,671;-3163,323;-305,467;0,000;0,000;0,000;0,000;RRR 1.5in;24,5;1015;46;'26.07.2023 16:06:07.500;;
152;573,635;-3163,278;-305,503;0,000;0,000;0,000;0,000;RRR 1.5in;24,5;1015;46;'26.07.2023 16:06:07.510;;
153;573,578;-3163,204;-305,556;0,000;0,000;0,000;0,000;RRR 1.5in;24,5;1015;46;'26.07.2023 16:06:07.520;;
154;573,503;-3163,102;-305,624;0,000;0,000;0,000;0,000;RRR 1.5in;24,5;1015;46;'26.07.2023 16:06:07.530;;
155;573,415;-3162,985;-305,697;0,000;0,000;0,000;0,000;RRR 1.5in;24,5;1015;46;'26.07.2023 16:06:07.540;;
156;573,345;-3162,881;-305,770;0,000;0,000;0,000;0,000;RRR 1.5in;24,5;1015;46;'26.07.2023 16:06:07.550;;
157;573,287;-3162,823;-305,850;0,000;0,000;0,000;0,000;RRR 1.5in;24,5;1015;46;'26.07.2023 16:06:07.560;;
158;573,203;-3162,791;-305,931;0,000;0,000;0,000;0,000;RRR 1.5in;24,5;1015;46;'26.07.2023 16:06:07.570;;
159;573,096;-3162,748;-305,992;0,000;0,000;0,000;0,000;RRR 1.5in;24,5;1015;46;'26.07.2023 16:06:07.580;;
160;572,972;-3162,698;-306,036;0,000;0,000;0,000;0,000;RRR 1.5in;24,5;1015;46;'26.07.2023 16:06:07.590;;
161;572,811;-3162,671;-306,087;0,000;0,000;0,000;0,000;RRR 1.5in;24,5;1015;46;'26.07.2023 16:06:07.600;;
162;572,618;-3162,669;-306,135;0,000;0,000;0,000;0,000;RRR 1.5in;24,5;1015;46;'26.07.2023 16:06:07.610;;
163;572,394;-3162,682;-306,178;0,000;0,000;0,000;0,000;RRR 1.5in;24,5;1015;46;'26.07.2023 16:06:07.620;;
164;572,134;-3162,716;-306,226;0,000;0,000;0,000;0,000;RRR 1.5in;24,5;1015;46;'26.07.2023 16:06:07.630;;
165;571,838;-3162,765;-306,289;0,000;0,000;0,000;0,000;RRR 1.5in;24,5;1015;46;'26.07.2023 16:06:07.640;;
166;571,515;-3162,806;-306,372;0,000;0,000;0,000;0,000;RRR 1.5in;24,5;1015;46;'26.07.2023 16:06:07.650;;
167;571,172;-3162,813;-306,461;0,000;0,000;0,000;0,000;RRR 1.5in;24,5;1015;46;'26.07.2023 16:06:07.660;;
168;570,810;-3162,806;-306,551;0,000;0,000;0,000;0,000;RRR 1.5in;24,5;1015;46;'26.07.2023 16:06:07.670;;
169;570,454;-3162,830;-306,669;0,000;0,000;0,000;0,000;RRR 1.5in;24,5;1015;46;'26.07.2023 16:06:07.680;;
170;570,081;-3162,877;-306,814;0,000;0,000;0,000;0,000;RRR 1.5in;24,5;1015;46;'26.07.2023 16:06:07.690;;
171;569,691;-3162,886;-306,952;0,000;0,000;0,000;0,000;RRR 1.5in;24,5;1015;46;'26.07.2023 16:06:07.700;;
172;569,291;-3162,838;-307,082;0,000;0,000;0,000;0,000;RRR 1.5in;24,5;1015;46;'26.07.2023 16:06:07.710;;
173;568,877;-3162,760;-307,206;0,000;0,000;0,000;0,000;RRR 1.5in;24,5;1015;46;'26.07.2023 16:06:07.720;;
174;568,488;-3162,709;-307,348;0,000;0,000;0,000;0,000;RRR 1.5in;24,5;1015;46;'26.07.2023 16:06:07.730;;
175;568,079;-3162,686;-307,496;0,000;0,000;0,000;0,000;RRR 1.5in;24,5;1015;46;'26.07.2023 16:06:07.740;;
176;567,659;-3162,664;-307,639;0,000;0,000;0,000;0,000;RRR 1.5in;24,5;1015;46;'26.07.2023 16:06:07.750;;
177;567,200;-3162,623;-307,782;0,000;0,000;0,000;0,000;RRR 1.5in;24,5;1015;46;'26.07.2023 16:06:07.760;;
178;566,753;-3162,574;-307,923;0,000;0,000;0,000;0,000;RRR 1.5in;24,5;1015;46;'26.07.2023 16:06:07.770;;
179;566,291;-3162,540;-308,078;0,000;0,000;0,000;0,000;RRR 1.5in;24,5;1015;46;'26.07.2023 16:06:07.780;;
180;565,786;-3162,527;-308,245;0,000;0,000;0,000;0,000;RRR 1.5in;24,5;1015;46;'26.07.2023 16:06:07.790;;
181;565,267;-3162,516;-308,410;0,000;0,000;0,000;0,000;RRR 1.5in;24,5;1015;46;'26.07.2023 16:06:07.800;;
182;564,748;-3162,511;-308,566;0,000;0,000;0,000;0,000;RRR 1.5in;24,5;1015;46;'26.07.2023 16:06:07.810;;
183;564,245;-3162,538;-308,749;0,000;0,000;0,000;0,000;RRR 1.5in;24,5;1015;46;'26.07.2023 16:06:07.820;;
184;563,719;-3162,556;-308,932;0,000;0,000;0,000;0,000;RRR 1.5in;24,5;1015;46;'26.07.2023 16:06:07.830;;
185;563,197;-3162,521;-309,094;0,000;0,000;0,000;0,000;RRR 1.5in;24,5;1015;46;'26.07.2023 16:06:07.840;;
186;562,687;-3162,467;-309,243;0,000;0,000;0,000;0,000;RRR 1.5in;24,5;1015;46;'26.07.2023 16:06:07.850;;
187;562,198;-3162,459;-309,417;0,000;0,000;0,000;0,000;RRR 1.5in;24,5;1015;46;'26.07.2023 16:06:07.860;;
188;561,720;-3162,469;-309,602;0,000;0,000;0,000;0,000;RRR 1.5in;24,5;1015;46;'26.07.2023 16:06:07.870;;
189;561,246;-3162,418;-309,753;0,000;0,000;0,000;0,000;RRR 1.5in;24,5;1015;46;'26.07.2023 16:06:07.880;;
190;560,796;-3162,335;-309,887;0,000;0,000;0,000;0,000;RRR 1.5in;24,5;1015;46;'26.07.2023 16:06:07.890;;
191;560,356;-3162,291;-310,047;0,000;0,000;0,000;0,000;RRR 1.5in;24,5;1015;46;'26.07.2023 16:06:07.900;;
192;559,903;-3162,273;-310,218;0,000;0,000;0,000;0,000;RRR 1.5in;24,5;1015;46;'26.07.2023 16:06:07.910;;
193;559,436;-3162,220;-310,372;0,000;0,000;0,000;0,000;RRR 1.5in;24,5;1015;46;'26.07.2023 16:06:07.920;;
194;558,982;-3162,152;-310,504;0,000;0,000;0,000;0,000;RRR 1.5in;24,5;1015;46;'26.07.2023 16:06:07.930;;
195;558,518;-3162,135;-310,660;0,000;0,000;0,000;0,000;RRR 1.5in;24,5;1015;46;'26.07.2023 16:06:07.940;;
196;558,043;-3162,166;-310,839;0,000;0,000;0,000;0,000;RRR 1.5in;24,5;1015;46;'26.07.2023 16:06:07.950;;
197;557,558;-3162,156;-310,996;0,000;0,000;0,000;0,000;RRR 1.5in;24,5;1015;46;'26.07.2023 16:06:07.960;;
198;557,060;-3162,109;-311,130;0,000;0,000;0,000;0,000;RRR 1.5in;24,5;1015;46;'26.07.2023 16:06:07.970;;
199;556,566;-3162,107;-311,292;0,000;0,000;0,000;0,000;RRR 1.5in;24,5;1015;46;'26.07.2023 16:06:07.980;;
200;556,073;-3162,141;-311,472;0,000;0,000;0,000;0,000;RRR 1.5in;24,5;1015;46;'26.07.2023 16:06:07.990;;
201;555,590;-3162,130;-311,633;0,000;0,000;0,000;0,000;RRR 1.5in;24,5;1015;46;'26.07.2023 16:06:08.000;;
202;555,094;-3162,078;-311,770;0,000;0,000;0,000;0,000;RRR 1.5in;24,5;1015;46;'26.07.2023 16:06:08.010;;
203;554,626;-3162,048;-311,922;0,000;0,000;0,000;0,000;RRR 1.5in;24,5;1015;46;'26.07.2023 16:06:08.020;;
204;554,170;-3162,054;-312,098;0,000;0,000;0,000;0,000;RRR 1.5in;24,5;1015;46;'26.07.2023 16:06:08.030;;
205;553,722;-3162,032;-312,263;0,000;0,000;0,000;0,000;RRR 1.5in;24,5;1015;46;'26.07.2023 16:06:08.040;;
206;553,265;-3161,958;-312,397;0,000;0,000;0,000;0,000;RRR 1.5in;24,5;1015;46;'26.07.2023 16:06:08.050;;
207;552,822;-3161,889;-312,539;0,000;0,000;0,000;0,000;RRR 1.5in;24,5;1015;46;'26.07.2023 16:06:08.060;;
208;552,374;-3161,865;-312,709;0,000;0,000;0,000;0,000;RRR 1.5in;24,5;1015;46;'26.07.2023 16:06:08.070;;
209;551,923;-3161,833;-312,872;0,000;0,000;0,000;0,000;RRR 1.5in;24,5;1015;46;'26.07.2023 16:06:08.080;;
210;551,453;-3161,761;-313,005;0,000;0,000;0,000;0,000;RRR 1.5in;24,5;1015;46;'26.07.2023 16:06:08.090;;
211;550,993;-3161,717;-313,157;0,000;0,000;0,000;0,000;RRR 1.5in;24,5;1015;46;'26.07.2023 16:06:08.100;;
212;550,517;-3161,731;-313,339;0,000;0,000;0,000;0,000;RRR 1.5in;24,5;1015;46;'26.07.2023 16:06:08.110;;
213;550,038;-3161,744;-313,518;0,000;0,000;0,000;0,000;RRR 1.5in;24,5;1015;46;'26.07.2023 16:06:08.120;;
214;549,539;-3161,713;-313,669;0,000;0,000;0,000;0,000;RRR 1.5in;24,5;1015;46;'26.07.2023 16:06:08.130;;
215;549,045;-3161,680;-313,819;0,000;0,000;0,000;0,000;RRR 1.5in;24,5;1015;46;'26.07.2023 16:06:08.140;;
216;548,559;-3161,691;-313,993;0,000;0,000;0,000;0,000;RRR 1.5in;24,5;1015;46;'26.07.2023 16:06:08.150;;
217;548,067;-3161,713;-314,179;0,000;0,000;0,000;0,000;RRR 1.5in;24,5;1015;46;'26.07.2023 16:06:08.160;;
218;547,571;-3161,673;-314,334;0,000;0,000;0,000;0,000;RRR 1.5in;24,5;1015;46;'26.07.2023 16:06:08.170;;
219;547,088;-3161,596;-314,471;0,000;0,000;0,000;0,000;RRR 1.5in;24,5;1015;46;'26.07.2023 16:06:08.180;;
220;546,630;-3161,568;-314,642;0,000;0,000;0,000;0,000;RRR 1.5in;24,5;1015;46;'26.07.2023 16:06:08.190;;
221;546,167;-3161,566;-314,827;0,000;0,000;0,000;0,000;RRR 1.5in;24,5;1015;46;'26.07.2023 16:06:08.200;;
222;545,715;-3161,525;-314,988;0,000;0,000;0,000;0,000;RRR 1.5in;24,5;1015;46;'26.07.2023 16:06:08.210;;
223;545,251;-3161,446;-315,124;0,000;0,000;0,000;0,000;RRR 1.5in;24,5;1015;46;'26.07.2023 16:06:08.220;;
224;544,803;-3161,417;-315,292;0,000;0,000;0,000;0,000;RRR 1.5in;24,5;1015;46;'26.07.2023 16:06:08.230;;
225;544,349;-3161,418;-315,479;0,000;0,000;0,000;0,000;RRR 1.5in;24,5;1015;46;'26.07.2023 16:06:08.240;;
226;543,882;-3161,377;-315,645;0,000;0,000;0,000;0,000;RRR 1.5in;24,5;1015;46;'26.07.2023 16:06:08.250;;
227;543,391;-3161,298;-315,785;0,000;0,000;0,000;0,000;RRR 1.5in;24,5;1015;46;'26.07.2023 16:06:08.260;;
228;542,914;-3161,263;-315,947;0,000;0,000;0,000;0,000;RRR 1.5in;24,5;1015;46;'26.07.2023 16:06:08.270;;
229;542,431;-3161,290;-316,137;0,000;0,000;0,000;0,000;RRR 1.5in;24,5;1015;46;'26.07.2023 16:06:08.280;;
230;541,951;-3161,303;-316,315;0,000;0,000;0,000;0,000;RRR 1.5in;24,5;1015;46;'26.07.2023 16:06:08.290;;
231;541,457;-3161,246;-316,453;0,000;0,000;0,000;0,000;RRR 1.5in;24,5;1015;46;'26.07.2023 16:06:08.300;;
232;540,978;-3161,207;-316,604;0,000;0,000;0,000;0,000;RRR 1.5in;24,5;1015;46;'26.07.2023 16:06:08.310;;
233;540,495;-3161,226;-316,790;0,000;0,000;0,000;0,000;RRR 1.5in;24,5;1015;46;'26.07.2023 16:06:08.320;;
234;540,024;-3161,231;-316,973;0,000;0,000;0,000;0,000;RRR 1.5in;24,5;1015;46;'26.07.2023 16:06:08.330;;
235;539,548;-3161,157;-317,119;0,000;0,000;0,000;0,000;RRR 1.5in;24,5;1015;46;'26.07.2023 16:06:08.340;;
236;539,081;-3161,083;-317,268;0,000;0,000;0,000;0,000;RRR 1.5in;24,5;1015;46;'26.07.2023 16:06:08.350;;
237;538,626;-3161,062;-317,450;0,000;0,000;0,000;0,000;RRR 1.5in;24,5;1015;46;'26.07.2023 16:06:08.360;;
238;538,175;-3161,057;-317,634;0,000;0,000;0,000;0,000;RRR 1.5in;24,5;1015;46;'26.07.2023 16:06:08.370;;
239;537,717;-3161,010;-317,793;0,000;0,000;0,000;0,000;RRR 1.5in;24,5;1015;46;'26.07.2023 16:06:08.380;;
240;537,231;-3160,944;-317,935;0,000;0,000;0,000;0,000;RRR 1.5in;24,5;1015;46;'26.07.2023 16:06:08.390;;
241;536,773;-3160,916;-318,099;0,000;0,000;0,000;0,000;RRR 1.5in;24,5;1015;46;'26.07.2023 16:06:08.400;;
242;536,310;-3160,921;-318,281;0,000;0,000;0,000;0,000;RRR 1.5in;24,5;1015;46;'26.07.2023 16:06:08.410;;
243;535,831;-3160,894;-318,442;0,000;0,000;0,000;0,000;RRR 1.5in;24,5;1015;46;'26.07.2023 16:06:08.420;;
244;535,343;-3160,838;-318,580;0,000;0,000;0,000;0,000;RRR 1.5in;24,5;1015;46;'26.07.2023 16:06:08.430;;
245;534,880;-3160,815;-318,735;0,000;0,000;0,000;0,000;RRR 1.5in;24,5;1015;46;'26.07.2023 16:06:08.440;;
246;534,408;-3160,838;-318,919;0,000;0,000;0,000;0,000;RRR 1.5in;24,5;1015;46;'26.07.2023 16:06:08.450;;
247;533,933;-3160,829;-319,086;0,000;0,000;0,000;0,000;RRR 1.5in;24,5;1015;46;'26.07.2023 16:06:08.460;;
248;533,438;-3160,760;-319,223;0,000;0,000;0,000;0,000;RRR 1.5in;24,5;1015;46;'26.07.2023 16:06:08.470;;
249;532,958;-3160,711;-319,370;0,000;0,000;0,000;0,000;RRR 1.5in;24,5;1015;46;'26.07.2023 16:06:08.480;;
250;532,503;-3160,729;-319,553;0,000;0,000;0,000;0,000;RRR 1.5in;24,5;1015;46;'26.07.2023 16:06:08.490;;
251;532,043;-3160,742;-319,725;0,000;0,000;0,000;0,000;RRR 1.5in;24,5;1015;46;'26.07.2023 16:06:08.500;;
252;531,568;-3160,693;-319,873;0,000;0,000;0,000;0,000;RRR 1.5in;24,5;1015;46;'26.07.2023 16:06:08.510;;
253;531,092;-3160,626;-320,013;0,000;0,000;0,000;0,000;RRR 1.5in;24,5;1015;46;'26.07.2023 16:06:08.520;;
254;530,632;-3160,594;-320,181;0,000;0,000;0,000;0,000;RRR 1.5in;24,5;1015;46;'26.07.2023 16:06:08.530;;
255;530,165;-3160,584;-320,359;0,000;0,000;0,000;0,000;RRR 1.5in;24,5;1015;46;'26.07.2023 16:06:08.540;;
256;529,693;-3160,540;-320,515;0,000;0,000;0,000;0,000;RRR 1.5in;24,5;1015;46;'26.07.2023 16:06:08.550;;
257;529,214;-3160,479;-320,652;0,000;0,000;0,000;0,000;RRR 1.5in;24,5;1015;46;'26.07.2023 16:06:08.560;;
258;528,757;-3160,471;-320,814;0,000;0,000;0,000;0,000;RRR 1.5in;24,5;1015;46;'26.07.2023 16:06:08.570;;
259;528,293;-3160,495;-321,005;0,000;0,000;0,000;0,000;RRR 1.5in;24,5;1015;46;'26.07.2023 16:06:08.580;;
260;527,814;-3160,458;-321,170;0,000;0,000;0,000;0,000;RRR 1.5in;24,5;1015;46;'26.07.2023 16:06:08.590;;
261;527,316;-3160,365;-321,304;0,000;0,000;0,000;0,000;RRR 1.5in;24,5;1015;46;'26.07.2023 16:06:08.600;;
262;526,837;-3160,316;-321,455;0,000;0,000;0,000;0,000;RRR 1.5in;24,5;1015;46;'26.07.2023 16:06:08.610;;
263;526,378;-3160,336;-321,639;0,000;0,000;0,000;0,000;RRR 1.5in;24,5;1015;46;'26.07.2023 16:06:08.620;;
264;525,907;-3160,346;-321,810;0,000;0,000;0,000;0,000;RRR 1.5in;24,5;1015;46;'26.07.2023 16:06:08.630;;
265;525,432;-3160,301;-321,950;0,000;0,000;0,000;0,000;RRR 1.5in;24,5;1015;46;'26.07.2023 16:06:08.640;;
266;524,953;-3160,245;-322,083;0,000;0,000;0,000;0,000;RRR 1.5in;24,5;1015;46;'26.07.2023 16:06:08.650;;
267;524,503;-3160,234;-322,252;0,000;0,000;0,000;0,000;RRR 1.5in;24,5;1015;46;'26.07.2023 16:06:08.660;;
268;524,036;-3160,229;-322,427;0,000;0,000;0,000;0,000;RRR 1.5in;24,5;1015;46;'26.07.2023 16:06:08.670;;
269;523,558;-3160,173;-322,573;0,000;0,000;0,000;0,000;RRR 1.5in;24,5;1015;46;'26.07.2023 16:06:08.680;;
270;523,072;-3160,103;-322,712;0,000;0,000;0,000;0,000;RRR 1.5in;24,5;1015;46;'26.07.2023 16:06:08.690;;
271;522,616;-3160,089;-322,881;0,000;0,000;0,000;0,000;RRR 1.5in;24,5;1015;46;'26.07.2023 16:06:08.700;;
272;522,149;-3160,100;-323,065;0,000;0,000;0,000;0,000;RRR 1.5in;24,5;1015;46;'26.07.2023 16:06:08.710;;
273;521,680;-3160,072;-323,221;0,000;0,000;0,000;0,000;RRR 1.5in;24,5;1015;46;'26.07.2023 16:06:08.720;;
274;521,196;-3160,011;-323,360;0,000;0,000;0,000;0,000;RRR 1.5in;24,5;1015;46;'26.07.2023 16:06:08.730;;
275;520,713;-3159,987;-323,521;0,000;0,000;0,000;0,000;RRR 1.5in;24,5;1015;46;'26.07.2023 16:06:08.740;;
276;520,256;-3160,003;-323,699;0,000;0,000;0,000;0,000;RRR 1.5in;24,5;1015;46;'26.07.2023 16:06:08.750;;
277;519,779;-3159,994;-323,858;0,000;0,000;0,000;0,000;RRR 1.5in;24,5;1015;46;'26.07.2023 16:06:08.760;;
278;519,298;-3159,941;-323,999;0,000;0,000;0,000;0,000;RRR 1.5in;24,5;1015;46;'26.07.2023 16:06:08.770;;
279;518,802;-3159,892;-324,142;0,000;0,000;0,000;0,000;RRR 1.5in;24,5;1015;46;'26.07.2023 16:06:08.780;;
280;518,343;-3159,882;-324,311;0,000;0,000;0,000;0,000;RRR 1.5in;24,5;1015;46;'26.07.2023 16:06:08.790;;
281;517,876;-3159,871;-324,474;0,000;0,000;0,000;0,000;RRR 1.5in;24,5;1015;46;'26.07.2023 16:06:08.800;;
282;517,404;-3159,831;-324,618;0,000;0,000;0,000;0,000;RRR 1.5in;24,5;1015;46;'26.07.2023 16:06:08.810;;
283;516,927;-3159,785;-324,763;0,000;0,000;0,000;0,000;RRR 1.5in;24,5;1015;46;'26.07.2023 16:06:08.820;;
284;516,459;-3159,764;-324,924;0,000;0,000;0,000;0,000;RRR 1.5in;24,5;1015;46;'26.07.2023 16:06:08.830;;
285;516,000;-3159,759;-325,098;0,000;0,000;0,000;0,000;RRR 1.5in;24,5;1015;46;'26.07.2023 16:06:08.840;;
286;515,523;-3159,724;-325,252;0,000;0,000;0,000;0,000;RRR 1.5in;24,5;1015;46;'26.07.2023 16:06:08.850;;
287;515,053;-3159,671;-325,395;0,000;0,000;0,000;0,000;RRR 1.5in;24,5;1015;46;'26.07.2023 16:06:08.860;;
288;514,578;-3159,645;-325,552;0,000;0,000;0,000;0,000;RRR 1.5in;24,5;1015;46;'26.07.2023 16:06:08.870;;
289;514,119;-3159,638;-325,720;0,000;0,000;0,000;0,000;RRR 1.5in;24,5;1015;46;'26.07.2023 16:06:08.880;;
290;513,639;-3159,612;-325,880;0,000;0,000;0,000;0,000;RRR 1.5in;24,5;1015;46;'26.07.2023 16:06:08.890;;
291;513,160;-3159,562;-326,023;0,000;0,000;0,000;0,000;RRR 1.5in;24,5;1015;46;'26.07.2023 16:06:08.900;;
292;512,670;-3159,524;-326,171;0,000;0,000;0,000;0,000;RRR 1.5in;24,5;1015;46;'26.07.2023 16:06:08.910;;
293;512,218;-3159,521;-326,331;0,000;0,000;0,000;0,000;RRR 1.5in;24,5;1015;46;'26.07.2023 16:06:08.920;;
294;511,762;-3159,525;-326,496;0,000;0,000;0,000;0,000;RRR 1.5in;24,5;1015;46;'26.07.2023 16:06:08.930;;
295;511,288;-3159,505;-326,645;0,000;0,000;0,000;0,000;RRR 1.5in;24,5;1015;46;'26.07.2023 16:06:08.940;;
296;510,820;-3159,462;-326,787;0,000;0,000;0,000;0,000;RRR 1.5in;24,5;1015;46;'26.07.2023 16:06:08.950;;
297;510,353;-3159,436;-326,936;0,000;0,000;0,000;0,000;RRR 1.5in;24,5;1015;46;'26.07.2023 16:06:08.960;;
298;509,889;-3159,419;-327,091;0,000;0,000;0,000;0,000;RRR 1.5in;24,5;1015;46;'26.07.2023 16:06:08.970;;
299;509,399;-3159,389;-327,231;0,000;0,000;0,000;0,000;RRR 1.5in;24,5;1015;46;'26.07.2023 16:06:08.980;;
300;508,907;-3159,343;-327,358;0,000;0,000;0,000;0,000;RRR 1.5in;24,5;1015;46;'26.07.2023 16:06:08.990;;
301;508,417;-3159,307;-327,483;0,000;0,000;0,000;0,000;RRR 1.5in;24,5;1015;46;'26.07.2023 16:06:09.000;;
302;507,945;-3159,285;-327,611;0,000;0,000;0,000;0,000;RRR 1.5in;24,5;1015;46;'26.07.2023 16:06:09.010;;
303;507,480;-3159,261;-327,737;0,000;0,000;0,000;0,000;RRR 1.5in;24,5;1015;46;'26.07.2023 16:06:09.020;;
304;506,991;-3159,223;-327,847;0,000;0,000;0,000;0,000;RRR 1.5in;24,5;1015;46;'26.07.2023 16:06:09.030;;
305;506,507;-3159,194;-327,954;0,000;0,000;0,000;0,000;RRR 1.5in;24,5;1015;46;'26.07.2023 16:06:09.040;;
306;506,024;-3159,164;-328,051;0,000;0,000;0,000;0,000;RRR 1.5in;24,5;1015;46;'26.07.2023 16:06:09.050;;
307;505,548;-3159,145;-328,145;0,000;0,000;0,000;0,000;RRR 1.5in;24,5;1015;46;'26.07.2023 16:06:09.060;;
308;505,055;-3159,119;-328,228;0,000;0,000;0,000;0,000;RRR 1.5in;24,5;1015;46;'26.07.2023 16:06:09.070;;
309;504,566;-3159,094;-328,300;0,000;0,000;0,000;0,000;RRR 1.5in;24,5;1015;46;'26.07.2023 16:06:09.080;;
310;504,071;-3159,062;-328,362;0,000;0,000;0,000;0,000;RRR 1.5in;24,5;1015;46;'26.07.2023 16:06:09.090;;
311;503,581;-3159,028;-328,418;0,000;0,000;0,000;0,000;RRR 1.5in;24,5;1015;46;'26.07.2023 16:06:09.100;;
312;503,085;-3158,990;-328,469;0,000;0,000;0,000;0,000;RRR 1.5in;24,5;1015;46;'26.07.2023 16:06:09.110;;
313;502,590;-3158,956;-328,511;0,000;0,000;0,000;0,000;RRR 1.5in;24,5;1015;46;'26.07.2023 16:06:09.120;;
314;502,107;-3158,933;-328,558;0,000;0,000;0,000;0,000;RRR 1.5in;24,5;1015;46;'26.07.2023 16:06:09.130;;
315;501,609;-3158,903;-328,595;0,000;0,000;0,000;0,000;RRR 1.5in;24,5;1015;46;'26.07.2023 16:06:09.140;;
316;501,115;-3158,858;-328,622;0,000;0,000;0,000;0,000;RRR 1.5in;24,5;1015;46;'26.07.2023 16:06:09.150;;
317;500,620;-3158,817;-328,649;0,000;0,000;0,000;0,000;RRR 1.5in;24,5;1015;46;'26.07.2023 16:06:09.160;;
318;500,143;-3158,796;-328,676;0,000;0,000;0,000;0,000;RRR 1.5in;24,5;1015;46;'26.07.2023 16:06:09.170;;
319;499,655;-3158,788;-328,705;0,000;0,000;0,000;0,000;RRR 1.5in;24,5;1015;46;'26.07.2023 16:06:09.180;;
320;499,162;-3158,771;-328,720;0,000;0,000;0,000;0,000;RRR 1.5in;24,5;1015;46;'26.07.2023 16:06:09.190;;
321;498,658;-3158,741;-328,727;0,000;0,000;0,000;0,000;RRR 1.5in;24,5;1015;46;'26.07.2023 16:06:09.200;;
322;498,151;-3158,717;-328,732;0,000;0,000;0,000;0,000;RRR 1.5in;24,5;1015;46;'26.07.2023 16:06:09.210;;
323;497,663;-3158,699;-328,736;0,000;0,000;0,000;0,000;RRR 1.5in;24,5;1015;46;'26.07.2023 16:06:09.220;;
324;497,162;-3158,675;-328,730;0,000;0,000;0,000;0,000;RRR 1.5in;24,5;1015;46;'26.07.2023 16:06:09.230;;
325;496,652;-3158,650;-328,729;0,000;0,000;0,000;0,000;RRR 1.5in;24,5;1015;46;'26.07.2023 16:06:09.240;;
326;496,128;-3158,618;-328,728;0,000;0,000;0,000;0,000;RRR 1.5in;24,5;1015;46;'26.07.2023 16:06:09.250;;
327;495,628;-3158,583;-328,730;0,000;0,000;0,000;0,000;RRR 1.5in;24,5;1015;46;'26.07.2023 16:06:09.260;;
328;495,138;-3158,545;-328,736;0,000;0,000;0,000;0,000;RRR 1.5in;24,5;1015;46;'26.07.2023 16:06:09.270;;
329;494,642;-3158,510;-328,743;0,000;0,000;0,000;0,000;RRR 1.5in;24,5;1015;46;'26.07.2023 16:06:09.280;;
330;494,141;-3158,475;-328,744;0,000;0,000;0,000;0,000;RRR 1.5in;24,5;1015;46;'26.07.2023 16:06:09.290;;
331;493,645;-3158,443;-328,741;0,000;0,000;0,000;0,000;RRR 1.5in;24,5;1015;46;'26.07.2023 16:06:09.300;;
332;493,165;-3158,418;-328,739;0,000;0,000;0,000;0,000;RRR 1.5in;24,5;1015;46;'26.07.2023 16:06:09.310;;
333;492,674;-3158,392;-328,737;0,000;0,000;0,000;0,000;RRR 1.5in;24,5;1015;46;'26.07.2023 16:06:09.320;;
334;492,187;-3158,370;-328,738;0,000;0,000;0,000;0,000;RRR 1.5in;24,5;1015;46;'26.07.2023 16:06:09.330;;
335;491,682;-3158,349;-328,737;0,000;0,000;0,000;0,000;RRR 1.5in;24,5;1015;46;'26.07.2023 16:06:09.340;;
336;491,177;-3158,330;-328,732;0,000;0,000;0,000;0,000;RRR 1.5in;24,5;1015;46;'26.07.2023 16:06:09.350;;
337;490,672;-3158,307;-328,732;0,000;0,000;0,000;0,000;RRR 1.5in;24,5;1015;46;'26.07.2023 16:06:09.360;;
338;490,160;-3158,274;-328,731;0,000;0,000;0,000;0,000;RRR 1.5in;24,5;1015;46;'26.07.2023 16:06:09.370;;
339;489,656;-3158,239;-328,736;0,000;0,000;0,000;0,000;RRR 1.5in;24,5;1015;46;'26.07.2023 16:06:09.380;;
340;489,138;-3158,214;-328,745;0,000;0,000;0,000;0,000;RRR 1.5in;24,5;1015;46;'26.07.2023 16:06:09.390;;
341;488,635;-3158,194;-328,754;0,000;0,000;0,000;0,000;RRR 1.5in;24,5;1015;46;'26.07.2023 16:06:09.400;;
342;488,127;-3158,160;-328,757;0,000;0,000;0,000;0,000;RRR 1.5in;24,5;1015;46;'26.07.2023 16:06:09.410;;
343;487,622;-3158,117;-328,753;0,000;0,000;0,000;0,000;RRR 1.5in;24,5;1015;46;'26.07.2023 16:06:09.420;;
344;487,126;-3158,075;-328,752;0,000;0,000;0,000;0,000;RRR 1.5in;24,5;1015;46;'26.07.2023 16:06:09.430;;
345;486,632;-3158,046;-328,753;0,000;0,000;0,000;0,000;RRR 1.5in;24,5;1015;46;'26.07.2023 16:06:09.440;;
346;486,150;-3158,032;-328,755;0,000;0,000;0,000;0,000;RRR 1.5in;24,5;1015;46;'26.07.2023 16:06:09.450;;
347;485,643;-3158,013;-328,751;0,000;0,000;0,000;0,000;RRR 1.5in;24,5;1015;46;'26.07.2023 16:06:09.460;;
348;485,147;-3157,990;-328,751;0,000;0,000;0,000;0,000;RRR 1.5in;24,5;1015;46;'26.07.2023 16:06:09.470;;
349;484,647;-3157,958;-328,746;0,000;0,000;0,000;0,000;RRR 1.5in;24,5;1015;46;'26.07.2023 16:06:09.480;;
350;484,151;-3157,929;-328,744;0,000;0,000;0,000;0,000;RRR 1.5in;24,5;1015;46;'26.07.2023 16:06:09.490;;
351;483,647;-3157,903;-328,745;0,000;0,000;0,000;0,000;RRR 1.5in;24,5;1015;46;'26.07.2023 16:06:09.500;;
352;483,135;-3157,874;-328,741;0,000;0,000;0,000;0,000;RRR 1.5in;24,5;1015;46;'26.07.2023 16:06:09.510;;
353;482,638;-3157,852;-328,743;0,000;0,000;0,000;0,000;RRR 1.5in;24,5;1015;46;'26.07.2023 16:06:09.520;;
354;482,131;-3157,829;-328,747;0,000;0,000;0,000;0,000;RRR 1.5in;24,5;1015;46;'26.07.2023 16:06:09.530;;
355;481,633;-3157,798;-328,751;0,000;0,000;0,000;0,000;RRR 1.5in;24,5;1015;46;'26.07.2023 16:06:09.540;;
356;481,124;-3157,753;-328,747;0,000;0,000;0,000;0,000;RRR 1.5in;24,5;1015;46;'26.07.2023 16:06:09.550;;
357;480,635;-3157,726;-328,748;0,000;0,000;0,000;0,000;RRR 1.5in;24,5;1015;46;'26.07.2023 16:06:09.560;;
358;480,138;-3157,713;-328,761;0,000;0,000;0,000;0,000;RRR 1.5in;24,5;1015;46;'26.07.2023 16:06:09.570;;
359;479,637;-3157,688;-328,762;0,000;0,000;0,000;0,000;RRR 1.5in;24,5;1015;46;'26.07.2023 16:06:09.580;;
360;479,142;-3157,637;-328,756;0,000;0,000;0,000;0,000;RRR 1.5in;24,5;1015;46;'26.07.2023 16:06:09.590;;
361;478,638;-3157,594;-328,754;0,000;0,000;0,000;0,000;RRR 1.5in;24,5;1015;46;'26.07.2023 16:06:09.600;;
362;478,142;-3157,566;-328,754;0,000;0,000;0,000;0,000;RRR 1.5in;24,5;1015;46;'26.07.2023 16:06:09.610;;
363;477,645;-3157,549;-328,754;0,000;0,000;0,000;0,000;RRR 1.5in;24,5;1015;46;'26.07.2023 16:06:09.620;;
364;477,156;-3157,529;-328,751;0,000;0,000;0,000;0,000;RRR 1.5in;24,5;1015;46;'26.07.2023 16:06:09.630;;
365;476,651;-3157,509;-328,755;0,000;0,000;0,000;0,000;RRR 1.5in;24,5;1015;46;'26.07.2023 16:06:09.640;;
366;476,140;-3157,483;-328,759;0,000;0,000;0,000;0,000;RRR 1.5in;24,5;1015;46;'26.07.2023 16:06:09.650;;
367;475,641;-3157,444;-328,762;0,000;0,000;0,000;0,000;RRR 1.5in;24,5;1015;46;'26.07.2023 16:06:09.660;;
368;475,134;-3157,405;-328,765;0,000;0,000;0,000;0,000;RRR 1.5in;24,5;1015;46;'26.07.2023 16:06:09.670;;
369;474,639;-3157,389;-328,768;0,000;0,000;0,000;0,000;RRR 1.5in;24,5;1015;46;'26.07.2023 16:06:09.680;;
370;474,132;-3157,391;-328,778;0,000;0,000;0,000;0,000;RRR 1.5in;24,5;1015;46;'26.07.2023 16:06:09.690;;
371;473,630;-3157,378;-328,779;0,000;0,000;0,000;0,000;RRR 1.5in;24,5;1015;46;'26.07.2023 16:06:09.700;;
372;473,128;-3157,338;-328,769;0,000;0,000;0,000;0,000;RRR 1.5in;24,5;1015;46;'26.07.2023 16:06:09.710;;
373;472,621;-3157,301;-328,758;0,000;0,000;0,000;0,000;RRR 1.5in;24,5;1015;46;'26.07.2023 16:06:09.720;;
374;472,120;-3157,268;-328,755;0,000;0,000;0,000;0,000;RRR 1.5in;24,5;1015;46;'26.07.2023 16:06:09.730;;
375;471,613;-3157,244;-328,755;0,000;0,000;0,000;0,000;RRR 1.5in;24,5;1015;46;'26.07.2023 16:06:09.740;;
376;471,127;-3157,219;-328,748;0,000;0,000;0,000;0,000;RRR 1.5in;24,5;1015;46;'26.07.2023 16:06:09.750;;
377;470,631;-3157,194;-328,748;0,000;0,000;0,000;0,000;RRR 1.5in;24,5;1015;46;'26.07.2023 16:06:09.760;;
378;470,139;-3157,167;-328,753;0,000;0,000;0,000;0,000;RRR 1.5in;24,5;1015;46;'26.07.2023 16:06:09.770;;
379;469,650;-3157,126;-328,759;0,000;0,000;0,000;0,000;RRR 1.5in;24,5;1015;46;'26.07.2023 16:06:09.780;;
380;469,154;-3157,083;-328,762;0,000;0,000;0,000;0,000;RRR 1.5in;24,5;1015;46;'26.07.2023 16:06:09.790;;
381;468,658;-3157,044;-328,769;0,000;0,000;0,000;0,000;RRR 1.5in;24,5;1015;46;'26.07.2023 16:06:09.800;;
382;468,143;-3157,011;-328,776;0,000;0,000;0,000;0,000;RRR 1.5in;24,5;1015;46;'26.07.2023 16:06:09.810;;
383;467,639;-3156,972;-328,770;0,000;0,000;0,000;0,000;RRR 1.5in;24,5;1015;46;'26.07.2023 16:06:09.820;;
384;467,134;-3156,940;-328,766;0,000;0,000;0,000;0,000;RRR 1.5in;24,5;1015;46;'26.07.2023 16:06:09.830;;
385;466,621;-3156,924;-328,770;0,000;0,000;0,000;0,000;RRR 1.5in;24,5;1015;46;'26.07.2023 16:06:09.840;;
386;466,121;-3156,907;-328,769;0,000;0,000;0,000;0,000;RRR 1.5in;24,5;1015;46;'26.07.2023 16:06:09.850;;
387;465,608;-3156,892;-328,767;0,000;0,000;0,000;0,000;RRR 1.5in;24,5;1015;46;'26.07.2023 16:06:09.860;;
388;465,115;-3156,881;-328,768;0,000;0,000;0,000;0,000;RRR 1.5in;24,5;1015;46;'26.07.2023 16:06:09.870;;
389;464,613;-3156,862;-328,771;0,000;0,000;0,000;0,000;RRR 1.5in;24,5;1015;46;'26.07.2023 16:06:09.880;;
390;464,120;-3156,836;-328,774;0,000;0,000;0,000;0,000;RRR 1.5in;24,5;1015;46;'26.07.2023 16:06:09.890;;
391;463,628;-3156,791;-328,769;0,000;0,000;0,000;0,000;RRR 1.5in;24,5;1015;46;'26.07.2023 16:06:09.900;;
392;463,131;-3156,760;-328,774;0,000;0,000;0,000;0,000;RRR 1.5in;24,5;1015;46;'26.07.2023 16:06:09.910;;
393;462,636;-3156,729;-328,781;0,000;0,000;0,000;0,000;RRR 1.5in;24,5;1015;46;'26.07.2023 16:06:09.920;;
394;462,135;-3156,684;-328,779;0,000;0,000;0,000;0,000;RRR 1.5in;24,5;1015;46;'26.07.2023 16:06:09.930;;
395;461,634;-3156,631;-328,770;0,000;0,000;0,000;0,000;RRR 1.5in;24,5;1015;46;'26.07.2023 16:06:09.940;;
396;461,121;-3156,580;-328,766;0,000;0,000;0,000;0,000;RRR 1.5in;24,5;1015;46;'26.07.2023 16:06:09.950;;
397;460,611;-3156,546;-328,766;0,000;0,000;0,000;0,000;RRR 1.5in;24,5;1015;46;'26.07.2023 16:06:09.960;;
398;460,119;-3156,536;-328,773;0,000;0,000;0,000;0,000;RRR 1.5in;24,5;1015;46;'26.07.2023 16:06:09.970;;
399;459,600;-3156,535;-328,780;0,000;0,000;0,000;0,000;RRR 1.5in;24,5;1015;46;'26.07.2023 16:06:09.980;;
400;459,090;-3156,524;-328,777;0,000;0,000;0,000;0,000;RRR 1.5in;24,5;1015;46;'26.07.2023 16:06:09.990;;
401;458,581;-3156,502;-328,774;0,000;0,000;0,000;0,000;RRR 1.5in;24,5;1015;46;'26.07.2023 16:06:10.000;;
402;458,083;-3156,477;-328,770;0,000;0,000;0,000;0,000;RRR 1.5in;24,5;1015;46;'26.07.2023 16:06:10.010;;
403;457,582;-3156,450;-328,773;0,000;0,000;0,000;0,000;RRR 1.5in;24,5;1015;46;'26.07.2023 16:06:10.020;;
404;457,089;-3156,423;-328,774;0,000;0,000;0,000;0,000;RRR 1.5in;24,5;1015;46;'26.07.2023 16:06:10.030;;
405;456,611;-3156,391;-328,776;0,000;0,000;0,000;0,000;RRR 1.5in;24,5;1015;46;'26.07.2023 16:06:10.040;;
406;456,128;-3156,365;-328,783;0,000;0,000;0,000;0,000;RRR 1.5in;24,5;1015;46;'26.07.2023 16:06:10.050;;
407;455,657;-3156,332;-328,785;0,000;0,000;0,000;0,000;RRR 1.5in;24,5;1015;46;'26.07.2023 16:06:10.060;;
408;455,175;-3156,272;-328,781;0,000;0,000;0,000;0,000;RRR 1.5in;24,5;1015;46;'26.07.2023 16:06:10.070;;
409;454,678;-3156,218;-328,778;0,000;0,000;0,000;0,000;RRR 1.5in;24,5;1015;46;'26.07.2023 16:06:10.080;;
410;454,173;-3156,186;-328,787;0,000;0,000;0,000;0,000;RRR 1.5in;24,5;1015;46;'26.07.2023 16:06:10.090;;
411;453,656;-3156,156;-328,788;0,000;0,000;0,000;0,000;RRR 1.5in;24,5;1015;46;'26.07.2023 16:06:10.100;;
412;453,164;-3156,128;-328,783;0,000;0,000;0,000;0,000;RRR 1.5in;24,5;1015;46;'26.07.2023 16:06:10.110;;
413;452,655;-3156,107;-328,780;0,000;0,000;0,000;0,000;RRR 1.5in;24,5;1015;46;'26.07.2023 16:06:10.120;;
414;452,132;-3156,091;-328,780;0,000;0,000;0,000;0,000;RRR 1.5in;24,5;1015;46;'26.07.2023 16:06:10.130;;
415;451,624;-3156,068;-328,777;0,000;0,000;0,000;0,000;RRR 1.5in;24,5;1015;46;'26.07.2023 16:06:10.140;;
416;451,117;-3156,052;-328,777;0,000;0,000;0,000;0,000;RRR 1.5in;24,5;1015;46;'26.07.2023 16:06:10.150;;
417;450,623;-3156,049;-328,780;0,000;0,000;0,000;0,000;RRR 1.5in;24,5;1015;46;'26.07.2023 16:06:10.160;;
418;450,116;-3156,046;-328,791;0,000;0,000;0,000;0,000;RRR 1.5in;24,5;1015;46;'26.07.2023 16:06:10.170;;
419;449,632;-3156,025;-328,802;0,000;0,000;0,000;0,000;RRR 1.5in;24,5;1015;46;'26.07.2023 16:06:10.180;;
420;449,136;-3155,979;-328,810;0,000;0,000;0,000;0,000;RRR 1.5in;24,5;1015;46;'26.07.2023 16:06:10.190;;
421;448,625;-3155,929;-328,822;0,000;0,000;0,000;0,000;RRR 1.5in;24,5;1015;46;'26.07.2023 16:06:10.200;;
422;448,134;-3155,871;-328,828;0,000;0,000;0,000;0,000;RRR 1.5in;24,5;1015;46;'26.07.2023 16:06:10.210;;
423;447,640;-3155,820;-328,834;0,000;0,000;0,000;0,000;RRR 1.5in;24,5;1015;46;'26.07.2023 16:06:10.220;;
424;447,159;-3155,784;-328,835;0,000;0,000;0,000;0,000;RRR 1.5in;24,5;1015;46;'26.07.2023 16:06:10.230;;
425;446,667;-3155,766;-328,847;0,000;0,000;0,000;0,000;RRR 1.5in;24,5;1015;46;'26.07.2023 16:06:10.240;;
426;446,161;-3155,737;-328,853;0,000;0,000;0,000;0,000;RRR 1.5in;24,5;1015;46;'26.07.2023 16:06:10.250;;
427;445,666;-3155,687;-328,845;0,000;0,000;0,000;0,000;RRR 1.5in;24,5;1015;46;'26.07.2023 16:06:10.260;;
428;445,167;-3155,651;-328,845;0,000;0,000;0,000;0,000;RRR 1.5in;24,5;1015;46;'26.07.2023 16:06:10.270;;
429;444,672;-3155,637;-328,849;0,000;0,000;0,000;0,000;RRR 1.5in;24,5;1015;46;'26.07.2023 16:06:10.280;;
430;444,169;-3155,634;-328,863;0,000;0,000;0,000;0,000;RRR 1.5in;24,5;1015;46;'26.07.2023 16:06:10.290;;
431;443,641;-3155,615;-328,860;0,000;0,000;0,000;0,000;RRR 1.5in;24,5;1015;46;'26.07.2023 16:06:10.300;;
432;443,138;-3155,581;-328,856;0,000;0,000;0,000;0,000;RRR 1.5in;24,5;1015;46;'26.07.2023 16:06:10.310;;
433;442,633;-3155,549;-328,862;0,000;0,000;0,000;0,000;RRR 1.5in;24,5;1015;46;'26.07.2023 16:06:10.320;;
434;442,147;-3155,522;-328,873;0,000;0,000;0,000;0,000;RRR 1.5in;24,5;1015;46;'26.07.2023 16:06:10.330;;
435;441,654;-3155,485;-328,877;0,000;0,000;0,000;0,000;RRR 1.5in;24,5;1015;46;'26.07.2023 16:06:10.340;;
436;441,160;-3155,447;-328,878;0,000;0,000;0,000;0,000;RRR 1.5in;24,5;1015;46;'26.07.2023 16:06:10.350;;
437;440,673;-3155,414;-328,884;0,000;0,000;0,000;0,000;RRR 1.5in;24,5;1015;46;'26.07.2023 16:06:10.360;;
438;440,173;-3155,372;-328,885;0,000;0,000;0,000;0,000;RRR 1.5in;24,5;1015;46;'26.07.2023 16:06:10.370;;
439;439,693;-3155,319;-328,876;0,000;0,000;0,000;0,000;RRR 1.5in;24,5;1015;46;'26.07.2023 16:06:10.380;;
440;439,198;-3155,273;-328,866;0,000;0,000;0,000;0,000;RRR 1.5in;24,5;1015;46;'26.07.2023 16:06:10.390;;
441;438,708;-3155,264;-328,867;0,000;0,000;0,000;0,000;RRR 1.5in;24,5;1015;46;'26.07.2023 16:06:10.400;;
442;438,211;-3155,271;-328,873;0,000;0,000;0,000;0,000;RRR 1.5in;24,5;1015;46;'26.07.2023 16:06:10.410;;
443;437,694;-3155,257;-328,873;0,000;0,000;0,000;0,000;RRR 1.5in;24,5;1015;46;'26.07.2023 16:06:10.420;;
444;437,180;-3155,207;-328,857;0,000;0,000;0,000;0,000;RRR 1.5in;24,5;1015;46;'26.07.2023 16:06:10.430;;
445;436,660;-3155,162;-328,853;0,000;0,000;0,000;0,000;RRR 1.5in;24,5;1015;46;'26.07.2023 16:06:10.440;;
446;436,156;-3155,136;-328,857;0,000;0,000;0,000;0,000;RRR 1.5in;24,5;1015;46;'26.07.2023 16:06:10.450;;
447;435,661;-3155,124;-328,869;0,000;0,000;0,000;0,000;RRR 1.5in;24,5;1015;46;'26.07.2023 16:06:10.460;;
448;435,151;-3155,102;-328,875;0,000;0,000;0,000;0,000;RRR 1.5in;24,5;1015;46;'26.07.2023 16:06:10.470;;
449;434,667;-3155,067;-328,872;0,000;0,000;0,000;0,000;RRR 1.5in;24,5;1015;46;'26.07.2023 16:06:10.480;;
450;434,186;-3155,029;-328,873;0,000;0,000;0,000;0,000;RRR 1.5in;24,5;1015;46;'26.07.2023 16:06:10.490;;
451;433,711;-3154,989;-328,876;0,000;0,000;0,000;0,000;RRR 1.5in;24,5;1015;46;'26.07.2023 16:06:10.500;;
452;433,222;-3154,937;-328,870;0,000;0,000;0,000;0,000;RRR 1.5in;24,5;1015;46;'26.07.2023 16:06:10.510;;
453;432,725;-3154,895;-328,864;0,000;0,000;0,000;0,000;RRR 1.5in;24,5;1015;46;'26.07.2023 16:06:10.520;;
454;432,253;-3154,871;-328,856;0,000;0,000;0,000;0,000;RRR 1.5in;24,5;1015;46;'26.07.2023 16:06:10.530;;
455;431,755;-3154,853;-328,854;0,000;0,000;0,000;0,000;RRR 1.5in;24,5;1015;46;'26.07.2023 16:06:10.540;;
456;431,251;-3154,817;-328,838;0,000;0,000;0,000;0,000;RRR 1.5in;24,5;1015;46;'26.07.2023 16:06:10.550;;
457;430,746;-3154,769;-328,816;0,000;0,000;0,000;0,000;RRR 1.5in;24,5;1015;46;'26.07.2023 16:06:10.560;;
458;430,227;-3154,753;-328,821;0,000;0,000;0,000;0,000;RRR 1.5in;24,5;1015;46;'26.07.2023 16:06:10.570;;
459;429,722;-3154,754;-328,831;0,000;0,000;0,000;0,000;RRR 1.5in;24,5;1015;46;'26.07.2023 16:06:10.580;;
460;429,226;-3154,744;-328,837;0,000;0,000;0,000;0,000;RRR 1.5in;24,5;1015;46;'26.07.2023 16:06:10.590;;
461;428,720;-3154,712;-328,832;0,000;0,000;0,000;0,000;RRR 1.5in;24,5;1015;46;'26.07.2023 16:06:10.600;;
462;428,213;-3154,684;-328,834;0,000;0,000;0,000;0,000;RRR 1.5in;24,5;1015;46;'26.07.2023 16:06:10.610;;
463;427,698;-3154,663;-328,841;0,000;0,000;0,000;0,000;RRR 1.5in;24,5;1015;46;'26.07.2023 16:06:10.620;;
464;427,205;-3154,630;-328,842;0,000;0,000;0,000;0,000;RRR 1.5in;24,5;1015;46;'26.07.2023 16:06:10.630;;
465;426,705;-3154,593;-328,839;0,000;0,000;0,000;0,000;RRR 1.5in;24,5;1015;46;'26.07.2023 16:06:10.640;;
466;426,222;-3154,570;-328,835;0,000;0,000;0,000;0,000;RRR 1.5in;24,5;1015;46;'26.07.2023 16:06:10.650;;
467;425,752;-3154,549;-328,829;0,000;0,000;0,000;0,000;RRR 1.5in;24,5;1015;46;'26.07.2023 16:06:10.660;;
468;425,266;-3154,513;-328,822;0,000;0,000;0,000;0,000;RRR 1.5in;24,5;1015;46;'26.07.2023 16:06:10.670;;
469;424,775;-3154,459;-328,814;0,000;0,000;0,000;0,000;RRR 1.5in;24,5;1015;46;'26.07.2023 16:06:10.680;;
470;424,260;-3154,402;-328,811;0,000;0,000;0,000;0,000;RRR 1.5in;24,5;1015;46;'26.07.2023 16:06:10.690;;
471;423,754;-3154,361;-328,814;0,000;0,000;0,000;0,000;RRR 1.5in;24,5;1015;46;'26.07.2023 16:06:10.700;;
472;423,267;-3154,341;-328,817;0,000;0,000;0,000;0,000;RRR 1.5in;24,5;1015;46;'26.07.2023 16:06:10.710;;
473;422,759;-3154,337;-328,833;0,000;0,000;0,000;0,000;RRR 1.5in;24,5;1015;46;'26.07.2023 16:06:10.720;;
474;422,239;-3154,318;-328,836;0,000;0,000;0,000;0,000;RRR 1.5in;24,5;1015;46;'26.07.2023 16:06:10.730;;
475;421,729;-3154,288;-328,839;0,000;0,000;0,000;0,000;RRR 1.5in;24,5;1015;46;'26.07.2023 16:06:10.740;;
476;421,210;-3154,252;-328,839;0,000;0,000;0,000;0,000;RRR 1.5in;24,5;1015;46;'26.07.2023 16:06:10.750;;
477;420,714;-3154,219;-328,834;0,000;0,000;0,000;0,000;RRR 1.5in;24,5;1015;46;'26.07.2023 16:06:10.760;;
478;420,215;-3154,204;-328,831;0,000;0,000;0,000;0,000;RRR 1.5in;24,5;1015;46;'26.07.2023 16:06:10.770;;
479;419,734;-3154,201;-328,830;0,000;0,000;0,000;0,000;RRR 1.5in;24,5;1015;46;'26.07.2023 16:06:10.780;;
480;419,250;-3154,191;-328,828;0,000;0,000;0,000;0,000;RRR 1.5in;24,5;1015;46;'26.07.2023 16:06:10.790;;
481;418,768;-3154,163;-328,828;0,000;0,000;0,000;0,000;RRR 1.5in;24,5;1015;46;'26.07.2023 16:06:10.800;;
482;418,280;-3154,093;-328,812;0,000;0,000;0,000;0,000;RRR 1.5in;24,5;1015;46;'26.07.2023 16:06:10.810;;
483;417,778;-3154,022;-328,804;0,000;0,000;0,000;0,000;RRR 1.5in;24,5;1015;46;'26.07.2023 16:06:10.820;;
484;417,280;-3153,982;-328,807;0,000;0,000;0,000;0,000;RRR 1.5in;24,5;1015;46;'26.07.2023 16:06:10.830;;
485;416,780;-3153,959;-328,811;0,000;0,000;0,000;0,000;RRR 1.5in;24,5;1015;46;'26.07.2023 16:06:10.840;;
486;416,272;-3153,945;-328,811;0,000;0,000;0,000;0,000;RRR 1.5in;24,5;1015;46;'26.07.2023 16:06:10.850;;
487;415,774;-3153,925;-328,810;0,000;0,000;0,000;0,000;RRR 1.5in;24,5;1015;46;'26.07.2023 16:06:10.860;;
488;415,255;-3153,899;-328,811;0,000;0,000;0,000;0,000;RRR 1.5in;24,5;1015;46;'26.07.2023 16:06:10.870;;
489;414,739;-3153,864;-328,806;0,000;0,000;0,000;0,000;RRR 1.5in;24,5;1015;46;'26.07.2023 16:06:10.880;;
490;414,242;-3153,838;-328,797;0,000;0,000;0,000;0,000;RRR 1.5in;24,5;1015;46;'26.07.2023 16:06:10.890;;
491;413,730;-3153,837;-328,801;0,000;0,000;0,000;0,000;RRR 1.5in;24,5;1015;46;'26.07.2023 16:06:10.900;;
492;413,234;-3153,840;-328,801;0,000;0,000;0,000;0,000;RRR 1.5in;24,5;1015;46;'26.07.2023 16:06:10.910;;
493;412,740;-3153,815;-328,794;0,000;0,000;0,000;0,000;RRR 1.5in;24,5;1015;46;'26.07.2023 16:06:10.920;;
494;412,255;-3153,764;-328,783;0,000;0,000;0,000;0,000;RRR 1.5in;24,5;1015;46;'26.07.2023 16:06:10.930;;
495;411,762;-3153,701;-328,772;0,000;0,000;0,000;0,000;RRR 1.5in;24,5;1015;46;'26.07.2023 16:06:10.940;;
496;411,267;-3153,658;-328,778;0,000;0,000;0,000;0,000;RRR 1.5in;24,5;1015;46;'26.07.2023 16:06:10.950;;
497;410,793;-3153,619;-328,774;0,000;0,000;0,000;0,000;RRR 1.5in;24,5;1015;46;'26.07.2023 16:06:10.960;;
498;410,316;-3153,598;-328,775;0,000;0,000;0,000;0,000;RRR 1.5in;24,5;1015;46;'26.07.2023 16:06:10.970;;
499;409,828;-3153,578;-328,771;0,000;0,000;0,000;0,000;RRR 1.5in;24,5;1015;46;'26.07.2023 16:06:10.980;;
500;409,344;-3153,548;-328,766;0,000;0,000;0,000;0,000;RRR 1.5in;24,5;1015;46;'26.07.2023 16:06:10.990;;
501;408,828;-3153,507;-328,762;0,000;0,000;0,000;0,000;RRR 1.5in;24,5;1015;46;'26.07.2023 16:06:11.000;;
502;408,313;-3153,473;-328,761;0,000;0,000;0,000;0,000;RRR 1.5in;24,5;1015;46;'26.07.2023 16:06:11.010;;
503;407,803;-3153,453;-328,758;0,000;0,000;0,000;0,000;RRR 1.5in;24,5;1015;46;'26.07.2023 16:06:11.020;;
504;407,294;-3153,453;-328,769;0,000;0,000;0,000;0,000;RRR 1.5in;24,5;1015;46;'26.07.2023 16:06:11.030;;
505;406,789;-3153,449;-328,771;0,000;0,000;0,000;0,000;RRR 1.5in;24,5;1015;46;'26.07.2023 16:06:11.040;;
506;406,281;-3153,433;-328,774;0,000;0,000;0,000;0,000;RRR 1.5in;24,5;1015;46;'26.07.2023 16:06:11.050;;
507;405,773;-3153,392;-328,763;0,000;0,000;0,000;0,000;RRR 1.5in;24,5;1015;46;'26.07.2023 16:06:11.060;;
508;405,279;-3153,348;-328,757;0,000;0,000;0,000;0,000;RRR 1.5in;24,5;1015;46;'26.07.2023 16:06:11.070;;
509;404,771;-3153,322;-328,761;0,000;0,000;0,000;0,000;RRR 1.5in;24,5;1015;46;'26.07.2023 16:06:11.080;;
510;404,282;-3153,296;-328,763;0,000;0,000;0,000;0,000;RRR 1.5in;24,5;1015;46;'26.07.2023 16:06:11.090;;
511;403,799;-3153,262;-328,757;0,000;0,000;0,000;0,000;RRR 1.5in;24,5;1015;46;'26.07.2023 16:06:11.100;;
512;403,318;-3153,230;-328,752;0,000;0,000;0,000;0,000;RRR 1.5in;24,5;1015;46;'26.07.2023 16:06:11.110;;
513;402,833;-3153,196;-328,747;0,000;0,000;0,000;0,000;RRR 1.5in;24,5;1015;46;'26.07.2023 16:06:11.120;;
514;402,334;-3153,154;-328,751;0,000;0,000;0,000;0,000;RRR 1.5in;24,5;1015;46;'26.07.2023 16:06:11.130;;
515;401,838;-3153,105;-328,743;0,000;0,000;0,000;0,000;RRR 1.5in;24,5;1015;46;'26.07.2023 16:06:11.140;;
516;401,341;-3153,076;-328,744;0,000;0,000;0,000;0,000;RRR 1.5in;24,5;1015;46;'26.07.2023 16:06:11.150;;
517;400,826;-3153,077;-328,757;0,000;0,000;0,000;0,000;RRR 1.5in;24,5;1015;46;'26.07.2023 16:06:11.160;;
518;400,331;-3153,077;-328,763;0,000;0,000;0,000;0,000;RRR 1.5in;24,5;1015;46;'26.07.2023 16:06:11.170;;
519;399,827;-3153,055;-328,758;0,000;0,000;0,000;0,000;RRR 1.5in;24,5;1015;46;'26.07.2023 16:06:11.180;;
520;399,308;-3153,021;-328,751;0,000;0,000;0,000;0,000;RRR 1.5in;24,5;1015;46;'26.07.2023 16:06:11.190;;
521;398,801;-3152,981;-328,743;0,000;0,000;0,000;0,000;RRR 1.5in;24,5;1015;46;'26.07.2023 16:06:11.200;;
522;398,324;-3152,943;-328,745;0,000;0,000;0,000;0,000;RRR 1.5in;24,5;1015;46;'26.07.2023 16:06:11.210;;
523;397,892;-3152,909;-328,744;0,000;0,000;0,000;0,000;RRR 1.5in;24,5;1015;46;'26.07.2023 16:06:11.220;;
524;397,515;-3152,879;-328,738;0,000;0,000;0,000;0,000;RRR 1.5in;24,5;1015;46;'26.07.2023 16:06:11.230;;
525;397,147;-3152,845;-328,734;0,000;0,000;0,000;0,000;RRR 1.5in;24,5;1015;46;'26.07.2023 16:06:11.240;;
526;396,808;-3152,803;-328,735;0,000;0,000;0,000;0,000;RRR 1.5in;24,5;1015;46;'26.07.2023 16:06:11.250;;
527;396,475;-3152,763;-328,732;0,000;0,000;0,000;0,000;RRR 1.5in;24,5;1015;46;'26.07.2023 16:06:11.260;;
528;396,164;-3152,738;-328,738;0,000;0,000;0,000;0,000;RRR 1.5in;24,5;1015;46;'26.07.2023 16:06:11.270;;
529;395,862;-3152,717;-328,749;0,000;0,000;0,000;0,000;RRR 1.5in;24,5;1015;46;'26.07.2023 16:06:11.280;;
530;395,600;-3152,698;-328,753;0,000;0,000;0,000;0,000;RRR 1.5in;24,5;1015;46;'26.07.2023 16:06:11.290;;
531;395,373;-3152,694;-328,756;0,000;0,000;0,000;0,000;RRR 1.5in;24,5;1015;46;'26.07.2023 16:06:11.300;;
532;395,151;-3152,711;-328,768;0,000;0,000;0,000;0,000;RRR 1.5in;24,5;1015;46;'26.07.2023 16:06:11.310;;
533;394,955;-3152,731;-328,785;0,000;0,000;0,000;0,000;RRR 1.5in;24,5;1015;46;'26.07.2023 16:06:11.320;;
534;394,796;-3152,725;-328,780;0,000;0,000;0,000;0,000;RRR 1.5in;24,5;1015;46;'26.07.2023 16:06:11.330;;
535;394,681;-3152,726;-328,769;0,000;0,000;0,000;0,000;RRR 1.5in;24,5;1015;46;'26.07.2023 16:06:11.340;;
536;394,594;-3152,747;-328,772;0,000;0,000;0,000;0,000;RRR 1.5in;24,5;1015;46;'26.07.2023 16:06:11.350;;
537;394,533;-3152,751;-328,774;0,000;0,000;0,000;0,000;RRR 1.5in;24,5;1015;46;'26.07.2023 16:06:11.360;;
538;394,494;-3152,719;-328,760;0,000;0,000;0,000;0,000;RRR 1.5in;24,5;1015;46;'26.07.2023 16:06:11.370;;
539;394,478;-3152,694;-328,749;0,000;0,000;0,000;0,000;RRR 1.5in;24,5;1015;46;'26.07.2023 16:06:11.380;;
540;394,494;-3152,700;-328,752;0,000;0,000;0,000;0,000;RRR 1.5in;24,5;1015;46;'26.07.2023 16:06:11.390;;
541;394,528;-3152,713;-328,752;0,000;0,000;0,000;0,000;RRR 1.5in;24,5;1015;46;'26.07.2023 16:06:11.400;;
542;394,543;-3152,715;-328,731;0,000;0,000;0,000;0,000;RRR 1.5in;24,5;1015;46;'26.07.2023 16:06:11.410;;
543;394,528;-3152,739;-328,724;0,000;0,000;0,000;0,000;RRR 1.5in;24,5;1015;46;'26.07.2023 16:06:11.420;;
544;394,484;-3152,788;-328,744;0,000;0,000;0,000;0,000;RRR 1.5in;24,5;1015;46;'26.07.2023 16:06:11.430;;
545;394,454;-3152,810;-328,755;0,000;0,000;0,000;0,000;RRR 1.5in;24,5;1015;46;'26.07.2023 16:06:11.440;;
546;394,451;-3152,786;-328,740;0,000;0,000;0,000;0,000;RRR 1.5in;24,5;1015;46;'26.07.2023 16:06:11.450;;
547;394,450;-3152,770;-328,731;0,000;0,000;0,000;0,000;RRR 1.5in;24,5;1015;46;'26.07.2023 16:06:11.460;;
548;394,444;-3152,793;-328,745;0,000;0,000;0,000;0,000;RRR 1.5in;24,5;1015;46;'26.07.2023 16:06:11.470;;
549;394,432;-3152,825;-328,761;0,000;0,000;0,000;0,000;RRR 1.5in;24,5;1015;46;'26.07.2023 16:06:11.480;;
550;394,428;-3152,819;-328,761;0,000;0,000;0,000;0,000;RRR 1.5in;24,5;1015;46;'26.07.2023 16:06:11.490;;
551;394,450;-3152,782;-328,751;0,000;0,000;0,000;0,000;RRR 1.5in;24,5;1015;46;'26.07.2023 16:06:11.500;;
552;394,484;-3152,749;-328,742;0,000;0,000;0,000;0,000;RRR 1.5in;24,5;1015;46;'26.07.2023 16:06:11.510;;
553;394,499;-3152,738;-328,740;0,000;0,000;0,000;0,000;RRR 1.5in;24,5;1015;46;'26.07.2023 16:06:11.520;;
554;394,491;-3152,741;-328,735;0,000;0,000;0,000;0,000;RRR 1.5in;24,5;1015;46;'26.07.2023 16:06:11.530;;
555;394,480;-3152,755;-328,731;0,000;0,000;0,000;0,000;RRR 1.5in;24,5;1015;46;'26.07.2023 16:06:11.540;;
556;394,476;-3152,771;-328,730;0,000;0,000;0,000;0,000;RRR 1.5in;24,5;1015;46;'26.07.2023 16:06:11.550;;
557;394,477;-3152,778;-328,730;0,000;0,000;0,000;0,000;RRR 1.5in;24,5;1015;46;'26.07.2023 16:06:11.560;;
558;394,473;-3152,773;-328,728;0,000;0,000;0,000;0,000;RRR 1.5in;24,5;1015;46;'26.07.2023 16:06:11.570;;
559;394,454;-3152,770;-328,732;0,000;0,000;0,000;0,000;RRR 1.5in;24,5;1015;46;'26.07.2023 16:06:11.580;;
560;394,432;-3152,786;-328,746;0,000;0,000;0,000;0,000;RRR 1.5in;24,5;1015;46;'26.07.2023 16:06:11.590;;
561;394,423;-3152,808;-328,761;0,000;0,000;0,000;0,000;RRR 1.5in;24,5;1015;46;'26.07.2023 16:06:11.600;;
562;394,437;-3152,801;-328,763;0,000;0,000;0,000;0,000;RRR 1.5in;24,5;1015;46;'26.07.2023 16:06:11.610;;
563;394,450;-3152,770;-328,754;0,000;0,000;0,000;0,000;RRR 1.5in;24,5;1015;46;'26.07.2023 16:06:11.620;;
564;394,463;-3152,747;-328,748;0,000;0,000;0,000;0,000;RRR 1.5in;24,5;1015;46;'26.07.2023 16:06:11.630;;
565;394,469;-3152,749;-328,748;0,000;0,000;0,000;0,000;RRR 1.5in;24,5;1015;46;'26.07.2023 16:06:11.640;;
566;394,467;-3152,759;-328,747;0,000;0,000;0,000;0,000;RRR 1.5in;24,5;1015;46;'26.07.2023 16:06:11.650;;
567;394,471;-3152,761;-328,739;0,000;0,000;0,000;0,000;RRR 1.5in;24,5;1015;46;'26.07.2023 16:06:11.660;;
568;394,478;-3152,754;-328,729;0,000;0,000;0,000;0,000;RRR 1.5in;24,5;1015;46;'26.07.2023 16:06:11.670;;
569;394,479;-3152,754;-328,727;0,000;0,000;0,000;0,000;RRR 1.5in;24,5;1015;46;'26.07.2023 16:06:11.680;;
570;394,468;-3152,763;-328,734;0,000;0,000;0,000;0,000;RRR 1.5in;24,5;1015;46;'26.07.2023 16:06:11.690;;
571;394,447;-3152,772;-328,742;0,000;0,000;0,000;0,000;RRR 1.5in;24,5;1015;46;'26.07.2023 16:06:11.700;;
572;394,432;-3152,779;-328,751;0,000;0,000;0,000;0,000;RRR 1.5in;24,5;1015;46;'26.07.2023 16:06:11.710;;
573;394,434;-3152,785;-328,757;0,000;0,000;0,000;0,000;RRR 1.5in;24,5;1015;46;'26.07.2023 16:06:11.720;;
574;394,445;-3152,782;-328,761;0,000;0,000;0,000;0,000;RRR 1.5in;24,5;1015;46;'26.07.2023 16:06:11.730;;
575;394,447;-3152,769;-328,760;0,000;0,000;0,000;0,000;RRR 1.5in;24,5;1015;46;'26.07.2023 16:06:11.740;;
576;394,445;-3152,757;-328,756;0,000;0,000;0,000;0,000;RRR 1.5in;24,5;1015;46;'26.07.2023 16:06:11.750;;
577;394,445;-3152,757;-328,755;0,000;0,000;0,000;0,000;RRR 1.5in;24,5;1015;46;'26.07.2023 16:06:11.760;;
578;394,455;-3152,759;-328,751;0,000;0,000;0,000;0,000;RRR 1.5in;24,5;1015;46;'26.07.2023 16:06:11.770;;
579;394,471;-3152,755;-328,740;0,000;0,000;0,000;0,000;RRR 1.5in;24,5;1015;46;'26.07.2023 16:06:11.780;;
580;394,475;-3152,748;-328,732;0,000;0,000;0,000;0,000;RRR 1.5in;24,5;1015;46;'26.07.2023 16:06:11.790;;
581;394,467;-3152,749;-328,733;0,000;0,000;0,000;0,000;RRR 1.5in;24,5;1015;46;'26.07.2023 16:06:11.800;;
582;394,456;-3152,760;-328,741;0,000;0,000;0,000;0,000;RRR 1.5in;24,5;1015;46;'26.07.2023 16:06:11.810;;
583;394,448;-3152,766;-328,749;0,000;0,000;0,000;0,000;RRR 1.5in;24,5;1015;46;'26.07.2023 16:06:11.820;;
584;394,443;-3152,765;-328,751;0,000;0,000;0,000;0,000;RRR 1.5in;24,5;1015;46;'26.07.2023 16:06:11.830;;
585;394,443;-3152,764;-328,754;0,000;0,000;0,000;0,000;RRR 1.5in;24,5;1015;46;'26.07.2023 16:06:11.840;;
586;394,442;-3152,771;-328,763;0,000;0,000;0,000;0,000;RRR 1.5in;24,5;1015;46;'26.07.2023 16:06:11.850;;
587;394,438;-3152,774;-328,764;0,000;0,000;0,000;0,000;RRR 1.5in;24,5;1015;46;'26.07.2023 16:06:11.860;;
588;394,436;-3152,767;-328,761;0,000;0,000;0,000;0,000;RRR 1.5in;24,5;1015;46;'26.07.2023 16:06:11.870;;
589;394,443;-3152,759;-328,754;0,000;0,000;0,000;0,000;RRR 1.5in;24,5;1015;46;'26.07.2023 16:06:11.880;;
590;394,455;-3152,755;-328,747;0,000;0,000;0,000;0,000;RRR 1.5in;24,5;1015;46;'26.07.2023 16:06:11.890;;
591;394,466;-3152,754;-328,742;0,000;0,000;0,000;0,000;RRR 1.5in;24,5;1015;46;'26.07.2023 16:06:11.900;;
592;394,466;-3152,754;-328,738;0,000;0,000;0,000;0,000;RRR 1.5in;24,5;1015;46;'26.07.2023 16:06:11.910;;
593;394,459;-3152,752;-328,738;0,000;0,000;0,000;0,000;RRR 1.5in;24,5;1015;46;'26.07.2023 16:06:11.920;;
594;394,453;-3152,754;-328,743;0,000;0,000;0,000;0,000;RRR 1.5in;24,5;1015;46;'26.07.2023 16:06:11.930;;
595;394,455;-3152,756;-328,749;0,000;0,000;0,000;0,000;RRR 1.5in;24,5;1015;46;'26.07.2023 16:06:11.940;;
596;394,450;-3152,754;-328,756;0,000;0,000;0,000;0,000;RRR 1.5in;24,5;1015;46;'26.07.2023 16:06:11.950;;
597;394,430;-3152,750;-328,765;0,000;0,000;0,000;0,000;RRR 1.5in;24,5;1015;46;'26.07.2023 16:06:11.960;;
598;394,403;-3152,742;-328,775;0,000;0,000;0,000;0,000;RRR 1.5in;24,5;1015;46;'26.07.2023 16:06:11.970;;
599;394,378;-3152,725;-328,782;0,000;0,000;0,000;0,000;RRR 1.5in;24,5;1015;46;'26.07.2023 16:06:11.980;;
600;394,341;-3152,695;-328,785;0,000;0,000;0,000;0,000;RRR 1.5in;24,5;1015;46;'26.07.2023 16:06:11.990;;
601;394,293;-3152,657;-328,786;0,000;0,000;0,000;0,000;RRR 1.5in;24,5;1015;46;'26.07.2023 16:06:12.000;;
602;394,229;-3152,617;-328,783;0,000;0,000;0,000;0,000;RRR 1.5in;24,5;1015;46;'26.07.2023 16:06:12.010;;
603;394,154;-3152,589;-328,781;0,000;0,000;0,000;0,000;RRR 1.5in;24,5;1015;46;'26.07.2023 16:06:12.020;;
604;394,061;-3152,581;-328,784;0,000;0,000;0,000;0,000;RRR 1.5in;24,5;1015;46;'26.07.2023 16:06:12.030;;
605;393,952;-3152,580;-328,780;0,000;0,000;0,000;0,000;RRR 1.5in;24,5;1015;46;'26.07.2023 16:06:12.040;;
606;393,819;-3152,579;-328,772;0,000;0,000;0,000;0,000;RRR 1.5in;24,5;1015;46;'26.07.2023 16:06:12.050;;
607;393,651;-3152,581;-328,763;0,000;0,000;0,000;0,000;RRR 1.5in;24,5;1015;46;'26.07.2023 16:06:12.060;;
608;393,449;-3152,582;-328,757;0,000;0,000;0,000;0,000;RRR 1.5in;24,5;1015;46;'26.07.2023 16:06:12.070;;
609;393,218;-3152,578;-328,747;0,000;0,000;0,000;0,000;RRR 1.5in;24,5;1015;46;'26.07.2023 16:06:12.080;;
610;392,972;-3152,577;-328,737;0,000;0,000;0,000;0,000;RRR 1.5in;24,5;1015;46;'26.07.2023 16:06:12.090;;
611;392,704;-3152,586;-328,737;0,000;0,000;0,000;0,000;RRR 1.5in;24,5;1015;46;'26.07.2023 16:06:12.100;;
612;392,428;-3152,584;-328,732;0,000;0,000;0,000;0,000;RRR 1.5in;24,5;1015;46;'26.07.2023 16:06:12.110;;
613;392,112;-3152,574;-328,741;0,000;0,000;0,000;0,000;RRR 1.5in;24,5;1015;46;'26.07.2023 16:06:12.120;;
614;391,761;-3152,536;-328,746;0,000;0,000;0,000;0,000;RRR 1.5in;24,5;1015;46;'26.07.2023 16:06:12.130;;
615;391,412;-3152,491;-328,739;0,000;0,000;0,000;0,000;RRR 1.5in;24,5;1015;46;'26.07.2023 16:06:12.140;;
616;391,055;-3152,469;-328,742;0,000;0,000;0,000;0,000;RRR 1.5in;24,5;1015;46;'26.07.2023 16:06:12.150;;
617;390,686;-3152,469;-328,750;0,000;0,000;0,000;0,000;RRR 1.5in;24,5;1015;46;'26.07.2023 16:06:12.160;;
618;390,295;-3152,451;-328,742;0,000;0,000;0,000;0,000;RRR 1.5in;24,5;1015;46;'26.07.2023 16:06:12.170;;
619;389,868;-3152,419;-328,732;0,000;0,000;0,000;0,000;RRR 1.5in;24,5;1015;46;'26.07.2023 16:06:12.180;;
620;389,413;-3152,379;-328,725;0,000;0,000;0,000;0,000;RRR 1.5in;24,5;1015;46;'26.07.2023 16:06:12.190;;
621;388,959;-3152,338;-328,717;0,000;0,000;0,000;0,000;RRR 1.5in;24,5;1015;46;'26.07.2023 16:06:12.200;;
622;388,491;-3152,297;-328,700;0,000;0,000;0,000;0,000;RRR 1.5in;24,5;1015;46;'26.07.2023 16:06:12.210;;
623;388,017;-3152,288;-328,693;0,000;0,000;0,000;0,000;RRR 1.5in;24,5;1015;46;'26.07.2023 16:06:12.220;;
624;387,522;-3152,305;-328,699;0,000;0,000;0,000;0,000;RRR 1.5in;24,5;1015;46;'26.07.2023 16:06:12.230;;
625;387,032;-3152,317;-328,700;0,000;0,000;0,000;0,000;RRR 1.5in;24,5;1015;46;'26.07.2023 16:06:12.240;;
626;386,517;-3152,297;-328,701;0,000;0,000;0,000;0,000;RRR 1.5in;24,5;1015;46;'26.07.2023 16:06:12.250;;
627;385,997;-3152,249;-328,702;0,000;0,000;0,000;0,000;RRR 1.5in;24,5;1015;46;'26.07.2023 16:06:12.260;;
628;385,489;-3152,186;-328,701;0,000;0,000;0,000;0,000;RRR 1.5in;24,5;1015;46;'26.07.2023 16:06:12.270;;
629;384,980;-3152,146;-328,708;0,000;0,000;0,000;0,000;RRR 1.5in;24,5;1015;46;'26.07.2023 16:06:12.280;;
630;384,493;-3152,129;-328,713;0,000;0,000;0,000;0,000;RRR 1.5in;24,5;1015;46;'26.07.2023 16:06:12.290;;
631;384,014;-3152,123;-328,716;0,000;0,000;0,000;0,000;RRR 1.5in;24,5;1015;46;'26.07.2023 16:06:12.300;;
632;383,525;-3152,114;-328,721;0,000;0,000;0,000;0,000;RRR 1.5in;24,5;1015;46;'26.07.2023 16:06:12.310;;
633;383,042;-3152,080;-328,707;0,000;0,000;0,000;0,000;RRR 1.5in;24,5;1015;46;'26.07.2023 16:06:12.320;;
634;382,550;-3152,031;-328,696;0,000;0,000;0,000;0,000;RRR 1.5in;24,5;1015;46;'26.07.2023 16:06:12.330;;
635;382,035;-3151,985;-328,688;0,000;0,000;0,000;0,000;RRR 1.5in;24,5;1015;46;'26.07.2023 16:06:12.340;;
636;381,537;-3151,950;-328,681;0,000;0,000;0,000;0,000;RRR 1.5in;24,5;1015;46;'26.07.2023 16:06:12.350;;
637;381,038;-3151,937;-328,679;0,000;0,000;0,000;0,000;RRR 1.5in;24,5;1015;46;'26.07.2023 16:06:12.360;;
638;380,545;-3151,943;-328,687;0,000;0,000;0,000;0,000;RRR 1.5in;24,5;1015;46;'26.07.2023 16:06:12.370;;
639;380,040;-3151,945;-328,698;0,000;0,000;0,000;0,000;RRR 1.5in;24,5;1015;46;'26.07.2023 16:06:12.380;;
640;379,534;-3151,917;-328,703;0,000;0,000;0,000;0,000;RRR 1.5in;24,5;1015;46;'26.07.2023 16:06:12.390;;
641;379,024;-3151,868;-328,702;0,000;0,000;0,000;0,000;RRR 1.5in;24,5;1015;46;'26.07.2023 16:06:12.400;;
642;378,502;-3151,828;-328,719;0,000;0,000;0,000;0,000;RRR 1.5in;24,5;1015;46;'26.07.2023 16:06:12.410;;
643;377,991;-3151,789;-328,730;0,000;0,000;0,000;0,000;RRR 1.5in;24,5;1015;46;'26.07.2023 16:06:12.420;;
644;377,504;-3151,753;-328,730;0,000;0,000;0,000;0,000;RRR 1.5in;24,5;1015;46;'26.07.2023 16:06:12.430;;
645;377,008;-3151,734;-328,730;0,000;0,000;0,000;0,000;RRR 1.5in;24,5;1015;46;'26.07.2023 16:06:12.440;;
646;376,525;-3151,717;-328,725;0,000;0,000;0,000;0,000;RRR 1.5in;24,5;1015;46;'26.07.2023 16:06:12.450;;
647;376,041;-3151,689;-328,716;0,000;0,000;0,000;0,000;RRR 1.5in;24,5;1015;46;'26.07.2023 16:06:12.460;;
648;375,536;-3151,647;-328,707;0,000;0,000;0,000;0,000;RRR 1.5in;24,5;1015;46;'26.07.2023 16:06:12.470;;
649;375,033;-3151,597;-328,694;0,000;0,000;0,000;0,000;RRR 1.5in;24,5;1015;46;'26.07.2023 16:06:12.480;;
650;374,538;-3151,564;-328,695;0,000;0,000;0,000;0,000;RRR 1.5in;24,5;1015;46;'26.07.2023 16:06:12.490;;
651;374,035;-3151,550;-328,704;0,000;0,000;0,000;0,000;RRR 1.5in;24,5;1015;46;'26.07.2023 16:06:12.500;;
652;373,546;-3151,535;-328,707;0,000;0,000;0,000;0,000;RRR 1.5in;24,5;1015;46;'26.07.2023 16:06:12.510;;
653;373,036;-3151,517;-328,713;0,000;0,000;0,000;0,000;RRR 1.5in;24,5;1015;46;'26.07.2023 16:06:12.520;;
654;372,525;-3151,490;-328,725;0,000;0,000;0,000;0,000;RRR 1.5in;24,5;1015;46;'26.07.2023 16:06:12.530;;
655;372,019;-3151,449;-328,730;0,000;0,000;0,000;0,000;RRR 1.5in;24,5;1015;46;'26.07.2023 16:06:12.540;;
656;371,507;-3151,408;-328,736;0,000;0,000;0,000;0,000;RRR 1.5in;24,5;1015;46;'26.07.2023 16:06:12.550;;
657;370,994;-3151,373;-328,737;0,000;0,000;0,000;0,000;RRR 1.5in;24,5;1015;46;'26.07.2023 16:06:12.560;;
658;370,499;-3151,359;-328,739;0,000;0,000;0,000;0,000;RRR 1.5in;24,5;1015;46;'26.07.2023 16:06:12.570;;
659;370,002;-3151,352;-328,736;0,000;0,000;0,000;0,000;RRR 1.5in;24,5;1015;46;'26.07.2023 16:06:12.580;;
660;369,517;-3151,335;-328,723;0,000;0,000;0,000;0,000;RRR 1.5in;24,5;1015;46;'26.07.2023 16:06:12.590;;
661;369,014;-3151,302;-328,714;0,000;0,000;0,000;0,000;RRR 1.5in;24,5;1015;46;'26.07.2023 16:06:12.600;;
662;368,515;-3151,249;-328,706;0,000;0,000;0,000;0,000;RRR 1.5in;24,5;1015;46;'26.07.2023 16:06:12.610;;
663;368,028;-3151,194;-328,693;0,000;0,000;0,000;0,000;RRR 1.5in;24,5;1015;46;'26.07.2023 16:06:12.620;;
664;367,539;-3151,171;-328,702;0,000;0,000;0,000;0,000;RRR 1.5in;24,5;1015;46;'26.07.2023 16:06:12.630;;
665;367,044;-3151,159;-328,715;0,000;0,000;0,000;0,000;RRR 1.5in;24,5;1015;46;'26.07.2023 16:06:12.640;;
666;366,555;-3151,135;-328,719;0,000;0,000;0,000;0,000;RRR 1.5in;24,5;1015;46;'26.07.2023 16:06:12.650;;
667;366,053;-3151,098;-328,719;0,000;0,000;0,000;0,000;RRR 1.5in;24,5;1015;46;'26.07.2023 16:06:12.660;;
668;365,551;-3151,061;-328,718;0,000;0,000;0,000;0,000;RRR 1.5in;24,5;1015;46;'26.07.2023 16:06:12.670;;
669;365,040;-3151,030;-328,721;0,000;0,000;0,000;0,000;RRR 1.5in;24,5;1015;46;'26.07.2023 16:06:12.680;;
670;364,524;-3151,001;-328,717;0,000;0,000;0,000;0,000;RRR 1.5in;24,5;1015;46;'26.07.2023 16:06:12.690;;
671;364,023;-3150,977;-328,703;0,000;0,000;0,000;0,000;RRR 1.5in;24,5;1015;46;'26.07.2023 16:06:12.700;;
672;363,533;-3150,981;-328,702;0,000;0,000;0,000;0,000;RRR 1.5in;24,5;1015;46;'26.07.2023 16:06:12.710;;
673;363,040;-3150,980;-328,705;0,000;0,000;0,000;0,000;RRR 1.5in;24,5;1015;46;'26.07.2023 16:06:12.720;;
674;362,553;-3150,947;-328,693;0,000;0,000;0,000;0,000;RRR 1.5in;24,5;1015;46;'26.07.2023 16:06:12.730;;
675;362,047;-3150,893;-328,677;0,000;0,000;0,000;0,000;RRR 1.5in;24,5;1015;46;'26.07.2023 16:06:12.740;;
676;361,542;-3150,848;-328,669;0,000;0,000;0,000;0,000;RRR 1.5in;24,5;1015;46;'26.07.2023 16:06:12.750;;
677;361,048;-3150,826;-328,674;0,000;0,000;0,000;0,000;RRR 1.5in;24,5;1015;46;'26.07.2023 16:06:12.760;;
678;360,557;-3150,807;-328,677;0,000;0,000;0,000;0,000;RRR 1.5in;24,5;1015;46;'26.07.2023 16:06:12.770;;
679;360,076;-3150,788;-328,673;0,000;0,000;0,000;0,000;RRR 1.5in;24,5;1015;46;'26.07.2023 16:06:12.780;;
680;359,584;-3150,770;-328,673;0,000;0,000;0,000;0,000;RRR 1.5in;24,5;1015;46;'26.07.2023 16:06:12.790;;
681;359,077;-3150,742;-328,681;0,000;0,000;0,000;0,000;RRR 1.5in;24,5;1015;46;'26.07.2023 16:06:12.800;;
682;358,568;-3150,695;-328,672;0,000;0,000;0,000;0,000;RRR 1.5in;24,5;1015;46;'26.07.2023 16:06:12.810;;
683;358,055;-3150,647;-328,662;0,000;0,000;0,000;0,000;RRR 1.5in;24,5;1015;46;'26.07.2023 16:06:12.820;;
684;357,546;-3150,620;-328,656;0,000;0,000;0,000;0,000;RRR 1.5in;24,5;1015;46;'26.07.2023 16:06:12.830;;
685;357,064;-3150,621;-328,655;0,000;0,000;0,000;0,000;RRR 1.5in;24,5;1015;46;'26.07.2023 16:06:12.840;;
686;356,569;-3150,621;-328,652;0,000;0,000;0,000;0,000;RRR 1.5in;24,5;1015;46;'26.07.2023 16:06:12.850;;
687;356,069;-3150,609;-328,649;0,000;0,000;0,000;0,000;RRR 1.5in;24,5;1015;46;'26.07.2023 16:06:12.860;;
688;355,574;-3150,578;-328,645;0,000;0,000;0,000;0,000;RRR 1.5in;24,5;1015;46;'26.07.2023 16:06:12.870;;
689;355,076;-3150,543;-328,650;0,000;0,000;0,000;0,000;RRR 1.5in;24,5;1015;46;'26.07.2023 16:06:12.880;;
690;354,574;-3150,497;-328,646;0,000;0,000;0,000;0,000;RRR 1.5in;24,5;1015;46;'26.07.2023 16:06:12.890;;
691;354,081;-3150,459;-328,649;0,000;0,000;0,000;0,000;RRR 1.5in;24,5;1015;46;'26.07.2023 16:06:12.900;;
692;353,577;-3150,427;-328,651;0,000;0,000;0,000;0,000;RRR 1.5in;24,5;1015;46;'26.07.2023 16:06:12.910;;
693;353,083;-3150,404;-328,653;0,000;0,000;0,000;0,000;RRR 1.5in;24,5;1015;46;'26.07.2023 16:06:12.920;;
694;352,585;-3150,383;-328,660;0,000;0,000;0,000;0,000;RRR 1.5in;24,5;1015;46;'26.07.2023 16:06:12.930;;
695;352,086;-3150,336;-328,656;0,000;0,000;0,000;0,000;RRR 1.5in;24,5;1015;46;'26.07.2023 16:06:12.940;;
696;351,590;-3150,276;-328,642;0,000;0,000;0,000;0,000;RRR 1.5in;24,5;1015;46;'26.07.2023 16:06:12.950;;
697;351,091;-3150,240;-328,646;0,000;0,000;0,000;0,000;RRR 1.5in;24,5;1015;46;'26.07.2023 16:06:12.960;;
698;350,590;-3150,218;-328,651;0,000;0,000;0,000;0,000;RRR 1.5in;24,5;1015;46;'26.07.2023 16:06:12.970;;
699;350,105;-3150,207;-328,653;0,000;0,000;0,000;0,000;RRR 1.5in;24,5;1015;46;'26.07.2023 16:06:12.980;;
700;349,603;-3150,202;-328,655;0,000;0,000;0,000;0,000;RRR 1.5in;24,5;1015;46;'26.07.2023 16:06:12.990;;
701;349,095;-3150,200;-328,660;0,000;0,000;0,000;0,000;RRR 1.5in;24,5;1015;46;'26.07.2023 16:06:13.000;;
702;348,588;-3150,184;-328,660;0,000;0,000;0,000;0,000;RRR 1.5in;24,5;1015;46;'26.07.2023 16:06:13.010;;
703;348,083;-3150,160;-328,666;0,000;0,000;0,000;0,000;RRR 1.5in;24,5;1015;46;'26.07.2023 16:06:13.020;;
704;347,574;-3150,124;-328,667;0,000;0,000;0,000;0,000;RRR 1.5in;24,5;1015;46;'26.07.2023 16:06:13.030;;
705;347,075;-3150,090;-328,670;0,000;0,000;0,000;0,000;RRR 1.5in;24,5;1015;46;'26.07.2023 16:06:13.040;;
706;346,583;-3150,061;-328,680;0,000;0,000;0,000;0,000;RRR 1.5in;24,5;1015;46;'26.07.2023 16:06:13.050;;
707;346,099;-3150,031;-328,683;0,000;0,000;0,000;0,000;RRR 1.5in;24,5;1015;46;'26.07.2023 16:06:13.060;;
708;345,608;-3149,998;-328,687;0,000;0,000;0,000;0,000;RRR 1.5in;24,5;1015;46;'26.07.2023 16:06:13.070;;
709;345,114;-3149,957;-328,692;0,000;0,000;0,000;0,000;RRR 1.5in;24,5;1015;46;'26.07.2023 16:06:13.080;;
710;344,627;-3149,905;-328,688;0,000;0,000;0,000;0,000;RRR 1.5in;24,5;1015;46;'26.07.2023 16:06:13.090;;
711;344,133;-3149,854;-328,686;0,000;0,000;0,000;0,000;RRR 1.5in;24,5;1015;46;'26.07.2023 16:06:13.100;;
712;343,630;-3149,815;-328,693;0,000;0,000;0,000;0,000;RRR 1.5in;24,5;1015;46;'26.07.2023 16:06:13.110;;
713;343,119;-3149,781;-328,691;0,000;0,000;0,000;0,000;RRR 1.5in;24,5;1015;46;'26.07.2023 16:06:13.120;;
714;342,619;-3149,771;-328,695;0,000;0,000;0,000;0,000;RRR 1.5in;24,5;1015;46;'26.07.2023 16:06:13.130;;
715;342,102;-3149,772;-328,700;0,000;0,000;0,000;0,000;RRR 1.5in;24,5;1015;46;'26.07.2023 16:06:13.140;;
716;341,604;-3149,768;-328,705;0,000;0,000;0,000;0,000;RRR 1.5in;24,5;1015;46;'26.07.2023 16:06:13.150;;
717;341,094;-3149,737;-328,701;0,000;0,000;0,000;0,000;RRR 1.5in;24,5;1015;46;'26.07.2023 16:06:13.160;;
718;340,590;-3149,703;-328,702;0,000;0,000;0,000;0,000;RRR 1.5in;24,5;1015;46;'26.07.2023 16:06:13.170;;
719;340,080;-3149,668;-328,702;0,000;0,000;0,000;0,000;RRR 1.5in;24,5;1015;46;'26.07.2023 16:06:13.180;;
720;339,581;-3149,636;-328,708;0,000;0,000;0,000;0,000;RRR 1.5in;24,5;1015;46;'26.07.2023 16:06:13.190;;
721;339,095;-3149,609;-328,707;0,000;0,000;0,000;0,000;RRR 1.5in;24,5;1015;46;'26.07.2023 16:06:13.200;;
722;338,616;-3149,594;-328,709;0,000;0,000;0,000;0,000;RRR 1.5in;24,5;1015;46;'26.07.2023 16:06:13.210;;
723;338,132;-3149,575;-328,716;0,000;0,000;0,000;0,000;RRR 1.5in;24,5;1015;46;'26.07.2023 16:06:13.220;;
724;337,656;-3149,537;-328,717;0,000;0,000;0,000;0,000;RRR 1.5in;24,5;1015;46;'26.07.2023 16:06:13.230;;
725;337,158;-3149,489;-328,717;0,000;0,000;0,000;0,000;RRR 1.5in;24,5;1015;46;'26.07.2023 16:06:13.240;;
726;336,648;-3149,440;-328,717;0,000;0,000;0,000;0,000;RRR 1.5in;24,5;1015;46;'26.07.2023 16:06:13.250;;
727;336,143;-3149,400;-328,716;0,000;0,000;0,000;0,000;RRR 1.5in;24,5;1015;46;'26.07.2023 16:06:13.260;;
728;335,637;-3149,370;-328,711;0,000;0,000;0,000;0,000;RRR 1.5in;24,5;1015;46;'26.07.2023 16:06:13.270;;
729;335,129;-3149,353;-328,709;0,000;0,000;0,000;0,000;RRR 1.5in;24,5;1015;46;'26.07.2023 16:06:13.280;;
730;334,628;-3149,347;-328,700;0,000;0,000;0,000;0,000;RRR 1.5in;24,5;1015;46;'26.07.2023 16:06:13.290;;
731;334,127;-3149,338;-328,701;0,000;0,000;0,000;0,000;RRR 1.5in;24,5;1015;46;'26.07.2023 16:06:13.300;;
732;333,614;-3149,313;-328,702;0,000;0,000;0,000;0,000;RRR 1.5in;24,5;1015;46;'26.07.2023 16:06:13.310;;
733;333,113;-3149,273;-328,696;0,000;0,000;0,000;0,000;RRR 1.5in;24,5;1015;46;'26.07.2023 16:06:13.320;;
734;332,616;-3149,237;-328,697;0,000;0,000;0,000;0,000;RRR 1.5in;24,5;1015;46;'26.07.2023 16:06:13.330;;
735;332,129;-3149,217;-328,706;0,000;0,000;0,000;0,000;RRR 1.5in;24,5;1015;46;'26.07.2023 16:06:13.340;;
736;331,639;-3149,201;-328,714;0,000;0,000;0,000;0,000;RRR 1.5in;24,5;1015;46;'26.07.2023 16:06:13.350;;
737;331,147;-3149,167;-328,716;0,000;0,000;0,000;0,000;RRR 1.5in;24,5;1015;46;'26.07.2023 16:06:13.360;;
738;330,653;-3149,125;-328,712;0,000;0,000;0,000;0,000;RRR 1.5in;24,5;1015;46;'26.07.2023 16:06:13.370;;
739;330,166;-3149,089;-328,708;0,000;0,000;0,000;0,000;RRR 1.5in;24,5;1015;46;'26.07.2023 16:06:13.380;;
740;329,671;-3149,060;-328,711;0,000;0,000;0,000;0,000;RRR 1.5in;24,5;1015;46;'26.07.2023 16:06:13.390;;
741;329,175;-3149,031;-328,703;0,000;0,000;0,000;0,000;RRR 1.5in;24,5;1015;46;'26.07.2023 16:06:13.400;;
742;328,679;-3149,008;-328,697;0,000;0,000;0,000;0,000;RRR 1.5in;24,5;1015;46;'26.07.2023 16:06:13.410;;
743;328,167;-3148,993;-328,696;0,000;0,000;0,000;0,000;RRR 1.5in;24,5;1015;46;'26.07.2023 16:06:13.420;;
744;327,655;-3148,976;-328,699;0,000;0,000;0,000;0,000;RRR 1.5in;24,5;1015;46;'26.07.2023 16:06:13.430;;
745;327,139;-3148,942;-328,700;0,000;0,000;0,000;0,000;RRR 1.5in;24,5;1015;46;'26.07.2023 16:06:13.440;;
746;326,628;-3148,900;-328,701;0,000;0,000;0,000;0,000;RRR 1.5in;24,5;1015;46;'26.07.2023 16:06:13.450;;
747;326,118;-3148,861;-328,702;0,000;0,000;0,000;0,000;RRR 1.5in;24,5;1015;46;'26.07.2023 16:06:13.460;;
748;325,623;-3148,830;-328,712;0,000;0,000;0,000;0,000;RRR 1.5in;24,5;1015;46;'26.07.2023 16:06:13.470;;
749;325,133;-3148,798;-328,724;0,000;0,000;0,000;0,000;RRR 1.5in;24,5;1015;46;'26.07.2023 16:06:13.480;;
750;324,646;-3148,764;-328,727;0,000;0,000;0,000;0,000;RRR 1.5in;24,5;1015;46;'26.07.2023 16:06:13.490;;
751;324,155;-3148,729;-328,728;0,000;0,000;0,000;0,000;RRR 1.5in;24,5;1015;46;'26.07.2023 16:06:13.500;;
752;323,663;-3148,689;-328,724;0,000;0,000;0,000;0,000;RRR 1.5in;24,5;1015;46;'26.07.2023 16:06:13.510;;
753;323,168;-3148,647;-328,712;0,000;0,000;0,000;0,000;RRR 1.5in;24,5;1015;46;'26.07.2023 16:06:13.520;;
754;322,671;-3148,612;-328,705;0,000;0,000;0,000;0,000;RRR 1.5in;24,5;1015;46;'26.07.2023 16:06:13.530;;
755;322,169;-3148,585;-328,699;0,000;0,000;0,000;0,000;RRR 1.5in;24,5;1015;46;'26.07.2023 16:06:13.540;;
756;321,673;-3148,566;-328,694;0,000;0,000;0,000;0,000;RRR 1.5in;24,5;1015;46;'26.07.2023 16:06:13.550;;
757;321,171;-3148,554;-328,697;0,000;0,000;0,000;0,000;RRR 1.5in;24,5;1015;46;'26.07.2023 16:06:13.560;;
758;320,657;-3148,548;-328,704;0,000;0,000;0,000;0,000;RRR 1.5in;24,5;1015;46;'26.07.2023 16:06:13.570;;
759;320,151;-3148,534;-328,707;0,000;0,000;0,000;0,000;RRR 1.5in;24,5;1015;46;'26.07.2023 16:06:13.580;;
760;319,642;-3148,510;-328,713;0,000;0,000;0,000;0,000;RRR 1.5in;24,5;1015;46;'26.07.2023 16:06:13.590;;
761;319,131;-3148,479;-328,718;0,000;0,000;0,000;0,000;RRR 1.5in;24,5;1015;46;'26.07.2023 16:06:13.600;;
762;318,628;-3148,435;-328,715;0,000;0,000;0,000;0,000;RRR 1.5in;24,5;1015;46;'26.07.2023 16:06:13.610;;
763;318,129;-3148,393;-328,715;0,000;0,000;0,000;0,000;RRR 1.5in;24,5;1015;46;'26.07.2023 16:06:13.620;;
764;317,635;-3148,356;-328,714;0,000;0,000;0,000;0,000;RRR 1.5in;24,5;1015;46;'26.07.2023 16:06:13.630;;
765;317,158;-3148,323;-328,704;0,000;0,000;0,000;0,000;RRR 1.5in;24,5;1015;46;'26.07.2023 16:06:13.640;;
766;316,667;-3148,300;-328,702;0,000;0,000;0,000;0,000;RRR 1.5in;24,5;1015;46;'26.07.2023 16:06:13.650;;
767;316,175;-3148,272;-328,697;0,000;0,000;0,000;0,000;RRR 1.5in;24,5;1015;46;'26.07.2023 16:06:13.660;;
768;315,682;-3148,227;-328,685;0,000;0,000;0,000;0,000;RRR 1.5in;24,5;1015;46;'26.07.2023 16:06:13.670;;
769;315,175;-3148,188;-328,681;0,000;0,000;0,000;0,000;RRR 1.5in;24,5;1015;46;'26.07.2023 16:06:13.680;;
770;314,664;-3148,160;-328,681;0,000;0,000;0,000;0,000;RRR 1.5in;24,5;1015;46;'26.07.2023 16:06:13.690;;
771;314,160;-3148,138;-328,679;0,000;0,000;0,000;0,000;RRR 1.5in;24,5;1015;46;'26.07.2023 16:06:13.700;;
772;313,656;-3148,127;-328,682;0,000;0,000;0,000;0,000;RRR 1.5in;24,5;1015;46;'26.07.2023 16:06:13.710;;
773;313,150;-3148,124;-328,684;0,000;0,000;0,000;0,000;RRR 1.5in;24,5;1015;46;'26.07.2023 16:06:13.720;;
774;312,649;-3148,116;-328,693;0,000;0,000;0,000;0,000;RRR 1.5in;24,5;1015;46;'26.07.2023 16:06:13.730;;
775;312,144;-3148,089;-328,697;0,000;0,000;0,000;0,000;RRR 1.5in;24,5;1015;46;'26.07.2023 16:06:13.740;;
776;311,657;-3148,048;-328,695;0,000;0,000;0,000;0,000;RRR 1.5in;24,5;1015;46;'26.07.2023 16:06:13.750;;
777;311,157;-3148,005;-328,696;0,000;0,000;0,000;0,000;RRR 1.5in;24,5;1015;46;'26.07.2023 16:06:13.760;;
778;310,656;-3147,966;-328,700;0,000;0,000;0,000;0,000;RRR 1.5in;24,5;1015;46;'26.07.2023 16:06:13.770;;
779;310,165;-3147,922;-328,689;0,000;0,000;0,000;0,000;RRR 1.5in;24,5;1015;46;'26.07.2023 16:06:13.780;;
780;309,681;-3147,891;-328,681;0,000;0,000;0,000;0,000;RRR 1.5in;24,5;1015;46;'26.07.2023 16:06:13.790;;
781;309,190;-3147,878;-328,687;0,000;0,000;0,000;0,000;RRR 1.5in;24,5;1015;46;'26.07.2023 16:06:13.800;;
782;308,691;-3147,852;-328,685;0,000;0,000;0,000;0,000;RRR 1.5in;24,5;1015;46;'26.07.2023 16:06:13.810;;
783;308,187;-3147,807;-328,680;0,000;0,000;0,000;0,000;RRR 1.5in;24,5;1015;46;'26.07.2023 16:06:13.820;;
784;307,660;-3147,766;-328,684;0,000;0,000;0,000;0,000;RRR 1.5in;24,5;1015;46;'26.07.2023 16:06:13.830;;
785;307,145;-3147,738;-328,692;0,000;0,000;0,000;0,000;RRR 1.5in;24,5;1015;46;'26.07.2023 16:06:13.840;;
786;306,633;-3147,715;-328,696;0,000;0,000;0,000;0,000;RRR 1.5in;24,5;1015;46;'26.07.2023 16:06:13.850;;
787;306,132;-3147,711;-328,703;0,000;0,000;0,000;0,000;RRR 1.5in;24,5;1015;46;'26.07.2023 16:06:13.860;;
788;305,640;-3147,715;-328,704;0,000;0,000;0,000;0,000;RRR 1.5in;24,5;1015;46;'26.07.2023 16:06:13.870;;
789;305,148;-3147,718;-328,709;0,000;0,000;0,000;0,000;RRR 1.5in;24,5;1015;46;'26.07.2023 16:06:13.880;;
790;304,650;-3147,692;-328,709;0,000;0,000;0,000;0,000;RRR 1.5in;24,5;1015;46;'26.07.2023 16:06:13.890;;
791;304,163;-3147,639;-328,695;0,000;0,000;0,000;0,000;RRR 1.5in;24,5;1015;46;'26.07.2023 16:06:13.900;;
792;303,678;-3147,592;-328,689;0,000;0,000;0,000;0,000;RRR 1.5in;24,5;1015;46;'26.07.2023 16:06:13.910;;
793;303,189;-3147,560;-328,693;0,000;0,000;0,000;0,000;RRR 1.5in;24,5;1015;46;'26.07.2023 16:06:13.920;;
794;302,707;-3147,535;-328,698;0,000;0,000;0,000;0,000;RRR 1.5in;24,5;1015;46;'26.07.2023 16:06:13.930;;
795;302,210;-3147,500;-328,698;0,000;0,000;0,000;0,000;RRR 1.5in;24,5;1015;46;'26.07.2023 16:06:13.940;;
796;301,711;-3147,465;-328,701;0,000;0,000;0,000;0,000;RRR 1.5in;24,5;1015;46;'26.07.2023 16:06:13.950;;
797;301,204;-3147,421;-328,705;0,000;0,000;0,000;0,000;RRR 1.5in;24,5;1015;46;'26.07.2023 16:06:13.960;;
798;300,692;-3147,372;-328,710;0,000;0,000;0,000;0,000;RRR 1.5in;24,5;1015;46;'26.07.2023 16:06:13.970;;
799;300,168;-3147,329;-328,716;0,000;0,000;0,000;0,000;RRR 1.5in;24,5;1015;46;'26.07.2023 16:06:13.980;;
800;299,663;-3147,299;-328,717;0,000;0,000;0,000;0,000;RRR 1.5in;24,5;1015;46;'26.07.2023 16:06:13.990;;
801;299,163;-3147,294;-328,727;0,000;0,000;0,000;0,000;RRR 1.5in;24,5;1015;46;'26.07.2023 16:06:14.000;;
802;298,659;-3147,302;-328,741;0,000;0,000;0,000;0,000;RRR 1.5in;24,5;1015;46;'26.07.2023 16:06:14.010;;
803;298,163;-3147,285;-328,738;0,000;0,000;0,000;0,000;RRR 1.5in;24,5;1015;46;'26.07.2023 16:06:14.020;;
804;297,657;-3147,238;-328,726;0,000;0,000;0,000;0,000;RRR 1.5in;24,5;1015;46;'26.07.2023 16:06:14.030;;
805;297,155;-3147,196;-328,723;0,000;0,000;0,000;0,000;RRR 1.5in;24,5;1015;46;'26.07.2023 16:06:14.040;;
806;296,650;-3147,156;-328,721;0,000;0,000;0,000;0,000;RRR 1.5in;24,5;1015;46;'26.07.2023 16:06:14.050;;
807;296,154;-3147,123;-328,722;0,000;0,000;0,000;0,000;RRR 1.5in;24,5;1015;46;'26.07.2023 16:06:14.060;;
808;295,660;-3147,095;-328,722;0,000;0,000;0,000;0,000;RRR 1.5in;24,5;1015;46;'26.07.2023 16:06:14.070;;
809;295,179;-3147,087;-328,727;0,000;0,000;0,000;0,000;RRR 1.5in;24,5;1015;46;'26.07.2023 16:06:14.080;;
810;294,684;-3147,093;-328,749;0,000;0,000;0,000;0,000;RRR 1.5in;24,5;1015;46;'26.07.2023 16:06:14.090;;
811;294,179;-3147,078;-328,760;0,000;0,000;0,000;0,000;RRR 1.5in;24,5;1015;46;'26.07.2023 16:06:14.100;;
812;293,681;-3147,029;-328,752;0,000;0,000;0,000;0,000;RRR 1.5in;24,5;1015;46;'26.07.2023 16:06:14.110;;
813;293,174;-3146,987;-328,748;0,000;0,000;0,000;0,000;RRR 1.5in;24,5;1015;46;'26.07.2023 16:06:14.120;;
814;292,667;-3146,964;-328,755;0,000;0,000;0,000;0,000;RRR 1.5in;24,5;1015;46;'26.07.2023 16:06:14.130;;
815;292,156;-3146,933;-328,747;0,000;0,000;0,000;0,000;RRR 1.5in;24,5;1015;46;'26.07.2023 16:06:14.140;;
816;291,658;-3146,890;-328,735;0,000;0,000;0,000;0,000;RRR 1.5in;24,5;1015;46;'26.07.2023 16:06:14.150;;
817;291,158;-3146,860;-328,731;0,000;0,000;0,000;0,000;RRR 1.5in;24,5;1015;46;'26.07.2023 16:06:14.160;;
818;290,676;-3146,835;-328,724;0,000;0,000;0,000;0,000;RRR 1.5in;24,5;1015;46;'26.07.2023 16:06:14.170;;
819;290,186;-3146,815;-328,731;0,000;0,000;0,000;0,000;RRR 1.5in;24,5;1015;46;'26.07.2023 16:06:14.180;;
820;289,673;-3146,779;-328,735;0,000;0,000;0,000;0,000;RRR 1.5in;24,5;1015;46;'26.07.2023 16:06:14.190;;
821;289,165;-3146,728;-328,729;0,000;0,000;0,000;0,000;RRR 1.5in;24,5;1015;46;'26.07.2023 16:06:14.200;;
822;288,651;-3146,690;-328,732;0,000;0,000;0,000;0,000;RRR 1.5in;24,5;1015;46;'26.07.2023 16:06:14.210;;
823;288,157;-3146,681;-328,751;0,000;0,000;0,000;0,000;RRR 1.5in;24,5;1015;46;'26.07.2023 16:06:14.220;;
824;287,662;-3146,671;-328,761;0,000;0,000;0,000;0,000;RRR 1.5in;24,5;1015;46;'26.07.2023 16:06:14.230;;
825;287,167;-3146,651;-328,758;0,000;0,000;0,000;0,000;RRR 1.5in;24,5;1015;46;'26.07.2023 16:06:14.240;;
826;286,654;-3146,626;-328,752;0,000;0,000;0,000;0,000;RRR 1.5in;24,5;1015;46;'26.07.2023 16:06:14.250;;
827;286,157;-3146,604;-328,746;0,000;0,000;0,000;0,000;RRR 1.5in;24,5;1015;46;'26.07.2023 16:06:14.260;;
828;285,646;-3146,579;-328,744;0,000;0,000;0,000;0,000;RRR 1.5in;24,5;1015;46;'26.07.2023 16:06:14.270;;
829;285,136;-3146,545;-328,734;0,000;0,000;0,000;0,000;RRR 1.5in;24,5;1015;46;'26.07.2023 16:06:14.280;;
830;284,647;-3146,508;-328,719;0,000;0,000;0,000;0,000;RRR 1.5in;24,5;1015;46;'26.07.2023 16:06:14.290;;
831;284,161;-3146,495;-328,718;0,000;0,000;0,000;0,000;RRR 1.5in;24,5;1015;46;'26.07.2023 16:06:14.300;;
832;283,674;-3146,494;-328,729;0,000;0,000;0,000;0,000;RRR 1.5in;24,5;1015;46;'26.07.2023 16:06:14.310;;
833;283,178;-3146,471;-328,730;0,000;0,000;0,000;0,000;RRR 1.5in;24,5;1015;46;'26.07.2023 16:06:14.320;;
834;282,693;-3146,428;-328,733;0,000;0,000;0,000;0,000;RRR 1.5in;24,5;1015;46;'26.07.2023 16:06:14.330;;
835;282,187;-3146,391;-328,743;0,000;0,000;0,000;0,000;RRR 1.5in;24,5;1015;46;'26.07.2023 16:06:14.340;;
836;281,693;-3146,355;-328,753;0,000;0,000;0,000;0,000;RRR 1.5in;24,5;1015;46;'26.07.2023 16:06:14.350;;
837;281,193;-3146,312;-328,757;0,000;0,000;0,000;0,000;RRR 1.5in;24,5;1015;46;'26.07.2023 16:06:14.360;;
838;280,690;-3146,273;-328,760;0,000;0,000;0,000;0,000;RRR 1.5in;24,5;1015;46;'26.07.2023 16:06:14.370;;
839;280,194;-3146,245;-328,754;0,000;0,000;0,000;0,000;RRR 1.5in;24,5;1015;46;'26.07.2023 16:06:14.380;;
840;279,696;-3146,227;-328,746;0,000;0,000;0,000;0,000;RRR 1.5in;24,5;1015;46;'26.07.2023 16:06:14.390;;
841;279,200;-3146,214;-328,742;0,000;0,000;0,000;0,000;RRR 1.5in;24,5;1015;46;'26.07.2023 16:06:14.400;;
842;278,692;-3146,187;-328,728;0,000;0,000;0,000;0,000;RRR 1.5in;24,5;1015;46;'26.07.2023 16:06:14.410;;
843;278,182;-3146,149;-328,713;0,000;0,000;0,000;0,000;RRR 1.5in;24,5;1015;46;'26.07.2023 16:06:14.420;;
844;277,666;-3146,113;-328,712;0,000;0,000;0,000;0,000;RRR 1.5in;24,5;1015;46;'26.07.2023 16:06:14.430;;
845;277,170;-3146,082;-328,714;0,000;0,000;0,000;0,000;RRR 1.5in;24,5;1015;46;'26.07.2023 16:06:14.440;;
846;276,677;-3146,060;-328,720;0,000;0,000;0,000;0,000;RRR 1.5in;24,5;1015;46;'26.07.2023 16:06:14.450;;
847;276,174;-3146,056;-328,737;0,000;0,000;0,000;0,000;RRR 1.5in;24,5;1015;46;'26.07.2023 16:06:14.460;;
848;275,686;-3146,047;-328,752;0,000;0,000;0,000;0,000;RRR 1.5in;24,5;1015;46;'26.07.2023 16:06:14.470;;
849;275,197;-3146,020;-328,758;0,000;0,000;0,000;0,000;RRR 1.5in;24,5;1015;46;'26.07.2023 16:06:14.480;;
850;274,696;-3145,993;-328,771;0,000;0,000;0,000;0,000;RRR 1.5in;24,5;1015;46;'26.07.2023 16:06:14.490;;
851;274,178;-3145,951;-328,772;0,000;0,000;0,000;0,000;RRR 1.5in;24,5;1015;46;'26.07.2023 16:06:14.500;;
852;273,679;-3145,901;-328,764;0,000;0,000;0,000;0,000;RRR 1.5in;24,5;1015;46;'26.07.2023 16:06:14.510;;
853;273,173;-3145,869;-328,759;0,000;0,000;0,000;0,000;RRR 1.5in;24,5;1015;46;'26.07.2023 16:06:14.520;;
854;272,674;-3145,861;-328,755;0,000;0,000;0,000;0,000;RRR 1.5in;24,5;1015;46;'26.07.2023 16:06:14.530;;
855;272,186;-3145,851;-328,748;0,000;0,000;0,000;0,000;RRR 1.5in;24,5;1015;46;'26.07.2023 16:06:14.540;;
856;271,696;-3145,832;-328,747;0,000;0,000;0,000;0,000;RRR 1.5in;24,5;1015;46;'26.07.2023 16:06:14.550;;
857;271,206;-3145,800;-328,748;0,000;0,000;0,000;0,000;RRR 1.5in;24,5;1015;46;'26.07.2023 16:06:14.560;;
858;270,694;-3145,756;-328,752;0,000;0,000;0,000;0,000;RRR 1.5in;24,5;1015;46;'26.07.2023 16:06:14.570;;
859;270,184;-3145,705;-328,763;0,000;0,000;0,000;0,000;RRR 1.5in;24,5;1015;46;'26.07.2023 16:06:14.580;;
860;269,673;-3145,645;-328,768;0,000;0,000;0,000;0,000;RRR 1.5in;24,5;1015;46;'26.07.2023 16:06:14.590;;
861;269,174;-3145,602;-328,776;0,000;0,000;0,000;0,000;RRR 1.5in;24,5;1015;46;'26.07.2023 16:06:14.600;;
862;268,676;-3145,586;-328,796;0,000;0,000;0,000;0,000;RRR 1.5in;24,5;1015;46;'26.07.2023 16:06:14.610;;
863;268,172;-3145,575;-328,805;0,000;0,000;0,000;0,000;RRR 1.5in;24,5;1015;46;'26.07.2023 16:06:14.620;;
864;267,678;-3145,558;-328,802;0,000;0,000;0,000;0,000;RRR 1.5in;24,5;1015;46;'26.07.2023 16:06:14.630;;
865;267,163;-3145,539;-328,800;0,000;0,000;0,000;0,000;RRR 1.5in;24,5;1015;46;'26.07.2023 16:06:14.640;;
866;266,665;-3145,514;-328,799;0,000;0,000;0,000;0,000;RRR 1.5in;24,5;1015;46;'26.07.2023 16:06:14.650;;
867;266,164;-3145,471;-328,782;0,000;0,000;0,000;0,000;RRR 1.5in;24,5;1015;46;'26.07.2023 16:06:14.660;;
868;265,667;-3145,436;-328,771;0,000;0,000;0,000;0,000;RRR 1.5in;24,5;1015;46;'26.07.2023 16:06:14.670;;
869;265,159;-3145,415;-328,769;0,000;0,000;0,000;0,000;RRR 1.5in;24,5;1015;46;'26.07.2023 16:06:14.680;;
870;264,662;-3145,402;-328,770;0,000;0,000;0,000;0,000;RRR 1.5in;24,5;1015;46;'26.07.2023 16:06:14.690;;
871;264,164;-3145,390;-328,782;0,000;0,000;0,000;0,000;RRR 1.5in;24,5;1015;46;'26.07.2023 16:06:14.700;;
872;263,656;-3145,362;-328,790;0,000;0,000;0,000;0,000;RRR 1.5in;24,5;1015;46;'26.07.2023 16:06:14.710;;
873;263,168;-3145,320;-328,792;0,000;0,000;0,000;0,000;RRR 1.5in;24,5;1015;46;'26.07.2023 16:06:14.720;;
874;262,667;-3145,275;-328,801;0,000;0,000;0,000;0,000;RRR 1.5in;24,5;1015;46;'26.07.2023 16:06:14.730;;
875;262,162;-3145,237;-328,820;0,000;0,000;0,000;0,000;RRR 1.5in;24,5;1015;46;'26.07.2023 16:06:14.740;;
876;261,649;-3145,187;-328,824;0,000;0,000;0,000;0,000;RRR 1.5in;24,5;1015;46;'26.07.2023 16:06:14.750;;
877;261,150;-3145,143;-328,816;0,000;0,000;0,000;0,000;RRR 1.5in;24,5;1015;46;'26.07.2023 16:06:14.760;;
878;260,663;-3145,131;-328,820;0,000;0,000;0,000;0,000;RRR 1.5in;24,5;1015;46;'26.07.2023 16:06:14.770;;
879;260,172;-3145,132;-328,823;0,000;0,000;0,000;0,000;RRR 1.5in;24,5;1015;46;'26.07.2023 16:06:14.780;;
880;259,686;-3145,113;-328,811;0,000;0,000;0,000;0,000;RRR 1.5in;24,5;1015;46;'26.07.2023 16:06:14.790;;
881;259,183;-3145,069;-328,794;0,000;0,000;0,000;0,000;RRR 1.5in;24,5;1015;46;'26.07.2023 16:06:14.800;;
882;258,684;-3145,031;-328,779;0,000;0,000;0,000;0,000;RRR 1.5in;24,5;1015;46;'26.07.2023 16:06:14.810;;
883;258,176;-3145,007;-328,784;0,000;0,000;0,000;0,000;RRR 1.5in;24,5;1015;46;'26.07.2023 16:06:14.820;;
884;257,664;-3144,979;-328,793;0,000;0,000;0,000;0,000;RRR 1.5in;24,5;1015;46;'26.07.2023 16:06:14.830;;
885;257,172;-3144,939;-328,794;0,000;0,000;0,000;0,000;RRR 1.5in;24,5;1015;46;'26.07.2023 16:06:14.840;;
886;256,675;-3144,916;-328,801;0,000;0,000;0,000;0,000;RRR 1.5in;24,5;1015;46;'26.07.2023 16:06:14.850;;
887;256,185;-3144,924;-328,826;0,000;0,000;0,000;0,000;RRR 1.5in;24,5;1015;46;'26.07.2023 16:06:14.860;;
888;255,681;-3144,910;-328,839;0,000;0,000;0,000;0,000;RRR 1.5in;24,5;1015;46;'26.07.2023 16:06:14.870;;
889;255,187;-3144,861;-328,830;0,000;0,000;0,000;0,000;RRR 1.5in;24,5;1015;46;'26.07.2023 16:06:14.880;;
890;254,680;-3144,816;-328,822;0,000;0,000;0,000;0,000;RRR 1.5in;24,5;1015;46;'26.07.2023 16:06:14.890;;
891;254,177;-3144,791;-328,816;0,000;0,000;0,000;0,000;RRR 1.5in;24,5;1015;46;'26.07.2023 16:06:14.900;;
892;253,678;-3144,758;-328,801;0,000;0,000;0,000;0,000;RRR 1.5in;24,5;1015;46;'26.07.2023 16:06:14.910;;
893;253,167;-3144,726;-328,786;0,000;0,000;0,000;0,000;RRR 1.5in;24,5;1015;46;'26.07.2023 16:06:14.920;;
894;252,671;-3144,710;-328,775;0,000;0,000;0,000;0,000;RRR 1.5in;24,5;1015;46;'26.07.2023 16:06:14.930;;
895;252,179;-3144,709;-328,772;0,000;0,000;0,000;0,000;RRR 1.5in;24,5;1015;46;'26.07.2023 16:06:14.940;;
896;251,689;-3144,700;-328,770;0,000;0,000;0,000;0,000;RRR 1.5in;24,5;1015;46;'26.07.2023 16:06:14.950;;
897;251,190;-3144,667;-328,773;0,000;0,000;0,000;0,000;RRR 1.5in;24,5;1015;46;'26.07.2023 16:06:14.960;;
898;250,691;-3144,618;-328,772;0,000;0,000;0,000;0,000;RRR 1.5in;24,5;1015;46;'26.07.2023 16:06:14.970;;
899;250,193;-3144,574;-328,781;0,000;0,000;0,000;0,000;RRR 1.5in;24,5;1015;46;'26.07.2023 16:06:14.980;;
900;249,685;-3144,538;-328,796;0,000;0,000;0,000;0,000;RRR 1.5in;24,5;1015;46;'26.07.2023 16:06:14.990;;
901;249,202;-3144,495;-328,795;0,000;0,000;0,000;0,000;RRR 1.5in;24,5;1015;46;'26.07.2023 16:06:15.000;;
902;248,712;-3144,474;-328,800;0,000;0,000;0,000;0,000;RRR 1.5in;24,5;1015;46;'26.07.2023 16:06:15.010;;
903;248,218;-3144,471;-328,809;0,000;0,000;0,000;0,000;RRR 1.5in;24,5;1015;46;'26.07.2023 16:06:15.020;;
904;247,730;-3144,452;-328,807;0,000;0,000;0,000;0,000;RRR 1.5in;24,5;1015;46;'26.07.2023 16:06:15.030;;
905;247,224;-3144,411;-328,789;0,000;0,000;0,000;0,000;RRR 1.5in;24,5;1015;46;'26.07.2023 16:06:15.040;;
906;246,712;-3144,378;-328,779;0,000;0,000;0,000;0,000;RRR 1.5in;24,5;1015;46;'26.07.2023 16:06:15.050;;
907;246,194;-3144,351;-328,773;0,000;0,000;0,000;0,000;RRR 1.5in;24,5;1015;46;'26.07.2023 16:06:15.060;;
908;245,701;-3144,320;-328,760;0,000;0,000;0,000;0,000;RRR 1.5in;24,5;1015;46;'26.07.2023 16:06:15.070;;
909;245,196;-3144,295;-328,758;0,000;0,000;0,000;0,000;RRR 1.5in;24,5;1015;46;'26.07.2023 16:06:15.080;;
910;244,695;-3144,282;-328,761;0,000;0,000;0,000;0,000;RRR 1.5in;24,5;1015;46;'26.07.2023 16:06:15.090;;
911;244,201;-3144,272;-328,774;0,000;0,000;0,000;0,000;RRR 1.5in;24,5;1015;46;'26.07.2023 16:06:15.100;;
912;243,698;-3144,249;-328,790;0,000;0,000;0,000;0,000;RRR 1.5in;24,5;1015;46;'26.07.2023 16:06:15.110;;
913;243,199;-3144,203;-328,799;0,000;0,000;0,000;0,000;RRR 1.5in;24,5;1015;46;'26.07.2023 16:06:15.120;;
914;242,691;-3144,148;-328,803;0,000;0,000;0,000;0,000;RRR 1.5in;24,5;1015;46;'26.07.2023 16:06:15.130;;
915;242,187;-3144,102;-328,810;0,000;0,000;0,000;0,000;RRR 1.5in;24,5;1015;46;'26.07.2023 16:06:15.140;;
916;241,696;-3144,068;-328,810;0,000;0,000;0,000;0,000;RRR 1.5in;24,5;1015;46;'26.07.2023 16:06:15.150;;
917;241,214;-3144,044;-328,799;0,000;0,000;0,000;0,000;RRR 1.5in;24,5;1015;46;'26.07.2023 16:06:15.160;;
918;240,729;-3144,036;-328,791;0,000;0,000;0,000;0,000;RRR 1.5in;24,5;1015;46;'26.07.2023 16:06:15.170;;
919;240,225;-3144,019;-328,784;0,000;0,000;0,000;0,000;RRR 1.5in;24,5;1015;46;'26.07.2023 16:06:15.180;;
920;239,739;-3143,981;-328,765;0,000;0,000;0,000;0,000;RRR 1.5in;24,5;1015;46;'26.07.2023 16:06:15.190;;
921;239,237;-3143,939;-328,755;0,000;0,000;0,000;0,000;RRR 1.5in;24,5;1015;46;'26.07.2023 16:06:15.200;;
922;238,732;-3143,904;-328,761;0,000;0,000;0,000;0,000;RRR 1.5in;24,5;1015;46;'26.07.2023 16:06:15.210;;
923;238,233;-3143,860;-328,762;0,000;0,000;0,000;0,000;RRR 1.5in;24,5;1015;46;'26.07.2023 16:06:15.220;;
924;237,728;-3143,826;-328,769;0,000;0,000;0,000;0,000;RRR 1.5in;24,5;1015;46;'26.07.2023 16:06:15.230;;
925;237,231;-3143,817;-328,790;0,000;0,000;0,000;0,000;RRR 1.5in;24,5;1015;46;'26.07.2023 16:06:15.240;;
926;236,727;-3143,809;-328,808;0,000;0,000;0,000;0,000;RRR 1.5in;24,5;1015;46;'26.07.2023 16:06:15.250;;
927;236,236;-3143,787;-328,819;0,000;0,000;0,000;0,000;RRR 1.5in;24,5;1015;46;'26.07.2023 16:06:15.260;;
928;235,722;-3143,750;-328,828;0,000;0,000;0,000;0,000;RRR 1.5in;24,5;1015;46;'26.07.2023 16:06:15.270;;
929;235,219;-3143,708;-328,824;0,000;0,000;0,000;0,000;RRR 1.5in;24,5;1015;46;'26.07.2023 16:06:15.280;;
930;234,726;-3143,672;-328,822;0,000;0,000;0,000;0,000;RRR 1.5in;24,5;1015;46;'26.07.2023 16:06:15.290;;
931;234,211;-3143,645;-328,824;0,000;0,000;0,000;0,000;RRR 1.5in;24,5;1015;46;'26.07.2023 16:06:15.300;;
932;233,718;-3143,612;-328,818;0,000;0,000;0,000;0,000;RRR 1.5in;24,5;1015;46;'26.07.2023 16:06:15.310;;
933;233,223;-3143,575;-328,804;0,000;0,000;0,000;0,000;RRR 1.5in;24,5;1015;46;'26.07.2023 16:06:15.320;;
934;232,743;-3143,566;-328,800;0,000;0,000;0,000;0,000;RRR 1.5in;24,5;1015;46;'26.07.2023 16:06:15.330;;
935;232,247;-3143,562;-328,811;0,000;0,000;0,000;0,000;RRR 1.5in;24,5;1015;46;'26.07.2023 16:06:15.340;;
936;231,752;-3143,522;-328,808;0,000;0,000;0,000;0,000;RRR 1.5in;24,5;1015;46;'26.07.2023 16:06:15.350;;
937;231,250;-3143,464;-328,806;0,000;0,000;0,000;0,000;RRR 1.5in;24,5;1015;46;'26.07.2023 16:06:15.360;;
938;230,734;-3143,418;-328,822;0,000;0,000;0,000;0,000;RRR 1.5in;24,5;1015;46;'26.07.2023 16:06:15.370;;
939;230,244;-3143,382;-328,835;0,000;0,000;0,000;0,000;RRR 1.5in;24,5;1015;46;'26.07.2023 16:06:15.380;;
940;229,738;-3143,351;-328,847;0,000;0,000;0,000;0,000;RRR 1.5in;24,5;1015;46;'26.07.2023 16:06:15.390;;
941;229,239;-3143,331;-328,860;0,000;0,000;0,000;0,000;RRR 1.5in;24,5;1015;46;'26.07.2023 16:06:15.400;;
942;228,744;-3143,311;-328,864;0,000;0,000;0,000;0,000;RRR 1.5in;24,5;1015;46;'26.07.2023 16:06:15.410;;
943;228,251;-3143,293;-328,860;0,000;0,000;0,000;0,000;RRR 1.5in;24,5;1015;46;'26.07.2023 16:06:15.420;;
944;227,759;-3143,272;-328,852;0,000;0,000;0,000;0,000;RRR 1.5in;24,5;1015;46;'26.07.2023 16:06:15.430;;
945;227,261;-3143,244;-328,840;0,000;0,000;0,000;0,000;RRR 1.5in;24,5;1015;46;'26.07.2023 16:06:15.440;;
946;226,763;-3143,205;-328,821;0,000;0,000;0,000;0,000;RRR 1.5in;24,5;1015;46;'26.07.2023 16:06:15.450;;
947;226,265;-3143,172;-328,810;0,000;0,000;0,000;0,000;RRR 1.5in;24,5;1015;46;'26.07.2023 16:06:15.460;;
948;225,768;-3143,145;-328,805;0,000;0,000;0,000;0,000;RRR 1.5in;24,5;1015;46;'26.07.2023 16:06:15.470;;
949;225,281;-3143,121;-328,805;0,000;0,000;0,000;0,000;RRR 1.5in;24,5;1015;46;'26.07.2023 16:06:15.480;;
950;224,781;-3143,105;-328,822;0,000;0,000;0,000;0,000;RRR 1.5in;24,5;1015;46;'26.07.2023 16:06:15.490;;
951;224,282;-3143,086;-328,843;0,000;0,000;0,000;0,000;RRR 1.5in;24,5;1015;46;'26.07.2023 16:06:15.500;;
952;223,787;-3143,051;-328,854;0,000;0,000;0,000;0,000;RRR 1.5in;24,5;1015;46;'26.07.2023 16:06:15.510;;
953;223,283;-3143,016;-328,861;0,000;0,000;0,000;0,000;RRR 1.5in;24,5;1015;46;'26.07.2023 16:06:15.520;;
954;222,783;-3142,981;-328,870;0,000;0,000;0,000;0,000;RRR 1.5in;24,5;1015;46;'26.07.2023 16:06:15.530;;
955;222,272;-3142,934;-328,869;0,000;0,000;0,000;0,000;RRR 1.5in;24,5;1015;46;'26.07.2023 16:06:15.540;;
956;221,780;-3142,882;-328,854;0,000;0,000;0,000;0,000;RRR 1.5in;24,5;1015;46;'26.07.2023 16:06:15.550;;
957;221,279;-3142,848;-328,844;0,000;0,000;0,000;0,000;RRR 1.5in;24,5;1015;46;'26.07.2023 16:06:15.560;;
958;220,789;-3142,832;-328,834;0,000;0,000;0,000;0,000;RRR 1.5in;24,5;1015;46;'26.07.2023 16:06:15.570;;
959;220,314;-3142,826;-328,825;0,000;0,000;0,000;0,000;RRR 1.5in;24,5;1015;46;'26.07.2023 16:06:15.580;;
960;219,812;-3142,816;-328,821;0,000;0,000;0,000;0,000;RRR 1.5in;24,5;1015;46;'26.07.2023 16:06:15.590;;
961;219,323;-3142,786;-328,814;0,000;0,000;0,000;0,000;RRR 1.5in;24,5;1015;46;'26.07.2023 16:06:15.600;;
962;218,811;-3142,747;-328,815;0,000;0,000;0,000;0,000;RRR 1.5in;24,5;1015;46;'26.07.2023 16:06:15.610;;
963;218,301;-3142,715;-328,824;0,000;0,000;0,000;0,000;RRR 1.5in;24,5;1015;46;'26.07.2023 16:06:15.620;;
964;217,789;-3142,683;-328,840;0,000;0,000;0,000;0,000;RRR 1.5in;24,5;1015;46;'26.07.2023 16:06:15.630;;
965;217,276;-3142,642;-328,849;0,000;0,000;0,000;0,000;RRR 1.5in;24,5;1015;46;'26.07.2023 16:06:15.640;;
966;216,784;-3142,603;-328,851;0,000;0,000;0,000;0,000;RRR 1.5in;24,5;1015;46;'26.07.2023 16:06:15.650;;
967;216,278;-3142,585;-328,861;0,000;0,000;0,000;0,000;RRR 1.5in;24,5;1015;46;'26.07.2023 16:06:15.660;;
968;215,792;-3142,573;-328,865;0,000;0,000;0,000;0,000;RRR 1.5in;24,5;1015;46;'26.07.2023 16:06:15.670;;
969;215,299;-3142,549;-328,861;0,000;0,000;0,000;0,000;RRR 1.5in;24,5;1015;46;'26.07.2023 16:06:15.680;;
970;214,808;-3142,508;-328,849;0,000;0,000;0,000;0,000;RRR 1.5in;24,5;1015;46;'26.07.2023 16:06:15.690;;
971;214,316;-3142,455;-328,832;0,000;0,000;0,000;0,000;RRR 1.5in;24,5;1015;46;'26.07.2023 16:06:15.700;;
972;213,812;-3142,413;-328,821;0,000;0,000;0,000;0,000;RRR 1.5in;24,5;1015;46;'26.07.2023 16:06:15.710;;
973;213,314;-3142,383;-328,818;0,000;0,000;0,000;0,000;RRR 1.5in;24,5;1015;46;'26.07.2023 16:06:15.720;;
974;212,798;-3142,362;-328,815;0,000;0,000;0,000;0,000;RRR 1.5in;24,5;1015;46;'26.07.2023 16:06:15.730;;
975;212,294;-3142,343;-328,808;0,000;0,000;0,000;0,000;RRR 1.5in;24,5;1015;46;'26.07.2023 16:06:15.740;;
976;211,799;-3142,338;-328,818;0,000;0,000;0,000;0,000;RRR 1.5in;24,5;1015;46;'26.07.2023 16:06:15.750;;
977;211,289;-3142,327;-328,837;0,000;0,000;0,000;0,000;RRR 1.5in;24,5;1015;46;'26.07.2023 16:06:15.760;;
978;210,789;-3142,285;-328,841;0,000;0,000;0,000;0,000;RRR 1.5in;24,5;1015;46;'26.07.2023 16:06:15.770;;
979;210,286;-3142,235;-328,843;0,000;0,000;0,000;0,000;RRR 1.5in;24,5;1015;46;'26.07.2023 16:06:15.780;;
980;209,782;-3142,193;-328,849;0,000;0,000;0,000;0,000;RRR 1.5in;24,5;1015;46;'26.07.2023 16:06:15.790;;
981;209,291;-3142,156;-328,848;0,000;0,000;0,000;0,000;RRR 1.5in;24,5;1015;46;'26.07.2023 16:06:15.800;;
982;208,801;-3142,118;-328,839;0,000;0,000;0,000;0,000;RRR 1.5in;24,5;1015;46;'26.07.2023 16:06:15.810;;
983;208,322;-3142,084;-328,826;0,000;0,000;0,000;0,000;RRR 1.5in;24,5;1015;46;'26.07.2023 16:06:15.820;;
984;207,835;-3142,072;-328,819;0,000;0,000;0,000;0,000;RRR 1.5in;24,5;1015;46;'26.07.2023 16:06:15.830;;
985;207,339;-3142,063;-328,813;0,000;0,000;0,000;0,000;RRR 1.5in;24,5;1015;46;'26.07.2023 16:06:15.840;;
986;206,840;-3142,043;-328,805;0,000;0,000;0,000;0,000;RRR 1.5in;24,5;1015;46;'26.07.2023 16:06:15.850;;
987;206,326;-3142,017;-328,803;0,000;0,000;0,000;0,000;RRR 1.5in;24,5;1015;46;'26.07.2023 16:06:15.860;;
988;205,817;-3141,984;-328,799;0,000;0,000;0,000;0,000;RRR 1.5in;24,5;1015;46;'26.07.2023 16:06:15.870;;
989;205,305;-3141,946;-328,801;0,000;0,000;0,000;0,000;RRR 1.5in;24,5;1015;46;'26.07.2023 16:06:15.880;;
990;204,789;-3141,906;-328,811;0,000;0,000;0,000;0,000;RRR 1.5in;24,5;1015;46;'26.07.2023 16:06:15.890;;
991;204,286;-3141,863;-328,819;0,000;0,000;0,000;0,000;RRR 1.5in;24,5;1015;46;'26.07.2023 16:06:15.900;;
992;203,780;-3141,831;-328,827;0,000;0,000;0,000;0,000;RRR 1.5in;24,5;1015;46;'26.07.2023 16:06:15.910;;
993;203,302;-3141,818;-328,837;0,000;0,000;0,000;0,000;RRR 1.5in;24,5;1015;46;'26.07.2023 16:06:15.920;;
994;202,817;-3141,798;-328,843;0,000;0,000;0,000;0,000;RRR 1.5in;24,5;1015;46;'26.07.2023 16:06:15.930;;
995;202,332;-3141,757;-328,832;0,000;0,000;0,000;0,000;RRR 1.5in;24,5;1015;46;'26.07.2023 16:06:15.940;;
996;201,837;-3141,712;-328,820;0,000;0,000;0,000;0,000;RRR 1.5in;24,5;1015;46;'26.07.2023 16:06:15.950;;
997;201,326;-3141,677;-328,817;0,000;0,000;0,000;0,000;RRR 1.5in;24,5;1015;46;'26.07.2023 16:06:15.960;;
998;200,828;-3141,644;-328,801;0,000;0,000;0,000;0,000;RRR 1.5in;24,5;1015;46;'26.07.2023 16:06:15.970;;
999;200,322;-3141,621;-328,795;0,000;0,000;0,000;0,000;RRR 1.5in;24,5;1015;46;'26.07.2023 16:06:15.980;;
1000;199,827;-3141,604;-328,793;0,000;0,000;0,000;0,000;RRR 1.5in;24,5;1015;46;'26.07.2023 16:06:15.990;;
1001;199,333;-3141,588;-328,794;0,000;0,000;0,000;0,000;RRR 1.5in;24,5;1015;46;'26.07.2023 16:06:16.000;;
1002;198,835;-3141,569;-328,793;0,000;0,000;0,000;0,000;RRR 1.5in;24,5;1015;46;'26.07.2023 16:06:16.010;;
1003;198,342;-3141,549;-328,796;0,000;0,000;0,000;0,000;RRR 1.5in;24,5;1015;46;'26.07.2023 16:06:16.020;;
1004;197,837;-3141,523;-328,802;0,000;0,000;0,000;0,000;RRR 1.5in;24,5;1015;46;'26.07.2023 16:06:16.030;;
1005;197,346;-3141,493;-328,805;0,000;0,000;0,000;0,000;RRR 1.5in;24,5;1015;46;'26.07.2023 16:06:16.040;;
1006;196,850;-3141,456;-328,806;0,000;0,000;0,000;0,000;RRR 1.5in;24,5;1015;46;'26.07.2023 16:06:16.050;;
1007;196,347;-3141,418;-328,803;0,000;0,000;0,000;0,000;RRR 1.5in;24,5;1015;46;'26.07.2023 16:06:16.060;;
1008;195,848;-3141,375;-328,794;0,000;0,000;0,000;0,000;RRR 1.5in;24,5;1015;46;'26.07.2023 16:06:16.070;;
1009;195,341;-3141,342;-328,791;0,000;0,000;0,000;0,000;RRR 1.5in;24,5;1015;46;'26.07.2023 16:06:16.080;;
1010;194,842;-3141,317;-328,795;0,000;0,000;0,000;0,000;RRR 1.5in;24,5;1015;46;'26.07.2023 16:06:16.090;;
1011;194,351;-3141,281;-328,786;0,000;0,000;0,000;0,000;RRR 1.5in;24,5;1015;46;'26.07.2023 16:06:16.100;;
1012;193,852;-3141,244;-328,771;0,000;0,000;0,000;0,000;RRR 1.5in;24,5;1015;46;'26.07.2023 16:06:16.110;;
1013;193,359;-3141,230;-328,768;0,000;0,000;0,000;0,000;RRR 1.5in;24,5;1015;46;'26.07.2023 16:06:16.120;;
1014;192,850;-3141,218;-328,775;0,000;0,000;0,000;0,000;RRR 1.5in;24,5;1015;46;'26.07.2023 16:06:16.130;;
1015;192,337;-3141,184;-328,768;0,000;0,000;0,000;0,000;RRR 1.5in;24,5;1015;46;'26.07.2023 16:06:16.140;;
1016;191,833;-3141,134;-328,755;0,000;0,000;0,000;0,000;RRR 1.5in;24,5;1015;46;'26.07.2023 16:06:16.150;;
1017;191,338;-3141,103;-328,755;0,000;0,000;0,000;0,000;RRR 1.5in;24,5;1015;46;'26.07.2023 16:06:16.160;;
1018;190,854;-3141,095;-328,763;0,000;0,000;0,000;0,000;RRR 1.5in;24,5;1015;46;'26.07.2023 16:06:16.170;;
1019;190,362;-3141,092;-328,774;0,000;0,000;0,000;0,000;RRR 1.5in;24,5;1015;46;'26.07.2023 16:06:16.180;;
1020;189,865;-3141,061;-328,776;0,000;0,000;0,000;0,000;RRR 1.5in;24,5;1015;46;'26.07.2023 16:06:16.190;;
1021;189,367;-3141,012;-328,771;0,000;0,000;0,000;0,000;RRR 1.5in;24,5;1015;46;'26.07.2023 16:06:16.200;;
1022;188,866;-3140,974;-328,771;0,000;0,000;0,000;0,000;RRR 1.5in;24,5;1015;46;'26.07.2023 16:06:16.210;;
1023;188,369;-3140,932;-328,772;0,000;0,000;0,000;0,000;RRR 1.5in;24,5;1015;46;'26.07.2023 16:06:16.220;;
1024;187,864;-3140,880;-328,769;0,000;0,000;0,000;0,000;RRR 1.5in;24,5;1015;46;'26.07.2023 16:06:16.230;;
1025;187,358;-3140,830;-328,752;0,000;0,000;0,000;0,000;RRR 1.5in;24,5;1015;46;'26.07.2023 16:06:16.240;;
1026;186,868;-3140,822;-328,746;0,000;0,000;0,000;0,000;RRR 1.5in;24,5;1015;46;'26.07.2023 16:06:16.250;;
1027;186,351;-3140,843;-328,755;0,000;0,000;0,000;0,000;RRR 1.5in;24,5;1015;46;'26.07.2023 16:06:16.260;;
1028;185,866;-3140,845;-328,749;0,000;0,000;0,000;0,000;RRR 1.5in;24,5;1015;46;'26.07.2023 16:06:16.270;;
1029;185,369;-3140,810;-328,730;0,000;0,000;0,000;0,000;RRR 1.5in;24,5;1015;46;'26.07.2023 16:06:16.280;;
1030;184,868;-3140,784;-328,734;0,000;0,000;0,000;0,000;RRR 1.5in;24,5;1015;46;'26.07.2023 16:06:16.290;;
1031;184,358;-3140,737;-328,735;0,000;0,000;0,000;0,000;RRR 1.5in;24,5;1015;46;'26.07.2023 16:06:16.300;;
1032;183,849;-3140,676;-328,732;0,000;0,000;0,000;0,000;RRR 1.5in;24,5;1015;46;'26.07.2023 16:06:16.310;;
1033;183,362;-3140,622;-328,729;0,000;0,000;0,000;0,000;RRR 1.5in;24,5;1015;46;'26.07.2023 16:06:16.320;;
1034;182,861;-3140,603;-328,748;0,000;0,000;0,000;0,000;RRR 1.5in;24,5;1015;46;'26.07.2023 16:06:16.330;;
1035;182,376;-3140,591;-328,761;0,000;0,000;0,000;0,000;RRR 1.5in;24,5;1015;46;'26.07.2023 16:06:16.340;;
1036;181,895;-3140,567;-328,763;0,000;0,000;0,000;0,000;RRR 1.5in;24,5;1015;46;'26.07.2023 16:06:16.350;;
1037;181,388;-3140,543;-328,769;0,000;0,000;0,000;0,000;RRR 1.5in;24,5;1015;46;'26.07.2023 16:06:16.360;;
1038;180,882;-3140,517;-328,770;0,000;0,000;0,000;0,000;RRR 1.5in;24,5;1015;46;'26.07.2023 16:06:16.370;;
1039;180,375;-3140,486;-328,769;0,000;0,000;0,000;0,000;RRR 1.5in;24,5;1015;46;'26.07.2023 16:06:16.380;;
1040;179,866;-3140,453;-328,766;0,000;0,000;0,000;0,000;RRR 1.5in;24,5;1015;46;'26.07.2023 16:06:16.390;;
1041;179,361;-3140,420;-328,757;0,000;0,000;0,000;0,000;RRR 1.5in;24,5;1015;46;'26.07.2023 16:06:16.400;;
1042;178,856;-3140,389;-328,746;0,000;0,000;0,000;0,000;RRR 1.5in;24,5;1015;46;'26.07.2023 16:06:16.410;;
1043;178,362;-3140,372;-328,741;0,000;0,000;0,000;0,000;RRR 1.5in;24,5;1015;46;'26.07.2023 16:06:16.420;;
1044;177,871;-3140,357;-328,742;0,000;0,000;0,000;0,000;RRR 1.5in;24,5;1015;46;'26.07.2023 16:06:16.430;;
1045;177,373;-3140,337;-328,745;0,000;0,000;0,000;0,000;RRR 1.5in;24,5;1015;46;'26.07.2023 16:06:16.440;;
1046;176,883;-3140,307;-328,744;0,000;0,000;0,000;0,000;RRR 1.5in;24,5;1015;46;'26.07.2023 16:06:16.450;;
1047;176,388;-3140,277;-328,756;0,000;0,000;0,000;0,000;RRR 1.5in;24,5;1015;46;'26.07.2023 16:06:16.460;;
1048;175,892;-3140,243;-328,762;0,000;0,000;0,000;0,000;RRR 1.5in;24,5;1015;46;'26.07.2023 16:06:16.470;;
1049;175,389;-3140,200;-328,763;0,000;0,000;0,000;0,000;RRR 1.5in;24,5;1015;46;'26.07.2023 16:06:16.480;;
1050;174,880;-3140,158;-328,766;0,000;0,000;0,000;0,000;RRR 1.5in;24,5;1015;46;'26.07.2023 16:06:16.490;;
1051;174,375;-3140,116;-328,768;0,000;0,000;0,000;0,000;RRR 1.5in;24,5;1015;46;'26.07.2023 16:06:16.500;;
1052;173,874;-3140,082;-328,765;0,000;0,000;0,000;0,000;RRR 1.5in;24,5;1015;46;'26.07.2023 16:06:16.510;;
1053;173,379;-3140,074;-328,761;0,000;0,000;0,000;0,000;RRR 1.5in;24,5;1015;46;'26.07.2023 16:06:16.520;;
1054;172,887;-3140,080;-328,761;0,000;0,000;0,000;0,000;RRR 1.5in;24,5;1015;46;'26.07.2023 16:06:16.530;;
1055;172,376;-3140,074;-328,755;0,000;0,000;0,000;0,000;RRR 1.5in;24,5;1015;46;'26.07.2023 16:06:16.540;;
1056;171,881;-3140,043;-328,739;0,000;0,000;0,000;0,000;RRR 1.5in;24,5;1015;46;'26.07.2023 16:06:16.550;;
1057;171,378;-3140,000;-328,732;0,000;0,000;0,000;0,000;RRR 1.5in;24,5;1015;46;'26.07.2023 16:06:16.560;;
1058;170,871;-3139,954;-328,732;0,000;0,000;0,000;0,000;RRR 1.5in;24,5;1015;46;'26.07.2023 16:06:16.570;;
1059;170,377;-3139,906;-328,727;0,000;0,000;0,000;0,000;RRR 1.5in;24,5;1015;46;'26.07.2023 16:06:16.580;;
1060;169,882;-3139,872;-328,727;0,000;0,000;0,000;0,000;RRR 1.5in;24,5;1015;46;'26.07.2023 16:06:16.590;;
1061;169,390;-3139,860;-328,736;0,000;0,000;0,000;0,000;RRR 1.5in;24,5;1015;46;'26.07.2023 16:06:16.600;;
1062;168,892;-3139,854;-328,748;0,000;0,000;0,000;0,000;RRR 1.5in;24,5;1015;46;'26.07.2023 16:06:16.610;;
1063;168,397;-3139,840;-328,749;0,000;0,000;0,000;0,000;RRR 1.5in;24,5;1015;46;'26.07.2023 16:06:16.620;;
1064;167,912;-3139,811;-328,739;0,000;0,000;0,000;0,000;RRR 1.5in;24,5;1015;46;'26.07.2023 16:06:16.630;;
1065;167,412;-3139,801;-328,743;0,000;0,000;0,000;0,000;RRR 1.5in;24,5;1015;46;'26.07.2023 16:06:16.640;;
1066;166,909;-3139,782;-328,739;0,000;0,000;0,000;0,000;RRR 1.5in;24,5;1015;46;'26.07.2023 16:06:16.650;;
1067;166,401;-3139,755;-328,732;0,000;0,000;0,000;0,000;RRR 1.5in;24,5;1015;46;'26.07.2023 16:06:16.660;;
1068;165,887;-3139,721;-328,723;0,000;0,000;0,000;0,000;RRR 1.5in;24,5;1015;46;'26.07.2023 16:06:16.670;;
1069;165,394;-3139,699;-328,722;0,000;0,000;0,000;0,000;RRR 1.5in;24,5;1015;46;'26.07.2023 16:06:16.680;;
1070;164,901;-3139,675;-328,724;0,000;0,000;0,000;0,000;RRR 1.5in;24,5;1015;46;'26.07.2023 16:06:16.690;;
1071;164,411;-3139,650;-328,728;0,000;0,000;0,000;0,000;RRR 1.5in;24,5;1015;46;'26.07.2023 16:06:16.700;;
1072;163,913;-3139,608;-328,725;0,000;0,000;0,000;0,000;RRR 1.5in;24,5;1015;46;'26.07.2023 16:06:16.710;;
1073;163,405;-3139,568;-328,723;0,000;0,000;0,000;0,000;RRR 1.5in;24,5;1015;46;'26.07.2023 16:06:16.720;;
1074;162,907;-3139,523;-328,714;0,000;0,000;0,000;0,000;RRR 1.5in;24,5;1015;46;'26.07.2023 16:06:16.730;;
1075;162,405;-3139,487;-328,715;0,000;0,000;0,000;0,000;RRR 1.5in;24,5;1015;46;'26.07.2023 16:06:16.740;;
1076;161,893;-3139,447;-328,714;0,000;0,000;0,000;0,000;RRR 1.5in;24,5;1015;46;'26.07.2023 16:06:16.750;;
1077;161,393;-3139,410;-328,711;0,000;0,000;0,000;0,000;RRR 1.5in;24,5;1015;46;'26.07.2023 16:06:16.760;;
1078;160,889;-3139,389;-328,711;0,000;0,000;0,000;0,000;RRR 1.5in;24,5;1015;46;'26.07.2023 16:06:16.770;;
1079;160,396;-3139,381;-328,713;0,000;0,000;0,000;0,000;RRR 1.5in;24,5;1015;46;'26.07.2023 16:06:16.780;;
1080;159,903;-3139,373;-328,712;0,000;0,000;0,000;0,000;RRR 1.5in;24,5;1015;46;'26.07.2023 16:06:16.790;;
1081;159,401;-3139,364;-328,717;0,000;0,000;0,000;0,000;RRR 1.5in;24,5;1015;46;'26.07.2023 16:06:16.800;;
1082;158,901;-3139,336;-328,715;0,000;0,000;0,000;0,000;RRR 1.5in;24,5;1015;46;'26.07.2023 16:06:16.810;;
1083;158,402;-3139,296;-328,711;0,000;0,000;0,000;0,000;RRR 1.5in;24,5;1015;46;'26.07.2023 16:06:16.820;;
1084;157,899;-3139,261;-328,706;0,000;0,000;0,000;0,000;RRR 1.5in;24,5;1015;46;'26.07.2023 16:06:16.830;;
1085;157,397;-3139,227;-328,705;0,000;0,000;0,000;0,000;RRR 1.5in;24,5;1015;46;'26.07.2023 16:06:16.840;;
1086;156,894;-3139,189;-328,707;0,000;0,000;0,000;0,000;RRR 1.5in;24,5;1015;46;'26.07.2023 16:06:16.850;;
1087;156,399;-3139,151;-328,699;0,000;0,000;0,000;0,000;RRR 1.5in;24,5;1015;46;'26.07.2023 16:06:16.860;;
1088;155,912;-3139,131;-328,699;0,000;0,000;0,000;0,000;RRR 1.5in;24,5;1015;46;'26.07.2023 16:06:16.870;;
1089;155,414;-3139,130;-328,708;0,000;0,000;0,000;0,000;RRR 1.5in;24,5;1015;46;'26.07.2023 16:06:16.880;;
1090;154,924;-3139,120;-328,716;0,000;0,000;0,000;0,000;RRR 1.5in;24,5;1015;46;'26.07.2023 16:06:16.890;;
1091;154,423;-3139,094;-328,716;0,000;0,000;0,000;0,000;RRR 1.5in;24,5;1015;46;'26.07.2023 16:06:16.900;;
1092;153,913;-3139,067;-328,719;0,000;0,000;0,000;0,000;RRR 1.5in;24,5;1015;46;'26.07.2023 16:06:16.910;;
1093;153,399;-3139,031;-328,722;0,000;0,000;0,000;0,000;RRR 1.5in;24,5;1015;46;'26.07.2023 16:06:16.920;;
1094;152,879;-3138,985;-328,720;0,000;0,000;0,000;0,000;RRR 1.5in;24,5;1015;46;'26.07.2023 16:06:16.930;;
1095;152,370;-3138,932;-328,708;0,000;0,000;0,000;0,000;RRR 1.5in;24,5;1015;46;'26.07.2023 16:06:16.940;;
1096;151,871;-3138,896;-328,710;0,000;0,000;0,000;0,000;RRR 1.5in;24,5;1015;46;'26.07.2023 16:06:16.950;;
1097;151,376;-3138,875;-328,714;0,000;0,000;0,000;0,000;RRR 1.5in;24,5;1015;46;'26.07.2023 16:06:16.960;;
1098;150,902;-3138,862;-328,716;0,000;0,000;0,000;0,000;RRR 1.5in;24,5;1015;46;'26.07.2023 16:06:16.970;;
1099;150,399;-3138,842;-328,716;0,000;0,000;0,000;0,000;RRR 1.5in;24,5;1015;46;'26.07.2023 16:06:16.980;;
1100;149,910;-3138,815;-328,718;0,000;0,000;0,000;0,000;RRR 1.5in;24,5;1015;46;'26.07.2023 16:06:16.990;;
1101;149,409;-3138,768;-328,714;0,000;0,000;0,000;0,000;RRR 1.5in;24,5;1015;46;'26.07.2023 16:06:17.000;;
1102;148,897;-3138,728;-328,720;0,000;0,000;0,000;0,000;RRR 1.5in;24,5;1015;46;'26.07.2023 16:06:17.010;;
1103;148,387;-3138,681;-328,716;0,000;0,000;0,000;0,000;RRR 1.5in;24,5;1015;46;'26.07.2023 16:06:17.020;;
1104;147,873;-3138,643;-328,712;0,000;0,000;0,000;0,000;RRR 1.5in;24,5;1015;46;'26.07.2023 16:06:17.030;;
1105;147,380;-3138,631;-328,714;0,000;0,000;0,000;0,000;RRR 1.5in;24,5;1015;46;'26.07.2023 16:06:17.040;;
1106;146,886;-3138,646;-328,726;0,000;0,000;0,000;0,000;RRR 1.5in;24,5;1015;46;'26.07.2023 16:06:17.050;;
1107;146,384;-3138,655;-328,739;0,000;0,000;0,000;0,000;RRR 1.5in;24,5;1015;46;'26.07.2023 16:06:17.060;;
1108;145,889;-3138,622;-328,734;0,000;0,000;0,000;0,000;RRR 1.5in;24,5;1015;46;'26.07.2023 16:06:17.070;;
1109;145,394;-3138,587;-328,730;0,000;0,000;0,000;0,000;RRR 1.5in;24,5;1015;46;'26.07.2023 16:06:17.080;;
1110;144,892;-3138,563;-328,738;0,000;0,000;0,000;0,000;RRR 1.5in;24,5;1015;46;'26.07.2023 16:06:17.090;;
1111;144,390;-3138,528;-328,739;0,000;0,000;0,000;0,000;RRR 1.5in;24,5;1015;46;'26.07.2023 16:06:17.100;;
1112;143,888;-3138,479;-328,732;0,000;0,000;0,000;0,000;RRR 1.5in;24,5;1015;46;'26.07.2023 16:06:17.110;;
1113;143,386;-3138,435;-328,725;0,000;0,000;0,000;0,000;RRR 1.5in;24,5;1015;46;'26.07.2023 16:06:17.120;;
1114;142,882;-3138,408;-328,728;0,000;0,000;0,000;0,000;RRR 1.5in;24,5;1015;46;'26.07.2023 16:06:17.130;;
1115;142,373;-3138,382;-328,733;0,000;0,000;0,000;0,000;RRR 1.5in;24,5;1015;46;'26.07.2023 16:06:17.140;;
1116;141,876;-3138,336;-328,722;0,000;0,000;0,000;0,000;RRR 1.5in;24,5;1015;46;'26.07.2023 16:06:17.150;;
1117;141,379;-3138,306;-328,723;0,000;0,000;0,000;0,000;RRR 1.5in;24,5;1015;46;'26.07.2023 16:06:17.160;;
1118;140,869;-3138,286;-328,735;0,000;0,000;0,000;0,000;RRR 1.5in;24,5;1015;46;'26.07.2023 16:06:17.170;;
1119;140,379;-3138,254;-328,737;0,000;0,000;0,000;0,000;RRR 1.5in;24,5;1015;46;'26.07.2023 16:06:17.180;;
1120;139,870;-3138,209;-328,738;0,000;0,000;0,000;0,000;RRR 1.5in;24,5;1015;46;'26.07.2023 16:06:17.190;;
1121;139,361;-3138,175;-328,741;0,000;0,000;0,000;0,000;RRR 1.5in;24,5;1015;46;'26.07.2023 16:06:17.200;;
1122;138,869;-3138,146;-328,742;0,000;0,000;0,000;0,000;RRR 1.5in;24,5;1015;46;'26.07.2023 16:06:17.210;;
1123;138,377;-3138,130;-328,749;0,000;0,000;0,000;0,000;RRR 1.5in;24,5;1015;46;'26.07.2023 16:06:17.220;;
1124;137,884;-3138,108;-328,748;0,000;0,000;0,000;0,000;RRR 1.5in;24,5;1015;46;'26.07.2023 16:06:17.230;;
1125;137,377;-3138,087;-328,749;0,000;0,000;0,000;0,000;RRR 1.5in;24,5;1015;46;'26.07.2023 16:06:17.240;;
1126;136,871;-3138,058;-328,743;0,000;0,000;0,000;0,000;RRR 1.5in;24,5;1015;46;'26.07.2023 16:06:17.250;;
1127;136,385;-3138,028;-328,734;0,000;0,000;0,000;0,000;RRR 1.5in;24,5;1015;46;'26.07.2023 16:06:17.260;;
1128;135,878;-3138,009;-328,741;0,000;0,000;0,000;0,000;RRR 1.5in;24,5;1015;46;'26.07.2023 16:06:17.270;;
1129;135,371;-3137,976;-328,742;0,000;0,000;0,000;0,000;RRR 1.5in;24,5;1015;46;'26.07.2023 16:06:17.280;;
1130;134,870;-3137,926;-328,733;0,000;0,000;0,000;0,000;RRR 1.5in;24,5;1015;46;'26.07.2023 16:06:17.290;;
1131;134,360;-3137,894;-328,734;0,000;0,000;0,000;0,000;RRR 1.5in;24,5;1015;46;'26.07.2023 16:06:17.300;;
1132;133,867;-3137,875;-328,740;0,000;0,000;0,000;0,000;RRR 1.5in;24,5;1015;46;'26.07.2023 16:06:17.310;;
1133;133,372;-3137,864;-328,748;0,000;0,000;0,000;0,000;RRR 1.5in;24,5;1015;46;'26.07.2023 16:06:17.320;;
1134;132,878;-3137,843;-328,752;0,000;0,000;0,000;0,000;RRR 1.5in;24,5;1015;46;'26.07.2023 16:06:17.330;;
1135;132,389;-3137,809;-328,752;0,000;0,000;0,000;0,000;RRR 1.5in;24,5;1015;46;'26.07.2023 16:06:17.340;;
1136;131,884;-3137,774;-328,751;0,000;0,000;0,000;0,000;RRR 1.5in;24,5;1015;46;'26.07.2023 16:06:17.350;;
1137;131,390;-3137,741;-328,745;0,000;0,000;0,000;0,000;RRR 1.5in;24,5;1015;46;'26.07.2023 16:06:17.360;;
1138;130,887;-3137,712;-328,742;0,000;0,000;0,000;0,000;RRR 1.5in;24,5;1015;46;'26.07.2023 16:06:17.370;;
1139;130,381;-3137,685;-328,746;0,000;0,000;0,000;0,000;RRR 1.5in;24,5;1015;46;'26.07.2023 16:06:17.380;;
1140;129,889;-3137,641;-328,737;0,000;0,000;0,000;0,000;RRR 1.5in;24,5;1015;46;'26.07.2023 16:06:17.390;;
1141;129,398;-3137,599;-328,728;0,000;0,000;0,000;0,000;RRR 1.5in;24,5;1015;46;'26.07.2023 16:06:17.400;;
1142;128,904;-3137,577;-328,728;0,000;0,000;0,000;0,000;RRR 1.5in;24,5;1015;46;'26.07.2023 16:06:17.410;;
1143;128,409;-3137,570;-328,731;0,000;0,000;0,000;0,000;RRR 1.5in;24,5;1015;46;'26.07.2023 16:06:17.420;;
1144;127,910;-3137,568;-328,730;0,000;0,000;0,000;0,000;RRR 1.5in;24,5;1015;46;'26.07.2023 16:06:17.430;;
1145;127,409;-3137,551;-328,728;0,000;0,000;0,000;0,000;RRR 1.5in;24,5;1015;46;'26.07.2023 16:06:17.440;;
1146;126,899;-3137,518;-328,725;0,000;0,000;0,000;0,000;RRR 1.5in;24,5;1015;46;'26.07.2023 16:06:17.450;;
1147;126,382;-3137,474;-328,724;0,000;0,000;0,000;0,000;RRR 1.5in;24,5;1015;46;'26.07.2023 16:06:17.460;;
1148;125,877;-3137,425;-328,716;0,000;0,000;0,000;0,000;RRR 1.5in;24,5;1015;46;'26.07.2023 16:06:17.470;;
1149;125,378;-3137,387;-328,715;0,000;0,000;0,000;0,000;RRR 1.5in;24,5;1015;46;'26.07.2023 16:06:17.480;;
1150;124,872;-3137,363;-328,727;0,000;0,000;0,000;0,000;RRR 1.5in;24,5;1015;46;'26.07.2023 16:06:17.490;;
1151;124,384;-3137,333;-328,726;0,000;0,000;0,000;0,000;RRR 1.5in;24,5;1015;46;'26.07.2023 16:06:17.500;;
1152;123,898;-3137,310;-328,725;0,000;0,000;0,000;0,000;RRR 1.5in;24,5;1015;46;'26.07.2023 16:06:17.510;;
1153;123,408;-3137,296;-328,731;0,000;0,000;0,000;0,000;RRR 1.5in;24,5;1015;46;'26.07.2023 16:06:17.520;;
1154;122,923;-3137,274;-328,732;0,000;0,000;0,000;0,000;RRR 1.5in;24,5;1015;46;'26.07.2023 16:06:17.530;;
1155;122,419;-3137,245;-328,732;0,000;0,000;0,000;0,000;RRR 1.5in;24,5;1015;46;'26.07.2023 16:06:17.540;;
1156;121,913;-3137,210;-328,728;0,000;0,000;0,000;0,000;RRR 1.5in;24,5;1015;46;'26.07.2023 16:06:17.550;;
1157;121,410;-3137,174;-328,726;0,000;0,000;0,000;0,000;RRR 1.5in;24,5;1015;46;'26.07.2023 16:06:17.560;;
1158;120,902;-3137,137;-328,723;0,000;0,000;0,000;0,000;RRR 1.5in;24,5;1015;46;'26.07.2023 16:06:17.570;;
1159;120,406;-3137,089;-328,710;0,000;0,000;0,000;0,000;RRR 1.5in;24,5;1015;46;'26.07.2023 16:06:17.580;;
1160;119,910;-3137,058;-328,711;0,000;0,000;0,000;0,000;RRR 1.5in;24,5;1015;46;'26.07.2023 16:06:17.590;;
1161;119,405;-3137,046;-328,720;0,000;0,000;0,000;0,000;RRR 1.5in;24,5;1015;46;'26.07.2023 16:06:17.600;;
1162;118,924;-3137,029;-328,720;0,000;0,000;0,000;0,000;RRR 1.5in;24,5;1015;46;'26.07.2023 16:06:17.610;;
1163;118,428;-3137,008;-328,722;0,000;0,000;0,000;0,000;RRR 1.5in;24,5;1015;46;'26.07.2023 16:06:17.620;;
1164;117,937;-3136,981;-328,725;0,000;0,000;0,000;0,000;RRR 1.5in;24,5;1015;46;'26.07.2023 16:06:17.630;;
1165;117,434;-3136,942;-328,727;0,000;0,000;0,000;0,000;RRR 1.5in;24,5;1015;46;'26.07.2023 16:06:17.640;;
1166;116,917;-3136,900;-328,730;0,000;0,000;0,000;0,000;RRR 1.5in;24,5;1015;46;'26.07.2023 16:06:17.650;;
1167;116,410;-3136,854;-328,724;0,000;0,000;0,000;0,000;RRR 1.5in;24,5;1015;46;'26.07.2023 16:06:17.660;;
1168;115,902;-3136,823;-328,724;0,000;0,000;0,000;0,000;RRR 1.5in;24,5;1015;46;'26.07.2023 16:06:17.670;;
1169;115,399;-3136,802;-328,722;0,000;0,000;0,000;0,000;RRR 1.5in;24,5;1015;46;'26.07.2023 16:06:17.680;;
1170;114,914;-3136,790;-328,716;0,000;0,000;0,000;0,000;RRR 1.5in;24,5;1015;46;'26.07.2023 16:06:17.690;;
1171;114,415;-3136,784;-328,719;0,000;0,000;0,000;0,000;RRR 1.5in;24,5;1015;46;'26.07.2023 16:06:17.700;;
1172;113,917;-3136,762;-328,721;0,000;0,000;0,000;0,000;RRR 1.5in;24,5;1015;46;'26.07.2023 16:06:17.710;;
1173;113,427;-3136,721;-328,714;0,000;0,000;0,000;0,000;RRR 1.5in;24,5;1015;46;'26.07.2023 16:06:17.720;;
1174;112,931;-3136,682;-328,713;0,000;0,000;0,000;0,000;RRR 1.5in;24,5;1015;46;'26.07.2023 16:06:17.730;;
1175;112,432;-3136,645;-328,717;0,000;0,000;0,000;0,000;RRR 1.5in;24,5;1015;46;'26.07.2023 16:06:17.740;;
1176;111,930;-3136,607;-328,717;0,000;0,000;0,000;0,000;RRR 1.5in;24,5;1015;46;'26.07.2023 16:06:17.750;;
1177;111,428;-3136,569;-328,716;0,000;0,000;0,000;0,000;RRR 1.5in;24,5;1015;46;'26.07.2023 16:06:17.760;;
1178;110,928;-3136,538;-328,712;0,000;0,000;0,000;0,000;RRR 1.5in;24,5;1015;46;'26.07.2023 16:06:17.770;;
1179;110,429;-3136,517;-328,720;0,000;0,000;0,000;0,000;RRR 1.5in;24,5;1015;46;'26.07.2023 16:06:17.780;;
1180;109,933;-3136,489;-328,725;0,000;0,000;0,000;0,000;RRR 1.5in;24,5;1015;46;'26.07.2023 16:06:17.790;;
1181;109,443;-3136,457;-328,717;0,000;0,000;0,000;0,000;RRR 1.5in;24,5;1015;46;'26.07.2023 16:06:17.800;;
1182;108,937;-3136,442;-328,725;0,000;0,000;0,000;0,000;RRR 1.5in;24,5;1015;46;'26.07.2023 16:06:17.810;;
1183;108,424;-3136,424;-328,733;0,000;0,000;0,000;0,000;RRR 1.5in;24,5;1015;46;'26.07.2023 16:06:17.820;;
1184;107,921;-3136,385;-328,729;0,000;0,000;0,000;0,000;RRR 1.5in;24,5;1015;46;'26.07.2023 16:06:17.830;;
1185;107,412;-3136,338;-328,727;0,000;0,000;0,000;0,000;RRR 1.5in;24,5;1015;46;'26.07.2023 16:06:17.840;;
1186;106,911;-3136,295;-328,730;0,000;0,000;0,000;0,000;RRR 1.5in;24,5;1015;46;'26.07.2023 16:06:17.850;;
1187;106,424;-3136,254;-328,734;0,000;0,000;0,000;0,000;RRR 1.5in;24,5;1015;46;'26.07.2023 16:06:17.860;;
1188;105,928;-3136,218;-328,734;0,000;0,000;0,000;0,000;RRR 1.5in;24,5;1015;46;'26.07.2023 16:06:17.870;;
1189;105,435;-3136,191;-328,731;0,000;0,000;0,000;0,000;RRR 1.5in;24,5;1015;46;'26.07.2023 16:06:17.880;;
1190;104,941;-3136,181;-328,738;0,000;0,000;0,000;0,000;RRR 1.5in;24,5;1015;46;'26.07.2023 16:06:17.890;;
1191;104,447;-3136,165;-328,738;0,000;0,000;0,000;0,000;RRR 1.5in;24,5;1015;46;'26.07.2023 16:06:17.900;;
1192;103,963;-3136,143;-328,728;0,000;0,000;0,000;0,000;RRR 1.5in;24,5;1015;46;'26.07.2023 16:06:17.910;;
1193;103,458;-3136,123;-328,728;0,000;0,000;0,000;0,000;RRR 1.5in;24,5;1015;46;'26.07.2023 16:06:17.920;;
1194;102,948;-3136,093;-328,732;0,000;0,000;0,000;0,000;RRR 1.5in;24,5;1015;46;'26.07.2023 16:06:17.930;;
1195;102,445;-3136,051;-328,731;0,000;0,000;0,000;0,000;RRR 1.5in;24,5;1015;46;'26.07.2023 16:06:17.940;;
1196;101,938;-3136,011;-328,741;0,000;0,000;0,000;0,000;RRR 1.5in;24,5;1015;46;'26.07.2023 16:06:17.950;;
1197;101,441;-3135,969;-328,748;0,000;0,000;0,000;0,000;RRR 1.5in;24,5;1015;46;'26.07.2023 16:06:17.960;;
1198;100,950;-3135,933;-328,757;0,000;0,000;0,000;0,000;RRR 1.5in;24,5;1015;46;'26.07.2023 16:06:17.970;;
1199;100,458;-3135,909;-328,771;0,000;0,000;0,000;0,000;RRR 1.5in;24,5;1015;46;'26.07.2023 16:06:17.980;;
1200;99,969;-3135,889;-328,777;0,000;0,000;0,000;0,000;RRR 1.5in;24,5;1015;46;'26.07.2023 16:06:17.990;;
1201;99,472;-3135,875;-328,783;0,000;0,000;0,000;0,000;RRR 1.5in;24,5;1015;46;'26.07.2023 16:06:18.000;;
1202;98,979;-3135,853;-328,778;0,000;0,000;0,000;0,000;RRR 1.5in;24,5;1015;46;'26.07.2023 16:06:18.010;;
1203;98,492;-3135,826;-328,762;0,000;0,000;0,000;0,000;RRR 1.5in;24,5;1015;46;'26.07.2023 16:06:18.020;;
1204;97,988;-3135,802;-328,753;0,000;0,000;0,000;0,000;RRR 1.5in;24,5;1015;46;'26.07.2023 16:06:18.030;;
1205;97,480;-3135,772;-328,752;0,000;0,000;0,000;0,000;RRR 1.5in;24,5;1015;46;'26.07.2023 16:06:18.040;;
1206;96,966;-3135,726;-328,743;0,000;0,000;0,000;0,000;RRR 1.5in;24,5;1015;46;'26.07.2023 16:06:18.050;;
1207;96,453;-3135,671;-328,733;0,000;0,000;0,000;0,000;RRR 1.5in;24,5;1015;46;'26.07.2023 16:06:18.060;;
1208;95,957;-3135,633;-328,733;0,000;0,000;0,000;0,000;RRR 1.5in;24,5;1015;46;'26.07.2023 16:06:18.070;;
1209;95,469;-3135,623;-328,750;0,000;0,000;0,000;0,000;RRR 1.5in;24,5;1015;46;'26.07.2023 16:06:18.080;;
1210;94,975;-3135,613;-328,766;0,000;0,000;0,000;0,000;RRR 1.5in;24,5;1015;46;'26.07.2023 16:06:18.090;;
1211;94,476;-3135,587;-328,770;0,000;0,000;0,000;0,000;RRR 1.5in;24,5;1015;46;'26.07.2023 16:06:18.100;;
1212;93,977;-3135,553;-328,775;0,000;0,000;0,000;0,000;RRR 1.5in;24,5;1015;46;'26.07.2023 16:06:18.110;;
1213;93,475;-3135,517;-328,780;0,000;0,000;0,000;0,000;RRR 1.5in;24,5;1015;46;'26.07.2023 16:06:18.120;;
1214;92,984;-3135,479;-328,774;0,000;0,000;0,000;0,000;RRR 1.5in;24,5;1015;46;'26.07.2023 16:06:18.130;;
1215;92,488;-3135,440;-328,766;0,000;0,000;0,000;0,000;RRR 1.5in;24,5;1015;46;'26.07.2023 16:06:18.140;;
1216;91,976;-3135,397;-328,760;0,000;0,000;0,000;0,000;RRR 1.5in;24,5;1015;46;'26.07.2023 16:06:18.150;;
1217;91,468;-3135,358;-328,750;0,000;0,000;0,000;0,000;RRR 1.5in;24,5;1015;46;'26.07.2023 16:06:18.160;;
1218;90,976;-3135,341;-328,743;0,000;0,000;0,000;0,000;RRR 1.5in;24,5;1015;46;'26.07.2023 16:06:18.170;;
1219;90,485;-3135,346;-328,750;0,000;0,000;0,000;0,000;RRR 1.5in;24,5;1015;46;'26.07.2023 16:06:18.180;;
1220;89,993;-3135,350;-328,760;0,000;0,000;0,000;0,000;RRR 1.5in;24,5;1015;46;'26.07.2023 16:06:18.190;;
1221;89,487;-3135,326;-328,761;0,000;0,000;0,000;0,000;RRR 1.5in;24,5;1015;46;'26.07.2023 16:06:18.200;;
1222;88,981;-3135,284;-328,757;0,000;0,000;0,000;0,000;RRR 1.5in;24,5;1015;46;'26.07.2023 16:06:18.210;;
1223;88,472;-3135,250;-328,760;0,000;0,000;0,000;0,000;RRR 1.5in;24,5;1015;46;'26.07.2023 16:06:18.220;;
1224;87,967;-3135,218;-328,772;0,000;0,000;0,000;0,000;RRR 1.5in;24,5;1015;46;'26.07.2023 16:06:18.230;;
1225;87,480;-3135,164;-328,764;0,000;0,000;0,000;0,000;RRR 1.5in;24,5;1015;46;'26.07.2023 16:06:18.240;;
1226;86,994;-3135,114;-328,757;0,000;0,000;0,000;0,000;RRR 1.5in;24,5;1015;46;'26.07.2023 16:06:18.250;;
1227;86,492;-3135,085;-328,766;0,000;0,000;0,000;0,000;RRR 1.5in;24,5;1015;46;'26.07.2023 16:06:18.260;;
1228;86,002;-3135,064;-328,770;0,000;0,000;0,000;0,000;RRR 1.5in;24,5;1015;46;'26.07.2023 16:06:18.270;;
1229;85,501;-3135,042;-328,771;0,000;0,000;0,000;0,000;RRR 1.5in;24,5;1015;46;'26.07.2023 16:06:18.280;;
1230;85,002;-3135,018;-328,768;0,000;0,000;0,000;0,000;RRR 1.5in;24,5;1015;46;'26.07.2023 16:06:18.290;;
1231;84,511;-3134,995;-328,769;0,000;0,000;0,000;0,000;RRR 1.5in;24,5;1015;46;'26.07.2023 16:06:18.300;;
1232;84,001;-3134,966;-328,773;0,000;0,000;0,000;0,000;RRR 1.5in;24,5;1015;46;'26.07.2023 16:06:18.310;;
1233;83,493;-3134,928;-328,768;0,000;0,000;0,000;0,000;RRR 1.5in;24,5;1015;46;'26.07.2023 16:06:18.320;;
1234;82,985;-3134,892;-328,762;0,000;0,000;0,000;0,000;RRR 1.5in;24,5;1015;46;'26.07.2023 16:06:18.330;;
1235;82,477;-3134,858;-328,761;0,000;0,000;0,000;0,000;RRR 1.5in;24,5;1015;46;'26.07.2023 16:06:18.340;;
1236;81,987;-3134,824;-328,754;0,000;0,000;0,000;0,000;RRR 1.5in;24,5;1015;46;'26.07.2023 16:06:18.350;;
1237;81,501;-3134,804;-328,751;0,000;0,000;0,000;0,000;RRR 1.5in;24,5;1015;46;'26.07.2023 16:06:18.360;;
1238;81,009;-3134,787;-328,756;0,000;0,000;0,000;0,000;RRR 1.5in;24,5;1015;46;'26.07.2023 16:06:18.370;;
1239;80,514;-3134,763;-328,760;0,000;0,000;0,000;0,000;RRR 1.5in;24,5;1015;46;'26.07.2023 16:06:18.380;;
1240;80,016;-3134,728;-328,757;0,000;0,000;0,000;0,000;RRR 1.5in;24,5;1015;46;'26.07.2023 16:06:18.390;;
1241;79,514;-3134,690;-328,754;0,000;0,000;0,000;0,000;RRR 1.5in;24,5;1015;46;'26.07.2023 16:06:18.400;;
1242;79,008;-3134,664;-328,759;0,000;0,000;0,000;0,000;RRR 1.5in;24,5;1015;46;'26.07.2023 16:06:18.410;;
1243;78,499;-3134,638;-328,765;0,000;0,000;0,000;0,000;RRR 1.5in;24,5;1015;46;'26.07.2023 16:06:18.420;;
1244;77,984;-3134,594;-328,757;0,000;0,000;0,000;0,000;RRR 1.5in;24,5;1015;46;'26.07.2023 16:06:18.430;;
1245;77,476;-3134,554;-328,751;0,000;0,000;0,000;0,000;RRR 1.5in;24,5;1015;46;'26.07.2023 16:06:18.440;;
1246;76,977;-3134,532;-328,756;0,000;0,000;0,000;0,000;RRR 1.5in;24,5;1015;46;'26.07.2023 16:06:18.450;;
1247;76,485;-3134,508;-328,763;0,000;0,000;0,000;0,000;RRR 1.5in;24,5;1015;46;'26.07.2023 16:06:18.460;;
1248;76,004;-3134,481;-328,757;0,000;0,000;0,000;0,000;RRR 1.5in;24,5;1015;46;'26.07.2023 16:06:18.470;;
1249;75,520;-3134,457;-328,757;0,000;0,000;0,000;0,000;RRR 1.5in;24,5;1015;46;'26.07.2023 16:06:18.480;;
1250;75,017;-3134,441;-328,767;0,000;0,000;0,000;0,000;RRR 1.5in;24,5;1015;46;'26.07.2023 16:06:18.490;;
1251;74,518;-3134,416;-328,772;0,000;0,000;0,000;0,000;RRR 1.5in;24,5;1015;46;'26.07.2023 16:06:18.500;;
1252;74,017;-3134,380;-328,766;0,000;0,000;0,000;0,000;RRR 1.5in;24,5;1015;46;'26.07.2023 16:06:18.510;;
1253;73,514;-3134,345;-328,763;0,000;0,000;0,000;0,000;RRR 1.5in;24,5;1015;46;'26.07.2023 16:06:18.520;;
1254;73,010;-3134,317;-328,760;0,000;0,000;0,000;0,000;RRR 1.5in;24,5;1015;46;'26.07.2023 16:06:18.530;;
1255;72,498;-3134,287;-328,753;0,000;0,000;0,000;0,000;RRR 1.5in;24,5;1015;46;'26.07.2023 16:06:18.540;;
1256;71,989;-3134,260;-328,745;0,000;0,000;0,000;0,000;RRR 1.5in;24,5;1015;46;'26.07.2023 16:06:18.550;;
1257;71,494;-3134,247;-328,748;0,000;0,000;0,000;0,000;RRR 1.5in;24,5;1015;46;'26.07.2023 16:06:18.560;;
1258;70,990;-3134,232;-328,757;0,000;0,000;0,000;0,000;RRR 1.5in;24,5;1015;46;'26.07.2023 16:06:18.570;;
1259;70,504;-3134,201;-328,753;0,000;0,000;0,000;0,000;RRR 1.5in;24,5;1015;46;'26.07.2023 16:06:18.580;;
1260;70,017;-3134,168;-328,750;0,000;0,000;0,000;0,000;RRR 1.5in;24,5;1015;46;'26.07.2023 16:06:18.590;;
1261;69,512;-3134,142;-328,760;0,000;0,000;0,000;0,000;RRR 1.5in;24,5;1015;46;'26.07.2023 16:06:18.600;;
1262;69,012;-3134,107;-328,763;0,000;0,000;0,000;0,000;RRR 1.5in;24,5;1015;46;'26.07.2023 16:06:18.610;;
1263;68,510;-3134,058;-328,757;0,000;0,000;0,000;0,000;RRR 1.5in;24,5;1015;46;'26.07.2023 16:06:18.620;;
1264;68,007;-3134,012;-328,748;0,000;0,000;0,000;0,000;RRR 1.5in;24,5;1015;46;'26.07.2023 16:06:18.630;;
1265;67,514;-3133,989;-328,746;0,000;0,000;0,000;0,000;RRR 1.5in;24,5;1015;46;'26.07.2023 16:06:18.640;;
1266;67,012;-3133,977;-328,747;0,000;0,000;0,000;0,000;RRR 1.5in;24,5;1015;46;'26.07.2023 16:06:18.650;;
1267;66,508;-3133,956;-328,735;0,000;0,000;0,000;0,000;RRR 1.5in;24,5;1015;46;'26.07.2023 16:06:18.660;;
1268;66,013;-3133,935;-328,724;0,000;0,000;0,000;0,000;RRR 1.5in;24,5;1015;46;'26.07.2023 16:06:18.670;;
1269;65,519;-3133,923;-328,725;0,000;0,000;0,000;0,000;RRR 1.5in;24,5;1015;46;'26.07.2023 16:06:18.680;;
1270;65,032;-3133,903;-328,723;0,000;0,000;0,000;0,000;RRR 1.5in;24,5;1015;46;'26.07.2023 16:06:18.690;;
1271;64,547;-3133,873;-328,717;0,000;0,000;0,000;0,000;RRR 1.5in;24,5;1015;46;'26.07.2023 16:06:18.700;;
1272;64,046;-3133,836;-328,720;0,000;0,000;0,000;0,000;RRR 1.5in;24,5;1015;46;'26.07.2023 16:06:18.710;;
1273;63,537;-3133,801;-328,731;0,000;0,000;0,000;0,000;RRR 1.5in;24,5;1015;46;'26.07.2023 16:06:18.720;;
1274;63,033;-3133,759;-328,734;0,000;0,000;0,000;0,000;RRR 1.5in;24,5;1015;46;'26.07.2023 16:06:18.730;;
1275;62,538;-3133,714;-328,729;0,000;0,000;0,000;0,000;RRR 1.5in;24,5;1015;46;'26.07.2023 16:06:18.740;;
1276;62,045;-3133,684;-328,727;0,000;0,000;0,000;0,000;RRR 1.5in;24,5;1015;46;'26.07.2023 16:06:18.750;;
1277;61,553;-3133,677;-328,730;0,000;0,000;0,000;0,000;RRR 1.5in;24,5;1015;46;'26.07.2023 16:06:18.760;;
1278;61,053;-3133,668;-328,725;0,000;0,000;0,000;0,000;RRR 1.5in;24,5;1015;46;'26.07.2023 16:06:18.770;;
1279;60,552;-3133,658;-328,715;0,000;0,000;0,000;0,000;RRR 1.5in;24,5;1015;46;'26.07.2023 16:06:18.780;;
1280;60,055;-3133,642;-328,708;0,000;0,000;0,000;0,000;RRR 1.5in;24,5;1015;46;'26.07.2023 16:06:18.790;;
1281;59,554;-3133,613;-328,706;0,000;0,000;0,000;0,000;RRR 1.5in;24,5;1015;46;'26.07.2023 16:06:18.800;;
1282;59,051;-3133,566;-328,699;0,000;0,000;0,000;0,000;RRR 1.5in;24,5;1015;46;'26.07.2023 16:06:18.810;;
1283;58,553;-3133,512;-328,693;0,000;0,000;0,000;0,000;RRR 1.5in;24,5;1015;46;'26.07.2023 16:06:18.820;;
1284;58,042;-3133,473;-328,704;0,000;0,000;0,000;0,000;RRR 1.5in;24,5;1015;46;'26.07.2023 16:06:18.830;;
1285;57,535;-3133,442;-328,718;0,000;0,000;0,000;0,000;RRR 1.5in;24,5;1015;46;'26.07.2023 16:06:18.840;;
1286;57,044;-3133,407;-328,720;0,000;0,000;0,000;0,000;RRR 1.5in;24,5;1015;46;'26.07.2023 16:06:18.850;;
1287;56,549;-3133,378;-328,722;0,000;0,000;0,000;0,000;RRR 1.5in;24,5;1015;46;'26.07.2023 16:06:18.860;;
1288;56,060;-3133,363;-328,726;0,000;0,000;0,000;0,000;RRR 1.5in;24,5;1015;46;'26.07.2023 16:06:18.870;;
1289;55,564;-3133,355;-328,733;0,000;0,000;0,000;0,000;RRR 1.5in;24,5;1015;46;'26.07.2023 16:06:18.880;;
1290;55,050;-3133,332;-328,733;0,000;0,000;0,000;0,000;RRR 1.5in;24,5;1015;46;'26.07.2023 16:06:18.890;;
1291;54,549;-3133,290;-328,721;0,000;0,000;0,000;0,000;RRR 1.5in;24,5;1015;46;'26.07.2023 16:06:18.900;;
1292;54,048;-3133,255;-328,715;0,000;0,000;0,000;0,000;RRR 1.5in;24,5;1015;46;'26.07.2023 16:06:18.910;;
1293;53,546;-3133,225;-328,718;0,000;0,000;0,000;0,000;RRR 1.5in;24,5;1015;46;'26.07.2023 16:06:18.920;;
1294;53,051;-3133,192;-328,713;0,000;0,000;0,000;0,000;RRR 1.5in;24,5;1015;46;'26.07.2023 16:06:18.930;;
1295;52,544;-3133,160;-328,715;0,000;0,000;0,000;0,000;RRR 1.5in;24,5;1015;46;'26.07.2023 16:06:18.940;;
1296;52,035;-3133,133;-328,724;0,000;0,000;0,000;0,000;RRR 1.5in;24,5;1015;46;'26.07.2023 16:06:18.950;;
1297;51,549;-3133,110;-328,731;0,000;0,000;0,000;0,000;RRR 1.5in;24,5;1015;46;'26.07.2023 16:06:18.960;;
1298;51,057;-3133,087;-328,736;0,000;0,000;0,000;0,000;RRR 1.5in;24,5;1015;46;'26.07.2023 16:06:18.970;;
1299;50,571;-3133,061;-328,736;0,000;0,000;0,000;0,000;RRR 1.5in;24,5;1015;46;'26.07.2023 16:06:18.980;;
1300;50,076;-3133,038;-328,736;0,000;0,000;0,000;0,000;RRR 1.5in;24,5;1015;46;'26.07.2023 16:06:18.990;;
1301;49,567;-3133,010;-328,733;0,000;0,000;0,000;0,000;RRR 1.5in;24,5;1015;46;'26.07.2023 16:06:19.000;;
1302;49,060;-3132,971;-328,727;0,000;0,000;0,000;0,000;RRR 1.5in;24,5;1015;46;'26.07.2023 16:06:19.010;;
1303;48,557;-3132,921;-328,716;0,000;0,000;0,000;0,000;RRR 1.5in;24,5;1015;46;'26.07.2023 16:06:19.020;;
1304;48,054;-3132,877;-328,711;0,000;0,000;0,000;0,000;RRR 1.5in;24,5;1015;46;'26.07.2023 16:06:19.030;;
1305;47,553;-3132,851;-328,710;0,000;0,000;0,000;0,000;RRR 1.5in;24,5;1015;46;'26.07.2023 16:06:19.040;;
1306;47,055;-3132,842;-328,718;0,000;0,000;0,000;0,000;RRR 1.5in;24,5;1015;46;'26.07.2023 16:06:19.050;;
1307;46,551;-3132,825;-328,729;0,000;0,000;0,000;0,000;RRR 1.5in;24,5;1015;46;'26.07.2023 16:06:19.060;;
1308;46,048;-3132,802;-328,742;0,000;0,000;0,000;0,000;RRR 1.5in;24,5;1015;46;'26.07.2023 16:06:19.070;;
1309;45,551;-3132,768;-328,745;0,000;0,000;0,000;0,000;RRR 1.5in;24,5;1015;46;'26.07.2023 16:06:19.080;;
1310;45,061;-3132,737;-328,752;0,000;0,000;0,000;0,000;RRR 1.5in;24,5;1015;46;'26.07.2023 16:06:19.090;;
1311;44,564;-3132,707;-328,756;0,000;0,000;0,000;0,000;RRR 1.5in;24,5;1015;46;'26.07.2023 16:06:19.100;;
1312;44,072;-3132,675;-328,751;0,000;0,000;0,000;0,000;RRR 1.5in;24,5;1015;46;'26.07.2023 16:06:19.110;;
1313;43,569;-3132,639;-328,743;0,000;0,000;0,000;0,000;RRR 1.5in;24,5;1015;46;'26.07.2023 16:06:19.120;;
1314;43,068;-3132,611;-328,739;0,000;0,000;0,000;0,000;RRR 1.5in;24,5;1015;46;'26.07.2023 16:06:19.130;;
1315;42,578;-3132,579;-328,732;0,000;0,000;0,000;0,000;RRR 1.5in;24,5;1015;46;'26.07.2023 16:06:19.140;;
1316;42,078;-3132,549;-328,728;0,000;0,000;0,000;0,000;RRR 1.5in;24,5;1015;46;'26.07.2023 16:06:19.150;;
1317;41,573;-3132,524;-328,725;0,000;0,000;0,000;0,000;RRR 1.5in;24,5;1015;46;'26.07.2023 16:06:19.160;;
1318;41,081;-3132,514;-328,732;0,000;0,000;0,000;0,000;RRR 1.5in;24,5;1015;46;'26.07.2023 16:06:19.170;;
1319;40,579;-3132,504;-328,747;0,000;0,000;0,000;0,000;RRR 1.5in;24,5;1015;46;'26.07.2023 16:06:19.180;;
1320;40,080;-3132,478;-328,755;0,000;0,000;0,000;0,000;RRR 1.5in;24,5;1015;46;'26.07.2023 16:06:19.190;;
1321;39,586;-3132,430;-328,755;0,000;0,000;0,000;0,000;RRR 1.5in;24,5;1015;46;'26.07.2023 16:06:19.200;;
1322;39,080;-3132,387;-328,762;0,000;0,000;0,000;0,000;RRR 1.5in;24,5;1015;46;'26.07.2023 16:06:19.210;;
1323;38,576;-3132,353;-328,765;0,000;0,000;0,000;0,000;RRR 1.5in;24,5;1015;46;'26.07.2023 16:06:19.220;;
1324;38,072;-3132,325;-328,767;0,000;0,000;0,000;0,000;RRR 1.5in;24,5;1015;46;'26.07.2023 16:06:19.230;;
1325;37,557;-3132,288;-328,760;0,000;0,000;0,000;0,000;RRR 1.5in;24,5;1015;46;'26.07.2023 16:06:19.240;;
1326;37,066;-3132,252;-328,748;0,000;0,000;0,000;0,000;RRR 1.5in;24,5;1015;46;'26.07.2023 16:06:19.250;;
1327;36,574;-3132,234;-328,746;0,000;0,000;0,000;0,000;RRR 1.5in;24,5;1015;46;'26.07.2023 16:06:19.260;;
1328;36,074;-3132,223;-328,751;0,000;0,000;0,000;0,000;RRR 1.5in;24,5;1015;46;'26.07.2023 16:06:19.270;;
1329;35,590;-3132,200;-328,743;0,000;0,000;0,000;0,000;RRR 1.5in;24,5;1015;46;'26.07.2023 16:06:19.280;;
1330;35,092;-3132,181;-328,743;0,000;0,000;0,000;0,000;RRR 1.5in;24,5;1015;46;'26.07.2023 16:06:19.290;;
1331;34,588;-3132,163;-328,751;0,000;0,000;0,000;0,000;RRR 1.5in;24,5;1015;46;'26.07.2023 16:06:19.300;;
1332;34,086;-3132,126;-328,757;0,000;0,000;0,000;0,000;RRR 1.5in;24,5;1015;46;'26.07.2023 16:06:19.310;;
1333;33,579;-3132,070;-328,754;0,000;0,000;0,000;0,000;RRR 1.5in;24,5;1015;46;'26.07.2023 16:06:19.320;;
1334;33,073;-3132,024;-328,752;0,000;0,000;0,000;0,000;RRR 1.5in;24,5;1015;46;'26.07.2023 16:06:19.330;;
1335;32,572;-3132,005;-328,755;0,000;0,000;0,000;0,000;RRR 1.5in;24,5;1015;46;'26.07.2023 16:06:19.340;;
1336;32,066;-3131,992;-328,762;0,000;0,000;0,000;0,000;RRR 1.5in;24,5;1015;46;'26.07.2023 16:06:19.350;;
1337;31,563;-3131,961;-328,761;0,000;0,000;0,000;0,000;RRR 1.5in;24,5;1015;46;'26.07.2023 16:06:19.360;;
1338;31,076;-3131,929;-328,754;0,000;0,000;0,000;0,000;RRR 1.5in;24,5;1015;46;'26.07.2023 16:06:19.370;;
1339;30,591;-3131,914;-328,754;0,000;0,000;0,000;0,000;RRR 1.5in;24,5;1015;46;'26.07.2023 16:06:19.380;;
1340;30,103;-3131,913;-328,762;0,000;0,000;0,000;0,000;RRR 1.5in;24,5;1015;46;'26.07.2023 16:06:19.390;;
1341;29,606;-3131,894;-328,759;0,000;0,000;0,000;0,000;RRR 1.5in;24,5;1015;46;'26.07.2023 16:06:19.400;;
1342;29,108;-3131,855;-328,746;0,000;0,000;0,000;0,000;RRR 1.5in;24,5;1015;46;'26.07.2023 16:06:19.410;;
1343;28,597;-3131,819;-328,748;0,000;0,000;0,000;0,000;RRR 1.5in;24,5;1015;46;'26.07.2023 16:06:19.420;;
1344;28,097;-3131,782;-328,753;0,000;0,000;0,000;0,000;RRR 1.5in;24,5;1015;46;'26.07.2023 16:06:19.430;;
1345;27,594;-3131,729;-328,747;0,000;0,000;0,000;0,000;RRR 1.5in;24,5;1015;46;'26.07.2023 16:06:19.440;;
1346;27,092;-3131,685;-328,743;0,000;0,000;0,000;0,000;RRR 1.5in;24,5;1015;46;'26.07.2023 16:06:19.450;;
1347;26,593;-3131,670;-328,745;0,000;0,000;0,000;0,000;RRR 1.5in;24,5;1015;46;'26.07.2023 16:06:19.460;;
1348;26,094;-3131,667;-328,756;0,000;0,000;0,000;0,000;RRR 1.5in;24,5;1015;46;'26.07.2023 16:06:19.470;;
1349;25,586;-3131,652;-328,764;0,000;0,000;0,000;0,000;RRR 1.5in;24,5;1015;46;'26.07.2023 16:06:19.480;;
1350;25,094;-3131,614;-328,754;0,000;0,000;0,000;0,000;RRR 1.5in;24,5;1015;46;'26.07.2023 16:06:19.490;;
1351;24,598;-3131,584;-328,751;0,000;0,000;0,000;0,000;RRR 1.5in;24,5;1015;46;'26.07.2023 16:06:19.500;;
1352;24,087;-3131,566;-328,757;0,000;0,000;0,000;0,000;RRR 1.5in;24,5;1015;46;'26.07.2023 16:06:19.510;;
1353;23,591;-3131,542;-328,752;0,000;0,000;0,000;0,000;RRR 1.5in;24,5;1015;46;'26.07.2023 16:06:19.520;;
1354;23,084;-3131,507;-328,748;0,000;0,000;0,000;0,000;RRR 1.5in;24,5;1015;46;'26.07.2023 16:06:19.530;;
1355;22,573;-3131,477;-328,754;0,000;0,000;0,000;0,000;RRR 1.5in;24,5;1015;46;'26.07.2023 16:06:19.540;;
1356;22,083;-3131,436;-328,756;0,000;0,000;0,000;0,000;RRR 1.5in;24,5;1015;46;'26.07.2023 16:06:19.550;;
1357;21,594;-3131,388;-328,755;0,000;0,000;0,000;0,000;RRR 1.5in;24,5;1015;46;'26.07.2023 16:06:19.560;;
1358;21,100;-3131,345;-328,752;0,000;0,000;0,000;0,000;RRR 1.5in;24,5;1015;46;'26.07.2023 16:06:19.570;;
1359;20,613;-3131,333;-328,756;0,000;0,000;0,000;0,000;RRR 1.5in;24,5;1015;46;'26.07.2023 16:06:19.580;;
1360;20,108;-3131,339;-328,772;0,000;0,000;0,000;0,000;RRR 1.5in;24,5;1015;46;'26.07.2023 16:06:19.590;;
1361;19,599;-3131,322;-328,775;0,000;0,000;0,000;0,000;RRR 1.5in;24,5;1015;46;'26.07.2023 16:06:19.600;;
1362;19,109;-3131,276;-328,760;0,000;0,000;0,000;0,000;RRR 1.5in;24,5;1015;46;'26.07.2023 16:06:19.610;;
1363;18,604;-3131,234;-328,753;0,000;0,000;0,000;0,000;RRR 1.5in;24,5;1015;46;'26.07.2023 16:06:19.620;;
1364;18,099;-3131,208;-328,756;0,000;0,000;0,000;0,000;RRR 1.5in;24,5;1015;46;'26.07.2023 16:06:19.630;;
1365;17,589;-3131,184;-328,756;0,000;0,000;0,000;0,000;RRR 1.5in;24,5;1015;46;'26.07.2023 16:06:19.640;;
1366;17,076;-3131,143;-328,747;0,000;0,000;0,000;0,000;RRR 1.5in;24,5;1015;46;'26.07.2023 16:06:19.650;;
1367;16,568;-3131,108;-328,741;0,000;0,000;0,000;0,000;RRR 1.5in;24,5;1015;46;'26.07.2023 16:06:19.660;;
1368;16,072;-3131,091;-328,751;0,000;0,000;0,000;0,000;RRR 1.5in;24,5;1015;46;'26.07.2023 16:06:19.670;;
1369;15,572;-3131,065;-328,758;0,000;0,000;0,000;0,000;RRR 1.5in;24,5;1015;46;'26.07.2023 16:06:19.680;;
1370;15,078;-3131,030;-328,758;0,000;0,000;0,000;0,000;RRR 1.5in;24,5;1015;46;'26.07.2023 16:06:19.690;;
1371;14,579;-3131,008;-328,761;0,000;0,000;0,000;0,000;RRR 1.5in;24,5;1015;46;'26.07.2023 16:06:19.700;;
1372;14,073;-3130,998;-328,775;0,000;0,000;0,000;0,000;RRR 1.5in;24,5;1015;46;'26.07.2023 16:06:19.710;;
1373;13,569;-3130,979;-328,784;0,000;0,000;0,000;0,000;RRR 1.5in;24,5;1015;46;'26.07.2023 16:06:19.720;;
1374;13,077;-3130,931;-328,776;0,000;0,000;0,000;0,000;RRR 1.5in;24,5;1015;46;'26.07.2023 16:06:19.730;;
1375;12,580;-3130,882;-328,765;0,000;0,000;0,000;0,000;RRR 1.5in;24,5;1015;46;'26.07.2023 16:06:19.740;;
1376;12,072;-3130,856;-328,769;0,000;0,000;0,000;0,000;RRR 1.5in;24,5;1015;46;'26.07.2023 16:06:19.750;;
1377;11,566;-3130,839;-328,771;0,000;0,000;0,000;0,000;RRR 1.5in;24,5;1015;46;'26.07.2023 16:06:19.760;;
1378;11,066;-3130,807;-328,762;0,000;0,000;0,000;0,000;RRR 1.5in;24,5;1015;46;'26.07.2023 16:06:19.770;;
1379;10,571;-3130,776;-328,759;0,000;0,000;0,000;0,000;RRR 1.5in;24,5;1015;46;'26.07.2023 16:06:19.780;;
1380;10,080;-3130,750;-328,762;0,000;0,000;0,000;0,000;RRR 1.5in;24,5;1015;46;'26.07.2023 16:06:19.790;;
1381;9,589;-3130,723;-328,767;0,000;0,000;0,000;0,000;RRR 1.5in;24,5;1015;46;'26.07.2023 16:06:19.800;;
1382;9,086;-3130,695;-328,770;0,000;0,000;0,000;0,000;RRR 1.5in;24,5;1015;46;'26.07.2023 16:06:19.810;;
1383;8,585;-3130,671;-328,768;0,000;0,000;0,000;0,000;RRR 1.5in;24,5;1015;46;'26.07.2023 16:06:19.820;;
1384;8,088;-3130,654;-328,771;0,000;0,000;0,000;0,000;RRR 1.5in;24,5;1015;46;'26.07.2023 16:06:19.830;;
1385;7,576;-3130,635;-328,783;0,000;0,000;0,000;0,000;RRR 1.5in;24,5;1015;46;'26.07.2023 16:06:19.840;;
1386;7,076;-3130,583;-328,777;0,000;0,000;0,000;0,000;RRR 1.5in;24,5;1015;46;'26.07.2023 16:06:19.850;;
1387;6,573;-3130,524;-328,766;0,000;0,000;0,000;0,000;RRR 1.5in;24,5;1015;46;'26.07.2023 16:06:19.860;;
1388;6,054;-3130,494;-328,775;0,000;0,000;0,000;0,000;RRR 1.5in;24,5;1015;46;'26.07.2023 16:06:19.870;;
1389;5,547;-3130,479;-328,786;0,000;0,000;0,000;0,000;RRR 1.5in;24,5;1015;46;'26.07.2023 16:06:19.880;;
1390;5,055;-3130,455;-328,784;0,000;0,000;0,000;0,000;RRR 1.5in;24,5;1015;46;'26.07.2023 16:06:19.890;;
1391;4,554;-3130,432;-328,785;0,000;0,000;0,000;0,000;RRR 1.5in;24,5;1015;46;'26.07.2023 16:06:19.900;;
1392;4,062;-3130,411;-328,787;0,000;0,000;0,000;0,000;RRR 1.5in;24,5;1015;46;'26.07.2023 16:06:19.910;;
1393;3,578;-3130,386;-328,790;0,000;0,000;0,000;0,000;RRR 1.5in;24,5;1015;46;'26.07.2023 16:06:19.920;;
1394;3,076;-3130,353;-328,788;0,000;0,000;0,000;0,000;RRR 1.5in;24,5;1015;46;'26.07.2023 16:06:19.930;;
1395;2,582;-3130,323;-328,782;0,000;0,000;0,000;0,000;RRR 1.5in;24,5;1015;46;'26.07.2023 16:06:19.940;;
1396;2,082;-3130,304;-328,778;0,000;0,000;0,000;0,000;RRR 1.5in;24,5;1015;46;'26.07.2023 16:06:19.950;;
1397;1,572;-3130,288;-328,785;0,000;0,000;0,000;0,000;RRR 1.5in;24,5;1015;46;'26.07.2023 16:06:19.960;;
1398;1,071;-3130,256;-328,783;0,000;0,000;0,000;0,000;RRR 1.5in;24,5;1015;46;'26.07.2023 16:06:19.970;;
1399;0,575;-3130,207;-328,774;0,000;0,000;0,000;0,000;RRR 1.5in;24,5;1015;46;'26.07.2023 16:06:19.980;;
1400;0,063;-3130,172;-328,778;0,000;0,000;0,000;0,000;RRR 1.5in;24,5;1015;46;'26.07.2023 16:06:19.990;;
1401;-0,438;-3130,155;-328,791;0,000;0,000;0,000;0,000;RRR 1.5in;24,5;1015;46;'26.07.2023 16:06:20.000;;
1402;-0,934;-3130,133;-328,794;0,000;0,000;0,000;0,000;RRR 1.5in;24,5;1015;46;'26.07.2023 16:06:20.010;;
1403;-1,437;-3130,112;-328,793;0,000;0,000;0,000;0,000;RRR 1.5in;24,5;1015;46;'26.07.2023 16:06:20.020;;
1404;-1,933;-3130,102;-328,803;0,000;0,000;0,000;0,000;RRR 1.5in;24,5;1015;46;'26.07.2023 16:06:20.030;;
1405;-2,428;-3130,080;-328,806;0,000;0,000;0,000;0,000;RRR 1.5in;24,5;1015;46;'26.07.2023 16:06:20.040;;
1406;-2,933;-3130,038;-328,799;0,000;0,000;0,000;0,000;RRR 1.5in;24,5;1015;46;'26.07.2023 16:06:20.050;;
1407;-3,438;-3129,994;-328,789;0,000;0,000;0,000;0,000;RRR 1.5in;24,5;1015;46;'26.07.2023 16:06:20.060;;
1408;-3,940;-3129,961;-328,780;0,000;0,000;0,000;0,000;RRR 1.5in;24,5;1015;46;'26.07.2023 16:06:20.070;;
1409;-4,448;-3129,944;-328,784;0,000;0,000;0,000;0,000;RRR 1.5in;24,5;1015;46;'26.07.2023 16:06:20.080;;
1410;-4,959;-3129,923;-328,788;0,000;0,000;0,000;0,000;RRR 1.5in;24,5;1015;46;'26.07.2023 16:06:20.090;;
1411;-5,455;-3129,877;-328,777;0,000;0,000;0,000;0,000;RRR 1.5in;24,5;1015;46;'26.07.2023 16:06:20.100;;
1412;-5,954;-3129,842;-328,774;0,000;0,000;0,000;0,000;RRR 1.5in;24,5;1015;46;'26.07.2023 16:06:20.110;;
1413;-6,454;-3129,835;-328,792;0,000;0,000;0,000;0,000;RRR 1.5in;24,5;1015;46;'26.07.2023 16:06:20.120;;
1414;-6,948;-3129,821;-328,801;0,000;0,000;0,000;0,000;RRR 1.5in;24,5;1015;46;'26.07.2023 16:06:20.130;;
1415;-7,436;-3129,789;-328,803;0,000;0,000;0,000;0,000;RRR 1.5in;24,5;1015;46;'26.07.2023 16:06:20.140;;
1416;-7,942;-3129,753;-328,806;0,000;0,000;0,000;0,000;RRR 1.5in;24,5;1015;46;'26.07.2023 16:06:20.150;;
1417;-8,440;-3129,716;-328,804;0,000;0,000;0,000;0,000;RRR 1.5in;24,5;1015;46;'26.07.2023 16:06:20.160;;
1418;-8,940;-3129,679;-328,800;0,000;0,000;0,000;0,000;RRR 1.5in;24,5;1015;46;'26.07.2023 16:06:20.170;;
1419;-9,445;-3129,646;-328,792;0,000;0,000;0,000;0,000;RRR 1.5in;24,5;1015;46;'26.07.2023 16:06:20.180;;
1420;-9,937;-3129,620;-328,780;0,000;0,000;0,000;0,000;RRR 1.5in;24,5;1015;46;'26.07.2023 16:06:20.190;;
1421;-10,430;-3129,608;-328,779;0,000;0,000;0,000;0,000;RRR 1.5in;24,5;1015;46;'26.07.2023 16:06:20.200;;
1422;-10,940;-3129,596;-328,786;0,000;0,000;0,000;0,000;RRR 1.5in;24,5;1015;46;'26.07.2023 16:06:20.210;;
1423;-11,438;-3129,564;-328,785;0,000;0,000;0,000;0,000;RRR 1.5in;24,5;1015;46;'26.07.2023 16:06:20.220;;
1424;-11,938;-3129,527;-328,784;0,000;0,000;0,000;0,000;RRR 1.5in;24,5;1015;46;'26.07.2023 16:06:20.230;;
1425;-12,449;-3129,515;-328,799;0,000;0,000;0,000;0,000;RRR 1.5in;24,5;1015;46;'26.07.2023 16:06:20.240;;
1426;-12,946;-3129,504;-328,816;0,000;0,000;0,000;0,000;RRR 1.5in;24,5;1015;46;'26.07.2023 16:06:20.250;;
1427;-13,444;-3129,469;-328,814;0,000;0,000;0,000;0,000;RRR 1.5in;24,5;1015;46;'26.07.2023 16:06:20.260;;
1428;-13,959;-3129,426;-328,814;0,000;0,000;0,000;0,000;RRR 1.5in;24,5;1015;46;'26.07.2023 16:06:20.270;;
1429;-14,459;-3129,390;-328,818;0,000;0,000;0,000;0,000;RRR 1.5in;24,5;1015;46;'26.07.2023 16:06:20.280;;
1430;-14,951;-3129,346;-328,813;0,000;0,000;0,000;0,000;RRR 1.5in;24,5;1015;46;'26.07.2023 16:06:20.290;;
1431;-15,456;-3129,305;-328,804;0,000;0,000;0,000;0,000;RRR 1.5in;24,5;1015;46;'26.07.2023 16:06:20.300;;
1432;-15,949;-3129,275;-328,794;0,000;0,000;0,000;0,000;RRR 1.5in;24,5;1015;46;'26.07.2023 16:06:20.310;;
1433;-16,442;-3129,257;-328,783;0,000;0,000;0,000;0,000;RRR 1.5in;24,5;1015;46;'26.07.2023 16:06:20.320;;
1434;-16,947;-3129,251;-328,788;0,000;0,000;0,000;0,000;RRR 1.5in;24,5;1015;46;'26.07.2023 16:06:20.330;;
1435;-17,442;-3129,233;-328,789;0,000;0,000;0,000;0,000;RRR 1.5in;24,5;1015;46;'26.07.2023 16:06:20.340;;
1436;-17,932;-3129,190;-328,781;0,000;0,000;0,000;0,000;RRR 1.5in;24,5;1015;46;'26.07.2023 16:06:20.350;;
1437;-18,441;-3129,159;-328,788;0,000;0,000;0,000;0,000;RRR 1.5in;24,5;1015;46;'26.07.2023 16:06:20.360;;
1438;-18,948;-3129,145;-328,809;0,000;0,000;0,000;0,000;RRR 1.5in;24,5;1015;46;'26.07.2023 16:06:20.370;;
1439;-19,458;-3129,115;-328,820;0,000;0,000;0,000;0,000;RRR 1.5in;24,5;1015;46;'26.07.2023 16:06:20.380;;
1440;-19,969;-3129,071;-328,823;0,000;0,000;0,000;0,000;RRR 1.5in;24,5;1015;46;'26.07.2023 16:06:20.390;;
1441;-20,476;-3129,041;-328,829;0,000;0,000;0,000;0,000;RRR 1.5in;24,5;1015;46;'26.07.2023 16:06:20.400;;
1442;-20,973;-3129,014;-328,830;0,000;0,000;0,000;0,000;RRR 1.5in;24,5;1015;46;'26.07.2023 16:06:20.410;;
1443;-21,475;-3128,979;-328,823;0,000;0,000;0,000;0,000;RRR 1.5in;24,5;1015;46;'26.07.2023 16:06:20.420;;
1444;-21,976;-3128,946;-328,814;0,000;0,000;0,000;0,000;RRR 1.5in;24,5;1015;46;'26.07.2023 16:06:20.430;;
1445;-22,467;-3128,923;-328,800;0,000;0,000;0,000;0,000;RRR 1.5in;24,5;1015;46;'26.07.2023 16:06:20.440;;
1446;-22,955;-3128,919;-328,796;0,000;0,000;0,000;0,000;RRR 1.5in;24,5;1015;46;'26.07.2023 16:06:20.450;;
1447;-23,449;-3128,921;-328,808;0,000;0,000;0,000;0,000;RRR 1.5in;24,5;1015;46;'26.07.2023 16:06:20.460;;
1448;-23,945;-3128,883;-328,806;0,000;0,000;0,000;0,000;RRR 1.5in;24,5;1015;46;'26.07.2023 16:06:20.470;;
1449;-24,433;-3128,820;-328,796;0,000;0,000;0,000;0,000;RRR 1.5in;24,5;1015;46;'26.07.2023 16:06:20.480;;
1450;-24,938;-3128,782;-328,810;0,000;0,000;0,000;0,000;RRR 1.5in;24,5;1015;46;'26.07.2023 16:06:20.490;;
1451;-25,440;-3128,759;-328,827;0,000;0,000;0,000;0,000;RRR 1.5in;24,5;1015;46;'26.07.2023 16:06:20.500;;
1452;-25,936;-3128,722;-328,827;0,000;0,000;0,000;0,000;RRR 1.5in;24,5;1015;46;'26.07.2023 16:06:20.510;;
1453;-26,446;-3128,687;-328,830;0,000;0,000;0,000;0,000;RRR 1.5in;24,5;1015;46;'26.07.2023 16:06:20.520;;
1454;-26,958;-3128,654;-328,831;0,000;0,000;0,000;0,000;RRR 1.5in;24,5;1015;46;'26.07.2023 16:06:20.530;;
1455;-27,457;-3128,620;-328,823;0,000;0,000;0,000;0,000;RRR 1.5in;24,5;1015;46;'26.07.2023 16:06:20.540;;
1456;-27,966;-3128,599;-328,823;0,000;0,000;0,000;0,000;RRR 1.5in;24,5;1015;46;'26.07.2023 16:06:20.550;;
1457;-28,468;-3128,585;-328,820;0,000;0,000;0,000;0,000;RRR 1.5in;24,5;1015;46;'26.07.2023 16:06:20.560;;
1458;-28,953;-3128,574;-328,809;0,000;0,000;0,000;0,000;RRR 1.5in;24,5;1015;46;'26.07.2023 16:06:20.570;;
1459;-29,454;-3128,572;-328,814;0,000;0,000;0,000;0,000;RRR 1.5in;24,5;1015;46;'26.07.2023 16:06:20.580;;
1460;-29,958;-3128,549;-328,821;0,000;0,000;0,000;0,000;RRR 1.5in;24,5;1015;46;'26.07.2023 16:06:20.590;;
1461;-30,451;-3128,488;-328,813;0,000;0,000;0,000;0,000;RRR 1.5in;24,5;1015;46;'26.07.2023 16:06:20.600;;
1462;-30,943;-3128,432;-328,814;0,000;0,000;0,000;0,000;RRR 1.5in;24,5;1015;46;'26.07.2023 16:06:20.610;;
1463;-31,435;-3128,405;-328,828;0,000;0,000;0,000;0,000;RRR 1.5in;24,5;1015;46;'26.07.2023 16:06:20.620;;
1464;-31,922;-3128,379;-328,837;0,000;0,000;0,000;0,000;RRR 1.5in;24,5;1015;46;'26.07.2023 16:06:20.630;;
1465;-32,419;-3128,334;-328,832;0,000;0,000;0,000;0,000;RRR 1.5in;24,5;1015;46;'26.07.2023 16:06:20.640;;
1466;-32,925;-3128,295;-328,830;0,000;0,000;0,000;0,000;RRR 1.5in;24,5;1015;46;'26.07.2023 16:06:20.650;;
1467;-33,423;-3128,270;-328,829;0,000;0,000;0,000;0,000;RRR 1.5in;24,5;1015;46;'26.07.2023 16:06:20.660;;
1468;-33,924;-3128,256;-328,828;0,000;0,000;0,000;0,000;RRR 1.5in;24,5;1015;46;'26.07.2023 16:06:20.670;;
1469;-34,432;-3128,250;-328,827;0,000;0,000;0,000;0,000;RRR 1.5in;24,5;1015;46;'26.07.2023 16:06:20.680;;
1470;-34,925;-3128,239;-328,817;0,000;0,000;0,000;0,000;RRR 1.5in;24,5;1015;46;'26.07.2023 16:06:20.690;;
1471;-35,425;-3128,226;-328,809;0,000;0,000;0,000;0,000;RRR 1.5in;24,5;1015;46;'26.07.2023 16:06:20.700;;
1472;-35,934;-3128,218;-328,821;0,000;0,000;0,000;0,000;RRR 1.5in;24,5;1015;46;'26.07.2023 16:06:20.710;;
1473;-36,442;-3128,176;-328,831;0,000;0,000;0,000;0,000;RRR 1.5in;24,5;1015;46;'26.07.2023 16:06:20.720;;
1474;-36,940;-3128,100;-328,822;0,000;0,000;0,000;0,000;RRR 1.5in;24,5;1015;46;'26.07.2023 16:06:20.730;;
1475;-37,440;-3128,048;-328,827;0,000;0,000;0,000;0,000;RRR 1.5in;24,5;1015;46;'26.07.2023 16:06:20.740;;
1476;-37,933;-3128,030;-328,845;0,000;0,000;0,000;0,000;RRR 1.5in;24,5;1015;46;'26.07.2023 16:06:20.750;;
1477;-38,427;-3128,008;-328,848;0,000;0,000;0,000;0,000;RRR 1.5in;24,5;1015;46;'26.07.2023 16:06:20.760;;
1478;-38,926;-3127,984;-328,844;0,000;0,000;0,000;0,000;RRR 1.5in;24,5;1015;46;'26.07.2023 16:06:20.770;;
1479;-39,430;-3127,968;-328,844;0,000;0,000;0,000;0,000;RRR 1.5in;24,5;1015;46;'26.07.2023 16:06:20.780;;
1480;-39,927;-3127,949;-328,840;0,000;0,000;0,000;0,000;RRR 1.5in;24,5;1015;46;'26.07.2023 16:06:20.790;;
1481;-40,422;-3127,927;-328,834;0,000;0,000;0,000;0,000;RRR 1.5in;24,5;1015;46;'26.07.2023 16:06:20.800;;
1482;-40,934;-3127,900;-328,831;0,000;0,000;0,000;0,000;RRR 1.5in;24,5;1015;46;'26.07.2023 16:06:20.810;;
1483;-41,435;-3127,860;-328,820;0,000;0,000;0,000;0,000;RRR 1.5in;24,5;1015;46;'26.07.2023 16:06:20.820;;
1484;-41,927;-3127,835;-328,819;0,000;0,000;0,000;0,000;RRR 1.5in;24,5;1015;46;'26.07.2023 16:06:20.830;;
1485;-42,426;-3127,822;-328,840;0,000;0,000;0,000;0,000;RRR 1.5in;24,5;1015;46;'26.07.2023 16:06:20.840;;
1486;-42,927;-3127,773;-328,846;0,000;0,000;0,000;0,000;RRR 1.5in;24,5;1015;46;'26.07.2023 16:06:20.850;;
1487;-43,424;-3127,697;-328,834;0,000;0,000;0,000;0,000;RRR 1.5in;24,5;1015;46;'26.07.2023 16:06:20.860;;
1488;-43,927;-3127,665;-328,841;0,000;0,000;0,000;0,000;RRR 1.5in;24,5;1015;46;'26.07.2023 16:06:20.870;;
1489;-44,422;-3127,668;-328,859;0,000;0,000;0,000;0,000;RRR 1.5in;24,5;1015;46;'26.07.2023 16:06:20.880;;
1490;-44,910;-3127,664;-328,863;0,000;0,000;0,000;0,000;RRR 1.5in;24,5;1015;46;'26.07.2023 16:06:20.890;;
1491;-45,408;-3127,640;-328,858;0,000;0,000;0,000;0,000;RRR 1.5in;24,5;1015;46;'26.07.2023 16:06:20.900;;
1492;-45,905;-3127,606;-328,850;0,000;0,000;0,000;0,000;RRR 1.5in;24,5;1015;46;'26.07.2023 16:06:20.910;;
1493;-46,388;-3127,573;-328,842;0,000;0,000;0,000;0,000;RRR 1.5in;24,5;1015;46;'26.07.2023 16:06:20.920;;
1494;-46,889;-3127,554;-328,843;0,000;0,000;0,000;0,000;RRR 1.5in;24,5;1015;46;'26.07.2023 16:06:20.930;;
1495;-47,396;-3127,523;-328,840;0,000;0,000;0,000;0,000;RRR 1.5in;24,5;1015;46;'26.07.2023 16:06:20.940;;
1496;-47,892;-3127,479;-328,831;0,000;0,000;0,000;0,000;RRR 1.5in;24,5;1015;46;'26.07.2023 16:06:20.950;;
1497;-48,399;-3127,448;-328,835;0,000;0,000;0,000;0,000;RRR 1.5in;24,5;1015;46;'26.07.2023 16:06:20.960;;
1498;-48,907;-3127,424;-328,853;0,000;0,000;0,000;0,000;RRR 1.5in;24,5;1015;46;'26.07.2023 16:06:20.970;;
1499;-49,408;-3127,372;-328,857;0,000;0,000;0,000;0,000;RRR 1.5in;24,5;1015;46;'26.07.2023 16:06:20.980;;
1500;-49,902;-3127,321;-328,854;0,000;0,000;0,000;0,000;RRR 1.5in;24,5;1015;46;'26.07.2023 16:06:20.990;;
1501;-50,400;-3127,305;-328,862;0,000;0,000;0,000;0,000;RRR 1.5in;24,5;1015;46;'26.07.2023 16:06:21.000;;
1502;-50,887;-3127,302;-328,871;0,000;0,000;0,000;0,000;RRR 1.5in;24,5;1015;46;'26.07.2023 16:06:21.010;;
1503;-51,383;-3127,282;-328,862;0,000;0,000;0,000;0,000;RRR 1.5in;24,5;1015;46;'26.07.2023 16:06:21.020;;
1504;-51,874;-3127,253;-328,847;0,000;0,000;0,000;0,000;RRR 1.5in;24,5;1015;46;'26.07.2023 16:06:21.030;;
1505;-52,356;-3127,226;-328,837;0,000;0,000;0,000;0,000;RRR 1.5in;24,5;1015;46;'26.07.2023 16:06:21.040;;
1506;-52,845;-3127,201;-328,834;0,000;0,000;0,000;0,000;RRR 1.5in;24,5;1015;46;'26.07.2023 16:06:21.050;;
1507;-53,340;-3127,167;-328,835;0,000;0,000;0,000;0,000;RRR 1.5in;24,5;1015;46;'26.07.2023 16:06:21.060;;
1508;-53,849;-3127,115;-328,833;0,000;0,000;0,000;0,000;RRR 1.5in;24,5;1015;46;'26.07.2023 16:06:21.070;;
1509;-54,355;-3127,074;-328,836;0,000;0,000;0,000;0,000;RRR 1.5in;24,5;1015;46;'26.07.2023 16:06:21.080;;
1510;-54,856;-3127,059;-328,851;0,000;0,000;0,000;0,000;RRR 1.5in;24,5;1015;46;'26.07.2023 16:06:21.090;;
1511;-55,359;-3127,045;-328,875;0,000;0,000;0,000;0,000;RRR 1.5in;24,5;1015;46;'26.07.2023 16:06:21.100;;
1512;-55,872;-3127,000;-328,881;0,000;0,000;0,000;0,000;RRR 1.5in;24,5;1015;46;'26.07.2023 16:06:21.110;;
1513;-56,371;-3126,952;-328,872;0,000;0,000;0,000;0,000;RRR 1.5in;24,5;1015;46;'26.07.2023 16:06:21.120;;
1514;-56,871;-3126,937;-328,878;0,000;0,000;0,000;0,000;RRR 1.5in;24,5;1015;46;'26.07.2023 16:06:21.130;;
1515;-57,364;-3126,940;-328,881;0,000;0,000;0,000;0,000;RRR 1.5in;24,5;1015;46;'26.07.2023 16:06:21.140;;
1516;-57,853;-3126,923;-328,868;0,000;0,000;0,000;0,000;RRR 1.5in;24,5;1015;46;'26.07.2023 16:06:21.150;;
1517;-58,345;-3126,884;-328,848;0,000;0,000;0,000;0,000;RRR 1.5in;24,5;1015;46;'26.07.2023 16:06:21.160;;
1518;-58,838;-3126,844;-328,836;0,000;0,000;0,000;0,000;RRR 1.5in;24,5;1015;46;'26.07.2023 16:06:21.170;;
1519;-59,328;-3126,809;-328,832;0,000;0,000;0,000;0,000;RRR 1.5in;24,5;1015;46;'26.07.2023 16:06:21.180;;
1520;-59,822;-3126,764;-328,833;0,000;0,000;0,000;0,000;RRR 1.5in;24,5;1015;46;'26.07.2023 16:06:21.190;;
1521;-60,331;-3126,711;-328,833;0,000;0,000;0,000;0,000;RRR 1.5in;24,5;1015;46;'26.07.2023 16:06:21.200;;
1522;-60,825;-3126,671;-328,833;0,000;0,000;0,000;0,000;RRR 1.5in;24,5;1015;46;'26.07.2023 16:06:21.210;;
1523;-61,324;-3126,659;-328,845;0,000;0,000;0,000;0,000;RRR 1.5in;24,5;1015;46;'26.07.2023 16:06:21.220;;
1524;-61,833;-3126,657;-328,867;0,000;0,000;0,000;0,000;RRR 1.5in;24,5;1015;46;'26.07.2023 16:06:21.230;;
1525;-62,338;-3126,629;-328,876;0,000;0,000;0,000;0,000;RRR 1.5in;24,5;1015;46;'26.07.2023 16:06:21.240;;
1526;-62,833;-3126,582;-328,867;0,000;0,000;0,000;0,000;RRR 1.5in;24,5;1015;46;'26.07.2023 16:06:21.250;;
1527;-63,335;-3126,560;-328,868;0,000;0,000;0,000;0,000;RRR 1.5in;24,5;1015;46;'26.07.2023 16:06:21.260;;
1528;-63,827;-3126,556;-328,870;0,000;0,000;0,000;0,000;RRR 1.5in;24,5;1015;46;'26.07.2023 16:06:21.270;;
1529;-64,322;-3126,539;-328,861;0,000;0,000;0,000;0,000;RRR 1.5in;24,5;1015;46;'26.07.2023 16:06:21.280;;
1530;-64,824;-3126,509;-328,845;0,000;0,000;0,000;0,000;RRR 1.5in;24,5;1015;46;'26.07.2023 16:06:21.290;;
1531;-65,315;-3126,479;-328,837;0,000;0,000;0,000;0,000;RRR 1.5in;24,5;1015;46;'26.07.2023 16:06:21.300;;
1532;-65,807;-3126,442;-328,835;0,000;0,000;0,000;0,000;RRR 1.5in;24,5;1015;46;'26.07.2023 16:06:21.310;;
1533;-66,311;-3126,393;-328,832;0,000;0,000;0,000;0,000;RRR 1.5in;24,5;1015;46;'26.07.2023 16:06:21.320;;
1534;-66,819;-3126,341;-328,832;0,000;0,000;0,000;0,000;RRR 1.5in;24,5;1015;46;'26.07.2023 16:06:21.330;;
1535;-67,314;-3126,301;-328,832;0,000;0,000;0,000;0,000;RRR 1.5in;24,5;1015;46;'26.07.2023 16:06:21.340;;
1536;-67,806;-3126,290;-328,841;0,000;0,000;0,000;0,000;RRR 1.5in;24,5;1015;46;'26.07.2023 16:06:21.350;;
1537;-68,296;-3126,297;-328,858;0,000;0,000;0,000;0,000;RRR 1.5in;24,5;1015;46;'26.07.2023 16:06:21.360;;
1538;-68,804;-3126,278;-328,868;0,000;0,000;0,000;0,000;RRR 1.5in;24,5;1015;46;'26.07.2023 16:06:21.370;;
1539;-69,307;-3126,229;-328,857;0,000;0,000;0,000;0,000;RRR 1.5in;24,5;1015;46;'26.07.2023 16:06:21.380;;
1540;-69,797;-3126,192;-328,845;0,000;0,000;0,000;0,000;RRR 1.5in;24,5;1015;46;'26.07.2023 16:06:21.390;;
1541;-70,294;-3126,180;-328,848;0,000;0,000;0,000;0,000;RRR 1.5in;24,5;1015;46;'26.07.2023 16:06:21.400;;
1542;-70,795;-3126,157;-328,843;0,000;0,000;0,000;0,000;RRR 1.5in;24,5;1015;46;'26.07.2023 16:06:21.410;;
1543;-71,301;-3126,104;-328,825;0,000;0,000;0,000;0,000;RRR 1.5in;24,5;1015;46;'26.07.2023 16:06:21.420;;
1544;-71,806;-3126,055;-328,819;0,000;0,000;0,000;0,000;RRR 1.5in;24,5;1015;46;'26.07.2023 16:06:21.430;;
1545;-72,305;-3126,022;-328,823;0,000;0,000;0,000;0,000;RRR 1.5in;24,5;1015;46;'26.07.2023 16:06:21.440;;
1546;-72,794;-3125,997;-328,825;0,000;0,000;0,000;0,000;RRR 1.5in;24,5;1015;46;'26.07.2023 16:06:21.450;;
1547;-73,293;-3125,976;-328,834;0,000;0,000;0,000;0,000;RRR 1.5in;24,5;1015;46;'26.07.2023 16:06:21.460;;
1548;-73,796;-3125,953;-328,839;0,000;0,000;0,000;0,000;RRR 1.5in;24,5;1015;46;'26.07.2023 16:06:21.470;;
1549;-74,287;-3125,936;-328,837;0,000;0,000;0,000;0,000;RRR 1.5in;24,5;1015;46;'26.07.2023 16:06:21.480;;
1550;-74,785;-3125,931;-328,848;0,000;0,000;0,000;0,000;RRR 1.5in;24,5;1015;46;'26.07.2023 16:06:21.490;;
1551;-75,294;-3125,911;-328,857;0,000;0,000;0,000;0,000;RRR 1.5in;24,5;1015;46;'26.07.2023 16:06:21.500;;
1552;-75,789;-3125,864;-328,846;0,000;0,000;0,000;0,000;RRR 1.5in;24,5;1015;46;'26.07.2023 16:06:21.510;;
1553;-76,277;-3125,814;-328,827;0,000;0,000;0,000;0,000;RRR 1.5in;24,5;1015;46;'26.07.2023 16:06:21.520;;
1554;-76,775;-3125,790;-328,826;0,000;0,000;0,000;0,000;RRR 1.5in;24,5;1015;46;'26.07.2023 16:06:21.530;;
1555;-77,272;-3125,762;-328,823;0,000;0,000;0,000;0,000;RRR 1.5in;24,5;1015;46;'26.07.2023 16:06:21.540;;
1556;-77,767;-3125,717;-328,813;0,000;0,000;0,000;0,000;RRR 1.5in;24,5;1015;46;'26.07.2023 16:06:21.550;;
1557;-78,261;-3125,682;-328,811;0,000;0,000;0,000;0,000;RRR 1.5in;24,5;1015;46;'26.07.2023 16:06:21.560;;
1558;-78,754;-3125,652;-328,815;0,000;0,000;0,000;0,000;RRR 1.5in;24,5;1015;46;'26.07.2023 16:06:21.570;;
1559;-79,247;-3125,621;-328,814;0,000;0,000;0,000;0,000;RRR 1.5in;24,5;1015;46;'26.07.2023 16:06:21.580;;
1560;-79,754;-3125,601;-328,820;0,000;0,000;0,000;0,000;RRR 1.5in;24,5;1015;46;'26.07.2023 16:06:21.590;;
1561;-80,256;-3125,596;-328,832;0,000;0,000;0,000;0,000;RRR 1.5in;24,5;1015;46;'26.07.2023 16:06:21.600;;
1562;-80,756;-3125,589;-328,837;0,000;0,000;0,000;0,000;RRR 1.5in;24,5;1015;46;'26.07.2023 16:06:21.610;;
1563;-81,260;-3125,574;-328,838;0,000;0,000;0,000;0,000;RRR 1.5in;24,5;1015;46;'26.07.2023 16:06:21.620;;
1564;-81,771;-3125,544;-328,836;0,000;0,000;0,000;0,000;RRR 1.5in;24,5;1015;46;'26.07.2023 16:06:21.630;;
1565;-82,279;-3125,501;-328,832;0,000;0,000;0,000;0,000;RRR 1.5in;24,5;1015;46;'26.07.2023 16:06:21.640;;
1566;-82,782;-3125,453;-328,821;0,000;0,000;0,000;0,000;RRR 1.5in;24,5;1015;46;'26.07.2023 16:06:21.650;;
1567;-83,276;-3125,405;-328,808;0,000;0,000;0,000;0,000;RRR 1.5in;24,5;1015;46;'26.07.2023 16:06:21.660;;
1568;-83,763;-3125,367;-328,800;0,000;0,000;0,000;0,000;RRR 1.5in;24,5;1015;46;'26.07.2023 16:06:21.670;;
1569;-84,258;-3125,346;-328,801;0,000;0,000;0,000;0,000;RRR 1.5in;24,5;1015;46;'26.07.2023 16:06:21.680;;
1570;-84,743;-3125,326;-328,807;0,000;0,000;0,000;0,000;RRR 1.5in;24,5;1015;46;'26.07.2023 16:06:21.690;;
1571;-85,225;-3125,289;-328,809;0,000;0,000;0,000;0,000;RRR 1.5in;24,5;1015;46;'26.07.2023 16:06:21.700;;
1572;-85,721;-3125,250;-328,811;0,000;0,000;0,000;0,000;RRR 1.5in;24,5;1015;46;'26.07.2023 16:06:21.710;;
1573;-86,219;-3125,226;-328,817;0,000;0,000;0,000;0,000;RRR 1.5in;24,5;1015;46;'26.07.2023 16:06:21.720;;
1574;-86,723;-3125,218;-328,834;0,000;0,000;0,000;0,000;RRR 1.5in;24,5;1015;46;'26.07.2023 16:06:21.730;;
1575;-87,228;-3125,200;-328,841;0,000;0,000;0,000;0,000;RRR 1.5in;24,5;1015;46;'26.07.2023 16:06:21.740;;
1576;-87,729;-3125,160;-328,822;0,000;0,000;0,000;0,000;RRR 1.5in;24,5;1015;46;'26.07.2023 16:06:21.750;;
1577;-88,234;-3125,138;-328,812;0,000;0,000;0,000;0,000;RRR 1.5in;24,5;1015;46;'26.07.2023 16:06:21.760;;
1578;-88,753;-3125,132;-328,821;0,000;0,000;0,000;0,000;RRR 1.5in;24,5;1015;46;'26.07.2023 16:06:21.770;;
1579;-89,261;-3125,105;-328,816;0,000;0,000;0,000;0,000;RRR 1.5in;24,5;1015;46;'26.07.2023 16:06:21.780;;
1580;-89,751;-3125,049;-328,792;0,000;0,000;0,000;0,000;RRR 1.5in;24,5;1015;46;'26.07.2023 16:06:21.790;;
1581;-90,252;-3125,007;-328,786;0,000;0,000;0,000;0,000;RRR 1.5in;24,5;1015;46;'26.07.2023 16:06:21.800;;
1582;-90,747;-3124,986;-328,795;0,000;0,000;0,000;0,000;RRR 1.5in;24,5;1015;46;'26.07.2023 16:06:21.810;;
1583;-91,227;-3124,963;-328,797;0,000;0,000;0,000;0,000;RRR 1.5in;24,5;1015;46;'26.07.2023 16:06:21.820;;
1584;-91,719;-3124,940;-328,804;0,000;0,000;0,000;0,000;RRR 1.5in;24,5;1015;46;'26.07.2023 16:06:21.830;;
1585;-92,223;-3124,914;-328,812;0,000;0,000;0,000;0,000;RRR 1.5in;24,5;1015;46;'26.07.2023 16:06:21.840;;
1586;-92,708;-3124,883;-328,815;0,000;0,000;0,000;0,000;RRR 1.5in;24,5;1015;46;'26.07.2023 16:06:21.850;;
1587;-93,202;-3124,864;-328,828;0,000;0,000;0,000;0,000;RRR 1.5in;24,5;1015;46;'26.07.2023 16:06:21.860;;
1588;-93,706;-3124,841;-328,838;0,000;0,000;0,000;0,000;RRR 1.5in;24,5;1015;46;'26.07.2023 16:06:21.870;;
1589;-94,205;-3124,792;-328,825;0,000;0,000;0,000;0,000;RRR 1.5in;24,5;1015;46;'26.07.2023 16:06:21.880;;
1590;-94,711;-3124,751;-328,813;0,000;0,000;0,000;0,000;RRR 1.5in;24,5;1015;46;'26.07.2023 16:06:21.890;;
1591;-95,225;-3124,736;-328,817;0,000;0,000;0,000;0,000;RRR 1.5in;24,5;1015;46;'26.07.2023 16:06:21.900;;
1592;-95,721;-3124,711;-328,815;0,000;0,000;0,000;0,000;RRR 1.5in;24,5;1015;46;'26.07.2023 16:06:21.910;;
1593;-96,228;-3124,660;-328,798;0,000;0,000;0,000;0,000;RRR 1.5in;24,5;1015;46;'26.07.2023 16:06:21.920;;
1594;-96,729;-3124,624;-328,787;0,000;0,000;0,000;0,000;RRR 1.5in;24,5;1015;46;'26.07.2023 16:06:21.930;;
1595;-97,220;-3124,611;-328,787;0,000;0,000;0,000;0,000;RRR 1.5in;24,5;1015;46;'26.07.2023 16:06:21.940;;
1596;-97,711;-3124,615;-328,799;0,000;0,000;0,000;0,000;RRR 1.5in;24,5;1015;46;'26.07.2023 16:06:21.950;;
1597;-98,212;-3124,605;-328,810;0,000;0,000;0,000;0,000;RRR 1.5in;24,5;1015;46;'26.07.2023 16:06:21.960;;
1598;-98,706;-3124,562;-328,812;0,000;0,000;0,000;0,000;RRR 1.5in;24,5;1015;46;'26.07.2023 16:06:21.970;;
1599;-99,195;-3124,510;-328,812;0,000;0,000;0,000;0,000;RRR 1.5in;24,5;1015;46;'26.07.2023 16:06:21.980;;
1600;-99,693;-3124,477;-328,821;0,000;0,000;0,000;0,000;RRR 1.5in;24,5;1015;46;'26.07.2023 16:06:21.990;;
1601;-100,191;-3124,449;-328,833;0,000;0,000;0,000;0,000;RRR 1.5in;24,5;1015;46;'26.07.2023 16:06:22.000;;
1602;-100,697;-3124,404;-328,831;0,000;0,000;0,000;0,000;RRR 1.5in;24,5;1015;46;'26.07.2023 16:06:22.010;;
1603;-101,204;-3124,365;-328,817;0,000;0,000;0,000;0,000;RRR 1.5in;24,5;1015;46;'26.07.2023 16:06:22.020;;
1604;-101,700;-3124,351;-328,811;0,000;0,000;0,000;0,000;RRR 1.5in;24,5;1015;46;'26.07.2023 16:06:22.030;;
1605;-102,199;-3124,339;-328,815;0,000;0,000;0,000;0,000;RRR 1.5in;24,5;1015;46;'26.07.2023 16:06:22.040;;
1606;-102,706;-3124,306;-328,810;0,000;0,000;0,000;0,000;RRR 1.5in;24,5;1015;46;'26.07.2023 16:06:22.050;;
1607;-103,206;-3124,253;-328,786;0,000;0,000;0,000;0,000;RRR 1.5in;24,5;1015;46;'26.07.2023 16:06:22.060;;
1608;-103,693;-3124,234;-328,781;0,000;0,000;0,000;0,000;RRR 1.5in;24,5;1015;46;'26.07.2023 16:06:22.070;;
1609;-104,183;-3124,251;-328,795;0,000;0,000;0,000;0,000;RRR 1.5in;24,5;1015;46;'26.07.2023 16:06:22.080;;
1610;-104,668;-3124,251;-328,801;0,000;0,000;0,000;0,000;RRR 1.5in;24,5;1015;46;'26.07.2023 16:06:22.090;;
1611;-105,159;-3124,209;-328,790;0,000;0,000;0,000;0,000;RRR 1.5in;24,5;1015;46;'26.07.2023 16:06:22.100;;
1612;-105,664;-3124,162;-328,789;0,000;0,000;0,000;0,000;RRR 1.5in;24,5;1015;46;'26.07.2023 16:06:22.110;;
1613;-106,174;-3124,129;-328,799;0,000;0,000;0,000;0,000;RRR 1.5in;24,5;1015;46;'26.07.2023 16:06:22.120;;
1614;-106,677;-3124,089;-328,796;0,000;0,000;0,000;0,000;RRR 1.5in;24,5;1015;46;'26.07.2023 16:06:22.130;;
1615;-107,192;-3124,048;-328,797;0,000;0,000;0,000;0,000;RRR 1.5in;24,5;1015;46;'26.07.2023 16:06:22.140;;
1616;-107,705;-3124,012;-328,793;0,000;0,000;0,000;0,000;RRR 1.5in;24,5;1015;46;'26.07.2023 16:06:22.150;;
1617;-108,199;-3123,982;-328,783;0,000;0,000;0,000;0,000;RRR 1.5in;24,5;1015;46;'26.07.2023 16:06:22.160;;
1618;-108,701;-3123,981;-328,788;0,000;0,000;0,000;0,000;RRR 1.5in;24,5;1015;46;'26.07.2023 16:06:22.170;;
1619;-109,208;-3123,975;-328,795;0,000;0,000;0,000;0,000;RRR 1.5in;24,5;1015;46;'26.07.2023 16:06:22.180;;
1620;-109,700;-3123,942;-328,790;0,000;0,000;0,000;0,000;RRR 1.5in;24,5;1015;46;'26.07.2023 16:06:22.190;;
1621;-110,187;-3123,906;-328,781;0,000;0,000;0,000;0,000;RRR 1.5in;24,5;1015;46;'26.07.2023 16:06:22.200;;
1622;-110,682;-3123,882;-328,783;0,000;0,000;0,000;0,000;RRR 1.5in;24,5;1015;46;'26.07.2023 16:06:22.210;;
1623;-111,163;-3123,844;-328,776;0,000;0,000;0,000;0,000;RRR 1.5in;24,5;1015;46;'26.07.2023 16:06:22.220;;
1624;-111,648;-3123,806;-328,774;0,000;0,000;0,000;0,000;RRR 1.5in;24,5;1015;46;'26.07.2023 16:06:22.230;;
1625;-112,152;-3123,779;-328,784;0,000;0,000;0,000;0,000;RRR 1.5in;24,5;1015;46;'26.07.2023 16:06:22.240;;
1626;-112,653;-3123,736;-328,786;0,000;0,000;0,000;0,000;RRR 1.5in;24,5;1015;46;'26.07.2023 16:06:22.250;;
1627;-113,157;-3123,684;-328,779;0,000;0,000;0,000;0,000;RRR 1.5in;24,5;1015;46;'26.07.2023 16:06:22.260;;
1628;-113,669;-3123,657;-328,784;0,000;0,000;0,000;0,000;RRR 1.5in;24,5;1015;46;'26.07.2023 16:06:22.270;;
1629;-114,180;-3123,646;-328,796;0,000;0,000;0,000;0,000;RRR 1.5in;24,5;1015;46;'26.07.2023 16:06:22.280;;
1630;-114,685;-3123,620;-328,791;0,000;0,000;0,000;0,000;RRR 1.5in;24,5;1015;46;'26.07.2023 16:06:22.290;;
1631;-115,195;-3123,590;-328,779;0,000;0,000;0,000;0,000;RRR 1.5in;24,5;1015;46;'26.07.2023 16:06:22.300;;
1632;-115,704;-3123,580;-328,776;0,000;0,000;0,000;0,000;RRR 1.5in;24,5;1015;46;'26.07.2023 16:06:22.310;;
1633;-116,197;-3123,575;-328,781;0,000;0,000;0,000;0,000;RRR 1.5in;24,5;1015;46;'26.07.2023 16:06:22.320;;
1634;-116,689;-3123,556;-328,778;0,000;0,000;0,000;0,000;RRR 1.5in;24,5;1015;46;'26.07.2023 16:06:22.330;;
1635;-117,172;-3123,510;-328,762;0,000;0,000;0,000;0,000;RRR 1.5in;24,5;1015;46;'26.07.2023 16:06:22.340;;
1636;-117,663;-3123,463;-328,750;0,000;0,000;0,000;0,000;RRR 1.5in;24,5;1015;46;'26.07.2023 16:06:22.350;;
1637;-118,163;-3123,444;-328,765;0,000;0,000;0,000;0,000;RRR 1.5in;24,5;1015;46;'26.07.2023 16:06:22.360;;
1638;-118,658;-3123,420;-328,776;0,000;0,000;0,000;0,000;RRR 1.5in;24,5;1015;46;'26.07.2023 16:06:22.370;;
1639;-119,148;-3123,367;-328,773;0,000;0,000;0,000;0,000;RRR 1.5in;24,5;1015;46;'26.07.2023 16:06:22.380;;
1640;-119,648;-3123,311;-328,769;0,000;0,000;0,000;0,000;RRR 1.5in;24,5;1015;46;'26.07.2023 16:06:22.390;;
1641;-120,157;-3123,277;-328,771;0,000;0,000;0,000;0,000;RRR 1.5in;24,5;1015;46;'26.07.2023 16:06:22.400;;
1642;-120,656;-3123,262;-328,776;0,000;0,000;0,000;0,000;RRR 1.5in;24,5;1015;46;'26.07.2023 16:06:22.410;;
1643;-121,165;-3123,252;-328,781;0,000;0,000;0,000;0,000;RRR 1.5in;24,5;1015;46;'26.07.2023 16:06:22.420;;
1644;-121,667;-3123,225;-328,774;0,000;0,000;0,000;0,000;RRR 1.5in;24,5;1015;46;'26.07.2023 16:06:22.430;;
1645;-122,154;-3123,191;-328,751;0,000;0,000;0,000;0,000;RRR 1.5in;24,5;1015;46;'26.07.2023 16:06:22.440;;
1646;-122,656;-3123,192;-328,754;0,000;0,000;0,000;0,000;RRR 1.5in;24,5;1015;46;'26.07.2023 16:06:22.450;;
1647;-123,164;-3123,194;-328,764;0,000;0,000;0,000;0,000;RRR 1.5in;24,5;1015;46;'26.07.2023 16:06:22.460;;
1648;-123,655;-3123,158;-328,754;0,000;0,000;0,000;0,000;RRR 1.5in;24,5;1015;46;'26.07.2023 16:06:22.470;;
1649;-124,147;-3123,115;-328,741;0,000;0,000;0,000;0,000;RRR 1.5in;24,5;1015;46;'26.07.2023 16:06:22.480;;
1650;-124,652;-3123,095;-328,745;0,000;0,000;0,000;0,000;RRR 1.5in;24,5;1015;46;'26.07.2023 16:06:22.490;;
1651;-125,151;-3123,071;-328,748;0,000;0,000;0,000;0,000;RRR 1.5in;24,5;1015;46;'26.07.2023 16:06:22.500;;
1652;-125,643;-3123,028;-328,742;0,000;0,000;0,000;0,000;RRR 1.5in;24,5;1015;46;'26.07.2023 16:06:22.510;;
1653;-126,156;-3122,997;-328,747;0,000;0,000;0,000;0,000;RRR 1.5in;24,5;1015;46;'26.07.2023 16:06:22.520;;
1654;-126,662;-3122,959;-328,749;0,000;0,000;0,000;0,000;RRR 1.5in;24,5;1015;46;'26.07.2023 16:06:22.530;;
1655;-127,152;-3122,911;-328,740;0,000;0,000;0,000;0,000;RRR 1.5in;24,5;1015;46;'26.07.2023 16:06:22.540;;
1656;-127,641;-3122,887;-328,739;0,000;0,000;0,000;0,000;RRR 1.5in;24,5;1015;46;'26.07.2023 16:06:22.550;;
1657;-128,140;-3122,880;-328,749;0,000;0,000;0,000;0,000;RRR 1.5in;24,5;1015;46;'26.07.2023 16:06:22.560;;
1658;-128,631;-3122,854;-328,746;0,000;0,000;0,000;0,000;RRR 1.5in;24,5;1015;46;'26.07.2023 16:06:22.570;;
1659;-129,124;-3122,825;-328,734;0,000;0,000;0,000;0,000;RRR 1.5in;24,5;1015;46;'26.07.2023 16:06:22.580;;
1660;-129,629;-3122,807;-328,729;0,000;0,000;0,000;0,000;RRR 1.5in;24,5;1015;46;'26.07.2023 16:06:22.590;;
1661;-130,131;-3122,790;-328,733;0,000;0,000;0,000;0,000;RRR 1.5in;24,5;1015;46;'26.07.2023 16:06:22.600;;
1662;-130,635;-3122,761;-328,736;0,000;0,000;0,000;0,000;RRR 1.5in;24,5;1015;46;'26.07.2023 16:06:22.610;;
1663;-131,140;-3122,716;-328,730;0,000;0,000;0,000;0,000;RRR 1.5in;24,5;1015;46;'26.07.2023 16:06:22.620;;
1664;-131,643;-3122,668;-328,722;0,000;0,000;0,000;0,000;RRR 1.5in;24,5;1015;46;'26.07.2023 16:06:22.630;;
1665;-132,148;-3122,643;-328,728;0,000;0,000;0,000;0,000;RRR 1.5in;24,5;1015;46;'26.07.2023 16:06:22.640;;
1666;-132,656;-3122,625;-328,739;0,000;0,000;0,000;0,000;RRR 1.5in;24,5;1015;46;'26.07.2023 16:06:22.650;;
1667;-133,157;-3122,592;-328,738;0,000;0,000;0,000;0,000;RRR 1.5in;24,5;1015;46;'26.07.2023 16:06:22.660;;
1668;-133,649;-3122,553;-328,732;0,000;0,000;0,000;0,000;RRR 1.5in;24,5;1015;46;'26.07.2023 16:06:22.670;;
1669;-134,144;-3122,526;-328,733;0,000;0,000;0,000;0,000;RRR 1.5in;24,5;1015;46;'26.07.2023 16:06:22.680;;
1670;-134,636;-3122,505;-328,728;0,000;0,000;0,000;0,000;RRR 1.5in;24,5;1015;46;'26.07.2023 16:06:22.690;;
1671;-135,138;-3122,490;-328,730;0,000;0,000;0,000;0,000;RRR 1.5in;24,5;1015;46;'26.07.2023 16:06:22.700;;
1672;-135,644;-3122,469;-328,729;0,000;0,000;0,000;0,000;RRR 1.5in;24,5;1015;46;'26.07.2023 16:06:22.710;;
1673;-136,133;-3122,436;-328,713;0,000;0,000;0,000;0,000;RRR 1.5in;24,5;1015;46;'26.07.2023 16:06:22.720;;
1674;-136,617;-3122,417;-328,712;0,000;0,000;0,000;0,000;RRR 1.5in;24,5;1015;46;'26.07.2023 16:06:22.730;;
1675;-137,118;-3122,409;-328,726;0,000;0,000;0,000;0,000;RRR 1.5in;24,5;1015;46;'26.07.2023 16:06:22.740;;
1676;-137,619;-3122,376;-328,736;0,000;0,000;0,000;0,000;RRR 1.5in;24,5;1015;46;'26.07.2023 16:06:22.750;;
1677;-138,117;-3122,316;-328,728;0,000;0,000;0,000;0,000;RRR 1.5in;24,5;1015;46;'26.07.2023 16:06:22.760;;
1678;-138,619;-3122,272;-328,728;0,000;0,000;0,000;0,000;RRR 1.5in;24,5;1015;46;'26.07.2023 16:06:22.770;;
1679;-139,123;-3122,241;-328,735;0,000;0,000;0,000;0,000;RRR 1.5in;24,5;1015;46;'26.07.2023 16:06:22.780;;
1680;-139,616;-3122,207;-328,733;0,000;0,000;0,000;0,000;RRR 1.5in;24,5;1015;46;'26.07.2023 16:06:22.790;;
1681;-140,120;-3122,181;-328,734;0,000;0,000;0,000;0,000;RRR 1.5in;24,5;1015;46;'26.07.2023 16:06:22.800;;
1682;-140,631;-3122,160;-328,739;0,000;0,000;0,000;0,000;RRR 1.5in;24,5;1015;46;'26.07.2023 16:06:22.810;;
1683;-141,130;-3122,131;-328,730;0,000;0,000;0,000;0,000;RRR 1.5in;24,5;1015;46;'26.07.2023 16:06:22.820;;
1684;-141,626;-3122,113;-328,722;0,000;0,000;0,000;0,000;RRR 1.5in;24,5;1015;46;'26.07.2023 16:06:22.830;;
1685;-142,133;-3122,112;-328,729;0,000;0,000;0,000;0,000;RRR 1.5in;24,5;1015;46;'26.07.2023 16:06:22.840;;
1686;-142,639;-3122,091;-328,730;0,000;0,000;0,000;0,000;RRR 1.5in;24,5;1015;46;'26.07.2023 16:06:22.850;;
1687;-143,138;-3122,049;-328,720;0,000;0,000;0,000;0,000;RRR 1.5in;24,5;1015;46;'26.07.2023 16:06:22.860;;
1688;-143,643;-3122,011;-328,715;0,000;0,000;0,000;0,000;RRR 1.5in;24,5;1015;46;'26.07.2023 16:06:22.870;;
1689;-144,143;-3121,980;-328,721;0,000;0,000;0,000;0,000;RRR 1.5in;24,5;1015;46;'26.07.2023 16:06:22.880;;
1690;-144,627;-3121,940;-328,733;0,000;0,000;0,000;0,000;RRR 1.5in;24,5;1015;46;'26.07.2023 16:06:22.890;;
1691;-145,121;-3121,885;-328,730;0,000;0,000;0,000;0,000;RRR 1.5in;24,5;1015;46;'26.07.2023 16:06:22.900;;
1692;-145,618;-3121,828;-328,719;0,000;0,000;0,000;0,000;RRR 1.5in;24,5;1015;46;'26.07.2023 16:06:22.910;;
1693;-146,113;-3121,800;-328,718;0,000;0,000;0,000;0,000;RRR 1.5in;24,5;1015;46;'26.07.2023 16:06:22.920;;
1694;-146,608;-3121,804;-328,730;0,000;0,000;0,000;0,000;RRR 1.5in;24,5;1015;46;'26.07.2023 16:06:22.930;;
1695;-147,107;-3121,803;-328,734;0,000;0,000;0,000;0,000;RRR 1.5in;24,5;1015;46;'26.07.2023 16:06:22.940;;
1696;-147,609;-3121,785;-328,729;0,000;0,000;0,000;0,000;RRR 1.5in;24,5;1015;46;'26.07.2023 16:06:22.950;;
1697;-148,111;-3121,756;-328,724;0,000;0,000;0,000;0,000;RRR 1.5in;24,5;1015;46;'26.07.2023 16:06:22.960;;
1698;-148,622;-3121,727;-328,721;0,000;0,000;0,000;0,000;RRR 1.5in;24,5;1015;46;'26.07.2023 16:06:22.970;;
1699;-149,128;-3121,705;-328,718;0,000;0,000;0,000;0,000;RRR 1.5in;24,5;1015;46;'26.07.2023 16:06:22.980;;
1700;-149,632;-3121,683;-328,724;0,000;0,000;0,000;0,000;RRR 1.5in;24,5;1015;46;'26.07.2023 16:06:22.990;;
1701;-150,137;-3121,655;-328,731;0,000;0,000;0,000;0,000;RRR 1.5in;24,5;1015;46;'26.07.2023 16:06:23.000;;
1702;-150,629;-3121,613;-328,721;0,000;0,000;0,000;0,000;RRR 1.5in;24,5;1015;46;'26.07.2023 16:06:23.010;;
1703;-151,117;-3121,585;-328,719;0,000;0,000;0,000;0,000;RRR 1.5in;24,5;1015;46;'26.07.2023 16:06:23.020;;
1704;-151,611;-3121,567;-328,734;0,000;0,000;0,000;0,000;RRR 1.5in;24,5;1015;46;'26.07.2023 16:06:23.030;;
1705;-152,112;-3121,534;-328,744;0,000;0,000;0,000;0,000;RRR 1.5in;24,5;1015;46;'26.07.2023 16:06:23.040;;
1706;-152,613;-3121,478;-328,731;0,000;0,000;0,000;0,000;RRR 1.5in;24,5;1015;46;'26.07.2023 16:06:23.050;;
1707;-153,110;-3121,434;-328,721;0,000;0,000;0,000;0,000;RRR 1.5in;24,5;1015;46;'26.07.2023 16:06:23.060;;
1708;-153,604;-3121,419;-328,725;0,000;0,000;0,000;0,000;RRR 1.5in;24,5;1015;46;'26.07.2023 16:06:23.070;;
1709;-154,090;-3121,414;-328,726;0,000;0,000;0,000;0,000;RRR 1.5in;24,5;1015;46;'26.07.2023 16:06:23.080;;
1710;-154,579;-3121,407;-328,725;0,000;0,000;0,000;0,000;RRR 1.5in;24,5;1015;46;'26.07.2023 16:06:23.090;;
1711;-155,091;-3121,385;-328,728;0,000;0,000;0,000;0,000;RRR 1.5in;24,5;1015;46;'26.07.2023 16:06:23.100;;
1712;-155,601;-3121,346;-328,726;0,000;0,000;0,000;0,000;RRR 1.5in;24,5;1015;46;'26.07.2023 16:06:23.110;;
1713;-156,106;-3121,300;-328,721;0,000;0,000;0,000;0,000;RRR 1.5in;24,5;1015;46;'26.07.2023 16:06:23.120;;
1714;-156,617;-3121,266;-328,730;0,000;0,000;0,000;0,000;RRR 1.5in;24,5;1015;46;'26.07.2023 16:06:23.130;;
1715;-157,126;-3121,230;-328,740;0,000;0,000;0,000;0,000;RRR 1.5in;24,5;1015;46;'26.07.2023 16:06:23.140;;
1716;-157,632;-3121,187;-328,737;0,000;0,000;0,000;0,000;RRR 1.5in;24,5;1015;46;'26.07.2023 16:06:23.150;;
1717;-158,134;-3121,154;-328,733;0,000;0,000;0,000;0,000;RRR 1.5in;24,5;1015;46;'26.07.2023 16:06:23.160;;
1718;-158,632;-3121,141;-328,736;0,000;0,000;0,000;0,000;RRR 1.5in;24,5;1015;46;'26.07.2023 16:06:23.170;;
1719;-159,120;-3121,126;-328,744;0,000;0,000;0,000;0,000;RRR 1.5in;24,5;1015;46;'26.07.2023 16:06:23.180;;
1720;-159,615;-3121,084;-328,735;0,000;0,000;0,000;0,000;RRR 1.5in;24,5;1015;46;'26.07.2023 16:06:23.190;;
1721;-160,104;-3121,039;-328,723;0,000;0,000;0,000;0,000;RRR 1.5in;24,5;1015;46;'26.07.2023 16:06:23.200;;
1722;-160,598;-3121,010;-328,719;0,000;0,000;0,000;0,000;RRR 1.5in;24,5;1015;46;'26.07.2023 16:06:23.210;;
1723;-161,093;-3121,004;-328,727;0,000;0,000;0,000;0,000;RRR 1.5in;24,5;1015;46;'26.07.2023 16:06:23.220;;
1724;-161,594;-3120,994;-328,734;0,000;0,000;0,000;0,000;RRR 1.5in;24,5;1015;46;'26.07.2023 16:06:23.230;;
1725;-162,095;-3120,972;-328,736;0,000;0,000;0,000;0,000;RRR 1.5in;24,5;1015;46;'26.07.2023 16:06:23.240;;
1726;-162,600;-3120,930;-328,733;0,000;0,000;0,000;0,000;RRR 1.5in;24,5;1015;46;'26.07.2023 16:06:23.250;;
1727;-163,111;-3120,894;-328,738;0,000;0,000;0,000;0,000;RRR 1.5in;24,5;1015;46;'26.07.2023 16:06:23.260;;
1728;-163,615;-3120,865;-328,740;0,000;0,000;0,000;0,000;RRR 1.5in;24,5;1015;46;'26.07.2023 16:06:23.270;;
1729;-164,113;-3120,840;-328,742;0,000;0,000;0,000;0,000;RRR 1.5in;24,5;1015;46;'26.07.2023 16:06:23.280;;
1730;-164,610;-3120,815;-328,740;0,000;0,000;0,000;0,000;RRR 1.5in;24,5;1015;46;'26.07.2023 16:06:23.290;;
1731;-165,101;-3120,783;-328,729;0,000;0,000;0,000;0,000;RRR 1.5in;24,5;1015;46;'26.07.2023 16:06:23.300;;
1732;-165,592;-3120,757;-328,718;0,000;0,000;0,000;0,000;RRR 1.5in;24,5;1015;46;'26.07.2023 16:06:23.310;;
1733;-166,093;-3120,742;-328,723;0,000;0,000;0,000;0,000;RRR 1.5in;24,5;1015;46;'26.07.2023 16:06:23.320;;
1734;-166,588;-3120,724;-328,734;0,000;0,000;0,000;0,000;RRR 1.5in;24,5;1015;46;'26.07.2023 16:06:23.330;;
1735;-167,079;-3120,683;-328,726;0,000;0,000;0,000;0,000;RRR 1.5in;24,5;1015;46;'26.07.2023 16:06:23.340;;
1736;-167,568;-3120,647;-328,721;0,000;0,000;0,000;0,000;RRR 1.5in;24,5;1015;46;'26.07.2023 16:06:23.350;;
1737;-168,070;-3120,638;-328,732;0,000;0,000;0,000;0,000;RRR 1.5in;24,5;1015;46;'26.07.2023 16:06:23.360;;
1738;-168,573;-3120,634;-328,745;0,000;0,000;0,000;0,000;RRR 1.5in;24,5;1015;46;'26.07.2023 16:06:23.370;;
1739;-169,074;-3120,605;-328,742;0,000;0,000;0,000;0,000;RRR 1.5in;24,5;1015;46;'26.07.2023 16:06:23.380;;
1740;-169,583;-3120,558;-328,745;0,000;0,000;0,000;0,000;RRR 1.5in;24,5;1015;46;'26.07.2023 16:06:23.390;;
1741;-170,090;-3120,505;-328,749;0,000;0,000;0,000;0,000;RRR 1.5in;24,5;1015;46;'26.07.2023 16:06:23.400;;
1742;-170,591;-3120,450;-328,738;0,000;0,000;0,000;0,000;RRR 1.5in;24,5;1015;46;'26.07.2023 16:06:23.410;;
1743;-171,084;-3120,421;-328,735;0,000;0,000;0,000;0,000;RRR 1.5in;24,5;1015;46;'26.07.2023 16:06:23.420;;
1744;-171,580;-3120,412;-328,740;0,000;0,000;0,000;0,000;RRR 1.5in;24,5;1015;46;'26.07.2023 16:06:23.430;;
1745;-172,080;-3120,392;-328,739;0,000;0,000;0,000;0,000;RRR 1.5in;24,5;1015;46;'26.07.2023 16:06:23.440;;
1746;-172,579;-3120,358;-328,723;0,000;0,000;0,000;0,000;RRR 1.5in;24,5;1015;46;'26.07.2023 16:06:23.450;;
1747;-173,075;-3120,335;-328,722;0,000;0,000;0,000;0,000;RRR 1.5in;24,5;1015;46;'26.07.2023 16:06:23.460;;
1748;-173,571;-3120,325;-328,731;0,000;0,000;0,000;0,000;RRR 1.5in;24,5;1015;46;'26.07.2023 16:06:23.470;;
1749;-174,063;-3120,304;-328,733;0,000;0,000;0,000;0,000;RRR 1.5in;24,5;1015;46;'26.07.2023 16:06:23.480;;
1750;-174,559;-3120,271;-328,728;0,000;0,000;0,000;0,000;RRR 1.5in;24,5;1015;46;'26.07.2023 16:06:23.490;;
1751;-175,065;-3120,240;-328,728;0,000;0,000;0,000;0,000;RRR 1.5in;24,5;1015;46;'26.07.2023 16:06:23.500;;
1752;-175,574;-3120,219;-328,736;0,000;0,000;0,000;0,000;RRR 1.5in;24,5;1015;46;'26.07.2023 16:06:23.510;;
1753;-176,071;-3120,200;-328,743;0,000;0,000;0,000;0,000;RRR 1.5in;24,5;1015;46;'26.07.2023 16:06:23.520;;
1754;-176,570;-3120,168;-328,748;0,000;0,000;0,000;0,000;RRR 1.5in;24,5;1015;46;'26.07.2023 16:06:23.530;;
1755;-177,076;-3120,120;-328,747;0,000;0,000;0,000;0,000;RRR 1.5in;24,5;1015;46;'26.07.2023 16:06:23.540;;
1756;-177,580;-3120,078;-328,749;0,000;0,000;0,000;0,000;RRR 1.5in;24,5;1015;46;'26.07.2023 16:06:23.550;;
1757;-178,081;-3120,044;-328,747;0,000;0,000;0,000;0,000;RRR 1.5in;24,5;1015;46;'26.07.2023 16:06:23.560;;
1758;-178,570;-3120,016;-328,743;0,000;0,000;0,000;0,000;RRR 1.5in;24,5;1015;46;'26.07.2023 16:06:23.570;;
1759;-179,057;-3119,982;-328,739;0,000;0,000;0,000;0,000;RRR 1.5in;24,5;1015;46;'26.07.2023 16:06:23.580;;
1760;-179,544;-3119,949;-328,736;0,000;0,000;0,000;0,000;RRR 1.5in;24,5;1015;46;'26.07.2023 16:06:23.590;;
1761;-180,033;-3119,927;-328,728;0,000;0,000;0,000;0,000;RRR 1.5in;24,5;1015;46;'26.07.2023 16:06:23.600;;
1762;-180,529;-3119,929;-328,734;0,000;0,000;0,000;0,000;RRR 1.5in;24,5;1015;46;'26.07.2023 16:06:23.610;;
1763;-181,022;-3119,924;-328,743;0,000;0,000;0,000;0,000;RRR 1.5in;24,5;1015;46;'26.07.2023 16:06:23.620;;
1764;-181,530;-3119,893;-328,744;0,000;0,000;0,000;0,000;RRR 1.5in;24,5;1015;46;'26.07.2023 16:06:23.630;;
1765;-182,040;-3119,842;-328,735;0,000;0,000;0,000;0,000;RRR 1.5in;24,5;1015;46;'26.07.2023 16:06:23.640;;
1766;-182,548;-3119,802;-328,734;0,000;0,000;0,000;0,000;RRR 1.5in;24,5;1015;46;'26.07.2023 16:06:23.650;;
1767;-183,061;-3119,786;-328,749;0,000;0,000;0,000;0,000;RRR 1.5in;24,5;1015;46;'26.07.2023 16:06:23.660;;
1768;-183,562;-3119,765;-328,748;0,000;0,000;0,000;0,000;RRR 1.5in;24,5;1015;46;'26.07.2023 16:06:23.670;;
1769;-184,050;-3119,727;-328,741;0,000;0,000;0,000;0,000;RRR 1.5in;24,5;1015;46;'26.07.2023 16:06:23.680;;
1770;-184,550;-3119,680;-328,740;0,000;0,000;0,000;0,000;RRR 1.5in;24,5;1015;46;'26.07.2023 16:06:23.690;;
1771;-185,046;-3119,635;-328,738;0,000;0,000;0,000;0,000;RRR 1.5in;24,5;1015;46;'26.07.2023 16:06:23.700;;
1772;-185,540;-3119,601;-328,729;0,000;0,000;0,000;0,000;RRR 1.5in;24,5;1015;46;'26.07.2023 16:06:23.710;;
1773;-186,022;-3119,587;-328,732;0,000;0,000;0,000;0,000;RRR 1.5in;24,5;1015;46;'26.07.2023 16:06:23.720;;
1774;-186,511;-3119,574;-328,740;0,000;0,000;0,000;0,000;RRR 1.5in;24,5;1015;46;'26.07.2023 16:06:23.730;;
1775;-187,004;-3119,549;-328,741;0,000;0,000;0,000;0,000;RRR 1.5in;24,5;1015;46;'26.07.2023 16:06:23.740;;
1776;-187,497;-3119,512;-328,730;0,000;0,000;0,000;0,000;RRR 1.5in;24,5;1015;46;'26.07.2023 16:06:23.750;;
1777;-187,998;-3119,494;-328,735;0,000;0,000;0,000;0,000;RRR 1.5in;24,5;1015;46;'26.07.2023 16:06:23.760;;
1778;-188,504;-3119,481;-328,746;0,000;0,000;0,000;0,000;RRR 1.5in;24,5;1015;46;'26.07.2023 16:06:23.770;;
1779;-189,013;-3119,441;-328,745;0,000;0,000;0,000;0,000;RRR 1.5in;24,5;1015;46;'26.07.2023 16:06:23.780;;
1780;-189,521;-3119,390;-328,733;0,000;0,000;0,000;0,000;RRR 1.5in;24,5;1015;46;'26.07.2023 16:06:23.790;;
1781;-190,037;-3119,365;-328,738;0,000;0,000;0,000;0,000;RRR 1.5in;24,5;1015;46;'26.07.2023 16:06:23.800;;
1782;-190,541;-3119,361;-328,747;0,000;0,000;0,000;0,000;RRR 1.5in;24,5;1015;46;'26.07.2023 16:06:23.810;;
1783;-191,034;-3119,347;-328,746;0,000;0,000;0,000;0,000;RRR 1.5in;24,5;1015;46;'26.07.2023 16:06:23.820;;
1784;-191,535;-3119,316;-328,744;0,000;0,000;0,000;0,000;RRR 1.5in;24,5;1015;46;'26.07.2023 16:06:23.830;;
1785;-192,044;-3119,260;-328,739;0,000;0,000;0,000;0,000;RRR 1.5in;24,5;1015;46;'26.07.2023 16:06:23.840;;
1786;-192,541;-3119,211;-328,737;0,000;0,000;0,000;0,000;RRR 1.5in;24,5;1015;46;'26.07.2023 16:06:23.850;;
1787;-193,027;-3119,183;-328,736;0,000;0,000;0,000;0,000;RRR 1.5in;24,5;1015;46;'26.07.2023 16:06:23.860;;
1788;-193,507;-3119,175;-328,735;0,000;0,000;0,000;0,000;RRR 1.5in;24,5;1015;46;'26.07.2023 16:06:23.870;;
1789;-193,999;-3119,167;-328,735;0,000;0,000;0,000;0,000;RRR 1.5in;24,5;1015;46;'26.07.2023 16:06:23.880;;
1790;-194,493;-3119,150;-328,734;0,000;0,000;0,000;0,000;RRR 1.5in;24,5;1015;46;'26.07.2023 16:06:23.890;;
1791;-194,987;-3119,119;-328,724;0,000;0,000;0,000;0,000;RRR 1.5in;24,5;1015;46;'26.07.2023 16:06:23.900;;
1792;-195,486;-3119,092;-328,723;0,000;0,000;0,000;0,000;RRR 1.5in;24,5;1015;46;'26.07.2023 16:06:23.910;;
1793;-195,987;-3119,060;-328,729;0,000;0,000;0,000;0,000;RRR 1.5in;24,5;1015;46;'26.07.2023 16:06:23.920;;
1794;-196,499;-3119,019;-328,737;0,000;0,000;0,000;0,000;RRR 1.5in;24,5;1015;46;'26.07.2023 16:06:23.930;;
1795;-197,020;-3118,963;-328,734;0,000;0,000;0,000;0,000;RRR 1.5in;24,5;1015;46;'26.07.2023 16:06:23.940;;
1796;-197,525;-3118,917;-328,731;0,000;0,000;0,000;0,000;RRR 1.5in;24,5;1015;46;'26.07.2023 16:06:23.950;;
1797;-198,021;-3118,896;-328,740;0,000;0,000;0,000;0,000;RRR 1.5in;24,5;1015;46;'26.07.2023 16:06:23.960;;
1798;-198,517;-3118,882;-328,742;0,000;0,000;0,000;0,000;RRR 1.5in;24,5;1015;46;'26.07.2023 16:06:23.970;;
1799;-199,012;-3118,855;-328,735;0,000;0,000;0,000;0,000;RRR 1.5in;24,5;1015;46;'26.07.2023 16:06:23.980;;
1800;-199,511;-3118,824;-328,736;0,000;0,000;0,000;0,000;RRR 1.5in;24,5;1015;46;'26.07.2023 16:06:23.990;;
1801;-200,012;-3118,790;-328,737;0,000;0,000;0,000;0,000;RRR 1.5in;24,5;1015;46;'26.07.2023 16:06:24.000;;
1802;-200,506;-3118,756;-328,727;0,000;0,000;0,000;0,000;RRR 1.5in;24,5;1015;46;'26.07.2023 16:06:24.010;;
1803;-200,991;-3118,738;-328,717;0,000;0,000;0,000;0,000;RRR 1.5in;24,5;1015;46;'26.07.2023 16:06:24.020;;
1804;-201,484;-3118,734;-328,718;0,000;0,000;0,000;0,000;RRR 1.5in;24,5;1015;46;'26.07.2023 16:06:24.030;;
1805;-201,988;-3118,729;-328,725;0,000;0,000;0,000;0,000;RRR 1.5in;24,5;1015;46;'26.07.2023 16:06:24.040;;
1806;-202,488;-3118,702;-328,717;0,000;0,000;0,000;0,000;RRR 1.5in;24,5;1015;46;'26.07.2023 16:06:24.050;;
1807;-202,982;-3118,663;-328,711;0,000;0,000;0,000;0,000;RRR 1.5in;24,5;1015;46;'26.07.2023 16:06:24.060;;
1808;-203,485;-3118,630;-328,721;0,000;0,000;0,000;0,000;RRR 1.5in;24,5;1015;46;'26.07.2023 16:06:24.070;;
1809;-203,986;-3118,595;-328,732;0,000;0,000;0,000;0,000;RRR 1.5in;24,5;1015;46;'26.07.2023 16:06:24.080;;
1810;-204,491;-3118,538;-328,726;0,000;0,000;0,000;0,000;RRR 1.5in;24,5;1015;46;'26.07.2023 16:06:24.090;;
1811;-204,994;-3118,496;-328,725;0,000;0,000;0,000;0,000;RRR 1.5in;24,5;1015;46;'26.07.2023 16:06:24.100;;
1812;-205,501;-3118,477;-328,730;0,000;0,000;0,000;0,000;RRR 1.5in;24,5;1015;46;'26.07.2023 16:06:24.110;;
1813;-205,995;-3118,467;-328,733;0,000;0,000;0,000;0,000;RRR 1.5in;24,5;1015;46;'26.07.2023 16:06:24.120;;
1814;-206,485;-3118,451;-328,727;0,000;0,000;0,000;0,000;RRR 1.5in;24,5;1015;46;'26.07.2023 16:06:24.130;;
1815;-206,980;-3118,430;-328,727;0,000;0,000;0,000;0,000;RRR 1.5in;24,5;1015;46;'26.07.2023 16:06:24.140;;
1816;-207,480;-3118,400;-328,723;0,000;0,000;0,000;0,000;RRR 1.5in;24,5;1015;46;'26.07.2023 16:06:24.150;;
1817;-207,977;-3118,374;-328,717;0,000;0,000;0,000;0,000;RRR 1.5in;24,5;1015;46;'26.07.2023 16:06:24.160;;
1818;-208,477;-3118,356;-328,712;0,000;0,000;0,000;0,000;RRR 1.5in;24,5;1015;46;'26.07.2023 16:06:24.170;;
1819;-208,975;-3118,347;-328,716;0,000;0,000;0,000;0,000;RRR 1.5in;24,5;1015;46;'26.07.2023 16:06:24.180;;
1820;-209,470;-3118,319;-328,720;0,000;0,000;0,000;0,000;RRR 1.5in;24,5;1015;46;'26.07.2023 16:06:24.190;;
1821;-209,966;-3118,274;-328,717;0,000;0,000;0,000;0,000;RRR 1.5in;24,5;1015;46;'26.07.2023 16:06:24.200;;
1822;-210,477;-3118,223;-328,714;0,000;0,000;0,000;0,000;RRR 1.5in;24,5;1015;46;'26.07.2023 16:06:24.210;;
1823;-210,986;-3118,184;-328,723;0,000;0,000;0,000;0,000;RRR 1.5in;24,5;1015;46;'26.07.2023 16:06:24.220;;
1824;-211,490;-3118,148;-328,732;0,000;0,000;0,000;0,000;RRR 1.5in;24,5;1015;46;'26.07.2023 16:06:24.230;;
1825;-211,998;-3118,110;-328,739;0,000;0,000;0,000;0,000;RRR 1.5in;24,5;1015;46;'26.07.2023 16:06:24.240;;
1826;-212,498;-3118,063;-328,735;0,000;0,000;0,000;0,000;RRR 1.5in;24,5;1015;46;'26.07.2023 16:06:24.250;;
1827;-212,990;-3118,028;-328,732;0,000;0,000;0,000;0,000;RRR 1.5in;24,5;1015;46;'26.07.2023 16:06:24.260;;
1828;-213,481;-3118,027;-328,739;0,000;0,000;0,000;0,000;RRR 1.5in;24,5;1015;46;'26.07.2023 16:06:24.270;;
1829;-213,975;-3118,030;-328,739;0,000;0,000;0,000;0,000;RRR 1.5in;24,5;1015;46;'26.07.2023 16:06:24.280;;
1830;-214,467;-3118,016;-328,731;0,000;0,000;0,000;0,000;RRR 1.5in;24,5;1015;46;'26.07.2023 16:06:24.290;;
1831;-214,971;-3117,982;-328,728;0,000;0,000;0,000;0,000;RRR 1.5in;24,5;1015;46;'26.07.2023 16:06:24.300;;
1832;-215,469;-3117,945;-328,724;0,000;0,000;0,000;0,000;RRR 1.5in;24,5;1015;46;'26.07.2023 16:06:24.310;;
1833;-215,973;-3117,910;-328,714;0,000;0,000;0,000;0,000;RRR 1.5in;24,5;1015;46;'26.07.2023 16:06:24.320;;
1834;-216,466;-3117,893;-328,713;0,000;0,000;0,000;0,000;RRR 1.5in;24,5;1015;46;'26.07.2023 16:06:24.330;;
1835;-216,968;-3117,881;-328,725;0,000;0,000;0,000;0,000;RRR 1.5in;24,5;1015;46;'26.07.2023 16:06:24.340;;
1836;-217,485;-3117,858;-328,740;0,000;0,000;0,000;0,000;RRR 1.5in;24,5;1015;46;'26.07.2023 16:06:24.350;;
1837;-217,991;-3117,802;-328,739;0,000;0,000;0,000;0,000;RRR 1.5in;24,5;1015;46;'26.07.2023 16:06:24.360;;
1838;-218,484;-3117,749;-328,747;0,000;0,000;0,000;0,000;RRR 1.5in;24,5;1015;46;'26.07.2023 16:06:24.370;;
1839;-218,988;-3117,715;-328,764;0,000;0,000;0,000;0,000;RRR 1.5in;24,5;1015;46;'26.07.2023 16:06:24.380;;
1840;-219,479;-3117,687;-328,775;0,000;0,000;0,000;0,000;RRR 1.5in;24,5;1015;46;'26.07.2023 16:06:24.390;;
1841;-219,972;-3117,644;-328,765;0,000;0,000;0,000;0,000;RRR 1.5in;24,5;1015;46;'26.07.2023 16:06:24.400;;
1842;-220,461;-3117,620;-328,761;0,000;0,000;0,000;0,000;RRR 1.5in;24,5;1015;46;'26.07.2023 16:06:24.410;;
1843;-220,957;-3117,612;-328,761;0,000;0,000;0,000;0,000;RRR 1.5in;24,5;1015;46;'26.07.2023 16:06:24.420;;
1844;-221,453;-3117,611;-328,755;0,000;0,000;0,000;0,000;RRR 1.5in;24,5;1015;46;'26.07.2023 16:06:24.430;;
1845;-221,952;-3117,597;-328,741;0,000;0,000;0,000;0,000;RRR 1.5in;24,5;1015;46;'26.07.2023 16:06:24.440;;
1846;-222,451;-3117,585;-328,740;0,000;0,000;0,000;0,000;RRR 1.5in;24,5;1015;46;'26.07.2023 16:06:24.450;;
1847;-222,966;-3117,558;-328,741;0,000;0,000;0,000;0,000;RRR 1.5in;24,5;1015;46;'26.07.2023 16:06:24.460;;
1848;-223,471;-3117,522;-328,738;0,000;0,000;0,000;0,000;RRR 1.5in;24,5;1015;46;'26.07.2023 16:06:24.470;;
1849;-223,982;-3117,481;-328,735;0,000;0,000;0,000;0,000;RRR 1.5in;24,5;1015;46;'26.07.2023 16:06:24.480;;
1850;-224,488;-3117,455;-328,745;0,000;0,000;0,000;0,000;RRR 1.5in;24,5;1015;46;'26.07.2023 16:06:24.490;;
1851;-224,986;-3117,418;-328,755;0,000;0,000;0,000;0,000;RRR 1.5in;24,5;1015;46;'26.07.2023 16:06:24.500;;
1852;-225,475;-3117,369;-328,757;0,000;0,000;0,000;0,000;RRR 1.5in;24,5;1015;46;'26.07.2023 16:06:24.510;;
1853;-225,975;-3117,317;-328,754;0,000;0,000;0,000;0,000;RRR 1.5in;24,5;1015;46;'26.07.2023 16:06:24.520;;
1854;-226,472;-3117,284;-328,758;0,000;0,000;0,000;0,000;RRR 1.5in;24,5;1015;46;'26.07.2023 16:06:24.530;;
1855;-226,968;-3117,264;-328,763;0,000;0,000;0,000;0,000;RRR 1.5in;24,5;1015;46;'26.07.2023 16:06:24.540;;
1856;-227,467;-3117,245;-328,768;0,000;0,000;0,000;0,000;RRR 1.5in;24,5;1015;46;'26.07.2023 16:06:24.550;;
1857;-227,965;-3117,207;-328,759;0,000;0,000;0,000;0,000;RRR 1.5in;24,5;1015;46;'26.07.2023 16:06:24.560;;
1858;-228,461;-3117,174;-328,752;0,000;0,000;0,000;0,000;RRR 1.5in;24,5;1015;46;'26.07.2023 16:06:24.570;;
1859;-228,965;-3117,164;-328,754;0,000;0,000;0,000;0,000;RRR 1.5in;24,5;1015;46;'26.07.2023 16:06:24.580;;
1860;-229,466;-3117,164;-328,760;0,000;0,000;0,000;0,000;RRR 1.5in;24,5;1015;46;'26.07.2023 16:06:24.590;;
1861;-229,965;-3117,141;-328,754;0,000;0,000;0,000;0,000;RRR 1.5in;24,5;1015;46;'26.07.2023 16:06:24.600;;
1862;-230,466;-3117,101;-328,750;0,000;0,000;0,000;0,000;RRR 1.5in;24,5;1015;46;'26.07.2023 16:06:24.610;;
1863;-230,980;-3117,060;-328,753;0,000;0,000;0,000;0,000;RRR 1.5in;24,5;1015;46;'26.07.2023 16:06:24.620;;
1864;-231,495;-3117,023;-328,761;0,000;0,000;0,000;0,000;RRR 1.5in;24,5;1015;46;'26.07.2023 16:06:24.630;;
1865;-231,998;-3116,985;-328,761;0,000;0,000;0,000;0,000;RRR 1.5in;24,5;1015;46;'26.07.2023 16:06:24.640;;
1866;-232,483;-3116,958;-328,763;0,000;0,000;0,000;0,000;RRR 1.5in;24,5;1015;46;'26.07.2023 16:06:24.650;;
1867;-232,983;-3116,938;-328,774;0,000;0,000;0,000;0,000;RRR 1.5in;24,5;1015;46;'26.07.2023 16:06:24.660;;
1868;-233,483;-3116,900;-328,776;0,000;0,000;0,000;0,000;RRR 1.5in;24,5;1015;46;'26.07.2023 16:06:24.670;;
1869;-233,979;-3116,847;-328,764;0,000;0,000;0,000;0,000;RRR 1.5in;24,5;1015;46;'26.07.2023 16:06:24.680;;
1870;-234,469;-3116,819;-328,763;0,000;0,000;0,000;0,000;RRR 1.5in;24,5;1015;46;'26.07.2023 16:06:24.690;;
1871;-234,961;-3116,815;-328,773;0,000;0,000;0,000;0,000;RRR 1.5in;24,5;1015;46;'26.07.2023 16:06:24.700;;
1872;-235,457;-3116,797;-328,778;0,000;0,000;0,000;0,000;RRR 1.5in;24,5;1015;46;'26.07.2023 16:06:24.710;;
1873;-235,953;-3116,757;-328,767;0,000;0,000;0,000;0,000;RRR 1.5in;24,5;1015;46;'26.07.2023 16:06:24.720;;
1874;-236,446;-3116,729;-328,761;0,000;0,000;0,000;0,000;RRR 1.5in;24,5;1015;46;'26.07.2023 16:06:24.730;;
1875;-236,949;-3116,728;-328,766;0,000;0,000;0,000;0,000;RRR 1.5in;24,5;1015;46;'26.07.2023 16:06:24.740;;
1876;-237,447;-3116,718;-328,766;0,000;0,000;0,000;0,000;RRR 1.5in;24,5;1015;46;'26.07.2023 16:06:24.750;;
1877;-237,958;-3116,684;-328,764;0,000;0,000;0,000;0,000;RRR 1.5in;24,5;1015;46;'26.07.2023 16:06:24.760;;
1878;-238,482;-3116,636;-328,764;0,000;0,000;0,000;0,000;RRR 1.5in;24,5;1015;46;'26.07.2023 16:06:24.770;;
1879;-238,991;-3116,586;-328,768;0,000;0,000;0,000;0,000;RRR 1.5in;24,5;1015;46;'26.07.2023 16:06:24.780;;
1880;-239,493;-3116,540;-328,769;0,000;0,000;0,000;0,000;RRR 1.5in;24,5;1015;46;'26.07.2023 16:06:24.790;;
1881;-239,991;-3116,507;-328,770;0,000;0,000;0,000;0,000;RRR 1.5in;24,5;1015;46;'26.07.2023 16:06:24.800;;
1882;-240,485;-3116,485;-328,772;0,000;0,000;0,000;0,000;RRR 1.5in;24,5;1015;46;'26.07.2023 16:06:24.810;;
1883;-240,989;-3116,467;-328,778;0,000;0,000;0,000;0,000;RRR 1.5in;24,5;1015;46;'26.07.2023 16:06:24.820;;
1884;-241,478;-3116,436;-328,777;0,000;0,000;0,000;0,000;RRR 1.5in;24,5;1015;46;'26.07.2023 16:06:24.830;;
1885;-241,964;-3116,397;-328,769;0,000;0,000;0,000;0,000;RRR 1.5in;24,5;1015;46;'26.07.2023 16:06:24.840;;
1886;-242,459;-3116,371;-328,767;0,000;0,000;0,000;0,000;RRR 1.5in;24,5;1015;46;'26.07.2023 16:06:24.850;;
1887;-242,962;-3116,360;-328,771;0,000;0,000;0,000;0,000;RRR 1.5in;24,5;1015;46;'26.07.2023 16:06:24.860;;
1888;-243,466;-3116,345;-328,776;0,000;0,000;0,000;0,000;RRR 1.5in;24,5;1015;46;'26.07.2023 16:06:24.870;;
1889;-243,970;-3116,319;-328,773;0,000;0,000;0,000;0,000;RRR 1.5in;24,5;1015;46;'26.07.2023 16:06:24.880;;
1890;-244,458;-3116,283;-328,765;0,000;0,000;0,000;0,000;RRR 1.5in;24,5;1015;46;'26.07.2023 16:06:24.890;;
1891;-244,949;-3116,251;-328,762;0,000;0,000;0,000;0,000;RRR 1.5in;24,5;1015;46;'26.07.2023 16:06:24.900;;
1892;-245,449;-3116,220;-328,767;0,000;0,000;0,000;0,000;RRR 1.5in;24,5;1015;46;'26.07.2023 16:06:24.910;;
1893;-245,947;-3116,184;-328,761;0,000;0,000;0,000;0,000;RRR 1.5in;24,5;1015;46;'26.07.2023 16:06:24.920;;
1894;-246,447;-3116,147;-328,760;0,000;0,000;0,000;0,000;RRR 1.5in;24,5;1015;46;'26.07.2023 16:06:24.930;;
1895;-246,960;-3116,113;-328,767;0,000;0,000;0,000;0,000;RRR 1.5in;24,5;1015;46;'26.07.2023 16:06:24.940;;
1896;-247,473;-3116,070;-328,767;0,000;0,000;0,000;0,000;RRR 1.5in;24,5;1015;46;'26.07.2023 16:06:24.950;;
1897;-247,977;-3116,027;-328,756;0,000;0,000;0,000;0,000;RRR 1.5in;24,5;1015;46;'26.07.2023 16:06:24.960;;
1898;-248,473;-3116,010;-328,756;0,000;0,000;0,000;0,000;RRR 1.5in;24,5;1015;46;'26.07.2023 16:06:24.970;;
1899;-248,977;-3116,017;-328,772;0,000;0,000;0,000;0,000;RRR 1.5in;24,5;1015;46;'26.07.2023 16:06:24.980;;
1900;-249,481;-3116,004;-328,782;0,000;0,000;0,000;0,000;RRR 1.5in;24,5;1015;46;'26.07.2023 16:06:24.990;;
1901;-249,982;-3115,959;-328,771;0,000;0,000;0,000;0,000;RRR 1.5in;24,5;1015;46;'26.07.2023 16:06:25.000;;
1902;-250,470;-3115,926;-328,764;0,000;0,000;0,000;0,000;RRR 1.5in;24,5;1015;46;'26.07.2023 16:06:25.010;;
1903;-250,960;-3115,923;-328,776;0,000;0,000;0,000;0,000;RRR 1.5in;24,5;1015;46;'26.07.2023 16:06:25.020;;
1904;-251,445;-3115,907;-328,782;0,000;0,000;0,000;0,000;RRR 1.5in;24,5;1015;46;'26.07.2023 16:06:25.030;;
1905;-251,936;-3115,854;-328,766;0,000;0,000;0,000;0,000;RRR 1.5in;24,5;1015;46;'26.07.2023 16:06:25.040;;
1906;-252,429;-3115,800;-328,751;0,000;0,000;0,000;0,000;RRR 1.5in;24,5;1015;46;'26.07.2023 16:06:25.050;;
1907;-252,936;-3115,774;-328,755;0,000;0,000;0,000;0,000;RRR 1.5in;24,5;1015;46;'26.07.2023 16:06:25.060;;
1908;-253,432;-3115,758;-328,762;0,000;0,000;0,000;0,000;RRR 1.5in;24,5;1015;46;'26.07.2023 16:06:25.070;;
1909;-253,931;-3115,725;-328,757;0,000;0,000;0,000;0,000;RRR 1.5in;24,5;1015;46;'26.07.2023 16:06:25.080;;
1910;-254,443;-3115,686;-328,755;0,000;0,000;0,000;0,000;RRR 1.5in;24,5;1015;46;'26.07.2023 16:06:25.090;;
1911;-254,965;-3115,655;-328,763;0,000;0,000;0,000;0,000;RRR 1.5in;24,5;1015;46;'26.07.2023 16:06:25.100;;
1912;-255,472;-3115,622;-328,767;0,000;0,000;0,000;0,000;RRR 1.5in;24,5;1015;46;'26.07.2023 16:06:25.110;;
1913;-255,979;-3115,590;-328,763;0,000;0,000;0,000;0,000;RRR 1.5in;24,5;1015;46;'26.07.2023 16:06:25.120;;
1914;-256,477;-3115,573;-328,763;0,000;0,000;0,000;0,000;RRR 1.5in;24,5;1015;46;'26.07.2023 16:06:25.130;;
1915;-256,980;-3115,567;-328,767;0,000;0,000;0,000;0,000;RRR 1.5in;24,5;1015;46;'26.07.2023 16:06:25.140;;
1916;-257,481;-3115,555;-328,772;0,000;0,000;0,000;0,000;RRR 1.5in;24,5;1015;46;'26.07.2023 16:06:25.150;;
1917;-257,972;-3115,527;-328,763;0,000;0,000;0,000;0,000;RRR 1.5in;24,5;1015;46;'26.07.2023 16:06:25.160;;
1918;-258,456;-3115,496;-328,749;0,000;0,000;0,000;0,000;RRR 1.5in;24,5;1015;46;'26.07.2023 16:06:25.170;;
1919;-258,957;-3115,473;-328,750;0,000;0,000;0,000;0,000;RRR 1.5in;24,5;1015;46;'26.07.2023 16:06:25.180;;
1920;-259,453;-3115,445;-328,752;0,000;0,000;0,000;0,000;RRR 1.5in;24,5;1015;46;'26.07.2023 16:06:25.190;;
1921;-259,957;-3115,399;-328,752;0,000;0,000;0,000;0,000;RRR 1.5in;24,5;1015;46;'26.07.2023 16:06:25.200;;
1922;-260,447;-3115,350;-328,749;0,000;0,000;0,000;0,000;RRR 1.5in;24,5;1015;46;'26.07.2023 16:06:25.210;;
1923;-260,938;-3115,313;-328,751;0,000;0,000;0,000;0,000;RRR 1.5in;24,5;1015;46;'26.07.2023 16:06:25.220;;
1924;-261,426;-3115,296;-328,760;0,000;0,000;0,000;0,000;RRR 1.5in;24,5;1015;46;'26.07.2023 16:06:25.230;;
1925;-261,934;-3115,274;-328,762;0,000;0,000;0,000;0,000;RRR 1.5in;24,5;1015;46;'26.07.2023 16:06:25.240;;
1926;-262,435;-3115,241;-328,756;0,000;0,000;0,000;0,000;RRR 1.5in;24,5;1015;46;'26.07.2023 16:06:25.250;;
1927;-262,944;-3115,207;-328,757;0,000;0,000;0,000;0,000;RRR 1.5in;24,5;1015;46;'26.07.2023 16:06:25.260;;
1928;-263,460;-3115,175;-328,764;0,000;0,000;0,000;0,000;RRR 1.5in;24,5;1015;46;'26.07.2023 16:06:25.270;;
1929;-263,969;-3115,139;-328,759;0,000;0,000;0,000;0,000;RRR 1.5in;24,5;1015;46;'26.07.2023 16:06:25.280;;
1930;-264,468;-3115,124;-328,754;0,000;0,000;0,000;0,000;RRR 1.5in;24,5;1015;46;'26.07.2023 16:06:25.290;;
1931;-264,966;-3115,135;-328,760;0,000;0,000;0,000;0,000;RRR 1.5in;24,5;1015;46;'26.07.2023 16:06:25.300;;
1932;-265,459;-3115,150;-328,776;0,000;0,000;0,000;0,000;RRR 1.5in;24,5;1015;46;'26.07.2023 16:06:25.310;;
1933;-265,962;-3115,118;-328,773;0,000;0,000;0,000;0,000;RRR 1.5in;24,5;1015;46;'26.07.2023 16:06:25.320;;
1934;-266,450;-3115,047;-328,751;0,000;0,000;0,000;0,000;RRR 1.5in;24,5;1015;46;'26.07.2023 16:06:25.330;;
1935;-266,936;-3115,002;-328,750;0,000;0,000;0,000;0,000;RRR 1.5in;24,5;1015;46;'26.07.2023 16:06:25.340;;
1936;-267,428;-3114,985;-328,762;0,000;0,000;0,000;0,000;RRR 1.5in;24,5;1015;46;'26.07.2023 16:06:25.350;;
1937;-267,911;-3114,951;-328,760;0,000;0,000;0,000;0,000;RRR 1.5in;24,5;1015;46;'26.07.2023 16:06:25.360;;
1938;-268,413;-3114,895;-328,742;0,000;0,000;0,000;0,000;RRR 1.5in;24,5;1015;46;'26.07.2023 16:06:25.370;;
1939;-268,913;-3114,857;-328,738;0,000;0,000;0,000;0,000;RRR 1.5in;24,5;1015;46;'26.07.2023 16:06:25.380;;
1940;-269,421;-3114,844;-328,750;0,000;0,000;0,000;0,000;RRR 1.5in;24,5;1015;46;'26.07.2023 16:06:25.390;;
1941;-269,924;-3114,822;-328,753;0,000;0,000;0,000;0,000;RRR 1.5in;24,5;1015;46;'26.07.2023 16:06:25.400;;
1942;-270,427;-3114,780;-328,742;0,000;0,000;0,000;0,000;RRR 1.5in;24,5;1015;46;'26.07.2023 16:06:25.410;;
1943;-270,935;-3114,756;-328,749;0,000;0,000;0,000;0,000;RRR 1.5in;24,5;1015;46;'26.07.2023 16:06:25.420;;
1944;-271,454;-3114,746;-328,768;0,000;0,000;0,000;0,000;RRR 1.5in;24,5;1015;46;'26.07.2023 16:06:25.430;;
1945;-271,955;-3114,720;-328,775;0,000;0,000;0,000;0,000;RRR 1.5in;24,5;1015;46;'26.07.2023 16:06:25.440;;
1946;-272,460;-3114,682;-328,766;0,000;0,000;0,000;0,000;RRR 1.5in;24,5;1015;46;'26.07.2023 16:06:25.450;;
1947;-272,951;-3114,662;-328,763;0,000;0,000;0,000;0,000;RRR 1.5in;24,5;1015;46;'26.07.2023 16:06:25.460;;
1948;-273,447;-3114,657;-328,769;0,000;0,000;0,000;0,000;RRR 1.5in;24,5;1015;46;'26.07.2023 16:06:25.470;;
1949;-273,941;-3114,634;-328,769;0,000;0,000;0,000;0,000;RRR 1.5in;24,5;1015;46;'26.07.2023 16:06:25.480;;
1950;-274,439;-3114,574;-328,746;0,000;0,000;0,000;0,000;RRR 1.5in;24,5;1015;46;'26.07.2023 16:06:25.490;;
1951;-274,931;-3114,528;-328,731;0,000;0,000;0,000;0,000;RRR 1.5in;24,5;1015;46;'26.07.2023 16:06:25.500;;
1952;-275,426;-3114,514;-328,738;0,000;0,000;0,000;0,000;RRR 1.5in;24,5;1015;46;'26.07.2023 16:06:25.510;;
1953;-275,911;-3114,500;-328,743;0,000;0,000;0,000;0,000;RRR 1.5in;24,5;1015;46;'26.07.2023 16:06:25.520;;
1954;-276,410;-3114,455;-328,737;0,000;0,000;0,000;0,000;RRR 1.5in;24,5;1015;46;'26.07.2023 16:06:25.530;;
1955;-276,910;-3114,399;-328,730;0,000;0,000;0,000;0,000;RRR 1.5in;24,5;1015;46;'26.07.2023 16:06:25.540;;
1956;-277,420;-3114,362;-328,737;0,000;0,000;0,000;0,000;RRR 1.5in;24,5;1015;46;'26.07.2023 16:06:25.550;;
1957;-277,926;-3114,350;-328,753;0,000;0,000;0,000;0,000;RRR 1.5in;24,5;1015;46;'26.07.2023 16:06:25.560;;
1958;-278,434;-3114,327;-328,756;0,000;0,000;0,000;0,000;RRR 1.5in;24,5;1015;46;'26.07.2023 16:06:25.570;;
1959;-278,935;-3114,299;-328,747;0,000;0,000;0,000;0,000;RRR 1.5in;24,5;1015;46;'26.07.2023 16:06:25.580;;
1960;-279,436;-3114,289;-328,753;0,000;0,000;0,000;0,000;RRR 1.5in;24,5;1015;46;'26.07.2023 16:06:25.590;;
1961;-279,937;-3114,286;-328,761;0,000;0,000;0,000;0,000;RRR 1.5in;24,5;1015;46;'26.07.2023 16:06:25.600;;
1962;-280,434;-3114,254;-328,755;0,000;0,000;0,000;0,000;RRR 1.5in;24,5;1015;46;'26.07.2023 16:06:25.610;;
1963;-280,934;-3114,204;-328,739;0,000;0,000;0,000;0,000;RRR 1.5in;24,5;1015;46;'26.07.2023 16:06:25.620;;
1964;-281,422;-3114,171;-328,731;0,000;0,000;0,000;0,000;RRR 1.5in;24,5;1015;46;'26.07.2023 16:06:25.630;;
1965;-281,917;-3114,163;-328,746;0,000;0,000;0,000;0,000;RRR 1.5in;24,5;1015;46;'26.07.2023 16:06:25.640;;
1966;-282,418;-3114,135;-328,756;0,000;0,000;0,000;0,000;RRR 1.5in;24,5;1015;46;'26.07.2023 16:06:25.650;;
1967;-282,916;-3114,068;-328,740;0,000;0,000;0,000;0,000;RRR 1.5in;24,5;1015;46;'26.07.2023 16:06:25.660;;
1968;-283,405;-3114,016;-328,737;0,000;0,000;0,000;0,000;RRR 1.5in;24,5;1015;46;'26.07.2023 16:06:25.670;;
1969;-283,912;-3114,004;-328,754;0,000;0,000;0,000;0,000;RRR 1.5in;24,5;1015;46;'26.07.2023 16:06:25.680;;
1970;-284,407;-3113,985;-328,765;0,000;0,000;0,000;0,000;RRR 1.5in;24,5;1015;46;'26.07.2023 16:06:25.690;;
1971;-284,908;-3113,927;-328,753;0,000;0,000;0,000;0,000;RRR 1.5in;24,5;1015;46;'26.07.2023 16:06:25.700;;
1972;-285,407;-3113,873;-328,739;0,000;0,000;0,000;0,000;RRR 1.5in;24,5;1015;46;'26.07.2023 16:06:25.710;;
1973;-285,921;-3113,864;-328,746;0,000;0,000;0,000;0,000;RRR 1.5in;24,5;1015;46;'26.07.2023 16:06:25.720;;
1974;-286,421;-3113,876;-328,757;0,000;0,000;0,000;0,000;RRR 1.5in;24,5;1015;46;'26.07.2023 16:06:25.730;;
1975;-286,922;-3113,862;-328,749;0,000;0,000;0,000;0,000;RRR 1.5in;24,5;1015;46;'26.07.2023 16:06:25.740;;
1976;-287,418;-3113,838;-328,740;0,000;0,000;0,000;0,000;RRR 1.5in;24,5;1015;46;'26.07.2023 16:06:25.750;;
1977;-287,930;-3113,820;-328,746;0,000;0,000;0,000;0,000;RRR 1.5in;24,5;1015;46;'26.07.2023 16:06:25.760;;
1978;-288,441;-3113,794;-328,755;0,000;0,000;0,000;0,000;RRR 1.5in;24,5;1015;46;'26.07.2023 16:06:25.770;;
1979;-288,945;-3113,745;-328,753;0,000;0,000;0,000;0,000;RRR 1.5in;24,5;1015;46;'26.07.2023 16:06:25.780;;
1980;-289,429;-3113,698;-328,744;0,000;0,000;0,000;0,000;RRR 1.5in;24,5;1015;46;'26.07.2023 16:06:25.790;;
1981;-289,913;-3113,677;-328,746;0,000;0,000;0,000;0,000;RRR 1.5in;24,5;1015;46;'26.07.2023 16:06:25.800;;
1982;-290,412;-3113,670;-328,761;0,000;0,000;0,000;0,000;RRR 1.5in;24,5;1015;46;'26.07.2023 16:06:25.810;;
1983;-290,914;-3113,633;-328,761;0,000;0,000;0,000;0,000;RRR 1.5in;24,5;1015;46;'26.07.2023 16:06:25.820;;
1984;-291,416;-3113,578;-328,744;0,000;0,000;0,000;0,000;RRR 1.5in;24,5;1015;46;'26.07.2023 16:06:25.830;;
1985;-291,904;-3113,544;-328,740;0,000;0,000;0,000;0,000;RRR 1.5in;24,5;1015;46;'26.07.2023 16:06:25.840;;
1986;-292,399;-3113,524;-328,746;0,000;0,000;0,000;0,000;RRR 1.5in;24,5;1015;46;'26.07.2023 16:06:25.850;;
1987;-292,891;-3113,491;-328,745;0,000;0,000;0,000;0,000;RRR 1.5in;24,5;1015;46;'26.07.2023 16:06:25.860;;
1988;-293,405;-3113,442;-328,737;0,000;0,000;0,000;0,000;RRR 1.5in;24,5;1015;46;'26.07.2023 16:06:25.870;;
1989;-293,900;-3113,406;-328,737;0,000;0,000;0,000;0,000;RRR 1.5in;24,5;1015;46;'26.07.2023 16:06:25.880;;
1990;-294,404;-3113,397;-328,749;0,000;0,000;0,000;0,000;RRR 1.5in;24,5;1015;46;'26.07.2023 16:06:25.890;;
1991;-294,903;-3113,394;-328,759;0,000;0,000;0,000;0,000;RRR 1.5in;24,5;1015;46;'26.07.2023 16:06:25.900;;
1992;-295,412;-3113,374;-328,758;0,000;0,000;0,000;0,000;RRR 1.5in;24,5;1015;46;'26.07.2023 16:06:25.910;;
1993;-295,910;-3113,354;-328,755;0,000;0,000;0,000;0,000;RRR 1.5in;24,5;1015;46;'26.07.2023 16:06:25.920;;
1994;-296,412;-3113,340;-328,763;0,000;0,000;0,000;0,000;RRR 1.5in;24,5;1015;46;'26.07.2023 16:06:25.930;;
1995;-296,918;-3113,311;-328,775;0,000;0,000;0,000;0,000;RRR 1.5in;24,5;1015;46;'26.07.2023 16:06:25.940;;
1996;-297,427;-3113,242;-328,768;0,000;0,000;0,000;0,000;RRR 1.5in;24,5;1015;46;'26.07.2023 16:06:25.950;;
1997;-297,913;-3113,170;-328,749;0,000;0,000;0,000;0,000;RRR 1.5in;24,5;1015;46;'26.07.2023 16:06:25.960;;
1998;-298,381;-3113,149;-328,749;0,000;0,000;0,000;0,000;RRR 1.5in;24,5;1015;46;'26.07.2023 16:06:25.970;;
1999;-298,857;-3113,157;-328,761;0,000;0,000;0,000;0,000;RRR 1.5in;24,5;1015;46;'26.07.2023 16:06:25.980;;
2000;-299,353;-3113,129;-328,762;0,000;0,000;0,000;0,000;RRR 1.5in;24,5;1015;46;'26.07.2023 16:06:25.990;;
2001;-299,868;-3113,063;-328,746;0,000;0,000;0,000;0,000;RRR 1.5in;24,5;1015;46;'26.07.2023 16:06:26.000;;
2002;-300,354;-3113,015;-328,738;0,000;0,000;0,000;0,000;RRR 1.5in;24,5;1015;46;'26.07.2023 16:06:26.010;;
2003;-300,851;-3113,005;-328,752;0,000;0,000;0,000;0,000;RRR 1.5in;24,5;1015;46;'26.07.2023 16:06:26.020;;
2004;-301,355;-3112,996;-328,764;0,000;0,000;0,000;0,000;RRR 1.5in;24,5;1015;46;'26.07.2023 16:06:26.030;;
2005;-301,878;-3112,952;-328,755;0,000;0,000;0,000;0,000;RRR 1.5in;24,5;1015;46;'26.07.2023 16:06:26.040;;
2006;-302,389;-3112,923;-328,749;0,000;0,000;0,000;0,000;RRR 1.5in;24,5;1015;46;'26.07.2023 16:06:26.050;;
2007;-302,897;-3112,931;-328,767;0,000;0,000;0,000;0,000;RRR 1.5in;24,5;1015;46;'26.07.2023 16:06:26.060;;
2008;-303,390;-3112,928;-328,777;0,000;0,000;0,000;0,000;RRR 1.5in;24,5;1015;46;'26.07.2023 16:06:26.070;;
2009;-303,887;-3112,881;-328,765;0,000;0,000;0,000;0,000;RRR 1.5in;24,5;1015;46;'26.07.2023 16:06:26.080;;
2010;-304,384;-3112,836;-328,754;0,000;0,000;0,000;0,000;RRR 1.5in;24,5;1015;46;'26.07.2023 16:06:26.090;;
2011;-304,877;-3112,826;-328,769;0,000;0,000;0,000;0,000;RRR 1.5in;24,5;1015;46;'26.07.2023 16:06:26.100;;
2012;-305,369;-3112,806;-328,783;0,000;0,000;0,000;0,000;RRR 1.5in;24,5;1015;46;'26.07.2023 16:06:26.110;;
2013;-305,859;-3112,744;-328,774;0,000;0,000;0,000;0,000;RRR 1.5in;24,5;1015;46;'26.07.2023 16:06:26.120;;
2014;-306,360;-3112,680;-328,755;0,000;0,000;0,000;0,000;RRR 1.5in;24,5;1015;46;'26.07.2023 16:06:26.130;;
2015;-306,852;-3112,668;-328,757;0,000;0,000;0,000;0,000;RRR 1.5in;24,5;1015;46;'26.07.2023 16:06:26.140;;
2016;-307,347;-3112,681;-328,774;0,000;0,000;0,000;0,000;RRR 1.5in;24,5;1015;46;'26.07.2023 16:06:26.150;;
2017;-307,835;-3112,657;-328,773;0,000;0,000;0,000;0,000;RRR 1.5in;24,5;1015;46;'26.07.2023 16:06:26.160;;
2018;-308,352;-3112,588;-328,753;0,000;0,000;0,000;0,000;RRR 1.5in;24,5;1015;46;'26.07.2023 16:06:26.170;;
2019;-308,858;-3112,539;-328,746;0,000;0,000;0,000;0,000;RRR 1.5in;24,5;1015;46;'26.07.2023 16:06:26.180;;
2020;-309,363;-3112,536;-328,764;0,000;0,000;0,000;0,000;RRR 1.5in;24,5;1015;46;'26.07.2023 16:06:26.190;;
2021;-309,857;-3112,535;-328,777;0,000;0,000;0,000;0,000;RRR 1.5in;24,5;1015;46;'26.07.2023 16:06:26.200;;
2022;-310,361;-3112,502;-328,769;0,000;0,000;0,000;0,000;RRR 1.5in;24,5;1015;46;'26.07.2023 16:06:26.210;;
2023;-310,871;-3112,466;-328,766;0,000;0,000;0,000;0,000;RRR 1.5in;24,5;1015;46;'26.07.2023 16:06:26.220;;
2024;-311,371;-3112,450;-328,777;0,000;0,000;0,000;0,000;RRR 1.5in;24,5;1015;46;'26.07.2023 16:06:26.230;;
2025;-311,863;-3112,437;-328,784;0,000;0,000;0,000;0,000;RRR 1.5in;24,5;1015;46;'26.07.2023 16:06:26.240;;
2026;-312,347;-3112,409;-328,780;0,000;0,000;0,000;0,000;RRR 1.5in;24,5;1015;46;'26.07.2023 16:06:26.250;;
2027;-312,844;-3112,361;-328,763;0,000;0,000;0,000;0,000;RRR 1.5in;24,5;1015;46;'26.07.2023 16:06:26.260;;
2028;-313,328;-3112,334;-328,760;0,000;0,000;0,000;0,000;RRR 1.5in;24,5;1015;46;'26.07.2023 16:06:26.270;;
2029;-313,835;-3112,320;-328,769;0,000;0,000;0,000;0,000;RRR 1.5in;24,5;1015;46;'26.07.2023 16:06:26.280;;
2030;-314,337;-3112,278;-328,770;0,000;0,000;0,000;0,000;RRR 1.5in;24,5;1015;46;'26.07.2023 16:06:26.290;;
2031;-314,844;-3112,199;-328,747;0,000;0,000;0,000;0,000;RRR 1.5in;24,5;1015;46;'26.07.2023 16:06:26.300;;
2032;-315,336;-3112,155;-328,733;0,000;0,000;0,000;0,000;RRR 1.5in;24,5;1015;46;'26.07.2023 16:06:26.310;;
2033;-315,839;-3112,165;-328,747;0,000;0,000;0,000;0,000;RRR 1.5in;24,5;1015;46;'26.07.2023 16:06:26.320;;
2034;-316,338;-3112,178;-328,766;0,000;0,000;0,000;0,000;RRR 1.5in;24,5;1015;46;'26.07.2023 16:06:26.330;;
2035;-316,851;-3112,137;-328,765;0,000;0,000;0,000;0,000;RRR 1.5in;24,5;1015;46;'26.07.2023 16:06:26.340;;
2036;-317,354;-3112,071;-328,751;0,000;0,000;0,000;0,000;RRR 1.5in;24,5;1015;46;'26.07.2023 16:06:26.350;;
2037;-317,848;-3112,036;-328,752;0,000;0,000;0,000;0,000;RRR 1.5in;24,5;1015;46;'26.07.2023 16:06:26.360;;
2038;-318,343;-3112,034;-328,770;0,000;0,000;0,000;0,000;RRR 1.5in;24,5;1015;46;'26.07.2023 16:06:26.370;;
2039;-318,832;-3112,012;-328,772;0,000;0,000;0,000;0,000;RRR 1.5in;24,5;1015;46;'26.07.2023 16:06:26.380;;
2040;-319,331;-3111,964;-328,752;0,000;0,000;0,000;0,000;RRR 1.5in;24,5;1015;46;'26.07.2023 16:06:26.390;;
2041;-319,823;-3111,940;-328,747;0,000;0,000;0,000;0,000;RRR 1.5in;24,5;1015;46;'26.07.2023 16:06:26.400;;
2042;-320,336;-3111,937;-328,764;0,000;0,000;0,000;0,000;RRR 1.5in;24,5;1015;46;'26.07.2023 16:06:26.410;;
2043;-320,831;-3111,907;-328,766;0,000;0,000;0,000;0,000;RRR 1.5in;24,5;1015;46;'26.07.2023 16:06:26.420;;
2044;-321,325;-3111,847;-328,745;0,000;0,000;0,000;0,000;RRR 1.5in;24,5;1015;46;'26.07.2023 16:06:26.430;;
2045;-321,814;-3111,817;-328,738;0,000;0,000;0,000;0,000;RRR 1.5in;24,5;1015;46;'26.07.2023 16:06:26.440;;
2046;-322,327;-3111,821;-328,760;0,000;0,000;0,000;0,000;RRR 1.5in;24,5;1015;46;'26.07.2023 16:06:26.450;;
2047;-322,846;-3111,801;-328,773;0,000;0,000;0,000;0,000;RRR 1.5in;24,5;1015;46;'26.07.2023 16:06:26.460;;
2048;-323,346;-3111,730;-328,758;0,000;0,000;0,000;0,000;RRR 1.5in;24,5;1015;46;'26.07.2023 16:06:26.470;;
2049;-323,834;-3111,665;-328,741;0,000;0,000;0,000;0,000;RRR 1.5in;24,5;1015;46;'26.07.2023 16:06:26.480;;
2050;-324,310;-3111,653;-328,747;0,000;0,000;0,000;0,000;RRR 1.5in;24,5;1015;46;'26.07.2023 16:06:26.490;;
2051;-324,813;-3111,657;-328,760;0,000;0,000;0,000;0,000;RRR 1.5in;24,5;1015;46;'26.07.2023 16:06:26.500;;
2052;-325,315;-3111,634;-328,756;0,000;0,000;0,000;0,000;RRR 1.5in;24,5;1015;46;'26.07.2023 16:06:26.510;;
2053;-325,828;-3111,586;-328,739;0,000;0,000;0,000;0,000;RRR 1.5in;24,5;1015;46;'26.07.2023 16:06:26.520;;
2054;-326,316;-3111,564;-328,739;0,000;0,000;0,000;0,000;RRR 1.5in;24,5;1015;46;'26.07.2023 16:06:26.530;;
2055;-326,809;-3111,557;-328,749;0,000;0,000;0,000;0,000;RRR 1.5in;24,5;1015;46;'26.07.2023 16:06:26.540;;
2056;-327,296;-3111,537;-328,749;0,000;0,000;0,000;0,000;RRR 1.5in;24,5;1015;46;'26.07.2023 16:06:26.550;;
2057;-327,801;-3111,502;-328,748;0,000;0,000;0,000;0,000;RRR 1.5in;24,5;1015;46;'26.07.2023 16:06:26.560;;
2058;-328,309;-3111,467;-328,751;0,000;0,000;0,000;0,000;RRR 1.5in;24,5;1015;46;'26.07.2023 16:06:26.570;;
2059;-328,807;-3111,443;-328,762;0,000;0,000;0,000;0,000;RRR 1.5in;24,5;1015;46;'26.07.2023 16:06:26.580;;
2060;-329,309;-3111,410;-328,767;0,000;0,000;0,000;0,000;RRR 1.5in;24,5;1015;46;'26.07.2023 16:06:26.590;;
2061;-329,798;-3111,362;-328,767;0,000;0,000;0,000;0,000;RRR 1.5in;24,5;1015;46;'26.07.2023 16:06:26.600;;
2062;-330,294;-3111,309;-328,757;0,000;0,000;0,000;0,000;RRR 1.5in;24,5;1015;46;'26.07.2023 16:06:26.610;;
2063;-330,785;-3111,284;-328,752;0,000;0,000;0,000;0,000;RRR 1.5in;24,5;1015;46;'26.07.2023 16:06:26.620;;
2064;-331,303;-3111,272;-328,756;0,000;0,000;0,000;0,000;RRR 1.5in;24,5;1015;46;'26.07.2023 16:06:26.630;;
2065;-331,814;-3111,245;-328,757;0,000;0,000;0,000;0,000;RRR 1.5in;24,5;1015;46;'26.07.2023 16:06:26.640;;
2066;-332,319;-3111,189;-328,748;0,000;0,000;0,000;0,000;RRR 1.5in;24,5;1015;46;'26.07.2023 16:06:26.650;;
2067;-332,803;-3111,140;-328,732;0,000;0,000;0,000;0,000;RRR 1.5in;24,5;1015;46;'26.07.2023 16:06:26.660;;
2068;-333,293;-3111,130;-328,736;0,000;0,000;0,000;0,000;RRR 1.5in;24,5;1015;46;'26.07.2023 16:06:26.670;;
2069;-333,803;-3111,132;-328,752;0,000;0,000;0,000;0,000;RRR 1.5in;24,5;1015;46;'26.07.2023 16:06:26.680;;
2070;-334,316;-3111,110;-328,760;0,000;0,000;0,000;0,000;RRR 1.5in;24,5;1015;46;'26.07.2023 16:06:26.690;;
2071;-334,824;-3111,062;-328,753;0,000;0,000;0,000;0,000;RRR 1.5in;24,5;1015;46;'26.07.2023 16:06:26.700;;
2072;-335,302;-3111,028;-328,748;0,000;0,000;0,000;0,000;RRR 1.5in;24,5;1015;46;'26.07.2023 16:06:26.710;;
2073;-335,799;-3111,019;-328,761;0,000;0,000;0,000;0,000;RRR 1.5in;24,5;1015;46;'26.07.2023 16:06:26.720;;
2074;-336,292;-3111,001;-328,768;0,000;0,000;0,000;0,000;RRR 1.5in;24,5;1015;46;'26.07.2023 16:06:26.730;;
2075;-336,798;-3110,957;-328,757;0,000;0,000;0,000;0,000;RRR 1.5in;24,5;1015;46;'26.07.2023 16:06:26.740;;
2076;-337,298;-3110,917;-328,746;0,000;0,000;0,000;0,000;RRR 1.5in;24,5;1015;46;'26.07.2023 16:06:26.750;;
2077;-337,798;-3110,900;-328,755;0,000;0,000;0,000;0,000;RRR 1.5in;24,5;1015;46;'26.07.2023 16:06:26.760;;
2078;-338,298;-3110,877;-328,760;0,000;0,000;0,000;0,000;RRR 1.5in;24,5;1015;46;'26.07.2023 16:06:26.770;;
2079;-338,780;-3110,827;-328,749;0,000;0,000;0,000;0,000;RRR 1.5in;24,5;1015;46;'26.07.2023 16:06:26.780;;
2080;-339,272;-3110,780;-328,735;0,000;0,000;0,000;0,000;RRR 1.5in;24,5;1015;46;'26.07.2023 16:06:26.790;;
2081;-339,771;-3110,765;-328,740;0,000;0,000;0,000;0,000;RRR 1.5in;24,5;1015;46;'26.07.2023 16:06:26.800;;
2082;-340,294;-3110,761;-328,760;0,000;0,000;0,000;0,000;RRR 1.5in;24,5;1015;46;'26.07.2023 16:06:26.810;;
2083;-340,811;-3110,722;-328,764;0,000;0,000;0,000;0,000;RRR 1.5in;24,5;1015;46;'26.07.2023 16:06:26.820;;
2084;-341,318;-3110,650;-328,751;0,000;0,000;0,000;0,000;RRR 1.5in;24,5;1015;46;'26.07.2023 16:06:26.830;;
2085;-341,808;-3110,611;-328,743;0,000;0,000;0,000;0,000;RRR 1.5in;24,5;1015;46;'26.07.2023 16:06:26.840;;
2086;-342,304;-3110,622;-328,758;0,000;0,000;0,000;0,000;RRR 1.5in;24,5;1015;46;'26.07.2023 16:06:26.850;;
2087;-342,807;-3110,635;-328,767;0,000;0,000;0,000;0,000;RRR 1.5in;24,5;1015;46;'26.07.2023 16:06:26.860;;
2088;-343,308;-3110,609;-328,762;0,000;0,000;0,000;0,000;RRR 1.5in;24,5;1015;46;'26.07.2023 16:06:26.870;;
2089;-343,810;-3110,563;-328,753;0,000;0,000;0,000;0,000;RRR 1.5in;24,5;1015;46;'26.07.2023 16:06:26.880;;
2090;-344,290;-3110,527;-328,752;0,000;0,000;0,000;0,000;RRR 1.5in;24,5;1015;46;'26.07.2023 16:06:26.890;;
2091;-344,773;-3110,504;-328,759;0,000;0,000;0,000;0,000;RRR 1.5in;24,5;1015;46;'26.07.2023 16:06:26.900;;
2092;-345,257;-3110,472;-328,759;0,000;0,000;0,000;0,000;RRR 1.5in;24,5;1015;46;'26.07.2023 16:06:26.910;;
2093;-345,766;-3110,427;-328,756;0,000;0,000;0,000;0,000;RRR 1.5in;24,5;1015;46;'26.07.2023 16:06:26.920;;
2094;-346,281;-3110,389;-328,758;0,000;0,000;0,000;0,000;RRR 1.5in;24,5;1015;46;'26.07.2023 16:06:26.930;;
2095;-346,792;-3110,361;-328,765;0,000;0,000;0,000;0,000;RRR 1.5in;24,5;1015;46;'26.07.2023 16:06:26.940;;
2096;-347,291;-3110,332;-328,768;0,000;0,000;0,000;0,000;RRR 1.5in;24,5;1015;46;'26.07.2023 16:06:26.950;;
2097;-347,782;-3110,292;-328,764;0,000;0,000;0,000;0,000;RRR 1.5in;24,5;1015;46;'26.07.2023 16:06:26.960;;
2098;-348,288;-3110,254;-328,755;0,000;0,000;0,000;0,000;RRR 1.5in;24,5;1015;46;'26.07.2023 16:06:26.970;;
2099;-348,799;-3110,240;-328,749;0,000;0,000;0,000;0,000;RRR 1.5in;24,5;1015;46;'26.07.2023 16:06:26.980;;
2100;-349,318;-3110,240;-328,758;0,000;0,000;0,000;0,000;RRR 1.5in;24,5;1015;46;'26.07.2023 16:06:26.990;;
2101;-349,831;-3110,218;-328,766;0,000;0,000;0,000;0,000;RRR 1.5in;24,5;1015;46;'26.07.2023 16:06:27.000;;
2102;-350,333;-3110,156;-328,761;0,000;0,000;0,000;0,000;RRR 1.5in;24,5;1015;46;'26.07.2023 16:06:27.010;;
2103;-350,821;-3110,091;-328,749;0,000;0,000;0,000;0,000;RRR 1.5in;24,5;1015;46;'26.07.2023 16:06:27.020;;
2104;-351,304;-3110,079;-328,754;0,000;0,000;0,000;0,000;RRR 1.5in;24,5;1015;46;'26.07.2023 16:06:27.030;;
2105;-351,803;-3110,102;-328,777;0,000;0,000;0,000;0,000;RRR 1.5in;24,5;1015;46;'26.07.2023 16:06:27.040;;
2106;-352,300;-3110,096;-328,788;0,000;0,000;0,000;0,000;RRR 1.5in;24,5;1015;46;'26.07.2023 16:06:27.050;;
2107;-352,806;-3110,042;-328,782;0,000;0,000;0,000;0,000;RRR 1.5in;24,5;1015;46;'26.07.2023 16:06:27.060;;
2108;-353,291;-3109,983;-328,775;0,000;0,000;0,000;0,000;RRR 1.5in;24,5;1015;46;'26.07.2023 16:06:27.070;;
2109;-353,776;-3109,950;-328,782;0,000;0,000;0,000;0,000;RRR 1.5in;24,5;1015;46;'26.07.2023 16:06:27.080;;
2110;-354,272;-3109,927;-328,787;0,000;0,000;0,000;0,000;RRR 1.5in;24,5;1015;46;'26.07.2023 16:06:27.090;;
2111;-354,784;-3109,890;-328,778;0,000;0,000;0,000;0,000;RRR 1.5in;24,5;1015;46;'26.07.2023 16:06:27.100;;
2112;-355,301;-3109,858;-328,762;0,000;0,000;0,000;0,000;RRR 1.5in;24,5;1015;46;'26.07.2023 16:06:27.110;;
2113;-355,810;-3109,857;-328,768;0,000;0,000;0,000;0,000;RRR 1.5in;24,5;1015;46;'26.07.2023 16:06:27.120;;
2114;-356,316;-3109,847;-328,780;0,000;0,000;0,000;0,000;RRR 1.5in;24,5;1015;46;'26.07.2023 16:06:27.130;;
2115;-356,807;-3109,792;-328,775;0,000;0,000;0,000;0,000;RRR 1.5in;24,5;1015;46;'26.07.2023 16:06:27.140;;
2116;-357,315;-3109,719;-328,762;0,000;0,000;0,000;0,000;RRR 1.5in;24,5;1015;46;'26.07.2023 16:06:27.150;;
2117;-357,818;-3109,693;-328,764;0,000;0,000;0,000;0,000;RRR 1.5in;24,5;1015;46;'26.07.2023 16:06:27.160;;
2118;-358,326;-3109,705;-328,787;0,000;0,000;0,000;0,000;RRR 1.5in;24,5;1015;46;'26.07.2023 16:06:27.170;;
2119;-358,829;-3109,694;-328,798;0,000;0,000;0,000;0,000;RRR 1.5in;24,5;1015;46;'26.07.2023 16:06:27.180;;
2120;-359,319;-3109,637;-328,784;0,000;0,000;0,000;0,000;RRR 1.5in;24,5;1015;46;'26.07.2023 16:06:27.190;;
2121;-359,798;-3109,587;-328,774;0,000;0,000;0,000;0,000;RRR 1.5in;24,5;1015;46;'26.07.2023 16:06:27.200;;
2122;-360,276;-3109,578;-328,779;0,000;0,000;0,000;0,000;RRR 1.5in;24,5;1015;46;'26.07.2023 16:06:27.210;;
2123;-360,767;-3109,585;-328,788;0,000;0,000;0,000;0,000;RRR 1.5in;24,5;1015;46;'26.07.2023 16:06:27.220;;
2124;-361,273;-3109,565;-328,783;0,000;0,000;0,000;0,000;RRR 1.5in;24,5;1015;46;'26.07.2023 16:06:27.230;;
2125;-361,787;-3109,523;-328,778;0,000;0,000;0,000;0,000;RRR 1.5in;24,5;1015;46;'26.07.2023 16:06:27.240;;
2126;-362,290;-3109,483;-328,780;0,000;0,000;0,000;0,000;RRR 1.5in;24,5;1015;46;'26.07.2023 16:06:27.250;;
2127;-362,772;-3109,450;-328,785;0,000;0,000;0,000;0,000;RRR 1.5in;24,5;1015;46;'26.07.2023 16:06:27.260;;
2128;-363,266;-3109,411;-328,784;0,000;0,000;0,000;0,000;RRR 1.5in;24,5;1015;46;'26.07.2023 16:06:27.270;;
2129;-363,776;-3109,377;-328,785;0,000;0,000;0,000;0,000;RRR 1.5in;24,5;1015;46;'26.07.2023 16:06:27.280;;
2130;-364,304;-3109,354;-328,795;0,000;0,000;0,000;0,000;RRR 1.5in;24,5;1015;46;'26.07.2023 16:06:27.290;;
2131;-364,812;-3109,332;-328,805;0,000;0,000;0,000;0,000;RRR 1.5in;24,5;1015;46;'26.07.2023 16:06:27.300;;
2132;-365,309;-3109,294;-328,804;0,000;0,000;0,000;0,000;RRR 1.5in;24,5;1015;46;'26.07.2023 16:06:27.310;;
2133;-365,807;-3109,250;-328,799;0,000;0,000;0,000;0,000;RRR 1.5in;24,5;1015;46;'26.07.2023 16:06:27.320;;
2134;-366,308;-3109,216;-328,798;0,000;0,000;0,000;0,000;RRR 1.5in;24,5;1015;46;'26.07.2023 16:06:27.330;;
2135;-366,812;-3109,199;-328,796;0,000;0,000;0,000;0,000;RRR 1.5in;24,5;1015;46;'26.07.2023 16:06:27.340;;
2136;-367,302;-3109,192;-328,786;0,000;0,000;0,000;0,000;RRR 1.5in;24,5;1015;46;'26.07.2023 16:06:27.350;;
2137;-367,799;-3109,188;-328,783;0,000;0,000;0,000;0,000;RRR 1.5in;24,5;1015;46;'26.07.2023 16:06:27.360;;
2138;-368,296;-3109,169;-328,790;0,000;0,000;0,000;0,000;RRR 1.5in;24,5;1015;46;'26.07.2023 16:06:27.370;;
2139;-368,784;-3109,117;-328,792;0,000;0,000;0,000;0,000;RRR 1.5in;24,5;1015;46;'26.07.2023 16:06:27.380;;
2140;-369,269;-3109,050;-328,785;0,000;0,000;0,000;0,000;RRR 1.5in;24,5;1015;46;'26.07.2023 16:06:27.390;;
2141;-369,750;-3109,018;-328,788;0,000;0,000;0,000;0,000;RRR 1.5in;24,5;1015;46;'26.07.2023 16:06:27.400;;
2142;-370,262;-3109,019;-328,809;0,000;0,000;0,000;0,000;RRR 1.5in;24,5;1015;46;'26.07.2023 16:06:27.410;;
2143;-370,770;-3109,014;-328,826;0,000;0,000;0,000;0,000;RRR 1.5in;24,5;1015;46;'26.07.2023 16:06:27.420;;
2144;-371,284;-3108,968;-328,821;0,000;0,000;0,000;0,000;RRR 1.5in;24,5;1015;46;'26.07.2023 16:06:27.430;;
2145;-371,775;-3108,913;-328,810;0,000;0,000;0,000;0,000;RRR 1.5in;24,5;1015;46;'26.07.2023 16:06:27.440;;
2146;-372,278;-3108,880;-328,807;0,000;0,000;0,000;0,000;RRR 1.5in;24,5;1015;46;'26.07.2023 16:06:27.450;;
2147;-372,795;-3108,868;-328,811;0,000;0,000;0,000;0,000;RRR 1.5in;24,5;1015;46;'26.07.2023 16:06:27.460;;
2148;-373,306;-3108,847;-328,801;0,000;0,000;0,000;0,000;RRR 1.5in;24,5;1015;46;'26.07.2023 16:06:27.470;;
2149;-373,818;-3108,819;-328,791;0,000;0,000;0,000;0,000;RRR 1.5in;24,5;1015;46;'26.07.2023 16:06:27.480;;
2150;-374,310;-3108,793;-328,784;0,000;0,000;0,000;0,000;RRR 1.5in;24,5;1015;46;'26.07.2023 16:06:27.490;;
2151;-374,808;-3108,768;-328,795;0,000;0,000;0,000;0,000;RRR 1.5in;24,5;1015;46;'26.07.2023 16:06:27.500;;
2152;-375,298;-3108,721;-328,802;0,000;0,000;0,000;0,000;RRR 1.5in;24,5;1015;46;'26.07.2023 16:06:27.510;;
2153;-375,780;-3108,660;-328,798;0,000;0,000;0,000;0,000;RRR 1.5in;24,5;1015;46;'26.07.2023 16:06:27.520;;
2154;-376,265;-3108,628;-328,801;0,000;0,000;0,000;0,000;RRR 1.5in;24,5;1015;46;'26.07.2023 16:06:27.530;;
2155;-376,760;-3108,635;-328,816;0,000;0,000;0,000;0,000;RRR 1.5in;24,5;1015;46;'26.07.2023 16:06:27.540;;
2156;-377,259;-3108,639;-328,832;0,000;0,000;0,000;0,000;RRR 1.5in;24,5;1015;46;'26.07.2023 16:06:27.550;;
2157;-377,749;-3108,606;-328,833;0,000;0,000;0,000;0,000;RRR 1.5in;24,5;1015;46;'26.07.2023 16:06:27.560;;
2158;-378,237;-3108,545;-328,825;0,000;0,000;0,000;0,000;RRR 1.5in;24,5;1015;46;'26.07.2023 16:06:27.570;;
2159;-378,734;-3108,491;-328,813;0,000;0,000;0,000;0,000;RRR 1.5in;24,5;1015;46;'26.07.2023 16:06:27.580;;
2160;-379,245;-3108,475;-328,810;0,000;0,000;0,000;0,000;RRR 1.5in;24,5;1015;46;'26.07.2023 16:06:27.590;;
2161;-379,773;-3108,482;-328,813;0,000;0,000;0,000;0,000;RRR 1.5in;24,5;1015;46;'26.07.2023 16:06:27.600;;
2162;-380,279;-3108,477;-328,813;0,000;0,000;0,000;0,000;RRR 1.5in;24,5;1015;46;'26.07.2023 16:06:27.610;;
2163;-380,779;-3108,442;-328,806;0,000;0,000;0,000;0,000;RRR 1.5in;24,5;1015;46;'26.07.2023 16:06:27.620;;
2164;-381,278;-3108,393;-328,805;0,000;0,000;0,000;0,000;RRR 1.5in;24,5;1015;46;'26.07.2023 16:06:27.630;;
2165;-381,776;-3108,344;-328,808;0,000;0,000;0,000;0,000;RRR 1.5in;24,5;1015;46;'26.07.2023 16:06:27.640;;
2166;-382,278;-3108,303;-328,817;0,000;0,000;0,000;0,000;RRR 1.5in;24,5;1015;46;'26.07.2023 16:06:27.650;;
2167;-382,767;-3108,270;-328,824;0,000;0,000;0,000;0,000;RRR 1.5in;24,5;1015;46;'26.07.2023 16:06:27.660;;
2168;-383,263;-3108,232;-328,824;0,000;0,000;0,000;0,000;RRR 1.5in;24,5;1015;46;'26.07.2023 16:06:27.670;;
2169;-383,743;-3108,201;-328,819;0,000;0,000;0,000;0,000;RRR 1.5in;24,5;1015;46;'26.07.2023 16:06:27.680;;
2170;-384,238;-3108,182;-328,819;0,000;0,000;0,000;0,000;RRR 1.5in;24,5;1015;46;'26.07.2023 16:06:27.690;;
2171;-384,730;-3108,168;-328,821;0,000;0,000;0,000;0,000;RRR 1.5in;24,5;1015;46;'26.07.2023 16:06:27.700;;
2172;-385,227;-3108,137;-328,813;0,000;0,000;0,000;0,000;RRR 1.5in;24,5;1015;46;'26.07.2023 16:06:27.710;;
2173;-385,729;-3108,106;-328,802;0,000;0,000;0,000;0,000;RRR 1.5in;24,5;1015;46;'26.07.2023 16:06:27.720;;
2174;-386,232;-3108,094;-328,794;0,000;0,000;0,000;0,000;RRR 1.5in;24,5;1015;46;'26.07.2023 16:06:27.730;;
2175;-386,738;-3108,105;-328,806;0,000;0,000;0,000;0,000;RRR 1.5in;24,5;1015;46;'26.07.2023 16:06:27.740;;
2176;-387,248;-3108,091;-328,817;0,000;0,000;0,000;0,000;RRR 1.5in;24,5;1015;46;'26.07.2023 16:06:27.750;;
2177;-387,753;-3108,033;-328,814;0,000;0,000;0,000;0,000;RRR 1.5in;24,5;1015;46;'26.07.2023 16:06:27.760;;
2178;-388,256;-3107,965;-328,804;0,000;0,000;0,000;0,000;RRR 1.5in;24,5;1015;46;'26.07.2023 16:06:27.770;;
2179;-388,750;-3107,944;-328,811;0,000;0,000;0,000;0,000;RRR 1.5in;24,5;1015;46;'26.07.2023 16:06:27.780;;
2180;-389,251;-3107,948;-328,832;0,000;0,000;0,000;0,000;RRR 1.5in;24,5;1015;46;'26.07.2023 16:06:27.790;;
2181;-389,742;-3107,925;-328,835;0,000;0,000;0,000;0,000;RRR 1.5in;24,5;1015;46;'26.07.2023 16:06:27.800;;
2182;-390,234;-3107,865;-328,823;0,000;0,000;0,000;0,000;RRR 1.5in;24,5;1015;46;'26.07.2023 16:06:27.810;;
2183;-390,722;-3107,809;-328,814;0,000;0,000;0,000;0,000;RRR 1.5in;24,5;1015;46;'26.07.2023 16:06:27.820;;
2184;-391,210;-3107,777;-328,815;0,000;0,000;0,000;0,000;RRR 1.5in;24,5;1015;46;'26.07.2023 16:06:27.830;;
2185;-391,720;-3107,756;-328,821;0,000;0,000;0,000;0,000;RRR 1.5in;24,5;1015;46;'26.07.2023 16:06:27.840;;
2186;-392,218;-3107,723;-328,811;0,000;0,000;0,000;0,000;RRR 1.5in;24,5;1015;46;'26.07.2023 16:06:27.850;;
2187;-392,721;-3107,691;-328,802;0,000;0,000;0,000;0,000;RRR 1.5in;24,5;1015;46;'26.07.2023 16:06:27.860;;
2188;-393,216;-3107,679;-328,807;0,000;0,000;0,000;0,000;RRR 1.5in;24,5;1015;46;'26.07.2023 16:06:27.870;;
2189;-393,721;-3107,670;-328,819;0,000;0,000;0,000;0,000;RRR 1.5in;24,5;1015;46;'26.07.2023 16:06:27.880;;
2190;-394,228;-3107,642;-328,825;0,000;0,000;0,000;0,000;RRR 1.5in;24,5;1015;46;'26.07.2023 16:06:27.890;;
2191;-394,727;-3107,601;-328,822;0,000;0,000;0,000;0,000;RRR 1.5in;24,5;1015;46;'26.07.2023 16:06:27.900;;
2192;-395,226;-3107,577;-328,825;0,000;0,000;0,000;0,000;RRR 1.5in;24,5;1015;46;'26.07.2023 16:06:27.910;;
2193;-395,723;-3107,569;-328,829;0,000;0,000;0,000;0,000;RRR 1.5in;24,5;1015;46;'26.07.2023 16:06:27.920;;
2194;-396,223;-3107,557;-328,828;0,000;0,000;0,000;0,000;RRR 1.5in;24,5;1015;46;'26.07.2023 16:06:27.930;;
2195;-396,724;-3107,528;-328,824;0,000;0,000;0,000;0,000;RRR 1.5in;24,5;1015;46;'26.07.2023 16:06:27.940;;
2196;-397,216;-3107,486;-328,818;0,000;0,000;0,000;0,000;RRR 1.5in;24,5;1015;46;'26.07.2023 16:06:27.950;;
2197;-397,718;-3107,435;-328,812;0,000;0,000;0,000;0,000;RRR 1.5in;24,5;1015;46;'26.07.2023 16:06:27.960;;
2198;-398,218;-3107,390;-328,801;0,000;0,000;0,000;0,000;RRR 1.5in;24,5;1015;46;'26.07.2023 16:06:27.970;;
2199;-398,717;-3107,369;-328,799;0,000;0,000;0,000;0,000;RRR 1.5in;24,5;1015;46;'26.07.2023 16:06:27.980;;
2200;-399,212;-3107,362;-328,807;0,000;0,000;0,000;0,000;RRR 1.5in;24,5;1015;46;'26.07.2023 16:06:27.990;;
2201;-399,701;-3107,336;-328,814;0,000;0,000;0,000;0,000;RRR 1.5in;24,5;1015;46;'26.07.2023 16:06:28.000;;
2202;-400,214;-3107,279;-328,814;0,000;0,000;0,000;0,000;RRR 1.5in;24,5;1015;46;'26.07.2023 16:06:28.010;;
2203;-400,719;-3107,217;-328,805;0,000;0,000;0,000;0,000;RRR 1.5in;24,5;1015;46;'26.07.2023 16:06:28.020;;
2204;-401,221;-3107,197;-328,811;0,000;0,000;0,000;0,000;RRR 1.5in;24,5;1015;46;'26.07.2023 16:06:28.030;;
2205;-401,716;-3107,201;-328,827;0,000;0,000;0,000;0,000;RRR 1.5in;24,5;1015;46;'26.07.2023 16:06:28.040;;
2206;-402,213;-3107,184;-328,827;0,000;0,000;0,000;0,000;RRR 1.5in;24,5;1015;46;'26.07.2023 16:06:28.050;;
2207;-402,725;-3107,146;-328,817;0,000;0,000;0,000;0,000;RRR 1.5in;24,5;1015;46;'26.07.2023 16:06:28.060;;
2208;-403,220;-3107,120;-328,810;0,000;0,000;0,000;0,000;RRR 1.5in;24,5;1015;46;'26.07.2023 16:06:28.070;;
2209;-403,709;-3107,115;-328,819;0,000;0,000;0,000;0,000;RRR 1.5in;24,5;1015;46;'26.07.2023 16:06:28.080;;
2210;-404,201;-3107,095;-328,828;0,000;0,000;0,000;0,000;RRR 1.5in;24,5;1015;46;'26.07.2023 16:06:28.090;;
2211;-404,702;-3107,040;-328,815;0,000;0,000;0,000;0,000;RRR 1.5in;24,5;1015;46;'26.07.2023 16:06:28.100;;
2212;-405,207;-3106,994;-328,802;0,000;0,000;0,000;0,000;RRR 1.5in;24,5;1015;46;'26.07.2023 16:06:28.110;;
2213;-405,693;-3106,993;-328,806;0,000;0,000;0,000;0,000;RRR 1.5in;24,5;1015;46;'26.07.2023 16:06:28.120;;
2214;-406,187;-3107,007;-328,825;0,000;0,000;0,000;0,000;RRR 1.5in;24,5;1015;46;'26.07.2023 16:06:28.130;;
2215;-406,689;-3106,977;-328,832;0,000;0,000;0,000;0,000;RRR 1.5in;24,5;1015;46;'26.07.2023 16:06:28.140;;
2216;-407,199;-3106,897;-328,823;0,000;0,000;0,000;0,000;RRR 1.5in;24,5;1015;46;'26.07.2023 16:06:28.150;;
2217;-407,698;-3106,825;-328,821;0,000;0,000;0,000;0,000;RRR 1.5in;24,5;1015;46;'26.07.2023 16:06:28.160;;
2218;-408,175;-3106,791;-328,821;0,000;0,000;0,000;0,000;RRR 1.5in;24,5;1015;46;'26.07.2023 16:06:28.170;;
2219;-408,669;-3106,787;-328,833;0,000;0,000;0,000;0,000;RRR 1.5in;24,5;1015;46;'26.07.2023 16:06:28.180;;
2220;-409,180;-3106,769;-328,831;0,000;0,000;0,000;0,000;RRR 1.5in;24,5;1015;46;'26.07.2023 16:06:28.190;;
2221;-409,687;-3106,739;-328,817;0,000;0,000;0,000;0,000;RRR 1.5in;24,5;1015;46;'26.07.2023 16:06:28.200;;
2222;-410,191;-3106,717;-328,815;0,000;0,000;0,000;0,000;RRR 1.5in;24,5;1015;46;'26.07.2023 16:06:28.210;;
2223;-410,690;-3106,701;-328,818;0,000;0,000;0,000;0,000;RRR 1.5in;24,5;1015;46;'26.07.2023 16:06:28.220;;
2224;-411,209;-3106,669;-328,821;0,000;0,000;0,000;0,000;RRR 1.5in;24,5;1015;46;'26.07.2023 16:06:28.230;;
2225;-411,715;-3106,631;-328,818;0,000;0,000;0,000;0,000;RRR 1.5in;24,5;1015;46;'26.07.2023 16:06:28.240;;
2226;-412,210;-3106,610;-328,821;0,000;0,000;0,000;0,000;RRR 1.5in;24,5;1015;46;'26.07.2023 16:06:28.250;;
2227;-412,690;-3106,603;-328,831;0,000;0,000;0,000;0,000;RRR 1.5in;24,5;1015;46;'26.07.2023 16:06:28.260;;
2228;-413,175;-3106,579;-328,831;0,000;0,000;0,000;0,000;RRR 1.5in;24,5;1015;46;'26.07.2023 16:06:28.270;;
2229;-413,681;-3106,546;-328,836;0,000;0,000;0,000;0,000;RRR 1.5in;24,5;1015;46;'26.07.2023 16:06:28.280;;
2230;-414,167;-3106,508;-328,836;0,000;0,000;0,000;0,000;RRR 1.5in;24,5;1015;46;'26.07.2023 16:06:28.290;;
2231;-414,646;-3106,468;-328,834;0,000;0,000;0,000;0,000;RRR 1.5in;24,5;1015;46;'26.07.2023 16:06:28.300;;
2232;-415,145;-3106,431;-328,829;0,000;0,000;0,000;0,000;RRR 1.5in;24,5;1015;46;'26.07.2023 16:06:28.310;;
2233;-415,657;-3106,406;-328,822;0,000;0,000;0,000;0,000;RRR 1.5in;24,5;1015;46;'26.07.2023 16:06:28.320;;
2234;-416,173;-3106,395;-328,825;0,000;0,000;0,000;0,000;RRR 1.5in;24,5;1015;46;'26.07.2023 16:06:28.330;;
2235;-416,671;-3106,382;-328,834;0,000;0,000;0,000;0,000;RRR 1.5in;24,5;1015;46;'26.07.2023 16:06:28.340;;
2236;-417,170;-3106,336;-328,833;0,000;0,000;0,000;0,000;RRR 1.5in;24,5;1015;46;'26.07.2023 16:06:28.350;;
2237;-417,687;-3106,263;-328,822;0,000;0,000;0,000;0,000;RRR 1.5in;24,5;1015;46;'26.07.2023 16:06:28.360;;
2238;-418,197;-3106,218;-328,810;0,000;0,000;0,000;0,000;RRR 1.5in;24,5;1015;46;'26.07.2023 16:06:28.370;;
2239;-418,700;-3106,234;-328,827;0,000;0,000;0,000;0,000;RRR 1.5in;24,5;1015;46;'26.07.2023 16:06:28.380;;
2240;-419,188;-3106,249;-328,839;0,000;0,000;0,000;0,000;RRR 1.5in;24,5;1015;46;'26.07.2023 16:06:28.390;;
2241;-419,684;-3106,215;-328,835;0,000;0,000;0,000;0,000;RRR 1.5in;24,5;1015;46;'26.07.2023 16:06:28.400;;
2242;-420,190;-3106,146;-328,823;0,000;0,000;0,000;0,000;RRR 1.5in;24,5;1015;46;'26.07.2023 16:06:28.410;;
2243;-420,669;-3106,097;-328,818;0,000;0,000;0,000;0,000;RRR 1.5in;24,5;1015;46;'26.07.2023 16:06:28.420;;
2244;-421,146;-3106,089;-328,836;0,000;0,000;0,000;0,000;RRR 1.5in;24,5;1015;46;'26.07.2023 16:06:28.430;;
2245;-421,630;-3106,073;-328,843;0,000;0,000;0,000;0,000;RRR 1.5in;24,5;1015;46;'26.07.2023 16:06:28.440;;
2246;-422,135;-3106,028;-328,833;0,000;0,000;0,000;0,000;RRR 1.5in;24,5;1015;46;'26.07.2023 16:06:28.450;;
2247;-422,649;-3105,993;-328,824;0,000;0,000;0,000;0,000;RRR 1.5in;24,5;1015;46;'26.07.2023 16:06:28.460;;
2248;-423,137;-3105,995;-328,833;0,000;0,000;0,000;0,000;RRR 1.5in;24,5;1015;46;'26.07.2023 16:06:28.470;;
2249;-423,636;-3106,001;-328,851;0,000;0,000;0,000;0,000;RRR 1.5in;24,5;1015;46;'26.07.2023 16:06:28.480;;
2250;-424,151;-3105,957;-328,850;0,000;0,000;0,000;0,000;RRR 1.5in;24,5;1015;46;'26.07.2023 16:06:28.490;;
2251;-424,675;-3105,886;-328,832;0,000;0,000;0,000;0,000;RRR 1.5in;24,5;1015;46;'26.07.2023 16:06:28.500;;
2252;-425,186;-3105,855;-328,831;0,000;0,000;0,000;0,000;RRR 1.5in;24,5;1015;46;'26.07.2023 16:06:28.510;;
2253;-425,670;-3105,860;-328,834;0,000;0,000;0,000;0,000;RRR 1.5in;24,5;1015;46;'26.07.2023 16:06:28.520;;
2254;-426,162;-3105,864;-328,840;0,000;0,000;0,000;0,000;RRR 1.5in;24,5;1015;46;'26.07.2023 16:06:28.530;;
2255;-426,670;-3105,824;-328,834;0,000;0,000;0,000;0,000;RRR 1.5in;24,5;1015;46;'26.07.2023 16:06:28.540;;
2256;-427,164;-3105,759;-328,825;0,000;0,000;0,000;0,000;RRR 1.5in;24,5;1015;46;'26.07.2023 16:06:28.550;;
2257;-427,652;-3105,705;-328,826;0,000;0,000;0,000;0,000;RRR 1.5in;24,5;1015;46;'26.07.2023 16:06:28.560;;
2258;-428,133;-3105,666;-328,827;0,000;0,000;0,000;0,000;RRR 1.5in;24,5;1015;46;'26.07.2023 16:06:28.570;;
2259;-428,635;-3105,644;-328,831;0,000;0,000;0,000;0,000;RRR 1.5in;24,5;1015;46;'26.07.2023 16:06:28.580;;
2260;-429,138;-3105,636;-328,841;0,000;0,000;0,000;0,000;RRR 1.5in;24,5;1015;46;'26.07.2023 16:06:28.590;;
2261;-429,632;-3105,628;-328,849;0,000;0,000;0,000;0,000;RRR 1.5in;24,5;1015;46;'26.07.2023 16:06:28.600;;
2262;-430,133;-3105,608;-328,854;0,000;0,000;0,000;0,000;RRR 1.5in;24,5;1015;46;'26.07.2023 16:06:28.610;;
2263;-430,636;-3105,565;-328,845;0,000;0,000;0,000;0,000;RRR 1.5in;24,5;1015;46;'26.07.2023 16:06:28.620;;
2264;-431,146;-3105,528;-328,842;0,000;0,000;0,000;0,000;RRR 1.5in;24,5;1015;46;'26.07.2023 16:06:28.630;;
2265;-431,643;-3105,513;-328,844;0,000;0,000;0,000;0,000;RRR 1.5in;24,5;1015;46;'26.07.2023 16:06:28.640;;
2266;-432,124;-3105,501;-328,841;0,000;0,000;0,000;0,000;RRR 1.5in;24,5;1015;46;'26.07.2023 16:06:28.650;;
2267;-432,625;-3105,476;-328,837;0,000;0,000;0,000;0,000;RRR 1.5in;24,5;1015;46;'26.07.2023 16:06:28.660;;
2268;-433,130;-3105,443;-328,832;0,000;0,000;0,000;0,000;RRR 1.5in;24,5;1015;46;'26.07.2023 16:06:28.670;;
2269;-433,633;-3105,421;-328,841;0,000;0,000;0,000;0,000;RRR 1.5in;24,5;1015;46;'26.07.2023 16:06:28.680;;
2270;-434,128;-3105,394;-328,857;0,000;0,000;0,000;0,000;RRR 1.5in;24,5;1015;46;'26.07.2023 16:06:28.690;;
2271;-434,621;-3105,330;-328,858;0,000;0,000;0,000;0,000;RRR 1.5in;24,5;1015;46;'26.07.2023 16:06:28.700;;
2272;-435,133;-3105,256;-328,850;0,000;0,000;0,000;0,000;RRR 1.5in;24,5;1015;46;'26.07.2023 16:06:28.710;;
2273;-435,636;-3105,218;-328,845;0,000;0,000;0,000;0,000;RRR 1.5in;24,5;1015;46;'26.07.2023 16:06:28.720;;
2274;-436,128;-3105,227;-328,852;0,000;0,000;0,000;0,000;RRR 1.5in;24,5;1015;46;'26.07.2023 16:06:28.730;;
2275;-436,617;-3105,238;-328,860;0,000;0,000;0,000;0,000;RRR 1.5in;24,5;1015;46;'26.07.2023 16:06:28.740;;
2276;-437,116;-3105,194;-328,851;0,000;0,000;0,000;0,000;RRR 1.5in;24,5;1015;46;'26.07.2023 16:06:28.750;;
2277;-437,618;-3105,116;-328,837;0,000;0,000;0,000;0,000;RRR 1.5in;24,5;1015;46;'26.07.2023 16:06:28.760;;
2278;-438,111;-3105,054;-328,827;0,000;0,000;0,000;0,000;RRR 1.5in;24,5;1015;46;'26.07.2023 16:06:28.770;;
2279;-438,588;-3105,044;-328,829;0,000;0,000;0,000;0,000;RRR 1.5in;24,5;1015;46;'26.07.2023 16:06:28.780;;
2280;-439,093;-3105,060;-328,846;0,000;0,000;0,000;0,000;RRR 1.5in;24,5;1015;46;'26.07.2023 16:06:28.790;;
2281;-439,602;-3105,056;-328,852;0,000;0,000;0,000;0,000;RRR 1.5in;24,5;1015;46;'26.07.2023 16:06:28.800;;
2282;-440,116;-3105,024;-328,853;0,000;0,000;0,000;0,000;RRR 1.5in;24,5;1015;46;'26.07.2023 16:06:28.810;;
2283;-440,620;-3104,987;-328,851;0,000;0,000;0,000;0,000;RRR 1.5in;24,5;1015;46;'26.07.2023 16:06:28.820;;
2284;-441,110;-3104,959;-328,851;0,000;0,000;0,000;0,000;RRR 1.5in;24,5;1015;46;'26.07.2023 16:06:28.830;;
2285;-441,615;-3104,945;-328,862;0,000;0,000;0,000;0,000;RRR 1.5in;24,5;1015;46;'26.07.2023 16:06:28.840;;
2286;-442,115;-3104,918;-328,861;0,000;0,000;0,000;0,000;RRR 1.5in;24,5;1015;46;'26.07.2023 16:06:28.850;;
2287;-442,612;-3104,883;-328,853;0,000;0,000;0,000;0,000;RRR 1.5in;24,5;1015;46;'26.07.2023 16:06:28.860;;
2288;-443,110;-3104,856;-328,850;0,000;0,000;0,000;0,000;RRR 1.5in;24,5;1015;46;'26.07.2023 16:06:28.870;;
2289;-443,593;-3104,833;-328,847;0,000;0,000;0,000;0,000;RRR 1.5in;24,5;1015;46;'26.07.2023 16:06:28.880;;
2290;-444,086;-3104,808;-328,854;0,000;0,000;0,000;0,000;RRR 1.5in;24,5;1015;46;'26.07.2023 16:06:28.890;;
2291;-444,582;-3104,765;-328,859;0,000;0,000;0,000;0,000;RRR 1.5in;24,5;1015;46;'26.07.2023 16:06:28.900;;
2292;-445,084;-3104,703;-328,853;0,000;0,000;0,000;0,000;RRR 1.5in;24,5;1015;46;'26.07.2023 16:06:28.910;;
2293;-445,592;-3104,656;-328,850;0,000;0,000;0,000;0,000;RRR 1.5in;24,5;1015;46;'26.07.2023 16:06:28.920;;
2294;-446,093;-3104,641;-328,852;0,000;0,000;0,000;0,000;RRR 1.5in;24,5;1015;46;'26.07.2023 16:06:28.930;;
2295;-446,594;-3104,647;-328,863;0,000;0,000;0,000;0,000;RRR 1.5in;24,5;1015;46;'26.07.2023 16:06:28.940;;
2296;-447,100;-3104,631;-328,871;0,000;0,000;0,000;0,000;RRR 1.5in;24,5;1015;46;'26.07.2023 16:06:28.950;;
2297;-447,607;-3104,578;-328,863;0,000;0,000;0,000;0,000;RRR 1.5in;24,5;1015;46;'26.07.2023 16:06:28.960;;
2298;-448,120;-3104,519;-328,859;0,000;0,000;0,000;0,000;RRR 1.5in;24,5;1015;46;'26.07.2023 16:06:28.970;;
2299;-448,622;-3104,483;-328,859;0,000;0,000;0,000;0,000;RRR 1.5in;24,5;1015;46;'26.07.2023 16:06:28.980;;
2300;-449,114;-3104,473;-328,864;0,000;0,000;0,000;0,000;RRR 1.5in;24,5;1015;46;'26.07.2023 16:06:28.990;;
2301;-449,608;-3104,473;-328,869;0,000;0,000;0,000;0,000;RRR 1.5in;24,5;1015;46;'26.07.2023 16:06:29.000;;
2302;-450,090;-3104,457;-328,861;0,000;0,000;0,000;0,000;RRR 1.5in;24,5;1015;46;'26.07.2023 16:06:29.010;;
2303;-450,582;-3104,432;-328,860;0,000;0,000;0,000;0,000;RRR 1.5in;24,5;1015;46;'26.07.2023 16:06:29.020;;
2304;-451,077;-3104,402;-328,862;0,000;0,000;0,000;0,000;RRR 1.5in;24,5;1015;46;'26.07.2023 16:06:29.030;;
2305;-451,570;-3104,361;-328,859;0,000;0,000;0,000;0,000;RRR 1.5in;24,5;1015;46;'26.07.2023 16:06:29.040;;
2306;-452,066;-3104,326;-328,863;0,000;0,000;0,000;0,000;RRR 1.5in;24,5;1015;46;'26.07.2023 16:06:29.050;;
2307;-452,566;-3104,290;-328,864;0,000;0,000;0,000;0,000;RRR 1.5in;24,5;1015;46;'26.07.2023 16:06:29.060;;
2308;-453,071;-3104,255;-328,865;0,000;0,000;0,000;0,000;RRR 1.5in;24,5;1015;46;'26.07.2023 16:06:29.070;;
2309;-453,591;-3104,224;-328,864;0,000;0,000;0,000;0,000;RRR 1.5in;24,5;1015;46;'26.07.2023 16:06:29.080;;
2310;-454,098;-3104,201;-328,858;0,000;0,000;0,000;0,000;RRR 1.5in;24,5;1015;46;'26.07.2023 16:06:29.090;;
2311;-454,607;-3104,189;-328,866;0,000;0,000;0,000;0,000;RRR 1.5in;24,5;1015;46;'26.07.2023 16:06:29.100;;
2312;-455,114;-3104,162;-328,871;0,000;0,000;0,000;0,000;RRR 1.5in;24,5;1015;46;'26.07.2023 16:06:29.110;;
2313;-455,614;-3104,108;-328,866;0,000;0,000;0,000;0,000;RRR 1.5in;24,5;1015;46;'26.07.2023 16:06:29.120;;
2314;-456,119;-3104,052;-328,857;0,000;0,000;0,000;0,000;RRR 1.5in;24,5;1015;46;'26.07.2023 16:06:29.130;;
2315;-456,602;-3104,026;-328,857;0,000;0,000;0,000;0,000;RRR 1.5in;24,5;1015;46;'26.07.2023 16:06:29.140;;
2316;-457,090;-3104,030;-328,866;0,000;0,000;0,000;0,000;RRR 1.5in;24,5;1015;46;'26.07.2023 16:06:29.150;;
2317;-457,589;-3104,018;-328,875;0,000;0,000;0,000;0,000;RRR 1.5in;24,5;1015;46;'26.07.2023 16:06:29.160;;
2318;-458,093;-3103,967;-328,872;0,000;0,000;0,000;0,000;RRR 1.5in;24,5;1015;46;'26.07.2023 16:06:29.170;;
2319;-458,596;-3103,906;-328,867;0,000;0,000;0,000;0,000;RRR 1.5in;24,5;1015;46;'26.07.2023 16:06:29.180;;
2320;-459,084;-3103,870;-328,863;0,000;0,000;0,000;0,000;RRR 1.5in;24,5;1015;46;'26.07.2023 16:06:29.190;;
2321;-459,578;-3103,868;-328,863;0,000;0,000;0,000;0,000;RRR 1.5in;24,5;1015;46;'26.07.2023 16:06:29.200;;
2322;-460,092;-3103,883;-328,872;0,000;0,000;0,000;0,000;RRR 1.5in;24,5;1015;46;'26.07.2023 16:06:29.210;;
2323;-460,598;-3103,877;-328,875;0,000;0,000;0,000;0,000;RRR 1.5in;24,5;1015;46;'26.07.2023 16:06:29.220;;
2324;-461,097;-3103,844;-328,874;0,000;0,000;0,000;0,000;RRR 1.5in;24,5;1015;46;'26.07.2023 16:06:29.230;;
2325;-461,596;-3103,795;-328,868;0,000;0,000;0,000;0,000;RRR 1.5in;24,5;1015;46;'26.07.2023 16:06:29.240;;
2326;-462,092;-3103,744;-328,862;0,000;0,000;0,000;0,000;RRR 1.5in;24,5;1015;46;'26.07.2023 16:06:29.250;;
2327;-462,604;-3103,713;-328,868;0,000;0,000;0,000;0,000;RRR 1.5in;24,5;1015;46;'26.07.2023 16:06:29.260;;
2328;-463,105;-3103,690;-328,871;0,000;0,000;0,000;0,000;RRR 1.5in;24,5;1015;46;'26.07.2023 16:06:29.270;;
2329;-463,592;-3103,660;-328,863;0,000;0,000;0,000;0,000;RRR 1.5in;24,5;1015;46;'26.07.2023 16:06:29.280;;
2330;-464,098;-3103,627;-328,856;0,000;0,000;0,000;0,000;RRR 1.5in;24,5;1015;46;'26.07.2023 16:06:29.290;;
2331;-464,601;-3103,603;-328,853;0,000;0,000;0,000;0,000;RRR 1.5in;24,5;1015;46;'26.07.2023 16:06:29.300;;
2332;-465,101;-3103,590;-328,861;0,000;0,000;0,000;0,000;RRR 1.5in;24,5;1015;46;'26.07.2023 16:06:29.310;;
2333;-465,592;-3103,563;-328,868;0,000;0,000;0,000;0,000;RRR 1.5in;24,5;1015;46;'26.07.2023 16:06:29.320;;
2334;-466,084;-3103,500;-328,859;0,000;0,000;0,000;0,000;RRR 1.5in;24,5;1015;46;'26.07.2023 16:06:29.330;;
2335;-466,601;-3103,442;-328,852;0,000;0,000;0,000;0,000;RRR 1.5in;24,5;1015;46;'26.07.2023 16:06:29.340;;
2336;-467,102;-3103,415;-328,849;0,000;0,000;0,000;0,000;RRR 1.5in;24,5;1015;46;'26.07.2023 16:06:29.350;;
2337;-467,588;-3103,423;-328,854;0,000;0,000;0,000;0,000;RRR 1.5in;24,5;1015;46;'26.07.2023 16:06:29.360;;
2338;-468,074;-3103,433;-328,865;0,000;0,000;0,000;0,000;RRR 1.5in;24,5;1015;46;'26.07.2023 16:06:29.370;;
2339;-468,584;-3103,398;-328,858;0,000;0,000;0,000;0,000;RRR 1.5in;24,5;1015;46;'26.07.2023 16:06:29.380;;
2340;-469,101;-3103,344;-328,855;0,000;0,000;0,000;0,000;RRR 1.5in;24,5;1015;46;'26.07.2023 16:06:29.390;;
2341;-469,613;-3103,306;-328,862;0,000;0,000;0,000;0,000;RRR 1.5in;24,5;1015;46;'26.07.2023 16:06:29.400;;
2342;-470,104;-3103,286;-328,866;0,000;0,000;0,000;0,000;RRR 1.5in;24,5;1015;46;'26.07.2023 16:06:29.410;;
2343;-470,604;-3103,281;-328,870;0,000;0,000;0,000;0,000;RRR 1.5in;24,5;1015;46;'26.07.2023 16:06:29.420;;
2344;-471,116;-3103,273;-328,871;0,000;0,000;0,000;0,000;RRR 1.5in;24,5;1015;46;'26.07.2023 16:06:29.430;;
2345;-471,615;-3103,262;-328,872;0,000;0,000;0,000;0,000;RRR 1.5in;24,5;1015;46;'26.07.2023 16:06:29.440;;
2346;-472,115;-3103,236;-328,873;0,000;0,000;0,000;0,000;RRR 1.5in;24,5;1015;46;'26.07.2023 16:06:29.450;;
2347;-472,602;-3103,182;-328,862;0,000;0,000;0,000;0,000;RRR 1.5in;24,5;1015;46;'26.07.2023 16:06:29.460;;
2348;-473,098;-3103,122;-328,848;0,000;0,000;0,000;0,000;RRR 1.5in;24,5;1015;46;'26.07.2023 16:06:29.470;;
2349;-473,595;-3103,086;-328,848;0,000;0,000;0,000;0,000;RRR 1.5in;24,5;1015;46;'26.07.2023 16:06:29.480;;
2350;-474,079;-3103,058;-328,846;0,000;0,000;0,000;0,000;RRR 1.5in;24,5;1015;46;'26.07.2023 16:06:29.490;;
2351;-474,577;-3103,032;-328,850;0,000;0,000;0,000;0,000;RRR 1.5in;24,5;1015;46;'26.07.2023 16:06:29.500;;
2352;-475,095;-3102,993;-328,845;0,000;0,000;0,000;0,000;RRR 1.5in;24,5;1015;46;'26.07.2023 16:06:29.510;;
2353;-475,602;-3102,967;-328,844;0,000;0,000;0,000;0,000;RRR 1.5in;24,5;1015;46;'26.07.2023 16:06:29.520;;
2354;-476,109;-3102,965;-328,866;0,000;0,000;0,000;0,000;RRR 1.5in;24,5;1015;46;'26.07.2023 16:06:29.530;;
2355;-476,609;-3102,937;-328,877;0,000;0,000;0,000;0,000;RRR 1.5in;24,5;1015;46;'26.07.2023 16:06:29.540;;
2356;-477,127;-3102,869;-328,868;0,000;0,000;0,000;0,000;RRR 1.5in;24,5;1015;46;'26.07.2023 16:06:29.550;;
2357;-477,653;-3102,808;-328,852;0,000;0,000;0,000;0,000;RRR 1.5in;24,5;1015;46;'26.07.2023 16:06:29.560;;
2358;-478,154;-3102,803;-328,845;0,000;0,000;0,000;0,000;RRR 1.5in;24,5;1015;46;'26.07.2023 16:06:29.570;;
2359;-478,640;-3102,842;-328,857;0,000;0,000;0,000;0,000;RRR 1.5in;24,5;1015;46;'26.07.2023 16:06:29.580;;
2360;-479,131;-3102,843;-328,854;0,000;0,000;0,000;0,000;RRR 1.5in;24,5;1015;46;'26.07.2023 16:06:29.590;;
2361;-479,625;-3102,789;-328,839;0,000;0,000;0,000;0,000;RRR 1.5in;24,5;1015;46;'26.07.2023 16:06:29.600;;
2362;-480,121;-3102,729;-328,835;0,000;0,000;0,000;0,000;RRR 1.5in;24,5;1015;46;'26.07.2023 16:06:29.610;;
2363;-480,607;-3102,691;-328,846;0,000;0,000;0,000;0,000;RRR 1.5in;24,5;1015;46;'26.07.2023 16:06:29.620;;
2364;-481,085;-3102,663;-328,849;0,000;0,000;0,000;0,000;RRR 1.5in;24,5;1015;46;'26.07.2023 16:06:29.630;;
2365;-481,584;-3102,643;-328,851;0,000;0,000;0,000;0,000;RRR 1.5in;24,5;1015;46;'26.07.2023 16:06:29.640;;
2366;-482,099;-3102,629;-328,858;0,000;0,000;0,000;0,000;RRR 1.5in;24,5;1015;46;'26.07.2023 16:06:29.650;;
2367;-482,596;-3102,611;-328,863;0,000;0,000;0,000;0,000;RRR 1.5in;24,5;1015;46;'26.07.2023 16:06:29.660;;
2368;-483,102;-3102,574;-328,861;0,000;0,000;0,000;0,000;RRR 1.5in;24,5;1015;46;'26.07.2023 16:06:29.670;;
2369;-483,614;-3102,524;-328,848;0,000;0,000;0,000;0,000;RRR 1.5in;24,5;1015;46;'26.07.2023 16:06:29.680;;
2370;-484,135;-3102,496;-328,845;0,000;0,000;0,000;0,000;RRR 1.5in;24,5;1015;46;'26.07.2023 16:06:29.690;;
2371;-484,652;-3102,486;-328,853;0,000;0,000;0,000;0,000;RRR 1.5in;24,5;1015;46;'26.07.2023 16:06:29.700;;
2372;-485,148;-3102,463;-328,849;0,000;0,000;0,000;0,000;RRR 1.5in;24,5;1015;46;'26.07.2023 16:06:29.710;;
2373;-485,652;-3102,429;-328,843;0,000;0,000;0,000;0,000;RRR 1.5in;24,5;1015;46;'26.07.2023 16:06:29.720;;
2374;-486,162;-3102,394;-328,839;0,000;0,000;0,000;0,000;RRR 1.5in;24,5;1015;46;'26.07.2023 16:06:29.730;;
2375;-486,646;-3102,378;-328,845;0,000;0,000;0,000;0,000;RRR 1.5in;24,5;1015;46;'26.07.2023 16:06:29.740;;
2376;-487,130;-3102,364;-328,857;0,000;0,000;0,000;0,000;RRR 1.5in;24,5;1015;46;'26.07.2023 16:06:29.750;;
2377;-487,602;-3102,313;-328,850;0,000;0,000;0,000;0,000;RRR 1.5in;24,5;1015;46;'26.07.2023 16:06:29.760;;
2378;-488,099;-3102,251;-328,842;0,000;0,000;0,000;0,000;RRR 1.5in;24,5;1015;46;'26.07.2023 16:06:29.770;;
2379;-488,603;-3102,215;-328,843;0,000;0,000;0,000;0,000;RRR 1.5in;24,5;1015;46;'26.07.2023 16:06:29.780;;
2380;-489,095;-3102,214;-328,844;0,000;0,000;0,000;0,000;RRR 1.5in;24,5;1015;46;'26.07.2023 16:06:29.790;;
2381;-489,586;-3102,233;-328,849;0,000;0,000;0,000;0,000;RRR 1.5in;24,5;1015;46;'26.07.2023 16:06:29.800;;
2382;-490,088;-3102,235;-328,853;0,000;0,000;0,000;0,000;RRR 1.5in;24,5;1015;46;'26.07.2023 16:06:29.810;;
2383;-490,599;-3102,197;-328,848;0,000;0,000;0,000;0,000;RRR 1.5in;24,5;1015;46;'26.07.2023 16:06:29.820;;
2384;-491,114;-3102,147;-328,849;0,000;0,000;0,000;0,000;RRR 1.5in;24,5;1015;46;'26.07.2023 16:06:29.830;;
2385;-491,625;-3102,092;-328,848;0,000;0,000;0,000;0,000;RRR 1.5in;24,5;1015;46;'26.07.2023 16:06:29.840;;
2386;-492,121;-3102,053;-328,840;0,000;0,000;0,000;0,000;RRR 1.5in;24,5;1015;46;'26.07.2023 16:06:29.850;;
2387;-492,631;-3102,048;-328,840;0,000;0,000;0,000;0,000;RRR 1.5in;24,5;1015;46;'26.07.2023 16:06:29.860;;
2388;-493,131;-3102,053;-328,842;0,000;0,000;0,000;0,000;RRR 1.5in;24,5;1015;46;'26.07.2023 16:06:29.870;;
2389;-493,627;-3102,041;-328,844;0,000;0,000;0,000;0,000;RRR 1.5in;24,5;1015;46;'26.07.2023 16:06:29.880;;
2390;-494,122;-3101,992;-328,839;0,000;0,000;0,000;0,000;RRR 1.5in;24,5;1015;46;'26.07.2023 16:06:29.890;;
2391;-494,613;-3101,925;-328,826;0,000;0,000;0,000;0,000;RRR 1.5in;24,5;1015;46;'26.07.2023 16:06:29.900;;
2392;-495,097;-3101,880;-328,824;0,000;0,000;0,000;0,000;RRR 1.5in;24,5;1015;46;'26.07.2023 16:06:29.910;;
2393;-495,582;-3101,854;-328,833;0,000;0,000;0,000;0,000;RRR 1.5in;24,5;1015;46;'26.07.2023 16:06:29.920;;
2394;-496,069;-3101,822;-328,834;0,000;0,000;0,000;0,000;RRR 1.5in;24,5;1015;46;'26.07.2023 16:06:29.930;;
2395;-496,569;-3101,781;-328,826;0,000;0,000;0,000;0,000;RRR 1.5in;24,5;1015;46;'26.07.2023 16:06:29.940;;
2396;-497,085;-3101,747;-328,823;0,000;0,000;0,000;0,000;RRR 1.5in;24,5;1015;46;'26.07.2023 16:06:29.950;;
2397;-497,583;-3101,737;-328,823;0,000;0,000;0,000;0,000;RRR 1.5in;24,5;1015;46;'26.07.2023 16:06:29.960;;
2398;-498,083;-3101,741;-328,830;0,000;0,000;0,000;0,000;RRR 1.5in;24,5;1015;46;'26.07.2023 16:06:29.970;;
2399;-498,593;-3101,720;-328,834;0,000;0,000;0,000;0,000;RRR 1.5in;24,5;1015;46;'26.07.2023 16:06:29.980;;
2400;-499,108;-3101,666;-328,828;0,000;0,000;0,000;0,000;RRR 1.5in;24,5;1015;46;'26.07.2023 16:06:29.990;;
2401;-499,621;-3101,621;-328,826;0,000;0,000;0,000;0,000;RRR 1.5in;24,5;1015;46;'26.07.2023 16:06:30.000;;
2402;-500,119;-3101,604;-328,826;0,000;0,000;0,000;0,000;RRR 1.5in;24,5;1015;46;'26.07.2023 16:06:30.010;;
2403;-500,592;-3101,617;-328,827;0,000;0,000;0,000;0,000;RRR 1.5in;24,5;1015;46;'26.07.2023 16:06:30.020;;
2404;-501,079;-3101,621;-328,830;0,000;0,000;0,000;0,000;RRR 1.5in;24,5;1015;46;'26.07.2023 16:06:30.030;;
2405;-501,578;-3101,588;-328,827;0,000;0,000;0,000;0,000;RRR 1.5in;24,5;1015;46;'26.07.2023 16:06:30.040;;
2406;-502,076;-3101,531;-328,821;0,000;0,000;0,000;0,000;RRR 1.5in;24,5;1015;46;'26.07.2023 16:06:30.050;;
2407;-502,575;-3101,473;-328,825;0,000;0,000;0,000;0,000;RRR 1.5in;24,5;1015;46;'26.07.2023 16:06:30.060;;
2408;-503,062;-3101,420;-328,821;0,000;0,000;0,000;0,000;RRR 1.5in;24,5;1015;46;'26.07.2023 16:06:30.070;;
2409;-503,557;-3101,401;-328,819;0,000;0,000;0,000;0,000;RRR 1.5in;24,5;1015;46;'26.07.2023 16:06:30.080;;
2410;-504,062;-3101,404;-328,828;0,000;0,000;0,000;0,000;RRR 1.5in;24,5;1015;46;'26.07.2023 16:06:30.090;;
2411;-504,560;-3101,403;-328,836;0,000;0,000;0,000;0,000;RRR 1.5in;24,5;1015;46;'26.07.2023 16:06:30.100;;
2412;-505,065;-3101,372;-328,838;0,000;0,000;0,000;0,000;RRR 1.5in;24,5;1015;46;'26.07.2023 16:06:30.110;;
2413;-505,577;-3101,310;-328,826;0,000;0,000;0,000;0,000;RRR 1.5in;24,5;1015;46;'26.07.2023 16:06:30.120;;
2414;-506,082;-3101,260;-328,819;0,000;0,000;0,000;0,000;RRR 1.5in;24,5;1015;46;'26.07.2023 16:06:30.130;;
2415;-506,586;-3101,245;-328,825;0,000;0,000;0,000;0,000;RRR 1.5in;24,5;1015;46;'26.07.2023 16:06:30.140;;
2416;-507,088;-3101,230;-328,829;0,000;0,000;0,000;0,000;RRR 1.5in;24,5;1015;46;'26.07.2023 16:06:30.150;;
2417;-507,587;-3101,194;-328,817;0,000;0,000;0,000;0,000;RRR 1.5in;24,5;1015;46;'26.07.2023 16:06:30.160;;
2418;-508,089;-3101,150;-328,805;0,000;0,000;0,000;0,000;RRR 1.5in;24,5;1015;46;'26.07.2023 16:06:30.170;;
2419;-508,586;-3101,127;-328,810;0,000;0,000;0,000;0,000;RRR 1.5in;24,5;1015;46;'26.07.2023 16:06:30.180;;
2420;-509,057;-3101,120;-328,817;0,000;0,000;0,000;0,000;RRR 1.5in;24,5;1015;46;'26.07.2023 16:06:30.190;;
2421;-509,541;-3101,095;-328,820;0,000;0,000;0,000;0,000;RRR 1.5in;24,5;1015;46;'26.07.2023 16:06:30.200;;
2422;-510,037;-3101,052;-328,819;0,000;0,000;0,000;0,000;RRR 1.5in;24,5;1015;46;'26.07.2023 16:06:30.210;;
2423;-510,542;-3101,016;-328,824;0,000;0,000;0,000;0,000;RRR 1.5in;24,5;1015;46;'26.07.2023 16:06:30.220;;
2424;-511,047;-3100,988;-328,829;0,000;0,000;0,000;0,000;RRR 1.5in;24,5;1015;46;'26.07.2023 16:06:30.230;;
2425;-511,545;-3100,964;-328,822;0,000;0,000;0,000;0,000;RRR 1.5in;24,5;1015;46;'26.07.2023 16:06:30.240;;
2426;-512,038;-3100,950;-328,807;0,000;0,000;0,000;0,000;RRR 1.5in;24,5;1015;46;'26.07.2023 16:06:30.250;;
2427;-512,545;-3100,959;-328,809;0,000;0,000;0,000;0,000;RRR 1.5in;24,5;1015;46;'26.07.2023 16:06:30.260;;
2428;-513,049;-3100,956;-328,818;0,000;0,000;0,000;0,000;RRR 1.5in;24,5;1015;46;'26.07.2023 16:06:30.270;;
2429;-513,546;-3100,908;-328,815;0,000;0,000;0,000;0,000;RRR 1.5in;24,5;1015;46;'26.07.2023 16:06:30.280;;
2430;-514,057;-3100,826;-328,808;0,000;0,000;0,000;0,000;RRR 1.5in;24,5;1015;46;'26.07.2023 16:06:30.290;;
2431;-514,559;-3100,768;-328,807;0,000;0,000;0,000;0,000;RRR 1.5in;24,5;1015;46;'26.07.2023 16:06:30.300;;
2432;-515,042;-3100,758;-328,819;0,000;0,000;0,000;0,000;RRR 1.5in;24,5;1015;46;'26.07.2023 16:06:30.310;;
2433;-515,532;-3100,760;-328,833;0,000;0,000;0,000;0,000;RRR 1.5in;24,5;1015;46;'26.07.2023 16:06:30.320;;
2434;-516,031;-3100,730;-328,832;0,000;0,000;0,000;0,000;RRR 1.5in;24,5;1015;46;'26.07.2023 16:06:30.330;;
2435;-516,540;-3100,675;-328,820;0,000;0,000;0,000;0,000;RRR 1.5in;24,5;1015;46;'26.07.2023 16:06:30.340;;
2436;-517,050;-3100,634;-328,820;0,000;0,000;0,000;0,000;RRR 1.5in;24,5;1015;46;'26.07.2023 16:06:30.350;;
2437;-517,530;-3100,608;-328,817;0,000;0,000;0,000;0,000;RRR 1.5in;24,5;1015;46;'26.07.2023 16:06:30.360;;
2438;-518,013;-3100,579;-328,810;0,000;0,000;0,000;0,000;RRR 1.5in;24,5;1015;46;'26.07.2023 16:06:30.370;;
2439;-518,523;-3100,543;-328,806;0,000;0,000;0,000;0,000;RRR 1.5in;24,5;1015;46;'26.07.2023 16:06:30.380;;
2440;-519,033;-3100,508;-328,805;0,000;0,000;0,000;0,000;RRR 1.5in;24,5;1015;46;'26.07.2023 16:06:30.390;;
2441;-519,534;-3100,489;-328,813;0,000;0,000;0,000;0,000;RRR 1.5in;24,5;1015;46;'26.07.2023 16:06:30.400;;
2442;-520,036;-3100,467;-328,820;0,000;0,000;0,000;0,000;RRR 1.5in;24,5;1015;46;'26.07.2023 16:06:30.410;;
2443;-520,521;-3100,441;-328,814;0,000;0,000;0,000;0,000;RRR 1.5in;24,5;1015;46;'26.07.2023 16:06:30.420;;
2444;-521,022;-3100,428;-328,819;0,000;0,000;0,000;0,000;RRR 1.5in;24,5;1015;46;'26.07.2023 16:06:30.430;;
2445;-521,524;-3100,422;-328,834;0,000;0,000;0,000;0,000;RRR 1.5in;24,5;1015;46;'26.07.2023 16:06:30.440;;
2446;-522,017;-3100,385;-328,834;0,000;0,000;0,000;0,000;RRR 1.5in;24,5;1015;46;'26.07.2023 16:06:30.450;;
2447;-522,518;-3100,321;-328,817;0,000;0,000;0,000;0,000;RRR 1.5in;24,5;1015;46;'26.07.2023 16:06:30.460;;
2448;-523,018;-3100,277;-328,802;0,000;0,000;0,000;0,000;RRR 1.5in;24,5;1015;46;'26.07.2023 16:06:30.470;;
2449;-523,494;-3100,283;-328,801;0,000;0,000;0,000;0,000;RRR 1.5in;24,5;1015;46;'26.07.2023 16:06:30.480;;
2450;-523,971;-3100,300;-328,807;0,000;0,000;0,000;0,000;RRR 1.5in;24,5;1015;46;'26.07.2023 16:06:30.490;;
2451;-524,469;-3100,272;-328,802;0,000;0,000;0,000;0,000;RRR 1.5in;24,5;1015;46;'26.07.2023 16:06:30.500;;
2452;-524,976;-3100,210;-328,788;0,000;0,000;0,000;0,000;RRR 1.5in;24,5;1015;46;'26.07.2023 16:06:30.510;;
2453;-525,494;-3100,157;-328,796;0,000;0,000;0,000;0,000;RRR 1.5in;24,5;1015;46;'26.07.2023 16:06:30.520;;
2454;-525,988;-3100,121;-328,807;0,000;0,000;0,000;0,000;RRR 1.5in;24,5;1015;46;'26.07.2023 16:06:30.530;;
2455;-526,471;-3100,090;-328,805;0,000;0,000;0,000;0,000;RRR 1.5in;24,5;1015;46;'26.07.2023 16:06:30.540;;
2456;-526,975;-3100,068;-328,801;0,000;0,000;0,000;0,000;RRR 1.5in;24,5;1015;46;'26.07.2023 16:06:30.550;;
2457;-527,491;-3100,064;-328,807;0,000;0,000;0,000;0,000;RRR 1.5in;24,5;1015;46;'26.07.2023 16:06:30.560;;
2458;-527,998;-3100,059;-328,818;0,000;0,000;0,000;0,000;RRR 1.5in;24,5;1015;46;'26.07.2023 16:06:30.570;;
2459;-528,510;-3100,016;-328,817;0,000;0,000;0,000;0,000;RRR 1.5in;24,5;1015;46;'26.07.2023 16:06:30.580;;
2460;-529,007;-3099,947;-328,800;0,000;0,000;0,000;0,000;RRR 1.5in;24,5;1015;46;'26.07.2023 16:06:30.590;;
2461;-529,498;-3099,900;-328,787;0,000;0,000;0,000;0,000;RRR 1.5in;24,5;1015;46;'26.07.2023 16:06:30.600;;
2462;-529,986;-3099,901;-328,798;0,000;0,000;0,000;0,000;RRR 1.5in;24,5;1015;46;'26.07.2023 16:06:30.610;;
2463;-530,482;-3099,899;-328,809;0,000;0,000;0,000;0,000;RRR 1.5in;24,5;1015;46;'26.07.2023 16:06:30.620;;
2464;-530,977;-3099,854;-328,796;0,000;0,000;0,000;0,000;RRR 1.5in;24,5;1015;46;'26.07.2023 16:06:30.630;;
2465;-531,478;-3099,804;-328,785;0,000;0,000;0,000;0,000;RRR 1.5in;24,5;1015;46;'26.07.2023 16:06:30.640;;
2466;-531,969;-3099,790;-328,797;0,000;0,000;0,000;0,000;RRR 1.5in;24,5;1015;46;'26.07.2023 16:06:30.650;;
2467;-532,440;-3099,785;-328,803;0,000;0,000;0,000;0,000;RRR 1.5in;24,5;1015;46;'26.07.2023 16:06:30.660;;
2468;-532,943;-3099,760;-328,802;0,000;0,000;0,000;0,000;RRR 1.5in;24,5;1015;46;'26.07.2023 16:06:30.670;;
2469;-533,461;-3099,721;-328,801;0,000;0,000;0,000;0,000;RRR 1.5in;24,5;1015;46;'26.07.2023 16:06:30.680;;
2470;-533,980;-3099,687;-328,805;0,000;0,000;0,000;0,000;RRR 1.5in;24,5;1015;46;'26.07.2023 16:06:30.690;;
2471;-534,487;-3099,664;-328,814;0,000;0,000;0,000;0,000;RRR 1.5in;24,5;1015;46;'26.07.2023 16:06:30.700;;
2472;-534,981;-3099,635;-328,807;0,000;0,000;0,000;0,000;RRR 1.5in;24,5;1015;46;'26.07.2023 16:06:30.710;;
2473;-535,467;-3099,612;-328,791;0,000;0,000;0,000;0,000;RRR 1.5in;24,5;1015;46;'26.07.2023 16:06:30.720;;
2474;-535,972;-3099,614;-328,794;0,000;0,000;0,000;0,000;RRR 1.5in;24,5;1015;46;'26.07.2023 16:06:30.730;;
2475;-536,480;-3099,609;-328,806;0,000;0,000;0,000;0,000;RRR 1.5in;24,5;1015;46;'26.07.2023 16:06:30.740;;
2476;-536,980;-3099,552;-328,800;0,000;0,000;0,000;0,000;RRR 1.5in;24,5;1015;46;'26.07.2023 16:06:30.750;;
2477;-537,482;-3099,461;-328,785;0,000;0,000;0,000;0,000;RRR 1.5in;24,5;1015;46;'26.07.2023 16:06:30.760;;
2478;-537,970;-3099,395;-328,777;0,000;0,000;0,000;0,000;RRR 1.5in;24,5;1015;46;'26.07.2023 16:06:30.770;;
2479;-538,442;-3099,386;-328,784;0,000;0,000;0,000;0,000;RRR 1.5in;24,5;1015;46;'26.07.2023 16:06:30.780;;
2480;-538,930;-3099,395;-328,796;0,000;0,000;0,000;0,000;RRR 1.5in;24,5;1015;46;'26.07.2023 16:06:30.790;;
2481;-539,438;-3099,373;-328,798;0,000;0,000;0,000;0,000;RRR 1.5in;24,5;1015;46;'26.07.2023 16:06:30.800;;
2482;-539,949;-3099,325;-328,788;0,000;0,000;0,000;0,000;RRR 1.5in;24,5;1015;46;'26.07.2023 16:06:30.810;;
2483;-540,466;-3099,292;-328,797;0,000;0,000;0,000;0,000;RRR 1.5in;24,5;1015;46;'26.07.2023 16:06:30.820;;
2484;-540,953;-3099,265;-328,803;0,000;0,000;0,000;0,000;RRR 1.5in;24,5;1015;46;'26.07.2023 16:06:30.830;;
2485;-541,434;-3099,229;-328,792;0,000;0,000;0,000;0,000;RRR 1.5in;24,5;1015;46;'26.07.2023 16:06:30.840;;
2486;-541,941;-3099,199;-328,784;0,000;0,000;0,000;0,000;RRR 1.5in;24,5;1015;46;'26.07.2023 16:06:30.850;;
2487;-542,465;-3099,185;-328,789;0,000;0,000;0,000;0,000;RRR 1.5in;24,5;1015;46;'26.07.2023 16:06:30.860;;
2488;-542,970;-3099,168;-328,787;0,000;0,000;0,000;0,000;RRR 1.5in;24,5;1015;46;'26.07.2023 16:06:30.870;;
2489;-543,462;-3099,137;-328,780;0,000;0,000;0,000;0,000;RRR 1.5in;24,5;1015;46;'26.07.2023 16:06:30.880;;
2490;-543,944;-3099,102;-328,772;0,000;0,000;0,000;0,000;RRR 1.5in;24,5;1015;46;'26.07.2023 16:06:30.890;;
2491;-544,423;-3099,082;-328,767;0,000;0,000;0,000;0,000;RRR 1.5in;24,5;1015;46;'26.07.2023 16:06:30.900;;
2492;-544,925;-3099,080;-328,782;0,000;0,000;0,000;0,000;RRR 1.5in;24,5;1015;46;'26.07.2023 16:06:30.910;;
2493;-545,431;-3099,065;-328,800;0,000;0,000;0,000;0,000;RRR 1.5in;24,5;1015;46;'26.07.2023 16:06:30.920;;
2494;-545,939;-3099,009;-328,798;0,000;0,000;0,000;0,000;RRR 1.5in;24,5;1015;46;'26.07.2023 16:06:30.930;;
2495;-546,439;-3098,942;-328,793;0,000;0,000;0,000;0,000;RRR 1.5in;24,5;1015;46;'26.07.2023 16:06:30.940;;
2496;-546,927;-3098,906;-328,793;0,000;0,000;0,000;0,000;RRR 1.5in;24,5;1015;46;'26.07.2023 16:06:30.950;;
2497;-547,409;-3098,906;-328,790;0,000;0,000;0,000;0,000;RRR 1.5in;24,5;1015;46;'26.07.2023 16:06:30.960;;
2498;-547,910;-3098,913;-328,788;0,000;0,000;0,000;0,000;RRR 1.5in;24,5;1015;46;'26.07.2023 16:06:30.970;;
2499;-548,429;-3098,897;-328,786;0,000;0,000;0,000;0,000;RRR 1.5in;24,5;1015;46;'26.07.2023 16:06:30.980;;
2500;-548,938;-3098,851;-328,773;0,000;0,000;0,000;0,000;RRR 1.5in;24,5;1015;46;'26.07.2023 16:06:30.990;;
2501;-549,438;-3098,794;-328,768;0,000;0,000;0,000;0,000;RRR 1.5in;24,5;1015;46;'26.07.2023 16:06:31.000;;
2502;-549,924;-3098,744;-328,771;0,000;0,000;0,000;0,000;RRR 1.5in;24,5;1015;46;'26.07.2023 16:06:31.010;;
2503;-550,408;-3098,701;-328,766;0,000;0,000;0,000;0,000;RRR 1.5in;24,5;1015;46;'26.07.2023 16:06:31.020;;
2504;-550,908;-3098,683;-328,765;0,000;0,000;0,000;0,000;RRR 1.5in;24,5;1015;46;'26.07.2023 16:06:31.030;;
2505;-551,417;-3098,691;-328,778;0,000;0,000;0,000;0,000;RRR 1.5in;24,5;1015;46;'26.07.2023 16:06:31.040;;
2506;-551,919;-3098,689;-328,792;0,000;0,000;0,000;0,000;RRR 1.5in;24,5;1015;46;'26.07.2023 16:06:31.050;;
2507;-552,419;-3098,639;-328,790;0,000;0,000;0,000;0,000;RRR 1.5in;24,5;1015;46;'26.07.2023 16:06:31.060;;
2508;-552,909;-3098,569;-328,776;0,000;0,000;0,000;0,000;RRR 1.5in;24,5;1015;46;'26.07.2023 16:06:31.070;;
2509;-553,390;-3098,525;-328,765;0,000;0,000;0,000;0,000;RRR 1.5in;24,5;1015;46;'26.07.2023 16:06:31.080;;
2510;-553,884;-3098,523;-328,766;0,000;0,000;0,000;0,000;RRR 1.5in;24,5;1015;46;'26.07.2023 16:06:31.090;;
2511;-554,401;-3098,527;-328,772;0,000;0,000;0,000;0,000;RRR 1.5in;24,5;1015;46;'26.07.2023 16:06:31.100;;
2512;-554,919;-3098,503;-328,764;0,000;0,000;0,000;0,000;RRR 1.5in;24,5;1015;46;'26.07.2023 16:06:31.110;;
2513;-555,411;-3098,462;-328,754;0,000;0,000;0,000;0,000;RRR 1.5in;24,5;1015;46;'26.07.2023 16:06:31.120;;
2514;-555,894;-3098,436;-328,762;0,000;0,000;0,000;0,000;RRR 1.5in;24,5;1015;46;'26.07.2023 16:06:31.130;;
2515;-556,368;-3098,419;-328,769;0,000;0,000;0,000;0,000;RRR 1.5in;24,5;1015;46;'26.07.2023 16:06:31.140;;
2516;-556,870;-3098,398;-328,770;0,000;0,000;0,000;0,000;RRR 1.5in;24,5;1015;46;'26.07.2023 16:06:31.150;;
2517;-557,396;-3098,378;-328,777;0,000;0,000;0,000;0,000;RRR 1.5in;24,5;1015;46;'26.07.2023 16:06:31.160;;
2518;-557,902;-3098,353;-328,786;0,000;0,000;0,000;0,000;RRR 1.5in;24,5;1015;46;'26.07.2023 16:06:31.170;;
2519;-558,396;-3098,305;-328,783;0,000;0,000;0,000;0,000;RRR 1.5in;24,5;1015;46;'26.07.2023 16:06:31.180;;
2520;-558,888;-3098,245;-328,770;0,000;0,000;0,000;0,000;RRR 1.5in;24,5;1015;46;'26.07.2023 16:06:31.190;;
2521;-559,377;-3098,203;-328,753;0,000;0,000;0,000;0,000;RRR 1.5in;24,5;1015;46;'26.07.2023 16:06:31.200;;
2522;-559,871;-3098,204;-328,747;0,000;0,000;0,000;0,000;RRR 1.5in;24,5;1015;46;'26.07.2023 16:06:31.210;;
2523;-560,379;-3098,225;-328,756;0,000;0,000;0,000;0,000;RRR 1.5in;24,5;1015;46;'26.07.2023 16:06:31.220;;
2524;-560,892;-3098,205;-328,762;0,000;0,000;0,000;0,000;RRR 1.5in;24,5;1015;46;'26.07.2023 16:06:31.230;;
2525;-561,406;-3098,126;-328,752;0,000;0,000;0,000;0,000;RRR 1.5in;24,5;1015;46;'26.07.2023 16:06:31.240;;
2526;-561,905;-3098,048;-328,750;0,000;0,000;0,000;0,000;RRR 1.5in;24,5;1015;46;'26.07.2023 16:06:31.250;;
2527;-562,386;-3098,009;-328,760;0,000;0,000;0,000;0,000;RRR 1.5in;24,5;1015;46;'26.07.2023 16:06:31.260;;
2528;-562,874;-3097,993;-328,765;0,000;0,000;0,000;0,000;RRR 1.5in;24,5;1015;46;'26.07.2023 16:06:31.270;;
2529;-563,393;-3097,987;-328,766;0,000;0,000;0,000;0,000;RRR 1.5in;24,5;1015;46;'26.07.2023 16:06:31.280;;
2530;-563,912;-3097,985;-328,769;0,000;0,000;0,000;0,000;RRR 1.5in;24,5;1015;46;'26.07.2023 16:06:31.290;;
2531;-564,409;-3097,968;-328,767;0,000;0,000;0,000;0,000;RRR 1.5in;24,5;1015;46;'26.07.2023 16:06:31.300;;
2532;-564,891;-3097,926;-328,758;0,000;0,000;0,000;0,000;RRR 1.5in;24,5;1015;46;'26.07.2023 16:06:31.310;;
2533;-565,374;-3097,869;-328,743;0,000;0,000;0,000;0,000;RRR 1.5in;24,5;1015;46;'26.07.2023 16:06:31.320;;
2534;-565,871;-3097,824;-328,731;0,000;0,000;0,000;0,000;RRR 1.5in;24,5;1015;46;'26.07.2023 16:06:31.330;;
2535;-566,373;-3097,817;-328,735;0,000;0,000;0,000;0,000;RRR 1.5in;24,5;1015;46;'26.07.2023 16:06:31.340;;
2536;-566,879;-3097,827;-328,753;0,000;0,000;0,000;0,000;RRR 1.5in;24,5;1015;46;'26.07.2023 16:06:31.350;;
2537;-567,382;-3097,804;-328,759;0,000;0,000;0,000;0,000;RRR 1.5in;24,5;1015;46;'26.07.2023 16:06:31.360;;
2538;-567,876;-3097,744;-328,753;0,000;0,000;0,000;0,000;RRR 1.5in;24,5;1015;46;'26.07.2023 16:06:31.370;;
2539;-568,363;-3097,707;-328,757;0,000;0,000;0,000;0,000;RRR 1.5in;24,5;1015;46;'26.07.2023 16:06:31.380;;
2540;-568,853;-3097,697;-328,767;0,000;0,000;0,000;0,000;RRR 1.5in;24,5;1015;46;'26.07.2023 16:06:31.390;;
2541;-569,363;-3097,692;-328,767;0,000;0,000;0,000;0,000;RRR 1.5in;24,5;1015;46;'26.07.2023 16:06:31.400;;
2542;-569,893;-3097,674;-328,764;0,000;0,000;0,000;0,000;RRR 1.5in;24,5;1015;46;'26.07.2023 16:06:31.410;;
2543;-570,399;-3097,643;-328,761;0,000;0,000;0,000;0,000;RRR 1.5in;24,5;1015;46;'26.07.2023 16:06:31.420;;
2544;-570,889;-3097,594;-328,753;0,000;0,000;0,000;0,000;RRR 1.5in;24,5;1015;46;'26.07.2023 16:06:31.430;;
2545;-571,376;-3097,542;-328,747;0,000;0,000;0,000;0,000;RRR 1.5in;24,5;1015;46;'26.07.2023 16:06:31.440;;
2546;-571,878;-3097,500;-328,737;0,000;0,000;0,000;0,000;RRR 1.5in;24,5;1015;46;'26.07.2023 16:06:31.450;;
2547;-572,378;-3097,492;-328,734;0,000;0,000;0,000;0,000;RRR 1.5in;24,5;1015;46;'26.07.2023 16:06:31.460;;
2548;-572,883;-3097,514;-328,747;0,000;0,000;0,000;0,000;RRR 1.5in;24,5;1015;46;'26.07.2023 16:06:31.470;;
2549;-573,384;-3097,511;-328,765;0,000;0,000;0,000;0,000;RRR 1.5in;24,5;1015;46;'26.07.2023 16:06:31.480;;
2550;-573,883;-3097,436;-328,757;0,000;0,000;0,000;0,000;RRR 1.5in;24,5;1015;46;'26.07.2023 16:06:31.490;;
2551;-574,375;-3097,346;-328,749;0,000;0,000;0,000;0,000;RRR 1.5in;24,5;1015;46;'26.07.2023 16:06:31.500;;
2552;-574,866;-3097,294;-328,757;0,000;0,000;0,000;0,000;RRR 1.5in;24,5;1015;46;'26.07.2023 16:06:31.510;;
2553;-575,356;-3097,278;-328,758;0,000;0,000;0,000;0,000;RRR 1.5in;24,5;1015;46;'26.07.2023 16:06:31.520;;
2554;-575,873;-3097,274;-328,749;0,000;0,000;0,000;0,000;RRR 1.5in;24,5;1015;46;'26.07.2023 16:06:31.530;;
2555;-576,393;-3097,283;-328,749;0,000;0,000;0,000;0,000;RRR 1.5in;24,5;1015;46;'26.07.2023 16:06:31.540;;
2556;-576,896;-3097,277;-328,752;0,000;0,000;0,000;0,000;RRR 1.5in;24,5;1015;46;'26.07.2023 16:06:31.550;;
2557;-577,389;-3097,239;-328,751;0,000;0,000;0,000;0,000;RRR 1.5in;24,5;1015;46;'26.07.2023 16:06:31.560;;
2558;-577,885;-3097,178;-328,743;0,000;0,000;0,000;0,000;RRR 1.5in;24,5;1015;46;'26.07.2023 16:06:31.570;;
2559;-578,391;-3097,134;-328,741;0,000;0,000;0,000;0,000;RRR 1.5in;24,5;1015;46;'26.07.2023 16:06:31.580;;
2560;-578,899;-3097,129;-328,749;0,000;0,000;0,000;0,000;RRR 1.5in;24,5;1015;46;'26.07.2023 16:06:31.590;;
2561;-579,402;-3097,150;-328,766;0,000;0,000;0,000;0,000;RRR 1.5in;24,5;1015;46;'26.07.2023 16:06:31.600;;
2562;-579,901;-3097,130;-328,777;0,000;0,000;0,000;0,000;RRR 1.5in;24,5;1015;46;'26.07.2023 16:06:31.610;;
2563;-580,386;-3097,058;-328,759;0,000;0,000;0,000;0,000;RRR 1.5in;24,5;1015;46;'26.07.2023 16:06:31.620;;
2564;-580,866;-3096,998;-328,750;0,000;0,000;0,000;0,000;RRR 1.5in;24,5;1015;46;'26.07.2023 16:06:31.630;;
2565;-581,351;-3096,984;-328,761;0,000;0,000;0,000;0,000;RRR 1.5in;24,5;1015;46;'26.07.2023 16:06:31.640;;
2566;-581,846;-3096,972;-328,757;0,000;0,000;0,000;0,000;RRR 1.5in;24,5;1015;46;'26.07.2023 16:06:31.650;;
2567;-582,355;-3096,954;-328,748;0,000;0,000;0,000;0,000;RRR 1.5in;24,5;1015;46;'26.07.2023 16:06:31.660;;
2568;-582,866;-3096,933;-328,750;0,000;0,000;0,000;0,000;RRR 1.5in;24,5;1015;46;'26.07.2023 16:06:31.670;;
2569;-583,366;-3096,899;-328,757;0,000;0,000;0,000;0,000;RRR 1.5in;24,5;1015;46;'26.07.2023 16:06:31.680;;
2570;-583,868;-3096,841;-328,759;0,000;0,000;0,000;0,000;RRR 1.5in;24,5;1015;46;'26.07.2023 16:06:31.690;;
2571;-584,379;-3096,778;-328,754;0,000;0,000;0,000;0,000;RRR 1.5in;24,5;1015;46;'26.07.2023 16:06:31.700;;
2572;-584,889;-3096,739;-328,748;0,000;0,000;0,000;0,000;RRR 1.5in;24,5;1015;46;'26.07.2023 16:06:31.710;;
2573;-585,400;-3096,751;-328,755;0,000;0,000;0,000;0,000;RRR 1.5in;24,5;1015;46;'26.07.2023 16:06:31.720;;
2574;-585,910;-3096,776;-328,767;0,000;0,000;0,000;0,000;RRR 1.5in;24,5;1015;46;'26.07.2023 16:06:31.730;;
2575;-586,413;-3096,754;-328,766;0,000;0,000;0,000;0,000;RRR 1.5in;24,5;1015;46;'26.07.2023 16:06:31.740;;
2576;-586,905;-3096,677;-328,748;0,000;0,000;0,000;0,000;RRR 1.5in;24,5;1015;46;'26.07.2023 16:06:31.750;;
2577;-587,391;-3096,609;-328,738;0,000;0,000;0,000;0,000;RRR 1.5in;24,5;1015;46;'26.07.2023 16:06:31.760;;
2578;-587,879;-3096,572;-328,745;0,000;0,000;0,000;0,000;RRR 1.5in;24,5;1015;46;'26.07.2023 16:06:31.770;;
2579;-588,369;-3096,547;-328,745;0,000;0,000;0,000;0,000;RRR 1.5in;24,5;1015;46;'26.07.2023 16:06:31.780;;
2580;-588,860;-3096,530;-328,740;0,000;0,000;0,000;0,000;RRR 1.5in;24,5;1015;46;'26.07.2023 16:06:31.790;;
2581;-589,357;-3096,522;-328,747;0,000;0,000;0,000;0,000;RRR 1.5in;24,5;1015;46;'26.07.2023 16:06:31.800;;
2582;-589,845;-3096,504;-328,753;0,000;0,000;0,000;0,000;RRR 1.5in;24,5;1015;46;'26.07.2023 16:06:31.810;;
2583;-590,351;-3096,468;-328,754;0,000;0,000;0,000;0,000;RRR 1.5in;24,5;1015;46;'26.07.2023 16:06:31.820;;
2584;-590,868;-3096,425;-328,751;0,000;0,000;0,000;0,000;RRR 1.5in;24,5;1015;46;'26.07.2023 16:06:31.830;;
2585;-591,387;-3096,393;-328,746;0,000;0,000;0,000;0,000;RRR 1.5in;24,5;1015;46;'26.07.2023 16:06:31.840;;
2586;-591,895;-3096,391;-328,748;0,000;0,000;0,000;0,000;RRR 1.5in;24,5;1015;46;'26.07.2023 16:06:31.850;;
2587;-592,405;-3096,398;-328,750;0,000;0,000;0,000;0,000;RRR 1.5in;24,5;1015;46;'26.07.2023 16:06:31.860;;
2588;-592,913;-3096,378;-328,753;0,000;0,000;0,000;0,000;RRR 1.5in;24,5;1015;46;'26.07.2023 16:06:31.870;;
2589;-593,412;-3096,326;-328,749;0,000;0,000;0,000;0,000;RRR 1.5in;24,5;1015;46;'26.07.2023 16:06:31.880;;
2590;-593,894;-3096,272;-328,747;0,000;0,000;0,000;0,000;RRR 1.5in;24,5;1015;46;'26.07.2023 16:06:31.890;;
2591;-594,379;-3096,231;-328,754;0,000;0,000;0,000;0,000;RRR 1.5in;24,5;1015;46;'26.07.2023 16:06:31.900;;
2592;-594,865;-3096,201;-328,757;0,000;0,000;0,000;0,000;RRR 1.5in;24,5;1015;46;'26.07.2023 16:06:31.910;;
2593;-595,356;-3096,184;-328,756;0,000;0,000;0,000;0,000;RRR 1.5in;24,5;1015;46;'26.07.2023 16:06:31.920;;
2594;-595,850;-3096,174;-328,761;0,000;0,000;0,000;0,000;RRR 1.5in;24,5;1015;46;'26.07.2023 16:06:31.930;;
2595;-596,343;-3096,149;-328,767;0,000;0,000;0,000;0,000;RRR 1.5in;24,5;1015;46;'26.07.2023 16:06:31.940;;
2596;-596,846;-3096,093;-328,760;0,000;0,000;0,000;0,000;RRR 1.5in;24,5;1015;46;'26.07.2023 16:06:31.950;;
2597;-597,357;-3096,027;-328,748;0,000;0,000;0,000;0,000;RRR 1.5in;24,5;1015;46;'26.07.2023 16:06:31.960;;
2598;-597,866;-3095,994;-328,742;0,000;0,000;0,000;0,000;RRR 1.5in;24,5;1015;46;'26.07.2023 16:06:31.970;;
2599;-598,361;-3096,001;-328,742;0,000;0,000;0,000;0,000;RRR 1.5in;24,5;1015;46;'26.07.2023 16:06:31.980;;
2600;-598,865;-3096,013;-328,742;0,000;0,000;0,000;0,000;RRR 1.5in;24,5;1015;46;'26.07.2023 16:06:31.990;;
2601;-599,384;-3095,999;-328,745;0,000;0,000;0,000;0,000;RRR 1.5in;24,5;1015;46;'26.07.2023 16:06:32.000;;
2602;-599,898;-3095,946;-328,748;0,000;0,000;0,000;0,000;RRR 1.5in;24,5;1015;46;'26.07.2023 16:06:32.010;;
2603;-600,389;-3095,877;-328,750;0,000;0,000;0,000;0,000;RRR 1.5in;24,5;1015;46;'26.07.2023 16:06:32.020;;
2604;-600,879;-3095,814;-328,756;0,000;0,000;0,000;0,000;RRR 1.5in;24,5;1015;46;'26.07.2023 16:06:32.030;;
2605;-601,373;-3095,770;-328,762;0,000;0,000;0,000;0,000;RRR 1.5in;24,5;1015;46;'26.07.2023 16:06:32.040;;
2606;-601,865;-3095,751;-328,762;0,000;0,000;0,000;0,000;RRR 1.5in;24,5;1015;46;'26.07.2023 16:06:32.050;;
2607;-602,348;-3095,757;-328,763;0,000;0,000;0,000;0,000;RRR 1.5in;24,5;1015;46;'26.07.2023 16:06:32.060;;
2608;-602,835;-3095,765;-328,764;0,000;0,000;0,000;0,000;RRR 1.5in;24,5;1015;46;'26.07.2023 16:06:32.070;;
2609;-603,332;-3095,743;-328,759;0,000;0,000;0,000;0,000;RRR 1.5in;24,5;1015;46;'26.07.2023 16:06:32.080;;
2610;-603,842;-3095,692;-328,746;0,000;0,000;0,000;0,000;RRR 1.5in;24,5;1015;46;'26.07.2023 16:06:32.090;;
2611;-604,353;-3095,652;-328,738;0,000;0,000;0,000;0,000;RRR 1.5in;24,5;1015;46;'26.07.2023 16:06:32.100;;
2612;-604,860;-3095,639;-328,740;0,000;0,000;0,000;0,000;RRR 1.5in;24,5;1015;46;'26.07.2023 16:06:32.110;;
2613;-605,366;-3095,639;-328,741;0,000;0,000;0,000;0,000;RRR 1.5in;24,5;1015;46;'26.07.2023 16:06:32.120;;
2614;-605,875;-3095,633;-328,749;0,000;0,000;0,000;0,000;RRR 1.5in;24,5;1015;46;'26.07.2023 16:06:32.130;;
2615;-606,381;-3095,607;-328,765;0,000;0,000;0,000;0,000;RRR 1.5in;24,5;1015;46;'26.07.2023 16:06:32.140;;
2616;-606,868;-3095,544;-328,767;0,000;0,000;0,000;0,000;RRR 1.5in;24,5;1015;46;'26.07.2023 16:06:32.150;;
2617;-607,353;-3095,476;-328,763;0,000;0,000;0,000;0,000;RRR 1.5in;24,5;1015;46;'26.07.2023 16:06:32.160;;
2618;-607,847;-3095,432;-328,766;0,000;0,000;0,000;0,000;RRR 1.5in;24,5;1015;46;'26.07.2023 16:06:32.170;;
2619;-608,338;-3095,414;-328,762;0,000;0,000;0,000;0,000;RRR 1.5in;24,5;1015;46;'26.07.2023 16:06:32.180;;
2620;-608,829;-3095,414;-328,757;0,000;0,000;0,000;0,000;RRR 1.5in;24,5;1015;46;'26.07.2023 16:06:32.190;;
2621;-609,328;-3095,404;-328,752;0,000;0,000;0,000;0,000;RRR 1.5in;24,5;1015;46;'26.07.2023 16:06:32.200;;
2622;-609,828;-3095,363;-328,744;0,000;0,000;0,000;0,000;RRR 1.5in;24,5;1015;46;'26.07.2023 16:06:32.210;;
2623;-610,331;-3095,306;-328,735;0,000;0,000;0,000;0,000;RRR 1.5in;24,5;1015;46;'26.07.2023 16:06:32.220;;
2624;-610,825;-3095,256;-328,735;0,000;0,000;0,000;0,000;RRR 1.5in;24,5;1015;46;'26.07.2023 16:06:32.230;;
2625;-611,330;-3095,216;-328,741;0,000;0,000;0,000;0,000;RRR 1.5in;24,5;1015;46;'26.07.2023 16:06:32.240;;
2626;-611,834;-3095,190;-328,739;0,000;0,000;0,000;0,000;RRR 1.5in;24,5;1015;46;'26.07.2023 16:06:32.250;;
2627;-612,343;-3095,189;-328,745;0,000;0,000;0,000;0,000;RRR 1.5in;24,5;1015;46;'26.07.2023 16:06:32.260;;
2628;-612,854;-3095,196;-328,765;0,000;0,000;0,000;0,000;RRR 1.5in;24,5;1015;46;'26.07.2023 16:06:32.270;;
2629;-613,352;-3095,160;-328,776;0,000;0,000;0,000;0,000;RRR 1.5in;24,5;1015;46;'26.07.2023 16:06:32.280;;
2630;-613,846;-3095,080;-328,762;0,000;0,000;0,000;0,000;RRR 1.5in;24,5;1015;46;'26.07.2023 16:06:32.290;;
2631;-614,340;-3095,010;-328,752;0,000;0,000;0,000;0,000;RRR 1.5in;24,5;1015;46;'26.07.2023 16:06:32.300;;
2632;-614,833;-3094,985;-328,751;0,000;0,000;0,000;0,000;RRR 1.5in;24,5;1015;46;'26.07.2023 16:06:32.310;;
2633;-615,320;-3094,991;-328,747;0,000;0,000;0,000;0,000;RRR 1.5in;24,5;1015;46;'26.07.2023 16:06:32.320;;
2634;-615,817;-3095,001;-328,736;0,000;0,000;0,000;0,000;RRR 1.5in;24,5;1015;46;'26.07.2023 16:06:32.330;;
2635;-616,317;-3094,995;-328,722;0,000;0,000;0,000;0,000;RRR 1.5in;24,5;1015;46;'26.07.2023 16:06:32.340;;
2636;-616,812;-3094,969;-328,712;0,000;0,000;0,000;0,000;RRR 1.5in;24,5;1015;46;'26.07.2023 16:06:32.350;;
2637;-617,306;-3094,930;-328,704;0,000;0,000;0,000;0,000;RRR 1.5in;24,5;1015;46;'26.07.2023 16:06:32.360;;
2638;-617,809;-3094,879;-328,690;0,000;0,000;0,000;0,000;RRR 1.5in;24,5;1015;46;'26.07.2023 16:06:32.370;;
2639;-618,311;-3094,837;-328,671;0,000;0,000;0,000;0,000;RRR 1.5in;24,5;1015;46;'26.07.2023 16:06:32.380;;
2640;-618,811;-3094,822;-328,649;0,000;0,000;0,000;0,000;RRR 1.5in;24,5;1015;46;'26.07.2023 16:06:32.390;;
2641;-619,303;-3094,824;-328,621;0,000;0,000;0,000;0,000;RRR 1.5in;24,5;1015;46;'26.07.2023 16:06:32.400;;
2642;-619,796;-3094,813;-328,588;0,000;0,000;0,000;0,000;RRR 1.5in;24,5;1015;46;'26.07.2023 16:06:32.410;;
2643;-620,286;-3094,766;-328,539;0,000;0,000;0,000;0,000;RRR 1.5in;24,5;1015;46;'26.07.2023 16:06:32.420;;
2644;-620,768;-3094,698;-328,470;0,000;0,000;0,000;0,000;RRR 1.5in;24,5;1015;46;'26.07.2023 16:06:32.430;;
2645;-621,253;-3094,657;-328,407;0,000;0,000;0,000;0,000;RRR 1.5in;24,5;1015;46;'26.07.2023 16:06:32.440;;
2646;-621,740;-3094,643;-328,346;0,000;0,000;0,000;0,000;RRR 1.5in;24,5;1015;46;'26.07.2023 16:06:32.450;;
2647;-622,222;-3094,638;-328,269;0,000;0,000;0,000;0,000;RRR 1.5in;24,5;1015;46;'26.07.2023 16:06:32.460;;
2648;-622,706;-3094,637;-328,189;0,000;0,000;0,000;0,000;RRR 1.5in;24,5;1015;46;'26.07.2023 16:06:32.470;;
2649;-623,187;-3094,629;-328,108;0,000;0,000;0,000;0,000;RRR 1.5in;24,5;1015;46;'26.07.2023 16:06:32.480;;
2650;-623,674;-3094,595;-328,024;0,000;0,000;0,000;0,000;RRR 1.5in;24,5;1015;46;'26.07.2023 16:06:32.490;;
2651;-624,163;-3094,537;-327,930;0,000;0,000;0,000;0,000;RRR 1.5in;24,5;1015;46;'26.07.2023 16:06:32.500;;
2652;-624,645;-3094,476;-327,822;0,000;0,000;0,000;0,000;RRR 1.5in;24,5;1015;46;'26.07.2023 16:06:32.510;;
2653;-625,117;-3094,449;-327,711;0,000;0,000;0,000;0,000;RRR 1.5in;24,5;1015;46;'26.07.2023 16:06:32.520;;
2654;-625,590;-3094,458;-327,594;0,000;0,000;0,000;0,000;RRR 1.5in;24,5;1015;46;'26.07.2023 16:06:32.530;;
2655;-626,069;-3094,489;-327,465;0,000;0,000;0,000;0,000;RRR 1.5in;24,5;1015;46;'26.07.2023 16:06:32.540;;
2656;-626,539;-3094,525;-327,332;0,000;0,000;0,000;0,000;RRR 1.5in;24,5;1015;46;'26.07.2023 16:06:32.550;;
2657;-627,005;-3094,536;-327,197;0,000;0,000;0,000;0,000;RRR 1.5in;24,5;1015;46;'26.07.2023 16:06:32.560;;
2658;-627,479;-3094,507;-327,059;0,000;0,000;0,000;0,000;RRR 1.5in;24,5;1015;46;'26.07.2023 16:06:32.570;;
2659;-627,957;-3094,456;-326,913;0,000;0,000;0,000;0,000;RRR 1.5in;24,5;1015;46;'26.07.2023 16:06:32.580;;
2660;-628,433;-3094,413;-326,767;0,000;0,000;0,000;0,000;RRR 1.5in;24,5;1015;46;'26.07.2023 16:06:32.590;;
2661;-628,896;-3094,399;-326,623;0,000;0,000;0,000;0,000;RRR 1.5in;24,5;1015;46;'26.07.2023 16:06:32.600;;
2662;-629,364;-3094,400;-326,484;0,000;0,000;0,000;0,000;RRR 1.5in;24,5;1015;46;'26.07.2023 16:06:32.610;;
2663;-629,839;-3094,383;-326,332;0,000;0,000;0,000;0,000;RRR 1.5in;24,5;1015;46;'26.07.2023 16:06:32.620;;
2664;-630,310;-3094,354;-326,169;0,000;0,000;0,000;0,000;RRR 1.5in;24,5;1015;46;'26.07.2023 16:06:32.630;;
2665;-630,777;-3094,338;-326,019;0,000;0,000;0,000;0,000;RRR 1.5in;24,5;1015;46;'26.07.2023 16:06:32.640;;
2666;-631,246;-3094,316;-325,866;0,000;0,000;0,000;0,000;RRR 1.5in;24,5;1015;46;'26.07.2023 16:06:32.650;;
2667;-631,723;-3094,265;-325,698;0,000;0,000;0,000;0,000;RRR 1.5in;24,5;1015;46;'26.07.2023 16:06:32.660;;
2668;-632,204;-3094,208;-325,519;0,000;0,000;0,000;0,000;RRR 1.5in;24,5;1015;46;'26.07.2023 16:06:32.670;;
2669;-632,688;-3094,180;-325,353;0,000;0,000;0,000;0,000;RRR 1.5in;24,5;1015;46;'26.07.2023 16:06:32.680;;
2670;-633,162;-3094,175;-325,196;0,000;0,000;0,000;0,000;RRR 1.5in;24,5;1015;46;'26.07.2023 16:06:32.690;;
2671;-633,631;-3094,156;-325,027;0,000;0,000;0,000;0,000;RRR 1.5in;24,5;1015;46;'26.07.2023 16:06:32.700;;
2672;-634,107;-3094,127;-324,858;0,000;0,000;0,000;0,000;RRR 1.5in;24,5;1015;46;'26.07.2023 16:06:32.710;;
2673;-634,588;-3094,106;-324,696;0,000;0,000;0,000;0,000;RRR 1.5in;24,5;1015;46;'26.07.2023 16:06:32.720;;
2674;-635,071;-3094,091;-324,548;0,000;0,000;0,000;0,000;RRR 1.5in;24,5;1015;46;'26.07.2023 16:06:32.730;;
2675;-635,554;-3094,058;-324,404;0,000;0,000;0,000;0,000;RRR 1.5in;24,5;1015;46;'26.07.2023 16:06:32.740;;
2676;-636,024;-3093,985;-324,242;0,000;0,000;0,000;0,000;RRR 1.5in;24,5;1015;46;'26.07.2023 16:06:32.750;;
2677;-636,485;-3093,915;-324,071;0,000;0,000;0,000;0,000;RRR 1.5in;24,5;1015;46;'26.07.2023 16:06:32.760;;
2678;-636,960;-3093,907;-323,920;0,000;0,000;0,000;0,000;RRR 1.5in;24,5;1015;46;'26.07.2023 16:06:32.770;;
2679;-637,434;-3093,924;-323,775;0,000;0,000;0,000;0,000;RRR 1.5in;24,5;1015;46;'26.07.2023 16:06:32.780;;
2680;-637,894;-3093,914;-323,606;0,000;0,000;0,000;0,000;RRR 1.5in;24,5;1015;46;'26.07.2023 16:06:32.790;;
2681;-638,355;-3093,883;-323,426;0,000;0,000;0,000;0,000;RRR 1.5in;24,5;1015;46;'26.07.2023 16:06:32.800;;
2682;-638,818;-3093,861;-323,251;0,000;0,000;0,000;0,000;RRR 1.5in;24,5;1015;46;'26.07.2023 16:06:32.810;;
2683;-639,285;-3093,849;-323,093;0,000;0,000;0,000;0,000;RRR 1.5in;24,5;1015;46;'26.07.2023 16:06:32.820;;
2684;-639,762;-3093,823;-322,935;0,000;0,000;0,000;0,000;RRR 1.5in;24,5;1015;46;'26.07.2023 16:06:32.830;;
2685;-640,244;-3093,766;-322,763;0,000;0,000;0,000;0,000;RRR 1.5in;24,5;1015;46;'26.07.2023 16:06:32.840;;
2686;-640,721;-3093,716;-322,594;0,000;0,000;0,000;0,000;RRR 1.5in;24,5;1015;46;'26.07.2023 16:06:32.850;;
2687;-641,207;-3093,711;-322,450;0,000;0,000;0,000;0,000;RRR 1.5in;24,5;1015;46;'26.07.2023 16:06:32.860;;
2688;-641,693;-3093,713;-322,311;0,000;0,000;0,000;0,000;RRR 1.5in;24,5;1015;46;'26.07.2023 16:06:32.870;;
2689;-642,161;-3093,678;-322,143;0,000;0,000;0,000;0,000;RRR 1.5in;24,5;1015;46;'26.07.2023 16:06:32.880;;
2690;-642,625;-3093,636;-321,968;0,000;0,000;0,000;0,000;RRR 1.5in;24,5;1015;46;'26.07.2023 16:06:32.890;;
2691;-643,096;-3093,628;-321,809;0,000;0,000;0,000;0,000;RRR 1.5in;24,5;1015;46;'26.07.2023 16:06:32.900;;
2692;-643,569;-3093,629;-321,657;0,000;0,000;0,000;0,000;RRR 1.5in;24,5;1015;46;'26.07.2023 16:06:32.910;;
2693;-644,037;-3093,596;-321,494;0,000;0,000;0,000;0,000;RRR 1.5in;24,5;1015;46;'26.07.2023 16:06:32.920;;
2694;-644,506;-3093,520;-321,319;0,000;0,000;0,000;0,000;RRR 1.5in;24,5;1015;46;'26.07.2023 16:06:32.930;;
2695;-644,967;-3093,446;-321,142;0,000;0,000;0,000;0,000;RRR 1.5in;24,5;1015;46;'26.07.2023 16:06:32.940;;
2696;-645,444;-3093,421;-320,985;0,000;0,000;0,000;0,000;RRR 1.5in;24,5;1015;46;'26.07.2023 16:06:32.950;;
2697;-645,931;-3093,425;-320,838;0,000;0,000;0,000;0,000;RRR 1.5in;24,5;1015;46;'26.07.2023 16:06:32.960;;
2698;-646,419;-3093,403;-320,678;0,000;0,000;0,000;0,000;RRR 1.5in;24,5;1015;46;'26.07.2023 16:06:32.970;;
2699;-646,900;-3093,359;-320,508;0,000;0,000;0,000;0,000;RRR 1.5in;24,5;1015;46;'26.07.2023 16:06:32.980;;
2700;-647,378;-3093,333;-320,350;0,000;0,000;0,000;0,000;RRR 1.5in;24,5;1015;46;'26.07.2023 16:06:32.990;;
2701;-647,850;-3093,315;-320,205;0,000;0,000;0,000;0,000;RRR 1.5in;24,5;1015;46;'26.07.2023 16:06:33.000;;
2702;-648,314;-3093,269;-320,047;0,000;0,000;0,000;0,000;RRR 1.5in;24,5;1015;46;'26.07.2023 16:06:33.010;;
2703;-648,785;-3093,204;-319,875;0,000;0,000;0,000;0,000;RRR 1.5in;24,5;1015;46;'26.07.2023 16:06:33.020;;
2704;-649,248;-3093,160;-319,702;0,000;0,000;0,000;0,000;RRR 1.5in;24,5;1015;46;'26.07.2023 16:06:33.030;;
2705;-649,711;-3093,162;-319,542;0,000;0,000;0,000;0,000;RRR 1.5in;24,5;1015;46;'26.07.2023 16:06:33.040;;
2706;-650,182;-3093,179;-319,393;0,000;0,000;0,000;0,000;RRR 1.5in;24,5;1015;46;'26.07.2023 16:06:33.050;;
2707;-650,655;-3093,156;-319,225;0,000;0,000;0,000;0,000;RRR 1.5in;24,5;1015;46;'26.07.2023 16:06:33.060;;
2708;-651,124;-3093,108;-319,044;0,000;0,000;0,000;0,000;RRR 1.5in;24,5;1015;46;'26.07.2023 16:06:33.070;;
2709;-651,593;-3093,089;-318,882;0,000;0,000;0,000;0,000;RRR 1.5in;24,5;1015;46;'26.07.2023 16:06:33.080;;
2710;-652,073;-3093,091;-318,738;0,000;0,000;0,000;0,000;RRR 1.5in;24,5;1015;46;'26.07.2023 16:06:33.090;;
2711;-652,553;-3093,061;-318,580;0,000;0,000;0,000;0,000;RRR 1.5in;24,5;1015;46;'26.07.2023 16:06:33.100;;
2712;-653,032;-3093,001;-318,415;0,000;0,000;0,000;0,000;RRR 1.5in;24,5;1015;46;'26.07.2023 16:06:33.110;;
2713;-653,509;-3092,947;-318,258;0,000;0,000;0,000;0,000;RRR 1.5in;24,5;1015;46;'26.07.2023 16:06:33.120;;
2714;-653,971;-3092,919;-318,102;0,000;0,000;0,000;0,000;RRR 1.5in;24,5;1015;46;'26.07.2023 16:06:33.130;;
2715;-654,438;-3092,910;-317,948;0,000;0,000;0,000;0,000;RRR 1.5in;24,5;1015;46;'26.07.2023 16:06:33.140;;
2716;-654,914;-3092,895;-317,786;0,000;0,000;0,000;0,000;RRR 1.5in;24,5;1015;46;'26.07.2023 16:06:33.150;;
2717;-655,385;-3092,867;-317,612;0,000;0,000;0,000;0,000;RRR 1.5in;24,5;1015;46;'26.07.2023 16:06:33.160;;
2718;-655,845;-3092,856;-317,442;0,000;0,000;0,000;0,000;RRR 1.5in;24,5;1015;46;'26.07.2023 16:06:33.170;;
2719;-656,312;-3092,856;-317,283;0,000;0,000;0,000;0,000;RRR 1.5in;24,5;1015;46;'26.07.2023 16:06:33.180;;
2720;-656,790;-3092,831;-317,123;0,000;0,000;0,000;0,000;RRR 1.5in;24,5;1015;46;'26.07.2023 16:06:33.190;;
2721;-657,273;-3092,771;-316,953;0,000;0,000;0,000;0,000;RRR 1.5in;24,5;1015;46;'26.07.2023 16:06:33.200;;
2722;-657,751;-3092,714;-316,787;0,000;0,000;0,000;0,000;RRR 1.5in;24,5;1015;46;'26.07.2023 16:06:33.210;;
2723;-658,225;-3092,682;-316,632;0,000;0,000;0,000;0,000;RRR 1.5in;24,5;1015;46;'26.07.2023 16:06:33.220;;
2724;-658,698;-3092,663;-316,477;0,000;0,000;0,000;0,000;RRR 1.5in;24,5;1015;46;'26.07.2023 16:06:33.230;;
2725;-659,181;-3092,644;-316,321;0,000;0,000;0,000;0,000;RRR 1.5in;24,5;1015;46;'26.07.2023 16:06:33.240;;
2726;-659,659;-3092,616;-316,162;0,000;0,000;0,000;0,000;RRR 1.5in;24,5;1015;46;'26.07.2023 16:06:33.250;;
2727;-660,119;-3092,581;-315,993;0,000;0,000;0,000;0,000;RRR 1.5in;24,5;1015;46;'26.07.2023 16:06:33.260;;
2728;-660,582;-3092,558;-315,829;0,000;0,000;0,000;0,000;RRR 1.5in;24,5;1015;46;'26.07.2023 16:06:33.270;;
2729;-661,060;-3092,540;-315,667;0,000;0,000;0,000;0,000;RRR 1.5in;24,5;1015;46;'26.07.2023 16:06:33.280;;
2730;-661,531;-3092,508;-315,504;0,000;0,000;0,000;0,000;RRR 1.5in;24,5;1015;46;'26.07.2023 16:06:33.290;;
2731;-661,994;-3092,462;-315,339;0,000;0,000;0,000;0,000;RRR 1.5in;24,5;1015;46;'26.07.2023 16:06:33.300;;
2732;-662,461;-3092,413;-315,175;0,000;0,000;0,000;0,000;RRR 1.5in;24,5;1015;46;'26.07.2023 16:06:33.310;;
2733;-662,942;-3092,375;-315,013;0,000;0,000;0,000;0,000;RRR 1.5in;24,5;1015;46;'26.07.2023 16:06:33.320;;
2734;-663,432;-3092,366;-314,863;0,000;0,000;0,000;0,000;RRR 1.5in;24,5;1015;46;'26.07.2023 16:06:33.330;;
2735;-663,912;-3092,368;-314,720;0,000;0,000;0,000;0,000;RRR 1.5in;24,5;1015;46;'26.07.2023 16:06:33.340;;
2736;-664,378;-3092,341;-314,562;0,000;0,000;0,000;0,000;RRR 1.5in;24,5;1015;46;'26.07.2023 16:06:33.350;;
2737;-664,843;-3092,295;-314,389;0,000;0,000;0,000;0,000;RRR 1.5in;24,5;1015;46;'26.07.2023 16:06:33.360;;
2738;-665,321;-3092,270;-314,229;0,000;0,000;0,000;0,000;RRR 1.5in;24,5;1015;46;'26.07.2023 16:06:33.370;;
2739;-665,790;-3092,270;-314,082;0,000;0,000;0,000;0,000;RRR 1.5in;24,5;1015;46;'26.07.2023 16:06:33.380;;
2740;-666,238;-3092,247;-313,918;0,000;0,000;0,000;0,000;RRR 1.5in;24,5;1015;46;'26.07.2023 16:06:33.390;;
2741;-666,693;-3092,192;-313,739;0,000;0,000;0,000;0,000;RRR 1.5in;24,5;1015;46;'26.07.2023 16:06:33.400;;
2742;-667,175;-3092,147;-313,566;0,000;0,000;0,000;0,000;RRR 1.5in;24,5;1015;46;'26.07.2023 16:06:33.410;;
2743;-667,659;-3092,139;-313,413;0,000;0,000;0,000;0,000;RRR 1.5in;24,5;1015;46;'26.07.2023 16:06:33.420;;
2744;-668,135;-3092,145;-313,266;0,000;0,000;0,000;0,000;RRR 1.5in;24,5;1015;46;'26.07.2023 16:06:33.430;;
2745;-668,605;-3092,117;-313,104;0,000;0,000;0,000;0,000;RRR 1.5in;24,5;1015;46;'26.07.2023 16:06:33.440;;
2746;-669,085;-3092,068;-312,931;0,000;0,000;0,000;0,000;RRR 1.5in;24,5;1015;46;'26.07.2023 16:06:33.450;;
2747;-669,578;-3092,049;-312,776;0,000;0,000;0,000;0,000;RRR 1.5in;24,5;1015;46;'26.07.2023 16:06:33.460;;
2748;-670,058;-3092,056;-312,634;0,000;0,000;0,000;0,000;RRR 1.5in;24,5;1015;46;'26.07.2023 16:06:33.470;;
2749;-670,519;-3092,031;-312,479;0,000;0,000;0,000;0,000;RRR 1.5in;24,5;1015;46;'26.07.2023 16:06:33.480;;
2750;-670,980;-3091,956;-312,305;0,000;0,000;0,000;0,000;RRR 1.5in;24,5;1015;46;'26.07.2023 16:06:33.490;;
2751;-671,452;-3091,879;-312,137;0,000;0,000;0,000;0,000;RRR 1.5in;24,5;1015;46;'26.07.2023 16:06:33.500;;
2752;-671,922;-3091,844;-311,977;0,000;0,000;0,000;0,000;RRR 1.5in;24,5;1015;46;'26.07.2023 16:06:33.510;;
2753;-672,378;-3091,839;-311,819;0,000;0,000;0,000;0,000;RRR 1.5in;24,5;1015;46;'26.07.2023 16:06:33.520;;
2754;-672,846;-3091,830;-311,659;0,000;0,000;0,000;0,000;RRR 1.5in;24,5;1015;46;'26.07.2023 16:06:33.530;;
2755;-673,333;-3091,801;-311,492;0,000;0,000;0,000;0,000;RRR 1.5in;24,5;1015;46;'26.07.2023 16:06:33.540;;
2756;-673,820;-3091,764;-311,322;0,000;0,000;0,000;0,000;RRR 1.5in;24,5;1015;46;'26.07.2023 16:06:33.550;;
2757;-674,293;-3091,747;-311,163;0,000;0,000;0,000;0,000;RRR 1.5in;24,5;1015;46;'26.07.2023 16:06:33.560;;
2758;-674,765;-3091,734;-311,009;0,000;0,000;0,000;0,000;RRR 1.5in;24,5;1015;46;'26.07.2023 16:06:33.570;;
2759;-675,245;-3091,696;-310,847;0,000;0,000;0,000;0,000;RRR 1.5in;24,5;1015;46;'26.07.2023 16:06:33.580;;
2760;-675,729;-3091,646;-310,683;0,000;0,000;0,000;0,000;RRR 1.5in;24,5;1015;46;'26.07.2023 16:06:33.590;;
2761;-676,200;-3091,612;-310,524;0,000;0,000;0,000;0,000;RRR 1.5in;24,5;1015;46;'26.07.2023 16:06:33.600;;
2762;-676,661;-3091,594;-310,368;0,000;0,000;0,000;0,000;RRR 1.5in;24,5;1015;46;'26.07.2023 16:06:33.610;;
2763;-677,122;-3091,573;-310,209;0,000;0,000;0,000;0,000;RRR 1.5in;24,5;1015;46;'26.07.2023 16:06:33.620;;
2764;-677,592;-3091,545;-310,047;0,000;0,000;0,000;0,000;RRR 1.5in;24,5;1015;46;'26.07.2023 16:06:33.630;;
2765;-678,055;-3091,512;-309,883;0,000;0,000;0,000;0,000;RRR 1.5in;24,5;1015;46;'26.07.2023 16:06:33.640;;
2766;-678,512;-3091,487;-309,712;0,000;0,000;0,000;0,000;RRR 1.5in;24,5;1015;46;'26.07.2023 16:06:33.650;;
2767;-678,984;-3091,476;-309,546;0,000;0,000;0,000;0,000;RRR 1.5in;24,5;1015;46;'26.07.2023 16:06:33.660;;
2768;-679,477;-3091,472;-309,382;0,000;0,000;0,000;0,000;RRR 1.5in;24,5;1015;46;'26.07.2023 16:06:33.670;;
2769;-679,960;-3091,459;-309,222;0,000;0,000;0,000;0,000;RRR 1.5in;24,5;1015;46;'26.07.2023 16:06:33.680;;
2770;-680,433;-3091,424;-309,067;0,000;0,000;0,000;0,000;RRR 1.5in;24,5;1015;46;'26.07.2023 16:06:33.690;;
2771;-680,909;-3091,366;-308,906;0,000;0,000;0,000;0,000;RRR 1.5in;24,5;1015;46;'26.07.2023 16:06:33.700;;
2772;-681,394;-3091,306;-308,740;0,000;0,000;0,000;0,000;RRR 1.5in;24,5;1015;46;'26.07.2023 16:06:33.710;;
2773;-681,880;-3091,286;-308,589;0,000;0,000;0,000;0,000;RRR 1.5in;24,5;1015;46;'26.07.2023 16:06:33.720;;
2774;-682,352;-3091,292;-308,442;0,000;0,000;0,000;0,000;RRR 1.5in;24,5;1015;46;'26.07.2023 16:06:33.730;;
2775;-682,809;-3091,282;-308,282;0,000;0,000;0,000;0,000;RRR 1.5in;24,5;1015;46;'26.07.2023 16:06:33.740;;
2776;-683,276;-3091,236;-308,106;0,000;0,000;0,000;0,000;RRR 1.5in;24,5;1015;46;'26.07.2023 16:06:33.750;;
2777;-683,753;-3091,193;-307,936;0,000;0,000;0,000;0,000;RRR 1.5in;24,5;1015;46;'26.07.2023 16:06:33.760;;
2778;-684,225;-3091,170;-307,776;0,000;0,000;0,000;0,000;RRR 1.5in;24,5;1015;46;'26.07.2023 16:06:33.770;;
2779;-684,684;-3091,146;-307,615;0,000;0,000;0,000;0,000;RRR 1.5in;24,5;1015;46;'26.07.2023 16:06:33.780;;
2780;-685,156;-3091,097;-307,445;0,000;0,000;0,000;0,000;RRR 1.5in;24,5;1015;46;'26.07.2023 16:06:33.790;;
2781;-685,643;-3091,040;-307,273;0,000;0,000;0,000;0,000;RRR 1.5in;24,5;1015;46;'26.07.2023 16:06:33.800;;
2782;-686,128;-3091,011;-307,104;0,000;0,000;0,000;0,000;RRR 1.5in;24,5;1015;46;'26.07.2023 16:06:33.810;;
2783;-686,603;-3091,023;-306,956;0,000;0,000;0,000;0,000;RRR 1.5in;24,5;1015;46;'26.07.2023 16:06:33.820;;
2784;-687,074;-3091,026;-306,810;0,000;0,000;0,000;0,000;RRR 1.5in;24,5;1015;46;'26.07.2023 16:06:33.830;;
2785;-687,532;-3090,982;-306,652;0,000;0,000;0,000;0,000;RRR 1.5in;24,5;1015;46;'26.07.2023 16:06:33.840;;
2786;-687,950;-3090,927;-306,502;0,000;0,000;0,000;0,000;RRR 1.5in;24,5;1015;46;'26.07.2023 16:06:33.850;;
2787;-688,328;-3090,895;-306,366;0,000;0,000;0,000;0,000;RRR 1.5in;24,5;1015;46;'26.07.2023 16:06:33.860;;
2788;-688,672;-3090,887;-306,242;0,000;0,000;0,000;0,000;RRR 1.5in;24,5;1015;46;'26.07.2023 16:06:33.870;;
2789;-689,007;-3090,874;-306,118;0,000;0,000;0,000;0,000;RRR 1.5in;24,5;1015;46;'26.07.2023 16:06:33.880;;
2790;-689,335;-3090,861;-306,003;0,000;0,000;0,000;0,000;RRR 1.5in;24,5;1015;46;'26.07.2023 16:06:33.890;;
2791;-689,651;-3090,850;-305,910;0,000;0,000;0,000;0,000;RRR 1.5in;24,5;1015;46;'26.07.2023 16:06:33.900;;
2792;-689,933;-3090,828;-305,827;0,000;0,000;0,000;0,000;RRR 1.5in;24,5;1015;46;'26.07.2023 16:06:33.910;;
2793;-690,188;-3090,792;-305,741;0,000;0,000;0,000;0,000;RRR 1.5in;24,5;1015;46;'26.07.2023 16:06:33.920;;
2794;-690,424;-3090,766;-305,662;0,000;0,000;0,000;0,000;RRR 1.5in;24,5;1015;46;'26.07.2023 16:06:33.930;;
2795;-690,627;-3090,772;-305,598;0,000;0,000;0,000;0,000;RRR 1.5in;24,5;1015;46;'26.07.2023 16:06:33.940;;
2796;-690,810;-3090,802;-305,547;0,000;0,000;0,000;0,000;RRR 1.5in;24,5;1015;46;'26.07.2023 16:06:33.950;;
2797;-690,966;-3090,816;-305,496;0,000;0,000;0,000;0,000;RRR 1.5in;24,5;1015;46;'26.07.2023 16:06:33.960;;
2798;-691,094;-3090,798;-305,443;0,000;0,000;0,000;0,000;RRR 1.5in;24,5;1015;46;'26.07.2023 16:06:33.970;;
2799;-691,182;-3090,773;-305,400;0,000;0,000;0,000;0,000;RRR 1.5in;24,5;1015;46;'26.07.2023 16:06:33.980;;
2800;-691,237;-3090,760;-305,369;0,000;0,000;0,000;0,000;RRR 1.5in;24,5;1015;46;'26.07.2023 16:06:33.990;;
2801;-691,268;-3090,759;-305,351;0,000;0,000;0,000;0,000;RRR 1.5in;24,5;1015;46;'26.07.2023 16:06:34.000;;
2802;-691,293;-3090,759;-305,339;0,000;0,000;0,000;0,000;RRR 1.5in;24,5;1015;46;'26.07.2023 16:06:34.010;;
2803;-691,304;-3090,761;-305,334;0,000;0,000;0,000;0,000;RRR 1.5in;24,5;1015;46;'26.07.2023 16:06:34.020;;
2804;-691,297;-3090,772;-305,336;0,000;0,000;0,000;0,000;RRR 1.5in;24,5;1015;46;'26.07.2023 16:06:34.030;;
2805;-691,303;-3090,781;-305,342;0,000;0,000;0,000;0,000;RRR 1.5in;24,5;1015;46;'26.07.2023 16:06:34.040;;
2806;-691,326;-3090,779;-305,339;0,000;0,000;0,000;0,000;RRR 1.5in;24,5;1015;46;'26.07.2023 16:06:34.050;;
2807;-691,366;-3090,776;-305,342;0,000;0,000;0,000;0,000;RRR 1.5in;24,5;1015;46;'26.07.2023 16:06:34.060;;
2808;-691,393;-3090,782;-305,343;0,000;0,000;0,000;0,000;RRR 1.5in;24,5;1015;46;'26.07.2023 16:06:34.070;;
2809;-691,394;-3090,787;-305,338;0,000;0,000;0,000;0,000;RRR 1.5in;24,5;1015;46;'26.07.2023 16:06:34.080;;
2810;-691,392;-3090,789;-305,330;0,000;0,000;0,000;0,000;RRR 1.5in;24,5;1015;46;'26.07.2023 16:06:34.090;;
2811;-691,389;-3090,786;-305,322;0,000;0,000;0,000;0,000;RRR 1.5in;24,5;1015;46;'26.07.2023 16:06:34.100;;
2812;-691,384;-3090,779;-305,318;0,000;0,000;0,000;0,000;RRR 1.5in;24,5;1015;46;'26.07.2023 16:06:34.110;;
2813;-691,368;-3090,777;-305,321;0,000;0,000;0,000;0,000;RRR 1.5in;24,5;1015;46;'26.07.2023 16:06:34.120;;
2814;-691,348;-3090,768;-305,322;0,000;0,000;0,000;0,000;RRR 1.5in;24,5;1015;46;'26.07.2023 16:06:34.130;;
2815;-691,337;-3090,756;-305,322;0,000;0,000;0,000;0,000;RRR 1.5in;24,5;1015;46;'26.07.2023 16:06:34.140;;
2816;-691,341;-3090,751;-305,321;0,000;0,000;0,000;0,000;RRR 1.5in;24,5;1015;46;'26.07.2023 16:06:34.150;;
2817;-691,355;-3090,763;-305,325;0,000;0,000;0,000;0,000;RRR 1.5in;24,5;1015;46;'26.07.2023 16:06:34.160;;
2818;-691,371;-3090,777;-305,327;0,000;0,000;0,000;0,000;RRR 1.5in;24,5;1015;46;'26.07.2023 16:06:34.170;;
2819;-691,389;-3090,780;-305,323;0,000;0,000;0,000;0,000;RRR 1.5in;24,5;1015;46;'26.07.2023 16:06:34.180;;
2820;-691,401;-3090,774;-305,320;0,000;0,000;0,000;0,000;RRR 1.5in;24,5;1015;46;'26.07.2023 16:06:34.190;;
2821;-691,397;-3090,771;-305,321;0,000;0,000;0,000;0,000;RRR 1.5in;24,5;1015;46;'26.07.2023 16:06:34.200;;
2822;-691,380;-3090,769;-305,322;0,000;0,000;0,000;0,000;RRR 1.5in;24,5;1015;46;'26.07.2023 16:06:34.210;;
2823;-691,365;-3090,766;-305,323;0,000;0,000;0,000;0,000;RRR 1.5in;24,5;1015;46;'26.07.2023 16:06:34.220;;
2824;-691,358;-3090,761;-305,321;0,000;0,000;0,000;0,000;RRR 1.5in;24,5;1015;46;'26.07.2023 16:06:34.230;;
2825;-691,357;-3090,761;-305,322;0,000;0,000;0,000;0,000;RRR 1.5in;24,5;1015;46;'26.07.2023 16:06:34.240;;
2826;-691,354;-3090,765;-305,326;0,000;0,000;0,000;0,000;RRR 1.5in;24,5;1015;46;'26.07.2023 16:06:34.250;;
2827;-691,354;-3090,764;-305,325;0,000;0,000;0,000;0,000;RRR 1.5in;24,5;1015;46;'26.07.2023 16:06:34.260;;
2828;-691,363;-3090,757;-305,320;0,000;0,000;0,000;0,000;RRR 1.5in;24,5;1015;46;'26.07.2023 16:06:34.270;;
2829;-691,379;-3090,760;-305,320;0,000;0,000;0,000;0,000;RRR 1.5in;24,5;1015;46;'26.07.2023 16:06:34.280;;
2830;-691,389;-3090,771;-305,322;0,000;0,000;0,000;0,000;RRR 1.5in;24,5;1015;46;'26.07.2023 16:06:34.290;;
