Id;X  [mm];Y  [mm];Z  [mm];U(95)  [mm];U(95) X  [mm];U(95) Y  [mm];U(95) Z  [mm];Target;Temperature  [°C];Pressure  [mBar];Humidity  [%];Time Stamp;Delete;
1;523,696;-2660,238;-330,364;0,000;0,000;0,000;0,000;RRR 1.5in;24,6;1015;46;'26.07.2023 16:14:42.560;;
2;523,696;-2660,238;-330,365;0,000;0,000;0,000;0,000;RRR 1.5in;24,6;1015;46;'26.07.2023 16:14:42.570;;
3;523,696;-2660,239;-330,365;0,000;0,000;0,000;0,000;RRR 1.5in;24,6;1015;46;'26.07.2023 16:14:42.580;;
4;523,694;-2660,240;-330,367;0,000;0,000;0,000;0,000;RRR 1.5in;24,6;1015;46;'26.07.2023 16:14:42.590;;
5;523,694;-2660,240;-330,366;0,000;0,000;0,000;0,000;RRR 1.5in;24,6;1015;46;'26.07.2023 16:14:42.600;;
6;523,692;-2660,240;-330,367;0,000;0,000;0,000;0,000;RRR 1.5in;24,6;1015;46;'26.07.2023 16:14:42.610;;
7;523,693;-2660,240;-330,366;0,000;0,000;0,000;0,000;RRR 1.5in;24,6;1015;46;'26.07.2023 16:14:42.620;;
8;523,692;-2660,241;-330,366;0,000;0,000;0,000;0,000;RRR 1.5in;24,6;1015;46;'26.07.2023 16:14:42.630;;
9;523,693;-2660,241;-330,366;0,000;0,000;0,000;0,000;RRR 1.5in;24,6;1015;46;'26.07.2023 16:14:42.640;;
10;523,692;-2660,240;-330,364;0,000;0,000;0,000;0,000;RRR 1.5in;24,6;1015;46;'26.07.2023 16:14:42.650;;
11;523,692;-2660,240;-330,367;0,000;0,000;0,000;0,000;RRR 1.5in;24,6;1015;46;'26.07.2023 16:14:42.660;;
12;523,691;-2660,240;-330,367;0,000;0,000;0,000;0,000;RRR 1.5in;24,6;1015;46;'26.07.2023 16:14:42.670;;
13;523,691;-2660,239;-330,367;0,000;0,000;0,000;0,000;RRR 1.5in;24,6;1015;46;'26.07.2023 16:14:42.680;;
14;523,691;-2660,240;-330,366;0,000;0,000;0,000;0,000;RRR 1.5in;24,6;1015;46;'26.07.2023 16:14:42.690;;
15;523,691;-2660,240;-330,365;0,000;0,000;0,000;0,000;RRR 1.5in;24,6;1015;46;'26.07.2023 16:14:42.700;;
16;523,690;-2660,241;-330,367;0,000;0,000;0,000;0,000;RRR 1.5in;24,6;1015;46;'26.07.2023 16:14:42.710;;
17;523,690;-2660,242;-330,366;0,000;0,000;0,000;0,000;RRR 1.5in;24,6;1015;46;'26.07.2023 16:14:42.720;;
18;523,689;-2660,241;-330,367;0,000;0,000;0,000;0,000;RRR 1.5in;24,6;1015;46;'26.07.2023 16:14:42.730;;
19;523,690;-2660,240;-330,367;0,000;0,000;0,000;0,000;RRR 1.5in;24,6;1015;46;'26.07.2023 16:14:42.740;;
20;523,690;-2660,240;-330,367;0,000;0,000;0,000;0,000;RRR 1.5in;24,6;1015;46;'26.07.2023 16:14:42.750;;
21;523,691;-2660,240;-330,366;0,000;0,000;0,000;0,000;RRR 1.5in;24,6;1015;46;'26.07.2023 16:14:42.760;;
22;523,691;-2660,240;-330,367;0,000;0,000;0,000;0,000;RRR 1.5in;24,6;1015;46;'26.07.2023 16:14:42.770;;
23;523,690;-2660,240;-330,367;0,000;0,000;0,000;0,000;RRR 1.5in;24,6;1015;46;'26.07.2023 16:14:42.780;;
24;523,691;-2660,240;-330,366;0,000;0,000;0,000;0,000;RRR 1.5in;24,6;1015;46;'26.07.2023 16:14:42.790;;
25;523,691;-2660,241;-330,366;0,000;0,000;0,000;0,000;RRR 1.5in;24,6;1015;46;'26.07.2023 16:14:42.800;;
26;523,690;-2660,241;-330,365;0,000;0,000;0,000;0,000;RRR 1.5in;24,6;1015;46;'26.07.2023 16:14:42.810;;
27;523,691;-2660,241;-330,365;0,000;0,000;0,000;0,000;RRR 1.5in;24,6;1015;46;'26.07.2023 16:14:42.820;;
28;523,692;-2660,241;-330,365;0,000;0,000;0,000;0,000;RRR 1.5in;24,6;1015;46;'26.07.2023 16:14:42.830;;
29;523,692;-2660,241;-330,367;0,000;0,000;0,000;0,000;RRR 1.5in;24,6;1015;46;'26.07.2023 16:14:42.840;;
30;523,692;-2660,240;-330,366;0,000;0,000;0,000;0,000;RRR 1.5in;24,6;1015;46;'26.07.2023 16:14:42.850;;
31;523,693;-2660,239;-330,365;0,000;0,000;0,000;0,000;RRR 1.5in;24,6;1015;46;'26.07.2023 16:14:42.860;;
32;523,694;-2660,239;-330,366;0,000;0,000;0,000;0,000;RRR 1.5in;24,6;1015;46;'26.07.2023 16:14:42.870;;
33;523,693;-2660,239;-330,365;0,000;0,000;0,000;0,000;RRR 1.5in;24,6;1015;46;'26.07.2023 16:14:42.880;;
34;523,694;-2660,239;-330,366;0,000;0,000;0,000;0,000;RRR 1.5in;24,6;1015;46;'26.07.2023 16:14:42.890;;
35;523,693;-2660,240;-330,365;0,000;0,000;0,000;0,000;RRR 1.5in;24,6;1015;46;'26.07.2023 16:14:42.900;;
36;523,694;-2660,240;-330,366;0,000;0,000;0,000;0,000;RRR 1.5in;24,6;1015;46;'26.07.2023 16:14:42.910;;
37;523,694;-2660,241;-330,366;0,000;0,000;0,000;0,000;RRR 1.5in;24,6;1015;46;'26.07.2023 16:14:42.920;;
38;523,694;-2660,240;-330,366;0,000;0,000;0,000;0,000;RRR 1.5in;24,6;1015;46;'26.07.2023 16:14:42.930;;
39;523,694;-2660,240;-330,366;0,000;0,000;0,000;0,000;RRR 1.5in;24,6;1015;46;'26.07.2023 16:14:42.940;;
40;523,694;-2660,240;-330,366;0,000;0,000;0,000;0,000;RRR 1.5in;24,6;1015;46;'26.07.2023 16:14:42.950;;
41;523,696;-2660,240;-330,365;0,000;0,000;0,000;0,000;RRR 1.5in;24,6;1015;46;'26.07.2023 16:14:42.960;;
42;523,696;-2660,239;-330,365;0,000;0,000;0,000;0,000;RRR 1.5in;24,6;1015;46;'26.07.2023 16:14:42.970;;
43;523,697;-2660,239;-330,363;0,000;0,000;0,000;0,000;RRR 1.5in;24,6;1015;46;'26.07.2023 16:14:42.980;;
44;523,696;-2660,239;-330,364;0,000;0,000;0,000;0,000;RRR 1.5in;24,6;1015;46;'26.07.2023 16:14:42.990;;
45;523,695;-2660,240;-330,363;0,000;0,000;0,000;0,000;RRR 1.5in;24,6;1015;46;'26.07.2023 16:14:43.000;;
46;523,697;-2660,239;-330,363;0,000;0,000;0,000;0,000;RRR 1.5in;24,6;1015;46;'26.07.2023 16:14:43.010;;
47;523,696;-2660,240;-330,364;0,000;0,000;0,000;0,000;RRR 1.5in;24,6;1015;46;'26.07.2023 16:14:43.020;;
48;523,696;-2660,240;-330,365;0,000;0,000;0,000;0,000;RRR 1.5in;24,6;1015;46;'26.07.2023 16:14:43.030;;
49;523,697;-2660,240;-330,365;0,000;0,000;0,000;0,000;RRR 1.5in;24,6;1015;46;'26.07.2023 16:14:43.040;;
50;523,697;-2660,239;-330,366;0,000;0,000;0,000;0,000;RRR 1.5in;24,6;1015;46;'26.07.2023 16:14:43.050;;
51;523,698;-2660,238;-330,366;0,000;0,000;0,000;0,000;RRR 1.5in;24,6;1015;46;'26.07.2023 16:14:43.060;;
52;523,699;-2660,238;-330,363;0,000;0,000;0,000;0,000;RRR 1.5in;24,6;1015;46;'26.07.2023 16:14:43.070;;
53;523,699;-2660,239;-330,364;0,000;0,000;0,000;0,000;RRR 1.5in;24,6;1015;46;'26.07.2023 16:14:43.080;;
54;523,699;-2660,239;-330,364;0,000;0,000;0,000;0,000;RRR 1.5in;24,6;1015;46;'26.07.2023 16:14:43.090;;
55;523,698;-2660,239;-330,365;0,000;0,000;0,000;0,000;RRR 1.5in;24,6;1015;46;'26.07.2023 16:14:43.100;;
56;523,700;-2660,239;-330,364;0,000;0,000;0,000;0,000;RRR 1.5in;24,6;1015;46;'26.07.2023 16:14:43.110;;
57;523,699;-2660,239;-330,364;0,000;0,000;0,000;0,000;RRR 1.5in;24,6;1015;46;'26.07.2023 16:14:43.120;;
58;523,700;-2660,239;-330,364;0,000;0,000;0,000;0,000;RRR 1.5in;24,6;1015;46;'26.07.2023 16:14:43.130;;
59;523,701;-2660,239;-330,365;0,000;0,000;0,000;0,000;RRR 1.5in;24,6;1015;46;'26.07.2023 16:14:43.140;;
60;523,701;-2660,239;-330,364;0,000;0,000;0,000;0,000;RRR 1.5in;24,6;1015;46;'26.07.2023 16:14:43.150;;
61;523,701;-2660,239;-330,365;0,000;0,000;0,000;0,000;RRR 1.5in;24,6;1015;46;'26.07.2023 16:14:43.160;;
62;523,701;-2660,238;-330,363;0,000;0,000;0,000;0,000;RRR 1.5in;24,6;1015;46;'26.07.2023 16:14:43.170;;
63;523,701;-2660,238;-330,363;0,000;0,000;0,000;0,000;RRR 1.5in;24,6;1015;46;'26.07.2023 16:14:43.180;;
64;523,702;-2660,237;-330,363;0,000;0,000;0,000;0,000;RRR 1.5in;24,6;1015;46;'26.07.2023 16:14:43.190;;
65;523,702;-2660,238;-330,363;0,000;0,000;0,000;0,000;RRR 1.5in;24,6;1015;46;'26.07.2023 16:14:43.200;;
66;523,702;-2660,238;-330,365;0,000;0,000;0,000;0,000;RRR 1.5in;24,6;1015;46;'26.07.2023 16:14:43.210;;
67;523,701;-2660,239;-330,364;0,000;0,000;0,000;0,000;RRR 1.5in;24,6;1015;46;'26.07.2023 16:14:43.220;;
68;523,700;-2660,239;-330,365;0,000;0,000;0,000;0,000;RRR 1.5in;24,6;1015;46;'26.07.2023 16:14:43.230;;
69;523,702;-2660,239;-330,365;0,000;0,000;0,000;0,000;RRR 1.5in;24,6;1015;46;'26.07.2023 16:14:43.240;;
70;523,702;-2660,239;-330,365;0,000;0,000;0,000;0,000;RRR 1.5in;24,6;1015;46;'26.07.2023 16:14:43.250;;
71;523,703;-2660,239;-330,365;0,000;0,000;0,000;0,000;RRR 1.5in;24,6;1015;46;'26.07.2023 16:14:43.260;;
72;523,703;-2660,239;-330,364;0,000;0,000;0,000;0,000;RRR 1.5in;24,6;1015;46;'26.07.2023 16:14:43.270;;
73;523,703;-2660,239;-330,365;0,000;0,000;0,000;0,000;RRR 1.5in;24,6;1015;46;'26.07.2023 16:14:43.280;;
74;523,704;-2660,238;-330,364;0,000;0,000;0,000;0,000;RRR 1.5in;24,6;1015;46;'26.07.2023 16:14:43.290;;
75;523,703;-2660,238;-330,363;0,000;0,000;0,000;0,000;RRR 1.5in;24,6;1015;46;'26.07.2023 16:14:43.300;;
76;523,703;-2660,238;-330,363;0,000;0,000;0,000;0,000;RRR 1.5in;24,6;1015;46;'26.07.2023 16:14:43.310;;
77;523,704;-2660,237;-330,363;0,000;0,000;0,000;0,000;RRR 1.5in;24,6;1015;46;'26.07.2023 16:14:43.320;;
78;523,702;-2660,238;-330,364;0,000;0,000;0,000;0,000;RRR 1.5in;24,6;1015;46;'26.07.2023 16:14:43.330;;
79;523,703;-2660,238;-330,365;0,000;0,000;0,000;0,000;RRR 1.5in;24,6;1015;46;'26.07.2023 16:14:43.340;;
80;523,702;-2660,238;-330,364;0,000;0,000;0,000;0,000;RRR 1.5in;24,6;1015;46;'26.07.2023 16:14:43.350;;
81;523,702;-2660,238;-330,365;0,000;0,000;0,000;0,000;RRR 1.5in;24,6;1015;46;'26.07.2023 16:14:43.360;;
82;523,701;-2660,239;-330,364;0,000;0,000;0,000;0,000;RRR 1.5in;24,6;1015;46;'26.07.2023 16:14:43.370;;
83;523,702;-2660,239;-330,365;0,000;0,000;0,000;0,000;RRR 1.5in;24,6;1015;46;'26.07.2023 16:14:43.380;;
84;523,702;-2660,238;-330,364;0,000;0,000;0,000;0,000;RRR 1.5in;24,6;1015;46;'26.07.2023 16:14:43.390;;
85;523,703;-2660,238;-330,364;0,000;0,000;0,000;0,000;RRR 1.5in;24,6;1015;46;'26.07.2023 16:14:43.400;;
86;523,703;-2660,238;-330,364;0,000;0,000;0,000;0,000;RRR 1.5in;24,6;1015;46;'26.07.2023 16:14:43.410;;
87;523,703;-2660,238;-330,363;0,000;0,000;0,000;0,000;RRR 1.5in;24,6;1015;46;'26.07.2023 16:14:43.420;;
88;523,703;-2660,238;-330,363;0,000;0,000;0,000;0,000;RRR 1.5in;24,6;1015;46;'26.07.2023 16:14:43.430;;
89;523,702;-2660,238;-330,363;0,000;0,000;0,000;0,000;RRR 1.5in;24,6;1015;46;'26.07.2023 16:14:43.440;;
90;523,701;-2660,239;-330,364;0,000;0,000;0,000;0,000;RRR 1.5in;24,6;1015;46;'26.07.2023 16:14:43.450;;
91;523,701;-2660,239;-330,365;0,000;0,000;0,000;0,000;RRR 1.5in;24,6;1015;46;'26.07.2023 16:14:43.460;;
92;523,700;-2660,239;-330,365;0,000;0,000;0,000;0,000;RRR 1.5in;24,6;1015;46;'26.07.2023 16:14:43.470;;
93;523,700;-2660,239;-330,365;0,000;0,000;0,000;0,000;RRR 1.5in;24,6;1015;46;'26.07.2023 16:14:43.480;;
94;523,700;-2660,239;-330,363;0,000;0,000;0,000;0,000;RRR 1.5in;24,6;1015;46;'26.07.2023 16:14:43.490;;
95;523,701;-2660,239;-330,362;0,000;0,000;0,000;0,000;RRR 1.5in;24,6;1015;46;'26.07.2023 16:14:43.500;;
96;523,702;-2660,238;-330,364;0,000;0,000;0,000;0,000;RRR 1.5in;24,6;1015;46;'26.07.2023 16:14:43.510;;
97;523,701;-2660,238;-330,364;0,000;0,000;0,000;0,000;RRR 1.5in;24,6;1015;46;'26.07.2023 16:14:43.520;;
98;523,701;-2660,238;-330,365;0,000;0,000;0,000;0,000;RRR 1.5in;24,6;1015;46;'26.07.2023 16:14:43.530;;
99;523,701;-2660,238;-330,364;0,000;0,000;0,000;0,000;RRR 1.5in;24,6;1015;46;'26.07.2023 16:14:43.540;;
100;523,701;-2660,238;-330,364;0,000;0,000;0,000;0,000;RRR 1.5in;24,6;1015;46;'26.07.2023 16:14:43.550;;
101;523,700;-2660,238;-330,365;0,000;0,000;0,000;0,000;RRR 1.5in;24,6;1015;46;'26.07.2023 16:14:43.560;;
102;523,699;-2660,240;-330,364;0,000;0,000;0,000;0,000;RRR 1.5in;24,6;1015;46;'26.07.2023 16:14:43.570;;
103;523,699;-2660,240;-330,365;0,000;0,000;0,000;0,000;RRR 1.5in;24,6;1015;46;'26.07.2023 16:14:43.580;;
104;523,700;-2660,240;-330,364;0,000;0,000;0,000;0,000;RRR 1.5in;24,6;1015;46;'26.07.2023 16:14:43.590;;
105;523,700;-2660,239;-330,363;0,000;0,000;0,000;0,000;RRR 1.5in;24,6;1015;46;'26.07.2023 16:14:43.600;;
106;523,700;-2660,239;-330,364;0,000;0,000;0,000;0,000;RRR 1.5in;24,6;1015;46;'26.07.2023 16:14:43.610;;
107;523,700;-2660,239;-330,365;0,000;0,000;0,000;0,000;RRR 1.5in;24,6;1015;46;'26.07.2023 16:14:43.620;;
108;523,700;-2660,238;-330,364;0,000;0,000;0,000;0,000;RRR 1.5in;24,6;1015;46;'26.07.2023 16:14:43.630;;
109;523,699;-2660,238;-330,365;0,000;0,000;0,000;0,000;RRR 1.5in;24,6;1015;46;'26.07.2023 16:14:43.640;;
110;523,700;-2660,238;-330,364;0,000;0,000;0,000;0,000;RRR 1.5in;24,6;1015;46;'26.07.2023 16:14:43.650;;
111;523,699;-2660,239;-330,364;0,000;0,000;0,000;0,000;RRR 1.5in;24,6;1015;46;'26.07.2023 16:14:43.660;;
112;523,699;-2660,239;-330,365;0,000;0,000;0,000;0,000;RRR 1.5in;24,6;1015;46;'26.07.2023 16:14:43.670;;
113;523,699;-2660,239;-330,364;0,000;0,000;0,000;0,000;RRR 1.5in;24,6;1015;46;'26.07.2023 16:14:43.680;;
114;523,699;-2660,239;-330,365;0,000;0,000;0,000;0,000;RRR 1.5in;24,6;1015;46;'26.07.2023 16:14:43.690;;
115;523,699;-2660,240;-330,365;0,000;0,000;0,000;0,000;RRR 1.5in;24,6;1015;46;'26.07.2023 16:14:43.700;;
116;523,698;-2660,239;-330,364;0,000;0,000;0,000;0,000;RRR 1.5in;24,6;1015;46;'26.07.2023 16:14:43.710;;
117;523,699;-2660,239;-330,364;0,000;0,000;0,000;0,000;RRR 1.5in;24,6;1015;46;'26.07.2023 16:14:43.720;;
118;523,699;-2660,238;-330,365;0,000;0,000;0,000;0,000;RRR 1.5in;24,6;1015;46;'26.07.2023 16:14:43.730;;
119;523,700;-2660,239;-330,364;0,000;0,000;0,000;0,000;RRR 1.5in;24,6;1015;46;'26.07.2023 16:14:43.740;;
120;523,699;-2660,239;-330,366;0,000;0,000;0,000;0,000;RRR 1.5in;24,6;1015;46;'26.07.2023 16:14:43.750;;
121;523,699;-2660,239;-330,364;0,000;0,000;0,000;0,000;RRR 1.5in;24,6;1015;46;'26.07.2023 16:14:43.760;;
122;523,697;-2660,240;-330,365;0,000;0,000;0,000;0,000;RRR 1.5in;24,6;1015;46;'26.07.2023 16:14:43.770;;
123;523,698;-2660,240;-330,364;0,000;0,000;0,000;0,000;RRR 1.5in;24,6;1015;46;'26.07.2023 16:14:43.780;;
124;523,698;-2660,240;-330,365;0,000;0,000;0,000;0,000;RRR 1.5in;24,6;1015;46;'26.07.2023 16:14:43.790;;
125;523,699;-2660,239;-330,365;0,000;0,000;0,000;0,000;RRR 1.5in;24,6;1015;46;'26.07.2023 16:14:43.800;;
126;523,698;-2660,239;-330,364;0,000;0,000;0,000;0,000;RRR 1.5in;24,6;1015;46;'26.07.2023 16:14:43.810;;
127;523,699;-2660,239;-330,364;0,000;0,000;0,000;0,000;RRR 1.5in;24,6;1015;46;'26.07.2023 16:14:43.820;;
128;523,699;-2660,238;-330,365;0,000;0,000;0,000;0,000;RRR 1.5in;24,6;1015;46;'26.07.2023 16:14:43.830;;
129;523,699;-2660,238;-330,365;0,000;0,000;0,000;0,000;RRR 1.5in;24,6;1015;46;'26.07.2023 16:14:43.840;;
130;523,700;-2660,238;-330,364;0,000;0,000;0,000;0,000;RRR 1.5in;24,6;1015;46;'26.07.2023 16:14:43.850;;
131;523,698;-2660,239;-330,365;0,000;0,000;0,000;0,000;RRR 1.5in;24,6;1015;46;'26.07.2023 16:14:43.860;;
132;523,699;-2660,240;-330,365;0,000;0,000;0,000;0,000;RRR 1.5in;24,6;1015;46;'26.07.2023 16:14:43.870;;
133;523,699;-2660,240;-330,364;0,000;0,000;0,000;0,000;RRR 1.5in;24,6;1015;46;'26.07.2023 16:14:43.880;;
134;523,698;-2660,240;-330,364;0,000;0,000;0,000;0,000;RRR 1.5in;24,6;1015;46;'26.07.2023 16:14:43.890;;
135;523,698;-2660,240;-330,364;0,000;0,000;0,000;0,000;RRR 1.5in;24,6;1015;46;'26.07.2023 16:14:43.900;;
136;523,699;-2660,240;-330,364;0,000;0,000;0,000;0,000;RRR 1.5in;24,6;1015;46;'26.07.2023 16:14:43.910;;
137;523,700;-2660,238;-330,364;0,000;0,000;0,000;0,000;RRR 1.5in;24,6;1015;46;'26.07.2023 16:14:43.920;;
138;523,699;-2660,238;-330,364;0,000;0,000;0,000;0,000;RRR 1.5in;24,6;1015;46;'26.07.2023 16:14:43.930;;
139;523,700;-2660,238;-330,365;0,000;0,000;0,000;0,000;RRR 1.5in;24,6;1015;46;'26.07.2023 16:14:43.940;;
140;523,699;-2660,239;-330,364;0,000;0,000;0,000;0,000;RRR 1.5in;24,6;1015;46;'26.07.2023 16:14:43.950;;
141;523,699;-2660,239;-330,364;0,000;0,000;0,000;0,000;RRR 1.5in;24,6;1015;46;'26.07.2023 16:14:43.960;;
142;523,699;-2660,239;-330,364;0,000;0,000;0,000;0,000;RRR 1.5in;24,6;1015;46;'26.07.2023 16:14:43.970;;
143;523,699;-2660,240;-330,365;0,000;0,000;0,000;0,000;RRR 1.5in;24,6;1015;46;'26.07.2023 16:14:43.980;;
144;523,699;-2660,240;-330,365;0,000;0,000;0,000;0,000;RRR 1.5in;24,6;1015;46;'26.07.2023 16:14:43.990;;
145;523,700;-2660,239;-330,364;0,000;0,000;0,000;0,000;RRR 1.5in;24,6;1015;46;'26.07.2023 16:14:44.000;;
146;523,700;-2660,238;-330,365;0,000;0,000;0,000;0,000;RRR 1.5in;24,6;1015;46;'26.07.2023 16:14:44.010;;
147;523,700;-2660,239;-330,363;0,000;0,000;0,000;0,000;RRR 1.5in;24,6;1015;46;'26.07.2023 16:14:44.020;;
148;523,701;-2660,238;-330,364;0,000;0,000;0,000;0,000;RRR 1.5in;24,6;1015;46;'26.07.2023 16:14:44.030;;
149;523,700;-2660,238;-330,365;0,000;0,000;0,000;0,000;RRR 1.5in;24,6;1015;46;'26.07.2023 16:14:44.040;;
150;523,700;-2660,238;-330,364;0,000;0,000;0,000;0,000;RRR 1.5in;24,6;1015;46;'26.07.2023 16:14:44.050;;
151;523,700;-2660,239;-330,365;0,000;0,000;0,000;0,000;RRR 1.5in;24,6;1015;46;'26.07.2023 16:14:44.060;;
152;523,700;-2660,240;-330,366;0,000;0,000;0,000;0,000;RRR 1.5in;24,6;1015;46;'26.07.2023 16:14:44.070;;
153;523,699;-2660,240;-330,364;0,000;0,000;0,000;0,000;RRR 1.5in;24,6;1015;46;'26.07.2023 16:14:44.080;;
154;523,700;-2660,239;-330,365;0,000;0,000;0,000;0,000;RRR 1.5in;24,6;1015;46;'26.07.2023 16:14:44.090;;
155;523,700;-2660,239;-330,365;0,000;0,000;0,000;0,000;RRR 1.5in;24,6;1015;46;'26.07.2023 16:14:44.100;;
156;523,701;-2660,239;-330,365;0,000;0,000;0,000;0,000;RRR 1.5in;24,6;1015;46;'26.07.2023 16:14:44.110;;
157;523,701;-2660,238;-330,365;0,000;0,000;0,000;0,000;RRR 1.5in;24,6;1015;46;'26.07.2023 16:14:44.120;;
158;523,702;-2660,237;-330,364;0,000;0,000;0,000;0,000;RRR 1.5in;24,6;1015;46;'26.07.2023 16:14:44.130;;
159;523,701;-2660,238;-330,364;0,000;0,000;0,000;0,000;RRR 1.5in;24,6;1015;46;'26.07.2023 16:14:44.140;;
160;523,701;-2660,238;-330,365;0,000;0,000;0,000;0,000;RRR 1.5in;24,6;1015;46;'26.07.2023 16:14:44.150;;
161;523,702;-2660,238;-330,365;0,000;0,000;0,000;0,000;RRR 1.5in;24,6;1015;46;'26.07.2023 16:14:44.160;;
162;523,701;-2660,239;-330,365;0,000;0,000;0,000;0,000;RRR 1.5in;24,6;1015;46;'26.07.2023 16:14:44.170;;
163;523,701;-2660,239;-330,366;0,000;0,000;0,000;0,000;RRR 1.5in;24,6;1015;46;'26.07.2023 16:14:44.180;;
164;523,701;-2660,240;-330,366;0,000;0,000;0,000;0,000;RRR 1.5in;24,6;1015;46;'26.07.2023 16:14:44.190;;
165;523,702;-2660,239;-330,366;0,000;0,000;0,000;0,000;RRR 1.5in;24,6;1015;46;'26.07.2023 16:14:44.200;;
166;523,702;-2660,239;-330,366;0,000;0,000;0,000;0,000;RRR 1.5in;24,6;1015;46;'26.07.2023 16:14:44.210;;
167;523,703;-2660,238;-330,365;0,000;0,000;0,000;0,000;RRR 1.5in;24,6;1015;46;'26.07.2023 16:14:44.220;;
168;523,704;-2660,238;-330,365;0,000;0,000;0,000;0,000;RRR 1.5in;24,6;1015;46;'26.07.2023 16:14:44.230;;
169;523,705;-2660,237;-330,365;0,000;0,000;0,000;0,000;RRR 1.5in;24,6;1015;46;'26.07.2023 16:14:44.240;;
170;523,706;-2660,237;-330,364;0,000;0,000;0,000;0,000;RRR 1.5in;24,6;1015;46;'26.07.2023 16:14:44.250;;
171;523,705;-2660,237;-330,365;0,000;0,000;0,000;0,000;RRR 1.5in;24,6;1015;46;'26.07.2023 16:14:44.260;;
172;523,705;-2660,238;-330,366;0,000;0,000;0,000;0,000;RRR 1.5in;24,6;1015;46;'26.07.2023 16:14:44.270;;
173;523,704;-2660,238;-330,367;0,000;0,000;0,000;0,000;RRR 1.5in;24,6;1015;46;'26.07.2023 16:14:44.280;;
174;523,704;-2660,238;-330,366;0,000;0,000;0,000;0,000;RRR 1.5in;24,6;1015;46;'26.07.2023 16:14:44.290;;
175;523,705;-2660,238;-330,366;0,000;0,000;0,000;0,000;RRR 1.5in;24,6;1015;46;'26.07.2023 16:14:44.300;;
176;523,705;-2660,238;-330,365;0,000;0,000;0,000;0,000;RRR 1.5in;24,6;1015;46;'26.07.2023 16:14:44.310;;
177;523,706;-2660,238;-330,366;0,000;0,000;0,000;0,000;RRR 1.5in;24,6;1015;46;'26.07.2023 16:14:44.320;;
178;523,706;-2660,238;-330,365;0,000;0,000;0,000;0,000;RRR 1.5in;24,6;1015;46;'26.07.2023 16:14:44.330;;
179;523,706;-2660,237;-330,366;0,000;0,000;0,000;0,000;RRR 1.5in;24,6;1015;46;'26.07.2023 16:14:44.340;;
180;523,705;-2660,238;-330,365;0,000;0,000;0,000;0,000;RRR 1.5in;24,6;1015;46;'26.07.2023 16:14:44.350;;
181;523,706;-2660,238;-330,365;0,000;0,000;0,000;0,000;RRR 1.5in;24,6;1015;46;'26.07.2023 16:14:44.360;;
182;523,706;-2660,238;-330,364;0,000;0,000;0,000;0,000;RRR 1.5in;24,6;1015;46;'26.07.2023 16:14:44.370;;
183;523,707;-2660,237;-330,363;0,000;0,000;0,000;0,000;RRR 1.5in;24,6;1015;46;'26.07.2023 16:14:44.380;;
184;523,706;-2660,238;-330,365;0,000;0,000;0,000;0,000;RRR 1.5in;24,6;1015;46;'26.07.2023 16:14:44.390;;
185;523,705;-2660,238;-330,365;0,000;0,000;0,000;0,000;RRR 1.5in;24,6;1015;46;'26.07.2023 16:14:44.400;;
186;523,704;-2660,238;-330,365;0,000;0,000;0,000;0,000;RRR 1.5in;24,6;1015;46;'26.07.2023 16:14:44.410;;
187;523,706;-2660,238;-330,364;0,000;0,000;0,000;0,000;RRR 1.5in;24,6;1015;46;'26.07.2023 16:14:44.420;;
188;523,706;-2660,238;-330,363;0,000;0,000;0,000;0,000;RRR 1.5in;24,6;1015;46;'26.07.2023 16:14:44.430;;
189;523,705;-2660,238;-330,363;0,000;0,000;0,000;0,000;RRR 1.5in;24,6;1015;46;'26.07.2023 16:14:44.440;;
190;523,705;-2660,238;-330,363;0,000;0,000;0,000;0,000;RRR 1.5in;24,6;1015;46;'26.07.2023 16:14:44.450;;
191;523,705;-2660,237;-330,364;0,000;0,000;0,000;0,000;RRR 1.5in;24,6;1015;46;'26.07.2023 16:14:44.460;;
192;523,705;-2660,237;-330,364;0,000;0,000;0,000;0,000;RRR 1.5in;24,6;1015;46;'26.07.2023 16:14:44.470;;
193;523,705;-2660,238;-330,365;0,000;0,000;0,000;0,000;RRR 1.5in;24,6;1015;46;'26.07.2023 16:14:44.480;;
194;523,706;-2660,238;-330,364;0,000;0,000;0,000;0,000;RRR 1.5in;24,6;1015;46;'26.07.2023 16:14:44.490;;
195;523,705;-2660,238;-330,364;0,000;0,000;0,000;0,000;RRR 1.5in;24,6;1015;46;'26.07.2023 16:14:44.500;;
196;523,705;-2660,238;-330,363;0,000;0,000;0,000;0,000;RRR 1.5in;24,6;1015;46;'26.07.2023 16:14:44.510;;
197;523,705;-2660,239;-330,364;0,000;0,000;0,000;0,000;RRR 1.5in;24,6;1015;46;'26.07.2023 16:14:44.520;;
198;523,705;-2660,239;-330,362;0,000;0,000;0,000;0,000;RRR 1.5in;24,6;1015;46;'26.07.2023 16:14:44.530;;
199;523,705;-2660,238;-330,364;0,000;0,000;0,000;0,000;RRR 1.5in;24,6;1015;46;'26.07.2023 16:14:44.540;;
200;523,706;-2660,238;-330,362;0,000;0,000;0,000;0,000;RRR 1.5in;24,6;1015;46;'26.07.2023 16:14:44.550;;
201;523,705;-2660,238;-330,363;0,000;0,000;0,000;0,000;RRR 1.5in;24,6;1015;46;'26.07.2023 16:14:44.560;;
202;523,706;-2660,237;-330,363;0,000;0,000;0,000;0,000;RRR 1.5in;24,6;1015;46;'26.07.2023 16:14:44.570;;
203;523,706;-2660,237;-330,361;0,000;0,000;0,000;0,000;RRR 1.5in;24,6;1015;46;'26.07.2023 16:14:44.580;;
204;523,706;-2660,237;-330,361;0,000;0,000;0,000;0,000;RRR 1.5in;24,6;1015;46;'26.07.2023 16:14:44.590;;
205;523,705;-2660,238;-330,363;0,000;0,000;0,000;0,000;RRR 1.5in;24,6;1015;46;'26.07.2023 16:14:44.600;;
206;523,705;-2660,239;-330,363;0,000;0,000;0,000;0,000;RRR 1.5in;24,6;1015;46;'26.07.2023 16:14:44.610;;
207;523,704;-2660,239;-330,363;0,000;0,000;0,000;0,000;RRR 1.5in;24,6;1015;46;'26.07.2023 16:14:44.620;;
208;523,704;-2660,239;-330,363;0,000;0,000;0,000;0,000;RRR 1.5in;24,6;1015;46;'26.07.2023 16:14:44.630;;
209;523,704;-2660,239;-330,364;0,000;0,000;0,000;0,000;RRR 1.5in;24,6;1015;46;'26.07.2023 16:14:44.640;;
210;523,703;-2660,239;-330,363;0,000;0,000;0,000;0,000;RRR 1.5in;24,6;1015;46;'26.07.2023 16:14:44.650;;
211;523,704;-2660,238;-330,362;0,000;0,000;0,000;0,000;RRR 1.5in;24,6;1015;46;'26.07.2023 16:14:44.660;;
212;523,705;-2660,238;-330,362;0,000;0,000;0,000;0,000;RRR 1.5in;24,6;1015;46;'26.07.2023 16:14:44.670;;
213;523,705;-2660,238;-330,362;0,000;0,000;0,000;0,000;RRR 1.5in;24,6;1015;46;'26.07.2023 16:14:44.680;;
214;523,705;-2660,239;-330,361;0,000;0,000;0,000;0,000;RRR 1.5in;24,6;1015;46;'26.07.2023 16:14:44.690;;
215;523,705;-2660,239;-330,360;0,000;0,000;0,000;0,000;RRR 1.5in;24,6;1015;46;'26.07.2023 16:14:44.700;;
216;523,705;-2660,238;-330,360;0,000;0,000;0,000;0,000;RRR 1.5in;24,6;1015;46;'26.07.2023 16:14:44.710;;
217;523,703;-2660,239;-330,362;0,000;0,000;0,000;0,000;RRR 1.5in;24,6;1015;46;'26.07.2023 16:14:44.720;;
218;523,704;-2660,239;-330,362;0,000;0,000;0,000;0,000;RRR 1.5in;24,6;1015;46;'26.07.2023 16:14:44.730;;
219;523,703;-2660,239;-330,362;0,000;0,000;0,000;0,000;RRR 1.5in;24,6;1015;46;'26.07.2023 16:14:44.740;;
220;523,703;-2660,239;-330,361;0,000;0,000;0,000;0,000;RRR 1.5in;24,6;1015;46;'26.07.2023 16:14:44.750;;
221;523,704;-2660,239;-330,362;0,000;0,000;0,000;0,000;RRR 1.5in;24,6;1015;46;'26.07.2023 16:14:44.760;;
222;523,705;-2660,238;-330,362;0,000;0,000;0,000;0,000;RRR 1.5in;24,6;1015;46;'26.07.2023 16:14:44.770;;
223;523,704;-2660,238;-330,361;0,000;0,000;0,000;0,000;RRR 1.5in;24,6;1015;46;'26.07.2023 16:14:44.780;;
224;523,704;-2660,238;-330,362;0,000;0,000;0,000;0,000;RRR 1.5in;24,6;1015;46;'26.07.2023 16:14:44.790;;
225;523,703;-2660,239;-330,362;0,000;0,000;0,000;0,000;RRR 1.5in;24,6;1015;46;'26.07.2023 16:14:44.800;;
226;523,703;-2660,239;-330,362;0,000;0,000;0,000;0,000;RRR 1.5in;24,6;1015;46;'26.07.2023 16:14:44.810;;
227;523,703;-2660,239;-330,362;0,000;0,000;0,000;0,000;RRR 1.5in;24,6;1015;46;'26.07.2023 16:14:44.820;;
228;523,703;-2660,239;-330,363;0,000;0,000;0,000;0,000;RRR 1.5in;24,6;1015;46;'26.07.2023 16:14:44.830;;
229;523,703;-2660,239;-330,363;0,000;0,000;0,000;0,000;RRR 1.5in;24,6;1015;46;'26.07.2023 16:14:44.840;;
230;523,703;-2660,239;-330,363;0,000;0,000;0,000;0,000;RRR 1.5in;24,6;1015;46;'26.07.2023 16:14:44.850;;
231;523,703;-2660,239;-330,364;0,000;0,000;0,000;0,000;RRR 1.5in;24,6;1015;46;'26.07.2023 16:14:44.860;;
232;523,703;-2660,239;-330,363;0,000;0,000;0,000;0,000;RRR 1.5in;24,6;1015;46;'26.07.2023 16:14:44.870;;
233;523,704;-2660,238;-330,364;0,000;0,000;0,000;0,000;RRR 1.5in;24,6;1015;46;'26.07.2023 16:14:44.880;;
234;523,702;-2660,239;-330,362;0,000;0,000;0,000;0,000;RRR 1.5in;24,6;1015;46;'26.07.2023 16:14:44.890;;
235;523,703;-2660,239;-330,363;0,000;0,000;0,000;0,000;RRR 1.5in;24,6;1015;46;'26.07.2023 16:14:44.900;;
236;523,703;-2660,238;-330,363;0,000;0,000;0,000;0,000;RRR 1.5in;24,6;1015;46;'26.07.2023 16:14:44.910;;
237;523,703;-2660,238;-330,363;0,000;0,000;0,000;0,000;RRR 1.5in;24,6;1015;46;'26.07.2023 16:14:44.920;;
238;523,702;-2660,239;-330,364;0,000;0,000;0,000;0,000;RRR 1.5in;24,6;1015;46;'26.07.2023 16:14:44.930;;
239;523,702;-2660,239;-330,364;0,000;0,000;0,000;0,000;RRR 1.5in;24,6;1015;46;'26.07.2023 16:14:44.940;;
240;523,702;-2660,239;-330,364;0,000;0,000;0,000;0,000;RRR 1.5in;24,6;1015;46;'26.07.2023 16:14:44.950;;
241;523,702;-2660,239;-330,363;0,000;0,000;0,000;0,000;RRR 1.5in;24,6;1015;46;'26.07.2023 16:14:44.960;;
242;523,701;-2660,239;-330,364;0,000;0,000;0,000;0,000;RRR 1.5in;24,6;1015;46;'26.07.2023 16:14:44.970;;
243;523,701;-2660,239;-330,364;0,000;0,000;0,000;0,000;RRR 1.5in;24,6;1015;46;'26.07.2023 16:14:44.980;;
244;523,701;-2660,239;-330,364;0,000;0,000;0,000;0,000;RRR 1.5in;24,6;1015;46;'26.07.2023 16:14:44.990;;
245;523,701;-2660,239;-330,363;0,000;0,000;0,000;0,000;RRR 1.5in;24,6;1015;46;'26.07.2023 16:14:45.000;;
246;523,700;-2660,239;-330,364;0,000;0,000;0,000;0,000;RRR 1.5in;24,6;1015;46;'26.07.2023 16:14:45.010;;
247;523,700;-2660,239;-330,364;0,000;0,000;0,000;0,000;RRR 1.5in;24,6;1015;46;'26.07.2023 16:14:45.020;;
248;523,700;-2660,239;-330,364;0,000;0,000;0,000;0,000;RRR 1.5in;24,6;1015;46;'26.07.2023 16:14:45.030;;
249;523,700;-2660,239;-330,364;0,000;0,000;0,000;0,000;RRR 1.5in;24,6;1015;46;'26.07.2023 16:14:45.040;;
250;523,700;-2660,239;-330,364;0,000;0,000;0,000;0,000;RRR 1.5in;24,6;1015;46;'26.07.2023 16:14:45.050;;
251;523,700;-2660,239;-330,365;0,000;0,000;0,000;0,000;RRR 1.5in;24,6;1015;46;'26.07.2023 16:14:45.060;;
252;523,700;-2660,240;-330,364;0,000;0,000;0,000;0,000;RRR 1.5in;24,6;1015;46;'26.07.2023 16:14:45.070;;
253;523,699;-2660,239;-330,363;0,000;0,000;0,000;0,000;RRR 1.5in;24,6;1015;46;'26.07.2023 16:14:45.080;;
254;523,699;-2660,239;-330,364;0,000;0,000;0,000;0,000;RRR 1.5in;24,6;1015;46;'26.07.2023 16:14:45.090;;
255;523,699;-2660,239;-330,363;0,000;0,000;0,000;0,000;RRR 1.5in;24,6;1015;46;'26.07.2023 16:14:45.100;;
256;523,699;-2660,239;-330,364;0,000;0,000;0,000;0,000;RRR 1.5in;24,6;1015;46;'26.07.2023 16:14:45.110;;
257;523,698;-2660,240;-330,364;0,000;0,000;0,000;0,000;RRR 1.5in;24,6;1015;46;'26.07.2023 16:14:45.120;;
258;523,699;-2660,239;-330,364;0,000;0,000;0,000;0,000;RRR 1.5in;24,6;1015;46;'26.07.2023 16:14:45.130;;
259;523,698;-2660,239;-330,364;0,000;0,000;0,000;0,000;RRR 1.5in;24,6;1015;46;'26.07.2023 16:14:45.140;;
260;523,698;-2660,239;-330,364;0,000;0,000;0,000;0,000;RRR 1.5in;24,6;1015;46;'26.07.2023 16:14:45.150;;
261;523,697;-2660,240;-330,365;0,000;0,000;0,000;0,000;RRR 1.5in;24,6;1015;46;'26.07.2023 16:14:45.160;;
262;523,698;-2660,240;-330,363;0,000;0,000;0,000;0,000;RRR 1.5in;24,6;1015;46;'26.07.2023 16:14:45.170;;
263;523,698;-2660,240;-330,363;0,000;0,000;0,000;0,000;RRR 1.5in;24,6;1015;46;'26.07.2023 16:14:45.180;;
264;523,698;-2660,240;-330,364;0,000;0,000;0,000;0,000;RRR 1.5in;24,6;1015;46;'26.07.2023 16:14:45.190;;
265;523,699;-2660,239;-330,363;0,000;0,000;0,000;0,000;RRR 1.5in;24,6;1015;46;'26.07.2023 16:14:45.200;;
266;523,699;-2660,239;-330,363;0,000;0,000;0,000;0,000;RRR 1.5in;24,6;1015;46;'26.07.2023 16:14:45.210;;
267;523,699;-2660,239;-330,364;0,000;0,000;0,000;0,000;RRR 1.5in;24,6;1015;46;'26.07.2023 16:14:45.220;;
268;523,698;-2660,239;-330,363;0,000;0,000;0,000;0,000;RRR 1.5in;24,6;1015;46;'26.07.2023 16:14:45.230;;
269;523,699;-2660,238;-330,365;0,000;0,000;0,000;0,000;RRR 1.5in;24,6;1015;46;'26.07.2023 16:14:45.240;;
270;523,699;-2660,239;-330,365;0,000;0,000;0,000;0,000;RRR 1.5in;24,6;1015;46;'26.07.2023 16:14:45.250;;
271;523,699;-2660,240;-330,365;0,000;0,000;0,000;0,000;RRR 1.5in;24,6;1015;46;'26.07.2023 16:14:45.260;;
272;523,699;-2660,239;-330,366;0,000;0,000;0,000;0,000;RRR 1.5in;24,6;1015;46;'26.07.2023 16:14:45.270;;
273;523,699;-2660,239;-330,366;0,000;0,000;0,000;0,000;RRR 1.5in;24,6;1015;46;'26.07.2023 16:14:45.280;;
274;523,701;-2660,239;-330,365;0,000;0,000;0,000;0,000;RRR 1.5in;24,6;1015;46;'26.07.2023 16:14:45.290;;
275;523,701;-2660,239;-330,365;0,000;0,000;0,000;0,000;RRR 1.5in;24,6;1015;46;'26.07.2023 16:14:45.300;;
276;523,700;-2660,239;-330,366;0,000;0,000;0,000;0,000;RRR 1.5in;24,6;1015;46;'26.07.2023 16:14:45.310;;
277;523,701;-2660,239;-330,366;0,000;0,000;0,000;0,000;RRR 1.5in;24,6;1015;46;'26.07.2023 16:14:45.320;;
278;523,702;-2660,238;-330,366;0,000;0,000;0,000;0,000;RRR 1.5in;24,6;1015;46;'26.07.2023 16:14:45.330;;
279;523,701;-2660,238;-330,365;0,000;0,000;0,000;0,000;RRR 1.5in;24,6;1015;46;'26.07.2023 16:14:45.340;;
280;523,701;-2660,239;-330,365;0,000;0,000;0,000;0,000;RRR 1.5in;24,6;1015;46;'26.07.2023 16:14:45.350;;
281;523,700;-2660,239;-330,364;0,000;0,000;0,000;0,000;RRR 1.5in;24,6;1015;46;'26.07.2023 16:14:45.360;;
282;523,701;-2660,239;-330,365;0,000;0,000;0,000;0,000;RRR 1.5in;24,6;1015;46;'26.07.2023 16:14:45.370;;
283;523,700;-2660,239;-330,365;0,000;0,000;0,000;0,000;RRR 1.5in;24,6;1015;46;'26.07.2023 16:14:45.380;;
284;523,701;-2660,239;-330,365;0,000;0,000;0,000;0,000;RRR 1.5in;24,6;1015;46;'26.07.2023 16:14:45.390;;
285;523,701;-2660,239;-330,365;0,000;0,000;0,000;0,000;RRR 1.5in;24,6;1015;46;'26.07.2023 16:14:45.400;;
286;523,701;-2660,238;-330,366;0,000;0,000;0,000;0,000;RRR 1.5in;24,6;1015;46;'26.07.2023 16:14:45.410;;
287;523,702;-2660,238;-330,366;0,000;0,000;0,000;0,000;RRR 1.5in;24,6;1015;46;'26.07.2023 16:14:45.420;;
288;523,701;-2660,239;-330,365;0,000;0,000;0,000;0,000;RRR 1.5in;24,6;1015;46;'26.07.2023 16:14:45.430;;
289;523,701;-2660,239;-330,366;0,000;0,000;0,000;0,000;RRR 1.5in;24,6;1015;46;'26.07.2023 16:14:45.440;;
290;523,701;-2660,238;-330,365;0,000;0,000;0,000;0,000;RRR 1.5in;24,6;1015;46;'26.07.2023 16:14:45.450;;
291;523,700;-2660,239;-330,366;0,000;0,000;0,000;0,000;RRR 1.5in;24,6;1015;46;'26.07.2023 16:14:45.460;;
292;523,700;-2660,239;-330,366;0,000;0,000;0,000;0,000;RRR 1.5in;24,6;1015;46;'26.07.2023 16:14:45.470;;
293;523,700;-2660,240;-330,366;0,000;0,000;0,000;0,000;RRR 1.5in;24,6;1015;46;'26.07.2023 16:14:45.480;;
294;523,700;-2660,239;-330,367;0,000;0,000;0,000;0,000;RRR 1.5in;24,6;1015;46;'26.07.2023 16:14:45.490;;
295;523,700;-2660,239;-330,367;0,000;0,000;0,000;0,000;RRR 1.5in;24,6;1015;46;'26.07.2023 16:14:45.500;;
296;523,700;-2660,239;-330,367;0,000;0,000;0,000;0,000;RRR 1.5in;24,6;1015;46;'26.07.2023 16:14:45.510;;
297;523,701;-2660,238;-330,367;0,000;0,000;0,000;0,000;RRR 1.5in;24,6;1015;46;'26.07.2023 16:14:45.520;;
298;523,701;-2660,238;-330,366;0,000;0,000;0,000;0,000;RRR 1.5in;24,6;1015;46;'26.07.2023 16:14:45.530;;
299;523,701;-2660,238;-330,365;0,000;0,000;0,000;0,000;RRR 1.5in;24,6;1015;46;'26.07.2023 16:14:45.540;;
300;523,701;-2660,239;-330,367;0,000;0,000;0,000;0,000;RRR 1.5in;24,6;1015;46;'26.07.2023 16:14:45.550;;
301;523,700;-2660,239;-330,366;0,000;0,000;0,000;0,000;RRR 1.5in;24,6;1015;46;'26.07.2023 16:14:45.560;;
302;523,700;-2660,240;-330,366;0,000;0,000;0,000;0,000;RRR 1.5in;24,6;1015;46;'26.07.2023 16:14:45.570;;
303;523,699;-2660,240;-330,366;0,000;0,000;0,000;0,000;RRR 1.5in;24,6;1015;46;'26.07.2023 16:14:45.580;;
304;523,700;-2660,239;-330,367;0,000;0,000;0,000;0,000;RRR 1.5in;24,6;1015;46;'26.07.2023 16:14:45.590;;
305;523,701;-2660,239;-330,366;0,000;0,000;0,000;0,000;RRR 1.5in;24,6;1015;46;'26.07.2023 16:14:45.600;;
306;523,701;-2660,238;-330,366;0,000;0,000;0,000;0,000;RRR 1.5in;24,6;1015;46;'26.07.2023 16:14:45.610;;
307;523,701;-2660,238;-330,366;0,000;0,000;0,000;0,000;RRR 1.5in;24,6;1015;46;'26.07.2023 16:14:45.620;;
308;523,701;-2660,238;-330,366;0,000;0,000;0,000;0,000;RRR 1.5in;24,6;1015;46;'26.07.2023 16:14:45.630;;
309;523,700;-2660,238;-330,368;0,000;0,000;0,000;0,000;RRR 1.5in;24,6;1015;46;'26.07.2023 16:14:45.640;;
310;523,699;-2660,238;-330,368;0,000;0,000;0,000;0,000;RRR 1.5in;24,6;1015;46;'26.07.2023 16:14:45.650;;
311;523,699;-2660,239;-330,368;0,000;0,000;0,000;0,000;RRR 1.5in;24,6;1015;46;'26.07.2023 16:14:45.660;;
312;523,698;-2660,240;-330,369;0,000;0,000;0,000;0,000;RRR 1.5in;24,6;1015;46;'26.07.2023 16:14:45.670;;
313;523,699;-2660,240;-330,369;0,000;0,000;0,000;0,000;RRR 1.5in;24,6;1015;46;'26.07.2023 16:14:45.680;;
314;523,698;-2660,240;-330,368;0,000;0,000;0,000;0,000;RRR 1.5in;24,6;1015;46;'26.07.2023 16:14:45.690;;
315;523,699;-2660,240;-330,368;0,000;0,000;0,000;0,000;RRR 1.5in;24,6;1015;46;'26.07.2023 16:14:45.700;;
316;523,700;-2660,239;-330,367;0,000;0,000;0,000;0,000;RRR 1.5in;24,6;1015;46;'26.07.2023 16:14:45.710;;
317;523,700;-2660,238;-330,368;0,000;0,000;0,000;0,000;RRR 1.5in;24,6;1015;46;'26.07.2023 16:14:45.720;;
318;523,701;-2660,238;-330,367;0,000;0,000;0,000;0,000;RRR 1.5in;24,6;1015;46;'26.07.2023 16:14:45.730;;
319;523,701;-2660,237;-330,368;0,000;0,000;0,000;0,000;RRR 1.5in;24,6;1015;46;'26.07.2023 16:14:45.740;;
320;523,700;-2660,239;-330,368;0,000;0,000;0,000;0,000;RRR 1.5in;24,6;1015;46;'26.07.2023 16:14:45.750;;
321;523,700;-2660,239;-330,368;0,000;0,000;0,000;0,000;RRR 1.5in;24,6;1015;46;'26.07.2023 16:14:45.760;;
322;523,698;-2660,239;-330,370;0,000;0,000;0,000;0,000;RRR 1.5in;24,6;1015;46;'26.07.2023 16:14:45.770;;
323;523,698;-2660,239;-330,369;0,000;0,000;0,000;0,000;RRR 1.5in;24,6;1015;46;'26.07.2023 16:14:45.780;;
324;523,698;-2660,240;-330,370;0,000;0,000;0,000;0,000;RRR 1.5in;24,6;1015;46;'26.07.2023 16:14:45.790;;
325;523,697;-2660,239;-330,370;0,000;0,000;0,000;0,000;RRR 1.5in;24,6;1015;46;'26.07.2023 16:14:45.800;;
326;523,699;-2660,239;-330,369;0,000;0,000;0,000;0,000;RRR 1.5in;24,6;1015;46;'26.07.2023 16:14:45.810;;
327;523,699;-2660,239;-330,369;0,000;0,000;0,000;0,000;RRR 1.5in;24,6;1015;46;'26.07.2023 16:14:45.820;;
328;523,699;-2660,239;-330,369;0,000;0,000;0,000;0,000;RRR 1.5in;24,6;1015;46;'26.07.2023 16:14:45.830;;
329;523,699;-2660,238;-330,370;0,000;0,000;0,000;0,000;RRR 1.5in;24,6;1015;46;'26.07.2023 16:14:45.840;;
330;523,699;-2660,238;-330,370;0,000;0,000;0,000;0,000;RRR 1.5in;24,6;1015;46;'26.07.2023 16:14:45.850;;
331;523,699;-2660,238;-330,369;0,000;0,000;0,000;0,000;RRR 1.5in;24,6;1015;46;'26.07.2023 16:14:45.860;;
332;523,698;-2660,240;-330,370;0,000;0,000;0,000;0,000;RRR 1.5in;24,6;1015;46;'26.07.2023 16:14:45.870;;
333;523,697;-2660,240;-330,371;0,000;0,000;0,000;0,000;RRR 1.5in;24,6;1015;46;'26.07.2023 16:14:45.880;;
334;523,697;-2660,240;-330,370;0,000;0,000;0,000;0,000;RRR 1.5in;24,6;1015;46;'26.07.2023 16:14:45.890;;
335;523,698;-2660,239;-330,369;0,000;0,000;0,000;0,000;RRR 1.5in;24,6;1015;46;'26.07.2023 16:14:45.900;;
336;523,698;-2660,239;-330,369;0,000;0,000;0,000;0,000;RRR 1.5in;24,6;1015;46;'26.07.2023 16:14:45.910;;
337;523,698;-2660,239;-330,371;0,000;0,000;0,000;0,000;RRR 1.5in;24,6;1015;46;'26.07.2023 16:14:45.920;;
338;523,699;-2660,239;-330,369;0,000;0,000;0,000;0,000;RRR 1.5in;24,6;1015;46;'26.07.2023 16:14:45.930;;
339;523,698;-2660,238;-330,369;0,000;0,000;0,000;0,000;RRR 1.5in;24,6;1015;46;'26.07.2023 16:14:45.940;;
340;523,699;-2660,238;-330,367;0,000;0,000;0,000;0,000;RRR 1.5in;24,6;1015;46;'26.07.2023 16:14:45.950;;
341;523,697;-2660,240;-330,369;0,000;0,000;0,000;0,000;RRR 1.5in;24,6;1015;46;'26.07.2023 16:14:45.960;;
342;523,699;-2660,239;-330,368;0,000;0,000;0,000;0,000;RRR 1.5in;24,6;1015;46;'26.07.2023 16:14:45.970;;
343;523,697;-2660,237;-330,367;0,000;0,000;0,000;0,000;RRR 1.5in;24,6;1015;46;'26.07.2023 16:14:45.980;;
344;523,698;-2660,238;-330,368;0,000;0,000;0,000;0,000;RRR 1.5in;24,6;1015;46;'26.07.2023 16:14:45.990;;
345;523,697;-2660,241;-330,369;0,000;0,000;0,000;0,000;RRR 1.5in;24,6;1015;46;'26.07.2023 16:14:46.000;;
346;523,698;-2660,241;-330,370;0,000;0,000;0,000;0,000;RRR 1.5in;24,6;1015;46;'26.07.2023 16:14:46.010;;
347;523,697;-2660,238;-330,369;0,000;0,000;0,000;0,000;RRR 1.5in;24,6;1015;46;'26.07.2023 16:14:46.020;;
348;523,700;-2660,236;-330,367;0,000;0,000;0,000;0,000;RRR 1.5in;24,6;1015;46;'26.07.2023 16:14:46.030;;
349;523,699;-2660,236;-330,368;0,000;0,000;0,000;0,000;RRR 1.5in;24,6;1015;46;'26.07.2023 16:14:46.040;;
350;523,699;-2660,238;-330,368;0,000;0,000;0,000;0,000;RRR 1.5in;24,6;1015;46;'26.07.2023 16:14:46.050;;
351;523,699;-2660,238;-330,367;0,000;0,000;0,000;0,000;RRR 1.5in;24,6;1015;46;'26.07.2023 16:14:46.060;;
352;523,698;-2660,239;-330,368;0,000;0,000;0,000;0,000;RRR 1.5in;24,6;1015;46;'26.07.2023 16:14:46.070;;
353;523,698;-2660,239;-330,369;0,000;0,000;0,000;0,000;RRR 1.5in;24,6;1015;46;'26.07.2023 16:14:46.080;;
354;523,698;-2660,239;-330,368;0,000;0,000;0,000;0,000;RRR 1.5in;24,6;1015;46;'26.07.2023 16:14:46.090;;
355;523,698;-2660,237;-330,369;0,000;0,000;0,000;0,000;RRR 1.5in;24,6;1015;46;'26.07.2023 16:14:46.100;;
356;523,699;-2660,237;-330,368;0,000;0,000;0,000;0,000;RRR 1.5in;24,6;1015;46;'26.07.2023 16:14:46.110;;
357;523,698;-2660,240;-330,368;0,000;0,000;0,000;0,000;RRR 1.5in;24,6;1015;46;'26.07.2023 16:14:46.120;;
358;523,700;-2660,243;-330,366;0,000;0,000;0,000;0,000;RRR 1.5in;24,6;1015;46;'26.07.2023 16:14:46.130;;
359;523,708;-2660,248;-330,363;0,000;0,000;0,000;0,000;RRR 1.5in;24,6;1015;46;'26.07.2023 16:14:46.140;;
360;523,728;-2660,264;-330,350;0,000;0,000;0,000;0,000;RRR 1.5in;24,6;1015;46;'26.07.2023 16:14:46.150;;
361;523,769;-2660,308;-330,330;0,000;0,000;0,000;0,000;RRR 1.5in;24,6;1015;46;'26.07.2023 16:14:46.160;;
362;523,837;-2660,391;-330,304;0,000;0,000;0,000;0,000;RRR 1.5in;24,6;1015;46;'26.07.2023 16:14:46.170;;
363;523,923;-2660,519;-330,273;0,000;0,000;0,000;0,000;RRR 1.5in;24,6;1015;46;'26.07.2023 16:14:46.180;;
364;523,990;-2660,704;-330,244;0,000;0,000;0,000;0,000;RRR 1.5in;24,6;1015;46;'26.07.2023 16:14:46.190;;
365;524,027;-2660,957;-330,226;0,000;0,000;0,000;0,000;RRR 1.5in;24,6;1015;46;'26.07.2023 16:14:46.200;;
366;524,016;-2661,259;-330,221;0,000;0,000;0,000;0,000;RRR 1.5in;24,6;1015;46;'26.07.2023 16:14:46.210;;
367;523,970;-2661,583;-330,212;0,000;0,000;0,000;0,000;RRR 1.5in;24,6;1015;46;'26.07.2023 16:14:46.220;;
368;523,904;-2661,931;-330,204;0,000;0,000;0,000;0,000;RRR 1.5in;24,6;1015;46;'26.07.2023 16:14:46.230;;
369;523,820;-2662,329;-330,215;0,000;0,000;0,000;0,000;RRR 1.5in;24,6;1015;46;'26.07.2023 16:14:46.240;;
370;523,725;-2662,761;-330,238;0,000;0,000;0,000;0,000;RRR 1.5in;24,6;1015;46;'26.07.2023 16:14:46.250;;
371;523,666;-2663,202;-330,250;0,000;0,000;0,000;0,000;RRR 1.5in;24,6;1015;46;'26.07.2023 16:14:46.260;;
372;523,636;-2663,665;-330,257;0,000;0,000;0,000;0,000;RRR 1.5in;24,6;1015;46;'26.07.2023 16:14:46.270;;
373;523,628;-2664,174;-330,273;0,000;0,000;0,000;0,000;RRR 1.5in;24,6;1015;46;'26.07.2023 16:14:46.280;;
374;523,636;-2664,712;-330,278;0,000;0,000;0,000;0,000;RRR 1.5in;24,6;1015;46;'26.07.2023 16:14:46.290;;
375;523,659;-2665,274;-330,256;0,000;0,000;0,000;0,000;RRR 1.5in;24,6;1015;46;'26.07.2023 16:14:46.300;;
376;523,661;-2665,906;-330,243;0,000;0,000;0,000;0,000;RRR 1.5in;24,6;1015;46;'26.07.2023 16:14:46.310;;
377;523,637;-2666,622;-330,249;0,000;0,000;0,000;0,000;RRR 1.5in;24,6;1015;46;'26.07.2023 16:14:46.320;;
378;523,596;-2667,379;-330,242;0,000;0,000;0,000;0,000;RRR 1.5in;24,6;1015;46;'26.07.2023 16:14:46.330;;
379;523,526;-2668,172;-330,221;0,000;0,000;0,000;0,000;RRR 1.5in;24,6;1015;46;'26.07.2023 16:14:46.340;;
380;523,447;-2669,053;-330,227;0,000;0,000;0,000;0,000;RRR 1.5in;24,6;1015;46;'26.07.2023 16:14:46.350;;
381;523,347;-2670,007;-330,254;0,000;0,000;0,000;0,000;RRR 1.5in;24,6;1015;46;'26.07.2023 16:14:46.360;;
382;523,270;-2670,983;-330,258;0,000;0,000;0,000;0,000;RRR 1.5in;24,6;1015;46;'26.07.2023 16:14:46.370;;
383;523,189;-2671,978;-330,255;0,000;0,000;0,000;0,000;RRR 1.5in;24,6;1015;46;'26.07.2023 16:14:46.380;;
384;523,095;-2672,995;-330,258;0,000;0,000;0,000;0,000;RRR 1.5in;24,6;1015;46;'26.07.2023 16:14:46.390;;
385;523,031;-2674,007;-330,254;0,000;0,000;0,000;0,000;RRR 1.5in;24,6;1015;46;'26.07.2023 16:14:46.400;;
386;522,997;-2675,006;-330,233;0,000;0,000;0,000;0,000;RRR 1.5in;24,6;1015;46;'26.07.2023 16:14:46.410;;
387;522,974;-2676,023;-330,213;0,000;0,000;0,000;0,000;RRR 1.5in;24,6;1015;46;'26.07.2023 16:14:46.420;;
388;522,940;-2677,068;-330,202;0,000;0,000;0,000;0,000;RRR 1.5in;24,6;1015;46;'26.07.2023 16:14:46.430;;
389;522,903;-2678,129;-330,185;0,000;0,000;0,000;0,000;RRR 1.5in;24,6;1015;46;'26.07.2023 16:14:46.440;;
390;522,862;-2679,200;-330,157;0,000;0,000;0,000;0,000;RRR 1.5in;24,6;1015;46;'26.07.2023 16:14:46.450;;
391;522,825;-2680,325;-330,147;0,000;0,000;0,000;0,000;RRR 1.5in;24,6;1015;46;'26.07.2023 16:14:46.460;;
392;522,757;-2681,499;-330,160;0,000;0,000;0,000;0,000;RRR 1.5in;24,6;1015;46;'26.07.2023 16:14:46.470;;
393;522,664;-2682,671;-330,158;0,000;0,000;0,000;0,000;RRR 1.5in;24,6;1015;46;'26.07.2023 16:14:46.480;;
394;522,556;-2683,826;-330,145;0,000;0,000;0,000;0,000;RRR 1.5in;24,6;1015;46;'26.07.2023 16:14:46.490;;
395;522,450;-2684,995;-330,145;0,000;0,000;0,000;0,000;RRR 1.5in;24,6;1015;46;'26.07.2023 16:14:46.500;;
396;522,361;-2686,180;-330,156;0,000;0,000;0,000;0,000;RRR 1.5in;24,6;1015;46;'26.07.2023 16:14:46.510;;
397;522,284;-2687,353;-330,166;0,000;0,000;0,000;0,000;RRR 1.5in;24,6;1015;46;'26.07.2023 16:14:46.520;;
398;522,202;-2688,475;-330,150;0,000;0,000;0,000;0,000;RRR 1.5in;24,6;1015;46;'26.07.2023 16:14:46.530;;
399;522,145;-2689,579;-330,133;0,000;0,000;0,000;0,000;RRR 1.5in;24,6;1015;46;'26.07.2023 16:14:46.540;;
400;522,109;-2690,709;-330,136;0,000;0,000;0,000;0,000;RRR 1.5in;24,6;1015;46;'26.07.2023 16:14:46.550;;
401;522,079;-2691,847;-330,136;0,000;0,000;0,000;0,000;RRR 1.5in;24,6;1015;46;'26.07.2023 16:14:46.560;;
402;522,021;-2692,962;-330,122;0,000;0,000;0,000;0,000;RRR 1.5in;24,6;1015;46;'26.07.2023 16:14:46.570;;
403;521,961;-2694,069;-330,104;0,000;0,000;0,000;0,000;RRR 1.5in;24,6;1015;46;'26.07.2023 16:14:46.580;;
404;521,906;-2695,203;-330,100;0,000;0,000;0,000;0,000;RRR 1.5in;24,6;1015;46;'26.07.2023 16:14:46.590;;
405;521,835;-2696,377;-330,112;0,000;0,000;0,000;0,000;RRR 1.5in;24,6;1015;46;'26.07.2023 16:14:46.600;;
406;521,753;-2697,537;-330,115;0,000;0,000;0,000;0,000;RRR 1.5in;24,6;1015;46;'26.07.2023 16:14:46.610;;
407;521,660;-2698,668;-330,100;0,000;0,000;0,000;0,000;RRR 1.5in;24,6;1015;46;'26.07.2023 16:14:46.620;;
408;521,554;-2699,819;-330,104;0,000;0,000;0,000;0,000;RRR 1.5in;24,6;1015;46;'26.07.2023 16:14:46.630;;
409;521,493;-2700,974;-330,136;0,000;0,000;0,000;0,000;RRR 1.5in;24,6;1015;46;'26.07.2023 16:14:46.640;;
410;521,456;-2702,021;-330,152;0,000;0,000;0,000;0,000;RRR 1.5in;24,6;1015;46;'26.07.2023 16:14:46.650;;
411;521,409;-2702,906;-330,132;0,000;0,000;0,000;0,000;RRR 1.5in;24,6;1015;46;'26.07.2023 16:14:46.660;;
412;521,339;-2703,711;-330,116;0,000;0,000;0,000;0,000;RRR 1.5in;24,6;1015;46;'26.07.2023 16:14:46.670;;
413;521,297;-2704,509;-330,133;0,000;0,000;0,000;0,000;RRR 1.5in;24,6;1015;46;'26.07.2023 16:14:46.680;;
414;521,275;-2705,260;-330,141;0,000;0,000;0,000;0,000;RRR 1.5in;24,6;1015;46;'26.07.2023 16:14:46.690;;
415;521,272;-2705,922;-330,118;0,000;0,000;0,000;0,000;RRR 1.5in;24,6;1015;46;'26.07.2023 16:14:46.700;;
416;521,267;-2706,525;-330,079;0,000;0,000;0,000;0,000;RRR 1.5in;24,6;1015;46;'26.07.2023 16:14:46.710;;
417;521,265;-2707,113;-330,066;0,000;0,000;0,000;0,000;RRR 1.5in;24,6;1015;46;'26.07.2023 16:14:46.720;;
418;521,218;-2707,672;-330,077;0,000;0,000;0,000;0,000;RRR 1.5in;24,6;1015;46;'26.07.2023 16:14:46.730;;
419;521,159;-2708,134;-330,075;0,000;0,000;0,000;0,000;RRR 1.5in;24,6;1015;46;'26.07.2023 16:14:46.740;;
420;521,111;-2708,510;-330,057;0,000;0,000;0,000;0,000;RRR 1.5in;24,6;1015;46;'26.07.2023 16:14:46.750;;
421;521,072;-2708,871;-330,059;0,000;0,000;0,000;0,000;RRR 1.5in;24,6;1015;46;'26.07.2023 16:14:46.760;;
422;521,041;-2709,214;-330,084;0,000;0,000;0,000;0,000;RRR 1.5in;24,6;1015;46;'26.07.2023 16:14:46.770;;
423;521,015;-2709,459;-330,083;0,000;0,000;0,000;0,000;RRR 1.5in;24,6;1015;46;'26.07.2023 16:14:46.780;;
424;520,998;-2709,606;-330,062;0,000;0,000;0,000;0,000;RRR 1.5in;24,6;1015;46;'26.07.2023 16:14:46.790;;
425;520,998;-2709,710;-330,065;0,000;0,000;0,000;0,000;RRR 1.5in;24,6;1015;46;'26.07.2023 16:14:46.800;;
426;520,995;-2709,745;-330,081;0,000;0,000;0,000;0,000;RRR 1.5in;24,6;1015;46;'26.07.2023 16:14:46.810;;
427;521,000;-2709,662;-330,072;0,000;0,000;0,000;0,000;RRR 1.5in;24,6;1015;46;'26.07.2023 16:14:46.820;;
428;521,011;-2709,530;-330,041;0,000;0,000;0,000;0,000;RRR 1.5in;24,6;1015;46;'26.07.2023 16:14:46.830;;
429;521,004;-2709,479;-330,030;0,000;0,000;0,000;0,000;RRR 1.5in;24,6;1015;46;'26.07.2023 16:14:46.840;;
430;520,999;-2709,548;-330,051;0,000;0,000;0,000;0,000;RRR 1.5in;24,6;1015;46;'26.07.2023 16:14:46.850;;
431;521,020;-2709,641;-330,067;0,000;0,000;0,000;0,000;RRR 1.5in;24,6;1015;46;'26.07.2023 16:14:46.860;;
432;521,022;-2709,671;-330,052;0,000;0,000;0,000;0,000;RRR 1.5in;24,6;1015;46;'26.07.2023 16:14:46.870;;
433;520,985;-2709,670;-330,049;0,000;0,000;0,000;0,000;RRR 1.5in;24,6;1015;46;'26.07.2023 16:14:46.880;;
434;520,951;-2709,688;-330,081;0,000;0,000;0,000;0,000;RRR 1.5in;24,6;1015;46;'26.07.2023 16:14:46.890;;
435;520,908;-2709,697;-330,112;0,000;0,000;0,000;0,000;RRR 1.5in;24,6;1015;46;'26.07.2023 16:14:46.900;;
436;520,886;-2709,679;-330,106;0,000;0,000;0,000;0,000;RRR 1.5in;24,6;1015;46;'26.07.2023 16:14:46.910;;
437;520,911;-2709,670;-330,091;0,000;0,000;0,000;0,000;RRR 1.5in;24,6;1015;46;'26.07.2023 16:14:46.920;;
438;520,962;-2709,686;-330,086;0,000;0,000;0,000;0,000;RRR 1.5in;24,6;1015;46;'26.07.2023 16:14:46.930;;
439;520,995;-2709,688;-330,077;0,000;0,000;0,000;0,000;RRR 1.5in;24,6;1015;46;'26.07.2023 16:14:46.940;;
440;521,003;-2709,651;-330,058;0,000;0,000;0,000;0,000;RRR 1.5in;24,6;1015;46;'26.07.2023 16:14:46.950;;
441;520,999;-2709,599;-330,045;0,000;0,000;0,000;0,000;RRR 1.5in;24,6;1015;46;'26.07.2023 16:14:46.960;;
442;520,994;-2709,589;-330,050;0,000;0,000;0,000;0,000;RRR 1.5in;24,6;1015;46;'26.07.2023 16:14:46.970;;
443;520,989;-2709,624;-330,067;0,000;0,000;0,000;0,000;RRR 1.5in;24,6;1015;46;'26.07.2023 16:14:46.980;;
444;520,977;-2709,656;-330,074;0,000;0,000;0,000;0,000;RRR 1.5in;24,6;1015;46;'26.07.2023 16:14:46.990;;
445;520,961;-2709,679;-330,076;0,000;0,000;0,000;0,000;RRR 1.5in;24,6;1015;46;'26.07.2023 16:14:47.000;;
446;520,944;-2709,708;-330,092;0,000;0,000;0,000;0,000;RRR 1.5in;24,6;1015;46;'26.07.2023 16:14:47.010;;
447;520,928;-2709,718;-330,107;0,000;0,000;0,000;0,000;RRR 1.5in;24,6;1015;46;'26.07.2023 16:14:47.020;;
448;520,921;-2709,688;-330,104;0,000;0,000;0,000;0,000;RRR 1.5in;24,6;1015;46;'26.07.2023 16:14:47.030;;
449;520,938;-2709,648;-330,086;0,000;0,000;0,000;0,000;RRR 1.5in;24,6;1015;46;'26.07.2023 16:14:47.040;;
450;520,964;-2709,638;-330,073;0,000;0,000;0,000;0,000;RRR 1.5in;24,6;1015;46;'26.07.2023 16:14:47.050;;
451;520,996;-2709,654;-330,068;0,000;0,000;0,000;0,000;RRR 1.5in;24,6;1015;46;'26.07.2023 16:14:47.060;;
452;521,013;-2709,659;-330,062;0,000;0,000;0,000;0,000;RRR 1.5in;24,6;1015;46;'26.07.2023 16:14:47.070;;
453;521,000;-2709,640;-330,054;0,000;0,000;0,000;0,000;RRR 1.5in;24,6;1015;46;'26.07.2023 16:14:47.080;;
454;520,983;-2709,629;-330,056;0,000;0,000;0,000;0,000;RRR 1.5in;24,6;1015;46;'26.07.2023 16:14:47.090;;
455;520,980;-2709,643;-330,069;0,000;0,000;0,000;0,000;RRR 1.5in;24,6;1015;46;'26.07.2023 16:14:47.100;;
456;520,973;-2709,663;-330,079;0,000;0,000;0,000;0,000;RRR 1.5in;24,6;1015;46;'26.07.2023 16:14:47.110;;
457;520,956;-2709,677;-330,082;0,000;0,000;0,000;0,000;RRR 1.5in;24,6;1015;46;'26.07.2023 16:14:47.120;;
458;520,942;-2709,696;-330,090;0,000;0,000;0,000;0,000;RRR 1.5in;24,6;1015;46;'26.07.2023 16:14:47.130;;
459;520,941;-2709,710;-330,098;0,000;0,000;0,000;0,000;RRR 1.5in;24,6;1015;46;'26.07.2023 16:14:47.140;;
460;520,949;-2709,696;-330,095;0,000;0,000;0,000;0,000;RRR 1.5in;24,6;1015;46;'26.07.2023 16:14:47.150;;
461;520,967;-2709,656;-330,078;0,000;0,000;0,000;0,000;RRR 1.5in;24,6;1015;46;'26.07.2023 16:14:47.160;;
462;520,987;-2709,627;-330,062;0,000;0,000;0,000;0,000;RRR 1.5in;24,6;1015;46;'26.07.2023 16:14:47.170;;
463;521,001;-2709,630;-330,056;0,000;0,000;0,000;0,000;RRR 1.5in;24,6;1015;46;'26.07.2023 16:14:47.180;;
464;521,008;-2709,651;-330,061;0,000;0,000;0,000;0,000;RRR 1.5in;24,6;1015;46;'26.07.2023 16:14:47.190;;
465;521,003;-2709,657;-330,062;0,000;0,000;0,000;0,000;RRR 1.5in;24,6;1015;46;'26.07.2023 16:14:47.200;;
466;520,985;-2709,653;-330,063;0,000;0,000;0,000;0,000;RRR 1.5in;24,6;1015;46;'26.07.2023 16:14:47.210;;
467;520,970;-2709,661;-330,074;0,000;0,000;0,000;0,000;RRR 1.5in;24,6;1015;46;'26.07.2023 16:14:47.220;;
468;520,967;-2709,677;-330,086;0,000;0,000;0,000;0,000;RRR 1.5in;24,6;1015;46;'26.07.2023 16:14:47.230;;
469;520,964;-2709,682;-330,089;0,000;0,000;0,000;0,000;RRR 1.5in;24,6;1015;46;'26.07.2023 16:14:47.240;;
470;520,956;-2709,684;-330,086;0,000;0,000;0,000;0,000;RRR 1.5in;24,6;1015;46;'26.07.2023 16:14:47.250;;
471;520,953;-2709,689;-330,088;0,000;0,000;0,000;0,000;RRR 1.5in;24,6;1015;46;'26.07.2023 16:14:47.260;;
472;520,967;-2709,685;-330,085;0,000;0,000;0,000;0,000;RRR 1.5in;24,6;1015;46;'26.07.2023 16:14:47.270;;
473;520,989;-2709,661;-330,073;0,000;0,000;0,000;0,000;RRR 1.5in;24,6;1015;46;'26.07.2023 16:14:47.280;;
474;521,002;-2709,635;-330,056;0,000;0,000;0,000;0,000;RRR 1.5in;24,6;1015;46;'26.07.2023 16:14:47.290;;
475;521,014;-2709,635;-330,048;0,000;0,000;0,000;0,000;RRR 1.5in;24,6;1015;46;'26.07.2023 16:14:47.300;;
476;521,024;-2709,672;-330,051;0,000;0,000;0,000;0,000;RRR 1.5in;24,6;1015;46;'26.07.2023 16:14:47.310;;
477;521,029;-2709,728;-330,051;0,000;0,000;0,000;0,000;RRR 1.5in;24,6;1015;46;'26.07.2023 16:14:47.320;;
478;521,041;-2709,793;-330,044;0,000;0,000;0,000;0,000;RRR 1.5in;24,6;1015;46;'26.07.2023 16:14:47.330;;
479;521,040;-2709,879;-330,040;0,000;0,000;0,000;0,000;RRR 1.5in;24,6;1015;46;'26.07.2023 16:14:47.340;;
480;521,036;-2709,995;-330,038;0,000;0,000;0,000;0,000;RRR 1.5in;24,6;1015;46;'26.07.2023 16:14:47.350;;
481;521,023;-2710,132;-330,034;0,000;0,000;0,000;0,000;RRR 1.5in;24,6;1015;46;'26.07.2023 16:14:47.360;;
482;521,004;-2710,286;-330,025;0,000;0,000;0,000;0,000;RRR 1.5in;24,6;1015;46;'26.07.2023 16:14:47.370;;
483;520,983;-2710,465;-330,017;0,000;0,000;0,000;0,000;RRR 1.5in;24,6;1015;46;'26.07.2023 16:14:47.380;;
484;520,971;-2710,677;-330,014;0,000;0,000;0,000;0,000;RRR 1.5in;24,6;1015;46;'26.07.2023 16:14:47.390;;
485;520,978;-2710,921;-330,014;0,000;0,000;0,000;0,000;RRR 1.5in;24,6;1015;46;'26.07.2023 16:14:47.400;;
486;520,981;-2711,184;-330,017;0,000;0,000;0,000;0,000;RRR 1.5in;24,6;1015;46;'26.07.2023 16:14:47.410;;
487;520,956;-2711,467;-330,026;0,000;0,000;0,000;0,000;RRR 1.5in;24,6;1015;46;'26.07.2023 16:14:47.420;;
488;520,926;-2711,782;-330,034;0,000;0,000;0,000;0,000;RRR 1.5in;24,6;1015;46;'26.07.2023 16:14:47.430;;
489;520,895;-2712,150;-330,040;0,000;0,000;0,000;0,000;RRR 1.5in;24,6;1015;46;'26.07.2023 16:14:47.440;;
490;520,869;-2712,581;-330,040;0,000;0,000;0,000;0,000;RRR 1.5in;24,6;1015;46;'26.07.2023 16:14:47.450;;
491;520,840;-2713,068;-330,037;0,000;0,000;0,000;0,000;RRR 1.5in;24,6;1015;46;'26.07.2023 16:14:47.460;;
492;520,813;-2713,605;-330,027;0,000;0,000;0,000;0,000;RRR 1.5in;24,6;1015;46;'26.07.2023 16:14:47.470;;
493;520,790;-2714,210;-330,015;0,000;0,000;0,000;0,000;RRR 1.5in;24,6;1015;46;'26.07.2023 16:14:47.480;;
494;520,736;-2714,882;-330,013;0,000;0,000;0,000;0,000;RRR 1.5in;24,6;1015;46;'26.07.2023 16:14:47.490;;
495;520,692;-2715,597;-330,012;0,000;0,000;0,000;0,000;RRR 1.5in;24,6;1015;46;'26.07.2023 16:14:47.500;;
496;520,640;-2716,337;-330,005;0,000;0,000;0,000;0,000;RRR 1.5in;24,6;1015;46;'26.07.2023 16:14:47.510;;
497;520,573;-2717,114;-330,006;0,000;0,000;0,000;0,000;RRR 1.5in;24,6;1015;46;'26.07.2023 16:14:47.520;;
498;520,517;-2717,928;-330,008;0,000;0,000;0,000;0,000;RRR 1.5in;24,6;1015;46;'26.07.2023 16:14:47.530;;
499;520,468;-2718,770;-330,007;0,000;0,000;0,000;0,000;RRR 1.5in;24,6;1015;46;'26.07.2023 16:14:47.540;;
500;520,424;-2719,660;-330,007;0,000;0,000;0,000;0,000;RRR 1.5in;24,6;1015;46;'26.07.2023 16:14:47.550;;
501;520,384;-2720,601;-330,016;0,000;0,000;0,000;0,000;RRR 1.5in;24,6;1015;46;'26.07.2023 16:14:47.560;;
502;520,347;-2721,560;-330,013;0,000;0,000;0,000;0,000;RRR 1.5in;24,6;1015;46;'26.07.2023 16:14:47.570;;
503;520,300;-2722,519;-329,995;0,000;0,000;0,000;0,000;RRR 1.5in;24,6;1015;46;'26.07.2023 16:14:47.580;;
504;520,250;-2723,506;-329,974;0,000;0,000;0,000;0,000;RRR 1.5in;24,6;1015;46;'26.07.2023 16:14:47.590;;
505;520,207;-2724,554;-329,971;0,000;0,000;0,000;0,000;RRR 1.5in;24,6;1015;46;'26.07.2023 16:14:47.600;;
506;520,152;-2725,636;-329,964;0,000;0,000;0,000;0,000;RRR 1.5in;24,6;1015;46;'26.07.2023 16:14:47.610;;
507;520,083;-2726,739;-329,950;0,000;0,000;0,000;0,000;RRR 1.5in;24,6;1015;46;'26.07.2023 16:14:47.620;;
508;519,991;-2727,856;-329,941;0,000;0,000;0,000;0,000;RRR 1.5in;24,6;1015;46;'26.07.2023 16:14:47.630;;
509;519,919;-2728,987;-329,937;0,000;0,000;0,000;0,000;RRR 1.5in;24,6;1015;46;'26.07.2023 16:14:47.640;;
510;519,851;-2730,137;-329,945;0,000;0,000;0,000;0,000;RRR 1.5in;24,6;1015;46;'26.07.2023 16:14:47.650;;
511;519,784;-2731,288;-329,948;0,000;0,000;0,000;0,000;RRR 1.5in;24,6;1015;46;'26.07.2023 16:14:47.660;;
512;519,705;-2732,426;-329,948;0,000;0,000;0,000;0,000;RRR 1.5in;24,6;1015;46;'26.07.2023 16:14:47.670;;
513;519,643;-2733,553;-329,942;0,000;0,000;0,000;0,000;RRR 1.5in;24,6;1015;46;'26.07.2023 16:14:47.680;;
514;519,603;-2734,686;-329,942;0,000;0,000;0,000;0,000;RRR 1.5in;24,6;1015;46;'26.07.2023 16:14:47.690;;
515;519,558;-2735,821;-329,940;0,000;0,000;0,000;0,000;RRR 1.5in;24,6;1015;46;'26.07.2023 16:14:47.700;;
516;519,513;-2736,942;-329,926;0,000;0,000;0,000;0,000;RRR 1.5in;24,6;1015;46;'26.07.2023 16:14:47.710;;
517;519,461;-2738,056;-329,906;0,000;0,000;0,000;0,000;RRR 1.5in;24,6;1015;46;'26.07.2023 16:14:47.720;;
518;519,401;-2739,201;-329,899;0,000;0,000;0,000;0,000;RRR 1.5in;24,6;1015;46;'26.07.2023 16:14:47.730;;
519;519,336;-2740,373;-329,899;0,000;0,000;0,000;0,000;RRR 1.5in;24,6;1015;46;'26.07.2023 16:14:47.740;;
520;519,258;-2741,537;-329,898;0,000;0,000;0,000;0,000;RRR 1.5in;24,6;1015;46;'26.07.2023 16:14:47.750;;
521;519,167;-2742,681;-329,887;0,000;0,000;0,000;0,000;RRR 1.5in;24,6;1015;46;'26.07.2023 16:14:47.760;;
522;519,092;-2743,833;-329,883;0,000;0,000;0,000;0,000;RRR 1.5in;24,6;1015;46;'26.07.2023 16:14:47.770;;
523;519,019;-2745,010;-329,898;0,000;0,000;0,000;0,000;RRR 1.5in;24,6;1015;46;'26.07.2023 16:14:47.780;;
524;518,933;-2746,176;-329,914;0,000;0,000;0,000;0,000;RRR 1.5in;24,6;1015;46;'26.07.2023 16:14:47.790;;
525;518,855;-2747,296;-329,905;0,000;0,000;0,000;0,000;RRR 1.5in;24,6;1015;46;'26.07.2023 16:14:47.800;;
526;518,793;-2748,406;-329,889;0,000;0,000;0,000;0,000;RRR 1.5in;24,6;1015;46;'26.07.2023 16:14:47.810;;
527;518,743;-2749,556;-329,895;0,000;0,000;0,000;0,000;RRR 1.5in;24,6;1015;46;'26.07.2023 16:14:47.820;;
528;518,685;-2750,711;-329,905;0,000;0,000;0,000;0,000;RRR 1.5in;24,6;1015;46;'26.07.2023 16:14:47.830;;
529;518,619;-2751,824;-329,881;0,000;0,000;0,000;0,000;RRR 1.5in;24,6;1015;46;'26.07.2023 16:14:47.840;;
530;518,563;-2752,930;-329,849;0,000;0,000;0,000;0,000;RRR 1.5in;24,6;1015;46;'26.07.2023 16:14:47.850;;
531;518,510;-2754,080;-329,839;0,000;0,000;0,000;0,000;RRR 1.5in;24,6;1015;46;'26.07.2023 16:14:47.860;;
532;518,453;-2755,259;-329,845;0,000;0,000;0,000;0,000;RRR 1.5in;24,6;1015;46;'26.07.2023 16:14:47.870;;
533;518,362;-2756,404;-329,836;0,000;0,000;0,000;0,000;RRR 1.5in;24,6;1015;46;'26.07.2023 16:14:47.880;;
534;518,280;-2757,519;-329,812;0,000;0,000;0,000;0,000;RRR 1.5in;24,6;1015;46;'26.07.2023 16:14:47.890;;
535;518,206;-2758,670;-329,805;0,000;0,000;0,000;0,000;RRR 1.5in;24,6;1015;46;'26.07.2023 16:14:47.900;;
536;518,142;-2759,865;-329,824;0,000;0,000;0,000;0,000;RRR 1.5in;24,6;1015;46;'26.07.2023 16:14:47.910;;
537;518,062;-2761,030;-329,833;0,000;0,000;0,000;0,000;RRR 1.5in;24,6;1015;46;'26.07.2023 16:14:47.920;;
538;517,984;-2762,139;-329,813;0,000;0,000;0,000;0,000;RRR 1.5in;24,6;1015;46;'26.07.2023 16:14:47.930;;
539;517,920;-2763,259;-329,800;0,000;0,000;0,000;0,000;RRR 1.5in;24,6;1015;46;'26.07.2023 16:14:47.940;;
540;517,866;-2764,427;-329,814;0,000;0,000;0,000;0,000;RRR 1.5in;24,6;1015;46;'26.07.2023 16:14:47.950;;
541;517,808;-2765,581;-329,816;0,000;0,000;0,000;0,000;RRR 1.5in;24,6;1015;46;'26.07.2023 16:14:47.960;;
542;517,749;-2766,676;-329,780;0,000;0,000;0,000;0,000;RRR 1.5in;24,6;1015;46;'26.07.2023 16:14:47.970;;
543;517,698;-2767,794;-329,752;0,000;0,000;0,000;0,000;RRR 1.5in;24,6;1015;46;'26.07.2023 16:14:47.980;;
544;517,643;-2768,983;-329,761;0,000;0,000;0,000;0,000;RRR 1.5in;24,6;1015;46;'26.07.2023 16:14:47.990;;
545;517,564;-2770,163;-329,767;0,000;0,000;0,000;0,000;RRR 1.5in;24,6;1015;46;'26.07.2023 16:14:48.000;;
546;517,489;-2771,281;-329,740;0,000;0,000;0,000;0,000;RRR 1.5in;24,6;1015;46;'26.07.2023 16:14:48.010;;
547;517,415;-2772,405;-329,725;0,000;0,000;0,000;0,000;RRR 1.5in;24,6;1015;46;'26.07.2023 16:14:48.020;;
548;517,336;-2773,589;-329,750;0,000;0,000;0,000;0,000;RRR 1.5in;24,6;1015;46;'26.07.2023 16:14:48.030;;
549;517,254;-2774,765;-329,776;0,000;0,000;0,000;0,000;RRR 1.5in;24,6;1015;46;'26.07.2023 16:14:48.040;;
550;517,182;-2775,876;-329,769;0,000;0,000;0,000;0,000;RRR 1.5in;24,6;1015;46;'26.07.2023 16:14:48.050;;
551;517,102;-2776,982;-329,761;0,000;0,000;0,000;0,000;RRR 1.5in;24,6;1015;46;'26.07.2023 16:14:48.060;;
552;517,035;-2778,147;-329,784;0,000;0,000;0,000;0,000;RRR 1.5in;24,6;1015;46;'26.07.2023 16:14:48.070;;
553;516,966;-2779,314;-329,802;0,000;0,000;0,000;0,000;RRR 1.5in;24,6;1015;46;'26.07.2023 16:14:48.080;;
554;516,898;-2780,425;-329,781;0,000;0,000;0,000;0,000;RRR 1.5in;24,6;1015;46;'26.07.2023 16:14:48.090;;
555;516,834;-2781,531;-329,756;0,000;0,000;0,000;0,000;RRR 1.5in;24,6;1015;46;'26.07.2023 16:14:48.100;;
556;516,773;-2782,698;-329,758;0,000;0,000;0,000;0,000;RRR 1.5in;24,6;1015;46;'26.07.2023 16:14:48.110;;
557;516,701;-2783,879;-329,770;0,000;0,000;0,000;0,000;RRR 1.5in;24,6;1015;46;'26.07.2023 16:14:48.120;;
558;516,635;-2785,007;-329,755;0,000;0,000;0,000;0,000;RRR 1.5in;24,6;1015;46;'26.07.2023 16:14:48.130;;
559;516,576;-2786,115;-329,730;0,000;0,000;0,000;0,000;RRR 1.5in;24,6;1015;46;'26.07.2023 16:14:48.140;;
560;516,498;-2787,277;-329,740;0,000;0,000;0,000;0,000;RRR 1.5in;24,6;1015;46;'26.07.2023 16:14:48.150;;
561;516,419;-2788,457;-329,766;0,000;0,000;0,000;0,000;RRR 1.5in;24,6;1015;46;'26.07.2023 16:14:48.160;;
562;516,346;-2789,587;-329,762;0,000;0,000;0,000;0,000;RRR 1.5in;24,6;1015;46;'26.07.2023 16:14:48.170;;
563;516,266;-2790,702;-329,746;0,000;0,000;0,000;0,000;RRR 1.5in;24,6;1015;46;'26.07.2023 16:14:48.180;;
564;516,178;-2791,874;-329,758;0,000;0,000;0,000;0,000;RRR 1.5in;24,6;1015;46;'26.07.2023 16:14:48.190;;
565;516,105;-2793,057;-329,771;0,000;0,000;0,000;0,000;RRR 1.5in;24,6;1015;46;'26.07.2023 16:14:48.200;;
566;516,043;-2794,193;-329,750;0,000;0,000;0,000;0,000;RRR 1.5in;24,6;1015;46;'26.07.2023 16:14:48.210;;
567;515,987;-2795,316;-329,719;0,000;0,000;0,000;0,000;RRR 1.5in;24,6;1015;46;'26.07.2023 16:14:48.220;;
568;515,931;-2796,478;-329,715;0,000;0,000;0,000;0,000;RRR 1.5in;24,6;1015;46;'26.07.2023 16:14:48.230;;
569;515,861;-2797,635;-329,705;0,000;0,000;0,000;0,000;RRR 1.5in;24,6;1015;46;'26.07.2023 16:14:48.240;;
570;515,811;-2798,764;-329,680;0,000;0,000;0,000;0,000;RRR 1.5in;24,6;1015;46;'26.07.2023 16:14:48.250;;
571;515,754;-2799,895;-329,662;0,000;0,000;0,000;0,000;RRR 1.5in;24,6;1015;46;'26.07.2023 16:14:48.260;;
572;515,687;-2801,051;-329,659;0,000;0,000;0,000;0,000;RRR 1.5in;24,6;1015;46;'26.07.2023 16:14:48.270;;
573;515,615;-2802,209;-329,662;0,000;0,000;0,000;0,000;RRR 1.5in;24,6;1015;46;'26.07.2023 16:14:48.280;;
574;515,551;-2803,349;-329,659;0,000;0,000;0,000;0,000;RRR 1.5in;24,6;1015;46;'26.07.2023 16:14:48.290;;
575;515,476;-2804,482;-329,652;0,000;0,000;0,000;0,000;RRR 1.5in;24,6;1015;46;'26.07.2023 16:14:48.300;;
576;515,392;-2805,638;-329,658;0,000;0,000;0,000;0,000;RRR 1.5in;24,6;1015;46;'26.07.2023 16:14:48.310;;
577;515,321;-2806,788;-329,663;0,000;0,000;0,000;0,000;RRR 1.5in;24,6;1015;46;'26.07.2023 16:14:48.320;;
578;515,258;-2807,908;-329,642;0,000;0,000;0,000;0,000;RRR 1.5in;24,6;1015;46;'26.07.2023 16:14:48.330;;
579;515,196;-2809,041;-329,624;0,000;0,000;0,000;0,000;RRR 1.5in;24,6;1015;46;'26.07.2023 16:14:48.340;;
580;515,118;-2810,212;-329,632;0,000;0,000;0,000;0,000;RRR 1.5in;24,6;1015;46;'26.07.2023 16:14:48.350;;
581;515,040;-2811,365;-329,627;0,000;0,000;0,000;0,000;RRR 1.5in;24,6;1015;46;'26.07.2023 16:14:48.360;;
582;514,984;-2812,494;-329,601;0,000;0,000;0,000;0,000;RRR 1.5in;24,6;1015;46;'26.07.2023 16:14:48.370;;
583;514,927;-2813,649;-329,598;0,000;0,000;0,000;0,000;RRR 1.5in;24,6;1015;46;'26.07.2023 16:14:48.380;;
584;514,846;-2814,812;-329,613;0,000;0,000;0,000;0,000;RRR 1.5in;24,6;1015;46;'26.07.2023 16:14:48.390;;
585;514,773;-2815,935;-329,612;0,000;0,000;0,000;0,000;RRR 1.5in;24,6;1015;46;'26.07.2023 16:14:48.400;;
586;514,710;-2817,041;-329,606;0,000;0,000;0,000;0,000;RRR 1.5in;24,6;1015;46;'26.07.2023 16:14:48.410;;
587;514,638;-2818,178;-329,618;0,000;0,000;0,000;0,000;RRR 1.5in;24,6;1015;46;'26.07.2023 16:14:48.420;;
588;514,562;-2819,337;-329,636;0,000;0,000;0,000;0,000;RRR 1.5in;24,6;1015;46;'26.07.2023 16:14:48.430;;
589;514,495;-2820,477;-329,635;0,000;0,000;0,000;0,000;RRR 1.5in;24,6;1015;46;'26.07.2023 16:14:48.440;;
590;514,448;-2821,613;-329,624;0,000;0,000;0,000;0,000;RRR 1.5in;24,6;1015;46;'26.07.2023 16:14:48.450;;
591;514,380;-2822,773;-329,621;0,000;0,000;0,000;0,000;RRR 1.5in;24,6;1015;46;'26.07.2023 16:14:48.460;;
592;514,297;-2823,936;-329,623;0,000;0,000;0,000;0,000;RRR 1.5in;24,6;1015;46;'26.07.2023 16:14:48.470;;
593;514,218;-2825,067;-329,614;0,000;0,000;0,000;0,000;RRR 1.5in;24,6;1015;46;'26.07.2023 16:14:48.480;;
594;514,159;-2826,190;-329,595;0,000;0,000;0,000;0,000;RRR 1.5in;24,6;1015;46;'26.07.2023 16:14:48.490;;
595;514,097;-2827,343;-329,594;0,000;0,000;0,000;0,000;RRR 1.5in;24,6;1015;46;'26.07.2023 16:14:48.500;;
596;514,027;-2828,501;-329,604;0,000;0,000;0,000;0,000;RRR 1.5in;24,6;1015;46;'26.07.2023 16:14:48.510;;
597;513,972;-2829,630;-329,597;0,000;0,000;0,000;0,000;RRR 1.5in;24,6;1015;46;'26.07.2023 16:14:48.520;;
598;513,903;-2830,765;-329,589;0,000;0,000;0,000;0,000;RRR 1.5in;24,6;1015;46;'26.07.2023 16:14:48.530;;
599;513,827;-2831,935;-329,605;0,000;0,000;0,000;0,000;RRR 1.5in;24,6;1015;46;'26.07.2023 16:14:48.540;;
600;513,746;-2833,082;-329,613;0,000;0,000;0,000;0,000;RRR 1.5in;24,6;1015;46;'26.07.2023 16:14:48.550;;
601;513,684;-2834,195;-329,595;0,000;0,000;0,000;0,000;RRR 1.5in;24,6;1015;46;'26.07.2023 16:14:48.560;;
602;513,622;-2835,321;-329,579;0,000;0,000;0,000;0,000;RRR 1.5in;24,6;1015;46;'26.07.2023 16:14:48.570;;
603;513,547;-2836,487;-329,588;0,000;0,000;0,000;0,000;RRR 1.5in;24,6;1015;46;'26.07.2023 16:14:48.580;;
604;513,468;-2837,632;-329,584;0,000;0,000;0,000;0,000;RRR 1.5in;24,6;1015;46;'26.07.2023 16:14:48.590;;
605;513,419;-2838,754;-329,565;0,000;0,000;0,000;0,000;RRR 1.5in;24,6;1015;46;'26.07.2023 16:14:48.600;;
606;513,360;-2839,897;-329,555;0,000;0,000;0,000;0,000;RRR 1.5in;24,6;1015;46;'26.07.2023 16:14:48.610;;
607;513,284;-2841,057;-329,564;0,000;0,000;0,000;0,000;RRR 1.5in;24,6;1015;46;'26.07.2023 16:14:48.620;;
608;513,215;-2842,189;-329,565;0,000;0,000;0,000;0,000;RRR 1.5in;24,6;1015;46;'26.07.2023 16:14:48.630;;
609;513,155;-2843,303;-329,553;0,000;0,000;0,000;0,000;RRR 1.5in;24,6;1015;46;'26.07.2023 16:14:48.640;;
610;513,077;-2844,451;-329,556;0,000;0,000;0,000;0,000;RRR 1.5in;24,6;1015;46;'26.07.2023 16:14:48.650;;
611;512,993;-2845,616;-329,568;0,000;0,000;0,000;0,000;RRR 1.5in;24,6;1015;46;'26.07.2023 16:14:48.660;;
612;512,936;-2846,753;-329,562;0,000;0,000;0,000;0,000;RRR 1.5in;24,6;1015;46;'26.07.2023 16:14:48.670;;
613;512,887;-2847,881;-329,542;0,000;0,000;0,000;0,000;RRR 1.5in;24,6;1015;46;'26.07.2023 16:14:48.680;;
614;512,841;-2849,042;-329,537;0,000;0,000;0,000;0,000;RRR 1.5in;24,6;1015;46;'26.07.2023 16:14:48.690;;
615;512,760;-2850,191;-329,533;0,000;0,000;0,000;0,000;RRR 1.5in;24,6;1015;46;'26.07.2023 16:14:48.700;;
616;512,696;-2851,313;-329,514;0,000;0,000;0,000;0,000;RRR 1.5in;24,6;1015;46;'26.07.2023 16:14:48.710;;
617;512,638;-2852,446;-329,498;0,000;0,000;0,000;0,000;RRR 1.5in;24,6;1015;46;'26.07.2023 16:14:48.720;;
618;512,569;-2853,611;-329,499;0,000;0,000;0,000;0,000;RRR 1.5in;24,6;1015;46;'26.07.2023 16:14:48.730;;
619;512,499;-2854,765;-329,504;0,000;0,000;0,000;0,000;RRR 1.5in;24,6;1015;46;'26.07.2023 16:14:48.740;;
620;512,447;-2855,893;-329,495;0,000;0,000;0,000;0,000;RRR 1.5in;24,6;1015;46;'26.07.2023 16:14:48.750;;
621;512,386;-2857,038;-329,495;0,000;0,000;0,000;0,000;RRR 1.5in;24,6;1015;46;'26.07.2023 16:14:48.760;;
622;512,310;-2858,211;-329,512;0,000;0,000;0,000;0,000;RRR 1.5in;24,6;1015;46;'26.07.2023 16:14:48.770;;
623;512,244;-2859,364;-329,522;0,000;0,000;0,000;0,000;RRR 1.5in;24,6;1015;46;'26.07.2023 16:14:48.780;;
624;512,189;-2860,478;-329,507;0,000;0,000;0,000;0,000;RRR 1.5in;24,6;1015;46;'26.07.2023 16:14:48.790;;
625;512,121;-2861,602;-329,494;0,000;0,000;0,000;0,000;RRR 1.5in;24,6;1015;46;'26.07.2023 16:14:48.800;;
626;512,049;-2862,756;-329,501;0,000;0,000;0,000;0,000;RRR 1.5in;24,6;1015;46;'26.07.2023 16:14:48.810;;
627;511,986;-2863,896;-329,495;0,000;0,000;0,000;0,000;RRR 1.5in;24,6;1015;46;'26.07.2023 16:14:48.820;;
628;511,938;-2865,035;-329,478;0,000;0,000;0,000;0,000;RRR 1.5in;24,6;1015;46;'26.07.2023 16:14:48.830;;
629;511,871;-2866,198;-329,475;0,000;0,000;0,000;0,000;RRR 1.5in;24,6;1015;46;'26.07.2023 16:14:48.840;;
630;511,804;-2867,352;-329,482;0,000;0,000;0,000;0,000;RRR 1.5in;24,6;1015;46;'26.07.2023 16:14:48.850;;
631;511,750;-2868,475;-329,482;0,000;0,000;0,000;0,000;RRR 1.5in;24,6;1015;46;'26.07.2023 16:14:48.860;;
632;511,692;-2869,590;-329,479;0,000;0,000;0,000;0,000;RRR 1.5in;24,6;1015;46;'26.07.2023 16:14:48.870;;
633;511,611;-2870,723;-329,485;0,000;0,000;0,000;0,000;RRR 1.5in;24,6;1015;46;'26.07.2023 16:14:48.880;;
634;511,536;-2871,864;-329,495;0,000;0,000;0,000;0,000;RRR 1.5in;24,6;1015;46;'26.07.2023 16:14:48.890;;
635;511,478;-2873,007;-329,498;0,000;0,000;0,000;0,000;RRR 1.5in;24,6;1015;46;'26.07.2023 16:14:48.900;;
636;511,423;-2874,167;-329,493;0,000;0,000;0,000;0,000;RRR 1.5in;24,6;1015;46;'26.07.2023 16:14:48.910;;
637;511,340;-2875,328;-329,489;0,000;0,000;0,000;0,000;RRR 1.5in;24,6;1015;46;'26.07.2023 16:14:48.920;;
638;511,270;-2876,468;-329,476;0,000;0,000;0,000;0,000;RRR 1.5in;24,6;1015;46;'26.07.2023 16:14:48.930;;
639;511,216;-2877,606;-329,458;0,000;0,000;0,000;0,000;RRR 1.5in;24,6;1015;46;'26.07.2023 16:14:48.940;;
640;511,142;-2878,771;-329,457;0,000;0,000;0,000;0,000;RRR 1.5in;24,6;1015;46;'26.07.2023 16:14:48.950;;
641;511,056;-2879,928;-329,455;0,000;0,000;0,000;0,000;RRR 1.5in;24,6;1015;46;'26.07.2023 16:14:48.960;;
642;511,012;-2881,057;-329,450;0,000;0,000;0,000;0,000;RRR 1.5in;24,6;1015;46;'26.07.2023 16:14:48.970;;
643;510,966;-2882,185;-329,447;0,000;0,000;0,000;0,000;RRR 1.5in;24,6;1015;46;'26.07.2023 16:14:48.980;;
644;510,891;-2883,330;-329,455;0,000;0,000;0,000;0,000;RRR 1.5in;24,6;1015;46;'26.07.2023 16:14:48.990;;
645;510,824;-2884,467;-329,462;0,000;0,000;0,000;0,000;RRR 1.5in;24,6;1015;46;'26.07.2023 16:14:49.000;;
646;510,766;-2885,589;-329,460;0,000;0,000;0,000;0,000;RRR 1.5in;24,6;1015;46;'26.07.2023 16:14:49.010;;
647;510,700;-2886,736;-329,465;0,000;0,000;0,000;0,000;RRR 1.5in;24,6;1015;46;'26.07.2023 16:14:49.020;;
648;510,625;-2887,885;-329,465;0,000;0,000;0,000;0,000;RRR 1.5in;24,6;1015;46;'26.07.2023 16:14:49.030;;
649;510,559;-2889,009;-329,458;0,000;0,000;0,000;0,000;RRR 1.5in;24,6;1015;46;'26.07.2023 16:14:49.040;;
650;510,495;-2890,141;-329,448;0,000;0,000;0,000;0,000;RRR 1.5in;24,6;1015;46;'26.07.2023 16:14:49.050;;
651;510,421;-2891,310;-329,448;0,000;0,000;0,000;0,000;RRR 1.5in;24,6;1015;46;'26.07.2023 16:14:49.060;;
652;510,354;-2892,472;-329,450;0,000;0,000;0,000;0,000;RRR 1.5in;24,6;1015;46;'26.07.2023 16:14:49.070;;
653;510,290;-2893,608;-329,452;0,000;0,000;0,000;0,000;RRR 1.5in;24,6;1015;46;'26.07.2023 16:14:49.080;;
654;510,222;-2894,734;-329,452;0,000;0,000;0,000;0,000;RRR 1.5in;24,6;1015;46;'26.07.2023 16:14:49.090;;
655;510,134;-2895,867;-329,454;0,000;0,000;0,000;0,000;RRR 1.5in;24,6;1015;46;'26.07.2023 16:14:49.100;;
656;510,066;-2897,007;-329,469;0,000;0,000;0,000;0,000;RRR 1.5in;24,6;1015;46;'26.07.2023 16:14:49.110;;
657;510,016;-2898,149;-329,479;0,000;0,000;0,000;0,000;RRR 1.5in;24,6;1015;46;'26.07.2023 16:14:49.120;;
658;509,938;-2899,292;-329,478;0,000;0,000;0,000;0,000;RRR 1.5in;24,6;1015;46;'26.07.2023 16:14:49.130;;
659;509,866;-2900,439;-329,473;0,000;0,000;0,000;0,000;RRR 1.5in;24,6;1015;46;'26.07.2023 16:14:49.140;;
660;509,806;-2901,583;-329,470;0,000;0,000;0,000;0,000;RRR 1.5in;24,6;1015;46;'26.07.2023 16:14:49.150;;
661;509,755;-2902,728;-329,469;0,000;0,000;0,000;0,000;RRR 1.5in;24,6;1015;46;'26.07.2023 16:14:49.160;;
662;509,672;-2903,865;-329,463;0,000;0,000;0,000;0,000;RRR 1.5in;24,6;1015;46;'26.07.2023 16:14:49.170;;
663;509,611;-2904,990;-329,445;0,000;0,000;0,000;0,000;RRR 1.5in;24,6;1015;46;'26.07.2023 16:14:49.180;;
664;509,561;-2906,133;-329,443;0,000;0,000;0,000;0,000;RRR 1.5in;24,6;1015;46;'26.07.2023 16:14:49.190;;
665;509,480;-2907,293;-329,456;0,000;0,000;0,000;0,000;RRR 1.5in;24,6;1015;46;'26.07.2023 16:14:49.200;;
666;509,406;-2908,437;-329,459;0,000;0,000;0,000;0,000;RRR 1.5in;24,6;1015;46;'26.07.2023 16:14:49.210;;
667;509,339;-2909,553;-329,447;0,000;0,000;0,000;0,000;RRR 1.5in;24,6;1015;46;'26.07.2023 16:14:49.220;;
668;509,279;-2910,699;-329,451;0,000;0,000;0,000;0,000;RRR 1.5in;24,6;1015;46;'26.07.2023 16:14:49.230;;
669;509,196;-2911,866;-329,461;0,000;0,000;0,000;0,000;RRR 1.5in;24,6;1015;46;'26.07.2023 16:14:49.240;;
670;509,142;-2913,010;-329,450;0,000;0,000;0,000;0,000;RRR 1.5in;24,6;1015;46;'26.07.2023 16:14:49.250;;
671;509,082;-2914,138;-329,433;0,000;0,000;0,000;0,000;RRR 1.5in;24,6;1015;46;'26.07.2023 16:14:49.260;;
672;509,011;-2915,291;-329,424;0,000;0,000;0,000;0,000;RRR 1.5in;24,6;1015;46;'26.07.2023 16:14:49.270;;
673;508,943;-2916,443;-329,407;0,000;0,000;0,000;0,000;RRR 1.5in;24,6;1015;46;'26.07.2023 16:14:49.280;;
674;508,890;-2917,585;-329,384;0,000;0,000;0,000;0,000;RRR 1.5in;24,6;1015;46;'26.07.2023 16:14:49.290;;
675;508,833;-2918,732;-329,369;0,000;0,000;0,000;0,000;RRR 1.5in;24,6;1015;46;'26.07.2023 16:14:49.300;;
676;508,747;-2919,879;-329,360;0,000;0,000;0,000;0,000;RRR 1.5in;24,6;1015;46;'26.07.2023 16:14:49.310;;
677;508,683;-2921,017;-329,343;0,000;0,000;0,000;0,000;RRR 1.5in;24,6;1015;46;'26.07.2023 16:14:49.320;;
678;508,632;-2922,168;-329,339;0,000;0,000;0,000;0,000;RRR 1.5in;24,6;1015;46;'26.07.2023 16:14:49.330;;
679;508,564;-2923,324;-329,351;0,000;0,000;0,000;0,000;RRR 1.5in;24,6;1015;46;'26.07.2023 16:14:49.340;;
680;508,478;-2924,442;-329,340;0,000;0,000;0,000;0,000;RRR 1.5in;24,6;1015;46;'26.07.2023 16:14:49.350;;
681;508,429;-2925,565;-329,331;0,000;0,000;0,000;0,000;RRR 1.5in;24,6;1015;46;'26.07.2023 16:14:49.360;;
682;508,361;-2926,725;-329,344;0,000;0,000;0,000;0,000;RRR 1.5in;24,6;1015;46;'26.07.2023 16:14:49.370;;
683;508,272;-2927,879;-329,351;0,000;0,000;0,000;0,000;RRR 1.5in;24,6;1015;46;'26.07.2023 16:14:49.380;;
684;508,211;-2929,002;-329,336;0,000;0,000;0,000;0,000;RRR 1.5in;24,6;1015;46;'26.07.2023 16:14:49.390;;
685;508,155;-2930,129;-329,319;0,000;0,000;0,000;0,000;RRR 1.5in;24,6;1015;46;'26.07.2023 16:14:49.400;;
686;508,082;-2931,292;-329,324;0,000;0,000;0,000;0,000;RRR 1.5in;24,6;1015;46;'26.07.2023 16:14:49.410;;
687;508,006;-2932,446;-329,320;0,000;0,000;0,000;0,000;RRR 1.5in;24,6;1015;46;'26.07.2023 16:14:49.420;;
688;507,952;-2933,574;-329,304;0,000;0,000;0,000;0,000;RRR 1.5in;24,6;1015;46;'26.07.2023 16:14:49.430;;
689;507,891;-2934,707;-329,293;0,000;0,000;0,000;0,000;RRR 1.5in;24,6;1015;46;'26.07.2023 16:14:49.440;;
690;507,820;-2935,853;-329,294;0,000;0,000;0,000;0,000;RRR 1.5in;24,6;1015;46;'26.07.2023 16:14:49.450;;
691;507,768;-2936,989;-329,292;0,000;0,000;0,000;0,000;RRR 1.5in;24,6;1015;46;'26.07.2023 16:14:49.460;;
692;507,714;-2938,117;-329,281;0,000;0,000;0,000;0,000;RRR 1.5in;24,6;1015;46;'26.07.2023 16:14:49.470;;
693;507,635;-2939,266;-329,282;0,000;0,000;0,000;0,000;RRR 1.5in;24,6;1015;46;'26.07.2023 16:14:49.480;;
694;507,564;-2940,419;-329,281;0,000;0,000;0,000;0,000;RRR 1.5in;24,6;1015;46;'26.07.2023 16:14:49.490;;
695;507,506;-2941,562;-329,280;0,000;0,000;0,000;0,000;RRR 1.5in;24,6;1015;46;'26.07.2023 16:14:49.500;;
696;507,437;-2942,708;-329,278;0,000;0,000;0,000;0,000;RRR 1.5in;24,6;1015;46;'26.07.2023 16:14:49.510;;
697;507,352;-2943,848;-329,276;0,000;0,000;0,000;0,000;RRR 1.5in;24,6;1015;46;'26.07.2023 16:14:49.520;;
698;507,285;-2944,984;-329,271;0,000;0,000;0,000;0,000;RRR 1.5in;24,6;1015;46;'26.07.2023 16:14:49.530;;
699;507,233;-2946,132;-329,270;0,000;0,000;0,000;0,000;RRR 1.5in;24,6;1015;46;'26.07.2023 16:14:49.540;;
700;507,160;-2947,286;-329,266;0,000;0,000;0,000;0,000;RRR 1.5in;24,6;1015;46;'26.07.2023 16:14:49.550;;
701;507,094;-2948,418;-329,250;0,000;0,000;0,000;0,000;RRR 1.5in;24,6;1015;46;'26.07.2023 16:14:49.560;;
702;507,053;-2949,545;-329,236;0,000;0,000;0,000;0,000;RRR 1.5in;24,6;1015;46;'26.07.2023 16:14:49.570;;
703;506,987;-2950,689;-329,234;0,000;0,000;0,000;0,000;RRR 1.5in;24,6;1015;46;'26.07.2023 16:14:49.580;;
704;506,909;-2951,829;-329,226;0,000;0,000;0,000;0,000;RRR 1.5in;24,6;1015;46;'26.07.2023 16:14:49.590;;
705;506,848;-2952,960;-329,212;0,000;0,000;0,000;0,000;RRR 1.5in;24,6;1015;46;'26.07.2023 16:14:49.600;;
706;506,785;-2954,111;-329,212;0,000;0,000;0,000;0,000;RRR 1.5in;24,6;1015;46;'26.07.2023 16:14:49.610;;
707;506,710;-2955,266;-329,214;0,000;0,000;0,000;0,000;RRR 1.5in;24,6;1015;46;'26.07.2023 16:14:49.620;;
708;506,638;-2956,405;-329,207;0,000;0,000;0,000;0,000;RRR 1.5in;24,6;1015;46;'26.07.2023 16:14:49.630;;
709;506,576;-2957,541;-329,203;0,000;0,000;0,000;0,000;RRR 1.5in;24,6;1015;46;'26.07.2023 16:14:49.640;;
710;506,500;-2958,690;-329,205;0,000;0,000;0,000;0,000;RRR 1.5in;24,6;1015;46;'26.07.2023 16:14:49.650;;
711;506,429;-2959,838;-329,203;0,000;0,000;0,000;0,000;RRR 1.5in;24,6;1015;46;'26.07.2023 16:14:49.660;;
712;506,386;-2960,966;-329,184;0,000;0,000;0,000;0,000;RRR 1.5in;24,6;1015;46;'26.07.2023 16:14:49.670;;
713;506,331;-2962,103;-329,173;0,000;0,000;0,000;0,000;RRR 1.5in;24,6;1015;46;'26.07.2023 16:14:49.680;;
714;506,248;-2963,250;-329,163;0,000;0,000;0,000;0,000;RRR 1.5in;24,6;1015;46;'26.07.2023 16:14:49.690;;
715;506,193;-2964,399;-329,152;0,000;0,000;0,000;0,000;RRR 1.5in;24,6;1015;46;'26.07.2023 16:14:49.700;;
716;506,138;-2965,542;-329,141;0,000;0,000;0,000;0,000;RRR 1.5in;24,6;1015;46;'26.07.2023 16:14:49.710;;
717;506,068;-2966,687;-329,134;0,000;0,000;0,000;0,000;RRR 1.5in;24,6;1015;46;'26.07.2023 16:14:49.720;;
718;506,008;-2967,832;-329,131;0,000;0,000;0,000;0,000;RRR 1.5in;24,6;1015;46;'26.07.2023 16:14:49.730;;
719;505,957;-2968,973;-329,133;0,000;0,000;0,000;0,000;RRR 1.5in;24,6;1015;46;'26.07.2023 16:14:49.740;;
720;505,880;-2970,117;-329,139;0,000;0,000;0,000;0,000;RRR 1.5in;24,6;1015;46;'26.07.2023 16:14:49.750;;
721;505,803;-2971,254;-329,139;0,000;0,000;0,000;0,000;RRR 1.5in;24,6;1015;46;'26.07.2023 16:14:49.760;;
722;505,756;-2972,379;-329,129;0,000;0,000;0,000;0,000;RRR 1.5in;24,6;1015;46;'26.07.2023 16:14:49.770;;
723;505,705;-2973,517;-329,127;0,000;0,000;0,000;0,000;RRR 1.5in;24,6;1015;46;'26.07.2023 16:14:49.780;;
724;505,628;-2974,664;-329,123;0,000;0,000;0,000;0,000;RRR 1.5in;24,6;1015;46;'26.07.2023 16:14:49.790;;
725;505,562;-2975,805;-329,116;0,000;0,000;0,000;0,000;RRR 1.5in;24,6;1015;46;'26.07.2023 16:14:49.800;;
726;505,499;-2976,938;-329,104;0,000;0,000;0,000;0,000;RRR 1.5in;24,6;1015;46;'26.07.2023 16:14:49.810;;
727;505,434;-2978,083;-329,091;0,000;0,000;0,000;0,000;RRR 1.5in;24,6;1015;46;'26.07.2023 16:14:49.820;;
728;505,375;-2979,236;-329,088;0,000;0,000;0,000;0,000;RRR 1.5in;24,6;1015;46;'26.07.2023 16:14:49.830;;
729;505,312;-2980,377;-329,089;0,000;0,000;0,000;0,000;RRR 1.5in;24,6;1015;46;'26.07.2023 16:14:49.840;;
730;505,244;-2981,504;-329,081;0,000;0,000;0,000;0,000;RRR 1.5in;24,6;1015;46;'26.07.2023 16:14:49.850;;
731;505,185;-2982,639;-329,076;0,000;0,000;0,000;0,000;RRR 1.5in;24,6;1015;46;'26.07.2023 16:14:49.860;;
732;505,119;-2983,785;-329,076;0,000;0,000;0,000;0,000;RRR 1.5in;24,6;1015;46;'26.07.2023 16:14:49.870;;
733;505,055;-2984,933;-329,070;0,000;0,000;0,000;0,000;RRR 1.5in;24,6;1015;46;'26.07.2023 16:14:49.880;;
734;504,984;-2986,073;-329,054;0,000;0,000;0,000;0,000;RRR 1.5in;24,6;1015;46;'26.07.2023 16:14:49.890;;
735;504,915;-2987,214;-329,036;0,000;0,000;0,000;0,000;RRR 1.5in;24,6;1015;46;'26.07.2023 16:14:49.900;;
736;504,849;-2988,367;-329,025;0,000;0,000;0,000;0,000;RRR 1.5in;24,6;1015;46;'26.07.2023 16:14:49.910;;
737;504,779;-2989,518;-329,010;0,000;0,000;0,000;0,000;RRR 1.5in;24,6;1015;46;'26.07.2023 16:14:49.920;;
738;504,723;-2990,670;-328,990;0,000;0,000;0,000;0,000;RRR 1.5in;24,6;1015;46;'26.07.2023 16:14:49.930;;
739;504,654;-2991,833;-328,988;0,000;0,000;0,000;0,000;RRR 1.5in;24,6;1015;46;'26.07.2023 16:14:49.940;;
740;504,587;-2992,978;-328,983;0,000;0,000;0,000;0,000;RRR 1.5in;24,6;1015;46;'26.07.2023 16:14:49.950;;
741;504,529;-2994,106;-328,972;0,000;0,000;0,000;0,000;RRR 1.5in;24,6;1015;46;'26.07.2023 16:14:49.960;;
742;504,464;-2995,247;-328,972;0,000;0,000;0,000;0,000;RRR 1.5in;24,6;1015;46;'26.07.2023 16:14:49.970;;
743;504,395;-2996,393;-328,977;0,000;0,000;0,000;0,000;RRR 1.5in;24,6;1015;46;'26.07.2023 16:14:49.980;;
744;504,341;-2997,529;-328,974;0,000;0,000;0,000;0,000;RRR 1.5in;24,6;1015;46;'26.07.2023 16:14:49.990;;
745;504,274;-2998,670;-328,967;0,000;0,000;0,000;0,000;RRR 1.5in;24,6;1015;46;'26.07.2023 16:14:50.000;;
746;504,198;-2999,822;-328,968;0,000;0,000;0,000;0,000;RRR 1.5in;24,6;1015;46;'26.07.2023 16:14:50.010;;
747;504,136;-3000,966;-328,965;0,000;0,000;0,000;0,000;RRR 1.5in;24,6;1015;46;'26.07.2023 16:14:50.020;;
748;504,067;-3002,105;-328,959;0,000;0,000;0,000;0,000;RRR 1.5in;24,6;1015;46;'26.07.2023 16:14:50.030;;
749;503,985;-3003,243;-328,957;0,000;0,000;0,000;0,000;RRR 1.5in;24,6;1015;46;'26.07.2023 16:14:50.040;;
750;503,913;-3004,375;-328,958;0,000;0,000;0,000;0,000;RRR 1.5in;24,6;1015;46;'26.07.2023 16:14:50.050;;
751;503,860;-3005,514;-328,963;0,000;0,000;0,000;0,000;RRR 1.5in;24,6;1015;46;'26.07.2023 16:14:50.060;;
752;503,798;-3006,660;-328,971;0,000;0,000;0,000;0,000;RRR 1.5in;24,6;1015;46;'26.07.2023 16:14:50.070;;
753;503,726;-3007,800;-328,981;0,000;0,000;0,000;0,000;RRR 1.5in;24,6;1015;46;'26.07.2023 16:14:50.080;;
754;503,665;-3008,934;-328,988;0,000;0,000;0,000;0,000;RRR 1.5in;24,6;1015;46;'26.07.2023 16:14:50.090;;
755;503,581;-3010,064;-328,990;0,000;0,000;0,000;0,000;RRR 1.5in;24,6;1015;46;'26.07.2023 16:14:50.100;;
756;503,515;-3011,206;-328,998;0,000;0,000;0,000;0,000;RRR 1.5in;24,6;1015;46;'26.07.2023 16:14:50.110;;
757;503,467;-3012,351;-328,996;0,000;0,000;0,000;0,000;RRR 1.5in;24,6;1015;46;'26.07.2023 16:14:50.120;;
758;503,396;-3013,510;-328,994;0,000;0,000;0,000;0,000;RRR 1.5in;24,6;1015;46;'26.07.2023 16:14:50.130;;
759;503,308;-3014,667;-328,990;0,000;0,000;0,000;0,000;RRR 1.5in;24,6;1015;46;'26.07.2023 16:14:50.140;;
760;503,250;-3015,817;-328,981;0,000;0,000;0,000;0,000;RRR 1.5in;24,6;1015;46;'26.07.2023 16:14:50.150;;
761;503,191;-3016,961;-328,966;0,000;0,000;0,000;0,000;RRR 1.5in;24,6;1015;46;'26.07.2023 16:14:50.160;;
762;503,111;-3018,103;-328,952;0,000;0,000;0,000;0,000;RRR 1.5in;24,6;1015;46;'26.07.2023 16:14:50.170;;
763;503,063;-3019,250;-328,942;0,000;0,000;0,000;0,000;RRR 1.5in;24,6;1015;46;'26.07.2023 16:14:50.180;;
764;503,015;-3020,399;-328,934;0,000;0,000;0,000;0,000;RRR 1.5in;24,6;1015;46;'26.07.2023 16:14:50.190;;
765;502,937;-3021,544;-328,924;0,000;0,000;0,000;0,000;RRR 1.5in;24,6;1015;46;'26.07.2023 16:14:50.200;;
766;502,872;-3022,690;-328,915;0,000;0,000;0,000;0,000;RRR 1.5in;24,6;1015;46;'26.07.2023 16:14:50.210;;
767;502,810;-3023,834;-328,908;0,000;0,000;0,000;0,000;RRR 1.5in;24,6;1015;46;'26.07.2023 16:14:50.220;;
768;502,728;-3024,972;-328,900;0,000;0,000;0,000;0,000;RRR 1.5in;24,6;1015;46;'26.07.2023 16:14:50.230;;
769;502,674;-3026,110;-328,890;0,000;0,000;0,000;0,000;RRR 1.5in;24,6;1015;46;'26.07.2023 16:14:50.240;;
770;502,617;-3027,252;-328,884;0,000;0,000;0,000;0,000;RRR 1.5in;24,6;1015;46;'26.07.2023 16:14:50.250;;
771;502,535;-3028,401;-328,877;0,000;0,000;0,000;0,000;RRR 1.5in;24,6;1015;46;'26.07.2023 16:14:50.260;;
772;502,470;-3029,560;-328,870;0,000;0,000;0,000;0,000;RRR 1.5in;24,6;1015;46;'26.07.2023 16:14:50.270;;
773;502,411;-3030,708;-328,858;0,000;0,000;0,000;0,000;RRR 1.5in;24,6;1015;46;'26.07.2023 16:14:50.280;;
774;502,341;-3031,841;-328,845;0,000;0,000;0,000;0,000;RRR 1.5in;24,6;1015;46;'26.07.2023 16:14:50.290;;
775;502,262;-3032,976;-328,838;0,000;0,000;0,000;0,000;RRR 1.5in;24,6;1015;46;'26.07.2023 16:14:50.300;;
776;502,204;-3034,124;-328,831;0,000;0,000;0,000;0,000;RRR 1.5in;24,6;1015;46;'26.07.2023 16:14:50.310;;
777;502,133;-3035,282;-328,826;0,000;0,000;0,000;0,000;RRR 1.5in;24,6;1015;46;'26.07.2023 16:14:50.320;;
778;502,059;-3036,445;-328,826;0,000;0,000;0,000;0,000;RRR 1.5in;24,6;1015;46;'26.07.2023 16:14:50.330;;
779;501,998;-3037,598;-328,825;0,000;0,000;0,000;0,000;RRR 1.5in;24,6;1015;46;'26.07.2023 16:14:50.340;;
780;501,934;-3038,737;-328,828;0,000;0,000;0,000;0,000;RRR 1.5in;24,6;1015;46;'26.07.2023 16:14:50.350;;
781;501,861;-3039,871;-328,831;0,000;0,000;0,000;0,000;RRR 1.5in;24,6;1015;46;'26.07.2023 16:14:50.360;;
782;501,813;-3041,007;-328,831;0,000;0,000;0,000;0,000;RRR 1.5in;24,6;1015;46;'26.07.2023 16:14:50.370;;
783;501,745;-3042,141;-328,824;0,000;0,000;0,000;0,000;RRR 1.5in;24,6;1015;46;'26.07.2023 16:14:50.380;;
784;501,675;-3043,289;-328,822;0,000;0,000;0,000;0,000;RRR 1.5in;24,6;1015;46;'26.07.2023 16:14:50.390;;
785;501,626;-3044,451;-328,824;0,000;0,000;0,000;0,000;RRR 1.5in;24,6;1015;46;'26.07.2023 16:14:50.400;;
786;501,563;-3045,596;-328,820;0,000;0,000;0,000;0,000;RRR 1.5in;24,6;1015;46;'26.07.2023 16:14:50.410;;
787;501,490;-3046,718;-328,804;0,000;0,000;0,000;0,000;RRR 1.5in;24,6;1015;46;'26.07.2023 16:14:50.420;;
788;501,435;-3047,854;-328,800;0,000;0,000;0,000;0,000;RRR 1.5in;24,6;1015;46;'26.07.2023 16:14:50.430;;
789;501,364;-3049,009;-328,812;0,000;0,000;0,000;0,000;RRR 1.5in;24,6;1015;46;'26.07.2023 16:14:50.440;;
790;501,278;-3050,152;-328,819;0,000;0,000;0,000;0,000;RRR 1.5in;24,6;1015;46;'26.07.2023 16:14:50.450;;
791;501,220;-3051,292;-328,822;0,000;0,000;0,000;0,000;RRR 1.5in;24,6;1015;46;'26.07.2023 16:14:50.460;;
792;501,157;-3052,435;-328,829;0,000;0,000;0,000;0,000;RRR 1.5in;24,6;1015;46;'26.07.2023 16:14:50.470;;
793;501,084;-3053,575;-328,837;0,000;0,000;0,000;0,000;RRR 1.5in;24,6;1015;46;'26.07.2023 16:14:50.480;;
794;501,038;-3054,719;-328,845;0,000;0,000;0,000;0,000;RRR 1.5in;24,6;1015;46;'26.07.2023 16:14:50.490;;
795;500,985;-3055,846;-328,839;0,000;0,000;0,000;0,000;RRR 1.5in;24,6;1015;46;'26.07.2023 16:14:50.500;;
796;500,907;-3056,972;-328,824;0,000;0,000;0,000;0,000;RRR 1.5in;24,6;1015;46;'26.07.2023 16:14:50.510;;
797;500,847;-3058,125;-328,811;0,000;0,000;0,000;0,000;RRR 1.5in;24,6;1015;46;'26.07.2023 16:14:50.520;;
798;500,800;-3059,286;-328,801;0,000;0,000;0,000;0,000;RRR 1.5in;24,6;1015;46;'26.07.2023 16:14:50.530;;
799;500,725;-3060,437;-328,788;0,000;0,000;0,000;0,000;RRR 1.5in;24,6;1015;46;'26.07.2023 16:14:50.540;;
800;500,662;-3061,589;-328,775;0,000;0,000;0,000;0,000;RRR 1.5in;24,6;1015;46;'26.07.2023 16:14:50.550;;
801;500,604;-3062,733;-328,761;0,000;0,000;0,000;0,000;RRR 1.5in;24,6;1015;46;'26.07.2023 16:14:50.560;;
802;500,522;-3063,876;-328,755;0,000;0,000;0,000;0,000;RRR 1.5in;24,6;1015;46;'26.07.2023 16:14:50.570;;
803;500,469;-3065,031;-328,757;0,000;0,000;0,000;0,000;RRR 1.5in;24,6;1015;46;'26.07.2023 16:14:50.580;;
804;500,400;-3066,170;-328,752;0,000;0,000;0,000;0,000;RRR 1.5in;24,6;1015;46;'26.07.2023 16:14:50.590;;
805;500,322;-3067,296;-328,739;0,000;0,000;0,000;0,000;RRR 1.5in;24,6;1015;46;'26.07.2023 16:14:50.600;;
806;500,286;-3068,448;-328,743;0,000;0,000;0,000;0,000;RRR 1.5in;24,6;1015;46;'26.07.2023 16:14:50.610;;
807;500,241;-3069,597;-328,748;0,000;0,000;0,000;0,000;RRR 1.5in;24,6;1015;46;'26.07.2023 16:14:50.620;;
808;500,176;-3070,711;-328,734;0,000;0,000;0,000;0,000;RRR 1.5in;24,6;1015;46;'26.07.2023 16:14:50.630;;
809;500,112;-3071,844;-328,731;0,000;0,000;0,000;0,000;RRR 1.5in;24,6;1015;46;'26.07.2023 16:14:50.640;;
810;500,039;-3072,997;-328,737;0,000;0,000;0,000;0,000;RRR 1.5in;24,6;1015;46;'26.07.2023 16:14:50.650;;
811;499,971;-3074,136;-328,731;0,000;0,000;0,000;0,000;RRR 1.5in;24,6;1015;46;'26.07.2023 16:14:50.660;;
812;499,907;-3075,285;-328,727;0,000;0,000;0,000;0,000;RRR 1.5in;24,6;1015;46;'26.07.2023 16:14:50.670;;
813;499,840;-3076,426;-328,723;0,000;0,000;0,000;0,000;RRR 1.5in;24,6;1015;46;'26.07.2023 16:14:50.680;;
814;499,755;-3077,565;-328,720;0,000;0,000;0,000;0,000;RRR 1.5in;24,6;1015;46;'26.07.2023 16:14:50.690;;
815;499,690;-3078,720;-328,724;0,000;0,000;0,000;0,000;RRR 1.5in;24,6;1015;46;'26.07.2023 16:14:50.700;;
816;499,630;-3079,865;-328,727;0,000;0,000;0,000;0,000;RRR 1.5in;24,6;1015;46;'26.07.2023 16:14:50.710;;
817;499,555;-3080,988;-328,720;0,000;0,000;0,000;0,000;RRR 1.5in;24,6;1015;46;'26.07.2023 16:14:50.720;;
818;499,491;-3082,132;-328,728;0,000;0,000;0,000;0,000;RRR 1.5in;24,6;1015;46;'26.07.2023 16:14:50.730;;
819;499,429;-3083,270;-328,733;0,000;0,000;0,000;0,000;RRR 1.5in;24,6;1015;46;'26.07.2023 16:14:50.740;;
820;499,366;-3084,390;-328,724;0,000;0,000;0,000;0,000;RRR 1.5in;24,6;1015;46;'26.07.2023 16:14:50.750;;
821;499,313;-3085,530;-328,722;0,000;0,000;0,000;0,000;RRR 1.5in;24,6;1015;46;'26.07.2023 16:14:50.760;;
822;499,246;-3086,683;-328,724;0,000;0,000;0,000;0,000;RRR 1.5in;24,6;1015;46;'26.07.2023 16:14:50.770;;
823;499,172;-3087,814;-328,710;0,000;0,000;0,000;0,000;RRR 1.5in;24,6;1015;46;'26.07.2023 16:14:50.780;;
824;499,115;-3088,966;-328,695;0,000;0,000;0,000;0,000;RRR 1.5in;24,6;1015;46;'26.07.2023 16:14:50.790;;
825;499,050;-3090,123;-328,684;0,000;0,000;0,000;0,000;RRR 1.5in;24,6;1015;46;'26.07.2023 16:14:50.800;;
826;498,980;-3091,264;-328,665;0,000;0,000;0,000;0,000;RRR 1.5in;24,6;1015;46;'26.07.2023 16:14:50.810;;
827;498,915;-3092,414;-328,660;0,000;0,000;0,000;0,000;RRR 1.5in;24,6;1015;46;'26.07.2023 16:14:50.820;;
828;498,839;-3093,563;-328,664;0,000;0,000;0,000;0,000;RRR 1.5in;24,6;1015;46;'26.07.2023 16:14:50.830;;
829;498,775;-3094,688;-328,657;0,000;0,000;0,000;0,000;RRR 1.5in;24,6;1015;46;'26.07.2023 16:14:50.840;;
830;498,708;-3095,838;-328,669;0,000;0,000;0,000;0,000;RRR 1.5in;24,6;1015;46;'26.07.2023 16:14:50.850;;
831;498,617;-3096,987;-328,684;0,000;0,000;0,000;0,000;RRR 1.5in;24,6;1015;46;'26.07.2023 16:14:50.860;;
832;498,553;-3098,117;-328,686;0,000;0,000;0,000;0,000;RRR 1.5in;24,6;1015;46;'26.07.2023 16:14:50.870;;
833;498,496;-3099,256;-328,693;0,000;0,000;0,000;0,000;RRR 1.5in;24,6;1015;46;'26.07.2023 16:14:50.880;;
834;498,428;-3100,403;-328,704;0,000;0,000;0,000;0,000;RRR 1.5in;24,6;1015;46;'26.07.2023 16:14:50.890;;
835;498,355;-3101,536;-328,702;0,000;0,000;0,000;0,000;RRR 1.5in;24,6;1015;46;'26.07.2023 16:14:50.900;;
836;498,289;-3102,680;-328,706;0,000;0,000;0,000;0,000;RRR 1.5in;24,6;1015;46;'26.07.2023 16:14:50.910;;
837;498,221;-3103,817;-328,709;0,000;0,000;0,000;0,000;RRR 1.5in;24,6;1015;46;'26.07.2023 16:14:50.920;;
838;498,155;-3104,949;-328,709;0,000;0,000;0,000;0,000;RRR 1.5in;24,6;1015;46;'26.07.2023 16:14:50.930;;
839;498,086;-3106,090;-328,710;0,000;0,000;0,000;0,000;RRR 1.5in;24,6;1015;46;'26.07.2023 16:14:50.940;;
840;498,009;-3107,242;-328,716;0,000;0,000;0,000;0,000;RRR 1.5in;24,6;1015;46;'26.07.2023 16:14:50.950;;
841;497,946;-3108,403;-328,723;0,000;0,000;0,000;0,000;RRR 1.5in;24,6;1015;46;'26.07.2023 16:14:50.960;;
842;497,876;-3109,562;-328,729;0,000;0,000;0,000;0,000;RRR 1.5in;24,6;1015;46;'26.07.2023 16:14:50.970;;
843;497,792;-3110,703;-328,729;0,000;0,000;0,000;0,000;RRR 1.5in;24,6;1015;46;'26.07.2023 16:14:50.980;;
844;497,722;-3111,846;-328,725;0,000;0,000;0,000;0,000;RRR 1.5in;24,6;1015;46;'26.07.2023 16:14:50.990;;
845;497,649;-3112,995;-328,722;0,000;0,000;0,000;0,000;RRR 1.5in;24,6;1015;46;'26.07.2023 16:14:51.000;;
846;497,589;-3114,152;-328,719;0,000;0,000;0,000;0,000;RRR 1.5in;24,6;1015;46;'26.07.2023 16:14:51.010;;
847;497,538;-3115,316;-328,721;0,000;0,000;0,000;0,000;RRR 1.5in;24,6;1015;46;'26.07.2023 16:14:51.020;;
848;497,466;-3116,455;-328,713;0,000;0,000;0,000;0,000;RRR 1.5in;24,6;1015;46;'26.07.2023 16:14:51.030;;
849;497,396;-3117,583;-328,701;0,000;0,000;0,000;0,000;RRR 1.5in;24,6;1015;46;'26.07.2023 16:14:51.040;;
850;497,335;-3118,718;-328,692;0,000;0,000;0,000;0,000;RRR 1.5in;24,6;1015;46;'26.07.2023 16:14:51.050;;
851;497,288;-3119,865;-328,688;0,000;0,000;0,000;0,000;RRR 1.5in;24,6;1015;46;'26.07.2023 16:14:51.060;;
852;497,211;-3121,014;-328,682;0,000;0,000;0,000;0,000;RRR 1.5in;24,6;1015;46;'26.07.2023 16:14:51.070;;
853;497,132;-3122,166;-328,670;0,000;0,000;0,000;0,000;RRR 1.5in;24,6;1015;46;'26.07.2023 16:14:51.080;;
854;497,061;-3123,308;-328,646;0,000;0,000;0,000;0,000;RRR 1.5in;24,6;1015;46;'26.07.2023 16:14:51.090;;
855;496,990;-3124,475;-328,639;0,000;0,000;0,000;0,000;RRR 1.5in;24,6;1015;46;'26.07.2023 16:14:51.100;;
856;496,907;-3125,636;-328,636;0,000;0,000;0,000;0,000;RRR 1.5in;24,6;1015;46;'26.07.2023 16:14:51.110;;
857;496,829;-3126,753;-328,605;0,000;0,000;0,000;0,000;RRR 1.5in;24,6;1015;46;'26.07.2023 16:14:51.120;;
858;496,769;-3127,891;-328,583;0,000;0,000;0,000;0,000;RRR 1.5in;24,6;1015;46;'26.07.2023 16:14:51.130;;
859;496,710;-3129,068;-328,580;0,000;0,000;0,000;0,000;RRR 1.5in;24,6;1015;46;'26.07.2023 16:14:51.140;;
860;496,662;-3130,231;-328,571;0,000;0,000;0,000;0,000;RRR 1.5in;24,6;1015;46;'26.07.2023 16:14:51.150;;
861;496,599;-3131,357;-328,552;0,000;0,000;0,000;0,000;RRR 1.5in;24,6;1015;46;'26.07.2023 16:14:51.160;;
862;496,537;-3132,473;-328,539;0,000;0,000;0,000;0,000;RRR 1.5in;24,6;1015;46;'26.07.2023 16:14:51.170;;
863;496,474;-3133,604;-328,537;0,000;0,000;0,000;0,000;RRR 1.5in;24,6;1015;46;'26.07.2023 16:14:51.180;;
864;496,426;-3134,768;-328,551;0,000;0,000;0,000;0,000;RRR 1.5in;24,6;1015;46;'26.07.2023 16:14:51.190;;
865;496,343;-3135,919;-328,555;0,000;0,000;0,000;0,000;RRR 1.5in;24,6;1015;46;'26.07.2023 16:14:51.200;;
866;496,267;-3137,062;-328,553;0,000;0,000;0,000;0,000;RRR 1.5in;24,6;1015;46;'26.07.2023 16:14:51.210;;
867;496,179;-3138,215;-328,557;0,000;0,000;0,000;0,000;RRR 1.5in;24,6;1015;46;'26.07.2023 16:14:51.220;;
868;496,098;-3139,376;-328,566;0,000;0,000;0,000;0,000;RRR 1.5in;24,6;1015;46;'26.07.2023 16:14:51.230;;
869;496,031;-3140,530;-328,572;0,000;0,000;0,000;0,000;RRR 1.5in;24,6;1015;46;'26.07.2023 16:14:51.240;;
870;495,943;-3141,659;-328,564;0,000;0,000;0,000;0,000;RRR 1.5in;24,6;1015;46;'26.07.2023 16:14:51.250;;
871;495,874;-3142,786;-328,549;0,000;0,000;0,000;0,000;RRR 1.5in;24,6;1015;46;'26.07.2023 16:14:51.260;;
872;495,809;-3143,946;-328,553;0,000;0,000;0,000;0,000;RRR 1.5in;24,6;1015;46;'26.07.2023 16:14:51.270;;
873;495,747;-3145,097;-328,556;0,000;0,000;0,000;0,000;RRR 1.5in;24,6;1015;46;'26.07.2023 16:14:51.280;;
874;495,690;-3146,216;-328,551;0,000;0,000;0,000;0,000;RRR 1.5in;24,6;1015;46;'26.07.2023 16:14:51.290;;
875;495,639;-3147,327;-328,544;0,000;0,000;0,000;0,000;RRR 1.5in;24,6;1015;46;'26.07.2023 16:14:51.300;;
876;495,573;-3148,460;-328,550;0,000;0,000;0,000;0,000;RRR 1.5in;24,6;1015;46;'26.07.2023 16:14:51.310;;
877;495,501;-3149,607;-328,557;0,000;0,000;0,000;0,000;RRR 1.5in;24,6;1015;46;'26.07.2023 16:14:51.320;;
878;495,446;-3150,755;-328,559;0,000;0,000;0,000;0,000;RRR 1.5in;24,6;1015;46;'26.07.2023 16:14:51.330;;
879;495,369;-3151,886;-328,549;0,000;0,000;0,000;0,000;RRR 1.5in;24,6;1015;46;'26.07.2023 16:14:51.340;;
880;495,307;-3153,037;-328,543;0,000;0,000;0,000;0,000;RRR 1.5in;24,6;1015;46;'26.07.2023 16:14:51.350;;
881;495,246;-3154,193;-328,535;0,000;0,000;0,000;0,000;RRR 1.5in;24,6;1015;46;'26.07.2023 16:14:51.360;;
882;495,183;-3155,337;-328,516;0,000;0,000;0,000;0,000;RRR 1.5in;24,6;1015;46;'26.07.2023 16:14:51.370;;
883;495,114;-3156,482;-328,493;0,000;0,000;0,000;0,000;RRR 1.5in;24,6;1015;46;'26.07.2023 16:14:51.380;;
884;495,048;-3157,635;-328,476;0,000;0,000;0,000;0,000;RRR 1.5in;24,6;1015;46;'26.07.2023 16:14:51.390;;
885;494,997;-3158,792;-328,460;0,000;0,000;0,000;0,000;RRR 1.5in;24,6;1015;46;'26.07.2023 16:14:51.400;;
886;494,931;-3159,943;-328,445;0,000;0,000;0,000;0,000;RRR 1.5in;24,6;1015;46;'26.07.2023 16:14:51.410;;
887;494,880;-3161,074;-328,427;0,000;0,000;0,000;0,000;RRR 1.5in;24,6;1015;46;'26.07.2023 16:14:51.420;;
888;494,806;-3162,197;-328,412;0,000;0,000;0,000;0,000;RRR 1.5in;24,6;1015;46;'26.07.2023 16:14:51.430;;
889;494,735;-3163,339;-328,412;0,000;0,000;0,000;0,000;RRR 1.5in;24,6;1015;46;'26.07.2023 16:14:51.440;;
890;494,683;-3164,494;-328,414;0,000;0,000;0,000;0,000;RRR 1.5in;24,6;1015;46;'26.07.2023 16:14:51.450;;
891;494,613;-3165,646;-328,418;0,000;0,000;0,000;0,000;RRR 1.5in;24,6;1015;46;'26.07.2023 16:14:51.460;;
892;494,540;-3166,780;-328,417;0,000;0,000;0,000;0,000;RRR 1.5in;24,6;1015;46;'26.07.2023 16:14:51.470;;
893;494,483;-3167,912;-328,416;0,000;0,000;0,000;0,000;RRR 1.5in;24,6;1015;46;'26.07.2023 16:14:51.480;;
894;494,408;-3169,039;-328,414;0,000;0,000;0,000;0,000;RRR 1.5in;24,6;1015;46;'26.07.2023 16:14:51.490;;
895;494,345;-3170,175;-328,408;0,000;0,000;0,000;0,000;RRR 1.5in;24,6;1015;46;'26.07.2023 16:14:51.500;;
896;494,283;-3171,331;-328,408;0,000;0,000;0,000;0,000;RRR 1.5in;24,6;1015;46;'26.07.2023 16:14:51.510;;
897;494,214;-3172,478;-328,396;0,000;0,000;0,000;0,000;RRR 1.5in;24,6;1015;46;'26.07.2023 16:14:51.520;;
898;494,158;-3173,623;-328,377;0,000;0,000;0,000;0,000;RRR 1.5in;24,6;1015;46;'26.07.2023 16:14:51.530;;
899;494,090;-3174,778;-328,367;0,000;0,000;0,000;0,000;RRR 1.5in;24,6;1015;46;'26.07.2023 16:14:51.540;;
900;494,014;-3175,922;-328,361;0,000;0,000;0,000;0,000;RRR 1.5in;24,6;1015;46;'26.07.2023 16:14:51.550;;
901;493,938;-3177,063;-328,352;0,000;0,000;0,000;0,000;RRR 1.5in;24,6;1015;46;'26.07.2023 16:14:51.560;;
902;493,881;-3178,204;-328,342;0,000;0,000;0,000;0,000;RRR 1.5in;24,6;1015;46;'26.07.2023 16:14:51.570;;
903;493,817;-3179,350;-328,333;0,000;0,000;0,000;0,000;RRR 1.5in;24,6;1015;46;'26.07.2023 16:14:51.580;;
904;493,751;-3180,513;-328,335;0,000;0,000;0,000;0,000;RRR 1.5in;24,6;1015;46;'26.07.2023 16:14:51.590;;
905;493,676;-3181,661;-328,334;0,000;0,000;0,000;0,000;RRR 1.5in;24,6;1015;46;'26.07.2023 16:14:51.600;;
906;493,620;-3182,785;-328,313;0,000;0,000;0,000;0,000;RRR 1.5in;24,6;1015;46;'26.07.2023 16:14:51.610;;
907;493,558;-3183,914;-328,300;0,000;0,000;0,000;0,000;RRR 1.5in;24,6;1015;46;'26.07.2023 16:14:51.620;;
908;493,492;-3185,051;-328,293;0,000;0,000;0,000;0,000;RRR 1.5in;24,6;1015;46;'26.07.2023 16:14:51.630;;
909;493,440;-3186,192;-328,286;0,000;0,000;0,000;0,000;RRR 1.5in;24,6;1015;46;'26.07.2023 16:14:51.640;;
910;493,369;-3187,333;-328,275;0,000;0,000;0,000;0,000;RRR 1.5in;24,6;1015;46;'26.07.2023 16:14:51.650;;
911;493,310;-3188,484;-328,268;0,000;0,000;0,000;0,000;RRR 1.5in;24,6;1015;46;'26.07.2023 16:14:51.660;;
912;493,243;-3189,636;-328,261;0,000;0,000;0,000;0,000;RRR 1.5in;24,6;1015;46;'26.07.2023 16:14:51.670;;
913;493,180;-3190,787;-328,260;0,000;0,000;0,000;0,000;RRR 1.5in;24,6;1015;46;'26.07.2023 16:14:51.680;;
914;493,091;-3191,931;-328,258;0,000;0,000;0,000;0,000;RRR 1.5in;24,6;1015;46;'26.07.2023 16:14:51.690;;
915;493,019;-3193,074;-328,251;0,000;0,000;0,000;0,000;RRR 1.5in;24,6;1015;46;'26.07.2023 16:14:51.700;;
916;492,960;-3194,221;-328,244;0,000;0,000;0,000;0,000;RRR 1.5in;24,6;1015;46;'26.07.2023 16:14:51.710;;
917;492,883;-3195,386;-328,250;0,000;0,000;0,000;0,000;RRR 1.5in;24,6;1015;46;'26.07.2023 16:14:51.720;;
918;492,817;-3196,536;-328,253;0,000;0,000;0,000;0,000;RRR 1.5in;24,6;1015;46;'26.07.2023 16:14:51.730;;
919;492,748;-3197,664;-328,244;0,000;0,000;0,000;0,000;RRR 1.5in;24,6;1015;46;'26.07.2023 16:14:51.740;;
920;492,690;-3198,803;-328,242;0,000;0,000;0,000;0,000;RRR 1.5in;24,6;1015;46;'26.07.2023 16:14:51.750;;
921;492,639;-3199,956;-328,245;0,000;0,000;0,000;0,000;RRR 1.5in;24,6;1015;46;'26.07.2023 16:14:51.760;;
922;492,576;-3201,106;-328,252;0,000;0,000;0,000;0,000;RRR 1.5in;24,6;1015;46;'26.07.2023 16:14:51.770;;
923;492,493;-3202,233;-328,246;0,000;0,000;0,000;0,000;RRR 1.5in;24,6;1015;46;'26.07.2023 16:14:51.780;;
924;492,433;-3203,371;-328,246;0,000;0,000;0,000;0,000;RRR 1.5in;24,6;1015;46;'26.07.2023 16:14:51.790;;
925;492,374;-3204,521;-328,251;0,000;0,000;0,000;0,000;RRR 1.5in;24,6;1015;46;'26.07.2023 16:14:51.800;;
926;492,307;-3205,669;-328,257;0,000;0,000;0,000;0,000;RRR 1.5in;24,6;1015;46;'26.07.2023 16:14:51.810;;
927;492,236;-3206,819;-328,262;0,000;0,000;0,000;0,000;RRR 1.5in;24,6;1015;46;'26.07.2023 16:14:51.820;;
928;492,156;-3207,949;-328,254;0,000;0,000;0,000;0,000;RRR 1.5in;24,6;1015;46;'26.07.2023 16:14:51.830;;
929;492,096;-3209,090;-328,244;0,000;0,000;0,000;0,000;RRR 1.5in;24,6;1015;46;'26.07.2023 16:14:51.840;;
930;492,032;-3210,253;-328,247;0,000;0,000;0,000;0,000;RRR 1.5in;24,6;1015;46;'26.07.2023 16:14:51.850;;
931;491,958;-3211,394;-328,241;0,000;0,000;0,000;0,000;RRR 1.5in;24,6;1015;46;'26.07.2023 16:14:51.860;;
932;491,887;-3212,517;-328,215;0,000;0,000;0,000;0,000;RRR 1.5in;24,6;1015;46;'26.07.2023 16:14:51.870;;
933;491,828;-3213,657;-328,195;0,000;0,000;0,000;0,000;RRR 1.5in;24,6;1015;46;'26.07.2023 16:14:51.880;;
934;491,763;-3214,818;-328,189;0,000;0,000;0,000;0,000;RRR 1.5in;24,6;1015;46;'26.07.2023 16:14:51.890;;
935;491,689;-3215,965;-328,177;0,000;0,000;0,000;0,000;RRR 1.5in;24,6;1015;46;'26.07.2023 16:14:51.900;;
936;491,627;-3217,099;-328,157;0,000;0,000;0,000;0,000;RRR 1.5in;24,6;1015;46;'26.07.2023 16:14:51.910;;
937;491,553;-3218,237;-328,143;0,000;0,000;0,000;0,000;RRR 1.5in;24,6;1015;46;'26.07.2023 16:14:51.920;;
938;491,495;-3219,388;-328,136;0,000;0,000;0,000;0,000;RRR 1.5in;24,6;1015;46;'26.07.2023 16:14:51.930;;
939;491,432;-3220,535;-328,128;0,000;0,000;0,000;0,000;RRR 1.5in;24,6;1015;46;'26.07.2023 16:14:51.940;;
940;491,363;-3221,669;-328,120;0,000;0,000;0,000;0,000;RRR 1.5in;24,6;1015;46;'26.07.2023 16:14:51.950;;
941;491,305;-3222,803;-328,116;0,000;0,000;0,000;0,000;RRR 1.5in;24,6;1015;46;'26.07.2023 16:14:51.960;;
942;491,242;-3223,941;-328,113;0,000;0,000;0,000;0,000;RRR 1.5in;24,6;1015;46;'26.07.2023 16:14:51.970;;
943;491,181;-3225,077;-328,116;0,000;0,000;0,000;0,000;RRR 1.5in;24,6;1015;46;'26.07.2023 16:14:51.980;;
944;491,104;-3226,210;-328,122;0,000;0,000;0,000;0,000;RRR 1.5in;24,6;1015;46;'26.07.2023 16:14:51.990;;
945;491,044;-3227,342;-328,124;0,000;0,000;0,000;0,000;RRR 1.5in;24,6;1015;46;'26.07.2023 16:14:52.000;;
946;490,985;-3228,488;-328,134;0,000;0,000;0,000;0,000;RRR 1.5in;24,6;1015;46;'26.07.2023 16:14:52.010;;
947;490,910;-3229,641;-328,158;0,000;0,000;0,000;0,000;RRR 1.5in;24,6;1015;46;'26.07.2023 16:14:52.020;;
948;490,836;-3230,761;-328,160;0,000;0,000;0,000;0,000;RRR 1.5in;24,6;1015;46;'26.07.2023 16:14:52.030;;
949;490,762;-3231,878;-328,158;0,000;0,000;0,000;0,000;RRR 1.5in;24,6;1015;46;'26.07.2023 16:14:52.040;;
950;490,684;-3233,018;-328,167;0,000;0,000;0,000;0,000;RRR 1.5in;24,6;1015;46;'26.07.2023 16:14:52.050;;
951;490,634;-3234,179;-328,180;0,000;0,000;0,000;0,000;RRR 1.5in;24,6;1015;46;'26.07.2023 16:14:52.060;;
952;490,557;-3235,329;-328,186;0,000;0,000;0,000;0,000;RRR 1.5in;24,6;1015;46;'26.07.2023 16:14:52.070;;
953;490,497;-3236,459;-328,176;0,000;0,000;0,000;0,000;RRR 1.5in;24,6;1015;46;'26.07.2023 16:14:52.080;;
954;490,442;-3237,587;-328,157;0,000;0,000;0,000;0,000;RRR 1.5in;24,6;1015;46;'26.07.2023 16:14:52.090;;
955;490,394;-3238,744;-328,156;0,000;0,000;0,000;0,000;RRR 1.5in;24,6;1015;46;'26.07.2023 16:14:52.100;;
956;490,337;-3239,901;-328,155;0,000;0,000;0,000;0,000;RRR 1.5in;24,6;1015;46;'26.07.2023 16:14:52.110;;
957;490,270;-3241,035;-328,138;0,000;0,000;0,000;0,000;RRR 1.5in;24,6;1015;46;'26.07.2023 16:14:52.120;;
958;490,212;-3242,162;-328,116;0,000;0,000;0,000;0,000;RRR 1.5in;24,6;1015;46;'26.07.2023 16:14:52.130;;
959;490,142;-3243,309;-328,107;0,000;0,000;0,000;0,000;RRR 1.5in;24,6;1015;46;'26.07.2023 16:14:52.140;;
960;490,091;-3244,476;-328,117;0,000;0,000;0,000;0,000;RRR 1.5in;24,6;1015;46;'26.07.2023 16:14:52.150;;
961;490,013;-3245,621;-328,110;0,000;0,000;0,000;0,000;RRR 1.5in;24,6;1015;46;'26.07.2023 16:14:52.160;;
962;489,945;-3246,750;-328,097;0,000;0,000;0,000;0,000;RRR 1.5in;24,6;1015;46;'26.07.2023 16:14:52.170;;
963;489,861;-3247,897;-328,107;0,000;0,000;0,000;0,000;RRR 1.5in;24,6;1015;46;'26.07.2023 16:14:52.180;;
964;489,786;-3249,038;-328,105;0,000;0,000;0,000;0,000;RRR 1.5in;24,6;1015;46;'26.07.2023 16:14:52.190;;
965;489,727;-3250,176;-328,106;0,000;0,000;0,000;0,000;RRR 1.5in;24,6;1015;46;'26.07.2023 16:14:52.200;;
966;489,655;-3251,313;-328,110;0,000;0,000;0,000;0,000;RRR 1.5in;24,6;1015;46;'26.07.2023 16:14:52.210;;
967;489,594;-3252,446;-328,106;0,000;0,000;0,000;0,000;RRR 1.5in;24,6;1015;46;'26.07.2023 16:14:52.220;;
968;489,521;-3253,584;-328,107;0,000;0,000;0,000;0,000;RRR 1.5in;24,6;1015;46;'26.07.2023 16:14:52.230;;
969;489,465;-3254,725;-328,110;0,000;0,000;0,000;0,000;RRR 1.5in;24,6;1015;46;'26.07.2023 16:14:52.240;;
970;489,414;-3255,858;-328,101;0,000;0,000;0,000;0,000;RRR 1.5in;24,6;1015;46;'26.07.2023 16:14:52.250;;
971;489,351;-3257,000;-328,097;0,000;0,000;0,000;0,000;RRR 1.5in;24,6;1015;46;'26.07.2023 16:14:52.260;;
972;489,285;-3258,147;-328,099;0,000;0,000;0,000;0,000;RRR 1.5in;24,6;1015;46;'26.07.2023 16:14:52.270;;
973;489,224;-3259,287;-328,089;0,000;0,000;0,000;0,000;RRR 1.5in;24,6;1015;46;'26.07.2023 16:14:52.280;;
974;489,163;-3260,430;-328,084;0,000;0,000;0,000;0,000;RRR 1.5in;24,6;1015;46;'26.07.2023 16:14:52.290;;
975;489,085;-3261,582;-328,088;0,000;0,000;0,000;0,000;RRR 1.5in;24,6;1015;46;'26.07.2023 16:14:52.300;;
976;489,020;-3262,724;-328,084;0,000;0,000;0,000;0,000;RRR 1.5in;24,6;1015;46;'26.07.2023 16:14:52.310;;
977;488,954;-3263,862;-328,082;0,000;0,000;0,000;0,000;RRR 1.5in;24,6;1015;46;'26.07.2023 16:14:52.320;;
978;488,871;-3264,995;-328,077;0,000;0,000;0,000;0,000;RRR 1.5in;24,6;1015;46;'26.07.2023 16:14:52.330;;
979;488,814;-3266,140;-328,076;0,000;0,000;0,000;0,000;RRR 1.5in;24,6;1015;46;'26.07.2023 16:14:52.340;;
980;488,741;-3267,293;-328,081;0,000;0,000;0,000;0,000;RRR 1.5in;24,6;1015;46;'26.07.2023 16:14:52.350;;
981;488,677;-3268,433;-328,080;0,000;0,000;0,000;0,000;RRR 1.5in;24,6;1015;46;'26.07.2023 16:14:52.360;;
982;488,608;-3269,552;-328,066;0,000;0,000;0,000;0,000;RRR 1.5in;24,6;1015;46;'26.07.2023 16:14:52.370;;
983;488,555;-3270,680;-328,062;0,000;0,000;0,000;0,000;RRR 1.5in;24,6;1015;46;'26.07.2023 16:14:52.380;;
984;488,481;-3271,829;-328,071;0,000;0,000;0,000;0,000;RRR 1.5in;24,6;1015;46;'26.07.2023 16:14:52.390;;
985;488,419;-3272,987;-328,074;0,000;0,000;0,000;0,000;RRR 1.5in;24,6;1015;46;'26.07.2023 16:14:52.400;;
986;488,352;-3274,133;-328,071;0,000;0,000;0,000;0,000;RRR 1.5in;24,6;1015;46;'26.07.2023 16:14:52.410;;
987;488,277;-3275,278;-328,070;0,000;0,000;0,000;0,000;RRR 1.5in;24,6;1015;46;'26.07.2023 16:14:52.420;;
988;488,209;-3276,429;-328,074;0,000;0,000;0,000;0,000;RRR 1.5in;24,6;1015;46;'26.07.2023 16:14:52.430;;
989;488,134;-3277,567;-328,076;0,000;0,000;0,000;0,000;RRR 1.5in;24,6;1015;46;'26.07.2023 16:14:52.440;;
990;488,082;-3278,706;-328,076;0,000;0,000;0,000;0,000;RRR 1.5in;24,6;1015;46;'26.07.2023 16:14:52.450;;
991;488,013;-3279,859;-328,086;0,000;0,000;0,000;0,000;RRR 1.5in;24,6;1015;46;'26.07.2023 16:14:52.460;;
992;487,943;-3280,999;-328,090;0,000;0,000;0,000;0,000;RRR 1.5in;24,6;1015;46;'26.07.2023 16:14:52.470;;
993;487,871;-3282,140;-328,095;0,000;0,000;0,000;0,000;RRR 1.5in;24,6;1015;46;'26.07.2023 16:14:52.480;;
994;487,801;-3283,280;-328,097;0,000;0,000;0,000;0,000;RRR 1.5in;24,6;1015;46;'26.07.2023 16:14:52.490;;
995;487,743;-3284,429;-328,109;0,000;0,000;0,000;0,000;RRR 1.5in;24,6;1015;46;'26.07.2023 16:14:52.500;;
996;487,663;-3285,563;-328,114;0,000;0,000;0,000;0,000;RRR 1.5in;24,6;1015;46;'26.07.2023 16:14:52.510;;
997;487,620;-3286,697;-328,111;0,000;0,000;0,000;0,000;RRR 1.5in;24,6;1015;46;'26.07.2023 16:14:52.520;;
998;487,541;-3287,841;-328,117;0,000;0,000;0,000;0,000;RRR 1.5in;24,6;1015;46;'26.07.2023 16:14:52.530;;
999;487,468;-3288,987;-328,127;0,000;0,000;0,000;0,000;RRR 1.5in;24,6;1015;46;'26.07.2023 16:14:52.540;;
1000;487,405;-3290,127;-328,122;0,000;0,000;0,000;0,000;RRR 1.5in;24,6;1015;46;'26.07.2023 16:14:52.550;;
1001;487,338;-3291,277;-328,117;0,000;0,000;0,000;0,000;RRR 1.5in;24,6;1015;46;'26.07.2023 16:14:52.560;;
1002;487,270;-3292,435;-328,115;0,000;0,000;0,000;0,000;RRR 1.5in;24,6;1015;46;'26.07.2023 16:14:52.570;;
1003;487,187;-3293,586;-328,102;0,000;0,000;0,000;0,000;RRR 1.5in;24,6;1015;46;'26.07.2023 16:14:52.580;;
1004;487,122;-3294,733;-328,088;0,000;0,000;0,000;0,000;RRR 1.5in;24,6;1015;46;'26.07.2023 16:14:52.590;;
1005;487,045;-3295,869;-328,057;0,000;0,000;0,000;0,000;RRR 1.5in;24,6;1015;46;'26.07.2023 16:14:52.600;;
1006;486,999;-3297,028;-328,035;0,000;0,000;0,000;0,000;RRR 1.5in;24,6;1015;46;'26.07.2023 16:14:52.610;;
1007;486,920;-3298,192;-328,017;0,000;0,000;0,000;0,000;RRR 1.5in;24,6;1015;46;'26.07.2023 16:14:52.620;;
1008;486,862;-3299,341;-327,992;0,000;0,000;0,000;0,000;RRR 1.5in;24,6;1015;46;'26.07.2023 16:14:52.630;;
1009;486,792;-3300,482;-327,963;0,000;0,000;0,000;0,000;RRR 1.5in;24,6;1015;46;'26.07.2023 16:14:52.640;;
1010;486,730;-3301,634;-327,955;0,000;0,000;0,000;0,000;RRR 1.5in;24,6;1015;46;'26.07.2023 16:14:52.650;;
1011;486,657;-3302,776;-327,949;0,000;0,000;0,000;0,000;RRR 1.5in;24,6;1015;46;'26.07.2023 16:14:52.660;;
1012;486,605;-3303,907;-327,940;0,000;0,000;0,000;0,000;RRR 1.5in;24,6;1015;46;'26.07.2023 16:14:52.670;;
1013;486,532;-3305,042;-327,942;0,000;0,000;0,000;0,000;RRR 1.5in;24,6;1015;46;'26.07.2023 16:14:52.680;;
1014;486,463;-3306,184;-327,949;0,000;0,000;0,000;0,000;RRR 1.5in;24,6;1015;46;'26.07.2023 16:14:52.690;;
1015;486,404;-3307,332;-327,962;0,000;0,000;0,000;0,000;RRR 1.5in;24,6;1015;46;'26.07.2023 16:14:52.700;;
1016;486,321;-3308,468;-327,963;0,000;0,000;0,000;0,000;RRR 1.5in;24,6;1015;46;'26.07.2023 16:14:52.710;;
1017;486,268;-3309,605;-327,961;0,000;0,000;0,000;0,000;RRR 1.5in;24,6;1015;46;'26.07.2023 16:14:52.720;;
1018;486,183;-3310,757;-327,963;0,000;0,000;0,000;0,000;RRR 1.5in;24,6;1015;46;'26.07.2023 16:14:52.730;;
1019;486,127;-3311,917;-327,966;0,000;0,000;0,000;0,000;RRR 1.5in;24,6;1015;46;'26.07.2023 16:14:52.740;;
1020;486,049;-3313,068;-327,953;0,000;0,000;0,000;0,000;RRR 1.5in;24,6;1015;46;'26.07.2023 16:14:52.750;;
1021;485,995;-3314,214;-327,943;0,000;0,000;0,000;0,000;RRR 1.5in;24,6;1015;46;'26.07.2023 16:14:52.760;;
1022;485,929;-3315,353;-327,928;0,000;0,000;0,000;0,000;RRR 1.5in;24,6;1015;46;'26.07.2023 16:14:52.770;;
1023;485,881;-3316,504;-327,922;0,000;0,000;0,000;0,000;RRR 1.5in;24,6;1015;46;'26.07.2023 16:14:52.780;;
1024;485,818;-3317,654;-327,914;0,000;0,000;0,000;0,000;RRR 1.5in;24,6;1015;46;'26.07.2023 16:14:52.790;;
1025;485,751;-3318,801;-327,911;0,000;0,000;0,000;0,000;RRR 1.5in;24,6;1015;46;'26.07.2023 16:14:52.800;;
1026;485,689;-3319,944;-327,908;0,000;0,000;0,000;0,000;RRR 1.5in;24,6;1015;46;'26.07.2023 16:14:52.810;;
1027;485,644;-3321,082;-327,905;0,000;0,000;0,000;0,000;RRR 1.5in;24,6;1015;46;'26.07.2023 16:14:52.820;;
1028;485,580;-3322,223;-327,914;0,000;0,000;0,000;0,000;RRR 1.5in;24,6;1015;46;'26.07.2023 16:14:52.830;;
1029;485,505;-3323,349;-327,915;0,000;0,000;0,000;0,000;RRR 1.5in;24,6;1015;46;'26.07.2023 16:14:52.840;;
1030;485,435;-3324,470;-327,913;0,000;0,000;0,000;0,000;RRR 1.5in;24,6;1015;46;'26.07.2023 16:14:52.850;;
1031;485,377;-3325,609;-327,902;0,000;0,000;0,000;0,000;RRR 1.5in;24,6;1015;46;'26.07.2023 16:14:52.860;;
1032;485,318;-3326,784;-327,909;0,000;0,000;0,000;0,000;RRR 1.5in;24,6;1015;46;'26.07.2023 16:14:52.870;;
1033;485,235;-3327,936;-327,896;0,000;0,000;0,000;0,000;RRR 1.5in;24,6;1015;46;'26.07.2023 16:14:52.880;;
1034;485,179;-3329,065;-327,869;0,000;0,000;0,000;0,000;RRR 1.5in;24,6;1015;46;'26.07.2023 16:14:52.890;;
1035;485,100;-3330,206;-327,848;0,000;0,000;0,000;0,000;RRR 1.5in;24,6;1015;46;'26.07.2023 16:14:52.900;;
1036;485,052;-3331,380;-327,845;0,000;0,000;0,000;0,000;RRR 1.5in;24,6;1015;46;'26.07.2023 16:14:52.910;;
1037;484,969;-3332,539;-327,830;0,000;0,000;0,000;0,000;RRR 1.5in;24,6;1015;46;'26.07.2023 16:14:52.920;;
1038;484,924;-3333,673;-327,812;0,000;0,000;0,000;0,000;RRR 1.5in;24,6;1015;46;'26.07.2023 16:14:52.930;;
1039;484,859;-3334,797;-327,793;0,000;0,000;0,000;0,000;RRR 1.5in;24,6;1015;46;'26.07.2023 16:14:52.940;;
1040;484,803;-3335,951;-327,800;0,000;0,000;0,000;0,000;RRR 1.5in;24,6;1015;46;'26.07.2023 16:14:52.950;;
1041;484,738;-3337,092;-327,807;0,000;0,000;0,000;0,000;RRR 1.5in;24,6;1015;46;'26.07.2023 16:14:52.960;;
1042;484,679;-3338,213;-327,805;0,000;0,000;0,000;0,000;RRR 1.5in;24,6;1015;46;'26.07.2023 16:14:52.970;;
1043;484,603;-3339,327;-327,801;0,000;0,000;0,000;0,000;RRR 1.5in;24,6;1015;46;'26.07.2023 16:14:52.980;;
1044;484,540;-3340,462;-327,805;0,000;0,000;0,000;0,000;RRR 1.5in;24,6;1015;46;'26.07.2023 16:14:52.990;;
1045;484,479;-3341,619;-327,813;0,000;0,000;0,000;0,000;RRR 1.5in;24,6;1015;46;'26.07.2023 16:14:53.000;;
1046;484,401;-3342,770;-327,815;0,000;0,000;0,000;0,000;RRR 1.5in;24,6;1015;46;'26.07.2023 16:14:53.010;;
1047;484,317;-3343,904;-327,790;0,000;0,000;0,000;0,000;RRR 1.5in;24,6;1015;46;'26.07.2023 16:14:53.020;;
1048;484,257;-3345,057;-327,769;0,000;0,000;0,000;0,000;RRR 1.5in;24,6;1015;46;'26.07.2023 16:14:53.030;;
1049;484,176;-3346,224;-327,754;0,000;0,000;0,000;0,000;RRR 1.5in;24,6;1015;46;'26.07.2023 16:14:53.040;;
1050;484,104;-3347,392;-327,734;0,000;0,000;0,000;0,000;RRR 1.5in;24,6;1015;46;'26.07.2023 16:14:53.050;;
1051;484,020;-3348,539;-327,702;0,000;0,000;0,000;0,000;RRR 1.5in;24,6;1015;46;'26.07.2023 16:14:53.060;;
1052;483,958;-3349,696;-327,679;0,000;0,000;0,000;0,000;RRR 1.5in;24,6;1015;46;'26.07.2023 16:14:53.070;;
1053;483,899;-3350,860;-327,665;0,000;0,000;0,000;0,000;RRR 1.5in;24,6;1015;46;'26.07.2023 16:14:53.080;;
1054;483,836;-3352,020;-327,669;0,000;0,000;0,000;0,000;RRR 1.5in;24,6;1015;46;'26.07.2023 16:14:53.090;;
1055;483,756;-3353,120;-327,650;0,000;0,000;0,000;0,000;RRR 1.5in;24,6;1015;46;'26.07.2023 16:14:53.100;;
1056;483,715;-3354,241;-327,655;0,000;0,000;0,000;0,000;RRR 1.5in;24,6;1015;46;'26.07.2023 16:14:53.110;;
1057;483,642;-3355,386;-327,676;0,000;0,000;0,000;0,000;RRR 1.5in;24,6;1015;46;'26.07.2023 16:14:53.120;;
1058;483,594;-3356,541;-327,702;0,000;0,000;0,000;0,000;RRR 1.5in;24,6;1015;46;'26.07.2023 16:14:53.130;;
1059;483,530;-3357,662;-327,707;0,000;0,000;0,000;0,000;RRR 1.5in;24,6;1015;46;'26.07.2023 16:14:53.140;;
1060;483,460;-3358,784;-327,717;0,000;0,000;0,000;0,000;RRR 1.5in;24,6;1015;46;'26.07.2023 16:14:53.150;;
1061;483,383;-3359,930;-327,732;0,000;0,000;0,000;0,000;RRR 1.5in;24,6;1015;46;'26.07.2023 16:14:53.160;;
1062;483,309;-3361,093;-327,750;0,000;0,000;0,000;0,000;RRR 1.5in;24,6;1015;46;'26.07.2023 16:14:53.170;;
1063;483,244;-3362,238;-327,752;0,000;0,000;0,000;0,000;RRR 1.5in;24,6;1015;46;'26.07.2023 16:14:53.180;;
1064;483,146;-3363,390;-327,756;0,000;0,000;0,000;0,000;RRR 1.5in;24,6;1015;46;'26.07.2023 16:14:53.190;;
1065;483,066;-3364,550;-327,749;0,000;0,000;0,000;0,000;RRR 1.5in;24,6;1015;46;'26.07.2023 16:14:53.200;;
1066;483,009;-3365,719;-327,740;0,000;0,000;0,000;0,000;RRR 1.5in;24,6;1015;46;'26.07.2023 16:14:53.210;;
1067;482,930;-3366,875;-327,732;0,000;0,000;0,000;0,000;RRR 1.5in;24,6;1015;46;'26.07.2023 16:14:53.220;;
1068;482,860;-3368,012;-327,706;0,000;0,000;0,000;0,000;RRR 1.5in;24,6;1015;46;'26.07.2023 16:14:53.230;;
1069;482,802;-3369,143;-327,667;0,000;0,000;0,000;0,000;RRR 1.5in;24,6;1015;46;'26.07.2023 16:14:53.240;;
1070;482,753;-3370,308;-327,658;0,000;0,000;0,000;0,000;RRR 1.5in;24,6;1015;46;'26.07.2023 16:14:53.250;;
1071;482,686;-3371,463;-327,634;0,000;0,000;0,000;0,000;RRR 1.5in;24,6;1015;46;'26.07.2023 16:14:53.260;;
1072;482,630;-3372,597;-327,606;0,000;0,000;0,000;0,000;RRR 1.5in;24,6;1015;46;'26.07.2023 16:14:53.270;;
1073;482,557;-3373,727;-327,581;0,000;0,000;0,000;0,000;RRR 1.5in;24,6;1015;46;'26.07.2023 16:14:53.280;;
1074;482,512;-3374,883;-327,581;0,000;0,000;0,000;0,000;RRR 1.5in;24,6;1015;46;'26.07.2023 16:14:53.290;;
1075;482,450;-3376,035;-327,578;0,000;0,000;0,000;0,000;RRR 1.5in;24,6;1015;46;'26.07.2023 16:14:53.300;;
1076;482,382;-3377,160;-327,565;0,000;0,000;0,000;0,000;RRR 1.5in;24,6;1015;46;'26.07.2023 16:14:53.310;;
1077;482,308;-3378,305;-327,571;0,000;0,000;0,000;0,000;RRR 1.5in;24,6;1015;46;'26.07.2023 16:14:53.320;;
1078;482,226;-3379,458;-327,579;0,000;0,000;0,000;0,000;RRR 1.5in;24,6;1015;46;'26.07.2023 16:14:53.330;;
1079;482,170;-3380,618;-327,590;0,000;0,000;0,000;0,000;RRR 1.5in;24,6;1015;46;'26.07.2023 16:14:53.340;;
1080;482,089;-3381,754;-327,589;0,000;0,000;0,000;0,000;RRR 1.5in;24,6;1015;46;'26.07.2023 16:14:53.350;;
1081;482,028;-3382,895;-327,591;0,000;0,000;0,000;0,000;RRR 1.5in;24,6;1015;46;'26.07.2023 16:14:53.360;;
1082;481,956;-3384,027;-327,587;0,000;0,000;0,000;0,000;RRR 1.5in;24,6;1015;46;'26.07.2023 16:14:53.370;;
1083;481,897;-3385,182;-327,606;0,000;0,000;0,000;0,000;RRR 1.5in;24,6;1015;46;'26.07.2023 16:14:53.380;;
1084;481,837;-3386,295;-327,606;0,000;0,000;0,000;0,000;RRR 1.5in;24,6;1015;46;'26.07.2023 16:14:53.390;;
1085;481,790;-3387,364;-327,621;0,000;0,000;0,000;0,000;RRR 1.5in;24,6;1015;46;'26.07.2023 16:14:53.400;;
1086;481,756;-3388,343;-327,643;0,000;0,000;0,000;0,000;RRR 1.5in;24,6;1015;46;'26.07.2023 16:14:53.410;;
1087;481,700;-3389,211;-327,672;0,000;0,000;0,000;0,000;RRR 1.5in;24,6;1015;46;'26.07.2023 16:14:53.420;;
1088;481,615;-3389,965;-327,673;0,000;0,000;0,000;0,000;RRR 1.5in;24,6;1015;46;'26.07.2023 16:14:53.430;;
1089;481,591;-3390,707;-327,675;0,000;0,000;0,000;0,000;RRR 1.5in;24,6;1015;46;'26.07.2023 16:14:53.440;;
1090;481,565;-3391,462;-327,679;0,000;0,000;0,000;0,000;RRR 1.5in;24,6;1015;46;'26.07.2023 16:14:53.450;;
1091;481,550;-3392,196;-327,679;0,000;0,000;0,000;0,000;RRR 1.5in;24,6;1015;46;'26.07.2023 16:14:53.460;;
1092;481,514;-3392,847;-327,667;0,000;0,000;0,000;0,000;RRR 1.5in;24,6;1015;46;'26.07.2023 16:14:53.470;;
1093;481,458;-3393,377;-327,643;0,000;0,000;0,000;0,000;RRR 1.5in;24,6;1015;46;'26.07.2023 16:14:53.480;;
1094;481,425;-3393,834;-327,616;0,000;0,000;0,000;0,000;RRR 1.5in;24,6;1015;46;'26.07.2023 16:14:53.490;;
1095;481,412;-3394,266;-327,596;0,000;0,000;0,000;0,000;RRR 1.5in;24,6;1015;46;'26.07.2023 16:14:53.500;;
1096;481,390;-3394,661;-327,587;0,000;0,000;0,000;0,000;RRR 1.5in;24,6;1015;46;'26.07.2023 16:14:53.510;;
1097;481,349;-3394,999;-327,579;0,000;0,000;0,000;0,000;RRR 1.5in;24,6;1015;46;'26.07.2023 16:14:53.520;;
1098;481,325;-3395,277;-327,571;0,000;0,000;0,000;0,000;RRR 1.5in;24,6;1015;46;'26.07.2023 16:14:53.530;;
1099;481,307;-3395,491;-327,574;0,000;0,000;0,000;0,000;RRR 1.5in;24,6;1015;46;'26.07.2023 16:14:53.540;;
1100;481,317;-3395,636;-327,588;0,000;0,000;0,000;0,000;RRR 1.5in;24,6;1015;46;'26.07.2023 16:14:53.550;;
1101;481,334;-3395,689;-327,583;0,000;0,000;0,000;0,000;RRR 1.5in;24,6;1015;46;'26.07.2023 16:14:53.560;;
1102;481,327;-3395,679;-327,568;0,000;0,000;0,000;0,000;RRR 1.5in;24,6;1015;46;'26.07.2023 16:14:53.570;;
1103;481,318;-3395,649;-327,565;0,000;0,000;0,000;0,000;RRR 1.5in;24,6;1015;46;'26.07.2023 16:14:53.580;;
1104;481,327;-3395,602;-327,563;0,000;0,000;0,000;0,000;RRR 1.5in;24,6;1015;46;'26.07.2023 16:14:53.590;;
1105;481,320;-3395,544;-327,533;0,000;0,000;0,000;0,000;RRR 1.5in;24,6;1015;46;'26.07.2023 16:14:53.600;;
1106;481,330;-3395,538;-327,499;0,000;0,000;0,000;0,000;RRR 1.5in;24,6;1015;46;'26.07.2023 16:14:53.610;;
1107;481,368;-3395,616;-327,503;0,000;0,000;0,000;0,000;RRR 1.5in;24,6;1015;46;'26.07.2023 16:14:53.620;;
1108;481,350;-3395,704;-327,534;0,000;0,000;0,000;0,000;RRR 1.5in;24,6;1015;46;'26.07.2023 16:14:53.630;;
1109;481,293;-3395,716;-327,559;0,000;0,000;0,000;0,000;RRR 1.5in;24,6;1015;46;'26.07.2023 16:14:53.640;;
1110;481,265;-3395,647;-327,568;0,000;0,000;0,000;0,000;RRR 1.5in;24,6;1015;46;'26.07.2023 16:14:53.650;;
1111;481,267;-3395,584;-327,574;0,000;0,000;0,000;0,000;RRR 1.5in;24,6;1015;46;'26.07.2023 16:14:53.660;;
1112;481,273;-3395,603;-327,595;0,000;0,000;0,000;0,000;RRR 1.5in;24,6;1015;46;'26.07.2023 16:14:53.670;;
1113;481,273;-3395,674;-327,620;0,000;0,000;0,000;0,000;RRR 1.5in;24,6;1015;46;'26.07.2023 16:14:53.680;;
1114;481,261;-3395,705;-327,622;0,000;0,000;0,000;0,000;RRR 1.5in;24,6;1015;46;'26.07.2023 16:14:53.690;;
1115;481,255;-3395,678;-327,601;0,000;0,000;0,000;0,000;RRR 1.5in;24,6;1015;46;'26.07.2023 16:14:53.700;;
1116;481,280;-3395,635;-327,574;0,000;0,000;0,000;0,000;RRR 1.5in;24,6;1015;46;'26.07.2023 16:14:53.710;;
1117;481,322;-3395,602;-327,555;0,000;0,000;0,000;0,000;RRR 1.5in;24,6;1015;46;'26.07.2023 16:14:53.720;;
1118;481,343;-3395,596;-327,540;0,000;0,000;0,000;0,000;RRR 1.5in;24,6;1015;46;'26.07.2023 16:14:53.730;;
1119;481,330;-3395,622;-327,539;0,000;0,000;0,000;0,000;RRR 1.5in;24,6;1015;46;'26.07.2023 16:14:53.740;;
1120;481,313;-3395,649;-327,546;0,000;0,000;0,000;0,000;RRR 1.5in;24,6;1015;46;'26.07.2023 16:14:53.750;;
1121;481,313;-3395,659;-327,562;0,000;0,000;0,000;0,000;RRR 1.5in;24,6;1015;46;'26.07.2023 16:14:53.760;;
1122;481,320;-3395,639;-327,575;0,000;0,000;0,000;0,000;RRR 1.5in;24,6;1015;46;'26.07.2023 16:14:53.770;;
1123;481,306;-3395,603;-327,581;0,000;0,000;0,000;0,000;RRR 1.5in;24,6;1015;46;'26.07.2023 16:14:53.780;;
1124;481,284;-3395,599;-327,592;0,000;0,000;0,000;0,000;RRR 1.5in;24,6;1015;46;'26.07.2023 16:14:53.790;;
1125;481,270;-3395,648;-327,614;0,000;0,000;0,000;0,000;RRR 1.5in;24,6;1015;46;'26.07.2023 16:14:53.800;;
1126;481,259;-3395,686;-327,625;0,000;0,000;0,000;0,000;RRR 1.5in;24,6;1015;46;'26.07.2023 16:14:53.810;;
1127;481,263;-3395,673;-327,610;0,000;0,000;0,000;0,000;RRR 1.5in;24,6;1015;46;'26.07.2023 16:14:53.820;;
1128;481,281;-3395,636;-327,587;0,000;0,000;0,000;0,000;RRR 1.5in;24,6;1015;46;'26.07.2023 16:14:53.830;;
1129;481,297;-3395,617;-327,574;0,000;0,000;0,000;0,000;RRR 1.5in;24,6;1015;46;'26.07.2023 16:14:53.840;;
1130;481,302;-3395,621;-327,569;0,000;0,000;0,000;0,000;RRR 1.5in;24,6;1015;46;'26.07.2023 16:14:53.850;;
1131;481,309;-3395,636;-327,565;0,000;0,000;0,000;0,000;RRR 1.5in;24,6;1015;46;'26.07.2023 16:14:53.860;;
1132;481,319;-3395,633;-327,558;0,000;0,000;0,000;0,000;RRR 1.5in;24,6;1015;46;'26.07.2023 16:14:53.870;;
1133;481,329;-3395,624;-327,560;0,000;0,000;0,000;0,000;RRR 1.5in;24,6;1015;46;'26.07.2023 16:14:53.880;;
1134;481,334;-3395,618;-327,572;0,000;0,000;0,000;0,000;RRR 1.5in;24,6;1015;46;'26.07.2023 16:14:53.890;;
1135;481,319;-3395,612;-327,587;0,000;0,000;0,000;0,000;RRR 1.5in;24,6;1015;46;'26.07.2023 16:14:53.900;;
1136;481,291;-3395,610;-327,595;0,000;0,000;0,000;0,000;RRR 1.5in;24,6;1015;46;'26.07.2023 16:14:53.910;;
1137;481,272;-3395,632;-327,606;0,000;0,000;0,000;0,000;RRR 1.5in;24,6;1015;46;'26.07.2023 16:14:53.920;;
1138;481,278;-3395,661;-327,611;0,000;0,000;0,000;0,000;RRR 1.5in;24,6;1015;46;'26.07.2023 16:14:53.930;;
1139;481,280;-3395,664;-327,607;0,000;0,000;0,000;0,000;RRR 1.5in;24,6;1015;46;'26.07.2023 16:14:53.940;;
1140;481,274;-3395,644;-327,593;0,000;0,000;0,000;0,000;RRR 1.5in;24,6;1015;46;'26.07.2023 16:14:53.950;;
1141;481,271;-3395,629;-327,584;0,000;0,000;0,000;0,000;RRR 1.5in;24,6;1015;46;'26.07.2023 16:14:53.960;;
1142;481,287;-3395,630;-327,578;0,000;0,000;0,000;0,000;RRR 1.5in;24,6;1015;46;'26.07.2023 16:14:53.970;;
1143;481,306;-3395,640;-327,576;0,000;0,000;0,000;0,000;RRR 1.5in;24,6;1015;46;'26.07.2023 16:14:53.980;;
1144;481,318;-3395,636;-327,571;0,000;0,000;0,000;0,000;RRR 1.5in;24,6;1015;46;'26.07.2023 16:14:53.990;;
1145;481,323;-3395,617;-327,568;0,000;0,000;0,000;0,000;RRR 1.5in;24,6;1015;46;'26.07.2023 16:14:54.000;;
1146;481,322;-3395,606;-327,574;0,000;0,000;0,000;0,000;RRR 1.5in;24,6;1015;46;'26.07.2023 16:14:54.010;;
1147;481,319;-3395,611;-327,587;0,000;0,000;0,000;0,000;RRR 1.5in;24,6;1015;46;'26.07.2023 16:14:54.020;;
1148;481,314;-3395,613;-327,592;0,000;0,000;0,000;0,000;RRR 1.5in;24,6;1015;46;'26.07.2023 16:14:54.030;;
1149;481,301;-3395,623;-327,594;0,000;0,000;0,000;0,000;RRR 1.5in;24,6;1015;46;'26.07.2023 16:14:54.040;;
1150;481,283;-3395,644;-327,599;0,000;0,000;0,000;0,000;RRR 1.5in;24,6;1015;46;'26.07.2023 16:14:54.050;;
1151;481,274;-3395,657;-327,603;0,000;0,000;0,000;0,000;RRR 1.5in;24,6;1015;46;'26.07.2023 16:14:54.060;;
1152;481,272;-3395,649;-327,598;0,000;0,000;0,000;0,000;RRR 1.5in;24,6;1015;46;'26.07.2023 16:14:54.070;;
1153;481,273;-3395,635;-327,587;0,000;0,000;0,000;0,000;RRR 1.5in;24,6;1015;46;'26.07.2023 16:14:54.080;;
1154;481,281;-3395,632;-327,580;0,000;0,000;0,000;0,000;RRR 1.5in;24,6;1015;46;'26.07.2023 16:14:54.090;;
1155;481,296;-3395,642;-327,582;0,000;0,000;0,000;0,000;RRR 1.5in;24,6;1015;46;'26.07.2023 16:14:54.100;;
1156;481,308;-3395,643;-327,584;0,000;0,000;0,000;0,000;RRR 1.5in;24,6;1015;46;'26.07.2023 16:14:54.110;;
1157;481,313;-3395,621;-327,579;0,000;0,000;0,000;0,000;RRR 1.5in;24,6;1015;46;'26.07.2023 16:14:54.120;;
1158;481,318;-3395,598;-327,577;0,000;0,000;0,000;0,000;RRR 1.5in;24,6;1015;46;'26.07.2023 16:14:54.130;;
1159;481,323;-3395,602;-327,582;0,000;0,000;0,000;0,000;RRR 1.5in;24,6;1015;46;'26.07.2023 16:14:54.140;;
1160;481,321;-3395,619;-327,591;0,000;0,000;0,000;0,000;RRR 1.5in;24,6;1015;46;'26.07.2023 16:14:54.150;;
1161;481,306;-3395,629;-327,592;0,000;0,000;0,000;0,000;RRR 1.5in;24,6;1015;46;'26.07.2023 16:14:54.160;;
1162;481,287;-3395,633;-327,592;0,000;0,000;0,000;0,000;RRR 1.5in;24,6;1015;46;'26.07.2023 16:14:54.170;;
1163;481,280;-3395,638;-327,593;0,000;0,000;0,000;0,000;RRR 1.5in;24,6;1015;46;'26.07.2023 16:14:54.180;;
1164;481,278;-3395,640;-327,593;0,000;0,000;0,000;0,000;RRR 1.5in;24,6;1015;46;'26.07.2023 16:14:54.190;;
1165;481,279;-3395,641;-327,590;0,000;0,000;0,000;0,000;RRR 1.5in;24,6;1015;46;'26.07.2023 16:14:54.200;;
1166;481,276;-3395,642;-327,588;0,000;0,000;0,000;0,000;RRR 1.5in;24,6;1015;46;'26.07.2023 16:14:54.210;;
1167;481,280;-3395,642;-327,589;0,000;0,000;0,000;0,000;RRR 1.5in;24,6;1015;46;'26.07.2023 16:14:54.220;;
1168;481,294;-3395,638;-327,590;0,000;0,000;0,000;0,000;RRR 1.5in;24,6;1015;46;'26.07.2023 16:14:54.230;;
1169;481,310;-3395,622;-327,588;0,000;0,000;0,000;0,000;RRR 1.5in;24,6;1015;46;'26.07.2023 16:14:54.240;;
1170;481,319;-3395,602;-327,581;0,000;0,000;0,000;0,000;RRR 1.5in;24,6;1015;46;'26.07.2023 16:14:54.250;;
1171;481,318;-3395,603;-327,581;0,000;0,000;0,000;0,000;RRR 1.5in;24,6;1015;46;'26.07.2023 16:14:54.260;;
1172;481,313;-3395,621;-327,589;0,000;0,000;0,000;0,000;RRR 1.5in;24,6;1015;46;'26.07.2023 16:14:54.270;;
1173;481,308;-3395,631;-327,590;0,000;0,000;0,000;0,000;RRR 1.5in;24,6;1015;46;'26.07.2023 16:14:54.280;;
1174;481,300;-3395,625;-327,586;0,000;0,000;0,000;0,000;RRR 1.5in;24,6;1015;46;'26.07.2023 16:14:54.290;;
1175;481,291;-3395,623;-327,584;0,000;0,000;0,000;0,000;RRR 1.5in;24,6;1015;46;'26.07.2023 16:14:54.300;;
1176;481,283;-3395,632;-327,589;0,000;0,000;0,000;0,000;RRR 1.5in;24,6;1015;46;'26.07.2023 16:14:54.310;;
1177;481,278;-3395,646;-327,595;0,000;0,000;0,000;0,000;RRR 1.5in;24,6;1015;46;'26.07.2023 16:14:54.320;;
1178;481,276;-3395,649;-327,596;0,000;0,000;0,000;0,000;RRR 1.5in;24,6;1015;46;'26.07.2023 16:14:54.330;;
1179;481,280;-3395,637;-327,593;0,000;0,000;0,000;0,000;RRR 1.5in;24,6;1015;46;'26.07.2023 16:14:54.340;;
1180;481,290;-3395,627;-327,591;0,000;0,000;0,000;0,000;RRR 1.5in;24,6;1015;46;'26.07.2023 16:14:54.350;;
1181;481,301;-3395,623;-327,592;0,000;0,000;0,000;0,000;RRR 1.5in;24,6;1015;46;'26.07.2023 16:14:54.360;;
1182;481,308;-3395,618;-327,590;0,000;0,000;0,000;0,000;RRR 1.5in;24,6;1015;46;'26.07.2023 16:14:54.370;;
1183;481,310;-3395,614;-327,584;0,000;0,000;0,000;0,000;RRR 1.5in;24,6;1015;46;'26.07.2023 16:14:54.380;;
1184;481,311;-3395,618;-327,583;0,000;0,000;0,000;0,000;RRR 1.5in;24,6;1015;46;'26.07.2023 16:14:54.390;;
1185;481,311;-3395,623;-327,584;0,000;0,000;0,000;0,000;RRR 1.5in;24,6;1015;46;'26.07.2023 16:14:54.400;;
1186;481,308;-3395,621;-327,583;0,000;0,000;0,000;0,000;RRR 1.5in;24,6;1015;46;'26.07.2023 16:14:54.410;;
1187;481,298;-3395,620;-327,583;0,000;0,000;0,000;0,000;RRR 1.5in;24,6;1015;46;'26.07.2023 16:14:54.420;;
1188;481,288;-3395,628;-327,586;0,000;0,000;0,000;0,000;RRR 1.5in;24,6;1015;46;'26.07.2023 16:14:54.430;;
1189;481,281;-3395,640;-327,594;0,000;0,000;0,000;0,000;RRR 1.5in;24,6;1015;46;'26.07.2023 16:14:54.440;;
1190;481,282;-3395,644;-327,598;0,000;0,000;0,000;0,000;RRR 1.5in;24,6;1015;46;'26.07.2023 16:14:54.450;;
1191;481,284;-3395,634;-327,597;0,000;0,000;0,000;0,000;RRR 1.5in;24,6;1015;46;'26.07.2023 16:14:54.460;;
1192;481,287;-3395,623;-327,594;0,000;0,000;0,000;0,000;RRR 1.5in;24,6;1015;46;'26.07.2023 16:14:54.470;;
1193;481,292;-3395,624;-327,596;0,000;0,000;0,000;0,000;RRR 1.5in;24,6;1015;46;'26.07.2023 16:14:54.480;;
1194;481,298;-3395,628;-327,595;0,000;0,000;0,000;0,000;RRR 1.5in;24,6;1015;46;'26.07.2023 16:14:54.490;;
1195;481,304;-3395,623;-327,588;0,000;0,000;0,000;0,000;RRR 1.5in;24,6;1015;46;'26.07.2023 16:14:54.500;;
1196;481,309;-3395,616;-327,581;0,000;0,000;0,000;0,000;RRR 1.5in;24,6;1015;46;'26.07.2023 16:14:54.510;;
1197;481,308;-3395,616;-327,580;0,000;0,000;0,000;0,000;RRR 1.5in;24,6;1015;46;'26.07.2023 16:14:54.520;;
1198;481,305;-3395,620;-327,583;0,000;0,000;0,000;0,000;RRR 1.5in;24,6;1015;46;'26.07.2023 16:14:54.530;;
1199;481,300;-3395,623;-327,584;0,000;0,000;0,000;0,000;RRR 1.5in;24,6;1015;46;'26.07.2023 16:14:54.540;;
1200;481,295;-3395,626;-327,586;0,000;0,000;0,000;0,000;RRR 1.5in;24,6;1015;46;'26.07.2023 16:14:54.550;;
1201;481,290;-3395,630;-327,590;0,000;0,000;0,000;0,000;RRR 1.5in;24,6;1015;46;'26.07.2023 16:14:54.560;;
1202;481,288;-3395,634;-327,596;0,000;0,000;0,000;0,000;RRR 1.5in;24,6;1015;46;'26.07.2023 16:14:54.570;;
1203;481,285;-3395,633;-327,600;0,000;0,000;0,000;0,000;RRR 1.5in;24,6;1015;46;'26.07.2023 16:14:54.580;;
1204;481,285;-3395,627;-327,598;0,000;0,000;0,000;0,000;RRR 1.5in;24,6;1015;46;'26.07.2023 16:14:54.590;;
1205;481,289;-3395,626;-327,595;0,000;0,000;0,000;0,000;RRR 1.5in;24,6;1015;46;'26.07.2023 16:14:54.600;;
1206;481,294;-3395,630;-327,593;0,000;0,000;0,000;0,000;RRR 1.5in;24,6;1015;46;'26.07.2023 16:14:54.610;;
1207;481,300;-3395,628;-327,589;0,000;0,000;0,000;0,000;RRR 1.5in;24,6;1015;46;'26.07.2023 16:14:54.620;;
1208;481,303;-3395,620;-327,583;0,000;0,000;0,000;0,000;RRR 1.5in;24,6;1015;46;'26.07.2023 16:14:54.630;;
1209;481,304;-3395,616;-327,579;0,000;0,000;0,000;0,000;RRR 1.5in;24,6;1015;46;'26.07.2023 16:14:54.640;;
1210;481,305;-3395,619;-327,582;0,000;0,000;0,000;0,000;RRR 1.5in;24,6;1015;46;'26.07.2023 16:14:54.650;;
1211;481,304;-3395,623;-327,584;0,000;0,000;0,000;0,000;RRR 1.5in;24,6;1015;46;'26.07.2023 16:14:54.660;;
1212;481,301;-3395,624;-327,586;0,000;0,000;0,000;0,000;RRR 1.5in;24,6;1015;46;'26.07.2023 16:14:54.670;;
1213;481,295;-3395,623;-327,590;0,000;0,000;0,000;0,000;RRR 1.5in;24,6;1015;46;'26.07.2023 16:14:54.680;;
1214;481,290;-3395,626;-327,595;0,000;0,000;0,000;0,000;RRR 1.5in;24,6;1015;46;'26.07.2023 16:14:54.690;;
1215;481,288;-3395,630;-327,599;0,000;0,000;0,000;0,000;RRR 1.5in;24,6;1015;46;'26.07.2023 16:14:54.700;;
1216;481,287;-3395,630;-327,599;0,000;0,000;0,000;0,000;RRR 1.5in;24,6;1015;46;'26.07.2023 16:14:54.710;;
1217;481,289;-3395,627;-327,596;0,000;0,000;0,000;0,000;RRR 1.5in;24,6;1015;46;'26.07.2023 16:14:54.720;;
1218;481,290;-3395,628;-327,592;0,000;0,000;0,000;0,000;RRR 1.5in;24,6;1015;46;'26.07.2023 16:14:54.730;;
1219;481,293;-3395,629;-327,591;0,000;0,000;0,000;0,000;RRR 1.5in;24,6;1015;46;'26.07.2023 16:14:54.740;;
1220;481,299;-3395,624;-327,586;0,000;0,000;0,000;0,000;RRR 1.5in;24,6;1015;46;'26.07.2023 16:14:54.750;;
1221;481,303;-3395,618;-327,582;0,000;0,000;0,000;0,000;RRR 1.5in;24,6;1015;46;'26.07.2023 16:14:54.760;;
1222;481,304;-3395,617;-327,581;0,000;0,000;0,000;0,000;RRR 1.5in;24,6;1015;46;'26.07.2023 16:14:54.770;;
1223;481,305;-3395,620;-327,584;0,000;0,000;0,000;0,000;RRR 1.5in;24,6;1015;46;'26.07.2023 16:14:54.780;;
1224;481,302;-3395,622;-327,588;0,000;0,000;0,000;0,000;RRR 1.5in;24,6;1015;46;'26.07.2023 16:14:54.790;;
1225;481,298;-3395,621;-327,591;0,000;0,000;0,000;0,000;RRR 1.5in;24,6;1015;46;'26.07.2023 16:14:54.800;;
1226;481,294;-3395,621;-327,593;0,000;0,000;0,000;0,000;RRR 1.5in;24,6;1015;46;'26.07.2023 16:14:54.810;;
1227;481,292;-3395,625;-327,597;0,000;0,000;0,000;0,000;RRR 1.5in;24,6;1015;46;'26.07.2023 16:14:54.820;;
1228;481,289;-3395,630;-327,598;0,000;0,000;0,000;0,000;RRR 1.5in;24,6;1015;46;'26.07.2023 16:14:54.830;;
1229;481,287;-3395,629;-327,595;0,000;0,000;0,000;0,000;RRR 1.5in;24,6;1015;46;'26.07.2023 16:14:54.840;;
1230;481,288;-3395,628;-327,592;0,000;0,000;0,000;0,000;RRR 1.5in;24,6;1015;46;'26.07.2023 16:14:54.850;;
