Id;X  [mm];Y  [mm];Z  [mm];U(95)  [mm];U(95) X  [mm];U(95) Y  [mm];U(95) Z  [mm];Target;Temperature  [°C];Pressure  [mBar];Humidity  [%];Time Stamp;Delete;
1;593,939;-2813,784;-305,371;0,000;0,000;0,000;0,000;RRR 1.5in;24,5;1015;46;'26.07.2023 15:33:30.120;;
2;593,939;-2813,784;-305,372;0,000;0,000;0,000;0,000;RRR 1.5in;24,5;1015;46;'26.07.2023 15:33:30.130;;
3;593,938;-2813,784;-305,372;0,000;0,000;0,000;0,000;RRR 1.5in;24,5;1015;46;'26.07.2023 15:33:30.140;;
4;593,940;-2813,784;-305,372;0,000;0,000;0,000;0,000;RRR 1.5in;24,5;1015;46;'26.07.2023 15:33:30.150;;
5;593,940;-2813,784;-305,371;0,000;0,000;0,000;0,000;RRR 1.5in;24,5;1015;46;'26.07.2023 15:33:30.160;;
6;593,940;-2813,783;-305,371;0,000;0,000;0,000;0,000;RRR 1.5in;24,5;1015;46;'26.07.2023 15:33:30.170;;
7;593,940;-2813,783;-305,372;0,000;0,000;0,000;0,000;RRR 1.5in;24,5;1015;46;'26.07.2023 15:33:30.180;;
8;593,939;-2813,783;-305,371;0,000;0,000;0,000;0,000;RRR 1.5in;24,5;1015;46;'26.07.2023 15:33:30.190;;
9;593,939;-2813,783;-305,372;0,000;0,000;0,000;0,000;RRR 1.5in;24,5;1015;46;'26.07.2023 15:33:30.200;;
10;593,938;-2813,784;-305,371;0,000;0,000;0,000;0,000;RRR 1.5in;24,5;1015;46;'26.07.2023 15:33:30.210;;
11;593,939;-2813,784;-305,372;0,000;0,000;0,000;0,000;RRR 1.5in;24,5;1015;46;'26.07.2023 15:33:30.220;;
12;593,939;-2813,784;-305,372;0,000;0,000;0,000;0,000;RRR 1.5in;24,5;1015;46;'26.07.2023 15:33:30.230;;
13;593,939;-2813,784;-305,373;0,000;0,000;0,000;0,000;RRR 1.5in;24,5;1015;46;'26.07.2023 15:33:30.240;;
14;593,938;-2813,784;-305,372;0,000;0,000;0,000;0,000;RRR 1.5in;24,5;1015;46;'26.07.2023 15:33:30.250;;
15;593,939;-2813,784;-305,372;0,000;0,000;0,000;0,000;RRR 1.5in;24,5;1015;46;'26.07.2023 15:33:30.260;;
16;593,939;-2813,784;-305,372;0,000;0,000;0,000;0,000;RRR 1.5in;24,5;1015;46;'26.07.2023 15:33:30.270;;
17;593,940;-2813,783;-305,373;0,000;0,000;0,000;0,000;RRR 1.5in;24,5;1015;46;'26.07.2023 15:33:30.280;;
18;593,940;-2813,783;-305,373;0,000;0,000;0,000;0,000;RRR 1.5in;24,5;1015;46;'26.07.2023 15:33:30.290;;
19;593,940;-2813,783;-305,374;0,000;0,000;0,000;0,000;RRR 1.5in;24,5;1015;46;'26.07.2023 15:33:30.300;;
20;593,938;-2813,783;-305,374;0,000;0,000;0,000;0,000;RRR 1.5in;24,5;1015;46;'26.07.2023 15:33:30.310;;
21;593,939;-2813,783;-305,373;0,000;0,000;0,000;0,000;RRR 1.5in;24,5;1015;46;'26.07.2023 15:33:30.320;;
22;593,938;-2813,784;-305,373;0,000;0,000;0,000;0,000;RRR 1.5in;24,5;1015;46;'26.07.2023 15:33:30.330;;
23;593,938;-2813,784;-305,372;0,000;0,000;0,000;0,000;RRR 1.5in;24,5;1015;46;'26.07.2023 15:33:30.340;;
24;593,938;-2813,784;-305,373;0,000;0,000;0,000;0,000;RRR 1.5in;24,5;1015;46;'26.07.2023 15:33:30.350;;
25;593,939;-2813,784;-305,371;0,000;0,000;0,000;0,000;RRR 1.5in;24,5;1015;46;'26.07.2023 15:33:30.360;;
26;593,938;-2813,784;-305,373;0,000;0,000;0,000;0,000;RRR 1.5in;24,5;1015;46;'26.07.2023 15:33:30.370;;
27;593,939;-2813,784;-305,373;0,000;0,000;0,000;0,000;RRR 1.5in;24,5;1015;46;'26.07.2023 15:33:30.380;;
28;593,939;-2813,783;-305,373;0,000;0,000;0,000;0,000;RRR 1.5in;24,5;1015;46;'26.07.2023 15:33:30.390;;
29;593,939;-2813,783;-305,373;0,000;0,000;0,000;0,000;RRR 1.5in;24,5;1015;46;'26.07.2023 15:33:30.400;;
30;593,939;-2813,783;-305,373;0,000;0,000;0,000;0,000;RRR 1.5in;24,5;1015;46;'26.07.2023 15:33:30.410;;
31;593,939;-2813,783;-305,373;0,000;0,000;0,000;0,000;RRR 1.5in;24,5;1015;46;'26.07.2023 15:33:30.420;;
32;593,938;-2813,783;-305,372;0,000;0,000;0,000;0,000;RRR 1.5in;24,5;1015;46;'26.07.2023 15:33:30.430;;
33;593,938;-2813,784;-305,371;0,000;0,000;0,000;0,000;RRR 1.5in;24,5;1015;46;'26.07.2023 15:33:30.440;;
34;593,938;-2813,784;-305,372;0,000;0,000;0,000;0,000;RRR 1.5in;24,5;1015;46;'26.07.2023 15:33:30.450;;
35;593,938;-2813,784;-305,372;0,000;0,000;0,000;0,000;RRR 1.5in;24,5;1015;46;'26.07.2023 15:33:30.460;;
36;593,938;-2813,784;-305,373;0,000;0,000;0,000;0,000;RRR 1.5in;24,5;1015;46;'26.07.2023 15:33:30.470;;
37;593,937;-2813,784;-305,374;0,000;0,000;0,000;0,000;RRR 1.5in;24,5;1015;46;'26.07.2023 15:33:30.480;;
38;593,938;-2813,784;-305,373;0,000;0,000;0,000;0,000;RRR 1.5in;24,5;1015;46;'26.07.2023 15:33:30.490;;
39;593,937;-2813,784;-305,374;0,000;0,000;0,000;0,000;RRR 1.5in;24,5;1015;46;'26.07.2023 15:33:30.500;;
40;593,937;-2813,784;-305,374;0,000;0,000;0,000;0,000;RRR 1.5in;24,5;1015;46;'26.07.2023 15:33:30.510;;
41;593,938;-2813,784;-305,374;0,000;0,000;0,000;0,000;RRR 1.5in;24,5;1015;46;'26.07.2023 15:33:30.520;;
42;593,937;-2813,783;-305,373;0,000;0,000;0,000;0,000;RRR 1.5in;24,5;1015;46;'26.07.2023 15:33:30.530;;
43;593,938;-2813,783;-305,373;0,000;0,000;0,000;0,000;RRR 1.5in;24,5;1015;46;'26.07.2023 15:33:30.540;;
44;593,937;-2813,783;-305,374;0,000;0,000;0,000;0,000;RRR 1.5in;24,5;1015;46;'26.07.2023 15:33:30.550;;
45;593,937;-2813,784;-305,374;0,000;0,000;0,000;0,000;RRR 1.5in;24,5;1015;46;'26.07.2023 15:33:30.560;;
46;593,937;-2813,784;-305,374;0,000;0,000;0,000;0,000;RRR 1.5in;24,5;1015;46;'26.07.2023 15:33:30.570;;
47;593,938;-2813,784;-305,374;0,000;0,000;0,000;0,000;RRR 1.5in;24,5;1015;46;'26.07.2023 15:33:30.580;;
48;593,936;-2813,784;-305,375;0,000;0,000;0,000;0,000;RRR 1.5in;24,5;1015;46;'26.07.2023 15:33:30.590;;
49;593,938;-2813,784;-305,374;0,000;0,000;0,000;0,000;RRR 1.5in;24,5;1015;46;'26.07.2023 15:33:30.600;;
50;593,938;-2813,784;-305,374;0,000;0,000;0,000;0,000;RRR 1.5in;24,5;1015;46;'26.07.2023 15:33:30.610;;
51;593,937;-2813,784;-305,374;0,000;0,000;0,000;0,000;RRR 1.5in;24,5;1015;46;'26.07.2023 15:33:30.620;;
52;593,937;-2813,784;-305,375;0,000;0,000;0,000;0,000;RRR 1.5in;24,5;1015;46;'26.07.2023 15:33:30.630;;
53;593,937;-2813,784;-305,374;0,000;0,000;0,000;0,000;RRR 1.5in;24,5;1015;46;'26.07.2023 15:33:30.640;;
54;593,937;-2813,783;-305,374;0,000;0,000;0,000;0,000;RRR 1.5in;24,5;1015;46;'26.07.2023 15:33:30.650;;
55;593,937;-2813,783;-305,374;0,000;0,000;0,000;0,000;RRR 1.5in;24,5;1015;46;'26.07.2023 15:33:30.660;;
56;593,937;-2813,784;-305,375;0,000;0,000;0,000;0,000;RRR 1.5in;24,5;1015;46;'26.07.2023 15:33:30.670;;
57;593,936;-2813,784;-305,374;0,000;0,000;0,000;0,000;RRR 1.5in;24,5;1015;46;'26.07.2023 15:33:30.680;;
58;593,936;-2813,784;-305,374;0,000;0,000;0,000;0,000;RRR 1.5in;24,5;1015;46;'26.07.2023 15:33:30.690;;
59;593,936;-2813,784;-305,373;0,000;0,000;0,000;0,000;RRR 1.5in;24,5;1015;46;'26.07.2023 15:33:30.700;;
60;593,937;-2813,784;-305,372;0,000;0,000;0,000;0,000;RRR 1.5in;24,5;1015;46;'26.07.2023 15:33:30.710;;
61;593,938;-2813,784;-305,372;0,000;0,000;0,000;0,000;RRR 1.5in;24,5;1015;46;'26.07.2023 15:33:30.720;;
62;593,938;-2813,784;-305,370;0,000;0,000;0,000;0,000;RRR 1.5in;24,5;1015;46;'26.07.2023 15:33:30.730;;
63;593,938;-2813,784;-305,370;0,000;0,000;0,000;0,000;RRR 1.5in;24,5;1015;46;'26.07.2023 15:33:30.740;;
64;593,938;-2813,784;-305,370;0,000;0,000;0,000;0,000;RRR 1.5in;24,5;1015;46;'26.07.2023 15:33:30.750;;
65;593,938;-2813,784;-305,369;0,000;0,000;0,000;0,000;RRR 1.5in;24,5;1015;46;'26.07.2023 15:33:30.760;;
66;593,938;-2813,784;-305,370;0,000;0,000;0,000;0,000;RRR 1.5in;24,5;1015;46;'26.07.2023 15:33:30.770;;
67;593,939;-2813,784;-305,368;0,000;0,000;0,000;0,000;RRR 1.5in;24,5;1015;46;'26.07.2023 15:33:30.780;;
68;593,938;-2813,784;-305,369;0,000;0,000;0,000;0,000;RRR 1.5in;24,5;1015;46;'26.07.2023 15:33:30.790;;
69;593,940;-2813,784;-305,369;0,000;0,000;0,000;0,000;RRR 1.5in;24,5;1015;46;'26.07.2023 15:33:30.800;;
70;593,940;-2813,784;-305,368;0,000;0,000;0,000;0,000;RRR 1.5in;24,5;1015;46;'26.07.2023 15:33:30.810;;
71;593,938;-2813,784;-305,369;0,000;0,000;0,000;0,000;RRR 1.5in;24,5;1015;46;'26.07.2023 15:33:30.820;;
72;593,939;-2813,784;-305,369;0,000;0,000;0,000;0,000;RRR 1.5in;24,5;1015;46;'26.07.2023 15:33:30.830;;
73;593,939;-2813,784;-305,369;0,000;0,000;0,000;0,000;RRR 1.5in;24,5;1015;46;'26.07.2023 15:33:30.840;;
74;593,938;-2813,784;-305,369;0,000;0,000;0,000;0,000;RRR 1.5in;24,5;1015;46;'26.07.2023 15:33:30.850;;
75;593,939;-2813,784;-305,368;0,000;0,000;0,000;0,000;RRR 1.5in;24,5;1015;46;'26.07.2023 15:33:30.860;;
76;593,938;-2813,784;-305,369;0,000;0,000;0,000;0,000;RRR 1.5in;24,5;1015;46;'26.07.2023 15:33:30.870;;
77;593,938;-2813,784;-305,368;0,000;0,000;0,000;0,000;RRR 1.5in;24,5;1015;46;'26.07.2023 15:33:30.880;;
78;593,937;-2813,784;-305,370;0,000;0,000;0,000;0,000;RRR 1.5in;24,5;1015;46;'26.07.2023 15:33:30.890;;
79;593,938;-2813,784;-305,370;0,000;0,000;0,000;0,000;RRR 1.5in;24,5;1015;46;'26.07.2023 15:33:30.900;;
80;593,938;-2813,784;-305,370;0,000;0,000;0,000;0,000;RRR 1.5in;24,5;1015;46;'26.07.2023 15:33:30.910;;
81;593,937;-2813,784;-305,370;0,000;0,000;0,000;0,000;RRR 1.5in;24,5;1015;46;'26.07.2023 15:33:30.920;;
82;593,938;-2813,784;-305,370;0,000;0,000;0,000;0,000;RRR 1.5in;24,5;1015;46;'26.07.2023 15:33:30.930;;
83;593,938;-2813,784;-305,370;0,000;0,000;0,000;0,000;RRR 1.5in;24,5;1015;46;'26.07.2023 15:33:30.940;;
84;593,936;-2813,784;-305,370;0,000;0,000;0,000;0,000;RRR 1.5in;24,5;1015;46;'26.07.2023 15:33:30.950;;
85;593,937;-2813,784;-305,370;0,000;0,000;0,000;0,000;RRR 1.5in;24,5;1015;46;'26.07.2023 15:33:30.960;;
86;593,936;-2813,784;-305,370;0,000;0,000;0,000;0,000;RRR 1.5in;24,5;1015;46;'26.07.2023 15:33:30.970;;
87;593,937;-2813,784;-305,369;0,000;0,000;0,000;0,000;RRR 1.5in;24,5;1015;46;'26.07.2023 15:33:30.980;;
88;593,936;-2813,784;-305,370;0,000;0,000;0,000;0,000;RRR 1.5in;24,5;1015;46;'26.07.2023 15:33:30.990;;
89;593,936;-2813,784;-305,369;0,000;0,000;0,000;0,000;RRR 1.5in;24,5;1015;46;'26.07.2023 15:33:31.000;;
90;593,936;-2813,784;-305,370;0,000;0,000;0,000;0,000;RRR 1.5in;24,5;1015;46;'26.07.2023 15:33:31.010;;
91;593,935;-2813,784;-305,370;0,000;0,000;0,000;0,000;RRR 1.5in;24,5;1015;46;'26.07.2023 15:33:31.020;;
92;593,936;-2813,784;-305,371;0,000;0,000;0,000;0,000;RRR 1.5in;24,5;1015;46;'26.07.2023 15:33:31.030;;
93;593,935;-2813,785;-305,370;0,000;0,000;0,000;0,000;RRR 1.5in;24,5;1015;46;'26.07.2023 15:33:31.040;;
94;593,935;-2813,785;-305,370;0,000;0,000;0,000;0,000;RRR 1.5in;24,5;1015;46;'26.07.2023 15:33:31.050;;
95;593,936;-2813,784;-305,370;0,000;0,000;0,000;0,000;RRR 1.5in;24,5;1015;46;'26.07.2023 15:33:31.060;;
96;593,935;-2813,784;-305,370;0,000;0,000;0,000;0,000;RRR 1.5in;24,5;1015;46;'26.07.2023 15:33:31.070;;
97;593,935;-2813,785;-305,369;0,000;0,000;0,000;0,000;RRR 1.5in;24,5;1015;46;'26.07.2023 15:33:31.080;;
98;593,935;-2813,785;-305,369;0,000;0,000;0,000;0,000;RRR 1.5in;24,5;1015;46;'26.07.2023 15:33:31.090;;
99;593,934;-2813,785;-305,369;0,000;0,000;0,000;0,000;RRR 1.5in;24,5;1015;46;'26.07.2023 15:33:31.100;;
100;593,935;-2813,784;-305,370;0,000;0,000;0,000;0,000;RRR 1.5in;24,5;1015;46;'26.07.2023 15:33:31.110;;
101;593,935;-2813,784;-305,370;0,000;0,000;0,000;0,000;RRR 1.5in;24,5;1015;46;'26.07.2023 15:33:31.120;;
102;593,935;-2813,784;-305,370;0,000;0,000;0,000;0,000;RRR 1.5in;24,5;1015;46;'26.07.2023 15:33:31.130;;
103;593,934;-2813,785;-305,371;0,000;0,000;0,000;0,000;RRR 1.5in;24,5;1015;46;'26.07.2023 15:33:31.140;;
104;593,934;-2813,785;-305,370;0,000;0,000;0,000;0,000;RRR 1.5in;24,5;1015;46;'26.07.2023 15:33:31.150;;
105;593,935;-2813,785;-305,369;0,000;0,000;0,000;0,000;RRR 1.5in;24,5;1015;46;'26.07.2023 15:33:31.160;;
106;593,935;-2813,785;-305,369;0,000;0,000;0,000;0,000;RRR 1.5in;24,5;1015;46;'26.07.2023 15:33:31.170;;
107;593,935;-2813,784;-305,368;0,000;0,000;0,000;0,000;RRR 1.5in;24,5;1015;46;'26.07.2023 15:33:31.180;;
108;593,934;-2813,784;-305,370;0,000;0,000;0,000;0,000;RRR 1.5in;24,5;1015;46;'26.07.2023 15:33:31.190;;
109;593,934;-2813,785;-305,370;0,000;0,000;0,000;0,000;RRR 1.5in;24,5;1015;46;'26.07.2023 15:33:31.200;;
110;593,934;-2813,784;-305,370;0,000;0,000;0,000;0,000;RRR 1.5in;24,5;1015;46;'26.07.2023 15:33:31.210;;
111;593,934;-2813,785;-305,370;0,000;0,000;0,000;0,000;RRR 1.5in;24,5;1015;46;'26.07.2023 15:33:31.220;;
112;593,934;-2813,785;-305,371;0,000;0,000;0,000;0,000;RRR 1.5in;24,5;1015;46;'26.07.2023 15:33:31.230;;
113;593,932;-2813,785;-305,372;0,000;0,000;0,000;0,000;RRR 1.5in;24,5;1015;46;'26.07.2023 15:33:31.240;;
114;593,933;-2813,785;-305,370;0,000;0,000;0,000;0,000;RRR 1.5in;24,5;1015;46;'26.07.2023 15:33:31.250;;
115;593,934;-2813,785;-305,371;0,000;0,000;0,000;0,000;RRR 1.5in;24,5;1015;46;'26.07.2023 15:33:31.260;;
116;593,934;-2813,785;-305,370;0,000;0,000;0,000;0,000;RRR 1.5in;24,5;1015;46;'26.07.2023 15:33:31.270;;
117;593,933;-2813,785;-305,370;0,000;0,000;0,000;0,000;RRR 1.5in;24,5;1015;46;'26.07.2023 15:33:31.280;;
118;593,933;-2813,785;-305,371;0,000;0,000;0,000;0,000;RRR 1.5in;24,5;1015;46;'26.07.2023 15:33:31.290;;
119;593,933;-2813,785;-305,370;0,000;0,000;0,000;0,000;RRR 1.5in;24,5;1015;46;'26.07.2023 15:33:31.300;;
120;593,934;-2813,784;-305,371;0,000;0,000;0,000;0,000;RRR 1.5in;24,5;1015;46;'26.07.2023 15:33:31.310;;
121;593,933;-2813,785;-305,371;0,000;0,000;0,000;0,000;RRR 1.5in;24,5;1015;46;'26.07.2023 15:33:31.320;;
122;593,933;-2813,785;-305,371;0,000;0,000;0,000;0,000;RRR 1.5in;24,5;1015;46;'26.07.2023 15:33:31.330;;
123;593,933;-2813,785;-305,371;0,000;0,000;0,000;0,000;RRR 1.5in;24,5;1015;46;'26.07.2023 15:33:31.340;;
124;593,932;-2813,785;-305,371;0,000;0,000;0,000;0,000;RRR 1.5in;24,5;1015;46;'26.07.2023 15:33:31.350;;
125;593,932;-2813,785;-305,370;0,000;0,000;0,000;0,000;RRR 1.5in;24,5;1015;46;'26.07.2023 15:33:31.360;;
126;593,933;-2813,785;-305,370;0,000;0,000;0,000;0,000;RRR 1.5in;24,5;1015;46;'26.07.2023 15:33:31.370;;
127;593,933;-2813,785;-305,371;0,000;0,000;0,000;0,000;RRR 1.5in;24,5;1015;46;'26.07.2023 15:33:31.380;;
128;593,934;-2813,785;-305,371;0,000;0,000;0,000;0,000;RRR 1.5in;24,5;1015;46;'26.07.2023 15:33:31.390;;
129;593,934;-2813,784;-305,371;0,000;0,000;0,000;0,000;RRR 1.5in;24,5;1015;46;'26.07.2023 15:33:31.400;;
130;593,934;-2813,784;-305,371;0,000;0,000;0,000;0,000;RRR 1.5in;24,5;1015;46;'26.07.2023 15:33:31.410;;
131;593,934;-2813,784;-305,371;0,000;0,000;0,000;0,000;RRR 1.5in;24,5;1015;46;'26.07.2023 15:33:31.420;;
132;593,933;-2813,785;-305,373;0,000;0,000;0,000;0,000;RRR 1.5in;24,5;1015;46;'26.07.2023 15:33:31.430;;
133;593,933;-2813,785;-305,372;0,000;0,000;0,000;0,000;RRR 1.5in;24,5;1015;46;'26.07.2023 15:33:31.440;;
134;593,934;-2813,784;-305,372;0,000;0,000;0,000;0,000;RRR 1.5in;24,5;1015;46;'26.07.2023 15:33:31.450;;
135;593,934;-2813,784;-305,371;0,000;0,000;0,000;0,000;RRR 1.5in;24,5;1015;46;'26.07.2023 15:33:31.460;;
136;593,935;-2813,784;-305,370;0,000;0,000;0,000;0,000;RRR 1.5in;24,5;1015;46;'26.07.2023 15:33:31.470;;
137;593,934;-2813,784;-305,370;0,000;0,000;0,000;0,000;RRR 1.5in;24,5;1015;46;'26.07.2023 15:33:31.480;;
138;593,935;-2813,785;-305,371;0,000;0,000;0,000;0,000;RRR 1.5in;24,5;1015;46;'26.07.2023 15:33:31.490;;
139;593,934;-2813,785;-305,373;0,000;0,000;0,000;0,000;RRR 1.5in;24,5;1015;46;'26.07.2023 15:33:31.500;;
140;593,935;-2813,785;-305,372;0,000;0,000;0,000;0,000;RRR 1.5in;24,5;1015;46;'26.07.2023 15:33:31.510;;
141;593,933;-2813,784;-305,373;0,000;0,000;0,000;0,000;RRR 1.5in;24,5;1015;46;'26.07.2023 15:33:31.520;;
142;593,933;-2813,784;-305,373;0,000;0,000;0,000;0,000;RRR 1.5in;24,5;1015;46;'26.07.2023 15:33:31.530;;
143;593,934;-2813,785;-305,372;0,000;0,000;0,000;0,000;RRR 1.5in;24,5;1015;46;'26.07.2023 15:33:31.540;;
144;593,934;-2813,785;-305,373;0,000;0,000;0,000;0,000;RRR 1.5in;24,5;1015;46;'26.07.2023 15:33:31.550;;
145;593,935;-2813,785;-305,372;0,000;0,000;0,000;0,000;RRR 1.5in;24,5;1015;46;'26.07.2023 15:33:31.560;;
146;593,934;-2813,785;-305,372;0,000;0,000;0,000;0,000;RRR 1.5in;24,5;1015;46;'26.07.2023 15:33:31.570;;
147;593,935;-2813,785;-305,374;0,000;0,000;0,000;0,000;RRR 1.5in;24,5;1015;46;'26.07.2023 15:33:31.580;;
148;593,934;-2813,784;-305,374;0,000;0,000;0,000;0,000;RRR 1.5in;24,5;1015;46;'26.07.2023 15:33:31.590;;
149;593,935;-2813,784;-305,372;0,000;0,000;0,000;0,000;RRR 1.5in;24,5;1015;46;'26.07.2023 15:33:31.600;;
150;593,934;-2813,785;-305,372;0,000;0,000;0,000;0,000;RRR 1.5in;24,5;1015;46;'26.07.2023 15:33:31.610;;
151;593,937;-2813,785;-305,373;0,000;0,000;0,000;0,000;RRR 1.5in;24,5;1015;46;'26.07.2023 15:33:31.620;;
152;593,935;-2813,784;-305,373;0,000;0,000;0,000;0,000;RRR 1.5in;24,5;1015;46;'26.07.2023 15:33:31.630;;
153;593,933;-2813,783;-305,373;0,000;0,000;0,000;0,000;RRR 1.5in;24,5;1015;46;'26.07.2023 15:33:31.640;;
154;593,935;-2813,784;-305,375;0,000;0,000;0,000;0,000;RRR 1.5in;24,5;1015;46;'26.07.2023 15:33:31.650;;
155;593,933;-2813,786;-305,376;0,000;0,000;0,000;0,000;RRR 1.5in;24,5;1015;46;'26.07.2023 15:33:31.660;;
156;593,935;-2813,786;-305,375;0,000;0,000;0,000;0,000;RRR 1.5in;24,5;1015;46;'26.07.2023 15:33:31.670;;
157;593,935;-2813,784;-305,374;0,000;0,000;0,000;0,000;RRR 1.5in;24,5;1015;46;'26.07.2023 15:33:31.680;;
158;593,936;-2813,784;-305,375;0,000;0,000;0,000;0,000;RRR 1.5in;24,5;1015;46;'26.07.2023 15:33:31.690;;
159;593,934;-2813,784;-305,376;0,000;0,000;0,000;0,000;RRR 1.5in;24,5;1015;46;'26.07.2023 15:33:31.700;;
160;593,934;-2813,785;-305,376;0,000;0,000;0,000;0,000;RRR 1.5in;24,5;1015;46;'26.07.2023 15:33:31.710;;
161;593,935;-2813,784;-305,375;0,000;0,000;0,000;0,000;RRR 1.5in;24,5;1015;46;'26.07.2023 15:33:31.720;;
162;593,935;-2813,784;-305,374;0,000;0,000;0,000;0,000;RRR 1.5in;24,5;1015;46;'26.07.2023 15:33:31.730;;
163;593,936;-2813,784;-305,375;0,000;0,000;0,000;0,000;RRR 1.5in;24,5;1015;46;'26.07.2023 15:33:31.740;;
164;593,936;-2813,784;-305,376;0,000;0,000;0,000;0,000;RRR 1.5in;24,5;1015;46;'26.07.2023 15:33:31.750;;
165;593,935;-2813,783;-305,375;0,000;0,000;0,000;0,000;RRR 1.5in;24,5;1015;46;'26.07.2023 15:33:31.760;;
166;593,935;-2813,785;-305,377;0,000;0,000;0,000;0,000;RRR 1.5in;24,5;1015;46;'26.07.2023 15:33:31.770;;
167;593,934;-2813,786;-305,378;0,000;0,000;0,000;0,000;RRR 1.5in;24,5;1015;46;'26.07.2023 15:33:31.780;;
168;593,935;-2813,786;-305,378;0,000;0,000;0,000;0,000;RRR 1.5in;24,5;1015;46;'26.07.2023 15:33:31.790;;
169;593,935;-2813,784;-305,376;0,000;0,000;0,000;0,000;RRR 1.5in;24,5;1015;46;'26.07.2023 15:33:31.800;;
170;593,936;-2813,784;-305,375;0,000;0,000;0,000;0,000;RRR 1.5in;24,5;1015;46;'26.07.2023 15:33:31.810;;
171;593,937;-2813,784;-305,376;0,000;0,000;0,000;0,000;RRR 1.5in;24,5;1015;46;'26.07.2023 15:33:31.820;;
172;593,937;-2813,785;-305,375;0,000;0,000;0,000;0,000;RRR 1.5in;24,5;1015;46;'26.07.2023 15:33:31.830;;
173;593,937;-2813,783;-305,376;0,000;0,000;0,000;0,000;RRR 1.5in;24,5;1015;46;'26.07.2023 15:33:31.840;;
174;593,937;-2813,783;-305,377;0,000;0,000;0,000;0,000;RRR 1.5in;24,5;1015;46;'26.07.2023 15:33:31.850;;
175;593,937;-2813,783;-305,378;0,000;0,000;0,000;0,000;RRR 1.5in;24,5;1015;46;'26.07.2023 15:33:31.860;;
176;593,937;-2813,783;-305,377;0,000;0,000;0,000;0,000;RRR 1.5in;24,5;1015;46;'26.07.2023 15:33:31.870;;
177;593,936;-2813,783;-305,376;0,000;0,000;0,000;0,000;RRR 1.5in;24,5;1015;46;'26.07.2023 15:33:31.880;;
178;593,936;-2813,784;-305,377;0,000;0,000;0,000;0,000;RRR 1.5in;24,5;1015;46;'26.07.2023 15:33:31.890;;
179;593,936;-2813,785;-305,376;0,000;0,000;0,000;0,000;RRR 1.5in;24,5;1015;46;'26.07.2023 15:33:31.900;;
180;593,937;-2813,785;-305,377;0,000;0,000;0,000;0,000;RRR 1.5in;24,5;1015;46;'26.07.2023 15:33:31.910;;
181;593,937;-2813,784;-305,376;0,000;0,000;0,000;0,000;RRR 1.5in;24,5;1015;46;'26.07.2023 15:33:31.920;;
182;593,936;-2813,784;-305,376;0,000;0,000;0,000;0,000;RRR 1.5in;24,5;1015;46;'26.07.2023 15:33:31.930;;
183;593,937;-2813,784;-305,377;0,000;0,000;0,000;0,000;RRR 1.5in;24,5;1015;46;'26.07.2023 15:33:31.940;;
184;593,939;-2813,784;-305,377;0,000;0,000;0,000;0,000;RRR 1.5in;24,5;1015;46;'26.07.2023 15:33:31.950;;
185;593,937;-2813,783;-305,376;0,000;0,000;0,000;0,000;RRR 1.5in;24,5;1015;46;'26.07.2023 15:33:31.960;;
186;593,938;-2813,783;-305,376;0,000;0,000;0,000;0,000;RRR 1.5in;24,5;1015;46;'26.07.2023 15:33:31.970;;
187;593,938;-2813,783;-305,377;0,000;0,000;0,000;0,000;RRR 1.5in;24,5;1015;46;'26.07.2023 15:33:31.980;;
188;593,938;-2813,783;-305,377;0,000;0,000;0,000;0,000;RRR 1.5in;24,5;1015;46;'26.07.2023 15:33:31.990;;
189;593,938;-2813,783;-305,375;0,000;0,000;0,000;0,000;RRR 1.5in;24,5;1015;46;'26.07.2023 15:33:32.000;;
190;593,938;-2813,784;-305,375;0,000;0,000;0,000;0,000;RRR 1.5in;24,5;1015;46;'26.07.2023 15:33:32.010;;
191;593,937;-2813,785;-305,375;0,000;0,000;0,000;0,000;RRR 1.5in;24,5;1015;46;'26.07.2023 15:33:32.020;;
192;593,937;-2813,785;-305,377;0,000;0,000;0,000;0,000;RRR 1.5in;24,5;1015;46;'26.07.2023 15:33:32.030;;
193;593,933;-2813,784;-305,378;0,000;0,000;0,000;0,000;RRR 1.5in;24,5;1015;46;'26.07.2023 15:33:32.040;;
194;593,926;-2813,780;-305,385;0,000;0,000;0,000;0,000;RRR 1.5in;24,5;1015;46;'26.07.2023 15:33:32.050;;
195;593,905;-2813,770;-305,399;0,000;0,000;0,000;0,000;RRR 1.5in;24,5;1015;46;'26.07.2023 15:33:32.060;;
196;593,869;-2813,742;-305,422;0,000;0,000;0,000;0,000;RRR 1.5in;24,5;1015;46;'26.07.2023 15:33:32.070;;
197;593,811;-2813,685;-305,463;0,000;0,000;0,000;0,000;RRR 1.5in;24,5;1015;46;'26.07.2023 15:33:32.080;;
198;593,713;-2813,594;-305,524;0,000;0,000;0,000;0,000;RRR 1.5in;24,5;1015;46;'26.07.2023 15:33:32.090;;
199;593,595;-2813,472;-305,602;0,000;0,000;0,000;0,000;RRR 1.5in;24,5;1015;46;'26.07.2023 15:33:32.100;;
200;593,456;-2813,341;-305,691;0,000;0,000;0,000;0,000;RRR 1.5in;24,5;1015;46;'26.07.2023 15:33:32.110;;
201;593,324;-2813,238;-305,787;0,000;0,000;0,000;0,000;RRR 1.5in;24,5;1015;46;'26.07.2023 15:33:32.120;;
202;593,191;-2813,184;-305,890;0,000;0,000;0,000;0,000;RRR 1.5in;24,5;1015;46;'26.07.2023 15:33:32.130;;
203;593,026;-2813,163;-305,989;0,000;0,000;0,000;0,000;RRR 1.5in;24,5;1015;46;'26.07.2023 15:33:32.140;;
204;592,835;-2813,146;-306,068;0,000;0,000;0,000;0,000;RRR 1.5in;24,5;1015;46;'26.07.2023 15:33:32.150;;
205;592,623;-2813,138;-306,133;0,000;0,000;0,000;0,000;RRR 1.5in;24,5;1015;46;'26.07.2023 15:33:32.160;;
206;592,368;-2813,160;-306,212;0,000;0,000;0,000;0,000;RRR 1.5in;24,5;1015;46;'26.07.2023 15:33:32.170;;
207;592,066;-2813,194;-306,298;0,000;0,000;0,000;0,000;RRR 1.5in;24,5;1015;46;'26.07.2023 15:33:32.180;;
208;591,734;-2813,205;-306,375;0,000;0,000;0,000;0,000;RRR 1.5in;24,5;1015;46;'26.07.2023 15:33:32.190;;
209;591,378;-2813,216;-306,459;0,000;0,000;0,000;0,000;RRR 1.5in;24,5;1015;46;'26.07.2023 15:33:32.200;;
210;591,012;-2813,254;-306,570;0,000;0,000;0,000;0,000;RRR 1.5in;24,5;1015;46;'26.07.2023 15:33:32.210;;
211;590,631;-2813,281;-306,703;0,000;0,000;0,000;0,000;RRR 1.5in;24,5;1015;46;'26.07.2023 15:33:32.220;;
212;590,238;-2813,250;-306,836;0,000;0,000;0,000;0,000;RRR 1.5in;24,5;1015;46;'26.07.2023 15:33:32.230;;
213;589,827;-2813,188;-306,969;0,000;0,000;0,000;0,000;RRR 1.5in;24,5;1015;46;'26.07.2023 15:33:32.240;;
214;589,427;-2813,154;-307,120;0,000;0,000;0,000;0,000;RRR 1.5in;24,5;1015;46;'26.07.2023 15:33:32.250;;
215;589,017;-2813,146;-307,290;0,000;0,000;0,000;0,000;RRR 1.5in;24,5;1015;46;'26.07.2023 15:33:32.260;;
216;588,586;-2813,116;-307,439;0,000;0,000;0,000;0,000;RRR 1.5in;24,5;1015;46;'26.07.2023 15:33:32.270;;
217;588,161;-2813,069;-307,572;0,000;0,000;0,000;0,000;RRR 1.5in;24,5;1015;46;'26.07.2023 15:33:32.280;;
218;587,704;-2813,038;-307,715;0,000;0,000;0,000;0,000;RRR 1.5in;24,5;1015;46;'26.07.2023 15:33:32.290;;
219;587,252;-2813,033;-307,875;0,000;0,000;0,000;0,000;RRR 1.5in;24,5;1015;46;'26.07.2023 15:33:32.300;;
220;586,773;-2813,019;-308,037;0,000;0,000;0,000;0,000;RRR 1.5in;24,5;1015;46;'26.07.2023 15:33:32.310;;
221;586,258;-2812,991;-308,195;0,000;0,000;0,000;0,000;RRR 1.5in;24,5;1015;46;'26.07.2023 15:33:32.320;;
222;585,754;-2812,970;-308,355;0,000;0,000;0,000;0,000;RRR 1.5in;24,5;1015;46;'26.07.2023 15:33:32.330;;
223;585,261;-2812,975;-308,538;0,000;0,000;0,000;0,000;RRR 1.5in;24,5;1015;46;'26.07.2023 15:33:32.340;;
224;584,763;-2812,985;-308,729;0,000;0,000;0,000;0,000;RRR 1.5in;24,5;1015;46;'26.07.2023 15:33:32.350;;
225;584,275;-2812,973;-308,912;0,000;0,000;0,000;0,000;RRR 1.5in;24,5;1015;46;'26.07.2023 15:33:32.360;;
226;583,772;-2812,941;-309,087;0,000;0,000;0,000;0,000;RRR 1.5in;24,5;1015;46;'26.07.2023 15:33:32.370;;
227;583,295;-2812,910;-309,263;0,000;0,000;0,000;0,000;RRR 1.5in;24,5;1015;46;'26.07.2023 15:33:32.380;;
228;582,824;-2812,876;-309,435;0,000;0,000;0,000;0,000;RRR 1.5in;24,5;1015;46;'26.07.2023 15:33:32.390;;
229;582,360;-2812,835;-309,596;0,000;0,000;0,000;0,000;RRR 1.5in;24,5;1015;46;'26.07.2023 15:33:32.400;;
230;581,918;-2812,790;-309,751;0,000;0,000;0,000;0,000;RRR 1.5in;24,5;1015;46;'26.07.2023 15:33:32.410;;
231;581,459;-2812,742;-309,909;0,000;0,000;0,000;0,000;RRR 1.5in;24,5;1015;46;'26.07.2023 15:33:32.420;;
232;580,988;-2812,695;-310,069;0,000;0,000;0,000;0,000;RRR 1.5in;24,5;1015;46;'26.07.2023 15:33:32.430;;
233;580,531;-2812,647;-310,229;0,000;0,000;0,000;0,000;RRR 1.5in;24,5;1015;46;'26.07.2023 15:33:32.440;;
234;580,056;-2812,616;-310,394;0,000;0,000;0,000;0,000;RRR 1.5in;24,5;1015;46;'26.07.2023 15:33:32.450;;
235;579,599;-2812,613;-310,567;0,000;0,000;0,000;0,000;RRR 1.5in;24,5;1015;46;'26.07.2023 15:33:32.460;;
236;579,123;-2812,612;-310,746;0,000;0,000;0,000;0,000;RRR 1.5in;24,5;1015;46;'26.07.2023 15:33:32.470;;
237;578,623;-2812,593;-310,916;0,000;0,000;0,000;0,000;RRR 1.5in;24,5;1015;46;'26.07.2023 15:33:32.480;;
238;578,131;-2812,568;-311,082;0,000;0,000;0,000;0,000;RRR 1.5in;24,5;1015;46;'26.07.2023 15:33:32.490;;
239;577,648;-2812,566;-311,261;0,000;0,000;0,000;0,000;RRR 1.5in;24,5;1015;46;'26.07.2023 15:33:32.500;;
240;577,165;-2812,573;-311,436;0,000;0,000;0,000;0,000;RRR 1.5in;24,5;1015;46;'26.07.2023 15:33:32.510;;
241;576,689;-2812,553;-311,599;0,000;0,000;0,000;0,000;RRR 1.5in;24,5;1015;46;'26.07.2023 15:33:32.520;;
242;576,191;-2812,514;-311,756;0,000;0,000;0,000;0,000;RRR 1.5in;24,5;1015;46;'26.07.2023 15:33:32.530;;
243;575,723;-2812,469;-311,919;0,000;0,000;0,000;0,000;RRR 1.5in;24,5;1015;46;'26.07.2023 15:33:32.540;;
244;575,271;-2812,433;-312,094;0,000;0,000;0,000;0,000;RRR 1.5in;24,5;1015;46;'26.07.2023 15:33:32.550;;
245;574,820;-2812,394;-312,259;0,000;0,000;0,000;0,000;RRR 1.5in;24,5;1015;46;'26.07.2023 15:33:32.560;;
246;574,376;-2812,347;-312,416;0,000;0,000;0,000;0,000;RRR 1.5in;24,5;1015;46;'26.07.2023 15:33:32.570;;
247;573,917;-2812,310;-312,584;0,000;0,000;0,000;0,000;RRR 1.5in;24,5;1015;46;'26.07.2023 15:33:32.580;;
248;573,451;-2812,279;-312,755;0,000;0,000;0,000;0,000;RRR 1.5in;24,5;1015;46;'26.07.2023 15:33:32.590;;
249;573,001;-2812,242;-312,926;0,000;0,000;0,000;0,000;RRR 1.5in;24,5;1015;46;'26.07.2023 15:33:32.600;;
250;572,522;-2812,212;-313,095;0,000;0,000;0,000;0,000;RRR 1.5in;24,5;1015;46;'26.07.2023 15:33:32.610;;
251;572,050;-2812,197;-313,261;0,000;0,000;0,000;0,000;RRR 1.5in;24,5;1015;46;'26.07.2023 15:33:32.620;;
252;571,561;-2812,187;-313,427;0,000;0,000;0,000;0,000;RRR 1.5in;24,5;1015;46;'26.07.2023 15:33:32.630;;
253;571,072;-2812,176;-313,592;0,000;0,000;0,000;0,000;RRR 1.5in;24,5;1015;46;'26.07.2023 15:33:32.640;;
254;570,596;-2812,162;-313,753;0,000;0,000;0,000;0,000;RRR 1.5in;24,5;1015;46;'26.07.2023 15:33:32.650;;
255;570,118;-2812,156;-313,926;0,000;0,000;0,000;0,000;RRR 1.5in;24,5;1015;46;'26.07.2023 15:33:32.660;;
256;569,631;-2812,134;-314,096;0,000;0,000;0,000;0,000;RRR 1.5in;24,5;1015;46;'26.07.2023 15:33:32.670;;
257;569,167;-2812,087;-314,257;0,000;0,000;0,000;0,000;RRR 1.5in;24,5;1015;46;'26.07.2023 15:33:32.680;;
258;568,689;-2812,041;-314,422;0,000;0,000;0,000;0,000;RRR 1.5in;24,5;1015;46;'26.07.2023 15:33:32.690;;
259;568,236;-2812,014;-314,595;0,000;0,000;0,000;0,000;RRR 1.5in;24,5;1015;46;'26.07.2023 15:33:32.700;;
260;567,788;-2811,996;-314,768;0,000;0,000;0,000;0,000;RRR 1.5in;24,5;1015;46;'26.07.2023 15:33:32.710;;
261;567,331;-2811,968;-314,933;0,000;0,000;0,000;0,000;RRR 1.5in;24,5;1015;46;'26.07.2023 15:33:32.720;;
262;566,865;-2811,925;-315,089;0,000;0,000;0,000;0,000;RRR 1.5in;24,5;1015;46;'26.07.2023 15:33:32.730;;
263;566,391;-2811,883;-315,253;0,000;0,000;0,000;0,000;RRR 1.5in;24,5;1015;46;'26.07.2023 15:33:32.740;;
264;565,912;-2811,854;-315,422;0,000;0,000;0,000;0,000;RRR 1.5in;24,5;1015;46;'26.07.2023 15:33:32.750;;
265;565,450;-2811,832;-315,589;0,000;0,000;0,000;0,000;RRR 1.5in;24,5;1015;46;'26.07.2023 15:33:32.760;;
266;564,970;-2811,818;-315,755;0,000;0,000;0,000;0,000;RRR 1.5in;24,5;1015;46;'26.07.2023 15:33:32.770;;
267;564,494;-2811,809;-315,918;0,000;0,000;0,000;0,000;RRR 1.5in;24,5;1015;46;'26.07.2023 15:33:32.780;;
268;564,014;-2811,796;-316,085;0,000;0,000;0,000;0,000;RRR 1.5in;24,5;1015;46;'26.07.2023 15:33:32.790;;
269;563,537;-2811,782;-316,255;0,000;0,000;0,000;0,000;RRR 1.5in;24,5;1015;46;'26.07.2023 15:33:32.800;;
270;563,073;-2811,763;-316,418;0,000;0,000;0,000;0,000;RRR 1.5in;24,5;1015;46;'26.07.2023 15:33:32.810;;
271;562,603;-2811,746;-316,587;0,000;0,000;0,000;0,000;RRR 1.5in;24,5;1015;46;'26.07.2023 15:33:32.820;;
272;562,117;-2811,722;-316,756;0,000;0,000;0,000;0,000;RRR 1.5in;24,5;1015;46;'26.07.2023 15:33:32.830;;
273;561,646;-2811,676;-316,917;0,000;0,000;0,000;0,000;RRR 1.5in;24,5;1015;46;'26.07.2023 15:33:32.840;;
274;561,174;-2811,629;-317,086;0,000;0,000;0,000;0,000;RRR 1.5in;24,5;1015;46;'26.07.2023 15:33:32.850;;
275;560,723;-2811,599;-317,258;0,000;0,000;0,000;0,000;RRR 1.5in;24,5;1015;46;'26.07.2023 15:33:32.860;;
276;560,275;-2811,577;-317,429;0,000;0,000;0,000;0,000;RRR 1.5in;24,5;1015;46;'26.07.2023 15:33:32.870;;
277;559,809;-2811,547;-317,596;0,000;0,000;0,000;0,000;RRR 1.5in;24,5;1015;46;'26.07.2023 15:33:32.880;;
278;559,341;-2811,508;-317,757;0,000;0,000;0,000;0,000;RRR 1.5in;24,5;1015;46;'26.07.2023 15:33:32.890;;
279;558,875;-2811,479;-317,927;0,000;0,000;0,000;0,000;RRR 1.5in;24,5;1015;46;'26.07.2023 15:33:32.900;;
280;558,399;-2811,462;-318,108;0,000;0,000;0,000;0,000;RRR 1.5in;24,5;1015;46;'26.07.2023 15:33:32.910;;
281;557,939;-2811,439;-318,275;0,000;0,000;0,000;0,000;RRR 1.5in;24,5;1015;46;'26.07.2023 15:33:32.920;;
282;557,457;-2811,403;-318,434;0,000;0,000;0,000;0,000;RRR 1.5in;24,5;1015;46;'26.07.2023 15:33:32.930;;
283;556,977;-2811,373;-318,592;0,000;0,000;0,000;0,000;RRR 1.5in;24,5;1015;46;'26.07.2023 15:33:32.940;;
284;556,511;-2811,352;-318,760;0,000;0,000;0,000;0,000;RRR 1.5in;24,5;1015;46;'26.07.2023 15:33:32.950;;
285;556,040;-2811,339;-318,934;0,000;0,000;0,000;0,000;RRR 1.5in;24,5;1015;46;'26.07.2023 15:33:32.960;;
286;555,567;-2811,313;-319,104;0,000;0,000;0,000;0,000;RRR 1.5in;24,5;1015;46;'26.07.2023 15:33:32.970;;
287;555,096;-2811,277;-319,265;0,000;0,000;0,000;0,000;RRR 1.5in;24,5;1015;46;'26.07.2023 15:33:32.980;;
288;554,617;-2811,252;-319,438;0,000;0,000;0,000;0,000;RRR 1.5in;24,5;1015;46;'26.07.2023 15:33:32.990;;
289;554,142;-2811,231;-319,613;0,000;0,000;0,000;0,000;RRR 1.5in;24,5;1015;46;'26.07.2023 15:33:33.000;;
290;553,680;-2811,207;-319,788;0,000;0,000;0,000;0,000;RRR 1.5in;24,5;1015;46;'26.07.2023 15:33:33.010;;
291;553,208;-2811,181;-319,962;0,000;0,000;0,000;0,000;RRR 1.5in;24,5;1015;46;'26.07.2023 15:33:33.020;;
292;552,741;-2811,150;-320,132;0,000;0,000;0,000;0,000;RRR 1.5in;24,5;1015;46;'26.07.2023 15:33:33.030;;
293;552,262;-2811,108;-320,295;0,000;0,000;0,000;0,000;RRR 1.5in;24,5;1015;46;'26.07.2023 15:33:33.040;;
294;551,790;-2811,065;-320,458;0,000;0,000;0,000;0,000;RRR 1.5in;24,5;1015;46;'26.07.2023 15:33:33.050;;
295;551,332;-2811,037;-320,621;0,000;0,000;0,000;0,000;RRR 1.5in;24,5;1015;46;'26.07.2023 15:33:33.060;;
296;550,870;-2811,031;-320,794;0,000;0,000;0,000;0,000;RRR 1.5in;24,5;1015;46;'26.07.2023 15:33:33.070;;
297;550,402;-2811,017;-320,958;0,000;0,000;0,000;0,000;RRR 1.5in;24,5;1015;46;'26.07.2023 15:33:33.080;;
298;549,939;-2810,987;-321,118;0,000;0,000;0,000;0,000;RRR 1.5in;24,5;1015;46;'26.07.2023 15:33:33.090;;
299;549,460;-2810,960;-321,288;0,000;0,000;0,000;0,000;RRR 1.5in;24,5;1015;46;'26.07.2023 15:33:33.100;;
300;548,992;-2810,937;-321,462;0,000;0,000;0,000;0,000;RRR 1.5in;24,5;1015;46;'26.07.2023 15:33:33.110;;
301;548,524;-2810,913;-321,636;0,000;0,000;0,000;0,000;RRR 1.5in;24,5;1015;46;'26.07.2023 15:33:33.120;;
302;548,045;-2810,890;-321,811;0,000;0,000;0,000;0,000;RRR 1.5in;24,5;1015;46;'26.07.2023 15:33:33.130;;
303;547,562;-2810,861;-321,979;0,000;0,000;0,000;0,000;RRR 1.5in;24,5;1015;46;'26.07.2023 15:33:33.140;;
304;547,084;-2810,825;-322,146;0,000;0,000;0,000;0,000;RRR 1.5in;24,5;1015;46;'26.07.2023 15:33:33.150;;
305;546,611;-2810,795;-322,318;0,000;0,000;0,000;0,000;RRR 1.5in;24,5;1015;46;'26.07.2023 15:33:33.160;;
306;546,156;-2810,773;-322,489;0,000;0,000;0,000;0,000;RRR 1.5in;24,5;1015;46;'26.07.2023 15:33:33.170;;
307;545,684;-2810,751;-322,656;0,000;0,000;0,000;0,000;RRR 1.5in;24,5;1015;46;'26.07.2023 15:33:33.180;;
308;545,222;-2810,720;-322,814;0,000;0,000;0,000;0,000;RRR 1.5in;24,5;1015;46;'26.07.2023 15:33:33.190;;
309;544,763;-2810,682;-322,971;0,000;0,000;0,000;0,000;RRR 1.5in;24,5;1015;46;'26.07.2023 15:33:33.200;;
310;544,298;-2810,657;-323,142;0,000;0,000;0,000;0,000;RRR 1.5in;24,5;1015;46;'26.07.2023 15:33:33.210;;
311;543,836;-2810,632;-323,313;0,000;0,000;0,000;0,000;RRR 1.5in;24,5;1015;46;'26.07.2023 15:33:33.220;;
312;543,375;-2810,601;-323,476;0,000;0,000;0,000;0,000;RRR 1.5in;24,5;1015;46;'26.07.2023 15:33:33.230;;
313;542,898;-2810,579;-323,641;0,000;0,000;0,000;0,000;RRR 1.5in;24,5;1015;46;'26.07.2023 15:33:33.240;;
314;542,424;-2810,564;-323,808;0,000;0,000;0,000;0,000;RRR 1.5in;24,5;1015;46;'26.07.2023 15:33:33.250;;
315;541,948;-2810,543;-323,975;0,000;0,000;0,000;0,000;RRR 1.5in;24,5;1015;46;'26.07.2023 15:33:33.260;;
316;541,473;-2810,515;-324,141;0,000;0,000;0,000;0,000;RRR 1.5in;24,5;1015;46;'26.07.2023 15:33:33.270;;
317;541,000;-2810,493;-324,307;0,000;0,000;0,000;0,000;RRR 1.5in;24,5;1015;46;'26.07.2023 15:33:33.280;;
318;540,515;-2810,474;-324,474;0,000;0,000;0,000;0,000;RRR 1.5in;24,5;1015;46;'26.07.2023 15:33:33.290;;
319;540,033;-2810,448;-324,635;0,000;0,000;0,000;0,000;RRR 1.5in;24,5;1015;46;'26.07.2023 15:33:33.300;;
320;539,570;-2810,417;-324,790;0,000;0,000;0,000;0,000;RRR 1.5in;24,5;1015;46;'26.07.2023 15:33:33.310;;
321;539,111;-2810,406;-324,963;0,000;0,000;0,000;0,000;RRR 1.5in;24,5;1015;46;'26.07.2023 15:33:33.320;;
322;538,645;-2810,397;-325,137;0,000;0,000;0,000;0,000;RRR 1.5in;24,5;1015;46;'26.07.2023 15:33:33.330;;
323;538,186;-2810,363;-325,300;0,000;0,000;0,000;0,000;RRR 1.5in;24,5;1015;46;'26.07.2023 15:33:33.340;;
324;537,708;-2810,315;-325,460;0,000;0,000;0,000;0,000;RRR 1.5in;24,5;1015;46;'26.07.2023 15:33:33.350;;
325;537,238;-2810,272;-325,626;0,000;0,000;0,000;0,000;RRR 1.5in;24,5;1015;46;'26.07.2023 15:33:33.360;;
326;536,777;-2810,243;-325,799;0,000;0,000;0,000;0,000;RRR 1.5in;24,5;1015;46;'26.07.2023 15:33:33.370;;
327;536,312;-2810,224;-325,976;0,000;0,000;0,000;0,000;RRR 1.5in;24,5;1015;46;'26.07.2023 15:33:33.380;;
328;535,843;-2810,195;-326,139;0,000;0,000;0,000;0,000;RRR 1.5in;24,5;1015;46;'26.07.2023 15:33:33.390;;
329;535,373;-2810,164;-326,303;0,000;0,000;0,000;0,000;RRR 1.5in;24,5;1015;46;'26.07.2023 15:33:33.400;;
330;534,888;-2810,140;-326,478;0,000;0,000;0,000;0,000;RRR 1.5in;24,5;1015;46;'26.07.2023 15:33:33.410;;
331;534,415;-2810,115;-326,646;0,000;0,000;0,000;0,000;RRR 1.5in;24,5;1015;46;'26.07.2023 15:33:33.420;;
332;533,945;-2810,096;-326,809;0,000;0,000;0,000;0,000;RRR 1.5in;24,5;1015;46;'26.07.2023 15:33:33.430;;
333;533,473;-2810,089;-326,976;0,000;0,000;0,000;0,000;RRR 1.5in;24,5;1015;46;'26.07.2023 15:33:33.440;;
334;533,000;-2810,073;-327,135;0,000;0,000;0,000;0,000;RRR 1.5in;24,5;1015;46;'26.07.2023 15:33:33.450;;
335;532,526;-2810,045;-327,293;0,000;0,000;0,000;0,000;RRR 1.5in;24,5;1015;46;'26.07.2023 15:33:33.460;;
336;532,055;-2810,007;-327,451;0,000;0,000;0,000;0,000;RRR 1.5in;24,5;1015;46;'26.07.2023 15:33:33.470;;
337;531,597;-2809,967;-327,606;0,000;0,000;0,000;0,000;RRR 1.5in;24,5;1015;46;'26.07.2023 15:33:33.480;;
338;531,136;-2809,937;-327,765;0,000;0,000;0,000;0,000;RRR 1.5in;24,5;1015;46;'26.07.2023 15:33:33.490;;
339;530,667;-2809,910;-327,919;0,000;0,000;0,000;0,000;RRR 1.5in;24,5;1015;46;'26.07.2023 15:33:33.500;;
340;530,195;-2809,881;-328,071;0,000;0,000;0,000;0,000;RRR 1.5in;24,5;1015;46;'26.07.2023 15:33:33.510;;
341;529,717;-2809,854;-328,225;0,000;0,000;0,000;0,000;RRR 1.5in;24,5;1015;46;'26.07.2023 15:33:33.520;;
342;529,249;-2809,825;-328,373;0,000;0,000;0,000;0,000;RRR 1.5in;24,5;1015;46;'26.07.2023 15:33:33.530;;
343;528,773;-2809,796;-328,510;0,000;0,000;0,000;0,000;RRR 1.5in;24,5;1015;46;'26.07.2023 15:33:33.540;;
344;528,288;-2809,769;-328,638;0,000;0,000;0,000;0,000;RRR 1.5in;24,5;1015;46;'26.07.2023 15:33:33.550;;
345;527,802;-2809,739;-328,755;0,000;0,000;0,000;0,000;RRR 1.5in;24,5;1015;46;'26.07.2023 15:33:33.560;;
346;527,320;-2809,720;-328,870;0,000;0,000;0,000;0,000;RRR 1.5in;24,5;1015;46;'26.07.2023 15:33:33.570;;
347;526,832;-2809,714;-328,984;0,000;0,000;0,000;0,000;RRR 1.5in;24,5;1015;46;'26.07.2023 15:33:33.580;;
348;526,354;-2809,698;-329,084;0,000;0,000;0,000;0,000;RRR 1.5in;24,5;1015;46;'26.07.2023 15:33:33.590;;
349;525,873;-2809,668;-329,175;0,000;0,000;0,000;0,000;RRR 1.5in;24,5;1015;46;'26.07.2023 15:33:33.600;;
350;525,392;-2809,638;-329,261;0,000;0,000;0,000;0,000;RRR 1.5in;24,5;1015;46;'26.07.2023 15:33:33.610;;
351;524,909;-2809,605;-329,336;0,000;0,000;0,000;0,000;RRR 1.5in;24,5;1015;46;'26.07.2023 15:33:33.620;;
352;524,428;-2809,570;-329,408;0,000;0,000;0,000;0,000;RRR 1.5in;24,5;1015;46;'26.07.2023 15:33:33.630;;
353;523,941;-2809,529;-329,474;0,000;0,000;0,000;0,000;RRR 1.5in;24,5;1015;46;'26.07.2023 15:33:33.640;;
354;523,473;-2809,495;-329,529;0,000;0,000;0,000;0,000;RRR 1.5in;24,5;1015;46;'26.07.2023 15:33:33.650;;
355;522,987;-2809,470;-329,587;0,000;0,000;0,000;0,000;RRR 1.5in;24,5;1015;46;'26.07.2023 15:33:33.660;;
356;522,489;-2809,439;-329,637;0,000;0,000;0,000;0,000;RRR 1.5in;24,5;1015;46;'26.07.2023 15:33:33.670;;
357;521,996;-2809,390;-329,673;0,000;0,000;0,000;0,000;RRR 1.5in;24,5;1015;46;'26.07.2023 15:33:33.680;;
358;521,487;-2809,348;-329,707;0,000;0,000;0,000;0,000;RRR 1.5in;24,5;1015;46;'26.07.2023 15:33:33.690;;
359;520,986;-2809,321;-329,741;0,000;0,000;0,000;0,000;RRR 1.5in;24,5;1015;46;'26.07.2023 15:33:33.700;;
360;520,494;-2809,298;-329,764;0,000;0,000;0,000;0,000;RRR 1.5in;24,5;1015;46;'26.07.2023 15:33:33.710;;
361;520,003;-2809,284;-329,781;0,000;0,000;0,000;0,000;RRR 1.5in;24,5;1015;46;'26.07.2023 15:33:33.720;;
362;519,508;-2809,278;-329,790;0,000;0,000;0,000;0,000;RRR 1.5in;24,5;1015;46;'26.07.2023 15:33:33.730;;
363;519,009;-2809,270;-329,802;0,000;0,000;0,000;0,000;RRR 1.5in;24,5;1015;46;'26.07.2023 15:33:33.740;;
364;518,503;-2809,243;-329,808;0,000;0,000;0,000;0,000;RRR 1.5in;24,5;1015;46;'26.07.2023 15:33:33.750;;
365;518,013;-2809,198;-329,805;0,000;0,000;0,000;0,000;RRR 1.5in;24,5;1015;46;'26.07.2023 15:33:33.760;;
366;517,518;-2809,157;-329,808;0,000;0,000;0,000;0,000;RRR 1.5in;24,5;1015;46;'26.07.2023 15:33:33.770;;
367;517,025;-2809,131;-329,821;0,000;0,000;0,000;0,000;RRR 1.5in;24,5;1015;46;'26.07.2023 15:33:33.780;;
368;516,533;-2809,107;-329,832;0,000;0,000;0,000;0,000;RRR 1.5in;24,5;1015;46;'26.07.2023 15:33:33.790;;
369;516,043;-2809,089;-329,844;0,000;0,000;0,000;0,000;RRR 1.5in;24,5;1015;46;'26.07.2023 15:33:33.800;;
370;515,548;-2809,068;-329,852;0,000;0,000;0,000;0,000;RRR 1.5in;24,5;1015;46;'26.07.2023 15:33:33.810;;
371;515,056;-2809,034;-329,855;0,000;0,000;0,000;0,000;RRR 1.5in;24,5;1015;46;'26.07.2023 15:33:33.820;;
372;514,540;-2808,989;-329,861;0,000;0,000;0,000;0,000;RRR 1.5in;24,5;1015;46;'26.07.2023 15:33:33.830;;
373;514,032;-2808,939;-329,854;0,000;0,000;0,000;0,000;RRR 1.5in;24,5;1015;46;'26.07.2023 15:33:33.840;;
374;513,525;-2808,899;-329,848;0,000;0,000;0,000;0,000;RRR 1.5in;24,5;1015;46;'26.07.2023 15:33:33.850;;
375;513,011;-2808,883;-329,853;0,000;0,000;0,000;0,000;RRR 1.5in;24,5;1015;46;'26.07.2023 15:33:33.860;;
376;512,516;-2808,867;-329,849;0,000;0,000;0,000;0,000;RRR 1.5in;24,5;1015;46;'26.07.2023 15:33:33.870;;
377;512,030;-2808,850;-329,846;0,000;0,000;0,000;0,000;RRR 1.5in;24,5;1015;46;'26.07.2023 15:33:33.880;;
378;511,532;-2808,830;-329,849;0,000;0,000;0,000;0,000;RRR 1.5in;24,5;1015;46;'26.07.2023 15:33:33.890;;
379;511,033;-2808,798;-329,851;0,000;0,000;0,000;0,000;RRR 1.5in;24,5;1015;46;'26.07.2023 15:33:33.900;;
380;510,523;-2808,752;-329,855;0,000;0,000;0,000;0,000;RRR 1.5in;24,5;1015;46;'26.07.2023 15:33:33.910;;
381;510,010;-2808,711;-329,861;0,000;0,000;0,000;0,000;RRR 1.5in;24,5;1015;46;'26.07.2023 15:33:33.920;;
382;509,522;-2808,676;-329,867;0,000;0,000;0,000;0,000;RRR 1.5in;24,5;1015;46;'26.07.2023 15:33:33.930;;
383;509,030;-2808,652;-329,876;0,000;0,000;0,000;0,000;RRR 1.5in;24,5;1015;46;'26.07.2023 15:33:33.940;;
384;508,539;-2808,628;-329,880;0,000;0,000;0,000;0,000;RRR 1.5in;24,5;1015;46;'26.07.2023 15:33:33.950;;
385;508,051;-2808,595;-329,872;0,000;0,000;0,000;0,000;RRR 1.5in;24,5;1015;46;'26.07.2023 15:33:33.960;;
386;507,552;-2808,574;-329,877;0,000;0,000;0,000;0,000;RRR 1.5in;24,5;1015;46;'26.07.2023 15:33:33.970;;
387;507,042;-2808,551;-329,878;0,000;0,000;0,000;0,000;RRR 1.5in;24,5;1015;46;'26.07.2023 15:33:33.980;;
388;506,543;-2808,518;-329,869;0,000;0,000;0,000;0,000;RRR 1.5in;24,5;1015;46;'26.07.2023 15:33:33.990;;
389;506,035;-2808,491;-329,865;0,000;0,000;0,000;0,000;RRR 1.5in;24,5;1015;46;'26.07.2023 15:33:34.000;;
390;505,532;-2808,480;-329,868;0,000;0,000;0,000;0,000;RRR 1.5in;24,5;1015;46;'26.07.2023 15:33:34.010;;
391;505,033;-2808,462;-329,870;0,000;0,000;0,000;0,000;RRR 1.5in;24,5;1015;46;'26.07.2023 15:33:34.020;;
392;504,536;-2808,440;-329,874;0,000;0,000;0,000;0,000;RRR 1.5in;24,5;1015;46;'26.07.2023 15:33:34.030;;
393;504,034;-2808,403;-329,879;0,000;0,000;0,000;0,000;RRR 1.5in;24,5;1015;46;'26.07.2023 15:33:34.040;;
394;503,526;-2808,361;-329,887;0,000;0,000;0,000;0,000;RRR 1.5in;24,5;1015;46;'26.07.2023 15:33:34.050;;
395;503,018;-2808,313;-329,893;0,000;0,000;0,000;0,000;RRR 1.5in;24,5;1015;46;'26.07.2023 15:33:34.060;;
396;502,529;-2808,270;-329,886;0,000;0,000;0,000;0,000;RRR 1.5in;24,5;1015;46;'26.07.2023 15:33:34.070;;
397;502,036;-2808,242;-329,885;0,000;0,000;0,000;0,000;RRR 1.5in;24,5;1015;46;'26.07.2023 15:33:34.080;;
398;501,540;-2808,223;-329,886;0,000;0,000;0,000;0,000;RRR 1.5in;24,5;1015;46;'26.07.2023 15:33:34.090;;
399;501,051;-2808,189;-329,874;0,000;0,000;0,000;0,000;RRR 1.5in;24,5;1015;46;'26.07.2023 15:33:34.100;;
400;500,557;-2808,152;-329,860;0,000;0,000;0,000;0,000;RRR 1.5in;24,5;1015;46;'26.07.2023 15:33:34.110;;
401;500,054;-2808,126;-329,857;0,000;0,000;0,000;0,000;RRR 1.5in;24,5;1015;46;'26.07.2023 15:33:34.120;;
402;499,550;-2808,102;-329,856;0,000;0,000;0,000;0,000;RRR 1.5in;24,5;1015;46;'26.07.2023 15:33:34.130;;
403;499,043;-2808,080;-329,861;0,000;0,000;0,000;0,000;RRR 1.5in;24,5;1015;46;'26.07.2023 15:33:34.140;;
404;498,540;-2808,062;-329,864;0,000;0,000;0,000;0,000;RRR 1.5in;24,5;1015;46;'26.07.2023 15:33:34.150;;
405;498,062;-2808,047;-329,872;0,000;0,000;0,000;0,000;RRR 1.5in;24,5;1015;46;'26.07.2023 15:33:34.160;;
406;497,563;-2808,024;-329,884;0,000;0,000;0,000;0,000;RRR 1.5in;24,5;1015;46;'26.07.2023 15:33:34.170;;
407;497,063;-2807,980;-329,885;0,000;0,000;0,000;0,000;RRR 1.5in;24,5;1015;46;'26.07.2023 15:33:34.180;;
408;496,561;-2807,928;-329,879;0,000;0,000;0,000;0,000;RRR 1.5in;24,5;1015;46;'26.07.2023 15:33:34.190;;
409;496,050;-2807,895;-329,882;0,000;0,000;0,000;0,000;RRR 1.5in;24,5;1015;46;'26.07.2023 15:33:34.200;;
410;495,549;-2807,868;-329,882;0,000;0,000;0,000;0,000;RRR 1.5in;24,5;1015;46;'26.07.2023 15:33:34.210;;
411;495,052;-2807,840;-329,871;0,000;0,000;0,000;0,000;RRR 1.5in;24,5;1015;46;'26.07.2023 15:33:34.220;;
412;494,554;-2807,818;-329,863;0,000;0,000;0,000;0,000;RRR 1.5in;24,5;1015;46;'26.07.2023 15:33:34.230;;
413;494,054;-2807,804;-329,855;0,000;0,000;0,000;0,000;RRR 1.5in;24,5;1015;46;'26.07.2023 15:33:34.240;;
414;493,553;-2807,787;-329,853;0,000;0,000;0,000;0,000;RRR 1.5in;24,5;1015;46;'26.07.2023 15:33:34.250;;
415;493,032;-2807,764;-329,852;0,000;0,000;0,000;0,000;RRR 1.5in;24,5;1015;46;'26.07.2023 15:33:34.260;;
416;492,516;-2807,730;-329,848;0,000;0,000;0,000;0,000;RRR 1.5in;24,5;1015;46;'26.07.2023 15:33:34.270;;
417;492,014;-2807,697;-329,851;0,000;0,000;0,000;0,000;RRR 1.5in;24,5;1015;46;'26.07.2023 15:33:34.280;;
418;491,518;-2807,670;-329,861;0,000;0,000;0,000;0,000;RRR 1.5in;24,5;1015;46;'26.07.2023 15:33:34.290;;
419;491,025;-2807,638;-329,864;0,000;0,000;0,000;0,000;RRR 1.5in;24,5;1015;46;'26.07.2023 15:33:34.300;;
420;490,538;-2807,604;-329,865;0,000;0,000;0,000;0,000;RRR 1.5in;24,5;1015;46;'26.07.2023 15:33:34.310;;
421;490,044;-2807,571;-329,858;0,000;0,000;0,000;0,000;RRR 1.5in;24,5;1015;46;'26.07.2023 15:33:34.320;;
422;489,570;-2807,539;-329,846;0,000;0,000;0,000;0,000;RRR 1.5in;24,5;1015;46;'26.07.2023 15:33:34.330;;
423;489,078;-2807,509;-329,830;0,000;0,000;0,000;0,000;RRR 1.5in;24,5;1015;46;'26.07.2023 15:33:34.340;;
424;488,584;-2807,486;-329,817;0,000;0,000;0,000;0,000;RRR 1.5in;24,5;1015;46;'26.07.2023 15:33:34.350;;
425;488,091;-2807,464;-329,804;0,000;0,000;0,000;0,000;RRR 1.5in;24,5;1015;46;'26.07.2023 15:33:34.360;;
426;487,592;-2807,456;-329,804;0,000;0,000;0,000;0,000;RRR 1.5in;24,5;1015;46;'26.07.2023 15:33:34.370;;
427;487,094;-2807,450;-329,806;0,000;0,000;0,000;0,000;RRR 1.5in;24,5;1015;46;'26.07.2023 15:33:34.380;;
428;486,600;-2807,428;-329,807;0,000;0,000;0,000;0,000;RRR 1.5in;24,5;1015;46;'26.07.2023 15:33:34.390;;
429;486,093;-2807,397;-329,818;0,000;0,000;0,000;0,000;RRR 1.5in;24,5;1015;46;'26.07.2023 15:33:34.400;;
430;485,581;-2807,349;-329,821;0,000;0,000;0,000;0,000;RRR 1.5in;24,5;1015;46;'26.07.2023 15:33:34.410;;
431;485,082;-2807,298;-329,827;0,000;0,000;0,000;0,000;RRR 1.5in;24,5;1015;46;'26.07.2023 15:33:34.420;;
432;484,569;-2807,255;-329,840;0,000;0,000;0,000;0,000;RRR 1.5in;24,5;1015;46;'26.07.2023 15:33:34.430;;
433;484,070;-2807,216;-329,844;0,000;0,000;0,000;0,000;RRR 1.5in;24,5;1015;46;'26.07.2023 15:33:34.440;;
434;483,575;-2807,178;-329,837;0,000;0,000;0,000;0,000;RRR 1.5in;24,5;1015;46;'26.07.2023 15:33:34.450;;
435;483,088;-2807,160;-329,832;0,000;0,000;0,000;0,000;RRR 1.5in;24,5;1015;46;'26.07.2023 15:33:34.460;;
436;482,593;-2807,145;-329,827;0,000;0,000;0,000;0,000;RRR 1.5in;24,5;1015;46;'26.07.2023 15:33:34.470;;
437;482,095;-2807,120;-329,818;0,000;0,000;0,000;0,000;RRR 1.5in;24,5;1015;46;'26.07.2023 15:33:34.480;;
438;481,585;-2807,089;-329,814;0,000;0,000;0,000;0,000;RRR 1.5in;24,5;1015;46;'26.07.2023 15:33:34.490;;
439;481,080;-2807,060;-329,807;0,000;0,000;0,000;0,000;RRR 1.5in;24,5;1015;46;'26.07.2023 15:33:34.500;;
440;480,585;-2807,038;-329,812;0,000;0,000;0,000;0,000;RRR 1.5in;24,5;1015;46;'26.07.2023 15:33:34.510;;
441;480,084;-2807,021;-329,826;0,000;0,000;0,000;0,000;RRR 1.5in;24,5;1015;46;'26.07.2023 15:33:34.520;;
442;479,589;-2807,003;-329,840;0,000;0,000;0,000;0,000;RRR 1.5in;24,5;1015;46;'26.07.2023 15:33:34.530;;
443;479,093;-2806,983;-329,854;0,000;0,000;0,000;0,000;RRR 1.5in;24,5;1015;46;'26.07.2023 15:33:34.540;;
444;478,585;-2806,951;-329,867;0,000;0,000;0,000;0,000;RRR 1.5in;24,5;1015;46;'26.07.2023 15:33:34.550;;
445;478,078;-2806,892;-329,863;0,000;0,000;0,000;0,000;RRR 1.5in;24,5;1015;46;'26.07.2023 15:33:34.560;;
446;477,575;-2806,831;-329,855;0,000;0,000;0,000;0,000;RRR 1.5in;24,5;1015;46;'26.07.2023 15:33:34.570;;
447;477,067;-2806,796;-329,850;0,000;0,000;0,000;0,000;RRR 1.5in;24,5;1015;46;'26.07.2023 15:33:34.580;;
448;476,576;-2806,773;-329,838;0,000;0,000;0,000;0,000;RRR 1.5in;24,5;1015;46;'26.07.2023 15:33:34.590;;
449;476,096;-2806,752;-329,827;0,000;0,000;0,000;0,000;RRR 1.5in;24,5;1015;46;'26.07.2023 15:33:34.600;;
450;475,608;-2806,739;-329,828;0,000;0,000;0,000;0,000;RRR 1.5in;24,5;1015;46;'26.07.2023 15:33:34.610;;
451;475,110;-2806,721;-329,832;0,000;0,000;0,000;0,000;RRR 1.5in;24,5;1015;46;'26.07.2023 15:33:34.620;;
452;474,612;-2806,679;-329,832;0,000;0,000;0,000;0,000;RRR 1.5in;24,5;1015;46;'26.07.2023 15:33:34.630;;
453;474,109;-2806,632;-329,839;0,000;0,000;0,000;0,000;RRR 1.5in;24,5;1015;46;'26.07.2023 15:33:34.640;;
454;473,599;-2806,599;-329,853;0,000;0,000;0,000;0,000;RRR 1.5in;24,5;1015;46;'26.07.2023 15:33:34.650;;
455;473,088;-2806,574;-329,871;0,000;0,000;0,000;0,000;RRR 1.5in;24,5;1015;46;'26.07.2023 15:33:34.660;;
456;472,588;-2806,546;-329,879;0,000;0,000;0,000;0,000;RRR 1.5in;24,5;1015;46;'26.07.2023 15:33:34.670;;
457;472,103;-2806,524;-329,878;0,000;0,000;0,000;0,000;RRR 1.5in;24,5;1015;46;'26.07.2023 15:33:34.680;;
458;471,604;-2806,517;-329,888;0,000;0,000;0,000;0,000;RRR 1.5in;24,5;1015;46;'26.07.2023 15:33:34.690;;
459;471,105;-2806,506;-329,893;0,000;0,000;0,000;0,000;RRR 1.5in;24,5;1015;46;'26.07.2023 15:33:34.700;;
460;470,605;-2806,465;-329,879;0,000;0,000;0,000;0,000;RRR 1.5in;24,5;1015;46;'26.07.2023 15:33:34.710;;
461;470,098;-2806,422;-329,866;0,000;0,000;0,000;0,000;RRR 1.5in;24,5;1015;46;'26.07.2023 15:33:34.720;;
462;469,593;-2806,394;-329,864;0,000;0,000;0,000;0,000;RRR 1.5in;24,5;1015;46;'26.07.2023 15:33:34.730;;
463;469,100;-2806,365;-329,863;0,000;0,000;0,000;0,000;RRR 1.5in;24,5;1015;46;'26.07.2023 15:33:34.740;;
464;468,607;-2806,333;-329,860;0,000;0,000;0,000;0,000;RRR 1.5in;24,5;1015;46;'26.07.2023 15:33:34.750;;
465;468,113;-2806,310;-329,860;0,000;0,000;0,000;0,000;RRR 1.5in;24,5;1015;46;'26.07.2023 15:33:34.760;;
466;467,620;-2806,291;-329,869;0,000;0,000;0,000;0,000;RRR 1.5in;24,5;1015;46;'26.07.2023 15:33:34.770;;
467;467,114;-2806,267;-329,884;0,000;0,000;0,000;0,000;RRR 1.5in;24,5;1015;46;'26.07.2023 15:33:34.780;;
468;466,609;-2806,227;-329,889;0,000;0,000;0,000;0,000;RRR 1.5in;24,5;1015;46;'26.07.2023 15:33:34.790;;
469;466,101;-2806,183;-329,889;0,000;0,000;0,000;0,000;RRR 1.5in;24,5;1015;46;'26.07.2023 15:33:34.800;;
470;465,593;-2806,152;-329,896;0,000;0,000;0,000;0,000;RRR 1.5in;24,5;1015;46;'26.07.2023 15:33:34.810;;
471;465,087;-2806,122;-329,894;0,000;0,000;0,000;0,000;RRR 1.5in;24,5;1015;46;'26.07.2023 15:33:34.820;;
472;464,606;-2806,095;-329,881;0,000;0,000;0,000;0,000;RRR 1.5in;24,5;1015;46;'26.07.2023 15:33:34.830;;
473;464,110;-2806,087;-329,878;0,000;0,000;0,000;0,000;RRR 1.5in;24,5;1015;46;'26.07.2023 15:33:34.840;;
474;463,627;-2806,079;-329,874;0,000;0,000;0,000;0,000;RRR 1.5in;24,5;1015;46;'26.07.2023 15:33:34.850;;
475;463,147;-2806,047;-329,864;0,000;0,000;0,000;0,000;RRR 1.5in;24,5;1015;46;'26.07.2023 15:33:34.860;;
476;462,651;-2806,002;-329,859;0,000;0,000;0,000;0,000;RRR 1.5in;24,5;1015;46;'26.07.2023 15:33:34.870;;
477;462,151;-2805,960;-329,864;0,000;0,000;0,000;0,000;RRR 1.5in;24,5;1015;46;'26.07.2023 15:33:34.880;;
478;461,646;-2805,927;-329,875;0,000;0,000;0,000;0,000;RRR 1.5in;24,5;1015;46;'26.07.2023 15:33:34.890;;
479;461,144;-2805,896;-329,882;0,000;0,000;0,000;0,000;RRR 1.5in;24,5;1015;46;'26.07.2023 15:33:34.900;;
480;460,644;-2805,872;-329,884;0,000;0,000;0,000;0,000;RRR 1.5in;24,5;1015;46;'26.07.2023 15:33:34.910;;
481;460,147;-2805,853;-329,887;0,000;0,000;0,000;0,000;RRR 1.5in;24,5;1015;46;'26.07.2023 15:33:34.920;;
482;459,641;-2805,834;-329,894;0,000;0,000;0,000;0,000;RRR 1.5in;24,5;1015;46;'26.07.2023 15:33:34.930;;
483;459,145;-2805,800;-329,885;0,000;0,000;0,000;0,000;RRR 1.5in;24,5;1015;46;'26.07.2023 15:33:34.940;;
484;458,638;-2805,762;-329,875;0,000;0,000;0,000;0,000;RRR 1.5in;24,5;1015;46;'26.07.2023 15:33:34.950;;
485;458,119;-2805,730;-329,876;0,000;0,000;0,000;0,000;RRR 1.5in;24,5;1015;46;'26.07.2023 15:33:34.960;;
486;457,617;-2805,691;-329,871;0,000;0,000;0,000;0,000;RRR 1.5in;24,5;1015;46;'26.07.2023 15:33:34.970;;
487;457,133;-2805,664;-329,866;0,000;0,000;0,000;0,000;RRR 1.5in;24,5;1015;46;'26.07.2023 15:33:34.980;;
488;456,641;-2805,659;-329,875;0,000;0,000;0,000;0,000;RRR 1.5in;24,5;1015;46;'26.07.2023 15:33:34.990;;
489;456,143;-2805,641;-329,880;0,000;0,000;0,000;0,000;RRR 1.5in;24,5;1015;46;'26.07.2023 15:33:35.000;;
490;455,647;-2805,600;-329,880;0,000;0,000;0,000;0,000;RRR 1.5in;24,5;1015;46;'26.07.2023 15:33:35.010;;
491;455,136;-2805,556;-329,886;0,000;0,000;0,000;0,000;RRR 1.5in;24,5;1015;46;'26.07.2023 15:33:35.020;;
492;454,629;-2805,517;-329,890;0,000;0,000;0,000;0,000;RRR 1.5in;24,5;1015;46;'26.07.2023 15:33:35.030;;
493;454,124;-2805,474;-329,890;0,000;0,000;0,000;0,000;RRR 1.5in;24,5;1015;46;'26.07.2023 15:33:35.040;;
494;453,624;-2805,431;-329,887;0,000;0,000;0,000;0,000;RRR 1.5in;24,5;1015;46;'26.07.2023 15:33:35.050;;
495;453,137;-2805,410;-329,882;0,000;0,000;0,000;0,000;RRR 1.5in;24,5;1015;46;'26.07.2023 15:33:35.060;;
496;452,655;-2805,405;-329,883;0,000;0,000;0,000;0,000;RRR 1.5in;24,5;1015;46;'26.07.2023 15:33:35.070;;
497;452,161;-2805,386;-329,882;0,000;0,000;0,000;0,000;RRR 1.5in;24,5;1015;46;'26.07.2023 15:33:35.080;;
498;451,662;-2805,342;-329,873;0,000;0,000;0,000;0,000;RRR 1.5in;24,5;1015;46;'26.07.2023 15:33:35.090;;
499;451,157;-2805,300;-329,870;0,000;0,000;0,000;0,000;RRR 1.5in;24,5;1015;46;'26.07.2023 15:33:35.100;;
500;450,645;-2805,269;-329,877;0,000;0,000;0,000;0,000;RRR 1.5in;24,5;1015;46;'26.07.2023 15:33:35.110;;
501;450,157;-2805,235;-329,879;0,000;0,000;0,000;0,000;RRR 1.5in;24,5;1015;46;'26.07.2023 15:33:35.120;;
502;449,660;-2805,206;-329,884;0,000;0,000;0,000;0,000;RRR 1.5in;24,5;1015;46;'26.07.2023 15:33:35.130;;
503;449,154;-2805,195;-329,896;0,000;0,000;0,000;0,000;RRR 1.5in;24,5;1015;46;'26.07.2023 15:33:35.140;;
504;448,653;-2805,180;-329,903;0,000;0,000;0,000;0,000;RRR 1.5in;24,5;1015;46;'26.07.2023 15:33:35.150;;
505;448,157;-2805,150;-329,900;0,000;0,000;0,000;0,000;RRR 1.5in;24,5;1015;46;'26.07.2023 15:33:35.160;;
506;447,644;-2805,115;-329,898;0,000;0,000;0,000;0,000;RRR 1.5in;24,5;1015;46;'26.07.2023 15:33:35.170;;
507;447,130;-2805,080;-329,894;0,000;0,000;0,000;0,000;RRR 1.5in;24,5;1015;46;'26.07.2023 15:33:35.180;;
508;446,631;-2805,041;-329,891;0,000;0,000;0,000;0,000;RRR 1.5in;24,5;1015;46;'26.07.2023 15:33:35.190;;
509;446,129;-2805,003;-329,888;0,000;0,000;0,000;0,000;RRR 1.5in;24,5;1015;46;'26.07.2023 15:33:35.200;;
510;445,646;-2804,978;-329,888;0,000;0,000;0,000;0,000;RRR 1.5in;24,5;1015;46;'26.07.2023 15:33:35.210;;
511;445,150;-2804,963;-329,897;0,000;0,000;0,000;0,000;RRR 1.5in;24,5;1015;46;'26.07.2023 15:33:35.220;;
512;444,650;-2804,941;-329,908;0,000;0,000;0,000;0,000;RRR 1.5in;24,5;1015;46;'26.07.2023 15:33:35.230;;
513;444,161;-2804,902;-329,905;0,000;0,000;0,000;0,000;RRR 1.5in;24,5;1015;46;'26.07.2023 15:33:35.240;;
514;443,671;-2804,870;-329,906;0,000;0,000;0,000;0,000;RRR 1.5in;24,5;1015;46;'26.07.2023 15:33:35.250;;
515;443,156;-2804,849;-329,921;0,000;0,000;0,000;0,000;RRR 1.5in;24,5;1015;46;'26.07.2023 15:33:35.260;;
516;442,648;-2804,814;-329,921;0,000;0,000;0,000;0,000;RRR 1.5in;24,5;1015;46;'26.07.2023 15:33:35.270;;
517;442,150;-2804,771;-329,912;0,000;0,000;0,000;0,000;RRR 1.5in;24,5;1015;46;'26.07.2023 15:33:35.280;;
518;441,641;-2804,749;-329,910;0,000;0,000;0,000;0,000;RRR 1.5in;24,5;1015;46;'26.07.2023 15:33:35.290;;
519;441,157;-2804,740;-329,912;0,000;0,000;0,000;0,000;RRR 1.5in;24,5;1015;46;'26.07.2023 15:33:35.300;;
520;440,665;-2804,725;-329,915;0,000;0,000;0,000;0,000;RRR 1.5in;24,5;1015;46;'26.07.2023 15:33:35.310;;
521;440,168;-2804,697;-329,910;0,000;0,000;0,000;0,000;RRR 1.5in;24,5;1015;46;'26.07.2023 15:33:35.320;;
522;439,670;-2804,653;-329,902;0,000;0,000;0,000;0,000;RRR 1.5in;24,5;1015;46;'26.07.2023 15:33:35.330;;
523;439,174;-2804,611;-329,903;0,000;0,000;0,000;0,000;RRR 1.5in;24,5;1015;46;'26.07.2023 15:33:35.340;;
524;438,665;-2804,573;-329,911;0,000;0,000;0,000;0,000;RRR 1.5in;24,5;1015;46;'26.07.2023 15:33:35.350;;
525;438,158;-2804,532;-329,912;0,000;0,000;0,000;0,000;RRR 1.5in;24,5;1015;46;'26.07.2023 15:33:35.360;;
526;437,669;-2804,499;-329,913;0,000;0,000;0,000;0,000;RRR 1.5in;24,5;1015;46;'26.07.2023 15:33:35.370;;
527;437,173;-2804,484;-329,919;0,000;0,000;0,000;0,000;RRR 1.5in;24,5;1015;46;'26.07.2023 15:33:35.380;;
528;436,685;-2804,474;-329,923;0,000;0,000;0,000;0,000;RRR 1.5in;24,5;1015;46;'26.07.2023 15:33:35.390;;
529;436,190;-2804,454;-329,921;0,000;0,000;0,000;0,000;RRR 1.5in;24,5;1015;46;'26.07.2023 15:33:35.400;;
530;435,683;-2804,429;-329,921;0,000;0,000;0,000;0,000;RRR 1.5in;24,5;1015;46;'26.07.2023 15:33:35.410;;
531;435,176;-2804,398;-329,918;0,000;0,000;0,000;0,000;RRR 1.5in;24,5;1015;46;'26.07.2023 15:33:35.420;;
532;434,663;-2804,373;-329,913;0,000;0,000;0,000;0,000;RRR 1.5in;24,5;1015;46;'26.07.2023 15:33:35.430;;
533;434,154;-2804,349;-329,911;0,000;0,000;0,000;0,000;RRR 1.5in;24,5;1015;46;'26.07.2023 15:33:35.440;;
534;433,664;-2804,325;-329,908;0,000;0,000;0,000;0,000;RRR 1.5in;24,5;1015;46;'26.07.2023 15:33:35.450;;
535;433,189;-2804,309;-329,913;0,000;0,000;0,000;0,000;RRR 1.5in;24,5;1015;46;'26.07.2023 15:33:35.460;;
536;432,695;-2804,283;-329,917;0,000;0,000;0,000;0,000;RRR 1.5in;24,5;1015;46;'26.07.2023 15:33:35.470;;
537;432,195;-2804,239;-329,914;0,000;0,000;0,000;0,000;RRR 1.5in;24,5;1015;46;'26.07.2023 15:33:35.480;;
538;431,686;-2804,186;-329,918;0,000;0,000;0,000;0,000;RRR 1.5in;24,5;1015;46;'26.07.2023 15:33:35.490;;
539;431,177;-2804,141;-329,929;0,000;0,000;0,000;0,000;RRR 1.5in;24,5;1015;46;'26.07.2023 15:33:35.500;;
540;430,673;-2804,096;-329,933;0,000;0,000;0,000;0,000;RRR 1.5in;24,5;1015;46;'26.07.2023 15:33:35.510;;
541;430,179;-2804,054;-329,926;0,000;0,000;0,000;0,000;RRR 1.5in;24,5;1015;46;'26.07.2023 15:33:35.520;;
542;429,687;-2804,040;-329,931;0,000;0,000;0,000;0,000;RRR 1.5in;24,5;1015;46;'26.07.2023 15:33:35.530;;
543;429,192;-2804,040;-329,931;0,000;0,000;0,000;0,000;RRR 1.5in;24,5;1015;46;'26.07.2023 15:33:35.540;;
544;428,705;-2804,029;-329,925;0,000;0,000;0,000;0,000;RRR 1.5in;24,5;1015;46;'26.07.2023 15:33:35.550;;
545;428,199;-2804,000;-329,915;0,000;0,000;0,000;0,000;RRR 1.5in;24,5;1015;46;'26.07.2023 15:33:35.560;;
546;427,689;-2803,967;-329,907;0,000;0,000;0,000;0,000;RRR 1.5in;24,5;1015;46;'26.07.2023 15:33:35.570;;
547;427,183;-2803,936;-329,907;0,000;0,000;0,000;0,000;RRR 1.5in;24,5;1015;46;'26.07.2023 15:33:35.580;;
548;426,677;-2803,903;-329,910;0,000;0,000;0,000;0,000;RRR 1.5in;24,5;1015;46;'26.07.2023 15:33:35.590;;
549;426,171;-2803,867;-329,911;0,000;0,000;0,000;0,000;RRR 1.5in;24,5;1015;46;'26.07.2023 15:33:35.600;;
550;425,676;-2803,847;-329,916;0,000;0,000;0,000;0,000;RRR 1.5in;24,5;1015;46;'26.07.2023 15:33:35.610;;
551;425,179;-2803,846;-329,935;0,000;0,000;0,000;0,000;RRR 1.5in;24,5;1015;46;'26.07.2023 15:33:35.620;;
552;424,686;-2803,832;-329,947;0,000;0,000;0,000;0,000;RRR 1.5in;24,5;1015;46;'26.07.2023 15:33:35.630;;
553;424,203;-2803,790;-329,943;0,000;0,000;0,000;0,000;RRR 1.5in;24,5;1015;46;'26.07.2023 15:33:35.640;;
554;423,707;-2803,748;-329,938;0,000;0,000;0,000;0,000;RRR 1.5in;24,5;1015;46;'26.07.2023 15:33:35.650;;
555;423,207;-2803,717;-329,934;0,000;0,000;0,000;0,000;RRR 1.5in;24,5;1015;46;'26.07.2023 15:33:35.660;;
556;422,707;-2803,684;-329,929;0,000;0,000;0,000;0,000;RRR 1.5in;24,5;1015;46;'26.07.2023 15:33:35.670;;
557;422,204;-2803,647;-329,920;0,000;0,000;0,000;0,000;RRR 1.5in;24,5;1015;46;'26.07.2023 15:33:35.680;;
558;421,699;-2803,614;-329,910;0,000;0,000;0,000;0,000;RRR 1.5in;24,5;1015;46;'26.07.2023 15:33:35.690;;
559;421,194;-2803,588;-329,902;0,000;0,000;0,000;0,000;RRR 1.5in;24,5;1015;46;'26.07.2023 15:33:35.700;;
560;420,704;-2803,572;-329,906;0,000;0,000;0,000;0,000;RRR 1.5in;24,5;1015;46;'26.07.2023 15:33:35.710;;
561;420,193;-2803,551;-329,912;0,000;0,000;0,000;0,000;RRR 1.5in;24,5;1015;46;'26.07.2023 15:33:35.720;;
562;419,692;-2803,523;-329,915;0,000;0,000;0,000;0,000;RRR 1.5in;24,5;1015;46;'26.07.2023 15:33:35.730;;
563;419,179;-2803,493;-329,926;0,000;0,000;0,000;0,000;RRR 1.5in;24,5;1015;46;'26.07.2023 15:33:35.740;;
564;418,668;-2803,461;-329,941;0,000;0,000;0,000;0,000;RRR 1.5in;24,5;1015;46;'26.07.2023 15:33:35.750;;
565;418,171;-2803,421;-329,947;0,000;0,000;0,000;0,000;RRR 1.5in;24,5;1015;46;'26.07.2023 15:33:35.760;;
566;417,681;-2803,382;-329,950;0,000;0,000;0,000;0,000;RRR 1.5in;24,5;1015;46;'26.07.2023 15:33:35.770;;
567;417,198;-2803,357;-329,952;0,000;0,000;0,000;0,000;RRR 1.5in;24,5;1015;46;'26.07.2023 15:33:35.780;;
568;416,709;-2803,337;-329,945;0,000;0,000;0,000;0,000;RRR 1.5in;24,5;1015;46;'26.07.2023 15:33:35.790;;
569;416,224;-2803,314;-329,933;0,000;0,000;0,000;0,000;RRR 1.5in;24,5;1015;46;'26.07.2023 15:33:35.800;;
570;415,727;-2803,285;-329,915;0,000;0,000;0,000;0,000;RRR 1.5in;24,5;1015;46;'26.07.2023 15:33:35.810;;
571;415,234;-2803,258;-329,904;0,000;0,000;0,000;0,000;RRR 1.5in;24,5;1015;46;'26.07.2023 15:33:35.820;;
572;414,740;-2803,236;-329,902;0,000;0,000;0,000;0,000;RRR 1.5in;24,5;1015;46;'26.07.2023 15:33:35.830;;
573;414,233;-2803,217;-329,903;0,000;0,000;0,000;0,000;RRR 1.5in;24,5;1015;46;'26.07.2023 15:33:35.840;;
574;413,734;-2803,202;-329,907;0,000;0,000;0,000;0,000;RRR 1.5in;24,5;1015;46;'26.07.2023 15:33:35.850;;
575;413,224;-2803,193;-329,921;0,000;0,000;0,000;0,000;RRR 1.5in;24,5;1015;46;'26.07.2023 15:33:35.860;;
576;412,712;-2803,179;-329,940;0,000;0,000;0,000;0,000;RRR 1.5in;24,5;1015;46;'26.07.2023 15:33:35.870;;
577;412,204;-2803,140;-329,948;0,000;0,000;0,000;0,000;RRR 1.5in;24,5;1015;46;'26.07.2023 15:33:35.880;;
578;411,700;-2803,093;-329,953;0,000;0,000;0,000;0,000;RRR 1.5in;24,5;1015;46;'26.07.2023 15:33:35.890;;
579;411,192;-2803,050;-329,962;0,000;0,000;0,000;0,000;RRR 1.5in;24,5;1015;46;'26.07.2023 15:33:35.900;;
580;410,688;-2802,999;-329,959;0,000;0,000;0,000;0,000;RRR 1.5in;24,5;1015;46;'26.07.2023 15:33:35.910;;
581;410,201;-2802,941;-329,944;0,000;0,000;0,000;0,000;RRR 1.5in;24,5;1015;46;'26.07.2023 15:33:35.920;;
582;409,718;-2802,912;-329,937;0,000;0,000;0,000;0,000;RRR 1.5in;24,5;1015;46;'26.07.2023 15:33:35.930;;
583;409,249;-2802,911;-329,938;0,000;0,000;0,000;0,000;RRR 1.5in;24,5;1015;46;'26.07.2023 15:33:35.940;;
584;408,771;-2802,904;-329,932;0,000;0,000;0,000;0,000;RRR 1.5in;24,5;1015;46;'26.07.2023 15:33:35.950;;
585;408,291;-2802,889;-329,930;0,000;0,000;0,000;0,000;RRR 1.5in;24,5;1015;46;'26.07.2023 15:33:35.960;;
586;407,787;-2802,865;-329,931;0,000;0,000;0,000;0,000;RRR 1.5in;24,5;1015;46;'26.07.2023 15:33:35.970;;
587;407,275;-2802,838;-329,939;0,000;0,000;0,000;0,000;RRR 1.5in;24,5;1015;46;'26.07.2023 15:33:35.980;;
588;406,760;-2802,796;-329,948;0,000;0,000;0,000;0,000;RRR 1.5in;24,5;1015;46;'26.07.2023 15:33:35.990;;
589;406,247;-2802,753;-329,955;0,000;0,000;0,000;0,000;RRR 1.5in;24,5;1015;46;'26.07.2023 15:33:36.000;;
590;405,745;-2802,732;-329,970;0,000;0,000;0,000;0,000;RRR 1.5in;24,5;1015;46;'26.07.2023 15:33:36.010;;
591;405,237;-2802,722;-329,987;0,000;0,000;0,000;0,000;RRR 1.5in;24,5;1015;46;'26.07.2023 15:33:36.020;;
592;404,742;-2802,703;-329,989;0,000;0,000;0,000;0,000;RRR 1.5in;24,5;1015;46;'26.07.2023 15:33:36.030;;
593;404,256;-2802,678;-329,982;0,000;0,000;0,000;0,000;RRR 1.5in;24,5;1015;46;'26.07.2023 15:33:36.040;;
594;403,764;-2802,656;-329,981;0,000;0,000;0,000;0,000;RRR 1.5in;24,5;1015;46;'26.07.2023 15:33:36.050;;
595;403,262;-2802,619;-329,970;0,000;0,000;0,000;0,000;RRR 1.5in;24,5;1015;46;'26.07.2023 15:33:36.060;;
596;402,763;-2802,558;-329,943;0,000;0,000;0,000;0,000;RRR 1.5in;24,5;1015;46;'26.07.2023 15:33:36.070;;
597;402,265;-2802,516;-329,930;0,000;0,000;0,000;0,000;RRR 1.5in;24,5;1015;46;'26.07.2023 15:33:36.080;;
598;401,760;-2802,491;-329,935;0,000;0,000;0,000;0,000;RRR 1.5in;24,5;1015;46;'26.07.2023 15:33:36.090;;
599;401,267;-2802,454;-329,935;0,000;0,000;0,000;0,000;RRR 1.5in;24,5;1015;46;'26.07.2023 15:33:36.100;;
600;400,772;-2802,414;-329,940;0,000;0,000;0,000;0,000;RRR 1.5in;24,5;1015;46;'26.07.2023 15:33:36.110;;
601;400,263;-2802,389;-329,957;0,000;0,000;0,000;0,000;RRR 1.5in;24,5;1015;46;'26.07.2023 15:33:36.120;;
602;399,757;-2802,373;-329,977;0,000;0,000;0,000;0,000;RRR 1.5in;24,5;1015;46;'26.07.2023 15:33:36.130;;
603;399,244;-2802,342;-329,988;0,000;0,000;0,000;0,000;RRR 1.5in;24,5;1015;46;'26.07.2023 15:33:36.140;;
604;398,737;-2802,312;-329,992;0,000;0,000;0,000;0,000;RRR 1.5in;24,5;1015;46;'26.07.2023 15:33:36.150;;
605;398,229;-2802,294;-329,991;0,000;0,000;0,000;0,000;RRR 1.5in;24,5;1015;46;'26.07.2023 15:33:36.160;;
606;397,745;-2802,279;-329,984;0,000;0,000;0,000;0,000;RRR 1.5in;24,5;1015;46;'26.07.2023 15:33:36.170;;
607;397,257;-2802,262;-329,976;0,000;0,000;0,000;0,000;RRR 1.5in;24,5;1015;46;'26.07.2023 15:33:36.180;;
608;396,779;-2802,238;-329,961;0,000;0,000;0,000;0,000;RRR 1.5in;24,5;1015;46;'26.07.2023 15:33:36.190;;
609;396,306;-2802,210;-329,948;0,000;0,000;0,000;0,000;RRR 1.5in;24,5;1015;46;'26.07.2023 15:33:36.200;;
610;395,823;-2802,181;-329,945;0,000;0,000;0,000;0,000;RRR 1.5in;24,5;1015;46;'26.07.2023 15:33:36.210;;
611;395,341;-2802,141;-329,945;0,000;0,000;0,000;0,000;RRR 1.5in;24,5;1015;46;'26.07.2023 15:33:36.220;;
612;394,836;-2802,087;-329,947;0,000;0,000;0,000;0,000;RRR 1.5in;24,5;1015;46;'26.07.2023 15:33:36.230;;
613;394,328;-2802,038;-329,957;0,000;0,000;0,000;0,000;RRR 1.5in;24,5;1015;46;'26.07.2023 15:33:36.240;;
614;393,817;-2802,003;-329,969;0,000;0,000;0,000;0,000;RRR 1.5in;24,5;1015;46;'26.07.2023 15:33:36.250;;
615;393,303;-2801,988;-329,978;0,000;0,000;0,000;0,000;RRR 1.5in;24,5;1015;46;'26.07.2023 15:33:36.260;;
616;392,782;-2801,971;-329,979;0,000;0,000;0,000;0,000;RRR 1.5in;24,5;1015;46;'26.07.2023 15:33:36.270;;
617;392,266;-2801,950;-329,972;0,000;0,000;0,000;0,000;RRR 1.5in;24,5;1015;46;'26.07.2023 15:33:36.280;;
618;391,765;-2801,934;-329,963;0,000;0,000;0,000;0,000;RRR 1.5in;24,5;1015;46;'26.07.2023 15:33:36.290;;
619;391,253;-2801,918;-329,958;0,000;0,000;0,000;0,000;RRR 1.5in;24,5;1015;46;'26.07.2023 15:33:36.300;;
620;390,746;-2801,885;-329,946;0,000;0,000;0,000;0,000;RRR 1.5in;24,5;1015;46;'26.07.2023 15:33:36.310;;
621;390,248;-2801,829;-329,929;0,000;0,000;0,000;0,000;RRR 1.5in;24,5;1015;46;'26.07.2023 15:33:36.320;;
622;389,759;-2801,787;-329,925;0,000;0,000;0,000;0,000;RRR 1.5in;24,5;1015;46;'26.07.2023 15:33:36.330;;
623;389,278;-2801,756;-329,935;0,000;0,000;0,000;0,000;RRR 1.5in;24,5;1015;46;'26.07.2023 15:33:36.340;;
624;388,801;-2801,714;-329,936;0,000;0,000;0,000;0,000;RRR 1.5in;24,5;1015;46;'26.07.2023 15:33:36.350;;
625;388,327;-2801,675;-329,937;0,000;0,000;0,000;0,000;RRR 1.5in;24,5;1015;46;'26.07.2023 15:33:36.360;;
626;387,839;-2801,657;-329,951;0,000;0,000;0,000;0,000;RRR 1.5in;24,5;1015;46;'26.07.2023 15:33:36.370;;
627;387,356;-2801,649;-329,966;0,000;0,000;0,000;0,000;RRR 1.5in;24,5;1015;46;'26.07.2023 15:33:36.380;;
628;386,855;-2801,625;-329,968;0,000;0,000;0,000;0,000;RRR 1.5in;24,5;1015;46;'26.07.2023 15:33:36.390;;
629;386,320;-2801,587;-329,959;0,000;0,000;0,000;0,000;RRR 1.5in;24,5;1015;46;'26.07.2023 15:33:36.400;;
630;385,817;-2801,562;-329,951;0,000;0,000;0,000;0,000;RRR 1.5in;24,5;1015;46;'26.07.2023 15:33:36.410;;
631;385,316;-2801,555;-329,946;0,000;0,000;0,000;0,000;RRR 1.5in;24,5;1015;46;'26.07.2023 15:33:36.420;;
632;384,828;-2801,562;-329,948;0,000;0,000;0,000;0,000;RRR 1.5in;24,5;1015;46;'26.07.2023 15:33:36.430;;
633;384,332;-2801,548;-329,933;0,000;0,000;0,000;0,000;RRR 1.5in;24,5;1015;46;'26.07.2023 15:33:36.440;;
634;383,850;-2801,522;-329,916;0,000;0,000;0,000;0,000;RRR 1.5in;24,5;1015;46;'26.07.2023 15:33:36.450;;
635;383,354;-2801,502;-329,919;0,000;0,000;0,000;0,000;RRR 1.5in;24,5;1015;46;'26.07.2023 15:33:36.460;;
636;382,843;-2801,462;-329,928;0,000;0,000;0,000;0,000;RRR 1.5in;24,5;1015;46;'26.07.2023 15:33:36.470;;
637;382,341;-2801,392;-329,924;0,000;0,000;0,000;0,000;RRR 1.5in;24,5;1015;46;'26.07.2023 15:33:36.480;;
638;381,830;-2801,326;-329,925;0,000;0,000;0,000;0,000;RRR 1.5in;24,5;1015;46;'26.07.2023 15:33:36.490;;
639;381,327;-2801,292;-329,936;0,000;0,000;0,000;0,000;RRR 1.5in;24,5;1015;46;'26.07.2023 15:33:36.500;;
640;380,825;-2801,259;-329,940;0,000;0,000;0,000;0,000;RRR 1.5in;24,5;1015;46;'26.07.2023 15:33:36.510;;
641;380,333;-2801,219;-329,935;0,000;0,000;0,000;0,000;RRR 1.5in;24,5;1015;46;'26.07.2023 15:33:36.520;;
642;379,831;-2801,203;-329,935;0,000;0,000;0,000;0,000;RRR 1.5in;24,5;1015;46;'26.07.2023 15:33:36.530;;
643;379,323;-2801,201;-329,932;0,000;0,000;0,000;0,000;RRR 1.5in;24,5;1015;46;'26.07.2023 15:33:36.540;;
644;378,827;-2801,186;-329,920;0,000;0,000;0,000;0,000;RRR 1.5in;24,5;1015;46;'26.07.2023 15:33:36.550;;
645;378,324;-2801,156;-329,908;0,000;0,000;0,000;0,000;RRR 1.5in;24,5;1015;46;'26.07.2023 15:33:36.560;;
646;377,824;-2801,140;-329,904;0,000;0,000;0,000;0,000;RRR 1.5in;24,5;1015;46;'26.07.2023 15:33:36.570;;
647;377,327;-2801,127;-329,907;0,000;0,000;0,000;0,000;RRR 1.5in;24,5;1015;46;'26.07.2023 15:33:36.580;;
648;376,834;-2801,101;-329,909;0,000;0,000;0,000;0,000;RRR 1.5in;24,5;1015;46;'26.07.2023 15:33:36.590;;
649;376,352;-2801,067;-329,911;0,000;0,000;0,000;0,000;RRR 1.5in;24,5;1015;46;'26.07.2023 15:33:36.600;;
650;375,854;-2801,041;-329,923;0,000;0,000;0,000;0,000;RRR 1.5in;24,5;1015;46;'26.07.2023 15:33:36.610;;
651;375,368;-2801,014;-329,938;0,000;0,000;0,000;0,000;RRR 1.5in;24,5;1015;46;'26.07.2023 15:33:36.620;;
652;374,876;-2800,959;-329,938;0,000;0,000;0,000;0,000;RRR 1.5in;24,5;1015;46;'26.07.2023 15:33:36.630;;
653;374,385;-2800,907;-329,927;0,000;0,000;0,000;0,000;RRR 1.5in;24,5;1015;46;'26.07.2023 15:33:36.640;;
654;373,877;-2800,877;-329,931;0,000;0,000;0,000;0,000;RRR 1.5in;24,5;1015;46;'26.07.2023 15:33:36.650;;
655;373,362;-2800,855;-329,933;0,000;0,000;0,000;0,000;RRR 1.5in;24,5;1015;46;'26.07.2023 15:33:36.660;;
656;372,864;-2800,821;-329,919;0,000;0,000;0,000;0,000;RRR 1.5in;24,5;1015;46;'26.07.2023 15:33:36.670;;
657;372,359;-2800,799;-329,908;0,000;0,000;0,000;0,000;RRR 1.5in;24,5;1015;46;'26.07.2023 15:33:36.680;;
658;371,853;-2800,799;-329,908;0,000;0,000;0,000;0,000;RRR 1.5in;24,5;1015;46;'26.07.2023 15:33:36.690;;
659;371,350;-2800,789;-329,906;0,000;0,000;0,000;0,000;RRR 1.5in;24,5;1015;46;'26.07.2023 15:33:36.700;;
660;370,848;-2800,759;-329,895;0,000;0,000;0,000;0,000;RRR 1.5in;24,5;1015;46;'26.07.2023 15:33:36.710;;
661;370,344;-2800,734;-329,897;0,000;0,000;0,000;0,000;RRR 1.5in;24,5;1015;46;'26.07.2023 15:33:36.720;;
662;369,843;-2800,715;-329,908;0,000;0,000;0,000;0,000;RRR 1.5in;24,5;1015;46;'26.07.2023 15:33:36.730;;
663;369,354;-2800,678;-329,912;0,000;0,000;0,000;0,000;RRR 1.5in;24,5;1015;46;'26.07.2023 15:33:36.740;;
664;368,862;-2800,629;-329,918;0,000;0,000;0,000;0,000;RRR 1.5in;24,5;1015;46;'26.07.2023 15:33:36.750;;
665;368,375;-2800,587;-329,921;0,000;0,000;0,000;0,000;RRR 1.5in;24,5;1015;46;'26.07.2023 15:33:36.760;;
666;367,894;-2800,555;-329,925;0,000;0,000;0,000;0,000;RRR 1.5in;24,5;1015;46;'26.07.2023 15:33:36.770;;
667;367,400;-2800,529;-329,925;0,000;0,000;0,000;0,000;RRR 1.5in;24,5;1015;46;'26.07.2023 15:33:36.780;;
668;366,912;-2800,502;-329,913;0,000;0,000;0,000;0,000;RRR 1.5in;24,5;1015;46;'26.07.2023 15:33:36.790;;
669;366,415;-2800,482;-329,902;0,000;0,000;0,000;0,000;RRR 1.5in;24,5;1015;46;'26.07.2023 15:33:36.800;;
670;365,908;-2800,460;-329,895;0,000;0,000;0,000;0,000;RRR 1.5in;24,5;1015;46;'26.07.2023 15:33:36.810;;
671;365,395;-2800,425;-329,885;0,000;0,000;0,000;0,000;RRR 1.5in;24,5;1015;46;'26.07.2023 15:33:36.820;;
672;364,884;-2800,389;-329,867;0,000;0,000;0,000;0,000;RRR 1.5in;24,5;1015;46;'26.07.2023 15:33:36.830;;
673;364,385;-2800,379;-329,867;0,000;0,000;0,000;0,000;RRR 1.5in;24,5;1015;46;'26.07.2023 15:33:36.840;;
674;363,877;-2800,382;-329,882;0,000;0,000;0,000;0,000;RRR 1.5in;24,5;1015;46;'26.07.2023 15:33:36.850;;
675;363,390;-2800,361;-329,889;0,000;0,000;0,000;0,000;RRR 1.5in;24,5;1015;46;'26.07.2023 15:33:36.860;;
676;362,892;-2800,316;-329,890;0,000;0,000;0,000;0,000;RRR 1.5in;24,5;1015;46;'26.07.2023 15:33:36.870;;
677;362,390;-2800,269;-329,894;0,000;0,000;0,000;0,000;RRR 1.5in;24,5;1015;46;'26.07.2023 15:33:36.880;;
678;361,898;-2800,224;-329,901;0,000;0,000;0,000;0,000;RRR 1.5in;24,5;1015;46;'26.07.2023 15:33:36.890;;
679;361,391;-2800,178;-329,903;0,000;0,000;0,000;0,000;RRR 1.5in;24,5;1015;46;'26.07.2023 15:33:36.900;;
680;360,888;-2800,135;-329,898;0,000;0,000;0,000;0,000;RRR 1.5in;24,5;1015;46;'26.07.2023 15:33:36.910;;
681;360,386;-2800,100;-329,890;0,000;0,000;0,000;0,000;RRR 1.5in;24,5;1015;46;'26.07.2023 15:33:36.920;;
682;359,901;-2800,079;-329,883;0,000;0,000;0,000;0,000;RRR 1.5in;24,5;1015;46;'26.07.2023 15:33:36.930;;
683;359,415;-2800,065;-329,880;0,000;0,000;0,000;0,000;RRR 1.5in;24,5;1015;46;'26.07.2023 15:33:36.940;;
684;358,916;-2800,052;-329,878;0,000;0,000;0,000;0,000;RRR 1.5in;24,5;1015;46;'26.07.2023 15:33:36.950;;
685;358,410;-2800,036;-329,872;0,000;0,000;0,000;0,000;RRR 1.5in;24,5;1015;46;'26.07.2023 15:33:36.960;;
686;357,891;-2800,024;-329,872;0,000;0,000;0,000;0,000;RRR 1.5in;24,5;1015;46;'26.07.2023 15:33:36.970;;
687;357,383;-2800,010;-329,875;0,000;0,000;0,000;0,000;RRR 1.5in;24,5;1015;46;'26.07.2023 15:33:36.980;;
688;356,881;-2799,975;-329,875;0,000;0,000;0,000;0,000;RRR 1.5in;24,5;1015;46;'26.07.2023 15:33:36.990;;
689;356,379;-2799,931;-329,875;0,000;0,000;0,000;0,000;RRR 1.5in;24,5;1015;46;'26.07.2023 15:33:37.000;;
690;355,888;-2799,892;-329,881;0,000;0,000;0,000;0,000;RRR 1.5in;24,5;1015;46;'26.07.2023 15:33:37.010;;
691;355,395;-2799,864;-329,887;0,000;0,000;0,000;0,000;RRR 1.5in;24,5;1015;46;'26.07.2023 15:33:37.020;;
692;354,913;-2799,839;-329,893;0,000;0,000;0,000;0,000;RRR 1.5in;24,5;1015;46;'26.07.2023 15:33:37.030;;
693;354,413;-2799,811;-329,900;0,000;0,000;0,000;0,000;RRR 1.5in;24,5;1015;46;'26.07.2023 15:33:37.040;;
694;353,920;-2799,763;-329,890;0,000;0,000;0,000;0,000;RRR 1.5in;24,5;1015;46;'26.07.2023 15:33:37.050;;
695;353,442;-2799,709;-329,872;0,000;0,000;0,000;0,000;RRR 1.5in;24,5;1015;46;'26.07.2023 15:33:37.060;;
696;352,938;-2799,680;-329,863;0,000;0,000;0,000;0,000;RRR 1.5in;24,5;1015;46;'26.07.2023 15:33:37.070;;
697;352,428;-2799,671;-329,859;0,000;0,000;0,000;0,000;RRR 1.5in;24,5;1015;46;'26.07.2023 15:33:37.080;;
698;351,913;-2799,658;-329,850;0,000;0,000;0,000;0,000;RRR 1.5in;24,5;1015;46;'26.07.2023 15:33:37.090;;
699;351,416;-2799,645;-329,841;0,000;0,000;0,000;0,000;RRR 1.5in;24,5;1015;46;'26.07.2023 15:33:37.100;;
700;350,909;-2799,640;-329,845;0,000;0,000;0,000;0,000;RRR 1.5in;24,5;1015;46;'26.07.2023 15:33:37.110;;
701;350,402;-2799,625;-329,850;0,000;0,000;0,000;0,000;RRR 1.5in;24,5;1015;46;'26.07.2023 15:33:37.120;;
702;349,904;-2799,592;-329,852;0,000;0,000;0,000;0,000;RRR 1.5in;24,5;1015;46;'26.07.2023 15:33:37.130;;
703;349,380;-2799,554;-329,860;0,000;0,000;0,000;0,000;RRR 1.5in;24,5;1015;46;'26.07.2023 15:33:37.140;;
704;348,879;-2799,514;-329,866;0,000;0,000;0,000;0,000;RRR 1.5in;24,5;1015;46;'26.07.2023 15:33:37.150;;
705;348,380;-2799,467;-329,866;0,000;0,000;0,000;0,000;RRR 1.5in;24,5;1015;46;'26.07.2023 15:33:37.160;;
706;347,889;-2799,425;-329,866;0,000;0,000;0,000;0,000;RRR 1.5in;24,5;1015;46;'26.07.2023 15:33:37.170;;
707;347,408;-2799,391;-329,859;0,000;0,000;0,000;0,000;RRR 1.5in;24,5;1015;46;'26.07.2023 15:33:37.180;;
708;346,930;-2799,365;-329,850;0,000;0,000;0,000;0,000;RRR 1.5in;24,5;1015;46;'26.07.2023 15:33:37.190;;
709;346,445;-2799,346;-329,846;0,000;0,000;0,000;0,000;RRR 1.5in;24,5;1015;46;'26.07.2023 15:33:37.200;;
710;345,941;-2799,328;-329,842;0,000;0,000;0,000;0,000;RRR 1.5in;24,5;1015;46;'26.07.2023 15:33:37.210;;
711;345,440;-2799,309;-329,835;0,000;0,000;0,000;0,000;RRR 1.5in;24,5;1015;46;'26.07.2023 15:33:37.220;;
712;344,937;-2799,290;-329,835;0,000;0,000;0,000;0,000;RRR 1.5in;24,5;1015;46;'26.07.2023 15:33:37.230;;
713;344,423;-2799,260;-329,838;0,000;0,000;0,000;0,000;RRR 1.5in;24,5;1015;46;'26.07.2023 15:33:37.240;;
714;343,922;-2799,219;-329,837;0,000;0,000;0,000;0,000;RRR 1.5in;24,5;1015;46;'26.07.2023 15:33:37.250;;
715;343,399;-2799,186;-329,845;0,000;0,000;0,000;0,000;RRR 1.5in;24,5;1015;46;'26.07.2023 15:33:37.260;;
716;342,891;-2799,163;-329,859;0,000;0,000;0,000;0,000;RRR 1.5in;24,5;1015;46;'26.07.2023 15:33:37.270;;
717;342,393;-2799,132;-329,864;0,000;0,000;0,000;0,000;RRR 1.5in;24,5;1015;46;'26.07.2023 15:33:37.280;;
718;341,901;-2799,096;-329,863;0,000;0,000;0,000;0,000;RRR 1.5in;24,5;1015;46;'26.07.2023 15:33:37.290;;
719;341,410;-2799,063;-329,865;0,000;0,000;0,000;0,000;RRR 1.5in;24,5;1015;46;'26.07.2023 15:33:37.300;;
720;340,904;-2799,028;-329,863;0,000;0,000;0,000;0,000;RRR 1.5in;24,5;1015;46;'26.07.2023 15:33:37.310;;
721;340,406;-2798,991;-329,848;0,000;0,000;0,000;0,000;RRR 1.5in;24,5;1015;46;'26.07.2023 15:33:37.320;;
722;339,891;-2798,962;-329,841;0,000;0,000;0,000;0,000;RRR 1.5in;24,5;1015;46;'26.07.2023 15:33:37.330;;
723;339,378;-2798,938;-329,840;0,000;0,000;0,000;0,000;RRR 1.5in;24,5;1015;46;'26.07.2023 15:33:37.340;;
724;338,885;-2798,910;-329,834;0,000;0,000;0,000;0,000;RRR 1.5in;24,5;1015;46;'26.07.2023 15:33:37.350;;
725;338,377;-2798,888;-329,827;0,000;0,000;0,000;0,000;RRR 1.5in;24,5;1015;46;'26.07.2023 15:33:37.360;;
726;337,887;-2798,879;-329,829;0,000;0,000;0,000;0,000;RRR 1.5in;24,5;1015;46;'26.07.2023 15:33:37.370;;
727;337,391;-2798,873;-329,839;0,000;0,000;0,000;0,000;RRR 1.5in;24,5;1015;46;'26.07.2023 15:33:37.380;;
728;336,885;-2798,856;-329,847;0,000;0,000;0,000;0,000;RRR 1.5in;24,5;1015;46;'26.07.2023 15:33:37.390;;
729;336,382;-2798,825;-329,855;0,000;0,000;0,000;0,000;RRR 1.5in;24,5;1015;46;'26.07.2023 15:33:37.400;;
730;335,881;-2798,781;-329,856;0,000;0,000;0,000;0,000;RRR 1.5in;24,5;1015;46;'26.07.2023 15:33:37.410;;
731;335,397;-2798,740;-329,855;0,000;0,000;0,000;0,000;RRR 1.5in;24,5;1015;46;'26.07.2023 15:33:37.420;;
732;334,898;-2798,707;-329,856;0,000;0,000;0,000;0,000;RRR 1.5in;24,5;1015;46;'26.07.2023 15:33:37.430;;
733;334,401;-2798,678;-329,855;0,000;0,000;0,000;0,000;RRR 1.5in;24,5;1015;46;'26.07.2023 15:33:37.440;;
734;333,908;-2798,651;-329,848;0,000;0,000;0,000;0,000;RRR 1.5in;24,5;1015;46;'26.07.2023 15:33:37.450;;
735;333,410;-2798,637;-329,847;0,000;0,000;0,000;0,000;RRR 1.5in;24,5;1015;46;'26.07.2023 15:33:37.460;;
736;332,918;-2798,629;-329,851;0,000;0,000;0,000;0,000;RRR 1.5in;24,5;1015;46;'26.07.2023 15:33:37.470;;
737;332,413;-2798,597;-329,851;0,000;0,000;0,000;0,000;RRR 1.5in;24,5;1015;46;'26.07.2023 15:33:37.480;;
738;331,902;-2798,542;-329,842;0,000;0,000;0,000;0,000;RRR 1.5in;24,5;1015;46;'26.07.2023 15:33:37.490;;
739;331,388;-2798,496;-329,842;0,000;0,000;0,000;0,000;RRR 1.5in;24,5;1015;46;'26.07.2023 15:33:37.500;;
740;330,868;-2798,468;-329,851;0,000;0,000;0,000;0,000;RRR 1.5in;24,5;1015;46;'26.07.2023 15:33:37.510;;
741;330,360;-2798,439;-329,856;0,000;0,000;0,000;0,000;RRR 1.5in;24,5;1015;46;'26.07.2023 15:33:37.520;;
742;329,849;-2798,408;-329,858;0,000;0,000;0,000;0,000;RRR 1.5in;24,5;1015;46;'26.07.2023 15:33:37.530;;
743;329,356;-2798,385;-329,861;0,000;0,000;0,000;0,000;RRR 1.5in;24,5;1015;46;'26.07.2023 15:33:37.540;;
744;328,866;-2798,373;-329,864;0,000;0,000;0,000;0,000;RRR 1.5in;24,5;1015;46;'26.07.2023 15:33:37.550;;
745;328,362;-2798,363;-329,868;0,000;0,000;0,000;0,000;RRR 1.5in;24,5;1015;46;'26.07.2023 15:33:37.560;;
746;327,864;-2798,343;-329,867;0,000;0,000;0,000;0,000;RRR 1.5in;24,5;1015;46;'26.07.2023 15:33:37.570;;
747;327,354;-2798,307;-329,861;0,000;0,000;0,000;0,000;RRR 1.5in;24,5;1015;46;'26.07.2023 15:33:37.580;;
748;326,860;-2798,269;-329,856;0,000;0,000;0,000;0,000;RRR 1.5in;24,5;1015;46;'26.07.2023 15:33:37.590;;
749;326,365;-2798,233;-329,853;0,000;0,000;0,000;0,000;RRR 1.5in;24,5;1015;46;'26.07.2023 15:33:37.600;;
750;325,868;-2798,200;-329,848;0,000;0,000;0,000;0,000;RRR 1.5in;24,5;1015;46;'26.07.2023 15:33:37.610;;
751;325,388;-2798,175;-329,845;0,000;0,000;0,000;0,000;RRR 1.5in;24,5;1015;46;'26.07.2023 15:33:37.620;;
752;324,894;-2798,162;-329,850;0,000;0,000;0,000;0,000;RRR 1.5in;24,5;1015;46;'26.07.2023 15:33:37.630;;
753;324,400;-2798,149;-329,856;0,000;0,000;0,000;0,000;RRR 1.5in;24,5;1015;46;'26.07.2023 15:33:37.640;;
754;323,903;-2798,121;-329,855;0,000;0,000;0,000;0,000;RRR 1.5in;24,5;1015;46;'26.07.2023 15:33:37.650;;
755;323,407;-2798,091;-329,855;0,000;0,000;0,000;0,000;RRR 1.5in;24,5;1015;46;'26.07.2023 15:33:37.660;;
756;322,904;-2798,073;-329,861;0,000;0,000;0,000;0,000;RRR 1.5in;24,5;1015;46;'26.07.2023 15:33:37.670;;
757;322,389;-2798,046;-329,868;0,000;0,000;0,000;0,000;RRR 1.5in;24,5;1015;46;'26.07.2023 15:33:37.680;;
758;321,885;-2798,003;-329,865;0,000;0,000;0,000;0,000;RRR 1.5in;24,5;1015;46;'26.07.2023 15:33:37.690;;
759;321,384;-2797,961;-329,862;0,000;0,000;0,000;0,000;RRR 1.5in;24,5;1015;46;'26.07.2023 15:33:37.700;;
760;320,884;-2797,936;-329,865;0,000;0,000;0,000;0,000;RRR 1.5in;24,5;1015;46;'26.07.2023 15:33:37.710;;
761;320,401;-2797,908;-329,861;0,000;0,000;0,000;0,000;RRR 1.5in;24,5;1015;46;'26.07.2023 15:33:37.720;;
762;319,909;-2797,877;-329,856;0,000;0,000;0,000;0,000;RRR 1.5in;24,5;1015;46;'26.07.2023 15:33:37.730;;
763;319,416;-2797,855;-329,852;0,000;0,000;0,000;0,000;RRR 1.5in;24,5;1015;46;'26.07.2023 15:33:37.740;;
764;318,914;-2797,837;-329,854;0,000;0,000;0,000;0,000;RRR 1.5in;24,5;1015;46;'26.07.2023 15:33:37.750;;
765;318,410;-2797,806;-329,849;0,000;0,000;0,000;0,000;RRR 1.5in;24,5;1015;46;'26.07.2023 15:33:37.760;;
766;317,910;-2797,770;-329,846;0,000;0,000;0,000;0,000;RRR 1.5in;24,5;1015;46;'26.07.2023 15:33:37.770;;
767;317,380;-2797,741;-329,850;0,000;0,000;0,000;0,000;RRR 1.5in;24,5;1015;46;'26.07.2023 15:33:37.780;;
768;316,871;-2797,716;-329,857;0,000;0,000;0,000;0,000;RRR 1.5in;24,5;1015;46;'26.07.2023 15:33:37.790;;
769;316,359;-2797,695;-329,868;0,000;0,000;0,000;0,000;RRR 1.5in;24,5;1015;46;'26.07.2023 15:33:37.800;;
770;315,861;-2797,684;-329,873;0,000;0,000;0,000;0,000;RRR 1.5in;24,5;1015;46;'26.07.2023 15:33:37.810;;
771;315,377;-2797,682;-329,879;0,000;0,000;0,000;0,000;RRR 1.5in;24,5;1015;46;'26.07.2023 15:33:37.820;;
772;314,883;-2797,665;-329,883;0,000;0,000;0,000;0,000;RRR 1.5in;24,5;1015;46;'26.07.2023 15:33:37.830;;
773;314,398;-2797,627;-329,876;0,000;0,000;0,000;0,000;RRR 1.5in;24,5;1015;46;'26.07.2023 15:33:37.840;;
774;313,898;-2797,584;-329,869;0,000;0,000;0,000;0,000;RRR 1.5in;24,5;1015;46;'26.07.2023 15:33:37.850;;
775;313,393;-2797,541;-329,861;0,000;0,000;0,000;0,000;RRR 1.5in;24,5;1015;46;'26.07.2023 15:33:37.860;;
776;312,897;-2797,499;-329,854;0,000;0,000;0,000;0,000;RRR 1.5in;24,5;1015;46;'26.07.2023 15:33:37.870;;
777;312,401;-2797,464;-329,851;0,000;0,000;0,000;0,000;RRR 1.5in;24,5;1015;46;'26.07.2023 15:33:37.880;;
778;311,917;-2797,441;-329,849;0,000;0,000;0,000;0,000;RRR 1.5in;24,5;1015;46;'26.07.2023 15:33:37.890;;
779;311,428;-2797,425;-329,854;0,000;0,000;0,000;0,000;RRR 1.5in;24,5;1015;46;'26.07.2023 15:33:37.900;;
780;310,933;-2797,405;-329,858;0,000;0,000;0,000;0,000;RRR 1.5in;24,5;1015;46;'26.07.2023 15:33:37.910;;
781;310,435;-2797,384;-329,862;0,000;0,000;0,000;0,000;RRR 1.5in;24,5;1015;46;'26.07.2023 15:33:37.920;;
782;309,922;-2797,358;-329,873;0,000;0,000;0,000;0,000;RRR 1.5in;24,5;1015;46;'26.07.2023 15:33:37.930;;
783;309,414;-2797,322;-329,874;0,000;0,000;0,000;0,000;RRR 1.5in;24,5;1015;46;'26.07.2023 15:33:37.940;;
784;308,896;-2797,285;-329,867;0,000;0,000;0,000;0,000;RRR 1.5in;24,5;1015;46;'26.07.2023 15:33:37.950;;
785;308,379;-2797,262;-329,861;0,000;0,000;0,000;0,000;RRR 1.5in;24,5;1015;46;'26.07.2023 15:33:37.960;;
786;307,881;-2797,248;-329,859;0,000;0,000;0,000;0,000;RRR 1.5in;24,5;1015;46;'26.07.2023 15:33:37.970;;
787;307,383;-2797,229;-329,856;0,000;0,000;0,000;0,000;RRR 1.5in;24,5;1015;46;'26.07.2023 15:33:37.980;;
788;306,896;-2797,202;-329,852;0,000;0,000;0,000;0,000;RRR 1.5in;24,5;1015;46;'26.07.2023 15:33:37.990;;
789;306,404;-2797,171;-329,855;0,000;0,000;0,000;0,000;RRR 1.5in;24,5;1015;46;'26.07.2023 15:33:38.000;;
790;305,906;-2797,131;-329,851;0,000;0,000;0,000;0,000;RRR 1.5in;24,5;1015;46;'26.07.2023 15:33:38.010;;
791;305,421;-2797,093;-329,845;0,000;0,000;0,000;0,000;RRR 1.5in;24,5;1015;46;'26.07.2023 15:33:38.020;;
792;304,915;-2797,058;-329,847;0,000;0,000;0,000;0,000;RRR 1.5in;24,5;1015;46;'26.07.2023 15:33:38.030;;
793;304,412;-2797,021;-329,848;0,000;0,000;0,000;0,000;RRR 1.5in;24,5;1015;46;'26.07.2023 15:33:38.040;;
794;303,906;-2796,973;-329,842;0,000;0,000;0,000;0,000;RRR 1.5in;24,5;1015;46;'26.07.2023 15:33:38.050;;
795;303,405;-2796,937;-329,840;0,000;0,000;0,000;0,000;RRR 1.5in;24,5;1015;46;'26.07.2023 15:33:38.060;;
796;302,910;-2796,924;-329,847;0,000;0,000;0,000;0,000;RRR 1.5in;24,5;1015;46;'26.07.2023 15:33:38.070;;
797;302,404;-2796,912;-329,856;0,000;0,000;0,000;0,000;RRR 1.5in;24,5;1015;46;'26.07.2023 15:33:38.080;;
798;301,910;-2796,895;-329,855;0,000;0,000;0,000;0,000;RRR 1.5in;24,5;1015;46;'26.07.2023 15:33:38.090;;
799;301,417;-2796,876;-329,856;0,000;0,000;0,000;0,000;RRR 1.5in;24,5;1015;46;'26.07.2023 15:33:38.100;;
800;300,928;-2796,862;-329,860;0,000;0,000;0,000;0,000;RRR 1.5in;24,5;1015;46;'26.07.2023 15:33:38.110;;
801;300,444;-2796,841;-329,858;0,000;0,000;0,000;0,000;RRR 1.5in;24,5;1015;46;'26.07.2023 15:33:38.120;;
802;299,942;-2796,803;-329,852;0,000;0,000;0,000;0,000;RRR 1.5in;24,5;1015;46;'26.07.2023 15:33:38.130;;
803;299,431;-2796,755;-329,843;0,000;0,000;0,000;0,000;RRR 1.5in;24,5;1015;46;'26.07.2023 15:33:38.140;;
804;298,939;-2796,718;-329,837;0,000;0,000;0,000;0,000;RRR 1.5in;24,5;1015;46;'26.07.2023 15:33:38.150;;
805;298,443;-2796,701;-329,838;0,000;0,000;0,000;0,000;RRR 1.5in;24,5;1015;46;'26.07.2023 15:33:38.160;;
806;297,959;-2796,690;-329,841;0,000;0,000;0,000;0,000;RRR 1.5in;24,5;1015;46;'26.07.2023 15:33:38.170;;
807;297,464;-2796,667;-329,839;0,000;0,000;0,000;0,000;RRR 1.5in;24,5;1015;46;'26.07.2023 15:33:38.180;;
808;296,966;-2796,646;-329,838;0,000;0,000;0,000;0,000;RRR 1.5in;24,5;1015;46;'26.07.2023 15:33:38.190;;
809;296,460;-2796,633;-329,848;0,000;0,000;0,000;0,000;RRR 1.5in;24,5;1015;46;'26.07.2023 15:33:38.200;;
810;295,927;-2796,600;-329,853;0,000;0,000;0,000;0,000;RRR 1.5in;24,5;1015;46;'26.07.2023 15:33:38.210;;
811;295,416;-2796,548;-329,846;0,000;0,000;0,000;0,000;RRR 1.5in;24,5;1015;46;'26.07.2023 15:33:38.220;;
812;294,906;-2796,499;-329,843;0,000;0,000;0,000;0,000;RRR 1.5in;24,5;1015;46;'26.07.2023 15:33:38.230;;
813;294,400;-2796,468;-329,852;0,000;0,000;0,000;0,000;RRR 1.5in;24,5;1015;46;'26.07.2023 15:33:38.240;;
814;293,900;-2796,425;-329,847;0,000;0,000;0,000;0,000;RRR 1.5in;24,5;1015;46;'26.07.2023 15:33:38.250;;
815;293,413;-2796,389;-329,837;0,000;0,000;0,000;0,000;RRR 1.5in;24,5;1015;46;'26.07.2023 15:33:38.260;;
816;292,941;-2796,390;-329,841;0,000;0,000;0,000;0,000;RRR 1.5in;24,5;1015;46;'26.07.2023 15:33:38.270;;
817;292,457;-2796,392;-329,854;0,000;0,000;0,000;0,000;RRR 1.5in;24,5;1015;46;'26.07.2023 15:33:38.280;;
818;291,978;-2796,352;-329,845;0,000;0,000;0,000;0,000;RRR 1.5in;24,5;1015;46;'26.07.2023 15:33:38.290;;
819;291,490;-2796,289;-329,830;0,000;0,000;0,000;0,000;RRR 1.5in;24,5;1015;46;'26.07.2023 15:33:38.300;;
820;290,979;-2796,260;-329,836;0,000;0,000;0,000;0,000;RRR 1.5in;24,5;1015;46;'26.07.2023 15:33:38.310;;
821;290,470;-2796,244;-329,844;0,000;0,000;0,000;0,000;RRR 1.5in;24,5;1015;46;'26.07.2023 15:33:38.320;;
822;289,968;-2796,213;-329,839;0,000;0,000;0,000;0,000;RRR 1.5in;24,5;1015;46;'26.07.2023 15:33:38.330;;
823;289,457;-2796,188;-329,840;0,000;0,000;0,000;0,000;RRR 1.5in;24,5;1015;46;'26.07.2023 15:33:38.340;;
824;288,955;-2796,188;-329,850;0,000;0,000;0,000;0,000;RRR 1.5in;24,5;1015;46;'26.07.2023 15:33:38.350;;
825;288,456;-2796,189;-329,863;0,000;0,000;0,000;0,000;RRR 1.5in;24,5;1015;46;'26.07.2023 15:33:38.360;;
826;287,964;-2796,173;-329,866;0,000;0,000;0,000;0,000;RRR 1.5in;24,5;1015;46;'26.07.2023 15:33:38.370;;
827;287,460;-2796,147;-329,871;0,000;0,000;0,000;0,000;RRR 1.5in;24,5;1015;46;'26.07.2023 15:33:38.380;;
828;286,943;-2796,110;-329,876;0,000;0,000;0,000;0,000;RRR 1.5in;24,5;1015;46;'26.07.2023 15:33:38.390;;
829;286,454;-2796,055;-329,874;0,000;0,000;0,000;0,000;RRR 1.5in;24,5;1015;46;'26.07.2023 15:33:38.400;;
830;285,955;-2795,991;-329,867;0,000;0,000;0,000;0,000;RRR 1.5in;24,5;1015;46;'26.07.2023 15:33:38.410;;
831;285,459;-2795,941;-329,859;0,000;0,000;0,000;0,000;RRR 1.5in;24,5;1015;46;'26.07.2023 15:33:38.420;;
832;284,965;-2795,901;-329,852;0,000;0,000;0,000;0,000;RRR 1.5in;24,5;1015;46;'26.07.2023 15:33:38.430;;
833;284,469;-2795,875;-329,854;0,000;0,000;0,000;0,000;RRR 1.5in;24,5;1015;46;'26.07.2023 15:33:38.440;;
834;283,977;-2795,852;-329,857;0,000;0,000;0,000;0,000;RRR 1.5in;24,5;1015;46;'26.07.2023 15:33:38.450;;
835;283,482;-2795,830;-329,862;0,000;0,000;0,000;0,000;RRR 1.5in;24,5;1015;46;'26.07.2023 15:33:38.460;;
836;282,977;-2795,803;-329,869;0,000;0,000;0,000;0,000;RRR 1.5in;24,5;1015;46;'26.07.2023 15:33:38.470;;
837;282,473;-2795,773;-329,876;0,000;0,000;0,000;0,000;RRR 1.5in;24,5;1015;46;'26.07.2023 15:33:38.480;;
838;281,954;-2795,743;-329,882;0,000;0,000;0,000;0,000;RRR 1.5in;24,5;1015;46;'26.07.2023 15:33:38.490;;
839;281,443;-2795,719;-329,887;0,000;0,000;0,000;0,000;RRR 1.5in;24,5;1015;46;'26.07.2023 15:33:38.500;;
840;280,929;-2795,691;-329,892;0,000;0,000;0,000;0,000;RRR 1.5in;24,5;1015;46;'26.07.2023 15:33:38.510;;
841;280,427;-2795,658;-329,890;0,000;0,000;0,000;0,000;RRR 1.5in;24,5;1015;46;'26.07.2023 15:33:38.520;;
842;279,943;-2795,626;-329,883;0,000;0,000;0,000;0,000;RRR 1.5in;24,5;1015;46;'26.07.2023 15:33:38.530;;
843;279,462;-2795,602;-329,882;0,000;0,000;0,000;0,000;RRR 1.5in;24,5;1015;46;'26.07.2023 15:33:38.540;;
844;278,975;-2795,584;-329,884;0,000;0,000;0,000;0,000;RRR 1.5in;24,5;1015;46;'26.07.2023 15:33:38.550;;
845;278,485;-2795,560;-329,881;0,000;0,000;0,000;0,000;RRR 1.5in;24,5;1015;46;'26.07.2023 15:33:38.560;;
846;277,986;-2795,536;-329,878;0,000;0,000;0,000;0,000;RRR 1.5in;24,5;1015;46;'26.07.2023 15:33:38.570;;
847;277,489;-2795,511;-329,883;0,000;0,000;0,000;0,000;RRR 1.5in;24,5;1015;46;'26.07.2023 15:33:38.580;;
848;276,978;-2795,470;-329,886;0,000;0,000;0,000;0,000;RRR 1.5in;24,5;1015;46;'26.07.2023 15:33:38.590;;
849;276,462;-2795,418;-329,884;0,000;0,000;0,000;0,000;RRR 1.5in;24,5;1015;46;'26.07.2023 15:33:38.600;;
850;275,949;-2795,380;-329,888;0,000;0,000;0,000;0,000;RRR 1.5in;24,5;1015;46;'26.07.2023 15:33:38.610;;
851;275,427;-2795,360;-329,899;0,000;0,000;0,000;0,000;RRR 1.5in;24,5;1015;46;'26.07.2023 15:33:38.620;;
852;274,926;-2795,342;-329,901;0,000;0,000;0,000;0,000;RRR 1.5in;24,5;1015;46;'26.07.2023 15:33:38.630;;
853;274,443;-2795,319;-329,899;0,000;0,000;0,000;0,000;RRR 1.5in;24,5;1015;46;'26.07.2023 15:33:38.640;;
854;273,951;-2795,298;-329,902;0,000;0,000;0,000;0,000;RRR 1.5in;24,5;1015;46;'26.07.2023 15:33:38.650;;
855;273,462;-2795,268;-329,904;0,000;0,000;0,000;0,000;RRR 1.5in;24,5;1015;46;'26.07.2023 15:33:38.660;;
856;272,960;-2795,215;-329,893;0,000;0,000;0,000;0,000;RRR 1.5in;24,5;1015;46;'26.07.2023 15:33:38.670;;
857;272,467;-2795,171;-329,886;0,000;0,000;0,000;0,000;RRR 1.5in;24,5;1015;46;'26.07.2023 15:33:38.680;;
858;271,964;-2795,141;-329,891;0,000;0,000;0,000;0,000;RRR 1.5in;24,5;1015;46;'26.07.2023 15:33:38.690;;
859;271,464;-2795,101;-329,890;0,000;0,000;0,000;0,000;RRR 1.5in;24,5;1015;46;'26.07.2023 15:33:38.700;;
860;270,978;-2795,051;-329,878;0,000;0,000;0,000;0,000;RRR 1.5in;24,5;1015;46;'26.07.2023 15:33:38.710;;
861;270,482;-2795,019;-329,872;0,000;0,000;0,000;0,000;RRR 1.5in;24,5;1015;46;'26.07.2023 15:33:38.720;;
862;269,986;-2795,026;-329,880;0,000;0,000;0,000;0,000;RRR 1.5in;24,5;1015;46;'26.07.2023 15:33:38.730;;
863;269,489;-2795,036;-329,888;0,000;0,000;0,000;0,000;RRR 1.5in;24,5;1015;46;'26.07.2023 15:33:38.740;;
864;268,986;-2795,024;-329,888;0,000;0,000;0,000;0,000;RRR 1.5in;24,5;1015;46;'26.07.2023 15:33:38.750;;
865;268,475;-2795,000;-329,888;0,000;0,000;0,000;0,000;RRR 1.5in;24,5;1015;46;'26.07.2023 15:33:38.760;;
866;267,965;-2794,970;-329,891;0,000;0,000;0,000;0,000;RRR 1.5in;24,5;1015;46;'26.07.2023 15:33:38.770;;
867;267,456;-2794,933;-329,889;0,000;0,000;0,000;0,000;RRR 1.5in;24,5;1015;46;'26.07.2023 15:33:38.780;;
868;266,951;-2794,892;-329,886;0,000;0,000;0,000;0,000;RRR 1.5in;24,5;1015;46;'26.07.2023 15:33:38.790;;
869;266,450;-2794,856;-329,885;0,000;0,000;0,000;0,000;RRR 1.5in;24,5;1015;46;'26.07.2023 15:33:38.800;;
870;265,959;-2794,824;-329,882;0,000;0,000;0,000;0,000;RRR 1.5in;24,5;1015;46;'26.07.2023 15:33:38.810;;
871;265,475;-2794,785;-329,877;0,000;0,000;0,000;0,000;RRR 1.5in;24,5;1015;46;'26.07.2023 15:33:38.820;;
872;264,987;-2794,748;-329,872;0,000;0,000;0,000;0,000;RRR 1.5in;24,5;1015;46;'26.07.2023 15:33:38.830;;
873;264,504;-2794,720;-329,868;0,000;0,000;0,000;0,000;RRR 1.5in;24,5;1015;46;'26.07.2023 15:33:38.840;;
874;264,001;-2794,693;-329,865;0,000;0,000;0,000;0,000;RRR 1.5in;24,5;1015;46;'26.07.2023 15:33:38.850;;
875;263,493;-2794,663;-329,865;0,000;0,000;0,000;0,000;RRR 1.5in;24,5;1015;46;'26.07.2023 15:33:38.860;;
876;262,989;-2794,629;-329,861;0,000;0,000;0,000;0,000;RRR 1.5in;24,5;1015;46;'26.07.2023 15:33:38.870;;
877;262,476;-2794,599;-329,858;0,000;0,000;0,000;0,000;RRR 1.5in;24,5;1015;46;'26.07.2023 15:33:38.880;;
878;261,985;-2794,578;-329,858;0,000;0,000;0,000;0,000;RRR 1.5in;24,5;1015;46;'26.07.2023 15:33:38.890;;
879;261,479;-2794,560;-329,865;0,000;0,000;0,000;0,000;RRR 1.5in;24,5;1015;46;'26.07.2023 15:33:38.900;;
880;260,976;-2794,546;-329,872;0,000;0,000;0,000;0,000;RRR 1.5in;24,5;1015;46;'26.07.2023 15:33:38.910;;
881;260,488;-2794,531;-329,875;0,000;0,000;0,000;0,000;RRR 1.5in;24,5;1015;46;'26.07.2023 15:33:38.920;;
882;259,992;-2794,512;-329,881;0,000;0,000;0,000;0,000;RRR 1.5in;24,5;1015;46;'26.07.2023 15:33:38.930;;
883;259,498;-2794,480;-329,880;0,000;0,000;0,000;0,000;RRR 1.5in;24,5;1015;46;'26.07.2023 15:33:38.940;;
884;259,008;-2794,431;-329,869;0,000;0,000;0,000;0,000;RRR 1.5in;24,5;1015;46;'26.07.2023 15:33:38.950;;
885;258,504;-2794,392;-329,864;0,000;0,000;0,000;0,000;RRR 1.5in;24,5;1015;46;'26.07.2023 15:33:38.960;;
886;257,994;-2794,366;-329,864;0,000;0,000;0,000;0,000;RRR 1.5in;24,5;1015;46;'26.07.2023 15:33:38.970;;
887;257,490;-2794,333;-329,856;0,000;0,000;0,000;0,000;RRR 1.5in;24,5;1015;46;'26.07.2023 15:33:38.980;;
888;256,983;-2794,303;-329,847;0,000;0,000;0,000;0,000;RRR 1.5in;24,5;1015;46;'26.07.2023 15:33:38.990;;
889;256,486;-2794,287;-329,847;0,000;0,000;0,000;0,000;RRR 1.5in;24,5;1015;46;'26.07.2023 15:33:39.000;;
890;255,986;-2794,274;-329,854;0,000;0,000;0,000;0,000;RRR 1.5in;24,5;1015;46;'26.07.2023 15:33:39.010;;
891;255,488;-2794,251;-329,851;0,000;0,000;0,000;0,000;RRR 1.5in;24,5;1015;46;'26.07.2023 15:33:39.020;;
892;254,986;-2794,218;-329,852;0,000;0,000;0,000;0,000;RRR 1.5in;24,5;1015;46;'26.07.2023 15:33:39.030;;
893;254,473;-2794,189;-329,862;0,000;0,000;0,000;0,000;RRR 1.5in;24,5;1015;46;'26.07.2023 15:33:39.040;;
894;253,988;-2794,152;-329,863;0,000;0,000;0,000;0,000;RRR 1.5in;24,5;1015;46;'26.07.2023 15:33:39.050;;
895;253,490;-2794,108;-329,860;0,000;0,000;0,000;0,000;RRR 1.5in;24,5;1015;46;'26.07.2023 15:33:39.060;;
896;252,993;-2794,064;-329,857;0,000;0,000;0,000;0,000;RRR 1.5in;24,5;1015;46;'26.07.2023 15:33:39.070;;
897;252,501;-2794,024;-329,849;0,000;0,000;0,000;0,000;RRR 1.5in;24,5;1015;46;'26.07.2023 15:33:39.080;;
898;252,000;-2793,997;-329,843;0,000;0,000;0,000;0,000;RRR 1.5in;24,5;1015;46;'26.07.2023 15:33:39.090;;
899;251,521;-2793,988;-329,841;0,000;0,000;0,000;0,000;RRR 1.5in;24,5;1015;46;'26.07.2023 15:33:39.100;;
900;251,027;-2793,977;-329,842;0,000;0,000;0,000;0,000;RRR 1.5in;24,5;1015;46;'26.07.2023 15:33:39.110;;
901;250,527;-2793,952;-329,836;0,000;0,000;0,000;0,000;RRR 1.5in;24,5;1015;46;'26.07.2023 15:33:39.120;;
902;250,024;-2793,917;-329,829;0,000;0,000;0,000;0,000;RRR 1.5in;24,5;1015;46;'26.07.2023 15:33:39.130;;
903;249,505;-2793,888;-329,835;0,000;0,000;0,000;0,000;RRR 1.5in;24,5;1015;46;'26.07.2023 15:33:39.140;;
904;248,991;-2793,861;-329,843;0,000;0,000;0,000;0,000;RRR 1.5in;24,5;1015;46;'26.07.2023 15:33:39.150;;
905;248,482;-2793,824;-329,845;0,000;0,000;0,000;0,000;RRR 1.5in;24,5;1015;46;'26.07.2023 15:33:39.160;;
906;247,980;-2793,788;-329,853;0,000;0,000;0,000;0,000;RRR 1.5in;24,5;1015;46;'26.07.2023 15:33:39.170;;
907;247,477;-2793,756;-329,860;0,000;0,000;0,000;0,000;RRR 1.5in;24,5;1015;46;'26.07.2023 15:33:39.180;;
908;246,991;-2793,723;-329,861;0,000;0,000;0,000;0,000;RRR 1.5in;24,5;1015;46;'26.07.2023 15:33:39.190;;
909;246,506;-2793,697;-329,857;0,000;0,000;0,000;0,000;RRR 1.5in;24,5;1015;46;'26.07.2023 15:33:39.200;;
910;246,019;-2793,680;-329,857;0,000;0,000;0,000;0,000;RRR 1.5in;24,5;1015;46;'26.07.2023 15:33:39.210;;
911;245,527;-2793,659;-329,857;0,000;0,000;0,000;0,000;RRR 1.5in;24,5;1015;46;'26.07.2023 15:33:39.220;;
912;245,039;-2793,628;-329,852;0,000;0,000;0,000;0,000;RRR 1.5in;24,5;1015;46;'26.07.2023 15:33:39.230;;
913;244,547;-2793,591;-329,846;0,000;0,000;0,000;0,000;RRR 1.5in;24,5;1015;46;'26.07.2023 15:33:39.240;;
914;244,041;-2793,562;-329,849;0,000;0,000;0,000;0,000;RRR 1.5in;24,5;1015;46;'26.07.2023 15:33:39.250;;
915;243,536;-2793,530;-329,848;0,000;0,000;0,000;0,000;RRR 1.5in;24,5;1015;46;'26.07.2023 15:33:39.260;;
916;243,026;-2793,489;-329,844;0,000;0,000;0,000;0,000;RRR 1.5in;24,5;1015;46;'26.07.2023 15:33:39.270;;
917;242,512;-2793,457;-329,849;0,000;0,000;0,000;0,000;RRR 1.5in;24,5;1015;46;'26.07.2023 15:33:39.280;;
918;242,014;-2793,433;-329,858;0,000;0,000;0,000;0,000;RRR 1.5in;24,5;1015;46;'26.07.2023 15:33:39.290;;
919;241,513;-2793,407;-329,862;0,000;0,000;0,000;0,000;RRR 1.5in;24,5;1015;46;'26.07.2023 15:33:39.300;;
920;241,028;-2793,383;-329,862;0,000;0,000;0,000;0,000;RRR 1.5in;24,5;1015;46;'26.07.2023 15:33:39.310;;
921;240,530;-2793,360;-329,866;0,000;0,000;0,000;0,000;RRR 1.5in;24,5;1015;46;'26.07.2023 15:33:39.320;;
922;240,019;-2793,332;-329,871;0,000;0,000;0,000;0,000;RRR 1.5in;24,5;1015;46;'26.07.2023 15:33:39.330;;
923;239,522;-2793,282;-329,865;0,000;0,000;0,000;0,000;RRR 1.5in;24,5;1015;46;'26.07.2023 15:33:39.340;;
924;239,017;-2793,232;-329,860;0,000;0,000;0,000;0,000;RRR 1.5in;24,5;1015;46;'26.07.2023 15:33:39.350;;
925;238,517;-2793,205;-329,864;0,000;0,000;0,000;0,000;RRR 1.5in;24,5;1015;46;'26.07.2023 15:33:39.360;;
926;238,025;-2793,187;-329,865;0,000;0,000;0,000;0,000;RRR 1.5in;24,5;1015;46;'26.07.2023 15:33:39.370;;
927;237,530;-2793,169;-329,866;0,000;0,000;0,000;0,000;RRR 1.5in;24,5;1015;46;'26.07.2023 15:33:39.380;;
928;237,026;-2793,153;-329,870;0,000;0,000;0,000;0,000;RRR 1.5in;24,5;1015;46;'26.07.2023 15:33:39.390;;
929;236,526;-2793,130;-329,872;0,000;0,000;0,000;0,000;RRR 1.5in;24,5;1015;46;'26.07.2023 15:33:39.400;;
930;236,033;-2793,097;-329,867;0,000;0,000;0,000;0,000;RRR 1.5in;24,5;1015;46;'26.07.2023 15:33:39.410;;
931;235,542;-2793,064;-329,865;0,000;0,000;0,000;0,000;RRR 1.5in;24,5;1015;46;'26.07.2023 15:33:39.420;;
932;235,040;-2793,033;-329,870;0,000;0,000;0,000;0,000;RRR 1.5in;24,5;1015;46;'26.07.2023 15:33:39.430;;
933;234,534;-2792,999;-329,869;0,000;0,000;0,000;0,000;RRR 1.5in;24,5;1015;46;'26.07.2023 15:33:39.440;;
934;234,037;-2792,964;-329,865;0,000;0,000;0,000;0,000;RRR 1.5in;24,5;1015;46;'26.07.2023 15:33:39.450;;
935;233,531;-2792,939;-329,875;0,000;0,000;0,000;0,000;RRR 1.5in;24,5;1015;46;'26.07.2023 15:33:39.460;;
936;233,036;-2792,916;-329,885;0,000;0,000;0,000;0,000;RRR 1.5in;24,5;1015;46;'26.07.2023 15:33:39.470;;
937;232,552;-2792,881;-329,883;0,000;0,000;0,000;0,000;RRR 1.5in;24,5;1015;46;'26.07.2023 15:33:39.480;;
938;232,051;-2792,850;-329,885;0,000;0,000;0,000;0,000;RRR 1.5in;24,5;1015;46;'26.07.2023 15:33:39.490;;
939;231,556;-2792,833;-329,894;0,000;0,000;0,000;0,000;RRR 1.5in;24,5;1015;46;'26.07.2023 15:33:39.500;;
940;231,051;-2792,805;-329,892;0,000;0,000;0,000;0,000;RRR 1.5in;24,5;1015;46;'26.07.2023 15:33:39.510;;
941;230,559;-2792,773;-329,876;0,000;0,000;0,000;0,000;RRR 1.5in;24,5;1015;46;'26.07.2023 15:33:39.520;;
942;230,069;-2792,751;-329,866;0,000;0,000;0,000;0,000;RRR 1.5in;24,5;1015;46;'26.07.2023 15:33:39.530;;
943;229,561;-2792,728;-329,868;0,000;0,000;0,000;0,000;RRR 1.5in;24,5;1015;46;'26.07.2023 15:33:39.540;;
944;229,055;-2792,689;-329,859;0,000;0,000;0,000;0,000;RRR 1.5in;24,5;1015;46;'26.07.2023 15:33:39.550;;
945;228,547;-2792,646;-329,848;0,000;0,000;0,000;0,000;RRR 1.5in;24,5;1015;46;'26.07.2023 15:33:39.560;;
946;228,042;-2792,630;-329,855;0,000;0,000;0,000;0,000;RRR 1.5in;24,5;1015;46;'26.07.2023 15:33:39.570;;
947;227,550;-2792,621;-329,868;0,000;0,000;0,000;0,000;RRR 1.5in;24,5;1015;46;'26.07.2023 15:33:39.580;;
948;227,063;-2792,592;-329,871;0,000;0,000;0,000;0,000;RRR 1.5in;24,5;1015;46;'26.07.2023 15:33:39.590;;
949;226,561;-2792,555;-329,873;0,000;0,000;0,000;0,000;RRR 1.5in;24,5;1015;46;'26.07.2023 15:33:39.600;;
950;226,056;-2792,521;-329,875;0,000;0,000;0,000;0,000;RRR 1.5in;24,5;1015;46;'26.07.2023 15:33:39.610;;
951;225,556;-2792,490;-329,877;0,000;0,000;0,000;0,000;RRR 1.5in;24,5;1015;46;'26.07.2023 15:33:39.620;;
952;225,061;-2792,461;-329,873;0,000;0,000;0,000;0,000;RRR 1.5in;24,5;1015;46;'26.07.2023 15:33:39.630;;
953;224,573;-2792,423;-329,865;0,000;0,000;0,000;0,000;RRR 1.5in;24,5;1015;46;'26.07.2023 15:33:39.640;;
954;224,068;-2792,383;-329,860;0,000;0,000;0,000;0,000;RRR 1.5in;24,5;1015;46;'26.07.2023 15:33:39.650;;
955;223,570;-2792,345;-329,853;0,000;0,000;0,000;0,000;RRR 1.5in;24,5;1015;46;'26.07.2023 15:33:39.660;;
956;223,075;-2792,318;-329,852;0,000;0,000;0,000;0,000;RRR 1.5in;24,5;1015;46;'26.07.2023 15:33:39.670;;
957;222,571;-2792,308;-329,859;0,000;0,000;0,000;0,000;RRR 1.5in;24,5;1015;46;'26.07.2023 15:33:39.680;;
958;222,086;-2792,296;-329,864;0,000;0,000;0,000;0,000;RRR 1.5in;24,5;1015;46;'26.07.2023 15:33:39.690;;
959;221,595;-2792,271;-329,865;0,000;0,000;0,000;0,000;RRR 1.5in;24,5;1015;46;'26.07.2023 15:33:39.700;;
960;221,106;-2792,252;-329,868;0,000;0,000;0,000;0,000;RRR 1.5in;24,5;1015;46;'26.07.2023 15:33:39.710;;
961;220,607;-2792,226;-329,870;0,000;0,000;0,000;0,000;RRR 1.5in;24,5;1015;46;'26.07.2023 15:33:39.720;;
962;220,099;-2792,195;-329,871;0,000;0,000;0,000;0,000;RRR 1.5in;24,5;1015;46;'26.07.2023 15:33:39.730;;
963;219,591;-2792,158;-329,865;0,000;0,000;0,000;0,000;RRR 1.5in;24,5;1015;46;'26.07.2023 15:33:39.740;;
964;219,079;-2792,119;-329,863;0,000;0,000;0,000;0,000;RRR 1.5in;24,5;1015;46;'26.07.2023 15:33:39.750;;
965;218,563;-2792,082;-329,865;0,000;0,000;0,000;0,000;RRR 1.5in;24,5;1015;46;'26.07.2023 15:33:39.760;;
966;218,058;-2792,030;-329,856;0,000;0,000;0,000;0,000;RRR 1.5in;24,5;1015;46;'26.07.2023 15:33:39.770;;
967;217,559;-2791,989;-329,854;0,000;0,000;0,000;0,000;RRR 1.5in;24,5;1015;46;'26.07.2023 15:33:39.780;;
968;217,068;-2791,980;-329,867;0,000;0,000;0,000;0,000;RRR 1.5in;24,5;1015;46;'26.07.2023 15:33:39.790;;
969;216,578;-2791,968;-329,875;0,000;0,000;0,000;0,000;RRR 1.5in;24,5;1015;46;'26.07.2023 15:33:39.800;;
970;216,082;-2791,932;-329,871;0,000;0,000;0,000;0,000;RRR 1.5in;24,5;1015;46;'26.07.2023 15:33:39.810;;
971;215,582;-2791,887;-329,866;0,000;0,000;0,000;0,000;RRR 1.5in;24,5;1015;46;'26.07.2023 15:33:39.820;;
972;215,080;-2791,849;-329,866;0,000;0,000;0,000;0,000;RRR 1.5in;24,5;1015;46;'26.07.2023 15:33:39.830;;
973;214,571;-2791,819;-329,865;0,000;0,000;0,000;0,000;RRR 1.5in;24,5;1015;46;'26.07.2023 15:33:39.840;;
974;214,069;-2791,787;-329,857;0,000;0,000;0,000;0,000;RRR 1.5in;24,5;1015;46;'26.07.2023 15:33:39.850;;
975;213,563;-2791,759;-329,853;0,000;0,000;0,000;0,000;RRR 1.5in;24,5;1015;46;'26.07.2023 15:33:39.860;;
976;213,061;-2791,743;-329,858;0,000;0,000;0,000;0,000;RRR 1.5in;24,5;1015;46;'26.07.2023 15:33:39.870;;
977;212,575;-2791,724;-329,862;0,000;0,000;0,000;0,000;RRR 1.5in;24,5;1015;46;'26.07.2023 15:33:39.880;;
978;212,079;-2791,697;-329,867;0,000;0,000;0,000;0,000;RRR 1.5in;24,5;1015;46;'26.07.2023 15:33:39.890;;
979;211,582;-2791,668;-329,870;0,000;0,000;0,000;0,000;RRR 1.5in;24,5;1015;46;'26.07.2023 15:33:39.900;;
980;211,091;-2791,638;-329,871;0,000;0,000;0,000;0,000;RRR 1.5in;24,5;1015;46;'26.07.2023 15:33:39.910;;
981;210,587;-2791,612;-329,877;0,000;0,000;0,000;0,000;RRR 1.5in;24,5;1015;46;'26.07.2023 15:33:39.920;;
982;210,087;-2791,580;-329,883;0,000;0,000;0,000;0,000;RRR 1.5in;24,5;1015;46;'26.07.2023 15:33:39.930;;
983;209,588;-2791,542;-329,882;0,000;0,000;0,000;0,000;RRR 1.5in;24,5;1015;46;'26.07.2023 15:33:39.940;;
984;209,087;-2791,514;-329,881;0,000;0,000;0,000;0,000;RRR 1.5in;24,5;1015;46;'26.07.2023 15:33:39.950;;
985;208,596;-2791,487;-329,875;0,000;0,000;0,000;0,000;RRR 1.5in;24,5;1015;46;'26.07.2023 15:33:39.960;;
986;208,095;-2791,463;-329,876;0,000;0,000;0,000;0,000;RRR 1.5in;24,5;1015;46;'26.07.2023 15:33:39.970;;
987;207,581;-2791,437;-329,884;0,000;0,000;0,000;0,000;RRR 1.5in;24,5;1015;46;'26.07.2023 15:33:39.980;;
988;207,067;-2791,393;-329,877;0,000;0,000;0,000;0,000;RRR 1.5in;24,5;1015;46;'26.07.2023 15:33:39.990;;
989;206,560;-2791,347;-329,871;0,000;0,000;0,000;0,000;RRR 1.5in;24,5;1015;46;'26.07.2023 15:33:40.000;;
990;206,067;-2791,321;-329,874;0,000;0,000;0,000;0,000;RRR 1.5in;24,5;1015;46;'26.07.2023 15:33:40.010;;
991;205,573;-2791,302;-329,879;0,000;0,000;0,000;0,000;RRR 1.5in;24,5;1015;46;'26.07.2023 15:33:40.020;;
992;205,079;-2791,279;-329,888;0,000;0,000;0,000;0,000;RRR 1.5in;24,5;1015;46;'26.07.2023 15:33:40.030;;
993;204,578;-2791,238;-329,889;0,000;0,000;0,000;0,000;RRR 1.5in;24,5;1015;46;'26.07.2023 15:33:40.040;;
994;204,075;-2791,189;-329,890;0,000;0,000;0,000;0,000;RRR 1.5in;24,5;1015;46;'26.07.2023 15:33:40.050;;
995;203,573;-2791,147;-329,891;0,000;0,000;0,000;0,000;RRR 1.5in;24,5;1015;46;'26.07.2023 15:33:40.060;;
996;203,085;-2791,116;-329,893;0,000;0,000;0,000;0,000;RRR 1.5in;24,5;1015;46;'26.07.2023 15:33:40.070;;
997;202,591;-2791,098;-329,901;0,000;0,000;0,000;0,000;RRR 1.5in;24,5;1015;46;'26.07.2023 15:33:40.080;;
998;202,089;-2791,085;-329,903;0,000;0,000;0,000;0,000;RRR 1.5in;24,5;1015;46;'26.07.2023 15:33:40.090;;
999;201,594;-2791,067;-329,894;0,000;0,000;0,000;0,000;RRR 1.5in;24,5;1015;46;'26.07.2023 15:33:40.100;;
1000;201,088;-2791,054;-329,895;0,000;0,000;0,000;0,000;RRR 1.5in;24,5;1015;46;'26.07.2023 15:33:40.110;;
1001;200,584;-2791,032;-329,895;0,000;0,000;0,000;0,000;RRR 1.5in;24,5;1015;46;'26.07.2023 15:33:40.120;;
1002;200,082;-2790,994;-329,887;0,000;0,000;0,000;0,000;RRR 1.5in;24,5;1015;46;'26.07.2023 15:33:40.130;;
1003;199,570;-2790,954;-329,884;0,000;0,000;0,000;0,000;RRR 1.5in;24,5;1015;46;'26.07.2023 15:33:40.140;;
1004;199,066;-2790,916;-329,886;0,000;0,000;0,000;0,000;RRR 1.5in;24,5;1015;46;'26.07.2023 15:33:40.150;;
1005;198,562;-2790,889;-329,895;0,000;0,000;0,000;0,000;RRR 1.5in;24,5;1015;46;'26.07.2023 15:33:40.160;;
1006;198,074;-2790,870;-329,904;0,000;0,000;0,000;0,000;RRR 1.5in;24,5;1015;46;'26.07.2023 15:33:40.170;;
1007;197,597;-2790,849;-329,908;0,000;0,000;0,000;0,000;RRR 1.5in;24,5;1015;46;'26.07.2023 15:33:40.180;;
1008;197,106;-2790,829;-329,919;0,000;0,000;0,000;0,000;RRR 1.5in;24,5;1015;46;'26.07.2023 15:33:40.190;;
1009;196,609;-2790,805;-329,928;0,000;0,000;0,000;0,000;RRR 1.5in;24,5;1015;46;'26.07.2023 15:33:40.200;;
1010;196,107;-2790,768;-329,920;0,000;0,000;0,000;0,000;RRR 1.5in;24,5;1015;46;'26.07.2023 15:33:40.210;;
1011;195,595;-2790,731;-329,914;0,000;0,000;0,000;0,000;RRR 1.5in;24,5;1015;46;'26.07.2023 15:33:40.220;;
1012;195,081;-2790,698;-329,912;0,000;0,000;0,000;0,000;RRR 1.5in;24,5;1015;46;'26.07.2023 15:33:40.230;;
1013;194,578;-2790,659;-329,903;0,000;0,000;0,000;0,000;RRR 1.5in;24,5;1015;46;'26.07.2023 15:33:40.240;;
1014;194,072;-2790,627;-329,897;0,000;0,000;0,000;0,000;RRR 1.5in;24,5;1015;46;'26.07.2023 15:33:40.250;;
1015;193,577;-2790,605;-329,900;0,000;0,000;0,000;0,000;RRR 1.5in;24,5;1015;46;'26.07.2023 15:33:40.260;;
1016;193,081;-2790,589;-329,910;0,000;0,000;0,000;0,000;RRR 1.5in;24,5;1015;46;'26.07.2023 15:33:40.270;;
1017;192,579;-2790,570;-329,917;0,000;0,000;0,000;0,000;RRR 1.5in;24,5;1015;46;'26.07.2023 15:33:40.280;;
1018;192,088;-2790,545;-329,919;0,000;0,000;0,000;0,000;RRR 1.5in;24,5;1015;46;'26.07.2023 15:33:40.290;;
1019;191,589;-2790,527;-329,935;0,000;0,000;0,000;0,000;RRR 1.5in;24,5;1015;46;'26.07.2023 15:33:40.300;;
1020;191,085;-2790,493;-329,943;0,000;0,000;0,000;0,000;RRR 1.5in;24,5;1015;46;'26.07.2023 15:33:40.310;;
1021;190,587;-2790,438;-329,933;0,000;0,000;0,000;0,000;RRR 1.5in;24,5;1015;46;'26.07.2023 15:33:40.320;;
1022;190,076;-2790,396;-329,931;0,000;0,000;0,000;0,000;RRR 1.5in;24,5;1015;46;'26.07.2023 15:33:40.330;;
1023;189,569;-2790,371;-329,932;0,000;0,000;0,000;0,000;RRR 1.5in;24,5;1015;46;'26.07.2023 15:33:40.340;;
1024;189,077;-2790,342;-329,926;0,000;0,000;0,000;0,000;RRR 1.5in;24,5;1015;46;'26.07.2023 15:33:40.350;;
1025;188,575;-2790,315;-329,919;0,000;0,000;0,000;0,000;RRR 1.5in;24,5;1015;46;'26.07.2023 15:33:40.360;;
1026;188,083;-2790,294;-329,919;0,000;0,000;0,000;0,000;RRR 1.5in;24,5;1015;46;'26.07.2023 15:33:40.370;;
1027;187,581;-2790,275;-329,926;0,000;0,000;0,000;0,000;RRR 1.5in;24,5;1015;46;'26.07.2023 15:33:40.380;;
1028;187,085;-2790,256;-329,930;0,000;0,000;0,000;0,000;RRR 1.5in;24,5;1015;46;'26.07.2023 15:33:40.390;;
1029;186,595;-2790,230;-329,928;0,000;0,000;0,000;0,000;RRR 1.5in;24,5;1015;46;'26.07.2023 15:33:40.400;;
1030;186,095;-2790,208;-329,937;0,000;0,000;0,000;0,000;RRR 1.5in;24,5;1015;46;'26.07.2023 15:33:40.410;;
1031;185,594;-2790,184;-329,947;0,000;0,000;0,000;0,000;RRR 1.5in;24,5;1015;46;'26.07.2023 15:33:40.420;;
1032;185,096;-2790,139;-329,940;0,000;0,000;0,000;0,000;RRR 1.5in;24,5;1015;46;'26.07.2023 15:33:40.430;;
1033;184,595;-2790,094;-329,932;0,000;0,000;0,000;0,000;RRR 1.5in;24,5;1015;46;'26.07.2023 15:33:40.440;;
1034;184,090;-2790,059;-329,930;0,000;0,000;0,000;0,000;RRR 1.5in;24,5;1015;46;'26.07.2023 15:33:40.450;;
1035;183,595;-2790,024;-329,924;0,000;0,000;0,000;0,000;RRR 1.5in;24,5;1015;46;'26.07.2023 15:33:40.460;;
1036;183,096;-2789,999;-329,924;0,000;0,000;0,000;0,000;RRR 1.5in;24,5;1015;46;'26.07.2023 15:33:40.470;;
1037;182,594;-2789,981;-329,927;0,000;0,000;0,000;0,000;RRR 1.5in;24,5;1015;46;'26.07.2023 15:33:40.480;;
1038;182,100;-2789,967;-329,931;0,000;0,000;0,000;0,000;RRR 1.5in;24,5;1015;46;'26.07.2023 15:33:40.490;;
1039;181,595;-2789,955;-329,933;0,000;0,000;0,000;0,000;RRR 1.5in;24,5;1015;46;'26.07.2023 15:33:40.500;;
1040;181,095;-2789,940;-329,927;0,000;0,000;0,000;0,000;RRR 1.5in;24,5;1015;46;'26.07.2023 15:33:40.510;;
1041;180,584;-2789,931;-329,938;0,000;0,000;0,000;0,000;RRR 1.5in;24,5;1015;46;'26.07.2023 15:33:40.520;;
1042;180,067;-2789,904;-329,943;0,000;0,000;0,000;0,000;RRR 1.5in;24,5;1015;46;'26.07.2023 15:33:40.530;;
1043;179,563;-2789,845;-329,930;0,000;0,000;0,000;0,000;RRR 1.5in;24,5;1015;46;'26.07.2023 15:33:40.540;;
1044;179,059;-2789,791;-329,922;0,000;0,000;0,000;0,000;RRR 1.5in;24,5;1015;46;'26.07.2023 15:33:40.550;;
1045;178,565;-2789,755;-329,925;0,000;0,000;0,000;0,000;RRR 1.5in;24,5;1015;46;'26.07.2023 15:33:40.560;;
1046;178,088;-2789,725;-329,925;0,000;0,000;0,000;0,000;RRR 1.5in;24,5;1015;46;'26.07.2023 15:33:40.570;;
1047;177,600;-2789,700;-329,920;0,000;0,000;0,000;0,000;RRR 1.5in;24,5;1015;46;'26.07.2023 15:33:40.580;;
1048;177,116;-2789,681;-329,920;0,000;0,000;0,000;0,000;RRR 1.5in;24,5;1015;46;'26.07.2023 15:33:40.590;;
1049;176,624;-2789,665;-329,926;0,000;0,000;0,000;0,000;RRR 1.5in;24,5;1015;46;'26.07.2023 15:33:40.600;;
1050;176,126;-2789,649;-329,936;0,000;0,000;0,000;0,000;RRR 1.5in;24,5;1015;46;'26.07.2023 15:33:40.610;;
1051;175,622;-2789,621;-329,934;0,000;0,000;0,000;0,000;RRR 1.5in;24,5;1015;46;'26.07.2023 15:33:40.620;;
1052;175,109;-2789,597;-329,938;0,000;0,000;0,000;0,000;RRR 1.5in;24,5;1015;46;'26.07.2023 15:33:40.630;;
1053;174,592;-2789,583;-329,950;0,000;0,000;0,000;0,000;RRR 1.5in;24,5;1015;46;'26.07.2023 15:33:40.640;;
1054;174,085;-2789,555;-329,950;0,000;0,000;0,000;0,000;RRR 1.5in;24,5;1015;46;'26.07.2023 15:33:40.650;;
1055;173,584;-2789,518;-329,942;0,000;0,000;0,000;0,000;RRR 1.5in;24,5;1015;46;'26.07.2023 15:33:40.660;;
1056;173,089;-2789,488;-329,937;0,000;0,000;0,000;0,000;RRR 1.5in;24,5;1015;46;'26.07.2023 15:33:40.670;;
1057;172,605;-2789,463;-329,936;0,000;0,000;0,000;0,000;RRR 1.5in;24,5;1015;46;'26.07.2023 15:33:40.680;;
1058;172,125;-2789,438;-329,934;0,000;0,000;0,000;0,000;RRR 1.5in;24,5;1015;46;'26.07.2023 15:33:40.690;;
1059;171,640;-2789,414;-329,933;0,000;0,000;0,000;0,000;RRR 1.5in;24,5;1015;46;'26.07.2023 15:33:40.700;;
1060;171,148;-2789,389;-329,939;0,000;0,000;0,000;0,000;RRR 1.5in;24,5;1015;46;'26.07.2023 15:33:40.710;;
1061;170,634;-2789,359;-329,945;0,000;0,000;0,000;0,000;RRR 1.5in;24,5;1015;46;'26.07.2023 15:33:40.720;;
1062;170,114;-2789,319;-329,941;0,000;0,000;0,000;0,000;RRR 1.5in;24,5;1015;46;'26.07.2023 15:33:40.730;;
1063;169,598;-2789,278;-329,938;0,000;0,000;0,000;0,000;RRR 1.5in;24,5;1015;46;'26.07.2023 15:33:40.740;;
1064;169,075;-2789,247;-329,946;0,000;0,000;0,000;0,000;RRR 1.5in;24,5;1015;46;'26.07.2023 15:33:40.750;;
1065;168,568;-2789,214;-329,947;0,000;0,000;0,000;0,000;RRR 1.5in;24,5;1015;46;'26.07.2023 15:33:40.760;;
1066;168,069;-2789,185;-329,943;0,000;0,000;0,000;0,000;RRR 1.5in;24,5;1015;46;'26.07.2023 15:33:40.770;;
1067;167,577;-2789,165;-329,944;0,000;0,000;0,000;0,000;RRR 1.5in;24,5;1015;46;'26.07.2023 15:33:40.780;;
1068;167,101;-2789,146;-329,946;0,000;0,000;0,000;0,000;RRR 1.5in;24,5;1015;46;'26.07.2023 15:33:40.790;;
1069;166,614;-2789,120;-329,950;0,000;0,000;0,000;0,000;RRR 1.5in;24,5;1015;46;'26.07.2023 15:33:40.800;;
1070;166,126;-2789,080;-329,952;0,000;0,000;0,000;0,000;RRR 1.5in;24,5;1015;46;'26.07.2023 15:33:40.810;;
1071;165,628;-2789,032;-329,952;0,000;0,000;0,000;0,000;RRR 1.5in;24,5;1015;46;'26.07.2023 15:33:40.820;;
1072;165,123;-2788,993;-329,956;0,000;0,000;0,000;0,000;RRR 1.5in;24,5;1015;46;'26.07.2023 15:33:40.830;;
1073;164,620;-2788,961;-329,955;0,000;0,000;0,000;0,000;RRR 1.5in;24,5;1015;46;'26.07.2023 15:33:40.840;;
1074;164,125;-2788,937;-329,948;0,000;0,000;0,000;0,000;RRR 1.5in;24,5;1015;46;'26.07.2023 15:33:40.850;;
1075;163,624;-2788,930;-329,954;0,000;0,000;0,000;0,000;RRR 1.5in;24,5;1015;46;'26.07.2023 15:33:40.860;;
1076;163,112;-2788,920;-329,960;0,000;0,000;0,000;0,000;RRR 1.5in;24,5;1015;46;'26.07.2023 15:33:40.870;;
1077;162,605;-2788,896;-329,951;0,000;0,000;0,000;0,000;RRR 1.5in;24,5;1015;46;'26.07.2023 15:33:40.880;;
1078;162,103;-2788,874;-329,946;0,000;0,000;0,000;0,000;RRR 1.5in;24,5;1015;46;'26.07.2023 15:33:40.890;;
1079;161,604;-2788,863;-329,953;0,000;0,000;0,000;0,000;RRR 1.5in;24,5;1015;46;'26.07.2023 15:33:40.900;;
1080;161,119;-2788,847;-329,965;0,000;0,000;0,000;0,000;RRR 1.5in;24,5;1015;46;'26.07.2023 15:33:40.910;;
1081;160,626;-2788,817;-329,973;0,000;0,000;0,000;0,000;RRR 1.5in;24,5;1015;46;'26.07.2023 15:33:40.920;;
1082;160,132;-2788,774;-329,979;0,000;0,000;0,000;0,000;RRR 1.5in;24,5;1015;46;'26.07.2023 15:33:40.930;;
1083;159,636;-2788,723;-329,986;0,000;0,000;0,000;0,000;RRR 1.5in;24,5;1015;46;'26.07.2023 15:33:40.940;;
1084;159,129;-2788,668;-329,987;0,000;0,000;0,000;0,000;RRR 1.5in;24,5;1015;46;'26.07.2023 15:33:40.950;;
1085;158,639;-2788,613;-329,978;0,000;0,000;0,000;0,000;RRR 1.5in;24,5;1015;46;'26.07.2023 15:33:40.960;;
1086;158,134;-2788,570;-329,973;0,000;0,000;0,000;0,000;RRR 1.5in;24,5;1015;46;'26.07.2023 15:33:40.970;;
1087;157,622;-2788,545;-329,975;0,000;0,000;0,000;0,000;RRR 1.5in;24,5;1015;46;'26.07.2023 15:33:40.980;;
1088;157,123;-2788,526;-329,967;0,000;0,000;0,000;0,000;RRR 1.5in;24,5;1015;46;'26.07.2023 15:33:40.990;;
1089;156,622;-2788,519;-329,964;0,000;0,000;0,000;0,000;RRR 1.5in;24,5;1015;46;'26.07.2023 15:33:41.000;;
1090;156,126;-2788,524;-329,972;0,000;0,000;0,000;0,000;RRR 1.5in;24,5;1015;46;'26.07.2023 15:33:41.010;;
1091;155,636;-2788,512;-329,977;0,000;0,000;0,000;0,000;RRR 1.5in;24,5;1015;46;'26.07.2023 15:33:41.020;;
1092;155,137;-2788,476;-329,975;0,000;0,000;0,000;0,000;RRR 1.5in;24,5;1015;46;'26.07.2023 15:33:41.030;;
1093;154,638;-2788,425;-329,973;0,000;0,000;0,000;0,000;RRR 1.5in;24,5;1015;46;'26.07.2023 15:33:41.040;;
1094;154,136;-2788,379;-329,980;0,000;0,000;0,000;0,000;RRR 1.5in;24,5;1015;46;'26.07.2023 15:33:41.050;;
1095;153,633;-2788,335;-329,990;0,000;0,000;0,000;0,000;RRR 1.5in;24,5;1015;46;'26.07.2023 15:33:41.060;;
1096;153,131;-2788,286;-329,984;0,000;0,000;0,000;0,000;RRR 1.5in;24,5;1015;46;'26.07.2023 15:33:41.070;;
1097;152,641;-2788,249;-329,977;0,000;0,000;0,000;0,000;RRR 1.5in;24,5;1015;46;'26.07.2023 15:33:41.080;;
1098;152,145;-2788,240;-329,984;0,000;0,000;0,000;0,000;RRR 1.5in;24,5;1015;46;'26.07.2023 15:33:41.090;;
1099;151,642;-2788,230;-329,987;0,000;0,000;0,000;0,000;RRR 1.5in;24,5;1015;46;'26.07.2023 15:33:41.100;;
1100;151,146;-2788,211;-329,981;0,000;0,000;0,000;0,000;RRR 1.5in;24,5;1015;46;'26.07.2023 15:33:41.110;;
1101;150,642;-2788,191;-329,984;0,000;0,000;0,000;0,000;RRR 1.5in;24,5;1015;46;'26.07.2023 15:33:41.120;;
1102;150,145;-2788,177;-329,993;0,000;0,000;0,000;0,000;RRR 1.5in;24,5;1015;46;'26.07.2023 15:33:41.130;;
1103;149,648;-2788,149;-329,998;0,000;0,000;0,000;0,000;RRR 1.5in;24,5;1015;46;'26.07.2023 15:33:41.140;;
1104;149,153;-2788,102;-329,998;0,000;0,000;0,000;0,000;RRR 1.5in;24,5;1015;46;'26.07.2023 15:33:41.150;;
1105;148,656;-2788,050;-329,992;0,000;0,000;0,000;0,000;RRR 1.5in;24,5;1015;46;'26.07.2023 15:33:41.160;;
1106;148,157;-2788,011;-329,995;0,000;0,000;0,000;0,000;RRR 1.5in;24,5;1015;46;'26.07.2023 15:33:41.170;;
1107;147,667;-2787,977;-329,993;0,000;0,000;0,000;0,000;RRR 1.5in;24,5;1015;46;'26.07.2023 15:33:41.180;;
1108;147,187;-2787,941;-329,983;0,000;0,000;0,000;0,000;RRR 1.5in;24,5;1015;46;'26.07.2023 15:33:41.190;;
1109;146,690;-2787,920;-329,986;0,000;0,000;0,000;0,000;RRR 1.5in;24,5;1015;46;'26.07.2023 15:33:41.200;;
1110;146,193;-2787,902;-329,992;0,000;0,000;0,000;0,000;RRR 1.5in;24,5;1015;46;'26.07.2023 15:33:41.210;;
1111;145,690;-2787,874;-329,990;0,000;0,000;0,000;0,000;RRR 1.5in;24,5;1015;46;'26.07.2023 15:33:41.220;;
1112;145,175;-2787,851;-329,993;0,000;0,000;0,000;0,000;RRR 1.5in;24,5;1015;46;'26.07.2023 15:33:41.230;;
1113;144,657;-2787,839;-330,003;0,000;0,000;0,000;0,000;RRR 1.5in;24,5;1015;46;'26.07.2023 15:33:41.240;;
1114;144,144;-2787,815;-330,006;0,000;0,000;0,000;0,000;RRR 1.5in;24,5;1015;46;'26.07.2023 15:33:41.250;;
1115;143,634;-2787,780;-330,005;0,000;0,000;0,000;0,000;RRR 1.5in;24,5;1015;46;'26.07.2023 15:33:41.260;;
1116;143,130;-2787,738;-330,000;0,000;0,000;0,000;0,000;RRR 1.5in;24,5;1015;46;'26.07.2023 15:33:41.270;;
1117;142,634;-2787,697;-329,996;0,000;0,000;0,000;0,000;RRR 1.5in;24,5;1015;46;'26.07.2023 15:33:41.280;;
1118;142,142;-2787,660;-329,992;0,000;0,000;0,000;0,000;RRR 1.5in;24,5;1015;46;'26.07.2023 15:33:41.290;;
1119;141,659;-2787,622;-329,979;0,000;0,000;0,000;0,000;RRR 1.5in;24,5;1015;46;'26.07.2023 15:33:41.300;;
1120;141,185;-2787,596;-329,972;0,000;0,000;0,000;0,000;RRR 1.5in;24,5;1015;46;'26.07.2023 15:33:41.310;;
1121;140,688;-2787,587;-329,982;0,000;0,000;0,000;0,000;RRR 1.5in;24,5;1015;46;'26.07.2023 15:33:41.320;;
1122;140,191;-2787,569;-329,987;0,000;0,000;0,000;0,000;RRR 1.5in;24,5;1015;46;'26.07.2023 15:33:41.330;;
1123;139,695;-2787,532;-329,978;0,000;0,000;0,000;0,000;RRR 1.5in;24,5;1015;46;'26.07.2023 15:33:41.340;;
1124;139,185;-2787,508;-329,980;0,000;0,000;0,000;0,000;RRR 1.5in;24,5;1015;46;'26.07.2023 15:33:41.350;;
1125;138,678;-2787,491;-329,990;0,000;0,000;0,000;0,000;RRR 1.5in;24,5;1015;46;'26.07.2023 15:33:41.360;;
1126;138,167;-2787,464;-329,994;0,000;0,000;0,000;0,000;RRR 1.5in;24,5;1015;46;'26.07.2023 15:33:41.370;;
1127;137,658;-2787,425;-329,989;0,000;0,000;0,000;0,000;RRR 1.5in;24,5;1015;46;'26.07.2023 15:33:41.380;;
1128;137,163;-2787,389;-329,980;0,000;0,000;0,000;0,000;RRR 1.5in;24,5;1015;46;'26.07.2023 15:33:41.390;;
1129;136,669;-2787,361;-329,978;0,000;0,000;0,000;0,000;RRR 1.5in;24,5;1015;46;'26.07.2023 15:33:41.400;;
1130;136,179;-2787,333;-329,972;0,000;0,000;0,000;0,000;RRR 1.5in;24,5;1015;46;'26.07.2023 15:33:41.410;;
1131;135,692;-2787,300;-329,963;0,000;0,000;0,000;0,000;RRR 1.5in;24,5;1015;46;'26.07.2023 15:33:41.420;;
1132;135,200;-2787,279;-329,964;0,000;0,000;0,000;0,000;RRR 1.5in;24,5;1015;46;'26.07.2023 15:33:41.430;;
1133;134,705;-2787,264;-329,972;0,000;0,000;0,000;0,000;RRR 1.5in;24,5;1015;46;'26.07.2023 15:33:41.440;;
1134;134,203;-2787,233;-329,971;0,000;0,000;0,000;0,000;RRR 1.5in;24,5;1015;46;'26.07.2023 15:33:41.450;;
1135;133,697;-2787,195;-329,966;0,000;0,000;0,000;0,000;RRR 1.5in;24,5;1015;46;'26.07.2023 15:33:41.460;;
1136;133,188;-2787,167;-329,967;0,000;0,000;0,000;0,000;RRR 1.5in;24,5;1015;46;'26.07.2023 15:33:41.470;;
1137;132,678;-2787,143;-329,969;0,000;0,000;0,000;0,000;RRR 1.5in;24,5;1015;46;'26.07.2023 15:33:41.480;;
1138;132,170;-2787,111;-329,966;0,000;0,000;0,000;0,000;RRR 1.5in;24,5;1015;46;'26.07.2023 15:33:41.490;;
1139;131,667;-2787,074;-329,958;0,000;0,000;0,000;0,000;RRR 1.5in;24,5;1015;46;'26.07.2023 15:33:41.500;;
1140;131,182;-2787,045;-329,953;0,000;0,000;0,000;0,000;RRR 1.5in;24,5;1015;46;'26.07.2023 15:33:41.510;;
1141;130,696;-2787,026;-329,955;0,000;0,000;0,000;0,000;RRR 1.5in;24,5;1015;46;'26.07.2023 15:33:41.520;;
1142;130,211;-2787,005;-329,950;0,000;0,000;0,000;0,000;RRR 1.5in;24,5;1015;46;'26.07.2023 15:33:41.530;;
1143;129,733;-2786,981;-329,945;0,000;0,000;0,000;0,000;RRR 1.5in;24,5;1015;46;'26.07.2023 15:33:41.540;;
1144;129,236;-2786,962;-329,955;0,000;0,000;0,000;0,000;RRR 1.5in;24,5;1015;46;'26.07.2023 15:33:41.550;;
1145;128,735;-2786,931;-329,963;0,000;0,000;0,000;0,000;RRR 1.5in;24,5;1015;46;'26.07.2023 15:33:41.560;;
1146;128,229;-2786,878;-329,960;0,000;0,000;0,000;0,000;RRR 1.5in;24,5;1015;46;'26.07.2023 15:33:41.570;;
1147;127,710;-2786,824;-329,954;0,000;0,000;0,000;0,000;RRR 1.5in;24,5;1015;46;'26.07.2023 15:33:41.580;;
1148;127,201;-2786,788;-329,949;0,000;0,000;0,000;0,000;RRR 1.5in;24,5;1015;46;'26.07.2023 15:33:41.590;;
1149;126,700;-2786,777;-329,949;0,000;0,000;0,000;0,000;RRR 1.5in;24,5;1015;46;'26.07.2023 15:33:41.600;;
1150;126,188;-2786,768;-329,946;0,000;0,000;0,000;0,000;RRR 1.5in;24,5;1015;46;'26.07.2023 15:33:41.610;;
1151;125,692;-2786,746;-329,933;0,000;0,000;0,000;0,000;RRR 1.5in;24,5;1015;46;'26.07.2023 15:33:41.620;;
1152;125,196;-2786,727;-329,929;0,000;0,000;0,000;0,000;RRR 1.5in;24,5;1015;46;'26.07.2023 15:33:41.630;;
1153;124,708;-2786,712;-329,933;0,000;0,000;0,000;0,000;RRR 1.5in;24,5;1015;46;'26.07.2023 15:33:41.640;;
1154;124,220;-2786,676;-329,928;0,000;0,000;0,000;0,000;RRR 1.5in;24,5;1015;46;'26.07.2023 15:33:41.650;;
1155;123,737;-2786,634;-329,926;0,000;0,000;0,000;0,000;RRR 1.5in;24,5;1015;46;'26.07.2023 15:33:41.660;;
1156;123,232;-2786,605;-329,938;0,000;0,000;0,000;0,000;RRR 1.5in;24,5;1015;46;'26.07.2023 15:33:41.670;;
1157;122,726;-2786,575;-329,947;0,000;0,000;0,000;0,000;RRR 1.5in;24,5;1015;46;'26.07.2023 15:33:41.680;;
1158;122,229;-2786,534;-329,945;0,000;0,000;0,000;0,000;RRR 1.5in;24,5;1015;46;'26.07.2023 15:33:41.690;;
1159;121,730;-2786,492;-329,939;0,000;0,000;0,000;0,000;RRR 1.5in;24,5;1015;46;'26.07.2023 15:33:41.700;;
1160;121,235;-2786,466;-329,932;0,000;0,000;0,000;0,000;RRR 1.5in;24,5;1015;46;'26.07.2023 15:33:41.710;;
1161;120,731;-2786,454;-329,934;0,000;0,000;0,000;0,000;RRR 1.5in;24,5;1015;46;'26.07.2023 15:33:41.720;;
1162;120,222;-2786,430;-329,929;0,000;0,000;0,000;0,000;RRR 1.5in;24,5;1015;46;'26.07.2023 15:33:41.730;;
1163;119,730;-2786,403;-329,918;0,000;0,000;0,000;0,000;RRR 1.5in;24,5;1015;46;'26.07.2023 15:33:41.740;;
1164;119,231;-2786,396;-329,922;0,000;0,000;0,000;0,000;RRR 1.5in;24,5;1015;46;'26.07.2023 15:33:41.750;;
1165;118,733;-2786,381;-329,930;0,000;0,000;0,000;0,000;RRR 1.5in;24,5;1015;46;'26.07.2023 15:33:41.760;;
1166;118,252;-2786,337;-329,921;0,000;0,000;0,000;0,000;RRR 1.5in;24,5;1015;46;'26.07.2023 15:33:41.770;;
1167;117,750;-2786,299;-329,921;0,000;0,000;0,000;0,000;RRR 1.5in;24,5;1015;46;'26.07.2023 15:33:41.780;;
1168;117,245;-2786,276;-329,929;0,000;0,000;0,000;0,000;RRR 1.5in;24,5;1015;46;'26.07.2023 15:33:41.790;;
1169;116,739;-2786,239;-329,928;0,000;0,000;0,000;0,000;RRR 1.5in;24,5;1015;46;'26.07.2023 15:33:41.800;;
1170;116,229;-2786,190;-329,920;0,000;0,000;0,000;0,000;RRR 1.5in;24,5;1015;46;'26.07.2023 15:33:41.810;;
1171;115,733;-2786,152;-329,915;0,000;0,000;0,000;0,000;RRR 1.5in;24,5;1015;46;'26.07.2023 15:33:41.820;;
1172;115,237;-2786,132;-329,915;0,000;0,000;0,000;0,000;RRR 1.5in;24,5;1015;46;'26.07.2023 15:33:41.830;;
1173;114,734;-2786,116;-329,923;0,000;0,000;0,000;0,000;RRR 1.5in;24,5;1015;46;'26.07.2023 15:33:41.840;;
1174;114,238;-2786,087;-329,924;0,000;0,000;0,000;0,000;RRR 1.5in;24,5;1015;46;'26.07.2023 15:33:41.850;;
1175;113,743;-2786,056;-329,921;0,000;0,000;0,000;0,000;RRR 1.5in;24,5;1015;46;'26.07.2023 15:33:41.860;;
1176;113,246;-2786,039;-329,933;0,000;0,000;0,000;0,000;RRR 1.5in;24,5;1015;46;'26.07.2023 15:33:41.870;;
1177;112,753;-2786,007;-329,937;0,000;0,000;0,000;0,000;RRR 1.5in;24,5;1015;46;'26.07.2023 15:33:41.880;;
1178;112,267;-2785,962;-329,927;0,000;0,000;0,000;0,000;RRR 1.5in;24,5;1015;46;'26.07.2023 15:33:41.890;;
1179;111,767;-2785,936;-329,927;0,000;0,000;0,000;0,000;RRR 1.5in;24,5;1015;46;'26.07.2023 15:33:41.900;;
1180;111,262;-2785,918;-329,931;0,000;0,000;0,000;0,000;RRR 1.5in;24,5;1015;46;'26.07.2023 15:33:41.910;;
1181;110,766;-2785,883;-329,918;0,000;0,000;0,000;0,000;RRR 1.5in;24,5;1015;46;'26.07.2023 15:33:41.920;;
1182;110,264;-2785,846;-329,905;0,000;0,000;0,000;0,000;RRR 1.5in;24,5;1015;46;'26.07.2023 15:33:41.930;;
1183;109,760;-2785,828;-329,900;0,000;0,000;0,000;0,000;RRR 1.5in;24,5;1015;46;'26.07.2023 15:33:41.940;;
1184;109,270;-2785,815;-329,897;0,000;0,000;0,000;0,000;RRR 1.5in;24,5;1015;46;'26.07.2023 15:33:41.950;;
1185;108,766;-2785,795;-329,899;0,000;0,000;0,000;0,000;RRR 1.5in;24,5;1015;46;'26.07.2023 15:33:41.960;;
1186;108,263;-2785,768;-329,900;0,000;0,000;0,000;0,000;RRR 1.5in;24,5;1015;46;'26.07.2023 15:33:41.970;;
1187;107,767;-2785,747;-329,909;0,000;0,000;0,000;0,000;RRR 1.5in;24,5;1015;46;'26.07.2023 15:33:41.980;;
1188;107,261;-2785,726;-329,925;0,000;0,000;0,000;0,000;RRR 1.5in;24,5;1015;46;'26.07.2023 15:33:41.990;;
1189;106,771;-2785,683;-329,926;0,000;0,000;0,000;0,000;RRR 1.5in;24,5;1015;46;'26.07.2023 15:33:42.000;;
1190;106,278;-2785,629;-329,916;0,000;0,000;0,000;0,000;RRR 1.5in;24,5;1015;46;'26.07.2023 15:33:42.010;;
1191;105,767;-2785,600;-329,918;0,000;0,000;0,000;0,000;RRR 1.5in;24,5;1015;46;'26.07.2023 15:33:42.020;;
1192;105,260;-2785,574;-329,922;0,000;0,000;0,000;0,000;RRR 1.5in;24,5;1015;46;'26.07.2023 15:33:42.030;;
1193;104,756;-2785,531;-329,907;0,000;0,000;0,000;0,000;RRR 1.5in;24,5;1015;46;'26.07.2023 15:33:42.040;;
1194;104,261;-2785,494;-329,891;0,000;0,000;0,000;0,000;RRR 1.5in;24,5;1015;46;'26.07.2023 15:33:42.050;;
1195;103,774;-2785,478;-329,882;0,000;0,000;0,000;0,000;RRR 1.5in;24,5;1015;46;'26.07.2023 15:33:42.060;;
1196;103,285;-2785,474;-329,883;0,000;0,000;0,000;0,000;RRR 1.5in;24,5;1015;46;'26.07.2023 15:33:42.070;;
1197;102,781;-2785,457;-329,889;0,000;0,000;0,000;0,000;RRR 1.5in;24,5;1015;46;'26.07.2023 15:33:42.080;;
1198;102,279;-2785,421;-329,886;0,000;0,000;0,000;0,000;RRR 1.5in;24,5;1015;46;'26.07.2023 15:33:42.090;;
1199;101,780;-2785,393;-329,893;0,000;0,000;0,000;0,000;RRR 1.5in;24,5;1015;46;'26.07.2023 15:33:42.100;;
1200;101,271;-2785,373;-329,910;0,000;0,000;0,000;0,000;RRR 1.5in;24,5;1015;46;'26.07.2023 15:33:42.110;;
1201;100,774;-2785,329;-329,906;0,000;0,000;0,000;0,000;RRR 1.5in;24,5;1015;46;'26.07.2023 15:33:42.120;;
1202;100,285;-2785,284;-329,896;0,000;0,000;0,000;0,000;RRR 1.5in;24,5;1015;46;'26.07.2023 15:33:42.130;;
1203;99,777;-2785,263;-329,900;0,000;0,000;0,000;0,000;RRR 1.5in;24,5;1015;46;'26.07.2023 15:33:42.140;;
1204;99,277;-2785,244;-329,898;0,000;0,000;0,000;0,000;RRR 1.5in;24,5;1015;46;'26.07.2023 15:33:42.150;;
1205;98,779;-2785,208;-329,884;0,000;0,000;0,000;0,000;RRR 1.5in;24,5;1015;46;'26.07.2023 15:33:42.160;;
1206;98,275;-2785,176;-329,872;0,000;0,000;0,000;0,000;RRR 1.5in;24,5;1015;46;'26.07.2023 15:33:42.170;;
1207;97,789;-2785,163;-329,867;0,000;0,000;0,000;0,000;RRR 1.5in;24,5;1015;46;'26.07.2023 15:33:42.180;;
1208;97,296;-2785,158;-329,875;0,000;0,000;0,000;0,000;RRR 1.5in;24,5;1015;46;'26.07.2023 15:33:42.190;;
1209;96,792;-2785,143;-329,883;0,000;0,000;0,000;0,000;RRR 1.5in;24,5;1015;46;'26.07.2023 15:33:42.200;;
1210;96,299;-2785,110;-329,882;0,000;0,000;0,000;0,000;RRR 1.5in;24,5;1015;46;'26.07.2023 15:33:42.210;;
1211;95,800;-2785,077;-329,885;0,000;0,000;0,000;0,000;RRR 1.5in;24,5;1015;46;'26.07.2023 15:33:42.220;;
1212;95,298;-2785,042;-329,893;0,000;0,000;0,000;0,000;RRR 1.5in;24,5;1015;46;'26.07.2023 15:33:42.230;;
1213;94,801;-2784,991;-329,887;0,000;0,000;0,000;0,000;RRR 1.5in;24,5;1015;46;'26.07.2023 15:33:42.240;;
1214;94,302;-2784,941;-329,872;0,000;0,000;0,000;0,000;RRR 1.5in;24,5;1015;46;'26.07.2023 15:33:42.250;;
1215;93,805;-2784,916;-329,871;0,000;0,000;0,000;0,000;RRR 1.5in;24,5;1015;46;'26.07.2023 15:33:42.260;;
1216;93,303;-2784,896;-329,871;0,000;0,000;0,000;0,000;RRR 1.5in;24,5;1015;46;'26.07.2023 15:33:42.270;;
1217;92,799;-2784,862;-329,860;0,000;0,000;0,000;0,000;RRR 1.5in;24,5;1015;46;'26.07.2023 15:33:42.280;;
1218;92,300;-2784,823;-329,849;0,000;0,000;0,000;0,000;RRR 1.5in;24,5;1015;46;'26.07.2023 15:33:42.290;;
1219;91,809;-2784,810;-329,850;0,000;0,000;0,000;0,000;RRR 1.5in;24,5;1015;46;'26.07.2023 15:33:42.300;;
1220;91,315;-2784,816;-329,865;0,000;0,000;0,000;0,000;RRR 1.5in;24,5;1015;46;'26.07.2023 15:33:42.310;;
1221;90,797;-2784,802;-329,877;0,000;0,000;0,000;0,000;RRR 1.5in;24,5;1015;46;'26.07.2023 15:33:42.320;;
1222;90,287;-2784,760;-329,871;0,000;0,000;0,000;0,000;RRR 1.5in;24,5;1015;46;'26.07.2023 15:33:42.330;;
1223;89,786;-2784,728;-329,875;0,000;0,000;0,000;0,000;RRR 1.5in;24,5;1015;46;'26.07.2023 15:33:42.340;;
1224;89,282;-2784,708;-329,886;0,000;0,000;0,000;0,000;RRR 1.5in;24,5;1015;46;'26.07.2023 15:33:42.350;;
1225;88,795;-2784,664;-329,878;0,000;0,000;0,000;0,000;RRR 1.5in;24,5;1015;46;'26.07.2023 15:33:42.360;;
1226;88,301;-2784,614;-329,858;0,000;0,000;0,000;0,000;RRR 1.5in;24,5;1015;46;'26.07.2023 15:33:42.370;;
1227;87,796;-2784,596;-329,859;0,000;0,000;0,000;0,000;RRR 1.5in;24,5;1015;46;'26.07.2023 15:33:42.380;;
1228;87,302;-2784,582;-329,863;0,000;0,000;0,000;0,000;RRR 1.5in;24,5;1015;46;'26.07.2023 15:33:42.390;;
1229;86,810;-2784,542;-329,854;0,000;0,000;0,000;0,000;RRR 1.5in;24,5;1015;46;'26.07.2023 15:33:42.400;;
1230;86,323;-2784,504;-329,843;0,000;0,000;0,000;0,000;RRR 1.5in;24,5;1015;46;'26.07.2023 15:33:42.410;;
1231;85,841;-2784,491;-329,845;0,000;0,000;0,000;0,000;RRR 1.5in;24,5;1015;46;'26.07.2023 15:33:42.420;;
1232;85,337;-2784,492;-329,862;0,000;0,000;0,000;0,000;RRR 1.5in;24,5;1015;46;'26.07.2023 15:33:42.430;;
1233;84,821;-2784,473;-329,871;0,000;0,000;0,000;0,000;RRR 1.5in;24,5;1015;46;'26.07.2023 15:33:42.440;;
1234;84,309;-2784,429;-329,867;0,000;0,000;0,000;0,000;RRR 1.5in;24,5;1015;46;'26.07.2023 15:33:42.450;;
1235;83,802;-2784,400;-329,873;0,000;0,000;0,000;0,000;RRR 1.5in;24,5;1015;46;'26.07.2023 15:33:42.460;;
1236;83,303;-2784,376;-329,886;0,000;0,000;0,000;0,000;RRR 1.5in;24,5;1015;46;'26.07.2023 15:33:42.470;;
1237;82,813;-2784,327;-329,879;0,000;0,000;0,000;0,000;RRR 1.5in;24,5;1015;46;'26.07.2023 15:33:42.480;;
1238;82,320;-2784,275;-329,864;0,000;0,000;0,000;0,000;RRR 1.5in;24,5;1015;46;'26.07.2023 15:33:42.490;;
1239;81,812;-2784,252;-329,861;0,000;0,000;0,000;0,000;RRR 1.5in;24,5;1015;46;'26.07.2023 15:33:42.500;;
1240;81,311;-2784,241;-329,864;0,000;0,000;0,000;0,000;RRR 1.5in;24,5;1015;46;'26.07.2023 15:33:42.510;;
1241;80,814;-2784,214;-329,858;0,000;0,000;0,000;0,000;RRR 1.5in;24,5;1015;46;'26.07.2023 15:33:42.520;;
1242;80,315;-2784,176;-329,850;0,000;0,000;0,000;0,000;RRR 1.5in;24,5;1015;46;'26.07.2023 15:33:42.530;;
1243;79,817;-2784,148;-329,849;0,000;0,000;0,000;0,000;RRR 1.5in;24,5;1015;46;'26.07.2023 15:33:42.540;;
1244;79,319;-2784,138;-329,862;0,000;0,000;0,000;0,000;RRR 1.5in;24,5;1015;46;'26.07.2023 15:33:42.550;;
1245;78,801;-2784,115;-329,874;0,000;0,000;0,000;0,000;RRR 1.5in;24,5;1015;46;'26.07.2023 15:33:42.560;;
1246;78,296;-2784,067;-329,869;0,000;0,000;0,000;0,000;RRR 1.5in;24,5;1015;46;'26.07.2023 15:33:42.570;;
1247;77,796;-2784,022;-329,865;0,000;0,000;0,000;0,000;RRR 1.5in;24,5;1015;46;'26.07.2023 15:33:42.580;;
1248;77,297;-2783,997;-329,875;0,000;0,000;0,000;0,000;RRR 1.5in;24,5;1015;46;'26.07.2023 15:33:42.590;;
1249;76,811;-2783,963;-329,873;0,000;0,000;0,000;0,000;RRR 1.5in;24,5;1015;46;'26.07.2023 15:33:42.600;;
1250;76,317;-2783,917;-329,859;0,000;0,000;0,000;0,000;RRR 1.5in;24,5;1015;46;'26.07.2023 15:33:42.610;;
1251;75,812;-2783,890;-329,857;0,000;0,000;0,000;0,000;RRR 1.5in;24,5;1015;46;'26.07.2023 15:33:42.620;;
1252;75,313;-2783,878;-329,865;0,000;0,000;0,000;0,000;RRR 1.5in;24,5;1015;46;'26.07.2023 15:33:42.630;;
1253;74,812;-2783,860;-329,867;0,000;0,000;0,000;0,000;RRR 1.5in;24,5;1015;46;'26.07.2023 15:33:42.640;;
1254;74,322;-2783,830;-329,861;0,000;0,000;0,000;0,000;RRR 1.5in;24,5;1015;46;'26.07.2023 15:33:42.650;;
1255;73,828;-2783,805;-329,858;0,000;0,000;0,000;0,000;RRR 1.5in;24,5;1015;46;'26.07.2023 15:33:42.660;;
1256;73,331;-2783,796;-329,866;0,000;0,000;0,000;0,000;RRR 1.5in;24,5;1015;46;'26.07.2023 15:33:42.670;;
1257;72,815;-2783,778;-329,876;0,000;0,000;0,000;0,000;RRR 1.5in;24,5;1015;46;'26.07.2023 15:33:42.680;;
1258;72,306;-2783,733;-329,873;0,000;0,000;0,000;0,000;RRR 1.5in;24,5;1015;46;'26.07.2023 15:33:42.690;;
1259;71,806;-2783,684;-329,865;0,000;0,000;0,000;0,000;RRR 1.5in;24,5;1015;46;'26.07.2023 15:33:42.700;;
1260;71,300;-2783,651;-329,871;0,000;0,000;0,000;0,000;RRR 1.5in;24,5;1015;46;'26.07.2023 15:33:42.710;;
1261;70,797;-2783,616;-329,870;0,000;0,000;0,000;0,000;RRR 1.5in;24,5;1015;46;'26.07.2023 15:33:42.720;;
1262;70,310;-2783,575;-329,855;0,000;0,000;0,000;0,000;RRR 1.5in;24,5;1015;46;'26.07.2023 15:33:42.730;;
1263;69,804;-2783,558;-329,856;0,000;0,000;0,000;0,000;RRR 1.5in;24,5;1015;46;'26.07.2023 15:33:42.740;;
1264;69,306;-2783,558;-329,868;0,000;0,000;0,000;0,000;RRR 1.5in;24,5;1015;46;'26.07.2023 15:33:42.750;;
1265;68,818;-2783,537;-329,872;0,000;0,000;0,000;0,000;RRR 1.5in;24,5;1015;46;'26.07.2023 15:33:42.760;;
1266;68,324;-2783,501;-329,869;0,000;0,000;0,000;0,000;RRR 1.5in;24,5;1015;46;'26.07.2023 15:33:42.770;;
1267;67,824;-2783,472;-329,867;0,000;0,000;0,000;0,000;RRR 1.5in;24,5;1015;46;'26.07.2023 15:33:42.780;;
1268;67,324;-2783,455;-329,872;0,000;0,000;0,000;0,000;RRR 1.5in;24,5;1015;46;'26.07.2023 15:33:42.790;;
1269;66,813;-2783,436;-329,882;0,000;0,000;0,000;0,000;RRR 1.5in;24,5;1015;46;'26.07.2023 15:33:42.800;;
1270;66,306;-2783,399;-329,882;0,000;0,000;0,000;0,000;RRR 1.5in;24,5;1015;46;'26.07.2023 15:33:42.810;;
1271;65,806;-2783,352;-329,874;0,000;0,000;0,000;0,000;RRR 1.5in;24,5;1015;46;'26.07.2023 15:33:42.820;;
1272;65,305;-2783,310;-329,871;0,000;0,000;0,000;0,000;RRR 1.5in;24,5;1015;46;'26.07.2023 15:33:42.830;;
1273;64,801;-2783,270;-329,868;0,000;0,000;0,000;0,000;RRR 1.5in;24,5;1015;46;'26.07.2023 15:33:42.840;;
1274;64,300;-2783,230;-329,856;0,000;0,000;0,000;0,000;RRR 1.5in;24,5;1015;46;'26.07.2023 15:33:42.850;;
1275;63,800;-2783,213;-329,854;0,000;0,000;0,000;0,000;RRR 1.5in;24,5;1015;46;'26.07.2023 15:33:42.860;;
1276;63,296;-2783,214;-329,866;0,000;0,000;0,000;0,000;RRR 1.5in;24,5;1015;46;'26.07.2023 15:33:42.870;;
1277;62,799;-2783,200;-329,870;0,000;0,000;0,000;0,000;RRR 1.5in;24,5;1015;46;'26.07.2023 15:33:42.880;;
1278;62,306;-2783,163;-329,863;0,000;0,000;0,000;0,000;RRR 1.5in;24,5;1015;46;'26.07.2023 15:33:42.890;;
1279;61,809;-2783,126;-329,858;0,000;0,000;0,000;0,000;RRR 1.5in;24,5;1015;46;'26.07.2023 15:33:42.900;;
1280;61,317;-2783,104;-329,863;0,000;0,000;0,000;0,000;RRR 1.5in;24,5;1015;46;'26.07.2023 15:33:42.910;;
1281;60,811;-2783,079;-329,873;0,000;0,000;0,000;0,000;RRR 1.5in;24,5;1015;46;'26.07.2023 15:33:42.920;;
1282;60,299;-2783,034;-329,875;0,000;0,000;0,000;0,000;RRR 1.5in;24,5;1015;46;'26.07.2023 15:33:42.930;;
1283;59,799;-2782,974;-329,858;0,000;0,000;0,000;0,000;RRR 1.5in;24,5;1015;46;'26.07.2023 15:33:42.940;;
1284;59,311;-2782,941;-329,854;0,000;0,000;0,000;0,000;RRR 1.5in;24,5;1015;46;'26.07.2023 15:33:42.950;;
1285;58,811;-2782,930;-329,859;0,000;0,000;0,000;0,000;RRR 1.5in;24,5;1015;46;'26.07.2023 15:33:42.960;;
1286;58,319;-2782,911;-329,854;0,000;0,000;0,000;0,000;RRR 1.5in;24,5;1015;46;'26.07.2023 15:33:42.970;;
1287;57,817;-2782,886;-329,847;0,000;0,000;0,000;0,000;RRR 1.5in;24,5;1015;46;'26.07.2023 15:33:42.980;;
1288;57,305;-2782,880;-329,857;0,000;0,000;0,000;0,000;RRR 1.5in;24,5;1015;46;'26.07.2023 15:33:42.990;;
1289;56,808;-2782,867;-329,869;0,000;0,000;0,000;0,000;RRR 1.5in;24,5;1015;46;'26.07.2023 15:33:43.000;;
1290;56,306;-2782,831;-329,871;0,000;0,000;0,000;0,000;RRR 1.5in;24,5;1015;46;'26.07.2023 15:33:43.010;;
1291;55,810;-2782,792;-329,870;0,000;0,000;0,000;0,000;RRR 1.5in;24,5;1015;46;'26.07.2023 15:33:43.020;;
1292;55,315;-2782,767;-329,870;0,000;0,000;0,000;0,000;RRR 1.5in;24,5;1015;46;'26.07.2023 15:33:43.030;;
1293;54,820;-2782,755;-329,877;0,000;0,000;0,000;0,000;RRR 1.5in;24,5;1015;46;'26.07.2023 15:33:43.040;;
1294;54,319;-2782,731;-329,877;0,000;0,000;0,000;0,000;RRR 1.5in;24,5;1015;46;'26.07.2023 15:33:43.050;;
1295;53,817;-2782,687;-329,862;0,000;0,000;0,000;0,000;RRR 1.5in;24,5;1015;46;'26.07.2023 15:33:43.060;;
1296;53,325;-2782,649;-329,852;0,000;0,000;0,000;0,000;RRR 1.5in;24,5;1015;46;'26.07.2023 15:33:43.070;;
1297;52,827;-2782,630;-329,857;0,000;0,000;0,000;0,000;RRR 1.5in;24,5;1015;46;'26.07.2023 15:33:43.080;;
1298;52,319;-2782,606;-329,863;0,000;0,000;0,000;0,000;RRR 1.5in;24,5;1015;46;'26.07.2023 15:33:43.090;;
1299;51,816;-2782,570;-329,859;0,000;0,000;0,000;0,000;RRR 1.5in;24,5;1015;46;'26.07.2023 15:33:43.100;;
1300;51,313;-2782,547;-329,866;0,000;0,000;0,000;0,000;RRR 1.5in;24,5;1015;46;'26.07.2023 15:33:43.110;;
1301;50,813;-2782,535;-329,883;0,000;0,000;0,000;0,000;RRR 1.5in;24,5;1015;46;'26.07.2023 15:33:43.120;;
1302;50,320;-2782,505;-329,890;0,000;0,000;0,000;0,000;RRR 1.5in;24,5;1015;46;'26.07.2023 15:33:43.130;;
1303;49,815;-2782,460;-329,885;0,000;0,000;0,000;0,000;RRR 1.5in;24,5;1015;46;'26.07.2023 15:33:43.140;;
1304;49,312;-2782,426;-329,880;0,000;0,000;0,000;0,000;RRR 1.5in;24,5;1015;46;'26.07.2023 15:33:43.150;;
1305;48,814;-2782,405;-329,876;0,000;0,000;0,000;0,000;RRR 1.5in;24,5;1015;46;'26.07.2023 15:33:43.160;;
1306;48,303;-2782,385;-329,875;0,000;0,000;0,000;0,000;RRR 1.5in;24,5;1015;46;'26.07.2023 15:33:43.170;;
1307;47,793;-2782,345;-329,863;0,000;0,000;0,000;0,000;RRR 1.5in;24,5;1015;46;'26.07.2023 15:33:43.180;;
1308;47,285;-2782,301;-329,846;0,000;0,000;0,000;0,000;RRR 1.5in;24,5;1015;46;'26.07.2023 15:33:43.190;;
1309;46,780;-2782,286;-329,849;0,000;0,000;0,000;0,000;RRR 1.5in;24,5;1015;46;'26.07.2023 15:33:43.200;;
1310;46,283;-2782,278;-329,862;0,000;0,000;0,000;0,000;RRR 1.5in;24,5;1015;46;'26.07.2023 15:33:43.210;;
1311;45,783;-2782,255;-329,863;0,000;0,000;0,000;0,000;RRR 1.5in;24,5;1015;46;'26.07.2023 15:33:43.220;;
1312;45,293;-2782,225;-329,866;0,000;0,000;0,000;0,000;RRR 1.5in;24,5;1015;46;'26.07.2023 15:33:43.230;;
1313;44,801;-2782,201;-329,878;0,000;0,000;0,000;0,000;RRR 1.5in;24,5;1015;46;'26.07.2023 15:33:43.240;;
1314;44,309;-2782,174;-329,889;0,000;0,000;0,000;0,000;RRR 1.5in;24,5;1015;46;'26.07.2023 15:33:43.250;;
1315;43,809;-2782,128;-329,890;0,000;0,000;0,000;0,000;RRR 1.5in;24,5;1015;46;'26.07.2023 15:33:43.260;;
1316;43,304;-2782,074;-329,880;0,000;0,000;0,000;0,000;RRR 1.5in;24,5;1015;46;'26.07.2023 15:33:43.270;;
1317;42,799;-2782,033;-329,869;0,000;0,000;0,000;0,000;RRR 1.5in;24,5;1015;46;'26.07.2023 15:33:43.280;;
1318;42,306;-2782,015;-329,869;0,000;0,000;0,000;0,000;RRR 1.5in;24,5;1015;46;'26.07.2023 15:33:43.290;;
1319;41,794;-2781,997;-329,871;0,000;0,000;0,000;0,000;RRR 1.5in;24,5;1015;46;'26.07.2023 15:33:43.300;;
1320;41,285;-2781,964;-329,865;0,000;0,000;0,000;0,000;RRR 1.5in;24,5;1015;46;'26.07.2023 15:33:43.310;;
1321;40,793;-2781,933;-329,855;0,000;0,000;0,000;0,000;RRR 1.5in;24,5;1015;46;'26.07.2023 15:33:43.320;;
1322;40,295;-2781,932;-329,870;0,000;0,000;0,000;0,000;RRR 1.5in;24,5;1015;46;'26.07.2023 15:33:43.330;;
1323;39,801;-2781,930;-329,884;0,000;0,000;0,000;0,000;RRR 1.5in;24,5;1015;46;'26.07.2023 15:33:43.340;;
1324;39,311;-2781,898;-329,883;0,000;0,000;0,000;0,000;RRR 1.5in;24,5;1015;46;'26.07.2023 15:33:43.350;;
1325;38,808;-2781,870;-329,886;0,000;0,000;0,000;0,000;RRR 1.5in;24,5;1015;46;'26.07.2023 15:33:43.360;;
1326;38,307;-2781,854;-329,894;0,000;0,000;0,000;0,000;RRR 1.5in;24,5;1015;46;'26.07.2023 15:33:43.370;;
1327;37,805;-2781,824;-329,894;0,000;0,000;0,000;0,000;RRR 1.5in;24,5;1015;46;'26.07.2023 15:33:43.380;;
1328;37,294;-2781,775;-329,883;0,000;0,000;0,000;0,000;RRR 1.5in;24,5;1015;46;'26.07.2023 15:33:43.390;;
1329;36,785;-2781,729;-329,870;0,000;0,000;0,000;0,000;RRR 1.5in;24,5;1015;46;'26.07.2023 15:33:43.400;;
1330;36,277;-2781,701;-329,865;0,000;0,000;0,000;0,000;RRR 1.5in;24,5;1015;46;'26.07.2023 15:33:43.410;;
1331;35,771;-2781,683;-329,872;0,000;0,000;0,000;0,000;RRR 1.5in;24,5;1015;46;'26.07.2023 15:33:43.420;;
1332;35,270;-2781,654;-329,873;0,000;0,000;0,000;0,000;RRR 1.5in;24,5;1015;46;'26.07.2023 15:33:43.430;;
1333;34,779;-2781,617;-329,869;0,000;0,000;0,000;0,000;RRR 1.5in;24,5;1015;46;'26.07.2023 15:33:43.440;;
1334;34,289;-2781,593;-329,878;0,000;0,000;0,000;0,000;RRR 1.5in;24,5;1015;46;'26.07.2023 15:33:43.450;;
1335;33,791;-2781,571;-329,893;0,000;0,000;0,000;0,000;RRR 1.5in;24,5;1015;46;'26.07.2023 15:33:43.460;;
1336;33,287;-2781,536;-329,895;0,000;0,000;0,000;0,000;RRR 1.5in;24,5;1015;46;'26.07.2023 15:33:43.470;;
1337;32,790;-2781,501;-329,888;0,000;0,000;0,000;0,000;RRR 1.5in;24,5;1015;46;'26.07.2023 15:33:43.480;;
1338;32,284;-2781,487;-329,894;0,000;0,000;0,000;0,000;RRR 1.5in;24,5;1015;46;'26.07.2023 15:33:43.490;;
1339;31,786;-2781,470;-329,895;0,000;0,000;0,000;0,000;RRR 1.5in;24,5;1015;46;'26.07.2023 15:33:43.500;;
1340;31,279;-2781,429;-329,887;0,000;0,000;0,000;0,000;RRR 1.5in;24,5;1015;46;'26.07.2023 15:33:43.510;;
1341;30,765;-2781,381;-329,872;0,000;0,000;0,000;0,000;RRR 1.5in;24,5;1015;46;'26.07.2023 15:33:43.520;;
1342;30,266;-2781,352;-329,863;0,000;0,000;0,000;0,000;RRR 1.5in;24,5;1015;46;'26.07.2023 15:33:43.530;;
1343;29,774;-2781,350;-329,872;0,000;0,000;0,000;0,000;RRR 1.5in;24,5;1015;46;'26.07.2023 15:33:43.540;;
1344;29,263;-2781,340;-329,885;0,000;0,000;0,000;0,000;RRR 1.5in;24,5;1015;46;'26.07.2023 15:33:43.550;;
1345;28,759;-2781,296;-329,883;0,000;0,000;0,000;0,000;RRR 1.5in;24,5;1015;46;'26.07.2023 15:33:43.560;;
1346;28,265;-2781,253;-329,884;0,000;0,000;0,000;0,000;RRR 1.5in;24,5;1015;46;'26.07.2023 15:33:43.570;;
1347;27,771;-2781,244;-329,909;0,000;0,000;0,000;0,000;RRR 1.5in;24,5;1015;46;'26.07.2023 15:33:43.580;;
1348;27,279;-2781,232;-329,925;0,000;0,000;0,000;0,000;RRR 1.5in;24,5;1015;46;'26.07.2023 15:33:43.590;;
1349;26,784;-2781,193;-329,919;0,000;0,000;0,000;0,000;RRR 1.5in;24,5;1015;46;'26.07.2023 15:33:43.600;;
1350;26,287;-2781,159;-329,911;0,000;0,000;0,000;0,000;RRR 1.5in;24,5;1015;46;'26.07.2023 15:33:43.610;;
1351;25,797;-2781,146;-329,912;0,000;0,000;0,000;0,000;RRR 1.5in;24,5;1015;46;'26.07.2023 15:33:43.620;;
1352;25,311;-2781,125;-329,908;0,000;0,000;0,000;0,000;RRR 1.5in;24,5;1015;46;'26.07.2023 15:33:43.630;;
1353;24,822;-2781,083;-329,893;0,000;0,000;0,000;0,000;RRR 1.5in;24,5;1015;46;'26.07.2023 15:33:43.640;;
1354;24,319;-2781,043;-329,879;0,000;0,000;0,000;0,000;RRR 1.5in;24,5;1015;46;'26.07.2023 15:33:43.650;;
1355;23,819;-2781,026;-329,878;0,000;0,000;0,000;0,000;RRR 1.5in;24,5;1015;46;'26.07.2023 15:33:43.660;;
1356;23,312;-2781,015;-329,890;0,000;0,000;0,000;0,000;RRR 1.5in;24,5;1015;46;'26.07.2023 15:33:43.670;;
1357;22,799;-2780,984;-329,902;0,000;0,000;0,000;0,000;RRR 1.5in;24,5;1015;46;'26.07.2023 15:33:43.680;;
1358;22,298;-2780,934;-329,903;0,000;0,000;0,000;0,000;RRR 1.5in;24,5;1015;46;'26.07.2023 15:33:43.690;;
1359;21,799;-2780,898;-329,908;0,000;0,000;0,000;0,000;RRR 1.5in;24,5;1015;46;'26.07.2023 15:33:43.700;;
1360;21,287;-2780,883;-329,926;0,000;0,000;0,000;0,000;RRR 1.5in;24,5;1015;46;'26.07.2023 15:33:43.710;;
1361;20,787;-2780,861;-329,929;0,000;0,000;0,000;0,000;RRR 1.5in;24,5;1015;46;'26.07.2023 15:33:43.720;;
1362;20,288;-2780,837;-329,925;0,000;0,000;0,000;0,000;RRR 1.5in;24,5;1015;46;'26.07.2023 15:33:43.730;;
1363;19,783;-2780,819;-329,921;0,000;0,000;0,000;0,000;RRR 1.5in;24,5;1015;46;'26.07.2023 15:33:43.740;;
1364;19,298;-2780,794;-329,914;0,000;0,000;0,000;0,000;RRR 1.5in;24,5;1015;46;'26.07.2023 15:33:43.750;;
1365;18,797;-2780,755;-329,904;0,000;0,000;0,000;0,000;RRR 1.5in;24,5;1015;46;'26.07.2023 15:33:43.760;;
1366;18,290;-2780,713;-329,897;0,000;0,000;0,000;0,000;RRR 1.5in;24,5;1015;46;'26.07.2023 15:33:43.770;;
1367;17,803;-2780,669;-329,887;0,000;0,000;0,000;0,000;RRR 1.5in;24,5;1015;46;'26.07.2023 15:33:43.780;;
1368;17,315;-2780,638;-329,890;0,000;0,000;0,000;0,000;RRR 1.5in;24,5;1015;46;'26.07.2023 15:33:43.790;;
1369;16,811;-2780,615;-329,905;0,000;0,000;0,000;0,000;RRR 1.5in;24,5;1015;46;'26.07.2023 15:33:43.800;;
1370;16,304;-2780,579;-329,914;0,000;0,000;0,000;0,000;RRR 1.5in;24,5;1015;46;'26.07.2023 15:33:43.810;;
1371;15,808;-2780,546;-329,914;0,000;0,000;0,000;0,000;RRR 1.5in;24,5;1015;46;'26.07.2023 15:33:43.820;;
1372;15,317;-2780,540;-329,923;0,000;0,000;0,000;0,000;RRR 1.5in;24,5;1015;46;'26.07.2023 15:33:43.830;;
1373;14,815;-2780,539;-329,934;0,000;0,000;0,000;0,000;RRR 1.5in;24,5;1015;46;'26.07.2023 15:33:43.840;;
1374;14,306;-2780,507;-329,923;0,000;0,000;0,000;0,000;RRR 1.5in;24,5;1015;46;'26.07.2023 15:33:43.850;;
1375;13,800;-2780,460;-329,900;0,000;0,000;0,000;0,000;RRR 1.5in;24,5;1015;46;'26.07.2023 15:33:43.860;;
1376;13,294;-2780,439;-329,898;0,000;0,000;0,000;0,000;RRR 1.5in;24,5;1015;46;'26.07.2023 15:33:43.870;;
1377;12,794;-2780,425;-329,902;0,000;0,000;0,000;0,000;RRR 1.5in;24,5;1015;46;'26.07.2023 15:33:43.880;;
1378;12,293;-2780,377;-329,892;0,000;0,000;0,000;0,000;RRR 1.5in;24,5;1015;46;'26.07.2023 15:33:43.890;;
1379;11,789;-2780,322;-329,884;0,000;0,000;0,000;0,000;RRR 1.5in;24,5;1015;46;'26.07.2023 15:33:43.900;;
1380;11,304;-2780,296;-329,890;0,000;0,000;0,000;0,000;RRR 1.5in;24,5;1015;46;'26.07.2023 15:33:43.910;;
1381;10,823;-2780,289;-329,906;0,000;0,000;0,000;0,000;RRR 1.5in;24,5;1015;46;'26.07.2023 15:33:43.920;;
1382;10,319;-2780,267;-329,918;0,000;0,000;0,000;0,000;RRR 1.5in;24,5;1015;46;'26.07.2023 15:33:43.930;;
1383;9,817;-2780,221;-329,916;0,000;0,000;0,000;0,000;RRR 1.5in;24,5;1015;46;'26.07.2023 15:33:43.940;;
1384;9,323;-2780,181;-329,910;0,000;0,000;0,000;0,000;RRR 1.5in;24,5;1015;46;'26.07.2023 15:33:43.950;;
1385;8,826;-2780,174;-329,917;0,000;0,000;0,000;0,000;RRR 1.5in;24,5;1015;46;'26.07.2023 15:33:43.960;;
1386;8,334;-2780,157;-329,917;0,000;0,000;0,000;0,000;RRR 1.5in;24,5;1015;46;'26.07.2023 15:33:43.970;;
1387;7,833;-2780,111;-329,895;0,000;0,000;0,000;0,000;RRR 1.5in;24,5;1015;46;'26.07.2023 15:33:43.980;;
1388;7,327;-2780,075;-329,880;0,000;0,000;0,000;0,000;RRR 1.5in;24,5;1015;46;'26.07.2023 15:33:43.990;;
1389;6,824;-2780,062;-329,883;0,000;0,000;0,000;0,000;RRR 1.5in;24,5;1015;46;'26.07.2023 15:33:44.000;;
1390;6,324;-2780,045;-329,887;0,000;0,000;0,000;0,000;RRR 1.5in;24,5;1015;46;'26.07.2023 15:33:44.010;;
1391;5,821;-2779,998;-329,883;0,000;0,000;0,000;0,000;RRR 1.5in;24,5;1015;46;'26.07.2023 15:33:44.020;;
1392;5,326;-2779,942;-329,877;0,000;0,000;0,000;0,000;RRR 1.5in;24,5;1015;46;'26.07.2023 15:33:44.030;;
1393;4,831;-2779,912;-329,884;0,000;0,000;0,000;0,000;RRR 1.5in;24,5;1015;46;'26.07.2023 15:33:44.040;;
1394;4,336;-2779,899;-329,900;0,000;0,000;0,000;0,000;RRR 1.5in;24,5;1015;46;'26.07.2023 15:33:44.050;;
1395;3,832;-2779,876;-329,913;0,000;0,000;0,000;0,000;RRR 1.5in;24,5;1015;46;'26.07.2023 15:33:44.060;;
1396;3,330;-2779,843;-329,911;0,000;0,000;0,000;0,000;RRR 1.5in;24,5;1015;46;'26.07.2023 15:33:44.070;;
1397;2,848;-2779,815;-329,902;0,000;0,000;0,000;0,000;RRR 1.5in;24,5;1015;46;'26.07.2023 15:33:44.080;;
1398;2,355;-2779,806;-329,900;0,000;0,000;0,000;0,000;RRR 1.5in;24,5;1015;46;'26.07.2023 15:33:44.090;;
1399;1,851;-2779,791;-329,901;0,000;0,000;0,000;0,000;RRR 1.5in;24,5;1015;46;'26.07.2023 15:33:44.100;;
1400;1,348;-2779,752;-329,888;0,000;0,000;0,000;0,000;RRR 1.5in;24,5;1015;46;'26.07.2023 15:33:44.110;;
1401;0,842;-2779,713;-329,881;0,000;0,000;0,000;0,000;RRR 1.5in;24,5;1015;46;'26.07.2023 15:33:44.120;;
1402;0,343;-2779,681;-329,884;0,000;0,000;0,000;0,000;RRR 1.5in;24,5;1015;46;'26.07.2023 15:33:44.130;;
1403;-0,157;-2779,638;-329,885;0,000;0,000;0,000;0,000;RRR 1.5in;24,5;1015;46;'26.07.2023 15:33:44.140;;
1404;-0,670;-2779,593;-329,887;0,000;0,000;0,000;0,000;RRR 1.5in;24,5;1015;46;'26.07.2023 15:33:44.150;;
1405;-1,169;-2779,553;-329,890;0,000;0,000;0,000;0,000;RRR 1.5in;24,5;1015;46;'26.07.2023 15:33:44.160;;
1406;-1,658;-2779,532;-329,892;0,000;0,000;0,000;0,000;RRR 1.5in;24,5;1015;46;'26.07.2023 15:33:44.170;;
1407;-2,151;-2779,528;-329,898;0,000;0,000;0,000;0,000;RRR 1.5in;24,5;1015;46;'26.07.2023 15:33:44.180;;
1408;-2,652;-2779,514;-329,901;0,000;0,000;0,000;0,000;RRR 1.5in;24,5;1015;46;'26.07.2023 15:33:44.190;;
1409;-3,152;-2779,483;-329,893;0,000;0,000;0,000;0,000;RRR 1.5in;24,5;1015;46;'26.07.2023 15:33:44.200;;
1410;-3,646;-2779,451;-329,880;0,000;0,000;0,000;0,000;RRR 1.5in;24,5;1015;46;'26.07.2023 15:33:44.210;;
1411;-4,146;-2779,432;-329,881;0,000;0,000;0,000;0,000;RRR 1.5in;24,5;1015;46;'26.07.2023 15:33:44.220;;
1412;-4,657;-2779,414;-329,890;0,000;0,000;0,000;0,000;RRR 1.5in;24,5;1015;46;'26.07.2023 15:33:44.230;;
1413;-5,161;-2779,371;-329,884;0,000;0,000;0,000;0,000;RRR 1.5in;24,5;1015;46;'26.07.2023 15:33:44.240;;
1414;-5,653;-2779,324;-329,877;0,000;0,000;0,000;0,000;RRR 1.5in;24,5;1015;46;'26.07.2023 15:33:44.250;;
1415;-6,154;-2779,296;-329,887;0,000;0,000;0,000;0,000;RRR 1.5in;24,5;1015;46;'26.07.2023 15:33:44.260;;
1416;-6,656;-2779,264;-329,899;0,000;0,000;0,000;0,000;RRR 1.5in;24,5;1015;46;'26.07.2023 15:33:44.270;;
1417;-7,169;-2779,211;-329,900;0,000;0,000;0,000;0,000;RRR 1.5in;24,5;1015;46;'26.07.2023 15:33:44.280;;
1418;-7,667;-2779,162;-329,897;0,000;0,000;0,000;0,000;RRR 1.5in;24,5;1015;46;'26.07.2023 15:33:44.290;;
1419;-8,146;-2779,139;-329,893;0,000;0,000;0,000;0,000;RRR 1.5in;24,5;1015;46;'26.07.2023 15:33:44.300;;
1420;-8,631;-2779,143;-329,899;0,000;0,000;0,000;0,000;RRR 1.5in;24,5;1015;46;'26.07.2023 15:33:44.310;;
1421;-9,134;-2779,138;-329,902;0,000;0,000;0,000;0,000;RRR 1.5in;24,5;1015;46;'26.07.2023 15:33:44.320;;
1422;-9,633;-2779,101;-329,889;0,000;0,000;0,000;0,000;RRR 1.5in;24,5;1015;46;'26.07.2023 15:33:44.330;;
1423;-10,127;-2779,061;-329,877;0,000;0,000;0,000;0,000;RRR 1.5in;24,5;1015;46;'26.07.2023 15:33:44.340;;
1424;-10,632;-2779,039;-329,881;0,000;0,000;0,000;0,000;RRR 1.5in;24,5;1015;46;'26.07.2023 15:33:44.350;;
1425;-11,137;-2779,011;-329,889;0,000;0,000;0,000;0,000;RRR 1.5in;24,5;1015;46;'26.07.2023 15:33:44.360;;
1426;-11,652;-2778,963;-329,882;0,000;0,000;0,000;0,000;RRR 1.5in;24,5;1015;46;'26.07.2023 15:33:44.370;;
1427;-12,150;-2778,924;-329,878;0,000;0,000;0,000;0,000;RRR 1.5in;24,5;1015;46;'26.07.2023 15:33:44.380;;
1428;-12,652;-2778,906;-329,892;0,000;0,000;0,000;0,000;RRR 1.5in;24,5;1015;46;'26.07.2023 15:33:44.390;;
1429;-13,162;-2778,886;-329,907;0,000;0,000;0,000;0,000;RRR 1.5in;24,5;1015;46;'26.07.2023 15:33:44.400;;
1430;-13,668;-2778,837;-329,905;0,000;0,000;0,000;0,000;RRR 1.5in;24,5;1015;46;'26.07.2023 15:33:44.410;;
1431;-14,155;-2778,786;-329,896;0,000;0,000;0,000;0,000;RRR 1.5in;24,5;1015;46;'26.07.2023 15:33:44.420;;
1432;-14,630;-2778,769;-329,895;0,000;0,000;0,000;0,000;RRR 1.5in;24,5;1015;46;'26.07.2023 15:33:44.430;;
1433;-15,105;-2778,768;-329,899;0,000;0,000;0,000;0,000;RRR 1.5in;24,5;1015;46;'26.07.2023 15:33:44.440;;
1434;-15,607;-2778,748;-329,898;0,000;0,000;0,000;0,000;RRR 1.5in;24,5;1015;46;'26.07.2023 15:33:44.450;;
1435;-16,112;-2778,704;-329,886;0,000;0,000;0,000;0,000;RRR 1.5in;24,5;1015;46;'26.07.2023 15:33:44.460;;
1436;-16,597;-2778,664;-329,875;0,000;0,000;0,000;0,000;RRR 1.5in;24,5;1015;46;'26.07.2023 15:33:44.470;;
1437;-17,093;-2778,653;-329,880;0,000;0,000;0,000;0,000;RRR 1.5in;24,5;1015;46;'26.07.2023 15:33:44.480;;
1438;-17,602;-2778,639;-329,888;0,000;0,000;0,000;0,000;RRR 1.5in;24,5;1015;46;'26.07.2023 15:33:44.490;;
1439;-18,109;-2778,600;-329,882;0,000;0,000;0,000;0,000;RRR 1.5in;24,5;1015;46;'26.07.2023 15:33:44.500;;
1440;-18,622;-2778,569;-329,884;0,000;0,000;0,000;0,000;RRR 1.5in;24,5;1015;46;'26.07.2023 15:33:44.510;;
1441;-19,126;-2778,549;-329,894;0,000;0,000;0,000;0,000;RRR 1.5in;24,5;1015;46;'26.07.2023 15:33:44.520;;
1442;-19,625;-2778,516;-329,897;0,000;0,000;0,000;0,000;RRR 1.5in;24,5;1015;46;'26.07.2023 15:33:44.530;;
1443;-20,131;-2778,471;-329,894;0,000;0,000;0,000;0,000;RRR 1.5in;24,5;1015;46;'26.07.2023 15:33:44.540;;
1444;-20,624;-2778,429;-329,889;0,000;0,000;0,000;0,000;RRR 1.5in;24,5;1015;46;'26.07.2023 15:33:44.550;;
1445;-21,103;-2778,407;-329,886;0,000;0,000;0,000;0,000;RRR 1.5in;24,5;1015;46;'26.07.2023 15:33:44.560;;
1446;-21,586;-2778,400;-329,887;0,000;0,000;0,000;0,000;RRR 1.5in;24,5;1015;46;'26.07.2023 15:33:44.570;;
1447;-22,081;-2778,382;-329,888;0,000;0,000;0,000;0,000;RRR 1.5in;24,5;1015;46;'26.07.2023 15:33:44.580;;
1448;-22,585;-2778,350;-329,886;0,000;0,000;0,000;0,000;RRR 1.5in;24,5;1015;46;'26.07.2023 15:33:44.590;;
1449;-23,081;-2778,308;-329,879;0,000;0,000;0,000;0,000;RRR 1.5in;24,5;1015;46;'26.07.2023 15:33:44.600;;
1450;-23,581;-2778,275;-329,880;0,000;0,000;0,000;0,000;RRR 1.5in;24,5;1015;46;'26.07.2023 15:33:44.610;;
1451;-24,091;-2778,251;-329,892;0,000;0,000;0,000;0,000;RRR 1.5in;24,5;1015;46;'26.07.2023 15:33:44.620;;
1452;-24,604;-2778,213;-329,891;0,000;0,000;0,000;0,000;RRR 1.5in;24,5;1015;46;'26.07.2023 15:33:44.630;;
1453;-25,105;-2778,174;-329,886;0,000;0,000;0,000;0,000;RRR 1.5in;24,5;1015;46;'26.07.2023 15:33:44.640;;
1454;-25,613;-2778,151;-329,889;0,000;0,000;0,000;0,000;RRR 1.5in;24,5;1015;46;'26.07.2023 15:33:44.650;;
1455;-26,116;-2778,129;-329,892;0,000;0,000;0,000;0,000;RRR 1.5in;24,5;1015;46;'26.07.2023 15:33:44.660;;
1456;-26,609;-2778,095;-329,887;0,000;0,000;0,000;0,000;RRR 1.5in;24,5;1015;46;'26.07.2023 15:33:44.670;;
1457;-27,102;-2778,062;-329,880;0,000;0,000;0,000;0,000;RRR 1.5in;24,5;1015;46;'26.07.2023 15:33:44.680;;
1458;-27,584;-2778,039;-329,876;0,000;0,000;0,000;0,000;RRR 1.5in;24,5;1015;46;'26.07.2023 15:33:44.690;;
1459;-28,069;-2778,025;-329,874;0,000;0,000;0,000;0,000;RRR 1.5in;24,5;1015;46;'26.07.2023 15:33:44.700;;
1460;-28,577;-2778,011;-329,880;0,000;0,000;0,000;0,000;RRR 1.5in;24,5;1015;46;'26.07.2023 15:33:44.710;;
1461;-29,082;-2777,980;-329,884;0,000;0,000;0,000;0,000;RRR 1.5in;24,5;1015;46;'26.07.2023 15:33:44.720;;
1462;-29,582;-2777,933;-329,881;0,000;0,000;0,000;0,000;RRR 1.5in;24,5;1015;46;'26.07.2023 15:33:44.730;;
1463;-30,087;-2777,897;-329,883;0,000;0,000;0,000;0,000;RRR 1.5in;24,5;1015;46;'26.07.2023 15:33:44.740;;
1464;-30,593;-2777,877;-329,894;0,000;0,000;0,000;0,000;RRR 1.5in;24,5;1015;46;'26.07.2023 15:33:44.750;;
1465;-31,104;-2777,856;-329,905;0,000;0,000;0,000;0,000;RRR 1.5in;24,5;1015;46;'26.07.2023 15:33:44.760;;
1466;-31,603;-2777,814;-329,901;0,000;0,000;0,000;0,000;RRR 1.5in;24,5;1015;46;'26.07.2023 15:33:44.770;;
1467;-32,093;-2777,767;-329,890;0,000;0,000;0,000;0,000;RRR 1.5in;24,5;1015;46;'26.07.2023 15:33:44.780;;
1468;-32,596;-2777,741;-329,892;0,000;0,000;0,000;0,000;RRR 1.5in;24,5;1015;46;'26.07.2023 15:33:44.790;;
1469;-33,089;-2777,722;-329,892;0,000;0,000;0,000;0,000;RRR 1.5in;24,5;1015;46;'26.07.2023 15:33:44.800;;
1470;-33,576;-2777,696;-329,887;0,000;0,000;0,000;0,000;RRR 1.5in;24,5;1015;46;'26.07.2023 15:33:44.810;;
1471;-34,064;-2777,669;-329,876;0,000;0,000;0,000;0,000;RRR 1.5in;24,5;1015;46;'26.07.2023 15:33:44.820;;
1472;-34,556;-2777,655;-329,871;0,000;0,000;0,000;0,000;RRR 1.5in;24,5;1015;46;'26.07.2023 15:33:44.830;;
1473;-35,063;-2777,657;-329,886;0,000;0,000;0,000;0,000;RRR 1.5in;24,5;1015;46;'26.07.2023 15:33:44.840;;
1474;-35,577;-2777,637;-329,901;0,000;0,000;0,000;0,000;RRR 1.5in;24,5;1015;46;'26.07.2023 15:33:44.850;;
1475;-36,079;-2777,577;-329,895;0,000;0,000;0,000;0,000;RRR 1.5in;24,5;1015;46;'26.07.2023 15:33:44.860;;
1476;-36,575;-2777,514;-329,887;0,000;0,000;0,000;0,000;RRR 1.5in;24,5;1015;46;'26.07.2023 15:33:44.870;;
1477;-37,089;-2777,485;-329,900;0,000;0,000;0,000;0,000;RRR 1.5in;24,5;1015;46;'26.07.2023 15:33:44.880;;
1478;-37,594;-2777,464;-329,913;0,000;0,000;0,000;0,000;RRR 1.5in;24,5;1015;46;'26.07.2023 15:33:44.890;;
1479;-38,090;-2777,423;-329,904;0,000;0,000;0,000;0,000;RRR 1.5in;24,5;1015;46;'26.07.2023 15:33:44.900;;
1480;-38,581;-2777,383;-329,891;0,000;0,000;0,000;0,000;RRR 1.5in;24,5;1015;46;'26.07.2023 15:33:44.910;;
1481;-39,075;-2777,363;-329,892;0,000;0,000;0,000;0,000;RRR 1.5in;24,5;1015;46;'26.07.2023 15:33:44.920;;
1482;-39,584;-2777,345;-329,898;0,000;0,000;0,000;0,000;RRR 1.5in;24,5;1015;46;'26.07.2023 15:33:44.930;;
1483;-40,091;-2777,313;-329,895;0,000;0,000;0,000;0,000;RRR 1.5in;24,5;1015;46;'26.07.2023 15:33:44.940;;
1484;-40,576;-2777,279;-329,891;0,000;0,000;0,000;0,000;RRR 1.5in;24,5;1015;46;'26.07.2023 15:33:44.950;;
1485;-41,068;-2777,260;-329,897;0,000;0,000;0,000;0,000;RRR 1.5in;24,5;1015;46;'26.07.2023 15:33:44.960;;
1486;-41,568;-2777,248;-329,908;0,000;0,000;0,000;0,000;RRR 1.5in;24,5;1015;46;'26.07.2023 15:33:44.970;;
1487;-42,076;-2777,221;-329,920;0,000;0,000;0,000;0,000;RRR 1.5in;24,5;1015;46;'26.07.2023 15:33:44.980;;
1488;-42,580;-2777,179;-329,923;0,000;0,000;0,000;0,000;RRR 1.5in;24,5;1015;46;'26.07.2023 15:33:44.990;;
1489;-43,068;-2777,128;-329,915;0,000;0,000;0,000;0,000;RRR 1.5in;24,5;1015;46;'26.07.2023 15:33:45.000;;
1490;-43,558;-2777,094;-329,916;0,000;0,000;0,000;0,000;RRR 1.5in;24,5;1015;46;'26.07.2023 15:33:45.010;;
1491;-44,069;-2777,072;-329,921;0,000;0,000;0,000;0,000;RRR 1.5in;24,5;1015;46;'26.07.2023 15:33:45.020;;
1492;-44,577;-2777,036;-329,912;0,000;0,000;0,000;0,000;RRR 1.5in;24,5;1015;46;'26.07.2023 15:33:45.030;;
1493;-45,069;-2777,002;-329,901;0,000;0,000;0,000;0,000;RRR 1.5in;24,5;1015;46;'26.07.2023 15:33:45.040;;
1494;-45,571;-2776,987;-329,902;0,000;0,000;0,000;0,000;RRR 1.5in;24,5;1015;46;'26.07.2023 15:33:45.050;;
1495;-46,075;-2776,972;-329,910;0,000;0,000;0,000;0,000;RRR 1.5in;24,5;1015;46;'26.07.2023 15:33:45.060;;
1496;-46,575;-2776,940;-329,915;0,000;0,000;0,000;0,000;RRR 1.5in;24,5;1015;46;'26.07.2023 15:33:45.070;;
1497;-47,077;-2776,905;-329,922;0,000;0,000;0,000;0,000;RRR 1.5in;24,5;1015;46;'26.07.2023 15:33:45.080;;
1498;-47,559;-2776,880;-329,933;0,000;0,000;0,000;0,000;RRR 1.5in;24,5;1015;46;'26.07.2023 15:33:45.090;;
1499;-48,050;-2776,859;-329,940;0,000;0,000;0,000;0,000;RRR 1.5in;24,5;1015;46;'26.07.2023 15:33:45.100;;
1500;-48,552;-2776,835;-329,947;0,000;0,000;0,000;0,000;RRR 1.5in;24,5;1015;46;'26.07.2023 15:33:45.110;;
1501;-49,056;-2776,798;-329,949;0,000;0,000;0,000;0,000;RRR 1.5in;24,5;1015;46;'26.07.2023 15:33:45.120;;
1502;-49,559;-2776,750;-329,939;0,000;0,000;0,000;0,000;RRR 1.5in;24,5;1015;46;'26.07.2023 15:33:45.130;;
1503;-50,061;-2776,709;-329,925;0,000;0,000;0,000;0,000;RRR 1.5in;24,5;1015;46;'26.07.2023 15:33:45.140;;
1504;-50,571;-2776,687;-329,922;0,000;0,000;0,000;0,000;RRR 1.5in;24,5;1015;46;'26.07.2023 15:33:45.150;;
1505;-51,082;-2776,673;-329,922;0,000;0,000;0,000;0,000;RRR 1.5in;24,5;1015;46;'26.07.2023 15:33:45.160;;
1506;-51,577;-2776,645;-329,914;0,000;0,000;0,000;0,000;RRR 1.5in;24,5;1015;46;'26.07.2023 15:33:45.170;;
1507;-52,063;-2776,609;-329,909;0,000;0,000;0,000;0,000;RRR 1.5in;24,5;1015;46;'26.07.2023 15:33:45.180;;
1508;-52,562;-2776,578;-329,914;0,000;0,000;0,000;0,000;RRR 1.5in;24,5;1015;46;'26.07.2023 15:33:45.190;;
1509;-53,053;-2776,547;-329,921;0,000;0,000;0,000;0,000;RRR 1.5in;24,5;1015;46;'26.07.2023 15:33:45.200;;
1510;-53,541;-2776,519;-329,929;0,000;0,000;0,000;0,000;RRR 1.5in;24,5;1015;46;'26.07.2023 15:33:45.210;;
1511;-54,039;-2776,496;-329,934;0,000;0,000;0,000;0,000;RRR 1.5in;24,5;1015;46;'26.07.2023 15:33:45.220;;
1512;-54,531;-2776,472;-329,931;0,000;0,000;0,000;0,000;RRR 1.5in;24,5;1015;46;'26.07.2023 15:33:45.230;;
1513;-55,030;-2776,458;-329,931;0,000;0,000;0,000;0,000;RRR 1.5in;24,5;1015;46;'26.07.2023 15:33:45.240;;
1514;-55,545;-2776,448;-329,938;0,000;0,000;0,000;0,000;RRR 1.5in;24,5;1015;46;'26.07.2023 15:33:45.250;;
1515;-56,054;-2776,407;-329,937;0,000;0,000;0,000;0,000;RRR 1.5in;24,5;1015;46;'26.07.2023 15:33:45.260;;
1516;-56,552;-2776,344;-329,918;0,000;0,000;0,000;0,000;RRR 1.5in;24,5;1015;46;'26.07.2023 15:33:45.270;;
1517;-57,049;-2776,309;-329,910;0,000;0,000;0,000;0,000;RRR 1.5in;24,5;1015;46;'26.07.2023 15:33:45.280;;
1518;-57,545;-2776,302;-329,919;0,000;0,000;0,000;0,000;RRR 1.5in;24,5;1015;46;'26.07.2023 15:33:45.290;;
1519;-58,046;-2776,282;-329,922;0,000;0,000;0,000;0,000;RRR 1.5in;24,5;1015;46;'26.07.2023 15:33:45.300;;
1520;-58,550;-2776,239;-329,916;0,000;0,000;0,000;0,000;RRR 1.5in;24,5;1015;46;'26.07.2023 15:33:45.310;;
1521;-59,045;-2776,200;-329,915;0,000;0,000;0,000;0,000;RRR 1.5in;24,5;1015;46;'26.07.2023 15:33:45.320;;
1522;-59,539;-2776,184;-329,927;0,000;0,000;0,000;0,000;RRR 1.5in;24,5;1015;46;'26.07.2023 15:33:45.330;;
1523;-60,031;-2776,168;-329,937;0,000;0,000;0,000;0,000;RRR 1.5in;24,5;1015;46;'26.07.2023 15:33:45.340;;
1524;-60,526;-2776,139;-329,934;0,000;0,000;0,000;0,000;RRR 1.5in;24,5;1015;46;'26.07.2023 15:33:45.350;;
1525;-61,032;-2776,112;-329,928;0,000;0,000;0,000;0,000;RRR 1.5in;24,5;1015;46;'26.07.2023 15:33:45.360;;
1526;-61,536;-2776,095;-329,923;0,000;0,000;0,000;0,000;RRR 1.5in;24,5;1015;46;'26.07.2023 15:33:45.370;;
1527;-62,027;-2776,085;-329,922;0,000;0,000;0,000;0,000;RRR 1.5in;24,5;1015;46;'26.07.2023 15:33:45.380;;
1528;-62,528;-2776,057;-329,922;0,000;0,000;0,000;0,000;RRR 1.5in;24,5;1015;46;'26.07.2023 15:33:45.390;;
1529;-63,025;-2775,999;-329,910;0,000;0,000;0,000;0,000;RRR 1.5in;24,5;1015;46;'26.07.2023 15:33:45.400;;
1530;-63,520;-2775,939;-329,897;0,000;0,000;0,000;0,000;RRR 1.5in;24,5;1015;46;'26.07.2023 15:33:45.410;;
1531;-64,032;-2775,913;-329,909;0,000;0,000;0,000;0,000;RRR 1.5in;24,5;1015;46;'26.07.2023 15:33:45.420;;
1532;-64,546;-2775,902;-329,927;0,000;0,000;0,000;0,000;RRR 1.5in;24,5;1015;46;'26.07.2023 15:33:45.430;;
1533;-65,047;-2775,870;-329,929;0,000;0,000;0,000;0,000;RRR 1.5in;24,5;1015;46;'26.07.2023 15:33:45.440;;
1534;-65,548;-2775,832;-329,926;0,000;0,000;0,000;0,000;RRR 1.5in;24,5;1015;46;'26.07.2023 15:33:45.450;;
1535;-66,039;-2775,811;-329,931;0,000;0,000;0,000;0,000;RRR 1.5in;24,5;1015;46;'26.07.2023 15:33:45.460;;
1536;-66,540;-2775,801;-329,938;0,000;0,000;0,000;0,000;RRR 1.5in;24,5;1015;46;'26.07.2023 15:33:45.470;;
1537;-67,042;-2775,785;-329,938;0,000;0,000;0,000;0,000;RRR 1.5in;24,5;1015;46;'26.07.2023 15:33:45.480;;
1538;-67,540;-2775,754;-329,927;0,000;0,000;0,000;0,000;RRR 1.5in;24,5;1015;46;'26.07.2023 15:33:45.490;;
1539;-68,028;-2775,727;-329,917;0,000;0,000;0,000;0,000;RRR 1.5in;24,5;1015;46;'26.07.2023 15:33:45.500;;
1540;-68,518;-2775,710;-329,912;0,000;0,000;0,000;0,000;RRR 1.5in;24,5;1015;46;'26.07.2023 15:33:45.510;;
1541;-69,013;-2775,684;-329,914;0,000;0,000;0,000;0,000;RRR 1.5in;24,5;1015;46;'26.07.2023 15:33:45.520;;
1542;-69,521;-2775,637;-329,916;0,000;0,000;0,000;0,000;RRR 1.5in;24,5;1015;46;'26.07.2023 15:33:45.530;;
1543;-70,033;-2775,579;-329,907;0,000;0,000;0,000;0,000;RRR 1.5in;24,5;1015;46;'26.07.2023 15:33:45.540;;
1544;-70,527;-2775,549;-329,907;0,000;0,000;0,000;0,000;RRR 1.5in;24,5;1015;46;'26.07.2023 15:33:45.550;;
1545;-71,039;-2775,542;-329,923;0,000;0,000;0,000;0,000;RRR 1.5in;24,5;1015;46;'26.07.2023 15:33:45.560;;
1546;-71,552;-2775,522;-329,932;0,000;0,000;0,000;0,000;RRR 1.5in;24,5;1015;46;'26.07.2023 15:33:45.570;;
1547;-72,046;-2775,475;-329,923;0,000;0,000;0,000;0,000;RRR 1.5in;24,5;1015;46;'26.07.2023 15:33:45.580;;
1548;-72,539;-2775,441;-329,923;0,000;0,000;0,000;0,000;RRR 1.5in;24,5;1015;46;'26.07.2023 15:33:45.590;;
1549;-73,040;-2775,428;-329,933;0,000;0,000;0,000;0,000;RRR 1.5in;24,5;1015;46;'26.07.2023 15:33:45.600;;
1550;-73,532;-2775,411;-329,932;0,000;0,000;0,000;0,000;RRR 1.5in;24,5;1015;46;'26.07.2023 15:33:45.610;;
1551;-74,025;-2775,392;-329,929;0,000;0,000;0,000;0,000;RRR 1.5in;24,5;1015;46;'26.07.2023 15:33:45.620;;
1552;-74,526;-2775,373;-329,924;0,000;0,000;0,000;0,000;RRR 1.5in;24,5;1015;46;'26.07.2023 15:33:45.630;;
1553;-75,010;-2775,343;-329,921;0,000;0,000;0,000;0,000;RRR 1.5in;24,5;1015;46;'26.07.2023 15:33:45.640;;
1554;-75,517;-2775,309;-329,920;0,000;0,000;0,000;0,000;RRR 1.5in;24,5;1015;46;'26.07.2023 15:33:45.650;;
1555;-76,034;-2775,272;-329,925;0,000;0,000;0,000;0,000;RRR 1.5in;24,5;1015;46;'26.07.2023 15:33:45.660;;
1556;-76,551;-2775,228;-329,932;0,000;0,000;0,000;0,000;RRR 1.5in;24,5;1015;46;'26.07.2023 15:33:45.670;;
1557;-77,062;-2775,182;-329,931;0,000;0,000;0,000;0,000;RRR 1.5in;24,5;1015;46;'26.07.2023 15:33:45.680;;
1558;-77,572;-2775,149;-329,931;0,000;0,000;0,000;0,000;RRR 1.5in;24,5;1015;46;'26.07.2023 15:33:45.690;;
1559;-78,075;-2775,134;-329,937;0,000;0,000;0,000;0,000;RRR 1.5in;24,5;1015;46;'26.07.2023 15:33:45.700;;
1560;-78,566;-2775,120;-329,940;0,000;0,000;0,000;0,000;RRR 1.5in;24,5;1015;46;'26.07.2023 15:33:45.710;;
1561;-79,051;-2775,087;-329,934;0,000;0,000;0,000;0,000;RRR 1.5in;24,5;1015;46;'26.07.2023 15:33:45.720;;
1562;-79,535;-2775,046;-329,926;0,000;0,000;0,000;0,000;RRR 1.5in;24,5;1015;46;'26.07.2023 15:33:45.730;;
1563;-80,044;-2775,020;-329,927;0,000;0,000;0,000;0,000;RRR 1.5in;24,5;1015;46;'26.07.2023 15:33:45.740;;
1564;-80,545;-2775,000;-329,928;0,000;0,000;0,000;0,000;RRR 1.5in;24,5;1015;46;'26.07.2023 15:33:45.750;;
1565;-81,030;-2774,983;-329,932;0,000;0,000;0,000;0,000;RRR 1.5in;24,5;1015;46;'26.07.2023 15:33:45.760;;
1566;-81,529;-2774,959;-329,936;0,000;0,000;0,000;0,000;RRR 1.5in;24,5;1015;46;'26.07.2023 15:33:45.770;;
1567;-82,036;-2774,921;-329,931;0,000;0,000;0,000;0,000;RRR 1.5in;24,5;1015;46;'26.07.2023 15:33:45.780;;
1568;-82,546;-2774,894;-329,936;0,000;0,000;0,000;0,000;RRR 1.5in;24,5;1015;46;'26.07.2023 15:33:45.790;;
1569;-83,069;-2774,883;-329,952;0,000;0,000;0,000;0,000;RRR 1.5in;24,5;1015;46;'26.07.2023 15:33:45.800;;
1570;-83,574;-2774,858;-329,962;0,000;0,000;0,000;0,000;RRR 1.5in;24,5;1015;46;'26.07.2023 15:33:45.810;;
1571;-84,070;-2774,798;-329,947;0,000;0,000;0,000;0,000;RRR 1.5in;24,5;1015;46;'26.07.2023 15:33:45.820;;
1572;-84,579;-2774,749;-329,935;0,000;0,000;0,000;0,000;RRR 1.5in;24,5;1015;46;'26.07.2023 15:33:45.830;;
1573;-85,084;-2774,730;-329,939;0,000;0,000;0,000;0,000;RRR 1.5in;24,5;1015;46;'26.07.2023 15:33:45.840;;
1574;-85,573;-2774,716;-329,943;0,000;0,000;0,000;0,000;RRR 1.5in;24,5;1015;46;'26.07.2023 15:33:45.850;;
1575;-86,063;-2774,692;-329,938;0,000;0,000;0,000;0,000;RRR 1.5in;24,5;1015;46;'26.07.2023 15:33:45.860;;
1576;-86,553;-2774,657;-329,931;0,000;0,000;0,000;0,000;RRR 1.5in;24,5;1015;46;'26.07.2023 15:33:45.870;;
1577;-87,050;-2774,636;-329,939;0,000;0,000;0,000;0,000;RRR 1.5in;24,5;1015;46;'26.07.2023 15:33:45.880;;
1578;-87,550;-2774,620;-329,950;0,000;0,000;0,000;0,000;RRR 1.5in;24,5;1015;46;'26.07.2023 15:33:45.890;;
1579;-88,041;-2774,590;-329,955;0,000;0,000;0,000;0,000;RRR 1.5in;24,5;1015;46;'26.07.2023 15:33:45.900;;
1580;-88,541;-2774,545;-329,953;0,000;0,000;0,000;0,000;RRR 1.5in;24,5;1015;46;'26.07.2023 15:33:45.910;;
1581;-89,049;-2774,508;-329,951;0,000;0,000;0,000;0,000;RRR 1.5in;24,5;1015;46;'26.07.2023 15:33:45.920;;
1582;-89,559;-2774,492;-329,954;0,000;0,000;0,000;0,000;RRR 1.5in;24,5;1015;46;'26.07.2023 15:33:45.930;;
1583;-90,064;-2774,483;-329,963;0,000;0,000;0,000;0,000;RRR 1.5in;24,5;1015;46;'26.07.2023 15:33:45.940;;
1584;-90,566;-2774,448;-329,963;0,000;0,000;0,000;0,000;RRR 1.5in;24,5;1015;46;'26.07.2023 15:33:45.950;;
1585;-91,062;-2774,386;-329,946;0,000;0,000;0,000;0,000;RRR 1.5in;24,5;1015;46;'26.07.2023 15:33:45.960;;
1586;-91,566;-2774,342;-329,942;0,000;0,000;0,000;0,000;RRR 1.5in;24,5;1015;46;'26.07.2023 15:33:45.970;;
1587;-92,074;-2774,327;-329,954;0,000;0,000;0,000;0,000;RRR 1.5in;24,5;1015;46;'26.07.2023 15:33:45.980;;
1588;-92,562;-2774,312;-329,959;0,000;0,000;0,000;0,000;RRR 1.5in;24,5;1015;46;'26.07.2023 15:33:45.990;;
1589;-93,052;-2774,282;-329,956;0,000;0,000;0,000;0,000;RRR 1.5in;24,5;1015;46;'26.07.2023 15:33:46.000;;
1590;-93,550;-2774,253;-329,954;0,000;0,000;0,000;0,000;RRR 1.5in;24,5;1015;46;'26.07.2023 15:33:46.010;;
1591;-94,044;-2774,234;-329,963;0,000;0,000;0,000;0,000;RRR 1.5in;24,5;1015;46;'26.07.2023 15:33:46.020;;
1592;-94,541;-2774,218;-329,968;0,000;0,000;0,000;0,000;RRR 1.5in;24,5;1015;46;'26.07.2023 15:33:46.030;;
1593;-95,035;-2774,195;-329,972;0,000;0,000;0,000;0,000;RRR 1.5in;24,5;1015;46;'26.07.2023 15:33:46.040;;
1594;-95,534;-2774,164;-329,969;0,000;0,000;0,000;0,000;RRR 1.5in;24,5;1015;46;'26.07.2023 15:33:46.050;;
1595;-96,040;-2774,132;-329,969;0,000;0,000;0,000;0,000;RRR 1.5in;24,5;1015;46;'26.07.2023 15:33:46.060;;
1596;-96,543;-2774,109;-329,968;0,000;0,000;0,000;0,000;RRR 1.5in;24,5;1015;46;'26.07.2023 15:33:46.070;;
1597;-97,031;-2774,088;-329,973;0,000;0,000;0,000;0,000;RRR 1.5in;24,5;1015;46;'26.07.2023 15:33:46.080;;
1598;-97,528;-2774,055;-329,977;0,000;0,000;0,000;0,000;RRR 1.5in;24,5;1015;46;'26.07.2023 15:33:46.090;;
1599;-98,037;-2774,010;-329,971;0,000;0,000;0,000;0,000;RRR 1.5in;24,5;1015;46;'26.07.2023 15:33:46.100;;
1600;-98,551;-2773,970;-329,966;0,000;0,000;0,000;0,000;RRR 1.5in;24,5;1015;46;'26.07.2023 15:33:46.110;;
1601;-99,061;-2773,949;-329,975;0,000;0,000;0,000;0,000;RRR 1.5in;24,5;1015;46;'26.07.2023 15:33:46.120;;
1602;-99,549;-2773,930;-329,982;0,000;0,000;0,000;0,000;RRR 1.5in;24,5;1015;46;'26.07.2023 15:33:46.130;;
1603;-100,030;-2773,904;-329,984;0,000;0,000;0,000;0,000;RRR 1.5in;24,5;1015;46;'26.07.2023 15:33:46.140;;
1604;-100,531;-2773,868;-329,984;0,000;0,000;0,000;0,000;RRR 1.5in;24,5;1015;46;'26.07.2023 15:33:46.150;;
1605;-101,034;-2773,834;-329,982;0,000;0,000;0,000;0,000;RRR 1.5in;24,5;1015;46;'26.07.2023 15:33:46.160;;
1606;-101,524;-2773,813;-329,981;0,000;0,000;0,000;0,000;RRR 1.5in;24,5;1015;46;'26.07.2023 15:33:46.170;;
1607;-102,026;-2773,805;-329,988;0,000;0,000;0,000;0,000;RRR 1.5in;24,5;1015;46;'26.07.2023 15:33:46.180;;
1608;-102,532;-2773,777;-329,987;0,000;0,000;0,000;0,000;RRR 1.5in;24,5;1015;46;'26.07.2023 15:33:46.190;;
1609;-103,033;-2773,727;-329,976;0,000;0,000;0,000;0,000;RRR 1.5in;24,5;1015;46;'26.07.2023 15:33:46.200;;
1610;-103,536;-2773,693;-329,975;0,000;0,000;0,000;0,000;RRR 1.5in;24,5;1015;46;'26.07.2023 15:33:46.210;;
1611;-104,031;-2773,673;-329,985;0,000;0,000;0,000;0,000;RRR 1.5in;24,5;1015;46;'26.07.2023 15:33:46.220;;
1612;-104,527;-2773,633;-329,989;0,000;0,000;0,000;0,000;RRR 1.5in;24,5;1015;46;'26.07.2023 15:33:46.230;;
1613;-105,038;-2773,571;-329,980;0,000;0,000;0,000;0,000;RRR 1.5in;24,5;1015;46;'26.07.2023 15:33:46.240;;
1614;-105,544;-2773,533;-329,978;0,000;0,000;0,000;0,000;RRR 1.5in;24,5;1015;46;'26.07.2023 15:33:46.250;;
1615;-106,032;-2773,529;-329,989;0,000;0,000;0,000;0,000;RRR 1.5in;24,5;1015;46;'26.07.2023 15:33:46.260;;
1616;-106,520;-2773,524;-329,994;0,000;0,000;0,000;0,000;RRR 1.5in;24,5;1015;46;'26.07.2023 15:33:46.270;;
1617;-107,015;-2773,493;-329,982;0,000;0,000;0,000;0,000;RRR 1.5in;24,5;1015;46;'26.07.2023 15:33:46.280;;
1618;-107,518;-2773,464;-329,975;0,000;0,000;0,000;0,000;RRR 1.5in;24,5;1015;46;'26.07.2023 15:33:46.290;;
1619;-108,030;-2773,458;-329,987;0,000;0,000;0,000;0,000;RRR 1.5in;24,5;1015;46;'26.07.2023 15:33:46.300;;
1620;-108,528;-2773,446;-329,991;0,000;0,000;0,000;0,000;RRR 1.5in;24,5;1015;46;'26.07.2023 15:33:46.310;;
1621;-109,013;-2773,415;-329,988;0,000;0,000;0,000;0,000;RRR 1.5in;24,5;1015;46;'26.07.2023 15:33:46.320;;
1622;-109,512;-2773,379;-329,988;0,000;0,000;0,000;0,000;RRR 1.5in;24,5;1015;46;'26.07.2023 15:33:46.330;;
1623;-110,006;-2773,348;-329,988;0,000;0,000;0,000;0,000;RRR 1.5in;24,5;1015;46;'26.07.2023 15:33:46.340;;
1624;-110,487;-2773,319;-329,986;0,000;0,000;0,000;0,000;RRR 1.5in;24,5;1015;46;'26.07.2023 15:33:46.350;;
1625;-110,989;-2773,295;-329,992;0,000;0,000;0,000;0,000;RRR 1.5in;24,5;1015;46;'26.07.2023 15:33:46.360;;
1626;-111,493;-2773,269;-330,000;0,000;0,000;0,000;0,000;RRR 1.5in;24,5;1015;46;'26.07.2023 15:33:46.370;;
1627;-111,996;-2773,225;-329,997;0,000;0,000;0,000;0,000;RRR 1.5in;24,5;1015;46;'26.07.2023 15:33:46.380;;
1628;-112,493;-2773,186;-329,987;0,000;0,000;0,000;0,000;RRR 1.5in;24,5;1015;46;'26.07.2023 15:33:46.390;;
1629;-112,990;-2773,167;-329,982;0,000;0,000;0,000;0,000;RRR 1.5in;24,5;1015;46;'26.07.2023 15:33:46.400;;
1630;-113,488;-2773,165;-329,987;0,000;0,000;0,000;0,000;RRR 1.5in;24,5;1015;46;'26.07.2023 15:33:46.410;;
1631;-113,991;-2773,159;-329,990;0,000;0,000;0,000;0,000;RRR 1.5in;24,5;1015;46;'26.07.2023 15:33:46.420;;
1632;-114,489;-2773,135;-329,985;0,000;0,000;0,000;0,000;RRR 1.5in;24,5;1015;46;'26.07.2023 15:33:46.430;;
1633;-114,969;-2773,106;-329,983;0,000;0,000;0,000;0,000;RRR 1.5in;24,5;1015;46;'26.07.2023 15:33:46.440;;
1634;-115,458;-2773,079;-329,984;0,000;0,000;0,000;0,000;RRR 1.5in;24,5;1015;46;'26.07.2023 15:33:46.450;;
1635;-115,951;-2773,050;-329,988;0,000;0,000;0,000;0,000;RRR 1.5in;24,5;1015;46;'26.07.2023 15:33:46.460;;
1636;-116,453;-2773,013;-329,994;0,000;0,000;0,000;0,000;RRR 1.5in;24,5;1015;46;'26.07.2023 15:33:46.470;;
1637;-116,967;-2772,971;-329,999;0,000;0,000;0,000;0,000;RRR 1.5in;24,5;1015;46;'26.07.2023 15:33:46.480;;
1638;-117,473;-2772,924;-329,993;0,000;0,000;0,000;0,000;RRR 1.5in;24,5;1015;46;'26.07.2023 15:33:46.490;;
1639;-117,978;-2772,882;-329,993;0,000;0,000;0,000;0,000;RRR 1.5in;24,5;1015;46;'26.07.2023 15:33:46.500;;
1640;-118,487;-2772,847;-330,002;0,000;0,000;0,000;0,000;RRR 1.5in;24,5;1015;46;'26.07.2023 15:33:46.510;;
1641;-118,994;-2772,800;-330,003;0,000;0,000;0,000;0,000;RRR 1.5in;24,5;1015;46;'26.07.2023 15:33:46.520;;
1642;-119,489;-2772,739;-329,985;0,000;0,000;0,000;0,000;RRR 1.5in;24,5;1015;46;'26.07.2023 15:33:46.530;;
1643;-119,988;-2772,708;-329,978;0,000;0,000;0,000;0,000;RRR 1.5in;24,5;1015;46;'26.07.2023 15:33:46.540;;
1644;-120,485;-2772,712;-329,988;0,000;0,000;0,000;0,000;RRR 1.5in;24,5;1015;46;'26.07.2023 15:33:46.550;;
1645;-120,973;-2772,710;-329,991;0,000;0,000;0,000;0,000;RRR 1.5in;24,5;1015;46;'26.07.2023 15:33:46.560;;
1646;-121,470;-2772,682;-329,986;0,000;0,000;0,000;0,000;RRR 1.5in;24,5;1015;46;'26.07.2023 15:33:46.570;;
1647;-121,968;-2772,643;-329,983;0,000;0,000;0,000;0,000;RRR 1.5in;24,5;1015;46;'26.07.2023 15:33:46.580;;
1648;-122,463;-2772,612;-329,987;0,000;0,000;0,000;0,000;RRR 1.5in;24,5;1015;46;'26.07.2023 15:33:46.590;;
1649;-122,966;-2772,589;-329,991;0,000;0,000;0,000;0,000;RRR 1.5in;24,5;1015;46;'26.07.2023 15:33:46.600;;
1650;-123,465;-2772,565;-329,996;0,000;0,000;0,000;0,000;RRR 1.5in;24,5;1015;46;'26.07.2023 15:33:46.610;;
1651;-123,966;-2772,532;-329,996;0,000;0,000;0,000;0,000;RRR 1.5in;24,5;1015;46;'26.07.2023 15:33:46.620;;
1652;-124,471;-2772,494;-329,992;0,000;0,000;0,000;0,000;RRR 1.5in;24,5;1015;46;'26.07.2023 15:33:46.630;;
1653;-124,965;-2772,463;-329,989;0,000;0,000;0,000;0,000;RRR 1.5in;24,5;1015;46;'26.07.2023 15:33:46.640;;
1654;-125,461;-2772,441;-329,994;0,000;0,000;0,000;0,000;RRR 1.5in;24,5;1015;46;'26.07.2023 15:33:46.650;;
1655;-125,966;-2772,414;-330,002;0,000;0,000;0,000;0,000;RRR 1.5in;24,5;1015;46;'26.07.2023 15:33:46.660;;
1656;-126,475;-2772,366;-329,993;0,000;0,000;0,000;0,000;RRR 1.5in;24,5;1015;46;'26.07.2023 15:33:46.670;;
1657;-126,975;-2772,324;-329,983;0,000;0,000;0,000;0,000;RRR 1.5in;24,5;1015;46;'26.07.2023 15:33:46.680;;
1658;-127,471;-2772,313;-329,991;0,000;0,000;0,000;0,000;RRR 1.5in;24,5;1015;46;'26.07.2023 15:33:46.690;;
1659;-127,963;-2772,305;-329,999;0,000;0,000;0,000;0,000;RRR 1.5in;24,5;1015;46;'26.07.2023 15:33:46.700;;
1660;-128,449;-2772,278;-329,994;0,000;0,000;0,000;0,000;RRR 1.5in;24,5;1015;46;'26.07.2023 15:33:46.710;;
1661;-128,953;-2772,249;-329,993;0,000;0,000;0,000;0,000;RRR 1.5in;24,5;1015;46;'26.07.2023 15:33:46.720;;
1662;-129,455;-2772,233;-330,005;0,000;0,000;0,000;0,000;RRR 1.5in;24,5;1015;46;'26.07.2023 15:33:46.730;;
1663;-129,946;-2772,212;-330,010;0,000;0,000;0,000;0,000;RRR 1.5in;24,5;1015;46;'26.07.2023 15:33:46.740;;
1664;-130,436;-2772,183;-330,009;0,000;0,000;0,000;0,000;RRR 1.5in;24,5;1015;46;'26.07.2023 15:33:46.750;;
1665;-130,935;-2772,150;-330,012;0,000;0,000;0,000;0,000;RRR 1.5in;24,5;1015;46;'26.07.2023 15:33:46.760;;
1666;-131,433;-2772,116;-330,012;0,000;0,000;0,000;0,000;RRR 1.5in;24,5;1015;46;'26.07.2023 15:33:46.770;;
1667;-131,935;-2772,083;-330,004;0,000;0,000;0,000;0,000;RRR 1.5in;24,5;1015;46;'26.07.2023 15:33:46.780;;
1668;-132,438;-2772,058;-329,997;0,000;0,000;0,000;0,000;RRR 1.5in;24,5;1015;46;'26.07.2023 15:33:46.790;;
1669;-132,938;-2772,035;-329,998;0,000;0,000;0,000;0,000;RRR 1.5in;24,5;1015;46;'26.07.2023 15:33:46.800;;
1670;-133,444;-2772,001;-330,000;0,000;0,000;0,000;0,000;RRR 1.5in;24,5;1015;46;'26.07.2023 15:33:46.810;;
1671;-133,944;-2771,955;-329,991;0,000;0,000;0,000;0,000;RRR 1.5in;24,5;1015;46;'26.07.2023 15:33:46.820;;
1672;-134,438;-2771,913;-329,988;0,000;0,000;0,000;0,000;RRR 1.5in;24,5;1015;46;'26.07.2023 15:33:46.830;;
1673;-134,947;-2771,888;-330,003;0,000;0,000;0,000;0,000;RRR 1.5in;24,5;1015;46;'26.07.2023 15:33:46.840;;
1674;-135,457;-2771,859;-330,013;0,000;0,000;0,000;0,000;RRR 1.5in;24,5;1015;46;'26.07.2023 15:33:46.850;;
1675;-135,949;-2771,820;-330,015;0,000;0,000;0,000;0,000;RRR 1.5in;24,5;1015;46;'26.07.2023 15:33:46.860;;
1676;-136,439;-2771,789;-330,018;0,000;0,000;0,000;0,000;RRR 1.5in;24,5;1015;46;'26.07.2023 15:33:46.870;;
1677;-136,936;-2771,773;-330,023;0,000;0,000;0,000;0,000;RRR 1.5in;24,5;1015;46;'26.07.2023 15:33:46.880;;
1678;-137,430;-2771,755;-330,018;0,000;0,000;0,000;0,000;RRR 1.5in;24,5;1015;46;'26.07.2023 15:33:46.890;;
1679;-137,931;-2771,739;-330,013;0,000;0,000;0,000;0,000;RRR 1.5in;24,5;1015;46;'26.07.2023 15:33:46.900;;
1680;-138,434;-2771,719;-330,010;0,000;0,000;0,000;0,000;RRR 1.5in;24,5;1015;46;'26.07.2023 15:33:46.910;;
1681;-138,925;-2771,682;-329,997;0,000;0,000;0,000;0,000;RRR 1.5in;24,5;1015;46;'26.07.2023 15:33:46.920;;
1682;-139,422;-2771,645;-329,986;0,000;0,000;0,000;0,000;RRR 1.5in;24,5;1015;46;'26.07.2023 15:33:46.930;;
1683;-139,934;-2771,620;-329,994;0,000;0,000;0,000;0,000;RRR 1.5in;24,5;1015;46;'26.07.2023 15:33:46.940;;
1684;-140,429;-2771,591;-330,005;0,000;0,000;0,000;0,000;RRR 1.5in;24,5;1015;46;'26.07.2023 15:33:46.950;;
1685;-140,928;-2771,537;-330,003;0,000;0,000;0,000;0,000;RRR 1.5in;24,5;1015;46;'26.07.2023 15:33:46.960;;
1686;-141,432;-2771,488;-329,998;0,000;0,000;0,000;0,000;RRR 1.5in;24,5;1015;46;'26.07.2023 15:33:46.970;;
1687;-141,939;-2771,467;-330,005;0,000;0,000;0,000;0,000;RRR 1.5in;24,5;1015;46;'26.07.2023 15:33:46.980;;
1688;-142,435;-2771,475;-330,022;0,000;0,000;0,000;0,000;RRR 1.5in;24,5;1015;46;'26.07.2023 15:33:46.990;;
1689;-142,924;-2771,468;-330,025;0,000;0,000;0,000;0,000;RRR 1.5in;24,5;1015;46;'26.07.2023 15:33:47.000;;
1690;-143,409;-2771,435;-330,015;0,000;0,000;0,000;0,000;RRR 1.5in;24,5;1015;46;'26.07.2023 15:33:47.010;;
1691;-143,912;-2771,402;-330,011;0,000;0,000;0,000;0,000;RRR 1.5in;24,5;1015;46;'26.07.2023 15:33:47.020;;
1692;-144,425;-2771,380;-330,014;0,000;0,000;0,000;0,000;RRR 1.5in;24,5;1015;46;'26.07.2023 15:33:47.030;;
1693;-144,914;-2771,357;-330,008;0,000;0,000;0,000;0,000;RRR 1.5in;24,5;1015;46;'26.07.2023 15:33:47.040;;
1694;-145,396;-2771,328;-330,002;0,000;0,000;0,000;0,000;RRR 1.5in;24,5;1015;46;'26.07.2023 15:33:47.050;;
1695;-145,900;-2771,297;-330,003;0,000;0,000;0,000;0,000;RRR 1.5in;24,5;1015;46;'26.07.2023 15:33:47.060;;
1696;-146,406;-2771,251;-329,995;0,000;0,000;0,000;0,000;RRR 1.5in;24,5;1015;46;'26.07.2023 15:33:47.070;;
1697;-146,904;-2771,215;-329,992;0,000;0,000;0,000;0,000;RRR 1.5in;24,5;1015;46;'26.07.2023 15:33:47.080;;
1698;-147,409;-2771,195;-330,003;0,000;0,000;0,000;0,000;RRR 1.5in;24,5;1015;46;'26.07.2023 15:33:47.090;;
1699;-147,909;-2771,169;-330,015;0,000;0,000;0,000;0,000;RRR 1.5in;24,5;1015;46;'26.07.2023 15:33:47.100;;
1700;-148,413;-2771,118;-330,010;0,000;0,000;0,000;0,000;RRR 1.5in;24,5;1015;46;'26.07.2023 15:33:47.110;;
1701;-148,915;-2771,078;-330,007;0,000;0,000;0,000;0,000;RRR 1.5in;24,5;1015;46;'26.07.2023 15:33:47.120;;
1702;-149,404;-2771,065;-330,013;0,000;0,000;0,000;0,000;RRR 1.5in;24,5;1015;46;'26.07.2023 15:33:47.130;;
1703;-149,886;-2771,058;-330,014;0,000;0,000;0,000;0,000;RRR 1.5in;24,5;1015;46;'26.07.2023 15:33:47.140;;
1704;-150,384;-2771,042;-330,009;0,000;0,000;0,000;0,000;RRR 1.5in;24,5;1015;46;'26.07.2023 15:33:47.150;;
1705;-150,889;-2771,023;-330,006;0,000;0,000;0,000;0,000;RRR 1.5in;24,5;1015;46;'26.07.2023 15:33:47.160;;
1706;-151,385;-2771,012;-330,009;0,000;0,000;0,000;0,000;RRR 1.5in;24,5;1015;46;'26.07.2023 15:33:47.170;;
1707;-151,878;-2770,990;-330,006;0,000;0,000;0,000;0,000;RRR 1.5in;24,5;1015;46;'26.07.2023 15:33:47.180;;
1708;-152,370;-2770,951;-329,997;0,000;0,000;0,000;0,000;RRR 1.5in;24,5;1015;46;'26.07.2023 15:33:47.190;;
1709;-152,881;-2770,908;-330,000;0,000;0,000;0,000;0,000;RRR 1.5in;24,5;1015;46;'26.07.2023 15:33:47.200;;
1710;-153,392;-2770,875;-330,011;0,000;0,000;0,000;0,000;RRR 1.5in;24,5;1015;46;'26.07.2023 15:33:47.210;;
1711;-153,878;-2770,840;-330,009;0,000;0,000;0,000;0,000;RRR 1.5in;24,5;1015;46;'26.07.2023 15:33:47.220;;
1712;-154,368;-2770,811;-330,006;0,000;0,000;0,000;0,000;RRR 1.5in;24,5;1015;46;'26.07.2023 15:33:47.230;;
1713;-154,880;-2770,788;-330,015;0,000;0,000;0,000;0,000;RRR 1.5in;24,5;1015;46;'26.07.2023 15:33:47.240;;
1714;-155,396;-2770,749;-330,016;0,000;0,000;0,000;0,000;RRR 1.5in;24,5;1015;46;'26.07.2023 15:33:47.250;;
1715;-155,892;-2770,700;-330,003;0,000;0,000;0,000;0,000;RRR 1.5in;24,5;1015;46;'26.07.2023 15:33:47.260;;
1716;-156,391;-2770,670;-329,995;0,000;0,000;0,000;0,000;RRR 1.5in;24,5;1015;46;'26.07.2023 15:33:47.270;;
1717;-156,902;-2770,658;-330,001;0,000;0,000;0,000;0,000;RRR 1.5in;24,5;1015;46;'26.07.2023 15:33:47.280;;
1718;-157,401;-2770,638;-330,001;0,000;0,000;0,000;0,000;RRR 1.5in;24,5;1015;46;'26.07.2023 15:33:47.290;;
1719;-157,889;-2770,617;-330,001;0,000;0,000;0,000;0,000;RRR 1.5in;24,5;1015;46;'26.07.2023 15:33:47.300;;
1720;-158,376;-2770,597;-330,003;0,000;0,000;0,000;0,000;RRR 1.5in;24,5;1015;46;'26.07.2023 15:33:47.310;;
1721;-158,860;-2770,566;-330,001;0,000;0,000;0,000;0,000;RRR 1.5in;24,5;1015;46;'26.07.2023 15:33:47.320;;
1722;-159,371;-2770,525;-329,993;0,000;0,000;0,000;0,000;RRR 1.5in;24,5;1015;46;'26.07.2023 15:33:47.330;;
1723;-159,878;-2770,501;-329,995;0,000;0,000;0,000;0,000;RRR 1.5in;24,5;1015;46;'26.07.2023 15:33:47.340;;
1724;-160,372;-2770,477;-330,001;0,000;0,000;0,000;0,000;RRR 1.5in;24,5;1015;46;'26.07.2023 15:33:47.350;;
1725;-160,871;-2770,435;-329,997;0,000;0,000;0,000;0,000;RRR 1.5in;24,5;1015;46;'26.07.2023 15:33:47.360;;
1726;-161,382;-2770,384;-329,982;0,000;0,000;0,000;0,000;RRR 1.5in;24,5;1015;46;'26.07.2023 15:33:47.370;;
1727;-161,891;-2770,355;-329,980;0,000;0,000;0,000;0,000;RRR 1.5in;24,5;1015;46;'26.07.2023 15:33:47.380;;
1728;-162,395;-2770,350;-330,000;0,000;0,000;0,000;0,000;RRR 1.5in;24,5;1015;46;'26.07.2023 15:33:47.390;;
1729;-162,895;-2770,321;-330,005;0,000;0,000;0,000;0,000;RRR 1.5in;24,5;1015;46;'26.07.2023 15:33:47.400;;
1730;-163,393;-2770,262;-329,989;0,000;0,000;0,000;0,000;RRR 1.5in;24,5;1015;46;'26.07.2023 15:33:47.410;;
1731;-163,901;-2770,219;-329,985;0,000;0,000;0,000;0,000;RRR 1.5in;24,5;1015;46;'26.07.2023 15:33:47.420;;
1732;-164,397;-2770,217;-330,000;0,000;0,000;0,000;0,000;RRR 1.5in;24,5;1015;46;'26.07.2023 15:33:47.430;;
1733;-164,871;-2770,210;-330,003;0,000;0,000;0,000;0,000;RRR 1.5in;24,5;1015;46;'26.07.2023 15:33:47.440;;
1734;-165,355;-2770,182;-329,998;0,000;0,000;0,000;0,000;RRR 1.5in;24,5;1015;46;'26.07.2023 15:33:47.450;;
1735;-165,862;-2770,151;-329,992;0,000;0,000;0,000;0,000;RRR 1.5in;24,5;1015;46;'26.07.2023 15:33:47.460;;
1736;-166,364;-2770,137;-329,998;0,000;0,000;0,000;0,000;RRR 1.5in;24,5;1015;46;'26.07.2023 15:33:47.470;;
1737;-166,854;-2770,119;-329,996;0,000;0,000;0,000;0,000;RRR 1.5in;24,5;1015;46;'26.07.2023 15:33:47.480;;
1738;-167,351;-2770,090;-329,991;0,000;0,000;0,000;0,000;RRR 1.5in;24,5;1015;46;'26.07.2023 15:33:47.490;;
1739;-167,855;-2770,054;-329,991;0,000;0,000;0,000;0,000;RRR 1.5in;24,5;1015;46;'26.07.2023 15:33:47.500;;
1740;-168,361;-2770,014;-329,994;0,000;0,000;0,000;0,000;RRR 1.5in;24,5;1015;46;'26.07.2023 15:33:47.510;;
1741;-168,865;-2769,978;-329,993;0,000;0,000;0,000;0,000;RRR 1.5in;24,5;1015;46;'26.07.2023 15:33:47.520;;
1742;-169,366;-2769,950;-329,995;0,000;0,000;0,000;0,000;RRR 1.5in;24,5;1015;46;'26.07.2023 15:33:47.530;;
1743;-169,869;-2769,920;-329,999;0,000;0,000;0,000;0,000;RRR 1.5in;24,5;1015;46;'26.07.2023 15:33:47.540;;
1744;-170,375;-2769,877;-329,995;0,000;0,000;0,000;0,000;RRR 1.5in;24,5;1015;46;'26.07.2023 15:33:47.550;;
1745;-170,872;-2769,834;-329,984;0,000;0,000;0,000;0,000;RRR 1.5in;24,5;1015;46;'26.07.2023 15:33:47.560;;
1746;-171,362;-2769,804;-329,980;0,000;0,000;0,000;0,000;RRR 1.5in;24,5;1015;46;'26.07.2023 15:33:47.570;;
1747;-171,864;-2769,790;-329,986;0,000;0,000;0,000;0,000;RRR 1.5in;24,5;1015;46;'26.07.2023 15:33:47.580;;
1748;-172,367;-2769,768;-329,986;0,000;0,000;0,000;0,000;RRR 1.5in;24,5;1015;46;'26.07.2023 15:33:47.590;;
1749;-172,857;-2769,741;-329,985;0,000;0,000;0,000;0,000;RRR 1.5in;24,5;1015;46;'26.07.2023 15:33:47.600;;
1750;-173,358;-2769,718;-329,995;0,000;0,000;0,000;0,000;RRR 1.5in;24,5;1015;46;'26.07.2023 15:33:47.610;;
1751;-173,865;-2769,687;-329,999;0,000;0,000;0,000;0,000;RRR 1.5in;24,5;1015;46;'26.07.2023 15:33:47.620;;
1752;-174,372;-2769,643;-329,989;0,000;0,000;0,000;0,000;RRR 1.5in;24,5;1015;46;'26.07.2023 15:33:47.630;;
1753;-174,874;-2769,620;-329,993;0,000;0,000;0,000;0,000;RRR 1.5in;24,5;1015;46;'26.07.2023 15:33:47.640;;
1754;-175,379;-2769,603;-330,006;0,000;0,000;0,000;0,000;RRR 1.5in;24,5;1015;46;'26.07.2023 15:33:47.650;;
1755;-175,873;-2769,558;-330,003;0,000;0,000;0,000;0,000;RRR 1.5in;24,5;1015;46;'26.07.2023 15:33:47.660;;
1756;-176,367;-2769,497;-329,983;0,000;0,000;0,000;0,000;RRR 1.5in;24,5;1015;46;'26.07.2023 15:33:47.670;;
1757;-176,866;-2769,464;-329,978;0,000;0,000;0,000;0,000;RRR 1.5in;24,5;1015;46;'26.07.2023 15:33:47.680;;
1758;-177,361;-2769,457;-329,990;0,000;0,000;0,000;0,000;RRR 1.5in;24,5;1015;46;'26.07.2023 15:33:47.690;;
1759;-177,858;-2769,428;-329,992;0,000;0,000;0,000;0,000;RRR 1.5in;24,5;1015;46;'26.07.2023 15:33:47.700;;
1760;-178,365;-2769,376;-329,977;0,000;0,000;0,000;0,000;RRR 1.5in;24,5;1015;46;'26.07.2023 15:33:47.710;;
1761;-178,869;-2769,341;-329,971;0,000;0,000;0,000;0,000;RRR 1.5in;24,5;1015;46;'26.07.2023 15:33:47.720;;
1762;-179,366;-2769,340;-329,983;0,000;0,000;0,000;0,000;RRR 1.5in;24,5;1015;46;'26.07.2023 15:33:47.730;;
1763;-179,866;-2769,339;-329,988;0,000;0,000;0,000;0,000;RRR 1.5in;24,5;1015;46;'26.07.2023 15:33:47.740;;
1764;-180,358;-2769,319;-329,984;0,000;0,000;0,000;0,000;RRR 1.5in;24,5;1015;46;'26.07.2023 15:33:47.750;;
1765;-180,850;-2769,287;-329,981;0,000;0,000;0,000;0,000;RRR 1.5in;24,5;1015;46;'26.07.2023 15:33:47.760;;
1766;-181,348;-2769,266;-329,992;0,000;0,000;0,000;0,000;RRR 1.5in;24,5;1015;46;'26.07.2023 15:33:47.770;;
1767;-181,851;-2769,238;-329,994;0,000;0,000;0,000;0,000;RRR 1.5in;24,5;1015;46;'26.07.2023 15:33:47.780;;
1768;-182,340;-2769,200;-329,989;0,000;0,000;0,000;0,000;RRR 1.5in;24,5;1015;46;'26.07.2023 15:33:47.790;;
1769;-182,831;-2769,168;-329,993;0,000;0,000;0,000;0,000;RRR 1.5in;24,5;1015;46;'26.07.2023 15:33:47.800;;
1770;-183,326;-2769,144;-329,999;0,000;0,000;0,000;0,000;RRR 1.5in;24,5;1015;46;'26.07.2023 15:33:47.810;;
1771;-183,820;-2769,104;-329,988;0,000;0,000;0,000;0,000;RRR 1.5in;24,5;1015;46;'26.07.2023 15:33:47.820;;
1772;-184,325;-2769,068;-329,977;0,000;0,000;0,000;0,000;RRR 1.5in;24,5;1015;46;'26.07.2023 15:33:47.830;;
1773;-184,841;-2769,052;-329,985;0,000;0,000;0,000;0,000;RRR 1.5in;24,5;1015;46;'26.07.2023 15:33:47.840;;
1774;-185,340;-2769,035;-329,994;0,000;0,000;0,000;0,000;RRR 1.5in;24,5;1015;46;'26.07.2023 15:33:47.850;;
1775;-185,847;-2768,987;-329,983;0,000;0,000;0,000;0,000;RRR 1.5in;24,5;1015;46;'26.07.2023 15:33:47.860;;
1776;-186,352;-2768,941;-329,971;0,000;0,000;0,000;0,000;RRR 1.5in;24,5;1015;46;'26.07.2023 15:33:47.870;;
1777;-186,858;-2768,926;-329,974;0,000;0,000;0,000;0,000;RRR 1.5in;24,5;1015;46;'26.07.2023 15:33:47.880;;
1778;-187,352;-2768,928;-329,983;0,000;0,000;0,000;0,000;RRR 1.5in;24,5;1015;46;'26.07.2023 15:33:47.890;;
1779;-187,839;-2768,911;-329,981;0,000;0,000;0,000;0,000;RRR 1.5in;24,5;1015;46;'26.07.2023 15:33:47.900;;
1780;-188,333;-2768,872;-329,975;0,000;0,000;0,000;0,000;RRR 1.5in;24,5;1015;46;'26.07.2023 15:33:47.910;;
1781;-188,838;-2768,834;-329,978;0,000;0,000;0,000;0,000;RRR 1.5in;24,5;1015;46;'26.07.2023 15:33:47.920;;
1782;-189,340;-2768,801;-329,978;0,000;0,000;0,000;0,000;RRR 1.5in;24,5;1015;46;'26.07.2023 15:33:47.930;;
1783;-189,831;-2768,771;-329,974;0,000;0,000;0,000;0,000;RRR 1.5in;24,5;1015;46;'26.07.2023 15:33:47.940;;
1784;-190,329;-2768,743;-329,975;0,000;0,000;0,000;0,000;RRR 1.5in;24,5;1015;46;'26.07.2023 15:33:47.950;;
1785;-190,845;-2768,719;-329,983;0,000;0,000;0,000;0,000;RRR 1.5in;24,5;1015;46;'26.07.2023 15:33:47.960;;
1786;-191,359;-2768,682;-329,980;0,000;0,000;0,000;0,000;RRR 1.5in;24,5;1015;46;'26.07.2023 15:33:47.970;;
1787;-191,848;-2768,642;-329,973;0,000;0,000;0,000;0,000;RRR 1.5in;24,5;1015;46;'26.07.2023 15:33:47.980;;
1788;-192,349;-2768,616;-329,977;0,000;0,000;0,000;0,000;RRR 1.5in;24,5;1015;46;'26.07.2023 15:33:47.990;;
1789;-192,853;-2768,594;-329,983;0,000;0,000;0,000;0,000;RRR 1.5in;24,5;1015;46;'26.07.2023 15:33:48.000;;
1790;-193,344;-2768,548;-329,972;0,000;0,000;0,000;0,000;RRR 1.5in;24,5;1015;46;'26.07.2023 15:33:48.010;;
1791;-193,836;-2768,510;-329,964;0,000;0,000;0,000;0,000;RRR 1.5in;24,5;1015;46;'26.07.2023 15:33:48.020;;
1792;-194,335;-2768,497;-329,968;0,000;0,000;0,000;0,000;RRR 1.5in;24,5;1015;46;'26.07.2023 15:33:48.030;;
1793;-194,833;-2768,490;-329,973;0,000;0,000;0,000;0,000;RRR 1.5in;24,5;1015;46;'26.07.2023 15:33:48.040;;
1794;-195,335;-2768,473;-329,969;0,000;0,000;0,000;0,000;RRR 1.5in;24,5;1015;46;'26.07.2023 15:33:48.050;;
1795;-195,831;-2768,453;-329,969;0,000;0,000;0,000;0,000;RRR 1.5in;24,5;1015;46;'26.07.2023 15:33:48.060;;
1796;-196,328;-2768,426;-329,974;0,000;0,000;0,000;0,000;RRR 1.5in;24,5;1015;46;'26.07.2023 15:33:48.070;;
1797;-196,834;-2768,393;-329,977;0,000;0,000;0,000;0,000;RRR 1.5in;24,5;1015;46;'26.07.2023 15:33:48.080;;
1798;-197,353;-2768,356;-329,974;0,000;0,000;0,000;0,000;RRR 1.5in;24,5;1015;46;'26.07.2023 15:33:48.090;;
1799;-197,842;-2768,333;-329,976;0,000;0,000;0,000;0,000;RRR 1.5in;24,5;1015;46;'26.07.2023 15:33:48.100;;
1800;-198,329;-2768,314;-329,979;0,000;0,000;0,000;0,000;RRR 1.5in;24,5;1015;46;'26.07.2023 15:33:48.110;;
1801;-198,825;-2768,281;-329,974;0,000;0,000;0,000;0,000;RRR 1.5in;24,5;1015;46;'26.07.2023 15:33:48.120;;
1802;-199,331;-2768,235;-329,959;0,000;0,000;0,000;0,000;RRR 1.5in;24,5;1015;46;'26.07.2023 15:33:48.130;;
1803;-199,830;-2768,206;-329,958;0,000;0,000;0,000;0,000;RRR 1.5in;24,5;1015;46;'26.07.2023 15:33:48.140;;
1804;-200,323;-2768,197;-329,973;0,000;0,000;0,000;0,000;RRR 1.5in;24,5;1015;46;'26.07.2023 15:33:48.150;;
1805;-200,824;-2768,162;-329,975;0,000;0,000;0,000;0,000;RRR 1.5in;24,5;1015;46;'26.07.2023 15:33:48.160;;
1806;-201,335;-2768,102;-329,965;0,000;0,000;0,000;0,000;RRR 1.5in;24,5;1015;46;'26.07.2023 15:33:48.170;;
1807;-201,843;-2768,066;-329,966;0,000;0,000;0,000;0,000;RRR 1.5in;24,5;1015;46;'26.07.2023 15:33:48.180;;
1808;-202,338;-2768,078;-329,983;0,000;0,000;0,000;0,000;RRR 1.5in;24,5;1015;46;'26.07.2023 15:33:48.190;;
1809;-202,827;-2768,077;-329,987;0,000;0,000;0,000;0,000;RRR 1.5in;24,5;1015;46;'26.07.2023 15:33:48.200;;
1810;-203,329;-2768,046;-329,976;0,000;0,000;0,000;0,000;RRR 1.5in;24,5;1015;46;'26.07.2023 15:33:48.210;;
1811;-203,846;-2768,016;-329,977;0,000;0,000;0,000;0,000;RRR 1.5in;24,5;1015;46;'26.07.2023 15:33:48.220;;
1812;-204,349;-2768,006;-329,988;0,000;0,000;0,000;0,000;RRR 1.5in;24,5;1015;46;'26.07.2023 15:33:48.230;;
1813;-204,835;-2767,977;-329,983;0,000;0,000;0,000;0,000;RRR 1.5in;24,5;1015;46;'26.07.2023 15:33:48.240;;
1814;-205,331;-2767,933;-329,969;0,000;0,000;0,000;0,000;RRR 1.5in;24,5;1015;46;'26.07.2023 15:33:48.250;;
1815;-205,836;-2767,902;-329,967;0,000;0,000;0,000;0,000;RRR 1.5in;24,5;1015;46;'26.07.2023 15:33:48.260;;
1816;-206,335;-2767,886;-329,977;0,000;0,000;0,000;0,000;RRR 1.5in;24,5;1015;46;'26.07.2023 15:33:48.270;;
1817;-206,827;-2767,847;-329,975;0,000;0,000;0,000;0,000;RRR 1.5in;24,5;1015;46;'26.07.2023 15:33:48.280;;
1818;-207,317;-2767,785;-329,959;0,000;0,000;0,000;0,000;RRR 1.5in;24,5;1015;46;'26.07.2023 15:33:48.290;;
1819;-207,826;-2767,740;-329,958;0,000;0,000;0,000;0,000;RRR 1.5in;24,5;1015;46;'26.07.2023 15:33:48.300;;
1820;-208,332;-2767,729;-329,975;0,000;0,000;0,000;0,000;RRR 1.5in;24,5;1015;46;'26.07.2023 15:33:48.310;;
1821;-208,834;-2767,702;-329,977;0,000;0,000;0,000;0,000;RRR 1.5in;24,5;1015;46;'26.07.2023 15:33:48.320;;
1822;-209,330;-2767,658;-329,965;0,000;0,000;0,000;0,000;RRR 1.5in;24,5;1015;46;'26.07.2023 15:33:48.330;;
1823;-209,842;-2767,631;-329,965;0,000;0,000;0,000;0,000;RRR 1.5in;24,5;1015;46;'26.07.2023 15:33:48.340;;
1824;-210,360;-2767,638;-329,979;0,000;0,000;0,000;0,000;RRR 1.5in;24,5;1015;46;'26.07.2023 15:33:48.350;;
1825;-210,847;-2767,636;-329,979;0,000;0,000;0,000;0,000;RRR 1.5in;24,5;1015;46;'26.07.2023 15:33:48.360;;
1826;-211,331;-2767,605;-329,968;0,000;0,000;0,000;0,000;RRR 1.5in;24,5;1015;46;'26.07.2023 15:33:48.370;;
1827;-211,836;-2767,567;-329,962;0,000;0,000;0,000;0,000;RRR 1.5in;24,5;1015;46;'26.07.2023 15:33:48.380;;
1828;-212,339;-2767,533;-329,962;0,000;0,000;0,000;0,000;RRR 1.5in;24,5;1015;46;'26.07.2023 15:33:48.390;;
1829;-212,827;-2767,502;-329,957;0,000;0,000;0,000;0,000;RRR 1.5in;24,5;1015;46;'26.07.2023 15:33:48.400;;
1830;-213,306;-2767,475;-329,952;0,000;0,000;0,000;0,000;RRR 1.5in;24,5;1015;46;'26.07.2023 15:33:48.410;;
1831;-213,805;-2767,448;-329,954;0,000;0,000;0,000;0,000;RRR 1.5in;24,5;1015;46;'26.07.2023 15:33:48.420;;
1832;-214,318;-2767,416;-329,959;0,000;0,000;0,000;0,000;RRR 1.5in;24,5;1015;46;'26.07.2023 15:33:48.430;;
1833;-214,826;-2767,380;-329,955;0,000;0,000;0,000;0,000;RRR 1.5in;24,5;1015;46;'26.07.2023 15:33:48.440;;
1834;-215,317;-2767,354;-329,954;0,000;0,000;0,000;0,000;RRR 1.5in;24,5;1015;46;'26.07.2023 15:33:48.450;;
1835;-215,823;-2767,338;-329,958;0,000;0,000;0,000;0,000;RRR 1.5in;24,5;1015;46;'26.07.2023 15:33:48.460;;
1836;-216,334;-2767,308;-329,960;0,000;0,000;0,000;0,000;RRR 1.5in;24,5;1015;46;'26.07.2023 15:33:48.470;;
1837;-216,850;-2767,262;-329,952;0,000;0,000;0,000;0,000;RRR 1.5in;24,5;1015;46;'26.07.2023 15:33:48.480;;
1838;-217,336;-2767,228;-329,943;0,000;0,000;0,000;0,000;RRR 1.5in;24,5;1015;46;'26.07.2023 15:33:48.490;;
1839;-217,826;-2767,215;-329,943;0,000;0,000;0,000;0,000;RRR 1.5in;24,5;1015;46;'26.07.2023 15:33:48.500;;
1840;-218,332;-2767,206;-329,944;0,000;0,000;0,000;0,000;RRR 1.5in;24,5;1015;46;'26.07.2023 15:33:48.510;;
1841;-218,830;-2767,184;-329,938;0,000;0,000;0,000;0,000;RRR 1.5in;24,5;1015;46;'26.07.2023 15:33:48.520;;
1842;-219,314;-2767,160;-329,937;0,000;0,000;0,000;0,000;RRR 1.5in;24,5;1015;46;'26.07.2023 15:33:48.530;;
1843;-219,806;-2767,141;-329,948;0,000;0,000;0,000;0,000;RRR 1.5in;24,5;1015;46;'26.07.2023 15:33:48.540;;
1844;-220,303;-2767,098;-329,949;0,000;0,000;0,000;0,000;RRR 1.5in;24,5;1015;46;'26.07.2023 15:33:48.550;;
1845;-220,806;-2767,046;-329,938;0,000;0,000;0,000;0,000;RRR 1.5in;24,5;1015;46;'26.07.2023 15:33:48.560;;
1846;-221,300;-2767,028;-329,940;0,000;0,000;0,000;0,000;RRR 1.5in;24,5;1015;46;'26.07.2023 15:33:48.570;;
1847;-221,796;-2767,031;-329,951;0,000;0,000;0,000;0,000;RRR 1.5in;24,5;1015;46;'26.07.2023 15:33:48.580;;
1848;-222,299;-2767,001;-329,947;0,000;0,000;0,000;0,000;RRR 1.5in;24,5;1015;46;'26.07.2023 15:33:48.590;;
1849;-222,816;-2766,944;-329,930;0,000;0,000;0,000;0,000;RRR 1.5in;24,5;1015;46;'26.07.2023 15:33:48.600;;
1850;-223,325;-2766,909;-329,926;0,000;0,000;0,000;0,000;RRR 1.5in;24,5;1015;46;'26.07.2023 15:33:48.610;;
1851;-223,819;-2766,906;-329,938;0,000;0,000;0,000;0,000;RRR 1.5in;24,5;1015;46;'26.07.2023 15:33:48.620;;
1852;-224,315;-2766,881;-329,942;0,000;0,000;0,000;0,000;RRR 1.5in;24,5;1015;46;'26.07.2023 15:33:48.630;;
1853;-224,818;-2766,823;-329,927;0,000;0,000;0,000;0,000;RRR 1.5in;24,5;1015;46;'26.07.2023 15:33:48.640;;
1854;-225,313;-2766,783;-329,923;0,000;0,000;0,000;0,000;RRR 1.5in;24,5;1015;46;'26.07.2023 15:33:48.650;;
1855;-225,805;-2766,777;-329,935;0,000;0,000;0,000;0,000;RRR 1.5in;24,5;1015;46;'26.07.2023 15:33:48.660;;
1856;-226,294;-2766,755;-329,938;0,000;0,000;0,000;0,000;RRR 1.5in;24,5;1015;46;'26.07.2023 15:33:48.670;;
1857;-226,786;-2766,709;-329,923;0,000;0,000;0,000;0,000;RRR 1.5in;24,5;1015;46;'26.07.2023 15:33:48.680;;
1858;-227,285;-2766,676;-329,919;0,000;0,000;0,000;0,000;RRR 1.5in;24,5;1015;46;'26.07.2023 15:33:48.690;;
1859;-227,794;-2766,674;-329,931;0,000;0,000;0,000;0,000;RRR 1.5in;24,5;1015;46;'26.07.2023 15:33:48.700;;
1860;-228,293;-2766,661;-329,933;0,000;0,000;0,000;0,000;RRR 1.5in;24,5;1015;46;'26.07.2023 15:33:48.710;;
1861;-228,789;-2766,624;-329,916;0,000;0,000;0,000;0,000;RRR 1.5in;24,5;1015;46;'26.07.2023 15:33:48.720;;
1862;-229,289;-2766,604;-329,914;0,000;0,000;0,000;0,000;RRR 1.5in;24,5;1015;46;'26.07.2023 15:33:48.730;;
1863;-229,798;-2766,603;-329,933;0,000;0,000;0,000;0,000;RRR 1.5in;24,5;1015;46;'26.07.2023 15:33:48.740;;
1864;-230,299;-2766,569;-329,938;0,000;0,000;0,000;0,000;RRR 1.5in;24,5;1015;46;'26.07.2023 15:33:48.750;;
1865;-230,796;-2766,504;-329,918;0,000;0,000;0,000;0,000;RRR 1.5in;24,5;1015;46;'26.07.2023 15:33:48.760;;
1866;-231,299;-2766,470;-329,916;0,000;0,000;0,000;0,000;RRR 1.5in;24,5;1015;46;'26.07.2023 15:33:48.770;;
1867;-231,800;-2766,472;-329,930;0,000;0,000;0,000;0,000;RRR 1.5in;24,5;1015;46;'26.07.2023 15:33:48.780;;
1868;-232,294;-2766,446;-329,931;0,000;0,000;0,000;0,000;RRR 1.5in;24,5;1015;46;'26.07.2023 15:33:48.790;;
1869;-232,799;-2766,386;-329,911;0,000;0,000;0,000;0,000;RRR 1.5in;24,5;1015;46;'26.07.2023 15:33:48.800;;
1870;-233,302;-2766,342;-329,899;0,000;0,000;0,000;0,000;RRR 1.5in;24,5;1015;46;'26.07.2023 15:33:48.810;;
1871;-233,803;-2766,338;-329,910;0,000;0,000;0,000;0,000;RRR 1.5in;24,5;1015;46;'26.07.2023 15:33:48.820;;
1872;-234,296;-2766,332;-329,917;0,000;0,000;0,000;0,000;RRR 1.5in;24,5;1015;46;'26.07.2023 15:33:48.830;;
1873;-234,781;-2766,302;-329,906;0,000;0,000;0,000;0,000;RRR 1.5in;24,5;1015;46;'26.07.2023 15:33:48.840;;
1874;-235,272;-2766,274;-329,903;0,000;0,000;0,000;0,000;RRR 1.5in;24,5;1015;46;'26.07.2023 15:33:48.850;;
1875;-235,784;-2766,258;-329,919;0,000;0,000;0,000;0,000;RRR 1.5in;24,5;1015;46;'26.07.2023 15:33:48.860;;
1876;-236,287;-2766,223;-329,923;0,000;0,000;0,000;0,000;RRR 1.5in;24,5;1015;46;'26.07.2023 15:33:48.870;;
1877;-236,776;-2766,176;-329,903;0,000;0,000;0,000;0,000;RRR 1.5in;24,5;1015;46;'26.07.2023 15:33:48.880;;
1878;-237,262;-2766,162;-329,898;0,000;0,000;0,000;0,000;RRR 1.5in;24,5;1015;46;'26.07.2023 15:33:48.890;;
1879;-237,769;-2766,175;-329,913;0,000;0,000;0,000;0,000;RRR 1.5in;24,5;1015;46;'26.07.2023 15:33:48.900;;
1880;-238,282;-2766,152;-329,916;0,000;0,000;0,000;0,000;RRR 1.5in;24,5;1015;46;'26.07.2023 15:33:48.910;;
1881;-238,784;-2766,083;-329,892;0,000;0,000;0,000;0,000;RRR 1.5in;24,5;1015;46;'26.07.2023 15:33:48.920;;
1882;-239,277;-2766,033;-329,881;0,000;0,000;0,000;0,000;RRR 1.5in;24,5;1015;46;'26.07.2023 15:33:48.930;;
1883;-239,785;-2766,028;-329,900;0,000;0,000;0,000;0,000;RRR 1.5in;24,5;1015;46;'26.07.2023 15:33:48.940;;
1884;-240,286;-2766,008;-329,908;0,000;0,000;0,000;0,000;RRR 1.5in;24,5;1015;46;'26.07.2023 15:33:48.950;;
1885;-240,777;-2765,951;-329,892;0,000;0,000;0,000;0,000;RRR 1.5in;24,5;1015;46;'26.07.2023 15:33:48.960;;
1886;-241,257;-2765,907;-329,888;0,000;0,000;0,000;0,000;RRR 1.5in;24,5;1015;46;'26.07.2023 15:33:48.970;;
1887;-241,752;-2765,885;-329,900;0,000;0,000;0,000;0,000;RRR 1.5in;24,5;1015;46;'26.07.2023 15:33:48.980;;
1888;-242,252;-2765,852;-329,903;0,000;0,000;0,000;0,000;RRR 1.5in;24,5;1015;46;'26.07.2023 15:33:48.990;;
1889;-242,749;-2765,814;-329,892;0,000;0,000;0,000;0,000;RRR 1.5in;24,5;1015;46;'26.07.2023 15:33:49.000;;
1890;-243,230;-2765,800;-329,891;0,000;0,000;0,000;0,000;RRR 1.5in;24,5;1015;46;'26.07.2023 15:33:49.010;;
1891;-243,727;-2765,799;-329,905;0,000;0,000;0,000;0,000;RRR 1.5in;24,5;1015;46;'26.07.2023 15:33:49.020;;
1892;-244,238;-2765,772;-329,905;0,000;0,000;0,000;0,000;RRR 1.5in;24,5;1015;46;'26.07.2023 15:33:49.030;;
1893;-244,755;-2765,727;-329,887;0,000;0,000;0,000;0,000;RRR 1.5in;24,5;1015;46;'26.07.2023 15:33:49.040;;
1894;-245,245;-2765,718;-329,886;0,000;0,000;0,000;0,000;RRR 1.5in;24,5;1015;46;'26.07.2023 15:33:49.050;;
1895;-245,744;-2765,728;-329,904;0,000;0,000;0,000;0,000;RRR 1.5in;24,5;1015;46;'26.07.2023 15:33:49.060;;
1896;-246,247;-2765,695;-329,904;0,000;0,000;0,000;0,000;RRR 1.5in;24,5;1015;46;'26.07.2023 15:33:49.070;;
1897;-246,754;-2765,624;-329,879;0,000;0,000;0,000;0,000;RRR 1.5in;24,5;1015;46;'26.07.2023 15:33:49.080;;
1898;-247,241;-2765,591;-329,873;0,000;0,000;0,000;0,000;RRR 1.5in;24,5;1015;46;'26.07.2023 15:33:49.090;;
1899;-247,732;-2765,598;-329,897;0,000;0,000;0,000;0,000;RRR 1.5in;24,5;1015;46;'26.07.2023 15:33:49.100;;
1900;-248,225;-2765,569;-329,902;0,000;0,000;0,000;0,000;RRR 1.5in;24,5;1015;46;'26.07.2023 15:33:49.110;;
1901;-248,720;-2765,480;-329,878;0,000;0,000;0,000;0,000;RRR 1.5in;24,5;1015;46;'26.07.2023 15:33:49.120;;
1902;-249,213;-2765,424;-329,875;0,000;0,000;0,000;0,000;RRR 1.5in;24,5;1015;46;'26.07.2023 15:33:49.130;;
1903;-249,716;-2765,418;-329,896;0,000;0,000;0,000;0,000;RRR 1.5in;24,5;1015;46;'26.07.2023 15:33:49.140;;
1904;-250,219;-2765,404;-329,905;0,000;0,000;0,000;0,000;RRR 1.5in;24,5;1015;46;'26.07.2023 15:33:49.150;;
1905;-250,731;-2765,364;-329,892;0,000;0,000;0,000;0,000;RRR 1.5in;24,5;1015;46;'26.07.2023 15:33:49.160;;
1906;-251,229;-2765,351;-329,890;0,000;0,000;0,000;0,000;RRR 1.5in;24,5;1015;46;'26.07.2023 15:33:49.170;;
1907;-251,731;-2765,364;-329,908;0,000;0,000;0,000;0,000;RRR 1.5in;24,5;1015;46;'26.07.2023 15:33:49.180;;
1908;-252,229;-2765,344;-329,911;0,000;0,000;0,000;0,000;RRR 1.5in;24,5;1015;46;'26.07.2023 15:33:49.190;;
1909;-252,730;-2765,286;-329,890;0,000;0,000;0,000;0,000;RRR 1.5in;24,5;1015;46;'26.07.2023 15:33:49.200;;
1910;-253,216;-2765,255;-329,884;0,000;0,000;0,000;0,000;RRR 1.5in;24,5;1015;46;'26.07.2023 15:33:49.210;;
1911;-253,696;-2765,259;-329,899;0,000;0,000;0,000;0,000;RRR 1.5in;24,5;1015;46;'26.07.2023 15:33:49.220;;
1912;-254,187;-2765,238;-329,908;0,000;0,000;0,000;0,000;RRR 1.5in;24,5;1015;46;'26.07.2023 15:33:49.230;;
1913;-254,707;-2765,170;-329,892;0,000;0,000;0,000;0,000;RRR 1.5in;24,5;1015;46;'26.07.2023 15:33:49.240;;
1914;-255,211;-2765,110;-329,880;0,000;0,000;0,000;0,000;RRR 1.5in;24,5;1015;46;'26.07.2023 15:33:49.250;;
1915;-255,709;-2765,099;-329,895;0,000;0,000;0,000;0,000;RRR 1.5in;24,5;1015;46;'26.07.2023 15:33:49.260;;
1916;-256,215;-2765,093;-329,914;0,000;0,000;0,000;0,000;RRR 1.5in;24,5;1015;46;'26.07.2023 15:33:49.270;;
1917;-256,732;-2765,037;-329,898;0,000;0,000;0,000;0,000;RRR 1.5in;24,5;1015;46;'26.07.2023 15:33:49.280;;
1918;-257,240;-2764,979;-329,883;0,000;0,000;0,000;0,000;RRR 1.5in;24,5;1015;46;'26.07.2023 15:33:49.290;;
1919;-257,735;-2764,972;-329,897;0,000;0,000;0,000;0,000;RRR 1.5in;24,5;1015;46;'26.07.2023 15:33:49.300;;
1920;-258,223;-2764,969;-329,909;0,000;0,000;0,000;0,000;RRR 1.5in;24,5;1015;46;'26.07.2023 15:33:49.310;;
1921;-258,712;-2764,922;-329,893;0,000;0,000;0,000;0,000;RRR 1.5in;24,5;1015;46;'26.07.2023 15:33:49.320;;
1922;-259,213;-2764,877;-329,880;0,000;0,000;0,000;0,000;RRR 1.5in;24,5;1015;46;'26.07.2023 15:33:49.330;;
1923;-259,706;-2764,878;-329,900;0,000;0,000;0,000;0,000;RRR 1.5in;24,5;1015;46;'26.07.2023 15:33:49.340;;
1924;-260,203;-2764,870;-329,918;0,000;0,000;0,000;0,000;RRR 1.5in;24,5;1015;46;'26.07.2023 15:33:49.350;;
1925;-260,703;-2764,812;-329,903;0,000;0,000;0,000;0,000;RRR 1.5in;24,5;1015;46;'26.07.2023 15:33:49.360;;
1926;-261,213;-2764,762;-329,887;0,000;0,000;0,000;0,000;RRR 1.5in;24,5;1015;46;'26.07.2023 15:33:49.370;;
1927;-261,708;-2764,774;-329,901;0,000;0,000;0,000;0,000;RRR 1.5in;24,5;1015;46;'26.07.2023 15:33:49.380;;
1928;-262,196;-2764,788;-329,920;0,000;0,000;0,000;0,000;RRR 1.5in;24,5;1015;46;'26.07.2023 15:33:49.390;;
1929;-262,696;-2764,740;-329,909;0,000;0,000;0,000;0,000;RRR 1.5in;24,5;1015;46;'26.07.2023 15:33:49.400;;
1930;-263,205;-2764,674;-329,890;0,000;0,000;0,000;0,000;RRR 1.5in;24,5;1015;46;'26.07.2023 15:33:49.410;;
1931;-263,703;-2764,646;-329,892;0,000;0,000;0,000;0,000;RRR 1.5in;24,5;1015;46;'26.07.2023 15:33:49.420;;
1932;-264,191;-2764,648;-329,915;0,000;0,000;0,000;0,000;RRR 1.5in;24,5;1015;46;'26.07.2023 15:33:49.430;;
1933;-264,688;-2764,614;-329,917;0,000;0,000;0,000;0,000;RRR 1.5in;24,5;1015;46;'26.07.2023 15:33:49.440;;
1934;-265,193;-2764,542;-329,899;0,000;0,000;0,000;0,000;RRR 1.5in;24,5;1015;46;'26.07.2023 15:33:49.450;;
1935;-265,693;-2764,493;-329,894;0,000;0,000;0,000;0,000;RRR 1.5in;24,5;1015;46;'26.07.2023 15:33:49.460;;
1936;-266,195;-2764,487;-329,913;0,000;0,000;0,000;0,000;RRR 1.5in;24,5;1015;46;'26.07.2023 15:33:49.470;;
1937;-266,697;-2764,467;-329,918;0,000;0,000;0,000;0,000;RRR 1.5in;24,5;1015;46;'26.07.2023 15:33:49.480;;
1938;-267,196;-2764,418;-329,897;0,000;0,000;0,000;0,000;RRR 1.5in;24,5;1015;46;'26.07.2023 15:33:49.490;;
1939;-267,690;-2764,398;-329,896;0,000;0,000;0,000;0,000;RRR 1.5in;24,5;1015;46;'26.07.2023 15:33:49.500;;
1940;-268,192;-2764,411;-329,920;0,000;0,000;0,000;0,000;RRR 1.5in;24,5;1015;46;'26.07.2023 15:33:49.510;;
1941;-268,685;-2764,385;-329,923;0,000;0,000;0,000;0,000;RRR 1.5in;24,5;1015;46;'26.07.2023 15:33:49.520;;
1942;-269,180;-2764,315;-329,899;0,000;0,000;0,000;0,000;RRR 1.5in;24,5;1015;46;'26.07.2023 15:33:49.530;;
1943;-269,674;-2764,290;-329,901;0,000;0,000;0,000;0,000;RRR 1.5in;24,5;1015;46;'26.07.2023 15:33:49.540;;
1944;-270,163;-2764,303;-329,923;0,000;0,000;0,000;0,000;RRR 1.5in;24,5;1015;46;'26.07.2023 15:33:49.550;;
1945;-270,651;-2764,291;-329,933;0,000;0,000;0,000;0,000;RRR 1.5in;24,5;1015;46;'26.07.2023 15:33:49.560;;
1946;-271,163;-2764,231;-329,923;0,000;0,000;0,000;0,000;RRR 1.5in;24,5;1015;46;'26.07.2023 15:33:49.570;;
1947;-271,672;-2764,173;-329,913;0,000;0,000;0,000;0,000;RRR 1.5in;24,5;1015;46;'26.07.2023 15:33:49.580;;
1948;-272,171;-2764,154;-329,924;0,000;0,000;0,000;0,000;RRR 1.5in;24,5;1015;46;'26.07.2023 15:33:49.590;;
1949;-272,676;-2764,145;-329,938;0,000;0,000;0,000;0,000;RRR 1.5in;24,5;1015;46;'26.07.2023 15:33:49.600;;
1950;-273,184;-2764,098;-329,931;0,000;0,000;0,000;0,000;RRR 1.5in;24,5;1015;46;'26.07.2023 15:33:49.610;;
1951;-273,692;-2764,037;-329,913;0,000;0,000;0,000;0,000;RRR 1.5in;24,5;1015;46;'26.07.2023 15:33:49.620;;
1952;-274,190;-2764,015;-329,920;0,000;0,000;0,000;0,000;RRR 1.5in;24,5;1015;46;'26.07.2023 15:33:49.630;;
1953;-274,688;-2764,008;-329,935;0,000;0,000;0,000;0,000;RRR 1.5in;24,5;1015;46;'26.07.2023 15:33:49.640;;
1954;-275,190;-2763,971;-329,929;0,000;0,000;0,000;0,000;RRR 1.5in;24,5;1015;46;'26.07.2023 15:33:49.650;;
1955;-275,684;-2763,916;-329,910;0,000;0,000;0,000;0,000;RRR 1.5in;24,5;1015;46;'26.07.2023 15:33:49.660;;
1956;-276,169;-2763,905;-329,920;0,000;0,000;0,000;0,000;RRR 1.5in;24,5;1015;46;'26.07.2023 15:33:49.670;;
1957;-276,667;-2763,904;-329,940;0,000;0,000;0,000;0,000;RRR 1.5in;24,5;1015;46;'26.07.2023 15:33:49.680;;
1958;-277,159;-2763,858;-329,931;0,000;0,000;0,000;0,000;RRR 1.5in;24,5;1015;46;'26.07.2023 15:33:49.690;;
1959;-277,663;-2763,800;-329,910;0,000;0,000;0,000;0,000;RRR 1.5in;24,5;1015;46;'26.07.2023 15:33:49.700;;
1960;-278,161;-2763,802;-329,917;0,000;0,000;0,000;0,000;RRR 1.5in;24,5;1015;46;'26.07.2023 15:33:49.710;;
1961;-278,659;-2763,826;-329,938;0,000;0,000;0,000;0,000;RRR 1.5in;24,5;1015;46;'26.07.2023 15:33:49.720;;
1962;-279,160;-2763,800;-329,939;0,000;0,000;0,000;0,000;RRR 1.5in;24,5;1015;46;'26.07.2023 15:33:49.730;;
1963;-279,680;-2763,733;-329,923;0,000;0,000;0,000;0,000;RRR 1.5in;24,5;1015;46;'26.07.2023 15:33:49.740;;
1964;-280,184;-2763,693;-329,922;0,000;0,000;0,000;0,000;RRR 1.5in;24,5;1015;46;'26.07.2023 15:33:49.750;;
1965;-280,679;-2763,690;-329,944;0,000;0,000;0,000;0,000;RRR 1.5in;24,5;1015;46;'26.07.2023 15:33:49.760;;
1966;-281,168;-2763,665;-329,951;0,000;0,000;0,000;0,000;RRR 1.5in;24,5;1015;46;'26.07.2023 15:33:49.770;;
1967;-281,670;-2763,598;-329,935;0,000;0,000;0,000;0,000;RRR 1.5in;24,5;1015;46;'26.07.2023 15:33:49.780;;
1968;-282,159;-2763,543;-329,921;0,000;0,000;0,000;0,000;RRR 1.5in;24,5;1015;46;'26.07.2023 15:33:49.790;;
1969;-282,647;-2763,533;-329,933;0,000;0,000;0,000;0,000;RRR 1.5in;24,5;1015;46;'26.07.2023 15:33:49.800;;
1970;-283,145;-2763,527;-329,944;0,000;0,000;0,000;0,000;RRR 1.5in;24,5;1015;46;'26.07.2023 15:33:49.810;;
1971;-283,650;-2763,478;-329,926;0,000;0,000;0,000;0,000;RRR 1.5in;24,5;1015;46;'26.07.2023 15:33:49.820;;
1972;-284,147;-2763,435;-329,905;0,000;0,000;0,000;0,000;RRR 1.5in;24,5;1015;46;'26.07.2023 15:33:49.830;;
1973;-284,649;-2763,453;-329,924;0,000;0,000;0,000;0,000;RRR 1.5in;24,5;1015;46;'26.07.2023 15:33:49.840;;
1974;-285,161;-2763,461;-329,949;0,000;0,000;0,000;0,000;RRR 1.5in;24,5;1015;46;'26.07.2023 15:33:49.850;;
1975;-285,659;-2763,393;-329,930;0,000;0,000;0,000;0,000;RRR 1.5in;24,5;1015;46;'26.07.2023 15:33:49.860;;
1976;-286,165;-2763,325;-329,907;0,000;0,000;0,000;0,000;RRR 1.5in;24,5;1015;46;'26.07.2023 15:33:49.870;;
1977;-286,657;-2763,340;-329,927;0,000;0,000;0,000;0,000;RRR 1.5in;24,5;1015;46;'26.07.2023 15:33:49.880;;
1978;-287,151;-2763,367;-329,953;0,000;0,000;0,000;0,000;RRR 1.5in;24,5;1015;46;'26.07.2023 15:33:49.890;;
1979;-287,647;-2763,321;-329,942;0,000;0,000;0,000;0,000;RRR 1.5in;24,5;1015;46;'26.07.2023 15:33:49.900;;
1980;-288,158;-2763,245;-329,920;0,000;0,000;0,000;0,000;RRR 1.5in;24,5;1015;46;'26.07.2023 15:33:49.910;;
1981;-288,658;-2763,215;-329,923;0,000;0,000;0,000;0,000;RRR 1.5in;24,5;1015;46;'26.07.2023 15:33:49.920;;
1982;-289,156;-2763,219;-329,943;0,000;0,000;0,000;0,000;RRR 1.5in;24,5;1015;46;'26.07.2023 15:33:49.930;;
1983;-289,656;-2763,187;-329,941;0,000;0,000;0,000;0,000;RRR 1.5in;24,5;1015;46;'26.07.2023 15:33:49.940;;
1984;-290,163;-2763,119;-329,921;0,000;0,000;0,000;0,000;RRR 1.5in;24,5;1015;46;'26.07.2023 15:33:49.950;;
1985;-290,653;-2763,080;-329,919;0,000;0,000;0,000;0,000;RRR 1.5in;24,5;1015;46;'26.07.2023 15:33:49.960;;
1986;-291,150;-2763,071;-329,940;0,000;0,000;0,000;0,000;RRR 1.5in;24,5;1015;46;'26.07.2023 15:33:49.970;;
1987;-291,659;-2763,038;-329,945;0,000;0,000;0,000;0,000;RRR 1.5in;24,5;1015;46;'26.07.2023 15:33:49.980;;
1988;-292,174;-2762,971;-329,926;0,000;0,000;0,000;0,000;RRR 1.5in;24,5;1015;46;'26.07.2023 15:33:49.990;;
1989;-292,663;-2762,943;-329,914;0,000;0,000;0,000;0,000;RRR 1.5in;24,5;1015;46;'26.07.2023 15:33:50.000;;
1990;-293,147;-2762,968;-329,935;0,000;0,000;0,000;0,000;RRR 1.5in;24,5;1015;46;'26.07.2023 15:33:50.010;;
1991;-293,660;-2762,963;-329,948;0,000;0,000;0,000;0,000;RRR 1.5in;24,5;1015;46;'26.07.2023 15:33:50.020;;
1992;-294,177;-2762,892;-329,928;0,000;0,000;0,000;0,000;RRR 1.5in;24,5;1015;46;'26.07.2023 15:33:50.030;;
1993;-294,680;-2762,841;-329,913;0,000;0,000;0,000;0,000;RRR 1.5in;24,5;1015;46;'26.07.2023 15:33:50.040;;
1994;-295,158;-2762,863;-329,935;0,000;0,000;0,000;0,000;RRR 1.5in;24,5;1015;46;'26.07.2023 15:33:50.050;;
1995;-295,652;-2762,876;-329,953;0,000;0,000;0,000;0,000;RRR 1.5in;24,5;1015;46;'26.07.2023 15:33:50.060;;
1996;-296,151;-2762,817;-329,939;0,000;0,000;0,000;0,000;RRR 1.5in;24,5;1015;46;'26.07.2023 15:33:50.070;;
1997;-296,656;-2762,751;-329,923;0,000;0,000;0,000;0,000;RRR 1.5in;24,5;1015;46;'26.07.2023 15:33:50.080;;
1998;-297,141;-2762,743;-329,936;0,000;0,000;0,000;0,000;RRR 1.5in;24,5;1015;46;'26.07.2023 15:33:50.090;;
1999;-297,634;-2762,745;-329,954;0,000;0,000;0,000;0,000;RRR 1.5in;24,5;1015;46;'26.07.2023 15:33:50.100;;
2000;-298,137;-2762,695;-329,942;0,000;0,000;0,000;0,000;RRR 1.5in;24,5;1015;46;'26.07.2023 15:33:50.110;;
2001;-298,651;-2762,630;-329,924;0,000;0,000;0,000;0,000;RRR 1.5in;24,5;1015;46;'26.07.2023 15:33:50.120;;
2002;-299,143;-2762,606;-329,925;0,000;0,000;0,000;0,000;RRR 1.5in;24,5;1015;46;'26.07.2023 15:33:50.130;;
2003;-299,636;-2762,601;-329,938;0,000;0,000;0,000;0,000;RRR 1.5in;24,5;1015;46;'26.07.2023 15:33:50.140;;
2004;-300,156;-2762,567;-329,936;0,000;0,000;0,000;0,000;RRR 1.5in;24,5;1015;46;'26.07.2023 15:33:50.150;;
2005;-300,675;-2762,515;-329,927;0,000;0,000;0,000;0,000;RRR 1.5in;24,5;1015;46;'26.07.2023 15:33:50.160;;
2006;-301,174;-2762,491;-329,926;0,000;0,000;0,000;0,000;RRR 1.5in;24,5;1015;46;'26.07.2023 15:33:50.170;;
2007;-301,659;-2762,495;-329,944;0,000;0,000;0,000;0,000;RRR 1.5in;24,5;1015;46;'26.07.2023 15:33:50.180;;
2008;-302,172;-2762,471;-329,954;0,000;0,000;0,000;0,000;RRR 1.5in;24,5;1015;46;'26.07.2023 15:33:50.190;;
2009;-302,682;-2762,409;-329,942;0,000;0,000;0,000;0,000;RRR 1.5in;24,5;1015;46;'26.07.2023 15:33:50.200;;
2010;-303,175;-2762,363;-329,929;0,000;0,000;0,000;0,000;RRR 1.5in;24,5;1015;46;'26.07.2023 15:33:50.210;;
2011;-303,645;-2762,371;-329,939;0,000;0,000;0,000;0,000;RRR 1.5in;24,5;1015;46;'26.07.2023 15:33:50.220;;
2012;-304,140;-2762,377;-329,955;0,000;0,000;0,000;0,000;RRR 1.5in;24,5;1015;46;'26.07.2023 15:33:50.230;;
2013;-304,635;-2762,335;-329,949;0,000;0,000;0,000;0,000;RRR 1.5in;24,5;1015;46;'26.07.2023 15:33:50.240;;
2014;-305,136;-2762,278;-329,938;0,000;0,000;0,000;0,000;RRR 1.5in;24,5;1015;46;'26.07.2023 15:33:50.250;;
2015;-305,629;-2762,257;-329,945;0,000;0,000;0,000;0,000;RRR 1.5in;24,5;1015;46;'26.07.2023 15:33:50.260;;
2016;-306,134;-2762,248;-329,958;0,000;0,000;0,000;0,000;RRR 1.5in;24,5;1015;46;'26.07.2023 15:33:50.270;;
2017;-306,651;-2762,215;-329,957;0,000;0,000;0,000;0,000;RRR 1.5in;24,5;1015;46;'26.07.2023 15:33:50.280;;
2018;-307,158;-2762,168;-329,948;0,000;0,000;0,000;0,000;RRR 1.5in;24,5;1015;46;'26.07.2023 15:33:50.290;;
2019;-307,658;-2762,134;-329,946;0,000;0,000;0,000;0,000;RRR 1.5in;24,5;1015;46;'26.07.2023 15:33:50.300;;
2020;-308,154;-2762,111;-329,954;0,000;0,000;0,000;0,000;RRR 1.5in;24,5;1015;46;'26.07.2023 15:33:50.310;;
2021;-308,667;-2762,072;-329,954;0,000;0,000;0,000;0,000;RRR 1.5in;24,5;1015;46;'26.07.2023 15:33:50.320;;
2022;-309,164;-2762,026;-329,947;0,000;0,000;0,000;0,000;RRR 1.5in;24,5;1015;46;'26.07.2023 15:33:50.330;;
2023;-309,656;-2761,997;-329,941;0,000;0,000;0,000;0,000;RRR 1.5in;24,5;1015;46;'26.07.2023 15:33:50.340;;
2024;-310,136;-2761,987;-329,950;0,000;0,000;0,000;0,000;RRR 1.5in;24,5;1015;46;'26.07.2023 15:33:50.350;;
2025;-310,648;-2761,960;-329,958;0,000;0,000;0,000;0,000;RRR 1.5in;24,5;1015;46;'26.07.2023 15:33:50.360;;
2026;-311,158;-2761,904;-329,961;0,000;0,000;0,000;0,000;RRR 1.5in;24,5;1015;46;'26.07.2023 15:33:50.370;;
2027;-311,657;-2761,842;-329,953;0,000;0,000;0,000;0,000;RRR 1.5in;24,5;1015;46;'26.07.2023 15:33:50.380;;
2028;-312,135;-2761,824;-329,954;0,000;0,000;0,000;0,000;RRR 1.5in;24,5;1015;46;'26.07.2023 15:33:50.390;;
2029;-312,633;-2761,839;-329,971;0,000;0,000;0,000;0,000;RRR 1.5in;24,5;1015;46;'26.07.2023 15:33:50.400;;
2030;-313,143;-2761,833;-329,977;0,000;0,000;0,000;0,000;RRR 1.5in;24,5;1015;46;'26.07.2023 15:33:50.410;;
2031;-313,642;-2761,786;-329,961;0,000;0,000;0,000;0,000;RRR 1.5in;24,5;1015;46;'26.07.2023 15:33:50.420;;
2032;-314,138;-2761,745;-329,949;0,000;0,000;0,000;0,000;RRR 1.5in;24,5;1015;46;'26.07.2023 15:33:50.430;;
2033;-314,635;-2761,738;-329,957;0,000;0,000;0,000;0,000;RRR 1.5in;24,5;1015;46;'26.07.2023 15:33:50.440;;
2034;-315,153;-2761,726;-329,966;0,000;0,000;0,000;0,000;RRR 1.5in;24,5;1015;46;'26.07.2023 15:33:50.450;;
2035;-315,652;-2761,685;-329,961;0,000;0,000;0,000;0,000;RRR 1.5in;24,5;1015;46;'26.07.2023 15:33:50.460;;
2036;-316,150;-2761,638;-329,952;0,000;0,000;0,000;0,000;RRR 1.5in;24,5;1015;46;'26.07.2023 15:33:50.470;;
2037;-316,637;-2761,615;-329,959;0,000;0,000;0,000;0,000;RRR 1.5in;24,5;1015;46;'26.07.2023 15:33:50.480;;
2038;-317,143;-2761,585;-329,968;0,000;0,000;0,000;0,000;RRR 1.5in;24,5;1015;46;'26.07.2023 15:33:50.490;;
2039;-317,642;-2761,537;-329,968;0,000;0,000;0,000;0,000;RRR 1.5in;24,5;1015;46;'26.07.2023 15:33:50.500;;
2040;-318,144;-2761,489;-329,960;0,000;0,000;0,000;0,000;RRR 1.5in;24,5;1015;46;'26.07.2023 15:33:50.510;;
2041;-318,626;-2761,466;-329,956;0,000;0,000;0,000;0,000;RRR 1.5in;24,5;1015;46;'26.07.2023 15:33:50.520;;
2042;-319,121;-2761,456;-329,963;0,000;0,000;0,000;0,000;RRR 1.5in;24,5;1015;46;'26.07.2023 15:33:50.530;;
2043;-319,638;-2761,428;-329,967;0,000;0,000;0,000;0,000;RRR 1.5in;24,5;1015;46;'26.07.2023 15:33:50.540;;
2044;-320,146;-2761,372;-329,959;0,000;0,000;0,000;0,000;RRR 1.5in;24,5;1015;46;'26.07.2023 15:33:50.550;;
2045;-320,636;-2761,327;-329,947;0,000;0,000;0,000;0,000;RRR 1.5in;24,5;1015;46;'26.07.2023 15:33:50.560;;
2046;-321,121;-2761,327;-329,956;0,000;0,000;0,000;0,000;RRR 1.5in;24,5;1015;46;'26.07.2023 15:33:50.570;;
2047;-321,635;-2761,338;-329,973;0,000;0,000;0,000;0,000;RRR 1.5in;24,5;1015;46;'26.07.2023 15:33:50.580;;
2048;-322,137;-2761,316;-329,974;0,000;0,000;0,000;0,000;RRR 1.5in;24,5;1015;46;'26.07.2023 15:33:50.590;;
2049;-322,630;-2761,274;-329,966;0,000;0,000;0,000;0,000;RRR 1.5in;24,5;1015;46;'26.07.2023 15:33:50.600;;
2050;-323,109;-2761,248;-329,967;0,000;0,000;0,000;0,000;RRR 1.5in;24,5;1015;46;'26.07.2023 15:33:50.610;;
2051;-323,605;-2761,229;-329,977;0,000;0,000;0,000;0,000;RRR 1.5in;24,5;1015;46;'26.07.2023 15:33:50.620;;
2052;-324,110;-2761,185;-329,975;0,000;0,000;0,000;0,000;RRR 1.5in;24,5;1015;46;'26.07.2023 15:33:50.630;;
2053;-324,603;-2761,133;-329,964;0,000;0,000;0,000;0,000;RRR 1.5in;24,5;1015;46;'26.07.2023 15:33:50.640;;
2054;-325,087;-2761,102;-329,960;0,000;0,000;0,000;0,000;RRR 1.5in;24,5;1015;46;'26.07.2023 15:33:50.650;;
2055;-325,586;-2761,087;-329,971;0,000;0,000;0,000;0,000;RRR 1.5in;24,5;1015;46;'26.07.2023 15:33:50.660;;
2056;-326,109;-2761,050;-329,974;0,000;0,000;0,000;0,000;RRR 1.5in;24,5;1015;46;'26.07.2023 15:33:50.670;;
2057;-326,617;-2761,000;-329,968;0,000;0,000;0,000;0,000;RRR 1.5in;24,5;1015;46;'26.07.2023 15:33:50.680;;
2058;-327,123;-2760,967;-329,964;0,000;0,000;0,000;0,000;RRR 1.5in;24,5;1015;46;'26.07.2023 15:33:50.690;;
2059;-327,611;-2760,957;-329,967;0,000;0,000;0,000;0,000;RRR 1.5in;24,5;1015;46;'26.07.2023 15:33:50.700;;
2060;-328,129;-2760,943;-329,973;0,000;0,000;0,000;0,000;RRR 1.5in;24,5;1015;46;'26.07.2023 15:33:50.710;;
2061;-328,646;-2760,905;-329,974;0,000;0,000;0,000;0,000;RRR 1.5in;24,5;1015;46;'26.07.2023 15:33:50.720;;
2062;-329,143;-2760,850;-329,963;0,000;0,000;0,000;0,000;RRR 1.5in;24,5;1015;46;'26.07.2023 15:33:50.730;;
2063;-329,617;-2760,817;-329,950;0,000;0,000;0,000;0,000;RRR 1.5in;24,5;1015;46;'26.07.2023 15:33:50.740;;
2064;-330,101;-2760,817;-329,957;0,000;0,000;0,000;0,000;RRR 1.5in;24,5;1015;46;'26.07.2023 15:33:50.750;;
2065;-330,599;-2760,814;-329,964;0,000;0,000;0,000;0,000;RRR 1.5in;24,5;1015;46;'26.07.2023 15:33:50.760;;
2066;-331,088;-2760,781;-329,961;0,000;0,000;0,000;0,000;RRR 1.5in;24,5;1015;46;'26.07.2023 15:33:50.770;;
2067;-331,571;-2760,737;-329,952;0,000;0,000;0,000;0,000;RRR 1.5in;24,5;1015;46;'26.07.2023 15:33:50.780;;
2068;-332,058;-2760,715;-329,959;0,000;0,000;0,000;0,000;RRR 1.5in;24,5;1015;46;'26.07.2023 15:33:50.790;;
2069;-332,580;-2760,702;-329,976;0,000;0,000;0,000;0,000;RRR 1.5in;24,5;1015;46;'26.07.2023 15:33:50.800;;
2070;-333,084;-2760,675;-329,979;0,000;0,000;0,000;0,000;RRR 1.5in;24,5;1015;46;'26.07.2023 15:33:50.810;;
2071;-333,582;-2760,638;-329,973;0,000;0,000;0,000;0,000;RRR 1.5in;24,5;1015;46;'26.07.2023 15:33:50.820;;
2072;-334,075;-2760,613;-329,969;0,000;0,000;0,000;0,000;RRR 1.5in;24,5;1015;46;'26.07.2023 15:33:50.830;;
2073;-334,591;-2760,590;-329,974;0,000;0,000;0,000;0,000;RRR 1.5in;24,5;1015;46;'26.07.2023 15:33:50.840;;
2074;-335,107;-2760,552;-329,970;0,000;0,000;0,000;0,000;RRR 1.5in;24,5;1015;46;'26.07.2023 15:33:50.850;;
2075;-335,587;-2760,509;-329,957;0,000;0,000;0,000;0,000;RRR 1.5in;24,5;1015;46;'26.07.2023 15:33:50.860;;
2076;-336,067;-2760,479;-329,947;0,000;0,000;0,000;0,000;RRR 1.5in;24,5;1015;46;'26.07.2023 15:33:50.870;;
2077;-336,553;-2760,468;-329,950;0,000;0,000;0,000;0,000;RRR 1.5in;24,5;1015;46;'26.07.2023 15:33:50.880;;
2078;-337,073;-2760,444;-329,963;0,000;0,000;0,000;0,000;RRR 1.5in;24,5;1015;46;'26.07.2023 15:33:50.890;;
2079;-337,583;-2760,396;-329,967;0,000;0,000;0,000;0,000;RRR 1.5in;24,5;1015;46;'26.07.2023 15:33:50.900;;
2080;-338,081;-2760,330;-329,960;0,000;0,000;0,000;0,000;RRR 1.5in;24,5;1015;46;'26.07.2023 15:33:50.910;;
2081;-338,561;-2760,289;-329,952;0,000;0,000;0,000;0,000;RRR 1.5in;24,5;1015;46;'26.07.2023 15:33:50.920;;
2082;-339,062;-2760,290;-329,962;0,000;0,000;0,000;0,000;RRR 1.5in;24,5;1015;46;'26.07.2023 15:33:50.930;;
2083;-339,568;-2760,299;-329,971;0,000;0,000;0,000;0,000;RRR 1.5in;24,5;1015;46;'26.07.2023 15:33:50.940;;
2084;-340,056;-2760,275;-329,961;0,000;0,000;0,000;0,000;RRR 1.5in;24,5;1015;46;'26.07.2023 15:33:50.950;;
2085;-340,553;-2760,233;-329,943;0,000;0,000;0,000;0,000;RRR 1.5in;24,5;1015;46;'26.07.2023 15:33:50.960;;
2086;-341,052;-2760,220;-329,945;0,000;0,000;0,000;0,000;RRR 1.5in;24,5;1015;46;'26.07.2023 15:33:50.970;;
2087;-341,566;-2760,218;-329,956;0,000;0,000;0,000;0,000;RRR 1.5in;24,5;1015;46;'26.07.2023 15:33:50.980;;
2088;-342,052;-2760,189;-329,955;0,000;0,000;0,000;0,000;RRR 1.5in;24,5;1015;46;'26.07.2023 15:33:50.990;;
2089;-342,541;-2760,136;-329,943;0,000;0,000;0,000;0,000;RRR 1.5in;24,5;1015;46;'26.07.2023 15:33:51.000;;
2090;-343,034;-2760,104;-329,945;0,000;0,000;0,000;0,000;RRR 1.5in;24,5;1015;46;'26.07.2023 15:33:51.010;;
2091;-343,548;-2760,086;-329,963;0,000;0,000;0,000;0,000;RRR 1.5in;24,5;1015;46;'26.07.2023 15:33:51.020;;
2092;-344,060;-2760,042;-329,971;0,000;0,000;0,000;0,000;RRR 1.5in;24,5;1015;46;'26.07.2023 15:33:51.030;;
2093;-344,548;-2759,975;-329,958;0,000;0,000;0,000;0,000;RRR 1.5in;24,5;1015;46;'26.07.2023 15:33:51.040;;
2094;-345,034;-2759,933;-329,945;0,000;0,000;0,000;0,000;RRR 1.5in;24,5;1015;46;'26.07.2023 15:33:51.050;;
2095;-345,526;-2759,929;-329,950;0,000;0,000;0,000;0,000;RRR 1.5in;24,5;1015;46;'26.07.2023 15:33:51.060;;
2096;-346,040;-2759,921;-329,957;0,000;0,000;0,000;0,000;RRR 1.5in;24,5;1015;46;'26.07.2023 15:33:51.070;;
2097;-346,548;-2759,882;-329,951;0,000;0,000;0,000;0,000;RRR 1.5in;24,5;1015;46;'26.07.2023 15:33:51.080;;
2098;-347,053;-2759,822;-329,943;0,000;0,000;0,000;0,000;RRR 1.5in;24,5;1015;46;'26.07.2023 15:33:51.090;;
2099;-347,538;-2759,783;-329,937;0,000;0,000;0,000;0,000;RRR 1.5in;24,5;1015;46;'26.07.2023 15:33:51.100;;
2100;-348,038;-2759,781;-329,950;0,000;0,000;0,000;0,000;RRR 1.5in;24,5;1015;46;'26.07.2023 15:33:51.110;;
2101;-348,544;-2759,781;-329,963;0,000;0,000;0,000;0,000;RRR 1.5in;24,5;1015;46;'26.07.2023 15:33:51.120;;
2102;-349,032;-2759,750;-329,959;0,000;0,000;0,000;0,000;RRR 1.5in;24,5;1015;46;'26.07.2023 15:33:51.130;;
2103;-349,525;-2759,708;-329,949;0,000;0,000;0,000;0,000;RRR 1.5in;24,5;1015;46;'26.07.2023 15:33:51.140;;
2104;-350,022;-2759,691;-329,952;0,000;0,000;0,000;0,000;RRR 1.5in;24,5;1015;46;'26.07.2023 15:33:51.150;;
2105;-350,529;-2759,686;-329,964;0,000;0,000;0,000;0,000;RRR 1.5in;24,5;1015;46;'26.07.2023 15:33:51.160;;
2106;-351,006;-2759,658;-329,960;0,000;0,000;0,000;0,000;RRR 1.5in;24,5;1015;46;'26.07.2023 15:33:51.170;;
2107;-351,485;-2759,608;-329,943;0,000;0,000;0,000;0,000;RRR 1.5in;24,5;1015;46;'26.07.2023 15:33:51.180;;
2108;-351,978;-2759,574;-329,936;0,000;0,000;0,000;0,000;RRR 1.5in;24,5;1015;46;'26.07.2023 15:33:51.190;;
2109;-352,498;-2759,559;-329,949;0,000;0,000;0,000;0,000;RRR 1.5in;24,5;1015;46;'26.07.2023 15:33:51.200;;
2110;-353,017;-2759,531;-329,957;0,000;0,000;0,000;0,000;RRR 1.5in;24,5;1015;46;'26.07.2023 15:33:51.210;;
2111;-353,516;-2759,480;-329,951;0,000;0,000;0,000;0,000;RRR 1.5in;24,5;1015;46;'26.07.2023 15:33:51.220;;
2112;-354,016;-2759,437;-329,948;0,000;0,000;0,000;0,000;RRR 1.5in;24,5;1015;46;'26.07.2023 15:33:51.230;;
2113;-354,514;-2759,422;-329,954;0,000;0,000;0,000;0,000;RRR 1.5in;24,5;1015;46;'26.07.2023 15:33:51.240;;
2114;-355,021;-2759,416;-329,966;0,000;0,000;0,000;0,000;RRR 1.5in;24,5;1015;46;'26.07.2023 15:33:51.250;;
2115;-355,526;-2759,388;-329,971;0,000;0,000;0,000;0,000;RRR 1.5in;24,5;1015;46;'26.07.2023 15:33:51.260;;
2116;-356,034;-2759,330;-329,961;0,000;0,000;0,000;0,000;RRR 1.5in;24,5;1015;46;'26.07.2023 15:33:51.270;;
2117;-356,530;-2759,275;-329,947;0,000;0,000;0,000;0,000;RRR 1.5in;24,5;1015;46;'26.07.2023 15:33:51.280;;
2118;-357,013;-2759,259;-329,946;0,000;0,000;0,000;0,000;RRR 1.5in;24,5;1015;46;'26.07.2023 15:33:51.290;;
2119;-357,506;-2759,261;-329,956;0,000;0,000;0,000;0,000;RRR 1.5in;24,5;1015;46;'26.07.2023 15:33:51.300;;
2120;-357,990;-2759,236;-329,952;0,000;0,000;0,000;0,000;RRR 1.5in;24,5;1015;46;'26.07.2023 15:33:51.310;;
2121;-358,491;-2759,187;-329,942;0,000;0,000;0,000;0,000;RRR 1.5in;24,5;1015;46;'26.07.2023 15:33:51.320;;
2122;-358,992;-2759,159;-329,944;0,000;0,000;0,000;0,000;RRR 1.5in;24,5;1015;46;'26.07.2023 15:33:51.330;;
2123;-359,495;-2759,158;-329,963;0,000;0,000;0,000;0,000;RRR 1.5in;24,5;1015;46;'26.07.2023 15:33:51.340;;
2124;-359,995;-2759,140;-329,970;0,000;0,000;0,000;0,000;RRR 1.5in;24,5;1015;46;'26.07.2023 15:33:51.350;;
2125;-360,484;-2759,096;-329,962;0,000;0,000;0,000;0,000;RRR 1.5in;24,5;1015;46;'26.07.2023 15:33:51.360;;
2126;-360,983;-2759,059;-329,955;0,000;0,000;0,000;0,000;RRR 1.5in;24,5;1015;46;'26.07.2023 15:33:51.370;;
2127;-361,491;-2759,051;-329,964;0,000;0,000;0,000;0,000;RRR 1.5in;24,5;1015;46;'26.07.2023 15:33:51.380;;
2128;-362,011;-2759,036;-329,974;0,000;0,000;0,000;0,000;RRR 1.5in;24,5;1015;46;'26.07.2023 15:33:51.390;;
2129;-362,506;-2758,992;-329,966;0,000;0,000;0,000;0,000;RRR 1.5in;24,5;1015;46;'26.07.2023 15:33:51.400;;
2130;-362,996;-2758,939;-329,951;0,000;0,000;0,000;0,000;RRR 1.5in;24,5;1015;46;'26.07.2023 15:33:51.410;;
2131;-363,478;-2758,909;-329,945;0,000;0,000;0,000;0,000;RRR 1.5in;24,5;1015;46;'26.07.2023 15:33:51.420;;
2132;-363,974;-2758,895;-329,952;0,000;0,000;0,000;0,000;RRR 1.5in;24,5;1015;46;'26.07.2023 15:33:51.430;;
2133;-364,487;-2758,865;-329,961;0,000;0,000;0,000;0,000;RRR 1.5in;24,5;1015;46;'26.07.2023 15:33:51.440;;
2134;-364,992;-2758,811;-329,961;0,000;0,000;0,000;0,000;RRR 1.5in;24,5;1015;46;'26.07.2023 15:33:51.450;;
2135;-365,502;-2758,750;-329,958;0,000;0,000;0,000;0,000;RRR 1.5in;24,5;1015;46;'26.07.2023 15:33:51.460;;
2136;-365,994;-2758,720;-329,959;0,000;0,000;0,000;0,000;RRR 1.5in;24,5;1015;46;'26.07.2023 15:33:51.470;;
2137;-366,494;-2758,717;-329,969;0,000;0,000;0,000;0,000;RRR 1.5in;24,5;1015;46;'26.07.2023 15:33:51.480;;
2138;-366,991;-2758,711;-329,973;0,000;0,000;0,000;0,000;RRR 1.5in;24,5;1015;46;'26.07.2023 15:33:51.490;;
2139;-367,493;-2758,669;-329,959;0,000;0,000;0,000;0,000;RRR 1.5in;24,5;1015;46;'26.07.2023 15:33:51.500;;
2140;-367,998;-2758,622;-329,943;0,000;0,000;0,000;0,000;RRR 1.5in;24,5;1015;46;'26.07.2023 15:33:51.510;;
2141;-368,503;-2758,609;-329,944;0,000;0,000;0,000;0,000;RRR 1.5in;24,5;1015;46;'26.07.2023 15:33:51.520;;
2142;-369,009;-2758,611;-329,959;0,000;0,000;0,000;0,000;RRR 1.5in;24,5;1015;46;'26.07.2023 15:33:51.530;;
2143;-369,492;-2758,582;-329,960;0,000;0,000;0,000;0,000;RRR 1.5in;24,5;1015;46;'26.07.2023 15:33:51.540;;
2144;-369,975;-2758,529;-329,952;0,000;0,000;0,000;0,000;RRR 1.5in;24,5;1015;46;'26.07.2023 15:33:51.550;;
2145;-370,468;-2758,503;-329,958;0,000;0,000;0,000;0,000;RRR 1.5in;24,5;1015;46;'26.07.2023 15:33:51.560;;
2146;-370,975;-2758,499;-329,982;0,000;0,000;0,000;0,000;RRR 1.5in;24,5;1015;46;'26.07.2023 15:33:51.570;;
2147;-371,485;-2758,465;-329,990;0,000;0,000;0,000;0,000;RRR 1.5in;24,5;1015;46;'26.07.2023 15:33:51.580;;
2148;-371,983;-2758,402;-329,976;0,000;0,000;0,000;0,000;RRR 1.5in;24,5;1015;46;'26.07.2023 15:33:51.590;;
2149;-372,480;-2758,360;-329,964;0,000;0,000;0,000;0,000;RRR 1.5in;24,5;1015;46;'26.07.2023 15:33:51.600;;
2150;-372,970;-2758,359;-329,966;0,000;0,000;0,000;0,000;RRR 1.5in;24,5;1015;46;'26.07.2023 15:33:51.610;;
2151;-373,478;-2758,361;-329,971;0,000;0,000;0,000;0,000;RRR 1.5in;24,5;1015;46;'26.07.2023 15:33:51.620;;
2152;-373,989;-2758,327;-329,966;0,000;0,000;0,000;0,000;RRR 1.5in;24,5;1015;46;'26.07.2023 15:33:51.630;;
2153;-374,499;-2758,268;-329,958;0,000;0,000;0,000;0,000;RRR 1.5in;24,5;1015;46;'26.07.2023 15:33:51.640;;
2154;-375,007;-2758,217;-329,955;0,000;0,000;0,000;0,000;RRR 1.5in;24,5;1015;46;'26.07.2023 15:33:51.650;;
2155;-375,496;-2758,194;-329,962;0,000;0,000;0,000;0,000;RRR 1.5in;24,5;1015;46;'26.07.2023 15:33:51.660;;
2156;-375,997;-2758,180;-329,972;0,000;0,000;0,000;0,000;RRR 1.5in;24,5;1015;46;'26.07.2023 15:33:51.670;;
2157;-376,493;-2758,155;-329,979;0,000;0,000;0,000;0,000;RRR 1.5in;24,5;1015;46;'26.07.2023 15:33:51.680;;
2158;-376,993;-2758,111;-329,978;0,000;0,000;0,000;0,000;RRR 1.5in;24,5;1015;46;'26.07.2023 15:33:51.690;;
2159;-377,490;-2758,074;-329,979;0,000;0,000;0,000;0,000;RRR 1.5in;24,5;1015;46;'26.07.2023 15:33:51.700;;
2160;-377,989;-2758,051;-329,986;0,000;0,000;0,000;0,000;RRR 1.5in;24,5;1015;46;'26.07.2023 15:33:51.710;;
2161;-378,480;-2758,024;-329,986;0,000;0,000;0,000;0,000;RRR 1.5in;24,5;1015;46;'26.07.2023 15:33:51.720;;
2162;-378,962;-2757,991;-329,976;0,000;0,000;0,000;0,000;RRR 1.5in;24,5;1015;46;'26.07.2023 15:33:51.730;;
2163;-379,461;-2757,967;-329,966;0,000;0,000;0,000;0,000;RRR 1.5in;24,5;1015;46;'26.07.2023 15:33:51.740;;
2164;-379,971;-2757,970;-329,969;0,000;0,000;0,000;0,000;RRR 1.5in;24,5;1015;46;'26.07.2023 15:33:51.750;;
2165;-380,492;-2757,975;-329,983;0,000;0,000;0,000;0,000;RRR 1.5in;24,5;1015;46;'26.07.2023 15:33:51.760;;
2166;-381,005;-2757,947;-329,992;0,000;0,000;0,000;0,000;RRR 1.5in;24,5;1015;46;'26.07.2023 15:33:51.770;;
2167;-381,501;-2757,883;-329,984;0,000;0,000;0,000;0,000;RRR 1.5in;24,5;1015;46;'26.07.2023 15:33:51.780;;
2168;-381,995;-2757,828;-329,979;0,000;0,000;0,000;0,000;RRR 1.5in;24,5;1015;46;'26.07.2023 15:33:51.790;;
2169;-382,484;-2757,806;-329,983;0,000;0,000;0,000;0,000;RRR 1.5in;24,5;1015;46;'26.07.2023 15:33:51.800;;
2170;-382,986;-2757,797;-329,990;0,000;0,000;0,000;0,000;RRR 1.5in;24,5;1015;46;'26.07.2023 15:33:51.810;;
2171;-383,487;-2757,766;-329,983;0,000;0,000;0,000;0,000;RRR 1.5in;24,5;1015;46;'26.07.2023 15:33:51.820;;
2172;-383,996;-2757,712;-329,970;0,000;0,000;0,000;0,000;RRR 1.5in;24,5;1015;46;'26.07.2023 15:33:51.830;;
2173;-384,499;-2757,667;-329,960;0,000;0,000;0,000;0,000;RRR 1.5in;24,5;1015;46;'26.07.2023 15:33:51.840;;
2174;-384,985;-2757,648;-329,958;0,000;0,000;0,000;0,000;RRR 1.5in;24,5;1015;46;'26.07.2023 15:33:51.850;;
2175;-385,483;-2757,640;-329,965;0,000;0,000;0,000;0,000;RRR 1.5in;24,5;1015;46;'26.07.2023 15:33:51.860;;
2176;-385,988;-2757,614;-329,969;0,000;0,000;0,000;0,000;RRR 1.5in;24,5;1015;46;'26.07.2023 15:33:51.870;;
2177;-386,504;-2757,564;-329,969;0,000;0,000;0,000;0,000;RRR 1.5in;24,5;1015;46;'26.07.2023 15:33:51.880;;
2178;-387,014;-2757,523;-329,970;0,000;0,000;0,000;0,000;RRR 1.5in;24,5;1015;46;'26.07.2023 15:33:51.890;;
2179;-387,523;-2757,506;-329,984;0,000;0,000;0,000;0,000;RRR 1.5in;24,5;1015;46;'26.07.2023 15:33:51.900;;
2180;-388,018;-2757,485;-329,992;0,000;0,000;0,000;0,000;RRR 1.5in;24,5;1015;46;'26.07.2023 15:33:51.910;;
2181;-388,499;-2757,451;-329,988;0,000;0,000;0,000;0,000;RRR 1.5in;24,5;1015;46;'26.07.2023 15:33:51.920;;
2182;-388,991;-2757,418;-329,978;0,000;0,000;0,000;0,000;RRR 1.5in;24,5;1015;46;'26.07.2023 15:33:51.930;;
2183;-389,484;-2757,410;-329,979;0,000;0,000;0,000;0,000;RRR 1.5in;24,5;1015;46;'26.07.2023 15:33:51.940;;
2184;-389,996;-2757,406;-329,987;0,000;0,000;0,000;0,000;RRR 1.5in;24,5;1015;46;'26.07.2023 15:33:51.950;;
2185;-390,490;-2757,381;-329,981;0,000;0,000;0,000;0,000;RRR 1.5in;24,5;1015;46;'26.07.2023 15:33:51.960;;
2186;-390,974;-2757,335;-329,965;0,000;0,000;0,000;0,000;RRR 1.5in;24,5;1015;46;'26.07.2023 15:33:51.970;;
2187;-391,458;-2757,303;-329,959;0,000;0,000;0,000;0,000;RRR 1.5in;24,5;1015;46;'26.07.2023 15:33:51.980;;
2188;-391,951;-2757,292;-329,963;0,000;0,000;0,000;0,000;RRR 1.5in;24,5;1015;46;'26.07.2023 15:33:51.990;;
2189;-392,463;-2757,288;-329,975;0,000;0,000;0,000;0,000;RRR 1.5in;24,5;1015;46;'26.07.2023 15:33:52.000;;
2190;-392,987;-2757,261;-329,985;0,000;0,000;0,000;0,000;RRR 1.5in;24,5;1015;46;'26.07.2023 15:33:52.010;;
2191;-393,501;-2757,203;-329,985;0,000;0,000;0,000;0,000;RRR 1.5in;24,5;1015;46;'26.07.2023 15:33:52.020;;
2192;-394,005;-2757,147;-329,978;0,000;0,000;0,000;0,000;RRR 1.5in;24,5;1015;46;'26.07.2023 15:33:52.030;;
2193;-394,493;-2757,124;-329,978;0,000;0,000;0,000;0,000;RRR 1.5in;24,5;1015;46;'26.07.2023 15:33:52.040;;
2194;-394,991;-2757,122;-329,984;0,000;0,000;0,000;0,000;RRR 1.5in;24,5;1015;46;'26.07.2023 15:33:52.050;;
2195;-395,493;-2757,107;-329,987;0,000;0,000;0,000;0,000;RRR 1.5in;24,5;1015;46;'26.07.2023 15:33:52.060;;
2196;-396,000;-2757,063;-329,979;0,000;0,000;0,000;0,000;RRR 1.5in;24,5;1015;46;'26.07.2023 15:33:52.070;;
2197;-396,501;-2757,017;-329,971;0,000;0,000;0,000;0,000;RRR 1.5in;24,5;1015;46;'26.07.2023 15:33:52.080;;
2198;-397,000;-2756,986;-329,975;0,000;0,000;0,000;0,000;RRR 1.5in;24,5;1015;46;'26.07.2023 15:33:52.090;;
2199;-397,499;-2756,956;-329,983;0,000;0,000;0,000;0,000;RRR 1.5in;24,5;1015;46;'26.07.2023 15:33:52.100;;
2200;-397,972;-2756,915;-329,977;0,000;0,000;0,000;0,000;RRR 1.5in;24,5;1015;46;'26.07.2023 15:33:52.110;;
2201;-398,459;-2756,880;-329,972;0,000;0,000;0,000;0,000;RRR 1.5in;24,5;1015;46;'26.07.2023 15:33:52.120;;
2202;-398,966;-2756,879;-329,980;0,000;0,000;0,000;0,000;RRR 1.5in;24,5;1015;46;'26.07.2023 15:33:52.130;;
2203;-399,486;-2756,885;-329,999;0,000;0,000;0,000;0,000;RRR 1.5in;24,5;1015;46;'26.07.2023 15:33:52.140;;
2204;-400,002;-2756,863;-330,007;0,000;0,000;0,000;0,000;RRR 1.5in;24,5;1015;46;'26.07.2023 15:33:52.150;;
2205;-400,494;-2756,805;-329,994;0,000;0,000;0,000;0,000;RRR 1.5in;24,5;1015;46;'26.07.2023 15:33:52.160;;
2206;-400,986;-2756,761;-329,983;0,000;0,000;0,000;0,000;RRR 1.5in;24,5;1015;46;'26.07.2023 15:33:52.170;;
2207;-401,488;-2756,756;-329,984;0,000;0,000;0,000;0,000;RRR 1.5in;24,5;1015;46;'26.07.2023 15:33:52.180;;
2208;-401,991;-2756,765;-329,991;0,000;0,000;0,000;0,000;RRR 1.5in;24,5;1015;46;'26.07.2023 15:33:52.190;;
2209;-402,499;-2756,749;-329,991;0,000;0,000;0,000;0,000;RRR 1.5in;24,5;1015;46;'26.07.2023 15:33:52.200;;
2210;-402,994;-2756,694;-329,989;0,000;0,000;0,000;0,000;RRR 1.5in;24,5;1015;46;'26.07.2023 15:33:52.210;;
2211;-403,487;-2756,617;-329,983;0,000;0,000;0,000;0,000;RRR 1.5in;24,5;1015;46;'26.07.2023 15:33:52.220;;
2212;-403,959;-2756,564;-329,980;0,000;0,000;0,000;0,000;RRR 1.5in;24,5;1015;46;'26.07.2023 15:33:52.230;;
2213;-404,449;-2756,547;-329,989;0,000;0,000;0,000;0,000;RRR 1.5in;24,5;1015;46;'26.07.2023 15:33:52.240;;
2214;-404,955;-2756,538;-329,998;0,000;0,000;0,000;0,000;RRR 1.5in;24,5;1015;46;'26.07.2023 15:33:52.250;;
2215;-405,477;-2756,507;-329,996;0,000;0,000;0,000;0,000;RRR 1.5in;24,5;1015;46;'26.07.2023 15:33:52.260;;
2216;-406,003;-2756,466;-329,982;0,000;0,000;0,000;0,000;RRR 1.5in;24,5;1015;46;'26.07.2023 15:33:52.270;;
2217;-406,506;-2756,444;-329,977;0,000;0,000;0,000;0,000;RRR 1.5in;24,5;1015;46;'26.07.2023 15:33:52.280;;
2218;-407,009;-2756,430;-329,983;0,000;0,000;0,000;0,000;RRR 1.5in;24,5;1015;46;'26.07.2023 15:33:52.290;;
2219;-407,502;-2756,394;-329,978;0,000;0,000;0,000;0,000;RRR 1.5in;24,5;1015;46;'26.07.2023 15:33:52.300;;
2220;-408,009;-2756,349;-329,965;0,000;0,000;0,000;0,000;RRR 1.5in;24,5;1015;46;'26.07.2023 15:33:52.310;;
2221;-408,525;-2756,331;-329,967;0,000;0,000;0,000;0,000;RRR 1.5in;24,5;1015;46;'26.07.2023 15:33:52.320;;
2222;-409,024;-2756,338;-329,984;0,000;0,000;0,000;0,000;RRR 1.5in;24,5;1015;46;'26.07.2023 15:33:52.330;;
2223;-409,513;-2756,325;-329,997;0,000;0,000;0,000;0,000;RRR 1.5in;24,5;1015;46;'26.07.2023 15:33:52.340;;
2224;-409,988;-2756,271;-329,989;0,000;0,000;0,000;0,000;RRR 1.5in;24,5;1015;46;'26.07.2023 15:33:52.350;;
2225;-410,471;-2756,209;-329,981;0,000;0,000;0,000;0,000;RRR 1.5in;24,5;1015;46;'26.07.2023 15:33:52.360;;
2226;-410,965;-2756,178;-329,984;0,000;0,000;0,000;0,000;RRR 1.5in;24,5;1015;46;'26.07.2023 15:33:52.370;;
2227;-411,461;-2756,176;-329,990;0,000;0,000;0,000;0,000;RRR 1.5in;24,5;1015;46;'26.07.2023 15:33:52.380;;
2228;-411,972;-2756,177;-329,993;0,000;0,000;0,000;0,000;RRR 1.5in;24,5;1015;46;'26.07.2023 15:33:52.390;;
2229;-412,486;-2756,155;-329,994;0,000;0,000;0,000;0,000;RRR 1.5in;24,5;1015;46;'26.07.2023 15:33:52.400;;
2230;-412,992;-2756,105;-329,987;0,000;0,000;0,000;0,000;RRR 1.5in;24,5;1015;46;'26.07.2023 15:33:52.410;;
2231;-413,486;-2756,052;-329,974;0,000;0,000;0,000;0,000;RRR 1.5in;24,5;1015;46;'26.07.2023 15:33:52.420;;
2232;-413,977;-2756,031;-329,967;0,000;0,000;0,000;0,000;RRR 1.5in;24,5;1015;46;'26.07.2023 15:33:52.430;;
2233;-414,495;-2756,036;-329,981;0,000;0,000;0,000;0,000;RRR 1.5in;24,5;1015;46;'26.07.2023 15:33:52.440;;
2234;-415,009;-2756,027;-329,991;0,000;0,000;0,000;0,000;RRR 1.5in;24,5;1015;46;'26.07.2023 15:33:52.450;;
2235;-415,517;-2755,981;-329,986;0,000;0,000;0,000;0,000;RRR 1.5in;24,5;1015;46;'26.07.2023 15:33:52.460;;
2236;-416,000;-2755,924;-329,978;0,000;0,000;0,000;0,000;RRR 1.5in;24,5;1015;46;'26.07.2023 15:33:52.470;;
2237;-416,478;-2755,886;-329,981;0,000;0,000;0,000;0,000;RRR 1.5in;24,5;1015;46;'26.07.2023 15:33:52.480;;
2238;-416,968;-2755,850;-329,990;0,000;0,000;0,000;0,000;RRR 1.5in;24,5;1015;46;'26.07.2023 15:33:52.490;;
2239;-417,452;-2755,802;-329,978;0,000;0,000;0,000;0,000;RRR 1.5in;24,5;1015;46;'26.07.2023 15:33:52.500;;
2240;-417,961;-2755,763;-329,966;0,000;0,000;0,000;0,000;RRR 1.5in;24,5;1015;46;'26.07.2023 15:33:52.510;;
2241;-418,470;-2755,755;-329,967;0,000;0,000;0,000;0,000;RRR 1.5in;24,5;1015;46;'26.07.2023 15:33:52.520;;
2242;-418,970;-2755,765;-329,974;0,000;0,000;0,000;0,000;RRR 1.5in;24,5;1015;46;'26.07.2023 15:33:52.530;;
2243;-419,474;-2755,756;-329,979;0,000;0,000;0,000;0,000;RRR 1.5in;24,5;1015;46;'26.07.2023 15:33:52.540;;
2244;-419,967;-2755,714;-329,971;0,000;0,000;0,000;0,000;RRR 1.5in;24,5;1015;46;'26.07.2023 15:33:52.550;;
2245;-420,471;-2755,669;-329,967;0,000;0,000;0,000;0,000;RRR 1.5in;24,5;1015;46;'26.07.2023 15:33:52.560;;
2246;-420,986;-2755,655;-329,971;0,000;0,000;0,000;0,000;RRR 1.5in;24,5;1015;46;'26.07.2023 15:33:52.570;;
2247;-421,491;-2755,663;-329,981;0,000;0,000;0,000;0,000;RRR 1.5in;24,5;1015;46;'26.07.2023 15:33:52.580;;
2248;-421,984;-2755,654;-329,989;0,000;0,000;0,000;0,000;RRR 1.5in;24,5;1015;46;'26.07.2023 15:33:52.590;;
2249;-422,467;-2755,610;-329,989;0,000;0,000;0,000;0,000;RRR 1.5in;24,5;1015;46;'26.07.2023 15:33:52.600;;
2250;-422,960;-2755,537;-329,981;0,000;0,000;0,000;0,000;RRR 1.5in;24,5;1015;46;'26.07.2023 15:33:52.610;;
2251;-423,443;-2755,480;-329,971;0,000;0,000;0,000;0,000;RRR 1.5in;24,5;1015;46;'26.07.2023 15:33:52.620;;
2252;-423,940;-2755,467;-329,974;0,000;0,000;0,000;0,000;RRR 1.5in;24,5;1015;46;'26.07.2023 15:33:52.630;;
2253;-424,442;-2755,472;-329,984;0,000;0,000;0,000;0,000;RRR 1.5in;24,5;1015;46;'26.07.2023 15:33:52.640;;
2254;-424,943;-2755,448;-329,983;0,000;0,000;0,000;0,000;RRR 1.5in;24,5;1015;46;'26.07.2023 15:33:52.650;;
2255;-425,452;-2755,390;-329,969;0,000;0,000;0,000;0,000;RRR 1.5in;24,5;1015;46;'26.07.2023 15:33:52.660;;
2256;-425,956;-2755,339;-329,958;0,000;0,000;0,000;0,000;RRR 1.5in;24,5;1015;46;'26.07.2023 15:33:52.670;;
2257;-426,465;-2755,318;-329,965;0,000;0,000;0,000;0,000;RRR 1.5in;24,5;1015;46;'26.07.2023 15:33:52.680;;
2258;-426,975;-2755,306;-329,976;0,000;0,000;0,000;0,000;RRR 1.5in;24,5;1015;46;'26.07.2023 15:33:52.690;;
2259;-427,488;-2755,268;-329,970;0,000;0,000;0,000;0,000;RRR 1.5in;24,5;1015;46;'26.07.2023 15:33:52.700;;
2260;-427,993;-2755,226;-329,966;0,000;0,000;0,000;0,000;RRR 1.5in;24,5;1015;46;'26.07.2023 15:33:52.710;;
2261;-428,489;-2755,202;-329,971;0,000;0,000;0,000;0,000;RRR 1.5in;24,5;1015;46;'26.07.2023 15:33:52.720;;
2262;-428,967;-2755,183;-329,978;0,000;0,000;0,000;0,000;RRR 1.5in;24,5;1015;46;'26.07.2023 15:33:52.730;;
2263;-429,448;-2755,142;-329,972;0,000;0,000;0,000;0,000;RRR 1.5in;24,5;1015;46;'26.07.2023 15:33:52.740;;
2264;-429,935;-2755,089;-329,963;0,000;0,000;0,000;0,000;RRR 1.5in;24,5;1015;46;'26.07.2023 15:33:52.750;;
2265;-430,440;-2755,047;-329,960;0,000;0,000;0,000;0,000;RRR 1.5in;24,5;1015;46;'26.07.2023 15:33:52.760;;
2266;-430,942;-2755,033;-329,959;0,000;0,000;0,000;0,000;RRR 1.5in;24,5;1015;46;'26.07.2023 15:33:52.770;;
2267;-431,443;-2755,036;-329,961;0,000;0,000;0,000;0,000;RRR 1.5in;24,5;1015;46;'26.07.2023 15:33:52.780;;
2268;-431,953;-2755,039;-329,969;0,000;0,000;0,000;0,000;RRR 1.5in;24,5;1015;46;'26.07.2023 15:33:52.790;;
2269;-432,455;-2755,012;-329,975;0,000;0,000;0,000;0,000;RRR 1.5in;24,5;1015;46;'26.07.2023 15:33:52.800;;
2270;-432,962;-2754,953;-329,971;0,000;0,000;0,000;0,000;RRR 1.5in;24,5;1015;46;'26.07.2023 15:33:52.810;;
2271;-433,471;-2754,898;-329,960;0,000;0,000;0,000;0,000;RRR 1.5in;24,5;1015;46;'26.07.2023 15:33:52.820;;
2272;-433,973;-2754,886;-329,964;0,000;0,000;0,000;0,000;RRR 1.5in;24,5;1015;46;'26.07.2023 15:33:52.830;;
2273;-434,477;-2754,898;-329,980;0,000;0,000;0,000;0,000;RRR 1.5in;24,5;1015;46;'26.07.2023 15:33:52.840;;
2274;-434,960;-2754,879;-329,977;0,000;0,000;0,000;0,000;RRR 1.5in;24,5;1015;46;'26.07.2023 15:33:52.850;;
2275;-435,447;-2754,822;-329,961;0,000;0,000;0,000;0,000;RRR 1.5in;24,5;1015;46;'26.07.2023 15:33:52.860;;
2276;-435,940;-2754,774;-329,956;0,000;0,000;0,000;0,000;RRR 1.5in;24,5;1015;46;'26.07.2023 15:33:52.870;;
2277;-436,433;-2754,749;-329,966;0,000;0,000;0,000;0,000;RRR 1.5in;24,5;1015;46;'26.07.2023 15:33:52.880;;
2278;-436,934;-2754,716;-329,972;0,000;0,000;0,000;0,000;RRR 1.5in;24,5;1015;46;'26.07.2023 15:33:52.890;;
2279;-437,430;-2754,663;-329,960;0,000;0,000;0,000;0,000;RRR 1.5in;24,5;1015;46;'26.07.2023 15:33:52.900;;
2280;-437,934;-2754,622;-329,955;0,000;0,000;0,000;0,000;RRR 1.5in;24,5;1015;46;'26.07.2023 15:33:52.910;;
2281;-438,444;-2754,616;-329,963;0,000;0,000;0,000;0,000;RRR 1.5in;24,5;1015;46;'26.07.2023 15:33:52.920;;
2282;-438,948;-2754,614;-329,970;0,000;0,000;0,000;0,000;RRR 1.5in;24,5;1015;46;'26.07.2023 15:33:52.930;;
2283;-439,457;-2754,590;-329,970;0,000;0,000;0,000;0,000;RRR 1.5in;24,5;1015;46;'26.07.2023 15:33:52.940;;
2284;-439,955;-2754,550;-329,969;0,000;0,000;0,000;0,000;RRR 1.5in;24,5;1015;46;'26.07.2023 15:33:52.950;;
2285;-440,457;-2754,500;-329,970;0,000;0,000;0,000;0,000;RRR 1.5in;24,5;1015;46;'26.07.2023 15:33:52.960;;
2286;-440,951;-2754,456;-329,963;0,000;0,000;0,000;0,000;RRR 1.5in;24,5;1015;46;'26.07.2023 15:33:52.970;;
2287;-441,435;-2754,435;-329,957;0,000;0,000;0,000;0,000;RRR 1.5in;24,5;1015;46;'26.07.2023 15:33:52.980;;
2288;-441,915;-2754,434;-329,962;0,000;0,000;0,000;0,000;RRR 1.5in;24,5;1015;46;'26.07.2023 15:33:52.990;;
2289;-442,398;-2754,421;-329,968;0,000;0,000;0,000;0,000;RRR 1.5in;24,5;1015;46;'26.07.2023 15:33:53.000;;
2290;-442,893;-2754,370;-329,965;0,000;0,000;0,000;0,000;RRR 1.5in;24,5;1015;46;'26.07.2023 15:33:53.010;;
2291;-443,394;-2754,309;-329,958;0,000;0,000;0,000;0,000;RRR 1.5in;24,5;1015;46;'26.07.2023 15:33:53.020;;
2292;-443,889;-2754,285;-329,958;0,000;0,000;0,000;0,000;RRR 1.5in;24,5;1015;46;'26.07.2023 15:33:53.030;;
2293;-444,399;-2754,301;-329,974;0,000;0,000;0,000;0,000;RRR 1.5in;24,5;1015;46;'26.07.2023 15:33:53.040;;
2294;-444,913;-2754,301;-329,984;0,000;0,000;0,000;0,000;RRR 1.5in;24,5;1015;46;'26.07.2023 15:33:53.050;;
2295;-445,428;-2754,260;-329,974;0,000;0,000;0,000;0,000;RRR 1.5in;24,5;1015;46;'26.07.2023 15:33:53.060;;
2296;-445,939;-2754,210;-329,965;0,000;0,000;0,000;0,000;RRR 1.5in;24,5;1015;46;'26.07.2023 15:33:53.070;;
2297;-446,439;-2754,180;-329,969;0,000;0,000;0,000;0,000;RRR 1.5in;24,5;1015;46;'26.07.2023 15:33:53.080;;
2298;-446,937;-2754,150;-329,975;0,000;0,000;0,000;0,000;RRR 1.5in;24,5;1015;46;'26.07.2023 15:33:53.090;;
2299;-447,425;-2754,103;-329,969;0,000;0,000;0,000;0,000;RRR 1.5in;24,5;1015;46;'26.07.2023 15:33:53.100;;
2300;-447,907;-2754,056;-329,961;0,000;0,000;0,000;0,000;RRR 1.5in;24,5;1015;46;'26.07.2023 15:33:53.110;;
2301;-448,401;-2754,026;-329,966;0,000;0,000;0,000;0,000;RRR 1.5in;24,5;1015;46;'26.07.2023 15:33:53.120;;
2302;-448,894;-2754,006;-329,972;0,000;0,000;0,000;0,000;RRR 1.5in;24,5;1015;46;'26.07.2023 15:33:53.130;;
2303;-449,387;-2753,975;-329,970;0,000;0,000;0,000;0,000;RRR 1.5in;24,5;1015;46;'26.07.2023 15:33:53.140;;
2304;-449,890;-2753,942;-329,970;0,000;0,000;0,000;0,000;RRR 1.5in;24,5;1015;46;'26.07.2023 15:33:53.150;;
2305;-450,397;-2753,908;-329,973;0,000;0,000;0,000;0,000;RRR 1.5in;24,5;1015;46;'26.07.2023 15:33:53.160;;
2306;-450,916;-2753,872;-329,972;0,000;0,000;0,000;0,000;RRR 1.5in;24,5;1015;46;'26.07.2023 15:33:53.170;;
2307;-451,425;-2753,845;-329,962;0,000;0,000;0,000;0,000;RRR 1.5in;24,5;1015;46;'26.07.2023 15:33:53.180;;
2308;-451,930;-2753,841;-329,962;0,000;0,000;0,000;0,000;RRR 1.5in;24,5;1015;46;'26.07.2023 15:33:53.190;;
2309;-452,423;-2753,845;-329,976;0,000;0,000;0,000;0,000;RRR 1.5in;24,5;1015;46;'26.07.2023 15:33:53.200;;
2310;-452,924;-2753,810;-329,980;0,000;0,000;0,000;0,000;RRR 1.5in;24,5;1015;46;'26.07.2023 15:33:53.210;;
2311;-453,423;-2753,734;-329,971;0,000;0,000;0,000;0,000;RRR 1.5in;24,5;1015;46;'26.07.2023 15:33:53.220;;
2312;-453,912;-2753,676;-329,964;0,000;0,000;0,000;0,000;RRR 1.5in;24,5;1015;46;'26.07.2023 15:33:53.230;;
2313;-454,389;-2753,675;-329,976;0,000;0,000;0,000;0,000;RRR 1.5in;24,5;1015;46;'26.07.2023 15:33:53.240;;
2314;-454,879;-2753,688;-329,989;0,000;0,000;0,000;0,000;RRR 1.5in;24,5;1015;46;'26.07.2023 15:33:53.250;;
2315;-455,366;-2753,664;-329,980;0,000;0,000;0,000;0,000;RRR 1.5in;24,5;1015;46;'26.07.2023 15:33:53.260;;
2316;-455,873;-2753,614;-329,966;0,000;0,000;0,000;0,000;RRR 1.5in;24,5;1015;46;'26.07.2023 15:33:53.270;;
2317;-456,384;-2753,589;-329,969;0,000;0,000;0,000;0,000;RRR 1.5in;24,5;1015;46;'26.07.2023 15:33:53.280;;
2318;-456,893;-2753,576;-329,977;0,000;0,000;0,000;0,000;RRR 1.5in;24,5;1015;46;'26.07.2023 15:33:53.290;;
2319;-457,407;-2753,545;-329,978;0,000;0,000;0,000;0,000;RRR 1.5in;24,5;1015;46;'26.07.2023 15:33:53.300;;
2320;-457,910;-2753,500;-329,969;0,000;0,000;0,000;0,000;RRR 1.5in;24,5;1015;46;'26.07.2023 15:33:53.310;;
2321;-458,404;-2753,467;-329,970;0,000;0,000;0,000;0,000;RRR 1.5in;24,5;1015;46;'26.07.2023 15:33:53.320;;
2322;-458,899;-2753,451;-329,977;0,000;0,000;0,000;0,000;RRR 1.5in;24,5;1015;46;'26.07.2023 15:33:53.330;;
2323;-459,392;-2753,430;-329,979;0,000;0,000;0,000;0,000;RRR 1.5in;24,5;1015;46;'26.07.2023 15:33:53.340;;
2324;-459,892;-2753,395;-329,979;0,000;0,000;0,000;0,000;RRR 1.5in;24,5;1015;46;'26.07.2023 15:33:53.350;;
2325;-460,391;-2753,357;-329,986;0,000;0,000;0,000;0,000;RRR 1.5in;24,5;1015;46;'26.07.2023 15:33:53.360;;
2326;-460,887;-2753,304;-329,988;0,000;0,000;0,000;0,000;RRR 1.5in;24,5;1015;46;'26.07.2023 15:33:53.370;;
2327;-461,385;-2753,246;-329,975;0,000;0,000;0,000;0,000;RRR 1.5in;24,5;1015;46;'26.07.2023 15:33:53.380;;
2328;-461,879;-2753,219;-329,963;0,000;0,000;0,000;0,000;RRR 1.5in;24,5;1015;46;'26.07.2023 15:33:53.390;;
2329;-462,380;-2753,231;-329,970;0,000;0,000;0,000;0,000;RRR 1.5in;24,5;1015;46;'26.07.2023 15:33:53.400;;
2330;-462,888;-2753,238;-329,985;0,000;0,000;0,000;0,000;RRR 1.5in;24,5;1015;46;'26.07.2023 15:33:53.410;;
2331;-463,401;-2753,192;-329,984;0,000;0,000;0,000;0,000;RRR 1.5in;24,5;1015;46;'26.07.2023 15:33:53.420;;
2332;-463,914;-2753,119;-329,979;0,000;0,000;0,000;0,000;RRR 1.5in;24,5;1015;46;'26.07.2023 15:33:53.430;;
2333;-464,409;-2753,080;-329,985;0,000;0,000;0,000;0,000;RRR 1.5in;24,5;1015;46;'26.07.2023 15:33:53.440;;
2334;-464,887;-2753,082;-329,997;0,000;0,000;0,000;0,000;RRR 1.5in;24,5;1015;46;'26.07.2023 15:33:53.450;;
2335;-465,381;-2753,083;-330,006;0,000;0,000;0,000;0,000;RRR 1.5in;24,5;1015;46;'26.07.2023 15:33:53.460;;
2336;-465,873;-2753,059;-330,000;0,000;0,000;0,000;0,000;RRR 1.5in;24,5;1015;46;'26.07.2023 15:33:53.470;;
2337;-466,371;-2753,023;-329,991;0,000;0,000;0,000;0,000;RRR 1.5in;24,5;1015;46;'26.07.2023 15:33:53.480;;
2338;-466,862;-2752,997;-329,990;0,000;0,000;0,000;0,000;RRR 1.5in;24,5;1015;46;'26.07.2023 15:33:53.490;;
2339;-467,355;-2752,967;-329,988;0,000;0,000;0,000;0,000;RRR 1.5in;24,5;1015;46;'26.07.2023 15:33:53.500;;
2340;-467,860;-2752,928;-329,985;0,000;0,000;0,000;0,000;RRR 1.5in;24,5;1015;46;'26.07.2023 15:33:53.510;;
2341;-468,369;-2752,893;-329,981;0,000;0,000;0,000;0,000;RRR 1.5in;24,5;1015;46;'26.07.2023 15:33:53.520;;
2342;-468,875;-2752,869;-329,983;0,000;0,000;0,000;0,000;RRR 1.5in;24,5;1015;46;'26.07.2023 15:33:53.530;;
2343;-469,384;-2752,847;-329,989;0,000;0,000;0,000;0,000;RRR 1.5in;24,5;1015;46;'26.07.2023 15:33:53.540;;
2344;-469,883;-2752,822;-329,991;0,000;0,000;0,000;0,000;RRR 1.5in;24,5;1015;46;'26.07.2023 15:33:53.550;;
2345;-470,380;-2752,789;-329,991;0,000;0,000;0,000;0,000;RRR 1.5in;24,5;1015;46;'26.07.2023 15:33:53.560;;
2346;-470,874;-2752,755;-330,000;0,000;0,000;0,000;0,000;RRR 1.5in;24,5;1015;46;'26.07.2023 15:33:53.570;;
2347;-471,371;-2752,703;-330,005;0,000;0,000;0,000;0,000;RRR 1.5in;24,5;1015;46;'26.07.2023 15:33:53.580;;
2348;-471,875;-2752,637;-329,996;0,000;0,000;0,000;0,000;RRR 1.5in;24,5;1015;46;'26.07.2023 15:33:53.590;;
2349;-472,375;-2752,605;-329,987;0,000;0,000;0,000;0,000;RRR 1.5in;24,5;1015;46;'26.07.2023 15:33:53.600;;
2350;-472,875;-2752,614;-329,995;0,000;0,000;0,000;0,000;RRR 1.5in;24,5;1015;46;'26.07.2023 15:33:53.610;;
2351;-473,372;-2752,621;-330,007;0,000;0,000;0,000;0,000;RRR 1.5in;24,5;1015;46;'26.07.2023 15:33:53.620;;
2352;-473,872;-2752,577;-329,998;0,000;0,000;0,000;0,000;RRR 1.5in;24,5;1015;46;'26.07.2023 15:33:53.630;;
2353;-474,373;-2752,504;-329,986;0,000;0,000;0,000;0,000;RRR 1.5in;24,5;1015;46;'26.07.2023 15:33:53.640;;
2354;-474,880;-2752,458;-329,988;0,000;0,000;0,000;0,000;RRR 1.5in;24,5;1015;46;'26.07.2023 15:33:53.650;;
2355;-475,383;-2752,450;-330,001;0,000;0,000;0,000;0,000;RRR 1.5in;24,5;1015;46;'26.07.2023 15:33:53.660;;
2356;-475,889;-2752,447;-330,010;0,000;0,000;0,000;0,000;RRR 1.5in;24,5;1015;46;'26.07.2023 15:33:53.670;;
2357;-476,386;-2752,432;-330,008;0,000;0,000;0,000;0,000;RRR 1.5in;24,5;1015;46;'26.07.2023 15:33:53.680;;
2358;-476,878;-2752,409;-330,006;0,000;0,000;0,000;0,000;RRR 1.5in;24,5;1015;46;'26.07.2023 15:33:53.690;;
2359;-477,369;-2752,388;-330,012;0,000;0,000;0,000;0,000;RRR 1.5in;24,5;1015;46;'26.07.2023 15:33:53.700;;
2360;-477,862;-2752,357;-330,010;0,000;0,000;0,000;0,000;RRR 1.5in;24,5;1015;46;'26.07.2023 15:33:53.710;;
2361;-478,365;-2752,317;-330,005;0,000;0,000;0,000;0,000;RRR 1.5in;24,5;1015;46;'26.07.2023 15:33:53.720;;
2362;-478,867;-2752,285;-330,007;0,000;0,000;0,000;0,000;RRR 1.5in;24,5;1015;46;'26.07.2023 15:33:53.730;;
2363;-479,363;-2752,259;-330,009;0,000;0,000;0,000;0,000;RRR 1.5in;24,5;1015;46;'26.07.2023 15:33:53.740;;
2364;-479,862;-2752,222;-330,008;0,000;0,000;0,000;0,000;RRR 1.5in;24,5;1015;46;'26.07.2023 15:33:53.750;;
2365;-480,361;-2752,186;-330,001;0,000;0,000;0,000;0,000;RRR 1.5in;24,5;1015;46;'26.07.2023 15:33:53.760;;
2366;-480,854;-2752,166;-330,002;0,000;0,000;0,000;0,000;RRR 1.5in;24,5;1015;46;'26.07.2023 15:33:53.770;;
2367;-481,359;-2752,161;-330,018;0,000;0,000;0,000;0,000;RRR 1.5in;24,5;1015;46;'26.07.2023 15:33:53.780;;
2368;-481,866;-2752,125;-330,026;0,000;0,000;0,000;0,000;RRR 1.5in;24,5;1015;46;'26.07.2023 15:33:53.790;;
2369;-482,384;-2752,052;-330,013;0,000;0,000;0,000;0,000;RRR 1.5in;24,5;1015;46;'26.07.2023 15:33:53.800;;
2370;-482,889;-2752,007;-330,007;0,000;0,000;0,000;0,000;RRR 1.5in;24,5;1015;46;'26.07.2023 15:33:53.810;;
2371;-483,388;-2752,013;-330,013;0,000;0,000;0,000;0,000;RRR 1.5in;24,5;1015;46;'26.07.2023 15:33:53.820;;
2372;-483,885;-2752,022;-330,023;0,000;0,000;0,000;0,000;RRR 1.5in;24,5;1015;46;'26.07.2023 15:33:53.830;;
2373;-484,387;-2751,988;-330,019;0,000;0,000;0,000;0,000;RRR 1.5in;24,5;1015;46;'26.07.2023 15:33:53.840;;
2374;-484,884;-2751,923;-330,012;0,000;0,000;0,000;0,000;RRR 1.5in;24,5;1015;46;'26.07.2023 15:33:53.850;;
2375;-485,396;-2751,866;-330,016;0,000;0,000;0,000;0,000;RRR 1.5in;24,5;1015;46;'26.07.2023 15:33:53.860;;
2376;-485,889;-2751,830;-330,024;0,000;0,000;0,000;0,000;RRR 1.5in;24,5;1015;46;'26.07.2023 15:33:53.870;;
2377;-486,379;-2751,801;-330,020;0,000;0,000;0,000;0,000;RRR 1.5in;24,5;1015;46;'26.07.2023 15:33:53.880;;
2378;-486,865;-2751,789;-330,017;0,000;0,000;0,000;0,000;RRR 1.5in;24,5;1015;46;'26.07.2023 15:33:53.890;;
2379;-487,357;-2751,782;-330,017;0,000;0,000;0,000;0,000;RRR 1.5in;24,5;1015;46;'26.07.2023 15:33:53.900;;
2380;-487,865;-2751,764;-330,019;0,000;0,000;0,000;0,000;RRR 1.5in;24,5;1015;46;'26.07.2023 15:33:53.910;;
2381;-488,378;-2751,734;-330,017;0,000;0,000;0,000;0,000;RRR 1.5in;24,5;1015;46;'26.07.2023 15:33:53.920;;
2382;-488,881;-2751,704;-330,014;0,000;0,000;0,000;0,000;RRR 1.5in;24,5;1015;46;'26.07.2023 15:33:53.930;;
2383;-489,385;-2751,693;-330,025;0,000;0,000;0,000;0,000;RRR 1.5in;24,5;1015;46;'26.07.2023 15:33:53.940;;
2384;-489,890;-2751,678;-330,037;0,000;0,000;0,000;0,000;RRR 1.5in;24,5;1015;46;'26.07.2023 15:33:53.950;;
2385;-490,385;-2751,634;-330,035;0,000;0,000;0,000;0,000;RRR 1.5in;24,5;1015;46;'26.07.2023 15:33:53.960;;
2386;-490,890;-2751,589;-330,030;0,000;0,000;0,000;0,000;RRR 1.5in;24,5;1015;46;'26.07.2023 15:33:53.970;;
2387;-491,378;-2751,569;-330,033;0,000;0,000;0,000;0,000;RRR 1.5in;24,5;1015;46;'26.07.2023 15:33:53.980;;
2388;-491,866;-2751,555;-330,038;0,000;0,000;0,000;0,000;RRR 1.5in;24,5;1015;46;'26.07.2023 15:33:53.990;;
2389;-492,357;-2751,523;-330,042;0,000;0,000;0,000;0,000;RRR 1.5in;24,5;1015;46;'26.07.2023 15:33:54.000;;
2390;-492,852;-2751,462;-330,035;0,000;0,000;0,000;0,000;RRR 1.5in;24,5;1015;46;'26.07.2023 15:33:54.010;;
2391;-493,349;-2751,399;-330,027;0,000;0,000;0,000;0,000;RRR 1.5in;24,5;1015;46;'26.07.2023 15:33:54.020;;
2392;-493,848;-2751,370;-330,022;0,000;0,000;0,000;0,000;RRR 1.5in;24,5;1015;46;'26.07.2023 15:33:54.030;;
2393;-494,352;-2751,372;-330,024;0,000;0,000;0,000;0,000;RRR 1.5in;24,5;1015;46;'26.07.2023 15:33:54.040;;
2394;-494,877;-2751,376;-330,032;0,000;0,000;0,000;0,000;RRR 1.5in;24,5;1015;46;'26.07.2023 15:33:54.050;;
2395;-495,392;-2751,352;-330,035;0,000;0,000;0,000;0,000;RRR 1.5in;24,5;1015;46;'26.07.2023 15:33:54.060;;
2396;-495,902;-2751,294;-330,033;0,000;0,000;0,000;0,000;RRR 1.5in;24,5;1015;46;'26.07.2023 15:33:54.070;;
2397;-496,409;-2751,232;-330,033;0,000;0,000;0,000;0,000;RRR 1.5in;24,5;1015;46;'26.07.2023 15:33:54.080;;
2398;-496,904;-2751,184;-330,032;0,000;0,000;0,000;0,000;RRR 1.5in;24,5;1015;46;'26.07.2023 15:33:54.090;;
2399;-497,397;-2751,163;-330,035;0,000;0,000;0,000;0,000;RRR 1.5in;24,5;1015;46;'26.07.2023 15:33:54.100;;
2400;-497,888;-2751,160;-330,041;0,000;0,000;0,000;0,000;RRR 1.5in;24,5;1015;46;'26.07.2023 15:33:54.110;;
2401;-498,372;-2751,140;-330,036;0,000;0,000;0,000;0,000;RRR 1.5in;24,5;1015;46;'26.07.2023 15:33:54.120;;
2402;-498,861;-2751,106;-330,031;0,000;0,000;0,000;0,000;RRR 1.5in;24,5;1015;46;'26.07.2023 15:33:54.130;;
2403;-499,350;-2751,072;-330,031;0,000;0,000;0,000;0,000;RRR 1.5in;24,5;1015;46;'26.07.2023 15:33:54.140;;
2404;-499,837;-2751,037;-330,028;0,000;0,000;0,000;0,000;RRR 1.5in;24,5;1015;46;'26.07.2023 15:33:54.150;;
2405;-500,342;-2751,011;-330,031;0,000;0,000;0,000;0,000;RRR 1.5in;24,5;1015;46;'26.07.2023 15:33:54.160;;
2406;-500,863;-2750,988;-330,038;0,000;0,000;0,000;0,000;RRR 1.5in;24,5;1015;46;'26.07.2023 15:33:54.170;;
2407;-501,379;-2750,959;-330,041;0,000;0,000;0,000;0,000;RRR 1.5in;24,5;1015;46;'26.07.2023 15:33:54.180;;
2408;-501,891;-2750,935;-330,043;0,000;0,000;0,000;0,000;RRR 1.5in;24,5;1015;46;'26.07.2023 15:33:54.190;;
2409;-502,385;-2750,925;-330,044;0,000;0,000;0,000;0,000;RRR 1.5in;24,5;1015;46;'26.07.2023 15:33:54.200;;
2410;-502,878;-2750,917;-330,046;0,000;0,000;0,000;0,000;RRR 1.5in;24,5;1015;46;'26.07.2023 15:33:54.210;;
2411;-503,373;-2750,899;-330,052;0,000;0,000;0,000;0,000;RRR 1.5in;24,5;1015;46;'26.07.2023 15:33:54.220;;
2412;-503,860;-2750,846;-330,049;0,000;0,000;0,000;0,000;RRR 1.5in;24,5;1015;46;'26.07.2023 15:33:54.230;;
2413;-504,350;-2750,773;-330,036;0,000;0,000;0,000;0,000;RRR 1.5in;24,5;1015;46;'26.07.2023 15:33:54.240;;
2414;-504,836;-2750,727;-330,028;0,000;0,000;0,000;0,000;RRR 1.5in;24,5;1015;46;'26.07.2023 15:33:54.250;;
2415;-505,322;-2750,718;-330,032;0,000;0,000;0,000;0,000;RRR 1.5in;24,5;1015;46;'26.07.2023 15:33:54.260;;
2416;-505,812;-2750,719;-330,040;0,000;0,000;0,000;0,000;RRR 1.5in;24,5;1015;46;'26.07.2023 15:33:54.270;;
2417;-506,315;-2750,698;-330,036;0,000;0,000;0,000;0,000;RRR 1.5in;24,5;1015;46;'26.07.2023 15:33:54.280;;
2418;-506,826;-2750,659;-330,035;0,000;0,000;0,000;0,000;RRR 1.5in;24,5;1015;46;'26.07.2023 15:33:54.290;;
2419;-507,360;-2750,622;-330,047;0,000;0,000;0,000;0,000;RRR 1.5in;24,5;1015;46;'26.07.2023 15:33:54.300;;
2420;-507,878;-2750,582;-330,050;0,000;0,000;0,000;0,000;RRR 1.5in;24,5;1015;46;'26.07.2023 15:33:54.310;;
2421;-508,379;-2750,544;-330,038;0,000;0,000;0,000;0,000;RRR 1.5in;24,5;1015;46;'26.07.2023 15:33:54.320;;
2422;-508,867;-2750,531;-330,032;0,000;0,000;0,000;0,000;RRR 1.5in;24,5;1015;46;'26.07.2023 15:33:54.330;;
2423;-509,357;-2750,520;-330,033;0,000;0,000;0,000;0,000;RRR 1.5in;24,5;1015;46;'26.07.2023 15:33:54.340;;
2424;-509,853;-2750,488;-330,034;0,000;0,000;0,000;0,000;RRR 1.5in;24,5;1015;46;'26.07.2023 15:33:54.350;;
2425;-510,350;-2750,431;-330,030;0,000;0,000;0,000;0,000;RRR 1.5in;24,5;1015;46;'26.07.2023 15:33:54.360;;
2426;-510,830;-2750,377;-330,024;0,000;0,000;0,000;0,000;RRR 1.5in;24,5;1015;46;'26.07.2023 15:33:54.370;;
2427;-511,315;-2750,356;-330,038;0,000;0,000;0,000;0,000;RRR 1.5in;24,5;1015;46;'26.07.2023 15:33:54.380;;
2428;-511,818;-2750,340;-330,055;0,000;0,000;0,000;0,000;RRR 1.5in;24,5;1015;46;'26.07.2023 15:33:54.390;;
2429;-512,325;-2750,300;-330,049;0,000;0,000;0,000;0,000;RRR 1.5in;24,5;1015;46;'26.07.2023 15:33:54.400;;
2430;-512,839;-2750,273;-330,046;0,000;0,000;0,000;0,000;RRR 1.5in;24,5;1015;46;'26.07.2023 15:33:54.410;;
2431;-513,356;-2750,276;-330,053;0,000;0,000;0,000;0,000;RRR 1.5in;24,5;1015;46;'26.07.2023 15:33:54.420;;
2432;-513,853;-2750,281;-330,051;0,000;0,000;0,000;0,000;RRR 1.5in;24,5;1015;46;'26.07.2023 15:33:54.430;;
2433;-514,349;-2750,266;-330,047;0,000;0,000;0,000;0,000;RRR 1.5in;24,5;1015;46;'26.07.2023 15:33:54.440;;
2434;-514,833;-2750,226;-330,040;0,000;0,000;0,000;0,000;RRR 1.5in;24,5;1015;46;'26.07.2023 15:33:54.450;;
2435;-515,319;-2750,177;-330,036;0,000;0,000;0,000;0,000;RRR 1.5in;24,5;1015;46;'26.07.2023 15:33:54.460;;
2436;-515,814;-2750,135;-330,041;0,000;0,000;0,000;0,000;RRR 1.5in;24,5;1015;46;'26.07.2023 15:33:54.470;;
2437;-516,306;-2750,101;-330,037;0,000;0,000;0,000;0,000;RRR 1.5in;24,5;1015;46;'26.07.2023 15:33:54.480;;
2438;-516,798;-2750,089;-330,038;0,000;0,000;0,000;0,000;RRR 1.5in;24,5;1015;46;'26.07.2023 15:33:54.490;;
2439;-517,297;-2750,090;-330,051;0,000;0,000;0,000;0,000;RRR 1.5in;24,5;1015;46;'26.07.2023 15:33:54.500;;
2440;-517,787;-2750,063;-330,054;0,000;0,000;0,000;0,000;RRR 1.5in;24,5;1015;46;'26.07.2023 15:33:54.510;;
2441;-518,295;-2750,004;-330,049;0,000;0,000;0,000;0,000;RRR 1.5in;24,5;1015;46;'26.07.2023 15:33:54.520;;
2442;-518,819;-2749,941;-330,043;0,000;0,000;0,000;0,000;RRR 1.5in;24,5;1015;46;'26.07.2023 15:33:54.530;;
2443;-519,329;-2749,907;-330,036;0,000;0,000;0,000;0,000;RRR 1.5in;24,5;1015;46;'26.07.2023 15:33:54.540;;
2444;-519,840;-2749,910;-330,038;0,000;0,000;0,000;0,000;RRR 1.5in;24,5;1015;46;'26.07.2023 15:33:54.550;;
2445;-520,340;-2749,913;-330,038;0,000;0,000;0,000;0,000;RRR 1.5in;24,5;1015;46;'26.07.2023 15:33:54.560;;
2446;-520,826;-2749,881;-330,027;0,000;0,000;0,000;0,000;RRR 1.5in;24,5;1015;46;'26.07.2023 15:33:54.570;;
2447;-521,320;-2749,838;-330,027;0,000;0,000;0,000;0,000;RRR 1.5in;24,5;1015;46;'26.07.2023 15:33:54.580;;
2448;-521,815;-2749,787;-330,032;0,000;0,000;0,000;0,000;RRR 1.5in;24,5;1015;46;'26.07.2023 15:33:54.590;;
2449;-522,306;-2749,732;-330,028;0,000;0,000;0,000;0,000;RRR 1.5in;24,5;1015;46;'26.07.2023 15:33:54.600;;
2450;-522,806;-2749,700;-330,036;0,000;0,000;0,000;0,000;RRR 1.5in;24,5;1015;46;'26.07.2023 15:33:54.610;;
2451;-523,308;-2749,683;-330,053;0,000;0,000;0,000;0,000;RRR 1.5in;24,5;1015;46;'26.07.2023 15:33:54.620;;
2452;-523,804;-2749,653;-330,054;0,000;0,000;0,000;0,000;RRR 1.5in;24,5;1015;46;'26.07.2023 15:33:54.630;;
2453;-524,308;-2749,619;-330,046;0,000;0,000;0,000;0,000;RRR 1.5in;24,5;1015;46;'26.07.2023 15:33:54.640;;
2454;-524,815;-2749,606;-330,043;0,000;0,000;0,000;0,000;RRR 1.5in;24,5;1015;46;'26.07.2023 15:33:54.650;;
2455;-525,310;-2749,617;-330,045;0,000;0,000;0,000;0,000;RRR 1.5in;24,5;1015;46;'26.07.2023 15:33:54.660;;
2456;-525,814;-2749,623;-330,051;0,000;0,000;0,000;0,000;RRR 1.5in;24,5;1015;46;'26.07.2023 15:33:54.670;;
2457;-526,313;-2749,584;-330,046;0,000;0,000;0,000;0,000;RRR 1.5in;24,5;1015;46;'26.07.2023 15:33:54.680;;
2458;-526,814;-2749,519;-330,034;0,000;0,000;0,000;0,000;RRR 1.5in;24,5;1015;46;'26.07.2023 15:33:54.690;;
2459;-527,315;-2749,472;-330,038;0,000;0,000;0,000;0,000;RRR 1.5in;24,5;1015;46;'26.07.2023 15:33:54.700;;
2460;-527,798;-2749,451;-330,044;0,000;0,000;0,000;0,000;RRR 1.5in;24,5;1015;46;'26.07.2023 15:33:54.710;;
2461;-528,272;-2749,445;-330,048;0,000;0,000;0,000;0,000;RRR 1.5in;24,5;1015;46;'26.07.2023 15:33:54.720;;
2462;-528,768;-2749,440;-330,056;0,000;0,000;0,000;0,000;RRR 1.5in;24,5;1015;46;'26.07.2023 15:33:54.730;;
2463;-529,268;-2749,411;-330,062;0,000;0,000;0,000;0,000;RRR 1.5in;24,5;1015;46;'26.07.2023 15:33:54.740;;
2464;-529,775;-2749,364;-330,067;0,000;0,000;0,000;0,000;RRR 1.5in;24,5;1015;46;'26.07.2023 15:33:54.750;;
2465;-530,283;-2749,306;-330,064;0,000;0,000;0,000;0,000;RRR 1.5in;24,5;1015;46;'26.07.2023 15:33:54.760;;
2466;-530,780;-2749,254;-330,048;0,000;0,000;0,000;0,000;RRR 1.5in;24,5;1015;46;'26.07.2023 15:33:54.770;;
2467;-531,283;-2749,241;-330,038;0,000;0,000;0,000;0,000;RRR 1.5in;24,5;1015;46;'26.07.2023 15:33:54.780;;
2468;-531,795;-2749,259;-330,042;0,000;0,000;0,000;0,000;RRR 1.5in;24,5;1015;46;'26.07.2023 15:33:54.790;;
2469;-532,293;-2749,259;-330,045;0,000;0,000;0,000;0,000;RRR 1.5in;24,5;1015;46;'26.07.2023 15:33:54.800;;
2470;-532,802;-2749,214;-330,042;0,000;0,000;0,000;0,000;RRR 1.5in;24,5;1015;46;'26.07.2023 15:33:54.810;;
2471;-533,303;-2749,148;-330,035;0,000;0,000;0,000;0,000;RRR 1.5in;24,5;1015;46;'26.07.2023 15:33:54.820;;
2472;-533,790;-2749,098;-330,037;0,000;0,000;0,000;0,000;RRR 1.5in;24,5;1015;46;'26.07.2023 15:33:54.830;;
2473;-534,279;-2749,074;-330,055;0,000;0,000;0,000;0,000;RRR 1.5in;24,5;1015;46;'26.07.2023 15:33:54.840;;
2474;-534,778;-2749,038;-330,064;0,000;0,000;0,000;0,000;RRR 1.5in;24,5;1015;46;'26.07.2023 15:33:54.850;;
2475;-535,271;-2748,983;-330,051;0,000;0,000;0,000;0,000;RRR 1.5in;24,5;1015;46;'26.07.2023 15:33:54.860;;
2476;-535,771;-2748,952;-330,046;0,000;0,000;0,000;0,000;RRR 1.5in;24,5;1015;46;'26.07.2023 15:33:54.870;;
2477;-536,277;-2748,952;-330,054;0,000;0,000;0,000;0,000;RRR 1.5in;24,5;1015;46;'26.07.2023 15:33:54.880;;
2478;-536,772;-2748,945;-330,049;0,000;0,000;0,000;0,000;RRR 1.5in;24,5;1015;46;'26.07.2023 15:33:54.890;;
2479;-537,275;-2748,926;-330,042;0,000;0,000;0,000;0,000;RRR 1.5in;24,5;1015;46;'26.07.2023 15:33:54.900;;
2480;-537,778;-2748,902;-330,045;0,000;0,000;0,000;0,000;RRR 1.5in;24,5;1015;46;'26.07.2023 15:33:54.910;;
2481;-538,285;-2748,874;-330,054;0,000;0,000;0,000;0,000;RRR 1.5in;24,5;1015;46;'26.07.2023 15:33:54.920;;
2482;-538,800;-2748,836;-330,063;0,000;0,000;0,000;0,000;RRR 1.5in;24,5;1015;46;'26.07.2023 15:33:54.930;;
2483;-539,298;-2748,792;-330,059;0,000;0,000;0,000;0,000;RRR 1.5in;24,5;1015;46;'26.07.2023 15:33:54.940;;
2484;-539,772;-2748,773;-330,055;0,000;0,000;0,000;0,000;RRR 1.5in;24,5;1015;46;'26.07.2023 15:33:54.950;;
2485;-540,254;-2748,781;-330,062;0,000;0,000;0,000;0,000;RRR 1.5in;24,5;1015;46;'26.07.2023 15:33:54.960;;
2486;-540,744;-2748,771;-330,068;0,000;0,000;0,000;0,000;RRR 1.5in;24,5;1015;46;'26.07.2023 15:33:54.970;;
2487;-541,246;-2748,717;-330,059;0,000;0,000;0,000;0,000;RRR 1.5in;24,5;1015;46;'26.07.2023 15:33:54.980;;
2488;-541,756;-2748,654;-330,054;0,000;0,000;0,000;0,000;RRR 1.5in;24,5;1015;46;'26.07.2023 15:33:54.990;;
2489;-542,250;-2748,611;-330,053;0,000;0,000;0,000;0,000;RRR 1.5in;24,5;1015;46;'26.07.2023 15:33:55.000;;
2490;-542,737;-2748,590;-330,050;0,000;0,000;0,000;0,000;RRR 1.5in;24,5;1015;46;'26.07.2023 15:33:55.010;;
2491;-543,245;-2748,581;-330,052;0,000;0,000;0,000;0,000;RRR 1.5in;24,5;1015;46;'26.07.2023 15:33:55.020;;
2492;-543,760;-2748,567;-330,052;0,000;0,000;0,000;0,000;RRR 1.5in;24,5;1015;46;'26.07.2023 15:33:55.030;;
2493;-544,278;-2748,544;-330,052;0,000;0,000;0,000;0,000;RRR 1.5in;24,5;1015;46;'26.07.2023 15:33:55.040;;
2494;-544,793;-2748,514;-330,054;0,000;0,000;0,000;0,000;RRR 1.5in;24,5;1015;46;'26.07.2023 15:33:55.050;;
2495;-545,295;-2748,469;-330,052;0,000;0,000;0,000;0,000;RRR 1.5in;24,5;1015;46;'26.07.2023 15:33:55.060;;
2496;-545,784;-2748,423;-330,049;0,000;0,000;0,000;0,000;RRR 1.5in;24,5;1015;46;'26.07.2023 15:33:55.070;;
2497;-546,269;-2748,384;-330,054;0,000;0,000;0,000;0,000;RRR 1.5in;24,5;1015;46;'26.07.2023 15:33:55.080;;
2498;-546,755;-2748,339;-330,056;0,000;0,000;0,000;0,000;RRR 1.5in;24,5;1015;46;'26.07.2023 15:33:55.090;;
2499;-547,252;-2748,292;-330,051;0,000;0,000;0,000;0,000;RRR 1.5in;24,5;1015;46;'26.07.2023 15:33:55.100;;
2500;-547,764;-2748,259;-330,053;0,000;0,000;0,000;0,000;RRR 1.5in;24,5;1015;46;'26.07.2023 15:33:55.110;;
2501;-548,264;-2748,246;-330,055;0,000;0,000;0,000;0,000;RRR 1.5in;24,5;1015;46;'26.07.2023 15:33:55.120;;
2502;-548,749;-2748,242;-330,053;0,000;0,000;0,000;0,000;RRR 1.5in;24,5;1015;46;'26.07.2023 15:33:55.130;;
2503;-549,240;-2748,232;-330,053;0,000;0,000;0,000;0,000;RRR 1.5in;24,5;1015;46;'26.07.2023 15:33:55.140;;
2504;-549,748;-2748,204;-330,055;0,000;0,000;0,000;0,000;RRR 1.5in;24,5;1015;46;'26.07.2023 15:33:55.150;;
2505;-550,269;-2748,161;-330,058;0,000;0,000;0,000;0,000;RRR 1.5in;24,5;1015;46;'26.07.2023 15:33:55.160;;
2506;-550,782;-2748,121;-330,062;0,000;0,000;0,000;0,000;RRR 1.5in;24,5;1015;46;'26.07.2023 15:33:55.170;;
2507;-551,277;-2748,091;-330,059;0,000;0,000;0,000;0,000;RRR 1.5in;24,5;1015;46;'26.07.2023 15:33:55.180;;
2508;-551,755;-2748,085;-330,056;0,000;0,000;0,000;0,000;RRR 1.5in;24,5;1015;46;'26.07.2023 15:33:55.190;;
2509;-552,239;-2748,093;-330,063;0,000;0,000;0,000;0,000;RRR 1.5in;24,5;1015;46;'26.07.2023 15:33:55.200;;
2510;-552,719;-2748,076;-330,066;0,000;0,000;0,000;0,000;RRR 1.5in;24,5;1015;46;'26.07.2023 15:33:55.210;;
2511;-553,219;-2748,025;-330,062;0,000;0,000;0,000;0,000;RRR 1.5in;24,5;1015;46;'26.07.2023 15:33:55.220;;
2512;-553,728;-2747,966;-330,059;0,000;0,000;0,000;0,000;RRR 1.5in;24,5;1015;46;'26.07.2023 15:33:55.230;;
2513;-554,230;-2747,918;-330,059;0,000;0,000;0,000;0,000;RRR 1.5in;24,5;1015;46;'26.07.2023 15:33:55.240;;
2514;-554,724;-2747,896;-330,058;0,000;0,000;0,000;0,000;RRR 1.5in;24,5;1015;46;'26.07.2023 15:33:55.250;;
2515;-555,227;-2747,895;-330,059;0,000;0,000;0,000;0,000;RRR 1.5in;24,5;1015;46;'26.07.2023 15:33:55.260;;
2516;-555,731;-2747,889;-330,062;0,000;0,000;0,000;0,000;RRR 1.5in;24,5;1015;46;'26.07.2023 15:33:55.270;;
2517;-556,245;-2747,868;-330,066;0,000;0,000;0,000;0,000;RRR 1.5in;24,5;1015;46;'26.07.2023 15:33:55.280;;
2518;-556,759;-2747,833;-330,069;0,000;0,000;0,000;0,000;RRR 1.5in;24,5;1015;46;'26.07.2023 15:33:55.290;;
2519;-557,249;-2747,782;-330,064;0,000;0,000;0,000;0,000;RRR 1.5in;24,5;1015;46;'26.07.2023 15:33:55.300;;
2520;-557,735;-2747,739;-330,059;0,000;0,000;0,000;0,000;RRR 1.5in;24,5;1015;46;'26.07.2023 15:33:55.310;;
2521;-558,226;-2747,711;-330,064;0,000;0,000;0,000;0,000;RRR 1.5in;24,5;1015;46;'26.07.2023 15:33:55.320;;
2522;-558,719;-2747,676;-330,063;0,000;0,000;0,000;0,000;RRR 1.5in;24,5;1015;46;'26.07.2023 15:33:55.330;;
2523;-559,214;-2747,633;-330,052;0,000;0,000;0,000;0,000;RRR 1.5in;24,5;1015;46;'26.07.2023 15:33:55.340;;
2524;-559,722;-2747,602;-330,049;0,000;0,000;0,000;0,000;RRR 1.5in;24,5;1015;46;'26.07.2023 15:33:55.350;;
2525;-560,232;-2747,583;-330,053;0,000;0,000;0,000;0,000;RRR 1.5in;24,5;1015;46;'26.07.2023 15:33:55.360;;
2526;-560,725;-2747,565;-330,050;0,000;0,000;0,000;0,000;RRR 1.5in;24,5;1015;46;'26.07.2023 15:33:55.370;;
2527;-561,228;-2747,542;-330,048;0,000;0,000;0,000;0,000;RRR 1.5in;24,5;1015;46;'26.07.2023 15:33:55.380;;
2528;-561,733;-2747,519;-330,053;0,000;0,000;0,000;0,000;RRR 1.5in;24,5;1015;46;'26.07.2023 15:33:55.390;;
2529;-562,246;-2747,480;-330,057;0,000;0,000;0,000;0,000;RRR 1.5in;24,5;1015;46;'26.07.2023 15:33:55.400;;
2530;-562,757;-2747,431;-330,057;0,000;0,000;0,000;0,000;RRR 1.5in;24,5;1015;46;'26.07.2023 15:33:55.410;;
2531;-563,255;-2747,389;-330,048;0,000;0,000;0,000;0,000;RRR 1.5in;24,5;1015;46;'26.07.2023 15:33:55.420;;
2532;-563,733;-2747,377;-330,042;0,000;0,000;0,000;0,000;RRR 1.5in;24,5;1015;46;'26.07.2023 15:33:55.430;;
2533;-564,212;-2747,389;-330,050;0,000;0,000;0,000;0,000;RRR 1.5in;24,5;1015;46;'26.07.2023 15:33:55.440;;
2534;-564,702;-2747,380;-330,059;0,000;0,000;0,000;0,000;RRR 1.5in;24,5;1015;46;'26.07.2023 15:33:55.450;;
2535;-565,200;-2747,332;-330,057;0,000;0,000;0,000;0,000;RRR 1.5in;24,5;1015;46;'26.07.2023 15:33:55.460;;
2536;-565,706;-2747,271;-330,057;0,000;0,000;0,000;0,000;RRR 1.5in;24,5;1015;46;'26.07.2023 15:33:55.470;;
2537;-566,208;-2747,226;-330,064;0,000;0,000;0,000;0,000;RRR 1.5in;24,5;1015;46;'26.07.2023 15:33:55.480;;
2538;-566,706;-2747,204;-330,064;0,000;0,000;0,000;0,000;RRR 1.5in;24,5;1015;46;'26.07.2023 15:33:55.490;;
2539;-567,217;-2747,200;-330,065;0,000;0,000;0,000;0,000;RRR 1.5in;24,5;1015;46;'26.07.2023 15:33:55.500;;
2540;-567,724;-2747,203;-330,063;0,000;0,000;0,000;0,000;RRR 1.5in;24,5;1015;46;'26.07.2023 15:33:55.510;;
2541;-568,224;-2747,197;-330,057;0,000;0,000;0,000;0,000;RRR 1.5in;24,5;1015;46;'26.07.2023 15:33:55.520;;
2542;-568,730;-2747,179;-330,055;0,000;0,000;0,000;0,000;RRR 1.5in;24,5;1015;46;'26.07.2023 15:33:55.530;;
2543;-569,227;-2747,136;-330,050;0,000;0,000;0,000;0,000;RRR 1.5in;24,5;1015;46;'26.07.2023 15:33:55.540;;
2544;-569,715;-2747,085;-330,045;0,000;0,000;0,000;0,000;RRR 1.5in;24,5;1015;46;'26.07.2023 15:33:55.550;;
2545;-570,204;-2747,049;-330,048;0,000;0,000;0,000;0,000;RRR 1.5in;24,5;1015;46;'26.07.2023 15:33:55.560;;
2546;-570,695;-2747,018;-330,060;0,000;0,000;0,000;0,000;RRR 1.5in;24,5;1015;46;'26.07.2023 15:33:55.570;;
2547;-571,195;-2746,973;-330,064;0,000;0,000;0,000;0,000;RRR 1.5in;24,5;1015;46;'26.07.2023 15:33:55.580;;
2548;-571,705;-2746,924;-330,060;0,000;0,000;0,000;0,000;RRR 1.5in;24,5;1015;46;'26.07.2023 15:33:55.590;;
2549;-572,214;-2746,888;-330,061;0,000;0,000;0,000;0,000;RRR 1.5in;24,5;1015;46;'26.07.2023 15:33:55.600;;
2550;-572,709;-2746,869;-330,054;0,000;0,000;0,000;0,000;RRR 1.5in;24,5;1015;46;'26.07.2023 15:33:55.610;;
2551;-573,207;-2746,862;-330,044;0,000;0,000;0,000;0,000;RRR 1.5in;24,5;1015;46;'26.07.2023 15:33:55.620;;
2552;-573,717;-2746,852;-330,041;0,000;0,000;0,000;0,000;RRR 1.5in;24,5;1015;46;'26.07.2023 15:33:55.630;;
2553;-574,230;-2746,818;-330,038;0,000;0,000;0,000;0,000;RRR 1.5in;24,5;1015;46;'26.07.2023 15:33:55.640;;
2554;-574,737;-2746,768;-330,036;0,000;0,000;0,000;0,000;RRR 1.5in;24,5;1015;46;'26.07.2023 15:33:55.650;;
2555;-575,237;-2746,715;-330,035;0,000;0,000;0,000;0,000;RRR 1.5in;24,5;1015;46;'26.07.2023 15:33:55.660;;
2556;-575,727;-2746,675;-330,035;0,000;0,000;0,000;0,000;RRR 1.5in;24,5;1015;46;'26.07.2023 15:33:55.670;;
2557;-576,209;-2746,660;-330,036;0,000;0,000;0,000;0,000;RRR 1.5in;24,5;1015;46;'26.07.2023 15:33:55.680;;
2558;-576,697;-2746,665;-330,048;0,000;0,000;0,000;0,000;RRR 1.5in;24,5;1015;46;'26.07.2023 15:33:55.690;;
2559;-577,197;-2746,648;-330,057;0,000;0,000;0,000;0,000;RRR 1.5in;24,5;1015;46;'26.07.2023 15:33:55.700;;
2560;-577,701;-2746,596;-330,051;0,000;0,000;0,000;0,000;RRR 1.5in;24,5;1015;46;'26.07.2023 15:33:55.710;;
2561;-578,214;-2746,545;-330,049;0,000;0,000;0,000;0,000;RRR 1.5in;24,5;1015;46;'26.07.2023 15:33:55.720;;
2562;-578,726;-2746,513;-330,052;0,000;0,000;0,000;0,000;RRR 1.5in;24,5;1015;46;'26.07.2023 15:33:55.730;;
2563;-579,234;-2746,493;-330,047;0,000;0,000;0,000;0,000;RRR 1.5in;24,5;1015;46;'26.07.2023 15:33:55.740;;
2564;-579,737;-2746,488;-330,040;0,000;0,000;0,000;0,000;RRR 1.5in;24,5;1015;46;'26.07.2023 15:33:55.750;;
2565;-580,241;-2746,497;-330,041;0,000;0,000;0,000;0,000;RRR 1.5in;24,5;1015;46;'26.07.2023 15:33:55.760;;
2566;-580,742;-2746,495;-330,047;0,000;0,000;0,000;0,000;RRR 1.5in;24,5;1015;46;'26.07.2023 15:33:55.770;;
2567;-581,251;-2746,462;-330,050;0,000;0,000;0,000;0,000;RRR 1.5in;24,5;1015;46;'26.07.2023 15:33:55.780;;
2568;-581,745;-2746,407;-330,051;0,000;0,000;0,000;0,000;RRR 1.5in;24,5;1015;46;'26.07.2023 15:33:55.790;;
2569;-582,225;-2746,351;-330,047;0,000;0,000;0,000;0,000;RRR 1.5in;24,5;1015;46;'26.07.2023 15:33:55.800;;
2570;-582,699;-2746,321;-330,047;0,000;0,000;0,000;0,000;RRR 1.5in;24,5;1015;46;'26.07.2023 15:33:55.810;;
2571;-583,194;-2746,307;-330,055;0,000;0,000;0,000;0,000;RRR 1.5in;24,5;1015;46;'26.07.2023 15:33:55.820;;
2572;-583,709;-2746,279;-330,055;0,000;0,000;0,000;0,000;RRR 1.5in;24,5;1015;46;'26.07.2023 15:33:55.830;;
2573;-584,222;-2746,241;-330,043;0,000;0,000;0,000;0,000;RRR 1.5in;24,5;1015;46;'26.07.2023 15:33:55.840;;
2574;-584,733;-2746,219;-330,044;0,000;0,000;0,000;0,000;RRR 1.5in;24,5;1015;46;'26.07.2023 15:33:55.850;;
2575;-585,236;-2746,207;-330,045;0,000;0,000;0,000;0,000;RRR 1.5in;24,5;1015;46;'26.07.2023 15:33:55.860;;
2576;-585,738;-2746,187;-330,038;0,000;0,000;0,000;0,000;RRR 1.5in;24,5;1015;46;'26.07.2023 15:33:55.870;;
2577;-586,248;-2746,166;-330,037;0,000;0,000;0,000;0,000;RRR 1.5in;24,5;1015;46;'26.07.2023 15:33:55.880;;
2578;-586,755;-2746,144;-330,042;0,000;0,000;0,000;0,000;RRR 1.5in;24,5;1015;46;'26.07.2023 15:33:55.890;;
2579;-587,263;-2746,105;-330,045;0,000;0,000;0,000;0,000;RRR 1.5in;24,5;1015;46;'26.07.2023 15:33:55.900;;
2580;-587,766;-2746,047;-330,043;0,000;0,000;0,000;0,000;RRR 1.5in;24,5;1015;46;'26.07.2023 15:33:55.910;;
2581;-588,254;-2745,990;-330,036;0,000;0,000;0,000;0,000;RRR 1.5in;24,5;1015;46;'26.07.2023 15:33:55.920;;
2582;-588,724;-2745,961;-330,027;0,000;0,000;0,000;0,000;RRR 1.5in;24,5;1015;46;'26.07.2023 15:33:55.930;;
2583;-589,202;-2745,966;-330,031;0,000;0,000;0,000;0,000;RRR 1.5in;24,5;1015;46;'26.07.2023 15:33:55.940;;
2584;-589,703;-2745,964;-330,040;0,000;0,000;0,000;0,000;RRR 1.5in;24,5;1015;46;'26.07.2023 15:33:55.950;;
2585;-590,213;-2745,923;-330,037;0,000;0,000;0,000;0,000;RRR 1.5in;24,5;1015;46;'26.07.2023 15:33:55.960;;
2586;-590,731;-2745,867;-330,032;0,000;0,000;0,000;0,000;RRR 1.5in;24,5;1015;46;'26.07.2023 15:33:55.970;;
2587;-591,244;-2745,824;-330,037;0,000;0,000;0,000;0,000;RRR 1.5in;24,5;1015;46;'26.07.2023 15:33:55.980;;
2588;-591,754;-2745,793;-330,037;0,000;0,000;0,000;0,000;RRR 1.5in;24,5;1015;46;'26.07.2023 15:33:55.990;;
2589;-592,259;-2745,778;-330,031;0,000;0,000;0,000;0,000;RRR 1.5in;24,5;1015;46;'26.07.2023 15:33:56.000;;
2590;-592,768;-2745,783;-330,030;0,000;0,000;0,000;0,000;RRR 1.5in;24,5;1015;46;'26.07.2023 15:33:56.010;;
2591;-593,267;-2745,791;-330,034;0,000;0,000;0,000;0,000;RRR 1.5in;24,5;1015;46;'26.07.2023 15:33:56.020;;
2592;-593,759;-2745,773;-330,035;0,000;0,000;0,000;0,000;RRR 1.5in;24,5;1015;46;'26.07.2023 15:33:56.030;;
2593;-594,245;-2745,725;-330,030;0,000;0,000;0,000;0,000;RRR 1.5in;24,5;1015;46;'26.07.2023 15:33:56.040;;
2594;-594,724;-2745,670;-330,022;0,000;0,000;0,000;0,000;RRR 1.5in;24,5;1015;46;'26.07.2023 15:33:56.050;;
2595;-595,202;-2745,636;-330,018;0,000;0,000;0,000;0,000;RRR 1.5in;24,5;1015;46;'26.07.2023 15:33:56.060;;
2596;-595,692;-2745,628;-330,017;0,000;0,000;0,000;0,000;RRR 1.5in;24,5;1015;46;'26.07.2023 15:33:56.070;;
2597;-596,194;-2745,626;-330,020;0,000;0,000;0,000;0,000;RRR 1.5in;24,5;1015;46;'26.07.2023 15:33:56.080;;
2598;-596,706;-2745,602;-330,008;0,000;0,000;0,000;0,000;RRR 1.5in;24,5;1015;46;'26.07.2023 15:33:56.090;;
2599;-597,219;-2745,562;-329,985;0,000;0,000;0,000;0,000;RRR 1.5in;24,5;1015;46;'26.07.2023 15:33:56.100;;
2600;-597,733;-2745,530;-329,962;0,000;0,000;0,000;0,000;RRR 1.5in;24,5;1015;46;'26.07.2023 15:33:56.110;;
2601;-598,237;-2745,514;-329,939;0,000;0,000;0,000;0,000;RRR 1.5in;24,5;1015;46;'26.07.2023 15:33:56.120;;
2602;-598,736;-2745,508;-329,906;0,000;0,000;0,000;0,000;RRR 1.5in;24,5;1015;46;'26.07.2023 15:33:56.130;;
2603;-599,224;-2745,500;-329,876;0,000;0,000;0,000;0,000;RRR 1.5in;24,5;1015;46;'26.07.2023 15:33:56.140;;
2604;-599,704;-2745,470;-329,843;0,000;0,000;0,000;0,000;RRR 1.5in;24,5;1015;46;'26.07.2023 15:33:56.150;;
2605;-600,185;-2745,407;-329,799;0,000;0,000;0,000;0,000;RRR 1.5in;24,5;1015;46;'26.07.2023 15:33:56.160;;
2606;-600,664;-2745,336;-329,747;0,000;0,000;0,000;0,000;RRR 1.5in;24,5;1015;46;'26.07.2023 15:33:56.170;;
2607;-601,137;-2745,287;-329,695;0,000;0,000;0,000;0,000;RRR 1.5in;24,5;1015;46;'26.07.2023 15:33:56.180;;
2608;-601,606;-2745,267;-329,632;0,000;0,000;0,000;0,000;RRR 1.5in;24,5;1015;46;'26.07.2023 15:33:56.190;;
2609;-602,084;-2745,265;-329,551;0,000;0,000;0,000;0,000;RRR 1.5in;24,5;1015;46;'26.07.2023 15:33:56.200;;
2610;-602,582;-2745,283;-329,475;0,000;0,000;0,000;0,000;RRR 1.5in;24,5;1015;46;'26.07.2023 15:33:56.210;;
2611;-603,090;-2745,290;-329,397;0,000;0,000;0,000;0,000;RRR 1.5in;24,5;1015;46;'26.07.2023 15:33:56.220;;
2612;-603,582;-2745,262;-329,292;0,000;0,000;0,000;0,000;RRR 1.5in;24,5;1015;46;'26.07.2023 15:33:56.230;;
2613;-604,058;-2745,233;-329,184;0,000;0,000;0,000;0,000;RRR 1.5in;24,5;1015;46;'26.07.2023 15:33:56.240;;
2614;-604,538;-2745,232;-329,087;0,000;0,000;0,000;0,000;RRR 1.5in;24,5;1015;46;'26.07.2023 15:33:56.250;;
2615;-605,001;-2745,238;-328,975;0,000;0,000;0,000;0,000;RRR 1.5in;24,5;1015;46;'26.07.2023 15:33:56.260;;
2616;-605,454;-2745,251;-328,846;0,000;0,000;0,000;0,000;RRR 1.5in;24,5;1015;46;'26.07.2023 15:33:56.270;;
2617;-605,914;-2745,286;-328,731;0,000;0,000;0,000;0,000;RRR 1.5in;24,5;1015;46;'26.07.2023 15:33:56.280;;
2618;-606,377;-2745,294;-328,611;0,000;0,000;0,000;0,000;RRR 1.5in;24,5;1015;46;'26.07.2023 15:33:56.290;;
2619;-606,832;-2745,246;-328,466;0,000;0,000;0,000;0,000;RRR 1.5in;24,5;1015;46;'26.07.2023 15:33:56.300;;
2620;-607,301;-2745,182;-328,312;0,000;0,000;0,000;0,000;RRR 1.5in;24,5;1015;46;'26.07.2023 15:33:56.310;;
2621;-607,767;-2745,138;-328,161;0,000;0,000;0,000;0,000;RRR 1.5in;24,5;1015;46;'26.07.2023 15:33:56.320;;
2622;-608,242;-2745,112;-328,007;0,000;0,000;0,000;0,000;RRR 1.5in;24,5;1015;46;'26.07.2023 15:33:56.330;;
2623;-608,738;-2745,094;-327,839;0,000;0,000;0,000;0,000;RRR 1.5in;24,5;1015;46;'26.07.2023 15:33:56.340;;
2624;-609,233;-2745,084;-327,665;0,000;0,000;0,000;0,000;RRR 1.5in;24,5;1015;46;'26.07.2023 15:33:56.350;;
2625;-609,710;-2745,090;-327,505;0,000;0,000;0,000;0,000;RRR 1.5in;24,5;1015;46;'26.07.2023 15:33:56.360;;
2626;-610,188;-2745,072;-327,354;0,000;0,000;0,000;0,000;RRR 1.5in;24,5;1015;46;'26.07.2023 15:33:56.370;;
2627;-610,648;-2744,995;-327,182;0,000;0,000;0,000;0,000;RRR 1.5in;24,5;1015;46;'26.07.2023 15:33:56.380;;
2628;-611,110;-2744,902;-326,998;0,000;0,000;0,000;0,000;RRR 1.5in;24,5;1015;46;'26.07.2023 15:33:56.390;;
2629;-611,574;-2744,872;-326,844;0,000;0,000;0,000;0,000;RRR 1.5in;24,5;1015;46;'26.07.2023 15:33:56.400;;
2630;-612,032;-2744,883;-326,698;0,000;0,000;0,000;0,000;RRR 1.5in;24,5;1015;46;'26.07.2023 15:33:56.410;;
2631;-612,491;-2744,875;-326,526;0,000;0,000;0,000;0,000;RRR 1.5in;24,5;1015;46;'26.07.2023 15:33:56.420;;
2632;-612,943;-2744,847;-326,334;0,000;0,000;0,000;0,000;RRR 1.5in;24,5;1015;46;'26.07.2023 15:33:56.430;;
2633;-613,401;-2744,837;-326,162;0,000;0,000;0,000;0,000;RRR 1.5in;24,5;1015;46;'26.07.2023 15:33:56.440;;
2634;-613,876;-2744,837;-326,007;0,000;0,000;0,000;0,000;RRR 1.5in;24,5;1015;46;'26.07.2023 15:33:56.450;;
2635;-614,366;-2744,799;-325,836;0,000;0,000;0,000;0,000;RRR 1.5in;24,5;1015;46;'26.07.2023 15:33:56.460;;
2636;-614,856;-2744,730;-325,652;0,000;0,000;0,000;0,000;RRR 1.5in;24,5;1015;46;'26.07.2023 15:33:56.470;;
2637;-615,342;-2744,690;-325,486;0,000;0,000;0,000;0,000;RRR 1.5in;24,5;1015;46;'26.07.2023 15:33:56.480;;
2638;-615,823;-2744,682;-325,336;0,000;0,000;0,000;0,000;RRR 1.5in;24,5;1015;46;'26.07.2023 15:33:56.490;;
2639;-616,288;-2744,658;-325,171;0,000;0,000;0,000;0,000;RRR 1.5in;24,5;1015;46;'26.07.2023 15:33:56.500;;
2640;-616,738;-2744,614;-324,988;0,000;0,000;0,000;0,000;RRR 1.5in;24,5;1015;46;'26.07.2023 15:33:56.510;;
2641;-617,195;-2744,590;-324,811;0,000;0,000;0,000;0,000;RRR 1.5in;24,5;1015;46;'26.07.2023 15:33:56.520;;
2642;-617,652;-2744,588;-324,655;0,000;0,000;0,000;0,000;RRR 1.5in;24,5;1015;46;'26.07.2023 15:33:56.530;;
2643;-618,128;-2744,555;-324,492;0,000;0,000;0,000;0,000;RRR 1.5in;24,5;1015;46;'26.07.2023 15:33:56.540;;
2644;-618,600;-2744,469;-324,305;0,000;0,000;0,000;0,000;RRR 1.5in;24,5;1015;46;'26.07.2023 15:33:56.550;;
2645;-619,064;-2744,391;-324,116;0,000;0,000;0,000;0,000;RRR 1.5in;24,5;1015;46;'26.07.2023 15:33:56.560;;
2646;-619,528;-2744,372;-323,951;0,000;0,000;0,000;0,000;RRR 1.5in;24,5;1015;46;'26.07.2023 15:33:56.570;;
2647;-620,001;-2744,384;-323,797;0,000;0,000;0,000;0,000;RRR 1.5in;24,5;1015;46;'26.07.2023 15:33:56.580;;
2648;-620,488;-2744,370;-323,625;0,000;0,000;0,000;0,000;RRR 1.5in;24,5;1015;46;'26.07.2023 15:33:56.590;;
2649;-620,962;-2744,347;-323,444;0,000;0,000;0,000;0,000;RRR 1.5in;24,5;1015;46;'26.07.2023 15:33:56.600;;
2650;-621,432;-2744,355;-323,287;0,000;0,000;0,000;0,000;RRR 1.5in;24,5;1015;46;'26.07.2023 15:33:56.610;;
2651;-621,901;-2744,361;-323,141;0,000;0,000;0,000;0,000;RRR 1.5in;24,5;1015;46;'26.07.2023 15:33:56.620;;
2652;-622,359;-2744,306;-322,971;0,000;0,000;0,000;0,000;RRR 1.5in;24,5;1015;46;'26.07.2023 15:33:56.630;;
2653;-622,815;-2744,219;-322,781;0,000;0,000;0,000;0,000;RRR 1.5in;24,5;1015;46;'26.07.2023 15:33:56.640;;
2654;-623,264;-2744,173;-322,603;0,000;0,000;0,000;0,000;RRR 1.5in;24,5;1015;46;'26.07.2023 15:33:56.650;;
2655;-623,727;-2744,174;-322,442;0,000;0,000;0,000;0,000;RRR 1.5in;24,5;1015;46;'26.07.2023 15:33:56.660;;
2656;-624,205;-2744,158;-322,266;0,000;0,000;0,000;0,000;RRR 1.5in;24,5;1015;46;'26.07.2023 15:33:56.670;;
2657;-624,680;-2744,116;-322,073;0,000;0,000;0,000;0,000;RRR 1.5in;24,5;1015;46;'26.07.2023 15:33:56.680;;
2658;-625,154;-2744,089;-321,892;0,000;0,000;0,000;0,000;RRR 1.5in;24,5;1015;46;'26.07.2023 15:33:56.690;;
2659;-625,624;-2744,085;-321,733;0,000;0,000;0,000;0,000;RRR 1.5in;24,5;1015;46;'26.07.2023 15:33:56.700;;
2660;-626,112;-2744,061;-321,579;0,000;0,000;0,000;0,000;RRR 1.5in;24,5;1015;46;'26.07.2023 15:33:56.710;;
2661;-626,601;-2743,991;-321,408;0,000;0,000;0,000;0,000;RRR 1.5in;24,5;1015;46;'26.07.2023 15:33:56.720;;
2662;-627,074;-2743,918;-321,236;0,000;0,000;0,000;0,000;RRR 1.5in;24,5;1015;46;'26.07.2023 15:33:56.730;;
2663;-627,544;-2743,892;-321,082;0,000;0,000;0,000;0,000;RRR 1.5in;24,5;1015;46;'26.07.2023 15:33:56.740;;
2664;-628,008;-2743,890;-320,924;0,000;0,000;0,000;0,000;RRR 1.5in;24,5;1015;46;'26.07.2023 15:33:56.750;;
2665;-628,466;-2743,876;-320,746;0,000;0,000;0,000;0,000;RRR 1.5in;24,5;1015;46;'26.07.2023 15:33:56.760;;
2666;-628,913;-2743,859;-320,555;0,000;0,000;0,000;0,000;RRR 1.5in;24,5;1015;46;'26.07.2023 15:33:56.770;;
2667;-629,359;-2743,862;-320,376;0,000;0,000;0,000;0,000;RRR 1.5in;24,5;1015;46;'26.07.2023 15:33:56.780;;
2668;-629,836;-2743,863;-320,209;0,000;0,000;0,000;0,000;RRR 1.5in;24,5;1015;46;'26.07.2023 15:33:56.790;;
2669;-630,324;-2743,828;-320,039;0,000;0,000;0,000;0,000;RRR 1.5in;24,5;1015;46;'26.07.2023 15:33:56.800;;
2670;-630,813;-2743,763;-319,861;0,000;0,000;0,000;0,000;RRR 1.5in;24,5;1015;46;'26.07.2023 15:33:56.810;;
2671;-631,282;-2743,708;-319,692;0,000;0,000;0,000;0,000;RRR 1.5in;24,5;1015;46;'26.07.2023 15:33:56.820;;
2672;-631,750;-2743,680;-319,534;0,000;0,000;0,000;0,000;RRR 1.5in;24,5;1015;46;'26.07.2023 15:33:56.830;;
2673;-632,233;-2743,659;-319,377;0,000;0,000;0,000;0,000;RRR 1.5in;24,5;1015;46;'26.07.2023 15:33:56.840;;
2674;-632,714;-2743,629;-319,206;0,000;0,000;0,000;0,000;RRR 1.5in;24,5;1015;46;'26.07.2023 15:33:56.850;;
2675;-633,179;-2743,605;-319,032;0,000;0,000;0,000;0,000;RRR 1.5in;24,5;1015;46;'26.07.2023 15:33:56.860;;
2676;-633,634;-2743,589;-318,860;0,000;0,000;0,000;0,000;RRR 1.5in;24,5;1015;46;'26.07.2023 15:33:56.870;;
2677;-634,088;-2743,567;-318,687;0,000;0,000;0,000;0,000;RRR 1.5in;24,5;1015;46;'26.07.2023 15:33:56.880;;
2678;-634,559;-2743,520;-318,512;0,000;0,000;0,000;0,000;RRR 1.5in;24,5;1015;46;'26.07.2023 15:33:56.890;;
2679;-635,018;-2743,462;-318,331;0,000;0,000;0,000;0,000;RRR 1.5in;24,5;1015;46;'26.07.2023 15:33:56.900;;
2680;-635,482;-2743,425;-318,156;0,000;0,000;0,000;0,000;RRR 1.5in;24,5;1015;46;'26.07.2023 15:33:56.910;;
2681;-635,959;-2743,421;-317,993;0,000;0,000;0,000;0,000;RRR 1.5in;24,5;1015;46;'26.07.2023 15:33:56.920;;
2682;-636,449;-2743,421;-317,835;0,000;0,000;0,000;0,000;RRR 1.5in;24,5;1015;46;'26.07.2023 15:33:56.930;;
2683;-636,931;-2743,408;-317,674;0,000;0,000;0,000;0,000;RRR 1.5in;24,5;1015;46;'26.07.2023 15:33:56.940;;
2684;-637,383;-2743,378;-317,501;0,000;0,000;0,000;0,000;RRR 1.5in;24,5;1015;46;'26.07.2023 15:33:56.950;;
2685;-637,832;-2743,350;-317,327;0,000;0,000;0,000;0,000;RRR 1.5in;24,5;1015;46;'26.07.2023 15:33:56.960;;
2686;-638,304;-2743,333;-317,163;0,000;0,000;0,000;0,000;RRR 1.5in;24,5;1015;46;'26.07.2023 15:33:56.970;;
2687;-638,791;-2743,310;-317,000;0,000;0,000;0,000;0,000;RRR 1.5in;24,5;1015;46;'26.07.2023 15:33:56.980;;
2688;-639,265;-2743,265;-316,821;0,000;0,000;0,000;0,000;RRR 1.5in;24,5;1015;46;'26.07.2023 15:33:56.990;;
2689;-639,727;-2743,218;-316,633;0,000;0,000;0,000;0,000;RRR 1.5in;24,5;1015;46;'26.07.2023 15:33:57.000;;
2690;-640,188;-2743,190;-316,456;0,000;0,000;0,000;0,000;RRR 1.5in;24,5;1015;46;'26.07.2023 15:33:57.010;;
2691;-640,662;-2743,169;-316,294;0,000;0,000;0,000;0,000;RRR 1.5in;24,5;1015;46;'26.07.2023 15:33:57.020;;
2692;-641,130;-2743,132;-316,123;0,000;0,000;0,000;0,000;RRR 1.5in;24,5;1015;46;'26.07.2023 15:33:57.030;;
2693;-641,605;-2743,090;-315,947;0,000;0,000;0,000;0,000;RRR 1.5in;24,5;1015;46;'26.07.2023 15:33:57.040;;
2694;-642,084;-2743,072;-315,782;0,000;0,000;0,000;0,000;RRR 1.5in;24,5;1015;46;'26.07.2023 15:33:57.050;;
2695;-642,569;-2743,074;-315,630;0,000;0,000;0,000;0,000;RRR 1.5in;24,5;1015;46;'26.07.2023 15:33:57.060;;
2696;-643,033;-2743,059;-315,472;0,000;0,000;0,000;0,000;RRR 1.5in;24,5;1015;46;'26.07.2023 15:33:57.070;;
2697;-643,486;-2743,004;-315,300;0,000;0,000;0,000;0,000;RRR 1.5in;24,5;1015;46;'26.07.2023 15:33:57.080;;
2698;-643,946;-2742,935;-315,120;0,000;0,000;0,000;0,000;RRR 1.5in;24,5;1015;46;'26.07.2023 15:33:57.090;;
2699;-644,415;-2742,895;-314,943;0,000;0,000;0,000;0,000;RRR 1.5in;24,5;1015;46;'26.07.2023 15:33:57.100;;
2700;-644,901;-2742,900;-314,779;0,000;0,000;0,000;0,000;RRR 1.5in;24,5;1015;46;'26.07.2023 15:33:57.110;;
2701;-645,377;-2742,910;-314,610;0,000;0,000;0,000;0,000;RRR 1.5in;24,5;1015;46;'26.07.2023 15:33:57.120;;
2702;-645,835;-2742,889;-314,430;0,000;0,000;0,000;0,000;RRR 1.5in;24,5;1015;46;'26.07.2023 15:33:57.130;;
2703;-646,299;-2742,852;-314,247;0,000;0,000;0,000;0,000;RRR 1.5in;24,5;1015;46;'26.07.2023 15:33:57.140;;
2704;-646,768;-2742,826;-314,082;0,000;0,000;0,000;0,000;RRR 1.5in;24,5;1015;46;'26.07.2023 15:33:57.150;;
2705;-647,246;-2742,802;-313,928;0,000;0,000;0,000;0,000;RRR 1.5in;24,5;1015;46;'26.07.2023 15:33:57.160;;
2706;-647,719;-2742,753;-313,764;0,000;0,000;0,000;0,000;RRR 1.5in;24,5;1015;46;'26.07.2023 15:33:57.170;;
2707;-648,190;-2742,686;-313,591;0,000;0,000;0,000;0,000;RRR 1.5in;24,5;1015;46;'26.07.2023 15:33:57.180;;
2708;-648,668;-2742,638;-313,426;0,000;0,000;0,000;0,000;RRR 1.5in;24,5;1015;46;'26.07.2023 15:33:57.190;;
2709;-649,133;-2742,615;-313,264;0,000;0,000;0,000;0,000;RRR 1.5in;24,5;1015;46;'26.07.2023 15:33:57.200;;
2710;-649,595;-2742,596;-313,095;0,000;0,000;0,000;0,000;RRR 1.5in;24,5;1015;46;'26.07.2023 15:33:57.210;;
2711;-650,057;-2742,574;-312,916;0,000;0,000;0,000;0,000;RRR 1.5in;24,5;1015;46;'26.07.2023 15:33:57.220;;
2712;-650,531;-2742,560;-312,737;0,000;0,000;0,000;0,000;RRR 1.5in;24,5;1015;46;'26.07.2023 15:33:57.230;;
2713;-651,010;-2742,568;-312,567;0,000;0,000;0,000;0,000;RRR 1.5in;24,5;1015;46;'26.07.2023 15:33:57.240;;
2714;-651,481;-2742,576;-312,400;0,000;0,000;0,000;0,000;RRR 1.5in;24,5;1015;46;'26.07.2023 15:33:57.250;;
2715;-651,942;-2742,556;-312,233;0,000;0,000;0,000;0,000;RRR 1.5in;24,5;1015;46;'26.07.2023 15:33:57.260;;
2716;-652,412;-2742,500;-312,062;0,000;0,000;0,000;0,000;RRR 1.5in;24,5;1015;46;'26.07.2023 15:33:57.270;;
2717;-652,882;-2742,435;-311,892;0,000;0,000;0,000;0,000;RRR 1.5in;24,5;1015;46;'26.07.2023 15:33:57.280;;
2718;-653,357;-2742,391;-311,729;0,000;0,000;0,000;0,000;RRR 1.5in;24,5;1015;46;'26.07.2023 15:33:57.290;;
2719;-653,828;-2742,374;-311,569;0,000;0,000;0,000;0,000;RRR 1.5in;24,5;1015;46;'26.07.2023 15:33:57.300;;
2720;-654,299;-2742,361;-311,405;0,000;0,000;0,000;0,000;RRR 1.5in;24,5;1015;46;'26.07.2023 15:33:57.310;;
2721;-654,769;-2742,330;-311,229;0,000;0,000;0,000;0,000;RRR 1.5in;24,5;1015;46;'26.07.2023 15:33:57.320;;
2722;-655,241;-2742,293;-311,048;0,000;0,000;0,000;0,000;RRR 1.5in;24,5;1015;46;'26.07.2023 15:33:57.330;;
2723;-655,715;-2742,271;-310,877;0,000;0,000;0,000;0,000;RRR 1.5in;24,5;1015;46;'26.07.2023 15:33:57.340;;
2724;-656,190;-2742,251;-310,716;0,000;0,000;0,000;0,000;RRR 1.5in;24,5;1015;46;'26.07.2023 15:33:57.350;;
2725;-656,660;-2742,205;-310,546;0,000;0,000;0,000;0,000;RRR 1.5in;24,5;1015;46;'26.07.2023 15:33:57.360;;
2726;-657,128;-2742,147;-310,363;0,000;0,000;0,000;0,000;RRR 1.5in;24,5;1015;46;'26.07.2023 15:33:57.370;;
2727;-657,591;-2742,128;-310,194;0,000;0,000;0,000;0,000;RRR 1.5in;24,5;1015;46;'26.07.2023 15:33:57.380;;
2728;-658,061;-2742,139;-310,040;0,000;0,000;0,000;0,000;RRR 1.5in;24,5;1015;46;'26.07.2023 15:33:57.390;;
2729;-658,517;-2742,135;-309,878;0,000;0,000;0,000;0,000;RRR 1.5in;24,5;1015;46;'26.07.2023 15:33:57.400;;
2730;-658,968;-2742,095;-309,698;0,000;0,000;0,000;0,000;RRR 1.5in;24,5;1015;46;'26.07.2023 15:33:57.410;;
2731;-659,410;-2742,057;-309,524;0,000;0,000;0,000;0,000;RRR 1.5in;24,5;1015;46;'26.07.2023 15:33:57.420;;
2732;-659,834;-2742,040;-309,363;0,000;0,000;0,000;0,000;RRR 1.5in;24,5;1015;46;'26.07.2023 15:33:57.430;;
2733;-660,249;-2742,030;-309,201;0,000;0,000;0,000;0,000;RRR 1.5in;24,5;1015;46;'26.07.2023 15:33:57.440;;
2734;-660,638;-2742,007;-309,027;0,000;0,000;0,000;0,000;RRR 1.5in;24,5;1015;46;'26.07.2023 15:33:57.450;;
2735;-660,999;-2741,980;-308,863;0,000;0,000;0,000;0,000;RRR 1.5in;24,5;1015;46;'26.07.2023 15:33:57.460;;
2736;-661,341;-2741,949;-308,712;0,000;0,000;0,000;0,000;RRR 1.5in;24,5;1015;46;'26.07.2023 15:33:57.470;;
2737;-661,656;-2741,904;-308,554;0,000;0,000;0,000;0,000;RRR 1.5in;24,5;1015;46;'26.07.2023 15:33:57.480;;
2738;-661,943;-2741,860;-308,394;0,000;0,000;0,000;0,000;RRR 1.5in;24,5;1015;46;'26.07.2023 15:33:57.490;;
2739;-662,179;-2741,850;-308,241;0,000;0,000;0,000;0,000;RRR 1.5in;24,5;1015;46;'26.07.2023 15:33:57.500;;
2740;-662,370;-2741,862;-308,098;0,000;0,000;0,000;0,000;RRR 1.5in;24,5;1015;46;'26.07.2023 15:33:57.510;;
