0,1,2,3,4,5,6
2023-07-26 15:44:34.305133,5272056.0,5272506.0,16.60519490559896,16.609194946289062,18.568460896809896,18.5724609375
2023-07-26 15:44:34.308127,5272057.0,5272507.0,16.609542928059895,16.61354296875,18.572808919270834,18.576809000651043
2023-07-26 15:44:34.312114,5272058.0,5272508.0,16.613890950520833,16.61789099121094,18.57715694173177,18.581156982421874
2023-07-26 15:44:34.316096,5272059.0,5272509.0,16.61823897298177,16.622239013671877,18.581504638671873,18.585504720052082
2023-07-26 15:44:34.321083,5272060.0,5272510.0,16.622586791992187,16.62658679199219,18.58585270182292,18.58985274251302
2023-07-26 15:44:34.325070,5272061.0,5272511.0,16.62693469238281,16.63093477376302,18.590200724283854,18.594200764973955
2023-07-26 15:44:34.329057,5272062.0,5272512.0,16.631282714843753,16.635282796223958,18.594548746744792,18.598548787434897
2023-07-26 15:44:34.334040,5272063.0,5272513.0,16.63563077799479,16.639630818684896,18.59889676920573,18.602896809895835
2023-07-26 15:44:34.338027,5272064.0,5272514.0,16.63997880045573,16.643978841145834,18.603244791666665,18.607244873046874
2023-07-26 15:44:34.343010,5272065.0,5272515.0,16.644326822916668,16.648326863606773,18.607592814127607,18.611592895507812
2023-07-26 15:44:34.346997,5272066.0,5272516.0,16.648674845377602,16.652674886067707,18.61194087727865,18.61594091796875
2023-07-26 15:44:34.350979,5272067.0,5272517.0,16.65302286783854,16.65702294921875,18.616288899739583,18.620288940429685
2023-07-26 15:44:34.356010,5272068.0,5272518.0,16.65737089029948,16.661370971679688,18.62063692220052,18.624636962890627
2023-07-26 15:44:34.360000,5272069.0,5272519.0,16.66171895345052,16.665718994140622,18.624984944661456,18.628984985351565
2023-07-26 15:44:34.363982,5272070.0,5272520.0,16.66606697591146,16.670067016601564,18.629332763671876,18.633332763671877
2023-07-26 15:44:34.368971,5272071.0,5272521.0,16.670414916992186,16.674414916992188,18.6336806640625,18.637680745442708
2023-07-26 15:44:34.372957,5272072.0,5272522.0,16.6747626953125,16.678762736002604,18.638028686523437,18.642028767903646
2023-07-26 15:44:34.376947,5272073.0,5272523.0,16.679110717773437,16.683110758463542,18.64237674967448,18.64637679036458
2023-07-26 15:44:34.381936,5272074.0,5272524.0,16.683458740234375,16.687458821614584,18.646724772135418,18.650724812825523
2023-07-26 15:44:34.385922,5272075.0,5272525.0,16.687806762695313,16.69180684407552,18.65108321126302,18.655083251953126
2023-07-26 15:44:34.389904,5272076.0,5272526.0,16.692154825846355,16.696154866536457,18.65542081705729,18.659420857747396
2023-07-26 15:44:34.394919,5272077.0,5272527.0,16.696502848307293,16.7005028889974,18.65976883951823,18.663768920898438
2023-07-26 15:44:34.398901,5272078.0,5272528.0,16.700850870768228,16.704850911458333,18.664116861979167,18.668116943359376
2023-07-26 15:44:34.403889,5272079.0,5272529.0,16.705198893229166,16.70919893391927,18.66846492513021,18.67246496582031
2023-07-26 15:44:34.407875,5272080.0,5272530.0,16.7095469156901,16.713546997070313,18.672812947591147,18.67681298828125
2023-07-26 15:44:34.411858,5272081.0,5272531.0,16.713894938151043,16.717895019531248,18.677160888671875,18.681160888671876
2023-07-26 15:44:34.416850,5272082.0,5272532.0,16.718243001302085,16.722243041992186,18.681508666992187,18.685508707682292
2023-07-26 15:44:34.420832,5272083.0,5272533.0,16.722590698242186,16.726590738932295,18.685856689453125,18.68985673014323
2023-07-26 15:44:34.424814,5272084.0,5272534.0,16.726938720703124,16.73093876139323,18.69020471191406,18.694204793294272
2023-07-26 15:44:34.429802,5272085.0,5272535.0,16.731286743164063,16.735286783854168,18.694552734375,18.698552815755207
2023-07-26 15:44:34.433789,5272086.0,5272536.0,16.735634765624997,16.739634806315106,18.698900797526044,18.702900838216145
2023-07-26 15:44:34.437771,5272087.0,5272537.0,16.73998278808594,16.743982869466144,18.703248819986978,18.707248860677083
2023-07-26 15:44:34.442759,5272088.0,5272538.0,16.744330810546877,16.748330891927083,18.707596842447916,18.71159688313802
2023-07-26 15:44:34.446745,5272089.0,5272539.0,16.748678873697916,16.75267891438802,18.711944864908855,18.71594490559896
2023-07-26 15:44:34.451724,5272090.0,5272540.0,16.753026896158854,16.75702693684896,18.71629288736979,18.72029296875
2023-07-26 15:44:34.455715,5272091.0,5272541.0,16.757385335286457,16.761385375976563,18.720640909830728,18.724640991210936
2023-07-26 15:44:34.459697,5272092.0,5272542.0,16.761722941080727,16.765722981770832,18.724988972981773,18.728989013671875
2023-07-26 15:44:34.464685,5272093.0,5272543.0,16.766070963541665,16.770071044921874,18.729336669921874,18.733336710611976
2023-07-26 15:44:34.468672,5272094.0,5272544.0,16.77041882324219,16.774418823242186,18.733684692382813,18.737684733072918
2023-07-26 15:44:34.472654,5272095.0,5272545.0,16.77476668294271,16.778766764322917,18.73803271484375,18.742032755533856
2023-07-26 15:44:34.477651,5272096.0,5272546.0,16.77911474609375,16.783114786783855,18.742380737304686,18.74638077799479
2023-07-26 15:44:34.481637,5272097.0,5272547.0,16.78346276855469,16.787462809244794,18.746728759765627,18.750728841145833
2023-07-26 15:44:34.486616,5272098.0,5272548.0,16.787810791015623,16.791810831705728,18.751076782226562,18.75507686360677
2023-07-26 15:44:34.490607,5272099.0,5272549.0,16.79215881347656,16.796158854166666,18.755424845377604,18.759424886067706
2023-07-26 15:44:34.495111,5272100.0,5272550.0,16.796506835937503,16.80050691731771,18.759772867838542,18.763772908528647
2023-07-26 15:44:34.499094,5272101.0,5272551.0,16.800854858398438,16.804854939778643,18.764120890299477,18.768120930989586
2023-07-26 15:44:34.503076,5272102.0,5272552.0,16.80520292154948,16.809202962239585,18.768468912760415,18.77246895345052
2023-07-26 15:44:34.508064,5272103.0,5272553.0,16.809550944010418,16.813550984700523,18.772816935221353,18.776817016601562
2023-07-26 15:44:34.512051,5272104.0,5272554.0,16.813898966471353,16.817899007161458,18.777164794921877,18.781164794921875
2023-07-26 15:44:34.517030,5272105.0,5272555.0,16.818246948242187,16.82224694824219,18.781512654622396,18.7855127360026
2023-07-26 15:44:34.521021,5272106.0,5272556.0,16.822594685872396,16.8265947265625,18.78586071777344,18.789860758463544
2023-07-26 15:44:34.525003,5272107.0,5272557.0,16.826942708333334,16.83094278971354,18.790208740234373,18.79420878092448
2023-07-26 15:44:34.529991,5272108.0,5272558.0,16.831290730794272,16.835290812174478,18.79455676269531,18.798556803385416
2023-07-26 15:44:34.533978,5272109.0,5272559.0,16.835638793945314,16.83963883463542,18.79890478515625,18.802904825846355
2023-07-26 15:44:34.537960,5272110.0,5272560.0,16.83998681640625,16.843986857096354,18.803252807617184,18.807252888997397
2023-07-26 15:44:34.542950,5272111.0,5272561.0,16.844334838867187,16.848334879557292,18.807600830078126,18.81160091145833
2023-07-26 15:44:34.546934,5272112.0,5272562.0,16.848682861328122,16.85268290201823,18.811948893229168,18.81594893391927
2023-07-26 15:44:34.550916,5272113.0,5272563.0,16.853030883789064,16.85703096516927,18.816296915690103,18.82029695638021
2023-07-26 15:44:34.555903,5272114.0,5272564.0,16.857378906250002,16.861378987630207,18.82064493815104,18.824644978841146
2023-07-26 15:44:34.559891,5272115.0,5272565.0,16.86172696940104,16.86572701009115,18.824992919921872,18.828992919921873
2023-07-26 15:44:34.564872,5272116.0,5272566.0,16.86607499186198,16.870075032552084,18.829340657552084,18.833340698242186
2023-07-26 15:44:34.568860,5272117.0,5272567.0,16.870422729492187,16.87442272949219,18.833688680013022,18.837688761393228
2023-07-26 15:44:34.572843,5272118.0,5272568.0,16.874781127929687,16.878781168619792,18.83803670247396,18.842036783854166
2023-07-26 15:44:34.577836,5272119.0,5272569.0,16.87911873372396,16.88311877441406,18.842384765625,18.846384806315104
2023-07-26 15:44:34.581826,5272120.0,5272570.0,16.883466756184898,16.887466837565103,18.846732788085937,18.850732828776042
2023-07-26 15:44:34.585808,5272121.0,5272571.0,16.887814778645833,16.891814860026045,18.851080810546875,18.85508085123698
2023-07-26 15:44:34.590796,5272122.0,5272572.0,16.892162841796875,16.89616288248698,18.85542883300781,18.859428873697915
2023-07-26 15:44:34.594294,5272123.0,5272573.0,16.896510864257813,16.900510904947918,18.85977685546875,18.863776936848957
2023-07-26 15:44:34.599282,5272124.0,5272574.0,16.900858886718748,16.904858927408853,18.864135294596355,18.86813537597656
2023-07-26 15:44:34.603269,5272125.0,5272575.0,16.905206909179686,16.90920694986979,18.86847294108073,18.872472981770834
2023-07-26 15:44:34.608252,5272126.0,5272576.0,16.909554931640628,16.913555013020833,18.872820963541667,18.876821004231772
2023-07-26 15:44:34.612238,5272127.0,5272577.0,16.913902954101562,16.91790303548177,18.877168701171875,18.881168701171877
2023-07-26 15:44:34.616220,5272128.0,5272578.0,16.91825085449219,16.922250854492187,18.881516682942706,18.88551672363281
2023-07-26 15:44:34.621208,5272129.0,5272579.0,16.92259871419271,16.926598754882814,18.885864705403648,18.88986474609375
2023-07-26 15:44:34.625195,5272130.0,5272580.0,16.926946736653644,16.93094677734375,18.890212727864583,18.89421280924479
2023-07-26 15:44:34.629177,5272131.0,5272581.0,16.931294759114582,16.935294799804687,18.89456075032552,18.898560831705726
2023-07-26 15:44:34.634165,5272132.0,5272582.0,16.935642781575524,16.939642822265625,18.898908813476563,18.902908854166668
2023-07-26 15:44:34.638151,5272133.0,5272583.0,16.93999080403646,16.943990885416664,18.9032568359375,18.907256876627606
2023-07-26 15:44:34.642134,5272134.0,5272584.0,16.944338826497397,16.948338907877606,18.907604858398436,18.91160489908854
2023-07-26 15:44:34.647121,5272135.0,5272585.0,16.94868688964844,16.952686930338544,18.911952880859374,18.91595292154948
2023-07-26 15:44:34.651109,5272136.0,5272586.0,16.953034912109374,16.95703495279948,18.916300903320312,18.92030098470052
2023-07-26 15:44:34.655091,5272137.0,5272587.0,16.95738293457031,16.961382975260417,18.92064892578125,18.924649007161456
2023-07-26 15:44:34.660078,5272138.0,5272588.0,16.96173095703125,16.965730997721355,18.924996826171874,18.928996826171876
2023-07-26 15:44:34.664065,5272139.0,5272589.0,16.96607897949219,16.970078979492186,18.929344685872394,18.933344726562503
2023-07-26 15:44:34.669044,5272140.0,5272590.0,16.970426676432293,16.9744267578125,18.933692708333332,18.937692749023437
2023-07-26 15:44:34.673035,5272141.0,5272591.0,16.974774698893228,16.97877478027344,18.93804073079427,18.942040771484375
2023-07-26 15:44:34.677017,5272142.0,5272592.0,16.97912276204427,16.983122802734375,18.942388753255205,18.946388793945314
2023-07-26 15:44:34.682006,5272143.0,5272593.0,16.983470784505208,16.987470825195313,18.946736775716147,18.950736857096352
2023-07-26 15:44:34.685993,5272144.0,5272594.0,16.987818806966143,16.99181884765625,18.951084798177085,18.95508487955729
2023-07-26 15:44:34.689975,5272145.0,5272595.0,16.992166829427084,16.996166870117186,18.955432861328124,18.959432902018232
2023-07-26 15:44:34.694469,5272146.0,5272596.0,16.996514851888023,17.000514933268228,18.959780883789062,18.963780924479167
2023-07-26 15:44:34.699459,5272147.0,5272597.0,17.000862874348957,17.00486295572917,18.96412890625,18.968128946940105
2023-07-26 15:44:34.703444,5272148.0,5272598.0,17.0052109375,17.009210978190104,18.96847692871094,18.97247696940104
2023-07-26 15:44:34.707426,5272149.0,5272599.0,17.009558959960938,17.013559000651043,18.972824951171877,18.976824951171874
2023-07-26 15:44:34.712414,5272150.0,5272600.0,17.013906982421872,17.01790702311198,18.97717264811198,18.981172729492187
2023-07-26 15:44:34.716400,5272151.0,5272601.0,17.018254760742185,17.022254760742186,18.981520670572916,18.985531168619794
2023-07-26 15:44:34.720382,5272152.0,5272602.0,17.02260270182292,17.02660274251302,18.985868733723958,18.989868774414063
2023-07-26 15:44:34.725370,5272153.0,5272603.0,17.026950724283854,17.030950805664066,18.990216756184896,18.994216796875
2023-07-26 15:44:34.729357,5272154.0,5272604.0,17.031298746744792,17.035298828125,18.99456477864583,18.998564819335936
2023-07-26 15:44:34.734336,5272155.0,5272605.0,17.035646809895834,17.03964685058594,18.99891280110677,19.002912841796874
2023-07-26 15:44:34.738327,5272156.0,5272606.0,17.03999483235677,17.043994873046874,19.00326082356771,19.007260904947916
2023-07-26 15:44:34.742309,5272157.0,5272607.0,17.04434285481771,17.048342895507812,19.007608846028646,19.011608927408854
2023-07-26 15:44:34.747292,5272158.0,5272608.0,17.04869087727865,17.05269091796875,19.011956909179688,19.015956949869793
2023-07-26 15:44:34.751278,5272159.0,5272609.0,17.053038899739583,17.057038981119792,19.016304931640626,19.02030497233073
2023-07-26 15:44:34.755266,5272160.0,5272610.0,17.05738692220052,17.06138700358073,19.02065295410156,19.024652994791666
2023-07-26 15:44:34.760249,5272161.0,5272611.0,17.061734985351563,17.06573502604167,19.025000732421873,19.029000732421874
2023-07-26 15:44:34.764317,5272162.0,5272612.0,17.066082885742187,17.07008288574219,19.029348673502604,19.03334871419271
2023-07-26 15:44:34.768310,5272163.0,5272613.0,17.070430704752603,17.074430745442708,19.033696695963542,19.037696777343747
2023-07-26 15:44:34.773298,5272164.0,5272614.0,17.074778727213545,17.078778767903646,19.03804471842448,19.04204479980469
2023-07-26 15:44:34.777290,5272165.0,5272615.0,17.07912674967448,17.08312679036458,19.042392781575522,19.046392822265627
2023-07-26 15:44:34.781281,5272166.0,5272616.0,17.083474772135418,17.087474853515626,19.046740804036457,19.050740844726562
2023-07-26 15:44:34.786268,5272167.0,5272617.0,17.08783321126302,17.09183329264323,19.051088826497395,19.0550888671875
2023-07-26 15:44:34.790255,5272168.0,5272618.0,17.092170857747394,17.0961708984375,19.055436848958333,19.05943688964844
2023-07-26 15:44:34.794745,5272169.0,5272619.0,17.096518880208333,17.100518920898438,19.05978487141927,19.063784952799477
2023-07-26 15:44:34.798732,5272170.0,5272620.0,17.10086690266927,17.104866943359376,19.06413289388021,19.068132975260415
2023-07-26 15:44:34.803719,5272171.0,5272621.0,17.10521492513021,17.10921496582031,19.068480957031248,19.072480997721357
2023-07-26 15:44:34.807706,5272172.0,5272622.0,17.109562947591147,17.113563028971353,19.072828857421875,19.076828857421877
2023-07-26 15:44:34.811694,5272173.0,5272623.0,17.113910970052082,17.11791101074219,19.07717667643229,19.081176717122396
2023-07-26 15:44:34.816676,5272174.0,5272624.0,17.118258666992187,17.122258748372396,19.081524698893226,19.085524739583335
2023-07-26 15:44:34.820658,5272175.0,5272625.0,17.12260673014323,17.126606770833334,19.085872721354168,19.08987276204427
2023-07-26 15:44:34.824645,5272176.0,5272626.0,17.126954752604163,17.130954793294272,19.090220743815106,19.09422082519531
2023-07-26 15:44:34.829633,5272177.0,5272627.0,17.131302775065105,17.135302815755207,19.09456876627604,19.098568847656253
2023-07-26 15:44:34.833620,5272178.0,5272628.0,17.135650797526043,17.139650838216145,19.098916829427083,19.102916870117188
2023-07-26 15:44:34.838603,5272179.0,5272629.0,17.139998819986978,17.14399890136719,19.10326485188802,19.107264892578126
2023-07-26 15:44:34.842590,5272180.0,5272630.0,17.144346842447916,17.148346923828125,19.10761287434896,19.11161291503906
2023-07-26 15:44:34.846572,5272181.0,5272631.0,17.14869490559896,17.152694946289063,19.111960896809897,19.1159609375
2023-07-26 15:44:34.851559,5272182.0,5272632.0,17.153042928059893,17.15704296875,19.116308919270836,19.120308959960937
2023-07-26 15:44:34.855546,5272183.0,5272633.0,17.15739095052083,17.161390991210936,19.12065694173177,19.124656982421875
2023-07-26 15:44:34.859528,5272184.0,5272634.0,17.161738972981773,17.165739013671875,19.125004638671875,19.129004720052084
2023-07-26 15:44:34.864516,5272185.0,5272635.0,17.16608679199219,17.17008679199219,19.129352701822917,19.133352742513022
2023-07-26 15:44:34.868498,5272186.0,5272636.0,17.170434692382813,17.17443477376302,19.13370072428385,19.137700764973957
2023-07-26 15:44:34.873481,5272187.0,5272637.0,17.17478271484375,17.17878279622396,19.138048746744794,19.142048787434895
2023-07-26 15:44:34.877473,5272188.0,5272638.0,17.17913077799479,17.183130818684898,19.14239676920573,19.146396809895833
2023-07-26 15:44:34.881463,5272189.0,5272639.0,17.18347880045573,17.187478841145833,19.146744791666666,19.150744873046875
2023-07-26 15:44:34.886451,5272190.0,5272640.0,17.18782682291667,17.19182686360677,19.151092814127605,19.155092895507813
2023-07-26 15:44:34.890438,5272191.0,5272641.0,17.192174845377604,17.196174886067706,19.155440877278647,19.15944091796875
2023-07-26 15:44:34.894932,5272192.0,5272642.0,17.196522867838542,17.20052294921875,19.15978889973958,19.163788940429686
2023-07-26 15:44:34.898919,5272193.0,5272643.0,17.200870890299477,17.20487097167969,19.16413692220052,19.168136962890625
2023-07-26 15:44:34.903897,5272194.0,5272644.0,17.20521895345052,17.209218994140624,19.168484944661458,19.172484985351563
2023-07-26 15:44:34.907889,5272195.0,5272645.0,17.209566975911457,17.213567016601562,19.172832763671877,19.176832763671875
2023-07-26 15:44:34.911871,5272196.0,5272646.0,17.213914916992188,17.217914916992186,19.1771806640625,19.18118074544271
2023-07-26 15:44:34.916859,5272197.0,5272647.0,17.2182626953125,17.2222627360026,19.181528686523436,19.185528767903648
2023-07-26 15:44:34.920845,5272198.0,5272648.0,17.22261071777344,17.226610758463544,19.185876749674478,19.189876790364583
2023-07-26 15:44:34.924827,5272199.0,5272649.0,17.226958740234373,17.230958821614585,19.190224772135416,19.19422481282552
2023-07-26 15:44:34.929815,5272200.0,5272650.0,17.23130676269531,17.23530684407552,19.194583211263023,19.198583251953124
2023-07-26 15:44:34.933802,5272201.0,5272651.0,17.235654825846353,17.23965486653646,19.198920817057292,19.202920857747394
2023-07-26 15:44:34.937784,5272202.0,5272652.0,17.24000284830729,17.244002888997397,19.20326883951823,19.207268920898436
2023-07-26 15:44:34.942772,5272203.0,5272653.0,17.24435087076823,17.24835091145833,19.207616861979165,19.211616943359378
2023-07-26 15:44:34.946758,5272204.0,5272654.0,17.248698893229168,17.25269893391927,19.211964925130207,19.215964965820312
2023-07-26 15:44:34.951738,5272205.0,5272655.0,17.253046915690103,17.257046997070315,19.216312947591145,19.22031298828125
2023-07-26 15:44:34.955728,5272206.0,5272656.0,17.25739493815104,17.26139501953125,19.220660888671873,19.224660888671874
2023-07-26 15:44:34.959711,5272207.0,5272657.0,17.261743001302083,17.265743041992188,19.22500866699219,19.22900870768229
2023-07-26 15:44:34.964698,5272208.0,5272658.0,17.266090698242184,17.270090738932293,19.229356689453127,19.23335673014323
2023-07-26 15:44:34.968685,5272209.0,5272659.0,17.270438720703126,17.274438761393228,19.23370471191406,19.237704793294274
2023-07-26 15:44:34.972672,5272210.0,5272660.0,17.274786743164064,17.278786783854166,19.238052734375,19.24205281575521
2023-07-26 15:44:34.977655,5272211.0,5272661.0,17.279134765625,17.283134806315104,19.24240079752604,19.246400838216147
2023-07-26 15:44:34.981645,5272212.0,5272662.0,17.283482788085937,17.287482869466146,19.24674881998698,19.25074886067708
2023-07-26 15:44:34.985632,5272213.0,5272663.0,17.287830810546875,17.291830891927084,19.251096842447918,19.25509688313802
2023-07-26 15:44:34.990621,5272214.0,5272664.0,17.292178873697914,17.296178914388022,19.255444864908856,19.259444905598958
2023-07-26 15:44:34.995122,5272215.0,5272665.0,17.296526896158856,17.300526936848957,19.25979288736979,19.263792968750003
2023-07-26 15:44:34.999109,5272216.0,5272666.0,17.30088533528646,17.30488537597656,19.26414090983073,19.268140991210938
2023-07-26 15:44:35.003090,5272217.0,5272667.0,17.30522294108073,17.309222981770834,19.26848897298177,19.272489013671876
2023-07-26 15:44:35.008078,5272218.0,5272668.0,17.309570963541667,17.313571044921876,19.272836669921872,19.276836710611978
2023-07-26 15:44:35.012065,5272219.0,5272669.0,17.313918823242187,17.317918823242188,19.277184692382814,19.281184733072916
2023-07-26 15:44:35.016047,5272220.0,5272670.0,17.318266682942706,17.32226676432292,19.281532714843753,19.285532755533854
2023-07-26 15:44:35.021035,5272221.0,5272671.0,17.322614746093752,17.326614786783853,19.285880737304687,19.28988077799479
2023-07-26 15:44:35.025021,5272222.0,5272672.0,17.32696276855469,17.33096280924479,19.290228759765625,19.294228841145834
2023-07-26 15:44:35.030005,5272223.0,5272673.0,17.331310791015625,17.335310831705726,19.29457678222656,19.298576863606772
2023-07-26 15:44:35.033991,5272224.0,5272674.0,17.335658813476563,17.339658854166668,19.298924845377602,19.302924886067707
2023-07-26 15:44:35.037974,5272225.0,5272675.0,17.3400068359375,17.34400691731771,19.30327286783854,19.307272908528645
2023-07-26 15:44:35.042961,5272226.0,5272676.0,17.344354858398436,17.348354939778645,19.30762089029948,19.311620930989584
2023-07-26 15:44:35.046948,5272227.0,5272677.0,17.348702921549478,17.352702962239583,19.311968912760417,19.31596895345052
2023-07-26 15:44:35.050930,5272228.0,5272678.0,17.35305094401042,17.35705098470052,19.316316935221355,19.320317016601564
2023-07-26 15:44:35.055918,5272229.0,5272679.0,17.357398966471354,17.361399007161456,19.320664794921875,19.324664794921876
2023-07-26 15:44:35.059905,5272230.0,5272680.0,17.36174694824219,17.36574694824219,19.325012654622395,19.329012736002603
2023-07-26 15:44:35.063887,5272231.0,5272681.0,17.366094685872394,17.370094726562503,19.329360717773437,19.33336075846354
2023-07-26 15:44:35.068874,5272232.0,5272682.0,17.370442708333332,17.37444278971354,19.333708740234375,19.33770878092448
2023-07-26 15:44:35.072861,5272233.0,5272683.0,17.37479073079427,17.37879081217448,19.338056762695313,19.342056803385415
2023-07-26 15:44:35.077839,5272234.0,5272684.0,17.379138793945312,17.383138834635417,19.34240478515625,19.346404825846353
2023-07-26 15:44:35.081832,5272235.0,5272685.0,17.38348681640625,17.387486857096352,19.346752807617186,19.3507528889974
2023-07-26 15:44:35.085814,5272236.0,5272686.0,17.38783483886719,17.39183487955729,19.351100830078124,19.355100911458333
2023-07-26 15:44:35.090806,5272237.0,5272687.0,17.392182861328124,17.396182902018232,19.355448893229166,19.35944893391927
2023-07-26 15:44:35.095296,5272238.0,5272688.0,17.39653088378906,17.40053096516927,19.3597969156901,19.36379695638021
2023-07-26 15:44:35.099283,5272239.0,5272689.0,17.40087890625,17.40487898763021,19.364144938151043,19.368144978841144
2023-07-26 15:44:35.103270,5272240.0,5272690.0,17.405226969401042,17.409227010091147,19.368492919921874,19.372492919921875
2023-07-26 15:44:35.108253,5272241.0,5272691.0,17.40957499186198,17.41357503255208,19.372840657552082,19.376840698242187
2023-07-26 15:44:35.112240,5272242.0,5272692.0,17.41392272949219,17.417922729492187,19.37718868001302,19.38118876139323
2023-07-26 15:44:35.116226,5272243.0,5272693.0,17.41828112792969,17.42228116861979,19.38153670247396,19.385536783854167
2023-07-26 15:44:35.121205,5272244.0,5272694.0,17.422618733723958,17.426618774414063,19.385884765624997,19.389884806315106
2023-07-26 15:44:35.125196,5272245.0,5272695.0,17.426966756184896,17.430966837565105,19.39023278808594,19.39423282877604
2023-07-26 15:44:35.129179,5272246.0,5272696.0,17.43131477864583,17.435314860026043,19.394580810546877,19.39858085123698
2023-07-26 15:44:35.134166,5272247.0,5272697.0,17.435662841796876,17.439662882486978,19.398928833007812,19.402928873697917
2023-07-26 15:44:35.138153,5272248.0,5272698.0,17.440010864257815,17.444010904947916,19.40327685546875,19.40727693684896
2023-07-26 15:44:35.143132,5272249.0,5272699.0,17.44435888671875,17.448358927408854,19.407635294596354,19.411635375976562
2023-07-26 15:44:35.147123,5272250.0,5272700.0,17.448706909179688,17.452706949869793,19.411972941080727,19.41597298177083
2023-07-26 15:44:35.151105,5272251.0,5272701.0,17.453054931640626,17.457055013020835,19.41632096354167,19.42032100423177
2023-07-26 15:44:35.156088,5272252.0,5272702.0,17.45740295410156,17.461403035481773,19.420668701171877,19.424668701171875
2023-07-26 15:44:35.160079,5272253.0,5272703.0,17.461750854492188,17.46575085449219,19.425016682942708,19.42901672363281
2023-07-26 15:44:35.164066,5272254.0,5272704.0,17.46609871419271,17.470098754882812,19.429364705403646,19.43336474609375
2023-07-26 15:44:35.169049,5272255.0,5272705.0,17.470446736653646,17.474446777343747,19.43371272786458,19.437712809244793
2023-07-26 15:44:35.173037,5272256.0,5272706.0,17.474794759114584,17.47879479980469,19.43806075032552,19.442060831705728
2023-07-26 15:44:35.177018,5272257.0,5272707.0,17.479142781575522,17.483142822265627,19.44240881347656,19.446408854166666
2023-07-26 15:44:35.182008,5272258.0,5272708.0,17.483490804036457,17.487490885416666,19.446756835937503,19.450756876627604
2023-07-26 15:44:35.185995,5272259.0,5272709.0,17.487838826497395,17.491838907877604,19.451104858398438,19.45510489908854
2023-07-26 15:44:35.189977,5272260.0,5272710.0,17.49218688964844,17.496186930338542,19.455452880859376,19.45945292154948
2023-07-26 15:44:35.194470,5272261.0,5272711.0,17.496534912109375,17.500534952799477,19.45980090332031,19.463800984700523
2023-07-26 15:44:35.199459,5272262.0,5272712.0,17.500882934570313,17.504882975260415,19.46414892578125,19.468149007161458
2023-07-26 15:44:35.203445,5272263.0,5272713.0,17.505230957031248,17.509230997721357,19.468496826171876,19.472496826171874
2023-07-26 15:44:35.207427,5272264.0,5272714.0,17.509578979492186,17.513578979492188,19.472844685872396,19.4768447265625
2023-07-26 15:44:35.212415,5272265.0,5272715.0,17.51392667643229,17.5179267578125,19.477192708333334,19.481192749023435
2023-07-26 15:44:35.216397,5272266.0,5272716.0,17.518274698893226,17.522274780273438,19.481540730794272,19.485540771484374
2023-07-26 15:44:35.221380,5272267.0,5272717.0,17.52262276204427,17.526622802734373,19.485888753255207,19.489888793945315
2023-07-26 15:44:35.225371,5272268.0,5272718.0,17.52697078450521,17.530970825195315,19.490236775716145,19.494236857096354
2023-07-26 15:44:35.229354,5272269.0,5272719.0,17.531318806966144,17.535318847656253,19.494584798177083,19.498584879557292
2023-07-26 15:44:35.234341,5272270.0,5272720.0,17.535666829427083,17.539666870117188,19.498932861328125,19.50293290201823
2023-07-26 15:44:35.238328,5272271.0,5272721.0,17.54001485188802,17.54401493326823,19.503280883789063,19.507280924479165
2023-07-26 15:44:35.242310,5272272.0,5272722.0,17.54436287434896,17.548362955729168,19.50762890625,19.511628946940103
2023-07-26 15:44:35.247298,5272273.0,5272723.0,17.5487109375,17.552710978190103,19.511976928710936,19.51597696940104
2023-07-26 15:44:35.251284,5272274.0,5272724.0,17.55305895996094,17.55705900065104,19.516324951171875,19.520324951171876
2023-07-26 15:44:35.255267,5272275.0,5272725.0,17.557406982421874,17.56140702311198,19.52067264811198,19.52467272949219
2023-07-26 15:44:35.260254,5272276.0,5272726.0,17.561754760742186,17.565754760742188,19.525020670572914,19.52903116861979
2023-07-26 15:44:35.264241,5272277.0,5272727.0,17.566102701822917,17.570102742513022,19.52936873372396,19.53336877441406
2023-07-26 15:44:35.268223,5272278.0,5272728.0,17.57045072428385,17.574450805664064,19.533716756184898,19.537716796875
2023-07-26 15:44:35.273211,5272279.0,5272729.0,17.574798746744793,17.578798828125,19.538064778645833,19.542064819335938
2023-07-26 15:44:35.277193,5272280.0,5272730.0,17.579146809895835,17.583146850585937,19.54241280110677,19.546412841796876
2023-07-26 15:44:35.282183,5272281.0,5272731.0,17.58349483235677,17.587494873046875,19.54676082356771,19.550760904947918
2023-07-26 15:44:35.286170,5272282.0,5272732.0,17.58784285481771,17.591842895507813,19.551108846028644,19.555108927408853
2023-07-26 15:44:35.290152,5272283.0,5272733.0,17.592190877278647,17.59619091796875,19.55545690917969,19.55945694986979
2023-07-26 15:44:35.294650,5272284.0,5272734.0,17.59653889973958,17.600538981119794,19.559804931640628,19.56380497233073
2023-07-26 15:44:35.299628,5272285.0,5272735.0,17.60088692220052,17.60488700358073,19.564152954101562,19.568152994791664
2023-07-26 15:44:35.303619,5272286.0,5272736.0,17.605234985351565,17.609235026041667,19.568500732421874,19.572500732421876
2023-07-26 15:44:35.307601,5272287.0,5272737.0,17.60958288574219,17.613582885742186,19.5728486735026,19.57684871419271
2023-07-26 15:44:35.312589,5272288.0,5272738.0,17.613930704752605,17.61793074544271,19.57719669596354,19.58119677734375
2023-07-26 15:44:35.316576,5272289.0,5272739.0,17.618278727213543,17.622278767903648,19.581544718424478,19.585544799804687
2023-07-26 15:44:35.320558,5272290.0,5272740.0,17.622626749674478,17.626626790364583,19.585892781575524,19.589892822265625
2023-07-26 15:44:35.325546,5272291.0,5272741.0,17.626974772135416,17.630974853515625,19.59024080403646,19.59424084472656
2023-07-26 15:44:35.329533,5272292.0,5272742.0,17.631333211263023,17.635333292643228,19.594588826497397,19.5985888671875
2023-07-26 15:44:35.333519,5272293.0,5272743.0,17.635670857747396,17.639670898437497,19.59893684895833,19.60293688964844
2023-07-26 15:44:35.338502,5272294.0,5272744.0,17.640018880208334,17.644018920898436,19.60328487141927,19.60728495279948
2023-07-26 15:44:35.342489,5272295.0,5272745.0,17.64436690266927,17.648366943359378,19.607632893880208,19.611632975260417
2023-07-26 15:44:35.347474,5272296.0,5272746.0,17.648714925130207,17.652714965820312,19.61198095703125,19.615980997721355
2023-07-26 15:44:35.351459,5272297.0,5272747.0,17.653062947591145,17.657063028971354,19.616328857421877,19.620328857421875
2023-07-26 15:44:35.355441,5272298.0,5272748.0,17.657410970052084,17.66141101074219,19.620676676432293,19.624676717122398
2023-07-26 15:44:35.360429,5272299.0,5272749.0,17.66175866699219,17.665758748372394,19.625024698893228,19.629024739583336
2023-07-26 15:44:35.364416,5272300.0,5272750.0,17.66610673014323,17.670106770833335,19.629372721354166,19.63337276204427
2023-07-26 15:44:35.368398,5272301.0,5272751.0,17.670454752604165,17.674454793294274,19.633720743815104,19.637720825195313
2023-07-26 15:44:35.373385,5272302.0,5272752.0,17.674802775065103,17.67880281575521,19.638068766276042,19.64206884765625
2023-07-26 15:44:35.377372,5272303.0,5272753.0,17.67915079752604,17.683150838216147,19.642416829427084,19.646416870117186
2023-07-26 15:44:35.381365,5272304.0,5272754.0,17.68349881998698,17.68749890136719,19.646764851888022,19.650764892578124
2023-07-26 15:44:35.386351,5272305.0,5272755.0,17.687846842447918,17.691846923828123,19.651112874348957,19.655112915039062
2023-07-26 15:44:35.390337,5272306.0,5272756.0,17.69219490559896,17.69619494628906,19.655460896809895,19.6594609375
2023-07-26 15:44:35.394835,5272307.0,5272757.0,17.696542928059895,17.700542968750003,19.659808919270834,19.663809000651042
2023-07-26 15:44:35.398816,5272308.0,5272758.0,17.700890950520833,17.704890991210938,19.66415694173177,19.668156982421873
2023-07-26 15:44:35.403804,5272309.0,5272759.0,17.70523897298177,17.709239013671876,19.668504638671877,19.672504720052082
2023-07-26 15:44:35.407791,5272310.0,5272760.0,17.709586791992187,17.71358679199219,19.67285270182292,19.67685274251302
2023-07-26 15:44:35.411773,5272311.0,5272761.0,17.713934692382814,17.71793477376302,19.677200724283853,19.68120076497396
2023-07-26 15:44:35.416756,5272312.0,5272762.0,17.718282714843753,17.722282796223958,19.68154874674479,19.685548787434897
2023-07-26 15:44:35.420743,5272313.0,5272763.0,17.72263077799479,17.726630818684896,19.68589676920573,19.689896809895835
2023-07-26 15:44:35.425731,5272314.0,5272764.0,17.72697880045573,17.730978841145834,19.690244791666665,19.694244873046873
2023-07-26 15:44:35.429718,5272315.0,5272765.0,17.731326822916667,17.735326863606772,19.694592814127606,19.69859289550781
2023-07-26 15:44:35.433699,5272316.0,5272766.0,17.735674845377602,17.739674886067707,19.69894087727865,19.70294091796875
2023-07-26 15:44:35.438687,5272317.0,5272767.0,17.74002286783854,17.74402294921875,19.703288899739583,19.707288940429684
2023-07-26 15:44:35.442674,5272318.0,5272768.0,17.74437089029948,17.748370971679687,19.70763692220052,19.711636962890626
2023-07-26 15:44:35.446656,5272319.0,5272769.0,17.74871895345052,17.752718994140622,19.711984944661456,19.715984985351565
2023-07-26 15:44:35.451644,5272320.0,5272770.0,17.75306697591146,17.757067016601564,19.716332763671875,19.720332763671877
2023-07-26 15:44:35.455626,5272321.0,5272771.0,17.757414916992186,17.761414916992187,19.7206806640625,19.724680745442708
2023-07-26 15:44:35.459618,5272322.0,5272772.0,17.7617626953125,17.765762736002603,19.725028686523437,19.729028767903646
2023-07-26 15:44:35.464601,5272323.0,5272773.0,17.766110717773437,17.77011075846354,19.72937674967448,19.73337679036458
2023-07-26 15:44:35.468588,5272324.0,5272774.0,17.770458740234375,17.774458821614584,19.733724772135417,19.737724812825522
2023-07-26 15:44:35.472574,5272325.0,5272775.0,17.774806762695313,17.77880684407552,19.73808321126302,19.742083251953126
2023-07-26 15:44:35.477557,5272326.0,5272776.0,17.779154825846355,17.783154866536456,19.74242081705729,19.746420857747395
2023-07-26 15:44:35.481542,5272327.0,5272777.0,17.783502848307293,17.7875028889974,19.74676883951823,19.750768920898437
2023-07-26 15:44:35.486530,5272328.0,5272778.0,17.787850870768228,17.791850911458333,19.751116861979167,19.755116943359376
2023-07-26 15:44:35.490517,5272329.0,5272779.0,17.792198893229166,17.79619893391927,19.75546492513021,19.75946496582031
2023-07-26 15:44:35.495013,5272330.0,5272780.0,17.796546915690104,17.800546997070313,19.759812947591147,19.763812988281252
2023-07-26 15:44:35.498996,5272331.0,5272781.0,17.800894938151043,17.804895019531248,19.764160888671874,19.768160888671876
2023-07-26 15:44:35.502980,5272332.0,5272782.0,17.805243001302085,17.80924304199219,19.768508666992187,19.77250870768229
2023-07-26 15:44:35.507966,5272333.0,5272783.0,17.809590698242186,17.813590738932294,19.772856689453125,19.77685673014323
2023-07-26 15:44:35.511949,5272334.0,5272784.0,17.813938720703124,17.81793876139323,19.777204711914063,19.781204793294272
2023-07-26 15:44:35.516937,5272335.0,5272785.0,17.818286743164062,17.822286783854167,19.781552734375,19.785552815755207
2023-07-26 15:44:35.520924,5272336.0,5272786.0,17.822634765624997,17.826634806315106,19.785900797526043,19.789900838216145
2023-07-26 15:44:35.524906,5272337.0,5272787.0,17.82698278808594,17.830982869466144,19.790248819986978,19.794248860677083
2023-07-26 15:44:35.529889,5272338.0,5272788.0,17.831330810546877,17.835330891927082,19.794596842447916,19.79859688313802
2023-07-26 15:44:35.533880,5272339.0,5272789.0,17.835678873697915,17.839678914388024,19.798944864908854,19.80294490559896
2023-07-26 15:44:35.537867,5272340.0,5272790.0,17.840026896158854,17.84402693684896,19.80329288736979,19.80729296875
2023-07-26 15:44:35.542850,5272341.0,5272791.0,17.844385335286457,17.848385375976562,19.80764090983073,19.811640991210936
2023-07-26 15:44:35.546836,5272342.0,5272792.0,17.848722941080727,17.85272298177083,19.811988972981773,19.815989013671874
2023-07-26 15:44:35.550823,5272343.0,5272793.0,17.85307096354167,17.857071044921874,19.816336669921874,19.82033671061198
2023-07-26 15:44:35.555806,5272344.0,5272794.0,17.857418823242188,17.861418823242186,19.820684692382812,19.824684733072917
2023-07-26 15:44:35.559789,5272345.0,5272795.0,17.861766682942708,17.865766764322917,19.82503271484375,19.829032755533856
2023-07-26 15:44:35.564776,5272346.0,5272796.0,17.86611474609375,17.870114786783855,19.829380737304685,19.83338077799479
2023-07-26 15:44:35.568763,5272347.0,5272797.0,17.870462768554688,17.874462809244793,19.833728759765627,19.837728841145832
2023-07-26 15:44:35.572745,5272348.0,5272798.0,17.874810791015623,17.878810831705728,19.838076782226562,19.84207686360677
2023-07-26 15:44:35.577733,5272349.0,5272799.0,17.87915881347656,17.883158854166666,19.842424845377604,19.846424886067705
2023-07-26 15:44:35.581719,5272350.0,5272800.0,17.883506835937503,17.887506917317708,19.846772867838542,19.850772908528647
2023-07-26 15:44:35.586699,5272351.0,5272801.0,17.887854858398438,17.891854939778646,19.851120890299477,19.855120930989585
2023-07-26 15:44:35.590685,5272352.0,5272802.0,17.89220292154948,17.896202962239585,19.855468912760415,19.85946895345052
2023-07-26 15:44:35.594676,5272353.0,5272803.0,17.896550944010418,17.900550984700523,19.859816975911457,19.863817016601562
2023-07-26 15:44:35.599655,5272354.0,5272804.0,17.900898966471352,17.904899007161458,19.864164794921876,19.868164794921874
2023-07-26 15:44:35.603646,5272355.0,5272805.0,17.905246948242187,17.90924694824219,19.868512654622396,19.8725127360026
2023-07-26 15:44:35.607628,5272356.0,5272806.0,17.909594685872396,17.9135947265625,19.872860717773438,19.876860758463543
2023-07-26 15:44:35.612616,5272357.0,5272807.0,17.913942708333334,17.91794278971354,19.877208740234373,19.88120878092448
2023-07-26 15:44:35.616603,5272358.0,5272808.0,17.918290730794272,17.922290812174477,19.88155676269531,19.885556803385416
2023-07-26 15:44:35.620585,5272359.0,5272809.0,17.922638793945314,17.92663883463542,19.88590478515625,19.889904825846354
2023-07-26 15:44:35.625573,5272360.0,5272810.0,17.92698681640625,17.930986857096354,19.890252807617188,19.894252888997396
2023-07-26 15:44:35.629559,5272361.0,5272811.0,17.931334838867187,17.935334879557292,19.894600830078126,19.89860091145833
2023-07-26 15:44:35.633542,5272362.0,5272812.0,17.935682861328125,17.93968290201823,19.898948893229168,19.902948933919273
2023-07-26 15:44:35.638529,5272363.0,5272813.0,17.940030883789063,17.94403096516927,19.903296915690103,19.90729695638021
2023-07-26 15:44:35.642516,5272364.0,5272814.0,17.94437890625,17.948378987630207,19.90764493815104,19.911644978841146
2023-07-26 15:44:35.647496,5272365.0,5272815.0,17.94872696940104,17.95272701009115,19.91199291992187,19.915992919921873
2023-07-26 15:44:35.651486,5272366.0,5272816.0,17.95307499186198,17.957075032552083,19.916340657552084,19.920340698242185
2023-07-26 15:44:35.655472,5272367.0,5272817.0,17.957422729492187,17.961422729492188,19.920688680013022,19.924688761393227
2023-07-26 15:44:35.660456,5272368.0,5272818.0,17.961781127929687,17.96578116861979,19.92503670247396,19.929036783854166
2023-07-26 15:44:35.664444,5272369.0,5272819.0,17.96611873372396,17.97011877441406,19.929384765625,19.933384806315107
2023-07-26 15:44:35.668425,5272370.0,5272820.0,17.970466756184898,17.974466837565103,19.933732788085937,19.937732828776042
2023-07-26 15:44:35.673414,5272371.0,5272821.0,17.974814778645833,17.978814860026045,19.938080810546875,19.94208085123698
2023-07-26 15:44:35.677399,5272372.0,5272822.0,17.979162841796875,17.98316288248698,19.94242883300781,19.946428873697915
2023-07-26 15:44:35.681382,5272373.0,5272823.0,17.983510864257813,17.987510904947918,19.94677685546875,19.950776936848957
2023-07-26 15:44:35.686369,5272374.0,5272824.0,17.987858886718747,17.991858927408853,19.951135294596355,19.95513537597656
2023-07-26 15:44:35.690356,5272375.0,5272825.0,17.99220690917969,17.99620694986979,19.95547294108073,19.959472981770833
2023-07-26 15:44:35.694338,5272376.0,5272826.0,17.996554931640627,18.000555013020833,19.959820963541667,19.96382100423177
2023-07-26 15:44:35.699321,5272377.0,5272827.0,18.000902954101562,18.00490303548177,19.964168701171875,19.968168701171876
2023-07-26 15:44:35.703307,5272378.0,5272828.0,18.00525085449219,18.00925085449219,19.968516682942706,19.97251672363281
2023-07-26 15:44:35.707294,5272379.0,5272829.0,18.00959871419271,18.013598754882814,19.972864705403648,19.97686474609375
2023-07-26 15:44:35.712278,5272380.0,5272830.0,18.013946736653644,18.01794677734375,19.977212727864583,19.98121280924479
2023-07-26 15:44:35.716265,5272381.0,5272831.0,18.018294759114582,18.022294799804687,19.98156075032552,19.98556083170573
2023-07-26 15:44:35.721253,5272382.0,5272832.0,18.022642781575524,18.026642822265625,19.985908813476563,19.989908854166668
2023-07-26 15:44:35.725239,5272383.0,5272833.0,18.02699080403646,18.030990885416667,19.9902568359375,19.994256876627606
2023-07-26 15:44:35.729719,5272384.0,5272834.0,18.031338826497397,18.035338907877605,19.994604858398436,19.99860489908854
2023-07-26 15:44:35.734050,5272385.0,5272835.0,18.03568688964844,18.039686930338544,19.998952880859374,20.00295292154948
2023-07-26 15:44:35.738699,5272386.0,5272836.0,18.040034912109373,18.04403495279948,20.003300903320312,20.00730098470052
2023-07-26 15:44:35.742793,5272387.0,5272837.0,18.04438293457031,18.048382975260417,20.00764892578125,20.011649007161456
2023-07-26 15:44:35.746551,5272388.0,5272838.0,18.04873095703125,18.052730997721355,20.011996826171874,20.015996826171875
2023-07-26 15:44:35.751025,5272389.0,5272839.0,18.053078979492188,18.057078979492186,20.016344685872394,20.020344726562502
2023-07-26 15:44:35.755460,5272390.0,5272840.0,18.057426676432293,18.0614267578125,20.020692708333332,20.024692749023437
2023-07-26 15:44:35.759678,5272391.0,5272841.0,18.061774698893228,18.06577478027344,20.02504073079427,20.029040771484375
2023-07-26 15:44:35.764300,5272392.0,5272842.0,18.06612276204427,18.070122802734375,20.02938875325521,20.033388793945313
2023-07-26 15:44:35.768658,5272393.0,5272843.0,18.070470784505208,18.074470825195313,20.033736775716147,20.037736857096352
2023-07-26 15:44:35.772782,5272394.0,5272844.0,18.074818806966146,18.07881884765625,20.038084798177085,20.042084879557294
2023-07-26 15:44:35.777184,5272395.0,5272845.0,18.079166829427084,18.083166870117186,20.042432861328123,20.046432902018232
2023-07-26 15:44:35.781538,5272396.0,5272846.0,18.083514851888022,18.087514933268228,20.04678088378906,20.050780924479167
2023-07-26 15:44:35.786193,5272397.0,5272847.0,18.087862874348957,18.09186295572917,20.05112890625,20.055128946940105
2023-07-26 15:44:35.790639,5272398.0,5272848.0,18.0922109375,18.096210978190104,20.055476928710938,20.05947696940104
2023-07-26 15:44:35.794625,5272399.0,5272849.0,18.096558959960937,18.100559000651042,20.059824951171876,20.063824951171874
2023-07-26 15:44:35.798686,5272400.0,5272850.0,18.100906982421872,18.10490702311198,20.06417264811198,20.068172729492186
2023-07-26 15:44:35.803949,5272401.0,5272851.0,18.105254760742188,18.109254760742186,20.068520670572916,20.072531168619793
2023-07-26 15:44:35.808248,5272402.0,5272852.0,18.10960270182292,18.11360274251302,20.072868733723958,20.076868774414063
2023-07-26 15:44:35.811301,5272403.0,5272853.0,18.113950724283853,18.117950805664066,20.077216756184896,20.081216796875
2023-07-26 15:44:35.815842,5272404.0,5272854.0,18.11829874674479,18.122298828125,20.08156477864583,20.085564819335936
2023-07-26 15:44:35.820117,5272405.0,5272855.0,18.122646809895834,18.12664685058594,20.085912801106772,20.089912841796874
2023-07-26 15:44:35.824451,5272406.0,5272856.0,18.12699483235677,18.130994873046873,20.09026082356771,20.094260904947916
2023-07-26 15:44:35.829814,5272407.0,5272857.0,18.13134285481771,18.13534289550781,20.094608846028645,20.098608927408854
2023-07-26 15:44:35.833926,5272408.0,5272858.0,18.13569087727865,18.13969091796875,20.098956909179687,20.102956949869792
2023-07-26 15:44:35.837915,5272409.0,5272859.0,18.140038899739583,18.14403898111979,20.103304931640626,20.10730497233073
2023-07-26 15:44:35.842511,5272410.0,5272860.0,18.14438692220052,18.14838700358073,20.10765295410156,20.111652994791665
2023-07-26 15:44:35.846911,5272411.0,5272861.0,18.148734985351563,18.152735026041668,20.112000732421873,20.116000732421874
2023-07-26 15:44:35.851416,5272412.0,5272862.0,18.153082885742187,18.157082885742188,20.116348673502603,20.12034871419271
2023-07-26 15:44:35.855540,5272413.0,5272863.0,18.157430704752603,18.161430745442708,20.12069669596354,20.12469677734375
2023-07-26 15:44:35.860555,5272414.0,5272864.0,18.161778727213544,18.165778767903646,20.12504471842448,20.12904479980469
2023-07-26 15:44:35.864564,5272415.0,5272865.0,18.16612674967448,18.17012679036458,20.129392781575522,20.133392822265627
2023-07-26 15:44:35.868616,5272416.0,5272866.0,18.170474772135417,18.174474853515626,20.133740804036456,20.13774084472656
2023-07-26 15:44:35.872644,5272417.0,5272867.0,18.17483321126302,18.17883329264323,20.1380888264974,20.1420888671875
2023-07-26 15:44:35.877685,5272418.0,5272868.0,18.179170857747394,18.1831708984375,20.142436848958333,20.146436889648438
2023-07-26 15:44:35.881689,5272419.0,5272869.0,18.183518880208332,18.187518920898437,20.14678487141927,20.150784952799476
2023-07-26 15:44:35.885821,5272420.0,5272870.0,18.18786690266927,18.191866943359376,20.15113289388021,20.15513297526042
2023-07-26 15:44:35.890340,5272421.0,5272871.0,18.19221492513021,18.19621496582031,20.155480957031248,20.159480997721356
2023-07-26 15:44:35.894433,5272422.0,5272872.0,18.196562947591147,18.200563028971356,20.159828857421875,20.163828857421876
2023-07-26 15:44:35.899606,5272423.0,5272873.0,18.20091097005208,18.20491101074219,20.16417667643229,20.168176717122396
2023-07-26 15:44:35.903644,5272424.0,5272874.0,18.205258666992187,18.209258748372395,20.16852469889323,20.172524739583334
2023-07-26 15:44:35.908061,5272425.0,5272875.0,18.20960673014323,18.213606770833334,20.172872721354167,20.17687276204427
2023-07-26 15:44:35.912621,5272426.0,5272876.0,18.213954752604167,18.217954793294272,20.177220743815106,20.181220825195314
2023-07-26 15:44:35.916915,5272427.0,5272877.0,18.218302775065105,18.222302815755206,20.18156876627604,20.185568847656253
2023-07-26 15:44:35.921345,5272428.0,5272878.0,18.222650797526043,18.226650838216145,20.185916829427082,20.189916870117187
2023-07-26 15:44:35.925517,5272429.0,5272879.0,18.226998819986978,18.23099890136719,20.19026485188802,20.194264892578126
2023-07-26 15:44:35.929678,5272430.0,5272880.0,18.231346842447916,18.235346923828125,20.19461287434896,20.19861291503906
2023-07-26 15:44:35.933662,5272431.0,5272881.0,18.235694905598958,18.239694946289063,20.198960896809897,20.2029609375
2023-07-26 15:44:35.938649,5272432.0,5272882.0,18.240042928059893,18.24404296875,20.203308919270835,20.20730900065104
2023-07-26 15:44:35.942630,5272433.0,5272883.0,18.244390950520835,18.248390991210936,20.20765694173177,20.211656982421875
2023-07-26 15:44:35.946617,5272434.0,5272884.0,18.248738972981773,18.252739013671874,20.212004638671875,20.216004720052084
2023-07-26 15:44:35.951605,5272435.0,5272885.0,18.25308679199219,18.25708679199219,20.216352701822917,20.220352742513022
2023-07-26 15:44:35.955591,5272436.0,5272886.0,18.257434692382812,18.26143477376302,20.22070072428385,20.224700764973957
2023-07-26 15:44:35.959574,5272437.0,5272887.0,18.26178271484375,18.26578279622396,20.225048746744793,20.229048787434895
2023-07-26 15:44:35.964557,5272438.0,5272888.0,18.26613077799479,18.270130818684898,20.22939676920573,20.233396809895833
2023-07-26 15:44:35.968544,5272439.0,5272889.0,18.27047880045573,18.274478841145832,20.233744791666666,20.237744873046875
2023-07-26 15:44:35.973532,5272440.0,5272890.0,18.27482682291667,18.27882686360677,20.238092814127604,20.242092895507813
2023-07-26 15:44:35.977557,5272441.0,5272891.0,18.279174845377604,18.283174886067705,20.242440877278646,20.24644091796875
2023-07-26 15:44:35.981571,5272442.0,5272892.0,18.283522867838542,18.28752294921875,20.24678889973958,20.250788940429686
2023-07-26 15:44:35.986020,5272443.0,5272893.0,18.287870890299477,18.29187097167969,20.25113692220052,20.255136962890624
2023-07-26 15:44:35.990085,5272444.0,5272894.0,18.29221895345052,18.296218994140624,20.255484944661458,20.259484985351563
2023-07-26 15:44:35.994908,5272445.0,5272895.0,18.29656697591146,18.300567016601562,20.259832763671877,20.26383276367188
2023-07-26 15:44:35.999293,5272446.0,5272896.0,18.300914916992188,18.304914916992185,20.2641806640625,20.26818074544271
2023-07-26 15:44:36.003707,5272447.0,5272897.0,18.3052626953125,18.3092627360026,20.268528686523435,20.272528767903648
2023-07-26 15:44:36.008205,5272448.0,5272898.0,18.309610717773438,18.313610758463543,20.272876749674477,20.276876790364582
2023-07-26 15:44:36.011266,5272449.0,5272899.0,18.313958740234373,18.317958821614585,20.27722477213542,20.28122481282552
2023-07-26 15:44:36.015724,5272450.0,5272900.0,18.31830676269531,18.32230684407552,20.281583211263023,20.285583251953124
2023-07-26 15:44:36.020096,5272451.0,5272901.0,18.322654825846353,18.326654866536458,20.285920817057292,20.289920857747394
2023-07-26 15:44:36.025713,5272452.0,5272902.0,18.327002848307295,18.331002888997396,20.29026883951823,20.29426892089844
2023-07-26 15:44:36.029970,5272453.0,5272903.0,18.33135087076823,18.33535091145833,20.294616861979165,20.298616943359377
2023-07-26 15:44:36.034310,5272454.0,5272904.0,18.335698893229168,18.339698933919273,20.298964925130207,20.302964965820312
2023-07-26 15:44:36.037328,5272455.0,5272905.0,18.340046915690102,18.344046997070315,20.303312947591145,20.30731298828125
2023-07-26 15:44:36.042131,5272456.0,5272906.0,18.34439493815104,18.34839501953125,20.307660888671876,20.311660888671874
2023-07-26 15:44:36.047366,5272457.0,5272907.0,18.348743001302083,18.352743041992188,20.312008666992188,20.31600870768229
2023-07-26 15:44:36.051816,5272458.0,5272908.0,18.353090698242188,18.357090738932293,20.316356689453126,20.32035673014323
2023-07-26 15:44:36.055970,5272459.0,5272909.0,18.357438720703126,18.361438761393227,20.32070471191406,20.324704793294273
2023-07-26 15:44:36.060140,5272460.0,5272910.0,18.361786743164064,18.365786783854166,20.325052734375,20.329052815755208
2023-07-26 15:44:36.064523,5272461.0,5272911.0,18.366134765625,18.370134806315107,20.32940079752604,20.333400838216146
2023-07-26 15:44:36.068985,5272462.0,5272912.0,18.370482788085937,18.374482869466146,20.33374881998698,20.33774886067708
2023-07-26 15:44:36.073023,5272463.0,5272913.0,18.374830810546875,18.378830891927084,20.338096842447918,20.34209688313802
2023-07-26 15:44:36.077605,5272464.0,5272914.0,18.379178873697914,18.383178914388022,20.342444864908856,20.346444905598958
2023-07-26 15:44:36.081884,5272465.0,5272915.0,18.383526896158855,18.387526936848957,20.34679288736979,20.350792968750003
2023-07-26 15:44:36.085918,5272466.0,5272916.0,18.38788533528646,18.39188537597656,20.35114090983073,20.355140991210938
2023-07-26 15:44:36.090049,5272467.0,5272917.0,18.39222294108073,18.396222981770833,20.35548897298177,20.359489013671876
2023-07-26 15:44:36.094186,5272468.0,5272918.0,18.396570963541667,18.400571044921875,20.359836669921872,20.363836710611977
2023-07-26 15:44:36.099559,5272469.0,5272919.0,18.400918823242186,18.404918823242188,20.364184692382814,20.368184733072916
2023-07-26 15:44:36.103901,5272470.0,5272920.0,18.405266682942706,18.40926676432292,20.368532714843752,20.372532755533854
2023-07-26 15:44:36.108115,5272471.0,5272921.0,18.40961474609375,18.413614786783853,20.372880737304687,20.37688077799479
2023-07-26 15:44:36.112364,5272472.0,5272922.0,18.41396276855469,18.41796280924479,20.377228759765625,20.381228841145834
2023-07-26 15:44:36.116765,5272473.0,5272923.0,18.418310791015625,18.422310831705726,20.38157678222656,20.385576863606772
2023-07-26 15:44:36.121239,5272474.0,5272924.0,18.422658813476563,18.426658854166668,20.385924845377602,20.389924886067707
2023-07-26 15:44:36.125324,5272475.0,5272925.0,18.4270068359375,18.43100691731771,20.390272867838544,20.394272908528645
2023-07-26 15:44:36.129335,5272476.0,5272926.0,18.431354858398436,18.435354939778644,20.39462089029948,20.398620930989583
2023-07-26 15:44:36.134421,5272477.0,5272927.0,18.43570292154948,18.439702962239583,20.398968912760417,20.40296895345052
2023-07-26 15:44:36.138439,5272478.0,5272928.0,18.44005094401042,18.44405098470052,20.403316935221355,20.407317016601564
2023-07-26 15:44:36.143134,5272479.0,5272929.0,18.444398966471354,18.448399007161456,20.407664794921875,20.411664794921876
2023-07-26 15:44:36.147391,5272480.0,5272930.0,18.44874694824219,18.45274694824219,20.412012654622394,20.416012736002603
2023-07-26 15:44:36.151624,5272481.0,5272931.0,18.453094685872394,18.457094726562502,20.41636071777344,20.42036075846354
2023-07-26 15:44:36.155989,5272482.0,5272932.0,18.457442708333332,18.46144278971354,20.420708740234375,20.42470878092448
2023-07-26 15:44:36.160420,5272483.0,5272933.0,18.46179073079427,18.46579081217448,20.425056762695313,20.429056803385414
2023-07-26 15:44:36.164505,5272484.0,5272934.0,18.466138793945316,18.470138834635417,20.42940478515625,20.433404825846356
2023-07-26 15:44:36.168987,5272485.0,5272935.0,18.47048681640625,18.474486857096352,20.433752807617186,20.437752888997398
2023-07-26 15:44:36.172207,5272486.0,5272936.0,18.47483483886719,18.478834879557294,20.438100830078124,20.442100911458333
2023-07-26 15:44:36.177771,5272487.0,5272937.0,18.479182861328123,18.483182902018232,20.442448893229166,20.44644893391927
2023-07-26 15:44:36.181819,5272488.0,5272938.0,18.48353088378906,18.48753096516927,20.446796915690104,20.45079695638021
2023-07-26 15:44:36.185844,5272489.0,5272939.0,18.48787890625,18.49187898763021,20.451144938151042,20.455144978841144
2023-07-26 15:44:36.189911,5272490.0,5272940.0,18.49222696940104,18.496227010091147,20.455492919921873,20.459492919921875
2023-07-26 15:44:36.194168,5272491.0,5272941.0,18.49657499186198,18.50057503255208,20.459840657552082,20.463840698242187
2023-07-26 15:44:36.198547,5272492.0,5272942.0,18.50092272949219,18.504922729492186,20.46418868001302,20.46818876139323
2023-07-26 15:44:36.202770,5272493.0,5272943.0,18.50528112792969,18.509281168619793,20.46853670247396,20.472536783854167
2023-07-26 15:44:36.207219,5272494.0,5272944.0,18.509618733723958,18.513618774414063,20.472884765624997,20.476884806315105
2023-07-26 15:44:36.212639,5272495.0,5272945.0,18.513966756184896,18.517966837565105,20.47723278808594,20.48123282877604
2023-07-26 15:44:36.216756,5272496.0,5272946.0,18.51831477864583,18.522314860026043,20.481580810546877,20.48558085123698
2023-07-26 15:44:36.221257,5272497.0,5272947.0,18.522662841796876,18.526662882486978,20.48592883300781,20.489928873697917
2023-07-26 15:44:36.225587,5272498.0,5272948.0,18.527010864257814,18.531010904947916,20.49027685546875,20.49427693684896
2023-07-26 15:44:36.229965,5272499.0,5272949.0,18.53135888671875,18.535358927408854,20.494635294596353,20.498635375976562
2023-07-26 15:44:36.234380,5272500.0,5272950.0,18.535706909179687,18.539706949869792,20.49897294108073,20.50297298177083
2023-07-26 15:44:36.238734,5272501.0,5272951.0,18.540054931640626,18.544055013020834,20.503320963541668,20.50732100423177
2023-07-26 15:44:36.243014,5272502.0,5272952.0,18.54440295410156,18.548403035481773,20.507668701171877,20.511668701171875
2023-07-26 15:44:36.247376,5272503.0,5272953.0,18.548750854492187,18.55275085449219,20.512016682942708,20.51601672363281
2023-07-26 15:44:36.251692,5272504.0,5272954.0,18.55309871419271,18.557098754882812,20.516364705403646,20.52036474609375
2023-07-26 15:44:36.256132,5272505.0,5272955.0,18.557446736653645,18.561446777343747,20.52071272786458,20.524712809244793
2023-07-26 15:44:36.259160,5272506.0,5272956.0,18.561794759114584,18.56579479980469,20.52506075032552,20.529060831705728
2023-07-26 15:44:36.264819,5272507.0,5272957.0,18.566142781575522,18.570142822265627,20.529408813476564,20.533408854166666
2023-07-26 15:44:36.269119,5272508.0,5272958.0,18.570490804036456,18.574490885416665,20.533756835937503,20.537756876627604
2023-07-26 15:44:36.273571,5272509.0,5272959.0,18.5748388264974,18.578838907877604,20.538104858398437,20.542104899088542
2023-07-26 15:44:36.276605,5272510.0,5272960.0,18.57918688964844,18.58318693033854,20.542452880859376,20.54645292154948
2023-07-26 15:44:36.280995,5272511.0,5272961.0,18.583534912109375,18.587534952799476,20.54680090332031,20.550800984700523
2023-07-26 15:44:36.286531,5272512.0,5272962.0,18.587882934570313,18.591882975260418,20.55114892578125,20.555149007161457
2023-07-26 15:44:36.290572,5272513.0,5272963.0,18.592230957031248,18.596230997721356,20.555496826171876,20.559496826171873
2023-07-26 15:44:36.294843,5272514.0,5272964.0,18.596578979492186,18.600578979492187,20.559844685872395,20.5638447265625
2023-07-26 15:44:36.298973,5272515.0,5272965.0,18.60092667643229,18.6049267578125,20.564192708333334,20.568192749023435
2023-07-26 15:44:36.303101,5272516.0,5272966.0,18.60527469889323,18.609274780273438,20.568540730794272,20.572540771484377
2023-07-26 15:44:36.307533,5272517.0,5272967.0,18.60962276204427,18.613622802734373,20.572888753255206,20.576888793945315
2023-07-26 15:44:36.311990,5272518.0,5272968.0,18.61397078450521,18.617970825195314,20.577236775716145,20.581236857096354
2023-07-26 15:44:36.316160,5272519.0,5272969.0,18.618318806966144,18.622318847656253,20.581584798177083,20.58558487955729
2023-07-26 15:44:36.320503,5272520.0,5272970.0,18.622666829427082,18.626666870117187,20.585932861328125,20.58993290201823
2023-07-26 15:44:36.324888,5272521.0,5272971.0,18.62701485188802,18.63101493326823,20.590280883789063,20.594280924479165
2023-07-26 15:44:36.329272,5272522.0,5272972.0,18.63136287434896,18.635362955729168,20.59462890625,20.598628946940103
2023-07-26 15:44:36.333655,5272523.0,5272973.0,18.6357109375,18.639710978190102,20.598976928710936,20.60297696940104
2023-07-26 15:44:36.337872,5272524.0,5272974.0,18.64005895996094,18.64405900065104,20.603324951171874,20.607324951171876
2023-07-26 15:44:36.342365,5272525.0,5272975.0,18.644406982421874,18.648407023111982,20.60767264811198,20.611672729492188
2023-07-26 15:44:36.346751,5272526.0,5272976.0,18.648754760742186,18.652754760742187,20.612020670572914,20.61603116861979
2023-07-26 15:44:36.350940,5272527.0,5272977.0,18.653102701822917,18.657102742513022,20.61636873372396,20.62036877441406
2023-07-26 15:44:36.355001,5272528.0,5272978.0,18.657450724283855,18.661450805664064,20.620716756184898,20.624716796875003
2023-07-26 15:44:36.360277,5272529.0,5272979.0,18.661798746744793,18.665798828125,20.625064778645832,20.629064819335937
2023-07-26 15:44:36.364595,5272530.0,5272980.0,18.666146809895835,18.670146850585937,20.62941280110677,20.633412841796876
2023-07-26 15:44:36.368650,5272531.0,5272981.0,18.67049483235677,18.674494873046875,20.63376082356771,20.637760904947918
2023-07-26 15:44:36.372990,5272532.0,5272982.0,18.674842854817708,18.678842895507813,20.638108846028647,20.642108927408852
2023-07-26 15:44:36.377284,5272533.0,5272983.0,18.679190877278646,18.68319091796875,20.64245690917969,20.64645694986979
2023-07-26 15:44:36.381543,5272534.0,5272984.0,18.68353889973958,18.687538981119793,20.646804931640627,20.65080497233073
2023-07-26 15:44:36.385862,5272535.0,5272985.0,18.68788692220052,18.691887003580728,20.651152954101562,20.655152994791663
2023-07-26 15:44:36.390353,5272536.0,5272986.0,18.692234985351565,18.696235026041666,20.655500732421874,20.659500732421876
2023-07-26 15:44:36.394533,5272537.0,5272987.0,18.69658288574219,18.70058288574219,20.6598486735026,20.66384871419271
2023-07-26 15:44:36.398773,5272538.0,5272988.0,18.700930704752604,18.70493074544271,20.66419669596354,20.66819677734375
2023-07-26 15:44:36.407882,5272539.0,5272989.0,18.705278727213543,18.709278767903648,20.66854471842448,20.672544799804687
2023-07-26 15:44:36.411878,5272541.0,5272991.0,18.71397477213542,18.717974853515624,20.677240804036458,20.681240844726563
2023-07-26 15:44:36.416920,5272542.0,5272992.0,18.718333211263023,18.722333292643228,20.681588826497396,20.6855888671875
2023-07-26 15:44:36.420932,5272543.0,5272993.0,18.722670857747396,18.726670898437497,20.68593684895833,20.68993688964844
2023-07-26 15:44:36.425951,5272544.0,5272994.0,18.727018880208334,18.73101892089844,20.69028487141927,20.694284952799478
2023-07-26 15:44:36.429963,5272545.0,5272995.0,18.73136690266927,18.735366943359377,20.694632893880208,20.698632975260416
2023-07-26 15:44:36.433993,5272546.0,5272996.0,18.735714925130207,18.739714965820312,20.69898095703125,20.702980997721355
2023-07-26 15:44:36.442441,5272547.0,5272997.0,18.740062947591145,18.744063028971354,20.703328857421877,20.707328857421874
2023-07-26 15:44:36.447578,5272549.0,5272999.0,18.748758666992188,18.752758748372393,20.712024698893227,20.716024739583336
2023-07-26 15:44:36.451753,5272550.0,5273000.0,18.75310673014323,18.757106770833335,20.716372721354166,20.72037276204427
2023-07-26 15:44:36.455771,5272551.0,5273001.0,18.757454752604165,18.761454793294273,20.720720743815104,20.724720825195313
2023-07-26 15:44:36.459785,5272552.0,5273002.0,18.761802775065103,18.765802815755208,20.725068766276042,20.72906884765625
2023-07-26 15:44:36.464035,5272553.0,5273003.0,18.76615079752604,18.770150838216146,20.729416829427084,20.733416870117185
2023-07-26 15:44:36.469098,5272554.0,5273004.0,18.77049881998698,18.77449890136719,20.733764851888022,20.737764892578124
2023-07-26 15:44:36.473453,5272555.0,5273005.0,18.774846842447918,18.778846923828123,20.738112874348957,20.742112915039062
2023-07-26 15:44:36.477767,5272556.0,5273006.0,18.77919490559896,18.78319494628906,20.742460896809895,20.7464609375
2023-07-26 15:44:36.481866,5272557.0,5273007.0,18.783542928059894,18.787542968750003,20.746808919270833,20.750809000651042
2023-07-26 15:44:36.486175,5272558.0,5273008.0,18.787890950520833,18.791890991210938,20.75115694173177,20.755156982421873
2023-07-26 15:44:36.490396,5272559.0,5273009.0,18.79223897298177,18.796239013671876,20.755504638671876,20.75950472005208
2023-07-26 15:44:36.494625,5272560.0,5273010.0,18.79658679199219,18.80058679199219,20.75985270182292,20.763852742513023
2023-07-26 15:44:36.499605,5272561.0,5273011.0,18.800934692382814,18.80493477376302,20.764200724283853,20.768200764973958
2023-07-26 15:44:36.503590,5272562.0,5273012.0,18.805282714843752,18.809282796223957,20.76854874674479,20.772548787434896
2023-07-26 15:44:36.508574,5272563.0,5273013.0,18.80963077799479,18.8136308186849,20.77289676920573,20.776896809895835
2023-07-26 15:44:36.512561,5272564.0,5273014.0,18.81397880045573,18.817978841145834,20.777244791666668,20.781244873046873
2023-07-26 15:44:36.516547,5272565.0,5273015.0,18.818326822916667,18.822326863606772,20.781592814127606,20.78559289550781
2023-07-26 15:44:36.520533,5272566.0,5273016.0,18.822674845377602,18.826674886067707,20.785940877278648,20.78994091796875
2023-07-26 15:44:36.525517,5272567.0,5273017.0,18.82702286783854,18.83102294921875,20.790288899739583,20.794288940429688
2023-07-26 15:44:36.529503,5272568.0,5273018.0,18.83137089029948,18.835370971679687,20.79463692220052,20.798636962890626
2023-07-26 15:44:36.533490,5272569.0,5273019.0,18.83571895345052,18.839718994140625,20.798984944661456,20.802984985351564
2023-07-26 15:44:36.538473,5272570.0,5273020.0,18.84006697591146,18.844067016601564,20.803332763671875,20.807332763671877
2023-07-26 15:44:36.542460,5272571.0,5273021.0,18.844414916992186,18.848414916992187,20.807680664062502,20.811680745442708
2023-07-26 15:44:36.547014,5272572.0,5273022.0,18.848762695312498,18.852762736002603,20.812028686523437,20.816028767903646
2023-07-26 15:44:36.551150,5272573.0,5273023.0,18.85311071777344,18.85711075846354,20.81637674967448,20.82037679036458
2023-07-26 15:44:36.555350,5272574.0,5273024.0,18.857458740234375,18.861458821614583,20.820724772135417,20.824724812825522
2023-07-26 15:44:36.559571,5272575.0,5273025.0,18.861806762695313,18.865806844075518,20.82508321126302,20.829083251953126
2023-07-26 15:44:36.564904,5272576.0,5273026.0,18.866154825846355,18.87015486653646,20.82942081705729,20.833420857747395
2023-07-26 15:44:36.568999,5272577.0,5273027.0,18.870502848307293,18.874502888997398,20.83376883951823,20.837768920898437
2023-07-26 15:44:36.573297,5272578.0,5273028.0,18.874850870768228,18.878850911458333,20.838116861979167,20.842116943359375
2023-07-26 15:44:36.581769,5272579.0,5273029.0,18.879198893229166,18.88319893391927,20.84246492513021,20.84646496582031
2023-07-26 15:44:36.585800,5272581.0,5273031.0,18.887894978841146,18.891895019531248,20.851160888671874,20.855160888671875
2023-07-26 15:44:36.594430,5272582.0,5273032.0,18.892243001302084,18.89624304199219,20.855508666992186,20.85950870768229
2023-07-26 15:44:36.599201,5272584.0,5273034.0,18.900938720703124,18.90493876139323,20.864204711914063,20.86820479329427
2023-07-26 15:44:36.603620,5272585.0,5273035.0,18.905286743164062,18.909286783854167,20.868552734375,20.872552815755206
2023-07-26 15:44:36.607735,5272586.0,5273036.0,18.909634765624997,18.913634806315105,20.872900797526043,20.876900838216145
2023-07-26 15:44:36.612178,5272587.0,5273037.0,18.91398278808594,18.917982869466144,20.877248819986978,20.881248860677083
2023-07-26 15:44:36.616448,5272588.0,5273038.0,18.918330810546877,18.922330891927082,20.881596842447916,20.88559688313802
2023-07-26 15:44:36.620825,5272589.0,5273039.0,18.922678873697915,18.926678914388024,20.885944864908854,20.88994490559896
2023-07-26 15:44:36.624898,5272590.0,5273040.0,18.927026896158853,18.93102693684896,20.890292887369792,20.89429296875
2023-07-26 15:44:36.629385,5272591.0,5273041.0,18.931385335286457,18.935385375976562,20.89464090983073,20.898640991210936
2023-07-26 15:44:36.633750,5272592.0,5273042.0,18.93572294108073,18.93972298177083,20.898988972981773,20.902989013671878
2023-07-26 15:44:36.638086,5272593.0,5273043.0,18.940070963541668,18.944071044921873,20.903336669921874,20.90733671061198
2023-07-26 15:44:36.642320,5272594.0,5273044.0,18.944418823242188,18.948418823242186,20.907684692382812,20.911684733072917
2023-07-26 15:44:36.646738,5272595.0,5273045.0,18.948766682942708,18.95276676432292,20.91203271484375,20.916032755533855
2023-07-26 15:44:36.651926,5272596.0,5273046.0,18.95311474609375,18.957114786783855,20.916380737304685,20.92038077799479
2023-07-26 15:44:36.656102,5272597.0,5273047.0,18.957462768554688,18.961462809244793,20.920728759765627,20.924728841145832
2023-07-26 15:44:36.660527,5272598.0,5273048.0,18.961810791015623,18.965810831705728,20.92507678222656,20.92907686360677
2023-07-26 15:44:36.664551,5272599.0,5273049.0,18.966158813476564,18.970158854166666,20.929424845377604,20.93342488606771
2023-07-26 15:44:36.668912,5272600.0,5273050.0,18.970506835937503,18.974506917317708,20.93377286783854,20.937772908528647
2023-07-26 15:44:36.673010,5272601.0,5273051.0,18.974854858398437,18.978854939778646,20.938120890299476,20.942120930989585
2023-07-26 15:44:36.677509,5272602.0,5273052.0,18.97920292154948,18.983202962239584,20.942468912760415,20.94646895345052
2023-07-26 15:44:36.681848,5272603.0,5273053.0,18.983550944010418,18.987550984700523,20.946816935221356,20.95081701660156
2023-07-26 15:44:36.686200,5272604.0,5273054.0,18.987898966471352,18.991899007161457,20.951164794921876,20.955164794921874
2023-07-26 15:44:36.690627,5272605.0,5273055.0,18.99224694824219,18.996246948242188,20.955512654622396,20.9595127360026
2023-07-26 15:44:36.694946,5272606.0,5273056.0,18.996594685872395,19.0005947265625,20.959860717773438,20.963860758463543
2023-07-26 15:44:36.699164,5272607.0,5273057.0,19.000942708333334,19.00494278971354,20.964208740234373,20.96820878092448
2023-07-26 15:44:36.703555,5272608.0,5273058.0,19.005290730794272,19.00929081217448,20.96855676269531,20.972556803385416
2023-07-26 15:44:36.707916,5272609.0,5273059.0,19.009638793945314,19.01363883463542,20.97290478515625,20.976904825846354
2023-07-26 15:44:36.712188,5272610.0,5273060.0,19.01398681640625,19.017986857096354,20.977252807617187,20.981252888997396
2023-07-26 15:44:36.716474,5272611.0,5273061.0,19.018334838867187,19.02233487955729,20.981600830078126,20.985600911458334
2023-07-26 15:44:36.720796,5272612.0,5273062.0,19.022682861328125,19.02668290201823,20.985948893229168,20.989948933919273
2023-07-26 15:44:36.725132,5272613.0,5273063.0,19.027030883789063,19.03103096516927,20.990296915690102,20.99429695638021
2023-07-26 15:44:36.729425,5272614.0,5273064.0,19.03137890625,19.035378987630207,20.99464493815104,20.998644978841146
2023-07-26 15:44:36.734688,5272615.0,5273065.0,19.03572696940104,19.03972701009115,20.99899291992187,21.002992919921873
2023-07-26 15:44:36.738688,5272616.0,5273066.0,19.040074991861978,19.044075032552083,21.003340657552084,21.007340698242185
2023-07-26 15:44:36.743061,5272617.0,5273067.0,19.044422729492187,19.048422729492188,21.007688680013022,21.011688761393227
2023-07-26 15:44:36.747456,5272618.0,5273068.0,19.048781127929686,19.05278116861979,21.01203670247396,21.016036783854165
2023-07-26 15:44:36.751938,5272619.0,5273069.0,19.05311873372396,19.05711877441406,21.016384765625,21.020384806315107
2023-07-26 15:44:36.756302,5272620.0,5273070.0,19.057466756184898,19.061466837565106,21.020732788085937,21.02473282877604
2023-07-26 15:44:36.764794,5272621.0,5273071.0,19.061814778645832,19.065814860026045,21.025080810546875,21.02908085123698
2023-07-26 15:44:36.769236,5272623.0,5273073.0,19.070510864257812,19.074510904947918,21.03377685546875,21.037776936848957
2023-07-26 15:44:36.773245,5272624.0,5273074.0,19.07485888671875,19.078858927408852,21.038135294596355,21.04213537597656
2023-07-26 15:44:36.777613,5272625.0,5273075.0,19.07920690917969,19.08320694986979,21.042472941080728,21.046472981770833
2023-07-26 15:44:36.781728,5272626.0,5273076.0,19.083554931640627,19.087555013020832,21.046820963541666,21.05082100423177
2023-07-26 15:44:36.790286,5272627.0,5273077.0,19.087902954101562,19.091903035481774,21.051168701171875,21.055168701171876
2023-07-26 15:44:36.794661,5272629.0,5273079.0,19.09659871419271,19.100598754882814,21.059864705403648,21.06386474609375
2023-07-26 15:44:36.799673,5272630.0,5273080.0,19.100946736653643,19.10494677734375,21.064212727864582,21.06821280924479
2023-07-26 15:44:36.808155,5272631.0,5273081.0,19.105294759114585,19.109294799804687,21.06856075032552,21.07256083170573
2023-07-26 15:44:36.812658,5272633.0,5273083.0,19.113990804036458,19.117990885416667,21.0772568359375,21.081256876627606
2023-07-26 15:44:36.816666,5272634.0,5273084.0,19.118338826497396,19.122338907877605,21.081604858398435,21.08560489908854
2023-07-26 15:44:36.821028,5272635.0,5273085.0,19.12268688964844,19.126686930338543,21.085952880859377,21.08995292154948
2023-07-26 15:44:36.825382,5272636.0,5273086.0,19.127034912109373,19.131034952799478,21.090300903320312,21.09430098470052
2023-07-26 15:44:36.833610,5272637.0,5273087.0,19.13138293457031,19.135382975260416,21.09464892578125,21.098649007161455
2023-07-26 15:44:36.838115,5272639.0,5273089.0,19.140078979492188,19.144078979492186,21.103344685872393,21.107344726562502
2023-07-26 15:44:36.843331,5272640.0,5273090.0,19.144426676432293,19.1484267578125,21.10769270833333,21.111692749023437
2023-07-26 15:44:36.851648,5272641.0,5273091.0,19.148774698893227,19.15277478027344,21.11204073079427,21.116040771484375
2023-07-26 15:44:36.855169,5272643.0,5273093.0,19.157470784505207,19.161470825195313,21.120736775716146,21.124736857096355
2023-07-26 15:44:36.860263,5272644.0,5273094.0,19.161818806966146,19.16581884765625,21.125084798177085,21.129084879557293
2023-07-26 15:44:36.868480,5272645.0,5273095.0,19.166166829427084,19.170166870117185,21.129432861328123,21.13343290201823
2023-07-26 15:44:36.873138,5272647.0,5273097.0,19.174862874348957,19.17886295572917,21.13812890625,21.142128946940105
2023-07-26 15:44:36.878158,5272648.0,5273098.0,19.1792109375,19.183210978190104,21.142476928710938,21.14647696940104
2023-07-26 15:44:36.886468,5272649.0,5273099.0,19.183558959960937,19.187559000651042,21.146824951171876,21.150824951171874
2023-07-26 15:44:36.890133,5272651.0,5273101.0,19.192254760742188,19.196254760742185,21.155520670572916,21.159531168619793
2023-07-26 15:44:36.895581,5272652.0,5273102.0,19.19660270182292,19.200602742513023,21.159868733723957,21.163868774414063
2023-07-26 15:44:36.903695,5272653.0,5273103.0,19.200950724283853,19.204950805664065,21.164216756184896,21.168216796875
2023-07-26 15:44:36.908362,5272655.0,5273105.0,19.209646809895833,19.21364685058594,21.172912801106772,21.176912841796874
2023-07-26 15:44:36.912379,5272656.0,5273106.0,19.21399483235677,19.217994873046873,21.17726082356771,21.181260904947916
2023-07-26 15:44:36.921045,5272657.0,5273107.0,19.21834285481771,19.22234289550781,21.181608846028645,21.185608927408854
2023-07-26 15:44:36.925727,5272659.0,5273109.0,19.227038899739583,19.231038981119795,21.190304931640625,21.19430497233073
2023-07-26 15:44:36.929748,5272660.0,5273110.0,19.23138692220052,19.23538700358073,21.19465295410156,21.198652994791665
2023-07-26 15:44:36.934847,5272661.0,5273111.0,19.235734985351563,19.239735026041668,21.199000732421876,21.203000732421874
2023-07-26 15:44:36.938842,5272662.0,5273112.0,19.240082885742186,19.244082885742188,21.203348673502603,21.207348714192708
2023-07-26 15:44:36.943302,5272663.0,5273113.0,19.244430704752606,19.248430745442707,21.20769669596354,21.21169677734375
2023-07-26 15:44:36.951211,5272664.0,5273114.0,19.248778727213544,19.252778767903646,21.21204471842448,21.21604479980469
2023-07-26 15:44:36.955784,5272666.0,5273116.0,19.257474772135417,19.261474853515626,21.220740804036456,21.22474084472656
2023-07-26 15:44:36.959827,5272667.0,5273117.0,19.26183321126302,19.26583329264323,21.225088826497398,21.2290888671875
2023-07-26 15:44:36.968290,5272668.0,5273118.0,19.266170857747394,19.2701708984375,21.229436848958333,21.233436889648438
2023-07-26 15:44:36.973461,5272670.0,5273120.0,19.27486690266927,19.278866943359375,21.23813289388021,21.242132975260418
2023-07-26 15:44:36.981679,5272671.0,5273121.0,19.27921492513021,19.28321496582031,21.242480957031248,21.246480997721356
2023-07-26 15:44:36.985960,5272673.0,5273123.0,19.28791097005208,19.29191101074219,21.25117667643229,21.255176717122396
2023-07-26 15:44:36.995290,5272674.0,5273124.0,19.292258666992186,19.296258748372395,21.25552469889323,21.259524739583334
2023-07-26 15:44:36.999393,5272676.0,5273126.0,19.300954752604166,19.30495479329427,21.264220743815105,21.268220825195314
2023-07-26 15:44:37.003760,5272677.0,5273127.0,19.305302775065105,19.309302815755206,21.26856876627604,21.272568847656252
2023-07-26 15:44:37.012010,5272678.0,5273128.0,19.309650797526043,19.313650838216144,21.272916829427082,21.276916870117187
2023-07-26 15:44:37.016277,5272680.0,5273130.0,19.318346842447916,19.322346923828125,21.28161287434896,21.28561291503906
2023-07-26 15:44:37.021606,5272681.0,5273131.0,19.322694905598958,19.326694946289063,21.285960896809897,21.2899609375
2023-07-26 15:44:37.029809,5272682.0,5273132.0,19.327042928059896,19.33104296875,21.290308919270835,21.294309000651044
2023-07-26 15:44:37.034458,5272684.0,5273134.0,19.335738972981773,19.339739013671878,21.299004638671875,21.303004720052083
2023-07-26 15:44:37.038466,5272685.0,5273135.0,19.34008679199219,19.34408679199219,21.303352701822917,21.30735274251302
2023-07-26 15:44:37.046711,5272686.0,5273136.0,19.344434692382812,19.34843477376302,21.307700724283855,21.311700764973956
2023-07-26 15:44:37.051322,5272688.0,5273138.0,19.35313077799479,19.357130818684897,21.31639676920573,21.320396809895833
2023-07-26 15:44:37.060465,5272689.0,5273139.0,19.35747880045573,19.361478841145832,21.320744791666666,21.324744873046875
2023-07-26 15:44:37.064869,5272691.0,5273141.0,19.366174845377603,19.37017488606771,21.329440877278646,21.33344091796875
2023-07-26 15:44:37.068878,5272692.0,5273142.0,19.37052286783854,19.37452294921875,21.33378889973958,21.337788940429686
2023-07-26 15:44:37.077254,5272693.0,5273143.0,19.374870890299476,19.37887097167969,21.338136922200523,21.342136962890624
2023-07-26 15:44:37.081689,5272695.0,5273145.0,19.38356697591146,19.38756701660156,21.346832763671877,21.350832763671878
2023-07-26 15:44:37.086818,5272696.0,5273146.0,19.387914916992187,19.391914916992185,21.3511806640625,21.35518074544271
2023-07-26 15:44:37.095110,5272697.0,5273147.0,19.3922626953125,19.3962627360026,21.355528686523435,21.359528767903647
2023-07-26 15:44:37.099680,5272699.0,5273149.0,19.400958740234373,19.404958821614585,21.36422477213542,21.36822481282552
2023-07-26 15:44:37.107824,5272700.0,5273150.0,19.40530676269531,19.40930684407552,21.368583211263022,21.372583251953124
2023-07-26 15:44:37.111935,5272702.0,5273152.0,19.414002848307295,19.418002888997396,21.37726883951823,21.38126892089844
2023-07-26 15:44:37.120475,5272703.0,5273153.0,19.41835087076823,19.42235091145833,21.381616861979165,21.385616943359377
2023-07-26 15:44:37.124970,5272705.0,5273155.0,19.427046915690102,19.431046997070315,21.39031294759115,21.39431298828125
2023-07-26 15:44:37.130297,5272706.0,5273156.0,19.43139493815104,19.43539501953125,21.394660888671876,21.398660888671873
2023-07-26 15:44:37.138567,5272707.0,5273157.0,19.435743001302086,19.439743041992188,21.399008666992188,21.40300870768229
2023-07-26 15:44:37.142702,5272709.0,5273159.0,19.444438720703126,19.448438761393227,21.40770471191406,21.411704793294273
2023-07-26 15:44:37.151027,5272710.0,5273160.0,19.448786743164064,19.45278678385417,21.412052734375,21.416052815755208
2023-07-26 15:44:37.156190,5272712.0,5273162.0,19.457482788085937,19.461482869466145,21.42074881998698,21.42474886067708
2023-07-26 15:44:37.164362,5272713.0,5273163.0,19.461830810546875,19.465830891927084,21.425096842447918,21.42909688313802
2023-07-26 15:44:37.168842,5272715.0,5273165.0,19.470526896158855,19.474526936848957,21.43379288736979,21.437792968750003
2023-07-26 15:44:37.177100,5272716.0,5273166.0,19.47488533528646,19.47888537597656,21.43814090983073,21.442140991210938
2023-07-26 15:44:37.182322,5272718.0,5273168.0,19.483570963541666,19.487571044921875,21.446836669921876,21.450836710611977
2023-07-26 15:44:37.190769,5272719.0,5273169.0,19.487918823242186,19.491918823242187,21.451184692382814,21.455184733072915
2023-07-26 15:44:37.195021,5272721.0,5273171.0,19.49661474609375,19.500614786783853,21.459880737304687,21.46388077799479
2023-07-26 15:44:37.203509,5272722.0,5273172.0,19.50096276855469,19.50496280924479,21.464228759765625,21.468228841145834
2023-07-26 15:44:37.207686,5272724.0,5273174.0,19.509658813476562,19.513658854166668,21.4729248453776,21.476924886067707
2023-07-26 15:44:37.216272,5272725.0,5273175.0,19.5140068359375,19.51800691731771,21.477272867838543,21.481272908528645
2023-07-26 15:44:37.220421,5272727.0,5273177.0,19.52270292154948,19.526702962239582,21.485968912760416,21.48996895345052
2023-07-26 15:44:37.229695,5272728.0,5273178.0,19.52705094401042,19.53105098470052,21.490316935221355,21.494317016601563
2023-07-26 15:44:37.233531,5272730.0,5273180.0,19.53574694824219,19.53974694824219,21.499012654622394,21.503012736002603
2023-07-26 15:44:37.239017,5272731.0,5273181.0,19.540094685872393,19.544094726562502,21.50336071777344,21.50736075846354
2023-07-26 15:44:37.247279,5272732.0,5273182.0,19.54444270833333,19.54844278971354,21.507708740234374,21.51170878092448
2023-07-26 15:44:37.251836,5272734.0,5273184.0,19.553138793945315,19.557138834635417,21.51640478515625,21.520404825846356
2023-07-26 15:44:37.255844,5272735.0,5273185.0,19.55748681640625,19.56148685709635,21.520752807617185,21.524752888997398
2023-07-26 15:44:37.264205,5272736.0,5273186.0,19.56183483886719,19.565834879557293,21.525100830078124,21.529100911458332
2023-07-26 15:44:37.268501,5272738.0,5273188.0,19.57053088378906,19.57453096516927,21.533796915690104,21.53779695638021
2023-07-26 15:44:37.273815,5272739.0,5273189.0,19.57487890625,19.57887898763021,21.538144938151042,21.542144978841144
2023-07-26 15:44:37.282222,5272740.0,5273190.0,19.57922696940104,19.583227010091147,21.542492919921873,21.546492919921874
2023-07-26 15:44:37.286306,5272742.0,5273192.0,19.58792272949219,19.59192272949219,21.55118868001302,21.55518876139323
2023-07-26 15:44:37.295090,5272743.0,5273193.0,19.592281127929688,19.596281168619793,21.555536702473958,21.559536783854167
2023-07-26 15:44:37.299352,5272745.0,5273195.0,19.600966756184896,19.604966837565104,21.56423278808594,21.56823282877604
2023-07-26 15:44:37.308048,5272746.0,5273196.0,19.605314778645834,19.609314860026043,21.568580810546877,21.57258085123698
2023-07-26 15:44:37.312267,5272748.0,5273198.0,19.614010864257814,19.618010904947916,21.57727685546875,21.58127693684896
2023-07-26 15:44:37.320543,5272749.0,5273199.0,19.61835888671875,19.622358927408854,21.581635294596353,21.585635375976562
2023-07-26 15:44:37.325870,5272751.0,5273201.0,19.627054931640625,19.631055013020834,21.590320963541668,21.59432100423177
2023-07-26 15:44:37.334245,5272752.0,5273202.0,19.63140295410156,19.635403035481772,21.594668701171877,21.598668701171874
2023-07-26 15:44:37.342419,5272754.0,5273204.0,19.64009871419271,19.644098754882812,21.603364705403646,21.60736474609375
2023-07-26 15:44:37.346712,5272756.0,5273206.0,19.648794759114583,19.65279479980469,21.61206075032552,21.616060831705727
2023-07-26 15:44:37.355420,5272757.0,5273207.0,19.65314278157552,19.657142822265627,21.616408813476564,21.620408854166666
2023-07-26 15:44:37.359735,5272759.0,5273209.0,19.661838826497398,19.665838907877603,21.625104858398437,21.629104899088542
2023-07-26 15:44:37.369034,5272760.0,5273210.0,19.66618688964844,19.67018693033854,21.629452880859375,21.63345292154948
2023-07-26 15:44:37.373270,5272762.0,5273212.0,19.674882934570313,19.678882975260418,21.63814892578125,21.642149007161457
2023-07-26 15:44:37.382014,5272763.0,5273213.0,19.679230957031248,19.683230997721356,21.642496826171875,21.646496826171873
2023-07-26 15:44:37.386650,5272765.0,5273215.0,19.68792667643229,19.6919267578125,21.651192708333333,21.655192749023435
2023-07-26 15:44:37.394766,5272766.0,5273216.0,19.69227469889323,19.696274780273438,21.65554073079427,21.659540771484377
2023-07-26 15:44:37.399175,5272768.0,5273218.0,19.70097078450521,19.704970825195314,21.664236775716144,21.668236857096353
2023-07-26 15:44:37.407707,5272769.0,5273219.0,19.705318806966144,19.709318847656252,21.668584798177086,21.67258487955729
2023-07-26 15:44:37.417055,5272771.0,5273221.0,19.71401485188802,19.71801493326823,21.677280883789063,21.681280924479164
2023-07-26 15:44:37.425631,5272773.0,5273223.0,19.7227109375,19.726710978190102,21.685976928710936,21.68997696940104
2023-07-26 15:44:37.433738,5272775.0,5273225.0,19.731406982421873,19.735407023111982,21.69467264811198,21.698672729492188
2023-07-26 15:44:37.438151,5272777.0,5273227.0,19.740102701822916,19.74410274251302,21.70336873372396,21.70736877441406
2023-07-26 15:44:37.447405,5272778.0,5273228.0,19.744450724283855,19.748450805664064,21.707716756184897,21.711716796875002
2023-07-26 15:44:37.451732,5272780.0,5273230.0,19.753146809895835,19.757146850585936,21.71641280110677,21.720412841796875
2023-07-26 15:44:37.459946,5272781.0,5273231.0,19.75749483235677,19.761494873046875,21.72076082356771,21.724760904947917
2023-07-26 15:44:37.468543,5272783.0,5273233.0,19.766190877278646,19.77019091796875,21.72945690917969,21.73345694986979
2023-07-26 15:44:37.472950,5272785.0,5273235.0,19.774886922200523,19.778887003580728,21.73815295410156,21.742152994791667
2023-07-26 15:44:37.481600,5272786.0,5273236.0,19.779234985351565,19.783235026041666,21.742500732421874,21.746500732421875
2023-07-26 15:44:37.490633,5272788.0,5273238.0,19.787930704752604,19.79193074544271,21.751196695963543,21.75519677734375
2023-07-26 15:44:37.499429,5272790.0,5273240.0,19.796626749674477,19.800626790364582,21.759892781575523,21.763892822265625
2023-07-26 15:44:37.503553,5272792.0,5273242.0,19.805333211263022,19.809333292643228,21.768588826497396,21.7725888671875
2023-07-26 15:44:37.511985,5272793.0,5273243.0,19.809670857747395,19.8136708984375,21.77293684895833,21.77693688964844
2023-07-26 15:44:37.516103,5272795.0,5273245.0,19.81836690266927,19.822366943359377,21.781632893880207,21.785632975260416
2023-07-26 15:44:37.525200,5272796.0,5273246.0,19.822714925130207,19.82671496582031,21.78598095703125,21.789980997721354
2023-07-26 15:44:37.533668,5272798.0,5273248.0,19.831410970052083,19.835411010742188,21.794676676432292,21.798676717122397
2023-07-26 15:44:37.542367,5272800.0,5273250.0,19.84010673014323,19.844106770833335,21.803372721354165,21.80737276204427
2023-07-26 15:44:37.551490,5272802.0,5273252.0,19.848802775065103,19.852802815755208,21.81206876627604,21.81606884765625
2023-07-26 15:44:37.559792,5272804.0,5273254.0,19.85749881998698,19.861498901367188,21.820764851888022,21.824764892578127
2023-07-26 15:44:37.564442,5272806.0,5273256.0,19.86619490559896,19.870194946289065,21.829460896809895,21.8334609375
2023-07-26 15:44:37.573586,5272807.0,5273257.0,19.870542928059894,19.874542968750003,21.833808919270833,21.837809000651042
2023-07-26 15:44:37.576626,5272809.0,5273259.0,19.87923897298177,19.883239013671876,21.842504638671876,21.84650472005208
2023-07-26 15:44:37.586181,5272810.0,5273260.0,19.88358679199219,19.887586791992188,21.846852701822918,21.850852742513023
2023-07-26 15:44:37.590548,5272812.0,5273262.0,19.892282714843752,19.896282796223957,21.85554874674479,21.859548787434896
2023-07-26 15:44:37.599696,5272813.0,5273263.0,19.89663077799479,19.9006308186849,21.85989676920573,21.863896809895834
2023-07-26 15:44:37.608219,5272815.0,5273265.0,19.905326822916667,19.909326863606772,21.868592814127606,21.87259289550781
2023-07-26 15:44:37.612855,5272817.0,5273267.0,19.914022867838543,19.91802294921875,21.877288899739582,21.881288940429688
2023-07-26 15:44:37.621024,5272818.0,5273268.0,19.918370890299478,19.922370971679687,21.88163692220052,21.885636962890626
2023-07-26 15:44:37.630097,5272820.0,5273270.0,19.92706697591146,19.931067016601563,21.89033276367188,21.894332763671876
2023-07-26 15:44:37.634096,5272822.0,5273272.0,19.935762695312498,19.939762736002603,21.899028686523437,21.903028767903646
2023-07-26 15:44:37.642674,5272823.0,5273273.0,19.94011071777344,19.94411075846354,21.90337674967448,21.907376790364584
2023-07-26 15:44:37.646695,5272825.0,5273275.0,19.948806762695312,19.95280684407552,21.91208321126302,21.916083251953125
2023-07-26 15:44:37.655751,5272826.0,5273276.0,19.953154825846354,19.95715486653646,21.91642081705729,21.920420857747395
2023-07-26 15:44:37.664809,5272828.0,5273278.0,19.961850870768227,19.965850911458332,21.925116861979166,21.929116943359375
2023-07-26 15:44:37.672872,5272830.0,5273280.0,19.970546915690104,19.974546997070313,21.933812947591147,21.93781298828125
2023-07-26 15:44:37.681946,5272832.0,5273282.0,19.979243001302084,19.98324304199219,21.942508666992186,21.94650870768229
2023-07-26 15:44:37.691006,5272834.0,5273284.0,19.987938720703124,19.99193876139323,21.951204711914063,21.95520479329427
2023-07-26 15:44:37.699045,5272836.0,5273286.0,19.996634765625,20.000634806315105,21.959900797526043,21.963900838216148
2023-07-26 15:44:37.704139,5272838.0,5273288.0,20.005330810546877,20.009330891927085,21.968596842447916,21.97259688313802
2023-07-26 15:44:37.712179,5272839.0,5273289.0,20.009678873697915,20.013678914388024,21.972944864908854,21.97694490559896
2023-07-26 15:44:37.721226,5272841.0,5273291.0,20.018385335286457,20.02238537597656,21.98164090983073,21.985640991210936
2023-07-26 15:44:37.730212,5272843.0,5273293.0,20.027070963541668,20.031071044921873,21.990336669921874,21.99433671061198
2023-07-26 15:44:37.738185,5272845.0,5273295.0,20.035766682942707,20.03976676432292,21.99903271484375,22.003032755533855
2023-07-26 15:44:37.747156,5272847.0,5273297.0,20.044462768554688,20.048462809244793,22.007728759765627,22.011728841145832
2023-07-26 15:44:37.756126,5272849.0,5273299.0,20.053158813476564,20.057158854166666,22.016424845377603,22.02042488606771
2023-07-26 15:44:37.764098,5272851.0,5273301.0,20.061854858398437,20.065854939778646,22.025120890299476,22.029120930989585
2023-07-26 15:44:37.773069,5272853.0,5273303.0,20.070550944010417,20.074550984700522,22.033816935221356,22.03781701660156
2023-07-26 15:44:37.782039,5272855.0,5273305.0,20.07924694824219,20.083246948242188,22.042512654622396,22.046512736002605
2023-07-26 15:44:37.791008,5272857.0,5273307.0,20.087942708333333,20.091942789713542,22.051208740234372,22.05520878092448
2023-07-26 15:44:37.798982,5272859.0,5273309.0,20.096638793945313,20.10063883463542,22.059904785156252,22.063904825846354
2023-07-26 15:44:37.807951,5272861.0,5273311.0,20.10533483886719,20.10933487955729,22.068600830078125,22.072600911458334
2023-07-26 15:44:37.816923,5272863.0,5273313.0,20.114030883789063,20.118030965169268,22.077296915690102,22.08129695638021
2023-07-26 15:44:37.824894,5272865.0,5273315.0,20.12272696940104,20.126727010091148,22.085992919921875,22.089992919921873
2023-07-26 15:44:37.833865,5272867.0,5273317.0,20.131422729492186,20.135422729492188,22.09468868001302,22.098688761393227
2023-07-26 15:44:37.842836,5272869.0,5273319.0,20.14011873372396,20.14411877441406,22.103384765624998,22.107384806315107
2023-07-26 15:44:37.851804,5272871.0,5273321.0,20.148814778645832,20.152814860026044,22.112080810546875,22.11608085123698
2023-07-26 15:44:37.859777,5272873.0,5273323.0,20.157510864257812,20.161510904947917,22.12077685546875,22.124776936848956
2023-07-26 15:44:37.868749,5272875.0,5273325.0,20.166206949869792,20.17020694986979,22.129472941080728,22.133472981770833
2023-07-26 15:44:37.877718,5272877.0,5273327.0,20.17490295410156,20.178903035481774,22.138168701171875,22.142168701171876
2023-07-26 15:44:37.885691,5272879.0,5273329.0,20.18359871419271,20.187598754882814,22.146864705403647,22.15086474609375
2023-07-26 15:44:37.894661,5272881.0,5273331.0,20.192294759114585,20.196294799804686,22.15556075032552,22.15956083170573
2023-07-26 15:44:37.903631,5272883.0,5273333.0,20.200990804036458,20.204990885416667,22.1642568359375,22.168256876627606
2023-07-26 15:44:37.912601,5272885.0,5273335.0,20.209686889648438,20.213686930338543,22.172952880859377,22.17695292154948
2023-07-26 15:44:37.920574,5272887.0,5273337.0,20.218382934570315,20.222382975260416,22.18164892578125,22.18564900716146
2023-07-26 15:44:37.929545,5272889.0,5273339.0,20.227078979492187,20.23107897949219,22.190344685872393,22.194344726562502
2023-07-26 15:44:37.938514,5272891.0,5273341.0,20.235774698893227,20.23977478027344,22.199040730794273,22.203040771484375
2023-07-26 15:44:37.947484,5272893.0,5273343.0,20.24447078450521,20.248470825195312,22.207736775716146,22.211736857096355
2023-07-26 15:44:37.955457,5272895.0,5273345.0,20.253166829427084,20.257166870117185,22.216432861328123,22.22043290201823
2023-07-26 15:44:37.964432,5272897.0,5273347.0,20.261862874348957,20.26586295572917,22.22512890625,22.229128946940104
2023-07-26 15:44:37.973396,5272899.0,5273349.0,20.270558959960937,20.274559000651042,22.233824951171876,22.237824951171874
2023-07-26 15:44:37.981374,5272901.0,5273351.0,20.279254760742187,20.283254760742185,22.242520670572915,22.246531168619793
2023-07-26 15:44:37.990339,5272903.0,5273353.0,20.287950724283853,20.291950805664065,22.251216756184895,22.255216796875
2023-07-26 15:44:37.999309,5272905.0,5273355.0,20.296646809895833,20.300646850585938,22.259912801106772,22.263912841796873
2023-07-26 15:44:38.008279,5272907.0,5273357.0,20.30534285481771,20.30934289550781,22.268608846028645,22.272608927408854
2023-07-26 15:44:38.016252,5272909.0,5273359.0,20.314038899739582,20.318038981119795,22.277304931640625,22.28130497233073
2023-07-26 15:44:38.025222,5272911.0,5273361.0,20.322734985351563,20.326735026041668,22.286000732421876,22.290000732421873
2023-07-26 15:44:38.033701,5272913.0,5273363.0,20.331430704752606,20.335430745442707,22.29469669596354,22.29869677734375
2023-07-26 15:44:38.042417,5272915.0,5273365.0,20.34012674967448,20.34412679036458,22.30339278157552,22.307392822265626
2023-07-26 15:44:38.051136,5272917.0,5273367.0,20.34883321126302,20.35283329264323,22.312088826497398,22.3160888671875
2023-07-26 15:44:38.059773,5272919.0,5273369.0,20.357518880208335,20.361518920898437,22.32078487141927,22.32478495279948
2023-07-26 15:44:38.068309,5272921.0,5273371.0,20.36621492513021,20.370214965820313,22.329480957031247,22.333480997721356
2023-07-26 15:44:38.077476,5272923.0,5273373.0,20.37491097005208,20.37891101074219,22.338176676432294,22.342176717122396
2023-07-26 15:44:38.086013,5272925.0,5273375.0,20.38360673014323,20.387606770833333,22.346872721354167,22.350872762044272
2023-07-26 15:44:38.094688,5272927.0,5273377.0,20.392302775065104,20.396302815755206,22.35556876627604,22.359568847656252
2023-07-26 15:44:38.104117,5272929.0,5273379.0,20.400998819986977,20.40499890136719,22.36426485188802,22.368264892578125
2023-07-26 15:44:38.112045,5272931.0,5273381.0,20.409694905598958,20.413694946289063,22.372960896809897,22.376960937499998
2023-07-26 15:44:38.121134,5272933.0,5273383.0,20.418390950520834,20.422390991210936,22.38165694173177,22.385656982421875
2023-07-26 15:44:38.129783,5272935.0,5273385.0,20.42708679199219,20.43108679199219,22.39035270182292,22.39435274251302
2023-07-26 15:44:38.138649,5272937.0,5273387.0,20.43578271484375,20.43978279622396,22.399048746744793,22.403048787434894
2023-07-26 15:44:38.146815,5272939.0,5273389.0,20.44447880045573,20.448478841145832,22.407744791666666,22.411744873046874
2023-07-26 15:44:38.155913,5272941.0,5273391.0,20.453174845377603,20.45717488606771,22.416440877278646,22.42044091796875
2023-07-26 15:44:38.164179,5272943.0,5273393.0,20.461870890299476,20.46587097167969,22.425136922200522,22.429136962890624
2023-07-26 15:44:38.173337,5272945.0,5273395.0,20.47056697591146,20.47456701660156,22.433832763671877,22.437832763671878
2023-07-26 15:44:38.182068,5272947.0,5273397.0,20.4792626953125,20.483262736002604,22.442528686523435,22.446528767903647
2023-07-26 15:44:38.190753,5272949.0,5273399.0,20.487958740234372,20.491958821614585,22.45122477213542,22.45522481282552
2023-07-26 15:44:38.199595,5272951.0,5273401.0,20.496654825846356,20.500654866536458,22.45992081705729,22.463920857747397
2023-07-26 15:44:38.208030,5272953.0,5273403.0,20.50535087076823,20.509350911458334,22.468616861979164,22.472616943359377
2023-07-26 15:44:38.216461,5272955.0,5273405.0,20.514046915690102,20.518046997070314,22.477312947591148,22.48131298828125
2023-07-26 15:44:38.225299,5272957.0,5273407.0,20.522743001302086,20.526743041992187,22.486008666992188,22.49000870768229
2023-07-26 15:44:38.233931,5272959.0,5273409.0,20.531438720703125,20.535438761393227,22.49470471191406,22.498704793294273
2023-07-26 15:44:38.243008,5272961.0,5273411.0,20.540134765624998,20.544134806315107,22.50340079752604,22.507400838216146
2023-07-26 15:44:38.251724,5272963.0,5273413.0,20.548830810546875,20.552830891927083,22.512096842447917,22.51609688313802
2023-07-26 15:44:38.260425,5272965.0,5273415.0,20.557526896158855,20.561526936848956,22.52079288736979,22.524792968750003
2023-07-26 15:44:38.268834,5272967.0,5273417.0,20.566222941080728,20.570222981770833,22.529488972981774,22.533489013671876
2023-07-26 15:44:38.277668,5272969.0,5273419.0,20.574918823242186,20.578918823242187,22.538184692382814,22.542184733072915
2023-07-26 15:44:38.286223,5272971.0,5273421.0,20.58361474609375,20.587614786783853,22.546880737304686,22.55088077799479
2023-07-26 15:44:38.294498,5272973.0,5273423.0,20.592310791015624,20.59631083170573,22.55557678222656,22.55957686360677
2023-07-26 15:44:38.303370,5272975.0,5273425.0,20.6010068359375,20.60500691731771,22.564272867838543,22.568272908528645
2023-07-26 15:44:38.312449,5272977.0,5273427.0,20.60970292154948,20.613702962239582,22.572968912760416,22.57696895345052
2023-07-26 15:44:38.321465,5272979.0,5273429.0,20.618398966471354,20.62239900716146,22.581664794921874,22.585664794921875
2023-07-26 15:44:38.329518,5272981.0,5273431.0,20.627094685872393,20.6310947265625,22.59036071777344,22.59436075846354
2023-07-26 15:44:38.338528,5272983.0,5273433.0,20.635790730794273,20.63979081217448,22.599056762695312,22.603056803385417
2023-07-26 15:44:38.347499,5272985.0,5273435.0,20.64448681640625,20.648486857096355,22.607752807617185,22.611752888997398
2023-07-26 15:44:38.355471,5272987.0,5273437.0,20.653182861328123,20.65718290201823,22.61644889322917,22.62044893391927
2023-07-26 15:44:38.364441,5272989.0,5273439.0,20.66187890625,20.665878987630208,22.625144938151042,22.629144978841143
2023-07-26 15:44:38.373412,5272991.0,5273441.0,20.67057499186198,20.67457503255208,22.63384065755208,22.637840698242186
2023-07-26 15:44:38.382381,5272993.0,5273443.0,20.679281127929688,20.683281168619793,22.642536702473958,22.646536783854167
2023-07-26 15:44:38.390355,5272995.0,5273445.0,20.687966756184895,20.691966837565104,22.651232788085938,22.65523282877604
2023-07-26 15:44:38.399325,5272997.0,5273447.0,20.696662841796876,20.700662882486977,22.65992883300781,22.663928873697916
2023-07-26 15:44:38.408294,5272999.0,5273449.0,20.70535888671875,20.709358927408854,22.668635294596353,22.67263537597656
2023-07-26 15:44:38.416268,5273001.0,5273451.0,20.714054931640625,20.718055013020834,22.677320963541668,22.68132100423177
2023-07-26 15:44:38.425238,5273003.0,5273453.0,20.72275085449219,20.726750854492188,22.686016682942707,22.690016723632812
2023-07-26 15:44:38.434207,5273005.0,5273455.0,20.731446736653645,20.73544677734375,22.69471272786458,22.698712809244793
2023-07-26 15:44:38.443178,5273007.0,5273457.0,20.74014278157552,20.744142822265626,22.703408813476564,22.707408854166665
2023-07-26 15:44:38.451151,5273009.0,5273459.0,20.748838826497398,20.752838907877603,22.712104858398437,22.716104899088542
2023-07-26 15:44:38.460121,5273011.0,5273461.0,20.757534912109374,20.76153495279948,22.72080090332031,22.724800984700522
2023-07-26 15:44:38.469091,5273013.0,5273463.0,20.766230957031247,20.770230997721356,22.729496826171875,22.733496826171873
2023-07-26 15:44:38.478061,5273015.0,5273465.0,20.774926676432294,20.7789267578125,22.738192708333333,22.742192749023438
2023-07-26 15:44:38.486034,5273017.0,5273467.0,20.78362276204427,20.787622802734376,22.746888753255206,22.750888793945315
2023-07-26 15:44:38.495004,5273019.0,5273469.0,20.792318806966144,20.796318847656252,22.755584798177086,22.75958487955729
2023-07-26 15:44:38.503975,5273021.0,5273471.0,20.80101485188802,20.80501493326823,22.764280883789063,22.768280924479164
2023-07-26 15:44:38.511947,5273023.0,5273473.0,20.8097109375,20.813710978190105,22.772976928710936,22.77697696940104
2023-07-26 15:44:38.520917,5273025.0,5273475.0,20.818406982421873,20.82240702311198,22.78167264811198,22.785672729492187
2023-07-26 15:44:38.529888,5273027.0,5273477.0,20.827102701822916,20.83110274251302,22.79036873372396,22.794368774414064
2023-07-26 15:44:38.538857,5273029.0,5273479.0,20.835798746744793,20.839798828124998,22.799064778645832,22.803064819335937
2023-07-26 15:44:38.546831,5273031.0,5273481.0,20.84449483235677,20.848494873046874,22.80776082356771,22.811760904947917
2023-07-26 15:44:38.555800,5273033.0,5273483.0,20.853190877278646,20.85719091796875,22.81645690917969,22.82045694986979
2023-07-26 15:44:38.564770,5273035.0,5273485.0,20.861886922200522,20.865887003580728,22.82515295410156,22.829152994791666
2023-07-26 15:44:38.573740,5273037.0,5273487.0,20.870582885742188,20.87458288574219,22.8338486735026,22.83784871419271
2023-07-26 15:44:38.581714,5273039.0,5273489.0,20.879278727213542,20.883278767903647,22.84254471842448,22.846544799804686
2023-07-26 15:44:38.590683,5273041.0,5273491.0,20.88797477213542,20.891974853515624,22.851240804036458,22.855240844726563
2023-07-26 15:44:38.599654,5273043.0,5273493.0,20.896670857747395,20.9006708984375,22.85993684895833,22.86393688964844
2023-07-26 15:44:38.607626,5273045.0,5273495.0,20.905366902669268,20.909366943359377,22.86863289388021,22.872632975260416
2023-07-26 15:44:38.616597,5273047.0,5273497.0,20.914062947591148,20.918063028971353,22.877328857421876,22.881328857421877
2023-07-26 15:44:38.625567,5273049.0,5273499.0,20.922758666992188,20.926758748372393,22.886024698893227,22.890024739583335
2023-07-26 15:44:38.634536,5273051.0,5273501.0,20.931454752604164,20.935454793294273,22.894720743815107,22.898720825195312
2023-07-26 15:44:38.642509,5273053.0,5273503.0,20.94015079752604,20.944150838216146,22.903416829427083,22.90741687011719
2023-07-26 15:44:38.651480,5273055.0,5273505.0,20.948846842447917,20.952846923828126,22.912112874348956,22.91611291503906
2023-07-26 15:44:38.660450,5273057.0,5273507.0,20.957542928059894,20.961542968750003,22.920808919270833,22.92480900065104
2023-07-26 15:44:38.668425,5273059.0,5273509.0,20.966238972981774,20.970239013671875,22.929504638671876,22.93350472005208
2023-07-26 15:44:38.677393,5273061.0,5273511.0,20.974934692382813,20.97893477376302,22.938200724283853,22.942200764973958
2023-07-26 15:44:38.686363,5273063.0,5273513.0,20.98363077799479,20.9876308186849,22.94689676920573,22.950896809895834
2023-07-26 15:44:38.695334,5273065.0,5273515.0,20.992326822916667,20.99632686360677,22.955592814127606,22.95959289550781
2023-07-26 15:44:38.703306,5273067.0,5273517.0,21.001022867838543,21.00502294921875,22.964288899739582,22.968288940429687
2023-07-26 15:44:38.712276,5273069.0,5273519.0,21.00971895345052,21.013718994140625,22.972984944661455,22.976984985351564
2023-07-26 15:44:38.721246,5273071.0,5273521.0,21.018414916992185,21.022414916992187,22.9816806640625,22.985680745442707
2023-07-26 15:44:38.730217,5273073.0,5273523.0,21.02711071777344,21.03111075846354,22.99037674967448,22.994376790364583
2023-07-26 15:44:38.738189,5273075.0,5273525.0,21.035806762695312,21.03980684407552,22.99908321126302,23.003083251953125
2023-07-26 15:44:38.747160,5273077.0,5273527.0,21.044502848307292,21.048502888997398,23.00776883951823,23.011768920898437
2023-07-26 15:44:38.756128,5273079.0,5273529.0,21.05319889322917,21.05719893391927,23.016464925130208,23.020464965820313
2023-07-26 15:44:38.764101,5273081.0,5273531.0,21.061894938151042,21.065895019531247,23.025160888671873,23.029160888671875
2023-07-26 15:44:38.773071,5273083.0,5273533.0,21.070590698242185,21.074590738932294,23.033856689453128,23.03785673014323
2023-07-26 15:44:38.782041,5273085.0,5273535.0,21.07928674316406,21.083286783854167,23.042552734375,23.04655281575521
2023-07-26 15:44:38.791015,5273087.0,5273537.0,21.087982788085938,21.091982869466147,23.051248819986977,23.055248860677082
2023-07-26 15:44:38.799041,5273089.0,5273539.0,21.096678873697915,21.100678914388023,23.059944864908857,23.06394490559896
2023-07-26 15:44:38.808015,5273091.0,5273541.0,21.105385335286456,21.10938537597656,23.06864090983073,23.072640991210935
2023-07-26 15:44:38.816985,5273093.0,5273543.0,21.114070963541668,21.118071044921873,23.077336669921873,23.08133671061198
2023-07-26 15:44:38.824954,5273095.0,5273545.0,21.122766682942707,21.12676676432292,23.08603271484375,23.090032755533855
2023-07-26 15:44:38.833924,5273097.0,5273547.0,21.131462768554687,21.135462809244792,23.094728759765626,23.09872884114583
2023-07-26 15:44:38.842894,5273099.0,5273549.0,21.140158813476564,21.144158854166665,23.103424845377603,23.107424886067708
2023-07-26 15:44:38.851863,5273101.0,5273551.0,21.148854858398437,21.152854939778646,23.112120890299476,23.116120930989585
2023-07-26 15:44:38.859837,5273103.0,5273553.0,21.157550944010417,21.161550984700522,23.120816935221356,23.12481701660156
2023-07-26 15:44:38.868807,5273105.0,5273555.0,21.16624694824219,21.170246948242188,23.129512654622395,23.133512736002604
2023-07-26 15:44:38.877777,5273107.0,5273557.0,21.174942708333333,21.178942789713542,23.138208740234372,23.14220878092448
2023-07-26 15:44:38.886752,5273109.0,5273559.0,21.183638793945313,21.18763883463542,23.146904785156252,23.150904825846354
2023-07-26 15:44:38.894720,5273111.0,5273561.0,21.19233483886719,21.19633487955729,23.155600830078125,23.159600911458334
2023-07-26 15:44:38.903690,5273113.0,5273563.0,21.201030883789063,21.205030965169268,23.1642969156901,23.16829695638021
2023-07-26 15:44:38.912660,5273115.0,5273565.0,21.20972696940104,21.213727010091148,23.172992919921874,23.176992919921872
2023-07-26 15:44:38.921630,5273117.0,5273567.0,21.21842272949219,21.222422729492187,23.18168868001302,23.18568876139323
2023-07-26 15:44:38.929603,5273119.0,5273569.0,21.22711873372396,21.231118774414064,23.190384765624998,23.194384806315107
2023-07-26 15:44:38.938573,5273121.0,5273571.0,21.235814778645832,21.239814860026044,23.199080810546878,23.20308085123698
2023-07-26 15:44:38.947543,5273123.0,5273573.0,21.244510864257812,21.248510904947917,23.20777685546875,23.211776936848956
2023-07-26 15:44:38.956142,5273125.0,5273575.0,21.25320690917969,21.25720694986979,23.216472941080728,23.220472981770833
2023-07-26 15:44:38.964805,5273127.0,5273577.0,21.26190295410156,21.265903035481774,23.225168701171874,23.229168701171876
2023-07-26 15:44:38.973480,5273129.0,5273579.0,21.270598714192708,21.274598754882813,23.233864705403647,23.23786474609375
2023-07-26 15:44:38.981586,5273131.0,5273581.0,21.279294759114585,21.283294799804686,23.24256075032552,23.24656083170573
2023-07-26 15:44:38.990791,5273133.0,5273583.0,21.287990804036458,21.291990885416666,23.2512568359375,23.255256876627605
2023-07-26 15:44:38.999045,5273135.0,5273585.0,21.296686889648438,21.300686930338543,23.259952880859377,23.26395292154948
2023-07-26 15:44:39.008129,5273137.0,5273587.0,21.305382934570314,21.309382975260416,23.26864892578125,23.27264900716146
2023-07-26 15:44:39.016867,5273139.0,5273589.0,21.314078979492187,21.31807897949219,23.277344685872393,23.2813447265625
2023-07-26 15:44:39.025555,5273141.0,5273591.0,21.322774698893227,21.32677478027344,23.286040730794273,23.290040771484374
2023-07-26 15:44:39.034253,5273143.0,5273593.0,21.33147078450521,21.335470825195312,23.294736775716146,23.298736857096355
2023-07-26 15:44:39.042959,5273145.0,5273595.0,21.340166829427083,21.344166870117185,23.303432861328123,23.30743290201823
2023-07-26 15:44:39.051650,5273147.0,5273597.0,21.348862874348956,21.35286295572917,23.312128906250003,23.316128946940104
2023-07-26 15:44:39.059816,5273149.0,5273599.0,21.35755895996094,21.36155900065104,23.320824951171875,23.324824951171877
2023-07-26 15:44:39.068991,5273151.0,5273601.0,21.366254760742187,21.370254760742185,23.329520670572915,23.333531168619793
2023-07-26 15:44:39.077237,5273153.0,5273603.0,21.374950724283853,21.378950805664065,23.3382167561849,23.342216796875
2023-07-26 15:44:39.086442,5273155.0,5273605.0,21.383646809895833,21.387646850585938,23.34691280110677,23.350912841796873
2023-07-26 15:44:39.095192,5273157.0,5273607.0,21.39234285481771,21.39634289550781,23.355608846028645,23.359608927408853
2023-07-26 15:44:39.103882,5273159.0,5273609.0,21.401038899739582,21.405038981119795,23.364304931640625,23.36830497233073
2023-07-26 15:44:39.112578,5273161.0,5273611.0,21.409734985351562,21.413735026041667,23.373000732421875,23.377000732421873
2023-07-26 15:44:39.121280,5273163.0,5273613.0,21.418430704752605,21.422430745442707,23.38169669596354,23.38569677734375
2023-07-26 15:44:39.129959,5273165.0,5273615.0,21.42712674967448,21.431126790364583,23.39039278157552,23.394392822265626
2023-07-26 15:44:39.138222,5273167.0,5273617.0,21.43583321126302,21.43983329264323,23.399088826497398,23.4030888671875
2023-07-26 15:44:39.147378,5273169.0,5273619.0,21.444518880208335,21.448518920898437,23.40778487141927,23.41178495279948
2023-07-26 15:44:39.155642,5273171.0,5273621.0,21.453214925130208,21.457214965820313,23.416480957031247,23.420480997721356
2023-07-26 15:44:39.164344,5273173.0,5273623.0,21.46191097005208,21.46591101074219,23.425176676432294,23.429176717122395
2023-07-26 15:44:39.173032,5273175.0,5273625.0,21.47060673014323,21.474606770833333,23.433872721354167,23.43787276204427
2023-07-26 15:44:39.182083,5273177.0,5273627.0,21.479302775065104,21.48330281575521,23.44256876627604,23.446568847656252
2023-07-26 15:44:39.190463,5273179.0,5273629.0,21.487998819986977,21.49199890136719,23.451264851888023,23.455264892578125
2023-07-26 15:44:39.199504,5273181.0,5273631.0,21.49669490559896,21.500694946289062,23.459960896809896,23.4639609375
2023-07-26 15:44:39.207771,5273183.0,5273633.0,21.505390950520834,21.509390991210935,23.46865694173177,23.472656982421874
2023-07-26 15:44:39.216452,5273185.0,5273635.0,21.514086791992188,21.51808679199219,23.47735270182292,23.48135274251302
2023-07-26 15:44:39.225201,5273187.0,5273637.0,21.52278271484375,21.52678279622396,23.486048746744792,23.490048787434894
2023-07-26 15:44:39.234595,5273189.0,5273639.0,21.53147880045573,21.53547884114583,23.494744791666665,23.498744873046874
2023-07-26 15:44:39.242598,5273191.0,5273641.0,21.540174845377603,21.544174886067708,23.503440877278646,23.50744091796875
2023-07-26 15:44:39.251721,5273193.0,5273643.0,21.548870890299476,21.55287097167969,23.512136922200522,23.516136962890624
2023-07-26 15:44:39.260012,5273195.0,5273645.0,21.55756697591146,21.56156701660156,23.520832763671876,23.524832763671878
2023-07-26 15:44:39.269279,5273197.0,5273647.0,21.5662626953125,21.570262736002604,23.529528686523435,23.533528767903647
2023-07-26 15:44:39.277558,5273199.0,5273649.0,21.574958740234372,21.578958821614584,23.53822477213542,23.54222481282552
2023-07-26 15:44:39.286577,5273201.0,5273651.0,21.583654825846356,21.587654866536457,23.54692081705729,23.550920857747396
2023-07-26 15:44:39.294773,5273203.0,5273653.0,21.59235087076823,21.596350911458334,23.555616861979164,23.559616943359377
2023-07-26 15:44:39.303794,5273205.0,5273655.0,21.6010469156901,21.605046997070314,23.564312947591148,23.56831298828125
2023-07-26 15:44:39.312814,5273207.0,5273657.0,21.609743001302085,21.613743041992187,23.573008666992187,23.57700870768229
2023-07-26 15:44:39.320858,5273209.0,5273659.0,21.618438720703125,21.62243876139323,23.58170471191406,23.585704793294273
2023-07-26 15:44:39.329900,5273211.0,5273661.0,21.627134765624998,21.631134806315107,23.590400797526044,23.594400838216146
2023-07-26 15:44:39.338946,5273213.0,5273663.0,21.635830810546878,21.639830891927083,23.599096842447917,23.603096883138022
2023-07-26 15:44:39.346995,5273215.0,5273665.0,21.644526896158855,21.648526936848956,23.60779288736979,23.611792968750002
2023-07-26 15:44:39.356156,5273217.0,5273667.0,21.653222941080728,21.657222981770833,23.616488972981774,23.620489013671875
2023-07-26 15:44:39.364217,5273219.0,5273669.0,21.661918823242186,21.665918823242187,23.625184692382813,23.629184733072915
2023-07-26 15:44:39.373187,5273221.0,5273671.0,21.67061474609375,21.674614786783852,23.633880737304686,23.63788077799479
2023-07-26 15:44:39.382157,5273223.0,5273673.0,21.679310791015624,21.68331083170573,23.64257678222656,23.64657686360677
2023-07-26 15:44:39.391127,5273225.0,5273675.0,21.6880068359375,21.69200691731771,23.651272867838543,23.655272908528644
2023-07-26 15:44:39.399101,5273227.0,5273677.0,21.69670292154948,21.700702962239582,23.659968912760416,23.66396895345052
2023-07-26 15:44:39.408070,5273229.0,5273679.0,21.705398966471353,21.70939900716146,23.668664794921874,23.672664794921875
2023-07-26 15:44:39.417040,5273231.0,5273681.0,21.714094685872393,21.7180947265625,23.67736071777344,23.68136075846354
2023-07-26 15:44:39.425014,5273233.0,5273683.0,21.722790730794273,21.726790812174478,23.686056762695312,23.690056803385417
2023-07-26 15:44:39.433984,5273235.0,5273685.0,21.73148681640625,21.735486857096355,23.694752807617185,23.698752888997397
2023-07-26 15:44:39.442953,5273237.0,5273687.0,21.740182861328122,21.74418290201823,23.70344889322917,23.70744893391927
2023-07-26 15:44:39.451924,5273239.0,5273689.0,21.74887890625,21.752878987630208,23.71214493815104,23.716144978841147
2023-07-26 15:44:39.459897,5273241.0,5273691.0,21.75757499186198,21.761575032552084,23.72084065755208,23.724840698242186
2023-07-26 15:44:39.468867,5273243.0,5273693.0,21.766281127929688,21.770281168619793,23.72953670247396,23.733536783854166
2023-07-26 15:44:39.477837,5273245.0,5273695.0,21.7749667561849,21.778966837565104,23.738232788085938,23.742232828776043
2023-07-26 15:44:39.486806,5273247.0,5273697.0,21.783662841796875,21.787662882486977,23.74692883300781,23.750928873697916
2023-07-26 15:44:39.494781,5273249.0,5273699.0,21.79235888671875,21.796358927408853,23.755635294596352,23.75963537597656
2023-07-26 15:44:39.503749,5273251.0,5273701.0,21.801054931640625,21.805055013020834,23.764320963541667,23.76832100423177
2023-07-26 15:44:39.512720,5273253.0,5273703.0,21.80975085449219,21.813750854492188,23.773016682942707,23.777016723632812
2023-07-26 15:44:39.521690,5273255.0,5273705.0,21.818446736653645,21.82244677734375,23.78171272786458,23.785712809244792
2023-07-26 15:44:39.529663,5273257.0,5273707.0,21.82714278157552,21.831142822265626,23.790408813476564,23.794408854166665
2023-07-26 15:44:39.538633,5273259.0,5273709.0,21.835838826497397,21.839838907877603,23.799104858398437,23.80310489908854
2023-07-26 15:44:39.547611,5273261.0,5273711.0,21.844534912109374,21.84853495279948,23.80780090332031,23.811800984700522
2023-07-26 15:44:39.555576,5273263.0,5273713.0,21.853230957031247,21.857230997721356,23.816496826171875,23.820496826171873
2023-07-26 15:44:39.564546,5273265.0,5273715.0,21.861926676432294,21.8659267578125,23.825192708333333,23.829192749023438
2023-07-26 15:44:39.573516,5273267.0,5273717.0,21.87062276204427,21.874622802734375,23.833888753255206,23.837888793945314
2023-07-26 15:44:39.582486,5273269.0,5273719.0,21.879318806966143,21.883318847656252,23.842584798177086,23.84658487955729
2023-07-26 15:44:39.590460,5273271.0,5273721.0,21.888014851888023,21.89201493326823,23.851280883789062,23.855280924479167
2023-07-26 15:44:39.599429,5273273.0,5273723.0,21.8967109375,21.900710978190105,23.859976928710935,23.86397696940104
2023-07-26 15:44:39.608409,5273275.0,5273725.0,21.905406982421873,21.90940702311198,23.868672648111982,23.872672729492187
2023-07-26 15:44:39.616372,5273277.0,5273727.0,21.91410270182292,21.91810274251302,23.87736873372396,23.881368774414064
2023-07-26 15:44:39.625343,5273279.0,5273729.0,21.922798746744792,21.926798828124998,23.88606477864583,23.890064819335937
2023-07-26 15:44:39.634313,5273281.0,5273731.0,21.93149483235677,21.935494873046874,23.894760823567708,23.898760904947917
2023-07-26 15:44:39.643283,5273283.0,5273733.0,21.940190877278646,21.94419091796875,23.90345690917969,23.907456949869793
2023-07-26 15:44:39.651256,5273285.0,5273735.0,21.948886922200522,21.952887003580727,23.91215295410156,23.916152994791666
2023-07-26 15:44:39.660225,5273287.0,5273737.0,21.957582885742188,21.96158288574219,23.9208486735026,23.92484871419271
2023-07-26 15:44:39.669199,5273289.0,5273739.0,21.966278727213542,21.970278767903647,23.92954471842448,23.933544799804686
2023-07-26 15:44:39.678176,5273291.0,5273741.0,21.97497477213542,21.978974853515624,23.938240804036457,23.942240844726562
2023-07-26 15:44:39.686139,5273293.0,5273743.0,21.983670857747395,21.9876708984375,23.94693684895833,23.95093688964844
2023-07-26 15:44:39.695109,5273295.0,5273745.0,21.992366902669268,21.996366943359376,23.95563289388021,23.959632975260416
2023-07-26 15:44:39.704079,5273297.0,5273747.0,22.001062947591148,22.005063028971353,23.964328857421876,23.968328857421877
2023-07-26 15:44:39.712052,5273299.0,5273749.0,22.009758666992187,22.013758748372396,23.973024698893227,23.977024739583335
2023-07-26 15:44:39.721022,5273301.0,5273751.0,22.018454752604164,22.022454793294273,23.981720743815107,23.985720825195312
2023-07-26 15:44:39.729992,5273303.0,5273753.0,22.027150838216148,22.031150838216146,23.990416829427083,23.99441687011719
2023-07-26 15:44:39.738968,5273305.0,5273755.0,22.035846842447917,22.039846923828126,23.999112874348956,24.00311291503906
2023-07-26 15:44:39.746936,5273307.0,5273757.0,22.044542928059894,22.048542968750002,24.007808919270836,24.01180900065104
2023-07-26 15:44:39.755905,5273309.0,5273759.0,22.053238972981774,22.057239013671875,24.016504638671876,24.02050472005208
2023-07-26 15:44:39.764875,5273311.0,5273761.0,22.061934692382813,22.06593477376302,24.025200724283852,24.029200764973957
2023-07-26 15:44:39.773845,5273313.0,5273763.0,22.07063077799479,22.0746308186849,24.03389676920573,24.037896809895834
2023-07-26 15:44:39.781818,5273315.0,5273765.0,22.079326822916666,22.08332686360677,24.042592814127605,24.046592895507814
2023-07-26 15:44:39.790788,5273317.0,5273767.0,22.088022867838543,22.092022949218748,24.051288899739582,24.055288940429687
2023-07-26 15:44:39.799757,5273319.0,5273769.0,22.09671895345052,22.100718994140625,24.05998494466146,24.063984985351563
2023-07-26 15:44:39.807736,5273321.0,5273771.0,22.105414916992185,22.109414916992186,24.0686806640625,24.072680745442707
2023-07-26 15:44:39.816701,5273323.0,5273773.0,22.11411071777344,22.11811075846354,24.077376749674478,24.081376790364583
2023-07-26 15:44:39.825671,5273325.0,5273775.0,22.122806762695312,22.12680684407552,24.08608321126302,24.090083251953125
2023-07-26 15:44:39.834642,5273327.0,5273777.0,22.131502848307292,22.135502888997397,24.09476883951823,24.098768920898436
2023-07-26 15:44:39.842615,5273329.0,5273779.0,22.14019889322917,22.14419893391927,24.103464925130208,24.107464965820313
2023-07-26 15:44:39.851585,5273331.0,5273781.0,22.14889493815104,22.15289501953125,24.112160888671873,24.116160888671875
2023-07-26 15:44:39.860555,5273333.0,5273783.0,22.157590698242185,22.161590738932293,24.120856689453127,24.12485673014323
2023-07-26 15:44:39.868532,5273335.0,5273785.0,22.166286743164065,22.170286783854166,24.129552734375,24.13355281575521
2023-07-26 15:44:39.877498,5273337.0,5273787.0,22.174982788085938,22.178982869466147,24.138248819986977,24.142248860677082
2023-07-26 15:44:39.886468,5273339.0,5273789.0,22.183678873697914,22.187678914388023,24.146944864908857,24.15094490559896
2023-07-26 15:44:39.895438,5273341.0,5273791.0,22.192385335286456,22.19638537597656,24.15564090983073,24.159640991210935
2023-07-26 15:44:39.903411,5273343.0,5273793.0,22.201070963541667,22.205071044921873,24.164336669921873,24.168336710611978
2023-07-26 15:44:39.912381,5273345.0,5273795.0,22.209766682942707,22.21376676432292,24.17303271484375,24.177032755533855
2023-07-26 15:44:39.921352,5273347.0,5273797.0,22.21846276855469,22.222462809244792,24.181728759765626,24.185728841145835
2023-07-26 15:44:39.930321,5273349.0,5273799.0,22.227158813476564,22.231158854166665,24.190424845377603,24.194424886067708
2023-07-26 15:44:39.938295,5273351.0,5273801.0,22.235854858398437,22.239854939778645,24.19912089029948,24.203120930989584
2023-07-26 15:44:39.947264,5273353.0,5273803.0,22.244550944010417,22.248550984700522,24.207816935221356,24.21181701660156
2023-07-26 15:44:39.956234,5273355.0,5273805.0,22.25324694824219,22.257246948242187,24.216512654622395,24.220512736002604
2023-07-26 15:44:39.965211,5273357.0,5273807.0,22.261942708333333,22.26594278971354,24.225208740234372,24.22920878092448
2023-07-26 15:44:39.973178,5273359.0,5273809.0,22.270638793945313,22.274638834635418,24.233904785156252,24.237904825846353
2023-07-26 15:44:39.982148,5273361.0,5273811.0,22.27933483886719,22.28333487955729,24.242600830078125,24.246600911458334
2023-07-26 15:44:39.990988,5273363.0,5273813.0,22.288030883789062,22.29203096516927,24.2512969156901,24.25529695638021
2023-07-26 15:44:39.999963,5273365.0,5273815.0,22.29672696940104,22.300727010091148,24.259992919921874,24.263992919921872
2023-07-26 15:44:40.007935,5273367.0,5273817.0,22.30542272949219,22.309422729492187,24.26868868001302,24.27268876139323
2023-07-26 15:44:40.016905,5273369.0,5273819.0,22.31411873372396,22.318118774414064,24.277384765624998,24.281384806315106
2023-07-26 15:44:40.025871,5273371.0,5273821.0,22.32281477864583,22.326814860026044,24.286080810546878,24.29008085123698
2023-07-26 15:44:40.033844,5273373.0,5273823.0,22.33151086425781,22.335510904947917,24.29477685546875,24.298776936848956
2023-07-26 15:44:40.042819,5273375.0,5273825.0,22.340206909179688,22.34420694986979,24.303472941080727,24.307472981770832
2023-07-26 15:44:40.051784,5273377.0,5273827.0,22.34890295410156,22.352903035481773,24.312168701171878,24.316168701171875
2023-07-26 15:44:40.060754,5273379.0,5273829.0,22.35759871419271,22.361598754882813,24.320864705403647,24.324864746093752
2023-07-26 15:44:40.068728,5273381.0,5273831.0,22.366294759114584,22.370294799804686,24.32956075032552,24.33356083170573
2023-07-26 15:44:40.077697,5273383.0,5273833.0,22.374990804036457,22.378990885416666,24.3382568359375,24.342256876627605
2023-07-26 15:44:40.086158,5273385.0,5273835.0,22.383686889648438,22.387686930338543,24.346952880859376,24.350952921549478
2023-07-26 15:44:40.094873,5273387.0,5273837.0,22.392382934570314,22.396382975260416,24.35564892578125,24.359649007161458
2023-07-26 15:44:40.103569,5273389.0,5273839.0,22.401078979492187,22.40507897949219,24.364344685872393,24.3683447265625
2023-07-26 15:44:40.112283,5273391.0,5273841.0,22.409774698893226,22.41377478027344,24.373040730794273,24.377040771484374
2023-07-26 15:44:40.120954,5273393.0,5273843.0,22.41847078450521,22.42247082519531,24.381736775716146,24.385736857096354
2023-07-26 15:44:40.130013,5273395.0,5273845.0,22.427166829427083,22.43116687011719,24.390432861328122,24.39443290201823
2023-07-26 15:44:40.138290,5273397.0,5273847.0,22.435862874348956,22.43986295572917,24.399128906250002,24.403128946940104
2023-07-26 15:44:40.147398,5273399.0,5273849.0,22.44455895996094,22.44855900065104,24.407824951171875,24.411824951171877
2023-07-26 15:44:40.155775,5273401.0,5273851.0,22.453254760742187,22.457254760742185,24.416520670572915,24.420531168619792
2023-07-26 15:44:40.164445,5273403.0,5273853.0,22.461950724283852,22.465950805664065,24.4252167561849,24.429216796875
2023-07-26 15:44:40.173111,5273405.0,5273855.0,22.470646809895833,22.474646850585938,24.43391280110677,24.437912841796873
2023-07-26 15:44:40.182192,5273407.0,5273857.0,22.47934285481771,22.483342895507814,24.442608846028644,24.446608927408853
2023-07-26 15:44:40.190543,5273409.0,5273859.0,22.488038899739582,22.492038981119794,24.451304931640628,24.45530497233073
2023-07-26 15:44:40.199722,5273411.0,5273861.0,22.496734985351566,22.500735026041667,24.460000732421875,24.464000732421873
2023-07-26 15:44:40.208362,5273413.0,5273863.0,22.505430704752605,22.509430745442707,24.46869669596354,24.47269677734375
2023-07-26 15:44:40.216600,5273415.0,5273865.0,22.514126749674478,22.518126790364583,24.47739278157552,24.481392822265626
2023-07-26 15:44:40.225942,5273417.0,5273867.0,22.52283321126302,22.52683329264323,24.486088826497397,24.4900888671875
2023-07-26 15:44:40.234476,5273419.0,5273869.0,22.531518880208335,22.535518920898436,24.49478487141927,24.49878495279948
2023-07-26 15:44:40.243148,5273421.0,5273871.0,22.540214925130208,22.544214965820313,24.503480957031247,24.507480997721355
2023-07-26 15:44:40.251858,5273423.0,5273873.0,22.54891097005208,22.55291101074219,24.512176676432293,24.516176717122395
2023-07-26 15:44:40.260487,5273425.0,5273875.0,22.55760673014323,22.561606770833333,24.520872721354166,24.52487276204427
2023-07-26 15:44:40.268746,5273427.0,5273877.0,22.566302775065104,22.57030281575521,24.52956876627604,24.53356884765625
2023-07-26 15:44:40.277865,5273429.0,5273879.0,22.574998819986977,22.57899890136719,24.538264851888023,24.542264892578125
2023-07-26 15:44:40.286495,5273431.0,5273881.0,22.58369490559896,22.587694946289062,24.546960896809896,24.5509609375
2023-07-26 15:44:40.294712,5273433.0,5273883.0,22.592390950520834,22.596390991210935,24.55565694173177,24.559656982421874
2023-07-26 15:44:40.303950,5273435.0,5273885.0,22.601086791992188,22.60508679199219,24.56435270182292,24.56835274251302
2023-07-26 15:44:40.312168,5273437.0,5273887.0,22.60978271484375,22.61378279622396,24.573048746744792,24.577048787434894
2023-07-26 15:44:40.321303,5273439.0,5273889.0,22.61847880045573,22.622478841145835,24.581744791666665,24.585744873046874
2023-07-26 15:44:40.329578,5273441.0,5273891.0,22.627174845377603,22.631174886067708,24.59044087727865,24.59444091796875
2023-07-26 15:44:40.338753,5273443.0,5273893.0,22.63587089029948,22.639870971679688,24.599136922200522,24.603136962890623
2023-07-26 15:44:40.346901,5273445.0,5273895.0,22.64456697591146,22.64856701660156,24.607832763671876,24.611832763671877
2023-07-26 15:44:40.356367,5273447.0,5273897.0,22.6532626953125,22.657262736002604,24.616528686523434,24.620528767903647
2023-07-26 15:44:40.364601,5273449.0,5273899.0,22.661958740234372,22.665958821614584,24.625224772135418,24.62922481282552
2023-07-26 15:44:40.372972,5273451.0,5273901.0,22.670654825846356,22.674654866536457,24.63392081705729,24.637920857747396
2023-07-26 15:44:40.381650,5273453.0,5273903.0,22.67935087076823,22.683350911458334,24.642616861979164,24.646616943359376
2023-07-26 15:44:40.390800,5273455.0,5273905.0,22.6880469156901,22.692046997070314,24.651312947591148,24.65531298828125
2023-07-26 15:44:40.399542,5273457.0,5273907.0,22.696743001302085,22.700743041992187,24.660008666992187,24.664008707682292
2023-07-26 15:44:40.407756,5273459.0,5273909.0,22.705438720703125,22.70943876139323,24.66870471191406,24.672704793294272
2023-07-26 15:44:40.416947,5273461.0,5273911.0,22.714134765624998,22.718134806315106,24.677400797526044,24.681400838216145
2023-07-26 15:44:40.425158,5273463.0,5273913.0,22.722830810546878,22.726830891927083,24.686096842447917,24.690096883138022
2023-07-26 15:44:40.433835,5273465.0,5273915.0,22.731526896158854,22.73552693684896,24.69479288736979,24.698792968750002
2023-07-26 15:44:40.442511,5273467.0,5273917.0,22.740222941080727,22.744222981770832,24.703488972981773,24.707489013671875
2023-07-26 15:44:40.451707,5273469.0,5273919.0,22.748918823242185,22.752918823242187,24.712184692382813,24.716184733072918
2023-07-26 15:44:40.460099,5273471.0,5273921.0,22.75761474609375,22.761614786783856,24.720880737304686,24.72488077799479
2023-07-26 15:44:40.468632,5273473.0,5273923.0,22.766310791015623,22.77031083170573,24.729576782226562,24.73357686360677
2023-07-26 15:44:40.477367,5273475.0,5273925.0,22.775006876627604,22.77900691731771,24.738272867838543,24.742272908528644
2023-07-26 15:44:40.486030,5273477.0,5273927.0,22.78370292154948,22.78770296223958,24.746968912760416,24.75096895345052
2023-07-26 15:44:40.495151,5273479.0,5273929.0,22.792398966471353,22.796399007161458,24.755664794921874,24.759664794921875
2023-07-26 15:44:40.504182,5273481.0,5273931.0,22.8010947265625,22.8050947265625,24.76436071777344,24.76836075846354
2023-07-26 15:44:40.512498,5273483.0,5273933.0,22.809790730794273,22.813790812174478,24.77305676269531,24.777056803385417
2023-07-26 15:44:40.520859,5273485.0,5273935.0,22.81848681640625,22.822486857096354,24.781752807617185,24.785752888997397
2023-07-26 15:44:40.529488,5273487.0,5273937.0,22.827182861328122,22.83118290201823,24.79044889322917,24.79444893391927
2023-07-26 15:44:40.538200,5273489.0,5273939.0,22.835878946940106,22.839878987630208,24.79914493815104,24.803144978841146
2023-07-26 15:44:40.546914,5273491.0,5273941.0,22.84457499186198,22.848575032552084,24.80784065755208,24.811840698242186
2023-07-26 15:44:40.555605,5273493.0,5273943.0,22.853281127929687,22.857281168619792,24.81653670247396,24.820536783854166
2023-07-26 15:44:40.564795,5273495.0,5273945.0,22.8619667561849,22.865966837565104,24.825232788085938,24.829232828776043
2023-07-26 15:44:40.572902,5273497.0,5273947.0,22.870662841796875,22.87466288248698,24.83392883300781,24.837928873697916
2023-07-26 15:44:40.582207,5273499.0,5273949.0,22.879358886718748,22.883358927408853,24.842635294596352,24.84663537597656
2023-07-26 15:44:40.590511,5273501.0,5273951.0,22.888054931640628,22.892055013020833,24.851320963541667,24.855321004231772
2023-07-26 15:44:40.599112,5273503.0,5273953.0,22.89675085449219,22.900750854492188,24.860016682942707,24.864016723632812
2023-07-26 15:44:40.607819,5273505.0,5273955.0,22.905446736653644,22.90944677734375,24.868712727864583,24.872712809244792
2023-07-26 15:44:40.617239,5273507.0,5273957.0,22.91414278157552,22.918142822265626,24.877408813476563,24.881408854166665
2023-07-26 15:44:40.625707,5273509.0,5273959.0,22.922838826497397,22.926838907877602,24.886104858398436,24.89010489908854
2023-07-26 15:44:40.634469,5273511.0,5273961.0,22.931534912109374,22.93553495279948,24.89480090332031,24.89880098470052
2023-07-26 15:44:40.642803,5273513.0,5273963.0,22.940230957031247,22.944230997721355,24.903496826171875,24.907496826171876
2023-07-26 15:44:40.651858,5273515.0,5273965.0,22.948926676432293,22.9529267578125,24.912192708333333,24.916192749023438
2023-07-26 15:44:40.660544,5273517.0,5273967.0,22.95762276204427,22.961622802734375,24.920888753255205,24.924888793945314
2023-07-26 15:44:40.669222,5273519.0,5273969.0,22.966318806966143,22.97031884765625,24.929584798177086,24.93358487955729
2023-07-26 15:44:40.677381,5273521.0,5273971.0,22.975014851888023,22.97901493326823,24.938280883789062,24.942280924479167
2023-07-26 15:44:40.686678,5273523.0,5273973.0,22.9837109375,22.987710978190105,24.946976928710935,24.95097696940104
2023-07-26 15:44:40.694862,5273525.0,5273975.0,22.992406982421873,22.99640702311198,24.95567264811198,24.959672729492187
2023-07-26 15:44:40.703388,5273527.0,5273977.0,23.00110270182292,23.00510274251302,24.96436873372396,24.968368774414063
2023-07-26 15:44:40.712522,5273529.0,5273979.0,23.009798746744792,23.013798828125,24.97306477864583,24.977064819335936
2023-07-26 15:44:40.720856,5273531.0,5273981.0,23.01849483235677,23.022494873046874,24.98176082356771,24.985760904947917
2023-07-26 15:44:40.729955,5273533.0,5273983.0,23.02719087727865,23.03119091796875,24.990456909179688,24.994456949869793
2023-07-26 15:44:40.738445,5273535.0,5273985.0,23.035886922200522,23.039887003580727,24.99915295410156,25.003152994791666
2023-07-26 15:44:40.747045,5273537.0,5273987.0,23.044582885742187,23.04858288574219,25.007848673502604,25.01184871419271
2023-07-26 15:44:40.755795,5273539.0,5273989.0,23.05327872721354,23.057278767903647,25.01654471842448,25.020544799804686
2023-07-26 15:44:40.764450,5273541.0,5273991.0,23.061974772135418,23.065974853515623,25.025240804036457,25.029240844726562
2023-07-26 15:44:40.773646,5273543.0,5273993.0,23.070670857747395,23.0746708984375,25.03393684895833,25.03793688964844
2023-07-26 15:44:40.781890,5273545.0,5273995.0,23.079366902669268,23.083366943359376,25.04263289388021,25.046632975260415
2023-07-26 15:44:40.791220,5273547.0,5273997.0,23.088062947591148,23.092063028971353,25.051328857421876,25.055328857421877
2023-07-26 15:44:40.799703,5273549.0,5273999.0,23.096758666992187,23.100758748372396,25.060024698893226,25.064024739583335
2023-07-26 15:44:40.808204,5273551.0,5274001.0,23.105454752604164,23.109454793294272,25.068720743815106,25.07272082519531
2023-07-26 15:44:40.816515,5273553.0,5274003.0,23.114150797526044,23.118150838216145,25.077416829427083,25.081416870117188
2023-07-26 15:44:40.825669,5273555.0,5274005.0,23.122846842447917,23.126846923828126,25.086112874348956,25.09011291503906
2023-07-26 15:44:40.834505,5273557.0,5274007.0,23.131542928059893,23.135542968750002,25.094808919270836,25.09880900065104
2023-07-26 15:44:40.842685,5273559.0,5274009.0,23.140238972981773,23.144239013671875,25.103504638671875,25.107504720052084
2023-07-26 15:44:40.852104,5273561.0,5274011.0,23.148934692382813,23.152934773763022,25.112200724283852,25.116200764973957
2023-07-26 15:44:40.860693,5273563.0,5274013.0,23.15763077799479,23.1616308186849,25.120896769205732,25.124896809895834
2023-07-26 15:44:40.868777,5273565.0,5274015.0,23.16632682291667,23.17032686360677,25.129592814127605,25.133592895507814
2023-07-26 15:44:40.878024,5273567.0,5274017.0,23.175022867838543,23.179022949218748,25.13828889973958,25.142288940429687
2023-07-26 15:44:40.886247,5273569.0,5274019.0,23.18371895345052,23.187718994140624,25.146984944661458,25.150984985351563
2023-07-26 15:44:40.895299,5273571.0,5274021.0,23.192414916992185,23.196414916992186,25.1556806640625,25.159680745442706
2023-07-26 15:44:40.903737,5273573.0,5274023.0,23.20111071777344,23.20511075846354,25.164376749674478,25.168376790364583
2023-07-26 15:44:40.912737,5273575.0,5274025.0,23.20980676269531,23.21380684407552,25.17308321126302,25.177083251953125
2023-07-26 15:44:40.921439,5273577.0,5274027.0,23.218502848307292,23.222502888997397,25.18176883951823,25.185768920898436
2023-07-26 15:44:40.930114,5273579.0,5274029.0,23.22719889322917,23.23119893391927,25.190464925130208,25.194464965820313
2023-07-26 15:44:40.938447,5273581.0,5274031.0,23.23589493815104,23.23989501953125,25.199160888671873,25.203160888671874
2023-07-26 15:44:40.946979,5273583.0,5274033.0,23.244590698242185,23.248590738932293,25.207856689453127,25.21185673014323
2023-07-26 15:44:40.955631,5273585.0,5274035.0,23.253286743164065,23.257286783854166,25.216552734375,25.22055281575521
2023-07-26 15:44:40.964343,5273587.0,5274037.0,23.261982788085938,23.265982869466146,25.225248819986977,25.22924886067708
2023-07-26 15:44:40.973396,5273589.0,5274039.0,23.270678873697914,23.274678914388023,25.233944864908857,25.237944905598958
2023-07-26 15:44:40.981731,5273591.0,5274041.0,23.27938533528646,23.28338537597656,25.24264090983073,25.24664099121094
2023-07-26 15:44:40.990382,5273593.0,5274043.0,23.288070963541667,23.292071044921876,25.251336669921873,25.255336710611978
2023-07-26 15:44:40.999498,5273595.0,5274045.0,23.296766682942707,23.30076676432292,25.260032714843753,25.264032755533854
2023-07-26 15:44:41.008073,5273597.0,5274047.0,23.30546276855469,23.309462809244792,25.268728759765626,25.272728841145835
2023-07-26 15:44:41.016581,5273599.0,5274049.0,23.314158813476563,23.318158854166665,25.277424845377602,25.281424886067708
2023-07-26 15:44:41.025597,5273601.0,5274051.0,23.322854858398436,23.326854939778645,25.28612089029948,25.290120930989584
2023-07-26 15:44:41.033884,5273603.0,5274053.0,23.331550944010417,23.33555098470052,25.294816935221355,25.29881701660156
2023-07-26 15:44:41.043057,5273605.0,5274055.0,23.34024694824219,23.344246948242187,25.303512654622395,25.307512736002604
2023-07-26 15:44:41.051669,5273607.0,5274057.0,23.348942708333333,23.35294278971354,25.312208740234375,25.31620878092448
2023-07-26 15:44:41.060025,5273609.0,5274059.0,23.357638793945313,23.361638834635418,25.32090478515625,25.324904825846353
2023-07-26 15:44:41.069169,5273611.0,5274061.0,23.36633483886719,23.37033487955729,25.329600830078125,25.333600911458333
2023-07-26 15:44:41.077471,5273613.0,5274063.0,23.375030883789062,23.37903096516927,25.3382969156901,25.34229695638021
2023-07-26 15:44:41.086891,5273615.0,5274065.0,23.38372696940104,23.387727010091147,25.346992919921874,25.35099291992187
2023-07-26 15:44:41.095012,5273617.0,5274067.0,23.39242272949219,23.396422729492187,25.35568868001302,25.35968876139323
2023-07-26 15:44:41.103713,5273619.0,5274069.0,23.40111873372396,23.405118774414063,25.364384765624997,25.368384806315106
2023-07-26 15:44:41.112790,5273621.0,5274071.0,23.40981477864583,23.413814860026044,25.373080810546877,25.37708085123698
2023-07-26 15:44:41.121123,5273623.0,5274073.0,23.418510864257815,23.422510904947917,25.38177685546875,25.38577693684896
2023-07-26 15:44:41.129572,5273625.0,5274075.0,23.427206909179688,23.431206949869793,25.390472941080727,25.394472981770832
2023-07-26 15:44:41.138720,5273627.0,5274077.0,23.43590295410156,23.439903035481773,25.399168701171877,25.403168701171875
2023-07-26 15:44:41.147522,5273629.0,5274079.0,23.44459871419271,23.448598754882813,25.407864705403647,25.41186474609375
2023-07-26 15:44:41.155868,5273631.0,5274081.0,23.453294759114584,23.457294799804686,25.41656075032552,25.42056083170573
2023-07-26 15:44:41.165021,5273633.0,5274083.0,23.461990804036457,23.465990885416666,25.4252568359375,25.429256876627605
2023-07-26 15:44:41.173078,5273635.0,5274085.0,23.470686889648437,23.474686930338542,25.433952880859376,25.437952921549478
2023-07-26 15:44:41.182362,5273637.0,5274087.0,23.479382934570314,23.483382975260415,25.44264892578125,25.446649007161458
2023-07-26 15:44:41.190569,5273639.0,5274089.0,23.488078979492187,23.492078979492188,25.451344685872396,25.4553447265625
2023-07-26 15:44:41.199652,5273641.0,5274091.0,23.496774698893226,23.50077478027344,25.460040730794272,25.464040771484374
2023-07-26 15:44:41.207916,5273643.0,5274093.0,23.50547078450521,23.50947082519531,25.468736775716145,25.472736857096354
2023-07-26 15:44:41.216625,5273645.0,5274095.0,23.514166829427083,23.518166870117188,25.477432861328122,25.48143290201823
2023-07-26 15:44:41.225871,5273647.0,5274097.0,23.522862874348956,23.526862955729168,25.486128906250002,25.490128946940104
2023-07-26 15:44:41.234351,5273649.0,5274099.0,23.53155895996094,23.53555900065104,25.494824951171875,25.498824951171876
2023-07-26 15:44:41.243407,5273651.0,5274101.0,23.540254760742187,23.544254760742188,25.503520670572914,25.507531168619792
2023-07-26 15:44:41.251721,5273653.0,5274103.0,23.548950724283852,23.552950805664064,25.5122167561849,25.516216796875
2023-07-26 15:44:41.260925,5273655.0,5274105.0,23.557646809895836,23.561646850585937,25.52091280110677,25.524912841796876
2023-07-26 15:44:41.269077,5273657.0,5274107.0,23.56634285481771,23.570342895507814,25.529608846028644,25.533608927408853
2023-07-26 15:44:41.277524,5273659.0,5274109.0,23.57503889973958,23.579038981119794,25.538304931640628,25.54230497233073
2023-07-26 15:44:41.286929,5273661.0,5274111.0,23.583734985351565,23.587735026041667,25.547000732421875,25.551000732421873
2023-07-26 15:44:41.295390,5273663.0,5274113.0,23.592430704752605,23.596430745442706,25.55569669596354,25.55969677734375
2023-07-26 15:44:41.304033,5273665.0,5274115.0,23.601126749674478,23.605126790364583,25.56439278157552,25.568392822265626
2023-07-26 15:44:41.312317,5273667.0,5274117.0,23.60983321126302,23.61383329264323,25.573088826497397,25.5770888671875
2023-07-26 15:44:41.321524,5273669.0,5274119.0,23.618518880208335,23.622518920898436,25.58178487141927,25.58578495279948
2023-07-26 15:44:41.329823,5273671.0,5274121.0,23.627214925130207,23.631214965820313,25.59048095703125,25.594480997721355
2023-07-26 15:44:41.339070,5273673.0,5274123.0,23.63591097005208,23.63991101074219,25.599176676432293,25.603176717122395
2023-07-26 15:44:41.347245,5273675.0,5274125.0,23.64460673014323,23.648606770833332,25.607872721354166,25.61187276204427
2023-07-26 15:44:41.355765,5273677.0,5274127.0,23.653302775065104,23.65730281575521,25.61656876627604,25.62056884765625
2023-07-26 15:44:41.364431,5273679.0,5274129.0,23.661998819986977,23.66599890136719,25.625264851888023,25.629264892578124
2023-07-26 15:44:41.373119,5273681.0,5274131.0,23.67069490559896,23.674694946289062,25.633960896809896,25.6379609375
2023-07-26 15:44:41.381743,5273683.0,5274133.0,23.679390950520833,23.68339099121094,25.64265694173177,25.646656982421874
2023-07-26 15:44:41.391156,5273685.0,5274135.0,23.688086791992188,23.69208679199219,25.65135270182292,25.65535274251302
2023-07-26 15:44:41.399769,5273687.0,5274137.0,23.696782714843753,23.700782796223958,25.660048746744792,25.664048787434897
2023-07-26 15:44:41.408376,5273689.0,5274139.0,23.70547880045573,23.709478841145835,25.668744791666665,25.672744873046874
2023-07-26 15:44:41.417064,5273691.0,5274141.0,23.714174845377602,23.718174886067708,25.67744087727865,25.68144091796875
2023-07-26 15:44:41.425317,5273693.0,5274143.0,23.72287089029948,23.726870971679688,25.68613692220052,25.690136962890623
2023-07-26 15:44:41.434678,5273695.0,5274145.0,23.73156697591146,23.735567016601564,25.694832763671876,25.698832763671877
2023-07-26 15:44:41.443029,5273697.0,5274147.0,23.7402626953125,23.744262736002604,25.703528686523434,25.707528767903646
2023-07-26 15:44:41.452135,5273699.0,5274149.0,23.74895874023437,23.752958821614584,25.712224772135418,25.716224812825523
2023-07-26 15:44:41.460421,5273701.0,5274151.0,23.757654825846355,23.761654866536457,25.72092081705729,25.724920857747396
2023-07-26 15:44:41.468726,5273703.0,5274153.0,23.76635087076823,23.770350911458333,25.729616861979167,25.733616943359376
2023-07-26 15:44:41.477816,5273705.0,5274155.0,23.7750469156901,23.779046997070314,25.738312947591147,25.74231298828125
2023-07-26 15:44:41.486139,5273707.0,5274157.0,23.783743001302085,23.787743041992186,25.747008666992187,25.751008707682292
2023-07-26 15:44:41.495503,5273709.0,5274159.0,23.792438720703124,23.79643876139323,25.75570471191406,25.759704793294272
2023-07-26 15:44:41.503878,5273711.0,5274161.0,23.801134765624997,23.805134806315106,25.764400797526044,25.768400838216145
2023-07-26 15:44:41.513019,5273713.0,5274163.0,23.809830810546877,23.813830891927083,25.773096842447917,25.77709688313802
2023-07-26 15:44:41.521287,5273715.0,5274165.0,23.818526896158854,23.82252693684896,25.78179288736979,25.785792968750002
2023-07-26 15:44:41.529710,5273717.0,5274167.0,23.827222941080727,23.831222981770832,25.790488972981773,25.794489013671875
2023-07-26 15:44:41.538695,5273719.0,5274169.0,23.83591882324219,23.839918823242186,25.799184692382813,25.803184733072918
2023-07-26 15:44:41.547049,5273721.0,5274171.0,23.84461474609375,23.848614786783855,25.807880737304686,25.81188077799479
2023-07-26 15:44:41.556183,5273723.0,5274173.0,23.853310791015623,23.85731083170573,25.816576782226562,25.82057686360677
2023-07-26 15:44:41.564466,5273725.0,5274175.0,23.8620068359375,23.86600691731771,25.825272867838542,25.829272908528647
2023-07-26 15:44:41.573744,5273727.0,5274177.0,23.87070292154948,23.874702962239585,25.833968912760415,25.83796895345052
2023-07-26 15:44:41.581839,5273729.0,5274179.0,23.879398966471353,23.883399007161458,25.842664794921873,25.846664794921875
2023-07-26 15:44:41.591129,5273731.0,5274181.0,23.888094685872396,23.8920947265625,25.85136071777344,25.855360758463544
2023-07-26 15:44:41.599205,5273733.0,5274183.0,23.896790730794272,23.900790812174478,25.86005676269531,25.864056803385417
2023-07-26 15:44:41.608519,5273735.0,5274185.0,23.90548681640625,23.909486857096354,25.868752807617184,25.872752888997397
2023-07-26 15:44:41.616606,5273737.0,5274187.0,23.914182861328122,23.91818290201823,25.877448893229168,25.88144893391927
2023-07-26 15:44:41.625726,5273739.0,5274189.0,23.922878906250002,23.926878987630207,25.88614493815104,25.890144978841146
2023-07-26 15:44:41.634913,5273741.0,5274191.0,23.93157499186198,23.935575032552084,25.89484065755208,25.898840698242186
2023-07-26 15:44:41.643235,5273743.0,5274193.0,23.940281127929687,23.944281168619792,25.90353670247396,25.907536783854166
2023-07-26 15:44:41.651422,5273745.0,5274195.0,23.9489667561849,23.952966837565103,25.912232788085937,25.916232828776042
2023-07-26 15:44:41.660734,5273747.0,5274197.0,23.957662841796875,23.96166288248698,25.92092883300781,25.924928873697915
2023-07-26 15:44:41.668804,5273749.0,5274199.0,23.966358886718748,23.970358927408853,25.929635294596356,25.93363537597656
2023-07-26 15:44:41.677774,5273751.0,5274201.0,23.975054931640628,23.979055013020833,25.938320963541667,25.942321004231772
2023-07-26 15:44:41.686862,5273753.0,5274203.0,23.98375085449219,23.987750854492187,25.94701672363281,25.95101672363281
2023-07-26 15:44:41.694985,5273755.0,5274205.0,23.992446736653644,23.99644677734375,25.955712727864583,25.95971280924479
2023-07-26 15:44:41.704174,5273757.0,5274207.0,24.00114278157552,24.005142822265626,25.964408813476563,25.968408854166668
2023-07-26 15:44:41.712499,5273759.0,5274209.0,24.009838826497397,24.013838907877606,25.973104858398436,25.97710489908854
2023-07-26 15:44:41.721640,5273761.0,5274211.0,24.018534912109374,24.02253495279948,25.981800903320313,25.98580098470052
2023-07-26 15:44:41.730027,5273763.0,5274213.0,24.02723095703125,24.031230997721355,25.990496826171874,25.994496826171876
2023-07-26 15:44:41.738560,5273765.0,5274215.0,24.035926676432293,24.0399267578125,25.999192708333332,26.003192749023437
2023-07-26 15:44:41.747738,5273767.0,5274217.0,24.04462276204427,24.048622802734375,26.007888753255205,26.011888793945314
2023-07-26 15:44:41.755827,5273769.0,5274219.0,24.053318806966143,24.05731884765625,26.016584798177085,26.02058487955729
2023-07-26 15:44:41.765030,5273771.0,5274221.0,24.062014851888023,24.066014933268228,26.025280883789062,26.029280924479167
2023-07-26 15:44:41.773156,5273773.0,5274223.0,24.0707109375,24.074710978190105,26.033976928710935,26.03797696940104
2023-07-26 15:44:41.782683,5273775.0,5274225.0,24.079406982421872,24.08340702311198,26.04267264811198,26.046672729492187
2023-07-26 15:44:41.790928,5273777.0,5274227.0,24.08810270182292,24.09210274251302,26.051368733723958,26.055368774414063
2023-07-26 15:44:41.799435,5273779.0,5274229.0,24.096798746744792,24.100798828125,26.06006477864583,26.064064819335936
2023-07-26 15:44:41.808600,5273781.0,5274231.0,24.10549483235677,24.109494873046874,26.06876082356771,26.072760904947916
2023-07-26 15:44:41.816716,5273783.0,5274233.0,24.11419087727865,24.11819091796875,26.077456909179688,26.081456949869793
2023-07-26 15:44:41.825214,5273785.0,5274235.0,24.12288692220052,24.126887003580727,26.08615295410156,26.090152994791666
2023-07-26 15:44:41.834624,5273787.0,5274237.0,24.131582885742187,24.13558288574219,26.094848673502604,26.09884871419271
2023-07-26 15:44:41.842729,5273789.0,5274239.0,24.140278727213545,24.144278767903646,26.10354471842448,26.10754479980469
2023-07-26 15:44:41.852083,5273791.0,5274241.0,24.148974772135418,24.152974853515627,26.112240804036457,26.116240844726562
2023-07-26 15:44:41.860271,5273793.0,5274243.0,24.157670857747394,24.1616708984375,26.120936848958333,26.12493688964844
2023-07-26 15:44:41.869436,5273795.0,5274245.0,24.16636690266927,24.170366943359376,26.12963289388021,26.133632975260415
2023-07-26 15:44:41.877489,5273797.0,5274247.0,24.175062947591147,24.179063028971353,26.138328857421875,26.142328857421877
2023-07-26 15:44:41.886689,5273799.0,5274249.0,24.183758666992187,24.187758748372396,26.147024698893226,26.151024739583335
2023-07-26 15:44:41.895020,5273801.0,5274251.0,24.192454752604164,24.196454793294272,26.155720743815106,26.15972082519531
2023-07-26 15:44:41.904298,5273803.0,5274253.0,24.201150797526044,24.205150838216145,26.164416829427083,26.168416870117188
2023-07-26 15:44:41.912650,5273805.0,5274255.0,24.209846842447917,24.213846923828125,26.173112874348956,26.17711291503906
2023-07-26 15:44:41.921005,5273807.0,5274257.0,24.218542928059893,24.222542968750002,26.181808919270836,26.18580900065104
2023-07-26 15:44:41.930434,5273809.0,5274259.0,24.227238972981773,24.231239013671875,26.190504638671875,26.194504720052084
2023-07-26 15:44:41.938452,5273811.0,5274261.0,24.235934692382813,24.23993477376302,26.199200724283852,26.203200764973957
2023-07-26 15:44:41.947621,5273813.0,5274263.0,24.24463077799479,24.248630818684898,26.207896769205732,26.211896809895833
2023-07-26 15:44:41.955801,5273815.0,5274265.0,24.25332682291667,24.25732686360677,26.216592814127605,26.220592895507814
2023-07-26 15:44:41.964943,5273817.0,5274267.0,24.262022867838542,24.266022949218748,26.22528889973958,26.229288940429687
2023-07-26 15:44:41.973126,5273819.0,5274269.0,24.27071895345052,24.274718994140624,26.233984944661458,26.237984985351563
2023-07-26 15:44:41.982576,5273821.0,5274271.0,24.279414916992188,24.283414916992186,26.2426806640625,26.24668074544271
2023-07-26 15:44:41.990678,5273823.0,5274273.0,24.28811071777344,24.292110758463544,26.251376749674478,26.255376790364583
2023-07-26 15:44:41.999896,5273825.0,5274275.0,24.29680676269531,24.30080684407552,26.260083211263023,26.264083251953124
2023-07-26 15:44:42.008344,5273827.0,5274277.0,24.30550284830729,24.309502888997397,26.26876883951823,26.272768920898436
2023-07-26 15:44:42.016433,5273829.0,5274279.0,24.314198893229168,24.31819893391927,26.277464925130207,26.281464965820312
2023-07-26 15:44:42.025616,5273831.0,5274281.0,24.32289493815104,24.32689501953125,26.286160888671873,26.290160888671874
2023-07-26 15:44:42.038858,5273833.0,5274283.0,24.331590698242184,24.335590738932293,26.294856689453127,26.29885673014323
2023-07-26 15:44:42.047449,5273836.0,5274286.0,24.344634765625,24.348634806315104,26.30790079752604,26.311900838216147
2023-07-26 15:44:42.055842,5273838.0,5274288.0,24.353330810546876,24.357330891927084,26.316596842447918,26.32059688313802
2023-07-26 15:44:42.064958,5273840.0,5274290.0,24.362026896158852,24.366026936848957,26.32529288736979,26.32929296875
2023-07-26 15:44:42.073208,5273842.0,5274292.0,24.37072294108073,24.374722981770834,26.33398897298177,26.337989013671876
2023-07-26 15:44:42.082340,5273844.0,5274294.0,24.379418823242187,24.383418823242188,26.342684692382814,26.346684733072916
2023-07-26 15:44:42.090442,5273846.0,5274296.0,24.388114746093752,24.392114786783853,26.351380737304687,26.35538077799479
2023-07-26 15:44:42.099841,5273848.0,5274298.0,24.396810791015625,24.400810831705726,26.36007678222656,26.364076863606773
2023-07-26 15:44:42.108140,5273850.0,5274300.0,24.4055068359375,24.40950691731771,26.36877286783854,26.372772908528646
2023-07-26 15:44:42.117233,5273852.0,5274302.0,24.414202921549478,24.418202962239583,26.377468912760417,26.38146895345052
2023-07-26 15:44:42.125631,5273854.0,5274304.0,24.422898966471354,24.426899007161456,26.386164794921875,26.390164794921876
2023-07-26 15:44:42.134864,5273856.0,5274306.0,24.431594685872394,24.435594726562503,26.394860717773437,26.39886075846354
2023-07-26 15:44:42.142907,5273858.0,5274308.0,24.44029073079427,24.44429081217448,26.403556762695313,26.407556803385415
2023-07-26 15:44:42.151445,5273860.0,5274310.0,24.44898681640625,24.452986857096352,26.412252807617186,26.4162528889974
2023-07-26 15:44:42.160429,5273862.0,5274312.0,24.457682861328124,24.461682902018232,26.420948893229166,26.42494893391927
2023-07-26 15:44:42.169602,5273864.0,5274314.0,24.46637890625,24.47037898763021,26.429644938151043,26.433644978841144
2023-07-26 15:44:42.177739,5273866.0,5274316.0,24.47507499186198,24.479075032552082,26.438340657552082,26.442340698242187
2023-07-26 15:44:42.186808,5273868.0,5274318.0,24.48378112792969,24.48778116861979,26.44703670247396,26.451036783854168
2023-07-26 15:44:42.195050,5273870.0,5274320.0,24.492466756184896,24.496466837565105,26.45573278808594,26.45973282877604
2023-07-26 15:44:42.204213,5273872.0,5274322.0,24.501162841796877,24.505162882486978,26.464428833007812,26.468428873697917
2023-07-26 15:44:42.212504,5273874.0,5274324.0,24.50985888671875,24.513858927408855,26.473135294596354,26.477135375976562
2023-07-26 15:44:42.221659,5273876.0,5274326.0,24.518554931640626,24.522555013020835,26.48182096354167,26.48582100423177
2023-07-26 15:44:42.230084,5273878.0,5274328.0,24.527250854492188,24.53125085449219,26.490516682942708,26.49451672363281
2023-07-26 15:44:42.238478,5273880.0,5274330.0,24.535946736653646,24.539946777343747,26.49921272786458,26.503212809244793
2023-07-26 15:44:42.247613,5273882.0,5274332.0,24.544642781575522,24.548642822265627,26.50790881347656,26.511908854166666
2023-07-26 15:44:42.256074,5273884.0,5274334.0,24.553338826497395,24.557338907877604,26.516604858398438,26.52060489908854
2023-07-26 15:44:42.264448,5273886.0,5274336.0,24.562034912109375,24.566034952799477,26.52530090332031,26.529300984700523
2023-07-26 15:44:42.277552,5273888.0,5274338.0,24.570730957031248,24.574730997721357,26.533996826171872,26.537996826171874
2023-07-26 15:44:42.286305,5273891.0,5274341.0,24.583774698893226,24.58777478027344,26.547040730794272,26.551040771484374
2023-07-26 15:44:42.295617,5273893.0,5274343.0,24.59247078450521,24.59647082519531,26.555736775716145,26.559736857096354
2023-07-26 15:44:42.303996,5273895.0,5274345.0,24.601166829427083,24.605166870117188,26.56443286132812,26.56843290201823
2023-07-26 15:44:42.312193,5273897.0,5274347.0,24.609862874348956,24.613862955729168,26.573128906250002,26.577128946940103
2023-07-26 15:44:42.321607,5273899.0,5274349.0,24.61855895996094,24.62255900065104,26.581824951171875,26.585824951171876
2023-07-26 15:44:42.329810,5273901.0,5274351.0,24.627254760742186,24.631254760742188,26.590520670572914,26.594531168619792
2023-07-26 15:44:42.338786,5273903.0,5274353.0,24.635950724283852,24.639950805664064,26.599216756184898,26.603216796875
2023-07-26 15:44:42.352123,5273905.0,5274355.0,24.644646809895836,24.648646850585937,26.60791280110677,26.611912841796876
2023-07-26 15:44:42.360087,5273908.0,5274358.0,24.657690877278647,24.661690917968752,26.62095690917969,26.62495694986979
2023-07-26 15:44:42.369057,5273910.0,5274360.0,24.66638692220052,24.67038700358073,26.629652954101562,26.633652994791664
2023-07-26 15:44:42.378027,5273912.0,5274362.0,24.67508288574219,24.679082885742186,26.638348673502602,26.64234871419271
2023-07-26 15:44:42.387003,5273914.0,5274364.0,24.683778727213543,24.687778767903648,26.64704471842448,26.651044799804687
2023-07-26 15:44:42.394970,5273916.0,5274366.0,24.692474772135416,24.696474853515625,26.65574080403646,26.65974084472656
2023-07-26 15:44:42.403940,5273918.0,5274368.0,24.701170857747396,24.705170898437498,26.66443684895833,26.66843688964844
2023-07-26 15:44:42.412910,5273920.0,5274370.0,24.70986690266927,24.713866943359378,26.673132893880208,26.677132975260417
2023-07-26 15:44:42.421880,5273922.0,5274372.0,24.718562947591145,24.722563028971354,26.681828857421877,26.685828857421875
2023-07-26 15:44:42.429853,5273924.0,5274374.0,24.72725866699219,24.731258748372394,26.690524698893228,26.694524739583336
2023-07-26 15:44:42.438823,5273926.0,5274376.0,24.735954752604165,24.739954793294274,26.699220743815104,26.703220825195313
2023-07-26 15:44:42.447789,5273928.0,5274378.0,24.74465079752604,24.748650838216147,26.707916829427084,26.711916870117186
2023-07-26 15:44:42.460750,5273930.0,5274380.0,24.753346842447918,24.757346923828123,26.716612874348957,26.720612915039062
2023-07-26 15:44:42.468923,5273933.0,5274383.0,24.766390950520833,24.770390991210938,26.72965694173177,26.733656982421873
2023-07-26 15:44:42.478012,5273935.0,5274385.0,24.775086791992187,24.77908679199219,26.73835270182292,26.74235274251302
2023-07-26 15:44:42.486179,5273937.0,5274387.0,24.783782714843753,24.787782796223958,26.74704874674479,26.751048787434897
2023-07-26 15:44:42.494861,5273939.0,5274389.0,24.79247880045573,24.796478841145834,26.755744791666665,26.759744873046873
2023-07-26 15:44:42.504106,5273941.0,5274391.0,24.801174845377602,24.805174886067707,26.76444087727865,26.76844091796875
2023-07-26 15:44:42.512305,5273943.0,5274393.0,24.80987089029948,24.813870971679687,26.77313692220052,26.777136962890626
2023-07-26 15:44:42.521437,5273945.0,5274395.0,24.81856697591146,24.822567016601564,26.781832763671876,26.785832763671877
2023-07-26 15:44:42.530480,5273947.0,5274397.0,24.8272626953125,24.831262736002603,26.790528686523437,26.794528767903646
2023-07-26 15:44:42.539008,5273949.0,5274399.0,24.835958740234375,24.839958821614584,26.799224772135418,26.803224812825523
2023-07-26 15:44:42.552244,5273951.0,5274401.0,24.844654825846355,24.848654866536457,26.80792081705729,26.811920857747396
2023-07-26 15:44:42.560524,5273954.0,5274404.0,24.857698893229166,24.86169893391927,26.82096492513021,26.82496496582031
2023-07-26 15:44:42.569502,5273956.0,5274406.0,24.866394938151043,24.870395019531248,26.829660888671874,26.833660888671876
2023-07-26 15:44:42.577712,5273958.0,5274408.0,24.875090698242186,24.879090738932295,26.838356689453125,26.84235673014323
2023-07-26 15:44:42.587072,5273960.0,5274410.0,24.883786743164062,24.887786783854168,26.847052734375,26.851052815755207
2023-07-26 15:44:42.595364,5273962.0,5274412.0,24.89248278808594,24.896482869466144,26.855748819986978,26.859748860677083
2023-07-26 15:44:42.603784,5273964.0,5274414.0,24.901178873697916,24.90517891438802,26.864444864908855,26.86844490559896
2023-07-26 15:44:42.613070,5273966.0,5274416.0,24.909885335286457,24.913885375976562,26.87314090983073,26.877140991210936
2023-07-26 15:44:42.625129,5273968.0,5274418.0,24.91857096354167,24.922571044921874,26.881836669921874,26.88583671061198
2023-07-26 15:44:42.634530,5273971.0,5274421.0,24.93161474609375,24.935614786783855,26.894880737304685,26.89888077799479
2023-07-26 15:44:42.642961,5273973.0,5274423.0,24.940310791015623,24.944310831705728,26.903576782226562,26.90757686360677
2023-07-26 15:44:42.656392,5273975.0,5274425.0,24.949006835937503,24.95300691731771,26.912272867838542,26.916272908528647
2023-07-26 15:44:42.665053,5273978.0,5274428.0,24.962050944010418,24.966050984700523,26.925316935221353,26.929317016601562
2023-07-26 15:44:42.674035,5273980.0,5274430.0,24.970746948242187,24.97474694824219,26.934012654622396,26.9380127360026
2023-07-26 15:44:42.682246,5273982.0,5274432.0,24.979442708333334,24.98344278971354,26.942708740234373,26.94670878092448
2023-07-26 15:44:42.695336,5273984.0,5274434.0,24.988138793945314,24.99213883463542,26.95140478515625,26.955404825846355
2023-07-26 15:44:42.703942,5273987.0,5274437.0,25.00118286132812,25.00518290201823,26.964448893229168,26.968448933919273
2023-07-26 15:44:42.713118,5273989.0,5274439.0,25.00987890625,25.013878987630207,26.97314493815104,26.977144978841146
2023-07-26 15:44:42.725235,5273991.0,5274441.0,25.01857499186198,25.022575032552083,26.981840657552084,26.985840698242185
2023-07-26 15:44:42.734039,5273994.0,5274444.0,25.03161873372396,25.03561877441406,26.994884765625,26.998884806315104
2023-07-26 15:44:42.743209,5273996.0,5274446.0,25.040314778645833,25.044314860026045,27.003580810546875,27.00758085123698
2023-07-26 15:44:42.756245,5273998.0,5274448.0,25.049010864257813,25.053010904947918,27.012276855468752,27.016276936848957
2023-07-26 15:44:42.764793,5274001.0,5274451.0,25.062054931640628,25.066055013020833,27.025320963541667,27.02932100423177
2023-07-26 15:44:42.773991,5274003.0,5274453.0,25.07075085449219,25.07475085449219,27.034016682942706,27.03801672363281
2023-07-26 15:44:42.782383,5274005.0,5274455.0,25.079446736653644,25.08344677734375,27.042712727864583,27.04671280924479
2023-07-26 15:44:42.794940,5274007.0,5274457.0,25.088142781575524,25.092142822265625,27.051408813476563,27.055408854166668
2023-07-26 15:44:42.803616,5274010.0,5274460.0,25.10118688964844,25.105186930338544,27.064452880859374,27.06845292154948
2023-07-26 15:44:42.813006,5274012.0,5274462.0,25.10988293457031,25.113882975260417,27.07314892578125,27.077149007161456
2023-07-26 15:44:42.821132,5274014.0,5274464.0,25.118578979492188,25.122578979492186,27.081844685872394,27.085844726562502
2023-07-26 15:44:42.834488,5274016.0,5274466.0,25.127274698893228,25.13127478027344,27.09054073079427,27.094540771484375
2023-07-26 15:44:42.842967,5274019.0,5274469.0,25.140318806966146,25.14431884765625,27.103584798177085,27.107584879557294
2023-07-26 15:44:42.856100,5274021.0,5274471.0,25.149014851888023,25.153014933268228,27.11228088378906,27.116280924479167
2023-07-26 15:44:42.864653,5274024.0,5274474.0,25.162058959960937,25.166059000651043,27.125324951171876,27.129324951171874
2023-07-26 15:44:42.873681,5274026.0,5274476.0,25.170754760742188,25.174754760742186,27.134020670572916,27.138031168619793
2023-07-26 15:44:42.881835,5274028.0,5274478.0,25.179450724283853,25.183450805664066,27.142716756184896,27.146716796875
2023-07-26 15:44:42.891041,5274030.0,5274480.0,25.188146809895834,25.19214685058594,27.151412801106773,27.155412841796874
2023-07-26 15:44:42.900045,5274032.0,5274482.0,25.19684285481771,25.20084289550781,27.160108846028646,27.164108927408854
2023-07-26 15:44:42.912395,5274034.0,5274484.0,25.205538899739583,25.209538981119792,27.168804931640626,27.17280497233073
2023-07-26 15:44:42.921064,5274037.0,5274487.0,25.218582885742187,25.222582885742188,27.181848673502603,27.18584871419271
2023-07-26 15:44:42.930329,5274039.0,5274489.0,25.227278727213545,25.231278767903646,27.19054471842448,27.19454479980469
2023-07-26 15:44:42.943372,5274041.0,5274491.0,25.235974772135418,25.239974853515626,27.199240804036457,27.20324084472656
2023-07-26 15:44:42.951834,5274044.0,5274494.0,25.249018880208332,25.253018920898437,27.21228487141927,27.216284952799477
2023-07-26 15:44:42.960360,5274046.0,5274496.0,25.25771492513021,25.26171496582031,27.220980957031248,27.224980997721357
2023-07-26 15:44:42.973571,5274048.0,5274498.0,25.266410970052082,25.27041101074219,27.22967667643229,27.233676717122396
2023-07-26 15:44:42.982286,5274051.0,5274501.0,25.279454752604167,25.283454793294272,27.242720743815106,27.246720825195315
2023-07-26 15:44:42.990567,5274053.0,5274503.0,25.288150797526043,25.292150838216145,27.251416829427082,27.255416870117188
2023-07-26 15:44:42.999564,5274055.0,5274505.0,25.296846842447916,25.300846923828125,27.26011287434896,27.26411291503906
2023-07-26 15:44:43.012576,5274057.0,5274507.0,25.305542928059893,25.30954296875,27.268808919270835,27.27280900065104
2023-07-26 15:44:43.020881,5274060.0,5274510.0,25.31858679199219,25.32258679199219,27.281852701822917,27.285852742513022
2023-07-26 15:44:43.034700,5274062.0,5274512.0,25.32728271484375,25.33128279622396,27.290548746744793,27.294548787434895
2023-07-26 15:44:43.042787,5274065.0,5274515.0,25.34032682291667,25.34432686360677,27.303592814127605,27.307592895507813
2023-07-26 15:44:43.051916,5274067.0,5274517.0,25.349022867838542,25.35302294921875,27.31228889973958,27.316288940429686
2023-07-26 15:44:43.060335,5274069.0,5274519.0,25.35771895345052,25.361718994140624,27.320984944661458,27.324984985351563
2023-07-26 15:44:43.073470,5274071.0,5274521.0,25.366414916992188,25.370414916992186,27.3296806640625,27.33368074544271
2023-07-26 15:44:43.081956,5274074.0,5274524.0,25.379458740234373,25.383458821614585,27.34272477213542,27.34672481282552
2023-07-26 15:44:43.091422,5274076.0,5274526.0,25.388154825846353,25.39215486653646,27.351420817057292,27.355420857747394
2023-07-26 15:44:43.103816,5274078.0,5274528.0,25.39685087076823,25.40085091145833,27.360116861979165,27.364116943359377
2023-07-26 15:44:43.112620,5274081.0,5274531.0,25.40989493815104,25.41389501953125,27.373160888671876,27.377160888671874
2023-07-26 15:44:43.121662,5274083.0,5274533.0,25.418590698242188,25.422590738932293,27.381856689453127,27.38585673014323
2023-07-26 15:44:43.134758,5274085.0,5274535.0,25.427286743164064,25.431286783854166,27.390552734375,27.39455281575521
2023-07-26 15:44:43.143107,5274088.0,5274538.0,25.440330810546875,25.444330891927084,27.403596842447918,27.40759688313802
2023-07-26 15:44:43.152366,5274090.0,5274540.0,25.449026896158855,25.453026936848957,27.41229288736979,27.416292968750003
2023-07-26 15:44:43.165365,5274092.0,5274542.0,25.45772294108073,25.461722981770833,27.42098897298177,27.424989013671876
2023-07-26 15:44:43.178198,5274095.0,5274545.0,25.470766682942706,25.47476676432292,27.434032714843752,27.438032755533854
2023-07-26 15:44:43.186171,5274098.0,5274548.0,25.483810791015625,25.487810831705726,27.44707678222656,27.451076863606772
2023-07-26 15:44:43.199401,5274100.0,5274550.0,25.4925068359375,25.49650691731771,27.45577286783854,27.459772908528645
2023-07-26 15:44:43.208157,5274103.0,5274553.0,25.50555094401042,25.50955098470052,27.468816935221355,27.472817016601564
2023-07-26 15:44:43.221243,5274105.0,5274555.0,25.51424694824219,25.51824694824219,27.477512654622394,27.481512736002603
2023-07-26 15:44:43.229877,5274108.0,5274558.0,25.52729073079427,25.53129081217448,27.490556762695313,27.494556803385414
2023-07-26 15:44:43.243259,5274110.0,5274560.0,25.53598681640625,25.539986857096352,27.499252807617186,27.503252888997398
2023-07-26 15:44:43.252364,5274113.0,5274563.0,25.54903088378906,25.55303096516927,27.512296915690104,27.51629695638021
2023-07-26 15:44:43.264641,5274115.0,5274565.0,25.557726969401042,25.561727010091147,27.520992919921873,27.524992919921875
2023-07-26 15:44:43.273268,5274118.0,5274568.0,25.57078112792969,25.574781168619793,27.53403670247396,27.538036783854167
2023-07-26 15:44:43.282664,5274120.0,5274570.0,25.579466756184896,25.583466837565105,27.54273278808594,27.54673282877604
2023-07-26 15:44:43.295756,5274122.0,5274572.0,25.588162841796876,25.592162882486978,27.55142883300781,27.555428873697917
2023-07-26 15:44:43.304045,5274125.0,5274575.0,25.601206909179687,25.605206949869793,27.564472941080727,27.56847298177083
2023-07-26 15:44:43.317176,5274127.0,5274577.0,25.60990295410156,25.613903035481773,27.573168701171877,27.577168701171875
2023-07-26 15:44:43.325938,5274130.0,5274580.0,25.622946736653645,25.626946777343747,27.58621272786458,27.590212809244793
2023-07-26 15:44:43.334177,5274132.0,5274582.0,25.631642781575522,25.635642822265627,27.594908813476565,27.598908854166666
2023-07-26 15:44:43.347561,5274134.0,5274584.0,25.6403388264974,25.644338907877604,27.603604858398437,27.607604899088543
2023-07-26 15:44:43.356192,5274137.0,5274587.0,25.653382934570313,25.65738297526042,27.61664892578125,27.620649007161457
2023-07-26 15:44:43.364435,5274139.0,5274589.0,25.662078979492186,25.666078979492188,27.625344685872395,27.6293447265625
2023-07-26 15:44:43.373582,5274141.0,5274591.0,25.670774698893226,25.674774780273438,27.634040730794272,27.638040771484377
2023-07-26 15:44:43.386634,5274143.0,5274593.0,25.67947078450521,25.683470825195315,27.642736775716145,27.646736857096354
2023-07-26 15:44:43.395200,5274146.0,5274596.0,25.69251485188802,25.69651493326823,27.655780883789063,27.659780924479165
2023-07-26 15:44:43.408525,5274148.0,5274598.0,25.7012109375,25.705210978190102,27.664476928710936,27.66847696940104
2023-07-26 15:44:43.417083,5274151.0,5274601.0,25.714254760742186,25.718254760742187,27.677520670572914,27.68153116861979
2023-07-26 15:44:43.425452,5274153.0,5274603.0,25.722950764973955,25.726950805664064,27.686216756184898,27.690216796875
2023-07-26 15:44:43.438712,5274155.0,5274605.0,25.731646809895835,25.735646850585937,27.69491280110677,27.698912841796876
2023-07-26 15:44:43.447150,5274158.0,5274608.0,25.744690877278646,25.74869091796875,27.70795690917969,27.71195694986979
2023-07-26 15:44:43.456414,5274160.0,5274610.0,25.75338692220052,25.757387003580728,27.716652954101562,27.720652994791664
2023-07-26 15:44:43.469513,5274162.0,5274612.0,25.76208288574219,25.766082885742186,27.7253486735026,27.72934871419271
2023-07-26 15:44:43.484274,5274165.0,5274615.0,25.77512679036458,25.779126790364582,27.738392781575524,27.742392822265625
2023-07-26 15:44:43.490707,5274168.0,5274618.0,25.788170857747396,25.792170898437497,27.75143684895833,27.75543688964844
2023-07-26 15:44:43.504048,5274170.0,5274620.0,25.79686690266927,25.800866943359377,27.760132893880208,27.764132975260416
2023-07-26 15:44:43.512767,5274173.0,5274623.0,25.809910970052083,25.81391101074219,27.773176676432293,27.777176717122398
2023-07-26 15:44:43.520895,5274175.0,5274625.0,25.81860673014323,25.822606770833335,27.781872721354166,27.78587276204427
2023-07-26 15:44:43.534295,5274177.0,5274627.0,25.827302775065103,25.83130281575521,27.790568766276042,27.79456884765625
2023-07-26 15:44:43.543251,5274180.0,5274630.0,25.840346842447918,25.844346923828123,27.803612874348957,27.807612915039062
2023-07-26 15:44:43.556482,5274182.0,5274632.0,25.849042928059895,25.853042968750003,27.812308919270833,27.816309000651042
2023-07-26 15:44:43.564868,5274185.0,5274635.0,25.862086791992187,25.86608679199219,27.82535270182292,27.829352742513024
2023-07-26 15:44:43.573157,5274187.0,5274637.0,25.870782714843752,25.874782796223958,27.83404874674479,27.838048787434897
2023-07-26 15:44:43.586551,5274189.0,5274639.0,25.87947880045573,25.883478841145834,27.842744791666664,27.846744873046873
2023-07-26 15:44:43.594841,5274192.0,5274642.0,25.89252286783854,25.89652294921875,27.855788899739583,27.859788940429684
2023-07-26 15:44:43.603850,5274194.0,5274644.0,25.90121895345052,25.905218994140622,27.864484944661456,27.868484985351564
2023-07-26 15:44:43.617105,5274196.0,5274646.0,25.909914916992186,25.913914916992187,27.873180664062502,27.877180745442708
2023-07-26 15:44:43.625302,5274199.0,5274649.0,25.922958740234375,25.926958821614583,27.886224772135417,27.890224812825522
2023-07-26 15:44:43.634690,5274201.0,5274651.0,25.931654825846355,25.93565486653646,27.89492081705729,27.898920857747395
2023-07-26 15:44:43.647017,5274203.0,5274653.0,25.940350870768228,25.944350911458333,27.903616861979167,27.907616943359375
2023-07-26 15:44:43.656157,5274206.0,5274656.0,25.953394938151042,25.957395019531248,27.916660888671874,27.920660888671875
2023-07-26 15:44:43.669379,5274208.0,5274658.0,25.962090698242186,25.966090738932294,27.925356689453125,27.92935673014323
2023-07-26 15:44:43.678093,5274211.0,5274661.0,25.975134765624997,25.979134806315106,27.938400797526043,27.942400838216145
2023-07-26 15:44:43.691135,5274213.0,5274663.0,25.983830810546877,25.987830891927082,27.947096842447916,27.95109688313802
2023-07-26 15:44:43.699812,5274216.0,5274666.0,25.996885335286457,26.000885375976562,27.96014090983073,27.964140991210936
2023-07-26 15:44:43.708132,5274218.0,5274668.0,26.00557096354167,26.009571044921874,27.968836669921874,27.97283671061198
2023-07-26 15:44:43.721172,5274220.0,5274670.0,26.014266682942708,26.018266764322917,27.97753271484375,27.981532755533856
2023-07-26 15:44:43.730275,5274223.0,5274673.0,26.027310791015623,26.031310831705728,27.99057678222656,27.99457686360677
2023-07-26 15:44:43.742745,5274225.0,5274675.0,26.036006835937503,26.040006917317708,27.999272867838542,28.003272908528647
2023-07-26 15:44:43.751460,5274228.0,5274678.0,26.049050944010418,26.053050984700523,28.012316935221357,28.016317016601562
2023-07-26 15:44:43.760859,5274230.0,5274680.0,26.05774694824219,26.061746948242188,28.021012654622396,28.0250127360026
2023-07-26 15:44:43.773234,5274232.0,5274682.0,26.066442708333334,26.07044278971354,28.029708740234373,28.03370878092448
2023-07-26 15:44:43.782366,5274235.0,5274685.0,26.07948681640625,26.083486857096354,28.042752807617187,28.046752888997396
2023-07-26 15:44:43.795586,5274237.0,5274687.0,26.088182861328125,26.09218290201823,28.051448893229168,28.055448933919273
2023-07-26 15:44:43.804021,5274240.0,5274690.0,26.10122696940104,26.10522701009115,28.06449291992187,28.068492919921873
2023-07-26 15:44:43.817083,5274242.0,5274692.0,26.109922729492187,26.113922729492188,28.073188680013022,28.077188761393227
2023-07-26 15:44:43.825623,5274245.0,5274695.0,26.122966756184898,26.126966837565103,28.086232788085937,28.090232828776042
2023-07-26 15:44:43.834084,5274247.0,5274697.0,26.131662841796874,26.13566288248698,28.09492883300781,28.098928873697915
2023-07-26 15:44:43.847116,5274249.0,5274699.0,26.14035888671875,26.144358927408852,28.103635294596355,28.10763537597656
2023-07-26 15:44:43.855867,5274252.0,5274702.0,26.153402954101562,26.15740303548177,28.116668701171875,28.120668701171876
2023-07-26 15:44:43.868884,5274254.0,5274704.0,26.16209871419271,26.166098754882814,28.125364705403648,28.12936474609375
2023-07-26 15:44:43.877757,5274257.0,5274707.0,26.175142781575524,26.179142822265625,28.138408813476563,28.142408854166668
2023-07-26 15:44:43.891346,5274259.0,5274709.0,26.183838826497396,26.187838907877605,28.147104858398436,28.15110489908854
2023-07-26 15:44:43.899329,5274262.0,5274712.0,26.19688293457031,26.200882975260416,28.16014892578125,28.164149007161456
2023-07-26 15:44:43.912484,5274264.0,5274714.0,26.205578979492188,26.209578979492186,28.168844685872394,28.172844726562502
2023-07-26 15:44:43.921065,5274267.0,5274717.0,26.21862276204427,26.222622802734374,28.18188875325521,28.185888793945313
2023-07-26 15:44:43.934048,5274269.0,5274719.0,26.227318806966146,26.23131884765625,28.190584798177085,28.194584879557294
2023-07-26 15:44:43.942800,5274272.0,5274722.0,26.240362874348957,26.24436295572917,28.20362890625,28.207628946940105
2023-07-26 15:44:43.955927,5274274.0,5274724.0,26.249058959960937,26.253059000651042,28.212324951171876,28.216324951171874
2023-07-26 15:44:43.965063,5274277.0,5274727.0,26.26210270182292,26.26610274251302,28.225368733723958,28.229368774414063
2023-07-26 15:44:43.977434,5274279.0,5274729.0,26.27079874674479,26.274798828125,28.234064778645834,28.238064819335936
2023-07-26 15:44:43.986676,5274282.0,5274732.0,26.28384285481771,26.28784289550781,28.247108846028645,28.251108927408854
2023-07-26 15:44:43.999799,5274284.0,5274734.0,26.292538899739583,26.296538981119795,28.255804931640625,28.25980497233073
2023-07-26 15:44:44.008465,5274287.0,5274737.0,26.305582885742187,26.309582885742188,28.268848673502603,28.27284871419271
2023-07-26 15:44:44.021620,5274289.0,5274739.0,26.314278727213544,26.318278767903646,28.27754471842448,28.28154479980469
2023-07-26 15:44:44.034316,5274292.0,5274742.0,26.32733321126302,26.33133329264323,28.290588826497398,28.2945888671875
2023-07-26 15:44:44.043389,5274295.0,5274745.0,26.34036690266927,26.344366943359375,28.30363289388021,28.307632975260418
2023-07-26 15:44:44.056463,5274297.0,5274747.0,26.349062947591147,26.353063028971356,28.312328857421875,28.316328857421876
2023-07-26 15:44:44.064520,5274300.0,5274750.0,26.36210673014323,26.366106770833333,28.325372721354167,28.32937276204427
2023-07-26 15:44:44.077613,5274302.0,5274752.0,26.370802775065105,26.374802815755206,28.33406876627604,28.338068847656253
2023-07-26 15:44:44.086907,5274305.0,5274755.0,26.383846842447916,26.387846923828125,28.34711287434896,28.35111291503906
2023-07-26 15:44:44.099979,5274307.0,5274757.0,26.392542928059893,26.39654296875,28.355808919270835,28.35980900065104
2023-07-26 15:44:44.108477,5274310.0,5274760.0,26.40558679199219,26.40958679199219,28.368852701822917,28.37285274251302
2023-07-26 15:44:44.121643,5274312.0,5274762.0,26.41428271484375,26.41828279622396,28.377548746744793,28.381548787434895
2023-07-26 15:44:44.130620,5274315.0,5274765.0,26.42732682291667,26.43132686360677,28.390592814127604,28.394592895507813
2023-07-26 15:44:44.143578,5274317.0,5274767.0,26.436022867838542,26.44002294921875,28.39928889973958,28.403288940429686
2023-07-26 15:44:44.151550,5274320.0,5274770.0,26.44906697591146,26.453067016601562,28.412332763671877,28.41633276367188
2023-07-26 15:44:44.164506,5274322.0,5274772.0,26.4577626953125,26.4617627360026,28.421028686523435,28.425028767903648
2023-07-26 15:44:44.173476,5274325.0,5274775.0,26.47080676269531,26.47480684407552,28.434083211263022,28.438083251953124
2023-07-26 15:44:44.186433,5274327.0,5274777.0,26.479502848307295,26.483502888997396,28.44276883951823,28.44676892089844
2023-07-26 15:44:44.195402,5274330.0,5274780.0,26.492546915690102,26.496546997070315,28.455812947591145,28.45981298828125
2023-07-26 15:44:44.208359,5274332.0,5274782.0,26.501243001302086,26.505243041992188,28.464508666992188,28.46850870768229
2023-07-26 15:44:44.217329,5274335.0,5274785.0,26.514286743164064,26.518286783854165,28.477552734375,28.481552815755208
2023-07-26 15:44:44.230286,5274337.0,5274787.0,26.522982788085937,26.526982869466146,28.48624881998698,28.49024886067708
2023-07-26 15:44:44.239256,5274340.0,5274790.0,26.536026896158855,26.540026936848957,28.49929288736979,28.503292968750003
2023-07-26 15:44:44.252212,5274342.0,5274792.0,26.544722941080728,26.548722981770833,28.50798897298177,28.511989013671876
2023-07-26 15:44:44.260186,5274345.0,5274795.0,26.557766682942706,26.56176676432292,28.521032714843752,28.525032755533854
2023-07-26 15:44:44.273142,5274347.0,5274797.0,26.56646276855469,26.57046280924479,28.529728759765625,28.533728841145834
2023-07-26 15:44:44.282112,5274350.0,5274800.0,26.5795068359375,26.58350691731771,28.542772867838544,28.546772908528645
2023-07-26 15:44:44.295072,5274352.0,5274802.0,26.58820292154948,26.592202962239583,28.551468912760416,28.55546895345052
2023-07-26 15:44:44.304043,5274355.0,5274805.0,26.60124694824219,26.60524694824219,28.564512654622394,28.568512736002603
2023-07-26 15:44:44.317001,5274357.0,5274807.0,26.60994270833333,26.61394278971354,28.573208740234374,28.57720878092448
2023-07-26 15:44:44.329950,5274360.0,5274810.0,26.62298681640625,26.62698685709635,28.586252807617186,28.590252888997398
2023-07-26 15:44:44.338920,5274363.0,5274813.0,26.63603088378906,26.64003096516927,28.599296915690104,28.60329695638021
2023-07-26 15:44:44.351878,5274365.0,5274815.0,26.64472696940104,26.648727010091147,28.607992919921873,28.611992919921875
2023-07-26 15:44:44.360846,5274368.0,5274818.0,26.657781127929688,26.661781168619793,28.62103670247396,28.625036783854167
2023-07-26 15:44:44.373803,5274370.0,5274820.0,26.666466756184896,26.670466837565105,28.62973278808594,28.63373282877604
2023-07-26 15:44:44.382774,5274373.0,5274823.0,26.679510864257814,26.683510904947916,28.64277685546875,28.64677693684896
2023-07-26 15:44:44.394956,5274375.0,5274825.0,26.688206909179687,26.692206949869792,28.65147294108073,28.65547298177083
2023-07-26 15:44:44.408272,5274378.0,5274828.0,26.70125085449219,26.70525085449219,28.664516682942708,28.668516723632813
2023-07-26 15:44:44.416788,5274381.0,5274831.0,26.714294759114583,26.71829479980469,28.67756075032552,28.681560831705728
2023-07-26 15:44:44.430225,5274383.0,5274833.0,26.722990804036456,26.726990885416665,28.686256835937503,28.690256876627604
2023-07-26 15:44:44.443547,5274386.0,5274836.0,26.736034912109375,26.740034952799476,28.69930090332031,28.703300984700522
2023-07-26 15:44:44.451562,5274389.0,5274839.0,26.749078979492186,26.753078979492187,28.712344685872395,28.7163447265625
2023-07-26 15:44:44.464731,5274391.0,5274841.0,26.75777469889323,26.761774780273438,28.72104073079427,28.725040771484377
2023-07-26 15:44:44.473838,5274394.0,5274844.0,26.770818806966144,26.774818847656253,28.734084798177086,28.73808487955729
2023-07-26 15:44:44.487094,5274396.0,5274846.0,26.77951485188802,26.78351493326823,28.742780883789063,28.746780924479165
2023-07-26 15:44:44.495539,5274399.0,5274849.0,26.79255895996094,26.796559000651044,28.755824951171874,28.759824951171876
2023-07-26 15:44:44.508812,5274401.0,5274851.0,26.801254760742186,26.805254760742187,28.764520670572914,28.76853116861979
2023-07-26 15:44:44.517296,5274404.0,5274854.0,26.814298746744793,26.818298828125,28.777564778645832,28.781564819335937
2023-07-26 15:44:44.530512,5274406.0,5274856.0,26.82299483235677,26.826994873046875,28.78626082356771,28.790260904947917
2023-07-26 15:44:44.538581,5274409.0,5274859.0,26.83603889973958,26.840038981119793,28.799304931640627,28.80330497233073
2023-07-26 15:44:44.551967,5274411.0,5274861.0,26.844734985351565,26.848735026041666,28.808000732421874,28.812000732421875
2023-07-26 15:44:44.560501,5274414.0,5274864.0,26.857778727213542,26.861778767903647,28.82104471842448,28.825044799804687
2023-07-26 15:44:44.573658,5274416.0,5274866.0,26.86647477213542,26.870474853515624,28.829740804036458,28.833740844726563
2023-07-26 15:44:44.582064,5274419.0,5274869.0,26.879518880208334,26.88351892089844,28.84278487141927,28.846784952799478
2023-07-26 15:44:44.595479,5274421.0,5274871.0,26.888214925130207,26.892214965820312,28.85148095703125,28.855480997721354
2023-07-26 15:44:44.603852,5274424.0,5274874.0,26.901258666992188,26.905258748372393,28.864524698893227,28.868524739583336
2023-07-26 15:44:44.617281,5274426.0,5274876.0,26.909954752604165,26.913954793294273,28.873220743815107,28.877220825195312
2023-07-26 15:44:44.625649,5274429.0,5274879.0,26.92299881998698,26.926998901367188,28.886264851888022,28.890264892578127
2023-07-26 15:44:44.638747,5274431.0,5274881.0,26.93169490559896,26.935694946289065,28.894960896809895,28.8989609375
2023-07-26 15:44:44.647753,5274434.0,5274884.0,26.94473897298177,26.948739013671876,28.908004638671876,28.91200472005208
2023-07-26 15:44:44.660193,5274436.0,5274886.0,26.953434692382814,26.95743477376302,28.916700724283853,28.920700764973958
2023-07-26 15:44:44.673701,5274439.0,5274889.0,26.96647880045573,26.970478841145834,28.929744791666668,28.933744873046873
2023-07-26 15:44:44.686858,5274442.0,5274892.0,26.979522867838543,26.98352294921875,28.942788899739583,28.946788940429688
2023-07-26 15:44:44.695081,5274445.0,5274895.0,26.99256697591146,26.996567016601563,28.955832763671875,28.959832763671876
2023-07-26 15:44:44.708401,5274447.0,5274897.0,27.001262695312498,27.005262736002603,28.964528686523437,28.968528767903646
2023-07-26 15:44:44.716862,5274450.0,5274900.0,27.014306762695313,27.018306844075518,28.97758321126302,28.981583251953126
2023-07-26 15:44:44.730164,5274452.0,5274902.0,27.023002848307293,27.027002888997398,28.986268839518228,28.990268920898437
2023-07-26 15:44:44.738621,5274455.0,5274905.0,27.036046915690104,27.040046997070313,28.999312947591147,29.00331298828125
2023-07-26 15:44:44.751972,5274457.0,5274907.0,27.044743001302084,27.04874304199219,29.008008666992186,29.01200870768229
2023-07-26 15:44:44.760354,5274460.0,5274910.0,27.057786743164062,27.061786783854167,29.021052734375,29.025052815755206
2023-07-26 15:44:44.773400,5274462.0,5274912.0,27.06648278808594,27.070482869466144,29.029748819986978,29.033748860677083
2023-07-26 15:44:44.782690,5274465.0,5274915.0,27.079526896158853,27.08352693684896,29.042792887369792,29.04679296875
2023-07-26 15:44:44.795824,5274467.0,5274917.0,27.08822294108073,27.09222298177083,29.051488972981772,29.055489013671878
2023-07-26 15:44:44.803848,5274470.0,5274920.0,27.101266682942708,27.10526676432292,29.06453271484375,29.068532755533855
2023-07-26 15:44:44.816951,5274472.0,5274922.0,27.109962768554688,27.113962809244793,29.073228759765627,29.077228841145832
2023-07-26 15:44:44.830544,5274475.0,5274925.0,27.123006835937503,27.127006917317708,29.08627286783854,29.090272908528647
2023-07-26 15:44:44.843044,5274478.0,5274928.0,27.136050944010417,27.140050984700522,29.099316935221356,29.10331701660156
2023-07-26 15:44:44.852068,5274481.0,5274931.0,27.149094685872395,27.1530947265625,29.112360717773438,29.116360758463543
2023-07-26 15:44:44.865117,5274483.0,5274933.0,27.15779073079427,27.16179081217448,29.12105676269531,29.125056803385416
2023-07-26 15:44:44.874088,5274486.0,5274936.0,27.17083483886719,27.17483487955729,29.134100830078125,29.138100911458334
2023-07-26 15:44:44.887044,5274488.0,5274938.0,27.179530883789063,27.18353096516927,29.142796915690102,29.14679695638021
2023-07-26 15:44:44.895017,5274491.0,5274941.0,27.192574991861978,27.196575032552083,29.155840657552083,29.159840698242185
2023-07-26 15:44:44.907974,5274493.0,5274943.0,27.20128112792969,27.20528116861979,29.16453670247396,29.16853678385417
2023-07-26 15:44:44.921927,5274496.0,5274946.0,27.214314778645832,27.218314860026044,29.177580810546875,29.18158085123698
2023-07-26 15:44:44.934884,5274499.0,5274949.0,27.22735888671875,27.231358927408852,29.190635294596355,29.19463537597656
2023-07-26 15:44:44.942857,5274502.0,5274952.0,27.24040295410156,27.244403035481774,29.203668701171875,29.207668701171876
2023-07-26 15:44:44.956811,5274504.0,5274954.0,27.24909871419271,27.253098754882814,29.212364705403647,29.21636474609375
2023-07-26 15:44:44.969767,5274507.0,5274957.0,27.262142781575523,27.266142822265625,29.225408813476562,29.229408854166667
2023-07-26 15:44:44.982724,5274510.0,5274960.0,27.275186889648438,27.279186930338543,29.238452880859377,29.24245292154948
2023-07-26 15:44:44.995678,5274513.0,5274963.0,27.28823095703125,27.292230997721354,29.251496826171874,29.255496826171875
2023-07-26 15:44:45.008635,5274516.0,5274966.0,27.301274698893227,27.30527478027344,29.264540730794273,29.268540771484375
2023-07-26 15:44:45.017605,5274519.0,5274969.0,27.314318806966146,27.31831884765625,29.277584798177084,29.281584879557293
2023-07-26 15:44:45.030563,5274521.0,5274971.0,27.323014851888022,27.32701493326823,29.28628088378906,29.290280924479166
2023-07-26 15:44:45.043520,5274524.0,5274974.0,27.336058959960937,27.340059000651042,29.299324951171876,29.303324951171874
2023-07-26 15:44:45.056476,5274527.0,5274977.0,27.34910270182292,27.353102742513023,29.312368733723957,29.316368774414062
2023-07-26 15:44:45.069433,5274530.0,5274980.0,27.362146809895833,27.366146850585938,29.325412801106772,29.329412841796874
2023-07-26 15:44:45.082388,5274533.0,5274983.0,27.375190877278648,27.37919091796875,29.338456909179687,29.342456949869792
2023-07-26 15:44:45.095344,5274536.0,5274986.0,27.388234985351563,27.392235026041668,29.351500732421876,29.355500732421874
2023-07-26 15:44:45.108301,5274539.0,5274989.0,27.401278727213544,27.405278767903646,29.36454471842448,29.36854479980469
2023-07-26 15:44:45.121257,5274542.0,5274992.0,27.41433321126302,27.41833329264323,29.377588826497398,29.3815888671875
2023-07-26 15:44:45.129875,5274545.0,5274995.0,27.42736690266927,27.431366943359375,29.39063289388021,29.394632975260418
2023-07-26 15:44:45.143232,5274547.0,5274997.0,27.436062947591147,27.440063028971355,29.399328857421875,29.403328857421876
2023-07-26 15:44:45.156304,5274550.0,5275000.0,27.44910673014323,27.453106770833333,29.412372721354167,29.416372762044272
2023-07-26 15:44:45.169107,5274553.0,5275003.0,27.462150797526043,27.466150838216148,29.425416829427082,29.429416870117187
2023-07-26 15:44:45.182650,5274556.0,5275006.0,27.475194905598958,27.479194946289063,29.438460896809897,29.442460937499998
2023-07-26 15:44:45.191321,5274559.0,5275009.0,27.488238972981772,27.492239013671878,29.451504638671874,29.455504720052083
2023-07-26 15:44:45.204685,5274561.0,5275011.0,27.496934692382812,27.50093477376302,29.460200724283855,29.464200764973956
2023-07-26 15:44:45.213051,5274564.0,5275014.0,27.50997880045573,27.513978841145832,29.473244791666666,29.47724483235677
2023-07-26 15:44:45.226249,5274566.0,5275016.0,27.518674845377603,27.52267488606771,29.481940877278646,29.48594091796875
2023-07-26 15:44:45.238709,5274569.0,5275019.0,27.53171895345052,27.535718994140623,29.494984944661457,29.498984985351566
2023-07-26 15:44:45.247215,5274572.0,5275022.0,27.5447626953125,27.5487627360026,29.508028686523435,29.512028767903647
2023-07-26 15:44:45.260566,5274574.0,5275024.0,27.553458740234372,27.557458821614585,29.51672477213542,29.52072481282552
2023-07-26 15:44:45.273557,5274577.0,5275027.0,27.566502848307294,27.570502888997396,29.52976883951823,29.53376892089844
2023-07-26 15:44:45.282545,5274580.0,5275030.0,27.579546915690102,27.583546997070314,29.54281294759115,29.54681298828125
2023-07-26 15:44:45.294958,5274582.0,5275032.0,27.588243001302086,27.592243041992187,29.551508666992188,29.55550870768229
2023-07-26 15:44:45.304290,5274585.0,5275035.0,27.601286743164064,27.60528678385417,29.564552734375,29.568552815755208
2023-07-26 15:44:45.317355,5274587.0,5275037.0,27.609982788085937,27.613982869466145,29.57324881998698,29.57724886067708
2023-07-26 15:44:45.325653,5274590.0,5275040.0,27.623026896158855,27.627026936848956,29.58629288736979,29.590292968750003
2023-07-26 15:44:45.338748,5274592.0,5275042.0,27.631722941080728,27.635722981770833,29.594988972981774,29.598989013671876
2023-07-26 15:44:45.351797,5274595.0,5275045.0,27.644766682942706,27.648766764322918,29.608032714843752,29.612032755533853
2023-07-26 15:44:45.364923,5274598.0,5275048.0,27.657810791015624,27.66181083170573,29.62107678222656,29.625076863606772
2023-07-26 15:44:45.377990,5274601.0,5275051.0,27.670854858398435,27.674854939778644,29.634120890299478,29.638120930989587
2023-07-26 15:44:45.391046,5274604.0,5275054.0,27.683898966471354,27.687899007161455,29.647164794921874,29.651164794921876
2023-07-26 15:44:45.404436,5274607.0,5275057.0,27.69694270833333,27.70094278971354,29.660208740234374,29.66420878092448
2023-07-26 15:44:45.416979,5274610.0,5275060.0,27.70998681640625,27.713986857096355,29.673252807617185,29.677252888997398
2023-07-26 15:44:45.430517,5274613.0,5275063.0,27.72303088378906,27.72703096516927,29.686296915690104,29.69029695638021
2023-07-26 15:44:45.438548,5274616.0,5275066.0,27.73607499186198,27.74007503255208,29.69934065755208,29.703340698242187
2023-07-26 15:44:45.451534,5274618.0,5275068.0,27.744781127929688,27.748781168619793,29.708036702473958,29.712036783854167
2023-07-26 15:44:45.460509,5274621.0,5275071.0,27.757814778645834,27.761814860026043,29.721080810546876,29.72508085123698
2023-07-26 15:44:45.473462,5274623.0,5275073.0,27.766510864257814,27.770510904947916,29.72977685546875,29.733776936848958
2023-07-26 15:44:45.482431,5274626.0,5275076.0,27.779554931640625,27.783555013020834,29.742820963541668,29.74682100423177
2023-07-26 15:44:45.495388,5274628.0,5275078.0,27.78825085449219,27.79225085449219,29.751516682942707,29.755516723632812
2023-07-26 15:44:45.508345,5274631.0,5275081.0,27.801294759114583,27.805294799804688,29.76456075032552,29.768560831705727
2023-07-26 15:44:45.521305,5274634.0,5275084.0,27.814338826497398,27.818338907877603,29.777604858398437,29.781604899088542
2023-07-26 15:44:45.534261,5274637.0,5275087.0,27.827382934570313,27.831382975260418,29.790648925781248,29.794649007161457
2023-07-26 15:44:45.543231,5274640.0,5275090.0,27.840426676432294,27.8444267578125,29.803692708333333,29.80769274902344
2023-07-26 15:44:45.556184,5274642.0,5275092.0,27.84912276204427,27.853122802734376,29.812388753255206,29.816388793945315
2023-07-26 15:44:45.569145,5274645.0,5275095.0,27.862166829427082,27.866166870117187,29.825432861328125,29.82943290201823
2023-07-26 15:44:45.582097,5274648.0,5275098.0,27.8752109375,27.879210978190102,29.838476928710936,29.84247696940104
2023-07-26 15:44:45.595057,5274651.0,5275101.0,27.888254760742186,27.892254760742187,29.85153112792969,29.85553116861979
2023-07-26 15:44:45.609006,5274654.0,5275104.0,27.901298746744793,27.905298828124998,29.864564778645832,29.868564819335937
2023-07-26 15:44:45.622029,5274657.0,5275107.0,27.914342854817708,27.918342895507813,29.877608846028647,29.881608927408852
2023-07-26 15:44:45.634988,5274660.0,5275110.0,27.927386922200522,27.931387003580728,29.89065295410156,29.894652994791667
2023-07-26 15:44:45.647875,5274663.0,5275113.0,27.940430704752604,27.94443074544271,29.903696695963543,29.907696777343748
2023-07-26 15:44:45.660832,5274666.0,5275116.0,27.95347477213542,27.957474853515624,29.916740804036458,29.920740844726563
2023-07-26 15:44:45.673793,5274669.0,5275119.0,27.966518880208334,27.97051892089844,29.92978487141927,29.933784952799478
2023-07-26 15:44:45.686745,5274672.0,5275122.0,27.97956294759115,27.983563028971354,29.942828857421876,29.946828857421878
2023-07-26 15:44:45.695715,5274675.0,5275125.0,27.99260673014323,27.996606770833335,29.955872721354165,29.95987276204427
2023-07-26 15:44:45.708868,5274677.0,5275127.0,28.001302775065103,28.005302815755208,29.96456876627604,29.96856884765625
2023-07-26 15:44:45.721159,5274680.0,5275130.0,28.014346842447917,28.018346923828123,29.977612874348956,29.98161291503906
2023-07-26 15:44:45.734354,5274683.0,5275133.0,28.027390950520832,28.031390991210937,29.99065694173177,29.994656982421873
2023-07-26 15:44:45.747417,5274686.0,5275136.0,28.040434692382814,28.04443477376302,30.003700724283853,30.007700764973958
2023-07-26 15:44:45.760271,5274689.0,5275139.0,28.05347880045573,28.057478841145834,30.016744791666667,30.020744873046873
2023-07-26 15:44:45.773375,5274692.0,5275142.0,28.066522867838543,28.07052294921875,30.029788899739582,30.033788940429687
2023-07-26 15:44:45.786835,5274695.0,5275145.0,28.079566975911458,28.083567016601563,30.04283276367188,30.046832763671876
2023-07-26 15:44:45.799971,5274698.0,5275148.0,28.09261071777344,28.09661075846354,30.05587674967448,30.059876790364584
2023-07-26 15:44:45.812590,5274701.0,5275151.0,28.105654825846354,28.10965486653646,30.06892081705729,30.072920857747395
2023-07-26 15:44:45.825644,5274704.0,5275154.0,28.11869889322917,28.12269893391927,30.081964925130208,30.085964965820313
2023-07-26 15:44:45.839181,5274707.0,5275157.0,28.131743001302084,28.13574304199219,30.095008666992186,30.09900870768229
2023-07-26 15:44:45.851734,5274710.0,5275160.0,28.14478674316406,28.148786783854167,30.108052734375,30.112052815755206
2023-07-26 15:44:45.860284,5274713.0,5275163.0,28.157830810546876,28.161830891927085,30.121096842447916,30.12509688313802
2023-07-26 15:44:45.873527,5274715.0,5275165.0,28.166526896158853,28.170526936848958,30.129792887369792,30.13379296875
2023-07-26 15:44:45.886641,5274718.0,5275168.0,28.179570963541668,28.183571044921873,30.142836669921873,30.14683671061198
2023-07-26 15:44:45.899560,5274721.0,5275171.0,28.19261474609375,28.196614786783854,30.155880737304688,30.15988077799479
2023-07-26 15:44:45.908732,5274724.0,5275174.0,28.205658813476564,28.209658854166666,30.168924845377603,30.172924886067708
2023-07-26 15:44:45.930662,5274727.0,5275176.0,28.21870292154948,28.222702962239584,30.177620890299476,30.181620930989585
2023-07-26 15:44:45.942859,5274731.0,5275181.0,28.236094685872395,28.2400947265625,30.199360717773438,30.203360758463543
2023-07-26 15:44:45.951613,5274734.0,5275184.0,28.249138793945313,28.25313883463542,30.212404785156252,30.216404825846354
2023-07-26 15:44:45.965070,5274736.0,5275186.0,28.25783483886719,28.26183487955729,30.221100830078125,30.225100911458334
2023-07-26 15:44:45.978063,5274739.0,5275189.0,28.27087890625,28.27487898763021,30.23414493815104,30.238144978841145
2023-07-26 15:44:45.991497,5274742.0,5275192.0,28.283922729492186,28.287922729492188,30.24718868001302,30.251188761393227
2023-07-26 15:44:46.004576,5274745.0,5275195.0,28.296966756184897,28.300966837565106,30.260232788085936,30.26423282877604
2023-07-26 15:44:46.016976,5274748.0,5275198.0,28.310010864257812,28.314010904947917,30.27327685546875,30.277276936848956
2023-07-26 15:44:46.030570,5274751.0,5275201.0,28.323054931640627,28.327055013020836,30.286320963541666,30.29032100423177
2023-07-26 15:44:46.043023,5274754.0,5275204.0,28.33609871419271,28.340098754882813,30.299364705403647,30.30336474609375
2023-07-26 15:44:46.056251,5274757.0,5275207.0,28.349142781575523,28.353142822265625,30.312408813476562,30.316408854166667
2023-07-26 15:44:46.069303,5274760.0,5275210.0,28.362186889648438,28.366186930338543,30.325452880859377,30.32945292154948
2023-07-26 15:44:46.082260,5274763.0,5275213.0,28.37523095703125,28.379230997721354,30.338496826171873,30.342496826171875
2023-07-26 15:44:46.095212,5274766.0,5275216.0,28.388274698893227,28.39227478027344,30.351540730794273,30.355540771484375
2023-07-26 15:44:46.108169,5274769.0,5275219.0,28.401318806966145,28.40531884765625,30.364584798177084,30.368584879557293
2023-07-26 15:44:46.121131,5274772.0,5275222.0,28.414362874348956,28.41836295572917,30.37762890625,30.381628946940104
2023-07-26 15:44:46.135083,5274775.0,5275225.0,28.427406982421875,28.43140702311198,30.39067264811198,30.39467272949219
2023-07-26 15:44:46.148039,5274778.0,5275228.0,28.440450724283853,28.444450805664065,30.4037167561849,30.407716796875
2023-07-26 15:44:46.160996,5274781.0,5275231.0,28.45349483235677,28.457494873046873,30.41676082356771,30.42076090494792
2023-07-26 15:44:46.173953,5274784.0,5275234.0,28.466538899739582,28.470538981119795,30.429804931640625,30.43380497233073
2023-07-26 15:44:46.186909,5274787.0,5275237.0,28.47958288574219,28.483582885742187,30.442848673502603,30.44684871419271
2023-07-26 15:44:46.199866,5274790.0,5275240.0,28.49262674967448,28.496626790364584,30.45589278157552,30.459892822265626
2023-07-26 15:44:46.212818,5274793.0,5275243.0,28.505670857747393,28.5096708984375,30.468936848958332,30.472936889648437
2023-07-26 15:44:46.225779,5274796.0,5275246.0,28.518714925130208,28.522714965820313,30.481980957031247,30.485980997721356
2023-07-26 15:44:46.238737,5274799.0,5275249.0,28.531758666992186,28.535758748372395,30.49502469889323,30.499024739583334
2023-07-26 15:44:46.251692,5274802.0,5275252.0,28.544802775065104,28.548802815755206,30.50806876627604,30.512068847656252
2023-07-26 15:44:46.264693,5274805.0,5275255.0,28.557846842447915,28.561846923828124,30.521112874348958,30.52511291503906
2023-07-26 15:44:46.277719,5274808.0,5275258.0,28.570890950520834,28.574890991210935,30.53415694173177,30.538156982421874
2023-07-26 15:44:46.290676,5274811.0,5275261.0,28.58393469238281,28.58793477376302,30.547200724283854,30.551200764973956
2023-07-26 15:44:46.304629,5274814.0,5275264.0,28.59697880045573,28.60097884114583,30.560244791666666,30.564244873046874
2023-07-26 15:44:46.317625,5274817.0,5275267.0,28.61002286783854,28.61402294921875,30.573288899739584,30.577288940429685
2023-07-26 15:44:46.330141,5274820.0,5275270.0,28.62306697591146,28.62706701660156,30.586332763671876,30.590332763671878
2023-07-26 15:44:46.343087,5274823.0,5275273.0,28.636110717773438,28.640110758463543,30.599376749674477,30.60337679036458
2023-07-26 15:44:46.356748,5274826.0,5275276.0,28.649154825846356,28.653154866536457,30.61242081705729,30.616420857747396
2023-07-26 15:44:46.369202,5274829.0,5275279.0,28.662198893229167,28.666198933919272,30.625464925130206,30.62946496582031
2023-07-26 15:44:46.382108,5274832.0,5275282.0,28.675243001302086,28.679243041992187,30.638508666992188,30.64250870768229
2023-07-26 15:44:46.395755,5274835.0,5275285.0,28.688286743164063,28.69228678385417,30.651552734375,30.655552815755208
2023-07-26 15:44:46.408800,5274838.0,5275288.0,28.701330810546878,28.705330891927083,30.664596842447917,30.668596883138022
2023-07-26 15:44:46.421339,5274841.0,5275291.0,28.714385335286458,28.718385375976563,30.67764090983073,30.681640991210937
2023-07-26 15:44:46.434693,5274844.0,5275294.0,28.727418823242186,28.731418823242187,30.690684692382813,30.694684733072915
2023-07-26 15:44:46.447539,5274847.0,5275297.0,28.74046276855469,28.744462809244794,30.703728759765625,30.707728841145833
2023-07-26 15:44:46.461130,5274850.0,5275300.0,28.7535068359375,28.75750691731771,30.716772867838543,30.720772908528645
2023-07-26 15:44:46.474127,5274853.0,5275303.0,28.76655094401042,28.77055098470052,30.729816935221354,30.733817016601563
2023-07-26 15:44:46.486721,5274856.0,5275306.0,28.779594685872393,28.7835947265625,30.74286071777344,30.74686075846354
2023-07-26 15:44:46.499668,5274859.0,5275309.0,28.792638793945315,28.796638834635417,30.75590478515625,30.759904825846355
2023-07-26 15:44:46.513270,5274862.0,5275312.0,28.805682861328123,28.80968290201823,30.76894889322917,30.77294893391927
2023-07-26 15:44:46.525824,5274865.0,5275315.0,28.81872696940104,28.822727010091146,30.781992919921873,30.785992919921874
2023-07-26 15:44:46.538873,5274868.0,5275318.0,28.831781127929688,28.835781168619793,30.79503670247396,30.799036783854167
2023-07-26 15:44:46.551846,5274871.0,5275321.0,28.844814778645834,28.848814860026042,30.808080810546876,30.81208085123698
2023-07-26 15:44:46.565191,5274874.0,5275324.0,28.85785888671875,28.861858927408854,30.821135294596353,30.82513537597656
2023-07-26 15:44:46.577938,5274877.0,5275327.0,28.870902954101563,28.874903035481772,30.834168701171876,30.838168701171877
2023-07-26 15:44:46.591111,5274880.0,5275330.0,28.883946736653645,28.88794677734375,30.84721272786458,30.851212809244792
2023-07-26 15:44:46.604667,5274883.0,5275333.0,28.89699080403646,28.900990885416665,30.860256835937502,30.864256876627604
2023-07-26 15:44:46.617741,5274886.0,5275336.0,28.910034912109374,28.91403495279948,30.87330090332031,30.877300984700522
2023-07-26 15:44:46.630738,5274889.0,5275339.0,28.92307897949219,28.927078979492187,30.886344685872395,30.890344726562503
2023-07-26 15:44:46.643704,5274892.0,5275342.0,28.93612276204427,28.940122802734376,30.899388753255206,30.903388793945314
2023-07-26 15:44:46.656304,5274895.0,5275345.0,28.94916682942708,28.953166870117187,30.912432861328124,30.91643290201823
2023-07-26 15:44:46.669792,5274898.0,5275348.0,28.9622109375,28.966210978190105,30.925476928710935,30.92947696940104
2023-07-26 15:44:46.682876,5274901.0,5275351.0,28.975254760742185,28.979254760742187,30.938520670572917,30.94253116861979
2023-07-26 15:44:46.695309,5274904.0,5275354.0,28.988298746744793,28.992298828124998,30.95156477864583,30.955564819335937
2023-07-26 15:44:46.708639,5274907.0,5275357.0,29.001342854817707,29.005342895507813,30.964608846028646,30.96860892740885
2023-07-26 15:44:46.721879,5274910.0,5275360.0,29.014386922200522,29.018387003580727,30.97765295410156,30.981652994791666
2023-07-26 15:44:46.734491,5274913.0,5275363.0,29.027430704752604,29.03143074544271,30.990696695963543,30.994696777343748
2023-07-26 15:44:46.747515,5274916.0,5275366.0,29.04047477213542,29.044474853515624,31.003740804036457,31.007740844726563
2023-07-26 15:44:46.760516,5274919.0,5275369.0,29.053518880208333,29.05751892089844,31.01678487141927,31.020784952799477
2023-07-26 15:44:46.773433,5274922.0,5275372.0,29.066562947591148,29.070563028971353,31.029828857421876,31.033828857421877
2023-07-26 15:44:46.786389,5274925.0,5275375.0,29.07960673014323,29.083606770833335,31.04287272135417,31.04687276204427
2023-07-26 15:44:46.800342,5274928.0,5275378.0,29.092650797526044,29.096650838216146,31.055916829427083,31.05991687011719
2023-07-26 15:44:46.813299,5274931.0,5275381.0,29.10569490559896,29.109694946289064,31.068960896809894,31.0729609375
2023-07-26 15:44:46.826284,5274934.0,5275384.0,29.118738972981774,29.122739013671875,31.082004638671876,31.08600472005208
2023-07-26 15:44:46.839241,5274937.0,5275387.0,29.13178271484375,29.13578279622396,31.09504874674479,31.099048787434896
2023-07-26 15:44:46.852381,5274940.0,5275390.0,29.144826822916666,29.14882686360677,31.108092814127605,31.11209289550781
2023-07-26 15:44:46.864776,5274943.0,5275393.0,29.157870890299478,29.16187097167969,31.12113692220052,31.125136962890625
2023-07-26 15:44:46.878294,5274946.0,5275396.0,29.170914916992185,29.174914916992186,31.1341806640625,31.138180745442707
2023-07-26 15:44:46.891507,5274949.0,5275399.0,29.183958740234374,29.187958821614583,31.147224772135417,31.15122481282552
2023-07-26 15:44:46.903907,5274952.0,5275402.0,29.197002848307292,29.201002888997397,31.16026883951823,31.164268920898436
2023-07-26 15:44:46.917586,5274955.0,5275405.0,29.210046915690103,29.214046997070312,31.173312947591146,31.17731298828125
2023-07-26 15:44:46.930682,5274958.0,5275408.0,29.223090698242185,29.227090738932294,31.186356689453127,31.19035673014323
2023-07-26 15:44:46.943137,5274961.0,5275411.0,29.236134765625,29.240134806315105,31.199400797526042,31.203400838216147
2023-07-26 15:44:46.956646,5274964.0,5275414.0,29.249178873697915,29.253178914388023,31.212444864908857,31.21644490559896
2023-07-26 15:44:46.969502,5274967.0,5275417.0,29.26222294108073,29.26622298177083,31.225488972981772,31.229489013671877
2023-07-26 15:44:46.982833,5274970.0,5275420.0,29.275266682942707,29.27926676432292,31.23853271484375,31.242532755533855
2023-07-26 15:44:46.995329,5274973.0,5275423.0,29.288310791015626,29.292310831705727,31.25157678222656,31.255576863606773
2023-07-26 15:44:47.008263,5274976.0,5275426.0,29.301354858398437,29.305354939778645,31.26462089029948,31.268620930989584
2023-07-26 15:44:47.021453,5274979.0,5275429.0,29.31439896647135,29.318399007161457,31.277664794921876,31.281664794921873
2023-07-26 15:44:47.034928,5274982.0,5275432.0,29.327442708333333,29.33144278971354,31.290708740234372,31.29470878092448
2023-07-26 15:44:47.047465,5274985.0,5275435.0,29.34048681640625,29.344486857096353,31.303752807617187,31.307752888997396
2023-07-26 15:44:47.060526,5274988.0,5275438.0,29.353530883789062,29.35753096516927,31.3167969156901,31.32079695638021
2023-07-26 15:44:47.073783,5274991.0,5275441.0,29.366574991861977,29.370575032552082,31.329840657552083,31.333840698242184
2023-07-26 15:44:47.087092,5274994.0,5275444.0,29.37961873372396,29.383618774414064,31.342884765624998,31.346884806315106
2023-07-26 15:44:47.099679,5274997.0,5275447.0,29.392662841796874,29.39666288248698,31.355928833007813,31.359928873697914
2023-07-26 15:44:47.113248,5275000.0,5275450.0,29.40570690917969,29.40970694986979,31.368972941080727,31.372972981770832
2023-07-26 15:44:47.126404,5275003.0,5275453.0,29.41875085449219,29.42275085449219,31.38201668294271,31.38601672363281
2023-07-26 15:44:47.138590,5275006.0,5275456.0,29.431794759114585,29.435794799804686,31.39506075032552,31.39906083170573
2023-07-26 15:44:47.151891,5275009.0,5275459.0,29.444838826497396,29.448838907877604,31.40810485839844,31.41210489908854
2023-07-26 15:44:47.164856,5275012.0,5275462.0,29.457882934570314,29.461882975260416,31.42114892578125,31.42514900716146
2023-07-26 15:44:47.178484,5275015.0,5275465.0,29.470926676432292,29.4749267578125,31.434192708333335,31.438192749023436
2023-07-26 15:44:47.190950,5275018.0,5275468.0,29.48397078450521,29.487970825195312,31.447236775716146,31.451236857096355
2023-07-26 15:44:47.204013,5275021.0,5275471.0,29.49701485188802,29.50101493326823,31.46028088378906,31.464280924479166
2023-07-26 15:44:47.217234,5275024.0,5275474.0,29.51005895996094,29.51405900065104,31.473324951171875,31.477324951171877
2023-07-26 15:44:47.230130,5275027.0,5275477.0,29.523102701822918,29.527102742513023,31.486368733723957,31.490368774414062
2023-07-26 15:44:47.243211,5275030.0,5275480.0,29.536146809895833,29.540146850585938,31.49941280110677,31.503412841796873
2023-07-26 15:44:47.256254,5275033.0,5275483.0,29.549190877278647,29.553190917968752,31.512456909179686,31.51645694986979
2023-07-26 15:44:47.269338,5275036.0,5275486.0,29.562234985351566,29.566235026041667,31.525500732421875,31.529500732421873
2023-07-26 15:44:47.282754,5275039.0,5275489.0,29.575278727213544,29.57927876790365,31.53854471842448,31.542544799804688
2023-07-26 15:44:47.295266,5275042.0,5275492.0,29.58833321126302,29.59233329264323,31.551588826497397,31.5555888671875
2023-07-26 15:44:47.308318,5275045.0,5275495.0,29.60136690266927,29.60536694335938,31.56463289388021,31.568632975260417
2023-07-26 15:44:47.321719,5275048.0,5275498.0,29.61441097005208,29.61841101074219,31.577676676432294,31.581676717122395
2023-07-26 15:44:47.334680,5275051.0,5275501.0,29.627454752604166,29.63145479329427,31.590720743815105,31.594720825195314
2023-07-26 15:44:47.348091,5275054.0,5275504.0,29.640498819986977,29.64449890136719,31.603764851888023,31.607764892578125
2023-07-26 15:44:47.360742,5275057.0,5275507.0,29.653542928059895,29.65754296875,31.616808919270834,31.620809000651043
2023-07-26 15:44:47.373515,5275060.0,5275510.0,29.666586791992188,29.67058679199219,31.62985270182292,31.63385274251302
2023-07-26 15:44:47.386746,5275063.0,5275513.0,29.67963077799479,29.683630818684897,31.64289676920573,31.646896809895836
2023-07-26 15:44:47.400053,5275066.0,5275516.0,29.692674845377603,29.696674886067708,31.65594087727865,31.65994091796875
2023-07-26 15:44:47.413313,5275069.0,5275519.0,29.70571895345052,29.709718994140623,31.668984944661457,31.672984985351565
2023-07-26 15:44:47.426407,5275072.0,5275522.0,29.7187626953125,29.722762736002604,31.682028686523434,31.686028767903647
2023-07-26 15:44:47.438898,5275075.0,5275525.0,29.731806762695314,29.73580684407552,31.69508321126302,31.699083251953127
2023-07-26 15:44:47.451874,5275078.0,5275528.0,29.74485087076823,29.748850911458334,31.708116861979164,31.712116943359376
2023-07-26 15:44:47.464974,5275081.0,5275531.0,29.75789493815104,29.76189501953125,31.721160888671875,31.725160888671873
2023-07-26 15:44:47.477968,5275084.0,5275534.0,29.770938720703125,29.77493876139323,31.73420471191406,31.738204793294273
2023-07-26 15:44:47.491044,5275087.0,5275537.0,29.783982788085936,29.787982869466145,31.74724881998698,31.751248860677084
2023-07-26 15:44:47.504713,5275090.0,5275540.0,29.797026896158854,29.801026936848956,31.76029288736979,31.764292968750002
2023-07-26 15:44:47.516805,5275093.0,5275543.0,29.810070963541666,29.814071044921874,31.773336669921875,31.777336710611976
2023-07-26 15:44:47.530102,5275096.0,5275546.0,29.82311474609375,29.827114786783852,31.786380737304686,31.79038077799479
2023-07-26 15:44:47.543184,5275099.0,5275549.0,29.836158813476562,29.840158854166667,31.799424845377604,31.803424886067706
2023-07-26 15:44:47.556324,5275102.0,5275552.0,29.84920292154948,29.853202962239582,31.812468912760416,31.81646895345052
2023-07-26 15:44:47.569461,5275105.0,5275555.0,29.862246948242188,29.86624694824219,31.825512654622397,31.829512736002602
2023-07-26 15:44:47.582869,5275108.0,5275558.0,29.875290730794273,29.879290812174478,31.838556762695312,31.842556803385417
2023-07-26 15:44:47.595307,5275111.0,5275561.0,29.888334838867188,29.892334879557293,31.851600830078127,31.855600911458332
2023-07-26 15:44:47.608839,5275114.0,5275564.0,29.901378906250002,29.905378987630208,31.86464493815104,31.868644978841147
2023-07-26 15:44:47.622030,5275117.0,5275567.0,29.914422729492188,29.91842272949219,31.87768868001302,31.881688761393228
2023-07-26 15:44:47.634489,5275120.0,5275570.0,29.9274667561849,29.931466837565104,31.890732788085938,31.894732828776043
2023-07-26 15:44:47.648057,5275123.0,5275573.0,29.940510864257813,29.94451090494792,31.90377685546875,31.907776936848958
2023-07-26 15:44:47.661066,5275126.0,5275576.0,29.953554931640625,29.957555013020833,31.916820963541667,31.92082100423177
2023-07-26 15:44:47.673572,5275129.0,5275579.0,29.96659871419271,29.970598754882815,31.929864705403645,31.93386474609375
2023-07-26 15:44:47.686682,5275132.0,5275582.0,29.97964278157552,29.983642822265626,31.942908813476564,31.946908854166665
2023-07-26 15:44:47.700300,5275135.0,5275585.0,29.99268688964844,29.996686930338544,31.955952880859375,31.95995292154948
2023-07-26 15:44:47.712765,5275138.0,5275588.0,30.005730957031247,30.009730997721356,31.968996826171875,31.972996826171872
2023-07-26 15:44:47.725889,5275141.0,5275591.0,30.01877469889323,30.022774780273437,31.98204073079427,31.986040771484376
2023-07-26 15:44:47.739488,5275144.0,5275594.0,30.031818806966143,30.03581884765625,31.995084798177086,31.99908487955729
2023-07-26 15:44:47.752375,5275147.0,5275597.0,30.044862874348958,30.048862955729167,32.00812890625,32.0121289469401
2023-07-26 15:44:47.764806,5275150.0,5275600.0,30.057906982421873,30.06190702311198,32.02117264811198,32.02517272949219
2023-07-26 15:44:47.778494,5275153.0,5275603.0,30.070950724283854,30.074950805664063,32.0342167561849,32.038216796875
2023-07-26 15:44:47.790981,5275156.0,5275606.0,30.08399483235677,30.087994873046874,32.047260823567704,32.05126090494792
2023-07-26 15:44:47.804093,5275159.0,5275609.0,30.097038899739584,30.101038981119792,32.06030493164063,32.06430497233073
2023-07-26 15:44:47.817570,5275162.0,5275612.0,30.110082885742187,30.11408288574219,32.07334867350261,32.07734871419271
2023-07-26 15:44:47.830057,5275165.0,5275615.0,30.12312674967448,30.12712679036458,32.08639278157552,32.09039282226563
2023-07-26 15:44:47.843170,5275168.0,5275618.0,30.136170857747395,30.1401708984375,32.099436848958334,32.103436889648435
2023-07-26 15:44:47.856180,5275171.0,5275621.0,30.14921492513021,30.15321496582031,32.11248095703125,32.116480997721354
2023-07-26 15:44:47.869757,5275174.0,5275624.0,30.162258666992187,30.166258748372396,32.12552469889323,32.12952473958333
2023-07-26 15:44:47.882193,5275177.0,5275627.0,30.175302775065102,30.179302815755207,32.138568766276045,32.14256884765625
2023-07-26 15:44:47.895252,5275180.0,5275630.0,30.188346842447917,30.192346923828126,32.151612874348956,32.155612915039065
2023-07-26 15:44:47.908326,5275183.0,5275633.0,30.201390950520832,30.205390991210937,32.16465694173177,32.16865698242187
2023-07-26 15:44:47.921979,5275186.0,5275636.0,30.214434692382813,30.218434773763022,32.17770072428385,32.181700764973954
2023-07-26 15:44:47.934619,5275189.0,5275639.0,30.227478800455728,30.231478841145833,32.19074479166667,32.19474487304688
2023-07-26 15:44:47.948108,5275192.0,5275642.0,30.240522867838543,30.244522949218748,32.203788899739585,32.20778894042969
2023-07-26 15:44:47.960577,5275195.0,5275645.0,30.253566975911458,30.257567016601563,32.216832763671874,32.22083276367188
2023-07-26 15:44:47.973533,5275198.0,5275648.0,30.26661071777344,30.27061075846354,32.22987674967448,32.23387679036458
2023-07-26 15:44:47.987299,5275201.0,5275651.0,30.279654825846354,30.28365486653646,32.24292081705729,32.2469208577474
2023-07-26 15:44:47.999508,5275204.0,5275654.0,30.29269889322917,30.29669893391927,32.255964925130215,32.259964965820316
2023-07-26 15:44:48.013424,5275207.0,5275657.0,30.305743001302083,30.30974304199219,32.269008666992185,32.273008707682294
2023-07-26 15:44:48.026330,5275210.0,5275660.0,30.318786743164065,30.322786783854166,32.28205273437499,32.28605281575521
2023-07-26 15:44:48.039505,5275213.0,5275663.0,30.331830810546876,30.335830891927085,32.29509684244792,32.29909688313802
2023-07-26 15:44:48.051945,5275216.0,5275666.0,30.344885335286456,30.34888537597656,32.308140909830726,32.31214099121094
2023-07-26 15:44:48.065418,5275220.0,5275669.0,30.362266682942707,30.36626676432292,32.321184692382815,32.325184733072916
2023-07-26 15:44:48.078582,5275222.0,5275672.0,30.37096276855469,30.374962809244792,32.33422875976562,32.338228841145835
2023-07-26 15:44:48.091756,5275225.0,5275675.0,30.3840068359375,30.38800691731771,32.34727286783854,32.35127290852865
2023-07-26 15:44:48.104161,5275228.0,5275678.0,30.397050944010417,30.40105098470052,32.360316935221356,32.36431701660156
2023-07-26 15:44:48.117148,5275231.0,5275681.0,30.410094685872394,30.414094726562503,32.37336071777344,32.37736075846354
2023-07-26 15:44:48.130239,5275234.0,5275684.0,30.423138793945313,30.427138834635418,32.38640478515625,32.39040482584635
2023-07-26 15:44:48.143789,5275237.0,5275687.0,30.436182861328124,30.44018290201823,32.39944889322916,32.403448933919265
2023-07-26 15:44:48.156914,5275240.0,5275690.0,30.44922696940104,30.453227010091148,32.412492919921874,32.41649291992188
2023-07-26 15:44:48.169359,5275243.0,5275693.0,30.46228112792969,30.46628116861979,32.425536702473956,32.42953678385416
2023-07-26 15:44:48.182994,5275246.0,5275696.0,30.47531477864583,30.479314860026044,32.438580810546874,32.44258085123698
2023-07-26 15:44:48.195476,5275249.0,5275699.0,30.48835888671875,30.49235892740885,32.45163529459636,32.45563537597656
2023-07-26 15:44:48.208987,5275252.0,5275702.0,30.50140295410156,30.505403035481773,32.464668701171874,32.46866870117188
2023-07-26 15:44:48.221555,5275255.0,5275705.0,30.514446736653646,30.518446777343748,32.477712727864585,32.48171280924479
2023-07-26 15:44:48.235109,5275258.0,5275708.0,30.527490804036457,30.531490885416666,32.490756835937496,32.494756876627605
2023-07-26 15:44:48.247554,5275261.0,5275711.0,30.540534912109376,30.544534952799477,32.50380090332031,32.50780098470052
2023-07-26 15:44:48.260865,5275264.0,5275714.0,30.553578979492187,30.557578979492188,32.5168446858724,32.5208447265625
2023-07-26 15:44:48.274219,5275267.0,5275717.0,30.566622762044272,30.570622802734373,32.52988875325521,32.533888793945316
2023-07-26 15:44:48.286563,5275270.0,5275720.0,30.579666829427083,30.583666870117188,32.542932861328126,32.54693290201823
2023-07-26 15:44:48.299729,5275273.0,5275723.0,30.592710937499998,30.596710978190103,32.55597692871094,32.55997696940104
2023-07-26 15:44:48.313060,5275276.0,5275726.0,30.605754760742187,30.609754760742184,32.56902067057292,32.57303116861979
2023-07-26 15:44:48.326166,5275279.0,5275729.0,30.61879874674479,30.622798828125,32.58206477864584,32.58606481933594
2023-07-26 15:44:48.338906,5275282.0,5275732.0,30.63184285481771,30.635842895507814,32.595108846028644,32.59910892740885
2023-07-26 15:44:48.352487,5275285.0,5275735.0,30.64488692220052,30.64888700358073,32.60815295410156,32.612152994791664
2023-07-26 15:44:48.364895,5275288.0,5275738.0,30.657930704752605,30.661930745442707,32.62119669596354,32.625196777343746
2023-07-26 15:44:48.378052,5275291.0,5275741.0,30.670974772135416,30.674974853515625,32.63424080403646,32.63824084472657
2023-07-26 15:44:48.391329,5275294.0,5275744.0,30.684018880208335,30.688018920898436,32.647284871419274,32.65128495279948
2023-07-26 15:44:48.404457,5275297.0,5275747.0,30.697062947591146,30.701063028971355,32.660328857421874,32.66432885742188
2023-07-26 15:44:48.416971,5275300.0,5275750.0,30.71010673014323,30.714106770833332,32.67337272135417,32.67737276204427
2023-07-26 15:44:48.430819,5275303.0,5275753.0,30.723150797526042,30.727150838216147,32.68641682942708,32.69041687011719
2023-07-26 15:44:48.443329,5275306.0,5275756.0,30.73619490559896,30.740194946289062,32.699460896809896,32.703460937500004
2023-07-26 15:44:48.456724,5275309.0,5275759.0,30.74923897298177,30.753239013671877,32.712504638671874,32.716504720052086
2023-07-26 15:44:48.469905,5275312.0,5275762.0,30.762282714843753,30.76628279622396,32.725548746744785,32.7295487874349
2023-07-26 15:44:48.482316,5275315.0,5275765.0,30.775326822916668,30.779326863606773,32.73859281412761,32.74259289550781
2023-07-26 15:44:48.495456,5275318.0,5275768.0,30.78837089029948,30.792370971679688,32.75163692220052,32.75563696289063
2023-07-26 15:44:48.508988,5275321.0,5275771.0,30.801414916992186,30.805414916992188,32.7646806640625,32.76868074544271
2023-07-26 15:44:48.521514,5275324.0,5275774.0,30.81445874023437,30.818458821614584,32.777724772135414,32.781724812825516
2023-07-26 15:44:48.534624,5275327.0,5275777.0,30.827502848307294,30.831502888997395,32.79076883951823,32.79476892089844
2023-07-26 15:44:48.547880,5275330.0,5275780.0,30.8405469156901,30.844546997070314,32.80381294759115,32.80781298828125
2023-07-26 15:44:48.561212,5275333.0,5275783.0,30.853590698242186,30.857590738932295,32.816856689453125,32.82085673014323
2023-07-26 15:44:48.574324,5275336.0,5275786.0,30.866634765624998,30.870634806315106,32.829900797526044,32.833900838216145
2023-07-26 15:44:48.586498,5275339.0,5275789.0,30.879678873697916,30.88367891438802,32.84294486490885,32.84694490559895
2023-07-26 15:44:48.599746,5275342.0,5275792.0,30.892722941080727,30.896722981770832,32.85598897298177,32.85998901367188
2023-07-26 15:44:48.613364,5275345.0,5275795.0,30.90576668294271,30.909766764322917,32.86903271484375,32.87303275553385
2023-07-26 15:44:48.626409,5275348.0,5275798.0,30.918810791015623,30.92281083170573,32.88207678222656,32.886076863606775
2023-07-26 15:44:48.638932,5275351.0,5275801.0,30.931854858398438,30.935854939778643,32.89512089029948,32.89912093098958
2023-07-26 15:44:48.652419,5275354.0,5275804.0,30.944898966471353,30.948899007161458,32.90816479492187,32.91216479492188
2023-07-26 15:44:48.664852,5275357.0,5275807.0,30.957942708333334,30.96194278971354,32.92120874023438,32.92520878092448
2023-07-26 15:44:48.677932,5275360.0,5275810.0,30.97098681640625,30.974986857096354,32.934252807617185,32.93825288899739
2023-07-26 15:44:48.691354,5275363.0,5275813.0,30.984030883789064,30.98803096516927,32.9472969156901,32.95129695638021
2023-07-26 15:44:48.704734,5275366.0,5275816.0,30.99707499186198,31.001075032552084,32.96034065755209,32.96434069824219
2023-07-26 15:44:48.717171,5275369.0,5275819.0,31.01011873372396,31.01411877441406,32.973384765625,32.97738480631511
2023-07-26 15:44:48.730349,5275372.0,5275822.0,31.023162841796875,31.02716288248698,32.986428833007814,32.990428873697915
2023-07-26 15:44:48.743804,5275375.0,5275825.0,31.036206909179686,31.04020694986979,32.99947294108073,33.003472981770834
2023-07-26 15:44:48.755984,5275378.0,5275828.0,31.04925085449219,31.053250854492187,33.01251668294271,33.01651672363281
2023-07-26 15:44:48.769197,5275381.0,5275831.0,31.062294759114582,31.066294799804687,33.025560750325525,33.02956083170573
2023-07-26 15:44:48.782952,5275384.0,5275834.0,31.075338826497397,31.079338907877602,33.038604858398436,33.04260489908854
2023-07-26 15:44:48.795319,5275387.0,5275837.0,31.088382934570312,31.092382975260417,33.05164892578125,33.055649007161456
2023-07-26 15:44:48.808554,5275390.0,5275840.0,31.101426676432293,31.1054267578125,33.06469270833333,33.068692749023434
2023-07-26 15:44:48.821534,5275393.0,5275843.0,31.114470784505208,31.118470825195313,33.07773677571614,33.08173685709636
2023-07-26 15:44:48.834946,5275396.0,5275846.0,31.127514851888023,31.131514933268228,33.090780883789066,33.09478092447917
2023-07-26 15:44:48.847685,5275399.0,5275849.0,31.140558959960938,31.144559000651043,33.10382495117187,33.10782495117188
2023-07-26 15:44:48.861011,5275402.0,5275852.0,31.15360270182292,31.15760274251302,33.11686873372396,33.12086877441406
2023-07-26 15:44:48.874278,5275405.0,5275855.0,31.166646809895834,31.17064685058594,33.12991280110677,33.13391284179688
2023-07-26 15:44:48.887333,5275408.0,5275858.0,31.17969087727865,31.18369091796875,33.14295690917968,33.1469569498698
2023-07-26 15:44:48.899561,5275411.0,5275861.0,31.192734985351564,31.19673502604167,33.15600073242187,33.16000073242187
2023-07-26 15:44:48.912844,5275414.0,5275864.0,31.20577872721354,31.209778767903646,33.16904471842447,33.17304479980469
2023-07-26 15:44:48.926028,5275417.0,5275867.0,31.21883321126302,31.22283329264323,33.1820888264974,33.1860888671875
2023-07-26 15:44:48.939425,5275420.0,5275870.0,31.23186690266927,31.235866943359376,33.195132893880206,33.19913297526042
2023-07-26 15:44:48.952594,5275423.0,5275873.0,31.244910970052082,31.24891101074219,33.208176676432295,33.2121767171224
2023-07-26 15:44:48.964877,5275426.0,5275876.0,31.257954752604164,31.261954793294272,33.2212207438151,33.22522082519531
2023-07-26 15:44:48.978186,5275429.0,5275879.0,31.27099881998698,31.27499890136719,33.23426485188802,33.23826489257812
2023-07-26 15:44:48.991686,5275432.0,5275882.0,31.284042928059893,31.288042968750002,33.247308919270836,33.25130900065104
2023-07-26 15:44:49.004930,5275435.0,5275885.0,31.29708679199219,31.301086791992187,33.26035270182292,33.26435274251302
2023-07-26 15:44:49.017340,5275438.0,5275888.0,31.31013077799479,31.314130818684898,33.27339676920573,33.27739680989583
2023-07-26 15:44:49.030491,5275441.0,5275891.0,31.323174845377604,31.327174886067706,33.28644087727864,33.290440917968745
2023-07-26 15:44:49.043618,5275444.0,5275894.0,31.33621895345052,31.340218994140624,33.29948494466146,33.30348498535157
2023-07-26 15:44:49.057109,5275447.0,5275897.0,31.3492626953125,31.353262736002602,33.312528686523436,33.31652876790364
2023-07-26 15:44:49.069575,5275450.0,5275900.0,31.36230676269531,31.36630684407552,33.325583211263016,33.329583251953125
2023-07-26 15:44:49.082610,5275453.0,5275903.0,31.37535087076823,31.37935091145833,33.33861686197917,33.342616943359374
2023-07-26 15:44:49.095775,5275456.0,5275906.0,31.38839493815104,31.39239501953125,33.35166088867187,33.35566088867188
2023-07-26 15:44:49.108805,5275459.0,5275909.0,31.401438720703126,31.405438761393228,33.36470471191406,33.36870479329427
2023-07-26 15:44:49.122152,5275462.0,5275912.0,31.414482788085937,31.418482869466146,33.377748819986984,33.381748860677085
2023-07-26 15:44:49.135319,5275465.0,5275915.0,31.427526896158852,31.431526936848957,33.39079288736979,33.394792968750004
2023-07-26 15:44:49.148438,5275468.0,5275918.0,31.440570963541667,31.444571044921876,33.40383666992188,33.40783671061198
2023-07-26 15:44:49.160903,5275471.0,5275921.0,31.45361474609375,31.457614786783854,33.41688073730469,33.420880777994796
2023-07-26 15:44:49.174175,5275474.0,5275924.0,31.466658813476563,31.470658854166665,33.429924845377606,33.43392488606771
2023-07-26 15:44:49.187595,5275477.0,5275927.0,31.479702921549478,31.483702962239583,33.44296891276042,33.44696895345052
2023-07-26 15:44:49.199788,5275480.0,5275930.0,31.49274694824219,31.49674694824219,33.4560126546224,33.460012736002604
2023-07-26 15:44:49.212823,5275483.0,5275933.0,31.50579073079427,31.50979081217448,33.46905676269532,33.47305680338542
2023-07-26 15:44:49.226181,5275486.0,5275936.0,31.51883483886719,31.52283487955729,33.482100830078124,33.48610091145833
2023-07-26 15:44:49.239247,5275489.0,5275939.0,31.53187890625,31.53587898763021,33.49514493815104,33.499144978841144
2023-07-26 15:44:49.252556,5275492.0,5275942.0,31.54492272949219,31.548922729492187,33.50818868001302,33.512188761393226
2023-07-26 15:44:49.264959,5275495.0,5275945.0,31.557966756184896,31.561966837565105,33.52123278808593,33.52523282877605
2023-07-26 15:44:49.278030,5275498.0,5275948.0,31.571010864257815,31.575010904947916,33.53427685546875,33.53827693684896
2023-07-26 15:44:49.291153,5275501.0,5275951.0,31.584054931640626,31.588055013020835,33.547320963541665,33.551321004231774
2023-07-26 15:44:49.304365,5275504.0,5275954.0,31.59709871419271,31.601098754882813,33.56036470540365,33.56436474609375
2023-07-26 15:44:49.317158,5275507.0,5275957.0,31.610142781575522,31.614142822265627,33.57340881347656,33.57740885416667
2023-07-26 15:44:49.330230,5275510.0,5275960.0,31.62318688964844,31.627186930338542,33.58645288085937,33.59045292154948
2023-07-26 15:44:49.343597,5275513.0,5275963.0,31.63623095703125,31.640230997721357,33.59949682617188,33.60349682617188
2023-07-26 15:44:49.356778,5275516.0,5275966.0,31.649274698893226,31.65327478027344,33.612540730794265,33.616540771484374
2023-07-26 15:44:49.369125,5275519.0,5275969.0,31.662318806966145,31.666318847656253,33.62558479817709,33.62958487955729
2023-07-26 15:44:49.382574,5275522.0,5275972.0,31.675362874348956,31.679362955729168,33.63862890625,33.64262894694011
2023-07-26 15:44:49.395716,5275525.0,5275975.0,31.688406982421874,31.69240702311198,33.65167264811198,33.65567272949219
2023-07-26 15:44:49.409166,5275528.0,5275978.0,31.701450724283852,31.705450805664064,33.664716756184895,33.668716796874996
2023-07-26 15:44:49.421354,5275531.0,5275981.0,31.71449483235677,31.718494873046875,33.67776082356771,33.681760904947915
2023-07-26 15:44:49.434456,5275534.0,5275984.0,31.72753889973958,31.731538981119794,33.69080493164063,33.69480497233073
2023-07-26 15:44:49.447860,5275537.0,5275987.0,31.74058288574219,31.744582885742187,33.703848673502605,33.70784871419271
2023-07-26 15:44:49.461184,5275540.0,5275990.0,31.753626749674478,31.757626790364583,33.716892781575524,33.720892822265625
2023-07-26 15:44:49.474436,5275543.0,5275993.0,31.766670857747396,31.770670898437498,33.72993684895833,33.73393688964843
2023-07-26 15:44:49.486740,5275546.0,5275996.0,31.779714925130207,31.783714965820312,33.74298095703125,33.74698099772136
2023-07-26 15:44:49.500232,5275549.0,5275999.0,31.79275866699219,31.796758748372394,33.75602469889323,33.76002473958333
2023-07-26 15:44:49.513307,5275552.0,5276002.0,31.805802775065104,31.80980281575521,33.76906876627604,33.773068847656255
2023-07-26 15:44:49.526328,5275555.0,5276005.0,31.81884684244792,31.822846923828124,33.782112874348954,33.78611291503906
2023-07-26 15:44:49.539594,5275558.0,5276008.0,31.831890950520833,31.83589099121094,33.79515694173177,33.79915698242187
2023-07-26 15:44:49.552593,5275561.0,5276011.0,31.844934692382814,31.84893477376302,33.80820072428385,33.81220076497396
2023-07-26 15:44:49.565044,5275564.0,5276014.0,31.85797880045573,31.861978841145834,33.82124479166667,33.82524487304688
2023-07-26 15:44:49.578359,5275567.0,5276017.0,31.87102286783854,31.87502294921875,33.83428889973958,33.83828894042969
2023-07-26 15:44:49.591460,5275570.0,5276020.0,31.88406697591146,31.888067016601564,33.84733276367188,33.85133276367188
2023-07-26 15:44:49.604922,5275573.0,5276023.0,31.897110717773437,31.901110758463542,33.86037674967448,33.86437679036459
2023-07-26 15:44:49.617330,5275576.0,5276026.0,31.910154825846355,31.914154866536457,33.873420817057294,33.877420857747396
2023-07-26 15:44:49.630558,5275579.0,5276029.0,31.923198893229166,31.92719893391927,33.88646492513021,33.890464965820314
2023-07-26 15:44:49.643847,5275582.0,5276032.0,31.936243001302085,31.940243041992186,33.89950866699219,33.90350870768229
2023-07-26 15:44:49.656939,5275585.0,5276035.0,31.949286743164063,31.953286783854168,33.912552734375,33.91655281575521
2023-07-26 15:44:49.669688,5275588.0,5276038.0,31.962330810546877,31.966330891927083,33.925596842447916,33.92959688313802
2023-07-26 15:44:49.682775,5275591.0,5276041.0,31.975385335286457,31.979385375976562,33.93864090983073,33.942640991210936
2023-07-26 15:44:49.696007,5275594.0,5276044.0,31.98841882324219,31.992418823242186,33.95168469238281,33.955684733072914
2023-07-26 15:44:49.709209,5275597.0,5276047.0,32.00146276855469,32.00546280924479,33.96472875976562,33.96872884114584
2023-07-26 15:44:49.722292,5275600.0,5276050.0,32.014506835937496,32.01850691731771,33.97777286783854,33.98177290852865
2023-07-26 15:44:49.735362,5275603.0,5276053.0,32.02755094401042,32.03155098470052,33.99081693522135,33.994817016601566
2023-07-26 15:44:49.747705,5275606.0,5276056.0,32.0405946858724,32.0445947265625,34.003860717773435,34.00786075846354
2023-07-26 15:44:49.760770,5275609.0,5276059.0,32.05363879394531,32.05763883463542,34.01690478515625,34.02090482584635
2023-07-26 15:44:49.773900,5275612.0,5276062.0,32.066682861328125,32.07068290201823,34.02994889322916,34.03394893391927
2023-07-26 15:44:49.786929,5275615.0,5276065.0,32.079726969401044,32.083727010091145,34.04299291992188,34.04699291992188
2023-07-26 15:44:49.800398,5275618.0,5276068.0,32.09278112792969,32.09678116861979,34.05603670247395,34.060036783854166
2023-07-26 15:44:49.813480,5275621.0,5276071.0,32.105814778645836,32.10981486002604,34.06908081054688,34.07308085123698
2023-07-26 15:44:49.825994,5275624.0,5276074.0,32.11885888671875,32.122858927408856,34.082135294596355,34.08613537597657
2023-07-26 15:44:49.839096,5275627.0,5276077.0,32.13190295410156,32.13590303548177,34.09516870117188,34.09916870117188
2023-07-26 15:44:49.852351,5275630.0,5276080.0,32.144946736653644,32.148946777343745,34.10821272786458,34.11221280924479
2023-07-26 15:44:49.865708,5275633.0,5276083.0,32.15799080403646,32.16199088541667,34.1212568359375,34.1252568766276
2023-07-26 15:44:49.878867,5275636.0,5276086.0,32.17103491210938,32.17503495279948,34.134300903320316,34.13830098470052
2023-07-26 15:44:49.891250,5275639.0,5276089.0,32.184078979492185,32.18807897949219,34.1473446858724,34.1513447265625
2023-07-26 15:44:49.904357,5275642.0,5276092.0,32.19712276204427,32.201122802734375,34.16038875325521,34.164388793945314
2023-07-26 15:44:49.917710,5275645.0,5276095.0,32.21016682942708,32.21416687011719,34.17343286132812,34.177432902018225
2023-07-26 15:44:49.930900,5275648.0,5276098.0,32.223210937500006,32.22721097819011,34.18647692871094,34.19047696940105
2023-07-26 15:44:49.943217,5275651.0,5276101.0,32.236254760742185,32.24025476074219,34.199520670572916,34.20353116861979
2023-07-26 15:44:49.956389,5275654.0,5276104.0,32.24929874674479,32.253298828125004,34.212564778645834,34.21656481933594
2023-07-26 15:44:49.969728,5275657.0,5276107.0,32.26234285481771,32.26634289550781,34.22560884602864,34.229608927408854
2023-07-26 15:44:49.982889,5275660.0,5276110.0,32.27538692220052,32.27938700358073,34.23865295410156,34.24265299479166
2023-07-26 15:44:50.000042,5275663.0,5276113.0,32.28843070475261,32.29243074544271,34.25169669596354,34.25569677734375
2023-07-26 15:44:50.012921,5275667.0,5276117.0,32.30583321126302,32.30983329264323,34.269088826497395,34.273088867187504
2023-07-26 15:44:50.025915,5275670.0,5276120.0,32.31886690266927,32.32286694335937,34.28213289388021,34.286132975260415
2023-07-26 15:44:50.039467,5275673.0,5276123.0,32.33191097005208,32.33591101074219,34.29517667643229,34.29917671712239
2023-07-26 15:44:50.052655,5275676.0,5276126.0,32.34495475260417,32.34895479329427,34.3082207438151,34.31222082519531
2023-07-26 15:44:50.064954,5275679.0,5276129.0,32.35799881998698,32.36199890136719,34.32126485188802,34.32526489257812
2023-07-26 15:44:50.078273,5275682.0,5276132.0,32.3710429280599,32.37504296875,34.33430891927083,34.338309000651044
2023-07-26 15:44:50.091369,5275685.0,5276135.0,32.38408679199219,32.38808679199219,34.34735270182292,34.35135274251302
2023-07-26 15:44:50.103989,5275688.0,5276138.0,32.397130777994796,32.4011308186849,34.36039676920573,34.36439680989584
2023-07-26 15:44:50.117128,5275691.0,5276141.0,32.410174845377604,32.414174886067705,34.37344087727865,34.37744091796875
2023-07-26 15:44:50.130165,5275694.0,5276144.0,32.42321895345052,32.427218994140624,34.38648494466146,34.39048498535156
2023-07-26 15:44:50.143277,5275697.0,5276147.0,32.4362626953125,32.4402627360026,34.39952868652344,34.403528767903644
2023-07-26 15:44:50.156245,5275700.0,5276150.0,32.449306762695315,32.45330684407552,34.41258321126302,34.41658325195312
2023-07-26 15:44:50.169771,5275703.0,5276153.0,32.462350870768226,32.466350911458335,34.425616861979165,34.42961694335937
2023-07-26 15:44:50.182883,5275706.0,5276156.0,32.47539493815104,32.479395019531246,34.438660888671876,34.442660888671874
2023-07-26 15:44:50.195904,5275709.0,5276159.0,32.48843872070312,32.49243876139323,34.45170471191406,34.45570479329427
2023-07-26 15:44:50.209059,5275712.0,5276162.0,32.50148278808594,32.50548286946615,34.46474881998698,34.46874886067709
2023-07-26 15:44:50.222221,5275715.0,5276165.0,32.514526896158856,32.518526936848964,34.477792887369795,34.48179296875
2023-07-26 15:44:50.235217,5275718.0,5276168.0,32.52757096354167,32.531571044921876,34.490836669921876,34.494836710611985
2023-07-26 15:44:50.248301,5275721.0,5276171.0,32.54061474609375,32.54461478678385,34.50388073730469,34.50788077799479
2023-07-26 15:44:50.260540,5275724.0,5276174.0,32.55365881347656,32.55765885416667,34.5169248453776,34.520924886067704
2023-07-26 15:44:50.273592,5275727.0,5276177.0,32.56670292154948,32.57070296223959,34.52996891276042,34.533968953450525
2023-07-26 15:44:50.286868,5275730.0,5276180.0,32.57974694824219,32.58374694824219,34.543012654622395,34.5470127360026
2023-07-26 15:44:50.300212,5275733.0,5276183.0,32.59279073079427,32.59679081217448,34.55605676269531,34.56005680338542
2023-07-26 15:44:50.313531,5275736.0,5276186.0,32.60583483886719,32.60983487955729,34.56910083007813,34.57310091145833
2023-07-26 15:44:50.325767,5275739.0,5276189.0,32.61887890625,32.62287898763021,34.58214493815104,34.58614497884115
2023-07-26 15:44:50.339175,5275742.0,5276192.0,32.63192272949219,32.63592272949219,34.595188680013024,34.59918876139323
2023-07-26 15:44:50.352586,5275745.0,5276195.0,32.64496675618489,32.6489668375651,34.608232788085935,34.612232828776044
2023-07-26 15:44:50.364903,5275748.0,5276198.0,32.65801086425781,32.66201090494791,34.62127685546875,34.62527693684896
2023-07-26 15:44:50.378480,5275751.0,5276201.0,32.671054931640626,32.67505501302083,34.63432096354167,34.63832100423177
2023-07-26 15:44:50.391724,5275754.0,5276204.0,32.68409871419271,32.688098754882816,34.647364705403646,34.65136474609375
2023-07-26 15:44:50.404821,5275757.0,5276207.0,32.69714278157552,32.70114282226562,34.660408813476565,34.664408854166666
2023-07-26 15:44:50.418059,5275760.0,5276210.0,32.71018688964843,32.71418693033854,34.67345288085937,34.677452921549474
2023-07-26 15:44:50.430369,5275763.0,5276213.0,32.723230957031255,32.72723099772136,34.686496826171876,34.69049682617188
2023-07-26 15:44:50.443432,5275766.0,5276216.0,32.736274698893226,32.74027478027344,34.69954073079427,34.70354077148437
2023-07-26 15:44:50.456715,5275769.0,5276219.0,32.74931880696615,32.75331884765625,34.71258479817708,34.716584879557296
2023-07-26 15:44:50.469792,5275772.0,5276222.0,32.76236287434896,32.766362955729164,34.72562890625,34.7296289469401
2023-07-26 15:44:50.482854,5275775.0,5276225.0,32.77540698242187,32.77940702311198,34.73867264811198,34.742672729492185
2023-07-26 15:44:50.495957,5275778.0,5276228.0,32.788450724283855,32.79245080566406,34.75171675618489,34.755716796875
2023-07-26 15:44:50.509102,5275781.0,5276231.0,32.801494832356774,32.805494873046875,34.764760823567705,34.76876090494791
2023-07-26 15:44:50.522364,5275784.0,5276234.0,32.81453889973959,32.818538981119794,34.777804931640624,34.78180497233073
2023-07-26 15:44:50.534487,5275787.0,5276237.0,32.82758288574219,32.831582885742186,34.79084867350261,34.79484871419271
2023-07-26 15:44:50.547617,5275790.0,5276240.0,32.840626749674485,32.844626790364586,34.80389278157552,34.80789282226563
2023-07-26 15:44:50.561029,5275793.0,5276243.0,32.853670857747396,32.8576708984375,34.816936848958335,34.820936889648436
2023-07-26 15:44:50.574233,5275796.0,5276246.0,32.86671492513021,32.87071496582031,34.82998095703125,34.833980997721355
2023-07-26 15:44:50.586522,5275799.0,5276249.0,32.87975866699219,32.883758748372394,34.84302469889323,34.84702473958333
2023-07-26 15:44:50.604788,5275802.0,5276252.0,32.89280277506511,32.89680281575521,34.856068766276046,34.86006884765625
2023-07-26 15:44:50.617362,5275806.0,5276256.0,32.910194905598956,32.91419494628906,34.873460896809895,34.877460937500004
2023-07-26 15:44:50.630723,5275809.0,5276259.0,32.92323897298177,32.92723901367187,34.88650463867187,34.890504720052085
2023-07-26 15:44:50.647859,5275812.0,5276262.0,32.93628271484375,32.940282796223954,34.89954874674479,34.9035487874349
2023-07-26 15:44:50.660778,5275816.0,5276266.0,32.953674845377606,32.95767488606771,34.91694087727864,34.92094091796875
2023-07-26 15:44:50.674201,5275819.0,5276269.0,32.966718953450524,32.970718994140626,34.92998494466146,34.933984985351564
2023-07-26 15:44:50.686663,5275822.0,5276272.0,32.9797626953125,32.9837627360026,34.943028686523434,34.947028767903646
2023-07-26 15:44:50.699676,5275825.0,5276275.0,32.99280676269532,32.99680684407552,34.95608321126302,34.96008325195312
2023-07-26 15:44:50.713048,5275828.0,5276278.0,33.00585087076823,33.00985091145833,34.96911686197917,34.97311694335937
2023-07-26 15:44:50.726360,5275831.0,5276281.0,33.01889493815104,33.02289501953125,34.98216088867188,34.986160888671876
2023-07-26 15:44:50.739356,5275834.0,5276284.0,33.031938720703124,33.035938761393226,34.99520471191406,34.99920479329427
2023-07-26 15:44:50.752759,5275837.0,5276287.0,33.04498278808593,33.04898286946615,35.00824881998698,35.01224886067708
2023-07-26 15:44:50.765814,5275840.0,5276290.0,33.05802689615886,33.06202693684896,35.021292887369796,35.02529296875
2023-07-26 15:44:50.777988,5275843.0,5276293.0,33.071070963541665,33.07507104492188,35.03433666992188,35.03833671061198
2023-07-26 15:44:50.791262,5275846.0,5276296.0,33.08411474609375,33.088114786783855,35.04738073730469,35.051380777994794
2023-07-26 15:44:50.804637,5275849.0,5276299.0,33.09715881347656,33.10115885416667,35.060424845377604,35.064424886067705
2023-07-26 15:44:50.817105,5275852.0,5276302.0,33.11020292154947,33.11420296223959,35.07346891276042,35.07746895345053
2023-07-26 15:44:50.830417,5275855.0,5276305.0,33.12324694824219,33.12724694824219,35.086512654622396,35.0905127360026
2023-07-26 15:44:50.847634,5275858.0,5276308.0,33.136290730794265,33.140290812174484,35.099556762695315,35.103556803385416
2023-07-26 15:44:50.860866,5275862.0,5276312.0,33.15368286132812,33.15768290201823,35.116948893229164,35.120948933919266
2023-07-26 15:44:50.874037,5275865.0,5276315.0,33.16672696940105,33.17072701009115,35.129992919921875,35.13399291992188
2023-07-26 15:44:50.887006,5275868.0,5276318.0,33.17978112792969,33.183781168619795,35.14303670247396,35.14703678385416
2023-07-26 15:44:50.900102,5275871.0,5276321.0,33.19281477864583,33.196814860026045,35.156080810546875,35.16008085123698
2023-07-26 15:44:50.913411,5275874.0,5276324.0,33.20585888671875,33.20985892740885,35.16913529459636,35.173135375976564
2023-07-26 15:44:50.926615,5275877.0,5276327.0,33.21890295410156,33.22290303548177,35.182168701171875,35.18616870117187
2023-07-26 15:44:50.938872,5275880.0,5276330.0,33.23194673665365,33.23594677734375,35.19521272786458,35.19921280924479
2023-07-26 15:44:50.952306,5275883.0,5276333.0,33.24499080403646,33.24899088541667,35.2082568359375,35.2122568766276
2023-07-26 15:44:50.965339,5275886.0,5276336.0,33.25803491210938,33.26203495279948,35.22130090332031,35.225300984700525
2023-07-26 15:44:50.978636,5275889.0,5276339.0,33.27107897949219,33.275078979492186,35.2343446858724,35.2383447265625
2023-07-26 15:44:50.991771,5275892.0,5276342.0,33.28412276204427,33.28812280273437,35.24738875325521,35.25138879394532
2023-07-26 15:44:51.004197,5275895.0,5276345.0,33.297166829427084,33.301166870117186,35.26043286132813,35.26443290201823
2023-07-26 15:44:51.017477,5275898.0,5276348.0,33.3102109375,33.314210978190104,35.27347692871094,35.27747696940104
2023-07-26 15:44:51.034481,5275901.0,5276351.0,33.32325476074219,33.327254760742186,35.28652067057291,35.29053116861979
2023-07-26 15:44:51.048398,5275905.0,5276355.0,33.34064680989584,33.34464685058594,35.30391280110677,35.30791284179688
2023-07-26 15:44:51.060609,5275908.0,5276358.0,33.353690877278645,33.357690917968746,35.31695690917969,35.320956949869796
2023-07-26 15:44:51.078659,5275911.0,5276361.0,33.36673498535156,33.370735026041665,35.33000073242187,35.33400073242188
2023-07-26 15:44:51.095984,5275915.0,5276365.0,33.38412674967448,33.38812679036459,35.34739278157552,35.35139282226562
2023-07-26 15:44:51.109024,5275919.0,5276369.0,33.40151888020833,33.405518920898444,35.364784871419275,35.36878495279948
2023-07-26 15:44:51.121976,5275922.0,5276372.0,33.41456294759114,33.418563028971356,35.377828857421875,35.38182885742187
2023-07-26 15:44:51.134984,5275925.0,5276375.0,33.42760673014323,33.43160677083333,35.390872721354164,35.39487276204427
2023-07-26 15:44:51.147894,5275928.0,5276378.0,33.44065079752604,33.44465083821615,35.40391682942708,35.407916870117184
2023-07-26 15:44:51.160851,5275931.0,5276381.0,33.45369490559896,33.45769494628906,35.41696089680989,35.420960937500006
2023-07-26 15:44:51.173808,5275934.0,5276384.0,33.46673897298177,33.470739013671874,35.430004638671875,35.43400472005208
2023-07-26 15:44:51.186764,5275937.0,5276387.0,33.47978271484375,33.483782796223956,35.443048746744786,35.4470487874349
2023-07-26 15:44:51.204702,5275940.0,5276390.0,33.49282682291667,33.49682686360677,35.45609281412761,35.46009289550781
2023-07-26 15:44:51.217702,5275944.0,5276394.0,33.510218953450526,33.51421899414063,35.47348494466146,35.477484985351566
2023-07-26 15:44:51.230617,5275947.0,5276397.0,33.523262695312496,33.527262736002605,35.486528686523435,35.49052876790364
2023-07-26 15:44:51.243574,5275950.0,5276400.0,33.53630676269532,33.54030684407552,35.499583211263015,35.503583251953124
2023-07-26 15:44:51.256531,5275953.0,5276403.0,33.54935087076823,33.55335091145833,35.51261686197917,35.516616943359374
2023-07-26 15:44:51.269483,5275956.0,5276406.0,33.562394938151044,33.56639501953125,35.52566088867187,35.52966088867188
2023-07-26 15:44:51.287422,5275959.0,5276409.0,33.575438720703126,33.57943876139323,35.538704711914065,35.54270479329427
2023-07-26 15:44:51.300384,5275963.0,5276413.0,33.59283081054688,33.596830891927084,35.556096842447914,35.56009688313802
2023-07-26 15:44:51.313340,5275966.0,5276416.0,33.60588533528646,33.60988537597657,35.56914090983073,35.573140991210934
2023-07-26 15:44:51.326297,5275969.0,5276419.0,33.61891882324219,33.62291882324219,35.58218469238281,35.58618473307292
2023-07-26 15:44:51.339253,5275972.0,5276422.0,33.631962768554686,33.63596280924479,35.595228759765625,35.59922884114584
2023-07-26 15:44:51.352210,5275975.0,5276425.0,33.6450068359375,33.649006917317706,35.60827286783854,35.61227290852865
2023-07-26 15:44:51.374115,5275979.0,5276428.0,33.66239896647135,33.66639900716146,35.62131693522136,35.625317016601564
2023-07-26 15:44:51.387530,5275983.0,5276433.0,33.67979073079427,33.683790812174486,35.643056762695316,35.64705680338542
2023-07-26 15:44:51.404923,5275986.0,5276436.0,33.692834838867185,33.696834879557294,35.656100830078124,35.66010091145833
2023-07-26 15:44:51.417120,5275990.0,5276440.0,33.71022696940104,33.71422701009115,35.67349291992188,35.677492919921875
2023-07-26 15:44:51.434488,5275993.0,5276443.0,33.72328112792969,33.72728116861979,35.68653670247396,35.690536783854164
2023-07-26 15:44:51.447933,5275997.0,5276447.0,33.740662841796876,33.74466288248698,35.70392883300781,35.70792887369792
2023-07-26 15:44:51.461323,5276000.0,5276450.0,33.753706909179684,33.75770694986979,35.71697294108073,35.720972981770835
2023-07-26 15:44:51.474455,5276003.0,5276453.0,33.76675085449219,33.770750854492185,35.730016682942704,35.73401672363281
2023-07-26 15:44:51.486836,5276006.0,5276456.0,33.77979475911458,33.78379479980469,35.743060750325526,35.74706083170573
2023-07-26 15:44:51.500110,5276009.0,5276459.0,33.792838826497395,33.79683890787761,35.75610485839844,35.76010489908854
2023-07-26 15:44:51.517323,5276012.0,5276462.0,33.80588293457031,33.809882975260415,35.76914892578125,35.77314900716146
2023-07-26 15:44:51.530937,5276016.0,5276466.0,33.82327469889323,33.827274780273434,35.786540730794265,35.79054077148437
2023-07-26 15:44:51.543281,5276019.0,5276469.0,33.83631880696615,33.84031884765625,35.79958479817709,35.80358487955729
2023-07-26 15:44:51.556461,5276022.0,5276472.0,33.849362874348955,33.85336295572917,35.81262890625,35.81662894694011
2023-07-26 15:44:51.569581,5276025.0,5276475.0,33.862406982421874,33.866407023111975,35.82567264811198,35.82967272949219
2023-07-26 15:44:51.586801,5276028.0,5276478.0,33.87545072428385,33.879450805664064,35.838716756184894,35.842716796874996
2023-07-26 15:44:51.599868,5276032.0,5276482.0,33.89284285481771,33.89684289550781,35.85610884602865,35.86010892740885
2023-07-26 15:44:51.617222,5276035.0,5276485.0,33.90588692220052,33.90988700358073,35.86915295410156,35.87315299479167
2023-07-26 15:44:51.630659,5276039.0,5276489.0,33.92327872721354,33.927278767903644,35.886544718424474,35.890544799804694
2023-07-26 15:44:51.644135,5276042.0,5276492.0,33.93633321126302,33.94033329264323,35.8995888264974,35.9035888671875
2023-07-26 15:44:51.656651,5276045.0,5276495.0,33.94936690266927,33.95336694335937,35.91263289388021,35.91663297526042
2023-07-26 15:44:51.673726,5276048.0,5276498.0,33.96241097005208,33.966411010742185,35.92567667643229,35.9296767171224
2023-07-26 15:44:51.687712,5276052.0,5276502.0,33.97980277506511,33.98380281575521,35.94306876627604,35.947068847656254
2023-07-26 15:44:51.700678,5276055.0,5276505.0,33.99284684244792,33.99684692382812,35.95611287434896,35.96011291503906
2023-07-26 15:44:51.717610,5276058.0,5276508.0,34.005890950520836,34.00989099121094,35.96915694173177,35.97315698242188
2023-07-26 15:44:51.730569,5276062.0,5276512.0,34.023282714843745,34.02728279622396,35.98654874674479,35.990548787434896
2023-07-26 15:44:51.748508,5276065.0,5276515.0,34.03632682291667,34.04032686360677,35.9995928141276,36.003592895507815
2023-07-26 15:44:51.761464,5276069.0,5276519.0,34.05371895345052,34.05771899414063,36.01698494466146,36.02098498535156
2023-07-26 15:44:51.774421,5276072.0,5276522.0,34.0667626953125,34.0707627360026,36.03002868652344,36.03402876790364
2023-07-26 15:44:51.791365,5276075.0,5276525.0,34.07980676269531,34.083806844075525,36.04308321126302,36.04708325195312
2023-07-26 15:44:51.804321,5276079.0,5276529.0,34.09719889322916,34.10119893391927,36.06046492513021,36.064464965820314
2023-07-26 15:44:51.817278,5276082.0,5276532.0,34.11024300130208,34.11424304199219,36.07350866699219,36.07750870768229
2023-07-26 15:44:51.835220,5276085.0,5276535.0,34.12328674316406,34.12728678385416,36.086552734375,36.09055281575521
2023-07-26 15:44:51.848172,5276089.0,5276539.0,34.140678873697915,34.14467891438802,36.103944864908854,36.107944905598956
2023-07-26 15:44:51.861129,5276092.0,5276542.0,34.15372294108073,34.15772298177084,36.11698897298177,36.120989013671874
2023-07-26 15:44:51.878072,5276095.0,5276545.0,34.16676668294271,34.17076676432291,36.13003271484375,36.13403275553385
2023-07-26 15:44:51.891709,5276099.0,5276549.0,34.184158813476564,34.188158854166666,36.1474248453776,36.15142488606771
2023-07-26 15:44:51.909048,5276102.0,5276552.0,34.197202921549476,34.201202962239584,36.16046891276042,36.16446895345052
2023-07-26 15:44:51.921556,5276106.0,5276556.0,34.2145946858724,34.2185947265625,36.17786071777344,36.18186075846354
2023-07-26 15:44:51.939769,5276109.0,5276559.0,34.22763879394532,34.23163883463542,36.19090478515625,36.19490482584636
2023-07-26 15:44:51.952924,5276113.0,5276563.0,34.24503088378906,34.249030965169275,36.208296915690106,36.21229695638021
2023-07-26 15:44:51.965450,5276116.0,5276566.0,34.25807499186198,34.26207503255208,36.22134065755208,36.22534069824219
2023-07-26 15:44:51.982680,5276119.0,5276569.0,34.27111873372396,34.27511877441406,36.234384765625,36.2383848063151
2023-07-26 15:44:51.996123,5276123.0,5276573.0,34.28851086425781,34.29251090494791,36.25177685546875,36.25577693684896
2023-07-26 15:44:52.009404,5276126.0,5276576.0,34.301554931640624,34.305555013020836,36.264820963541666,36.26882100423177
2023-07-26 15:44:52.021636,5276129.0,5276579.0,34.31459871419271,34.318598754882814,36.277864705403644,36.28186474609375
2023-07-26 15:44:52.039701,5276132.0,5276582.0,34.32764278157552,34.33164282226563,36.29090881347656,36.294908854166664
2023-07-26 15:44:52.052087,5276136.0,5276586.0,34.34503491210938,34.34903495279948,36.308300903320315,36.31230098470052
2023-07-26 15:44:52.065303,5276139.0,5276589.0,34.358078979492184,34.36207897949219,36.3213446858724,36.3253447265625
2023-07-26 15:44:52.082383,5276142.0,5276592.0,34.37112276204427,34.375122802734374,36.33438875325521,36.33838879394531
2023-07-26 15:44:52.096128,5276146.0,5276596.0,34.38851485188802,34.39251493326823,36.35178088378907,36.35578092447917
2023-07-26 15:44:52.109192,5276149.0,5276599.0,34.40155895996094,34.405559000651046,36.364824951171876,36.368824951171874
2023-07-26 15:44:52.121651,5276152.0,5276602.0,34.414602701822915,34.41860274251302,36.37786873372396,36.38186877441406
2023-07-26 15:44:52.139785,5276155.0,5276605.0,34.42764680989583,34.431646850585935,36.39091280110677,36.394912841796874
2023-07-26 15:44:52.152644,5276159.0,5276609.0,34.445038899739586,34.44903898111979,36.40830493164063,36.41230497233073
2023-07-26 15:44:52.169606,5276162.0,5276612.0,34.458082885742186,34.46208288574219,36.42134867350261,36.42534871419271
2023-07-26 15:44:52.183453,5276166.0,5276616.0,34.475474772135414,34.479474853515626,36.43874080403646,36.442740844726565
2023-07-26 15:44:52.200620,5276169.0,5276619.0,34.48851888020833,34.49251892089844,36.45178487141927,36.45578495279948
2023-07-26 15:44:52.213734,5276173.0,5276623.0,34.505910970052085,34.50991101074219,36.46917667643229,36.4731767171224
2023-07-26 15:44:52.226123,5276176.0,5276626.0,34.51895475260417,34.52295479329427,36.482220743815105,36.48622082519531
2023-07-26 15:44:52.244182,5276179.0,5276629.0,34.53199881998698,34.535998901367186,36.49526485188802,36.499264892578125
2023-07-26 15:44:52.256477,5276183.0,5276633.0,34.54939095052083,34.55339099121094,36.51265694173177,36.51665698242187
2023-07-26 15:44:52.269890,5276186.0,5276636.0,34.562434692382816,34.56643477376302,36.52570072428385,36.52970076497396
2023-07-26 15:44:52.283049,5276189.0,5276639.0,34.57547880045573,34.579478841145836,36.53874479166667,36.54274487304688
2023-07-26 15:44:52.300376,5276192.0,5276642.0,34.58852286783854,34.592522949218754,36.551788899739584,36.55578894042969
2023-07-26 15:44:52.313101,5276196.0,5276646.0,34.605914916992184,34.60991491699219,36.5691806640625,36.573180745442706
2023-07-26 15:44:52.326514,5276199.0,5276649.0,34.618958740234376,34.62295882161458,36.58222477213541,36.58622481282552
2023-07-26 15:44:52.339578,5276202.0,5276652.0,34.63200284830729,34.636002888997396,36.595268839518226,36.59926892089844
2023-07-26 15:44:52.352095,5276205.0,5276655.0,34.64504691569011,34.649046997070315,36.608312947591145,36.61231298828125
2023-07-26 15:44:52.370190,5276208.0,5276658.0,34.65809069824219,34.66209073893229,36.62135668945313,36.62535673014323
2023-07-26 15:44:52.382687,5276212.0,5276662.0,34.67548278808594,34.67948286946615,36.63874881998698,36.64274886067709
2023-07-26 15:44:52.399890,5276215.0,5276665.0,34.688526896158855,34.692526936848964,36.651792887369794,36.65579296875
2023-07-26 15:44:52.413323,5276219.0,5276669.0,34.705918823242186,34.709918823242184,36.669184692382814,36.673184733072915
2023-07-26 15:44:52.426448,5276222.0,5276672.0,34.71896276855468,34.72296280924479,36.68222875976562,36.686228841145834
2023-07-26 15:44:52.443564,5276225.0,5276675.0,34.7320068359375,34.7360069173177,36.69527286783854,36.69927290852865
2023-07-26 15:44:52.456679,5276229.0,5276679.0,34.749398966471354,34.753399007161455,36.71266479492188,36.716664794921876
2023-07-26 15:44:52.470021,5276232.0,5276682.0,34.76244270833333,34.76644278971354,36.725708740234374,36.729708780924476
2023-07-26 15:44:52.487401,5276235.0,5276685.0,34.77548681640625,34.77948685709636,36.73875280761719,36.742752888997394
2023-07-26 15:44:52.500114,5276239.0,5276689.0,34.79287890625,34.79687898763021,36.75614493815104,36.76014497884115
2023-07-26 15:44:52.513569,5276242.0,5276692.0,34.80592272949219,34.809922729492186,36.76918868001302,36.77318876139323
2023-07-26 15:44:52.530727,5276245.0,5276695.0,34.81896675618489,34.822966837565104,36.782232788085935,36.78623282877604
2023-07-26 15:44:52.543806,5276249.0,5276699.0,34.83635888671875,34.84035892740885,36.79963529459636,36.80363537597656
2023-07-26 15:44:52.556894,5276252.0,5276702.0,34.84940295410156,34.85340303548177,36.81266870117187,36.81666870117188
2023-07-26 15:44:52.574283,5276255.0,5276705.0,34.862446736653645,34.86644677734375,36.825712727864584,36.82971280924479
2023-07-26 15:44:52.587398,5276259.0,5276709.0,34.8798388264974,34.8838389078776,36.84310485839844,36.84710489908854
2023-07-26 15:44:52.604496,5276262.0,5276712.0,34.89288293457031,34.89688297526042,36.85614892578125,36.86014900716145
2023-07-26 15:44:52.617972,5276266.0,5276716.0,34.910274698893225,34.91427478027344,36.87354073079427,36.87754077148437
2023-07-26 15:44:52.635231,5276269.0,5276719.0,34.92331880696615,34.92731884765625,36.88658479817708,36.890584879557295
2023-07-26 15:44:52.648605,5276273.0,5276723.0,34.9407109375,34.94471097819011,36.90397692871094,36.90797696940104
2023-07-26 15:44:52.660795,5276276.0,5276726.0,34.953754760742186,34.95775476074218,36.91702067057292,36.92103116861979
2023-07-26 15:44:52.678178,5276279.0,5276729.0,34.966798746744786,34.970798828125005,36.930064778645836,36.93406481933594
2023-07-26 15:44:52.691418,5276283.0,5276733.0,34.98419087727864,34.988190917968744,36.947456909179685,36.951456949869794
2023-07-26 15:44:52.704874,5276286.0,5276736.0,34.99723498535156,35.00123502604167,36.96050073242188,36.964500732421875
2023-07-26 15:44:52.722044,5276289.0,5276739.0,35.01027872721354,35.01427876790364,36.97354471842448,36.97754479980469
2023-07-26 15:44:52.734992,5276293.0,5276743.0,35.027670857747395,35.0316708984375,36.990936848958334,36.994936889648436
2023-07-26 15:44:52.752369,5276297.0,5276746.0,35.04506294759115,35.049063028971354,37.00398095703125,37.007980997721354
2023-07-26 15:44:52.765978,5276300.0,5276750.0,35.05810673014323,35.06210677083333,37.02137272135417,37.02537276204427
2023-07-26 15:44:52.783154,5276303.0,5276753.0,35.071150797526045,35.075150838216146,37.03441682942708,37.03841687011719
2023-07-26 15:44:52.796415,5276307.0,5276757.0,35.0885429280599,35.09254296875,37.05180891927083,37.055809000651045
2023-07-26 15:44:52.813792,5276310.0,5276760.0,35.10158679199219,35.10558679199219,37.064852701822915,37.06885274251302
2023-07-26 15:44:52.825899,5276314.0,5276764.0,35.11897880045573,35.12297884114584,37.08224479166667,37.08624487304688
2023-07-26 15:44:52.839265,5276317.0,5276767.0,35.132022867838536,35.136022949218756,37.095288899739586,37.09928894042969
2023-07-26 15:44:52.857291,5276320.0,5276770.0,35.14506697591146,35.14906701660156,37.108332763671875,37.11233276367188
2023-07-26 15:44:52.870266,5276324.0,5276774.0,35.16245874023437,35.16645882161458,37.12572477213541,37.129724812825515
2023-07-26 15:44:52.887446,5276327.0,5276777.0,35.17550284830729,35.17950288899739,37.13876883951823,37.14276892089844
2023-07-26 15:44:52.899801,5276331.0,5276781.0,35.19289493815104,35.19689501953125,37.15616088867188,37.160160888671875
2023-07-26 15:44:52.918050,5276334.0,5276784.0,35.205938720703124,35.209938761393225,37.16920471191406,37.17320479329427
2023-07-26 15:44:52.930470,5276338.0,5276788.0,35.22333081054688,35.22733089192708,37.18659684244792,37.19059688313802
2023-07-26 15:44:52.943452,5276341.0,5276791.0,35.236385335286464,35.240385375976565,37.19964090983073,37.20364099121094
2023-07-26 15:44:52.960892,5276344.0,5276794.0,35.24941882324219,35.253418823242185,37.212684692382815,37.21668473307292
2023-07-26 15:44:52.973909,5276348.0,5276798.0,35.26681079101563,35.27081083170573,37.23007678222656,37.234076863606774
2023-07-26 15:44:52.991300,5276352.0,5276801.0,35.28420292154948,35.28820296223959,37.24312089029948,37.24712093098958
2023-07-26 15:44:53.004304,5276355.0,5276805.0,35.29724694824219,35.30124694824219,37.260512654622396,37.2645127360026
2023-07-26 15:44:53.022543,5276358.0,5276808.0,35.31029073079427,35.314290812174484,37.273556762695314,37.27755680338542
2023-07-26 15:44:53.035451,5276362.0,5276812.0,35.32768286132812,35.33168290201823,37.290948893229164,37.294948933919265
2023-07-26 15:44:53.052075,5276365.0,5276815.0,35.34072696940105,35.34472701009115,37.303992919921875,37.30799291992188
2023-07-26 15:44:53.065481,5276369.0,5276819.0,35.358118733723956,35.362118774414064,37.321384765625005,37.32538480631511
2023-07-26 15:44:53.082754,5276372.0,5276822.0,35.371162841796874,35.375162882486975,37.33442883300781,37.338428873697914
2023-07-26 15:44:53.096148,5276376.0,5276826.0,35.38855493164063,35.39255501302083,37.35182096354167,37.35582100423177
2023-07-26 15:44:53.113690,5276380.0,5276829.0,35.40594673665365,35.40994677734375,37.36486470540365,37.36886474609375
2023-07-26 15:44:53.130922,5276383.0,5276833.0,35.41899080403646,35.42299088541667,37.3822568359375,37.3862568766276
2023-07-26 15:44:53.144193,5276387.0,5276837.0,35.43638293457031,35.44038297526042,37.39964892578125,37.403649007161455
2023-07-26 15:44:53.161336,5276390.0,5276840.0,35.449426676432296,35.4534267578125,37.41269270833333,37.41669274902344
2023-07-26 15:44:53.173710,5276394.0,5276844.0,35.466818806966145,35.470818847656254,37.430084798177084,37.43408487955729
2023-07-26 15:44:53.191885,5276397.0,5276847.0,35.47986287434896,35.483862955729165,37.44312890625,37.447128946940104
2023-07-26 15:44:53.205090,5276401.0,5276851.0,35.49725476074219,35.501254760742185,37.46052067057292,37.46453116861979
2023-07-26 15:44:53.222034,5276404.0,5276854.0,35.51029874674479,35.514298828125,37.47356477864584,37.47756481933594
2023-07-26 15:44:53.234990,5276408.0,5276858.0,35.527690877278644,35.531690917968746,37.49095690917969,37.494956949869795
2023-07-26 15:44:53.252930,5276411.0,5276861.0,35.54073498535156,35.54473502604167,37.50400073242187,37.50800073242188
2023-07-26 15:44:53.265886,5276415.0,5276865.0,35.55812674967448,35.56212679036459,37.52139278157552,37.52539282226562
2023-07-26 15:44:53.282829,5276418.0,5276868.0,35.5711708577474,35.5751708984375,37.53443684895833,37.53843688964844
2023-07-26 15:44:53.299773,5276422.0,5276872.0,35.58856294759115,35.592563028971355,37.551828857421874,37.55582885742188
2023-07-26 15:44:53.313727,5276426.0,5276876.0,35.60595475260416,35.60995479329427,37.5692207438151,37.57322082519531
2023-07-26 15:44:53.330673,5276429.0,5276879.0,35.618998819986984,35.62299890136719,37.58226485188802,37.58626489257812
2023-07-26 15:44:53.343626,5276433.0,5276883.0,35.636390950520834,35.640390991210936,37.59965694173177,37.603656982421874
2023-07-26 15:44:53.361570,5276436.0,5276886.0,35.64943469238281,35.65343477376302,37.612700724283854,37.616700764973956
2023-07-26 15:44:53.374522,5276440.0,5276890.0,35.66682682291667,35.67082686360677,37.63009281412761,37.63409289550781
2023-07-26 15:44:53.387483,5276443.0,5276893.0,35.679870890299476,35.68387097167969,37.64313692220052,37.64713696289063
2023-07-26 15:44:53.404423,5276446.0,5276896.0,35.69291491699219,35.696914916992185,37.656180664062504,37.66018074544271
2023-07-26 15:44:53.417379,5276450.0,5276900.0,35.71030676269532,35.71430684407552,37.673583211263015,37.67758325195312
2023-07-26 15:44:53.435318,5276453.0,5276903.0,35.72335087076823,35.72735091145833,37.68661686197917,37.69061694335937
2023-07-26 15:44:53.448275,5276457.0,5276907.0,35.740743001302086,35.74474304199219,37.70400866699219,37.70800870768229
2023-07-26 15:44:53.465219,5276460.0,5276910.0,35.753786743164056,35.757786783854165,37.717052734374995,37.72105281575521
2023-07-26 15:44:53.478175,5276464.0,5276914.0,35.77117887369791,35.77517891438802,37.73444486490885,37.73844490559895
2023-07-26 15:44:53.491135,5276467.0,5276917.0,35.784222941080735,35.788222981770836,37.74748897298177,37.75148901367188
2023-07-26 15:44:53.509071,5276470.0,5276920.0,35.797266682942706,35.80126676432292,37.76053271484375,37.76453275553385
2023-07-26 15:44:53.522028,5276474.0,5276924.0,35.81465881347656,35.818658854166664,37.777924845377605,37.781924886067706
2023-07-26 15:44:53.538971,5276477.0,5276927.0,35.827702921549474,35.83170296223959,37.79096891276042,37.79496895345052
2023-07-26 15:44:53.551928,5276481.0,5276931.0,35.8450947265625,35.8490947265625,37.80836071777344,37.81236075846354
2023-07-26 15:44:53.569869,5276484.0,5276934.0,35.858138793945315,35.86213883463542,37.821404785156254,37.825404825846356
2023-07-26 15:44:53.582825,5276488.0,5276938.0,35.87553088378907,35.87953096516927,37.838796915690104,37.84279695638021
2023-07-26 15:44:53.600763,5276491.0,5276941.0,35.88857499186198,35.89257503255208,37.85184065755209,37.85584069824219
2023-07-26 15:44:53.613735,5276495.0,5276945.0,35.905966756184895,35.9099668375651,37.86923278808593,37.87323282877605
2023-07-26 15:44:53.630665,5276498.0,5276948.0,35.91901086425781,35.923010904947915,37.882276855468746,37.88627693684896
2023-07-26 15:44:53.648615,5276502.0,5276952.0,35.93640295410156,35.94040303548177,37.899668701171876,37.903668701171874
2023-07-26 15:44:53.661564,5276506.0,5276956.0,35.95379475911458,35.95779479980469,37.917060750325525,37.92106083170573
2023-07-26 15:44:53.678505,5276509.0,5276959.0,35.966838826497394,35.97083890787761,37.93010485839844,37.93410489908854
2023-07-26 15:44:53.691464,5276513.0,5276963.0,35.98423095703125,35.98823099772135,37.94749682617188,37.951496826171876
2023-07-26 15:44:53.709401,5276516.0,5276966.0,35.99727469889323,36.001274780273434,37.96054073079427,37.96454077148437
2023-07-26 15:44:53.722357,5276520.0,5276970.0,36.014666829427085,36.01866687011719,37.97793286132812,37.98193290201823
2023-07-26 15:44:53.739301,5276523.0,5276973.0,36.027710937500004,36.031710978190105,37.99097692871094,37.994976969401044
2023-07-26 15:44:53.752257,5276527.0,5276977.0,36.04510270182292,36.04910274251302,38.008368733723955,38.012368774414064
2023-07-26 15:44:53.770197,5276530.0,5276980.0,36.05814680989583,36.06214685058594,38.02141280110677,38.02541284179687
2023-07-26 15:44:53.783154,5276534.0,5276984.0,36.075538899739584,36.079538981119796,38.03880493164063,38.04280497233073
2023-07-26 15:44:53.800095,5276537.0,5276987.0,36.08858288574219,36.09258288574219,38.051848673502604,38.05584871419271
2023-07-26 15:44:53.813052,5276541.0,5276991.0,36.10597477213541,36.10997485351563,38.06924080403646,38.07324084472656
2023-07-26 15:44:53.830991,5276544.0,5276994.0,36.11901888020833,36.12301892089844,38.082284871419276,38.08628495279948
2023-07-26 15:44:53.843948,5276548.0,5276998.0,36.13641097005208,36.140411010742184,38.099676676432296,38.1036767171224
2023-07-26 15:44:53.860891,5276551.0,5277001.0,36.149454752604164,36.153454793294266,38.1127207438151,38.11672082519531
2023-07-26 15:44:53.878831,5276555.0,5277005.0,36.16684684244792,36.17084692382812,38.13011287434896,38.13411291503906
2023-07-26 15:44:53.895819,5276559.0,5277009.0,36.184238972981774,36.188239013671875,38.147504638671876,38.15150472005208
2023-07-26 15:44:53.909431,5276563.0,5277013.0,36.201630777994794,36.205630818684895,38.16489676920573,38.168896809895834
2023-07-26 15:44:53.926084,5276567.0,5277016.0,36.21902286783854,36.22302294921875,38.177940877278644,38.181940917968745
2023-07-26 15:44:53.939414,5276570.0,5277020.0,36.23206697591146,36.23606701660156,38.19533276367188,38.199332763671876
2023-07-26 15:44:53.956689,5276573.0,5277023.0,36.245110717773436,36.249110758463544,38.20837674967448,38.21237679036459
2023-07-26 15:44:53.970039,5276577.0,5277027.0,36.26250284830729,36.266502888997394,38.225768839518224,38.229768920898444
2023-07-26 15:44:53.987694,5276580.0,5277030.0,36.27554691569011,36.27954699707031,38.23881294759115,38.24281298828125
2023-07-26 15:44:54.000369,5276584.0,5277034.0,36.29293872070313,36.29693876139323,38.25620471191406,38.26020479329427
2023-07-26 15:44:54.017505,5276587.0,5277037.0,36.305982788085934,36.30998286946615,38.269248819986984,38.273248860677086
2023-07-26 15:44:54.030766,5276591.0,5277041.0,36.32338533528646,36.32738537597657,38.28664090983073,38.290640991210935
2023-07-26 15:44:54.047881,5276594.0,5277044.0,36.336418823242184,36.34041882324219,38.29968469238281,38.30368473307291
2023-07-26 15:44:54.061448,5276598.0,5277048.0,36.353810791015626,36.357810831705734,38.317076782226565,38.32107686360677
2023-07-26 15:44:54.073791,5276601.0,5277051.0,36.36685485839844,36.370854939778646,38.330120890299476,38.334120930989585
2023-07-26 15:44:54.092042,5276604.0,5277054.0,36.37989896647135,36.38389900716146,38.343164794921876,38.34716479492187
2023-07-26 15:44:54.112874,5276609.0,5277058.0,36.40163879394532,36.40563883463542,38.36055676269532,38.36455680338542
2023-07-26 15:44:54.126770,5276613.0,5277063.0,36.41903088378906,36.423030965169275,38.382296915690105,38.38629695638021
2023-07-26 15:44:54.144170,5276616.0,5277066.0,36.43207499186198,36.43607503255208,38.39534065755208,38.39934069824219
2023-07-26 15:44:54.157179,5276620.0,5277070.0,36.4494667561849,36.4534668375651,38.41273278808593,38.41673282877605
2023-07-26 15:44:54.170296,5276623.0,5277073.0,36.46251086425781,36.46651090494792,38.42577685546875,38.42977693684896
2023-07-26 15:44:54.187249,5276626.0,5277076.0,36.47555493164062,36.479555013020835,38.438820963541666,38.44282100423177
2023-07-26 15:44:54.200423,5276630.0,5277080.0,36.49294673665364,36.49694677734375,38.45621272786458,38.46021280924479
2023-07-26 15:44:54.217491,5276633.0,5277083.0,36.505990804036465,36.50999088541667,38.4692568359375,38.4732568766276
2023-07-26 15:44:54.234970,5276637.0,5277087.0,36.523382934570314,36.527382975260416,38.486648925781246,38.49064900716146
2023-07-26 15:44:54.248545,5276641.0,5277091.0,36.54077469889323,36.544774780273436,38.504040730794266,38.508040771484374
2023-07-26 15:44:54.265932,5276645.0,5277094.0,36.55816682942708,36.56216687011719,38.51708479817709,38.52108487955729
2023-07-26 15:44:54.283206,5276648.0,5277098.0,36.571210937500005,36.57521097819011,38.53447692871094,38.538476969401046
2023-07-26 15:44:54.296463,5276652.0,5277102.0,36.58860270182292,36.59260274251302,38.55186873372396,38.555868774414066
2023-07-26 15:44:54.313865,5276655.0,5277105.0,36.60164680989583,36.60564685058594,38.56491280110677,38.56891284179687
2023-07-26 15:44:54.326338,5276659.0,5277109.0,36.619038899739586,36.62303898111979,38.58230493164063,38.58630497233073
2023-07-26 15:44:54.343488,5276662.0,5277112.0,36.632082885742186,36.63608288574219,38.595348673502606,38.59934871419271
2023-07-26 15:44:54.356703,5276666.0,5277116.0,36.64947477213541,36.653474853515625,38.61274080403646,38.616740844726564
2023-07-26 15:44:54.374720,5276669.0,5277119.0,36.66251888020833,36.66651892089844,38.62578487141927,38.62978495279948
2023-07-26 15:44:54.387069,5276673.0,5277123.0,36.679910970052084,36.683911010742186,38.64317667643229,38.6471767171224
2023-07-26 15:44:54.404423,5276677.0,5277126.0,36.697302775065104,36.70130281575521,38.656220743815105,38.66022082519531
2023-07-26 15:44:54.417576,5276680.0,5277130.0,36.71034684244792,36.714346923828124,38.673612874348954,38.67761291503906
2023-07-26 15:44:54.430878,5276683.0,5277133.0,36.72339095052083,36.72739099121094,38.68665694173177,38.69065698242187
2023-07-26 15:44:54.447890,5276686.0,5277136.0,36.736434692382815,36.74043477376302,38.69970072428385,38.70370076497396
2023-07-26 15:44:54.461077,5276690.0,5277140.0,36.753826822916665,36.75782686360677,38.717092814127604,38.72109289550781
2023-07-26 15:44:54.479088,5276693.0,5277143.0,36.76687089029948,36.770870971679685,38.73013692220052,38.734136962890624
2023-07-26 15:44:54.492133,5276697.0,5277147.0,36.7842626953125,36.7882627360026,38.74752868652344,38.75152876790364
2023-07-26 15:44:54.509549,5276700.0,5277150.0,36.797306762695314,36.801306844075526,38.76058321126302,38.76458325195312
2023-07-26 15:44:54.521868,5276704.0,5277154.0,36.81469889322916,36.818698933919265,38.77796492513021,38.781964965820315
2023-07-26 15:44:54.539965,5276707.0,5277157.0,36.82774300130208,36.83174304199219,38.791008666992184,38.79500870768229
2023-07-26 15:44:54.552504,5276711.0,5277161.0,36.845134765625005,36.84913480631511,38.80840079752604,38.81240083821615
2023-07-26 15:44:54.569900,5276714.0,5277164.0,36.858178873697916,36.86217891438802,38.821444864908855,38.82544490559896
2023-07-26 15:44:54.583366,5276718.0,5277168.0,36.87557096354167,36.879571044921875,38.838836669921875,38.842836710611984
2023-07-26 15:44:54.600684,5276722.0,5277171.0,36.89296276855468,36.89696280924479,38.85188073730469,38.85588077799479
2023-07-26 15:44:54.618119,5276725.0,5277175.0,36.9060068359375,36.9100069173177,38.86927286783854,38.87327290852865
2023-07-26 15:44:54.631280,5276729.0,5277179.0,36.92339896647135,36.927399007161455,38.88666479492188,38.890664794921875
2023-07-26 15:44:54.648283,5276733.0,5277182.0,36.94079073079427,36.94479081217448,38.899708740234374,38.903708780924475
2023-07-26 15:44:54.661264,5276736.0,5277186.0,36.95383483886719,36.95783487955729,38.91710083007813,38.92110091145833
2023-07-26 15:44:54.678550,5276739.0,5277189.0,36.96687890625,36.97087898763021,38.93014493815104,38.93414497884115
2023-07-26 15:44:54.700501,5276744.0,5277193.0,36.98861873372396,36.99261877441406,38.947536702473954,38.951536783854166
2023-07-26 15:44:54.713711,5276748.0,5277198.0,37.00601086425781,37.01001090494791,38.96927685546875,38.97327693684896
2023-07-26 15:44:54.730786,5276751.0,5277201.0,37.019054931640625,37.02305501302084,38.98232096354167,38.98632100423177
2023-07-26 15:44:54.744044,5276755.0,5277205.0,37.036446736653645,37.040446777343746,38.99971272786458,39.00371280924479
2023-07-26 15:44:54.761081,5276758.0,5277208.0,37.04949080403646,37.05349088541667,39.012756835937495,39.0167568766276
2023-07-26 15:44:54.778441,5276762.0,5277212.0,37.066882934570316,37.07088297526042,39.03014892578125,39.03414900716146
2023-07-26 15:44:54.791223,5276766.0,5277216.0,37.084274698893225,37.08827478027344,39.04754073079427,39.05154077148437
2023-07-26 15:44:54.809510,5276769.0,5277219.0,37.09731880696615,37.10131884765625,39.06058479817708,39.064584879557295
2023-07-26 15:44:54.826488,5276773.0,5277223.0,37.1147109375,37.11871097819011,39.07797692871094,39.08197696940104
2023-07-26 15:44:54.839583,5276777.0,5277227.0,37.132102701822916,37.136102742513025,39.09536873372396,39.09936877441406
2023-07-26 15:44:54.856815,5276780.0,5277230.0,37.145146809895834,37.149146850585936,39.10841280110677,39.112412841796875
2023-07-26 15:44:54.869786,5276784.0,5277234.0,37.16253889973959,37.16653898111979,39.12580493164062,39.12980497233073
2023-07-26 15:44:54.887004,5276788.0,5277237.0,37.17993070475261,37.18393074544271,39.13884867350261,39.14284871419271
2023-07-26 15:44:54.905024,5276791.0,5277241.0,37.192974772135415,37.19697485351563,39.156240804036464,39.160240844726566
2023-07-26 15:44:54.917485,5276795.0,5277245.0,37.21036690266927,37.21436694335937,39.17363289388021,39.177632975260416
2023-07-26 15:44:54.934793,5276798.0,5277248.0,37.22341097005208,37.22741101074219,39.18667667643229,39.19067671712239
2023-07-26 15:44:54.947882,5276802.0,5277252.0,37.240802775065106,37.244802815755214,39.204068766276045,39.20806884765625
2023-07-26 15:44:54.965978,5276805.0,5277255.0,37.25384684244791,37.257846923828126,39.217112874348956,39.22111291503906
2023-07-26 15:44:54.978422,5276809.0,5277259.0,37.27123897298177,37.27523901367188,39.23450463867187,39.238504720052084
2023-07-26 15:44:54.995713,5276813.0,5277262.0,37.2886307779948,37.2926308186849,39.24754874674479,39.2515487874349
2023-07-26 15:44:55.013179,5276816.0,5277266.0,37.301674845377605,37.305674886067706,39.26494087727865,39.26894091796875
2023-07-26 15:44:55.031120,5276820.0,5277270.0,37.31906697591146,37.32306701660156,39.282332763671874,39.28633276367188
2023-07-26 15:44:55.048062,5276824.0,5277274.0,37.33645874023437,37.34045882161458,39.29972477213541,39.303724812825514
2023-07-26 15:44:55.061019,5276828.0,5277278.0,37.35385087076823,37.357850911458335,39.317116861979166,39.32111694335937
2023-07-26 15:44:55.078959,5276831.0,5277281.0,37.36689493815104,37.37089501953125,39.33016088867188,39.334160888671875
2023-07-26 15:44:55.091916,5276835.0,5277285.0,37.38428674316406,37.38828678385416,39.34755273437499,39.35155281575521
2023-07-26 15:44:55.108859,5276838.0,5277288.0,37.397330810546876,37.40133089192708,39.36059684244792,39.36459688313802
2023-07-26 15:44:55.126799,5276842.0,5277292.0,37.41472294108073,37.418722981770834,39.377988972981775,39.38198901367188
2023-07-26 15:44:55.143743,5276846.0,5277296.0,37.43211474609375,37.436114786783854,39.39538073730469,39.39938077799479
2023-07-26 15:44:55.156699,5276850.0,5277300.0,37.4495068359375,37.4535069173177,39.41277286783854,39.41677290852865
2023-07-26 15:44:55.174639,5276854.0,5277303.0,37.466898966471355,37.47089900716146,39.425816935221356,39.42981701660156
2023-07-26 15:44:55.191583,5276857.0,5277307.0,37.47994270833333,37.48394278971354,39.443208740234375,39.44720878092448
2023-07-26 15:44:55.209522,5276861.0,5277311.0,37.49733483886719,37.50133487955729,39.46060083007813,39.464600911458334
2023-07-26 15:44:55.226465,5276865.0,5277315.0,37.514726969401046,37.51872701009115,39.477992919921874,39.48199291992188
2023-07-26 15:44:55.239422,5276869.0,5277319.0,37.532118733723955,37.536118774414064,39.495384765625005,39.499384806315106
2023-07-26 15:44:55.257363,5276872.0,5277322.0,37.54516284179687,37.549162882486975,39.50842883300781,39.512428873697914
2023-07-26 15:44:55.270319,5276876.0,5277326.0,37.562554931640626,37.56655501302083,39.52582096354167,39.52982100423177
2023-07-26 15:44:55.287262,5276879.0,5277329.0,37.57559871419271,37.57959875488282,39.53886470540365,39.54286474609375
2023-07-26 15:44:55.305207,5276883.0,5277333.0,37.59299080403646,37.596990885416666,39.556256835937496,39.560256876627605
2023-07-26 15:44:55.318159,5276887.0,5277337.0,37.61038293457031,37.61438297526042,39.57364892578125,39.577649007161455
2023-07-26 15:44:55.335101,5276890.0,5277340.0,37.623426676432295,37.6274267578125,39.58669270833333,39.59069274902344
2023-07-26 15:44:55.348058,5276894.0,5277344.0,37.640818806966145,37.64481884765625,39.604084798177084,39.60808487955729
2023-07-26 15:44:55.365998,5276897.0,5277347.0,37.65386287434896,37.657862955729165,39.61712890625,39.621128946940104
2023-07-26 15:44:55.382939,5276901.0,5277351.0,37.67125476074219,37.675254760742185,39.63452067057292,39.63853116861979
2023-07-26 15:44:55.400879,5276905.0,5277355.0,37.688646809895836,37.69264685058594,39.65191280110677,39.65591284179688
2023-07-26 15:44:55.413836,5276909.0,5277359.0,37.70603889973959,37.710038981119794,39.669304931640625,39.67330497233073
2023-07-26 15:44:55.431013,5276912.0,5277362.0,37.71908288574219,37.72308288574219,39.68234867350261,39.68634871419271
2023-07-26 15:44:55.443926,5276916.0,5277366.0,37.736474772135416,37.74047485351563,39.69974080403646,39.70374084472657
2023-07-26 15:44:55.461460,5276920.0,5277369.0,37.753866902669266,37.757866943359375,39.712784871419274,39.71678495279948
2023-07-26 15:44:55.478743,5276923.0,5277373.0,37.76691097005208,37.77091101074218,39.73017667643229,39.734176717122395
2023-07-26 15:44:55.496688,5276927.0,5277377.0,37.78430277506511,37.78830281575521,39.747568766276046,39.75156884765625
2023-07-26 15:44:55.513234,5276931.0,5277381.0,37.80169490559896,37.80569494628906,39.764960896809896,39.768960937500005
2023-07-26 15:44:55.526319,5276935.0,5277385.0,37.81908679199219,37.82308679199219,39.782352701822916,39.786352742513024
2023-07-26 15:44:55.543723,5276939.0,5277388.0,37.83647880045572,37.84047884114584,39.79539676920573,39.79939680989583
2023-07-26 15:44:55.556828,5276942.0,5277392.0,37.84952286783854,37.85352294921875,39.81278889973959,39.81678894042969
2023-07-26 15:44:55.573972,5276946.0,5277395.0,37.86691491699219,37.870914916992184,39.825832763671876,39.829832763671874
2023-07-26 15:44:55.591945,5276949.0,5277399.0,37.87995874023437,37.883958821614584,39.843224772135414,39.847224812825516
2023-07-26 15:44:55.605290,5276953.0,5277403.0,37.89735087076823,37.90135091145833,39.86061686197917,39.86461694335937
2023-07-26 15:44:55.622328,5276956.0,5277406.0,37.91039493815104,37.91439501953125,39.87366088867187,39.877660888671876
2023-07-26 15:44:55.639734,5276960.0,5277410.0,37.92778674316406,37.931786783854164,39.891052734374995,39.895052815755214
2023-07-26 15:44:55.656795,5276964.0,5277414.0,37.94517887369791,37.94917891438802,39.90844486490885,39.91244490559895
2023-07-26 15:44:55.673898,5276968.0,5277418.0,37.962570963541665,37.96657104492188,39.92583666992188,39.92983671061198
2023-07-26 15:44:55.687299,5276972.0,5277422.0,37.979962768554685,37.98396280924479,39.943228759765624,39.94722884114584
2023-07-26 15:44:55.704483,5276976.0,5277425.0,37.99735485839844,38.00135493977864,39.956272867838535,39.96027290852865
2023-07-26 15:44:55.721905,5276979.0,5277429.0,38.01039896647136,38.01439900716146,39.97366479492187,39.97766479492188
2023-07-26 15:44:55.735217,5276983.0,5277433.0,38.027790730794266,38.031790812174485,39.991056762695315,39.99505680338542
2023-07-26 15:44:55.752271,5276986.0,5277436.0,38.04083483886719,38.04483487955729,40.00410083007812,40.008100911458335
2023-07-26 15:44:55.770496,5276990.0,5277440.0,38.05822696940104,38.06222701009115,40.021492919921876,40.025492919921874
2023-07-26 15:44:55.782928,5276994.0,5277444.0,38.07561873372396,38.079618774414065,40.038884765625,40.04288480631511
2023-07-26 15:44:55.800327,5276997.0,5277447.0,38.088662841796875,38.09266288248698,40.051928833007814,40.055928873697916
2023-07-26 15:44:55.817935,5277001.0,5277451.0,38.10605493164063,38.11005501302083,40.069320963541664,40.07332100423177
2023-07-26 15:44:55.835019,5277005.0,5277455.0,38.12344673665365,38.12744677734375,40.08671272786458,40.09071280924479
2023-07-26 15:44:55.848136,5277009.0,5277459.0,38.140838826497394,38.144838907877606,40.104104858398436,40.10810489908854
2023-07-26 15:44:55.866125,5277012.0,5277462.0,38.15388293457031,38.157882975260414,40.11714892578125,40.121149007161456
2023-07-26 15:44:55.883218,5277016.0,5277466.0,38.17127469889323,38.17527478027343,40.13454073079427,40.13854077148437
2023-07-26 15:44:55.895720,5277020.0,5277470.0,38.188666829427085,38.192666870117186,40.15193286132812,40.15593290201823
2023-07-26 15:44:55.913690,5277023.0,5277473.0,38.2017109375,38.205710978190105,40.16497692871094,40.168976969401044
2023-07-26 15:44:55.931106,5277027.0,5277477.0,38.21910270182292,38.22310274251302,40.18236873372396,40.18636877441406
2023-07-26 15:44:55.948353,5277031.0,5277481.0,38.236494832356776,38.24049487304688,40.19976082356771,40.20376090494791
2023-07-26 15:44:55.961029,5277035.0,5277485.0,38.25388692220052,38.25788700358073,40.217152954101564,40.221152994791666
2023-07-26 15:44:55.983254,5277039.0,5277488.0,38.27127872721354,38.27527876790364,40.23019669596354,40.23419677734375
2023-07-26 15:44:55.995788,5277043.0,5277493.0,38.2886708577474,38.2926708984375,40.25193684895833,40.25593688964844
2023-07-26 15:44:56.014122,5277047.0,5277496.0,38.306062947591144,38.310063028971356,40.264980957031256,40.26898099772136
2023-07-26 15:44:56.030504,5277050.0,5277500.0,38.31910673014323,38.323106770833334,40.282372721354164,40.28637276204427
2023-07-26 15:44:56.043655,5277054.0,5277504.0,38.33649881998698,38.34049890136719,40.29976485188802,40.30376489257812
2023-07-26 15:44:56.061797,5277057.0,5277507.0,38.3495429280599,38.35354296875,40.312808919270836,40.31680900065104
2023-07-26 15:44:56.082173,5277062.0,5277511.0,38.37128271484375,38.375282796223956,40.330200724283856,40.33420076497396
2023-07-26 15:44:56.095285,5277066.0,5277515.0,38.3886748453776,38.39267488606771,40.3475928141276,40.351592895507814
2023-07-26 15:44:56.112635,5277069.0,5277519.0,38.401718953450526,38.40571899414063,40.36498494466146,40.36898498535157
2023-07-26 15:44:56.129856,5277073.0,5277522.0,38.419110717773435,38.423110758463544,40.378028686523436,40.38202876790364
2023-07-26 15:44:56.148230,5277077.0,5277527.0,38.43650284830729,38.44050288899739,40.399768839518224,40.40376892089844
2023-07-26 15:44:56.161020,5277081.0,5277531.0,38.45389493815104,38.45789501953125,40.41716088867187,40.42116088867188
2023-07-26 15:44:56.178366,5277084.0,5277534.0,38.466938720703126,38.47093876139323,40.43020471191406,40.43420479329427
2023-07-26 15:44:56.196658,5277088.0,5277538.0,38.48433081054688,38.488330891927085,40.447596842447915,40.45159688313802
2023-07-26 15:44:56.208940,5277092.0,5277542.0,38.50172294108073,38.50572298177084,40.46498897298177,40.46898901367187
2023-07-26 15:44:56.226355,5277095.0,5277545.0,38.51476668294271,38.51876676432291,40.47803271484375,40.48203275553385
2023-07-26 15:44:56.244515,5277099.0,5277549.0,38.53215881347656,38.536158854166665,40.495424845377606,40.49942488606771
2023-07-26 15:44:56.256781,5277103.0,5277553.0,38.54955094401042,38.55355098470052,40.51281693522135,40.516817016601564
2023-07-26 15:44:56.274107,5277106.0,5277556.0,38.5625946858724,38.5665947265625,40.52586071777344,40.52986075846354
2023-07-26 15:44:56.291344,5277110.0,5277560.0,38.579986816406254,38.583986857096356,40.543252807617186,40.54725288899739
2023-07-26 15:44:56.309339,5277114.0,5277564.0,38.59737890625,38.601378987630206,40.56064493815104,40.564644978841145
2023-07-26 15:44:56.326526,5277118.0,5277568.0,38.61478112792969,38.61878116861979,40.57803670247396,40.582036783854164
2023-07-26 15:44:56.343764,5277122.0,5277572.0,38.63216284179688,38.63616288248698,40.59542883300781,40.59942887369792
2023-07-26 15:44:56.361361,5277126.0,5277576.0,38.64955493164063,38.653555013020835,40.612820963541665,40.616821004231774
2023-07-26 15:44:56.378667,5277130.0,5277580.0,38.66694673665364,38.67094677734375,40.63021272786458,40.63421280924479
2023-07-26 15:44:56.396469,5277134.0,5277584.0,38.684338826497395,38.6883389078776,40.64760485839844,40.65160489908854
2023-07-26 15:44:56.409566,5277138.0,5277588.0,38.70173095703125,38.70573099772135,40.66499682617188,40.66899682617188
2023-07-26 15:44:56.426558,5277141.0,5277591.0,38.71477469889323,38.718774780273435,40.678040730794265,40.682040771484374
2023-07-26 15:44:56.443779,5277145.0,5277595.0,38.732166829427086,38.73616687011719,40.69543286132812,40.69943290201823
2023-07-26 15:44:56.461239,5277149.0,5277599.0,38.749558959960936,38.753559000651045,40.712824951171875,40.71682495117187
2023-07-26 15:44:56.479211,5277153.0,5277603.0,38.76695072428385,38.77095080566406,40.730216756184895,40.734216796874996
2023-07-26 15:44:56.496087,5277157.0,5277607.0,38.78434285481771,38.78834289550781,40.74760884602865,40.75160892740885
2023-07-26 15:44:56.508757,5277161.0,5277611.0,38.801734985351565,38.80573502604167,40.765000732421875,40.76900073242187
2023-07-26 15:44:56.526377,5277165.0,5277614.0,38.81912674967448,38.82312679036458,40.778044718424475,40.78204479980469
2023-07-26 15:44:56.544514,5277168.0,5277618.0,38.83217085774739,38.8361708984375,40.79543684895833,40.79943688964843
2023-07-26 15:44:56.561776,5277172.0,5277622.0,38.849562947591146,38.85356302897135,40.81282885742188,40.816828857421875
2023-07-26 15:44:56.574456,5277176.0,5277626.0,38.866954752604165,38.87095479329427,40.830220743815104,40.83422082519531
2023-07-26 15:44:56.591645,5277180.0,5277629.0,38.88434684244792,38.888346923828124,40.843264851888016,40.847264892578124
2023-07-26 15:44:56.609124,5277183.0,5277633.0,38.89739095052083,38.90139099121094,40.86065694173177,40.86465698242187
2023-07-26 15:44:56.626140,5277187.0,5277637.0,38.914782714843746,38.91878279622396,40.87804874674479,40.8820487874349
2023-07-26 15:44:56.644281,5277191.0,5277641.0,38.9321748453776,38.936174886067704,40.895440877278645,40.89944091796875
2023-07-26 15:44:56.660879,5277195.0,5277645.0,38.94956697591146,38.95356701660156,40.91283276367188,40.91683276367188
2023-07-26 15:44:56.679140,5277199.0,5277649.0,38.966958740234375,38.97095882161458,40.93022477213541,40.93422481282552
2023-07-26 15:44:56.691322,5277203.0,5277653.0,38.98435087076823,38.98835091145833,40.947616861979164,40.951616943359376
2023-07-26 15:44:56.709400,5277207.0,5277656.0,39.00174300130208,39.00574304199219,40.960660888671875,40.96466088867187
2023-07-26 15:44:56.726783,5277210.0,5277660.0,39.01478674316406,39.01878678385416,40.978052734375,40.98205281575521
2023-07-26 15:44:56.744025,5277214.0,5277664.0,39.032178873697916,39.03617891438802,40.995444864908855,40.999444905598956
2023-07-26 15:44:56.757176,5277218.0,5277668.0,39.04957096354167,39.053571044921874,41.012836669921874,41.01683671061198
2023-07-26 15:44:56.774315,5277221.0,5277671.0,39.06261474609375,39.06661478678385,41.02588073730469,41.02988077799479
2023-07-26 15:44:56.791697,5277225.0,5277675.0,39.080006835937496,39.08400691731771,41.04327286783854,41.04727290852865
2023-07-26 15:44:56.808939,5277230.0,5277679.0,39.10174694824219,39.10574694824219,41.06066479492188,41.064664794921875
2023-07-26 15:44:56.827019,5277233.0,5277683.0,39.11479073079427,39.11879081217448,41.07805676269532,41.08205680338542
2023-07-26 15:44:56.843962,5277237.0,5277687.0,39.132182861328126,39.13618290201823,41.09544889322916,41.09944893391927
2023-07-26 15:44:56.861921,5277241.0,5277691.0,39.14957499186198,39.153575032552084,41.112840657552084,41.11684069824219
2023-07-26 15:44:56.878845,5277245.0,5277695.0,39.16696675618489,39.1709668375651,41.130232788085934,41.13423282877604
2023-07-26 15:44:56.895788,5277249.0,5277699.0,39.18435888671875,39.18835892740885,41.147635294596355,41.15163537597657
2023-07-26 15:44:56.908745,5277253.0,5277703.0,39.20175085449218,39.20575085449219,41.165016682942706,41.16901672363281
2023-07-26 15:44:56.926685,5277257.0,5277706.0,39.21914278157552,39.22314282226563,41.17806075032552,41.18206083170573
2023-07-26 15:44:56.943629,5277260.0,5277710.0,39.23218688964844,39.23618693033854,41.19545288085937,41.19945292154948
2023-07-26 15:44:56.956585,5277264.0,5277714.0,39.249578979492185,39.25357897949219,41.2128446858724,41.2168447265625
2023-07-26 15:44:56.974524,5277267.0,5277717.0,39.26262276204427,39.266622802734375,41.22588875325521,41.229888793945314
2023-07-26 15:44:56.991468,5277271.0,5277721.0,39.28001485188802,39.28401493326823,41.24328088378907,41.24728092447917
2023-07-26 15:44:57.013392,5277276.0,5277725.0,39.301754760742185,39.30575476074219,41.26067264811198,41.26467272949219
2023-07-26 15:44:57.031332,5277280.0,5277730.0,39.319146809895834,39.323146850585935,41.28241280110677,41.286412841796874
2023-07-26 15:44:57.048275,5277284.0,5277734.0,39.33653889973959,39.34053898111979,41.29980493164063,41.30380497233073
2023-07-26 15:44:57.066215,5277288.0,5277738.0,39.35393070475261,39.35793074544271,41.31719669596354,41.32119677734375
2023-07-26 15:44:57.083159,5277292.0,5277742.0,39.37133321126302,39.375333292643234,41.334588826497395,41.338588867187504
2023-07-26 15:44:57.100602,5277296.0,5277746.0,39.38871492513021,39.39271496582032,41.35198095703125,41.35598099772135
2023-07-26 15:44:57.117929,5277300.0,5277750.0,39.40610673014323,39.41010677083333,41.36937272135417,41.37337276204427
2023-07-26 15:44:57.135186,5277304.0,5277754.0,39.42349881998698,39.42749890136719,41.38676485188802,41.39076489257812
2023-07-26 15:44:57.152628,5277308.0,5277758.0,39.44089095052083,39.44489099121094,41.40415694173177,41.40815698242187
2023-07-26 15:44:57.165915,5277312.0,5277762.0,39.45828271484375,39.46228279622395,41.42154874674479,41.4255487874349
2023-07-26 15:44:57.183337,5277316.0,5277766.0,39.475674845377604,39.479674886067706,41.43894087727865,41.44294091796875
2023-07-26 15:44:57.204678,5277319.0,5277769.0,39.48871895345052,39.492718994140624,41.45198494466146,41.45598498535156
2023-07-26 15:44:57.226492,5277324.0,5277774.0,39.51045874023438,39.51445882161458,41.47372477213541,41.47772481282552
2023-07-26 15:44:57.243582,5277329.0,5277779.0,39.532198893229165,39.536198933919266,41.495464925130214,41.499464965820316
2023-07-26 15:44:57.261521,5277333.0,5277783.0,39.54959069824219,39.55359073893229,41.51285668945312,41.51685673014323
2023-07-26 15:44:57.278465,5277337.0,5277787.0,39.56698278808594,39.57098286946615,41.53024881998698,41.53424886067709
2023-07-26 15:44:57.296405,5277341.0,5277791.0,39.58438533528646,39.588385375976564,41.547640909830726,41.55164099121094
2023-07-26 15:44:57.313349,5277345.0,5277795.0,39.60176668294271,39.605766764322915,41.565032714843746,41.569032755533854
2023-07-26 15:44:57.326305,5277349.0,5277799.0,39.61915881347656,39.62315885416667,41.5824248453776,41.586424886067704
2023-07-26 15:44:57.344246,5277352.0,5277802.0,39.63220292154948,39.63620296223959,41.59546891276042,41.599468953450526
2023-07-26 15:44:57.361188,5277356.0,5277806.0,39.6495946858724,39.6535947265625,41.61286071777344,41.616860758463545
2023-07-26 15:44:57.379132,5277360.0,5277810.0,39.66698681640625,39.67098685709636,41.63025280761718,41.634252888997395
2023-07-26 15:44:57.396072,5277364.0,5277814.0,39.684378906250004,39.68837898763021,41.64764493815104,41.65164497884115
2023-07-26 15:44:57.414011,5277368.0,5277818.0,39.701781127929685,39.705781168619794,41.665036702473955,41.66903678385416
2023-07-26 15:44:57.426967,5277372.0,5277822.0,39.71916284179687,39.72316288248698,41.68242883300781,41.68642887369791
2023-07-26 15:44:57.443911,5277376.0,5277825.0,39.736554931640626,39.74055501302083,41.69547294108073,41.69947298177084
2023-07-26 15:44:57.461860,5277379.0,5277829.0,39.74959871419271,39.753598754882816,41.712864705403646,41.71686474609375
2023-07-26 15:44:57.478795,5277383.0,5277833.0,39.76699080403646,39.770990885416666,41.730256835937496,41.734256876627605
2023-07-26 15:44:57.495737,5277387.0,5277837.0,39.78438293457031,39.78838297526042,41.74764892578125,41.751649007161454
2023-07-26 15:44:57.513677,5277391.0,5277841.0,39.801774698893226,39.80577478027344,41.76504073079427,41.76904077148437
2023-07-26 15:44:57.526634,5277395.0,5277845.0,39.81916682942708,39.823166870117184,41.782432861328125,41.78643290201823
2023-07-26 15:44:57.544573,5277399.0,5277848.0,39.83655895996094,39.84055900065104,41.79547692871094,41.79947696940104
2023-07-26 15:44:57.561517,5277402.0,5277852.0,39.84960270182292,39.85360274251302,41.81286873372396,41.81686877441406
2023-07-26 15:44:57.578461,5277406.0,5277856.0,39.866994832356774,39.870994873046875,41.830260823567706,41.83426090494791
2023-07-26 15:44:57.596400,5277410.0,5277860.0,39.88438692220052,39.88838700358073,41.84765295410156,41.851652994791664
2023-07-26 15:44:57.613344,5277414.0,5277864.0,39.90177872721354,39.90577876790364,41.86504471842448,41.86904479980469
2023-07-26 15:44:57.626300,5277418.0,5277868.0,39.919170857747396,39.9231708984375,41.882436848958335,41.88643688964844
2023-07-26 15:44:57.644240,5277422.0,5277871.0,39.93656294759115,39.940563028971354,41.89548095703125,41.899480997721355
2023-07-26 15:44:57.661183,5277425.0,5277875.0,39.94960673014323,39.95360677083333,41.91287272135417,41.91687276204427
2023-07-26 15:44:57.679123,5277429.0,5277879.0,39.96699881998698,39.97099890136719,41.93026485188802,41.93426489257812
2023-07-26 15:44:57.696066,5277433.0,5277883.0,39.98439095052083,39.988390991210935,41.94765694173177,41.95165698242187
2023-07-26 15:44:57.714006,5277437.0,5277887.0,40.00178271484375,40.005782796223954,41.96504874674479,41.9690487874349
2023-07-26 15:44:57.730949,5277441.0,5277891.0,40.019174845377606,40.02317488606771,41.98244087727864,41.98644091796875
2023-07-26 15:44:57.743906,5277445.0,5277895.0,40.036566975911455,40.040567016601564,41.999832763671876,42.00383276367187
2023-07-26 15:44:57.761848,5277449.0,5277898.0,40.05395874023437,40.057958821614584,42.01287674967448,42.016876790364584
2023-07-26 15:44:57.778788,5277452.0,5277902.0,40.06700284830729,40.07100288899739,42.03026883951823,42.03426892089844
2023-07-26 15:44:57.796733,5277456.0,5277906.0,40.08439493815104,40.08839501953125,42.04766088867187,42.051660888671876
2023-07-26 15:44:57.813672,5277460.0,5277910.0,40.10178674316406,40.105786783854164,42.065052734374994,42.069052815755214
2023-07-26 15:44:57.830615,5277464.0,5277914.0,40.11917887369791,40.12317891438802,42.08244486490885,42.08644490559895
2023-07-26 15:44:57.848555,5277468.0,5277918.0,40.136570963541665,40.14057104492188,42.09983666992188,42.10383671061198
2023-07-26 15:44:57.865499,5277472.0,5277922.0,40.153962768554685,40.157962809244786,42.117228759765624,42.121228841145836
2023-07-26 15:44:57.883438,5277476.0,5277926.0,40.17135485839844,40.17535493977864,42.13462089029948,42.13862093098958
2023-07-26 15:44:57.900382,5277480.0,5277930.0,40.18874694824219,40.19274694824219,42.152012654622396,42.1560127360026
2023-07-26 15:44:57.918321,5277484.0,5277934.0,40.206138793945314,40.210138834635416,42.16940478515625,42.173404825846355
2023-07-26 15:44:57.935265,5277488.0,5277938.0,40.22353088378907,40.22753096516927,42.18679691569011,42.19079695638021
2023-07-26 15:44:57.953205,5277492.0,5277942.0,40.24092272949219,40.24492272949219,42.20418868001302,42.20818876139323
2023-07-26 15:44:57.970148,5277496.0,5277946.0,40.25831477864583,40.262314860026045,42.221580810546875,42.22558085123698
2023-07-26 15:44:57.988087,5277500.0,5277950.0,40.27570690917968,40.2797069498698,42.23897294108073,42.24297298177083
2023-07-26 15:44:58.005031,5277504.0,5277954.0,40.29309871419271,40.29709875488281,42.25636470540365,42.26036474609375
2023-07-26 15:44:58.017988,5277508.0,5277958.0,40.31049080403646,40.31449088541667,42.2737568359375,42.2777568766276
2023-07-26 15:44:58.035928,5277512.0,5277961.0,40.32788293457031,40.33188297526041,42.28680090332031,42.290800984700525
2023-07-26 15:44:58.052875,5277515.0,5277965.0,40.34092667643229,40.3449267578125,42.30419270833333,42.30819274902343
2023-07-26 15:44:58.069814,5277519.0,5277969.0,40.358318806966146,40.362318847656255,42.321584798177085,42.32558487955729
2023-07-26 15:44:58.082770,5277523.0,5277973.0,40.3757109375,40.379710978190104,42.33897692871094,42.34297696940104
2023-07-26 15:44:58.100715,5277526.0,5277976.0,40.38875476074219,40.392754760742186,42.35202067057291,42.35603116861979
2023-07-26 15:44:58.117654,5277530.0,5277980.0,40.40614680989584,40.41014685058594,42.36941280110677,42.37341284179688
2023-07-26 15:44:58.135597,5277534.0,5277984.0,40.42353889973958,40.427538981119795,42.386804931640626,42.39080497233073
2023-07-26 15:44:58.152536,5277538.0,5277988.0,40.4409307047526,40.44493074544271,42.40419669596354,42.40819677734375
2023-07-26 15:44:58.170476,5277542.0,5277992.0,40.45833321126302,40.46233329264323,42.4215888264974,42.4255888671875
2023-07-26 15:44:58.192401,5277547.0,5277996.0,40.48006294759114,40.484063028971356,42.438980957031255,42.44298099772136
2023-07-26 15:44:58.209344,5277551.0,5278001.0,40.49745475260416,40.50145479329427,42.4607207438151,42.46472082519531
2023-07-26 15:44:58.226590,5277555.0,5278005.0,40.514846842447916,40.51884692382812,42.47811287434896,42.48211291503906
2023-07-26 15:44:58.244642,5277559.0,5278009.0,40.53223897298177,40.536239013671874,42.495504638671875,42.49950472005208
2023-07-26 15:44:58.261681,5277564.0,5278013.0,40.553978800455724,40.55797884114584,42.51289676920573,42.51689680989583
2023-07-26 15:44:58.283774,5277568.0,5278017.0,40.57137089029948,40.57537097167968,42.53028889973959,42.53428894042969
2023-07-26 15:44:58.300670,5277572.0,5278022.0,40.5887626953125,40.592762736002605,42.552028686523435,42.55602876790364
2023-07-26 15:44:58.317992,5277576.0,5278026.0,40.60615482584635,40.610154866536455,42.56942081705729,42.573420857747394
2023-07-26 15:44:58.331465,5277580.0,5278030.0,40.623546915690106,40.62754699707031,42.58681294759115,42.59081298828125
2023-07-26 15:44:58.348778,5277584.0,5278033.0,40.640938720703126,40.64493876139323,42.59985668945313,42.60385673014323
2023-07-26 15:44:58.365835,5277587.0,5278037.0,40.65398278808593,40.657982869466146,42.61724881998698,42.621248860677085
2023-07-26 15:44:58.383212,5277591.0,5278041.0,40.67138533528646,40.67538537597657,42.63464090983073,42.638640991210934
2023-07-26 15:44:58.400229,5277595.0,5278045.0,40.688766682942706,40.69276676432291,42.65203271484375,42.65603275553385
2023-07-26 15:44:58.418184,5277600.0,5278049.0,40.7105068359375,40.714506917317706,42.669424845377605,42.67342488606771
2023-07-26 15:44:58.435405,5277603.0,5278053.0,40.72355094401042,40.72755098470052,42.68681693522136,42.690817016601564
2023-07-26 15:44:58.452400,5277607.0,5278057.0,40.740942708333336,40.74494278971354,42.70420874023437,42.70820878092448
2023-07-26 15:44:58.470569,5277611.0,5278061.0,40.758334838867185,40.762334879557294,42.721600830078124,42.72560091145833
2023-07-26 15:44:58.488014,5277615.0,5278065.0,40.77572696940104,40.77972701009115,42.73899291992188,42.742992919921875
2023-07-26 15:44:58.509267,5277619.0,5278069.0,40.79311873372396,40.79711877441406,42.756384765625,42.76038480631511
2023-07-26 15:44:58.531443,5277624.0,5278074.0,40.814858886718746,40.818858927408854,42.77813529459636,42.782135375976566
2023-07-26 15:44:58.547984,5277629.0,5278079.0,40.83659871419271,40.84059875488281,42.79986470540365,42.80386474609375
2023-07-26 15:44:58.566221,5277633.0,5278083.0,40.853990804036464,40.85799088541667,42.8172568359375,42.8212568766276
2023-07-26 15:44:58.583674,5277637.0,5278087.0,40.87138293457031,40.875382975260415,42.83464892578125,42.83864900716146
2023-07-26 15:44:58.600827,5277641.0,5278091.0,40.88877469889323,40.892774780273434,42.852040730794265,42.85604077148437
2023-07-26 15:44:58.618023,5277645.0,5278095.0,40.906166829427086,40.91016687011719,42.86943286132812,42.87343290201823
2023-07-26 15:44:58.635430,5277649.0,5278099.0,40.923558959960936,40.927559000651044,42.886824951171874,42.89082495117187
2023-07-26 15:44:58.648520,5277653.0,5278103.0,40.94095072428385,40.944950805664064,42.904216756184894,42.908216796874996
2023-07-26 15:44:58.665848,5277656.0,5278106.0,40.95399483235677,40.95799487304688,42.91726082356771,42.921260904947914
2023-07-26 15:44:58.683034,5277661.0,5278110.0,40.975734985351565,40.979735026041666,42.93465295410156,42.93865299479167
2023-07-26 15:44:58.705184,5277664.0,5278114.0,40.98877872721354,40.992778767903644,42.952044718424474,42.956044799804694
2023-07-26 15:44:58.722427,5277669.0,5278119.0,41.01051888020833,41.01451892089844,42.97378487141928,42.97778495279948
2023-07-26 15:44:58.743974,5277673.0,5278123.0,41.02791097005208,41.031911010742185,42.99117667643229,42.9951767171224
2023-07-26 15:44:58.761037,5277678.0,5278128.0,41.04965079752604,41.05365083821614,43.012916829427084,43.016916870117186
2023-07-26 15:44:58.778440,5277682.0,5278132.0,41.0670429280599,41.07104296875,43.03030891927084,43.03430900065104
2023-07-26 15:44:58.796494,5277686.0,5278136.0,41.084434692382814,41.08843477376302,43.04770072428385,43.05170076497396
2023-07-26 15:44:58.813577,5277690.0,5278140.0,41.101826863606775,41.10582686360677,43.0650928141276,43.069092895507815
2023-07-26 15:44:58.830978,5277694.0,5278144.0,41.11921895345052,41.12321899414063,43.08248494466146,43.08648498535156
2023-07-26 15:44:58.848181,5277698.0,5278148.0,41.136610717773436,41.140610758463545,43.09987674967448,43.10387679036459
2023-07-26 15:44:58.865497,5277702.0,5278152.0,41.15400284830729,41.158002888997395,43.117268839518225,43.121268920898444
2023-07-26 15:44:58.882830,5277706.0,5278156.0,41.17139493815104,41.17539501953125,43.134660888671874,43.13866088867187
2023-07-26 15:44:58.896146,5277710.0,5278160.0,41.18878674316406,41.19278678385416,43.152052734375,43.15605281575521
2023-07-26 15:44:58.913584,5277714.0,5278163.0,41.206178873697915,41.21017891438802,43.165096842447916,43.16909688313802
2023-07-26 15:44:58.930702,5277717.0,5278167.0,41.21922294108073,41.22322298177084,43.18248897298177,43.186489013671874
2023-07-26 15:44:58.948068,5277721.0,5278171.0,41.23661474609375,41.24061478678385,43.19988073730469,43.20388077799479
2023-07-26 15:44:58.966465,5277725.0,5278175.0,41.254006835937496,41.25800691731771,43.21727286783854,43.22127290852865
2023-07-26 15:44:58.983128,5277729.0,5278179.0,41.27139896647135,41.275399007161454,43.234664794921876,43.238664794921874
2023-07-26 15:44:59.000989,5277733.0,5278183.0,41.28879073079427,41.29279081217448,43.25205676269532,43.25605680338542
2023-07-26 15:44:59.018338,5277737.0,5278187.0,41.306182861328125,41.31018290201823,43.26944889322916,43.27344893391927
2023-07-26 15:44:59.030654,5277741.0,5278191.0,41.32357499186198,41.32757503255208,43.286840657552084,43.29084069824219
2023-07-26 15:44:59.048978,5277745.0,5278194.0,41.34096675618489,41.3449668375651,43.299884765625,43.303884806315104
2023-07-26 15:44:59.066131,5277748.0,5278198.0,41.35401086425781,41.35801090494791,43.31727685546875,43.32127693684896
2023-07-26 15:44:59.083504,5277752.0,5278202.0,41.37140295410156,41.37540303548177,43.33466870117188,43.338668701171876
2023-07-26 15:44:59.100694,5277756.0,5278206.0,41.38879475911458,41.39279479980469,43.35206075032552,43.35606083170573
2023-07-26 15:44:59.117964,5277760.0,5278210.0,41.40618688964844,41.41018693033854,43.36945288085937,43.37345292154948
2023-07-26 15:44:59.135227,5277765.0,5278214.0,41.42792667643229,41.4319267578125,43.3868446858724,43.3908447265625
2023-07-26 15:44:59.153267,5277768.0,5278218.0,41.440970784505204,41.44497082519531,43.40423677571614,43.408236857096355
2023-07-26 15:44:59.170679,5277772.0,5278222.0,41.45836287434896,41.46236295572916,43.42162890625,43.4256289469401
2023-07-26 15:44:59.191652,5277777.0,5278226.0,41.480102701822915,41.48410274251302,43.439020670572916,43.44303116861979
2023-07-26 15:44:59.209667,5277781.0,5278231.0,41.49749483235677,41.50149487304688,43.4607608235677,43.464760904947916
2023-07-26 15:44:59.226696,5277785.0,5278235.0,41.514886922200525,41.51888700358073,43.47815295410156,43.48215299479167
2023-07-26 15:44:59.248101,5277789.0,5278239.0,41.53227872721354,41.536278767903646,43.495544718424476,43.49954479980469
2023-07-26 15:44:59.265779,5277794.0,5278244.0,41.55401888020833,41.55801892089844,43.51728487141927,43.52128495279948
2023-07-26 15:44:59.283534,5277798.0,5278248.0,41.571410970052085,41.57541101074219,43.53467667643229,43.5386767171224
2023-07-26 15:44:59.300925,5277802.0,5278252.0,41.588802775065105,41.59280281575521,43.552068766276044,43.55606884765625
2023-07-26 15:44:59.318117,5277806.0,5278256.0,41.606194905598954,41.610194946289056,43.56946089680989,43.5734609375
2023-07-26 15:44:59.335290,5277810.0,5278260.0,41.62358679199219,41.62758679199219,43.58685270182292,43.59085274251302
2023-07-26 15:44:59.352738,5277814.0,5278264.0,41.64097880045573,41.644978841145836,43.60424479166667,43.60824487304688
2023-07-26 15:44:59.370071,5277819.0,5278268.0,41.66271895345052,41.66671899414063,43.62163692220052,43.625636962890624
2023-07-26 15:44:59.387470,5277823.0,5278272.0,41.68011071777344,41.68411075846354,43.63902868652344,43.643028767903644
2023-07-26 15:44:59.404559,5277826.0,5278276.0,41.69315482584636,41.69715486653646,43.65642081705729,43.6604208577474
2023-07-26 15:44:59.422169,5277831.0,5278280.0,41.71489493815104,41.718895019531246,43.673812947591145,43.677812988281254
2023-07-26 15:44:59.439579,5277834.0,5278284.0,41.72793872070312,41.73193876139323,43.69120471191406,43.695204793294266
2023-07-26 15:44:59.461828,5277838.0,5278288.0,41.745330810546875,41.74933089192709,43.70859684244792,43.71259688313802
2023-07-26 15:44:59.479389,5277843.0,5278293.0,41.76707096354167,41.771071044921875,43.730336669921876,43.734336710611984
2023-07-26 15:44:59.496544,5277847.0,5278297.0,41.78446276855468,41.78846280924479,43.74772875976562,43.751728841145834
2023-07-26 15:44:59.513845,5277851.0,5278301.0,41.801854858398436,41.80585493977865,43.76512089029948,43.76912093098958
2023-07-26 15:44:59.531227,5277855.0,5278305.0,41.81924694824219,41.823246948242186,43.782512654622394,43.7865127360026
2023-07-26 15:44:59.548570,5277859.0,5278309.0,41.83663879394531,41.84063883463542,43.79990478515625,43.80390482584635
2023-07-26 15:44:59.565908,5277863.0,5278313.0,41.854030883789065,41.85803096516927,43.81729691569011,43.82129695638021
2023-07-26 15:44:59.583130,5277867.0,5278317.0,41.87142272949219,41.875422729492186,43.83468868001302,43.83868876139323
2023-07-26 15:44:59.600409,5277871.0,5278321.0,41.88881477864584,41.89281486002604,43.85208081054687,43.85608085123698
2023-07-26 15:44:59.618055,5277875.0,5278325.0,41.90620690917969,41.910206949869796,43.86947294108073,43.87347298177084
2023-07-26 15:44:59.635123,5277879.0,5278329.0,41.92359871419271,41.927598754882816,43.886864705403646,43.89086474609375
2023-07-26 15:44:59.652563,5277883.0,5278333.0,41.94099080403646,41.94499088541667,43.904256835937495,43.908256876627604
2023-07-26 15:44:59.670797,5277887.0,5278337.0,41.95838293457031,41.96238297526042,43.92164892578125,43.925649007161454
2023-07-26 15:44:59.687836,5277891.0,5278341.0,41.975774698893225,41.97977478027344,43.93904073079427,43.94304077148437
2023-07-26 15:44:59.705307,5277895.0,5278345.0,41.99316682942708,41.997166870117184,43.956432861328125,43.960432902018226
2023-07-26 15:44:59.722441,5277899.0,5278349.0,42.01055895996094,42.01455900065104,43.97382495117188,43.977824951171876
2023-07-26 15:44:59.739475,5277903.0,5278353.0,42.027950724283855,42.03195080566406,43.99121675618489,43.995216796875
2023-07-26 15:44:59.761772,5277908.0,5278357.0,42.04969087727864,42.053690917968744,44.00860884602864,44.012608927408856
2023-07-26 15:44:59.779283,5277912.0,5278362.0,42.06708288574219,42.071082885742186,44.03034867350261,44.03434871419271
2023-07-26 15:44:59.796241,5277916.0,5278366.0,42.084474772135415,42.08847485351563,44.04774080403646,44.05174084472657
2023-07-26 15:44:59.814017,5277920.0,5278370.0,42.10186690266927,42.10586694335937,44.06513289388021,44.069132975260416
2023-07-26 15:44:59.835302,5277924.0,5278374.0,42.11925866699219,42.12325874837239,44.08252469889323,44.08652473958333
2023-07-26 15:44:59.852777,5277929.0,5278379.0,42.14099881998698,42.14499890136719,44.10426485188802,44.10826489257812
2023-07-26 15:44:59.869959,5277933.0,5278383.0,42.15839095052083,42.162390991210934,44.12165694173177,44.12565698242187
2023-07-26 15:44:59.888084,5277937.0,5278387.0,42.17578271484375,42.179782796223954,44.13904874674479,44.1430487874349
2023-07-26 15:44:59.905170,5277941.0,5278391.0,42.193174845377605,42.19717488606771,44.15644087727864,44.16044091796875
2023-07-26 15:44:59.922499,5277945.0,5278395.0,42.21056697591146,42.21456701660156,44.173832763671875,44.17783276367188
2023-07-26 15:44:59.939846,5277949.0,5278399.0,42.22795874023437,42.23195882161458,44.19122477213541,44.195224812825515
2023-07-26 15:44:59.957191,5277953.0,5278403.0,42.24535087076823,42.249350911458336,44.208616861979166,44.21261694335937
2023-07-26 15:44:59.974629,5277957.0,5278407.0,42.262743001302084,42.266743041992186,44.226008666992186,44.23000870768229
2023-07-26 15:44:59.991999,5277961.0,5278411.0,42.280134765625,42.28413480631511,44.24340079752604,44.247400838216144
2023-07-26 15:45:00.013272,5277965.0,5278415.0,42.29752689615886,42.30152693684896,44.260792887369796,44.26479296875
2023-07-26 15:45:00.035448,5277970.0,5278420.0,42.319266682942704,42.323266764322916,44.28253271484375,44.28653275553385
2023-07-26 15:45:00.052467,5277975.0,5278425.0,42.3410068359375,42.345006917317704,44.30427286783854,44.30827290852865
2023-07-26 15:45:00.074543,5277980.0,5278429.0,42.36274694824219,42.36674694824219,44.32166479492187,44.32566479492188
2023-07-26 15:45:00.091685,5277984.0,5278434.0,42.380138793945314,42.384138834635415,44.34340478515625,44.347404825846354
2023-07-26 15:45:00.109043,5277988.0,5278438.0,42.39753088378907,42.40153096516927,44.36079691569011,44.36479695638021
2023-07-26 15:45:00.127083,5277992.0,5278442.0,42.41492272949219,42.41892272949219,44.37818868001302,44.38218876139323
2023-07-26 15:45:00.144457,5277996.0,5278446.0,42.43231477864584,42.436314860026044,44.395580810546875,44.39958085123698
2023-07-26 15:45:00.165721,5278000.0,5278450.0,42.44970690917968,42.4537069498698,44.41297294108073,44.41697298177083
2023-07-26 15:45:00.183065,5278005.0,5278455.0,42.47144673665365,42.47544677734375,44.43471272786458,44.43871280924479
2023-07-26 15:45:00.204356,5278010.0,5278460.0,42.493186889648435,42.497186930338536,44.45645288085937,44.460452921549475
2023-07-26 15:45:00.221866,5278014.0,5278464.0,42.51057897949219,42.514578979492185,44.4738446858724,44.4778447265625
2023-07-26 15:45:00.239136,5278018.0,5278468.0,42.52797078450521,42.53197082519531,44.49123677571614,44.49523685709636
2023-07-26 15:45:00.260834,5278022.0,5278472.0,42.54536287434896,42.549362955729165,44.50862890625,44.512628946940104
2023-07-26 15:45:00.278103,5278027.0,5278477.0,42.56710270182292,42.57110274251302,44.53036873372396,44.53436877441406
2023-07-26 15:45:00.295363,5278031.0,5278481.0,42.584494832356775,42.588494873046876,44.54776082356771,44.55176090494791
2023-07-26 15:45:00.312964,5278035.0,5278484.0,42.60188692220052,42.605887003580726,44.560804931640625,44.56480497233073
2023-07-26 15:45:00.330295,5278039.0,5278488.0,42.61927872721354,42.62327876790364,44.57819669596354,44.582196777343746
2023-07-26 15:45:00.347430,5278043.0,5278493.0,42.6366708577474,42.6406708984375,44.59993684895833,44.60393688964844
2023-07-26 15:45:00.368902,5278047.0,5278497.0,42.65406294759115,42.658063028971355,44.617328857421874,44.62132885742188
2023-07-26 15:45:00.391233,5278052.0,5278502.0,42.67580277506511,42.67980281575521,44.63906876627605,44.64306884765625
2023-07-26 15:45:00.408583,5278057.0,5278506.0,42.697542928059896,42.701542968750005,44.65646089680989,44.660460937500005
2023-07-26 15:45:00.426012,5278061.0,5278510.0,42.71493469238281,42.71893477376302,44.673852701822916,44.677852742513025
2023-07-26 15:45:00.443010,5278065.0,5278514.0,42.73232682291667,42.73632686360677,44.69124479166667,44.695244873046875
2023-07-26 15:45:00.460253,5278069.0,5278519.0,42.749718953450525,42.75371899414063,44.71298494466146,44.716984985351566
2023-07-26 15:45:00.478457,5278073.0,5278523.0,42.76711071777344,42.77111075846354,44.730376749674484,44.734376790364585
2023-07-26 15:45:00.499439,5278078.0,5278527.0,42.78885087076823,42.79285091145833,44.74776883951823,44.75176892089844
2023-07-26 15:45:00.516692,5278082.0,5278532.0,42.806243001302086,42.81024304199219,44.76950866699219,44.77350870768229
2023-07-26 15:45:00.534901,5278086.0,5278536.0,42.823634765625,42.8276348063151,44.786900797526044,44.790900838216146
2023-07-26 15:45:00.552342,5278090.0,5278540.0,42.84102689615886,42.84502693684896,44.8042928873698,44.80829296875
2023-07-26 15:45:00.568797,5278094.0,5278544.0,42.85841882324219,42.86241882324219,44.82168469238281,44.82568473307292
2023-07-26 15:45:00.586956,5278098.0,5278548.0,42.875810791015624,42.87981083170573,44.83907678222656,44.843076863606775
2023-07-26 15:45:00.603534,5278102.0,5278552.0,42.893202921549474,42.89720296223959,44.85646891276042,44.86046895345052
2023-07-26 15:45:00.621948,5278106.0,5278556.0,42.9105946858724,42.9145947265625,44.87386071777344,44.87786075846354
2023-07-26 15:45:00.640278,5278110.0,5278560.0,42.92798681640625,42.931986857096355,44.891252807617185,44.89525288899739
2023-07-26 15:45:00.657340,5278114.0,5278564.0,42.94537890625,42.94937898763021,44.90864493815104,44.91264497884114
2023-07-26 15:45:00.674359,5278118.0,5278568.0,42.96278112792969,42.96678116861979,44.92603670247396,44.93003678385416
2023-07-26 15:45:00.691677,5278123.0,5278572.0,42.98451086425781,42.988510904947915,44.943428833007815,44.947428873697916
2023-07-26 15:45:00.713937,5278127.0,5278576.0,43.00190295410156,43.00590303548177,44.960820963541664,44.96482100423177
2023-07-26 15:45:00.730762,5278131.0,5278581.0,43.01929475911458,43.02329479980469,44.98256079101563,44.98656083170573
2023-07-26 15:45:00.748632,5278135.0,5278585.0,43.036686889648436,43.04068693033854,44.999952880859375,45.00395292154948
2023-07-26 15:45:00.770042,5278139.0,5278589.0,43.05407897949219,43.05807897949219,45.017344685872395,45.0213447265625
2023-07-26 15:45:00.788179,5278144.0,5278594.0,43.07581880696615,43.07981884765625,45.039084798177086,45.04308487955729
2023-07-26 15:45:00.808291,5278149.0,5278598.0,43.097558959960935,43.101559000651044,45.05647692871094,45.060476969401044
2023-07-26 15:45:00.825587,5278153.0,5278602.0,43.11495072428385,43.11895080566406,45.073868733723955,45.077868774414064
2023-07-26 15:45:00.847917,5278157.0,5278607.0,43.13234285481771,43.13634289550781,45.09560884602865,45.09960892740885
2023-07-26 15:45:00.864500,5278162.0,5278612.0,43.15408288574219,43.15808288574219,45.117348673502605,45.12134871419271
2023-07-26 15:45:00.882844,5278166.0,5278615.0,43.17147477213541,43.17547485351563,45.13039278157552,45.134392822265625
2023-07-26 15:45:00.900200,5278170.0,5278619.0,43.18886690266927,43.19286694335937,45.147784871419276,45.15178495279948
2023-07-26 15:45:00.921212,5278174.0,5278624.0,43.206258666992184,43.2102587483724,45.16952469889323,45.17352473958333
2023-07-26 15:45:00.939188,5278179.0,5278629.0,43.22799881998698,43.23199890136719,45.191264851888015,45.19526489257812
2023-07-26 15:45:00.956455,5278183.0,5278633.0,43.245390950520836,43.24939099121094,45.20865694173177,45.212656982421876
2023-07-26 15:45:00.973821,5278187.0,5278637.0,43.262782714843745,43.26678279622396,45.22604874674479,45.230048787434896
2023-07-26 15:45:00.990909,5278191.0,5278641.0,43.2801748453776,43.28417488606771,45.243440877278644,45.247440917968746
2023-07-26 15:45:01.013195,5278195.0,5278645.0,43.29756697591146,43.30156701660156,45.26083276367188,45.264832763671876
2023-07-26 15:45:01.030269,5278200.0,5278650.0,43.31930676269531,43.323306844075525,45.28258321126302,45.28658325195312
2023-07-26 15:45:01.047260,5278204.0,5278654.0,43.33669889322916,43.34069893391927,45.29996492513021,45.30396496582031
2023-07-26 15:45:01.054236,5278208.0,5278659.0,43.35409069824219,43.35809073893229,45.32170471191406,45.32570479329427
,,,,,,
,,,,,,
,,,,,,
,,,,,,
,,,,,,
