0,1,2,3,4,5,6
2023-07-26 14:14:23.978993,4028108.0,4028559.0,110.41248787434895,110.41648795572917,112.37806294759115,112.38206298828125
2023-07-26 14:14:23.982988,4028109.0,4028560.0,110.4168359375,110.4208359781901,112.38241088867187,112.38641088867188
2023-07-26 14:14:23.987968,4028110.0,4028561.0,110.42118395996094,110.42518400065103,112.3867586669922,112.3907587076823
2023-07-26 14:14:23.991958,4028111.0,4028562.0,110.42553198242187,110.42953202311199,112.39110668945312,112.39510673014323
2023-07-26 14:14:23.995941,4028112.0,4028563.0,110.42987976074218,110.43387976074219,112.39545471191407,112.39945479329428
2023-07-26 14:14:24.000928,4028113.0,4028564.0,110.4342277018229,110.43822774251302,112.399802734375,112.40380281575521
2023-07-26 14:14:24.004915,4028114.0,4028565.0,110.43857572428387,110.44257580566406,112.40415079752603,112.40815083821614
2023-07-26 14:14:24.008897,4028115.0,4028566.0,110.4429237467448,110.44692382812501,112.40849881998699,112.41249886067708
2023-07-26 14:14:24.013885,4028116.0,4028567.0,110.44727180989582,110.45127185058594,112.41284684244792,112.41684688313802
2023-07-26 14:14:24.017872,4028117.0,4028568.0,110.45161983235677,110.45561987304687,112.41719486490885,112.42119490559897
2023-07-26 14:14:24.021859,4028118.0,4028569.0,110.45596785481771,110.45996789550782,112.42154288736978,112.42554296875
2023-07-26 14:14:24.026837,4028119.0,4028570.0,110.46031587727865,110.46431591796876,112.42589090983073,112.42989099121094
2023-07-26 14:14:24.030828,4028120.0,4028571.0,110.46466389973958,110.46866398111979,112.43023897298177,112.43423901367187
2023-07-26 14:14:24.035809,4028121.0,4028572.0,110.46901192220051,110.47301200358073,112.43458666992187,112.43858671061199
2023-07-26 14:14:24.039921,4028122.0,4028573.0,110.47335998535155,110.47736002604167,112.4389346923828,112.44293473307292
2023-07-26 14:14:24.043860,4028123.0,4028574.0,110.47770788574219,110.48170788574218,112.44328271484376,112.44728275553385
2023-07-26 14:14:24.048849,4028124.0,4028575.0,110.4820557047526,110.48605574544271,112.44763073730469,112.4516307779948
2023-07-26 14:14:24.052840,4028125.0,4028576.0,110.48640372721354,110.49040376790364,112.45197875976562,112.45597884114584
2023-07-26 14:14:24.056822,4028126.0,4028577.0,110.49075174967449,110.49475179036457,112.45632678222655,112.46032686360677
2023-07-26 14:14:24.061814,4028127.0,4028578.0,110.49509977213542,110.49909985351562,112.4606748453776,112.46467488606771
2023-07-26 14:14:24.065796,4028128.0,4028579.0,110.49945821126302,110.50345829264323,112.46502286783854,112.46902290852864
2023-07-26 14:14:24.069779,4028129.0,4028580.0,110.50379585774739,110.50779589843751,112.46937089029949,112.47337093098957
2023-07-26 14:14:24.074766,4028130.0,4028581.0,110.50814388020834,110.51214392089844,112.47371891276042,112.47771895345052
2023-07-26 14:14:24.078759,4028131.0,4028582.0,110.51249190266928,110.51649194335937,112.47806693522135,112.48206701660156
2023-07-26 14:14:24.082740,4028132.0,4028583.0,110.51683992513021,110.52083996582031,112.48241479492188,112.48641479492187
2023-07-26 14:14:24.087723,4028133.0,4028584.0,110.52118794759114,110.52518802897136,112.4867626546224,112.49076273600261
2023-07-26 14:14:24.091709,4028134.0,4028585.0,110.52553597005208,110.52953601074219,112.49111071777344,112.49511075846354
2023-07-26 14:14:24.096689,4028135.0,4028586.0,110.52988366699219,110.53388374837239,112.49545874023437,112.49945878092448
2023-07-26 14:14:24.100679,4028136.0,4028587.0,110.53423173014323,110.53823177083332,112.49980676269531,112.50380680338542
2023-07-26 14:14:24.104662,4028137.0,4028588.0,110.53857975260416,110.54257979329428,112.50415478515625,112.50815482584636
2023-07-26 14:14:24.109649,4028138.0,4028589.0,110.5429277750651,110.54692781575521,112.50850280761719,112.5125028889974
2023-07-26 14:14:24.113636,4028139.0,4028590.0,110.54727579752604,110.55127583821614,112.51285083007812,112.51685091145833
2023-07-26 14:14:24.117623,4028140.0,4028591.0,110.55162381998699,110.55562390136718,112.51719889322916,112.52119893391927
2023-07-26 14:14:24.122606,4028141.0,4028592.0,110.55597184244792,110.55997192382813,112.52154691569011,112.5255469563802
2023-07-26 14:14:24.126588,4028142.0,4028593.0,110.56031990559896,110.56431994628906,112.52589493815104,112.52989497884116
2023-07-26 14:14:24.130575,4028143.0,4028594.0,110.5646679280599,110.56866796874999,112.53024291992188,112.53424291992188
2023-07-26 14:14:24.135562,4028144.0,4028595.0,110.56901595052084,110.57301599121094,112.53459065755207,112.53859069824219
2023-07-26 14:14:24.139545,4028145.0,4028596.0,110.57336397298177,110.57736401367188,112.53893868001302,112.54293876139323
2023-07-26 14:14:24.144528,4028146.0,4028597.0,110.57771179199219,110.58171179199219,112.54328670247396,112.54728678385418
2023-07-26 14:14:24.148626,4028147.0,4028598.0,110.5820596923828,110.58605977376303,112.54763476562499,112.5516348063151
2023-07-26 14:14:24.152568,4028148.0,4028599.0,110.58640771484376,110.59040779622396,112.55198278808594,112.55598282877604
2023-07-26 14:14:24.157557,4028149.0,4028600.0,110.59075577799479,110.5947558186849,112.55633081054688,112.56033085123697
2023-07-26 14:14:24.161547,4028150.0,4028601.0,110.59510380045573,110.59910384114583,112.56067883300781,112.56467887369793
2023-07-26 14:14:24.165530,4028151.0,4028602.0,110.59945182291666,110.60345186360676,112.56502685546874,112.56902693684896
2023-07-26 14:14:24.170517,4028152.0,4028603.0,110.60379984537761,110.60779988606771,112.56938529459634,112.57338537597656
2023-07-26 14:14:24.174504,4028153.0,4028604.0,110.60814786783854,110.61214794921875,112.57372294108073,112.57772298177083
2023-07-26 14:14:24.178487,4028154.0,4028605.0,110.61249589029948,110.6164959716797,112.57807096354166,112.58207100423176
2023-07-26 14:14:24.183474,4028155.0,4028606.0,110.61684395345051,110.62084399414063,112.58241870117187,112.58641870117188
2023-07-26 14:14:24.187460,4028156.0,4028607.0,110.62119197591146,110.62519201660156,112.58676668294271,112.59076672363281
2023-07-26 14:14:24.191447,4028157.0,4028608.0,110.6255399169922,110.62953991699219,112.59111470540364,112.59511474609374
2023-07-26 14:14:24.196430,4028158.0,4028609.0,110.6298876953125,110.6338877360026,112.59546272786459,112.59946280924478
2023-07-26 14:14:24.200413,4028159.0,4028610.0,110.63423571777344,110.63823575846354,112.59981075032552,112.60381083170573
2023-07-26 14:14:24.205396,4028160.0,4028611.0,110.63858374023437,110.64258382161458,112.60415881347656,112.60815885416667
2023-07-26 14:14:24.209006,4028161.0,4028612.0,110.64293176269531,110.64693184407551,112.6085068359375,112.6125068766276
2023-07-26 14:14:24.214000,4028162.0,4028613.0,110.64727982584635,110.65127986653647,112.61285485839845,112.61685489908854
2023-07-26 14:14:24.217985,4028163.0,4028614.0,110.65162784830729,110.6556278889974,112.61720288085938,112.62120292154948
2023-07-26 14:14:24.221972,4028164.0,4028615.0,110.65597587076823,110.65997591145833,112.62155090332031,112.62555098470052
2023-07-26 14:14:24.226955,4028165.0,4028616.0,110.66032389322918,110.66432393391926,112.62589892578124,112.62989900716146
2023-07-26 14:14:24.230942,4028166.0,4028617.0,110.6646719156901,110.66867199707032,112.63024682617188,112.63424682617188
2023-07-26 14:14:24.234924,4028167.0,4028618.0,110.66901993815104,110.67302001953125,112.6345946858724,112.63859472656249
2023-07-26 14:14:24.239912,4028168.0,4028619.0,110.67336800130208,110.67736804199218,112.63894270833333,112.64294274902345
2023-07-26 14:14:24.243894,4028169.0,4028620.0,110.6777156982422,110.68171573893228,112.64329073079426,112.64729077148438
2023-07-26 14:14:24.248877,4028170.0,4028621.0,110.68206372070313,110.68606376139324,112.64763875325521,112.65163879394531
2023-07-26 14:14:24.252941,4028171.0,4028622.0,110.68641174316406,110.69041178385417,112.65198677571615,112.65598685709635
2023-07-26 14:14:24.256923,4028172.0,4028623.0,110.69075976562499,110.6947598063151,112.65633479817708,112.6603348795573
2023-07-26 14:14:24.261906,4028173.0,4028624.0,110.69510778808593,110.69910786946615,112.66068286132813,112.66468290201823
2023-07-26 14:14:24.265512,4028174.0,4028625.0,110.69945581054688,110.70345589192708,112.66503088378907,112.66903092447916
2023-07-26 14:14:24.270504,4028175.0,4028626.0,110.70380387369792,110.70780391438802,112.66937890625,112.67337894694009
2023-07-26 14:14:24.274491,4028176.0,4028627.0,110.70815189615885,110.71215193684895,112.67372692871093,112.67772696940105
2023-07-26 14:14:24.278473,4028177.0,4028628.0,110.71251033528647,110.71651037597655,112.67807495117187,112.68207495117187
2023-07-26 14:14:24.283461,4028178.0,4028629.0,110.71684794108073,110.72084798177083,112.68242264811197,112.68642272949218
2023-07-26 14:14:24.287443,4028179.0,4028630.0,110.72119596354166,110.72519604492189,112.68677067057293,112.69078116861978
2023-07-26 14:14:24.291430,4028180.0,4028631.0,110.72554382324219,110.7295438232422,112.69111873372395,112.69511877441406
2023-07-26 14:14:24.296417,4028181.0,4028632.0,110.72989168294272,110.73389176432292,112.6954667561849,112.699466796875
2023-07-26 14:14:24.300400,4028182.0,4028633.0,110.73423974609375,110.73823978678385,112.69981477864583,112.70381481933593
2023-07-26 14:14:24.305383,4028183.0,4028634.0,110.7385877685547,110.7425878092448,112.70416280110678,112.70816284179688
2023-07-26 14:14:24.309374,4028184.0,4028635.0,110.74293579101563,110.74693583170573,112.7085108235677,112.71251090494792
2023-07-26 14:14:24.313356,4028185.0,4028636.0,110.74728381347656,110.75128385416667,112.71285884602865,112.71685892740886
2023-07-26 14:14:24.318344,4028186.0,4028637.0,110.7516318359375,110.7556319173177,112.71720690917968,112.7212069498698
2023-07-26 14:14:24.322331,4028187.0,4028638.0,110.75597985839845,110.75997993977865,112.72155493164063,112.72555497233073
2023-07-26 14:14:24.326313,4028188.0,4028639.0,110.76032792154948,110.76432796223959,112.72590295410157,112.72990299479167
2023-07-26 14:14:24.331301,4028189.0,4028640.0,110.7646759440104,110.76867598470052,112.73025073242188,112.73425073242188
2023-07-26 14:14:24.335283,4028190.0,4028641.0,110.76902396647137,110.77302400716145,112.7345986735026,112.7385987141927
2023-07-26 14:14:24.340266,4028191.0,4028642.0,110.77337194824219,110.77737194824218,112.73894669596353,112.74294677734375
2023-07-26 14:14:24.344368,4028192.0,4028643.0,110.7777196858724,110.7817197265625,112.74329471842448,112.74729479980468
2023-07-26 14:14:24.348300,4028193.0,4028644.0,110.78206770833333,110.78606778971354,112.74764278157552,112.75164282226562
2023-07-26 14:14:24.352331,4028194.0,4028645.0,110.78641573079427,110.79041581217447,112.75199080403645,112.75599084472657
2023-07-26 14:14:24.357386,4028195.0,4028646.0,110.79076379394532,110.7947638346354,112.75633882649738,112.7603388671875
2023-07-26 14:14:24.361314,4028196.0,4028647.0,110.79511181640625,110.79911185709636,112.76068684895834,112.76468688964843
2023-07-26 14:14:24.366304,4028197.0,4028648.0,110.79945983886718,110.8034598795573,112.76503487141927,112.76903495279949
2023-07-26 14:14:24.370295,4028198.0,4028649.0,110.80380786132812,110.80780790201823,112.7693828938802,112.77338297526042
2023-07-26 14:14:24.374277,4028199.0,4028650.0,110.80815588378907,110.81215596516927,112.77373095703125,112.77773099772135
2023-07-26 14:14:24.379300,4028200.0,4028651.0,110.81250390625,110.81650398763021,112.77807885742187,112.78207885742187
2023-07-26 14:14:24.382853,4028201.0,4028652.0,110.81685196940104,110.82085201009114,112.7824266764323,112.7864267171224
2023-07-26 14:14:24.387841,4028202.0,4028653.0,110.82119999186197,110.82520003255209,112.78677469889323,112.79077473958334
2023-07-26 14:14:24.391826,4028203.0,4028654.0,110.82554772949219,110.82954772949218,112.79112272135416,112.79512276204427
2023-07-26 14:14:24.395820,4028204.0,4028655.0,110.82990612792969,110.83390616861979,112.79547074381512,112.79947082519531
2023-07-26 14:14:24.400807,4028205.0,4028656.0,110.83424373372395,110.83824377441407,112.79981876627605,112.80381884765625
2023-07-26 14:14:24.404883,4028206.0,4028657.0,110.8385917561849,110.84259183756511,112.80416682942709,112.80816687011719
2023-07-26 14:14:24.408837,4028207.0,4028658.0,110.84293977864584,110.84693986002604,112.80851485188802,112.81251489257812
2023-07-26 14:14:24.413825,4028208.0,4028659.0,110.84728784179688,110.85128788248697,112.81286287434895,112.81686291503907
2023-07-26 14:14:24.417807,4028209.0,4028660.0,110.85163586425782,110.85563590494792,112.8172108968099,112.8212109375
2023-07-26 14:14:24.421910,4028210.0,4028661.0,110.85598388671875,110.85998392740886,112.82155891927083,112.82555900065104
2023-07-26 14:14:24.426960,4028211.0,4028662.0,110.86033190917968,110.8643319498698,112.82590694173177,112.82990698242187
2023-07-26 14:14:24.430899,4028212.0,4028663.0,110.86467993164062,110.86868001302082,112.83025463867187,112.83425472005209
2023-07-26 14:14:24.434947,4028213.0,4028664.0,110.86902795410157,110.87302803548178,112.83460270182292,112.83860274251302
2023-07-26 14:14:24.439985,4028214.0,4028665.0,110.87337585449218,110.87737585449219,112.83895072428386,112.84295076497396
2023-07-26 14:14:24.443929,4028215.0,4028666.0,110.8777237141927,110.88172375488281,112.8432987467448,112.8472987874349
2023-07-26 14:14:24.448918,4028216.0,4028667.0,110.88207173665366,110.88607177734374,112.84764676920572,112.85164680989583
2023-07-26 14:14:24.452904,4028217.0,4028668.0,110.88641975911459,110.89041979980469,112.85199479166667,112.85599487304687
2023-07-26 14:14:24.456891,4028218.0,4028669.0,110.89076778157552,110.89476782226562,112.8563428141276,112.86034289550781
2023-07-26 14:14:24.461874,4028219.0,4028670.0,110.89511580403645,110.89911588541666,112.86069087727864,112.86469091796876
2023-07-26 14:14:24.465861,4028220.0,4028671.0,110.8994638264974,110.90346390787761,112.86503889973957,112.86903894042969
2023-07-26 14:14:24.469961,4028221.0,4028672.0,110.90381188964844,110.90781193033854,112.86938692220052,112.87338696289062
2023-07-26 14:14:24.474921,4028222.0,4028673.0,110.90815991210937,110.91215995279948,112.87373494466146,112.87773498535155
2023-07-26 14:14:24.478823,4028223.0,4028674.0,110.9125079345703,110.91650797526042,112.87808276367187,112.88208276367187
2023-07-26 14:14:24.482805,4028224.0,4028675.0,110.91685595703125,110.92085599772135,112.8824306640625,112.88643074544271
2023-07-26 14:14:24.487792,4028225.0,4028676.0,110.92120397949219,110.92520397949218,112.88677868652344,112.89077876790364
2023-07-26 14:14:24.491779,4028226.0,4028677.0,110.92555167643229,110.9295517578125,112.89112674967448,112.89512679036457
2023-07-26 14:14:24.495761,4028227.0,4028678.0,110.92989969889322,110.93389978027344,112.89547477213542,112.89947481282553
2023-07-26 14:14:24.500749,4028228.0,4028679.0,110.93424776204427,110.93824780273438,112.89983321126302,112.90383325195313
2023-07-26 14:14:24.504735,4028229.0,4028680.0,110.93859578450521,110.94259582519531,112.90417081705729,112.9081708577474
2023-07-26 14:14:24.509715,4028230.0,4028681.0,110.94294380696614,110.94694384765626,112.90851883951824,112.91251892089844
2023-07-26 14:14:24.513706,4028231.0,4028682.0,110.94729182942709,110.95129187011719,112.91286686197917,112.91686694335937
2023-07-26 14:14:24.517688,4028232.0,4028683.0,110.95163985188803,110.95563993326823,112.91721492513021,112.92121496582031
2023-07-26 14:14:24.522725,4028233.0,4028684.0,110.95598787434896,110.95998795572916,112.92156294759114,112.92556298828124
2023-07-26 14:14:24.526766,4028234.0,4028685.0,110.9603359375,110.9643359781901,112.92591088867188,112.92991088867187
2023-07-26 14:14:24.530706,4028235.0,4028686.0,110.96468395996094,110.96868400065104,112.93025866699219,112.9342587076823
2023-07-26 14:14:24.535774,4028236.0,4028687.0,110.96903198242187,110.97303202311198,112.93460668945312,112.93860673014323
2023-07-26 14:14:24.539765,4028237.0,4028688.0,110.97337976074219,110.97737976074218,112.93895471191406,112.94295479329428
2023-07-26 14:14:24.543747,4028238.0,4028689.0,110.97772770182291,110.98172774251302,112.94330273437501,112.94730281575521
2023-07-26 14:14:24.548786,4028239.0,4028690.0,110.98207572428386,110.98607580566407,112.94765079752604,112.95165083821615
2023-07-26 14:14:24.552819,4028240.0,4028691.0,110.98642374674479,110.990423828125,112.95199881998698,112.95599886067708
2023-07-26 14:14:24.556801,4028241.0,4028692.0,110.99077180989583,110.99477185058593,112.95634684244791,112.96034688313803
2023-07-26 14:14:24.561849,4028242.0,4028693.0,110.99511983235678,110.99911987304687,112.96069486490885,112.96469490559896
2023-07-26 14:14:24.565859,4028243.0,4028694.0,110.99946785481771,111.00346789550782,112.96504288736979,112.96904296874999
2023-07-26 14:14:24.569842,4028244.0,4028695.0,111.00381587727864,111.00781591796876,112.96939090983072,112.97339099121095
2023-07-26 14:14:24.574891,4028245.0,4028696.0,111.00816389973959,111.01216398111978,112.97373897298176,112.97773901367188
2023-07-26 14:14:24.578902,4028246.0,4028697.0,111.01251192220052,111.01651200358073,112.97808666992186,112.98208671061198
2023-07-26 14:14:24.582884,4028247.0,4028698.0,111.01685998535156,111.02086002604167,112.98243469238281,112.98643473307291
2023-07-26 14:14:24.587918,4028248.0,4028699.0,111.02120788574219,111.02520788574219,112.98678271484376,112.99078275553386
2023-07-26 14:14:24.592005,4028249.0,4028700.0,111.02555570475259,111.0295557454427,112.99113073730469,112.99513077799479
2023-07-26 14:14:24.595991,4028250.0,4028701.0,111.02990372721355,111.03390376790364,112.99547875976562,112.99947884114583
2023-07-26 14:14:24.600970,4028251.0,4028702.0,111.03425174967448,111.03825179036458,112.99982678222656,113.00382686360676
2023-07-26 14:14:24.604961,4028252.0,4028703.0,111.03859977213541,111.04259985351563,113.0041748453776,113.00817488606772
2023-07-26 14:14:24.608943,4028253.0,4028704.0,111.04295821126301,111.04695829264323,113.00852286783854,113.01252290852865
2023-07-26 14:14:24.614000,4028254.0,4028705.0,111.0472958577474,111.0512958984375,113.01287089029948,113.01687093098958
2023-07-26 14:14:24.618064,4028255.0,4028706.0,111.05164388020833,111.05564392089845,113.01721891276041,113.02121895345051
2023-07-26 14:14:24.622047,4028256.0,4028707.0,111.05599190266928,111.05999194335938,113.02156693522136,113.02556701660156
2023-07-26 14:14:24.627081,4028257.0,4028708.0,111.06033992513021,111.06433996582031,113.02591479492187,113.02991479492188
2023-07-26 14:14:24.631164,4028258.0,4028709.0,111.06468794759115,111.06868802897135,113.03026265462239,113.0342627360026
2023-07-26 14:14:24.635146,4028259.0,4028710.0,111.06903597005208,111.07303601074219,113.03461071777343,113.03861075846353
2023-07-26 14:14:24.640130,4028260.0,4028711.0,111.07338366699219,111.0773837483724,113.03895874023438,113.04295878092448
2023-07-26 14:14:24.644121,4028261.0,4028712.0,111.07773173014323,111.08173177083333,113.04330676269531,113.04730680338542
2023-07-26 14:14:24.648103,4028262.0,4028713.0,111.08207975260416,111.08607979329427,113.04765478515624,113.05165482584636
2023-07-26 14:14:24.653149,4028263.0,4028714.0,111.0864277750651,111.0904278157552,113.0520028076172,113.0560028889974
2023-07-26 14:14:24.657229,4028264.0,4028715.0,111.09077579752604,111.09477583821615,113.05635083007813,113.06035091145833
2023-07-26 14:14:24.661129,4028265.0,4028716.0,111.09512381998698,111.0991239013672,113.06069889322917,113.06469893391927
2023-07-26 14:14:24.666123,4028266.0,4028717.0,111.09947184244791,111.10347192382812,113.0650469156901,113.0690469563802
2023-07-26 14:14:24.670109,4028267.0,4028718.0,111.10381990559897,111.10781994628906,113.06939493815104,113.07339497884115
2023-07-26 14:14:24.674096,4028268.0,4028719.0,111.1081679280599,111.11216796875,113.07374291992188,113.07774291992187
2023-07-26 14:14:24.679083,4028269.0,4028720.0,111.11251595052083,111.11651599121095,113.07809065755208,113.08209069824218
2023-07-26 14:14:24.683066,4028270.0,4028721.0,111.11686397298176,111.12086401367188,113.08243868001301,113.08643876139324
2023-07-26 14:14:24.687052,4028271.0,4028722.0,111.1212117919922,111.12521179199219,113.08678670247396,113.09078678385417
2023-07-26 14:14:24.692040,4028272.0,4028723.0,111.12555969238281,111.12955977376302,113.091134765625,113.0951348063151
2023-07-26 14:14:24.696027,4028273.0,4028724.0,111.12990771484375,111.13390779622397,113.09548278808595,113.09948282877603
2023-07-26 14:14:24.701006,4028274.0,4028725.0,111.13425577799478,111.1382558186849,113.09983081054688,113.10383085123698
2023-07-26 14:14:24.704997,4028275.0,4028726.0,111.13860380045573,111.14260384114583,113.10417883300781,113.10817887369792
2023-07-26 14:14:24.708979,4028276.0,4028727.0,111.14295182291667,111.14695186360676,113.10852685546875,113.11252693684895
2023-07-26 14:14:24.714020,4028277.0,4028728.0,111.1472998453776,111.15129988606772,113.11288529459635,113.11688537597655
2023-07-26 14:14:24.718066,4028278.0,4028729.0,111.15164786783853,111.15564794921875,113.11722294108073,113.12122298177084
2023-07-26 14:14:24.722046,4028279.0,4028730.0,111.15599589029948,111.15999597167969,113.12157096354166,113.12557100423177
2023-07-26 14:14:24.727045,4028280.0,4028731.0,111.16034395345052,111.16434399414062,113.12591870117187,113.12991870117187
2023-07-26 14:14:24.731022,4028281.0,4028732.0,111.16469197591145,111.16869201660157,113.13026668294272,113.1342667236328
2023-07-26 14:14:24.734961,4028282.0,4028733.0,111.16903991699219,111.1730399169922,113.13461470540365,113.13861474609374
2023-07-26 14:14:24.739973,4028283.0,4028734.0,111.1733876953125,111.1773877360026,113.13896272786458,113.14296280924479
2023-07-26 14:14:24.743970,4028284.0,4028735.0,111.17773571777344,111.18173575846353,113.14331075032551,113.14731083170572
2023-07-26 14:14:24.747953,4028285.0,4028736.0,111.18208374023438,111.18608382161459,113.14765881347657,113.15165885416667
2023-07-26 14:14:24.752940,4028286.0,4028737.0,111.1864317626953,111.19043184407552,113.1520068359375,113.15600687662761
2023-07-26 14:14:24.756927,4028287.0,4028738.0,111.19077982584635,111.19477986653646,113.15635485839844,113.16035489908855
2023-07-26 14:14:24.761906,4028288.0,4028739.0,111.1951278483073,111.19912784830728,113.16070288085938,113.16470292154948
2023-07-26 14:14:24.765897,4028289.0,4028740.0,111.19947587076824,111.20347591145833,113.16505090332032,113.16905098470052
2023-07-26 14:14:24.769879,4028290.0,4028741.0,111.20382389322917,111.20782393391927,113.16939892578125,113.17339900716145
2023-07-26 14:14:24.774908,4028291.0,4028742.0,111.2081719156901,111.21217199707031,113.17374682617188,113.17774682617188
2023-07-26 14:14:24.778469,4028292.0,4028743.0,111.21251993815105,111.21652001953125,113.1780946858724,113.1820947265625
2023-07-26 14:14:24.783542,4028293.0,4028744.0,111.21686800130209,111.22086804199218,113.18244270833333,113.18644274902344
2023-07-26 14:14:24.787533,4028294.0,4028745.0,111.22121569824219,111.22521573893229,113.18679073079427,113.19079077148437
2023-07-26 14:14:24.791516,4028295.0,4028746.0,111.22556372070312,111.22956376139324,113.1911387532552,113.19513879394532
2023-07-26 14:14:24.796503,4028296.0,4028747.0,111.22991174316407,111.23391178385417,113.19548677571615,113.19948685709636
2023-07-26 14:14:24.800490,4028297.0,4028748.0,111.234259765625,111.2382598063151,113.19983479817708,113.20383487955729
2023-07-26 14:14:24.804472,4028298.0,4028749.0,111.23860778808594,111.24260786946616,113.20418286132814,113.20818290201822
2023-07-26 14:14:24.809460,4028299.0,4028750.0,111.24295581054687,111.24695589192709,113.20853088378907,113.21253092447917
2023-07-26 14:14:24.813447,4028300.0,4028751.0,111.24730387369792,111.25130391438802,113.21287890625,113.2168789469401
2023-07-26 14:14:24.817430,4028301.0,4028752.0,111.25165189615886,111.25565193684895,113.21722692871093,113.22122696940104
2023-07-26 14:14:24.822417,4028302.0,4028753.0,111.25601033528646,111.26001037597656,113.22157495117187,113.22557495117186
2023-07-26 14:14:24.826399,4028303.0,4028754.0,111.26034794108072,111.26434798177084,113.22592264811198,113.22992272949219
2023-07-26 14:14:24.831436,4028304.0,4028755.0,111.26469596354166,111.26869604492188,113.23027067057292,113.23428116861979
2023-07-26 14:14:24.835496,4028305.0,4028756.0,111.2690438232422,111.27304382324219,113.23461873372395,113.23861877441406
2023-07-26 14:14:24.839478,4028306.0,4028757.0,111.27339168294272,111.27739176432293,113.2389667561849,113.242966796875
2023-07-26 14:14:24.844461,4028307.0,4028758.0,111.27773974609374,111.28173978678386,113.24331477864584,113.24731481933593
2023-07-26 14:14:24.848453,4028308.0,4028759.0,111.28208776855469,111.28608780924479,113.24766280110677,113.25166284179689
2023-07-26 14:14:24.852435,4028309.0,4028760.0,111.28643579101563,111.29043583170572,113.2520108235677,113.25601090494791
2023-07-26 14:14:24.857490,4028310.0,4028761.0,111.29078381347657,111.29478385416667,113.25635884602865,113.26035892740886
2023-07-26 14:14:24.861540,4028311.0,4028762.0,111.2951318359375,111.29913191731771,113.26070690917969,113.26470694986979
2023-07-26 14:14:24.865522,4028312.0,4028763.0,111.29947985839844,111.30347993977865,113.26505493164062,113.26905497233074
2023-07-26 14:14:24.870560,4028313.0,4028764.0,111.30382792154947,111.30782796223959,113.26940295410157,113.27340299479167
2023-07-26 14:14:24.874609,4028314.0,4028765.0,111.30817594401042,111.31217598470052,113.27375073242189,113.27775073242188
2023-07-26 14:14:24.878592,4028315.0,4028766.0,111.31252396647136,111.31652400716146,113.27809867350261,113.2820987141927
2023-07-26 14:14:24.883611,4028316.0,4028767.0,111.31687194824218,111.32087194824219,113.28244669596354,113.28644677734376
2023-07-26 14:14:24.887622,4028317.0,4028768.0,111.32121968587239,111.3252197265625,113.28679471842447,113.29079479980469
2023-07-26 14:14:24.891604,4028318.0,4028769.0,111.32556770833334,111.32956778971354,113.29114278157552,113.29514282226562
2023-07-26 14:14:24.896655,4028319.0,4028770.0,111.32991573079427,111.33391581217448,113.29549080403646,113.29949084472656
2023-07-26 14:14:24.900665,4028320.0,4028771.0,111.33426379394531,111.33826383463541,113.29983882649739,113.3038388671875
2023-07-26 14:14:24.904647,4028321.0,4028772.0,111.33861181640624,111.34261185709636,113.30418684895834,113.30818688964844
2023-07-26 14:14:24.909632,4028322.0,4028773.0,111.34295983886719,111.34695987955729,113.30853487141927,113.31253495279948
2023-07-26 14:14:24.913623,4028323.0,4028774.0,111.34730786132813,111.35130790201822,113.31288289388021,113.31688297526041
2023-07-26 14:14:24.917604,4028324.0,4028775.0,111.35165588378906,111.35565596516928,113.31723095703126,113.32123099772134
2023-07-26 14:14:24.922592,4028325.0,4028776.0,111.35600390625,111.36000398763021,113.32157885742187,113.32557885742187
2023-07-26 14:14:24.926579,4028326.0,4028777.0,111.36035196940104,111.36435201009114,113.32592667643229,113.32992671712239
2023-07-26 14:14:24.930561,4028327.0,4028778.0,111.36469999186198,111.36870003255208,113.33027469889323,113.33427473958334
2023-07-26 14:14:24.935548,4028328.0,4028779.0,111.36904772949218,111.37304772949219,113.33462272135417,113.33862276204427
2023-07-26 14:14:24.939539,4028329.0,4028780.0,111.37340612792968,111.37740616861979,113.33897074381511,113.34297082519532
2023-07-26 14:14:24.944514,4028330.0,4028781.0,111.37774373372395,111.38174377441406,113.34331876627604,113.34731884765625
2023-07-26 14:14:24.948505,4028331.0,4028782.0,111.3820917561849,111.3860918375651,113.34766682942708,113.35166687011719
2023-07-26 14:14:24.952487,4028332.0,4028783.0,111.38643977864584,111.39043986002605,113.35201485188803,113.35601489257812
2023-07-26 14:14:24.957527,4028333.0,4028784.0,111.39078784179688,111.39478788248698,113.35636287434896,113.36036291503906
2023-07-26 14:14:24.961584,4028334.0,4028785.0,111.39513586425781,111.39913590494791,113.36071089680989,113.3647109375
2023-07-26 14:14:24.965507,4028335.0,4028786.0,111.39948388671876,111.40348392740886,113.36505891927082,113.36905900065103
2023-07-26 14:14:24.970497,4028336.0,4028787.0,111.40383190917969,111.40783194986979,113.36940694173178,113.37340698242187
2023-07-26 14:14:24.974481,4028337.0,4028788.0,111.40817993164062,111.41218001302083,113.37375463867187,113.3777547200521
2023-07-26 14:14:24.978468,4028338.0,4028789.0,111.41252795410156,111.41652803548178,113.37810270182291,113.38210274251303
2023-07-26 14:14:24.983464,4028339.0,4028790.0,111.41687585449219,111.42087585449218,113.38245072428386,113.38645076497396
2023-07-26 14:14:24.987449,4028340.0,4028791.0,111.4212237141927,111.42522375488281,113.3867987467448,113.39079878743489
2023-07-26 14:14:24.991432,4028341.0,4028792.0,111.42557173665365,111.42957177734375,113.39114676920573,113.39514680989582
2023-07-26 14:14:24.996419,4028342.0,4028793.0,111.42991975911458,111.43391979980468,113.39549479166666,113.39949487304688
2023-07-26 14:14:25.000402,4028343.0,4028794.0,111.43426778157553,111.43826782226562,113.3998428141276,113.40384289550782
2023-07-26 14:14:25.005384,4028344.0,4028795.0,111.43861580403646,111.44261588541666,113.40419087727864,113.40819091796875
2023-07-26 14:14:25.009489,4028345.0,4028796.0,111.44296382649739,111.44696390787762,113.40853889973958,113.41253894042968
2023-07-26 14:14:25.013423,4028346.0,4028797.0,111.44731188964843,111.45131193033855,113.41288692220051,113.41688696289063
2023-07-26 14:14:25.018401,4028347.0,4028798.0,111.45165991210938,111.45565995279948,113.41723494466146,113.42123498535156
2023-07-26 14:14:25.022393,4028348.0,4028799.0,111.45600793457031,111.46000797526041,113.42158276367186,113.42558276367187
2023-07-26 14:14:25.026374,4028349.0,4028800.0,111.46035595703125,111.46435599772136,113.4259306640625,113.4299307454427
2023-07-26 14:14:25.031362,4028350.0,4028801.0,111.46470397949219,111.46870397949219,113.43027868652344,113.43427876790365
2023-07-26 14:14:25.035349,4028351.0,4028802.0,111.46905167643229,111.4730517578125,113.43462674967448,113.43862679036458
2023-07-26 14:14:25.039331,4028352.0,4028803.0,111.47339969889323,111.47739978027343,113.43897477213541,113.44297481282553
2023-07-26 14:14:25.044319,4028353.0,4028804.0,111.47774776204427,111.48174780273438,113.44333321126302,113.44733325195313
2023-07-26 14:14:25.048305,4028354.0,4028805.0,111.4820957845052,111.48609582519532,113.4476708170573,113.4516708577474
2023-07-26 14:14:25.052288,4028355.0,4028806.0,111.48644380696614,111.49044384765625,113.45201883951823,113.45601892089844
2023-07-26 14:14:25.057275,4028356.0,4028807.0,111.4907918294271,111.49479187011718,113.45636686197916,113.46036694335938
2023-07-26 14:14:25.061263,4028357.0,4028808.0,111.49513985188803,111.49913993326824,113.4607149251302,113.4647149658203
2023-07-26 14:14:25.065255,4028358.0,4028809.0,111.49948787434896,111.50348795572917,113.46506294759115,113.46906298828124
2023-07-26 14:14:25.070243,4028359.0,4028810.0,111.5038359375,111.5078359781901,113.46941088867187,113.47341088867188
2023-07-26 14:14:25.074226,4028360.0,4028811.0,111.50818395996095,111.51218400065103,113.47375866699218,113.4777587076823
2023-07-26 14:14:25.079210,4028361.0,4028812.0,111.51253198242188,111.51653202311198,113.47810668945311,113.48210673014323
2023-07-26 14:14:25.083200,4028362.0,4028813.0,111.51687976074219,111.52087976074219,113.48245471191407,113.48645479329427
2023-07-26 14:14:25.087183,4028363.0,4028814.0,111.52122770182291,111.52522774251302,113.486802734375,113.49080281575522
2023-07-26 14:14:25.092170,4028364.0,4028815.0,111.52557572428385,111.52957580566407,113.49115079752603,113.49515083821615
2023-07-26 14:14:25.096157,4028365.0,4028816.0,111.5299237467448,111.533923828125,113.49549881998698,113.49949886067708
2023-07-26 14:14:25.100139,4028366.0,4028817.0,111.53427180989583,111.53827185058594,113.49984684244792,113.50384688313802
2023-07-26 14:14:25.105127,4028367.0,4028818.0,111.53861983235677,111.54261987304687,113.50419486490885,113.50819490559897
2023-07-26 14:14:25.109113,4028368.0,4028819.0,111.5429678548177,111.54696789550782,113.50854288736979,113.51254296875
2023-07-26 14:14:25.114093,4028369.0,4028820.0,111.54731587727865,111.55131591796875,113.51289090983072,113.51689099121094
2023-07-26 14:14:25.118083,4028370.0,4028821.0,111.55166389973958,111.55566398111979,113.51723897298176,113.52123901367187
2023-07-26 14:14:25.122065,4028371.0,4028822.0,111.55601192220051,111.56001200358074,113.52158666992187,113.52558671061198
2023-07-26 14:14:25.127055,4028372.0,4028823.0,111.56035998535155,111.56436002604167,113.5259346923828,113.52993473307292
2023-07-26 14:14:25.131043,4028373.0,4028824.0,111.5647078857422,111.56870788574219,113.53028271484375,113.53428275553385
2023-07-26 14:14:25.135022,4028374.0,4028825.0,111.5690557047526,111.5730557454427,113.5346307373047,113.53863077799478
2023-07-26 14:14:25.140010,4028375.0,4028826.0,111.57340372721355,111.57740376790365,113.53897875976563,113.54297884114582
2023-07-26 14:14:25.143997,4028376.0,4028827.0,111.57775174967448,111.58175179036458,113.54332678222656,113.54732686360677
2023-07-26 14:14:25.148975,4028377.0,4028828.0,111.58209977213541,111.58609985351562,113.5476748453776,113.55167488606772
2023-07-26 14:14:25.152966,4028378.0,4028829.0,111.58645821126302,111.59045829264322,113.55202286783855,113.55602290852865
2023-07-26 14:14:25.156953,4028379.0,4028830.0,111.5907958577474,111.59479589843751,113.55637089029949,113.56037093098958
2023-07-26 14:14:25.161932,4028380.0,4028831.0,111.59514388020833,111.59914392089844,113.56071891276042,113.56471895345052
2023-07-26 14:14:25.165918,4028381.0,4028832.0,111.59949190266927,111.60349194335937,113.56506693522135,113.56906701660157
2023-07-26 14:14:25.169905,4028382.0,4028833.0,111.60383992513022,111.6078399658203,113.56941479492187,113.57341479492187
2023-07-26 14:14:25.174893,4028383.0,4028834.0,111.60818794759115,111.61218802897136,113.5737626546224,113.5777627360026
2023-07-26 14:14:25.178875,4028384.0,4028835.0,111.61253597005208,111.6165360107422,113.57811071777344,113.58211075846353
2023-07-26 14:14:25.182862,4028385.0,4028836.0,111.61688366699218,111.62088374837239,113.58245874023437,113.58645878092449
2023-07-26 14:14:25.187849,4028386.0,4028837.0,111.62123173014324,111.62523177083332,113.5868067626953,113.59080680338542
2023-07-26 14:14:25.191832,4028387.0,4028838.0,111.62557975260417,111.62957979329427,113.59115478515625,113.59515482584635
2023-07-26 14:14:25.195823,4028388.0,4028839.0,111.6299277750651,111.63392781575521,113.5955028076172,113.5995028889974
2023-07-26 14:14:25.200802,4028389.0,4028840.0,111.63427579752603,111.63827583821615,113.59985083007813,113.60385091145834
2023-07-26 14:14:25.204793,4028390.0,4028841.0,111.63862381998698,111.64262390136719,113.60419889322917,113.60819893391927
2023-07-26 14:14:25.209776,4028391.0,4028842.0,111.64297184244792,111.64697192382812,113.60854691569011,113.6125469563802
2023-07-26 14:14:25.213763,4028392.0,4028843.0,111.64731990559896,111.65131994628906,113.61289493815104,113.61689497884115
2023-07-26 14:14:25.217745,4028393.0,4028844.0,111.6516679280599,111.65566796875,113.61724291992188,113.62124291992188
2023-07-26 14:14:25.222733,4028394.0,4028845.0,111.65601595052084,111.66001599121094,113.62159065755208,113.62559069824219
2023-07-26 14:14:25.226715,4028395.0,4028846.0,111.66036397298177,111.66436401367187,113.62593868001301,113.62993876139323
2023-07-26 14:14:25.230701,4028396.0,4028847.0,111.66471179199219,111.6687117919922,113.63028670247397,113.63428678385417
2023-07-26 14:14:25.235689,4028397.0,4028848.0,111.6690596923828,111.67305977376303,113.634634765625,113.63863480631511
2023-07-26 14:14:25.239671,4028398.0,4028849.0,111.67340771484375,111.67740779622396,113.63898278808594,113.64298282877604
2023-07-26 14:14:25.243663,4028399.0,4028850.0,111.67775577799479,111.68175581868489,113.64333081054687,113.64733085123697
2023-07-26 14:14:25.248641,4028400.0,4028851.0,111.68210380045574,111.68610384114584,113.64767883300782,113.65167887369792
2023-07-26 14:14:25.252628,4028401.0,4028852.0,111.68645182291667,111.69045186360677,113.65202685546875,113.65602693684896
2023-07-26 14:14:25.257611,4028402.0,4028853.0,111.69079988606771,111.69479988606771,113.65638529459635,113.66038537597656
2023-07-26 14:14:25.261603,4028403.0,4028854.0,111.69514786783854,111.69914794921874,113.66072294108072,113.66472298177084
2023-07-26 14:14:25.265585,4028404.0,4028855.0,111.69949589029949,111.70349597167969,113.66507096354167,113.66907100423177
2023-07-26 14:14:25.270573,4028405.0,4028856.0,111.70384395345052,111.70784399414063,113.66941870117188,113.67341870117187
2023-07-26 14:14:25.274559,4028406.0,4028857.0,111.70819197591145,111.71219201660156,113.67376668294271,113.67776672363281
2023-07-26 14:14:25.278541,4028407.0,4028858.0,111.7125399169922,111.71653991699219,113.67811470540364,113.68211474609375
2023-07-26 14:14:25.283531,4028408.0,4028859.0,111.71688769531251,111.72088773600261,113.68246272786457,113.68646280924479
2023-07-26 14:14:25.287515,4028409.0,4028860.0,111.72123571777344,111.72523575846354,113.68681075032552,113.69081083170572
2023-07-26 14:14:25.291503,4028410.0,4028861.0,111.72558374023437,111.72958382161458,113.69115881347656,113.69515885416668
2023-07-26 14:14:25.296481,4028411.0,4028862.0,111.72993176269532,111.73393184407551,113.6955068359375,113.69950687662761
2023-07-26 14:14:25.300472,4028412.0,4028863.0,111.73427982584636,111.73827986653646,113.69985485839844,113.70385489908854
2023-07-26 14:14:25.305451,4028413.0,4028864.0,111.73862784830729,111.7426278889974,113.70420288085938,113.70820292154947
2023-07-26 14:14:25.309439,4028414.0,4028865.0,111.74297587076823,111.74697591145834,113.70855090332032,113.71255098470053
2023-07-26 14:14:25.313429,4028415.0,4028866.0,111.74732389322917,111.75132393391927,113.71289892578125,113.71689900716146
2023-07-26 14:14:25.318408,4028416.0,4028867.0,111.75167191569011,111.75567199707031,113.71724682617187,113.72124682617188
2023-07-26 14:14:25.322399,4028417.0,4028868.0,111.75601993815104,111.76002001953125,113.7215946858724,113.72559472656249
2023-07-26 14:14:25.326381,4028418.0,4028869.0,111.76036800130208,111.76436804199218,113.72594270833333,113.72994274902345
2023-07-26 14:14:25.331364,4028419.0,4028870.0,111.76471569824218,111.76871573893229,113.73029073079427,113.73429077148438
2023-07-26 14:14:25.335356,4028420.0,4028871.0,111.76906372070313,111.77306376139323,113.7346387532552,113.73863879394531
2023-07-26 14:14:25.339343,4028421.0,4028872.0,111.77341174316406,111.77741178385418,113.73898677571614,113.74298685709635
2023-07-26 14:14:25.344324,4028422.0,4028873.0,111.77775976562499,111.78175980631511,113.74333479817709,113.74733487955729
2023-07-26 14:14:25.348312,4028423.0,4028874.0,111.78210778808594,111.78610786946615,113.74768286132813,113.75168290201823
2023-07-26 14:14:25.353291,4028424.0,4028875.0,111.78645581054688,111.79045589192708,113.75203088378906,113.75603092447916
2023-07-26 14:14:25.357282,4028425.0,4028876.0,111.79080387369793,111.79480391438801,113.75637890625,113.7603789469401
2023-07-26 14:14:25.361268,4028426.0,4028877.0,111.79515189615886,111.79915193684896,113.76072692871094,113.76472696940104
2023-07-26 14:14:25.366252,4028427.0,4028878.0,111.79951033528646,111.80351037597656,113.76507495117187,113.76907495117187
2023-07-26 14:14:25.370238,4028428.0,4028879.0,111.80384794108072,111.80784798177083,113.76942264811197,113.77342272949218
2023-07-26 14:14:25.374225,4028429.0,4028880.0,111.80819596354166,111.81219604492188,113.77377067057293,113.77778116861978
2023-07-26 14:14:25.379208,4028430.0,4028881.0,111.8125438232422,111.8165438232422,113.77811873372396,113.78211877441406
2023-07-26 14:14:25.383195,4028431.0,4028882.0,111.81689168294271,111.82089176432292,113.7824667561849,113.786466796875
2023-07-26 14:14:25.387182,4028432.0,4028883.0,111.82123974609374,111.82523978678385,113.78681477864583,113.79081481933594
2023-07-26 14:14:25.392165,4028433.0,4028884.0,111.8255877685547,111.82958780924479,113.79116280110676,113.79516284179688
2023-07-26 14:14:25.396151,4028434.0,4028885.0,111.82993579101563,111.83393583170573,113.79551082356771,113.79951090494791
2023-07-26 14:14:25.400138,4028435.0,4028886.0,111.83428381347656,111.83828385416668,113.79985884602866,113.80385892740885
2023-07-26 14:14:25.405122,4028436.0,4028887.0,111.83863183593749,111.8426319173177,113.80420690917968,113.8082069498698
2023-07-26 14:14:25.409104,4028437.0,4028888.0,111.84297985839845,111.84697993977865,113.80855493164061,113.81255497233073
2023-07-26 14:14:25.413095,4028438.0,4028889.0,111.84732792154948,111.85132796223958,113.81290295410157,113.81690299479166
2023-07-26 14:14:25.418078,4028439.0,4028890.0,111.85167594401041,111.85567598470053,113.81725073242188,113.82125073242189
2023-07-26 14:14:25.422060,4028440.0,4028891.0,111.85602396647135,111.86002400716146,113.8215986735026,113.82559871419271
2023-07-26 14:14:25.427043,4028441.0,4028892.0,111.86037194824218,111.86437194824218,113.82594669596354,113.82994677734375
2023-07-26 14:14:25.431035,4028442.0,4028893.0,111.8647196858724,111.86871972656249,113.83029471842448,113.83429479980468
2023-07-26 14:14:25.435017,4028443.0,4028894.0,111.86906770833333,111.87306778971355,113.83464278157552,113.83864282226561
2023-07-26 14:14:25.440005,4028444.0,4028895.0,111.87341573079426,111.87741581217448,113.83899080403646,113.84299084472657
2023-07-26 14:14:25.443991,4028445.0,4028896.0,111.87776379394532,111.88176383463541,113.84333882649739,113.8473388671875
2023-07-26 14:14:25.447973,4028446.0,4028897.0,111.88211181640625,111.88611185709635,113.84768684895833,113.85168688964843
2023-07-26 14:14:25.452962,4028447.0,4028898.0,111.88645983886718,111.8904598795573,113.85203487141928,113.85603495279948
2023-07-26 14:14:25.456943,4028448.0,4028899.0,111.89080786132813,111.89480790201823,113.85638289388021,113.86038297526042
2023-07-26 14:14:25.461927,4028449.0,4028900.0,111.89515588378906,111.89915596516927,113.86073095703125,113.86473099772135
2023-07-26 14:14:25.465918,4028450.0,4028901.0,111.89950390625,111.9035039876302,113.86507885742186,113.86907885742187
2023-07-26 14:14:25.469900,4028451.0,4028902.0,111.90385196940105,111.90785201009113,113.8694266764323,113.87342671712238
2023-07-26 14:14:25.474885,4028452.0,4028903.0,111.90819999186198,111.9122000325521,113.87377469889323,113.87777473958334
2023-07-26 14:14:25.478875,4028453.0,4028904.0,111.91254772949218,111.91654772949218,113.87812272135416,113.88212276204428
2023-07-26 14:14:25.483853,4028454.0,4028905.0,111.91690612792969,111.92090616861978,113.8824707438151,113.88647082519532
2023-07-26 14:14:25.487844,4028455.0,4028906.0,111.92124373372395,111.92524377441406,113.88681876627605,113.89081884765625
2023-07-26 14:14:25.491831,4028456.0,4028907.0,111.9255917561849,111.92959183756511,113.89116682942709,113.89516687011718
2023-07-26 14:14:25.495818,4028457.0,4028908.0,111.92993977864583,111.93393986002604,113.89551485188802,113.89951489257813
2023-07-26 14:14:25.500801,4028458.0,4028909.0,111.93428784179689,111.93828788248697,113.89986287434895,113.90386291503907
2023-07-26 14:14:25.504788,4028459.0,4028910.0,111.93863586425782,111.94263590494792,113.90421089680989,113.9082109375
2023-07-26 14:14:25.509767,4028460.0,4028911.0,111.94298388671875,111.94698392740887,113.90855891927083,113.91255900065103
2023-07-26 14:14:25.513758,4028461.0,4028912.0,111.94733190917968,111.9513319498698,113.91290694173178,113.91690698242188
2023-07-26 14:14:25.517744,4028462.0,4028913.0,111.95167993164063,111.95568001302082,113.91725463867186,113.92125472005209
2023-07-26 14:14:25.522728,4028463.0,4028914.0,111.95602795410157,111.96002803548177,113.9216027018229,113.92560274251302
2023-07-26 14:14:25.526714,4028464.0,4028915.0,111.96037585449218,111.96437585449219,113.92595072428387,113.92995076497395
2023-07-26 14:14:25.531692,4028465.0,4028916.0,111.9647237141927,111.96872375488282,113.9302987467448,113.9342987874349
2023-07-26 14:14:25.535684,4028466.0,4028917.0,111.96907173665365,111.97307177734375,113.93464676920573,113.93864680989583
2023-07-26 14:14:25.539671,4028467.0,4028918.0,111.97341975911459,111.97741979980468,113.93899479166666,113.94299487304687
2023-07-26 14:14:25.544650,4028468.0,4028919.0,111.97776778157552,111.98176782226562,113.9433428141276,113.94734289550782
2023-07-26 14:14:25.552627,4028469.0,4028920.0,111.98211580403645,111.98611588541667,113.94769087727865,113.95169091796876
2023-07-26 14:14:25.557607,4028471.0,4028922.0,111.99081188964844,111.99481193033854,113.95638692220051,113.96038696289062
2023-07-26 14:14:25.561597,4028472.0,4028923.0,111.99515991210937,111.99915995279949,113.96073494466145,113.96473498535155
2023-07-26 14:14:25.566585,4028473.0,4028924.0,111.9995079345703,112.00350797526042,113.96508276367187,113.96908276367186
2023-07-26 14:14:25.574554,4028474.0,4028925.0,112.00385595703125,112.00785599772135,113.9694306640625,113.97343074544271
2023-07-26 14:14:25.578540,4028476.0,4028927.0,112.0125516764323,112.0165517578125,113.97812674967449,113.98212679036457
2023-07-26 14:14:25.583524,4028477.0,4028928.0,112.01689969889323,112.02089978027344,113.98247477213542,113.98647481282552
2023-07-26 14:14:25.587510,4028478.0,4028929.0,112.02124776204427,112.02524780273438,113.98683321126302,113.99083325195313
2023-07-26 14:14:25.596480,4028479.0,4028930.0,112.0255957845052,112.02959582519532,113.9911708170573,113.9951708577474
2023-07-26 14:14:25.600463,4028481.0,4028932.0,112.03429182942709,112.03829187011719,113.99986686197917,114.00386694335937
2023-07-26 14:14:25.605447,4028482.0,4028933.0,112.03863985188802,112.04263993326823,114.00421492513021,114.00821496582032
2023-07-26 14:14:25.613419,4028483.0,4028934.0,112.04298787434895,112.04698795572916,114.00856294759114,114.01256298828125
2023-07-26 14:14:25.618407,4028485.0,4028936.0,112.05168395996094,112.05568400065104,114.01725866699219,114.02125870768229
2023-07-26 14:14:25.626380,4028486.0,4028937.0,112.05603198242187,112.06003202311199,114.02160668945312,114.02560673014322
2023-07-26 14:14:25.631363,4028488.0,4028939.0,112.06472770182292,112.06872774251302,114.030302734375,114.03430281575521
2023-07-26 14:14:25.639337,4028489.0,4028940.0,112.06907572428386,112.07307580566406,114.03465079752604,114.03865083821614
2023-07-26 14:14:25.644320,4028491.0,4028942.0,112.07777180989582,112.08177185058594,114.04334684244792,114.04734688313803
2023-07-26 14:14:25.653287,4028492.0,4028943.0,112.08211983235677,112.08611987304687,114.04769486490885,114.05169490559896
2023-07-26 14:14:25.657277,4028494.0,4028945.0,112.09081587727864,112.09481591796876,114.05639090983072,114.06039099121094
2023-07-26 14:14:25.666247,4028495.0,4028946.0,112.09516389973957,112.09916398111979,114.06073897298177,114.06473901367188
2023-07-26 14:14:25.670233,4028497.0,4028948.0,112.10385998535156,112.10786002604166,114.0694346923828,114.07343473307292
2023-07-26 14:14:25.679202,4028498.0,4028949.0,112.10820788574219,112.1122078857422,114.07378271484376,114.07778275553385
2023-07-26 14:14:25.683190,4028500.0,4028951.0,112.11690372721354,112.12090376790364,114.08247875976562,114.08647884114583
2023-07-26 14:14:25.692160,4028501.0,4028952.0,112.12125174967449,112.12525179036457,114.08682678222655,114.09082686360676
2023-07-26 14:14:25.696142,4028503.0,4028954.0,112.12995821126302,112.13395829264323,114.09552286783854,114.09952290852866
2023-07-26 14:14:25.705116,4028504.0,4028955.0,112.13429585774739,112.1382958984375,114.09987089029948,114.10387093098959
2023-07-26 14:14:25.709099,4028506.0,4028957.0,112.14299190266928,112.14699194335937,114.10856693522136,114.11256701660156
2023-07-26 14:14:25.718073,4028507.0,4028958.0,112.14733992513021,112.15133996582031,114.11291479492188,114.11691479492187
2023-07-26 14:14:25.722059,4028509.0,4028960.0,112.15603597005209,112.16003601074219,114.12161071777344,114.12561075846354
2023-07-26 14:14:25.731030,4028510.0,4028961.0,112.16038366699219,112.1643837483724,114.12595874023437,114.12995878092448
2023-07-26 14:14:25.740000,4028512.0,4028963.0,112.16907975260416,112.17307979329428,114.13465478515624,114.13865482584636
2023-07-26 14:14:25.747973,4028514.0,4028965.0,112.17777579752604,112.18177583821614,114.14335083007812,114.14735091145833
2023-07-26 14:14:25.756938,4028516.0,4028967.0,112.18647184244792,112.19047192382813,114.15204691569011,114.15604695638021
2023-07-26 14:14:25.765913,4028518.0,4028969.0,112.1951679280599,112.19916796874999,114.16074291992187,114.16474291992188
2023-07-26 14:14:25.774883,4028520.0,4028971.0,112.20386397298176,112.20786401367188,114.16943868001302,114.17343876139323
2023-07-26 14:14:25.782856,4028522.0,4028973.0,112.21255969238281,112.21655977376302,114.17813476562499,114.1821348063151
2023-07-26 14:14:25.791822,4028524.0,4028975.0,112.22125577799478,112.2252558186849,114.18683081054688,114.19083085123697
2023-07-26 14:14:25.800796,4028526.0,4028977.0,112.22995182291668,112.23395186360676,114.19552685546874,114.19952693684895
2023-07-26 14:14:25.809767,4028528.0,4028979.0,112.23864786783854,112.24264794921875,114.20422294108073,114.20822298177083
2023-07-26 14:14:25.817740,4028530.0,4028981.0,112.24734395345051,112.25134399414063,114.21291870117187,114.21691870117188
2023-07-26 14:14:25.826709,4028532.0,4028983.0,112.2560399169922,112.2600399169922,114.22161470540365,114.22561474609374
2023-07-26 14:14:25.835679,4028534.0,4028985.0,112.26473571777343,112.26873575846354,114.23031075032551,114.23431083170573
2023-07-26 14:14:25.844649,4028536.0,4028987.0,112.27343176269531,112.27743184407552,114.2390068359375,114.2430068766276
2023-07-26 14:14:25.852622,4028538.0,4028989.0,112.28212784830728,112.2861278889974,114.24770288085938,114.25170292154948
2023-07-26 14:14:25.861592,4028540.0,4028991.0,112.29082389322917,112.29482393391926,114.25639892578126,114.26039900716145
2023-07-26 14:14:25.870562,4028542.0,4028993.0,112.29951993815104,112.30352001953125,114.2650946858724,114.2690947265625
2023-07-26 14:14:25.878535,4028544.0,4028995.0,112.3082156982422,112.31221573893228,114.27379073079427,114.27779077148438
2023-07-26 14:14:25.887506,4028546.0,4028997.0,112.31691174316406,112.32091178385417,114.28248677571615,114.28648685709636
2023-07-26 14:14:25.896476,4028548.0,4028999.0,112.32560778808595,112.32960786946614,114.29118286132812,114.29518290201823
2023-07-26 14:14:25.905445,4028550.0,4029001.0,112.33430387369792,112.33830391438802,114.29987890625,114.3038789469401
2023-07-26 14:14:25.913418,4028552.0,4029003.0,112.34301033528646,112.34701037597655,114.30857495117186,114.31257495117187
2023-07-26 14:14:25.922389,4028554.0,4029005.0,112.35169596354166,112.35569604492188,114.31727067057292,114.32128116861979
2023-07-26 14:14:25.931359,4028556.0,4029007.0,112.36039168294272,112.36439176432292,114.3259667561849,114.329966796875
2023-07-26 14:14:25.940328,4028558.0,4029009.0,112.36908776855469,112.3730878092448,114.33466280110677,114.33866284179688
2023-07-26 14:14:25.948302,4028560.0,4029011.0,112.37778381347657,112.38178385416667,114.34335884602865,114.34735892740886
2023-07-26 14:14:25.957272,4028562.0,4029013.0,112.38647985839845,112.39047993977866,114.35205493164062,114.35605497233072
2023-07-26 14:14:25.966242,4028564.0,4029015.0,112.3951759440104,112.39917598470052,114.36075073242188,114.36475073242188
2023-07-26 14:14:25.974215,4028566.0,4029017.0,112.40387194824218,112.40787194824217,114.36944669596355,114.37344677734374
2023-07-26 14:14:25.983185,4028568.0,4029019.0,112.41256770833333,112.41656778971354,114.37814278157552,114.38214282226562
2023-07-26 14:14:25.992155,4028570.0,4029021.0,112.42126379394531,112.42526383463542,114.3868388264974,114.3908388671875
2023-07-26 14:14:26.001125,4028572.0,4029023.0,112.42995983886718,112.43395987955729,114.39553487141927,114.39953495279948
2023-07-26 14:14:26.009098,4028574.0,4029025.0,112.43865588378907,112.44265596516928,114.40423095703125,114.40823099772135
2023-07-26 14:14:26.018068,4028576.0,4029027.0,112.44735196940104,112.45135201009114,114.41292667643229,114.4169267171224
2023-07-26 14:14:26.027039,4028578.0,4029029.0,112.45604772949218,112.46004772949217,114.42162272135415,114.42562276204427
2023-07-26 14:14:26.035007,4028580.0,4029031.0,112.46474373372395,112.46874377441407,114.43031876627605,114.43431884765626
2023-07-26 14:14:26.043977,4028582.0,4029033.0,112.47343977864584,112.47743986002604,114.43901485188802,114.44301489257812
2023-07-26 14:14:26.052951,4028584.0,4029035.0,112.48213586425781,112.48613590494791,114.4477108968099,114.45171093750001
2023-07-26 14:14:26.061921,4028586.0,4029037.0,112.49083190917969,112.49483194986979,114.45640694173177,114.46040698242187
2023-07-26 14:14:26.069894,4028588.0,4029039.0,112.49952795410157,112.50352803548178,114.46510270182291,114.46910274251302
2023-07-26 14:14:26.078864,4028590.0,4029041.0,112.50822371419271,112.51222375488281,114.47379874674479,114.47779878743489
2023-07-26 14:14:26.087835,4028592.0,4029043.0,112.51691975911459,112.52091979980469,114.48249479166667,114.48649487304687
2023-07-26 14:14:26.096804,4028594.0,4029045.0,112.52561580403645,112.52961588541666,114.49119087727864,114.49519091796876
2023-07-26 14:14:26.104777,4028596.0,4029047.0,112.53431188964844,112.53831193033855,114.49988692220052,114.50388696289062
2023-07-26 14:14:26.113748,4028598.0,4029049.0,112.54300793457031,112.54700797526041,114.50858276367187,114.51258276367187
2023-07-26 14:14:26.122717,4028600.0,4029051.0,112.55170397949219,112.5557039794922,114.51727868652344,114.52127876790364
2023-07-26 14:14:26.130691,4028602.0,4029053.0,112.56039969889322,112.56439978027343,114.52597477213541,114.52997481282553
2023-07-26 14:14:26.139661,4028604.0,4029055.0,112.56909578450521,112.57309582519531,114.5346708170573,114.53867085774739
2023-07-26 14:14:26.148631,4028606.0,4029057.0,112.57779182942708,112.58179187011719,114.54336686197917,114.54736694335938
2023-07-26 14:14:26.157601,4028608.0,4029059.0,112.58648787434896,112.59048795572916,114.55206294759115,114.55606298828124
2023-07-26 14:14:26.165574,4028610.0,4029061.0,112.59518395996093,112.59918400065104,114.56075866699219,114.5647587076823
2023-07-26 14:14:26.174544,4028612.0,4029063.0,112.60387976074219,112.6078797607422,114.56945471191406,114.57345479329427
2023-07-26 14:14:26.183514,4028614.0,4029065.0,112.61257572428386,112.61657580566407,114.57815079752604,114.58215083821615
2023-07-26 14:14:26.192484,4028616.0,4029067.0,112.62127180989583,112.62527185058593,114.58684684244791,114.59084688313803
2023-07-26 14:14:26.200457,4028618.0,4029069.0,112.6299678548177,112.63396789550782,114.59554288736979,114.59954296875
2023-07-26 14:14:26.209427,4028620.0,4029071.0,112.63866389973958,112.64266398111978,114.60423897298176,114.60823901367188
2023-07-26 14:14:26.218397,4028622.0,4029073.0,112.64735998535156,112.65136002604167,114.61293469238281,114.61693473307291
2023-07-26 14:14:26.226370,4028624.0,4029075.0,112.6560557047526,112.6600557454427,114.62163073730468,114.62563077799479
2023-07-26 14:14:26.235340,4028626.0,4029077.0,112.66475174967448,112.66875179036458,114.63032678222656,114.63432686360676
2023-07-26 14:14:26.244310,4028628.0,4029079.0,112.67345821126301,112.67745829264322,114.63902286783853,114.64302290852865
2023-07-26 14:14:26.253280,4028630.0,4029081.0,112.68214388020833,112.68614392089845,114.64771891276042,114.65171895345051
2023-07-26 14:14:26.261253,4028632.0,4029083.0,112.6908399251302,112.69483996582031,114.65641479492187,114.66041479492188
2023-07-26 14:14:26.270223,4028634.0,4029085.0,112.69953597005208,112.7035360107422,114.66511071777344,114.66911075846353
2023-07-26 14:14:26.279194,4028636.0,4029087.0,112.70823173014323,112.71223177083333,114.6738067626953,114.67780680338542
2023-07-26 14:14:26.288163,4028638.0,4029089.0,112.7169277750651,112.72092781575522,114.6825028076172,114.6865028889974
2023-07-26 14:14:26.296136,4028640.0,4029091.0,112.72562381998698,112.72962390136719,114.69119889322917,114.69519893391927
2023-07-26 14:14:26.305106,4028642.0,4029093.0,112.73431990559897,112.73831994628905,114.69989493815105,114.70389497884115
2023-07-26 14:14:26.314076,4028644.0,4029095.0,112.74301595052083,112.74701599121094,114.70859065755208,114.7125906982422
2023-07-26 14:14:26.322050,4028646.0,4029097.0,112.7517117919922,112.75571179199218,114.71728670247397,114.72128678385417
2023-07-26 14:14:26.331015,4028648.0,4029099.0,112.76040771484375,112.76440779622396,114.72598278808594,114.72998282877604
2023-07-26 14:14:26.339990,4028650.0,4029101.0,112.76910380045574,112.77310384114583,114.7346788330078,114.73867887369792
2023-07-26 14:14:26.348960,4028652.0,4029103.0,112.7777998453776,112.78179988606772,114.74338529459635,114.74738537597656
2023-07-26 14:14:26.356928,4028654.0,4029105.0,112.78649589029949,112.79049597167969,114.75207096354166,114.75607100423177
2023-07-26 14:14:26.365903,4028656.0,4029107.0,112.79519197591145,112.79919201660157,114.76076668294272,114.76476672363282
2023-07-26 14:14:26.374873,4028658.0,4029109.0,112.80388769531251,112.8078877360026,114.76946272786458,114.77346280924479
2023-07-26 14:14:26.383843,4028660.0,4029111.0,112.81258374023437,112.81658382161459,114.77815881347657,114.78215885416667
2023-07-26 14:14:26.391816,4028662.0,4029113.0,112.82127982584636,112.82527986653646,114.78685485839844,114.79085489908854
2023-07-26 14:14:26.400786,4028664.0,4029115.0,112.82997587076824,112.83397591145834,114.79555090332032,114.79955098470052
2023-07-26 14:14:26.409756,4028666.0,4029117.0,112.8386719156901,112.84267199707031,114.80424682617188,114.80824682617188
2023-07-26 14:14:26.417729,4028668.0,4029119.0,112.84736800130209,112.85136804199217,114.81294270833334,114.81694274902344
2023-07-26 14:14:26.426699,4028670.0,4029121.0,112.85606372070312,112.86006376139323,114.8216387532552,114.82563879394532
2023-07-26 14:14:26.435669,4028672.0,4029123.0,112.864759765625,112.86875980631511,114.83033479817709,114.83433487955729
2023-07-26 14:14:26.444639,4028674.0,4029125.0,112.87345581054687,112.87745589192708,114.83903088378906,114.84303092447917
2023-07-26 14:14:26.452613,4028676.0,4029127.0,112.88215189615886,112.88615193684896,114.84772692871093,114.85172696940104
2023-07-26 14:14:26.461582,4028678.0,4029129.0,112.89084794108072,112.89484798177084,114.85642264811197,114.86042272949219
2023-07-26 14:14:26.470553,4028680.0,4029131.0,112.8995438232422,112.90354382324219,114.86511873372395,114.86911877441406
2023-07-26 14:14:26.478526,4028682.0,4029133.0,112.90823974609374,112.91223978678386,114.87381477864584,114.87781481933594
2023-07-26 14:14:26.487495,4028684.0,4029135.0,112.91693579101563,112.92093583170572,114.8825108235677,114.88651090494791
2023-07-26 14:14:26.496466,4028686.0,4029137.0,112.9256318359375,112.9296319173177,114.89120690917969,114.89520694986979
2023-07-26 14:14:26.505435,4028688.0,4029139.0,112.93432792154948,112.93832796223958,114.89990295410156,114.90390299479166
2023-07-26 14:14:26.513408,4028690.0,4029141.0,112.94302396647136,112.94702400716146,114.90859867350261,114.9125987141927
2023-07-26 14:14:26.522378,4028692.0,4029143.0,112.9517196858724,112.95571972656249,114.91729471842447,114.92129479980468
2023-07-26 14:14:26.531348,4028694.0,4029145.0,112.96041573079427,112.96441581217448,114.92599080403646,114.92999084472656
2023-07-26 14:14:26.540318,4028696.0,4029147.0,112.96911181640624,112.97311185709636,114.93468684895834,114.93868688964844
2023-07-26 14:14:26.548292,4028698.0,4029149.0,112.97780786132813,112.98180790201823,114.94338289388021,114.94738297526041
2023-07-26 14:14:26.557262,4028700.0,4029151.0,112.98650390625001,112.9905039876302,114.95207885742187,114.95607885742187
2023-07-26 14:14:26.566232,4028702.0,4029153.0,112.99519999186198,112.9992000325521,114.96077469889323,114.96477473958333
2023-07-26 14:14:26.574205,4028704.0,4029155.0,113.00390612792968,113.00790616861978,114.96947074381511,114.97347082519532
2023-07-26 14:14:26.583175,4028706.0,4029157.0,113.0125917561849,113.0165918375651,114.9781668294271,114.98216687011718
2023-07-26 14:14:26.592145,4028708.0,4029159.0,113.02128784179688,113.02528788248698,114.98686287434896,114.99086291503907
2023-07-26 14:14:26.601115,4028710.0,4029161.0,113.02998388671875,113.03398392740885,114.99555891927083,114.99955900065103
2023-07-26 14:14:26.609088,4028712.0,4029163.0,113.03867993164062,113.04268001302083,115.00425463867187,115.0082547200521
2023-07-26 14:14:26.618058,4028714.0,4029165.0,113.04737585449219,113.05137585449218,115.01295072428385,115.01695076497396
2023-07-26 14:14:26.627028,4028716.0,4029167.0,113.05607173665365,113.06007177734375,115.02164676920573,115.02564680989583
2023-07-26 14:14:26.635998,4028718.0,4029169.0,113.06476778157553,113.06876782226561,115.0303428141276,115.03434289550782
2023-07-26 14:14:26.643971,4028720.0,4029171.0,113.07346382649739,113.07746390787761,115.03903889973958,115.0430389404297
2023-07-26 14:14:26.652941,4028722.0,4029173.0,113.08215991210938,113.08615995279948,115.04773494466146,115.05173498535156
2023-07-26 14:14:26.661912,4028724.0,4029175.0,113.09085595703125,113.09485599772135,115.0564306640625,115.0604307454427
2023-07-26 14:14:26.669885,4028726.0,4029177.0,113.0995516764323,113.1035517578125,115.06512674967448,115.06912679036458
2023-07-26 14:14:26.678855,4028728.0,4029179.0,113.10824776204427,113.11224780273439,115.07383321126302,115.07783325195312
2023-07-26 14:14:26.687824,4028730.0,4029181.0,113.11694380696613,113.12094384765625,115.08251883951823,115.08651892089844
2023-07-26 14:14:26.696794,4028732.0,4029183.0,113.12563985188802,113.12963993326824,115.09121492513022,115.0952149658203
2023-07-26 14:14:26.704767,4028734.0,4029185.0,113.1343359375,113.1383359781901,115.09991088867187,115.10391088867188
2023-07-26 14:14:26.713737,4028736.0,4029187.0,113.14303198242187,113.14703202311199,115.10860668945313,115.11260673014323
2023-07-26 14:14:26.722707,4028738.0,4029189.0,113.1517277018229,113.15572774251302,115.117302734375,115.12130281575521
2023-07-26 14:14:26.731678,4028740.0,4029191.0,113.1604237467448,113.16442382812501,115.12599881998698,115.12999886067708
2023-07-26 14:14:26.739651,4028742.0,4029193.0,113.16911983235677,113.17311987304687,115.13469486490885,115.13869490559897
2023-07-26 14:14:26.748621,4028744.0,4029195.0,113.17781587727865,113.18181591796875,115.14339090983073,115.14739099121094
2023-07-26 14:14:26.757591,4028746.0,4029197.0,113.18651192220051,113.19051200358074,115.15208666992187,115.15608671061199
2023-07-26 14:14:26.765565,4028748.0,4029199.0,113.19520788574219,113.19920788574218,115.16078271484375,115.16478275553385
2023-07-26 14:14:26.774534,4028750.0,4029201.0,113.20390372721354,113.20790376790364,115.16947875976562,115.17347884114582
2023-07-26 14:14:26.783504,4028752.0,4029203.0,113.21259977213542,113.21659985351562,115.1781748453776,115.18217488606771
2023-07-26 14:14:26.792475,4028754.0,4029205.0,113.22129585774739,113.22529589843751,115.18687089029949,115.19087093098958
2023-07-26 14:14:26.800443,4028756.0,4029207.0,113.22999190266928,113.23399194335937,115.19556693522135,115.19956701660156
2023-07-26 14:14:26.809417,4028758.0,4029209.0,113.23868794759115,113.24268802897136,115.2042626546224,115.20826273600261
2023-07-26 14:14:26.818387,4028760.0,4029211.0,113.24738366699219,113.25138374837239,115.21295874023437,115.21695878092449
2023-07-26 14:14:26.826362,4028762.0,4029213.0,113.25607975260417,113.26007979329428,115.22165478515625,115.22565482584635
2023-07-26 14:14:26.835326,4028764.0,4029215.0,113.26477579752604,113.26877583821614,115.23035083007812,115.23435091145834
2023-07-26 14:14:26.844300,4028766.0,4029217.0,113.27347184244792,113.27747192382813,115.23904691569011,115.2430469563802
2023-07-26 14:14:26.853270,4028768.0,4029219.0,113.28216792805989,113.28616796875,115.24774291992188,115.25174291992188
2023-07-26 14:14:26.861239,4028770.0,4029221.0,113.29086397298177,113.29486401367187,115.25643868001302,115.26043876139323
2023-07-26 14:14:26.870213,4028772.0,4029223.0,113.2995596923828,113.30355977376303,115.26513476562499,115.26913480631511
2023-07-26 14:14:26.879183,4028774.0,4029225.0,113.30825577799479,113.3122558186849,115.27383081054688,115.27783085123697
2023-07-26 14:14:26.888152,4028776.0,4029227.0,113.31695182291666,113.32095186360677,115.28252685546875,115.28652693684896
2023-07-26 14:14:26.896122,4028778.0,4029229.0,113.32564786783854,113.32964794921874,115.29122294108072,115.29522298177083
2023-07-26 14:14:26.905096,4028780.0,4029231.0,113.33434395345051,113.33834399414063,115.29991870117188,115.30391870117188
2023-07-26 14:14:26.914066,4028782.0,4029233.0,113.3430399169922,113.34703991699219,115.30861470540364,115.31261474609374
2023-07-26 14:14:26.922036,4028784.0,4029235.0,113.35173571777344,113.35573575846354,115.31731075032552,115.32131083170573
2023-07-26 14:14:26.931010,4028786.0,4029237.0,113.36043176269531,113.36443184407551,115.32600683593749,115.3300068766276
2023-07-26 14:14:26.939980,4028788.0,4029239.0,113.36912784830729,113.3731278889974,115.33470288085938,115.33870292154947
2023-07-26 14:14:26.948950,4028790.0,4029241.0,113.37782389322918,113.38182393391926,115.34339892578124,115.34739900716146
2023-07-26 14:14:26.956919,4028792.0,4029243.0,113.38651993815104,113.39052001953125,115.3520946858724,115.35609472656249
2023-07-26 14:14:26.965893,4028794.0,4029245.0,113.39521569824218,113.39921573893228,115.36079073079426,115.36479077148438
2023-07-26 14:14:26.974863,4028796.0,4029247.0,113.40391174316406,113.40791178385417,115.36948677571615,115.37348685709635
2023-07-26 14:14:26.983828,4028798.0,4029249.0,113.41260778808594,113.41660786946615,115.37818286132813,115.38218290201823
2023-07-26 14:14:26.991801,4028800.0,4029251.0,113.42130387369792,113.42530391438802,115.38687890625,115.39087894694009
2023-07-26 14:14:27.000776,4028802.0,4029253.0,113.43001033528647,113.43401037597656,115.39557495117187,115.39957495117187
2023-07-26 14:14:27.009746,4028804.0,4029255.0,113.43869596354166,113.44269604492189,115.40427067057293,115.40828116861978
2023-07-26 14:14:27.017715,4028806.0,4029257.0,113.44739168294271,113.45139176432292,115.4129667561849,115.416966796875
2023-07-26 14:14:27.026689,4028808.0,4029259.0,113.4560877685547,113.46008780924478,115.42166280110678,115.42566284179688
2023-07-26 14:14:27.035654,4028810.0,4029261.0,113.46478381347656,113.46878385416667,115.43035884602865,115.43435892740887
2023-07-26 14:14:27.044624,4028812.0,4029263.0,113.47347985839845,113.47747993977865,115.43905493164061,115.44305497233073
2023-07-26 14:14:27.052606,4028814.0,4029265.0,113.48217594401041,113.48617598470052,115.44775073242188,115.45175073242189
2023-07-26 14:14:27.061572,4028816.0,4029267.0,113.49087194824219,113.49487194824218,115.45644669596354,115.46044677734375
2023-07-26 14:14:27.070542,4028818.0,4029269.0,113.49956770833333,113.50356778971354,115.46514278157552,115.46914282226562
2023-07-26 14:14:27.078511,4028820.0,4029271.0,113.50826379394532,113.5122638346354,115.47383882649738,115.4778388671875
2023-07-26 14:14:27.087481,4028822.0,4029273.0,113.51695983886718,113.5209598795573,115.48253487141928,115.48653495279949
2023-07-26 14:14:27.096455,4028824.0,4029275.0,113.52565588378907,113.52965596516927,115.49123095703125,115.49523099772135
2023-07-26 14:14:27.105426,4028826.0,4029277.0,113.53435196940104,113.53835201009115,115.4999266764323,115.50392671712238
2023-07-26 14:14:27.113394,4028828.0,4029279.0,113.54304772949219,113.54704772949218,115.50862272135416,115.51262276204427
2023-07-26 14:14:27.122369,4028830.0,4029281.0,113.55174373372395,113.55574377441407,115.51731876627605,115.52131884765625
2023-07-26 14:14:27.131339,4028832.0,4029283.0,113.56043977864583,113.56443986002604,115.52601485188802,115.53001489257812
2023-07-26 14:14:27.140309,4028834.0,4029285.0,113.56913586425782,113.57313590494792,115.5347108968099,115.5387109375
2023-07-26 14:14:27.148278,4028836.0,4029287.0,113.57783190917968,113.5818319498698,115.54340694173177,115.54740698242188
2023-07-26 14:14:27.157252,4028838.0,4029289.0,113.58652795410157,113.59052803548178,115.55210270182292,115.55610274251302
2023-07-26 14:14:27.166222,4028840.0,4029291.0,113.5952237141927,113.59922375488281,115.5607987467448,115.5647987874349
2023-07-26 14:14:27.175192,4028842.0,4029293.0,113.60391975911459,113.60791979980469,115.56949479166666,115.57349487304687
2023-07-26 14:14:27.183160,4028844.0,4029295.0,113.61261580403645,113.61661588541666,115.57819087727864,115.58219091796876
2023-07-26 14:14:27.192135,4028846.0,4029297.0,113.62131188964844,113.62531193033854,115.58688692220052,115.59088696289062
2023-07-26 14:14:27.201105,4028848.0,4029299.0,113.6300079345703,113.63400797526042,115.59558276367187,115.59958276367188
2023-07-26 14:14:27.209074,4028850.0,4029301.0,113.63870397949219,113.64270397949218,115.60427868652343,115.60827876790364
2023-07-26 14:14:27.218048,4028852.0,4029303.0,113.64739969889322,113.65139978027344,115.61297477213542,115.61697481282552
2023-07-26 14:14:27.227018,4028854.0,4029305.0,113.65609578450521,113.66009582519531,115.62167081705729,115.6256708577474
2023-07-26 14:14:27.235988,4028856.0,4029307.0,113.66479182942709,113.66879187011719,115.63036686197917,115.63436694335937
2023-07-26 14:14:27.243957,4028858.0,4029309.0,113.67348787434895,113.67748795572916,115.63906294759114,115.64306298828124
2023-07-26 14:14:27.252931,4028860.0,4029311.0,113.68218395996094,113.68618400065104,115.64775866699219,115.6517587076823
2023-07-26 14:14:27.261901,4028862.0,4029313.0,113.69087976074219,113.69487976074218,115.65645471191407,115.66045479329428
2023-07-26 14:14:27.270871,4028864.0,4029315.0,113.69957572428386,113.70357580566407,115.66515079752604,115.66915083821614
2023-07-26 14:14:27.278840,4028866.0,4029317.0,113.70827180989583,113.71227185058594,115.67384684244792,115.67784688313803
2023-07-26 14:14:27.287814,4028868.0,4029319.0,113.71696785481771,113.72096789550783,115.68254288736979,115.68654296874999
2023-07-26 14:14:27.296789,4028870.0,4029321.0,113.72566389973957,113.72966398111978,115.69123897298176,115.69523901367188
2023-07-26 14:14:27.304753,4028872.0,4029323.0,113.73435998535156,113.73836002604166,115.69993469238281,115.70393473307291
2023-07-26 14:14:27.313723,4028874.0,4029325.0,113.74305570475259,113.74705574544271,115.70863073730469,115.71263077799479
2023-07-26 14:14:27.322697,4028876.0,4029327.0,113.75175174967448,113.75575179036458,115.71732678222656,115.72132686360676
2023-07-26 14:14:27.331668,4028878.0,4029329.0,113.76045821126301,113.76445829264323,115.72602286783854,115.73002290852865
2023-07-26 14:14:27.339655,4028880.0,4029331.0,113.76914388020833,113.77314392089843,115.73471891276041,115.73871895345052
2023-07-26 14:14:27.352597,4028882.0,4029333.0,113.77783992513021,113.78183996582031,115.74341479492188,115.74741479492188
2023-07-26 14:14:27.361648,4028885.0,4029336.0,113.79088366699219,113.7948837483724,115.75645874023438,115.76045878092448
2023-07-26 14:14:27.370618,4028887.0,4029338.0,113.79957975260416,113.80357979329428,115.76515478515624,115.76915482584636
2023-07-26 14:14:27.378588,4028889.0,4029340.0,113.80827579752604,113.81227583821615,115.77385083007813,115.77785091145833
2023-07-26 14:14:27.387561,4028891.0,4029342.0,113.81697184244791,113.82097192382813,115.7825469156901,115.7865469563802
2023-07-26 14:14:27.396527,4028893.0,4029344.0,113.8256679280599,113.82966796874999,115.79124291992187,115.79524291992188
2023-07-26 14:14:27.405513,4028895.0,4029346.0,113.83436397298176,113.83836401367188,115.79993868001301,115.80393876139324
2023-07-26 14:14:27.413481,4028897.0,4029348.0,113.84305969238281,113.84705977376302,115.808634765625,115.8126348063151
2023-07-26 14:14:27.422456,4028899.0,4029350.0,113.85175577799478,113.8557558186849,115.81733081054688,115.82133085123698
2023-07-26 14:14:27.431426,4028901.0,4029352.0,113.86045182291667,113.86445186360676,115.82602685546874,115.83002693684895
2023-07-26 14:14:27.440396,4028903.0,4029354.0,113.86914786783854,113.87314794921875,115.83472294108073,115.83872298177083
2023-07-26 14:14:27.448365,4028905.0,4029356.0,113.87784395345052,113.88184399414062,115.84341870117187,115.84741870117188
2023-07-26 14:14:27.457340,4028907.0,4029358.0,113.88653991699219,113.8905399169922,115.85211470540365,115.85611474609374
2023-07-26 14:14:27.466309,4028909.0,4029360.0,113.89523571777343,113.89923575846353,115.86081075032551,115.86481083170573
2023-07-26 14:14:27.474277,4028911.0,4029362.0,113.90393176269531,113.90793184407552,115.8695068359375,115.87350687662762
2023-07-26 14:14:27.483248,4028913.0,4029364.0,113.9126278483073,113.9166278889974,115.87820288085938,115.88220292154948
2023-07-26 14:14:27.492222,4028915.0,4029366.0,113.92132389322917,113.92532393391927,115.88689892578125,115.89089900716145
2023-07-26 14:14:27.501192,4028917.0,4029368.0,113.93001993815105,113.93402001953125,115.8955946858724,115.8995947265625
2023-07-26 14:14:27.509168,4028919.0,4029370.0,113.93871569824219,113.94271573893229,115.90429073079427,115.90829077148437
2023-07-26 14:14:27.518135,4028921.0,4029372.0,113.94741174316405,113.95141178385417,115.91298677571615,115.91698685709636
2023-07-26 14:14:27.527105,4028923.0,4029374.0,113.95610778808594,113.96010786946614,115.92168286132814,115.92568290201822
2023-07-26 14:14:27.535079,4028925.0,4029376.0,113.96480387369792,113.96880391438802,115.93037890625,115.9343789469401
2023-07-26 14:14:27.544044,4028927.0,4029378.0,113.97351033528646,113.97751037597656,115.93907495117186,115.94307495117187
2023-07-26 14:14:27.553019,4028929.0,4029380.0,113.98219596354166,113.98619604492188,115.94777067057292,115.95178116861979
2023-07-26 14:14:27.561988,4028931.0,4029382.0,113.99089168294272,113.99489176432292,115.9564667561849,115.960466796875
2023-07-26 14:14:27.569966,4028933.0,4029384.0,113.99958776855469,114.00358780924479,115.96516280110677,115.96916284179689
2023-07-26 14:14:27.578927,4028935.0,4029386.0,114.00828381347657,114.01228385416667,115.97385884602865,115.97785892740886
2023-07-26 14:14:27.587902,4028937.0,4029388.0,114.01697985839844,114.02097993977866,115.98255493164062,115.98655497233074
2023-07-26 14:14:27.596872,4028939.0,4029390.0,114.02567594401042,114.02967598470052,115.99125073242188,115.99525073242188
2023-07-26 14:14:27.604840,4028941.0,4029392.0,114.03437194824218,114.03837194824219,115.99994669596354,116.00394677734374
2023-07-26 14:14:27.613815,4028943.0,4029394.0,114.04306770833334,114.04706778971354,116.00864278157552,116.01264282226562
2023-07-26 14:14:27.622785,4028945.0,4029396.0,114.05176379394531,114.05576383463541,116.0173388264974,116.0213388671875
2023-07-26 14:14:27.630758,4028947.0,4029398.0,114.06045983886717,114.06445987955729,116.02603487141927,116.03003495279948
2023-07-26 14:14:27.639723,4028949.0,4029400.0,114.06915588378907,114.07315596516928,116.03473095703126,116.03873099772134
2023-07-26 14:14:27.648698,4028951.0,4029402.0,114.07785196940104,114.08185201009114,116.04342667643229,116.04742671712239
2023-07-26 14:14:27.657668,4028953.0,4029404.0,114.08654772949218,114.09054772949219,116.05212272135417,116.05612276204427
2023-07-26 14:14:27.665637,4028955.0,4029406.0,114.09524373372395,114.09924377441406,116.06081876627604,116.06481884765626
2023-07-26 14:14:27.674611,4028957.0,4029408.0,114.10393977864584,114.10793986002605,116.06951485188803,116.07351489257812
2023-07-26 14:14:27.683582,4028959.0,4029410.0,114.11263586425781,114.11663590494791,116.07821089680989,116.08221093750001
2023-07-26 14:14:27.691554,4028961.0,4029412.0,114.12133190917969,114.12533194986979,116.08690694173178,116.09090698242187
2023-07-26 14:14:27.700520,4028963.0,4029414.0,114.13002795410156,114.13402803548178,116.09560270182291,116.09960274251303
2023-07-26 14:14:27.709495,4028965.0,4029416.0,114.13872371419271,114.14272375488281,116.10429874674479,116.10829878743489
2023-07-26 14:14:27.718464,4028967.0,4029418.0,114.14741975911458,114.15141979980469,116.11299479166667,116.11699487304686
2023-07-26 14:14:27.726438,4028969.0,4029420.0,114.15611580403646,114.16011588541666,116.12169087727864,116.12569091796875
2023-07-26 14:14:27.735403,4028971.0,4029422.0,114.16481188964843,114.16881193033855,116.13038692220051,116.13438696289063
2023-07-26 14:14:27.744377,4028973.0,4029424.0,114.17350793457031,114.17750797526041,116.13908276367187,116.14308276367187
2023-07-26 14:14:27.753347,4028975.0,4029426.0,114.18220397949219,114.18620397949219,116.14777868652344,116.15177876790365
2023-07-26 14:14:27.761316,4028977.0,4029428.0,114.19089969889323,114.19489978027343,116.15647477213541,116.16047481282553
2023-07-26 14:14:27.770291,4028979.0,4029430.0,114.1995957845052,114.20359582519532,116.1651708170573,116.16917085774739
2023-07-26 14:14:27.779258,4028981.0,4029432.0,114.2082918294271,114.21229187011718,116.17386686197916,116.17786694335938
2023-07-26 14:14:27.787234,4028983.0,4029434.0,114.21698787434896,114.22098795572917,116.18256294759115,116.18656298828124
2023-07-26 14:14:27.796204,4028985.0,4029436.0,114.22568395996093,114.22968400065103,116.19125866699218,116.1952587076823
2023-07-26 14:14:27.805174,4028987.0,4029438.0,114.23437976074219,114.23837976074219,116.19995471191407,116.20395479329427
2023-07-26 14:14:27.814144,4028989.0,4029440.0,114.24307572428386,114.24707580566407,116.20865079752603,116.21265083821615
2023-07-26 14:14:27.822118,4028991.0,4029442.0,114.25177180989583,114.25577185058594,116.21734684244792,116.22134688313803
2023-07-26 14:14:27.831083,4028993.0,4029444.0,114.2604678548177,114.26446789550782,116.22604288736979,116.23004296875
2023-07-26 14:14:27.840058,4028995.0,4029446.0,114.26916389973958,114.27316398111978,116.23473897298176,116.23873901367188
2023-07-26 14:14:27.849027,4028997.0,4029448.0,114.27785998535155,114.28186002604167,116.2434346923828,116.24743473307292
2023-07-26 14:14:27.857000,4028999.0,4029450.0,114.2865557047526,114.2905557454427,116.2521307373047,116.25613077799478
2023-07-26 14:14:27.865970,4029001.0,4029452.0,114.29525174967448,114.29925179036458,116.26082678222656,116.26482686360677
2023-07-26 14:14:27.874940,4029003.0,4029454.0,114.30395821126302,114.30795829264322,116.26952286783853,116.27352290852865
2023-07-26 14:14:27.882913,4029005.0,4029456.0,114.31264388020833,114.31664392089844,116.27821891276042,116.28221895345051
2023-07-26 14:14:27.891879,4029007.0,4029458.0,114.32133992513022,114.3253399658203,116.28691479492187,116.29091479492187
2023-07-26 14:14:27.900853,4029009.0,4029460.0,114.33003597005208,114.3340360107422,116.29561071777344,116.29961075846353
2023-07-26 14:14:27.909823,4029011.0,4029462.0,114.33873173014322,114.34273177083332,116.3043067626953,116.30830680338542
2023-07-26 14:14:27.917797,4029013.0,4029464.0,114.3474277750651,114.35142781575522,116.3130028076172,116.3170028889974
2023-07-26 14:14:27.926767,4029015.0,4029466.0,114.35612381998698,114.36012390136719,116.32169889322917,116.32569893391927
2023-07-26 14:14:27.935736,4029017.0,4029468.0,114.36481990559896,114.36881994628907,116.33039493815104,116.33439497884115
2023-07-26 14:14:27.943709,4029019.0,4029470.0,114.37351595052084,114.37751599121094,116.33909065755208,116.3430906982422
2023-07-26 14:14:27.952679,4029021.0,4029472.0,114.38221179199219,114.3862117919922,116.34778670247397,116.35178678385417
2023-07-26 14:14:27.961650,4029023.0,4029474.0,114.39090771484375,114.39490779622396,116.35648278808594,116.36048282877604
2023-07-26 14:14:27.970619,4029025.0,4029476.0,114.39960380045574,114.40360384114582,116.36517883300782,116.36917887369792
2023-07-26 14:14:27.978593,4029027.0,4029478.0,114.4082998453776,114.41229988606771,116.37388529459635,116.37788537597656
2023-07-26 14:14:27.987562,4029029.0,4029480.0,114.41699589029949,114.42099597167969,116.38257096354165,116.38657100423177
2023-07-26 14:14:27.996533,4029031.0,4029482.0,114.42569197591145,114.42969201660156,116.39126668294271,116.39526672363282
2023-07-26 14:14:28.005503,4029033.0,4029484.0,114.43438769531251,114.4383877360026,116.39996272786458,116.40396280924479
2023-07-26 14:14:28.013476,4029035.0,4029486.0,114.44308374023437,114.44708382161458,116.40865881347656,116.41265885416668
2023-07-26 14:14:28.022446,4029037.0,4029488.0,114.45177982584636,114.45577986653646,116.41735485839844,116.42135489908854
2023-07-26 14:14:28.035304,4029039.0,4029490.0,114.46047587076824,114.46447591145834,116.42605090332032,116.43005098470053
2023-07-26 14:14:28.044605,4029042.0,4029493.0,114.47351993815104,114.47752001953126,116.43909468587239,116.44309472656249
2023-07-26 14:14:28.052561,4029044.0,4029495.0,114.48221569824219,114.48621573893229,116.44779073079427,116.45179077148438
2023-07-26 14:14:28.061531,4029046.0,4029497.0,114.49091174316406,114.49491178385416,116.45648677571614,116.46048685709636
2023-07-26 14:14:28.070501,4029048.0,4029499.0,114.49960778808594,114.50360786946615,116.46518286132813,116.46918290201823
2023-07-26 14:14:28.079466,4029050.0,4029501.0,114.50830387369793,114.51230391438801,116.47387890625001,116.4778789469401
2023-07-26 14:14:28.087444,4029052.0,4029503.0,114.51701033528646,114.52101037597656,116.48257495117187,116.48657495117187
2023-07-26 14:14:28.096414,4029054.0,4029505.0,114.52569596354166,114.52969604492188,116.49127067057292,116.49528116861978
2023-07-26 14:14:28.105384,4029056.0,4029507.0,114.53439168294271,114.53839176432292,116.4999667561849,116.50396679687499
2023-07-26 14:14:28.114354,4029058.0,4029509.0,114.5430877685547,114.54708780924479,116.50866280110677,116.51266284179688
2023-07-26 14:14:28.122327,4029060.0,4029511.0,114.55178381347656,114.55578385416668,116.51735884602866,116.52135892740885
2023-07-26 14:14:28.131298,4029062.0,4029513.0,114.56047985839844,114.56447993977865,116.52605493164062,116.53005497233073
2023-07-26 14:14:28.140273,4029064.0,4029515.0,114.56917594401041,114.57317598470053,116.53475073242188,116.53875073242187
2023-07-26 14:14:28.148241,4029066.0,4029517.0,114.57787194824218,114.58187194824218,116.54344669596354,116.54744677734375
2023-07-26 14:14:28.157211,4029068.0,4029519.0,114.58656770833333,114.59056778971355,116.55214278157553,116.55614282226561
2023-07-26 14:14:28.166181,4029070.0,4029521.0,114.5952637939453,114.59926383463541,116.56083882649739,116.5648388671875
2023-07-26 14:14:28.175151,4029072.0,4029523.0,114.60395983886718,114.6079598795573,116.56953487141928,116.57353495279948
2023-07-26 14:14:28.183124,4029074.0,4029525.0,114.61265588378906,114.61665596516927,116.57823095703125,116.58223099772135
2023-07-26 14:14:28.192094,4029076.0,4029527.0,114.62135196940105,114.62535201009113,116.5869266764323,116.59092671712239
2023-07-26 14:14:28.201064,4029078.0,4029529.0,114.63004772949218,114.63404772949218,116.59562272135416,116.59962276204428
2023-07-26 14:14:28.209037,4029080.0,4029531.0,114.63874373372396,114.64274377441406,116.60431876627604,116.60831884765625
2023-07-26 14:14:28.218007,4029082.0,4029533.0,114.64743977864583,114.65143986002604,116.61301485188802,116.61701489257813
2023-07-26 14:14:28.226977,4029084.0,4029535.0,114.65613586425782,114.66013590494791,116.62171089680989,116.6257109375
2023-07-26 14:14:28.235948,4029086.0,4029537.0,114.66483190917968,114.6688319498698,116.63040694173178,116.63440698242188
2023-07-26 14:14:28.243921,4029088.0,4029539.0,114.67352795410157,114.67752803548177,116.6391027018229,116.64310274251302
2023-07-26 14:14:28.252890,4029090.0,4029541.0,114.6822237141927,114.68622375488282,116.6477987467448,116.6517987874349
2023-07-26 14:14:28.261860,4029092.0,4029543.0,114.69091975911459,114.69491979980468,116.65649479166666,116.66049487304687
2023-07-26 14:14:28.270830,4029094.0,4029545.0,114.69961580403645,114.70361588541667,116.66519087727865,116.66919091796875
2023-07-26 14:14:28.278803,4029096.0,4029547.0,114.70831188964844,114.71231193033854,116.67388692220051,116.67788696289062
2023-07-26 14:14:28.287773,4029098.0,4029549.0,114.7170079345703,114.72100797526042,116.68258276367187,116.68658276367186
2023-07-26 14:14:28.296743,4029100.0,4029551.0,114.72570397949218,114.72970397949219,116.69127868652343,116.69527876790364
2023-07-26 14:14:28.304717,4029102.0,4029553.0,114.73439969889323,114.73839978027344,116.69997477213542,116.70397481282552
2023-07-26 14:14:28.313687,4029104.0,4029555.0,114.7430957845052,114.74709582519532,116.7086708170573,116.7126708577474
2023-07-26 14:14:28.322656,4029106.0,4029557.0,114.75179182942709,114.75579187011719,116.71736686197917,116.72136694335937
2023-07-26 14:14:28.331629,4029108.0,4029559.0,114.76048787434895,114.76448795572917,116.72606294759115,116.73006298828125
2023-07-26 14:14:28.339600,4029110.0,4029561.0,114.76918395996094,114.77318400065103,116.73475866699219,116.7387587076823
2023-07-26 14:14:28.348570,4029112.0,4029563.0,114.77787976074218,114.78187976074219,116.74345471191407,116.74745479329428
2023-07-26 14:14:28.357540,4029114.0,4029565.0,114.78657572428386,114.79057580566406,116.75215079752604,116.75615083821614
2023-07-26 14:14:28.365513,4029116.0,4029567.0,114.79527180989582,114.79927185058594,116.76084684244792,116.76484688313803
2023-07-26 14:14:28.374479,4029118.0,4029569.0,114.80396785481771,114.80796789550782,116.76954288736978,116.77354296875
2023-07-26 14:14:28.383453,4029120.0,4029571.0,114.81266389973958,114.81666398111979,116.77823897298177,116.78223901367187
2023-07-26 14:14:28.392418,4029122.0,4029573.0,114.82135998535156,114.82536002604166,116.7869346923828,116.79093473307292
2023-07-26 14:14:28.400396,4029124.0,4029575.0,114.8300557047526,114.83405574544271,116.79563073730469,116.79963077799479
2023-07-26 14:14:28.409366,4029126.0,4029577.0,114.83875174967449,114.84275179036457,116.80432678222655,116.80832686360677
2023-07-26 14:14:28.418336,4029128.0,4029579.0,114.84745821126302,114.85145829264323,116.81302286783854,116.81702290852864
2023-07-26 14:14:28.427302,4029130.0,4029581.0,114.85614388020834,114.86014392089844,116.82171891276042,116.82571895345052
2023-07-26 14:14:28.435275,4029132.0,4029583.0,114.86483992513021,114.86883996582031,116.83041479492188,116.83441479492187
2023-07-26 14:14:28.444249,4029134.0,4029585.0,114.87353597005209,114.87753601074219,116.83911071777344,116.84311075846354
2023-07-26 14:14:28.453219,4029136.0,4029587.0,114.88223173014323,114.88623177083333,116.84780676269531,116.85180680338541
2023-07-26 14:14:28.461192,4029138.0,4029589.0,114.8909277750651,114.89492781575521,116.85650280761719,116.8605028889974
2023-07-26 14:14:28.470158,4029140.0,4029591.0,114.89962381998699,114.90362390136718,116.86519889322918,116.86919893391926
2023-07-26 14:14:28.479133,4029142.0,4029593.0,114.90831990559896,114.91231994628906,116.87389493815104,116.87789497884116
2023-07-26 14:14:28.488103,4029144.0,4029595.0,114.91701595052083,114.92101599121095,116.88259065755207,116.88659069824219
2023-07-26 14:14:28.496077,4029146.0,4029597.0,114.92571179199219,114.92971179199219,116.89128670247396,116.89528678385417
2023-07-26 14:14:28.505041,4029148.0,4029599.0,114.93440771484376,114.93840779622396,116.89998278808594,116.90398282877604
2023-07-26 14:14:28.514016,4029150.0,4029601.0,114.94310380045573,114.94710384114583,116.90867883300781,116.91267887369793
2023-07-26 14:14:28.522983,4029152.0,4029603.0,114.95179984537761,114.95579988606771,116.91738529459636,116.92138537597656
2023-07-26 14:14:28.530958,4029154.0,4029605.0,114.96049589029948,114.9644959716797,116.92607096354166,116.93007100423178
2023-07-26 14:14:28.539929,4029156.0,4029607.0,114.96919197591146,114.97319201660156,116.93476668294271,116.93876672363281
2023-07-26 14:14:28.548900,4029158.0,4029609.0,114.9778876953125,114.9818877360026,116.94346272786458,116.94746280924478
2023-07-26 14:14:28.556872,4029160.0,4029611.0,114.98658374023438,114.99058382161458,116.95215881347656,116.95615885416667
2023-07-26 14:14:28.565842,4029162.0,4029613.0,114.99527982584635,114.99927986653647,116.96085485839845,116.96485489908854
2023-07-26 14:14:28.574812,4029164.0,4029615.0,115.00397587076823,115.00797591145833,116.96955090332031,116.97355098470052
2023-07-26 14:14:28.583778,4029166.0,4029617.0,115.0126719156901,115.01667199707032,116.97824682617188,116.98224682617187
2023-07-26 14:14:28.591755,4029168.0,4029619.0,115.02136800130208,115.02536804199218,116.98694270833333,116.99094274902345
2023-07-26 14:14:28.600725,4029170.0,4029621.0,115.03006372070313,115.03406376139324,116.99563875325521,116.99963879394531
2023-07-26 14:14:28.609695,4029172.0,4029623.0,115.03875976562499,115.0427598063151,117.00433479817708,117.0083348795573
2023-07-26 14:14:28.618660,4029174.0,4029625.0,115.04745581054688,115.05145589192708,117.01303088378907,117.01703092447916
2023-07-26 14:14:28.626634,4029176.0,4029627.0,115.05615189615885,115.06015193684895,117.02172692871093,117.02572696940105
2023-07-26 14:14:28.635608,4029178.0,4029629.0,115.06484794108073,115.06884798177083,117.03042264811198,117.03442272949218
2023-07-26 14:14:28.644578,4029180.0,4029631.0,115.07354382324219,115.0775438232422,117.03911873372395,117.04311877441407
2023-07-26 14:14:28.653544,4029182.0,4029633.0,115.08223974609375,115.08623978678385,117.04781477864583,117.05181481933593
2023-07-26 14:14:28.661517,4029184.0,4029635.0,115.09093579101562,115.09493583170573,117.0565108235677,117.06051090494792
2023-07-26 14:14:28.670491,4029186.0,4029637.0,115.0996318359375,115.1036319173177,117.06520690917968,117.0692069498698
2023-07-26 14:14:28.679457,4029188.0,4029639.0,115.10832792154947,115.11232796223959,117.07390295410157,117.07790299479167
2023-07-26 14:14:28.688427,4029190.0,4029641.0,115.11702396647136,115.12102400716145,117.0825986735026,117.0865987141927
2023-07-26 14:14:28.696404,4029192.0,4029643.0,115.1257196858724,115.1297197265625,117.09129471842448,117.09529479980468
2023-07-26 14:14:28.705374,4029194.0,4029645.0,115.13441573079427,115.13841581217447,117.09999080403645,117.10399084472657
2023-07-26 14:14:28.714340,4029196.0,4029647.0,115.14311181640625,115.14711185709636,117.10868684895834,117.11268688964843
2023-07-26 14:14:28.723310,4029198.0,4029649.0,115.15180786132814,115.15580790201822,117.1173828938802,117.12138297526042
2023-07-26 14:14:28.732284,4029200.0,4029651.0,115.16050390625,115.16450398763021,117.12607885742187,117.13007885742186
2023-07-26 14:14:28.744244,4029202.0,4029653.0,115.16919999186197,115.17320003255209,117.13477469889322,117.13877473958334
2023-07-26 14:14:28.753214,4029205.0,4029656.0,115.18224373372395,115.18624377441407,117.14781876627605,117.15181884765626
2023-07-26 14:14:28.762179,4029207.0,4029658.0,115.19093977864584,115.19493986002604,117.15651485188802,117.16051489257812
2023-07-26 14:14:28.771154,4029209.0,4029660.0,115.19963586425781,115.20363590494792,117.1652108968099,117.1692109375
2023-07-26 14:14:28.783114,4029211.0,4029662.0,115.20833190917969,115.21233194986979,117.17390694173177,117.17790698242187
2023-07-26 14:14:28.792084,4029214.0,4029665.0,115.22137585449218,115.22537585449219,117.18695072428386,117.19095076497396
2023-07-26 14:14:28.801053,4029216.0,4029667.0,115.23007173665366,115.23407177734374,117.19564676920574,117.19964680989582
2023-07-26 14:14:28.814010,4029218.0,4029669.0,115.23876778157552,115.24276782226562,117.2043428141276,117.20834289550783
2023-07-26 14:14:28.822980,4029221.0,4029672.0,115.25181188964844,115.25581193033855,117.21738692220052,117.22138696289062
2023-07-26 14:14:28.835937,4029223.0,4029674.0,115.2605079345703,115.26450797526041,117.22608276367187,117.23008276367187
2023-07-26 14:14:28.844902,4029226.0,4029677.0,115.27355167643229,115.2775517578125,117.23912674967448,117.24312679036458
2023-07-26 14:14:28.853877,4029228.0,4029679.0,115.28224776204426,115.28624780273438,117.24783321126301,117.25183325195313
2023-07-26 14:14:28.865836,4029230.0,4029681.0,115.29094380696614,115.29494384765626,117.25651883951824,117.26051892089843
2023-07-26 14:14:28.874806,4029233.0,4029684.0,115.30398787434896,115.30798795572916,117.26956294759114,117.27356298828124
2023-07-26 14:14:28.883776,4029235.0,4029686.0,115.31268395996094,115.31668400065104,117.27825866699219,117.2822587076823
2023-07-26 14:14:28.896733,4029237.0,4029688.0,115.32137976074219,115.32537976074218,117.28695471191406,117.29095479329428
2023-07-26 14:14:28.905699,4029240.0,4029691.0,115.33442374674479,115.338423828125,117.29999881998698,117.30399886067708
2023-07-26 14:14:28.914673,4029242.0,4029693.0,115.34311983235678,115.34711987304686,117.30869486490886,117.31269490559896
2023-07-26 14:14:28.926633,4029244.0,4029695.0,115.35181587727864,115.35581591796876,117.31739090983072,117.32139099121095
2023-07-26 14:14:28.935603,4029247.0,4029698.0,115.36485998535156,115.36886002604167,117.33043469238281,117.33443473307291
2023-07-26 14:14:28.945570,4029249.0,4029700.0,115.3735557047526,115.3775557454427,117.33913073730469,117.34313077799479
2023-07-26 14:14:28.957529,4029251.0,4029702.0,115.38225174967448,115.38625179036458,117.34782678222656,117.35182686360676
2023-07-26 14:14:28.966496,4029254.0,4029705.0,115.3952958577474,115.3992958984375,117.36087089029948,117.36487093098958
2023-07-26 14:14:28.979456,4029256.0,4029707.0,115.40399190266928,115.40799194335938,117.36956693522136,117.37356701660157
2023-07-26 14:14:28.992413,4029259.0,4029710.0,115.41703597005208,115.4210360107422,117.38261071777343,117.38661075846353
2023-07-26 14:14:29.005369,4029262.0,4029713.0,115.43007975260417,115.43407979329427,117.39565478515624,117.39965482584635
2023-07-26 14:14:29.014334,4029265.0,4029716.0,115.44312381998698,115.44712390136719,117.40869889322917,117.41269893391927
2023-07-26 14:14:29.027296,4029267.0,4029718.0,115.45181990559897,115.45581994628905,117.41739493815105,117.42139497884115
2023-07-26 14:14:29.040255,4029270.0,4029721.0,115.46486397298176,115.46886401367188,117.43043868001301,117.43443876139324
2023-07-26 14:14:29.049334,4029273.0,4029724.0,115.47790771484375,115.48190779622396,117.44348278808594,117.44748282877603
2023-07-26 14:14:29.061292,4029275.0,4029726.0,115.48660380045574,115.49060384114583,117.4521788330078,117.45617887369792
2023-07-26 14:14:29.071213,4029278.0,4029729.0,115.49964786783853,115.50364794921875,117.46522294108073,117.46922298177084
2023-07-26 14:14:29.083172,4029280.0,4029731.0,115.50834395345052,115.51234399414062,117.47391870117188,117.47791870117187
2023-07-26 14:14:29.093139,4029283.0,4029734.0,115.52138769531251,115.5253877360026,117.48696272786458,117.49096280924479
2023-07-26 14:14:29.105098,4029285.0,4029736.0,115.53008374023437,115.53408382161459,117.49565881347657,117.49965885416667
2023-07-26 14:14:29.114068,4029288.0,4029739.0,115.5431278483073,115.5471278889974,117.50870288085937,117.51270292154948
2023-07-26 14:14:29.127025,4029290.0,4029741.0,115.55182389322917,115.55582393391927,117.51739892578125,117.52139900716146
2023-07-26 14:14:29.136007,4029293.0,4029744.0,115.56486800130209,115.56886804199218,117.53044270833334,117.53444274902344
2023-07-26 14:14:29.148963,4029295.0,4029746.0,115.57356372070312,115.57756376139324,117.5391387532552,117.54313879394532
2023-07-26 14:14:29.157929,4029298.0,4029749.0,115.58660778808594,115.59060786946615,117.55218286132813,117.55618290201822
2023-07-26 14:14:29.170890,4029300.0,4029751.0,115.59530387369792,115.59930391438802,117.56087890625,117.5648789469401
2023-07-26 14:14:29.179856,4029303.0,4029754.0,115.60834794108072,115.61234798177084,117.57392264811197,117.57792272949219
2023-07-26 14:14:29.191819,4029305.0,4029756.0,115.6170438232422,115.62104382324219,117.58261873372395,117.58661877441406
2023-07-26 14:14:29.201786,4029308.0,4029759.0,115.63008776855469,115.63408780924479,117.59566280110677,117.59966284179689
2023-07-26 14:14:29.213746,4029310.0,4029761.0,115.63878381347656,115.64278385416668,117.60435884602865,117.60835892740886
2023-07-26 14:14:29.222716,4029313.0,4029764.0,115.65182792154948,115.65582796223958,117.61740295410156,117.62140299479167
2023-07-26 14:14:29.235673,4029315.0,4029766.0,115.66052396647136,115.66452400716146,117.62609867350261,117.6300987141927
2023-07-26 14:14:29.244643,4029318.0,4029769.0,115.67356770833334,115.67756778971354,117.63914278157553,117.64314282226562
2023-07-26 14:14:29.257599,4029320.0,4029771.0,115.68226379394531,115.68626383463541,117.64783882649739,117.65183886718751
2023-07-26 14:14:29.266566,4029323.0,4029774.0,115.69530786132813,115.69930790201823,117.66088289388021,117.66488297526041
2023-07-26 14:14:29.279526,4029325.0,4029776.0,115.70400390625,115.7080039876302,117.66957885742187,117.67357885742187
2023-07-26 14:14:29.292482,4029328.0,4029779.0,115.71704772949218,115.72104772949218,117.68262272135416,117.68662276204427
2023-07-26 14:14:29.301453,4029331.0,4029782.0,115.7300917561849,115.7340918375651,117.6956668294271,117.69966687011718
2023-07-26 14:14:29.314409,4029333.0,4029784.0,115.73878784179688,115.74278788248698,117.70436287434896,117.70836291503907
2023-07-26 14:14:29.323379,4029336.0,4029787.0,115.75183190917969,115.7558319498698,117.71740694173178,117.72140698242187
2023-07-26 14:14:29.335339,4029338.0,4029789.0,115.76052795410156,115.76452803548177,117.72610270182291,117.73010274251303
2023-07-26 14:14:29.345306,4029341.0,4029792.0,115.77357173665365,115.77757177734375,117.73914676920573,117.74314680989583
2023-07-26 14:14:29.357266,4029343.0,4029794.0,115.78226778157553,115.78626782226561,117.7478428141276,117.75184289550782
2023-07-26 14:14:29.370222,4029346.0,4029797.0,115.79531188964843,115.79931193033855,117.76088692220051,117.76488696289063
2023-07-26 14:14:29.383178,4029349.0,4029800.0,115.80835595703125,115.81235599772135,117.7739306640625,117.7779307454427
2023-07-26 14:14:29.393145,4029352.0,4029803.0,115.82139969889323,115.82539978027343,117.78697477213541,117.79097481282552
2023-07-26 14:14:29.405105,4029354.0,4029805.0,115.8300957845052,115.83409582519532,117.7956708170573,117.7996708577474
2023-07-26 14:14:29.418062,4029357.0,4029808.0,115.84313985188803,115.84713993326824,117.80871492513022,117.8127149658203
2023-07-26 14:14:29.431018,4029360.0,4029811.0,115.85618395996094,115.86018400065103,117.82175866699218,117.8257587076823
2023-07-26 14:14:29.443975,4029363.0,4029814.0,115.86922770182291,115.87322774251302,117.834802734375,117.83880281575522
2023-07-26 14:14:29.457928,4029366.0,4029817.0,115.88227180989583,115.88627185058594,117.84784684244792,117.85184688313802
2023-07-26 14:14:29.470885,4029369.0,4029820.0,115.89531587727865,115.89931591796875,117.86089090983072,117.86489099121094
2023-07-26 14:14:29.483841,4029372.0,4029823.0,115.90835998535155,115.91236002604167,117.8739346923828,117.87793473307292
2023-07-26 14:14:29.496798,4029375.0,4029826.0,115.92140372721354,115.92540376790365,117.88697875976563,117.89097884114582
2023-07-26 14:14:29.509754,4029378.0,4029829.0,115.93445821126302,115.93845829264322,117.90002286783854,117.90402290852865
2023-07-26 14:14:29.522711,4029381.0,4029832.0,115.94749190266927,115.95149194335937,117.91306693522135,117.91706701660156
2023-07-26 14:14:29.535668,4029384.0,4029835.0,115.96053597005208,115.9645360107422,117.92611071777344,117.93011075846354
2023-07-26 14:14:29.548624,4029387.0,4029838.0,115.97357975260417,115.97757979329428,117.93915478515625,117.94315482584635
2023-07-26 14:14:29.561581,4029390.0,4029841.0,115.98662381998699,115.99062390136719,117.95219889322917,117.95619893391927
2023-07-26 14:14:29.574537,4029393.0,4029844.0,115.99966792805989,116.00366796875,117.96524291992188,117.96924291992188
2023-07-26 14:14:29.587494,4029396.0,4029847.0,116.01271179199219,116.0167117919922,117.97828670247397,117.98228678385416
2023-07-26 14:14:29.601447,4029399.0,4029850.0,116.02575577799479,116.0297558186849,117.99133081054687,117.99533085123697
2023-07-26 14:14:29.614404,4029402.0,4029853.0,116.0387998453776,116.04279988606771,118.00438529459635,118.00838537597656
2023-07-26 14:14:29.627361,4029405.0,4029856.0,116.05184395345051,116.05584399414063,118.01741870117188,118.02141870117188
2023-07-26 14:14:29.640317,4029408.0,4029859.0,116.0648876953125,116.06888773600261,118.03046272786459,118.03446280924479
2023-07-26 14:14:29.653274,4029411.0,4029862.0,116.07793176269531,116.08193184407551,118.04350683593749,118.04750687662761
2023-07-26 14:14:29.666230,4029414.0,4029865.0,116.09097587076823,116.09497591145833,118.05655090332031,118.06055098470053
2023-07-26 14:14:29.679187,4029417.0,4029868.0,116.10401993815104,116.10802001953125,118.0695946858724,118.07359472656249
2023-07-26 14:14:29.692143,4029420.0,4029871.0,116.11706372070313,116.12106376139323,118.0826387532552,118.08663879394531
2023-07-26 14:14:29.705100,4029423.0,4029874.0,116.13010778808594,116.13410786946615,118.09568286132813,118.09968290201823
2023-07-26 14:14:29.718057,4029426.0,4029877.0,116.14315189615886,116.14715193684896,118.10872692871094,118.11272696940104
2023-07-26 14:14:29.731013,4029429.0,4029880.0,116.15619596354166,116.16019604492188,118.12177067057293,118.12578116861978
2023-07-26 14:14:29.743970,4029432.0,4029883.0,116.16923974609374,116.17323978678385,118.13481477864583,118.13881481933593
2023-07-26 14:14:29.757923,4029435.0,4029886.0,116.18228381347656,116.18628385416667,118.14785884602865,118.15185892740887
2023-07-26 14:14:29.770880,4029438.0,4029889.0,116.19532792154948,116.1993279622396,118.16090295410157,118.16490299479166
2023-07-26 14:14:29.783836,4029441.0,4029892.0,116.20837194824219,116.21237194824218,118.17394669596354,118.17794677734375
2023-07-26 14:14:29.796793,4029444.0,4029895.0,116.22141573079426,116.22541581217448,118.18699080403645,118.19099084472657
2023-07-26 14:14:29.809749,4029447.0,4029898.0,116.23445983886718,116.2384598795573,118.20003487141928,118.20403495279947
2023-07-26 14:14:29.822706,4029450.0,4029901.0,116.24750390625,116.2515039876302,118.21307885742186,118.21707885742187
2023-07-26 14:14:29.835663,4029453.0,4029904.0,116.26054772949217,116.26454772949218,118.22612272135416,118.23012276204427
2023-07-26 14:14:29.848619,4029456.0,4029907.0,116.2735917561849,116.27759183756511,118.23916682942709,118.2431668701172
2023-07-26 14:14:29.861576,4029459.0,4029910.0,116.28663586425782,116.29063590494792,118.2522108968099,118.2562109375
2023-07-26 14:14:29.874532,4029462.0,4029913.0,116.29967993164063,116.30368001302082,118.26525463867186,118.26925472005209
2023-07-26 14:14:29.887489,4029465.0,4029916.0,116.3127237141927,116.31672375488282,118.2782987467448,118.2822987874349
2023-07-26 14:14:29.901442,4029468.0,4029919.0,116.32576778157552,116.32976782226562,118.2913428141276,118.29534289550782
2023-07-26 14:14:29.914399,4029471.0,4029922.0,116.33881188964844,116.34281193033854,118.30438692220051,118.30838696289062
2023-07-26 14:14:29.927356,4029474.0,4029925.0,116.35185595703125,116.35585599772135,118.3174306640625,118.32143074544271
2023-07-26 14:14:29.940312,4029477.0,4029928.0,116.36489969889323,116.36889978027344,118.33047477213542,118.33447481282552
2023-07-26 14:14:29.953269,4029480.0,4029931.0,116.37794380696614,116.38194384765625,118.34351883951824,118.34751892089844
2023-07-26 14:14:29.966225,4029483.0,4029934.0,116.39098787434895,116.39498795572916,118.35656294759114,118.36056298828125
2023-07-26 14:14:29.979182,4029486.0,4029937.0,116.40403198242187,116.40803202311199,118.36960668945312,118.37360673014324
2023-07-26 14:14:29.992138,4029489.0,4029940.0,116.41707572428386,116.42107580566407,118.38265079752604,118.38665083821614
2023-07-26 14:14:30.005095,4029492.0,4029943.0,116.43011983235678,116.43411987304687,118.39569486490885,118.39969490559896
2023-07-26 14:14:30.018051,4029495.0,4029946.0,116.44316389973957,116.44716398111979,118.40873897298177,118.41273901367188
2023-07-26 14:14:30.031008,4029498.0,4029949.0,116.45620788574219,116.4602078857422,118.42178271484376,118.42578275553385
2023-07-26 14:14:30.043961,4029501.0,4029952.0,116.46925174967448,116.47325179036457,118.43482678222655,118.43882686360676
2023-07-26 14:14:30.057915,4029504.0,4029955.0,116.48229585774739,116.4862958984375,118.44787089029948,118.45187093098959
2023-07-26 14:14:30.070959,4029507.0,4029958.0,116.49533992513021,116.49933996582031,118.46091479492188,118.46491479492188
2023-07-26 14:14:30.083832,4029510.0,4029961.0,116.50838366699219,116.5123837483724,118.47395874023438,118.47795878092448
2023-07-26 14:14:30.096788,4029513.0,4029964.0,116.5214277750651,116.52542781575521,118.48700280761719,118.4910028889974
2023-07-26 14:14:30.109744,4029516.0,4029967.0,116.53447184244791,116.53847192382813,118.5000469156901,118.50404695638021
2023-07-26 14:14:30.122701,4029519.0,4029970.0,116.54751595052083,116.55151599121095,118.51309065755208,118.51709069824219
2023-07-26 14:14:30.135658,4029522.0,4029973.0,116.56055969238281,116.56455977376302,118.52613476562499,118.5301348063151
2023-07-26 14:14:30.148614,4029525.0,4029976.0,116.57360380045573,116.57760384114583,118.53917883300781,118.54317887369793
2023-07-26 14:14:30.161571,4029528.0,4029979.0,116.58664786783854,116.59064794921875,118.55222294108073,118.55622298177083
2023-07-26 14:14:30.174527,4029531.0,4029982.0,116.59969197591145,116.60369201660156,118.56526668294272,118.56926672363281
2023-07-26 14:14:30.187484,4029534.0,4029985.0,116.61273571777343,116.61673575846353,118.57831075032551,118.58231083170573
2023-07-26 14:14:30.201433,4029537.0,4029988.0,116.62577982584635,116.62977986653647,118.59135485839845,118.59535489908853
2023-07-26 14:14:30.214394,4029540.0,4029991.0,116.63882389322917,116.64282393391927,118.60439892578125,118.60839900716145
2023-07-26 14:14:30.227350,4029543.0,4029994.0,116.65186800130209,116.65586804199218,118.61744270833333,118.62144274902344
2023-07-26 14:14:30.240307,4029546.0,4029997.0,116.66491174316405,116.66891178385417,118.63048677571615,118.63448685709636
2023-07-26 14:14:30.253263,4029549.0,4030000.0,116.67795581054688,116.68195589192709,118.64353088378907,118.64753092447916
2023-07-26 14:14:30.266220,4029552.0,4030003.0,116.69101033528646,116.69501037597655,118.65657495117186,118.66057495117187
2023-07-26 14:14:30.279177,4029555.0,4030006.0,116.70404382324219,116.70804382324219,118.66961873372395,118.67361877441407
2023-07-26 14:14:30.292133,4029558.0,4030009.0,116.71708776855469,116.72108780924479,118.68266280110677,118.68666284179689
2023-07-26 14:14:30.305090,4029561.0,4030012.0,116.7301318359375,116.73413191731771,118.69570690917969,118.69970694986979
2023-07-26 14:14:30.318046,4029564.0,4030015.0,116.74317594401042,116.74717598470052,118.70875073242188,118.71275073242188
2023-07-26 14:14:30.331003,4029567.0,4030018.0,116.7562196858724,116.7602197265625,118.72179471842448,118.72579479980469
2023-07-26 14:14:30.344956,4029570.0,4030021.0,116.76926379394531,116.77326383463542,118.7348388264974,118.7388388671875
2023-07-26 14:14:30.357913,4029573.0,4030024.0,116.78230786132814,116.78630790201822,118.7478828938802,118.75188297526041
2023-07-26 14:14:30.370516,4029576.0,4030027.0,116.79535196940104,116.79935201009114,118.76092667643229,118.76492671712239
2023-07-26 14:14:30.383417,4029579.0,4030030.0,116.80840612792969,116.81240616861979,118.77397074381511,118.77797082519531
2023-07-26 14:14:30.396369,4029582.0,4030033.0,116.82143977864584,116.82543986002604,118.78701485188803,118.79101489257812
2023-07-26 14:14:30.409461,4029585.0,4030036.0,116.83448388671874,116.83848392740886,118.80005891927082,118.80405900065104
2023-07-26 14:14:30.422409,4029588.0,4030039.0,116.84752795410157,116.85152803548178,118.81310270182291,118.81710274251301
2023-07-26 14:14:30.435365,4029591.0,4030042.0,116.86057173665365,116.86457177734376,118.82614676920574,118.83014680989582
2023-07-26 14:14:30.449319,4029594.0,4030045.0,116.87361580403646,116.87761588541666,118.83919087727864,118.84319091796876
2023-07-26 14:14:30.462275,4029597.0,4030048.0,116.88665991210937,116.89065995279948,118.85223494466146,118.85623498535156
2023-07-26 14:14:30.475236,4029600.0,4030051.0,116.89970397949219,116.90370397949219,118.86527868652344,118.86927876790364
2023-07-26 14:14:30.488193,4029603.0,4030054.0,116.91274776204428,116.91674780273438,118.87833321126301,118.88233325195313
2023-07-26 14:14:30.501149,4029606.0,4030057.0,116.92579182942708,116.92979187011719,118.89136686197917,118.89536694335938
2023-07-26 14:14:30.513751,4029609.0,4030060.0,116.9388359375,116.9428359781901,118.90441088867188,118.90841088867188
2023-07-26 14:14:30.526707,4029612.0,4030063.0,116.95187976074219,116.95587976074219,118.91745471191408,118.92145479329427
2023-07-26 14:14:30.539664,4029615.0,4030066.0,116.9649237467448,116.968923828125,118.93049881998698,118.93449886067708
2023-07-26 14:14:30.553617,4029618.0,4030069.0,116.9779678548177,116.98196789550782,118.94354288736979,118.94754296875
2023-07-26 14:14:30.566573,4029621.0,4030072.0,116.99101192220051,116.99501200358074,118.95658666992188,118.96058671061198
2023-07-26 14:14:30.579530,4029624.0,4030075.0,117.0040557047526,117.0080557454427,118.96963073730468,118.97363077799479
2023-07-26 14:14:30.592487,4029627.0,4030078.0,117.01709977213541,117.02109985351562,118.9826748453776,118.98667488606772
2023-07-26 14:14:30.605443,4029630.0,4030081.0,117.03014388020833,117.03414392089844,118.99571891276042,118.99971895345051
2023-07-26 14:14:30.618400,4029633.0,4030084.0,117.04318794759115,117.04718802897135,119.0087626546224,119.0127627360026
2023-07-26 14:14:30.631356,4029636.0,4030087.0,117.05623173014322,117.06023177083333,119.0218067626953,119.02580680338542
2023-07-26 14:14:30.644313,4029639.0,4030090.0,117.06927579752603,117.07327583821615,119.03485083007813,119.03885091145833
2023-07-26 14:14:30.657270,4029642.0,4030093.0,117.08231990559896,117.08631994628907,119.04789493815105,119.05189497884115
2023-07-26 14:14:30.670226,4029645.0,4030096.0,117.09536397298176,117.09936401367187,119.06093868001301,119.06493876139324
2023-07-26 14:14:30.683183,4029648.0,4030099.0,117.10840771484375,117.11240779622396,119.07398278808594,119.07798282877604
2023-07-26 14:14:30.697136,4029651.0,4030102.0,117.12145182291667,117.12545186360677,119.08702685546875,119.09102693684895
2023-07-26 14:14:30.710093,4029654.0,4030105.0,117.13449589029949,117.13849597167969,119.10007096354165,119.10407100423177
2023-07-26 14:14:30.723049,4029657.0,4030108.0,117.14753991699219,117.15153991699219,119.11311470540365,119.11711474609375
2023-07-26 14:14:30.736006,4029660.0,4030111.0,117.16058374023437,117.16458382161458,119.12615881347656,119.13015885416668
2023-07-26 14:14:30.748962,4029663.0,4030114.0,117.17362784830729,117.1776278889974,119.13920288085939,119.14320292154947
2023-07-26 14:14:30.761919,4029666.0,4030117.0,117.18667191569011,117.19067199707031,119.15224682617188,119.15624682617188
2023-07-26 14:14:30.774875,4029669.0,4030120.0,117.19971569824219,117.20371573893229,119.16529073079427,119.16929077148438
2023-07-26 14:14:30.787832,4029672.0,4030123.0,117.212759765625,117.21675980631511,119.17833479817709,119.18233487955729
2023-07-26 14:14:30.800789,4029675.0,4030126.0,117.22580387369793,117.22980391438801,119.19137890625,119.1953789469401
2023-07-26 14:14:30.813745,4029678.0,4030129.0,117.23884794108072,117.24284798177084,119.20442264811197,119.20842272949218
2023-07-26 14:14:30.826702,4029681.0,4030132.0,117.25189168294271,117.25589176432293,119.2174667561849,119.22146679687499
2023-07-26 14:14:30.839659,4029684.0,4030135.0,117.26493579101563,117.26893583170572,119.23051082356771,119.23451090494791
2023-07-26 14:14:30.853612,4029687.0,4030138.0,117.27797985839844,117.28197993977865,119.24355493164062,119.24755497233073
2023-07-26 14:14:30.866568,4029690.0,4030141.0,117.29102396647136,117.29502400716146,119.25659867350261,119.2605987141927
2023-07-26 14:14:30.879525,4029693.0,4030144.0,117.30406770833333,117.30806778971355,119.26964278157553,119.27364282226561
2023-07-26 14:14:30.892482,4029696.0,4030147.0,117.31711181640624,117.32111185709635,119.28268684895833,119.28668688964844
2023-07-26 14:14:30.905438,4029699.0,4030150.0,117.33015588378906,117.33415596516927,119.29573095703125,119.29973099772135
2023-07-26 14:14:30.918395,4029702.0,4030153.0,117.34319999186198,117.3472000325521,119.30877469889323,119.31277473958333
2023-07-26 14:14:30.931352,4029705.0,4030156.0,117.35624373372396,117.36024377441406,119.32181876627604,119.32581884765625
2023-07-26 14:14:30.944308,4029708.0,4030159.0,117.36928784179688,117.37328788248698,119.33486287434896,119.33886291503907
2023-07-26 14:14:30.957264,4029711.0,4030162.0,117.38233190917968,117.3863319498698,119.34790694173178,119.35190698242188
2023-07-26 14:14:30.970221,4029714.0,4030165.0,117.39537585449219,117.39937585449219,119.36095072428385,119.36495076497395
2023-07-26 14:14:30.983178,4029717.0,4030168.0,117.4084197591146,117.41241979980468,119.37399479166666,119.37799487304687
2023-07-26 14:14:30.996134,4029720.0,4030171.0,117.42146382649739,117.42546390787761,119.38703889973958,119.3910389404297
2023-07-26 14:14:31.010088,4029723.0,4030174.0,117.4345079345703,117.43850797526042,119.40008276367188,119.40408276367187
2023-07-26 14:14:31.023045,4029726.0,4030177.0,117.4475516764323,117.4515517578125,119.41312674967448,119.41712679036458
2023-07-26 14:14:31.036001,4029729.0,4030180.0,117.4605957845052,117.46459582519532,119.4261708170573,119.4301708577474
2023-07-26 14:14:31.052944,4029732.0,4030183.0,117.47363985188802,117.47763993326824,119.43921492513022,119.4432149658203
2023-07-26 14:14:31.065909,4029736.0,4030187.0,117.49103198242187,117.49503202311199,119.45660668945312,119.46060673014323
2023-07-26 14:14:31.079024,4029739.0,4030190.0,117.50407572428387,117.50807580566406,119.46965079752603,119.47365083821614
2023-07-26 14:14:31.091939,4029742.0,4030193.0,117.51711983235677,117.52111987304687,119.48269486490885,119.48669490559897
2023-07-26 14:14:31.105892,4029745.0,4030196.0,117.53016389973958,117.53416398111979,119.49573897298177,119.49973901367187
2023-07-26 14:14:31.117994,4029748.0,4030199.0,117.54320788574219,117.54720788574218,119.50878271484376,119.51278275553385
2023-07-26 14:14:31.131887,4029751.0,4030202.0,117.55625174967449,117.56025179036457,119.52182678222655,119.52582686360677
2023-07-26 14:14:31.144843,4029754.0,4030205.0,117.56929585774739,117.57329589843751,119.53487089029949,119.53887093098957
2023-07-26 14:14:31.157800,4029757.0,4030208.0,117.58233992513021,117.58633996582032,119.54791479492188,119.55191479492187
2023-07-26 14:14:31.170756,4029760.0,4030211.0,117.59538366699219,117.59938374837239,119.56095874023437,119.56495878092448
2023-07-26 14:14:31.183713,4029763.0,4030214.0,117.6084277750651,117.61242781575521,119.57400280761719,119.5780028889974
2023-07-26 14:14:31.196670,4029766.0,4030217.0,117.62147184244792,117.62547192382813,119.58704691569011,119.5910469563802
2023-07-26 14:14:31.209626,4029769.0,4030220.0,117.63451595052084,117.63851599121094,119.60009065755207,119.60409069824219
2023-07-26 14:14:31.222583,4029772.0,4030223.0,117.6475596923828,117.65155977376303,119.61313476562499,119.61713480631511
2023-07-26 14:14:31.235539,4029775.0,4030226.0,117.66060380045573,117.66460384114583,119.62617883300781,119.63017887369793
2023-07-26 14:14:31.248496,4029778.0,4030229.0,117.67364786783854,117.67764794921875,119.63922294108073,119.64322298177083
2023-07-26 14:14:31.261453,4029781.0,4030232.0,117.68669197591146,117.69069201660156,119.65226668294271,119.65626672363281
2023-07-26 14:14:31.275406,4029784.0,4030235.0,117.69973571777344,117.70373575846354,119.66531075032552,119.66931083170573
2023-07-26 14:14:31.288363,4029787.0,4030238.0,117.71277982584635,117.71677986653647,119.67835485839845,119.68235489908854
2023-07-26 14:14:31.301319,4029790.0,4030241.0,117.72582389322918,117.72982393391926,119.69139892578124,119.69539900716146
2023-07-26 14:14:31.314276,4029793.0,4030244.0,117.73886800130208,117.74286804199218,119.70444270833333,119.70844274902345
2023-07-26 14:14:31.327232,4029796.0,4030247.0,117.75191174316406,117.75591178385417,119.71748677571615,119.72148685709635
2023-07-26 14:14:31.340190,4029799.0,4030250.0,117.76495581054688,117.76895589192708,119.73053088378907,119.73453092447916
2023-07-26 14:14:31.353146,4029802.0,4030253.0,117.77801033528647,117.78201037597655,119.74357495117187,119.74757495117187
2023-07-26 14:14:31.366102,4029805.0,4030256.0,117.79104382324219,117.7950438232422,119.75661873372395,119.76061877441406
2023-07-26 14:14:31.379054,4029808.0,4030259.0,117.8040877685547,117.8080878092448,119.76966280110678,119.77366284179688
2023-07-26 14:14:31.392696,4029811.0,4030262.0,117.8171318359375,117.8211319173177,119.78270690917968,119.7867069498698
2023-07-26 14:14:31.405673,4029814.0,4030265.0,117.8301759440104,117.83417598470052,119.79575073242188,119.79975073242188
2023-07-26 14:14:31.418629,4029817.0,4030268.0,117.8432196858724,117.8472197265625,119.80879471842448,119.81279479980468
2023-07-26 14:14:31.431586,4029820.0,4030271.0,117.85626379394532,117.8602638346354,119.82183882649738,119.8258388671875
2023-07-26 14:14:31.444543,4029823.0,4030274.0,117.86930786132812,117.87330790201823,119.8348828938802,119.83888297526042
2023-07-26 14:14:31.457499,4029826.0,4030277.0,117.88235196940104,117.88635201009114,119.8479266764323,119.8519267171224
2023-07-26 14:14:31.470451,4029829.0,4030280.0,117.89540612792969,117.89940616861979,119.8609707438151,119.86497082519531
2023-07-26 14:14:31.483408,4029832.0,4030283.0,117.90843977864584,117.91243986002604,119.87401485188802,119.87801489257812
2023-07-26 14:14:31.496364,4029835.0,4030286.0,117.92148388671875,117.92548392740886,119.88705891927083,119.89105900065104
2023-07-26 14:14:31.509322,4029838.0,4030289.0,117.93452795410157,117.93852803548178,119.90010270182292,119.90410274251302
2023-07-26 14:14:31.522283,4029841.0,4030292.0,117.94757173665366,117.95157177734374,119.91314676920572,119.91714680989583
2023-07-26 14:14:31.536235,4029844.0,4030295.0,117.96061580403645,117.96461588541666,119.92619087727864,119.93019091796876
2023-07-26 14:14:31.549192,4029847.0,4030298.0,117.97365991210937,117.97765995279948,119.93923494466146,119.94323498535155
2023-07-26 14:14:31.562149,4029850.0,4030301.0,117.98670397949219,117.99070397949218,119.95227868652344,119.95627876790364
2023-07-26 14:14:31.575105,4029853.0,4030304.0,117.99974776204427,118.00374780273438,119.96533321126302,119.96933325195313
2023-07-26 14:14:31.588062,4029856.0,4030307.0,118.01279182942709,118.01679187011719,119.97836686197917,119.98236694335937
2023-07-26 14:14:31.601018,4029859.0,4030310.0,118.0258359375,118.0298359781901,119.99141088867188,119.99541088867187
2023-07-26 14:14:31.613975,4029862.0,4030313.0,118.03887976074219,118.04287976074218,120.00445471191406,120.00845479329428
2023-07-26 14:14:31.626931,4029865.0,4030316.0,118.05192374674479,118.055923828125,120.01749881998698,120.02149886067708
2023-07-26 14:14:31.639888,4029868.0,4030319.0,118.06496785481771,118.06896789550783,120.03054288736979,120.03454296874999
2023-07-26 14:14:31.652845,4029871.0,4030322.0,118.07801192220052,118.08201200358073,120.04358666992186,120.04758671061198
2023-07-26 14:14:31.666798,4029874.0,4030325.0,118.09105570475259,118.0950557454427,120.05663073730469,120.06063077799479
2023-07-26 14:14:31.679754,4029877.0,4030328.0,118.10409977213541,118.10809985351563,120.0696748453776,120.07367488606772
2023-07-26 14:14:31.692711,4029880.0,4030331.0,118.11714388020833,118.12114392089845,120.08271891276041,120.08671895345051
2023-07-26 14:14:31.705668,4029883.0,4030334.0,118.13018794759115,118.13418802897135,120.09576265462239,120.0997627360026
2023-07-26 14:14:31.718624,4029886.0,4030337.0,118.14323173014323,118.14723177083333,120.10880676269531,120.11280680338542
2023-07-26 14:14:31.731581,4029889.0,4030340.0,118.15627579752604,118.16027583821615,120.12185083007813,120.12585091145833
2023-07-26 14:14:31.744537,4029892.0,4030343.0,118.16931990559897,118.17331994628906,120.13489493815104,120.13889497884115
2023-07-26 14:14:31.757494,4029895.0,4030346.0,118.18236397298176,118.18636401367188,120.14793868001301,120.15193876139324
2023-07-26 14:14:31.770451,4029898.0,4030349.0,118.19540771484375,118.19940779622397,120.16098278808595,120.16498282877603
2023-07-26 14:14:31.783407,4029901.0,4030352.0,118.20845182291667,118.21245186360676,120.17402685546875,120.17802693684895
2023-07-26 14:14:31.796364,4029904.0,4030355.0,118.22149589029948,118.22549597167969,120.18707096354166,120.19107100423177
2023-07-26 14:14:31.809320,4029907.0,4030358.0,118.23453991699219,118.2385399169922,120.20011470540365,120.20411474609374
2023-07-26 14:14:31.823274,4029910.0,4030361.0,118.24758374023438,118.25158382161457,120.21315881347657,120.21715885416667
2023-07-26 14:14:31.836230,4029913.0,4030364.0,118.2606278483073,118.2646278889974,120.22620288085938,120.23020292154948
2023-07-26 14:14:31.849187,4029916.0,4030367.0,118.2736719156901,118.27767199707031,120.23924682617188,120.24324682617188
2023-07-26 14:14:31.862143,4029919.0,4030370.0,118.28671569824219,118.29071573893229,120.25229073079427,120.25629077148437
2023-07-26 14:14:31.875100,4029922.0,4030373.0,118.299759765625,118.3037598063151,120.26533479817708,120.26933487955729
2023-07-26 14:14:31.888057,4029925.0,4030376.0,118.31280387369792,118.31680391438802,120.27837890625,120.2823789469401
2023-07-26 14:14:31.901013,4029928.0,4030379.0,118.32584794108072,118.32984798177084,120.29142264811198,120.29542272949219
2023-07-26 14:14:31.913970,4029931.0,4030382.0,118.33889168294272,118.34289176432293,120.3044667561849,120.308466796875
2023-07-26 14:14:31.926926,4029934.0,4030385.0,118.35193579101563,118.35593583170572,120.3175108235677,120.32151090494791
2023-07-26 14:14:31.939883,4029937.0,4030388.0,118.36497985839844,118.36897993977865,120.33055493164062,120.33455497233074
2023-07-26 14:14:31.952840,4029940.0,4030391.0,118.37802396647136,118.38202400716146,120.34359867350261,120.3475987141927
2023-07-26 14:14:31.966793,4029943.0,4030394.0,118.39106770833334,118.39506778971354,120.35664278157552,120.36064282226562
2023-07-26 14:14:31.979750,4029946.0,4030397.0,118.40411181640624,118.40811185709636,120.36968684895834,120.37368688964844
2023-07-26 14:14:31.992706,4029949.0,4030400.0,118.41715588378906,118.42115596516928,120.38273095703126,120.38673099772134
2023-07-26 14:14:32.005663,4029952.0,4030403.0,118.43019999186198,118.43420003255208,120.39577469889323,120.39977473958334
2023-07-26 14:14:32.018619,4029955.0,4030406.0,118.44324373372395,118.44724377441406,120.40881876627604,120.41281884765625
2023-07-26 14:14:32.031576,4029958.0,4030409.0,118.45628784179688,118.46028788248698,120.42186287434896,120.42586291503906
2023-07-26 14:14:32.044528,4029961.0,4030412.0,118.46933190917969,118.47333194986979,120.43490694173178,120.43890698242187
2023-07-26 14:14:32.061492,4029964.0,4030415.0,118.48237585449219,118.48637585449218,120.44795072428386,120.45195076497396
2023-07-26 14:14:32.075429,4029968.0,4030419.0,118.49976778157553,118.50376782226562,120.4653428141276,120.46934289550782
2023-07-26 14:14:32.088386,4029971.0,4030422.0,118.51281188964843,118.51681193033855,120.47838692220051,120.48238696289063
2023-07-26 14:14:32.101342,4029974.0,4030425.0,118.52585595703125,118.52985599772136,120.4914306640625,120.4954307454427
2023-07-26 14:14:32.114299,4029977.0,4030428.0,118.53889969889323,118.54289978027343,120.50447477213541,120.50847481282553
2023-07-26 14:14:32.127255,4029980.0,4030431.0,118.55194380696614,118.55594384765625,120.51751883951823,120.52151892089844
2023-07-26 14:14:32.140212,4029983.0,4030434.0,118.56498787434896,118.56898795572917,120.53056294759115,120.53456298828124
2023-07-26 14:14:32.153168,4029986.0,4030437.0,118.57803198242188,118.58203202311198,120.54360668945311,120.54760673014323
2023-07-26 14:14:32.166125,4029989.0,4030440.0,118.59107572428385,118.59507580566407,120.55665079752603,120.56065083821615
2023-07-26 14:14:32.179082,4029992.0,4030443.0,118.60411983235677,118.60811987304687,120.56969486490885,120.57369490559897
2023-07-26 14:14:32.192038,4029995.0,4030446.0,118.61716389973958,118.62116398111979,120.58273897298176,120.58673901367187
2023-07-26 14:14:32.204995,4029998.0,4030449.0,118.6302078857422,118.63420788574219,120.59578271484375,120.59978275553385
2023-07-26 14:14:32.218948,4030001.0,4030452.0,118.64325174967448,118.64725179036458,120.60882678222656,120.61282686360677
2023-07-26 14:14:32.231905,4030004.0,4030455.0,118.6562958577474,118.66029589843751,120.62187089029949,120.62587093098958
2023-07-26 14:14:32.244861,4030007.0,4030458.0,118.66933992513022,118.6733399658203,120.63491479492187,120.63891479492187
2023-07-26 14:14:32.257818,4030010.0,4030461.0,118.68238366699218,118.68638374837239,120.64795874023437,120.65195878092449
2023-07-26 14:14:32.270774,4030013.0,4030464.0,118.6954277750651,118.69942781575521,120.6610028076172,120.6650028889974
2023-07-26 14:14:32.283731,4030016.0,4030467.0,118.70847184244792,118.71247192382812,120.67404691569011,120.6780469563802
2023-07-26 14:14:32.296688,4030019.0,4030470.0,118.72151595052084,118.72551599121094,120.68709065755208,120.69109069824219
2023-07-26 14:14:32.309644,4030022.0,4030473.0,118.7345596923828,118.73855977376303,120.700134765625,120.70413480631511
2023-07-26 14:14:32.322601,4030025.0,4030476.0,118.74760380045574,118.75160384114582,120.71317883300782,120.71717887369792
2023-07-26 14:14:32.335557,4030028.0,4030479.0,118.76064786783854,118.76464794921874,120.72622294108072,120.73022298177084
2023-07-26 14:14:32.348510,4030031.0,4030482.0,118.77369197591145,118.77769201660156,120.73926668294271,120.74326672363281
2023-07-26 14:14:32.362467,4030034.0,4030485.0,118.78673571777344,118.79073575846354,120.75231075032552,120.75631083170572
2023-07-26 14:14:32.375424,4030037.0,4030488.0,118.79977982584636,118.80377986653646,120.76535485839844,120.76935489908854
2023-07-26 14:14:32.388381,4030040.0,4030491.0,118.81282389322917,118.81682393391927,120.77839892578125,120.78239900716146
2023-07-26 14:14:32.405325,4030043.0,4030494.0,118.82586800130208,118.82986804199219,120.79144270833334,120.79544274902345
2023-07-26 14:14:32.423259,4030047.0,4030498.0,118.84325976562499,118.84725980631511,120.80883479817709,120.81283487955729
2023-07-26 14:14:32.436220,4030051.0,4030502.0,118.86065189615886,118.86465193684896,120.82622692871094,120.83022696940104
2023-07-26 14:14:32.453164,4030054.0,4030505.0,118.87369596354166,118.87769604492188,120.83927067057293,120.84328116861978
2023-07-26 14:14:32.466120,4030058.0,4030509.0,118.8910877685547,118.89508780924479,120.85666280110676,120.86066284179688
2023-07-26 14:14:32.484057,4030061.0,4030512.0,118.90413183593749,118.9081319173177,120.86970690917968,120.8737069498698
2023-07-26 14:14:32.497012,4030065.0,4030516.0,118.92152396647136,118.92552400716146,120.8870986735026,120.89109871419271
2023-07-26 14:14:32.509973,4030068.0,4030519.0,118.93456770833333,118.93856778971355,120.90014278157552,120.90414282226561
2023-07-26 14:14:32.526917,4030071.0,4030522.0,118.94761181640625,118.95161185709635,120.91318684895833,120.91718688964843
2023-07-26 14:14:32.539869,4030075.0,4030526.0,118.96500390625,118.9690039876302,120.93057885742186,120.93457885742187
2023-07-26 14:14:32.557813,4030078.0,4030529.0,118.97804772949218,118.98204772949218,120.94362272135416,120.94762276204428
2023-07-26 14:14:32.570770,4030082.0,4030533.0,118.99543977864583,118.99943986002604,120.96101485188802,120.96501489257813
2023-07-26 14:14:32.587708,4030085.0,4030536.0,119.00848388671875,119.01248392740887,120.97405891927083,120.97805900065103
2023-07-26 14:14:32.600680,4030089.0,4030540.0,119.02587585449218,119.02987585449219,120.99145072428387,120.99545076497395
2023-07-26 14:14:32.618610,4030092.0,4030543.0,119.03891975911459,119.04291979980468,121.00449479166666,121.00849487304687
2023-07-26 14:14:32.631562,4030096.0,4030547.0,119.05631188964844,119.06031193033854,121.02188692220051,121.02588696289062
2023-07-26 14:14:32.648512,4030099.0,4030550.0,119.06935595703125,119.07335599772135,121.0349306640625,121.03893074544271
2023-07-26 14:14:32.661461,4030103.0,4030554.0,119.08674776204427,119.09074780273438,121.05233321126302,121.05633325195313
2023-07-26 14:14:32.679401,4030106.0,4030557.0,119.09979182942709,119.10379187011719,121.06536686197917,121.06936694335937
2023-07-26 14:14:32.692357,4030110.0,4030561.0,119.11718395996094,119.12118400065104,121.08275866699219,121.08675870768229
2023-07-26 14:14:32.709301,4030113.0,4030564.0,119.13022770182292,119.13422774251302,121.095802734375,121.09980281575521
2023-07-26 14:14:32.723254,4030117.0,4030568.0,119.14761983235677,119.15161987304687,121.11319486490885,121.11719490559896
2023-07-26 14:14:32.740231,4030120.0,4030571.0,119.16066389973957,119.16466398111979,121.12623897298177,121.13023901367188
2023-07-26 14:14:32.753397,4030124.0,4030575.0,119.1780557047526,119.18205574544271,121.14363073730469,121.14763077799479
2023-07-26 14:14:32.770544,4030127.0,4030578.0,119.19109977213542,119.19509985351561,121.15667484537761,121.16067488606771
2023-07-26 14:14:32.788147,4030131.0,4030582.0,119.20849190266928,119.21249194335937,121.17406693522136,121.17806701660156
2023-07-26 14:14:32.805581,4030135.0,4030586.0,119.22588366699219,119.2298837483724,121.19145874023437,121.19545878092448
2023-07-26 14:14:32.817858,4030139.0,4030590.0,119.24327579752604,119.24727583821614,121.20885083007812,121.21285091145833
2023-07-26 14:14:32.835977,4030142.0,4030593.0,119.25631990559896,119.26031994628906,121.22189493815104,121.22589497884115
2023-07-26 14:14:32.852988,4030146.0,4030597.0,119.27371179199218,119.27771179199219,121.23928670247396,121.24328678385417
2023-07-26 14:14:32.865952,4030150.0,4030601.0,119.29110380045573,119.29510384114583,121.25667883300781,121.26067887369793
2023-07-26 14:14:32.883817,4030153.0,4030604.0,119.30414786783854,119.30814794921875,121.26972294108073,121.27372298177083
2023-07-26 14:14:32.900765,4030157.0,4030608.0,119.3215399169922,119.3255399169922,121.28711470540365,121.29111474609374
2023-07-26 14:14:32.913717,4030161.0,4030612.0,119.33893176269531,119.34293184407552,121.3045068359375,121.3085068766276
2023-07-26 14:14:32.931659,4030164.0,4030615.0,119.35197587076824,119.35597591145833,121.31755090332031,121.32155098470052
2023-07-26 14:14:32.948605,4030168.0,4030619.0,119.36936800130208,119.37336804199218,121.33494270833333,121.33894274902345
2023-07-26 14:14:32.966542,4030172.0,4030623.0,119.386759765625,119.3907598063151,121.35233479817708,121.3563348795573
2023-07-26 14:14:32.983485,4030176.0,4030627.0,119.40415189615885,119.40815193684895,121.36972692871093,121.37372696940105
2023-07-26 14:14:33.001425,4030180.0,4030631.0,119.42154382324219,119.4255438232422,121.38711873372395,121.39111877441407
2023-07-26 14:14:33.014382,4030184.0,4030635.0,119.43893579101562,119.44293583170573,121.4045108235677,121.40851090494792
2023-07-26 14:14:33.031325,4030187.0,4030638.0,119.45197985839845,119.45597993977866,121.41755493164062,121.42155497233072
2023-07-26 14:14:33.049264,4030191.0,4030642.0,119.46937194824218,119.47337194824217,121.43494669596355,121.43894677734374
2023-07-26 14:14:33.066641,4030195.0,4030646.0,119.48676379394531,119.49076383463542,121.4523388264974,121.4563388671875
2023-07-26 14:14:33.083583,4030199.0,4030650.0,119.50415588378907,119.50815596516928,121.46973095703125,121.47373099772135
2023-07-26 14:14:33.101523,4030203.0,4030654.0,119.52154772949218,119.52554772949217,121.48712272135415,121.49112276204427
2023-07-26 14:14:33.118466,4030207.0,4030658.0,119.53893977864584,119.54293986002604,121.50451485188802,121.50851489257812
2023-07-26 14:14:33.131423,4030211.0,4030662.0,119.55633190917969,119.56033194986979,121.52190694173177,121.52590698242187
2023-07-26 14:14:33.149376,4030214.0,4030665.0,119.56937585449218,119.57337585449218,121.53495072428386,121.53895076497396
2023-07-26 14:14:33.162243,4030218.0,4030669.0,119.58676778157552,119.59076782226562,121.5523428141276,121.55634289550783
2023-07-26 14:14:33.179429,4030221.0,4030672.0,119.59981188964844,119.60381193033855,121.56538692220052,121.56938696289062
2023-07-26 14:14:33.196824,4030225.0,4030676.0,119.61720397949219,119.6212039794922,121.58277868652344,121.58677876790364
2023-07-26 14:14:33.210030,4030229.0,4030680.0,119.63459578450521,119.63859582519531,121.6001708170573,121.60417085774739
2023-07-26 14:14:33.226974,4030232.0,4030683.0,119.64763985188803,119.65163993326823,121.61321492513021,121.61721496582031
2023-07-26 14:14:33.239930,4030236.0,4030687.0,119.66503198242188,119.66903202311198,121.63060668945312,121.63460673014323
2023-07-26 14:14:33.257867,4030239.0,4030690.0,119.67807572428386,119.68207580566407,121.64365079752604,121.64765083821615
2023-07-26 14:14:33.274879,4030243.0,4030694.0,119.69546785481771,119.69946789550782,121.66104288736979,121.66504296875
2023-07-26 14:14:33.292749,4030247.0,4030698.0,119.71285998535156,119.71686002604167,121.67843469238281,121.68243473307291
2023-07-26 14:14:33.309697,4030251.0,4030702.0,119.73025174967448,119.73425179036458,121.69582678222656,121.69982686360676
2023-07-26 14:14:33.327632,4030255.0,4030706.0,119.74764388020833,119.75164392089845,121.71321891276042,121.71721895345051
2023-07-26 14:14:33.344592,4030259.0,4030710.0,119.76503597005208,119.7690360107422,121.73061071777344,121.73461075846353
2023-07-26 14:14:33.361521,4030263.0,4030714.0,119.7824277750651,119.78642781575522,121.7480028076172,121.7520028889974
2023-07-26 14:14:33.375476,4030267.0,4030718.0,119.79981990559897,119.80381994628905,121.76539493815105,121.76939497884115
2023-07-26 14:14:33.388433,4030270.0,4030721.0,119.81286397298176,119.81686401367188,121.77843868001301,121.78243876139324
2023-07-26 14:14:33.401389,4030273.0,4030724.0,119.82590771484375,119.82990779622396,121.79148278808594,121.79548282877604
2023-07-26 14:14:33.414345,4030276.0,4030727.0,119.83895182291667,119.84295186360677,121.80452685546875,121.80852693684895
2023-07-26 14:14:33.427302,4030279.0,4030730.0,119.85199589029949,119.85599597167969,121.81757096354166,121.82157100423177
2023-07-26 14:14:33.440259,4030282.0,4030733.0,119.86503991699219,119.8690399169922,121.83061470540365,121.83461474609375
2023-07-26 14:14:33.458199,4030285.0,4030736.0,119.87808374023437,119.88208382161459,121.84365881347657,121.84765885416667
2023-07-26 14:14:33.471155,4030289.0,4030740.0,119.89547587076824,119.89947591145834,121.86105090332032,121.86505098470052
2023-07-26 14:14:33.484113,4030292.0,4030743.0,119.90851993815104,119.91252001953124,121.8740946858724,121.8780947265625
2023-07-26 14:14:33.497068,4030295.0,4030746.0,119.92156372070312,119.92556376139324,121.8871387532552,121.89113879394532
2023-07-26 14:14:33.510025,4030298.0,4030749.0,119.93460778808594,119.93860786946615,121.90018286132813,121.90418290201822
2023-07-26 14:14:33.522982,4030301.0,4030752.0,119.94765189615886,119.95165193684896,121.91322692871093,121.91722696940104
2023-07-26 14:14:33.535938,4030304.0,4030755.0,119.96069600423176,119.96469604492188,121.92627067057292,121.93028116861979
2023-07-26 14:14:33.552882,4030307.0,4030758.0,119.97373974609374,119.97773978678386,121.93931477864584,121.94331481933594
2023-07-26 14:14:33.566835,4030311.0,4030762.0,119.9911318359375,119.9951319173177,121.95670690917969,121.96070694986979
2023-07-26 14:14:33.579792,4030314.0,4030765.0,120.00417594401041,120.00817598470053,121.96975073242189,121.97375073242188
2023-07-26 14:14:33.592748,4030317.0,4030768.0,120.01721968587239,120.02121972656249,121.98279471842447,121.98679479980468
2023-07-26 14:14:33.605704,4030320.0,4030771.0,120.03026379394531,120.03426383463541,121.99583882649739,121.9998388671875
2023-07-26 14:14:33.622648,4030323.0,4030774.0,120.04330786132813,120.04730790201823,122.00888289388021,122.01288297526041
2023-07-26 14:14:33.635604,4030327.0,4030778.0,120.06069999186198,120.0647000325521,122.02627469889323,122.03027473958333
2023-07-26 14:14:33.648561,4030330.0,4030781.0,120.07374373372396,120.07774377441406,122.03931876627604,122.04331884765625
2023-07-26 14:14:33.662514,4030333.0,4030784.0,120.08678784179688,120.09078788248698,122.05236287434896,122.05636291503907
2023-07-26 14:14:33.679457,4030336.0,4030787.0,120.09983190917968,120.1038319498698,122.06540694173178,122.06940698242187
2023-07-26 14:14:33.692414,4030340.0,4030791.0,120.1172237141927,120.12122375488282,122.0827987467448,122.08679878743489
2023-07-26 14:14:33.705371,4030343.0,4030794.0,120.13026778157553,120.13426782226561,122.0958428141276,122.09984289550782
2023-07-26 14:14:33.723311,4030346.0,4030797.0,120.14331188964843,120.14731193033855,122.10888692220051,122.11288696289063
2023-07-26 14:14:33.736267,4030350.0,4030801.0,120.16070397949218,120.16470397949219,122.12627868652343,122.13027876790365
2023-07-26 14:14:33.749224,4030353.0,4030804.0,120.17374776204427,120.17774780273439,122.13933321126302,122.14333325195312
2023-07-26 14:14:33.762180,4030356.0,4030807.0,120.1867918294271,120.19079187011718,122.15236686197916,122.15636694335937
2023-07-26 14:14:33.779125,4030359.0,4030810.0,120.1998359375,120.2038359781901,122.16541088867187,122.16941088867188
2023-07-26 14:14:33.792081,4030363.0,4030814.0,120.2172277018229,120.22122774251302,122.182802734375,122.18680281575521
2023-07-26 14:14:33.806034,4030366.0,4030817.0,120.23027180989583,120.23427185058594,122.19584684244792,122.19984688313802
2023-07-26 14:14:33.818991,4030369.0,4030820.0,120.24331587727865,120.24731591796875,122.20889090983073,122.21289099121094
2023-07-26 14:14:33.835933,4030372.0,4030823.0,120.25635998535155,120.26036002604167,122.2219346923828,122.22593473307292
2023-07-26 14:14:33.848890,4030376.0,4030827.0,120.27375174967449,120.27775179036458,122.23932678222656,122.24332686360677
2023-07-26 14:14:33.861846,4030379.0,4030830.0,120.28679585774739,120.29079589843751,122.25237089029949,122.25637093098958
2023-07-26 14:14:33.879786,4030382.0,4030833.0,120.29983992513021,120.3038399658203,122.26541479492188,122.26941479492187
2023-07-26 14:14:33.892743,4030386.0,4030837.0,120.31723173014323,120.32123177083332,122.2828067626953,122.28680680338542
2023-07-26 14:14:33.905700,4030389.0,4030840.0,120.33027579752604,120.33427583821614,122.29585083007812,122.29985091145834
2023-07-26 14:14:33.922643,4030392.0,4030843.0,120.34331990559896,120.34731994628906,122.30889493815104,122.31289497884116
2023-07-26 14:14:33.935599,4030396.0,4030847.0,120.36071179199219,120.36471179199219,122.32628670247396,122.33028678385418
2023-07-26 14:14:33.948556,4030399.0,4030850.0,120.37375577799479,120.3777558186849,122.33933081054688,122.34333085123697
2023-07-26 14:14:33.966496,4030402.0,4030853.0,120.38679984537761,120.39079988606771,122.35238529459635,122.35638537597656
2023-07-26 14:14:33.979453,4030406.0,4030857.0,120.40419197591144,120.40819201660156,122.36976668294271,122.37376672363281
2023-07-26 14:14:33.992409,4030409.0,4030860.0,120.41723571777344,120.42123575846354,122.38281075032552,122.38681083170573
2023-07-26 14:14:34.010349,4030412.0,4030863.0,120.43027982584636,120.43427986653647,122.39585485839845,122.39985489908854
2023-07-26 14:14:34.023306,4030416.0,4030867.0,120.44767191569011,120.45167199707032,122.41324682617187,122.41724682617188
2023-07-26 14:14:34.040249,4030419.0,4030870.0,120.46071569824218,120.46471573893228,122.42629073079426,122.43029077148438
2023-07-26 14:14:34.053205,4030423.0,4030874.0,120.47810778808594,120.48210786946615,122.44368286132813,122.44768290201823
2023-07-26 14:14:34.071141,4030426.0,4030877.0,120.49115189615885,120.49515193684896,122.45672692871094,122.46072696940104
2023-07-26 14:14:34.084102,4030430.0,4030881.0,120.50854382324219,120.5125438232422,122.47411873372396,122.47811877441406
2023-07-26 14:14:34.101045,4030433.0,4030884.0,120.5215877685547,120.52558780924478,122.48716280110678,122.49116284179688
2023-07-26 14:14:34.114002,4030437.0,4030888.0,120.53897985839845,120.54297993977865,122.50455493164061,122.50855497233073
2023-07-26 14:14:34.131937,4030440.0,4030891.0,120.55202396647137,120.55602400716145,122.5175986735026,122.5215987141927
2023-07-26 14:14:34.144898,4030444.0,4030895.0,120.56941573079426,120.57341581217447,122.53499080403645,122.53899084472657
2023-07-26 14:14:34.161842,4030447.0,4030898.0,120.58245983886718,120.5864598795573,122.54803487141928,122.55203495279949
2023-07-26 14:14:34.174798,4030451.0,4030902.0,120.59985196940104,120.60385201009115,122.5654266764323,122.56942671712238
2023-07-26 14:14:34.192738,4030454.0,4030905.0,120.61290612792969,120.61690616861978,122.5784707438151,122.58247082519532
2023-07-26 14:14:34.205695,4030458.0,4030909.0,120.63028784179689,120.63428788248697,122.59586287434895,122.59986291503907
2023-07-26 14:14:34.222638,4030461.0,4030912.0,120.64333190917968,120.6473319498698,122.60890694173177,122.61290698242188
2023-07-26 14:14:34.235595,4030465.0,4030916.0,120.6607237141927,120.66472375488281,122.6262987467448,122.6302987874349
2023-07-26 14:14:34.253534,4030468.0,4030919.0,120.67376778157552,120.67776782226562,122.6393428141276,122.64334289550781
2023-07-26 14:14:34.266491,4030472.0,4030923.0,120.69115991210937,120.69515995279949,122.65673494466147,122.66073498535155
2023-07-26 14:14:34.283434,4030475.0,4030926.0,120.70420397949219,120.70820397949218,122.66977868652343,122.67377876790364
2023-07-26 14:14:34.297388,4030479.0,4030930.0,120.72159578450521,120.72559582519531,122.6871708170573,122.6911708577474
2023-07-26 14:14:34.314331,4030482.0,4030933.0,120.73463985188802,120.73863993326823,122.70021492513021,122.70421496582031
2023-07-26 14:14:34.327287,4030486.0,4030937.0,120.75203198242187,120.75603202311198,122.71760668945312,122.72160673014324
2023-07-26 14:14:34.344229,4030489.0,4030940.0,120.76507572428386,120.76907580566407,122.73065079752604,122.73465083821614
2023-07-26 14:14:34.358180,4030493.0,4030944.0,120.78246785481771,120.78646789550783,122.74804288736979,122.75204296874999
2023-07-26 14:14:34.375127,4030496.0,4030947.0,120.79551192220052,120.79951200358073,122.76108666992187,122.76508671061198
2023-07-26 14:14:34.388084,4030500.0,4030951.0,120.81290372721355,120.81690376790364,122.77847875976562,122.78247884114583
2023-07-26 14:14:34.406020,4030503.0,4030954.0,120.82595821126301,120.82995829264323,122.79152286783854,122.79552290852865
2023-07-26 14:14:34.418980,4030507.0,4030958.0,120.84333992513021,120.84733996582031,122.80891479492188,122.81291479492188
2023-07-26 14:14:34.435923,4030510.0,4030961.0,120.85638366699219,120.8603837483724,122.82195874023438,122.82595878092448
2023-07-26 14:14:34.448880,4030514.0,4030965.0,120.87377579752604,120.87777583821615,122.83935083007813,122.84335091145833
2023-07-26 14:14:34.466820,4030517.0,4030968.0,120.88681990559897,120.89081994628906,122.85239493815104,122.85639497884115
2023-07-26 14:14:34.479776,4030521.0,4030972.0,120.90421179199218,120.90821179199219,122.86978670247396,122.87378678385417
2023-07-26 14:14:34.496719,4030524.0,4030975.0,120.91725577799478,120.9212558186849,122.88283081054688,122.88683085123698
2023-07-26 14:14:34.509676,4030528.0,4030979.0,120.93464786783854,120.93864794921875,122.90022294108073,122.90422298177083
2023-07-26 14:14:34.527616,4030531.0,4030982.0,120.94769197591145,120.95169201660157,122.91326668294272,122.9172667236328
2023-07-26 14:14:34.540573,4030535.0,4030986.0,120.96508374023438,120.96908382161457,122.93065881347657,122.93465885416667
2023-07-26 14:14:34.557516,4030538.0,4030989.0,120.9781278483073,120.9821278889974,122.94370288085938,122.94770292154948
2023-07-26 14:14:34.570473,4030542.0,4030993.0,120.99551993815105,120.99952001953125,122.9610946858724,122.9650947265625
2023-07-26 14:14:34.588412,4030545.0,4030996.0,121.00856372070312,121.01256376139324,122.9741387532552,122.97813879394532
2023-07-26 14:14:34.601369,4030549.0,4031000.0,121.02595581054688,121.02995589192709,122.99153088378907,122.99553092447917
2023-07-26 14:14:34.618308,4030552.0,4031003.0,121.03901033528646,121.04301037597656,123.00457495117186,123.00857495117187
2023-07-26 14:14:34.636252,4030556.0,4031007.0,121.05639168294272,121.06039176432292,123.0219667561849,123.025966796875
2023-07-26 14:14:34.653191,4030560.0,4031011.0,121.07378381347657,121.07778385416667,123.03935884602865,123.04335892740886
2023-07-26 14:14:34.666148,4030564.0,4031015.0,121.09117594401042,121.09517598470052,123.05675073242188,123.06075073242188
2023-07-26 14:14:34.684092,4030567.0,4031018.0,121.1042196858724,121.1082197265625,123.06979471842448,123.07379479980469
2023-07-26 14:14:34.697048,4030571.0,4031022.0,121.12161181640624,121.12561185709636,123.08718684895834,123.09118688964844
2023-07-26 14:14:34.713991,4030574.0,4031025.0,121.13465588378907,121.13865596516928,123.10023095703126,123.10423099772134
2023-07-26 14:14:34.726950,4030578.0,4031029.0,121.15204772949218,121.15604772949219,123.11762272135417,123.12162276204427
2023-07-26 14:14:34.744888,4030581.0,4031032.0,121.1650917561849,121.1690918375651,123.13066682942708,123.13466687011719
2023-07-26 14:14:34.757845,4030585.0,4031036.0,121.18248388671874,121.18648392740886,123.14805891927082,123.15205900065104
2023-07-26 14:14:34.774784,4030588.0,4031039.0,121.19552795410156,121.19952803548178,123.16110270182291,123.16510274251303
2023-07-26 14:14:34.788741,4030592.0,4031043.0,121.21291975911458,121.21691979980469,123.17849479166667,123.18249487304686
2023-07-26 14:14:34.805684,4030595.0,4031046.0,121.22596382649739,121.22996390787762,123.19153889973958,123.19553894042969
2023-07-26 14:14:34.818641,4030599.0,4031050.0,121.24335595703126,121.24735599772134,123.2089306640625,123.2129307454427
2023-07-26 14:14:34.835584,4030602.0,4031053.0,121.25639969889323,121.26039978027343,123.22197477213541,123.22597481282553
2023-07-26 14:14:34.853524,4030606.0,4031057.0,121.2737918294271,121.27779187011718,123.23936686197916,123.24336694335938
2023-07-26 14:14:34.866481,4030610.0,4031061.0,121.29118395996093,121.29518400065103,123.25675866699218,123.2607587076823
2023-07-26 14:14:34.883426,4030613.0,4031064.0,121.30422770182291,121.30822774251303,123.269802734375,123.27380281575522
2023-07-26 14:14:34.897373,4030617.0,4031068.0,121.32161983235677,121.32561987304688,123.28719486490886,123.29119490559896
2023-07-26 14:14:34.914321,4030620.0,4031071.0,121.33466389973958,121.33866398111978,123.30023897298176,123.30423901367188
2023-07-26 14:14:34.927277,4030624.0,4031075.0,121.3520557047526,121.3560557454427,123.3176307373047,123.32163077799478
2023-07-26 14:14:34.944220,4030627.0,4031078.0,121.36509977213541,121.36909985351562,123.3306748453776,123.33467488606772
2023-07-26 14:14:34.958174,4030631.0,4031082.0,121.38249190266927,121.38649194335937,123.34806693522135,123.35206701660157
2023-07-26 14:14:34.975117,4030634.0,4031085.0,121.39553597005208,121.3995360107422,123.36111071777344,123.36511075846353
2023-07-26 14:14:34.992060,4030638.0,4031089.0,121.4129277750651,121.41692781575522,123.3785028076172,123.3825028889974
2023-07-26 14:14:35.010000,4030642.0,4031093.0,121.43031990559896,121.43431994628907,123.39589493815105,123.39989497884115
2023-07-26 14:14:35.022956,4030646.0,4031097.0,121.44771179199219,121.4517117919922,123.41328670247397,123.41728678385417
2023-07-26 14:14:35.039900,4030649.0,4031100.0,121.46075577799479,121.46475581868489,123.42633081054687,123.43033085123697
2023-07-26 14:14:35.053551,4030653.0,4031104.0,121.47814786783854,121.48214794921874,123.44372294108072,123.44772298177084
2023-07-26 14:14:35.070450,4030656.0,4031107.0,121.49119197591145,121.49519201660156,123.45676668294271,123.46076672363282
2023-07-26 14:14:35.088389,4030660.0,4031111.0,121.50858374023437,121.51258382161458,123.47415881347656,123.47815885416668
2023-07-26 14:14:35.105448,4030664.0,4031115.0,121.52597587076824,121.52997591145834,123.49155090332032,123.49555098470053
2023-07-26 14:14:35.123343,4030668.0,4031119.0,121.54336800130208,121.54736804199219,123.50894270833334,123.51294274902344
2023-07-26 14:14:35.140286,4030672.0,4031123.0,121.560759765625,121.56475980631511,123.52633479817709,123.53033487955729
2023-07-26 14:14:35.158226,4030676.0,4031127.0,121.57815189615886,121.58215193684896,123.54372692871094,123.54772696940104
2023-07-26 14:14:35.175169,4030680.0,4031131.0,121.5955438232422,121.5995438232422,123.56111873372396,123.56511877441406
2023-07-26 14:14:35.192113,4030684.0,4031135.0,121.61293579101563,121.61693583170572,123.57851082356771,123.58251090494791
2023-07-26 14:14:35.210052,4030688.0,4031139.0,121.63032792154948,121.63432796223958,123.59590295410158,123.59990299479166
2023-07-26 14:14:35.226996,4030692.0,4031143.0,121.6477196858724,121.65171972656249,123.61329471842447,123.61729479980468
2023-07-26 14:14:35.244936,4030696.0,4031147.0,121.66511181640625,121.66911185709635,123.63068684895833,123.63468688964844
2023-07-26 14:14:35.261879,4030700.0,4031151.0,121.68250390625,121.6865039876302,123.64807885742186,123.65207885742187
2023-07-26 14:14:35.279819,4030704.0,4031155.0,121.6999061279297,121.70390616861978,123.6654707438151,123.66947082519532
2023-07-26 14:14:35.296762,4030708.0,4031159.0,121.71728784179689,121.72128788248698,123.68286287434896,123.68686291503907
2023-07-26 14:14:35.314702,4030712.0,4031163.0,121.73467993164061,121.73868001302083,123.70025463867186,123.70425472005209
2023-07-26 14:14:35.331645,4030716.0,4031167.0,121.75207173665365,121.75607177734375,123.71764676920573,123.72164680989583
2023-07-26 14:14:35.349585,4030720.0,4031171.0,121.76946382649739,121.77346390787761,123.73503889973958,123.7390389404297
2023-07-26 14:14:35.366560,4030724.0,4031175.0,121.78685595703125,121.79085599772135,123.7524306640625,123.75643074544271
2023-07-26 14:14:35.383632,4030728.0,4031179.0,121.80424776204427,121.80824780273439,123.76983321126302,123.77383325195314
2023-07-26 14:14:35.401521,4030732.0,4031183.0,121.82163985188802,121.82563993326823,123.78721492513021,123.7912149658203
2023-07-26 14:14:35.418464,4030736.0,4031187.0,121.83903198242187,121.84303202311199,123.80460668945312,123.80860673014323
2023-07-26 14:14:35.436404,4030740.0,4031191.0,121.8564237467448,121.86042382812501,123.82199881998699,123.82599886067707
2023-07-26 14:14:35.453347,4030744.0,4031195.0,121.87381587727864,121.87781591796876,123.83939090983073,123.84339099121094
2023-07-26 14:14:35.471287,4030748.0,4031199.0,121.89120788574219,121.89520788574218,123.85678271484376,123.86078275553385
2023-07-26 14:14:35.488230,4030752.0,4031203.0,121.90859977213542,121.91259985351562,123.87417484537761,123.87817488606771
2023-07-26 14:14:35.506170,4030756.0,4031207.0,121.92599190266928,121.92999194335937,123.89156693522135,123.89556701660156
2023-07-26 14:14:35.523114,4030760.0,4031211.0,121.94338366699219,121.94738374837239,123.90895874023437,123.91295878092448
2023-07-26 14:14:35.540057,4030764.0,4031215.0,121.96077579752604,121.96477583821614,123.92635083007812,123.93035091145833
2023-07-26 14:14:35.557997,4030768.0,4031219.0,121.9781679280599,121.98216796874999,123.94374291992187,123.94774291992188
2023-07-26 14:14:35.574940,4030772.0,4031223.0,121.99555969238281,121.99955977376302,123.96113476562499,123.9651348063151
2023-07-26 14:14:35.592880,4030776.0,4031227.0,122.01295182291666,122.01695186360676,123.97852685546874,123.98252693684896
2023-07-26 14:14:35.609823,4030780.0,4031231.0,122.03034395345051,122.03434399414063,123.99591870117187,123.99991870117188
2023-07-26 14:14:35.627763,4030784.0,4031235.0,122.04773571777343,122.05173575846354,124.01331075032552,124.01731083170573
2023-07-26 14:14:35.644706,4030788.0,4031239.0,122.06512784830728,122.0691278889974,124.03070288085938,124.03470292154948
2023-07-26 14:14:35.662642,4030792.0,4031243.0,122.08251993815104,122.08652001953125,124.0480946858724,124.0520947265625
,,,,,,
,,,,,,
,,,,,,
,,,,,,
,,,,,,
