0,1,2,3,4,5,6
2023-07-26 15:32:32.280060,5106255.0,5106705.0,62.59733483886719,62.60133487955729,64.56066088867188,64.56466088867188
2023-07-26 15:32:32.282049,5106256.0,5106706.0,62.60168286132812,62.60568290201823,64.56500866699218,64.5690087076823
2023-07-26 15:32:32.287032,5106257.0,5106707.0,62.60603088378907,62.61003096516927,64.56935668945312,64.57335673014323
2023-07-26 15:32:32.291019,5106258.0,5106708.0,62.61037890625,62.61437898763021,64.57370471191408,64.57770479329427
2023-07-26 15:32:32.295005,5106259.0,5106709.0,62.61472696940104,62.61872701009115,64.578052734375,64.5820528157552
2023-07-26 15:32:32.299989,5106260.0,5106710.0,62.61907499186198,62.62307503255208,64.58240079752603,64.58640083821615
2023-07-26 15:32:32.303971,5106261.0,5106711.0,62.62342272949219,62.62742272949219,64.58674881998698,64.59074886067708
2023-07-26 15:32:32.308959,5106262.0,5106712.0,62.62778112792969,62.63178116861979,64.59109684244791,64.59509688313803
2023-07-26 15:32:32.312945,5106263.0,5106713.0,62.632118733723956,62.636118774414065,64.59544486490886,64.59944490559896
2023-07-26 15:32:32.316927,5106264.0,5106714.0,62.636466756184895,62.6404668375651,64.59979288736979,64.60379296875
2023-07-26 15:32:32.321915,5106265.0,5106715.0,62.64081477864583,62.644814860026045,64.60414090983072,64.60814099121095
2023-07-26 15:32:32.325905,5106266.0,5106716.0,62.645162841796875,62.649162882486976,64.60848897298176,64.61248901367188
2023-07-26 15:32:32.329889,5106267.0,5106717.0,62.64951086425781,62.653510904947915,64.61283666992188,64.61683671061198
2023-07-26 15:32:32.334872,5106268.0,5106718.0,62.65385888671875,62.65785892740885,64.6171846923828,64.62118473307292
2023-07-26 15:32:32.338854,5106269.0,5106719.0,62.65820690917968,62.6622069498698,64.62153271484375,64.62553275553385
2023-07-26 15:32:32.343842,5106270.0,5106720.0,62.66255493164063,62.66655501302083,64.62588073730468,64.62988077799479
2023-07-26 15:32:32.347828,5106271.0,5106721.0,62.66690295410156,62.67090303548177,64.63022875976563,64.63422884114583
2023-07-26 15:32:32.351811,5106272.0,5106722.0,62.671250854492186,62.675250854492184,64.63457678222656,64.63857686360676
2023-07-26 15:32:32.356890,5106273.0,5106723.0,62.67559871419271,62.67959875488281,64.6389248453776,64.64292488606772
2023-07-26 15:32:32.360865,5106274.0,5106724.0,62.67994673665365,62.68394677734375,64.64327286783853,64.64727290852865
2023-07-26 15:32:32.364847,5106275.0,5106725.0,62.68429475911458,62.68829479980469,64.64762089029948,64.65162093098958
2023-07-26 15:32:32.369835,5106276.0,5106726.0,62.688642781575524,62.692642822265626,64.65196891276042,64.65596895345051
2023-07-26 15:32:32.373821,5106277.0,5106727.0,62.69299080403646,62.69699088541667,64.65631693522135,64.66031701660157
2023-07-26 15:32:32.377808,5106278.0,5106728.0,62.69733882649739,62.701338907877606,64.66066479492187,64.66466479492188
2023-07-26 15:32:32.382791,5106279.0,5106729.0,62.701686889648435,62.70568693033854,64.6650126546224,64.6690127360026
2023-07-26 15:32:32.386849,5106280.0,5106730.0,62.70603491210938,62.71003495279948,64.66936071777344,64.67336075846353
2023-07-26 15:32:32.390805,5106281.0,5106731.0,62.71038293457031,62.71438297526041,64.67370874023437,64.67770878092449
2023-07-26 15:32:32.395788,5106282.0,5106732.0,62.71473095703125,62.71873099772136,64.6780567626953,64.68205680338542
2023-07-26 15:32:32.399771,5106283.0,5106733.0,62.71907897949219,62.723078979492186,64.68240478515624,64.68640482584635
2023-07-26 15:32:32.403763,5106284.0,5106734.0,62.72342667643229,62.7274267578125,64.6867528076172,64.6907528889974
2023-07-26 15:32:32.408747,5106285.0,5106735.0,62.72777469889323,62.73177478027343,64.69110083007813,64.69510091145833
2023-07-26 15:32:32.412732,5106286.0,5106736.0,62.73212276204427,62.73612280273437,64.69544889322917,64.69944893391927
2023-07-26 15:32:32.416720,5106287.0,5106737.0,62.73647078450521,62.74047082519531,64.6997969156901,64.7037969563802
2023-07-26 15:32:32.421702,5106288.0,5106738.0,62.740818806966146,62.744818847656255,64.70414493815105,64.70814497884115
2023-07-26 15:32:32.425689,5106289.0,5106739.0,62.745166829427085,62.749166870117186,64.70849291992188,64.71249291992187
2023-07-26 15:32:32.430667,5106290.0,5106740.0,62.749514851888016,62.753514933268235,64.71284065755208,64.7168406982422
2023-07-26 15:32:32.434654,5106291.0,5106741.0,62.753862874348954,62.757862955729166,64.71718868001301,64.72118876139324
2023-07-26 15:32:32.438640,5106292.0,5106742.0,62.7582109375,62.762210978190105,64.72153670247397,64.72553678385417
2023-07-26 15:32:32.443624,5106293.0,5106743.0,62.76255895996094,62.76655900065104,64.725884765625,64.72988480631511
2023-07-26 15:32:32.447610,5106294.0,5106744.0,62.76690698242187,62.770907023111974,64.73023278808594,64.73423282877604
2023-07-26 15:32:32.452594,5106295.0,5106745.0,62.77125476074219,62.775254760742186,64.73458081054687,64.73858085123697
2023-07-26 15:32:32.456580,5106296.0,5106746.0,62.77560270182292,62.77960274251302,64.7389288330078,64.74292887369792
2023-07-26 15:32:32.460568,5106297.0,5106747.0,62.77995072428385,62.78395080566406,64.74327685546875,64.74727693684895
2023-07-26 15:32:32.465563,5106298.0,5106748.0,62.78429874674479,62.788298828125,64.74763529459635,64.75163537597656
2023-07-26 15:32:32.469537,5106299.0,5106749.0,62.78864680989584,62.79264685058594,64.75197294108072,64.75597298177084
2023-07-26 15:32:32.473523,5106300.0,5106750.0,62.792994832356776,62.79699487304688,64.75632096354165,64.76032100423177
2023-07-26 15:32:32.478507,5106301.0,5106751.0,62.79734285481771,62.801342895507815,64.76066870117188,64.76466870117187
2023-07-26 15:32:32.482493,5106302.0,5106752.0,62.801690877278645,62.80569091796875,64.76501668294271,64.76901672363282
2023-07-26 15:32:32.486913,5106303.0,5106753.0,62.80603889973958,62.810038981119796,64.76936470540365,64.77336474609375
2023-07-26 15:32:32.491426,5106304.0,5106754.0,62.81038692220052,62.81438700358073,64.77371272786458,64.77771280924479
2023-07-26 15:32:32.495867,5106305.0,5106755.0,62.81473498535156,62.818735026041665,64.77806075032552,64.78206083170572
2023-07-26 15:32:32.499336,5106306.0,5106756.0,62.81908288574219,62.82308288574219,64.78240881347656,64.78640885416668
2023-07-26 15:32:32.504599,5106307.0,5106757.0,62.8234307047526,62.82743074544271,64.7867568359375,64.79075687662761
2023-07-26 15:32:32.508586,5106308.0,5106758.0,62.82777872721354,62.83177876790364,64.79110485839844,64.79510489908854
2023-07-26 15:32:32.512573,5106309.0,5106759.0,62.83212674967448,62.83612679036459,64.79545288085939,64.79945292154947
2023-07-26 15:32:32.516829,5106310.0,5106760.0,62.83647477213541,62.84047485351563,64.79980090332032,64.80380098470052
2023-07-26 15:32:32.521894,5106311.0,5106761.0,62.84083321126302,62.84483329264323,64.80414892578125,64.80814900716146
2023-07-26 15:32:32.526396,5106312.0,5106762.0,62.8451708577474,62.8491708984375,64.80849682617188,64.81249682617188
2023-07-26 15:32:32.530787,5106313.0,5106763.0,62.84951888020833,62.85351892089844,64.81284468587239,64.8168447265625
2023-07-26 15:32:32.535118,5106314.0,5106764.0,62.85386690266927,62.857866943359376,64.81719270833334,64.82119274902344
2023-07-26 15:32:32.538596,5106315.0,5106765.0,62.85821492513021,62.862214965820314,64.82154073079427,64.82554077148438
2023-07-26 15:32:32.543355,5106316.0,5106766.0,62.862562947591144,62.866563028971356,64.8258887532552,64.82988879394532
2023-07-26 15:32:32.547571,5106317.0,5106767.0,62.86691097005208,62.870911010742184,64.83023677571614,64.83423685709636
2023-07-26 15:32:32.551710,5106318.0,5106768.0,62.87125866699219,62.875258748372396,64.83458479817709,64.83858487955729
2023-07-26 15:32:32.556199,5106319.0,5106769.0,62.87560673014323,62.879606770833334,64.83893286132813,64.84293290201823
2023-07-26 15:32:32.560590,5106320.0,5106770.0,62.879954752604164,62.88395479329427,64.84328088378906,64.84728092447916
2023-07-26 15:32:32.564569,5106321.0,5106771.0,62.88430277506511,62.88830281575521,64.84762890625,64.8516289469401
2023-07-26 15:32:32.568937,5106322.0,5106772.0,62.88865079752604,62.89265083821615,64.85197692871094,64.85597696940104
2023-07-26 15:32:32.574039,5106323.0,5106773.0,62.89299881998698,62.89699890136719,64.85632495117187,64.86032495117186
2023-07-26 15:32:32.578076,5106324.0,5106774.0,62.89734684244792,62.90134692382812,64.86067264811197,64.86467272949218
2023-07-26 15:32:32.582089,5106325.0,5106775.0,62.90169490559896,62.90569494628906,64.86502067057292,64.86903116861978
2023-07-26 15:32:32.586296,5106326.0,5106776.0,62.9060429280599,62.91004296875,64.86936873372395,64.87336877441406
2023-07-26 15:32:32.590738,5106327.0,5106777.0,62.910390950520835,62.91439099121094,64.8737167561849,64.87771679687499
2023-07-26 15:32:32.595759,5106328.0,5106778.0,62.91473897298177,62.918739013671875,64.87806477864584,64.88206481933594
2023-07-26 15:32:32.599801,5106329.0,5106779.0,62.919086791992186,62.92308679199219,64.88241280110677,64.88641284179688
2023-07-26 15:32:32.603847,5106330.0,5106780.0,62.92343469238281,62.92743477376302,64.88676082356771,64.89076090494791
2023-07-26 15:32:32.607953,5106331.0,5106781.0,62.92778271484375,62.931782796223956,64.89110884602866,64.89510892740886
2023-07-26 15:32:32.613257,5106332.0,5106782.0,62.93213077799479,62.936130818684894,64.89545690917969,64.8994569498698
2023-07-26 15:32:32.617453,5106333.0,5106783.0,62.936478800455724,62.94047884114584,64.89980493164062,64.90380497233073
2023-07-26 15:32:32.621656,5106334.0,5106784.0,62.94082682291667,62.94482686360677,64.90415295410156,64.90815299479166
2023-07-26 15:32:32.625676,5106335.0,5106785.0,62.9451748453776,62.94917488606771,64.90850073242189,64.91250073242188
2023-07-26 15:32:32.630754,5106336.0,5106786.0,62.94952286783854,62.95352294921875,64.91284867350261,64.9168487141927
2023-07-26 15:32:32.634970,5106337.0,5106787.0,62.95387089029948,62.95787097167968,64.91719669596354,64.92119677734375
2023-07-26 15:32:32.639028,5106338.0,5106788.0,62.958218953450526,62.96221899414063,64.92154471842447,64.92554479980468
2023-07-26 15:32:32.643018,5106339.0,5106789.0,62.96256697591146,62.966567016601566,64.92589278157553,64.92989282226561
2023-07-26 15:32:32.647999,5106340.0,5106790.0,62.96691491699219,62.970914916992186,64.93024080403646,64.93424084472656
2023-07-26 15:32:32.651981,5106341.0,5106791.0,62.9712626953125,62.975262736002605,64.93458882649739,64.9385888671875
2023-07-26 15:32:32.656971,5106342.0,5106792.0,62.975610717773435,62.979610758463544,64.93893684895833,64.94293688964844
2023-07-26 15:32:32.660957,5106343.0,5106793.0,62.97995874023437,62.98395882161458,64.94328487141928,64.94728495279948
2023-07-26 15:32:32.664944,5106344.0,5106794.0,62.98430676269532,62.988306844075524,64.94763289388021,64.95163297526042
2023-07-26 15:32:32.669925,5106345.0,5106795.0,62.98865482584635,62.992654866536455,64.95198095703125,64.95598099772135
2023-07-26 15:32:32.673912,5106346.0,5106796.0,62.99300284830729,62.99700288899739,64.95632885742187,64.96032885742187
2023-07-26 15:32:32.677898,5106347.0,5106797.0,62.99735087076823,63.00135091145833,64.96067667643229,64.96467671712239
2023-07-26 15:32:32.682882,5106348.0,5106798.0,63.00169889322916,63.00569893391927,64.96502469889323,64.96902473958333
2023-07-26 15:32:32.686869,5106349.0,5106799.0,63.006046915690106,63.01004699707031,64.96937272135416,64.97337276204426
2023-07-26 15:32:32.690855,5106350.0,5106800.0,63.010394938151045,63.01439501953125,64.97372074381511,64.97772082519532
2023-07-26 15:32:32.695838,5106351.0,5106801.0,63.01474300130209,63.01874304199219,64.97806876627604,64.98206884765625
2023-07-26 15:32:32.699824,5106352.0,5106802.0,63.01909069824219,63.0230907389323,64.9824168294271,64.98641687011718
2023-07-26 15:32:32.703812,5106353.0,5106803.0,63.023438720703126,63.02743876139323,64.98676485188803,64.99076489257813
2023-07-26 15:32:32.708795,5106354.0,5106804.0,63.02778674316406,63.031786783854166,64.99111287434896,64.99511291503907
2023-07-26 15:32:32.712778,5106355.0,5106805.0,63.032134765625,63.036134806315104,64.99546089680989,64.9994609375
2023-07-26 15:32:32.716768,5106356.0,5106806.0,63.036482788085934,63.040482869466146,64.99980891927083,65.00380900065103
2023-07-26 15:32:32.721747,5106357.0,5106807.0,63.04083081054688,63.044830891927084,65.00415694173178,65.00815698242188
2023-07-26 15:32:32.725738,5106358.0,5106808.0,63.045178873697914,63.049178914388015,65.00850463867187,65.01250472005209
2023-07-26 15:32:32.730721,5106359.0,5106809.0,63.04952689615886,63.05352693684896,65.01285270182291,65.01685274251302
2023-07-26 15:32:32.734708,5106360.0,5106810.0,63.05388533528646,63.05788537597657,65.01720072428385,65.02120076497395
2023-07-26 15:32:32.738694,5106361.0,5106811.0,63.05822294108073,63.06222298177084,65.0215487467448,65.02554878743489
2023-07-26 15:32:32.743674,5106362.0,5106812.0,63.06257096354167,63.06657104492187,65.02589676920573,65.02989680989583
2023-07-26 15:32:32.747661,5106363.0,5106813.0,63.06691882324219,63.07091882324219,65.03024479166666,65.03424487304687
2023-07-26 15:32:32.751647,5106364.0,5106814.0,63.071266682942706,63.07526676432291,65.03459281412759,65.03859289550782
2023-07-26 15:32:32.756631,5106365.0,5106815.0,63.07561474609375,63.07961478678386,65.03894087727865,65.04294091796875
2023-07-26 15:32:32.760668,5106366.0,5106816.0,63.07996276855469,63.08396280924479,65.04328889973958,65.0472889404297
2023-07-26 15:32:32.765605,5106367.0,5106817.0,63.084310791015625,63.08831083170573,65.04763692220051,65.05163696289063
2023-07-26 15:32:32.769591,5106368.0,5106818.0,63.08865881347656,63.092658854166665,65.05198494466146,65.05598498535156
2023-07-26 15:32:32.773573,5106369.0,5106819.0,63.0930068359375,63.09700691731771,65.05633276367188,65.06033276367187
2023-07-26 15:32:32.778557,5106370.0,5106820.0,63.09735485839844,63.101354939778645,65.0606806640625,65.06468074544271
2023-07-26 15:32:32.782548,5106371.0,5106821.0,63.101702921549474,63.10570296223959,65.06502872721354,65.06902876790365
2023-07-26 15:32:32.786534,5106372.0,5106822.0,63.10605094401042,63.11005098470052,65.06937674967448,65.07337679036458
2023-07-26 15:32:32.791518,5106373.0,5106823.0,63.11039896647135,63.11439900716146,65.07372477213542,65.07772481282552
2023-07-26 15:32:32.795499,5106374.0,5106824.0,63.114746948242185,63.11874694824219,65.07808321126302,65.08208325195312
2023-07-26 15:32:32.799486,5106375.0,5106825.0,63.1190946858724,63.1230947265625,65.0824208170573,65.0864208577474
2023-07-26 15:32:32.804470,5106376.0,5106826.0,63.123442708333336,63.12744278971354,65.08676883951823,65.09076892089844
2023-07-26 15:32:32.808456,5106377.0,5106827.0,63.12779073079427,63.13179081217448,65.09111686197916,65.09511694335937
2023-07-26 15:32:32.813439,5106378.0,5106828.0,63.132138793945316,63.13613883463542,65.09546492513022,65.0994649658203
2023-07-26 15:32:32.817426,5106379.0,5106829.0,63.136486816406254,63.140486857096356,65.09981294759115,65.10381298828125
2023-07-26 15:32:32.821413,5106380.0,5106830.0,63.140834838867185,63.144834879557294,65.10416088867187,65.10816088867188
2023-07-26 15:32:32.826396,5106381.0,5106831.0,63.145182861328124,63.149182902018225,65.1085086669922,65.1125087076823
2023-07-26 15:32:32.830387,5106382.0,5106832.0,63.14953088378907,63.153530965169274,65.11285668945312,65.11685673014323
2023-07-26 15:32:32.834374,5106383.0,5106833.0,63.15387890625,63.157878987630205,65.11720471191407,65.12120479329428
2023-07-26 15:32:32.838536,5106384.0,5106834.0,63.15822696940104,63.16222701009115,65.121552734375,65.12555281575521
2023-07-26 15:32:32.843235,5106385.0,5106835.0,63.16257499186198,63.16657503255208,65.12590079752603,65.12990083821614
2023-07-26 15:32:32.847282,5106386.0,5106836.0,63.166922729492185,63.17092272949219,65.13024881998699,65.13424886067708
2023-07-26 15:32:32.852344,5106387.0,5106837.0,63.17128112792969,63.17528116861979,65.13459684244792,65.13859688313802
2023-07-26 15:32:32.856589,5106388.0,5106838.0,63.17561873372396,63.17961877441406,65.13894486490885,65.14294490559897
2023-07-26 15:32:32.860890,5106389.0,5106839.0,63.179966756184896,63.1839668375651,65.14329288736978,65.14729296875
2023-07-26 15:32:32.864565,5106390.0,5106840.0,63.184314778645835,63.18831486002604,65.14764090983073,65.15164099121094
2023-07-26 15:32:32.869714,5106391.0,5106841.0,63.18866284179688,63.19266288248698,65.15198897298177,65.15598901367187
2023-07-26 15:32:32.873058,5106392.0,5106842.0,63.19301086425781,63.197010904947916,65.15633666992187,65.16033671061199
2023-07-26 15:32:32.877905,5106393.0,5106843.0,63.197358886718746,63.201358927408855,65.1606846923828,65.16468473307292
2023-07-26 15:32:32.882224,5106394.0,5106844.0,63.201706909179684,63.20570694986979,65.16503271484376,65.16903275553385
2023-07-26 15:32:32.887262,5106395.0,5106845.0,63.20605493164063,63.210055013020835,65.16938073730469,65.17338077799478
2023-07-26 15:32:32.891529,5106396.0,5106846.0,63.21040295410156,63.214403035481766,65.17372875976562,65.17772884114584
2023-07-26 15:32:32.895914,5106397.0,5106847.0,63.21475085449219,63.218750854492185,65.17807678222655,65.18207686360677
2023-07-26 15:32:32.899530,5106398.0,5106848.0,63.21909871419271,63.22309875488281,65.1824248453776,65.18642488606771
2023-07-26 15:32:32.904056,5106399.0,5106849.0,63.22344673665364,63.22744677734375,65.18677286783854,65.19077290852864
2023-07-26 15:32:32.908424,5106400.0,5106850.0,63.22779475911458,63.23179479980469,65.19112089029949,65.19512093098957
2023-07-26 15:32:32.912056,5106401.0,5106851.0,63.232142781575526,63.23614282226563,65.19546891276042,65.19946895345052
2023-07-26 15:32:32.916949,5106402.0,5106852.0,63.236490804036464,63.24049088541667,65.19981693522135,65.20381701660156
2023-07-26 15:32:32.921382,5106403.0,5106853.0,63.240838826497395,63.24483890787761,65.20416479492188,65.20816479492187
2023-07-26 15:32:32.925902,5106404.0,5106854.0,63.24518688964844,63.24918693033854,65.2085126546224,65.21251273600261
2023-07-26 15:32:32.930090,5106405.0,5106855.0,63.249534912109375,63.253534952799484,65.21286071777344,65.21686075846354
2023-07-26 15:32:32.934829,5106406.0,5106856.0,63.25388293457031,63.257882975260415,65.21720874023437,65.22120878092448
2023-07-26 15:32:32.938517,5106407.0,5106857.0,63.25823095703125,63.26223099772135,65.22155676269531,65.22555680338542
2023-07-26 15:32:32.943534,5106408.0,5106858.0,63.26257897949219,63.26657897949219,65.22590478515625,65.22990482584636
2023-07-26 15:32:32.947556,5106409.0,5106859.0,63.26692667643229,63.2709267578125,65.23025280761719,65.2342528889974
2023-07-26 15:32:32.951800,5106410.0,5106860.0,63.27127469889323,63.275274780273435,65.23460083007812,65.23860091145833
2023-07-26 15:32:32.956272,5106411.0,5106861.0,63.27562276204427,63.27962280273437,65.23894889322916,65.24294893391927
2023-07-26 15:32:32.961088,5106412.0,5106862.0,63.2799707845052,63.28397082519531,65.24329691569011,65.2472969563802
2023-07-26 15:32:32.965374,5106413.0,5106863.0,63.28431880696615,63.28831884765625,65.24764493815104,65.25164497884116
2023-07-26 15:32:32.969504,5106414.0,5106864.0,63.288666829427086,63.29266687011719,65.25199291992188,65.25599291992188
2023-07-26 15:32:32.974004,5106415.0,5106865.0,63.29301485188802,63.29701493326823,65.25634065755207,65.26034069824219
2023-07-26 15:32:32.978437,5106416.0,5106866.0,63.297362874348956,63.30136295572917,65.26068868001302,65.26468876139323
2023-07-26 15:32:32.982845,5106417.0,5106867.0,63.301710937500005,63.305710978190106,65.26503670247396,65.26903678385418
2023-07-26 15:32:32.987060,5106418.0,5106868.0,63.306058959960936,63.310059000651044,65.26938476562499,65.27338480631511
2023-07-26 15:32:32.991507,5106419.0,5106869.0,63.310406982421874,63.314407023111976,65.27373278808594,65.27773282877604
2023-07-26 15:32:32.996029,5106420.0,5106870.0,63.31475476074218,63.31875476074219,65.27808081054688,65.28208085123697
2023-07-26 15:32:33.000015,5106421.0,5106871.0,63.31910270182292,63.32310274251302,65.28242883300781,65.28642887369793
2023-07-26 15:32:33.004293,5106422.0,5106872.0,63.32345072428385,63.327450805664064,65.28677685546874,65.29077693684896
2023-07-26 15:32:33.008280,5106423.0,5106873.0,63.32779874674479,63.331798828125,65.29113529459634,65.29513537597656
2023-07-26 15:32:33.013390,5106424.0,5106874.0,63.33214680989583,63.33614685058594,65.29547294108073,65.29947298177083
2023-07-26 15:32:33.017377,5106425.0,5106875.0,63.33649483235677,63.34049487304688,65.29982096354166,65.30382100423176
2023-07-26 15:32:33.021363,5106426.0,5106876.0,63.34084285481771,63.34484289550781,65.30416870117188,65.30816870117188
2023-07-26 15:32:33.026347,5106427.0,5106877.0,63.34519087727865,63.34919091796875,65.30851668294271,65.31251672363281
2023-07-26 15:32:33.030131,5106428.0,5106878.0,63.349538899739585,63.35353898111979,65.31286470540364,65.31686474609374
2023-07-26 15:32:33.034571,5106429.0,5106879.0,63.35388692220052,63.35788700358073,65.31721272786459,65.32121280924478
2023-07-26 15:32:33.038894,5106430.0,5106880.0,63.358234985351565,63.36223502604167,65.32156075032552,65.32556083170573
2023-07-26 15:32:33.043307,5106431.0,5106881.0,63.362582885742185,63.36658288574219,65.32590881347656,65.32990885416667
2023-07-26 15:32:33.048103,5106432.0,5106882.0,63.366930704752605,63.370930745442706,65.3302568359375,65.3342568766276
2023-07-26 15:32:33.052301,5106433.0,5106883.0,63.37127872721354,63.375278767903644,65.33460485839845,65.33860489908854
2023-07-26 15:32:33.055907,5106434.0,5106884.0,63.37562674967448,63.37962679036458,65.33895288085938,65.34295292154948
2023-07-26 15:32:33.060320,5106435.0,5106885.0,63.37997477213541,63.38397485351563,65.34330090332031,65.34730098470052
2023-07-26 15:32:33.064837,5106436.0,5106886.0,63.38433321126302,63.38833329264323,65.34764892578124,65.35164900716146
2023-07-26 15:32:33.069098,5106437.0,5106887.0,63.38867085774739,63.3926708984375,65.35199682617188,65.35599682617188
2023-07-26 15:32:33.073416,5106438.0,5106888.0,63.39301888020833,63.39701892089844,65.3563446858724,65.36034472656249
2023-07-26 15:32:33.077930,5106439.0,5106889.0,63.39736690266927,63.40136694335937,65.36069270833333,65.36469274902345
2023-07-26 15:32:33.081721,5106440.0,5106890.0,63.401714925130214,63.405714965820316,65.36504073079426,65.36904077148438
2023-07-26 15:32:33.087003,5106441.0,5106891.0,63.406062947591145,63.41006302897135,65.36938875325521,65.37338879394531
2023-07-26 15:32:33.091660,5106442.0,5106892.0,63.410410970052084,63.414411010742185,65.37373677571615,65.37773685709635
2023-07-26 15:32:33.095647,5106443.0,5106893.0,63.414758666992185,63.4187587483724,65.37808479817708,65.3820848795573
2023-07-26 15:32:33.099633,5106444.0,5106894.0,63.41910673014323,63.423106770833336,65.38243286132813,65.38643290201823
2023-07-26 15:32:33.104616,5106445.0,5106895.0,63.423454752604165,63.42745479329427,65.38678088378907,65.39078092447916
2023-07-26 15:32:33.108603,5106446.0,5106896.0,63.42780277506511,63.43180281575521,65.39112890625,65.39512894694009
2023-07-26 15:32:33.112962,5106447.0,5106897.0,63.43215079752604,63.43615083821614,65.39547692871093,65.39947696940105
2023-07-26 15:32:33.117205,5106448.0,5106898.0,63.43649881998698,63.44049890136719,65.39982495117187,65.40382495117187
2023-07-26 15:32:33.121455,5106449.0,5106899.0,63.44084684244792,63.44484692382812,65.40417264811197,65.40817272949218
2023-07-26 15:32:33.125620,5106450.0,5106900.0,63.44519490559895,63.44919494628906,65.40852067057293,65.41253116861978
2023-07-26 15:32:33.130628,5106451.0,5106901.0,63.4495429280599,63.45354296875,65.41286873372395,65.41686877441406
2023-07-26 15:32:33.135007,5106452.0,5106902.0,63.45389095052083,63.45789099121094,65.4172167561849,65.421216796875
2023-07-26 15:32:33.139166,5106453.0,5106903.0,63.458238972981775,63.462239013671876,65.42156477864583,65.42556481933593
2023-07-26 15:32:33.143651,5106454.0,5106904.0,63.46258679199219,63.46658679199219,65.42591280110678,65.42991284179688
2023-07-26 15:32:33.148060,5106455.0,5106905.0,63.466934692382814,63.47093477376302,65.4302608235677,65.43426090494792
2023-07-26 15:32:33.152301,5106456.0,5106906.0,63.471282714843746,63.47528279622396,65.43460884602865,65.43860892740886
2023-07-26 15:32:33.156566,5106457.0,5106907.0,63.475630777994795,63.479630818684896,65.43895690917968,65.4429569498698
2023-07-26 15:32:33.160607,5106458.0,5106908.0,63.479978800455726,63.483978841145834,65.44330493164063,65.44730497233073
2023-07-26 15:32:33.164642,5106459.0,5106909.0,63.48432682291667,63.48832686360677,65.44765295410157,65.45165299479167
2023-07-26 15:32:33.169714,5106460.0,5106910.0,63.4886748453776,63.492674886067704,65.45200073242188,65.45600073242188
2023-07-26 15:32:33.173836,5106461.0,5106911.0,63.49302286783854,63.49702294921875,65.4563486735026,65.4603487141927
2023-07-26 15:32:33.178110,5106462.0,5106912.0,63.49737089029948,63.501370971679684,65.46069669596353,65.46469677734375
2023-07-26 15:32:33.181840,5106463.0,5106913.0,63.50171895345052,63.50571899414063,65.46504471842448,65.46904479980468
2023-07-26 15:32:33.186704,5106464.0,5106914.0,63.50606697591146,63.51006701660156,65.46939278157552,65.47339282226562
2023-07-26 15:32:33.191177,5106465.0,5106915.0,63.51041491699219,63.51441491699219,65.47374080403645,65.47774084472657
2023-07-26 15:32:33.195767,5106466.0,5106916.0,63.5147626953125,63.5187627360026,65.47808882649738,65.4820888671875
2023-07-26 15:32:33.200044,5106467.0,5106917.0,63.51911071777344,63.523110758463545,65.48243684895834,65.48643688964843
2023-07-26 15:32:33.204096,5106468.0,5106918.0,63.523458740234375,63.52745882161458,65.48678487141927,65.49078495279949
2023-07-26 15:32:33.208447,5106469.0,5106919.0,63.52780676269531,63.531806844075525,65.4911328938802,65.49513297526042
2023-07-26 15:32:33.212724,5106470.0,5106920.0,63.532154825846355,63.53615486653646,65.49548095703125,65.49948099772135
2023-07-26 15:32:33.216894,5106471.0,5106921.0,63.536502848307286,63.540502888997395,65.49982885742187,65.50382885742187
2023-07-26 15:32:33.222147,5106472.0,5106922.0,63.54085087076823,63.54485091145833,65.5041766764323,65.5081767171224
2023-07-26 15:32:33.226218,5106473.0,5106923.0,63.54519889322916,63.549198933919264,65.50852469889323,65.51252473958334
2023-07-26 15:32:33.230319,5106474.0,5106924.0,63.54954691569011,63.55354699707031,65.51287272135416,65.51687276204427
2023-07-26 15:32:33.234718,5106475.0,5106925.0,63.55389493815104,63.55789501953125,65.5172207438151,65.52122082519531
2023-07-26 15:32:33.238760,5106476.0,5106926.0,63.55824300130208,63.56224304199219,65.52156876627605,65.52556884765625
2023-07-26 15:32:33.243872,5106477.0,5106927.0,63.56259069824219,63.56659073893229,65.52591682942709,65.52991687011719
2023-07-26 15:32:33.247240,5106478.0,5106928.0,63.56693872070313,63.57093876139323,65.53026485188802,65.53426489257812
2023-07-26 15:32:33.251893,5106479.0,5106929.0,63.57128674316406,63.57528678385416,65.53461287434895,65.53861291503907
2023-07-26 15:32:33.256196,5106480.0,5106930.0,63.575634765625004,63.579634806315106,65.5389608968099,65.5429609375
2023-07-26 15:32:33.260676,5106481.0,5106931.0,63.579982788085935,63.58398286946615,65.54330891927083,65.54730900065104
2023-07-26 15:32:33.264880,5106482.0,5106932.0,63.584330810546874,63.588330891927086,65.54765694173177,65.55165698242187
2023-07-26 15:32:33.268920,5106483.0,5106933.0,63.588678873697916,63.59267891438802,65.55200463867187,65.55600472005209
2023-07-26 15:32:33.274198,5106484.0,5106934.0,63.59302689615886,63.59702693684896,65.55635270182292,65.56035274251302
2023-07-26 15:32:33.278265,5106485.0,5106935.0,63.59738533528646,63.60138537597656,65.56070072428386,65.56470076497396
2023-07-26 15:32:33.282387,5106486.0,5106936.0,63.60172294108073,63.60572298177084,65.5650487467448,65.5690487874349
2023-07-26 15:32:33.286499,5106487.0,5106937.0,63.60607100423177,63.610071044921874,65.56939676920572,65.57339680989583
2023-07-26 15:32:33.290762,5106488.0,5106938.0,63.610418823242185,63.61441882324219,65.57374479166667,65.57774487304687
2023-07-26 15:32:33.295277,5106489.0,5106939.0,63.61476668294271,63.61876676432291,65.5780928141276,65.58209289550781
2023-07-26 15:32:33.299532,5106490.0,5106940.0,63.61911474609375,63.62311478678385,65.58244087727864,65.58644091796876
2023-07-26 15:32:33.304673,5106491.0,5106941.0,63.62346276855469,63.62746280924479,65.58678889973957,65.59078894042969
2023-07-26 15:32:33.308723,5106492.0,5106942.0,63.62781079101563,63.63181083170573,65.59113692220052,65.59513696289062
2023-07-26 15:32:33.313217,5106493.0,5106943.0,63.632158813476565,63.636158854166666,65.59548494466146,65.59948498535155
2023-07-26 15:32:33.317203,5106494.0,5106944.0,63.636506835937496,63.64050691731771,65.59983276367187,65.60383276367187
2023-07-26 15:32:33.321190,5106495.0,5106945.0,63.640854858398434,63.64485493977865,65.6041806640625,65.60818074544271
2023-07-26 15:32:33.325552,5106496.0,5106946.0,63.645202921549476,63.649202962239585,65.60852868652344,65.61252876790364
2023-07-26 15:32:33.329855,5106497.0,5106947.0,63.64955094401042,63.65355098470052,65.61287674967448,65.61687679036457
2023-07-26 15:32:33.334913,5106498.0,5106948.0,63.65389896647135,63.657899007161454,65.61722477213542,65.62122481282553
2023-07-26 15:32:33.339123,5106499.0,5106949.0,63.65824694824219,63.66224694824219,65.62158321126302,65.62558325195313
2023-07-26 15:32:33.343168,5106500.0,5106950.0,63.6625946858724,63.6665947265625,65.62592081705729,65.6299208577474
2023-07-26 15:32:33.347439,5106501.0,5106951.0,63.66694270833333,63.67094278971354,65.63026883951824,65.63426892089844
2023-07-26 15:32:33.351812,5106502.0,5106952.0,63.67129073079427,63.67529081217448,65.63461686197917,65.63861694335937
2023-07-26 15:32:33.356467,5106503.0,5106953.0,63.67563879394531,63.67963883463542,65.63896492513021,65.64296496582031
2023-07-26 15:32:33.361231,5106504.0,5106954.0,63.679986816406256,63.68398685709636,65.64331294759114,65.64731298828124
2023-07-26 15:32:33.364727,5106505.0,5106955.0,63.68433483886719,63.68833487955729,65.64766088867188,65.65166088867187
2023-07-26 15:32:33.369055,5106506.0,5106956.0,63.688682861328125,63.69268290201823,65.65200866699219,65.6560087076823
2023-07-26 15:32:33.373227,5106507.0,5106957.0,63.69303088378906,63.697030965169276,65.65635668945312,65.66035673014323
2023-07-26 15:32:33.377749,5106508.0,5106958.0,63.69737890625,63.70137898763021,65.66070471191406,65.66470479329428
2023-07-26 15:32:33.382072,5106509.0,5106959.0,63.701726969401044,63.705727010091145,65.66505273437501,65.66905281575521
2023-07-26 15:32:33.387301,5106510.0,5106960.0,63.70607499186198,63.71007503255208,65.66940079752604,65.67340083821614
2023-07-26 15:32:33.390725,5106511.0,5106961.0,63.71042272949219,63.714422729492185,65.67374881998698,65.67774886067708
2023-07-26 15:32:33.395860,5106512.0,5106962.0,63.71478112792969,63.71878116861979,65.67809684244791,65.68209688313803
2023-07-26 15:32:33.399500,5106513.0,5106963.0,63.71911873372396,63.72311877441406,65.68244486490885,65.68644490559896
2023-07-26 15:32:33.404568,5106514.0,5106964.0,63.72346675618489,63.7274668375651,65.68679288736979,65.69079296874999
2023-07-26 15:32:33.408630,5106515.0,5106965.0,63.727814778645836,63.73181486002604,65.69114090983072,65.69514099121095
2023-07-26 15:32:33.412645,5106516.0,5106966.0,63.73216284179688,63.73616288248698,65.69548897298176,65.69948901367188
2023-07-26 15:32:33.417651,5106517.0,5106967.0,63.73651086425781,63.74051090494791,65.69983666992186,65.70383671061198
2023-07-26 15:32:33.421720,5106518.0,5106968.0,63.74085888671875,63.744858927408856,65.70418469238281,65.70818473307291
2023-07-26 15:32:33.425740,5106519.0,5106969.0,63.745206909179686,63.749206949869794,65.70853271484376,65.71253275553386
2023-07-26 15:32:33.430744,5106520.0,5106970.0,63.749554931640624,63.753555013020836,65.71288073730469,65.71688077799479
2023-07-26 15:32:33.434757,5106521.0,5106971.0,63.75390295410156,63.75790303548177,65.71722875976562,65.72122884114583
2023-07-26 15:32:33.438774,5106522.0,5106972.0,63.75825085449218,63.76225085449219,65.72157678222656,65.72557686360676
2023-07-26 15:32:33.443830,5106523.0,5106973.0,63.76259871419271,63.766598754882814,65.7259248453776,65.72992488606772
2023-07-26 15:32:33.447864,5106524.0,5106974.0,63.766946736653644,63.770946777343745,65.73027286783854,65.73427290852865
2023-07-26 15:32:33.451894,5106525.0,5106975.0,63.77129475911458,63.77529479980469,65.73462089029948,65.73862093098958
2023-07-26 15:32:33.456928,5106526.0,5106976.0,63.77564278157552,63.77964282226563,65.73896891276041,65.74296895345051
2023-07-26 15:32:33.460936,5106527.0,5106977.0,63.77999080403646,63.78399088541667,65.74331693522136,65.74731701660156
2023-07-26 15:32:33.464918,5106528.0,5106978.0,63.7843388264974,63.7883389078776,65.74766479492187,65.75166479492188
2023-07-26 15:32:33.469906,5106529.0,5106979.0,63.78868688964844,63.79268693033854,65.75201265462239,65.7560127360026
2023-07-26 15:32:33.473892,5106530.0,5106980.0,63.79303491210938,63.79703495279948,65.75636071777343,65.76036075846353
2023-07-26 15:32:33.477875,5106531.0,5106981.0,63.797382934570315,63.80138297526042,65.76070874023438,65.76470878092448
2023-07-26 15:32:33.482870,5106532.0,5106982.0,63.80173095703125,63.805730997721355,65.76505676269531,65.76905680338542
2023-07-26 15:32:33.486849,5106533.0,5106983.0,63.806078979492185,63.81007897949219,65.76940478515624,65.77340482584636
2023-07-26 15:32:33.490836,5106534.0,5106984.0,63.81042667643229,63.8144267578125,65.7737528076172,65.7777528889974
2023-07-26 15:32:33.495819,5106535.0,5106985.0,63.814774698893224,63.818774780273436,65.77810083007813,65.78210091145833
2023-07-26 15:32:33.499807,5106536.0,5106986.0,63.81912276204427,63.823122802734375,65.78244889322917,65.78644893391927
2023-07-26 15:32:33.504785,5106537.0,5106987.0,63.823470784505204,63.82747082519531,65.7867969156901,65.7907969563802
2023-07-26 15:32:33.508777,5106538.0,5106988.0,63.82781880696615,63.83181884765625,65.79114493815104,65.79514497884115
2023-07-26 15:32:33.512758,5106539.0,5106989.0,63.83216682942708,63.83616687011719,65.79549291992188,65.79949291992187
2023-07-26 15:32:33.517746,5106540.0,5106990.0,63.83651485188802,63.84051493326823,65.79984065755208,65.80384069824218
2023-07-26 15:32:33.521732,5106541.0,5106991.0,63.84086287434896,63.84486295572916,65.80418868001301,65.80818876139324
2023-07-26 15:32:33.525719,5106542.0,5106992.0,63.845210937500006,63.84921097819011,65.80853670247396,65.81253678385417
2023-07-26 15:32:33.530708,5106543.0,5106993.0,63.84955895996094,63.85355900065104,65.812884765625,65.8168848063151
2023-07-26 15:32:33.534685,5106544.0,5106994.0,63.853906982421876,63.85790702311198,65.81723278808595,65.82123282877603
2023-07-26 15:32:33.538671,5106545.0,5106995.0,63.858254760742184,63.86225476074219,65.82158081054688,65.82558085123698
2023-07-26 15:32:33.543659,5106546.0,5106996.0,63.862602701822915,63.866602742513024,65.82592883300781,65.82992887369792
2023-07-26 15:32:33.547641,5106547.0,5106997.0,63.86695072428385,63.87095080566406,65.83027685546875,65.83427693684895
2023-07-26 15:32:33.552629,5106548.0,5106998.0,63.87129874674479,63.875298828125004,65.83463529459635,65.83863537597655
2023-07-26 15:32:33.556615,5106549.0,5106999.0,63.875646809895834,63.879646850585935,65.83897294108073,65.84297298177084
2023-07-26 15:32:33.560598,5106550.0,5107000.0,63.87999483235677,63.88399487304688,65.84332096354166,65.84732100423177
2023-07-26 15:32:33.565586,5106551.0,5107001.0,63.88434285481771,63.88834289550781,65.84766870117187,65.85166870117187
2023-07-26 15:32:33.569572,5106552.0,5107002.0,63.88869087727864,63.89269091796875,65.85201668294272,65.8560167236328
2023-07-26 15:32:33.573559,5106553.0,5107003.0,63.89303889973959,63.89703898111979,65.85636470540365,65.86036474609374
2023-07-26 15:32:33.578543,5106554.0,5107004.0,63.89738692220052,63.90138700358073,65.86071272786458,65.86471280924479
2023-07-26 15:32:33.582529,5106555.0,5107005.0,63.90173498535157,63.90573502604167,65.86506075032551,65.86906083170572
2023-07-26 15:32:33.586511,5106556.0,5107006.0,63.90608288574219,63.910082885742185,65.86940881347657,65.87340885416667
2023-07-26 15:32:33.591499,5106557.0,5107007.0,63.910430704752606,63.91443074544271,65.8737568359375,65.87775687662761
2023-07-26 15:32:33.595481,5106558.0,5107008.0,63.91477872721354,63.918778767903646,65.87810485839844,65.88210489908855
2023-07-26 15:32:33.599472,5106559.0,5107009.0,63.91912674967448,63.923126790364584,65.88245288085938,65.88645292154948
2023-07-26 15:32:33.604455,5106560.0,5107010.0,63.923474772135414,63.927474853515626,65.88680090332032,65.89080098470052
2023-07-26 15:32:33.608437,5106561.0,5107011.0,63.92783321126302,63.93183329264323,65.89114892578125,65.89514900716145
2023-07-26 15:32:33.613421,5106562.0,5107012.0,63.932170857747394,63.936170898437496,65.89549682617188,65.89949682617188
2023-07-26 15:32:33.617412,5106563.0,5107013.0,63.93651888020833,63.94051892089844,65.8998446858724,65.9038447265625
2023-07-26 15:32:33.621395,5106564.0,5107014.0,63.94086690266927,63.94486694335937,65.90419270833333,65.90819274902344
2023-07-26 15:32:33.626382,5106565.0,5107015.0,63.94521492513021,63.94921496582032,65.90854073079427,65.91254077148437
2023-07-26 15:32:33.630369,5106566.0,5107016.0,63.94956294759115,63.95356302897135,65.9128887532552,65.91688879394532
2023-07-26 15:32:33.634355,5106567.0,5107017.0,63.95391097005208,63.95791101074219,65.91723677571615,65.92123685709636
2023-07-26 15:32:33.639338,5106568.0,5107018.0,63.95825866699219,63.96225874837239,65.92158479817708,65.92558487955729
2023-07-26 15:32:33.643320,5106569.0,5107019.0,63.96260673014323,63.96660677083334,65.92593286132814,65.92993290201822
2023-07-26 15:32:33.647308,5106570.0,5107020.0,63.96695475260417,63.97095479329427,65.93028088378907,65.93428092447917
2023-07-26 15:32:33.652295,5106571.0,5107021.0,63.971302775065105,63.975302815755214,65.93462890625,65.9386289469401
2023-07-26 15:32:33.656277,5106572.0,5107022.0,63.97565079752604,63.979650838216145,65.93897692871093,65.94297696940104
2023-07-26 15:32:33.660264,5106573.0,5107023.0,63.97999881998698,63.98399890136719,65.94332495117187,65.94732495117186
2023-07-26 15:32:33.665251,5106574.0,5107024.0,63.98434684244792,63.988346923828125,65.94767264811198,65.95167272949219
2023-07-26 15:32:33.669235,5106575.0,5107025.0,63.988694905598955,63.992694946289056,65.95202067057292,65.95603116861979
2023-07-26 15:32:33.674217,5106576.0,5107026.0,63.9930429280599,63.99704296875,65.95636873372395,65.96036877441406
2023-07-26 15:32:33.678206,5106577.0,5107027.0,63.99739095052083,64.00139099121094,65.9607167561849,65.964716796875
2023-07-26 15:32:33.682192,5106578.0,5107028.0,64.00173897298177,64.00573901367187,65.96506477864584,65.96906481933593
2023-07-26 15:32:33.687176,5106579.0,5107029.0,64.00608679199219,64.0100867919922,65.96941280110677,65.97341284179689
2023-07-26 15:32:33.691219,5106580.0,5107030.0,64.0104346923828,64.01443477376303,65.9737608235677,65.97776090494791
2023-07-26 15:32:33.695149,5106581.0,5107031.0,64.01478271484376,64.01878279622396,65.97810884602865,65.98210892740886
2023-07-26 15:32:33.700135,5106582.0,5107032.0,64.01913077799479,64.02313081868489,65.98245690917969,65.98645694986979
2023-07-26 15:32:33.704122,5106583.0,5107033.0,64.02347880045573,64.02747884114584,65.98680493164062,65.99080497233074
2023-07-26 15:32:33.709105,5106584.0,5107034.0,64.02782682291667,64.03182686360677,65.99115295410157,65.99515299479167
2023-07-26 15:32:33.713092,5106585.0,5107035.0,64.0321748453776,64.03617488606771,65.99550073242189,65.99950073242188
2023-07-26 15:32:33.717073,5106586.0,5107036.0,64.03652286783854,64.04052294921874,65.99984867350261,66.0038487141927
2023-07-26 15:32:33.722061,5106587.0,5107037.0,64.04087089029949,64.04487097167969,66.00419669596354,66.00819677734376
2023-07-26 15:32:33.726044,5106588.0,5107038.0,64.04521895345052,64.04921899414063,66.00854471842447,66.01254479980469
2023-07-26 15:32:33.730034,5106589.0,5107039.0,64.04956697591145,64.05356701660156,66.01289278157552,66.01689282226562
2023-07-26 15:32:33.735013,5106590.0,5107040.0,64.0539149169922,64.05791491699219,66.01724080403645,66.02124084472656
2023-07-26 15:32:33.739000,5106591.0,5107041.0,64.05826269531251,64.06226273600261,66.02158882649739,66.0255888671875
2023-07-26 15:32:33.743987,5106592.0,5107042.0,64.06261071777344,64.06661075846354,66.02593684895834,66.02993688964844
2023-07-26 15:32:33.747974,5106593.0,5107043.0,64.06695874023437,64.07095882161458,66.03028487141927,66.03428495279948
2023-07-26 15:32:33.751958,5106594.0,5107044.0,64.07130676269531,64.07530684407551,66.03463289388021,66.03863297526041
2023-07-26 15:32:33.756944,5106595.0,5107045.0,64.07565482584636,64.07965486653646,66.03898095703126,66.04298099772134
2023-07-26 15:32:33.760927,5106596.0,5107046.0,64.08000284830729,64.0840028889974,66.04332885742187,66.04732885742187
2023-07-26 15:32:33.765916,5106597.0,5107047.0,64.08435087076823,64.08835091145833,66.04767667643229,66.05167671712239
2023-07-26 15:32:33.769902,5106598.0,5107048.0,64.08869889322916,64.09269893391927,66.05202469889323,66.05602473958334
2023-07-26 15:32:33.773887,5106599.0,5107049.0,64.09304691569011,64.09704699707031,66.05637272135417,66.06037276204427
2023-07-26 15:32:33.777871,5106600.0,5107050.0,64.09739493815104,64.10139501953125,66.06072074381511,66.06472082519532
2023-07-26 15:32:33.782853,5106601.0,5107051.0,64.10174300130208,64.10574304199218,66.06506876627604,66.06906884765625
2023-07-26 15:32:33.786846,5106602.0,5107052.0,64.10609069824218,64.11009073893229,66.06941682942708,66.07341687011719
2023-07-26 15:32:33.790841,5106603.0,5107053.0,64.11043872070313,64.11443876139323,66.07376485188803,66.07776489257812
2023-07-26 15:32:33.795827,5106604.0,5107054.0,64.11478674316406,64.11878678385418,66.07811287434896,66.08211291503906
2023-07-26 15:32:33.799810,5106605.0,5107055.0,64.11913476562499,64.12313480631511,66.08246089680989,66.08646093750001
2023-07-26 15:32:33.804793,5106606.0,5107056.0,64.12348278808594,64.12748286946615,66.08680891927082,66.09080900065103
2023-07-26 15:32:33.808784,5106607.0,5107057.0,64.12783081054688,64.13183089192708,66.09115694173178,66.09515698242187
2023-07-26 15:32:33.812766,5106608.0,5107058.0,64.13217887369792,64.13617891438803,66.09550463867187,66.0995047200521
2023-07-26 15:32:33.817749,5106609.0,5107059.0,64.13652689615886,64.14052693684896,66.09985270182291,66.10385274251303
2023-07-26 15:32:33.821807,5106610.0,5107060.0,64.14088533528646,64.14488537597656,66.10420072428386,66.10820076497396
2023-07-26 15:32:33.825802,5106611.0,5107061.0,64.14522294108072,64.14922298177083,66.1085487467448,66.11254878743489
2023-07-26 15:32:33.830785,5106612.0,5107062.0,64.14957096354166,64.15357104492188,66.11289676920573,66.11689680989582
2023-07-26 15:32:33.834778,5106613.0,5107063.0,64.1539188232422,64.1579188232422,66.11724479166666,66.12124487304688
2023-07-26 15:32:33.838758,5106614.0,5107064.0,64.1582667236328,64.16226676432292,66.1215928141276,66.12559289550782
2023-07-26 15:32:33.843806,5106615.0,5107065.0,64.16261474609374,64.16661478678385,66.12594087727864,66.12994091796875
2023-07-26 15:32:33.847800,5106616.0,5107066.0,64.1669627685547,64.17096280924478,66.13028889973958,66.13428894042968
2023-07-26 15:32:33.851794,5106617.0,5107067.0,64.17131079101563,64.17531083170573,66.13463692220051,66.13863696289063
2023-07-26 15:32:33.856780,5106618.0,5107068.0,64.17565881347656,64.17965885416668,66.13898494466146,66.14298498535156
2023-07-26 15:32:33.860763,5106619.0,5107069.0,64.1800068359375,64.1840069173177,66.14333276367186,66.14733276367187
2023-07-26 15:32:33.864749,5106620.0,5107070.0,64.18435485839845,64.18835493977865,66.1476806640625,66.1516807454427
2023-07-26 15:32:33.869178,5106621.0,5107071.0,64.18870292154948,64.1927029622396,66.15202868652344,66.15602876790365
2023-07-26 15:32:33.873576,5106622.0,5107072.0,64.19305094401041,64.19705098470052,66.15637674967448,66.16037679036458
2023-07-26 15:32:33.877792,5106623.0,5107073.0,64.19739896647135,64.20139900716146,66.16072477213541,66.16472481282553
2023-07-26 15:32:33.882453,5106624.0,5107074.0,64.20174694824219,64.20574694824218,66.16508321126302,66.16908325195313
2023-07-26 15:32:33.886760,5106625.0,5107075.0,64.2060946858724,64.21009472656249,66.1694208170573,66.17342085774739
2023-07-26 15:32:33.891164,5106626.0,5107076.0,64.21044270833333,64.21444278971354,66.17376883951823,66.17776892089844
2023-07-26 15:32:33.895398,5106627.0,5107077.0,64.21479073079426,64.21879081217448,66.17811686197916,66.18211694335938
2023-07-26 15:32:33.899940,5106628.0,5107078.0,64.21913879394532,64.2231388346354,66.1824649251302,66.1864649658203
2023-07-26 15:32:33.904001,5106629.0,5107079.0,64.22348681640625,64.22748685709635,66.18681294759115,66.19081298828124
2023-07-26 15:32:33.908136,5106630.0,5107080.0,64.22783483886718,64.2318348795573,66.19116088867187,66.19516088867188
2023-07-26 15:32:33.913500,5106631.0,5107081.0,64.23218286132813,64.23618290201823,66.19550866699218,66.1995087076823
2023-07-26 15:32:33.917852,5106632.0,5107082.0,64.23653088378907,64.24053096516927,66.19985668945311,66.20385673014323
2023-07-26 15:32:33.922206,5106633.0,5107083.0,64.24087890625,64.2448789876302,66.20420471191407,66.20820479329427
2023-07-26 15:32:33.926575,5106634.0,5107084.0,64.24522696940105,64.24922701009115,66.208552734375,66.21255281575522
2023-07-26 15:32:33.929581,5106635.0,5107085.0,64.24957499186198,64.25357503255209,66.21290079752603,66.21690083821615
2023-07-26 15:32:33.935137,5106636.0,5107086.0,64.25392272949217,64.25792272949218,66.21724881998698,66.22124886067708
2023-07-26 15:32:33.939660,5106637.0,5107087.0,64.25828112792969,64.26228116861978,66.22159684244792,66.22559688313802
2023-07-26 15:32:33.943866,5106638.0,5107088.0,64.26261873372395,64.26661877441406,66.22594486490885,66.22994490559897
2023-07-26 15:32:33.946971,5106639.0,5107089.0,64.2669667561849,64.27096683756511,66.23029288736979,66.23429296875
2023-07-26 15:32:33.952644,5106640.0,5107090.0,64.27131477864583,64.27531486002604,66.23464090983072,66.23864099121094
2023-07-26 15:32:33.955706,5106641.0,5107091.0,64.27566284179689,64.27966288248697,66.23898897298176,66.24298901367187
2023-07-26 15:32:33.960194,5106642.0,5107092.0,64.28001086425782,64.28401090494792,66.24333666992187,66.24733671061198
2023-07-26 15:32:33.965076,5106643.0,5107093.0,64.28435888671875,64.28835892740886,66.2476846923828,66.25168473307292
2023-07-26 15:32:33.969255,5106644.0,5107094.0,64.28870690917968,64.2927069498698,66.25203271484375,66.25603275553385
2023-07-26 15:32:33.973811,5106645.0,5107095.0,64.29305493164063,64.29705501302082,66.2563807373047,66.26038077799478
2023-07-26 15:32:33.977853,5106646.0,5107096.0,64.29740295410157,64.30140303548177,66.26072875976563,66.26472884114582
2023-07-26 15:32:33.982597,5106647.0,5107097.0,64.30175085449218,64.30575085449219,66.26507678222656,66.26907686360677
2023-07-26 15:32:33.987055,5106648.0,5107098.0,64.3060987141927,64.31009875488282,66.2694248453776,66.27342488606772
2023-07-26 15:32:33.991639,5106649.0,5107099.0,64.31044673665365,64.31444677734375,66.27377286783855,66.27777290852865
2023-07-26 15:32:33.995933,5106650.0,5107100.0,64.31479475911459,64.31879479980468,66.27812089029949,66.28212093098958
2023-07-26 15:32:34.000381,5106651.0,5107101.0,64.31914278157552,64.32314282226562,66.28246891276042,66.28646895345052
2023-07-26 15:32:34.004737,5106652.0,5107102.0,64.32349080403645,64.32749088541667,66.28681693522135,66.29081701660157
2023-07-26 15:32:34.008938,5106653.0,5107103.0,64.32783882649738,64.33183890787761,66.29116479492187,66.29516479492187
2023-07-26 15:32:34.013399,5106654.0,5107104.0,64.33218688964844,64.33618693033854,66.2955126546224,66.2995127360026
2023-07-26 15:32:34.017515,5106655.0,5107105.0,64.33653491210937,64.34053495279949,66.29986071777344,66.30386075846353
2023-07-26 15:32:34.022129,5106656.0,5107106.0,64.3408829345703,64.34488297526042,66.30420874023437,66.30820878092449
2023-07-26 15:32:34.026478,5106657.0,5107107.0,64.34523095703125,64.34923099772135,66.3085567626953,66.31255680338542
2023-07-26 15:32:34.030808,5106658.0,5107108.0,64.3495789794922,64.35357897949218,66.31290478515625,66.31690482584635
2023-07-26 15:32:34.035006,5106659.0,5107109.0,64.3539266764323,64.3579267578125,66.3172528076172,66.3212528889974
2023-07-26 15:32:34.039466,5106660.0,5107110.0,64.35827469889323,64.36227478027344,66.32160083007813,66.32560091145834
2023-07-26 15:32:34.043562,5106661.0,5107111.0,64.36262276204427,64.36662280273438,66.32594889322917,66.32994893391927
2023-07-26 15:32:34.047575,5106662.0,5107112.0,64.3669707845052,64.37097082519531,66.33029691569011,66.3342969563802
2023-07-26 15:32:34.052033,5106663.0,5107113.0,64.37131880696614,64.37531884765625,66.33464493815104,66.33864497884115
2023-07-26 15:32:34.056142,5106664.0,5107114.0,64.37566682942709,64.37966687011719,66.33899291992188,66.34299291992188
2023-07-26 15:32:34.060208,5106665.0,5107115.0,64.38001485188802,64.38401493326823,66.34334065755208,66.34734069824219
2023-07-26 15:32:34.064617,5106666.0,5107116.0,64.38436287434895,64.38836295572916,66.34768868001301,66.35168876139323
2023-07-26 15:32:34.068895,5106667.0,5107117.0,64.38871093750001,64.3927109781901,66.35203670247397,66.35603678385417
2023-07-26 15:32:34.073132,5106668.0,5107118.0,64.39305895996094,64.39705900065104,66.356384765625,66.36038480631511
2023-07-26 15:32:34.078671,5106669.0,5107119.0,64.39740698242187,64.40140702311199,66.36073278808594,66.36473282877604
2023-07-26 15:32:34.083000,5106670.0,5107120.0,64.4017547607422,64.40575476074218,66.36508081054687,66.36908085123697
2023-07-26 15:32:34.086021,5106671.0,5107121.0,64.40610270182292,64.41010274251302,66.36942883300782,66.37342887369792
2023-07-26 15:32:34.091771,5106672.0,5107122.0,64.41045072428386,64.41445080566407,66.37377685546875,66.37777693684896
2023-07-26 15:32:34.096106,5106673.0,5107123.0,64.4147987467448,64.418798828125,66.37813529459635,66.38213537597656
2023-07-26 15:32:34.099109,5106674.0,5107124.0,64.41914680989582,64.42314685058594,66.38247294108072,66.38647298177084
2023-07-26 15:32:34.104871,5106675.0,5107125.0,64.42349483235677,64.42749487304687,66.38682096354167,66.39082100423177
2023-07-26 15:32:34.109226,5106676.0,5107126.0,64.42784285481771,64.43184289550781,66.39116870117188,66.39516870117187
2023-07-26 15:32:34.112227,5106677.0,5107127.0,64.43219087727864,64.43619091796876,66.39551668294271,66.39951672363281
2023-07-26 15:32:34.117912,5106678.0,5107128.0,64.43653889973957,64.44053898111979,66.39986470540364,66.40386474609375
2023-07-26 15:32:34.122281,5106679.0,5107129.0,64.44088692220052,64.44488700358073,66.40421272786458,66.40821280924479
2023-07-26 15:32:34.125283,5106680.0,5107130.0,64.44523498535156,64.44923502604166,66.40856075032552,66.41256083170572
2023-07-26 15:32:34.129809,5106681.0,5107131.0,64.44958288574219,64.4535828857422,66.41290881347656,66.41690885416668
2023-07-26 15:32:34.134090,5106682.0,5107132.0,64.4539307047526,64.45793074544271,66.4172568359375,66.42125687662761
2023-07-26 15:32:34.138536,5106683.0,5107133.0,64.45827872721355,64.46227876790364,66.42160485839844,66.42560489908854
2023-07-26 15:32:34.143767,5106684.0,5107134.0,64.46262674967448,64.46662679036457,66.42595288085938,66.42995292154947
2023-07-26 15:32:34.148018,5106685.0,5107135.0,64.46697477213542,64.47097485351563,66.43030090332032,66.43430098470053
2023-07-26 15:32:34.152655,5106686.0,5107136.0,64.47133321126302,64.47533329264323,66.43464892578125,66.43864900716146
2023-07-26 15:32:34.156930,5106687.0,5107137.0,64.47567085774739,64.4796708984375,66.43899682617187,66.44299682617188
2023-07-26 15:32:34.161236,5106688.0,5107138.0,64.48001888020833,64.48401892089844,66.4433446858724,66.44734472656249
2023-07-26 15:32:34.165374,5106689.0,5107139.0,64.48436690266928,64.48836694335937,66.44769270833334,66.45169274902345
2023-07-26 15:32:34.169791,5106690.0,5107140.0,64.48871492513021,64.49271496582031,66.45204073079427,66.45604077148438
2023-07-26 15:32:34.173810,5106691.0,5107141.0,64.49306294759114,64.49706302897135,66.4563887532552,66.46038879394531
2023-07-26 15:32:34.178729,5106692.0,5107142.0,64.49741097005209,64.50141101074219,66.46073677571614,66.46473685709636
2023-07-26 15:32:34.182792,5106693.0,5107143.0,64.50175866699219,64.5057587483724,66.46508479817709,66.46908487955729
2023-07-26 15:32:34.187329,5106694.0,5107144.0,64.50610673014323,64.51010677083333,66.46943286132813,66.47343290201823
2023-07-26 15:32:34.191357,5106695.0,5107145.0,64.51045475260416,64.51445479329428,66.47378088378906,66.47778092447916
2023-07-26 15:32:34.195641,5106696.0,5107146.0,64.5148027750651,64.51880281575521,66.47812890625,66.4821289469401
2023-07-26 15:32:34.199911,5106697.0,5107147.0,64.51915079752604,64.52315083821614,66.48247692871094,66.48647696940104
2023-07-26 15:32:34.204067,5106698.0,5107148.0,64.52349881998698,64.5274989013672,66.48682495117187,66.49082495117187
2023-07-26 15:32:34.208320,5106699.0,5107149.0,64.52784684244791,64.53184692382813,66.49117264811197,66.49517272949218
2023-07-26 15:32:34.213286,5106700.0,5107150.0,64.53219490559896,64.53619494628906,66.49552067057293,66.49953116861978
2023-07-26 15:32:34.217539,5106701.0,5107151.0,64.5365429280599,64.54054296874999,66.49986873372396,66.50386877441406
2023-07-26 15:32:34.222205,5106702.0,5107152.0,64.54089095052083,64.54489099121095,66.5042167561849,66.508216796875
2023-07-26 15:32:34.225219,5106703.0,5107153.0,64.54523897298176,64.54923901367188,66.50856477864583,66.51256481933594
2023-07-26 15:32:34.229696,5106704.0,5107154.0,64.54958679199218,64.55358679199219,66.51291280110676,66.51691284179688
2023-07-26 15:32:34.234181,5106705.0,5107155.0,64.55393469238281,64.55793477376302,66.51726082356771,66.52126090494791
2023-07-26 15:32:34.238665,5106706.0,5107156.0,64.55828271484376,64.56228279622397,66.52160884602866,66.52560892740885
2023-07-26 15:32:34.243105,5106707.0,5107157.0,64.56263077799478,64.5666308186849,66.52595690917968,66.5299569498698
2023-07-26 15:32:34.248222,5106708.0,5107158.0,64.56697880045573,64.57097884114583,66.53030493164061,66.53430497233073
2023-07-26 15:32:34.252601,5106709.0,5107159.0,64.57132682291667,64.57532686360676,66.53465295410157,66.53865299479166
2023-07-26 15:32:34.256771,5106710.0,5107160.0,64.5756748453776,64.5796748860677,66.53900073242188,66.54300073242189
2023-07-26 15:32:34.261141,5106711.0,5107161.0,64.58002286783854,64.58402294921875,66.5433486735026,66.54734871419271
2023-07-26 15:32:34.265508,5106712.0,5107162.0,64.58437089029948,64.5883709716797,66.54769669596354,66.55169677734375
2023-07-26 15:32:34.270017,5106713.0,5107163.0,64.58871895345051,64.59271899414063,66.55204471842448,66.55604479980468
2023-07-26 15:32:34.274203,5106714.0,5107164.0,64.59306697591146,64.59706701660156,66.55639278157552,66.56039282226561
2023-07-26 15:32:34.278632,5106715.0,5107165.0,64.5974149169922,64.6014149169922,66.56074080403646,66.56474084472657
2023-07-26 15:32:34.282671,5106716.0,5107166.0,64.6017626953125,64.6057627360026,66.56508882649739,66.5690888671875
2023-07-26 15:32:34.287191,5106717.0,5107167.0,64.60611071777343,64.61011075846353,66.56943684895833,66.57343688964843
2023-07-26 15:32:34.291472,5106718.0,5107168.0,64.61045874023438,64.61445882161458,66.57378487141928,66.57778495279948
2023-07-26 15:32:34.295883,5106719.0,5107169.0,64.61480676269531,64.61880684407552,66.57813289388021,66.58213297526042
2023-07-26 15:32:34.300339,5106720.0,5107170.0,64.61915482584635,64.62315486653647,66.58248095703125,66.58648099772135
2023-07-26 15:32:34.304564,5106721.0,5107171.0,64.6235028483073,64.6275028889974,66.58682885742186,66.59082885742187
2023-07-26 15:32:34.308921,5106722.0,5107172.0,64.62785087076824,64.63185091145833,66.5911766764323,66.59517671712238
2023-07-26 15:32:34.313177,5106723.0,5107173.0,64.63219889322917,64.63619893391927,66.59552469889323,66.59952473958334
2023-07-26 15:32:34.317418,5106724.0,5107174.0,64.6365469156901,64.64054699707032,66.59987272135416,66.60387276204428
2023-07-26 15:32:34.321446,5106725.0,5107175.0,64.64089493815104,64.64489501953125,66.6042207438151,66.60822082519532
2023-07-26 15:32:34.325568,5106726.0,5107176.0,64.64524300130208,64.64924304199218,66.60856876627605,66.61256884765625
2023-07-26 15:32:34.329921,5106727.0,5107177.0,64.64959069824219,64.65359073893228,66.61291682942709,66.61691687011718
2023-07-26 15:32:34.334604,5106728.0,5107178.0,64.65393872070312,64.65793876139324,66.61726485188802,66.62126489257813
2023-07-26 15:32:34.338639,5106729.0,5107179.0,64.65828674316406,64.66228678385417,66.62161287434895,66.62561291503907
2023-07-26 15:32:34.343138,5106730.0,5107180.0,64.662634765625,64.6666348063151,66.62596089680989,66.6299609375
2023-07-26 15:32:34.347367,5106731.0,5107181.0,64.66698278808595,64.67098286946614,66.63030891927083,66.63430900065103
2023-07-26 15:32:34.351383,5106732.0,5107182.0,64.67133081054688,64.67533089192709,66.63465694173178,66.63865698242188
2023-07-26 15:32:34.356893,5106733.0,5107183.0,64.67567887369792,64.67967891438802,66.63900463867186,66.64300472005209
2023-07-26 15:32:34.360906,5106734.0,5107184.0,64.68002689615886,64.68402693684895,66.6433527018229,66.64735274251302
2023-07-26 15:32:34.364914,5106735.0,5107185.0,64.68438533528646,64.68838537597655,66.64770072428387,66.65170076497395
2023-07-26 15:32:34.369294,5106736.0,5107186.0,64.68872294108073,64.69272298177084,66.6520487467448,66.6560487874349
2023-07-26 15:32:34.373499,5106737.0,5107187.0,64.69307096354166,64.69707104492188,66.65639676920573,66.66039680989583
2023-07-26 15:32:34.377769,5106738.0,5107188.0,64.69741882324219,64.7014188232422,66.66074479166666,66.66474487304687
2023-07-26 15:32:34.382269,5106739.0,5107189.0,64.70176668294272,64.70576676432292,66.6650928141276,66.66909289550782
2023-07-26 15:32:34.386546,5106740.0,5107190.0,64.70611474609375,64.71011478678385,66.66944087727865,66.67344091796875
2023-07-26 15:32:34.390931,5106741.0,5107191.0,64.71046276855469,64.7144628092448,66.67378889973958,66.67778894042969
2023-07-26 15:32:34.395415,5106742.0,5107192.0,64.71481079101562,64.71881083170572,66.67813692220051,66.68213696289062
2023-07-26 15:32:34.399699,5106743.0,5107193.0,64.71915881347657,64.72315885416667,66.68248494466145,66.68648498535156
2023-07-26 15:32:34.403972,5106744.0,5107194.0,64.7235068359375,64.72750691731771,66.68683276367187,66.69083276367186
2023-07-26 15:32:34.409453,5106745.0,5107195.0,64.72785485839844,64.73185493977866,66.6911806640625,66.69518074544271
2023-07-26 15:32:34.413664,5106746.0,5107196.0,64.73220292154947,64.73620296223959,66.69552868652343,66.69952876790364
2023-07-26 15:32:34.417858,5106747.0,5107197.0,64.73655094401042,64.74055098470052,66.69987674967449,66.70387679036457
2023-07-26 15:32:34.422000,5106748.0,5107198.0,64.74089896647136,64.74489900716145,66.70422477213542,66.70822481282552
2023-07-26 15:32:34.426087,5106749.0,5107199.0,64.74524694824218,64.74924694824219,66.70858321126302,66.71258325195313
2023-07-26 15:32:34.430351,5106750.0,5107200.0,64.7495946858724,64.7535947265625,66.7129208170573,66.7169208577474
2023-07-26 15:32:34.434385,5106751.0,5107201.0,64.75394270833333,64.75794278971354,66.71726883951824,66.72126892089844
2023-07-26 15:32:34.438937,5106752.0,5107202.0,64.75829073079427,64.76229081217447,66.72161686197917,66.72561694335937
2023-07-26 15:32:34.443020,5106753.0,5107203.0,64.76263879394531,64.76663883463542,66.72596492513021,66.72996496582032
2023-07-26 15:32:34.447031,5106754.0,5107204.0,64.76698681640624,64.77098685709636,66.73031294759114,66.73431298828125
2023-07-26 15:32:34.451466,5106755.0,5107205.0,64.77133483886718,64.77533487955729,66.73466088867187,66.73866088867187
2023-07-26 15:32:34.455826,5106756.0,5107206.0,64.77568286132814,64.77968290201822,66.73900866699219,66.74300870768229
2023-07-26 15:32:34.460198,5106757.0,5107207.0,64.78003088378907,64.78403096516928,66.74335668945312,66.74735673014322
2023-07-26 15:32:34.465770,5106758.0,5107208.0,64.78437890625,64.78837898763021,66.74770471191407,66.75170479329428
2023-07-26 15:32:34.468770,5106759.0,5107209.0,64.78872696940104,64.79272701009114,66.752052734375,66.75605281575521
2023-07-26 15:32:34.473210,5106760.0,5107210.0,64.79307499186199,64.79707503255209,66.75640079752604,66.76040083821614
2023-07-26 15:32:34.478698,5106761.0,5107211.0,64.79742272949218,64.80142272949217,66.76074881998699,66.76474886067707
2023-07-26 15:32:34.482708,5106762.0,5107212.0,64.80178112792969,64.80578116861979,66.76509684244792,66.76909688313803
2023-07-26 15:32:34.486788,5106763.0,5107213.0,64.80611873372395,64.81011877441406,66.76944486490885,66.77344490559896
2023-07-26 15:32:34.491209,5106764.0,5107214.0,64.8104667561849,64.8144668375651,66.7737928873698,66.77779296874999
2023-07-26 15:32:34.495250,5106765.0,5107215.0,64.81481477864584,64.81881486002604,66.77814090983073,66.78214099121094
2023-07-26 15:32:34.499336,5106766.0,5107216.0,64.81916284179688,64.82316288248698,66.78248897298177,66.78648901367188
2023-07-26 15:32:34.504577,5106767.0,5107217.0,64.82351086425781,64.82751090494791,66.78683666992187,66.79083671061198
2023-07-26 15:32:34.507867,5106768.0,5107218.0,64.82785888671874,64.83185892740886,66.7911846923828,66.79518473307292
2023-07-26 15:32:34.512282,5106769.0,5107219.0,64.83220690917969,64.83620694986979,66.79553271484376,66.79953275553385
2023-07-26 15:32:34.517943,5106770.0,5107220.0,64.83655493164062,64.84055501302083,66.79988073730469,66.80388077799479
2023-07-26 15:32:34.520964,5106771.0,5107221.0,64.84090295410157,64.84490303548178,66.80422875976562,66.80822884114583
2023-07-26 15:32:34.526635,5106772.0,5107222.0,64.84525085449218,64.84925085449218,66.80857678222655,66.81257686360676
2023-07-26 15:32:34.530826,5106773.0,5107223.0,64.84959871419271,64.85359875488281,66.81292484537761,66.81692488606771
2023-07-26 15:32:34.534849,5106774.0,5107224.0,64.85394673665365,64.85794677734376,66.81727286783854,66.82127290852866
2023-07-26 15:32:34.539047,5106775.0,5107225.0,64.85829475911459,64.86229479980469,66.82162089029949,66.82562093098959
2023-07-26 15:32:34.543288,5106776.0,5107226.0,64.86264278157552,64.86664282226562,66.82596891276042,66.82996895345052
2023-07-26 15:32:34.547739,5106777.0,5107227.0,64.86699080403645,64.87099088541666,66.83031693522136,66.83431701660156
2023-07-26 15:32:34.552043,5106778.0,5107228.0,64.8713388264974,64.8753389078776,66.83466479492188,66.83866479492187
2023-07-26 15:32:34.556348,5106779.0,5107229.0,64.87568688964843,64.87968693033855,66.8390126546224,66.8430127360026
2023-07-26 15:32:34.560793,5106780.0,5107230.0,64.88003491210937,64.88403495279948,66.84336071777344,66.84736075846354
2023-07-26 15:32:34.565095,5106781.0,5107231.0,64.88438293457031,64.88838297526041,66.84770874023437,66.85170878092448
2023-07-26 15:32:34.569384,5106782.0,5107232.0,64.88873095703126,64.89273099772134,66.85205676269531,66.85605680338541
2023-07-26 15:32:34.573873,5106783.0,5107233.0,64.89307897949219,64.89707897949219,66.85640478515624,66.86040482584636
2023-07-26 15:32:34.578150,5106784.0,5107234.0,64.89742667643229,64.9014267578125,66.86075280761719,66.8647528889974
2023-07-26 15:32:34.582459,5106785.0,5107235.0,64.90177469889323,64.90577478027343,66.86510083007812,66.86910091145833
2023-07-26 15:32:34.586670,5106786.0,5107236.0,64.90612276204428,64.91012280273438,66.86944889322918,66.87344893391926
2023-07-26 15:32:34.591530,5106787.0,5107237.0,64.91047078450521,64.91447082519532,66.87379691569011,66.87779695638021
2023-07-26 15:32:34.595673,5106788.0,5107238.0,64.91481880696614,64.91881884765625,66.87814493815104,66.88214497884115
2023-07-26 15:32:34.599861,5106789.0,5107239.0,64.91916682942708,64.92316687011719,66.88249291992187,66.88649291992188
2023-07-26 15:32:34.604001,5106790.0,5107240.0,64.92351485188803,64.92751493326823,66.88684065755209,66.89084069824219
2023-07-26 15:32:34.609169,5106791.0,5107241.0,64.92786287434896,64.93186295572916,66.89118868001302,66.89518876139323
2023-07-26 15:32:34.613225,5106792.0,5107242.0,64.9322109375,64.9362109781901,66.89553670247396,66.89953678385417
2023-07-26 15:32:34.617603,5106793.0,5107243.0,64.93655895996093,64.94055900065104,66.89988476562499,66.9038848063151
2023-07-26 15:32:34.621651,5106794.0,5107244.0,64.94090698242188,64.94490702311198,66.90423278808593,66.90823282877604
2023-07-26 15:32:34.625827,5106795.0,5107245.0,64.94525476074219,64.94925476074219,66.90858081054688,66.91258085123697
2023-07-26 15:32:34.631072,5106796.0,5107246.0,64.94960270182291,64.95360274251303,66.91292883300781,66.91692887369793
2023-07-26 15:32:34.635058,5106797.0,5107247.0,64.95395072428386,64.95795080566407,66.91727685546874,66.92127693684895
2023-07-26 15:32:34.644029,5106798.0,5107248.0,64.9582987467448,64.962298828125,66.92163529459636,66.92563537597655
2023-07-26 15:32:34.647664,5106800.0,5107250.0,64.96699483235678,64.97099487304688,66.93032096354166,66.93432100423178
2023-07-26 15:32:34.652693,5106801.0,5107251.0,64.9713428548177,64.97534289550782,66.93466870117187,66.93866870117188
2023-07-26 15:32:34.657053,5106802.0,5107252.0,64.97569087727864,64.97969091796875,66.93901668294271,66.94301672363281
2023-07-26 15:32:34.661113,5106803.0,5107253.0,64.98003889973958,64.98403898111978,66.94336470540365,66.94736474609374
2023-07-26 15:32:34.665508,5106804.0,5107254.0,64.98438692220051,64.98838700358074,66.94771272786458,66.9517128092448
2023-07-26 15:32:34.674261,5106805.0,5107255.0,64.98873498535156,64.99273502604167,66.95206075032551,66.95606083170573
2023-07-26 15:32:34.678793,5106807.0,5107257.0,64.9974307047526,65.0014307454427,66.9607568359375,66.9647568766276
2023-07-26 15:32:34.682786,5106808.0,5107258.0,65.00177872721355,65.00577876790365,66.96510485839845,66.96910489908853
2023-07-26 15:32:34.691441,5106809.0,5107259.0,65.00612679036458,65.01012679036458,66.96945288085938,66.97345292154948
2023-07-26 15:32:34.695457,5106811.0,5107261.0,65.01483321126302,65.01883329264322,66.97814892578126,66.98214900716145
2023-07-26 15:32:34.699713,5106812.0,5107262.0,65.0191708577474,65.0231708984375,66.98249682617188,66.98649682617187
2023-07-26 15:32:34.704000,5106813.0,5107263.0,65.02351888020833,65.02751892089844,66.9868446858724,66.9908447265625
2023-07-26 15:32:34.708388,5106814.0,5107264.0,65.02786690266927,65.03186694335938,66.99119270833333,66.99519274902345
2023-07-26 15:32:34.712579,5106815.0,5107265.0,65.0322149251302,65.0362149658203,66.99554073079427,66.99954077148438
2023-07-26 15:32:34.718051,5106816.0,5107266.0,65.03656294759115,65.04056302897135,66.9998887532552,67.00388879394531
2023-07-26 15:32:34.722052,5106817.0,5107267.0,65.04091097005208,65.0449110107422,67.00423677571615,67.00823685709636
2023-07-26 15:32:34.726097,5106818.0,5107268.0,65.04525866699218,65.0492587483724,67.00858479817708,67.0125848795573
2023-07-26 15:32:34.730575,5106819.0,5107269.0,65.04960673014322,65.05360677083333,67.01293286132812,67.01693290201823
2023-07-26 15:32:34.739481,5106820.0,5107270.0,65.05395475260417,65.05795479329427,67.01728088378907,67.02128092447916
2023-07-26 15:32:34.744059,5106822.0,5107272.0,65.06265079752603,65.06665083821615,67.02597692871093,67.02997696940105
2023-07-26 15:32:34.748072,5106823.0,5107273.0,65.06699881998698,65.07099890136719,67.03032495117186,67.03432495117187
2023-07-26 15:32:34.752316,5106824.0,5107274.0,65.07134684244792,65.07534692382812,67.03467264811198,67.03867272949218
2023-07-26 15:32:34.756749,5106825.0,5107275.0,65.07569490559897,65.07969494628905,67.03902067057292,67.04303116861979
2023-07-26 15:32:34.765720,5106826.0,5107276.0,65.0800429280599,65.08404296875,67.04336873372395,67.04736877441407
2023-07-26 15:32:34.769699,5106828.0,5107278.0,65.08873897298176,65.09273901367187,67.05206477864584,67.05606481933593
2023-07-26 15:32:34.774147,5106829.0,5107279.0,65.09308679199219,65.09708679199218,67.05641280110677,67.06041284179688
2023-07-26 15:32:34.778514,5106830.0,5107280.0,65.0974346923828,65.10143477376303,67.0607608235677,67.06476090494792
2023-07-26 15:32:34.787212,5106831.0,5107281.0,65.10178271484375,65.10578279622396,67.06510884602865,67.06910892740886
2023-07-26 15:32:34.791696,5106833.0,5107283.0,65.11047880045574,65.11447884114583,67.07380493164062,67.07780497233072
2023-07-26 15:32:34.795739,5106834.0,5107284.0,65.11482682291667,65.11882686360677,67.07815295410157,67.08215299479167
2023-07-26 15:32:34.800849,5106835.0,5107285.0,65.1191748453776,65.12317488606772,67.08250073242188,67.08650073242188
2023-07-26 15:32:34.805001,5106836.0,5107286.0,65.12352286783855,65.12752294921874,67.0868486735026,67.0908487141927
2023-07-26 15:32:34.809467,5106837.0,5107287.0,65.12787089029949,65.13187097167969,67.09119669596355,67.09519677734374
2023-07-26 15:32:34.813893,5106838.0,5107288.0,65.13221895345052,65.13621899414063,67.09554471842448,67.09954479980469
2023-07-26 15:32:34.817901,5106839.0,5107289.0,65.13656697591145,65.14056701660157,67.09989278157552,67.10389282226562
2023-07-26 15:32:34.822096,5106840.0,5107290.0,65.14091491699219,65.14491491699219,67.10424080403645,67.10824084472657
2023-07-26 15:32:34.830305,5106841.0,5107291.0,65.14526269531251,65.1492627360026,67.1085888264974,67.1125888671875
2023-07-26 15:32:34.834377,5106843.0,5107293.0,65.15395874023437,65.15795882161459,67.11728487141927,67.12128495279948
2023-07-26 15:32:34.839426,5106844.0,5107294.0,65.1583067626953,65.16230684407552,67.1216328938802,67.12563297526042
2023-07-26 15:32:34.843608,5106845.0,5107295.0,65.16265482584636,65.16665486653646,67.12598095703125,67.12998099772135
2023-07-26 15:32:34.848045,5106846.0,5107296.0,65.16700284830729,65.1710028889974,67.13032885742187,67.13432885742186
2023-07-26 15:32:34.856415,5106847.0,5107297.0,65.17135087076824,65.17535091145834,67.13467667643229,67.1386767171224
2023-07-26 15:32:34.860633,5106849.0,5107299.0,65.18004691569011,65.18404699707031,67.14337272135415,67.14737276204427
2023-07-26 15:32:34.865654,5106850.0,5107300.0,65.18439493815104,65.18839501953124,67.14772074381511,67.15172082519531
2023-07-26 15:32:34.869807,5106851.0,5107301.0,65.18874300130209,65.19274304199219,67.15206876627605,67.15606884765626
2023-07-26 15:32:34.878375,5106852.0,5107302.0,65.19309069824219,65.19709073893229,67.15641682942709,67.16041687011719
2023-07-26 15:32:34.882432,5106854.0,5107304.0,65.20178674316406,65.20578678385417,67.16511287434896,67.16911291503907
2023-07-26 15:32:34.886703,5106855.0,5107305.0,65.206134765625,65.21013480631511,67.1694608968099,67.1734609375
2023-07-26 15:32:34.891110,5106856.0,5107306.0,65.21048278808594,65.21448286946615,67.17380891927083,67.17780900065104
2023-07-26 15:32:34.899699,5106857.0,5107307.0,65.21483081054687,65.21883089192708,67.17815694173177,67.18215698242187
2023-07-26 15:32:34.904127,5106859.0,5107309.0,65.22352689615886,65.22752693684896,67.18685270182291,67.19085274251302
2023-07-26 15:32:34.912635,5106860.0,5107310.0,65.22788533528646,65.23188537597656,67.19120072428386,67.19520076497396
2023-07-26 15:32:34.917132,5106862.0,5107312.0,65.23657096354167,65.24057104492188,67.19989676920574,67.20389680989582
2023-07-26 15:32:34.922149,5106863.0,5107313.0,65.2409188232422,65.24491882324219,67.20424479166667,67.20824487304687
2023-07-26 15:32:34.930694,5106864.0,5107314.0,65.24526668294271,65.24926676432293,67.2085928141276,67.21259289550783
2023-07-26 15:32:34.935407,5106866.0,5107316.0,65.25396276855469,65.25796280924479,67.21728889973959,67.22128894042969
2023-07-26 15:32:34.939412,5106867.0,5107317.0,65.25831079101563,65.26231083170572,67.22163692220052,67.22563696289062
2023-07-26 15:32:34.947701,5106868.0,5107318.0,65.26265881347656,65.26665885416668,67.22598494466146,67.22998498535156
2023-07-26 15:32:34.952165,5106870.0,5107320.0,65.27135485839844,65.27535493977865,67.2346806640625,67.23868074544271
2023-07-26 15:32:34.961251,5106871.0,5107321.0,65.27570292154948,65.27970296223958,67.23902868652344,67.24302876790364
2023-07-26 15:32:34.965765,5106873.0,5107323.0,65.28439896647136,65.28839900716146,67.24772477213541,67.25172481282553
2023-07-26 15:32:34.969756,5106874.0,5107324.0,65.28874694824218,65.29274694824218,67.25208321126301,67.25608325195313
2023-07-26 15:32:34.974778,5106875.0,5107325.0,65.2930946858724,65.29709472656249,67.2564208170573,67.26042085774739
2023-07-26 15:32:34.982928,5106876.0,5107326.0,65.29744270833334,65.30144278971353,67.26076883951824,67.26476892089845
2023-07-26 15:32:34.991570,5106878.0,5107328.0,65.30613879394531,65.31013883463541,67.26946492513021,67.27346496582031
2023-07-26 15:32:34.995556,5106880.0,5107330.0,65.31483483886718,65.31883487955729,67.27816088867188,67.28216088867187
2023-07-26 15:32:35.004825,5106881.0,5107331.0,65.31918286132813,65.32318290201823,67.28250866699219,67.2865087076823
2023-07-26 15:32:35.009222,5106883.0,5107333.0,65.32787890625,65.3318789876302,67.29120471191406,67.29520479329427
2023-07-26 15:32:35.017566,5106884.0,5107334.0,65.33222696940105,65.33622701009114,67.29555273437501,67.2995528157552
2023-07-26 15:32:35.022022,5106886.0,5107336.0,65.34092272949218,65.34492272949218,67.30424881998698,67.30824886067708
2023-07-26 15:32:35.026274,5106887.0,5107337.0,65.34528112792968,65.34928116861978,67.30859684244791,67.31259688313803
2023-07-26 15:32:35.034641,5106888.0,5107338.0,65.34961873372396,65.35361877441406,67.31294486490886,67.31694490559896
2023-07-26 15:32:35.039102,5106890.0,5107340.0,65.35831477864583,65.36231486002605,67.32164090983072,67.32564099121095
2023-07-26 15:32:35.044234,5106891.0,5107341.0,65.36266284179688,65.36666288248698,67.32598897298176,67.32998901367188
2023-07-26 15:32:35.052574,5106892.0,5107342.0,65.36701086425782,65.37101090494791,67.33033666992188,67.33433671061198
2023-07-26 15:32:35.056190,5106894.0,5107344.0,65.37570690917968,65.3797069498698,67.33903271484375,67.34303275553386
2023-07-26 15:32:35.061200,5106895.0,5107345.0,65.38005493164061,65.38405501302083,67.34338073730468,67.34738077799479
2023-07-26 15:32:35.069968,5106896.0,5107346.0,65.38440295410157,65.38840303548177,67.34772875976562,67.35172884114583
2023-07-26 15:32:35.073982,5106898.0,5107348.0,65.3930987141927,65.39709875488282,67.3564248453776,67.36042488606772
2023-07-26 15:32:35.083146,5106899.0,5107349.0,65.39744673665365,65.40144677734375,67.36077286783853,67.36477290852865
2023-07-26 15:32:35.087504,5106901.0,5107351.0,65.40614278157553,65.41014282226561,67.36946891276042,67.37346895345051
2023-07-26 15:32:35.095908,5106902.0,5107352.0,65.41049080403646,65.41449088541667,67.37381693522136,67.37781701660157
2023-07-26 15:32:35.100301,5106904.0,5107354.0,65.41918688964843,65.42318693033855,67.38251265462239,67.3865127360026
2023-07-26 15:32:35.104584,5106905.0,5107355.0,65.42353491210937,65.42753495279948,67.38686071777344,67.39086075846353
2023-07-26 15:32:35.112925,5106906.0,5107356.0,65.4278829345703,65.43188297526042,67.39120874023438,67.39520878092448
2023-07-26 15:32:35.117186,5106908.0,5107358.0,65.43657897949218,65.44057897949219,67.39990478515624,67.40390482584635
2023-07-26 15:32:35.126416,5106909.0,5107359.0,65.4409266764323,65.4449267578125,67.4042528076172,67.4082528889974
2023-07-26 15:32:35.130152,5106911.0,5107361.0,65.44962276204427,65.45362280273439,67.41294889322917,67.41694893391927
2023-07-26 15:32:35.139632,5106912.0,5107362.0,65.4539707845052,65.45797082519532,67.4172969156901,67.4212969563802
2023-07-26 15:32:35.143215,5106914.0,5107364.0,65.46266682942709,65.46666687011718,67.42599291992188,67.42999291992187
2023-07-26 15:32:35.152534,5106915.0,5107365.0,65.46701485188802,65.47101493326824,67.43034065755208,67.4343406982422
2023-07-26 15:32:35.156132,5106917.0,5107367.0,65.4757109375,65.4797109781901,67.43903670247396,67.44303678385417
2023-07-26 15:32:35.165503,5106918.0,5107368.0,65.48005895996094,65.48405900065103,67.443384765625,67.4473848063151
2023-07-26 15:32:35.169759,5106920.0,5107370.0,65.48875476074218,65.49275476074219,67.45208081054687,67.45608085123698
2023-07-26 15:32:35.178605,5106921.0,5107371.0,65.4931027018229,65.49710274251302,67.4564288330078,67.46042887369792
2023-07-26 15:32:35.183094,5106923.0,5107373.0,65.5017987467448,65.50579882812501,67.46513529459635,67.46913537597656
2023-07-26 15:32:35.191349,5106924.0,5107374.0,65.50614680989582,65.51014685058594,67.46947294108072,67.47347298177084
2023-07-26 15:32:35.195691,5106926.0,5107376.0,65.51484285481772,65.51884289550782,67.47816870117188,67.48216870117187
2023-07-26 15:32:35.204968,5106927.0,5107377.0,65.51919087727865,65.52319091796875,67.48251668294272,67.48651672363282
2023-07-26 15:32:35.208379,5106929.0,5107379.0,65.52788692220051,65.53188700358074,67.49121272786458,67.49521280924479
2023-07-26 15:32:35.217614,5106930.0,5107380.0,65.53223498535155,65.53623502604167,67.49556075032552,67.49956083170572
2023-07-26 15:32:35.221836,5106932.0,5107382.0,65.5409307047526,65.54493074544271,67.5042568359375,67.50825687662761
2023-07-26 15:32:35.230145,5106933.0,5107383.0,65.54527872721354,65.54927876790364,67.50860485839844,67.51260489908854
2023-07-26 15:32:35.234443,5106935.0,5107385.0,65.55397477213542,65.55797485351562,67.51730090332032,67.52130098470052
2023-07-26 15:32:35.243794,5106936.0,5107386.0,65.55833321126302,65.56233329264323,67.52164892578125,67.52564900716146
2023-07-26 15:32:35.247875,5106938.0,5107388.0,65.56701888020832,65.57101892089844,67.5303446858724,67.5343447265625
2023-07-26 15:32:35.256237,5106939.0,5107389.0,65.57136690266928,65.57536694335937,67.53469270833334,67.53869274902344
2023-07-26 15:32:35.261506,5106941.0,5107391.0,65.58006294759114,65.58406302897136,67.5433887532552,67.54738879394532
2023-07-26 15:32:35.269869,5106942.0,5107392.0,65.58441097005208,65.58841101074219,67.54773677571615,67.55173685709636
2023-07-26 15:32:35.278877,5106944.0,5107394.0,65.59310673014323,65.59710677083332,67.55643286132813,67.56043290201822
2023-07-26 15:32:35.286855,5106946.0,5107396.0,65.6018028157552,65.60580281575521,67.56512890625,67.5691289469401
2023-07-26 15:32:35.295825,5106948.0,5107398.0,65.61049881998699,65.61449890136718,67.57382495117187,67.57782495117186
2023-07-26 15:32:35.304796,5106950.0,5107400.0,65.61919490559896,65.62319494628906,67.58252067057292,67.58653116861979
2023-07-26 15:32:35.308796,5106952.0,5107402.0,65.62789095052084,65.63189099121094,67.5912167561849,67.595216796875
2023-07-26 15:32:35.317264,5106953.0,5107403.0,65.63223897298177,65.63623901367188,67.59556477864584,67.59956481933594
2023-07-26 15:32:35.321451,5106955.0,5107405.0,65.6409346923828,65.64493477376303,67.6042608235677,67.60826090494791
2023-07-26 15:32:35.330847,5106956.0,5107406.0,65.64528271484376,65.64928279622396,67.60860884602866,67.61260892740886
2023-07-26 15:32:35.335126,5106958.0,5107408.0,65.65397880045573,65.65797884114583,67.61730493164062,67.62130497233073
2023-07-26 15:32:35.343347,5106959.0,5107409.0,65.65832682291666,65.66232686360676,67.62165295410156,67.62565299479166
2023-07-26 15:32:35.347845,5106961.0,5107411.0,65.66702286783854,65.67102294921875,67.63034867350261,67.6343487141927
2023-07-26 15:32:35.356972,5106962.0,5107412.0,65.67137089029949,65.6753709716797,67.63469669596354,67.63869677734375
2023-07-26 15:32:35.365191,5106964.0,5107414.0,65.68006697591146,65.68406701660156,67.64339278157553,67.64739282226562
2023-07-26 15:32:35.369192,5106966.0,5107416.0,65.6887626953125,65.6927627360026,67.65208882649739,67.6560888671875
2023-07-26 15:32:35.378325,5106967.0,5107417.0,65.69311071777344,65.69711075846354,67.65643684895834,67.66043688964844
2023-07-26 15:32:35.386768,5106969.0,5107419.0,65.70180676269531,65.70580684407551,67.66513289388021,67.66913297526041
2023-07-26 15:32:35.391540,5106971.0,5107421.0,65.71050284830729,65.7145028889974,67.67382885742187,67.67782885742187
2023-07-26 15:32:35.399884,5106972.0,5107422.0,65.71485087076823,65.71885091145833,67.67817667643229,67.68217671712239
2023-07-26 15:32:35.404298,5106974.0,5107424.0,65.72354691569011,65.72754699707032,67.68687272135416,67.69087276204426
2023-07-26 15:32:35.413619,5106975.0,5107425.0,65.72789493815104,65.73189501953125,67.69122074381511,67.69522082519532
2023-07-26 15:32:35.417814,5106977.0,5107427.0,65.7365906982422,65.74059073893228,67.6999168294271,67.70391687011718
2023-07-26 15:32:35.426115,5106978.0,5107428.0,65.74093872070313,65.74493876139323,67.70426485188803,67.70826489257813
2023-07-26 15:32:35.430320,5106980.0,5107430.0,65.74963476562499,65.7536348063151,67.71296089680989,67.7169609375
2023-07-26 15:32:35.439006,5106981.0,5107431.0,65.75398278808593,65.75798286946615,67.71730891927083,67.72130900065103
2023-07-26 15:32:35.443434,5106983.0,5107433.0,65.76267887369792,65.76667891438802,67.72600463867187,67.7300047200521
2023-07-26 15:32:35.452045,5106984.0,5107434.0,65.76702689615885,65.77102693684895,67.73035270182291,67.73435274251302
2023-07-26 15:32:35.456433,5106986.0,5107436.0,65.77572294108073,65.77972298177083,67.7390487467448,67.74304878743489
2023-07-26 15:32:35.465628,5106987.0,5107437.0,65.78007096354166,65.78407104492189,67.74339676920573,67.74739680989583
2023-07-26 15:32:35.474133,5106989.0,5107439.0,65.78876668294271,65.79276676432292,67.7520928141276,67.75609289550782
2023-07-26 15:32:35.482960,5106991.0,5107441.0,65.7974627685547,65.80146280924478,67.76078889973958,67.7647889404297
2023-07-26 15:32:35.487109,5106993.0,5107443.0,65.80615881347656,65.81015885416667,67.76948494466146,67.77348498535156
2023-07-26 15:32:35.495462,5106994.0,5107444.0,65.8105068359375,65.8145069173177,67.77383276367188,67.77783276367187
2023-07-26 15:32:35.499822,5106996.0,5107446.0,65.81920292154948,65.82320296223959,67.78252868652343,67.78652876790365
2023-07-26 15:32:35.508313,5106997.0,5107447.0,65.8235509440104,65.82755098470052,67.78687674967448,67.79087679036458
2023-07-26 15:32:35.512757,5106999.0,5107449.0,65.83224694824219,65.83624694824218,67.79558321126302,67.79958325195312
2023-07-26 15:32:35.522180,5107000.0,5107450.0,65.8365946858724,65.8405947265625,67.7999208170573,67.8039208577474
2023-07-26 15:32:35.530188,5107002.0,5107452.0,65.84529073079426,65.84929081217447,67.80861686197916,67.81261694335937
2023-07-26 15:32:35.539254,5107004.0,5107454.0,65.85398681640625,65.85798685709636,67.81731294759115,67.82131298828125
2023-07-26 15:32:35.543254,5107006.0,5107456.0,65.86268286132812,65.86668290201823,67.82600866699218,67.8300087076823
2023-07-26 15:32:35.552285,5107007.0,5107457.0,65.86703088378907,65.87103096516927,67.83035668945313,67.83435673014323
2023-07-26 15:32:35.561293,5107009.0,5107459.0,65.87572696940104,65.87972701009114,67.839052734375,67.84305281575521
2023-07-26 15:32:35.569324,5107011.0,5107461.0,65.88442272949219,65.88842272949218,67.84774881998698,67.85174886067708
2023-07-26 15:32:35.574335,5107013.0,5107463.0,65.89311873372395,65.89711877441407,67.85644486490885,67.86044490559897
2023-07-26 15:32:35.582370,5107014.0,5107464.0,65.8974667561849,65.90146683756511,67.86079288736978,67.86479296875
2023-07-26 15:32:35.587400,5107016.0,5107466.0,65.90616284179688,65.91016288248697,67.86948897298177,67.87348901367187
2023-07-26 15:32:35.595436,5107017.0,5107467.0,65.91051086425782,65.91451090494792,67.87383666992187,67.87783671061199
2023-07-26 15:32:35.600550,5107019.0,5107469.0,65.91920690917968,65.9232069498698,67.88253271484375,67.88653275553385
2023-07-26 15:32:35.609004,5107020.0,5107470.0,65.92355493164062,65.92755501302082,67.8868807373047,67.89088077799478
2023-07-26 15:32:35.613011,5107022.0,5107472.0,65.93225085449218,65.93625085449219,67.89557678222656,67.89957686360677
2023-07-26 15:32:35.621982,5107023.0,5107473.0,65.9365987141927,65.94059875488281,67.8999248453776,67.90392488606771
2023-07-26 15:32:35.630952,5107025.0,5107475.0,65.94529475911459,65.94929479980469,67.90862089029949,67.91262093098958
2023-07-26 15:32:35.638926,5107027.0,5107477.0,65.95399080403645,65.95799088541666,67.91731693522135,67.92131701660156
2023-07-26 15:32:35.647895,5107029.0,5107479.0,65.96268688964844,65.96668693033854,67.9260126546224,67.93001273600261
2023-07-26 15:32:35.656865,5107031.0,5107481.0,65.9713829345703,65.97538297526042,67.93470874023437,67.93870878092449
2023-07-26 15:32:35.664839,5107033.0,5107483.0,65.98007897949219,65.98407897949218,67.94340478515625,67.94740482584635
2023-07-26 15:32:35.673807,5107035.0,5107485.0,65.98877469889322,65.99277478027344,67.95210083007812,67.95610091145834
2023-07-26 15:32:35.682777,5107037.0,5107487.0,65.99747078450521,66.00147082519531,67.96079691569011,67.9647969563802
2023-07-26 15:32:35.691747,5107039.0,5107489.0,66.00616682942709,66.01016687011719,67.96949291992188,67.97349291992188
2023-07-26 15:32:35.699720,5107041.0,5107491.0,66.01486287434896,66.01886295572916,67.97818868001302,67.98218876139323
2023-07-26 15:32:35.704708,5107043.0,5107493.0,66.02355895996094,66.02755900065104,67.98688476562499,67.99088480631511
2023-07-26 15:32:35.712677,5107044.0,5107494.0,66.02790698242187,66.03190702311198,67.99123278808594,67.99523282877604
2023-07-26 15:32:35.721647,5107046.0,5107496.0,66.03660270182291,66.04060274251302,67.99992883300781,68.00392887369792
2023-07-26 15:32:35.730617,5107048.0,5107498.0,66.04529874674479,66.049298828125,68.00863529459635,68.01263537597656
2023-07-26 15:32:35.739587,5107050.0,5107500.0,66.05399483235678,66.05799487304687,68.01732096354166,68.02132100423177
2023-07-26 15:32:35.747560,5107052.0,5107502.0,66.06269087727864,66.06669091796876,68.02601668294271,68.03001672363281
2023-07-26 15:32:35.756530,5107054.0,5107504.0,66.07138692220052,66.07538700358073,68.03471272786459,68.03871280924479
2023-07-26 15:32:35.765500,5107056.0,5107506.0,66.08008288574219,66.08408288574219,68.04340881347656,68.04740885416668
2023-07-26 15:32:35.774470,5107058.0,5107508.0,66.08877872721355,66.09277876790364,68.05210485839845,68.05610489908854
2023-07-26 15:32:35.782443,5107060.0,5107510.0,66.09747477213541,66.10147485351563,68.06080090332031,68.06480098470053
2023-07-26 15:32:35.791648,5107062.0,5107512.0,66.1061708577474,66.1101708984375,68.06949682617187,68.07349682617188
2023-07-26 15:32:35.800621,5107064.0,5107514.0,66.11486690266928,66.11886694335938,68.07819270833333,68.08219274902345
2023-07-26 15:32:35.808594,5107066.0,5107516.0,66.12356294759115,66.12756302897135,68.08688875325521,68.09088879394531
2023-07-26 15:32:35.817564,5107068.0,5107518.0,66.13225866699219,66.1362587483724,68.09558479817709,68.0995848795573
2023-07-26 15:32:35.826534,5107070.0,5107520.0,66.14095475260416,66.14495479329427,68.10428088378906,68.10828092447916
2023-07-26 15:32:35.834507,5107072.0,5107522.0,66.14965079752604,66.15365083821615,68.11297692871094,68.11697696940104
2023-07-26 15:32:35.843477,5107074.0,5107524.0,66.15834684244791,66.16234692382812,68.12167264811197,68.12567272949218
2023-07-26 15:32:35.852447,5107076.0,5107526.0,66.1670429280599,66.17104296875,68.13036873372396,68.13436877441406
2023-07-26 15:32:35.861417,5107078.0,5107528.0,66.17573897298176,66.17973901367188,68.13906477864583,68.14306481933593
2023-07-26 15:32:35.869391,5107080.0,5107530.0,66.18443469238281,66.18843477376302,68.14776082356771,68.15176090494792
2023-07-26 15:32:35.878360,5107082.0,5107532.0,66.19313077799478,66.1971308186849,68.15645690917968,68.1604569498698
2023-07-26 15:32:35.887330,5107084.0,5107534.0,66.20182682291667,66.20582686360676,68.16515295410157,68.16915299479166
2023-07-26 15:32:35.895304,5107086.0,5107536.0,66.21052286783853,66.21452294921875,68.1738486735026,68.1778487141927
2023-07-26 15:32:35.904278,5107088.0,5107538.0,66.21921895345052,66.22321899414062,68.18254471842448,68.18654479980468
2023-07-26 15:32:35.913243,5107090.0,5107540.0,66.22791491699219,66.2319149169922,68.19124080403645,68.19524084472657
2023-07-26 15:32:35.922218,5107092.0,5107542.0,66.23661071777344,66.24061075846353,68.19993684895834,68.20393688964843
2023-07-26 15:32:35.930186,5107094.0,5107544.0,66.24530676269531,66.24930684407552,68.2086328938802,68.21263297526042
2023-07-26 15:32:35.939157,5107096.0,5107546.0,66.2540028483073,66.2580028889974,68.21732885742188,68.22132885742187
2023-07-26 15:32:35.948126,5107098.0,5107548.0,66.26269889322917,66.26669893391927,68.22602469889323,68.23002473958334
2023-07-26 15:32:35.956100,5107100.0,5107550.0,66.27139493815105,66.27539501953125,68.2347207438151,68.23872082519532
2023-07-26 15:32:35.965070,5107102.0,5107552.0,66.28009069824219,66.28409073893229,68.24341682942709,68.24741687011719
2023-07-26 15:32:35.974040,5107104.0,5107554.0,66.28878674316405,66.29278678385417,68.25211287434895,68.25611291503907
2023-07-26 15:32:35.983010,5107106.0,5107556.0,66.29748282877604,66.30148286946614,68.26080891927083,68.26480900065104
2023-07-26 15:32:35.990983,5107108.0,5107558.0,66.30617887369792,66.31017891438802,68.26950463867186,68.27350472005209
2023-07-26 15:32:35.999953,5107110.0,5107560.0,66.31488533528646,66.31888537597656,68.27820072428386,68.28220076497395
2023-07-26 15:32:36.008924,5107112.0,5107562.0,66.32357096354166,66.32757104492188,68.28689676920573,68.29089680989583
2023-07-26 15:32:36.016896,5107114.0,5107564.0,66.33226668294272,66.33626676432293,68.2955928141276,68.29959289550781
2023-07-26 15:32:36.025867,5107116.0,5107566.0,66.34096276855469,66.34496280924479,68.30428889973957,68.30828894042969
2023-07-26 15:32:36.034786,5107118.0,5107568.0,66.34965881347657,66.35365885416667,68.31298494466147,68.31698498535155
2023-07-26 15:32:36.043674,5107120.0,5107570.0,66.35835485839844,66.36235493977865,68.3216806640625,68.32568074544271
2023-07-26 15:32:36.051765,5107122.0,5107572.0,66.36705094401042,66.37105098470052,68.33037674967449,68.33437679036457
2023-07-26 15:32:36.061256,5107124.0,5107574.0,66.37574694824218,66.37974694824219,68.33908321126302,68.34308325195313
2023-07-26 15:32:36.069343,5107126.0,5107576.0,66.38444270833334,66.38844278971354,68.34776883951824,68.35176892089844
2023-07-26 15:32:36.078397,5107128.0,5107578.0,66.39313879394531,66.39713883463541,68.35646492513021,68.36046496582031
2023-07-26 15:32:36.086721,5107130.0,5107580.0,66.40183483886719,66.40583487955729,68.36516088867188,68.36916088867187
2023-07-26 15:32:36.095421,5107132.0,5107582.0,66.41053088378906,66.41453096516928,68.37385668945312,68.37785673014324
2023-07-26 15:32:36.104501,5107134.0,5107584.0,66.41922696940104,66.42322701009114,68.382552734375,68.38655281575521
2023-07-26 15:32:36.113208,5107136.0,5107586.0,66.42792272949218,66.43192272949219,68.39124881998698,68.39524886067707
2023-07-26 15:32:36.121987,5107138.0,5107588.0,66.43661873372395,66.44061877441406,68.39994486490885,68.40394490559896
2023-07-26 15:32:36.130664,5107140.0,5107590.0,66.44531477864584,66.44931486002605,68.40864090983072,68.41264099121095
2023-07-26 15:32:36.139372,5107142.0,5107592.0,66.45401086425781,66.45801090494791,68.41733666992187,68.42133671061198
2023-07-26 15:32:36.147940,5107144.0,5107594.0,66.46270690917969,66.46670694986979,68.42603271484376,68.43003275553386
2023-07-26 15:32:36.156350,5107146.0,5107596.0,66.47140295410156,66.47540303548178,68.43472875976562,68.43872884114583
2023-07-26 15:32:36.165464,5107148.0,5107598.0,66.4800987141927,66.48409875488281,68.4434248453776,68.44742488606771
2023-07-26 15:32:36.174160,5107150.0,5107600.0,66.48879475911458,66.49279479980468,68.45212089029948,68.45612093098958
2023-07-26 15:32:36.182863,5107152.0,5107602.0,66.49749080403646,66.50149088541666,68.46081693522136,68.46481701660156
2023-07-26 15:32:36.191600,5107154.0,5107604.0,66.50618688964843,66.51018693033855,68.46951265462239,68.4735127360026
2023-07-26 15:32:36.200432,5107156.0,5107606.0,66.51488293457031,66.51888297526041,68.47820874023438,68.48220878092448
2023-07-26 15:32:36.208978,5107158.0,5107608.0,66.52357897949219,66.52757897949219,68.48690478515624,68.49090482584636
2023-07-26 15:32:36.217648,5107160.0,5107610.0,66.53227469889323,66.53627478027343,68.49560083007813,68.49960091145833
2023-07-26 15:32:36.225848,5107162.0,5107612.0,66.5409707845052,66.54497082519532,68.5042969156901,68.5082969563802
2023-07-26 15:32:36.234562,5107164.0,5107614.0,66.5496668294271,66.55366687011718,68.51299291992187,68.51699291992188
2023-07-26 15:32:36.243842,5107166.0,5107616.0,66.55836287434896,66.56236295572917,68.52168868001301,68.52568876139324
2023-07-26 15:32:36.252419,5107168.0,5107618.0,66.56705895996093,66.57105900065103,68.530384765625,68.5343848063151
2023-07-26 15:32:36.261249,5107170.0,5107620.0,66.57575476074219,66.57975476074219,68.53908081054688,68.54308085123698
2023-07-26 15:32:36.269442,5107172.0,5107622.0,66.58445072428385,66.58845080566407,68.54777685546874,68.55177693684895
2023-07-26 15:32:36.278740,5107174.0,5107624.0,66.59314680989583,66.59714685058594,68.55647294108073,68.56047298177083
2023-07-26 15:32:36.286901,5107176.0,5107626.0,66.6018428548177,66.60584289550782,68.56516870117187,68.56916870117188
2023-07-26 15:32:36.295487,5107178.0,5107628.0,66.61053889973958,66.6145389811198,68.57386470540365,68.57786474609374
2023-07-26 15:32:36.304256,5107180.0,5107630.0,66.61923498535155,66.62323502604167,68.58256075032551,68.58656083170573
2023-07-26 15:32:36.313459,5107182.0,5107632.0,66.6279307047526,66.6319307454427,68.5912568359375,68.5952568766276
2023-07-26 15:32:36.322044,5107184.0,5107634.0,66.63662674967448,66.64062679036458,68.59995288085938,68.60395292154948
2023-07-26 15:32:36.330752,5107186.0,5107636.0,66.64533321126302,66.64933329264322,68.60864892578125,68.61264900716145
2023-07-26 15:32:36.339414,5107188.0,5107638.0,66.65401888020833,66.65801892089844,68.6173446858724,68.6213447265625
2023-07-26 15:32:36.347758,5107190.0,5107640.0,66.66271492513022,66.6667149658203,68.62604073079427,68.63004077148437
2023-07-26 15:32:36.356347,5107192.0,5107642.0,66.67141097005208,66.6754110107422,68.63473677571615,68.63873685709636
2023-07-26 15:32:36.365050,5107194.0,5107644.0,66.68010673014324,66.68410677083332,68.64343286132814,68.64743290201822
2023-07-26 15:32:36.373785,5107196.0,5107646.0,66.6888027750651,66.69280281575521,68.65212890625,68.6561289469401
2023-07-26 15:32:36.383108,5107198.0,5107648.0,66.69749881998698,66.70149890136719,68.66082495117186,68.66482495117187
2023-07-26 15:32:36.391607,5107200.0,5107650.0,66.70619490559896,66.71019494628906,68.66952067057292,68.67353116861979
2023-07-26 15:32:36.400465,5107202.0,5107652.0,66.71489095052084,66.71889099121094,68.6782167561849,68.682216796875
2023-07-26 15:32:36.408793,5107204.0,5107654.0,66.72358679199219,66.7275867919922,68.68691280110677,68.69091284179689
2023-07-26 15:32:36.417699,5107206.0,5107656.0,66.73228271484375,66.73628279622396,68.69560884602865,68.69960892740886
2023-07-26 15:32:36.426256,5107208.0,5107658.0,66.74097880045574,66.74497884114582,68.70430493164062,68.70830497233074
2023-07-26 15:32:36.435271,5107210.0,5107660.0,66.7496748453776,66.75367488606771,68.71300073242188,68.71700073242188
2023-07-26 15:32:36.443679,5107212.0,5107662.0,66.75837089029949,66.76237097167969,68.72169669596354,68.72569677734374
2023-07-26 15:32:36.452511,5107214.0,5107664.0,66.76706697591145,66.77106701660156,68.73039278157552,68.73439282226562
2023-07-26 15:32:36.460693,5107216.0,5107666.0,66.77576269531251,66.77976273600261,68.7390888264974,68.7430888671875
2023-07-26 15:32:36.469412,5107218.0,5107668.0,66.78445874023437,66.78845882161458,68.74778487141927,68.75178495279948
2023-07-26 15:32:36.477957,5107220.0,5107670.0,66.79315482584636,66.79715486653646,68.75648095703126,68.76048099772134
2023-07-26 15:32:36.486807,5107222.0,5107672.0,66.80185087076823,66.80585091145834,68.76517667643229,68.76917671712239
2023-07-26 15:32:36.495898,5107224.0,5107674.0,66.81054691569011,66.81454699707031,68.77387272135417,68.77787276204427
2023-07-26 15:32:36.504198,5107226.0,5107676.0,66.81924300130208,66.82324304199219,68.78256876627604,68.78656884765626
2023-07-26 15:32:36.513423,5107228.0,5107678.0,66.82793872070313,66.83193876139323,68.79126485188803,68.79526489257812
2023-07-26 15:32:36.522100,5107230.0,5107680.0,66.83663476562499,66.84063480631511,68.79996089680989,68.80396093750001
2023-07-26 15:32:36.530750,5107232.0,5107682.0,66.84533081054687,66.84933089192708,68.80865694173178,68.81265698242187
2023-07-26 15:32:36.539144,5107234.0,5107684.0,66.85402689615886,66.85802693684896,68.81735270182291,68.82135274251303
2023-07-26 15:32:36.547609,5107236.0,5107686.0,66.86272294108072,66.86672298177083,68.82604874674479,68.83004878743489
2023-07-26 15:32:36.556693,5107238.0,5107688.0,66.8714188232422,66.8754188232422,68.83474479166667,68.83874487304686
2023-07-26 15:32:36.565799,5107240.0,5107690.0,66.88011474609374,66.88411478678385,68.84344087727864,68.84744091796875
2023-07-26 15:32:36.574339,5107242.0,5107692.0,66.88881079101563,66.89281083170573,68.85213692220051,68.85613696289063
2023-07-26 15:32:36.582929,5107244.0,5107694.0,66.89750683593749,66.9015069173177,68.86083276367187,68.86483276367187
2023-07-26 15:32:36.591647,5107246.0,5107696.0,66.90620292154948,66.91020296223958,68.86952868652344,68.87352876790365
2023-07-26 15:32:36.600278,5107248.0,5107698.0,66.91489896647136,66.91889900716146,68.87822477213541,68.88222481282553
2023-07-26 15:32:36.608629,5107250.0,5107700.0,66.9235946858724,66.92759472656249,68.8869208170573,68.89092085774739
2023-07-26 15:32:36.617654,5107252.0,5107702.0,66.93229073079426,66.93629081217448,68.89561686197916,68.89961694335938
2023-07-26 15:32:36.626409,5107254.0,5107704.0,66.94098681640625,66.94498685709635,68.90431294759115,68.90831298828124
2023-07-26 15:32:36.634856,5107256.0,5107706.0,66.94968286132813,66.95368290201823,68.91300866699218,68.9170087076823
2023-07-26 15:32:36.643286,5107258.0,5107708.0,66.95837890625,66.9623789876302,68.92170471191407,68.92570479329427
2023-07-26 15:32:36.651936,5107260.0,5107710.0,66.96707499186198,66.9710750325521,68.93040079752603,68.93440083821615
2023-07-26 15:32:36.660814,5107262.0,5107712.0,66.9757811279297,66.97978116861978,68.93909684244791,68.94309688313803
2023-07-26 15:32:36.669943,5107264.0,5107714.0,66.9844667561849,66.98846683756511,68.94779288736979,68.95179296875
2023-07-26 15:32:36.678302,5107266.0,5107716.0,66.99316284179689,66.99716288248698,68.95648897298176,68.96048901367188
2023-07-26 15:32:36.687194,5107268.0,5107718.0,67.00185888671875,67.00585892740887,68.9651846923828,68.96918473307292
2023-07-26 15:32:36.695842,5107270.0,5107720.0,67.01055493164061,67.01455501302082,68.9738807373047,68.97788077799478
2023-07-26 15:32:36.704569,5107272.0,5107722.0,67.01925085449218,67.02325085449219,68.98257678222656,68.98657686360677
2023-07-26 15:32:36.712882,5107274.0,5107724.0,67.02794673665365,67.03194677734375,68.99127286783853,68.99527290852865
2023-07-26 15:32:36.721504,5107276.0,5107726.0,67.03664278157552,67.04064282226562,68.99996891276042,69.00396895345051
2023-07-26 15:32:36.730181,5107278.0,5107728.0,67.04533882649739,67.04933890787761,69.00866479492187,69.01266479492188
2023-07-26 15:32:36.739212,5107280.0,5107730.0,67.05403491210937,67.05803495279949,69.01736071777344,69.02136075846353
2023-07-26 15:32:36.747576,5107282.0,5107732.0,67.06273095703125,67.06673099772135,69.0260567626953,69.03005680338542
2023-07-26 15:32:36.756264,5107284.0,5107734.0,67.0714266764323,67.0754267578125,69.0347528076172,69.0387528889974
2023-07-26 15:32:36.764967,5107286.0,5107736.0,67.08012276204427,67.08412280273438,69.04344889322917,69.04744893391927
2023-07-26 15:32:36.773676,5107288.0,5107738.0,67.08881880696615,67.09281884765625,69.05214493815105,69.05614497884115
2023-07-26 15:32:36.782357,5107290.0,5107740.0,67.09751485188802,67.10151493326823,69.06084065755208,69.0648406982422
2023-07-26 15:32:36.791052,5107292.0,5107742.0,67.10621093750001,67.1102109781901,69.06953670247397,69.07353678385417
2023-07-26 15:32:36.799753,5107294.0,5107744.0,67.11490698242187,67.11890702311199,69.07823278808594,69.08223282877604
2023-07-26 15:32:36.809272,5107296.0,5107746.0,67.12360270182292,67.12760274251302,69.08692883300782,69.09092887369792
2023-07-26 15:32:36.817701,5107298.0,5107748.0,67.1322987467448,67.136298828125,69.09563529459635,69.09963537597656
2023-07-26 15:32:36.825834,5107300.0,5107750.0,67.14099483235677,67.14499487304687,69.10432096354165,69.10832100423177
2023-07-26 15:32:36.835043,5107302.0,5107752.0,67.14969087727864,67.15369091796876,69.11301668294271,69.11701672363282
2023-07-26 15:32:36.843271,5107304.0,5107754.0,67.15838692220052,67.16238700358073,69.12171272786458,69.12571280924479
2023-07-26 15:32:36.852585,5107306.0,5107756.0,67.16708288574219,67.1710828857422,69.13040881347656,69.13440885416668
2023-07-26 15:32:36.861051,5107308.0,5107758.0,67.17577872721354,67.17977876790364,69.13910485839844,69.14310489908854
2023-07-26 15:32:36.869833,5107310.0,5107760.0,67.18447481282553,67.18847485351561,69.14780090332032,69.15180098470053
2023-07-26 15:32:36.878230,5107312.0,5107762.0,67.19317085774739,67.1971708984375,69.15649682617187,69.16049682617188
2023-07-26 15:32:36.886695,5107314.0,5107764.0,67.20186690266928,67.20586694335937,69.16519270833334,69.16919274902344
2023-07-26 15:32:36.896205,5107316.0,5107766.0,67.21056294759114,67.21456302897136,69.1738887532552,69.17788879394531
2023-07-26 15:32:36.904592,5107318.0,5107768.0,67.21925866699219,67.22325874837239,69.18258479817709,69.18658487955729
2023-07-26 15:32:36.912744,5107320.0,5107770.0,67.22795475260416,67.23195479329428,69.19128088378906,69.19528092447916
2023-07-26 15:32:36.921718,5107322.0,5107772.0,67.23665079752604,67.24065083821614,69.19997692871094,69.20397696940104
2023-07-26 15:32:36.930689,5107324.0,5107774.0,67.24534684244792,67.24934692382813,69.20867264811197,69.21267272949218
2023-07-26 15:32:36.939667,5107326.0,5107776.0,67.2540429280599,67.25804296874999,69.21736873372396,69.22136877441406
2023-07-26 15:32:36.947641,5107328.0,5107778.0,67.26273897298177,67.26673901367188,69.22606477864583,69.23006481933594
2023-07-26 15:32:36.956610,5107330.0,5107780.0,67.27143469238281,67.27543477376302,69.23476082356771,69.23876090494791
2023-07-26 15:32:36.965580,5107332.0,5107782.0,67.28013077799478,67.2841308186849,69.24345690917968,69.2474569498698
2023-07-26 15:32:36.974558,5107334.0,5107784.0,67.28882682291666,67.29282686360676,69.25215295410158,69.25615299479166
2023-07-26 15:32:36.982528,5107336.0,5107786.0,67.29752286783854,67.30152294921875,69.26084867350261,69.26484871419271
2023-07-26 15:32:36.991498,5107338.0,5107788.0,67.30621895345051,67.31021899414063,69.26954471842447,69.27354479980468
2023-07-26 15:32:37.000481,5107340.0,5107790.0,67.3149149169922,67.3189149169922,69.27824080403646,69.28224084472656
2023-07-26 15:32:37.008449,5107342.0,5107792.0,67.32361071777343,67.32761075846354,69.28693684895833,69.29093688964844
2023-07-26 15:32:37.017424,5107344.0,5107794.0,67.33230676269531,67.33630684407552,69.29563289388021,69.29963297526042
2023-07-26 15:32:37.026394,5107346.0,5107796.0,67.34100284830728,67.3450028889974,69.30432885742186,69.30832885742187
2023-07-26 15:32:37.035359,5107348.0,5107798.0,67.34969889322917,67.35369893391926,69.31302469889323,69.31702473958333
2023-07-26 15:32:37.043337,5107350.0,5107800.0,67.35839493815104,67.36239501953125,69.3217207438151,69.32572082519532
2023-07-26 15:32:37.052308,5107352.0,5107802.0,67.3670906982422,67.37109073893228,69.3304168294271,69.33441687011718
2023-07-26 15:32:37.061277,5107354.0,5107804.0,67.37578674316406,67.37978678385417,69.33911287434896,69.34311291503907
2023-07-26 15:32:37.069351,5107356.0,5107806.0,67.38448278808595,67.38848286946615,69.34780891927083,69.35180900065103
2023-07-26 15:32:37.078321,5107358.0,5107808.0,67.39317887369792,67.39717891438802,69.35650463867186,69.36050472005209
2023-07-26 15:32:37.087344,5107360.0,5107810.0,67.40188533528647,67.40588537597655,69.36520072428387,69.36920076497395
2023-07-26 15:32:37.096261,5107362.0,5107812.0,67.41057096354166,67.41457104492189,69.37389676920573,69.37789680989583
2023-07-26 15:32:37.104235,5107364.0,5107814.0,67.41926668294272,67.42326676432292,69.38259281412759,69.38659289550782
2023-07-26 15:32:37.113205,5107366.0,5107816.0,67.42796276855469,67.4319628092448,69.39128889973958,69.3952889404297
2023-07-26 15:32:37.122175,5107368.0,5107818.0,67.43665881347657,67.44065885416667,69.39998494466145,69.40398498535156
2023-07-26 15:32:37.131144,5107370.0,5107820.0,67.44535485839845,67.44935493977866,69.4086806640625,69.41268074544271
2023-07-26 15:32:37.139118,5107372.0,5107822.0,67.4540509440104,67.45805098470052,69.41737674967449,69.42137679036458
2023-07-26 15:32:37.148092,5107374.0,5107824.0,67.46274694824218,67.46674694824218,69.42608321126302,69.43008325195314
2023-07-26 15:32:37.157058,5107376.0,5107826.0,67.47144270833333,67.47544278971354,69.43476883951823,69.43876892089844
2023-07-26 15:32:37.165031,5107378.0,5107828.0,67.48013879394532,67.48413883463542,69.44346492513021,69.4474649658203
2023-07-26 15:32:37.174001,5107380.0,5107830.0,67.48883483886718,67.4928348795573,69.45216088867187,69.45616088867187
2023-07-26 15:32:37.182970,5107382.0,5107832.0,67.49753088378907,67.50153096516927,69.46085668945312,69.46485673014323
2023-07-26 15:32:37.191941,5107384.0,5107834.0,67.50622696940104,67.51022701009114,69.469552734375,69.47355281575521
2023-07-26 15:32:37.199914,5107386.0,5107836.0,67.51492272949218,67.51892272949217,69.47824881998699,69.48224886067707
2023-07-26 15:32:37.208884,5107388.0,5107838.0,67.52361873372395,67.52761877441407,69.48694486490885,69.49094490559897
2023-07-26 15:32:37.217854,5107390.0,5107840.0,67.53231477864584,67.53631486002604,69.49564090983073,69.49964099121094
2023-07-26 15:32:37.226017,5107392.0,5107842.0,67.54101086425781,67.54501090494792,69.50433666992187,69.50833671061199
2023-07-26 15:32:37.234626,5107394.0,5107844.0,67.54970690917969,67.55370694986979,69.51303271484376,69.51703275553385
2023-07-26 15:32:37.243752,5107396.0,5107846.0,67.55840295410157,67.56240303548178,69.52172875976562,69.52572884114583
2023-07-26 15:32:37.252524,5107398.0,5107848.0,67.5670987141927,67.57109875488281,69.53042484537761,69.53442488606771
2023-07-26 15:32:37.261209,5107400.0,5107850.0,67.57579475911459,67.57979479980469,69.53912089029949,69.54312093098959
2023-07-26 15:32:37.269901,5107402.0,5107852.0,67.58449080403645,67.58849088541666,69.54781693522135,69.55181701660156
2023-07-26 15:32:37.278592,5107404.0,5107854.0,67.59318688964844,67.59718693033855,69.5565126546224,69.56051273600261
2023-07-26 15:32:37.287277,5107406.0,5107856.0,67.60188293457031,67.60588297526041,69.56520874023437,69.56920878092448
2023-07-26 15:32:37.295509,5107408.0,5107858.0,67.61057897949219,67.6145789794922,69.57390478515624,69.57790482584636
2023-07-26 15:32:37.304847,5107410.0,5107860.0,67.61927469889322,67.62327478027343,69.58260083007812,69.58660091145833
2023-07-26 15:32:37.313376,5107412.0,5107862.0,67.62797078450521,67.63197082519531,69.59129691569011,69.5952969563802
2023-07-26 15:32:37.321588,5107414.0,5107864.0,67.63666682942709,67.64066687011719,69.59999291992187,69.60399291992188
2023-07-26 15:32:37.330320,5107416.0,5107866.0,67.64536287434896,67.64936295572916,69.60868868001302,69.61268876139323
2023-07-26 15:32:37.339434,5107418.0,5107868.0,67.65405895996093,67.65805900065104,69.61738476562499,69.6213848063151
2023-07-26 15:32:37.347665,5107420.0,5107870.0,67.66275476074219,67.66675476074218,69.62608081054688,69.63008085123697
2023-07-26 15:32:37.356989,5107422.0,5107872.0,67.67145072428386,67.67545080566407,69.63477685546874,69.63877693684896
2023-07-26 15:32:37.365470,5107424.0,5107874.0,67.68014680989583,67.68414685058593,69.64347294108073,69.64747298177083
2023-07-26 15:32:37.373739,5107426.0,5107876.0,67.68884285481771,67.69284289550782,69.65216870117187,69.65616870117188
2023-07-26 15:32:37.383181,5107428.0,5107878.0,67.69753889973958,67.70153898111978,69.66086470540364,69.66486474609374
2023-07-26 15:32:37.391334,5107430.0,5107880.0,67.70623498535156,67.71023502604167,69.66956075032552,69.67356083170573
2023-07-26 15:32:37.399837,5107432.0,5107882.0,67.7149307047526,67.7189307454427,69.6782568359375,69.6822568766276
2023-07-26 15:32:37.408504,5107434.0,5107884.0,67.72362674967448,67.72762679036458,69.68695288085938,69.69095292154948
2023-07-26 15:32:37.417232,5107436.0,5107886.0,67.73233321126301,67.73633329264322,69.69564892578126,69.69964900716145
2023-07-26 15:32:37.426580,5107438.0,5107888.0,67.74101888020833,67.74501892089845,69.7043446858724,69.7083447265625
2023-07-26 15:32:37.435181,5107440.0,5107890.0,67.7497149251302,67.75371496582031,69.71304073079426,69.71704077148438
2023-07-26 15:32:37.443478,5107442.0,5107892.0,67.75841097005208,67.7624110107422,69.72173677571615,69.72573685709635
2023-07-26 15:32:37.452636,5107444.0,5107894.0,67.76710673014323,67.77110677083333,69.73043286132813,69.73443290201823
2023-07-26 15:32:37.460777,5107446.0,5107896.0,67.7758027750651,67.77980281575522,69.73912890625,69.7431289469401
2023-07-26 15:32:37.469978,5107448.0,5107898.0,67.78449881998698,67.78849890136719,69.74782495117186,69.75182495117187
2023-07-26 15:32:37.478095,5107450.0,5107900.0,67.79319490559897,67.79719494628905,69.75652067057293,69.76053116861978
2023-07-26 15:32:37.487220,5107452.0,5107902.0,67.80189095052083,67.80589099121094,69.7652167561849,69.769216796875
2023-07-26 15:32:37.496279,5107454.0,5107904.0,67.8105867919922,67.81458679199218,69.77391280110677,69.77791284179688
2023-07-26 15:32:37.504307,5107456.0,5107906.0,67.81928271484375,67.82328279622396,69.78260884602865,69.78660892740886
2023-07-26 15:32:37.513344,5107458.0,5107908.0,67.82797880045574,67.83197884114583,69.79130493164062,69.79530497233073
2023-07-26 15:32:37.522402,5107460.0,5107910.0,67.8366748453776,67.84067488606772,69.80000073242188,69.80400073242188
2023-07-26 15:32:37.530761,5107462.0,5107912.0,67.84537089029948,67.84937097167969,69.80869669596355,69.81269677734375
2023-07-26 15:32:37.539736,5107464.0,5107914.0,67.85406697591145,67.85806701660157,69.81739278157552,69.82139282226562
2023-07-26 15:32:37.547704,5107466.0,5107916.0,67.86276269531251,67.8667627360026,69.82608882649738,69.8300888671875
2023-07-26 15:32:37.556674,5107468.0,5107918.0,67.87145874023437,67.87545882161459,69.83478487141927,69.83878495279949
2023-07-26 15:32:37.565644,5107470.0,5107920.0,67.88015482584636,67.88415486653646,69.84348095703125,69.84748099772135
2023-07-26 15:32:37.574614,5107472.0,5107922.0,67.88885087076824,67.89285091145834,69.8521766764323,69.8561767171224
2023-07-26 15:32:37.582587,5107474.0,5107924.0,67.8975469156901,67.90154699707031,69.86087272135416,69.86487276204427
2023-07-26 15:32:37.591749,5107476.0,5107926.0,67.90624300130209,67.91024304199217,69.86956876627605,69.87356884765626
2023-07-26 15:32:37.600015,5107478.0,5107928.0,67.91493872070312,67.91893876139324,69.87826485188802,69.88226489257812
2023-07-26 15:32:37.609111,5107480.0,5107930.0,67.923634765625,67.92763480631511,69.8869608968099,69.8909609375
2023-07-26 15:32:37.617529,5107482.0,5107932.0,67.93233081054687,67.93633089192708,69.89565694173177,69.89965698242187
2023-07-26 15:32:37.625872,5107484.0,5107934.0,67.94102689615886,67.94502693684895,69.90435270182292,69.90835274251302
2023-07-26 15:32:37.635263,5107486.0,5107936.0,67.94972294108072,67.95372298177084,69.91304874674479,69.9170487874349
2023-07-26 15:32:37.643877,5107488.0,5107938.0,67.9584188232422,67.96241882324219,69.92174479166667,69.92574487304687
2023-07-26 15:32:37.652600,5107490.0,5107940.0,67.96711474609374,67.97111478678386,69.93044087727864,69.93444091796876
2023-07-26 15:32:37.661297,5107492.0,5107942.0,67.97581079101563,67.97981083170572,69.93913692220052,69.94313696289062
2023-07-26 15:32:37.669920,5107494.0,5107944.0,67.9845068359375,67.98850691731771,69.94783276367187,69.95183276367187
2023-07-26 15:32:37.678309,5107496.0,5107946.0,67.99320292154948,67.99720296223958,69.95652868652344,69.96052876790364
2023-07-26 15:32:37.687404,5107498.0,5107948.0,68.00189896647136,68.00589900716146,69.96522477213541,69.96922481282553
2023-07-26 15:32:37.695717,5107500.0,5107950.0,68.01059468587239,68.01459472656249,69.9739208170573,69.97792085774739
2023-07-26 15:32:37.704302,5107502.0,5107952.0,68.01929073079427,68.02329081217448,69.98261686197917,69.98661694335938
2023-07-26 15:32:37.713532,5107504.0,5107954.0,68.02798681640624,68.03198685709636,69.99131294759114,69.99531298828124
2023-07-26 15:32:37.722090,5107506.0,5107956.0,68.03668286132813,68.04068290201823,70.00000866699219,70.0040087076823
2023-07-26 15:32:37.730896,5107508.0,5107958.0,68.04537890625001,68.0493789876302,70.00870471191406,70.01270479329428
2023-07-26 15:32:37.739297,5107510.0,5107960.0,68.05407499186198,68.0580750325521,70.01740079752604,70.02140083821615
2023-07-26 15:32:37.748313,5107512.0,5107962.0,68.06278112792968,68.06678116861978,70.02609684244791,70.03009688313803
2023-07-26 15:32:37.756748,5107514.0,5107964.0,68.0714667561849,68.0754668375651,70.03479288736979,70.03879296874999
2023-07-26 15:32:37.765099,5107516.0,5107966.0,68.08016284179688,68.08416288248698,70.04348897298176,70.04748901367188
2023-07-26 15:32:37.773810,5107518.0,5107968.0,68.08885888671875,68.09285892740886,70.05218469238281,70.05618473307291
2023-07-26 15:32:37.782480,5107520.0,5107970.0,68.09755493164062,68.10155501302083,70.06088073730469,70.06488077799479
2023-07-26 15:32:37.791215,5107522.0,5107972.0,68.10625085449219,68.11025085449218,70.06957678222656,70.07357686360676
2023-07-26 15:32:37.799887,5107524.0,5107974.0,68.11494673665365,68.11894677734375,70.07827286783854,70.08227290852865
2023-07-26 15:32:37.809034,5107526.0,5107976.0,68.12364278157553,68.12764282226561,70.08696891276043,70.09096895345051
2023-07-26 15:32:37.817367,5107528.0,5107978.0,68.13233882649739,68.13633890787762,70.09566479492187,70.09966479492188
2023-07-26 15:32:37.826398,5107530.0,5107980.0,68.14103491210938,68.14503495279948,70.10436071777343,70.10836075846353
2023-07-26 15:32:37.835449,5107532.0,5107982.0,68.14973095703125,68.15373099772135,70.11305676269531,70.11705680338542
2023-07-26 15:32:37.843474,5107534.0,5107984.0,68.1584266764323,68.1624267578125,70.1217528076172,70.1257528889974
2023-07-26 15:32:37.852620,5107536.0,5107986.0,68.16712276204427,68.17112280273439,70.13044889322917,70.13444893391927
2023-07-26 15:32:37.860651,5107538.0,5107988.0,68.17581880696613,68.17981884765625,70.13914493815105,70.14314497884115
2023-07-26 15:32:37.869682,5107540.0,5107990.0,68.18451485188803,68.18851493326824,70.14784065755208,70.1518406982422
2023-07-26 15:32:37.878728,5107542.0,5107992.0,68.1932109375,68.1972109781901,70.15653670247396,70.16053678385417
2023-07-26 15:32:37.886769,5107544.0,5107994.0,68.20190698242187,68.20590702311199,70.16523278808594,70.16923282877603
2023-07-26 15:32:37.895854,5107546.0,5107996.0,68.2106027018229,68.21460274251302,70.1739288330078,70.17792887369792
2023-07-26 15:32:37.904827,5107548.0,5107998.0,68.2192987467448,68.223298828125,70.18263529459635,70.18663537597656
2023-07-26 15:32:37.912797,5107550.0,5108000.0,68.22799483235677,68.23199487304687,70.19132096354166,70.19532100423177
2023-07-26 15:32:37.921768,5107552.0,5108002.0,68.23669087727865,68.24069091796875,70.20001668294272,70.2040167236328
2023-07-26 15:32:37.930737,5107554.0,5108004.0,68.24538692220051,68.24938700358074,70.20871272786458,70.21271280924479
2023-07-26 15:32:37.939707,5107556.0,5108006.0,68.25408288574219,68.25808288574218,70.21740881347657,70.22140885416667
2023-07-26 15:32:37.947681,5107558.0,5108008.0,68.26277872721354,68.26677876790365,70.22610485839844,70.23010489908854
2023-07-26 15:32:37.956650,5107560.0,5108010.0,68.27147477213542,68.27547485351562,70.23480090332032,70.23880098470052
2023-07-26 15:32:37.965621,5107562.0,5108012.0,68.2801708577474,68.28417089843751,70.24349682617188,70.24749682617188
2023-07-26 15:32:37.974601,5107564.0,5108014.0,68.28886690266927,68.29286694335937,70.25219270833334,70.25619274902344
2023-07-26 15:32:37.982564,5107566.0,5108016.0,68.29756294759115,68.30156302897136,70.2608887532552,70.26488879394532
2023-07-26 15:32:37.991537,5107568.0,5108018.0,68.30625866699219,68.31025874837239,70.26958479817708,70.27358487955729
2023-07-26 15:32:38.000507,5107570.0,5108020.0,68.31495475260417,68.31895479329428,70.27828088378907,70.28228092447917
2023-07-26 15:32:38.008480,5107572.0,5108022.0,68.32365079752604,68.32765083821614,70.28697692871093,70.29097696940104
2023-07-26 15:32:38.017450,5107574.0,5108024.0,68.33234684244792,68.33634692382813,70.29567264811197,70.29967272949219
2023-07-26 15:32:38.026420,5107576.0,5108026.0,68.34104292805989,68.34504296875,70.30436873372395,70.30836877441406
2023-07-26 15:32:38.035469,5107578.0,5108028.0,68.34973897298177,68.35373901367187,70.31306477864584,70.31706481933593
2023-07-26 15:32:38.043358,5107580.0,5108030.0,68.3584346923828,68.36243477376303,70.3217608235677,70.32576090494791
2023-07-26 15:32:38.052328,5107582.0,5108032.0,68.36713077799479,68.3711308186849,70.33045690917969,70.33445694986979
2023-07-26 15:32:38.061298,5107584.0,5108034.0,68.37582682291666,68.37982686360677,70.33915295410156,70.34315299479167
2023-07-26 15:32:38.070268,5107586.0,5108036.0,68.38452286783854,68.38852294921874,70.34784867350261,70.3518487141927
2023-07-26 15:32:38.078241,5107588.0,5108038.0,68.39321895345051,68.39721899414063,70.35654471842447,70.36054479980469
2023-07-26 15:32:38.087211,5107590.0,5108040.0,68.4019149169922,68.40591491699219,70.36524080403646,70.36924084472656
2023-07-26 15:32:38.096181,5107592.0,5108042.0,68.41061071777344,68.41461075846354,70.37393684895834,70.37793688964844
2023-07-26 15:32:38.104720,5107594.0,5108044.0,68.41930676269531,68.42330684407551,70.38263289388021,70.38663297526041
2023-07-26 15:32:38.112971,5107596.0,5108046.0,68.42800284830729,68.4320028889974,70.39132885742187,70.39532885742187
2023-07-26 15:32:38.122074,5107598.0,5108048.0,68.43669889322918,68.44069893391926,70.40002469889323,70.40402473958333
2023-07-26 15:32:38.130330,5107600.0,5108050.0,68.44539493815104,68.44939501953125,70.40872074381511,70.41272082519532
2023-07-26 15:32:38.139526,5107602.0,5108052.0,68.45409069824218,68.45809073893228,70.4174168294271,70.42141687011718
2023-07-26 15:32:38.147760,5107604.0,5108054.0,68.46278674316406,68.46678678385418,70.42611287434896,70.43011291503908
2023-07-26 15:32:38.156931,5107606.0,5108056.0,68.47148278808594,68.47548286946615,70.43480891927082,70.43880900065103
2023-07-26 15:32:38.165641,5107608.0,5108058.0,68.48017887369792,68.48417891438802,70.44350463867187,70.4475047200521
2023-07-26 15:32:38.174349,5107610.0,5108060.0,68.48888533528645,68.49288537597656,70.45220072428386,70.45620076497396
2023-07-26 15:32:38.182739,5107612.0,5108062.0,68.49757096354166,68.50157104492187,70.46089676920573,70.46489680989583
2023-07-26 15:32:38.191313,5107614.0,5108064.0,68.50626668294271,68.51026676432292,70.4695928141276,70.47359289550782
2023-07-26 15:32:38.200482,5107616.0,5108066.0,68.5149627685547,68.51896280924478,70.47828889973958,70.48228894042968
2023-07-26 15:32:38.208665,5107618.0,5108068.0,68.52365881347656,68.52765885416667,70.48698494466146,70.49098498535156
2023-07-26 15:32:38.217794,5107620.0,5108070.0,68.53235485839845,68.53635493977865,70.4956806640625,70.4996807454427
2023-07-26 15:32:38.226012,5107622.0,5108072.0,68.54105094401041,68.54505098470052,70.50437674967448,70.50837679036458
2023-07-26 15:32:38.235231,5107624.0,5108074.0,68.54974694824219,68.55374694824218,70.51308321126302,70.51708325195312
2023-07-26 15:32:38.243929,5107626.0,5108076.0,68.55844270833333,68.56244278971354,70.52176883951823,70.52576892089844
2023-07-26 15:32:38.252150,5107628.0,5108078.0,68.56713879394532,68.5711388346354,70.53046492513022,70.5344649658203
2023-07-26 15:32:38.261481,5107630.0,5108080.0,68.57583483886718,68.5798348795573,70.53916088867187,70.54316088867188
2023-07-26 15:32:38.270000,5107632.0,5108082.0,68.58453088378907,68.58853096516927,70.54785668945311,70.55185673014323
2023-07-26 15:32:38.278711,5107634.0,5108084.0,68.59322696940104,68.59722701009115,70.556552734375,70.56055281575522
2023-07-26 15:32:38.287377,5107636.0,5108086.0,68.60192272949219,68.60592272949218,70.56524881998698,70.56924886067708
2023-07-26 15:32:38.296054,5107638.0,5108088.0,68.61061873372395,68.61461877441407,70.57394486490885,70.57794490559897
2023-07-26 15:32:38.304577,5107640.0,5108090.0,68.61931477864583,68.62331486002604,70.58264090983072,70.58664099121094
2023-07-26 15:32:38.312977,5107642.0,5108092.0,68.62801086425782,68.63201090494792,70.59133666992187,70.59533671061197
2023-07-26 15:32:38.322215,5107644.0,5108094.0,68.63670690917968,68.6407069498698,70.60003271484375,70.60403275553385
2023-07-26 15:32:38.330597,5107646.0,5108096.0,68.64540295410157,68.64940303548178,70.60872875976563,70.61272884114582
2023-07-26 15:32:38.339111,5107648.0,5108098.0,68.6540987141927,68.65809875488281,70.6174248453776,70.62142488606771
2023-07-26 15:32:38.347695,5107650.0,5108100.0,68.66279475911459,68.66679479980468,70.62612089029949,70.63012093098958
2023-07-26 15:32:38.356451,5107652.0,5108102.0,68.67149080403645,68.67549088541666,70.63481693522135,70.63881701660156
2023-07-26 15:32:38.365210,5107654.0,5108104.0,68.68018688964844,68.68418693033854,70.6435126546224,70.6475127360026
2023-07-26 15:32:38.374284,5107656.0,5108106.0,68.6888829345703,68.69288297526042,70.65220874023437,70.65620878092449
2023-07-26 15:32:38.383064,5107658.0,5108108.0,68.69757897949219,68.70157897949218,70.66090478515625,70.66490482584635
2023-07-26 15:32:38.391724,5107660.0,5108110.0,68.70627469889322,68.71027478027344,70.66960083007812,70.67360091145834
2023-07-26 15:32:38.399907,5107662.0,5108112.0,68.71497078450521,68.71897082519531,70.67829691569011,70.6822969563802
2023-07-26 15:32:38.409120,5107664.0,5108114.0,68.72366682942709,68.72766687011719,70.68699291992188,70.69099291992188
2023-07-26 15:32:38.417755,5107666.0,5108116.0,68.73236287434895,68.73636295572916,70.69568868001302,70.69968876139323
2023-07-26 15:32:38.426450,5107668.0,5108118.0,68.74105895996094,68.74505900065104,70.704384765625,70.70838480631511
2023-07-26 15:32:38.435153,5107670.0,5108120.0,68.74975476074219,68.75375476074218,70.71308081054687,70.71708085123697
2023-07-26 15:32:38.443561,5107672.0,5108122.0,68.75845072428386,68.76245080566407,70.72177685546875,70.72577693684896
2023-07-26 15:32:38.452067,5107674.0,5108124.0,68.76714680989582,68.77114685058594,70.73047294108072,70.73447298177084
2023-07-26 15:32:38.461430,5107676.0,5108126.0,68.77584285481771,68.77984289550783,70.73916870117188,70.74316870117188
2023-07-26 15:32:38.469926,5107678.0,5108128.0,68.78453889973957,68.78853898111979,70.74786470540364,70.75186474609374
2023-07-26 15:32:38.478421,5107680.0,5108130.0,68.79323498535156,68.79723502604166,70.75656075032552,70.76056083170572
2023-07-26 15:32:38.487501,5107682.0,5108132.0,68.80193070475259,68.80593074544271,70.76525683593749,70.76925687662761
2023-07-26 15:32:38.495526,5107684.0,5108134.0,68.81062674967448,68.81462679036458,70.77395288085938,70.77795292154947
2023-07-26 15:32:38.504563,5107686.0,5108136.0,68.81933321126301,68.82333329264323,70.78264892578125,70.78664900716146
2023-07-26 15:32:38.513584,5107688.0,5108138.0,68.82801888020833,68.83201892089843,70.7913446858724,70.79534472656249
2023-07-26 15:32:38.522162,5107690.0,5108140.0,68.83671492513021,68.84071496582031,70.80004073079427,70.80404077148438
2023-07-26 15:32:38.530324,5107692.0,5108142.0,68.84541097005209,68.84941101074219,70.80873677571616,70.81273685709635
2023-07-26 15:32:38.539387,5107694.0,5108144.0,68.85410673014323,68.85810677083333,70.81743286132813,70.82143290201823
2023-07-26 15:32:38.547877,5107696.0,5108146.0,68.8628027750651,68.86680281575521,70.82612890625,70.83012894694009
2023-07-26 15:32:38.556960,5107698.0,5108148.0,68.87149881998698,68.8754989013672,70.83482495117187,70.83882495117187
2023-07-26 15:32:38.566028,5107700.0,5108150.0,68.88019490559897,68.88419494628906,70.84352067057293,70.84753116861978
2023-07-26 15:32:38.574481,5107702.0,5108152.0,68.88889095052083,68.89289099121095,70.8522167561849,70.856216796875
2023-07-26 15:32:38.582632,5107704.0,5108154.0,68.89758679199218,68.90158679199219,70.86091280110676,70.86491284179688
2023-07-26 15:32:38.591286,5107706.0,5108156.0,68.90628271484375,68.91028279622397,70.86960884602865,70.87360892740887
2023-07-26 15:32:38.600014,5107708.0,5108158.0,68.91497880045573,68.91897884114583,70.87830493164061,70.88230497233073
2023-07-26 15:32:38.608739,5107710.0,5108160.0,68.9236748453776,68.92767488606772,70.88700073242188,70.89100073242189
2023-07-26 15:32:38.617853,5107712.0,5108162.0,68.93237089029948,68.9363709716797,70.89569669596354,70.89969677734375
2023-07-26 15:32:38.626535,5107714.0,5108164.0,68.94106697591145,68.94506701660156,70.90439278157552,70.90839282226563
2023-07-26 15:32:38.635198,5107716.0,5108166.0,68.9497626953125,68.9537627360026,70.91308882649739,70.9170888671875
2023-07-26 15:32:38.643416,5107718.0,5108168.0,68.95845874023438,68.96245882161458,70.92178487141928,70.92578495279948
2023-07-26 15:32:38.652735,5107720.0,5108170.0,68.96715482584635,68.97115486653647,70.93048095703125,70.93448099772135
2023-07-26 15:32:38.661293,5107722.0,5108172.0,68.97585087076824,68.97985091145833,70.9391766764323,70.94317671712238
2023-07-26 15:32:38.669936,5107724.0,5108174.0,68.9845469156901,68.98854699707032,70.94787272135416,70.95187276204427
2023-07-26 15:32:38.678253,5107726.0,5108176.0,68.99324300130209,68.99724304199218,70.95656876627605,70.96056884765625
2023-07-26 15:32:38.686855,5107728.0,5108178.0,69.00193872070312,69.00593876139324,70.96526485188802,70.96926489257812
2023-07-26 15:32:38.696094,5107730.0,5108180.0,69.010634765625,69.0146348063151,70.9739608968099,70.9779609375
2023-07-26 15:32:38.704714,5107732.0,5108182.0,69.01933081054688,69.02333089192709,70.98265694173178,70.98665698242188
2023-07-26 15:32:38.712923,5107734.0,5108184.0,69.02802689615886,69.03202693684895,70.9913527018229,70.99535274251302
2023-07-26 15:32:38.721599,5107736.0,5108186.0,69.03672294108073,69.04072298177084,71.0000487467448,71.0040487874349
2023-07-26 15:32:38.730264,5107738.0,5108188.0,69.0454188232422,69.04941882324219,71.00874479166666,71.01274487304687
2023-07-26 15:32:38.738940,5107740.0,5108190.0,69.05411474609375,69.05811478678386,71.01744087727864,71.02144091796876
2023-07-26 15:32:38.748125,5107742.0,5108192.0,69.06281079101562,69.06681083170572,71.02613692220051,71.03013696289062
2023-07-26 15:32:38.756585,5107744.0,5108194.0,69.0715068359375,69.07550691731771,71.03483276367187,71.03883276367186
2023-07-26 15:32:38.765094,5107746.0,5108196.0,69.08020292154947,69.08420296223959,71.04352868652343,71.04752876790364
2023-07-26 15:32:38.773718,5107748.0,5108198.0,69.08889896647136,69.09289900716146,71.05222477213542,71.05622481282552
2023-07-26 15:32:38.782860,5107750.0,5108200.0,69.0975946858724,69.1015947265625,71.0609208170573,71.0649208577474
2023-07-26 15:32:38.791852,5107752.0,5108202.0,69.10629073079427,69.11029081217447,71.06961686197917,71.07361694335937
2023-07-26 15:32:38.800393,5107754.0,5108204.0,69.11498681640624,69.11898685709636,71.07831294759114,71.08231298828125
2023-07-26 15:32:38.808596,5107756.0,5108206.0,69.12368286132813,69.12768290201822,71.08700866699219,71.09100870768229
2023-07-26 15:32:38.817878,5107758.0,5108208.0,69.13237890625,69.13637898763021,71.09570471191407,71.09970479329428
2023-07-26 15:32:38.826102,5107760.0,5108210.0,69.14107499186198,69.14507503255209,71.10440079752604,71.10840083821614
2023-07-26 15:32:38.835507,5107762.0,5108212.0,69.14978112792969,69.15378116861979,71.11309684244792,71.11709688313803
2023-07-26 15:32:38.843948,5107764.0,5108214.0,69.15846675618491,69.1624668375651,71.12179288736979,71.12579296874999
2023-07-26 15:32:38.852596,5107766.0,5108216.0,69.16716284179688,69.17116288248698,71.13048897298177,71.13448901367188
2023-07-26 15:32:38.861281,5107768.0,5108218.0,69.17585888671874,69.17985892740886,71.13918469238281,71.14318473307291
2023-07-26 15:32:38.869501,5107770.0,5108220.0,69.18455493164062,69.18855501302083,71.14788073730469,71.15188077799479
2023-07-26 15:32:38.878209,5107772.0,5108222.0,69.19325085449219,69.19725085449218,71.15657678222655,71.16057686360676
2023-07-26 15:32:38.887324,5107774.0,5108224.0,69.20194673665365,69.20594677734375,71.16527286783854,71.16927290852865
2023-07-26 15:32:38.895649,5107776.0,5108226.0,69.21064278157552,69.21464282226562,71.17396891276042,71.17796895345052
2023-07-26 15:32:38.904768,5107778.0,5108228.0,69.21933882649739,69.2233389078776,71.18266479492188,71.18666479492188
2023-07-26 15:32:38.917661,5107780.0,5108230.0,69.22803491210936,69.23203495279948,71.19136071777343,71.19536075846354
2023-07-26 15:32:38.925856,5107783.0,5108233.0,69.24107897949219,69.24507897949219,71.20440478515624,71.20840482584636
2023-07-26 15:32:38.939108,5107785.0,5108235.0,69.24977469889323,69.25377478027343,71.21310083007812,71.21710091145833
2023-07-26 15:32:38.952820,5107788.0,5108238.0,69.26281880696614,69.26681884765625,71.22614493815104,71.23014497884115
2023-07-26 15:32:38.965580,5107791.0,5108241.0,69.27586287434896,69.27986295572917,71.23918868001302,71.24318876139324
2023-07-26 15:32:38.979100,5107794.0,5108244.0,69.28890698242188,69.29290702311198,71.25223278808595,71.25623282877604
2023-07-26 15:32:38.987618,5107797.0,5108247.0,69.30195072428386,69.30595080566407,71.26527685546874,71.26927693684895
2023-07-26 15:32:39.004102,5107799.0,5108249.0,69.31064680989583,69.31464685058594,71.27397294108073,71.27797298177083
2023-07-26 15:32:39.017994,5107803.0,5108253.0,69.32803889973958,69.33203898111978,71.29136470540365,71.29536474609374
2023-07-26 15:32:39.030543,5107806.0,5108256.0,69.34108288574218,69.34508288574219,71.30440881347656,71.30840885416667
2023-07-26 15:32:39.044026,5107809.0,5108259.0,69.35412674967448,69.35812679036458,71.31745288085938,71.32145292154948
2023-07-26 15:32:39.056660,5107812.0,5108262.0,69.3671708577474,69.37117089843751,71.33049682617188,71.33449682617187
2023-07-26 15:32:39.069719,5107815.0,5108265.0,69.38021492513022,69.3842149658203,71.34354073079427,71.34754077148438
2023-07-26 15:32:39.084168,5107818.0,5108268.0,69.39325866699218,69.3972587483724,71.35658479817708,71.3605848795573
2023-07-26 15:32:39.096655,5107821.0,5108271.0,69.4063027750651,69.41030281575522,71.36962890625,71.3736289469401
2023-07-26 15:32:39.108444,5107824.0,5108274.0,69.41934684244792,69.42334692382812,71.38267264811198,71.38667272949218
2023-07-26 15:32:39.117374,5107827.0,5108277.0,69.43239095052083,69.43639099121094,71.3957167561849,71.399716796875
2023-07-26 15:32:39.131297,5107829.0,5108279.0,69.44108679199219,69.44508679199218,71.40441280110677,71.40841284179689
2023-07-26 15:32:39.144159,5107832.0,5108282.0,69.45413077799479,69.4581308186849,71.41745690917969,71.42145694986979
2023-07-26 15:32:39.158282,5107835.0,5108285.0,69.4671748453776,69.47117488606771,71.43050073242188,71.43450073242188
2023-07-26 15:32:39.170828,5107838.0,5108288.0,69.48021895345052,69.48421899414063,71.44354471842448,71.44754479980469
2023-07-26 15:32:39.186928,5107841.0,5108291.0,69.49326269531251,69.4972627360026,71.4565888264974,71.4605888671875
2023-07-26 15:32:39.206768,5107845.0,5108295.0,69.51065482584636,69.51465486653646,71.47398095703126,71.47798099772135
2023-07-26 15:32:39.224582,5107850.0,5108299.0,69.53239493815104,69.53639501953126,71.49137272135415,71.49537276204427
2023-07-26 15:32:39.235516,5107853.0,5108303.0,69.54543872070313,69.54943876139323,71.50876485188803,71.51276489257812
2023-07-26 15:32:39.252636,5107856.0,5108306.0,69.55848278808594,69.56248286946615,71.52180891927082,71.52580900065104
2023-07-26 15:32:39.265023,5107860.0,5108310.0,69.57588533528646,69.57988537597656,71.53920072428386,71.54320076497396
2023-07-26 15:32:39.283319,5107864.0,5108313.0,69.59326668294271,69.59726676432292,71.55224479166667,71.55624487304686
2023-07-26 15:32:39.300606,5107867.0,5108317.0,69.60631079101563,69.61031083170572,71.56963692220052,71.57363696289063
2023-07-26 15:32:39.317994,5107871.0,5108321.0,69.62370292154948,69.62770296223958,71.58702868652344,71.59102876790364
2023-07-26 15:32:39.330303,5107875.0,5108325.0,69.6410946858724,69.64509472656249,71.6044208170573,71.60842085774739
2023-07-26 15:32:39.347758,5107878.0,5108328.0,69.65413879394531,69.65813883463541,71.61746492513021,71.62146496582031
2023-07-26 15:32:39.362987,5107882.0,5108332.0,69.67153088378906,69.67553096516927,71.63485668945312,71.63885673014323
2023-07-26 15:32:39.373779,5107885.0,5108335.0,69.68457499186198,69.6885750325521,71.64790079752603,71.65190083821615
2023-07-26 15:32:39.387201,5107888.0,5108338.0,69.69761873372396,69.70161877441406,71.66094486490886,71.66494490559896
2023-07-26 15:32:39.402259,5107891.0,5108341.0,69.71066284179688,69.71466288248698,71.67398897298176,71.67798901367188
2023-07-26 15:32:39.414236,5107894.0,5108344.0,69.72370690917968,69.7277069498698,71.68703271484375,71.69103275553385
2023-07-26 15:32:39.430404,5107897.0,5108347.0,69.73675085449219,69.74075085449219,71.70007678222656,71.70407686360676
2023-07-26 15:32:39.443189,5107901.0,5108351.0,69.75414278157552,69.75814282226563,71.71746891276042,71.72146895345051
2023-07-26 15:32:39.456396,5107904.0,5108354.0,69.76718688964843,69.77118693033854,71.7305126546224,71.7345127360026
2023-07-26 15:32:39.471667,5107907.0,5108357.0,69.78023095703125,69.78423099772135,71.7435567626953,71.74755680338542
2023-07-26 15:32:39.483569,5107910.0,5108360.0,69.79327469889323,69.79727478027344,71.75660083007813,71.76060091145833
2023-07-26 15:32:39.496773,5107913.0,5108363.0,69.80631880696615,69.81031884765625,71.76964493815105,71.77364497884115
2023-07-26 15:32:39.509727,5107916.0,5108366.0,69.81936287434895,69.82336295572917,71.78268868001301,71.78668876139324
2023-07-26 15:32:39.526120,5107919.0,5108369.0,69.83240698242187,69.83640702311199,71.79573278808594,71.79973282877604
2023-07-26 15:32:39.539350,5107923.0,5108373.0,69.8497987467448,69.85379882812501,71.81313529459635,71.81713537597656
2023-07-26 15:32:39.552659,5107926.0,5108376.0,69.86284285481771,69.86684289550782,71.82616870117188,71.83016870117187
2023-07-26 15:32:39.565632,5107929.0,5108379.0,69.87588692220051,69.87988700358073,71.83921272786458,71.84321280924479
2023-07-26 15:32:39.578375,5107933.0,5108382.0,69.89327872721354,69.89727876790364,71.8522568359375,71.85625687662761
2023-07-26 15:32:39.597405,5107936.0,5108385.0,69.90633321126302,69.91033329264323,71.86530090332032,71.86930098470052
2023-07-26 15:32:39.610004,5107939.0,5108389.0,69.91936690266928,69.92336694335937,71.88269270833334,71.88669274902344
2023-07-26 15:32:39.622227,5107942.0,5108392.0,69.93241097005208,69.93641101074219,71.89573677571614,71.89973685709636
2023-07-26 15:32:39.630453,5107945.0,5108395.0,69.94545475260416,69.94945479329428,71.90878088378906,71.91278092447916
2023-07-26 15:32:39.639815,5107947.0,5108397.0,69.95415079752604,69.95815083821614,71.91747692871094,71.92147696940104
2023-07-26 15:32:39.652422,5107949.0,5108399.0,69.96284684244792,69.96684692382813,71.92617264811197,71.93017272949218
2023-07-26 15:32:39.660881,5107952.0,5108402.0,69.97589095052084,69.97989099121095,71.9392167561849,71.94321679687499
2023-07-26 15:32:39.674287,5107954.0,5108404.0,69.98458679199219,69.98858679199219,71.94791280110677,71.95191284179688
2023-07-26 15:32:39.682930,5107957.0,5108407.0,69.99763077799479,70.0016308186849,71.96095690917969,71.9649569498698
2023-07-26 15:32:39.696347,5107959.0,5108409.0,70.00632682291666,70.01032686360676,71.96965295410156,71.97365299479166
2023-07-26 15:32:39.704921,5107962.0,5108412.0,70.01937089029948,70.0233709716797,71.98269669596354,71.98669677734375
2023-07-26 15:32:39.713022,5107964.0,5108414.0,70.02806697591146,70.03206701660156,71.99139278157553,71.99539282226561
2023-07-26 15:32:39.722015,5107966.0,5108416.0,70.0367626953125,70.0407627360026,72.00008882649739,72.0040888671875
2023-07-26 15:32:39.730383,5107968.0,5108418.0,70.04545874023438,70.04945882161458,72.00878487141928,72.01278495279948
2023-07-26 15:32:39.739855,5107970.0,5108420.0,70.05415482584635,70.05815486653647,72.01748095703125,72.02148099772135
2023-07-26 15:32:39.747953,5107972.0,5108422.0,70.06285087076823,70.06685091145833,72.02617667643229,72.03017671712239
2023-07-26 15:32:39.756464,5107974.0,5108424.0,70.0715469156901,70.07554699707032,72.03487272135416,72.03887276204426
2023-07-26 15:32:39.765725,5107976.0,5108426.0,70.08024300130208,70.08424304199218,72.04356876627604,72.04756884765625
2023-07-26 15:32:39.774047,5107978.0,5108428.0,70.08893872070313,70.09293876139324,72.05226485188803,72.05626489257813
2023-07-26 15:32:39.783198,5107980.0,5108430.0,70.09763476562499,70.1016348063151,72.06096089680989,72.0649609375
2023-07-26 15:32:39.791340,5107982.0,5108432.0,70.10633081054688,70.11033089192708,72.06965694173178,72.07365698242188
2023-07-26 15:32:39.804881,5107984.0,5108434.0,70.11502689615885,70.11902693684895,72.07835270182291,72.08235274251302
2023-07-26 15:32:39.813496,5107987.0,5108437.0,70.12807096354166,70.13207104492189,72.09139676920573,72.09539680989583
2023-07-26 15:32:39.826778,5107989.0,5108439.0,70.13676668294272,70.14076676432292,72.10009281412759,72.10409289550782
2023-07-26 15:32:39.835513,5107992.0,5108442.0,70.14981079101562,70.15381083170573,72.11313692220051,72.11713696289063
2023-07-26 15:32:39.843580,5107994.0,5108444.0,70.1585068359375,70.1625069173177,72.12183276367188,72.12583276367187
2023-07-26 15:32:39.852746,5107996.0,5108446.0,70.16720292154947,70.17120296223959,72.13052868652343,72.13452876790365
2023-07-26 15:32:39.860753,5107998.0,5108448.0,70.17589896647137,70.17989900716145,72.13922477213542,72.14322481282552
2023-07-26 15:32:39.874209,5108000.0,5108450.0,70.1845946858724,70.1885947265625,72.1479208170573,72.1519208577474
2023-07-26 15:32:39.882519,5108003.0,5108453.0,70.19763879394532,70.20163883463542,72.16096492513022,72.1649649658203
2023-07-26 15:32:39.891654,5108005.0,5108455.0,70.20633483886718,70.2103348795573,72.16966088867187,72.17366088867188
2023-07-26 15:32:39.900086,5108007.0,5108457.0,70.21503088378907,70.21903096516927,72.17835668945312,72.18235673014323
2023-07-26 15:32:39.913504,5108009.0,5108459.0,70.22372696940104,70.22772701009114,72.187052734375,72.19105281575521
2023-07-26 15:32:39.922388,5108012.0,5108462.0,70.23678112792969,70.24078116861979,72.20009684244792,72.20409688313802
2023-07-26 15:32:39.930537,5108014.0,5108464.0,70.2454667561849,70.24946683756511,72.20879288736978,72.21279296875
2023-07-26 15:32:39.939533,5108016.0,5108466.0,70.25416284179688,70.25816288248699,72.21748897298177,72.22148901367187
2023-07-26 15:32:39.947694,5108018.0,5108468.0,70.26285888671875,70.26685892740886,72.2261846923828,72.23018473307292
2023-07-26 15:32:39.960829,5108020.0,5108470.0,70.27155493164062,70.27555501302082,72.23488073730469,72.23888077799478
2023-07-26 15:32:39.969572,5108023.0,5108473.0,70.2845987141927,70.28859875488281,72.2479248453776,72.25192488606771
2023-07-26 15:32:39.978962,5108025.0,5108475.0,70.29329475911459,70.29729479980469,72.25662089029949,72.26062093098957
2023-07-26 15:32:39.991499,5108027.0,5108477.0,70.30199080403645,70.30599088541666,72.26531693522135,72.26931701660156
2023-07-26 15:32:40.000400,5108030.0,5108480.0,70.31503491210937,70.31903495279948,72.27836071777344,72.28236075846354
2023-07-26 15:32:40.009100,5108032.0,5108482.0,70.32373095703126,70.32773099772135,72.28705676269531,72.29105680338542
2023-07-26 15:32:40.017306,5108034.0,5108484.0,70.33242667643229,70.3364267578125,72.29575280761719,72.2997528889974
2023-07-26 15:32:40.026409,5108036.0,5108486.0,70.34112276204426,70.34512280273438,72.30444889322916,72.30844893391927
2023-07-26 15:32:40.035587,5108038.0,5108488.0,70.34981880696614,70.35381884765626,72.31314493815104,72.31714497884116
2023-07-26 15:32:40.043734,5108040.0,5108490.0,70.35851485188803,70.36251493326823,72.32184065755207,72.32584069824219
2023-07-26 15:32:40.052202,5108042.0,5108492.0,70.3672109375,70.3712109781901,72.33053670247396,72.33453678385418
2023-07-26 15:32:40.061395,5108044.0,5108494.0,70.37590698242187,70.37990702311198,72.33923278808594,72.34323282877604
2023-07-26 15:32:40.069581,5108046.0,5108496.0,70.38460270182291,70.38860274251302,72.34792883300781,72.35192887369793
2023-07-26 15:32:40.078971,5108048.0,5108498.0,70.39329874674479,70.397298828125,72.35663529459634,72.36063537597656
2023-07-26 15:32:40.087358,5108050.0,5108500.0,70.40199483235678,70.40599487304686,72.36532096354166,72.36932100423176
2023-07-26 15:32:40.096379,5108052.0,5108502.0,70.41069087727864,70.41469091796876,72.37401668294271,72.37801672363281
2023-07-26 15:32:40.104486,5108054.0,5108504.0,70.41938692220052,70.42338700358073,72.38271272786459,72.38671280924478
2023-07-26 15:32:40.113599,5108056.0,5108506.0,70.42808288574219,70.43208288574219,72.39140881347656,72.39540885416667
2023-07-26 15:32:40.121798,5108058.0,5108508.0,70.43677872721355,70.44077876790364,72.40010485839845,72.40410489908854
2023-07-26 15:32:40.131214,5108060.0,5108510.0,70.44547477213541,70.44947485351562,72.40880090332031,72.41280098470052
2023-07-26 15:32:40.139315,5108062.0,5108512.0,70.4541708577474,70.4581708984375,72.41749682617188,72.42149682617188
2023-07-26 15:32:40.148364,5108064.0,5108514.0,70.46286690266928,70.46686694335938,72.42619270833333,72.43019274902345
2023-07-26 15:32:40.161515,5108066.0,5108516.0,70.47156294759115,70.47556302897135,72.43488875325521,72.43888879394531
2023-07-26 15:32:40.169560,5108069.0,5108519.0,70.48460673014323,70.48860677083333,72.44793286132813,72.45193290201823
2023-07-26 15:32:40.178742,5108071.0,5108521.0,70.4933027750651,70.4973028157552,72.45662890625,72.46062894694009
2023-07-26 15:32:40.191557,5108073.0,5108523.0,70.50199881998698,70.50599890136719,72.46532495117187,72.46932495117187
2023-07-26 15:32:40.200150,5108076.0,5108526.0,70.5150429280599,70.51904296875,72.47836873372395,72.48236877441406
2023-07-26 15:32:40.214476,5108078.0,5108528.0,70.52373897298176,70.52773901367188,72.48706477864583,72.49106481933593
2023-07-26 15:32:40.222158,5108081.0,5108531.0,70.53678271484375,70.54078279622397,72.50010884602865,72.50410892740886
2023-07-26 15:32:40.235253,5108083.0,5108533.0,70.54547880045574,70.54947884114583,72.50880493164063,72.51280497233073
2023-07-26 15:32:40.243622,5108086.0,5108536.0,70.55852286783853,70.56252294921875,72.5218486735026,72.5258487141927
2023-07-26 15:32:40.256587,5108088.0,5108538.0,70.56721895345052,70.57121899414062,72.53054471842448,72.53454479980468
2023-07-26 15:32:40.265557,5108091.0,5108541.0,70.58026269531251,70.5842627360026,72.54358882649738,72.5475888671875
2023-07-26 15:32:40.274527,5108093.0,5108543.0,70.58895874023438,70.59295882161459,72.55228487141927,72.55628495279949
2023-07-26 15:32:40.282502,5108095.0,5108545.0,70.59765482584635,70.60165486653646,72.56098095703125,72.56498099772135
2023-07-26 15:32:40.296454,5108097.0,5108547.0,70.60635087076824,70.61035091145833,72.5696766764323,72.5736767171224
2023-07-26 15:32:40.304428,5108100.0,5108550.0,70.61939493815105,70.62339501953124,72.5827207438151,72.58672082519531
2023-07-26 15:32:40.313397,5108102.0,5108552.0,70.62809069824219,70.63209073893229,72.59141682942709,72.59541687011719
2023-07-26 15:32:40.322366,5108104.0,5108554.0,70.63678674316407,70.64078678385417,72.60011287434895,72.60411291503907
2023-07-26 15:32:40.335323,5108106.0,5108556.0,70.64548278808594,70.64948286946615,72.60880891927083,72.61280900065104
2023-07-26 15:32:40.344291,5108109.0,5108559.0,70.65852689615886,70.66252693684895,72.62185270182292,72.62585274251302
2023-07-26 15:32:40.357248,5108111.0,5108561.0,70.66722294108072,70.67122298177084,72.6305487467448,72.6345487874349
2023-07-26 15:32:40.365221,5108114.0,5108564.0,70.68026668294272,70.68426676432293,72.6435928141276,72.64759289550781
2023-07-26 15:32:40.378178,5108116.0,5108566.0,70.68896276855469,70.69296280924479,72.65228889973957,72.65628894042969
2023-07-26 15:32:40.387148,5108119.0,5108569.0,70.7020068359375,70.70600691731771,72.66533276367187,72.66933276367187
2023-07-26 15:32:40.400104,5108121.0,5108571.0,70.71070292154947,70.71470296223958,72.67402868652344,72.67802876790364
2023-07-26 15:32:40.409351,5108124.0,5108574.0,70.72374694824218,70.72774694824218,72.68708321126302,72.69108325195313
2023-07-26 15:32:40.417516,5108126.0,5108576.0,70.73244270833334,70.73644278971354,72.69576883951824,72.69976892089844
2023-07-26 15:32:40.430869,5108128.0,5108578.0,70.74113879394531,70.74513883463541,72.70446492513021,72.70846496582031
2023-07-26 15:32:40.439232,5108131.0,5108581.0,70.75418286132813,70.75818290201823,72.71750866699219,72.7215087076823
2023-07-26 15:32:40.448237,5108133.0,5108583.0,70.76287890625,70.76687898763021,72.72620471191406,72.73020479329428
2023-07-26 15:32:40.457327,5108135.0,5108585.0,70.77157499186198,70.77557503255208,72.73490079752604,72.73890083821614
2023-07-26 15:32:40.465831,5108137.0,5108587.0,70.78028112792968,70.78428116861978,72.74359684244791,72.74759688313803
2023-07-26 15:32:40.473910,5108139.0,5108589.0,70.7889667561849,70.7929668375651,72.75229288736979,72.75629296874999
2023-07-26 15:32:40.483259,5108141.0,5108591.0,70.79766284179688,70.80166288248698,72.76098897298176,72.76498901367188
2023-07-26 15:32:40.491256,5108143.0,5108593.0,70.80635888671875,70.81035892740886,72.76968469238281,72.77368473307291
2023-07-26 15:32:40.504668,5108145.0,5108595.0,70.81505493164062,70.81905501302083,72.77838073730469,72.78238077799479
2023-07-26 15:32:40.513024,5108148.0,5108598.0,70.8280987141927,70.83209875488281,72.7914248453776,72.79542488606772
2023-07-26 15:32:40.522086,5108150.0,5108600.0,70.83679475911458,70.84079479980468,72.80012089029948,72.80412093098958
2023-07-26 15:32:40.531296,5108152.0,5108602.0,70.84549080403646,70.84949088541666,72.80881693522136,72.81281701660156
2023-07-26 15:32:40.539718,5108154.0,5108604.0,70.85418688964843,70.85818693033855,72.81751265462239,72.8215127360026
2023-07-26 15:32:40.552099,5108156.0,5108606.0,70.86288293457031,70.86688297526041,72.82620874023438,72.83020878092448
2023-07-26 15:32:40.560898,5108159.0,5108609.0,70.87592667643229,70.8799267578125,72.8392528076172,72.8432528889974
2023-07-26 15:32:40.570318,5108161.0,5108611.0,70.88462276204427,70.88862280273437,72.84794889322917,72.85194893391927
2023-07-26 15:32:40.582722,5108163.0,5108613.0,70.89331880696614,70.89731884765625,72.85664493815104,72.86064497884115
2023-07-26 15:32:40.591363,5108166.0,5108616.0,70.90636287434896,70.91036295572917,72.86968868001301,72.87368876139324
2023-07-26 15:32:40.600575,5108168.0,5108618.0,70.91505895996094,70.91905900065103,72.878384765625,72.8823848063151
2023-07-26 15:32:40.613823,5108170.0,5108620.0,70.92375476074218,70.92775476074219,72.88708081054688,72.89108085123698
2023-07-26 15:32:40.622149,5108173.0,5108623.0,70.9367987467448,70.940798828125,72.90013529459635,72.90413537597655
2023-07-26 15:32:40.630592,5108175.0,5108625.0,70.94549483235677,70.94949487304687,72.90882096354166,72.91282100423177
2023-07-26 15:32:40.639880,5108177.0,5108627.0,70.95419087727865,70.95819091796875,72.91751668294272,72.9215167236328
2023-07-26 15:32:40.648210,5108179.0,5108629.0,70.96288692220051,70.96688700358074,72.92621272786458,72.9302128092448
2023-07-26 15:32:40.656691,5108181.0,5108631.0,70.9715828857422,70.97558288574218,72.93490881347657,72.93890885416667
2023-07-26 15:32:40.665793,5108183.0,5108633.0,70.98027872721354,70.98427876790365,72.94360485839844,72.94760489908855
2023-07-26 15:32:40.678776,5108185.0,5108635.0,70.9889747721354,70.99297485351562,72.95230090332032,72.95630098470052
2023-07-26 15:32:40.687177,5108188.0,5108638.0,71.00201888020833,71.00601892089844,72.9653446858724,72.9693447265625
2023-07-26 15:32:40.696389,5108190.0,5108640.0,71.01071492513022,71.0147149658203,72.97404073079427,72.97804077148437
2023-07-26 15:32:40.704877,5108192.0,5108642.0,71.01941097005208,71.0234110107422,72.98273677571615,72.98673685709636
2023-07-26 15:32:40.717971,5108194.0,5108644.0,71.02810673014324,71.03210677083332,72.99143286132814,72.99543290201822
2023-07-26 15:32:40.726179,5108197.0,5108647.0,71.04115079752603,71.04515083821614,73.00447692871093,73.00847696940104
2023-07-26 15:32:40.735515,5108199.0,5108649.0,71.04984684244792,71.05384692382812,73.01317264811198,73.01717272949217
2023-07-26 15:32:40.743820,5108201.0,5108651.0,71.0585429280599,71.06254296875,73.02186873372395,73.02586877441406
2023-07-26 15:32:40.756806,5108203.0,5108653.0,71.06723897298177,71.07123901367187,73.03056477864584,73.03456481933593
2023-07-26 15:32:40.766133,5108206.0,5108656.0,71.08028271484376,71.08428279622396,73.04360884602865,73.04760892740886
2023-07-26 15:32:40.774284,5108208.0,5108658.0,71.08897880045573,71.09297884114584,73.05230493164062,73.05630497233074
2023-07-26 15:32:40.787562,5108210.0,5108660.0,71.0976748453776,71.10167488606771,73.06100073242189,73.06500073242188
2023-07-26 15:32:40.795832,5108213.0,5108663.0,71.11071895345052,71.11471899414063,73.07404471842447,73.07804479980469
2023-07-26 15:32:40.808982,5108215.0,5108665.0,71.1194149169922,71.12341491699219,73.08274080403645,73.08674084472656
2023-07-26 15:32:40.822354,5108218.0,5108668.0,71.13245874023437,71.13645882161458,73.09578487141927,73.09978495279948
2023-07-26 15:32:40.830777,5108221.0,5108671.0,71.14550284830729,71.1495028889974,73.10882885742187,73.11282885742187
2023-07-26 15:32:40.843965,5108223.0,5108673.0,71.15419889322916,71.15819893391927,73.11752469889323,73.12152473958334
2023-07-26 15:32:40.852553,5108226.0,5108676.0,71.16724300130208,71.17124304199218,73.13056876627604,73.13456884765625
2023-07-26 15:32:40.860929,5108228.0,5108678.0,71.17593872070313,71.17993876139323,73.13926485188803,73.14326489257812
2023-07-26 15:32:40.873954,5108230.0,5108680.0,71.18463476562499,71.18863480631511,73.14796089680989,73.15196093750001
2023-07-26 15:32:40.882601,5108233.0,5108683.0,71.19767887369792,71.20167891438803,73.16100463867187,73.1650047200521
2023-07-26 15:32:40.891853,5108235.0,5108685.0,71.20638533528646,71.21038537597656,73.16970072428386,73.17370076497396
2023-07-26 15:32:40.904963,5108237.0,5108687.0,71.21507096354166,71.21907104492188,73.17839676920573,73.18239680989582
2023-07-26 15:32:40.913572,5108240.0,5108690.0,71.22811474609374,71.23211478678385,73.19144087727864,73.19544091796875
2023-07-26 15:32:40.922070,5108242.0,5108692.0,71.23681079101563,71.24081083170573,73.20013692220051,73.20413696289063
2023-07-26 15:32:40.931193,5108244.0,5108694.0,71.2455068359375,71.2495069173177,73.20883276367186,73.21283276367187
2023-07-26 15:32:40.939306,5108246.0,5108696.0,71.25420292154948,71.2582029622396,73.21752868652344,73.22152876790365
2023-07-26 15:32:40.948674,5108248.0,5108698.0,71.26289896647135,71.26689900716146,73.22622477213541,73.23022481282553
2023-07-26 15:32:40.960811,5108250.0,5108700.0,71.2715946858724,71.27559472656249,73.2349208170573,73.23892085774739
2023-07-26 15:32:40.969698,5108253.0,5108703.0,71.28463879394532,71.2886388346354,73.2479649251302,73.2519649658203
2023-07-26 15:32:40.982838,5108255.0,5108705.0,71.29333483886718,71.2973348795573,73.25666088867187,73.26066088867188
2023-07-26 15:32:40.991886,5108258.0,5108708.0,71.30637890625,71.3103789876302,73.26970471191407,73.27370479329427
2023-07-26 15:32:41.004985,5108260.0,5108710.0,71.31507499186198,71.31907503255209,73.27840079752603,73.28240083821615
2023-07-26 15:32:41.018056,5108263.0,5108713.0,71.32811873372395,71.33211877441406,73.29144486490885,73.29544490559897
2023-07-26 15:32:41.026090,5108266.0,5108716.0,71.34116284179689,71.34516288248697,73.30448897298176,73.30848901367187
2023-07-26 15:32:41.039289,5108268.0,5108718.0,71.34985888671875,71.35385892740887,73.3131846923828,73.31718473307292
2023-07-26 15:32:41.048356,5108271.0,5108721.0,71.36290295410157,71.36690303548177,73.32622875976563,73.33022884114582
2023-07-26 15:32:41.061457,5108273.0,5108723.0,71.3715987141927,71.37559875488282,73.3349248453776,73.33892488606772
2023-07-26 15:32:41.070057,5108276.0,5108726.0,71.38464278157552,71.38864282226562,73.34796891276042,73.35196895345052
2023-07-26 15:32:41.079215,5108278.0,5108728.0,71.39333882649738,71.39733890787761,73.35666479492187,73.36066479492187
2023-07-26 15:32:41.087291,5108280.0,5108730.0,71.40203491210937,71.40603495279949,73.36536071777344,73.36936075846353
2023-07-26 15:32:41.100457,5108282.0,5108732.0,71.41073095703125,71.41473099772135,73.3740567626953,73.37805680338542
2023-07-26 15:32:41.109540,5108285.0,5108735.0,71.42377469889323,71.42777478027344,73.38710083007813,73.39110091145834
2023-07-26 15:32:41.117631,5108287.0,5108737.0,71.4324707845052,71.43647082519531,73.39579691569011,73.3997969563802
2023-07-26 15:32:41.130660,5108289.0,5108739.0,71.44116682942709,71.44516687011719,73.40449291992188,73.40849291992188
2023-07-26 15:32:41.139309,5108292.0,5108742.0,71.45421093750001,71.4582109781901,73.41753670247397,73.42153678385417
2023-07-26 15:32:41.152618,5108294.0,5108744.0,71.46290698242187,71.46690702311199,73.42623278808594,73.43023282877604
2023-07-26 15:32:41.161474,5108297.0,5108747.0,71.47595072428386,71.47995080566407,73.43927685546875,73.44327693684896
2023-07-26 15:32:41.169934,5108299.0,5108749.0,71.48464680989582,71.48864685058594,73.44797294108072,73.45197298177084
2023-07-26 15:32:41.183038,5108301.0,5108751.0,71.49334285481771,71.49734289550781,73.45666870117188,73.46066870117187
2023-07-26 15:32:41.191881,5108304.0,5108754.0,71.50638692220052,71.51038700358073,73.46971272786458,73.47371280924479
2023-07-26 15:32:41.200182,5108306.0,5108756.0,71.51508288574219,71.5190828857422,73.47840881347656,73.48240885416668
2023-07-26 15:32:41.209436,5108308.0,5108758.0,71.52377872721355,71.52777876790364,73.48710485839844,73.49110489908854
2023-07-26 15:32:41.217452,5108310.0,5108760.0,71.53247477213542,71.53647485351563,73.49580090332032,73.49980098470053
2023-07-26 15:32:41.226841,5108312.0,5108762.0,71.54117085774739,71.5451708984375,73.50449682617187,73.50849682617188
2023-07-26 15:32:41.234855,5108314.0,5108764.0,71.54986690266928,71.55386694335937,73.51319270833334,73.51719274902344
2023-07-26 15:32:41.248142,5108316.0,5108766.0,71.55856294759114,71.56256302897135,73.5218887532552,73.52588879394531
2023-07-26 15:32:41.257122,5108319.0,5108769.0,71.57160673014323,71.57560677083333,73.53493286132813,73.53893290201823
2023-07-26 15:32:41.265304,5108321.0,5108771.0,71.5803027750651,71.58430281575521,73.54362890625,73.5476289469401
2023-07-26 15:32:41.274318,5108323.0,5108773.0,71.58899881998698,71.5929989013672,73.55232495117187,73.55632495117187
2023-07-26 15:32:41.287532,5108325.0,5108775.0,71.59769490559896,71.60169494628906,73.56102067057293,73.56503116861978
2023-07-26 15:32:41.296080,5108328.0,5108778.0,71.61073897298176,71.61473901367188,73.57406477864583,73.57806481933594
2023-07-26 15:32:41.305108,5108330.0,5108780.0,71.61943469238281,71.62343477376302,73.58276082356771,73.58676090494791
2023-07-26 15:32:41.313205,5108332.0,5108782.0,71.62813077799478,71.6321308186849,73.59145690917968,73.5954569498698
2023-07-26 15:32:41.326611,5108334.0,5108784.0,71.63682682291667,71.64082686360676,73.60015295410157,73.60415299479166
2023-07-26 15:32:41.335335,5108337.0,5108787.0,71.64987089029948,71.6538709716797,73.61319669596354,73.61719677734375
2023-07-26 15:32:41.348467,5108339.0,5108789.0,71.65856697591146,71.66256701660156,73.62189278157553,73.62589282226561
2023-07-26 15:32:41.357051,5108342.0,5108792.0,71.67161071777343,71.67561075846353,73.63493684895833,73.63893688964843
2023-07-26 15:32:41.370031,5108344.0,5108794.0,71.68030676269531,71.68430684407552,73.64363289388021,73.64763297526042
2023-07-26 15:32:41.378325,5108347.0,5108797.0,71.69335087076824,71.69735091145833,73.6566766764323,73.66067671712239
2023-07-26 15:32:41.387336,5108349.0,5108799.0,71.7020469156901,71.70604699707032,73.66537272135416,73.66937276204428
2023-07-26 15:32:41.396383,5108351.0,5108801.0,71.71074300130208,71.71474304199218,73.67406876627605,73.67806884765625
2023-07-26 15:32:41.408839,5108353.0,5108803.0,71.71943872070312,71.72343876139324,73.68276485188802,73.68676489257813
2023-07-26 15:32:41.418141,5108356.0,5108806.0,71.73248278808595,71.73648286946614,73.69580891927083,73.69980900065103
2023-07-26 15:32:41.426510,5108358.0,5108808.0,71.74117887369792,71.74517891438802,73.70450463867186,73.70850472005209
2023-07-26 15:32:41.435782,5108360.0,5108810.0,71.74988533528646,71.75388537597655,73.71320072428387,73.71720076497395
2023-07-26 15:32:41.447957,5108362.0,5108812.0,71.75857096354166,71.76257104492188,73.72189676920573,73.72589680989583
2023-07-26 15:32:41.457499,5108365.0,5108815.0,71.77161474609375,71.77561478678385,73.73494087727865,73.73894091796875
2023-07-26 15:32:41.465949,5108367.0,5108817.0,71.78031079101562,71.78431083170572,73.74363692220051,73.74763696289062
2023-07-26 15:32:41.478395,5108369.0,5108819.0,71.7890068359375,71.79300691731771,73.75233276367187,73.75633276367186
2023-07-26 15:32:41.487179,5108372.0,5108822.0,71.80205094401042,71.80605098470052,73.76537674967449,73.76937679036457
2023-07-26 15:32:41.496252,5108374.0,5108824.0,71.81074694824218,71.81474694824219,73.77408321126302,73.77808325195313
2023-07-26 15:32:41.504454,5108376.0,5108826.0,71.81944270833333,71.82344278971354,73.78276883951823,73.78676892089844
2023-07-26 15:32:41.517531,5108378.0,5108828.0,71.82813879394531,71.83213883463542,73.79146492513021,73.79546496582032
2023-07-26 15:32:41.526956,5108381.0,5108831.0,71.84118286132814,71.84518290201822,73.80450866699219,73.8085087076823
2023-07-26 15:32:41.539644,5108383.0,5108833.0,71.84987890625,71.85387898763021,73.81320471191407,73.81720479329428
2023-07-26 15:32:41.548404,5108386.0,5108836.0,71.86292272949218,71.86692272949217,73.82624881998699,73.83024886067707
2023-07-26 15:32:41.556849,5108388.0,5108838.0,71.87161873372395,71.87561877441406,73.83494486490885,73.83894490559896
2023-07-26 15:32:41.569919,5108390.0,5108840.0,71.88031477864584,71.88431486002604,73.84364090983073,73.84764099121094
2023-07-26 15:32:41.582681,5108393.0,5108843.0,71.89335888671874,71.89735892740886,73.8566846923828,73.86068473307292
2023-07-26 15:32:41.591816,5108396.0,5108846.0,71.90640295410157,71.91040303548178,73.86972875976562,73.87372884114583
2023-07-26 15:32:41.604297,5108398.0,5108848.0,71.91509871419271,71.91909875488281,73.87842484537761,73.88242488606771
2023-07-26 15:32:41.613591,5108401.0,5108851.0,71.92814278157552,71.93214282226562,73.89146891276042,73.89546895345052
2023-07-26 15:32:41.621729,5108403.0,5108853.0,71.9368388264974,71.9408389078776,73.90016479492188,73.90416479492187
2023-07-26 15:32:41.635048,5108405.0,5108855.0,71.94553491210937,71.94953495279948,73.90886071777344,73.91286075846354
2023-07-26 15:32:41.644097,5108408.0,5108858.0,71.95857897949219,71.96257897949219,73.92190478515624,73.92590482584636
2023-07-26 15:32:41.652491,5108410.0,5108860.0,71.96727469889323,71.97127478027343,73.93060083007812,73.93460091145833
2023-07-26 15:32:41.665704,5108412.0,5108862.0,71.97597078450521,71.97997082519532,73.93929691569011,73.94329695638021
2023-07-26 15:32:41.674170,5108415.0,5108865.0,71.98901485188803,71.99301493326823,73.95234065755209,73.95634069824219
2023-07-26 15:32:41.683548,5108417.0,5108867.0,71.9977109375,72.0017109781901,73.96103670247396,73.96503678385417
2023-07-26 15:32:41.691900,5108419.0,5108869.0,72.00640698242188,72.01040702311198,73.96973278808593,73.97373282877604
2023-07-26 15:32:41.705055,5108421.0,5108871.0,72.01510270182291,72.01910274251303,73.97842883300781,73.98242887369793
2023-07-26 15:32:41.713658,5108424.0,5108874.0,72.02814680989583,72.03214685058593,73.99147294108073,73.99547298177083
2023-07-26 15:32:41.722659,5108426.0,5108876.0,72.0368428548177,72.04084289550782,74.00016870117187,74.00416870117188
2023-07-26 15:32:41.735000,5108428.0,5108878.0,72.04553889973958,72.04953894042968,74.00886470540365,74.01286474609374
2023-07-26 15:32:41.743673,5108431.0,5108881.0,72.05858288574218,72.06258288574219,74.02190881347656,74.02590885416667
2023-07-26 15:32:41.752914,5108433.0,5108883.0,72.06727872721355,72.07127876790365,74.03060485839845,74.03460489908854
2023-07-26 15:32:41.766224,5108435.0,5108885.0,72.07597477213541,72.07997485351562,74.03930090332031,74.04330098470052
2023-07-26 15:32:41.774739,5108438.0,5108888.0,72.08901888020833,72.09301892089844,74.0523446858724,74.0563447265625
2023-07-26 15:32:41.782906,5108440.0,5108890.0,72.0977149251302,72.1017149658203,74.06104073079428,74.06504077148438
2023-07-26 15:32:41.796461,5108442.0,5108892.0,72.10641097005208,72.1104110107422,74.06973677571615,74.07373685709636
2023-07-26 15:32:41.805038,5108445.0,5108895.0,72.11945475260417,72.12345479329427,74.08278088378907,74.08678092447916
2023-07-26 15:32:41.813242,5108447.0,5108897.0,72.12815079752603,72.13215083821615,74.09147692871093,74.09547696940105
2023-07-26 15:32:41.826793,5108449.0,5108899.0,72.13684684244792,72.14084692382812,74.10017264811198,74.10417272949218
2023-07-26 15:32:41.835374,5108452.0,5108902.0,72.14989095052083,72.15389099121094,74.1132167561849,74.117216796875
2023-07-26 15:32:41.848608,5108454.0,5108904.0,72.15858679199219,72.16258679199218,74.12191280110677,74.12591284179688
2023-07-26 15:32:41.857240,5108457.0,5108907.0,72.17163077799479,72.1756308186849,74.13495690917968,74.1389569498698
2023-07-26 15:32:41.865450,5108459.0,5108909.0,72.18032682291667,72.18432686360677,74.14365295410157,74.14765299479167
2023-07-26 15:32:41.878454,5108461.0,5108911.0,72.18902286783853,72.19302294921874,74.1523486735026,74.1563487141927
2023-07-26 15:32:41.887638,5108464.0,5108914.0,72.20206697591145,72.20606701660157,74.16539278157552,74.16939282226562
2023-07-26 15:32:41.900913,5108466.0,5108916.0,72.21076269531251,72.2147627360026,74.1740888264974,74.1780888671875
2023-07-26 15:32:41.909217,5108469.0,5108919.0,72.2238067626953,72.22780684407552,74.1871328938802,74.19113297526042
2023-07-26 15:32:41.918219,5108471.0,5108921.0,72.23250284830729,72.2365028889974,74.19582885742187,74.19982885742186
2023-07-26 15:32:41.931268,5108473.0,5108923.0,72.24119889322917,72.24519893391927,74.20452469889322,74.20852473958334
2023-07-26 15:32:41.939464,5108476.0,5108926.0,72.25424300130209,72.25824304199219,74.21756876627605,74.22156884765626
2023-07-26 15:32:41.948810,5108478.0,5108928.0,72.26293872070312,72.26693876139323,74.22626485188802,74.23026489257812
2023-07-26 15:32:41.961198,5108480.0,5108930.0,72.271634765625,72.27563480631511,74.2349608968099,74.2389609375
2023-07-26 15:32:41.970212,5108483.0,5108933.0,72.28467887369793,72.28867891438802,74.24800463867187,74.25200472005208
2023-07-26 15:32:41.983330,5108485.0,5108935.0,72.29338533528646,72.29738537597656,74.25670072428386,74.26070076497396
2023-07-26 15:32:41.991906,5108488.0,5108938.0,72.3064188232422,72.31041882324219,74.26974479166667,74.27374487304687
2023-07-26 15:32:42.000366,5108490.0,5108940.0,72.31511474609374,72.31911478678386,74.27844087727864,74.28244091796876
2023-07-26 15:32:42.013767,5108492.0,5108942.0,72.32381079101563,72.32781083170572,74.28713692220052,74.29113696289062
2023-07-26 15:32:42.021998,5108495.0,5108945.0,72.33685485839844,72.34085493977865,74.3001806640625,74.30418074544271
2023-07-26 15:32:42.035192,5108497.0,5108947.0,72.34555094401041,72.34955098470053,74.30887674967448,74.31287679036458
2023-07-26 15:32:42.044135,5108500.0,5108950.0,72.3585946858724,72.36259472656249,74.3219208170573,74.32592085774739
2023-07-26 15:32:42.056772,5108502.0,5108952.0,72.36729073079427,72.37129081217448,74.33061686197917,74.33461694335938
2023-07-26 15:32:42.065434,5108505.0,5108955.0,72.38033483886718,72.38433487955729,74.34366088867188,74.34766088867187
2023-07-26 15:32:42.078454,5108507.0,5108957.0,72.38903088378906,72.39303096516927,74.35235668945312,74.35635673014323
2023-07-26 15:32:42.087673,5108510.0,5108960.0,72.40207499186198,72.4060750325521,74.36540079752604,74.36940083821615
2023-07-26 15:32:42.100063,5108512.0,5108962.0,72.41078112792968,72.41478116861978,74.37409684244791,74.37809688313803
2023-07-26 15:32:42.109186,5108515.0,5108965.0,72.42381477864583,72.42781486002605,74.38714090983072,74.39114099121095
2023-07-26 15:32:42.122352,5108517.0,5108967.0,72.43251086425782,72.43651090494791,74.39583666992188,74.39983671061198
2023-07-26 15:32:42.130944,5108520.0,5108970.0,72.44555493164061,72.44955501302083,74.40888073730468,74.41288077799479
2023-07-26 15:32:42.143974,5108522.0,5108972.0,72.45425085449219,72.45825085449219,74.41757678222656,74.42157686360676
2023-07-26 15:32:42.152839,5108525.0,5108975.0,72.4672947591146,72.47129479980468,74.43062089029948,74.43462093098958
2023-07-26 15:32:42.165175,5108527.0,5108977.0,72.47599080403646,72.47999088541667,74.43931693522136,74.44331701660157
2023-07-26 15:32:42.174512,5108530.0,5108980.0,72.48903491210937,72.49303495279948,74.45236071777344,74.45636075846353
2023-07-26 15:32:42.187690,5108532.0,5108982.0,72.49773095703125,72.50173099772135,74.4610567626953,74.46505680338542
2023-07-26 15:32:42.196191,5108535.0,5108985.0,72.51077469889323,72.51477478027344,74.47410083007813,74.47810091145833
2023-07-26 15:32:42.205276,5108537.0,5108987.0,72.5194707845052,72.52347082519532,74.4827969156901,74.4867969563802
2023-07-26 15:32:42.217796,5108539.0,5108989.0,72.5281668294271,72.53216687011718,74.49149291992188,74.49549291992187
2023-07-26 15:32:42.226343,5108542.0,5108992.0,72.5412109375,72.5452109781901,74.50453670247396,74.50853678385417
2023-07-26 15:32:42.239695,5108544.0,5108994.0,72.54990698242187,72.55390702311199,74.51323278808594,74.51723282877603
2023-07-26 15:32:42.248040,5108547.0,5108997.0,72.56295072428387,72.56695080566406,74.52627685546875,74.53027693684895
2023-07-26 15:32:42.257306,5108549.0,5108999.0,72.57164680989582,72.57564685058594,74.53497294108072,74.53897298177084
2023-07-26 15:32:42.269788,5108551.0,5109001.0,72.58034285481772,72.58434289550782,74.54366870117188,74.54766870117187
2023-07-26 15:32:42.279063,5108554.0,5109004.0,72.59338692220051,72.59738700358074,74.55671272786458,74.56071280924479
2023-07-26 15:32:42.291583,5108556.0,5109006.0,72.60208288574219,72.60608288574218,74.56540881347657,74.56940885416667
2023-07-26 15:32:42.300683,5108559.0,5109009.0,72.61512674967449,72.61912679036458,74.57845288085937,74.58245292154947
2023-07-26 15:32:42.314021,5108561.0,5109011.0,72.62383321126302,72.62783329264323,74.58714892578125,74.59114900716146
2023-07-26 15:32:42.322361,5108564.0,5109014.0,72.63686690266928,72.64086694335937,74.60019270833334,74.60419274902344
2023-07-26 15:32:42.335462,5108566.0,5109016.0,72.64556294759115,72.64956302897136,74.6088887532552,74.61288879394532
2023-07-26 15:32:42.344191,5108569.0,5109019.0,72.65860673014323,72.66260677083332,74.62193286132813,74.62593290201822
2023-07-26 15:32:42.356628,5108571.0,5109021.0,72.6673027750651,72.67130281575521,74.63062890625,74.6346289469401
2023-07-26 15:32:42.365515,5108574.0,5109024.0,72.68034684244792,72.68434692382813,74.64367264811197,74.64767272949219
2023-07-26 15:32:42.378848,5108576.0,5109026.0,72.68904292805989,72.69304296874999,74.65236873372395,74.65636877441406
2023-07-26 15:32:42.387248,5108579.0,5109029.0,72.70208679199219,72.70608679199219,74.66541280110677,74.66941284179688
2023-07-26 15:32:42.400389,5108581.0,5109031.0,72.71078271484376,72.71478279622396,74.67410884602866,74.67810892740886
2023-07-26 15:32:42.409520,5108584.0,5109034.0,72.72382682291666,72.72782686360677,74.68715295410156,74.69115299479166
2023-07-26 15:32:42.422772,5108586.0,5109036.0,72.73252286783854,72.73652294921875,74.69584867350261,74.6998487141927
2023-07-26 15:32:42.431149,5108589.0,5109039.0,72.74556697591146,72.74956701660156,74.70889278157553,74.71289282226562
2023-07-26 15:32:42.443596,5108591.0,5109041.0,72.7542626953125,72.7582627360026,74.71758882649739,74.7215888671875
2023-07-26 15:32:42.452341,5108594.0,5109044.0,72.76730676269531,72.77130684407551,74.73063289388021,74.73463297526041
2023-07-26 15:32:42.465464,5108596.0,5109046.0,72.77600284830729,72.7800028889974,74.73932885742187,74.74332885742187
2023-07-26 15:32:42.474868,5108599.0,5109049.0,72.78904691569011,72.79304699707032,74.75237272135416,74.75637276204426
2023-07-26 15:32:42.487299,5108601.0,5109051.0,72.79774300130208,72.80174304199218,74.76106876627604,74.76506884765625
2023-07-26 15:32:42.500715,5108604.0,5109054.0,72.81078674316406,72.81478678385417,74.77411287434896,74.77811291503907
2023-07-26 15:32:42.509321,5108607.0,5109057.0,72.82383081054688,72.82783089192708,74.78715694173178,74.79115698242187
2023-07-26 15:32:42.522577,5108609.0,5109059.0,72.83252689615885,72.83652693684895,74.79585270182291,74.79985274251302
2023-07-26 15:32:42.530947,5108612.0,5109062.0,72.84557096354166,72.84957104492189,74.80889676920573,74.81289680989583
2023-07-26 15:32:42.544356,5108614.0,5109064.0,72.85426668294271,72.85826676432292,74.8175928141276,74.82159289550782
2023-07-26 15:32:42.552913,5108617.0,5109067.0,72.86731079101563,72.87131083170573,74.83063692220051,74.83463696289063
2023-07-26 15:32:42.566070,5108619.0,5109069.0,72.8760068359375,72.8800069173177,74.83933276367188,74.84333276367187
2023-07-26 15:32:42.574504,5108622.0,5109072.0,72.8890509440104,72.89305098470052,74.85237674967448,74.85637679036458
2023-07-26 15:32:42.587769,5108624.0,5109074.0,72.89774694824219,72.90174694824218,74.86108321126302,74.86508325195312
2023-07-26 15:32:42.600232,5108627.0,5109077.0,72.91079073079426,72.91479081217447,74.87411686197916,74.87811694335937
2023-07-26 15:32:42.608836,5108630.0,5109080.0,72.92383483886718,72.9278348795573,74.88716088867187,74.89116088867188
2023-07-26 15:32:42.622276,5108632.0,5109082.0,72.93253088378907,72.93653096516927,74.89585668945313,74.89985673014323
2023-07-26 15:32:42.630673,5108635.0,5109085.0,72.94557499186197,72.94957503255209,74.90890079752603,74.91290083821615
2023-07-26 15:32:42.643863,5108637.0,5109087.0,72.95428112792969,72.95828116861979,74.91759684244792,74.92159688313802
2023-07-26 15:32:42.652401,5108640.0,5109090.0,72.96731477864584,72.97131486002604,74.93064090983073,74.93464099121094
2023-07-26 15:32:42.665662,5108642.0,5109092.0,72.97601086425782,72.98001090494792,74.93933666992187,74.94333671061199
2023-07-26 15:32:42.674088,5108645.0,5109095.0,72.98905493164062,72.99305501302082,74.9523807373047,74.95638077799478
2023-07-26 15:32:42.687571,5108647.0,5109097.0,72.99775085449218,73.00175085449219,74.96107678222656,74.96507686360677
2023-07-26 15:32:42.695873,5108650.0,5109100.0,73.01079475911459,73.01479479980469,74.97412089029949,74.97812093098958
2023-07-26 15:32:42.709211,5108652.0,5109102.0,73.01949080403645,73.02349088541666,74.98281693522135,74.98681701660156
2023-07-26 15:32:42.717590,5108655.0,5109105.0,73.03253491210937,73.03653495279949,74.99586071777344,74.99986075846354
2023-07-26 15:32:42.730884,5108657.0,5109107.0,73.04123095703125,73.04523099772135,75.0045567626953,75.00855680338542
2023-07-26 15:32:42.739333,5108660.0,5109110.0,73.05427469889322,73.05827478027344,75.01760083007812,75.02160091145834
2023-07-26 15:32:42.752772,5108662.0,5109112.0,73.06297078450521,73.06697082519531,75.02629691569011,75.0302969563802
2023-07-26 15:32:42.766027,5108665.0,5109115.0,73.07601485188802,73.08001493326823,75.03934065755207,75.04334069824219
2023-07-26 15:32:42.774502,5108668.0,5109118.0,73.08905895996094,73.09305900065104,75.05238476562499,75.05638480631511
2023-07-26 15:32:42.787625,5108670.0,5109120.0,73.09775476074219,73.10175476074218,75.06108081054688,75.06508085123697
2023-07-26 15:32:42.795921,5108673.0,5109123.0,73.11079874674479,73.114798828125,75.07413529459635,75.07813537597656
2023-07-26 15:32:42.809038,5108675.0,5109125.0,73.11949483235678,73.12349487304687,75.08282096354166,75.08682100423177
2023-07-26 15:32:42.822621,5108678.0,5109128.0,73.13253889973957,73.13653898111978,75.09586470540364,75.09986474609374
2023-07-26 15:32:42.834935,5108681.0,5109131.0,73.14558288574219,73.14958288574219,75.10890881347656,75.11290885416668
2023-07-26 15:32:42.844202,5108684.0,5109134.0,73.15862674967448,73.16262679036458,75.12195288085938,75.12595292154947
2023-07-26 15:32:42.856659,5108686.0,5109136.0,73.16733321126301,73.17133329264323,75.13064892578124,75.13464900716146
2023-07-26 15:32:42.865366,5108689.0,5109139.0,73.18036690266928,73.18436694335938,75.14369270833333,75.14769274902345
2023-07-26 15:32:42.878428,5108691.0,5109141.0,73.18906294759114,73.19306302897135,75.15238875325521,75.15638879394531
2023-07-26 15:32:42.887114,5108694.0,5109144.0,73.20210673014323,73.20610677083333,75.16543286132813,75.16943290201823
2023-07-26 15:32:42.900306,5108696.0,5109146.0,73.2108027750651,73.2148028157552,75.17412890625,75.17812894694009
2023-07-26 15:32:42.908894,5108699.0,5109149.0,73.22384684244791,73.22784692382812,75.18717264811197,75.19117272949218
2023-07-26 15:32:42.922058,5108701.0,5109151.0,73.2325429280599,73.23654296875,75.19586873372396,75.19986877441406
2023-07-26 15:32:42.931269,5108704.0,5109154.0,73.2455867919922,73.24958679199219,75.20891280110678,75.21291284179688
2023-07-26 15:32:42.943463,5108706.0,5109156.0,73.25428271484375,73.25828279622397,75.21760884602865,75.22160892740887
2023-07-26 15:32:42.952957,5108709.0,5109159.0,73.26732682291667,73.27132686360676,75.23065295410157,75.23465299479166
2023-07-26 15:32:42.966061,5108711.0,5109161.0,73.27602286783853,73.28002294921875,75.2393486735026,75.2433487141927
2023-07-26 15:32:42.974181,5108714.0,5109164.0,73.28906697591145,73.29306701660157,75.25239278157552,75.25639282226562
2023-07-26 15:32:42.987182,5108716.0,5109166.0,73.2977626953125,73.3017627360026,75.26108882649739,75.2650888671875
2023-07-26 15:32:42.996299,5108719.0,5109169.0,73.31080676269531,73.31480684407552,75.2741328938802,75.27813297526042
2023-07-26 15:32:43.009288,5108721.0,5109171.0,73.3195028483073,73.3235028889974,75.28282885742186,75.28682885742187
2023-07-26 15:32:43.017461,5108724.0,5109174.0,73.3325469156901,73.33654699707031,75.29587272135416,75.29987276204427
2023-07-26 15:32:43.030888,5108726.0,5109176.0,73.34124300130209,73.34524304199218,75.30456876627605,75.30856884765625
2023-07-26 15:32:43.044301,5108729.0,5109179.0,73.35428674316405,73.35828678385417,75.31761287434895,75.32161291503907
2023-07-26 15:32:43.053074,5108732.0,5109182.0,73.36733081054687,73.37133089192709,75.33065694173177,75.33465698242188
2023-07-26 15:32:43.066320,5108734.0,5109184.0,73.37602689615886,73.38002693684895,75.33935270182292,75.34335274251302
2023-07-26 15:32:43.074711,5108737.0,5109187.0,73.38907096354166,73.39307104492188,75.35239676920573,75.35639680989583
2023-07-26 15:32:43.087706,5108739.0,5109189.0,73.39776668294272,73.40176676432293,75.3610928141276,75.36509289550781
2023-07-26 15:32:43.095764,5108742.0,5109192.0,73.41081079101562,73.41481083170572,75.37413692220052,75.37813696289062
2023-07-26 15:32:43.109769,5108744.0,5109194.0,73.4195068359375,73.42350691731771,75.38283276367187,75.38683276367188
2023-07-26 15:32:43.118183,5108747.0,5109197.0,73.43255094401042,73.43655098470052,75.39587674967449,75.39987679036457
2023-07-26 15:32:43.131154,5108749.0,5109199.0,73.44124694824218,73.44524694824219,75.40458321126302,75.40858325195313
2023-07-26 15:32:43.139594,5108752.0,5109202.0,73.45429073079427,73.45829081217448,75.41761686197917,75.42161694335937
2023-07-26 15:32:43.152811,5108754.0,5109204.0,73.46298681640624,73.46698685709636,75.42631294759114,75.43031298828124
2023-07-26 15:32:43.165904,5108757.0,5109207.0,73.47603088378906,73.48003096516928,75.43935668945312,75.44335673014324
2023-07-26 15:32:43.174587,5108760.0,5109210.0,73.48907499186198,73.49307503255208,75.45240079752604,75.45640083821614
2023-07-26 15:32:43.187840,5108762.0,5109212.0,73.49778112792968,73.50178116861979,75.46109684244792,75.46509688313803
2023-07-26 15:32:43.195914,5108765.0,5109215.0,73.51081477864584,73.51481486002605,75.47414090983072,75.47814099121095
2023-07-26 15:32:43.209021,5108767.0,5109217.0,73.51951086425781,73.52351090494791,75.48283666992187,75.48683671061198
2023-07-26 15:32:43.217709,5108770.0,5109220.0,73.53255493164062,73.53655501302083,75.49588073730469,75.49988077799479
2023-07-26 15:32:43.231140,5108772.0,5109222.0,73.54125085449219,73.54525085449218,75.50457678222655,75.50857686360676
2023-07-26 15:32:43.239478,5108775.0,5109225.0,73.55429475911458,73.55829479980468,75.51762089029948,75.52162093098958
2023-07-26 15:32:43.252519,5108777.0,5109227.0,73.56299080403646,73.56699088541666,75.52631693522136,75.53031701660156
2023-07-26 15:32:43.266009,5108780.0,5109230.0,73.57603491210936,73.58003495279948,75.53936071777343,75.54336075846354
2023-07-26 15:32:43.278648,5108783.0,5109233.0,73.58907897949219,73.59307897949219,75.55240478515624,75.55640482584636
2023-07-26 15:32:43.287436,5108786.0,5109236.0,73.60212276204427,73.60612280273438,75.56544889322917,75.56944893391926
2023-07-26 15:32:43.300487,5108788.0,5109238.0,73.61081880696614,73.61481884765625,75.57414493815104,75.57814497884115
2023-07-26 15:32:43.309766,5108791.0,5109241.0,73.62386287434896,73.62786295572917,75.58718868001301,75.59118876139324
2023-07-26 15:32:43.322167,5108793.0,5109243.0,73.63255895996093,73.63655900065103,75.595884765625,75.5998848063151
2023-07-26 15:32:43.331328,5108796.0,5109246.0,73.64560270182291,73.64960274251303,75.60892883300781,75.61292887369792
2023-07-26 15:32:43.343610,5108798.0,5109248.0,73.6542987467448,73.658298828125,75.61763529459635,75.62163537597655
2023-07-26 15:32:43.356990,5108801.0,5109251.0,73.6673428548177,73.67134289550782,75.63066870117187,75.63466870117188
2023-07-26 15:32:43.370414,5108804.0,5109254.0,73.68038692220051,73.68438700358074,75.64371272786458,75.6477128092448
2023-07-26 15:32:43.382816,5108807.0,5109257.0,73.6934307047526,73.6974307454427,75.6567568359375,75.6607568766276
2023-07-26 15:32:43.391650,5108810.0,5109260.0,73.70647477213541,73.71047485351562,75.66980090332031,75.67380098470052
2023-07-26 15:32:43.404771,5108812.0,5109262.0,73.7151708577474,73.71917089843751,75.67849682617188,75.68249682617187
2023-07-26 15:32:43.418358,5108815.0,5109265.0,73.72821492513022,73.7322149658203,75.69154073079427,75.69554077148437
2023-07-26 15:32:43.426781,5108818.0,5109268.0,73.74125866699218,73.7452587483724,75.70458479817708,75.70858487955729
2023-07-26 15:32:43.440059,5108820.0,5109270.0,73.74995475260417,73.75395479329427,75.71328088378907,75.71728092447917
2023-07-26 15:32:43.452572,5108823.0,5109273.0,73.76299881998698,73.76699890136719,75.72632495117186,75.73032495117187
2023-07-26 15:32:43.461139,5108826.0,5109276.0,73.7760429280599,73.78004296875,75.73936873372395,75.74336877441407
2023-07-26 15:32:43.474426,5108828.0,5109278.0,73.78473897298177,73.78873901367187,75.74806477864584,75.75206481933593
2023-07-26 15:32:43.482959,5108831.0,5109281.0,73.79778271484375,73.80178279622396,75.76110884602865,75.76510892740886
2023-07-26 15:32:43.496220,5108833.0,5109283.0,73.80647880045574,73.81047884114582,75.76980493164062,75.77380497233074
2023-07-26 15:32:43.504501,5108836.0,5109286.0,73.81952286783854,73.82352294921874,75.7828486735026,75.7868487141927
2023-07-26 15:32:43.517711,5108838.0,5109288.0,73.82821895345052,73.83221899414063,75.79154471842448,75.79554479980469
2023-07-26 15:32:43.527006,5108841.0,5109291.0,73.84126269531251,73.8452627360026,75.8045888264974,75.8085888671875
2023-07-26 15:32:43.540009,5108843.0,5109293.0,73.84995874023437,73.85395882161458,75.81328487141927,75.81728495279948
2023-07-26 15:32:43.548128,5108846.0,5109296.0,73.86300284830729,73.8670028889974,75.82632885742187,75.83032885742188
2023-07-26 15:32:43.561233,5108848.0,5109298.0,73.87169889322917,73.87569893391927,75.83502469889322,75.83902473958334
2023-07-26 15:32:43.574893,5108851.0,5109301.0,73.88474300130208,73.88874304199219,75.84806876627604,75.85206884765626
2023-07-26 15:32:43.583479,5108854.0,5109304.0,73.89778674316406,73.90178678385418,75.86111287434896,75.86511291503906
2023-07-26 15:32:43.596488,5108856.0,5109306.0,73.90648278808594,73.91048286946615,75.86980891927082,75.87380900065104
2023-07-26 15:32:43.609599,5108859.0,5109309.0,73.91952689615886,73.92352693684896,75.88285270182291,75.88685274251303
2023-07-26 15:32:43.622132,5108862.0,5109312.0,73.93257096354166,73.93657104492188,75.89589676920573,75.89989680989582
2023-07-26 15:32:43.635685,5108865.0,5109315.0,73.94561474609374,73.94961478678385,75.90894087727864,75.91294091796875
2023-07-26 15:32:43.644365,5108868.0,5109318.0,73.95865881347656,73.96265885416668,75.92198494466146,75.92598498535156
2023-07-26 15:32:43.656692,5108870.0,5109320.0,73.96735485839845,73.97135493977865,75.9306806640625,75.9346807454427
2023-07-26 15:32:43.669971,5108873.0,5109323.0,73.98039896647136,73.98439900716146,75.94372477213541,75.94772481282553
2023-07-26 15:32:43.679088,5108876.0,5109326.0,73.99344270833333,73.99744278971355,75.95676883951823,75.96076892089845
2023-07-26 15:32:43.692395,5108878.0,5109328.0,74.00213879394532,74.00613883463541,75.9654649251302,75.96946496582031
2023-07-26 15:32:43.700663,5108881.0,5109331.0,74.01518286132813,74.01918290201823,75.97850866699218,75.9825087076823
2023-07-26 15:32:43.713803,5108883.0,5109333.0,74.02387890625,74.0278789876302,75.98720471191407,75.99120479329427
2023-07-26 15:32:43.727037,5108886.0,5109336.0,74.03692272949218,74.04092272949218,76.00024881998698,76.00424886067708
2023-07-26 15:32:43.740115,5108889.0,5109339.0,74.0499667561849,74.05396683756511,76.01329288736979,76.01729296875
2023-07-26 15:32:43.752559,5108892.0,5109342.0,74.06301086425782,74.0670109049479,76.02633666992188,76.03033671061198
2023-07-26 15:32:43.766197,5108895.0,5109345.0,74.07605493164061,74.08005501302083,76.0393807373047,76.04338077799478
2023-07-26 15:32:43.778658,5108898.0,5109348.0,74.0890987141927,74.09309875488282,76.0524248453776,76.05642488606772
2023-07-26 15:32:43.787303,5108901.0,5109351.0,74.10214278157552,74.10614282226562,76.06546891276042,76.06946895345051
2023-07-26 15:32:43.800504,5108903.0,5109353.0,74.11083882649739,74.11483890787761,76.07416479492187,76.07816479492188
2023-07-26 15:32:43.808850,5108906.0,5109356.0,74.1238829345703,74.12788297526042,76.08720874023437,76.09120878092449
2023-07-26 15:32:43.822001,5108908.0,5109358.0,74.13257897949218,74.13657897949219,76.09590478515625,76.09990482584635
2023-07-26 15:32:43.835414,5108911.0,5109361.0,74.14562276204427,74.14962280273438,76.10894889322917,76.11294893391927
2023-07-26 15:32:43.847947,5108914.0,5109364.0,74.15866682942709,74.16266687011719,76.12199291992188,76.12599291992187
2023-07-26 15:32:43.857169,5108917.0,5109367.0,74.17171093750001,74.1757109781901,76.13503670247397,76.13903678385417
2023-07-26 15:32:43.870349,5108919.0,5109369.0,74.18040698242187,74.18440702311199,76.14373278808594,76.14773282877604
2023-07-26 15:32:43.878492,5108922.0,5109372.0,74.19345072428386,74.19745080566406,76.15677685546875,76.16077693684895
2023-07-26 15:32:43.891950,5108924.0,5109374.0,74.20214680989582,74.20614685058594,76.16547294108072,76.16947298177084
2023-07-26 15:32:43.905426,5108927.0,5109377.0,74.21519087727864,74.21919091796876,76.17851668294271,76.18251672363282
2023-07-26 15:32:43.917863,5108930.0,5109380.0,74.22823498535156,74.23223502604166,76.19156075032552,76.19556083170572
2023-07-26 15:32:43.926414,5108933.0,5109383.0,74.24127872721354,74.24527876790364,76.20460485839844,76.20860489908854
2023-07-26 15:32:43.939758,5108935.0,5109385.0,74.24997477213542,74.25397485351561,76.21330090332032,76.21730098470053
2023-07-26 15:32:43.952756,5108938.0,5109388.0,74.26301888020834,74.26701892089844,76.22634468587239,76.23034472656249
2023-07-26 15:32:43.965667,5108941.0,5109391.0,74.27606294759114,74.28006302897136,76.2393887532552,76.24338879394531
2023-07-26 15:32:43.978734,5108944.0,5109394.0,74.28910673014323,74.29310677083333,76.25243286132813,76.25643290201823
2023-07-26 15:32:43.991763,5108947.0,5109397.0,74.30215079752604,74.30615083821614,76.26547692871094,76.26947696940104
2023-07-26 15:32:44.000334,5108950.0,5109400.0,74.31519490559896,74.31919494628906,76.27852067057292,76.28253116861978
2023-07-26 15:32:44.013615,5108952.0,5109402.0,74.32389095052083,74.32789099121095,76.2872167561849,76.29121679687499
2023-07-26 15:32:44.026840,5108955.0,5109405.0,74.33693469238281,74.34093477376302,76.30026082356771,76.30426090494791
2023-07-26 15:32:44.039693,5108958.0,5109408.0,74.34997880045573,74.35397884114583,76.31330493164062,76.31730497233073
2023-07-26 15:32:44.052643,5108961.0,5109411.0,74.36302286783854,74.36702294921875,76.32634867350261,76.33034871419271
2023-07-26 15:32:44.065711,5108964.0,5109414.0,74.37606697591146,74.38006701660156,76.33939278157553,76.34339282226561
2023-07-26 15:32:44.079282,5108967.0,5109417.0,74.38911071777343,74.39311075846354,76.35243684895833,76.35643688964844
2023-07-26 15:32:44.092191,5108970.0,5109420.0,74.40215482584635,74.40615486653647,76.36548095703125,76.36948099772135
2023-07-26 15:32:44.104804,5108973.0,5109423.0,74.41519889322917,74.41919893391926,76.37852469889323,76.38252473958333
2023-07-26 15:32:44.117857,5108976.0,5109426.0,74.42824300130208,74.43224304199218,76.39156876627604,76.39556884765625
2023-07-26 15:32:44.130905,5108979.0,5109429.0,74.44128674316406,74.44528678385417,76.40461287434896,76.40861291503907
2023-07-26 15:32:44.139945,5108982.0,5109432.0,74.45433081054688,74.45833089192709,76.41765694173178,76.42165698242188
2023-07-26 15:32:44.152946,5108984.0,5109434.0,74.46302689615885,74.46702693684895,76.4263527018229,76.43035274251302
2023-07-26 15:32:44.165928,5108987.0,5109437.0,74.47607096354166,74.48007104492189,76.43939676920573,76.44339680989583
2023-07-26 15:32:44.179642,5108990.0,5109440.0,74.48911474609375,74.49311478678385,76.45244087727865,76.45644091796875
2023-07-26 15:32:44.192099,5108993.0,5109443.0,74.50215881347657,74.50615885416667,76.46548494466145,76.46948498535156
2023-07-26 15:32:44.205433,5108996.0,5109446.0,74.51520292154947,74.51920296223959,76.47852868652343,76.48252876790364
2023-07-26 15:32:44.217739,5108999.0,5109449.0,74.52824694824218,74.53224694824218,76.49158321126302,76.49558325195314
2023-07-26 15:32:44.231454,5109002.0,5109452.0,74.54129073079427,74.54529081217447,76.50461686197916,76.50861694335937
2023-07-26 15:32:44.244000,5109005.0,5109455.0,74.55433483886718,74.5583348795573,76.51766088867187,76.52166088867187
2023-07-26 15:32:44.256989,5109008.0,5109458.0,74.56737890625,74.57137898763021,76.53070475260417,76.53470479329428
2023-07-26 15:32:44.270586,5109011.0,5109461.0,74.58042272949218,74.58442272949218,76.54374881998699,76.54774886067707
2023-07-26 15:32:44.283167,5109014.0,5109464.0,74.5934667561849,74.59746683756511,76.55679288736978,76.56079296875
2023-07-26 15:32:44.296714,5109017.0,5109467.0,74.60651086425781,74.61051090494792,76.56983666992187,76.57383671061199
2023-07-26 15:32:44.309187,5109020.0,5109470.0,74.61955493164062,74.62355501302083,76.58288073730469,76.58688077799479
2023-07-26 15:32:44.322863,5109023.0,5109473.0,74.6325987141927,74.63659875488281,76.59592484537761,76.59992488606771
2023-07-26 15:32:44.335238,5109026.0,5109476.0,74.64564278157552,74.64964282226562,76.60896891276042,76.61296895345052
2023-07-26 15:32:44.348301,5109029.0,5109479.0,74.65868688964844,74.66268693033855,76.6220126546224,76.62601273600261
2023-07-26 15:32:44.356867,5109032.0,5109482.0,74.67173095703126,74.67573099772135,76.63505676269531,76.63905680338542
2023-07-26 15:32:44.370295,5109034.0,5109484.0,74.68042667643229,74.6844267578125,76.64375280761719,76.6477528889974
2023-07-26 15:32:44.383599,5109037.0,5109487.0,74.69347078450521,74.69747082519531,76.65679691569011,76.6607969563802
2023-07-26 15:32:44.396128,5109040.0,5109490.0,74.70651485188803,74.71051493326823,76.66984065755207,76.67384069824219
2023-07-26 15:32:44.409669,5109043.0,5109493.0,74.71955895996093,74.72355900065104,76.68288476562499,76.6868848063151
2023-07-26 15:32:44.418127,5109046.0,5109496.0,74.73260270182291,74.73660274251303,76.69592883300781,76.69992887369793
2023-07-26 15:32:44.431459,5109048.0,5109498.0,74.74129874674479,74.745298828125,76.70463529459634,76.70863537597656
2023-07-26 15:32:44.444501,5109051.0,5109501.0,74.75434285481771,74.75834289550782,76.71766870117187,76.72166870117188
2023-07-26 15:32:44.456952,5109054.0,5109504.0,74.76738692220052,74.77138700358074,76.73071272786459,76.73471280924478
2023-07-26 15:32:44.470501,5109057.0,5109507.0,74.7804307047526,74.7844307454427,76.7437568359375,76.7477568766276
2023-07-26 15:32:44.483512,5109060.0,5109510.0,74.79347477213541,74.79747485351562,76.75680090332031,76.76080098470052
2023-07-26 15:32:44.496051,5109063.0,5109513.0,74.80651888020833,74.81051892089845,76.7698446858724,76.7738447265625
2023-07-26 15:32:44.509588,5109066.0,5109516.0,74.81956294759115,74.82356302897135,76.78288875325521,76.78688879394531
2023-07-26 15:32:44.522007,5109069.0,5109519.0,74.83260673014323,74.83660677083333,76.79593286132813,76.79993290201823
2023-07-26 15:32:44.535092,5109072.0,5109522.0,74.84565079752603,74.84965083821615,76.80897692871093,76.81297696940105
2023-07-26 15:32:44.548308,5109075.0,5109525.0,74.85869490559897,74.86269494628905,76.82202067057293,76.82603116861978
2023-07-26 15:32:44.561458,5109078.0,5109528.0,74.87173897298176,74.87573901367188,76.83506477864583,76.83906481933593
2023-07-26 15:32:44.574717,5109081.0,5109531.0,74.88478271484375,74.88878279622396,76.84810884602865,76.85210892740886
2023-07-26 15:32:44.587789,5109084.0,5109534.0,74.89782682291667,74.90182686360677,76.86115295410157,76.86515299479167
2023-07-26 15:32:44.600874,5109087.0,5109537.0,74.91087089029948,74.91487097167969,76.87419669596355,76.87819677734375
2023-07-26 15:32:44.614021,5109090.0,5109540.0,74.92391491699219,74.9279149169922,76.88724080403645,76.89124084472657
2023-07-26 15:32:44.627144,5109093.0,5109543.0,74.93695874023437,74.94095882161459,76.90028487141927,76.90428495279949
2023-07-26 15:32:44.639588,5109096.0,5109546.0,74.95000284830729,74.9540028889974,76.91332885742187,76.91732885742186
2023-07-26 15:32:44.652725,5109099.0,5109549.0,74.9630469156901,74.96704699707031,76.92637272135416,76.93037276204427
2023-07-26 15:32:44.665681,5109102.0,5109552.0,74.97609069824219,74.98009073893229,76.93941682942709,76.94341687011719
2023-07-26 15:32:44.678638,5109105.0,5109555.0,74.989134765625,74.99313480631511,76.9524608968099,76.9564609375
2023-07-26 15:32:44.691595,5109108.0,5109558.0,75.00217887369793,75.00617891438802,76.96550463867187,76.96950472005209
2023-07-26 15:32:44.704551,5109111.0,5109561.0,75.01522294108072,75.01922298177084,76.97854874674479,76.9825487874349
2023-07-26 15:32:44.718504,5109114.0,5109564.0,75.02826668294271,75.03226676432293,76.99159285481771,76.99559289550783
2023-07-26 15:32:44.731461,5109117.0,5109567.0,75.04131079101563,75.04531083170572,77.00463692220052,77.00863696289062
2023-07-26 15:32:44.744418,5109120.0,5109570.0,75.05435485839844,75.05835493977865,77.0176806640625,77.02168074544271
2023-07-26 15:32:44.757374,5109123.0,5109573.0,75.06739896647136,75.07139900716146,77.03072477213541,77.03472481282553
2023-07-26 15:32:44.770329,5109126.0,5109576.0,75.08044270833334,75.08444278971353,77.04376883951824,77.04776892089843
2023-07-26 15:32:44.783285,5109129.0,5109579.0,75.09348681640624,75.09748685709636,77.05681294759114,77.06081298828124
2023-07-26 15:32:44.796247,5109132.0,5109582.0,75.10653088378906,75.11053096516927,77.06985668945312,77.07385673014323
2023-07-26 15:32:44.809200,5109135.0,5109585.0,75.11957499186198,75.1235750325521,77.08290079752604,77.08690083821615
2023-07-26 15:32:44.822157,5109138.0,5109588.0,75.13261873372394,75.13661877441406,77.09594486490886,77.09994490559896
2023-07-26 15:32:44.835114,5109141.0,5109591.0,75.14566284179688,75.14966288248698,77.10898897298176,77.11298901367188
2023-07-26 15:32:44.848073,5109144.0,5109594.0,75.15870690917968,75.1627069498698,77.12203271484375,77.12603275553386
2023-07-26 15:32:44.862026,5109147.0,5109597.0,75.17175085449219,75.17575085449218,77.13507678222656,77.13907686360676
2023-07-26 15:32:44.874983,5109150.0,5109600.0,75.18479475911458,75.18879479980468,77.14812089029948,77.15212093098958
2023-07-26 15:32:44.887939,5109153.0,5109603.0,75.19783882649739,75.20183890787762,77.16116479492187,77.16516479492188
2023-07-26 15:32:44.900896,5109156.0,5109606.0,75.21088293457031,75.21488297526042,77.17420874023438,77.17820878092448
2023-07-26 15:32:44.913850,5109159.0,5109609.0,75.2239266764323,75.2279267578125,77.1872528076172,77.1912528889974
2023-07-26 15:32:44.926807,5109162.0,5109612.0,75.2369707845052,75.24097082519532,77.2002969156901,77.2042969563802
2023-07-26 15:32:44.939763,5109165.0,5109615.0,75.25001485188803,75.25401493326824,77.21334065755208,77.2173406982422
2023-07-26 15:32:44.952720,5109168.0,5109618.0,75.26305895996094,75.26705900065103,77.226384765625,77.2303848063151
2023-07-26 15:32:44.965676,5109171.0,5109621.0,75.27610270182291,75.28010274251302,77.2394288330078,77.24342887369792
2023-07-26 15:32:44.979630,5109174.0,5109624.0,75.28914680989583,75.29314685058594,77.25247294108073,77.25647298177084
2023-07-26 15:32:44.991589,5109177.0,5109627.0,75.30219087727865,75.30619091796875,77.26551668294272,77.2695167236328
2023-07-26 15:32:45.005543,5109180.0,5109630.0,75.31523498535155,75.31923502604167,77.27856075032551,77.28256083170572
2023-07-26 15:32:45.018502,5109183.0,5109633.0,75.32827872721354,75.33227876790365,77.29160485839844,77.29560489908854
2023-07-26 15:32:45.031456,5109186.0,5109636.0,75.34133321126302,75.34533329264322,77.30464892578125,77.30864900716146
2023-07-26 15:32:45.044412,5109189.0,5109639.0,75.35436690266927,75.35836694335937,77.31769270833334,77.32169274902344
2023-07-26 15:32:45.057369,5109192.0,5109642.0,75.36741097005208,75.3714110107422,77.33073677571615,77.33473685709636
2023-07-26 15:32:45.070326,5109195.0,5109645.0,75.38045475260417,75.38445479329428,77.34378088378907,77.34778092447917
2023-07-26 15:32:45.083282,5109198.0,5109648.0,75.39349881998699,75.39749890136719,77.35682495117187,77.36082495117186
2023-07-26 15:32:45.096237,5109201.0,5109651.0,75.40654292805989,75.41054296875,77.36986873372395,77.37386877441406
2023-07-26 15:32:45.109194,5109204.0,5109654.0,75.41958679199219,75.4235867919922,77.38291280110677,77.38691284179689
2023-07-26 15:32:45.122150,5109207.0,5109657.0,75.43263077799479,75.4366308186849,77.39595690917969,77.39995694986979
2023-07-26 15:32:45.135107,5109210.0,5109660.0,75.44567484537761,75.44967488606771,77.40900073242189,77.41300073242188
2023-07-26 15:32:45.148113,5109213.0,5109663.0,75.45871895345051,75.46271899414063,77.42204471842447,77.42604479980469
2023-07-26 15:32:45.162018,5109216.0,5109666.0,75.4717626953125,75.47576273600261,77.43508882649739,77.4390888671875
2023-07-26 15:32:45.174975,5109219.0,5109669.0,75.48480676269531,75.48880684407551,77.44813289388021,77.45213297526041
2023-07-26 15:32:45.187931,5109222.0,5109672.0,75.49785087076823,75.50185091145833,77.46117667643229,77.46517671712239
2023-07-26 15:32:45.200888,5109225.0,5109675.0,75.51089493815104,75.51489501953125,77.47422074381511,77.47822082519532
2023-07-26 15:32:45.213845,5109228.0,5109678.0,75.52393872070313,75.52793876139323,77.48726485188803,77.49126489257812
2023-07-26 15:32:45.226802,5109231.0,5109681.0,75.53698278808594,75.54098286946615,77.50030891927082,77.50430900065103
2023-07-26 15:32:45.239758,5109234.0,5109684.0,75.55002689615885,75.55402693684896,77.51335270182291,77.51735274251303
2023-07-26 15:32:45.252715,5109237.0,5109687.0,75.56307096354166,75.56707104492187,77.52639676920573,77.53039680989583
2023-07-26 15:32:45.265672,5109240.0,5109690.0,75.57611474609374,75.58011478678385,77.53944087727865,77.54344091796875
2023-07-26 15:32:45.278628,5109243.0,5109693.0,75.58915881347656,75.59315885416667,77.55248494466146,77.55648498535156
2023-07-26 15:32:45.291584,5109246.0,5109696.0,75.60220292154948,75.60620296223959,77.56552868652344,77.56952876790365
2023-07-26 15:32:45.305537,5109249.0,5109699.0,75.61524694824219,75.61924694824218,77.57858321126302,77.58258325195312
2023-07-26 15:32:45.318494,5109252.0,5109702.0,75.62829073079426,75.63229081217447,77.59161686197916,77.59561694335937
2023-07-26 15:32:45.331451,5109255.0,5109705.0,75.64133483886718,75.6453348795573,77.60466088867187,77.60866088867188
2023-07-26 15:32:45.344407,5109258.0,5109708.0,75.65437890625,75.65837898763021,77.61770471191407,77.62170479329427
2023-07-26 15:32:45.357364,5109261.0,5109711.0,75.66742272949219,75.67142272949218,77.63074881998698,77.63474886067708
2023-07-26 15:32:45.370321,5109264.0,5109714.0,75.6804667561849,75.68446683756511,77.64379288736978,77.64779296875
2023-07-26 15:32:45.383277,5109267.0,5109717.0,75.69351086425782,75.69751090494792,77.65683666992187,77.66083671061197
2023-07-26 15:32:45.396234,5109270.0,5109720.0,75.70655493164062,75.71055501302082,77.6698807373047,77.67388077799478
2023-07-26 15:32:45.409190,5109273.0,5109723.0,75.7195987141927,75.72359875488281,77.6829248453776,77.68692488606771
2023-07-26 15:32:45.422147,5109276.0,5109726.0,75.73264278157552,75.73664282226562,77.69596891276042,77.69996895345052
2023-07-26 15:32:45.435104,5109279.0,5109729.0,75.74568688964844,75.74968693033854,77.7090126546224,77.7130127360026
2023-07-26 15:32:45.449058,5109282.0,5109732.0,75.75873095703125,75.76273099772135,77.7220567626953,77.72605680338542
2023-07-26 15:32:45.462013,5109285.0,5109735.0,75.77177469889322,75.77577478027344,77.73510083007812,77.73910091145834
2023-07-26 15:32:45.474970,5109288.0,5109738.0,75.78481880696614,75.78881884765624,77.74814493815104,77.75214497884116
2023-07-26 15:32:45.487927,5109291.0,5109741.0,75.79786287434895,75.80186295572916,77.76118868001302,77.76518876139323
2023-07-26 15:32:45.500883,5109294.0,5109744.0,75.81090698242187,75.81490702311199,77.77423278808594,77.77823282877604
2023-07-26 15:32:45.513840,5109297.0,5109747.0,75.82395072428386,75.82795080566407,77.78727685546875,77.79127693684896
2023-07-26 15:32:45.526796,5109300.0,5109750.0,75.83699483235678,75.84099487304687,77.80032096354167,77.80432100423177
2023-07-26 15:32:45.539753,5109303.0,5109753.0,75.85003889973957,75.85403898111979,77.81336470540364,77.81736474609374
2023-07-26 15:32:45.552710,5109306.0,5109756.0,75.86308288574219,75.86708288574219,77.82640881347656,77.83040885416668
2023-07-26 15:32:45.565666,5109309.0,5109759.0,75.87612674967448,75.88012679036459,77.83945288085938,77.84345292154947
2023-07-26 15:32:45.578623,5109312.0,5109762.0,75.8891708577474,75.8931708984375,77.85249682617187,77.85649682617188
2023-07-26 15:32:45.591577,5109315.0,5109765.0,75.90221492513021,75.90621496582031,77.86554073079427,77.86954077148438
2023-07-26 15:32:45.605531,5109318.0,5109768.0,75.91525866699219,75.9192587483724,77.87858479817709,77.88258487955729
2023-07-26 15:32:45.618487,5109321.0,5109771.0,75.9283027750651,75.93230281575521,77.89162890625,77.89562894694009
2023-07-26 15:32:45.631558,5109324.0,5109774.0,75.94134684244791,75.94534692382813,77.90467264811197,77.90867272949218
2023-07-26 15:32:45.643900,5109327.0,5109777.0,75.95439095052083,75.95839099121095,77.9177167561849,77.921716796875
2023-07-26 15:32:45.657674,5109330.0,5109780.0,75.96743469238281,75.97143477376302,77.93076082356771,77.93476090494791
2023-07-26 15:32:45.670730,5109333.0,5109783.0,75.98047880045573,75.98447884114583,77.94380493164061,77.94780497233073
2023-07-26 15:32:45.683194,5109336.0,5109786.0,75.99352286783854,75.99752294921875,77.9568486735026,77.96084871419271
2023-07-26 15:32:45.696490,5109339.0,5109789.0,76.00656697591145,76.01056701660156,77.96989278157552,77.97389282226563
2023-07-26 15:32:45.709925,5109342.0,5109792.0,76.01961071777343,76.02361075846353,77.98293684895835,77.98693688964843
2023-07-26 15:32:45.722286,5109345.0,5109795.0,76.03265482584635,76.03665486653647,77.99598095703125,77.99998099772135
2023-07-26 15:32:45.735599,5109348.0,5109798.0,76.04569889322917,76.04969893391927,78.00902469889323,78.01302473958334
2023-07-26 15:32:45.748927,5109351.0,5109801.0,76.05874300130209,76.06274304199218,78.02206876627605,78.02606884765625
2023-07-26 15:32:45.761305,5109354.0,5109804.0,76.07178674316405,76.07578678385417,78.03511287434895,78.03911291503907
2023-07-26 15:32:45.774372,5109357.0,5109807.0,76.08483081054688,76.08883089192709,78.04815694173178,78.05215698242188
2023-07-26 15:32:45.787504,5109360.0,5109810.0,76.09788533528646,76.10188537597656,78.06120072428386,78.06520076497395
2023-07-26 15:32:45.800509,5109363.0,5109813.0,76.11091882324219,76.11491882324219,78.07424479166666,78.07824487304687
2023-07-26 15:32:45.813899,5109366.0,5109816.0,76.12396276855469,76.12796280924479,78.08728889973958,78.09128894042969
2023-07-26 15:32:45.827378,5109369.0,5109819.0,76.1370068359375,76.14100691731771,78.10033276367187,78.10433276367186
2023-07-26 15:32:45.839893,5109372.0,5109822.0,76.15005094401042,76.15405098470052,78.11337674967449,78.11737679036457
2023-07-26 15:32:45.852893,5109375.0,5109825.0,76.1630946858724,76.1670947265625,78.1264208170573,78.1304208577474
2023-07-26 15:32:45.865664,5109378.0,5109828.0,76.17613879394531,76.18013883463541,78.13946492513021,78.14346496582031
2023-07-26 15:32:45.879285,5109381.0,5109831.0,76.18918286132813,76.19318290201822,78.15250866699219,78.15650870768229
2023-07-26 15:32:45.891820,5109384.0,5109834.0,76.20222696940104,76.20622701009114,78.165552734375,78.16955281575521
2023-07-26 15:32:45.905325,5109387.0,5109837.0,76.21528112792969,76.21928116861979,78.17859684244792,78.18259688313803
2023-07-26 15:32:45.918478,5109390.0,5109840.0,76.22831477864584,76.23231486002604,78.19164090983072,78.19564099121095
2023-07-26 15:32:45.930918,5109393.0,5109843.0,76.24135888671874,76.24535892740886,78.2046846923828,78.20868473307291
2023-07-26 15:32:45.944507,5109396.0,5109846.0,76.25440295410156,76.25840303548178,78.21772875976562,78.22172884114583
2023-07-26 15:32:45.956954,5109399.0,5109849.0,76.26744673665365,76.27144677734375,78.23077286783854,78.23477290852865
2023-07-26 15:32:45.970007,5109402.0,5109852.0,76.28049080403646,76.28449088541666,78.24381693522136,78.24781701660156
2023-07-26 15:32:45.983568,5109405.0,5109855.0,76.29353491210937,76.29753495279948,78.25686071777343,78.26086075846354
2023-07-26 15:32:45.996651,5109408.0,5109858.0,76.30657897949219,76.31057897949219,78.26990478515624,78.27390482584636
2023-07-26 15:32:46.009262,5109411.0,5109861.0,76.31962276204428,76.32362280273438,78.28294889322918,78.28694893391926
2023-07-26 15:32:46.022441,5109414.0,5109864.0,76.33266682942708,76.33666687011718,78.29599291992187,78.29999291992188
2023-07-26 15:32:46.035665,5109417.0,5109867.0,76.3457109375,76.3497109781901,78.30903670247396,78.31303678385417
2023-07-26 15:32:46.048404,5109420.0,5109870.0,76.35875476074219,76.36275476074219,78.32208081054688,78.32608085123697
2023-07-26 15:32:46.061876,5109423.0,5109873.0,76.3717987467448,76.375798828125,78.33513529459636,78.33913537597655
2023-07-26 15:32:46.074522,5109426.0,5109876.0,76.3848428548177,76.38884289550782,78.34816870117187,78.35216870117188
2023-07-26 15:32:46.087691,5109429.0,5109879.0,76.39788692220051,76.40188700358074,78.36121272786458,78.3652128092448
2023-07-26 15:32:46.100552,5109432.0,5109882.0,76.4109307047526,76.4149307454427,78.3742568359375,78.3782568766276
2023-07-26 15:32:46.114197,5109435.0,5109885.0,76.42397477213541,76.42797485351562,78.38730090332031,78.39130098470052
2023-07-26 15:32:46.126679,5109438.0,5109888.0,76.43701888020833,76.44101892089844,78.4003446858724,78.4043447265625
2023-07-26 15:32:46.140215,5109441.0,5109891.0,76.45006294759115,76.45406302897135,78.4133887532552,78.41738879394532
2023-07-26 15:32:46.152703,5109444.0,5109894.0,76.46310673014322,76.46710677083333,78.42643286132812,78.43043290201823
2023-07-26 15:32:46.166107,5109447.0,5109897.0,76.47615079752603,76.48015083821615,78.43947692871093,78.44347696940105
2023-07-26 15:32:46.179355,5109450.0,5109900.0,76.48919490559896,76.49319494628907,78.45252067057292,78.45653116861979
2023-07-26 15:32:46.191787,5109453.0,5109903.0,76.50223897298177,76.50623901367187,78.46556477864584,78.46956481933593
2023-07-26 15:32:46.205378,5109456.0,5109906.0,76.51528271484375,76.51928279622396,78.47860884602865,78.48260892740886
2023-07-26 15:32:46.218478,5109459.0,5109909.0,76.52832682291667,76.53232686360677,78.49165295410157,78.49565299479167
2023-07-26 15:32:46.231006,5109462.0,5109912.0,76.54137089029949,76.54537097167969,78.50469669596355,78.50869677734374
2023-07-26 15:32:46.244187,5109465.0,5109915.0,76.55441491699219,76.55841491699219,78.51774080403645,78.52174084472657
2023-07-26 15:32:46.257289,5109468.0,5109918.0,76.56745874023437,76.57145882161458,78.53078487141927,78.53478495279948
2023-07-26 15:32:46.270081,5109471.0,5109921.0,76.58050284830729,76.5845028889974,78.54382885742187,78.54782885742186
2023-07-26 15:32:46.283203,5109474.0,5109924.0,76.59354691569011,76.59754699707031,78.55687272135415,78.56087276204427
2023-07-26 15:32:46.296235,5109477.0,5109927.0,76.60659069824219,76.61059073893229,78.56991682942709,78.57391687011719
2023-07-26 15:32:46.309437,5109480.0,5109930.0,76.619634765625,76.62363480631511,78.5829608968099,78.58696093750001
2023-07-26 15:32:46.322789,5109483.0,5109933.0,76.63267887369793,76.63667891438801,78.59600463867187,78.60000472005208
2023-07-26 15:32:46.335318,5109486.0,5109936.0,76.64572294108072,76.64972298177084,78.60904874674479,78.61304878743489
2023-07-26 15:32:46.348843,5109489.0,5109939.0,76.65876668294271,76.66276676432292,78.6220928141276,78.62609289550782
2023-07-26 15:32:46.361178,5109492.0,5109942.0,76.67181079101563,76.67581083170572,78.63513692220052,78.63913696289063
2023-07-26 15:32:46.374528,5109495.0,5109945.0,76.68485485839844,76.68885493977865,78.6481806640625,78.6521807454427
2023-07-26 15:32:46.387645,5109498.0,5109948.0,76.69789896647136,76.70189900716146,78.66122477213541,78.66522481282553
2023-07-26 15:32:46.401112,5109501.0,5109951.0,76.71094270833333,76.71494278971355,78.67426883951823,78.67826892089845
2023-07-26 15:32:46.413516,5109504.0,5109954.0,76.72398681640625,76.72798685709635,78.68731294759115,78.69131298828124
2023-07-26 15:32:46.427235,5109507.0,5109957.0,76.73703088378906,76.74103096516927,78.70035668945312,78.70435673014323
2023-07-26 15:32:46.439751,5109510.0,5109960.0,76.75007499186198,76.7540750325521,78.71340079752603,78.71740083821615
2023-07-26 15:32:46.452713,5109513.0,5109963.0,76.76311873372396,76.76711877441406,78.72644486490886,78.73044490559896
2023-07-26 15:32:46.466343,5109516.0,5109966.0,76.77616284179688,76.78016288248698,78.73948897298176,78.74348901367188
2023-07-26 15:32:46.478769,5109519.0,5109969.0,76.78920690917968,76.7932069498698,78.75253271484375,78.75653275553385
2023-07-26 15:32:46.491828,5109522.0,5109972.0,76.80225085449219,76.80625085449219,78.76557678222656,78.76957686360676
2023-07-26 15:32:46.505480,5109525.0,5109975.0,76.8152947591146,76.81929479980468,78.77862089029948,78.78262093098958
2023-07-26 15:32:46.517841,5109528.0,5109978.0,76.82833882649739,76.83233890787761,78.79166479492187,78.79566479492188
2023-07-26 15:32:46.531537,5109531.0,5109981.0,76.8413829345703,76.84538297526042,78.80470874023437,78.80870878092449
2023-07-26 15:32:46.544069,5109534.0,5109984.0,76.8544266764323,76.8584267578125,78.8177528076172,78.8217528889974
2023-07-26 15:32:46.557628,5109537.0,5109987.0,76.8674707845052,76.87147082519532,78.8307969156901,78.8347969563802
2023-07-26 15:32:46.570737,5109540.0,5109990.0,76.88051485188802,76.88451493326824,78.84384065755208,78.8478406982422
2023-07-26 15:32:46.583272,5109543.0,5109993.0,76.89355895996094,76.89755900065103,78.856884765625,78.8608848063151
2023-07-26 15:32:46.596486,5109546.0,5109996.0,76.9066027018229,76.91060274251302,78.8699288330078,78.87392887369792
2023-07-26 15:32:46.609785,5109549.0,5109999.0,76.91964680989582,76.92364685058594,78.88297294108072,78.88697298177084
2023-07-26 15:32:46.622849,5109552.0,5110002.0,76.93269087727865,76.93669091796876,78.89601668294272,78.90001672363282
2023-07-26 15:32:46.635893,5109555.0,5110005.0,76.94573498535156,76.94973502604167,78.90906075032552,78.91306083170572
2023-07-26 15:32:46.648350,5109558.0,5110008.0,76.95877872721354,76.96277876790364,78.92210485839844,78.92610489908854
2023-07-26 15:32:46.661970,5109561.0,5110011.0,76.97183321126302,76.97583329264323,78.93514892578125,78.93914900716146
2023-07-26 15:32:46.674513,5109564.0,5110014.0,76.98486690266928,76.98886694335937,78.94819270833334,78.95219274902344
2023-07-26 15:32:46.688056,5109567.0,5110017.0,76.99791097005208,77.00191101074219,78.96123677571615,78.96523685709636
2023-07-26 15:32:46.701121,5109570.0,5110020.0,77.01095475260416,77.01495479329428,78.97428088378906,78.97828092447917
2023-07-26 15:32:46.713553,5109573.0,5110023.0,77.02399881998699,77.02799890136718,78.98732495117187,78.99132495117186
2023-07-26 15:32:46.727020,5109576.0,5110026.0,77.0370429280599,77.04104296874999,79.00036873372395,79.00436877441406
2023-07-26 15:32:46.740257,5109579.0,5110029.0,77.05008679199219,77.05408679199219,79.01341280110677,79.01741284179688
2023-07-26 15:32:46.752759,5109582.0,5110032.0,77.06313077799479,77.0671308186849,79.02645690917969,79.0304569498698
2023-07-26 15:32:46.765894,5109585.0,5110035.0,77.07617484537761,77.08017488606771,79.03950073242189,79.04350073242188
2023-07-26 15:32:46.779392,5109588.0,5110038.0,77.08921895345051,77.09321899414063,79.05254471842447,79.05654479980468
2023-07-26 15:32:46.791717,5109591.0,5110041.0,77.1022626953125,77.1062627360026,79.06558882649739,79.0695888671875
2023-07-26 15:32:46.804945,5109594.0,5110044.0,77.11530676269531,77.11930684407551,79.07863289388021,79.08263297526041
2023-07-26 15:32:46.818133,5109597.0,5110047.0,77.12835087076823,77.13235091145833,79.09167667643229,79.09567671712239
2023-07-26 15:32:46.831101,5109600.0,5110050.0,77.14139493815104,77.14539501953125,79.10472074381511,79.10872082519532
2023-07-26 15:32:46.844267,5109603.0,5110053.0,77.15443872070313,77.15843876139324,79.11776485188803,79.12176489257813
2023-07-26 15:32:46.857635,5109606.0,5110056.0,77.16748278808595,77.17148286946615,79.13080891927083,79.13480900065103
2023-07-26 15:32:46.870704,5109609.0,5110059.0,77.18052689615885,77.18452693684895,79.14385270182291,79.14785274251302
2023-07-26 15:32:46.883095,5109612.0,5110062.0,77.19357096354166,77.19757104492189,79.15689676920573,79.16089680989583
2023-07-26 15:32:46.896243,5109615.0,5110065.0,77.20661474609375,77.21061478678385,79.16994087727865,79.17394091796875
2023-07-26 15:32:46.909375,5109618.0,5110068.0,77.21965881347656,77.22365885416667,79.18298494466146,79.18698498535156
2023-07-26 15:32:46.922337,5109621.0,5110071.0,77.23270292154947,77.23670296223959,79.19602868652343,79.20002876790365
2023-07-26 15:32:46.935575,5109624.0,5110074.0,77.24574694824219,77.24974694824218,79.20908321126302,79.21308325195312
2023-07-26 15:32:46.948592,5109627.0,5110077.0,77.25879073079427,77.26279081217447,79.22211686197916,79.22611694335937
2023-07-26 15:32:46.961887,5109630.0,5110080.0,77.27183483886718,77.2758348795573,79.23516088867187,79.23916088867188
2023-07-26 15:32:46.974387,5109633.0,5110083.0,77.28487890625,77.28887898763021,79.24820471191407,79.25220479329428
2023-07-26 15:32:46.987645,5109636.0,5110086.0,77.29792272949219,77.30192272949218,79.26124881998699,79.26524886067708
2023-07-26 15:32:47.000796,5109639.0,5110089.0,77.3109667561849,77.31496683756511,79.27429288736978,79.27829296875
2023-07-26 15:32:47.014032,5109642.0,5110092.0,77.32401086425782,77.32801090494792,79.28733666992187,79.29133671061199
2023-07-26 15:32:47.027126,5109645.0,5110095.0,77.33705493164062,77.34105501302082,79.30038073730469,79.30438077799478
2023-07-26 15:32:47.039523,5109648.0,5110098.0,77.3500987141927,77.35409875488281,79.3134248453776,79.31742488606771
2023-07-26 15:32:47.052923,5109651.0,5110101.0,77.36314278157552,77.36714282226562,79.32646891276042,79.33046895345052
2023-07-26 15:32:47.066353,5109654.0,5110104.0,77.37618688964844,77.38018693033855,79.3395126546224,79.34351273600261
2023-07-26 15:32:47.079574,5109657.0,5110107.0,77.38923095703126,77.39323099772135,79.35255676269531,79.35655680338542
2023-07-26 15:32:47.091922,5109660.0,5110110.0,77.40227469889322,77.40627478027343,79.36560083007812,79.36960091145833
2023-07-26 15:32:47.105185,5109663.0,5110113.0,77.41531880696614,77.41931884765626,79.37864493815104,79.38264497884116
2023-07-26 15:32:47.118551,5109666.0,5110116.0,77.42836287434896,77.43236295572916,79.39168868001302,79.39568876139323
2023-07-26 15:32:47.131707,5109669.0,5110119.0,77.44140698242187,77.44540702311198,79.40473278808594,79.40873282877604
2023-07-26 15:32:47.144055,5109672.0,5110122.0,77.45445072428386,77.45845080566407,79.41777685546874,79.42177693684896
2023-07-26 15:32:47.157142,5109675.0,5110125.0,77.46749483235678,77.47149487304686,79.43082096354166,79.43482100423176
2023-07-26 15:32:47.170594,5109678.0,5110128.0,77.48053889973959,77.48453898111978,79.44386470540364,79.44786474609374
2023-07-26 15:32:47.183017,5109681.0,5110131.0,77.49358288574219,77.49758288574219,79.45690881347656,79.46090885416668
2023-07-26 15:32:47.196366,5109684.0,5110134.0,77.50662674967448,77.51062679036458,79.46995288085938,79.47395292154948
2023-07-26 15:32:47.209787,5109687.0,5110137.0,77.5196708577474,77.5236708984375,79.48299682617188,79.48699682617188
2023-07-26 15:32:47.223103,5109690.0,5110140.0,77.53271492513021,77.53671496582031,79.49604073079426,79.50004077148438
2023-07-26 15:32:47.235464,5109693.0,5110143.0,77.54575866699219,77.5497587483724,79.50908479817708,79.5130848795573
2023-07-26 15:32:47.248628,5109696.0,5110146.0,77.5588027750651,77.5628028157552,79.52212890625,79.52612894694009
2023-07-26 15:32:47.262056,5109699.0,5110149.0,77.57184684244791,77.57584692382812,79.53517264811197,79.53917272949218
2023-07-26 15:32:47.274446,5109702.0,5110152.0,77.58489095052083,77.58889099121095,79.5482167561849,79.552216796875
2023-07-26 15:32:47.287899,5109705.0,5110155.0,77.59793469238281,77.60193477376303,79.56126082356771,79.56526090494792
2023-07-26 15:32:47.301278,5109708.0,5110158.0,77.61097880045573,77.61497884114583,79.57430493164063,79.57830497233073
2023-07-26 15:32:47.313740,5109711.0,5110161.0,77.62402286783853,77.62802294921875,79.5873486735026,79.5913487141927
2023-07-26 15:32:47.326941,5109714.0,5110164.0,77.63706697591145,77.64106701660157,79.60039278157552,79.60439282226562
2023-07-26 15:32:47.340320,5109717.0,5110167.0,77.65011071777344,77.65411075846353,79.61343684895834,79.61743688964843
2023-07-26 15:32:47.352645,5109720.0,5110170.0,77.66315482584635,77.66715486653646,79.62648095703125,79.63048099772135
2023-07-26 15:32:47.365843,5109723.0,5110173.0,77.67619889322917,77.68019893391927,79.63952469889323,79.64352473958334
2023-07-26 15:32:47.378880,5109726.0,5110176.0,77.68924300130209,77.69324304199218,79.65256876627605,79.65656884765625
2023-07-26 15:32:47.392468,5109729.0,5110179.0,77.70228674316407,77.70628678385417,79.66561287434895,79.66961291503907
2023-07-26 15:32:47.404938,5109732.0,5110182.0,77.71533081054687,77.71933089192709,79.67865694173177,79.68265698242188
2023-07-26 15:32:47.417993,5109735.0,5110185.0,77.72838533528646,77.73238537597656,79.69170072428386,79.69570076497396
2023-07-26 15:32:47.431591,5109738.0,5110188.0,77.7414188232422,77.74541882324219,79.70474479166666,79.70874487304687
2023-07-26 15:32:47.444775,5109741.0,5110191.0,77.75446276855469,77.75846280924479,79.71778889973957,79.72178894042969
2023-07-26 15:32:47.457554,5109744.0,5110194.0,77.7675068359375,77.77150691731771,79.73083276367187,79.73483276367188
2023-07-26 15:32:47.470046,5109747.0,5110197.0,77.78055094401041,77.78455098470052,79.74387674967448,79.74787679036457
2023-07-26 15:32:47.483165,5109750.0,5110200.0,77.79359468587239,77.7975947265625,79.75692081705729,79.7609208577474
2023-07-26 15:32:47.496373,5109753.0,5110203.0,77.80663879394531,77.81063883463541,79.76996492513021,79.77396496582031
2023-07-26 15:32:47.509671,5109756.0,5110206.0,77.81968286132813,77.82368290201823,79.78300866699219,79.7870087076823
2023-07-26 15:32:47.522836,5109759.0,5110209.0,77.83272696940104,77.83672701009114,79.79605273437501,79.80005281575521
2023-07-26 15:32:47.536049,5109762.0,5110212.0,77.84578112792968,77.84978116861978,79.80909684244791,79.81309688313803
2023-07-26 15:32:47.552625,5109766.0,5110215.0,77.86316284179688,77.86716288248698,79.82214090983072,79.82614099121095
2023-07-26 15:32:47.570487,5109769.0,5110219.0,77.87620690917969,77.8802069498698,79.83953271484376,79.84353275553386
2023-07-26 15:32:47.582955,5109773.0,5110223.0,77.8935987141927,77.89759875488281,79.8569248453776,79.8609248860677
2023-07-26 15:32:47.596323,5109776.0,5110226.0,77.90664278157553,77.91064282226561,79.86996891276041,79.87396895345051
2023-07-26 15:32:47.609687,5109779.0,5110229.0,77.91968688964843,77.92368693033855,79.88301265462239,79.8870127360026
2023-07-26 15:32:47.623097,5109782.0,5110232.0,77.93273095703125,77.93673099772136,79.89605676269531,79.90005680338543
2023-07-26 15:32:47.635416,5109785.0,5110235.0,77.94577469889323,77.94977478027343,79.90910083007813,79.91310091145833
2023-07-26 15:32:47.648869,5109788.0,5110238.0,77.95881880696614,77.96281884765625,79.92214493815104,79.92614497884115
2023-07-26 15:32:47.662093,5109791.0,5110241.0,77.97186287434896,77.97586295572917,79.93518868001301,79.93918876139324
2023-07-26 15:32:47.675167,5109794.0,5110244.0,77.98490698242188,77.98890702311198,79.94823278808595,79.95223282877603
2023-07-26 15:32:47.688076,5109797.0,5110247.0,77.99795072428385,78.00195080566407,79.96127685546875,79.96527693684895
2023-07-26 15:32:47.705416,5109800.0,5110250.0,78.01099483235677,78.01499487304687,79.97432096354166,79.97832100423177
2023-07-26 15:32:47.718476,5109804.0,5110254.0,78.02838692220051,78.03238700358074,79.99171272786458,79.9957128092448
2023-07-26 15:32:47.731561,5109807.0,5110257.0,78.0414307047526,78.04543074544272,80.0047568359375,80.00875687662761
2023-07-26 15:32:47.744636,5109810.0,5110260.0,78.0544747721354,78.05847485351562,80.01780090332032,80.02180098470052
2023-07-26 15:32:47.757705,5109813.0,5110263.0,78.06751888020833,78.07151892089844,80.0308446858724,80.0348447265625
2023-07-26 15:32:47.770828,5109816.0,5110266.0,78.08056294759115,78.08456302897136,80.0438887532552,80.04788879394532
2023-07-26 15:32:47.783303,5109819.0,5110269.0,78.09360673014324,78.09760677083332,80.05693286132814,80.06093290201822
2023-07-26 15:32:47.796970,5109822.0,5110272.0,78.10665079752603,78.11065083821615,80.06997692871093,80.07397696940104
2023-07-26 15:32:47.809967,5109825.0,5110275.0,78.11969490559896,78.12369494628906,80.08302067057292,80.08703116861979
2023-07-26 15:32:47.822355,5109828.0,5110278.0,78.13273897298177,78.13673901367187,80.09606477864584,80.10006481933593
2023-07-26 15:32:47.835653,5109831.0,5110281.0,78.14578271484376,78.14978279622396,80.10910884602865,80.11310892740886
2023-07-26 15:32:47.848963,5109834.0,5110284.0,78.15882682291667,78.16282686360677,80.12215295410157,80.12615299479167
2023-07-26 15:32:47.861342,5109837.0,5110287.0,78.17187089029949,78.17587097167969,80.13519669596354,80.13919677734376
2023-07-26 15:32:47.874736,5109840.0,5110290.0,78.1849149169922,78.18891491699219,80.14824080403645,80.15224084472656
2023-07-26 15:32:47.888082,5109843.0,5110293.0,78.19795874023437,78.20195882161458,80.16128487141927,80.16528495279948
2023-07-26 15:32:47.901088,5109846.0,5110296.0,78.21100284830729,78.2150028889974,80.17432885742187,80.17832885742187
2023-07-26 15:32:47.914175,5109849.0,5110299.0,78.22404691569011,78.22804699707031,80.18737272135417,80.19137276204427
2023-07-26 15:32:47.931185,5109852.0,5110302.0,78.23709069824218,78.24109073893229,80.20041682942708,80.20441687011719
2023-07-26 15:32:47.944697,5109856.0,5110306.0,78.25448278808594,78.25848286946615,80.21780891927082,80.22180900065104
2023-07-26 15:32:47.956939,5109859.0,5110309.0,78.26752689615886,78.27152693684896,80.23085270182291,80.23485274251303
2023-07-26 15:32:47.970228,5109862.0,5110312.0,78.28057096354166,78.28457104492188,80.24389676920573,80.24789680989582
2023-07-26 15:32:47.983375,5109865.0,5110315.0,78.29361474609374,78.29761478678385,80.25694087727864,80.26094091796875
2023-07-26 15:32:47.996529,5109868.0,5110318.0,78.30665881347656,78.31065885416668,80.26998494466146,80.27398498535156
2023-07-26 15:32:48.009557,5109871.0,5110321.0,78.31970292154948,78.3237029622396,80.28302868652344,80.28702876790365
2023-07-26 15:32:48.022574,5109874.0,5110324.0,78.33274694824217,78.33674694824218,80.29608321126302,80.30008325195313
2023-07-26 15:32:48.035991,5109877.0,5110327.0,78.34579073079426,78.34979081217448,80.30911686197916,80.31311694335938
2023-07-26 15:32:48.049222,5109880.0,5110330.0,78.35883483886718,78.3628348795573,80.32216088867187,80.32616088867188
2023-07-26 15:32:48.061521,5109883.0,5110333.0,78.37187890625,78.3758789876302,80.33520471191407,80.33920479329427
2023-07-26 15:32:48.074966,5109886.0,5110336.0,78.38492272949217,78.38892272949218,80.34824881998698,80.35224886067708
2023-07-26 15:32:48.088197,5109889.0,5110339.0,78.3979667561849,78.40196683756511,80.36129288736979,80.36529296875
2023-07-26 15:32:48.100437,5109892.0,5110342.0,78.41101086425782,78.41501090494792,80.37433666992187,80.37833671061198
2023-07-26 15:32:48.113536,5109895.0,5110345.0,78.42405493164063,78.42805501302082,80.3873807373047,80.39138077799478
2023-07-26 15:32:48.126754,5109898.0,5110348.0,78.4370987141927,78.44109875488282,80.4004248453776,80.40442488606772
2023-07-26 15:32:48.140065,5109901.0,5110351.0,78.45014278157552,78.45414282226562,80.41346891276042,80.41746895345052
2023-07-26 15:32:48.153381,5109904.0,5110354.0,78.46318688964844,78.46718693033854,80.4265126546224,80.4305127360026
2023-07-26 15:32:48.166628,5109907.0,5110357.0,78.47623095703125,78.48023099772135,80.4395567626953,80.44355680338542
2023-07-26 15:32:48.179646,5109910.0,5110360.0,78.48927469889323,78.49327478027344,80.45260083007813,80.45660091145834
2023-07-26 15:32:48.191909,5109913.0,5110363.0,78.50231880696614,78.50631884765625,80.46564493815104,80.46964497884115
2023-07-26 15:32:48.205597,5109916.0,5110366.0,78.51536287434895,78.51936295572916,80.47868868001301,80.48268876139323
2023-07-26 15:32:48.218813,5109919.0,5110369.0,78.52840698242187,78.53240702311199,80.49173278808594,80.49573282877604
2023-07-26 15:32:48.235940,5109922.0,5110372.0,78.54145072428386,78.54545080566407,80.50477685546875,80.50877693684896
2023-07-26 15:32:48.248307,5109926.0,5110376.0,78.55884285481771,78.56284289550781,80.52216870117188,80.52616870117187
2023-07-26 15:32:48.261541,5109929.0,5110379.0,78.57188692220052,78.57588700358073,80.53521272786458,80.53921280924479
2023-07-26 15:32:48.274928,5109932.0,5110382.0,78.5849307047526,78.58893074544271,80.5482568359375,80.55225687662761
2023-07-26 15:32:48.287906,5109935.0,5110385.0,78.59797477213542,78.60197485351563,80.56130090332032,80.56530098470053
2023-07-26 15:32:48.301331,5109938.0,5110388.0,78.61101888020833,78.61501892089844,80.5743446858724,80.57834472656249
2023-07-26 15:32:48.318710,5109941.0,5110391.0,78.62406294759114,78.62806302897135,80.5873887532552,80.59138879394531
2023-07-26 15:32:48.331545,5109945.0,5110395.0,78.64145475260416,78.64545479329428,80.60478088378906,80.60878092447916
2023-07-26 15:32:48.344877,5109948.0,5110398.0,78.65449881998698,78.6584989013672,80.61782495117187,80.62182495117187
2023-07-26 15:32:48.357283,5109951.0,5110401.0,78.6675429280599,78.67154296874999,80.63086873372396,80.63486877441406
2023-07-26 15:32:48.370552,5109954.0,5110404.0,78.68058679199218,78.68458679199219,80.64391280110677,80.64791284179688
2023-07-26 15:32:48.383647,5109957.0,5110407.0,78.69363077799478,78.6976308186849,80.65695690917968,80.6609569498698
2023-07-26 15:32:48.396696,5109960.0,5110410.0,78.7066748453776,78.71067488606771,80.67000073242188,80.67400073242189
2023-07-26 15:32:48.409185,5109963.0,5110413.0,78.71971895345051,78.72371899414063,80.68304471842448,80.68704479980468
2023-07-26 15:32:48.422305,5109966.0,5110416.0,78.7327626953125,78.7367627360026,80.69608882649739,80.7000888671875
2023-07-26 15:32:48.435748,5109969.0,5110419.0,78.74580676269531,78.74980684407552,80.70913289388021,80.71313297526042
2023-07-26 15:32:48.449156,5109972.0,5110422.0,78.75885087076824,78.76285091145833,80.7221766764323,80.72617671712239
2023-07-26 15:32:48.461733,5109975.0,5110425.0,78.77189493815104,78.77589501953125,80.7352207438151,80.73922082519532
2023-07-26 15:32:48.474874,5109978.0,5110428.0,78.78493872070312,78.78893876139324,80.74826485188802,80.75226489257813
2023-07-26 15:32:48.488296,5109981.0,5110431.0,78.79798278808595,78.80198286946614,80.76130891927083,80.76530900065103
2023-07-26 15:32:48.500615,5109984.0,5110434.0,78.81102689615886,78.81502693684895,80.7743527018229,80.77835274251302
2023-07-26 15:32:48.513782,5109987.0,5110437.0,78.82407096354166,78.82807104492188,80.78739676920573,80.79139680989583
2023-07-26 15:32:48.527071,5109990.0,5110440.0,78.83711474609375,78.84111478678385,80.80044087727865,80.80444091796875
2023-07-26 15:32:48.544147,5109993.0,5110443.0,78.85015881347657,78.85415885416667,80.81348494466145,80.81748498535156
2023-07-26 15:32:48.557246,5109997.0,5110447.0,78.86755094401042,78.87155098470052,80.83087674967449,80.83487679036458
2023-07-26 15:32:48.570357,5110000.0,5110450.0,78.8805946858724,78.8845947265625,80.8439208170573,80.8479208577474
2023-07-26 15:32:48.583800,5110003.0,5110453.0,78.89363879394531,78.89763883463542,80.85696492513021,80.8609649658203
2023-07-26 15:32:48.596117,5110006.0,5110456.0,78.90668286132814,78.91068290201822,80.87000866699219,80.8740087076823
2023-07-26 15:32:48.609592,5110009.0,5110459.0,78.91972696940104,78.92372701009114,80.883052734375,80.88705281575521
2023-07-26 15:32:48.623062,5110012.0,5110462.0,78.93278112792969,78.93678116861979,80.89609684244792,80.90009688313803
2023-07-26 15:32:48.640322,5110015.0,5110465.0,78.94581477864584,78.94981486002604,80.90914090983073,80.91314099121094
2023-07-26 15:32:48.653536,5110019.0,5110469.0,78.96320690917969,78.96720694986979,80.92653271484376,80.93053275553385
2023-07-26 15:32:48.666498,5110022.0,5110472.0,78.97625085449218,78.98025085449218,80.93957678222655,80.94357686360676
2023-07-26 15:32:48.679686,5110025.0,5110475.0,78.98929475911459,78.99329479980469,80.95262089029949,80.95662093098959
2023-07-26 15:32:48.692037,5110028.0,5110478.0,79.0023388264974,79.0063389078776,80.96566479492188,80.96966479492187
2023-07-26 15:32:48.705315,5110031.0,5110481.0,79.01538293457031,79.01938297526041,80.97870874023437,80.98270878092448
2023-07-26 15:32:48.718597,5110034.0,5110484.0,79.02842667643229,79.0324267578125,80.99175280761719,80.9957528889974
2023-07-26 15:32:48.730844,5110037.0,5110487.0,79.04147078450521,79.04547082519532,81.00479691569011,81.00879695638021
2023-07-26 15:32:48.744228,5110040.0,5110490.0,79.05451485188803,79.05851493326823,81.01784065755209,81.02184069824219
2023-07-26 15:32:48.757862,5110043.0,5110493.0,79.06755895996093,79.07155900065104,81.03088476562499,81.0348848063151
2023-07-26 15:32:48.770005,5110046.0,5110496.0,79.08060270182291,79.08460274251303,81.04392883300781,81.04792887369793
2023-07-26 15:32:48.783078,5110049.0,5110499.0,79.09364680989583,79.09764685058593,81.05697294108073,81.06097298177083
2023-07-26 15:32:48.796120,5110052.0,5110502.0,79.10669087727864,79.11069091796875,81.07001668294271,81.07401672363281
2023-07-26 15:32:48.809235,5110055.0,5110505.0,79.11973498535156,79.12373502604167,81.08306075032552,81.08706083170573
2023-07-26 15:32:48.822304,5110058.0,5110508.0,79.13277872721355,79.13677876790365,81.09610485839845,81.10010489908854
2023-07-26 15:32:48.835952,5110061.0,5110511.0,79.14583321126302,79.14983329264322,81.10914892578126,81.11314900716145
2023-07-26 15:32:48.848338,5110064.0,5110514.0,79.15886690266927,79.16286694335938,81.12219270833333,81.12619274902345
2023-07-26 15:32:48.865768,5110067.0,5110517.0,79.17191097005208,79.1759110107422,81.13523677571615,81.13923685709636
2023-07-26 15:32:48.878816,5110071.0,5110521.0,79.1893027750651,79.19330281575522,81.15262890625,81.1566289469401
2023-07-26 15:32:48.892202,5110074.0,5110524.0,79.20234684244792,79.20634692382812,81.16567264811198,81.16967272949218
2023-07-26 15:32:48.909533,5110077.0,5110527.0,79.21539095052083,79.21939099121094,81.1787167561849,81.182716796875
2023-07-26 15:32:48.922772,5110081.0,5110531.0,79.23278271484375,79.23678279622396,81.19610884602865,81.20010892740886
2023-07-26 15:32:48.936061,5110084.0,5110534.0,79.24582682291667,79.24982686360677,81.20915295410157,81.21315299479167
2023-07-26 15:32:48.948436,5110087.0,5110537.0,79.25887089029949,79.26287097167969,81.22219669596355,81.22619677734374
2023-07-26 15:32:48.961603,5110090.0,5110540.0,79.27191491699219,79.27591491699219,81.23524080403645,81.23924084472657
2023-07-26 15:32:48.975012,5110093.0,5110543.0,79.28495874023437,79.28895882161459,81.24828487141927,81.25228495279949
2023-07-26 15:32:48.988070,5110096.0,5110546.0,79.29800284830729,79.30200288899741,81.26132885742187,81.26532885742186
2023-07-26 15:32:49.001256,5110099.0,5110549.0,79.31104691569011,79.31504699707031,81.27437272135415,81.27837276204427
2023-07-26 15:32:49.014405,5110102.0,5110552.0,79.32409069824219,79.32809073893229,81.28741682942709,81.29141687011719
2023-07-26 15:32:49.026564,5110105.0,5110555.0,79.337134765625,79.34113480631511,81.3004608968099,81.3044609375
2023-07-26 15:32:49.040040,5110108.0,5110558.0,79.35017887369793,79.35417891438802,81.31350463867187,81.31750472005209
2023-07-26 15:32:49.057212,5110111.0,5110561.0,79.36322294108072,79.36722298177084,81.32654874674479,81.33054878743489
2023-07-26 15:32:49.070539,5110115.0,5110565.0,79.38061474609374,79.38461478678386,81.34394087727864,81.34794091796876
2023-07-26 15:32:49.083956,5110118.0,5110568.0,79.39365881347656,79.39765885416668,81.35698494466146,81.36098498535155
2023-07-26 15:32:49.096348,5110121.0,5110571.0,79.40670292154948,79.41070296223958,81.37002868652344,81.37402876790364
2023-07-26 15:32:49.109425,5110124.0,5110574.0,79.41974694824218,79.42374694824218,81.38308321126301,81.38708325195313
2023-07-26 15:32:49.122789,5110127.0,5110577.0,79.43279073079427,79.43679081217448,81.39611686197917,81.40011694335938
2023-07-26 15:32:49.135821,5110130.0,5110580.0,79.44583483886719,79.44983487955729,81.40916088867188,81.41316088867187
2023-07-26 15:32:49.148895,5110133.0,5110583.0,79.45887890625,79.4628789876302,81.42220471191406,81.42620479329427
2023-07-26 15:32:49.162007,5110136.0,5110586.0,79.47192272949218,79.47592272949218,81.43524881998698,81.43924886067708
2023-07-26 15:32:49.175151,5110139.0,5110589.0,79.4849667561849,79.4889668375651,81.44829288736979,81.45229296875
2023-07-26 15:32:49.192451,5110142.0,5110592.0,79.49801086425782,79.50201090494791,81.46133666992188,81.46533671061198
2023-07-26 15:32:49.205775,5110146.0,5110596.0,79.51540295410157,79.51940303548177,81.47872875976562,81.48272884114583
2023-07-26 15:32:49.218042,5110149.0,5110599.0,79.52844673665365,79.53244677734375,81.49177286783853,81.49577290852865
2023-07-26 15:32:49.235281,5110152.0,5110602.0,79.54149080403646,79.54549088541667,81.50481693522136,81.50881701660157
2023-07-26 15:32:49.248903,5110156.0,5110606.0,79.5588829345703,79.56288297526042,81.52220874023438,81.52620878092448
2023-07-26 15:32:49.262309,5110159.0,5110609.0,79.5719266764323,79.5759267578125,81.5352528076172,81.5392528889974
2023-07-26 15:32:49.275344,5110162.0,5110612.0,79.5849707845052,79.58897082519532,81.5482969156901,81.5522969563802
2023-07-26 15:32:49.292774,5110165.0,5110615.0,79.59801485188802,79.60201493326824,81.56134065755208,81.5653406982422
2023-07-26 15:32:49.305189,5110169.0,5110619.0,79.61540698242187,79.61940702311199,81.57873278808594,81.58273282877603
2023-07-26 15:32:49.318170,5110172.0,5110622.0,79.62845072428387,79.63245080566406,81.59177685546875,81.59577693684895
2023-07-26 15:32:49.331383,5110175.0,5110625.0,79.64149483235677,79.64549487304687,81.60482096354166,81.60882100423177
2023-07-26 15:32:49.348718,5110178.0,5110628.0,79.65453889973958,79.65853898111979,81.61786470540365,81.62186474609375
2023-07-26 15:32:49.361631,5110182.0,5110632.0,79.6719307047526,79.67593074544271,81.6352568359375,81.63925687662761
2023-07-26 15:32:49.374735,5110185.0,5110635.0,79.68497477213542,79.68897485351562,81.64830090332032,81.65230098470052
2023-07-26 15:32:49.387964,5110188.0,5110638.0,79.69801888020832,79.70201892089844,81.6613446858724,81.6653447265625
2023-07-26 15:32:49.405301,5110191.0,5110641.0,79.71106294759115,79.71506302897136,81.6743887532552,81.67838879394532
2023-07-26 15:32:49.418294,5110195.0,5110645.0,79.72845475260416,79.73245479329428,81.69178088378906,81.69578092447917
2023-07-26 15:32:49.431404,5110198.0,5110648.0,79.74149881998699,79.74549890136718,81.70482495117187,81.70882495117186
2023-07-26 15:32:49.444574,5110201.0,5110651.0,79.75454292805989,79.75854296874999,81.71786873372395,81.72186877441406
2023-07-26 15:32:49.457791,5110204.0,5110654.0,79.76758679199219,79.77158679199219,81.73091280110677,81.73491284179688
2023-07-26 15:32:49.470924,5110207.0,5110657.0,79.78063077799479,79.7846308186849,81.74395690917969,81.74795694986979
2023-07-26 15:32:49.488010,5110210.0,5110660.0,79.79367484537761,79.79767488606771,81.75700073242189,81.76100073242188
2023-07-26 15:32:49.501418,5110214.0,5110664.0,79.81106697591146,79.81506701660156,81.77439278157553,81.77839282226562
2023-07-26 15:32:49.513600,5110217.0,5110667.0,79.82411071777344,79.82811075846354,81.78743684895834,81.79143688964844
2023-07-26 15:32:49.526797,5110220.0,5110670.0,79.83715482584635,79.84115486653647,81.80048095703125,81.80448099772134
2023-07-26 15:32:49.540212,5110223.0,5110673.0,79.85019889322918,79.85419893391926,81.81352469889323,81.81752473958333
2023-07-26 15:32:49.553579,5110226.0,5110676.0,79.86324300130208,79.86724304199218,81.82656876627604,81.83056884765625
2023-07-26 15:32:49.565846,5110229.0,5110679.0,79.87628674316406,79.88028678385417,81.83961287434896,81.84361291503907
2023-07-26 15:32:49.579713,5110232.0,5110682.0,79.88933081054688,79.89333089192708,81.85265694173178,81.85665698242187
2023-07-26 15:32:49.597134,5110235.0,5110685.0,79.90238533528647,79.90638537597655,81.86570072428385,81.86970076497396
2023-07-26 15:32:49.610170,5110239.0,5110689.0,79.91976668294271,79.92376676432292,81.8830928141276,81.88709289550782
2023-07-26 15:32:49.627413,5110242.0,5110692.0,79.93281079101563,79.93681083170573,81.89613692220051,81.90013696289063
2023-07-26 15:32:49.639719,5110246.0,5110696.0,79.95020292154948,79.95420296223959,81.91352868652343,81.91752876790365
2023-07-26 15:32:49.652816,5110249.0,5110699.0,79.96324694824219,79.96724694824218,81.92658321126302,81.93058325195312
2023-07-26 15:32:49.666101,5110252.0,5110702.0,79.97629073079426,79.98029081217447,81.93961686197916,81.94361694335937
2023-07-26 15:32:49.683354,5110255.0,5110705.0,79.98933483886718,79.9933348795573,81.95266088867187,81.95666088867188
2023-07-26 15:32:49.696890,5110259.0,5110709.0,80.00672696940104,80.01072701009114,81.970052734375,81.97405281575521
2023-07-26 15:32:49.710167,5110262.0,5110712.0,80.01978112792969,80.02378116861979,81.98309684244792,81.98709688313802
2023-07-26 15:32:49.723185,5110265.0,5110715.0,80.03281477864583,80.03681486002604,81.99614090983073,82.00014099121094
2023-07-26 15:32:49.739767,5110268.0,5110718.0,80.04585888671875,80.04985892740886,82.0091846923828,82.01318473307292
2023-07-26 15:32:49.752883,5110272.0,5110722.0,80.06325085449218,80.06725085449219,82.02657678222656,82.03057686360677
2023-07-26 15:32:49.765962,5110275.0,5110725.0,80.07629475911459,80.08029479980469,82.03962089029949,82.04362093098958
2023-07-26 15:32:49.783997,5110278.0,5110728.0,80.0893388264974,80.09333890787761,82.05266479492188,82.05666479492187
2023-07-26 15:32:49.797066,5110282.0,5110732.0,80.10673095703125,80.11073099772135,82.0700567626953,82.07405680338542
2023-07-26 15:32:49.810160,5110285.0,5110735.0,80.11977469889322,80.12377478027344,82.08310083007812,82.08710091145834
2023-07-26 15:32:49.827413,5110288.0,5110738.0,80.13281880696614,80.13681884765626,82.09614493815104,82.10014497884116
2023-07-26 15:32:49.839969,5110292.0,5110742.0,80.1502109375,80.1542109781901,82.11353670247397,82.11753678385418
2023-07-26 15:32:49.857575,5110295.0,5110745.0,80.16325476074219,80.16725476074218,82.12658081054687,82.13058085123697
2023-07-26 15:32:49.870581,5110299.0,5110749.0,80.18064680989583,80.18464685058593,82.14397294108072,82.14797298177083
2023-07-26 15:32:49.883559,5110302.0,5110752.0,80.19369087727864,80.19769091796876,82.15701668294271,82.16101672363281
2023-07-26 15:32:49.896676,5110305.0,5110755.0,80.20673498535156,80.21073502604166,82.17006075032552,82.17406083170573
2023-07-26 15:32:49.913740,5110308.0,5110758.0,80.21977872721355,80.22377876790364,82.18310485839845,82.18710489908854
2023-07-26 15:32:49.926985,5110312.0,5110762.0,80.2371708577474,80.2411708984375,82.20049682617187,82.20449682617188
2023-07-26 15:32:49.944131,5110315.0,5110765.0,80.25021492513021,80.25421496582031,82.21354073079426,82.21754077148438
2023-07-26 15:32:49.957494,5110319.0,5110769.0,80.26760673014323,80.27160677083333,82.23093286132813,82.23493290201823
2023-07-26 15:32:49.970644,5110322.0,5110772.0,80.28065079752604,80.28465083821615,82.24397692871094,82.24797696940104
2023-07-26 15:32:49.987991,5110325.0,5110775.0,80.29369490559897,80.29769494628906,82.25702067057293,82.26103116861978
2023-07-26 15:32:50.001069,5110329.0,5110779.0,80.3110867919922,80.31508679199219,82.27441280110678,82.27841284179688
2023-07-26 15:32:50.014285,5110332.0,5110782.0,80.32413077799478,80.3281308186849,82.28745690917968,82.2914569498698
2023-07-26 15:32:50.031399,5110335.0,5110785.0,80.3371748453776,80.34117488606772,82.30050073242188,82.30450073242189
2023-07-26 15:32:50.044168,5110339.0,5110789.0,80.35456697591145,80.35856701660157,82.31789278157552,82.32189282226562
2023-07-26 15:32:50.057441,5110342.0,5110792.0,80.36761071777345,80.37161075846353,82.33093684895834,82.33493688964843
2023-07-26 15:32:50.075400,5110345.0,5110795.0,80.38065482584635,80.38465486653647,82.34398095703125,82.34798099772135
2023-07-26 15:32:50.087817,5110349.0,5110799.0,80.3980469156901,80.40204699707031,82.36137272135416,82.36537276204427
2023-07-26 15:32:50.105842,5110352.0,5110802.0,80.41109069824219,80.41509073893229,82.37441682942709,82.37841687011719
2023-07-26 15:32:50.118443,5110356.0,5110806.0,80.42848278808594,80.43248286946614,82.39180891927083,82.39580900065104
2023-07-26 15:32:50.131889,5110359.0,5110809.0,80.44152689615886,80.44552693684895,82.40485270182292,82.40885274251302
2023-07-26 15:32:50.149219,5110362.0,5110812.0,80.45457096354166,80.45857104492188,82.41789676920573,82.42189680989583
2023-07-26 15:32:50.161480,5110366.0,5110816.0,80.47196276855469,80.47596280924479,82.43528889973958,82.43928894042969
2023-07-26 15:32:50.174832,5110369.0,5110819.0,80.4850068359375,80.48900691731771,82.44833276367187,82.45233276367188
2023-07-26 15:32:50.188229,5110372.0,5110822.0,80.49805094401042,80.50205098470052,82.46137674967449,82.46537679036457
2023-07-26 15:32:50.205600,5110375.0,5110825.0,80.5110946858724,80.5150947265625,82.4744208170573,82.4784208577474
2023-07-26 15:32:50.218658,5110379.0,5110829.0,80.52848681640624,80.53248685709636,82.49181294759114,82.49581298828124
2023-07-26 15:32:50.230996,5110382.0,5110832.0,80.54153088378906,80.54553096516928,82.50485668945312,82.50885673014324
2023-07-26 15:32:50.244484,5110385.0,5110835.0,80.55457499186198,80.55857503255208,82.51790079752604,82.52190083821614
2023-07-26 15:32:50.257480,5110388.0,5110838.0,80.56761873372395,80.57161877441406,82.53094486490885,82.53494490559896
2023-07-26 15:32:50.274798,5110391.0,5110841.0,80.58066284179688,80.58466288248698,82.54398897298177,82.54798901367188
2023-07-26 15:32:50.288232,5110395.0,5110845.0,80.59805493164062,80.60205501302083,82.56138073730469,82.56538077799479
2023-07-26 15:32:50.300593,5110398.0,5110848.0,80.6110987141927,80.61509875488281,82.5744248453776,82.57842488606771
2023-07-26 15:32:50.317943,5110401.0,5110851.0,80.62414278157553,80.62814282226562,82.58746891276041,82.59146895345052
2023-07-26 15:32:50.331512,5110405.0,5110855.0,80.64153491210936,80.64553495279948,82.60486071777343,82.60886075846354
2023-07-26 15:32:50.344495,5110408.0,5110858.0,80.65457897949219,80.65857897949219,82.61790478515624,82.62190482584636
2023-07-26 15:32:50.357516,5110411.0,5110861.0,80.66762276204427,80.67162280273438,82.63094889322917,82.63494893391926
2023-07-26 15:32:50.374508,5110414.0,5110864.0,80.6806668294271,80.68466687011718,82.64399291992187,82.64799291992188
2023-07-26 15:32:50.387797,5110418.0,5110868.0,80.69805895996093,80.70205900065103,82.661384765625,82.6653848063151
2023-07-26 15:32:50.401145,5110421.0,5110871.0,80.71110270182291,80.71510274251303,82.67442883300781,82.67842887369792
2023-07-26 15:32:50.418459,5110424.0,5110874.0,80.72414680989583,80.72814685058594,82.68747294108073,82.69147298177083
2023-07-26 15:32:50.431257,5110428.0,5110878.0,80.74153889973958,80.7455389811198,82.70486470540365,82.70886474609374
2023-07-26 15:32:50.444324,5110431.0,5110881.0,80.75458288574218,80.75858288574219,82.71790881347657,82.72190885416667
2023-07-26 15:32:50.457375,5110434.0,5110884.0,80.76762674967448,80.77162679036458,82.73095288085938,82.73495292154948
2023-07-26 15:32:50.474755,5110437.0,5110887.0,80.7806708577474,80.78467089843751,82.74399682617188,82.74799682617187
2023-07-26 15:32:50.488484,5110441.0,5110891.0,80.79806294759115,80.80206302897136,82.7613887532552,82.76538879394532
2023-07-26 15:32:50.500717,5110444.0,5110894.0,80.81110673014324,80.81510677083332,82.77443286132814,82.77843290201822
2023-07-26 15:32:50.518753,5110447.0,5110897.0,80.82415079752603,80.82815083821615,82.78747692871093,82.79147696940105
2023-07-26 15:32:50.531199,5110451.0,5110901.0,80.8415429280599,80.84554296875,82.80486873372395,82.80886877441407
2023-07-26 15:32:50.544340,5110454.0,5110904.0,80.85458679199219,80.8585867919922,82.81791280110677,82.82191284179689
2023-07-26 15:32:50.557423,5110457.0,5110907.0,80.86763077799479,80.87163081868489,82.83095690917969,82.83495694986979
2023-07-26 15:32:50.570441,5110460.0,5110910.0,80.8806748453776,80.88467488606771,82.84400073242188,82.84800073242188
2023-07-26 15:32:50.587648,5110463.0,5110913.0,80.89371895345052,80.89771899414063,82.85704471842448,82.86104479980469
2023-07-26 15:32:50.601095,5110467.0,5110917.0,80.91111071777344,80.91511075846354,82.87443684895834,82.87843688964844
2023-07-26 15:32:50.618503,5110470.0,5110920.0,80.92415482584636,80.92815486653646,82.88748095703126,82.89148099772135
2023-07-26 15:32:50.631324,5110474.0,5110924.0,80.94154691569011,80.94554699707031,82.90487272135417,82.90887276204427
2023-07-26 15:32:50.644520,5110477.0,5110927.0,80.95459069824219,80.95859073893229,82.91791682942709,82.92191687011719
2023-07-26 15:32:50.661537,5110480.0,5110930.0,80.967634765625,80.97163480631511,82.93096089680989,82.93496093750001
2023-07-26 15:32:50.675156,5110484.0,5110934.0,80.98502689615886,80.98902693684896,82.94835270182291,82.95235274251303
2023-07-26 15:32:50.692343,5110487.0,5110937.0,80.99807096354166,81.00207104492188,82.96139676920573,82.96539680989582
2023-07-26 15:32:50.705717,5110491.0,5110941.0,81.0154627685547,81.01946280924479,82.97878889973958,82.98278894042969
2023-07-26 15:32:50.722858,5110494.0,5110944.0,81.02850683593749,81.0325069173177,82.99183276367187,82.99583276367187
2023-07-26 15:32:50.735474,5110498.0,5110948.0,81.04589896647136,81.04989900716146,83.00922477213541,83.01322481282553
2023-07-26 15:32:50.753649,5110501.0,5110951.0,81.05894270833333,81.06294278971355,83.02226883951823,83.02626892089845
2023-07-26 15:32:50.765914,5110505.0,5110955.0,81.07633483886718,81.0803348795573,83.03966088867188,83.04366088867188
2023-07-26 15:32:50.784119,5110508.0,5110958.0,81.08937890625,81.0933789876302,83.05270471191407,83.05670479329427
2023-07-26 15:32:50.796476,5110512.0,5110962.0,81.1067811279297,81.11078116861978,83.07009684244791,83.07409688313803
2023-07-26 15:32:50.809458,5110515.0,5110965.0,81.11981477864583,81.12381486002604,83.08314090983072,83.08714099121094
2023-07-26 15:32:50.827525,5110518.0,5110968.0,81.13285888671875,81.13685892740887,83.0961846923828,83.10018473307292
2023-07-26 15:32:50.840142,5110522.0,5110972.0,81.15025085449219,81.15425085449219,83.11357678222656,83.11757686360677
2023-07-26 15:32:50.853368,5110525.0,5110975.0,81.16329475911459,81.16729479980468,83.12662089029948,83.13062093098958
2023-07-26 15:32:50.870610,5110528.0,5110978.0,81.17633882649739,81.18033890787761,83.13966479492187,83.14366479492188
2023-07-26 15:32:50.883711,5110532.0,5110982.0,81.19373095703125,81.19773099772135,83.1570567626953,83.16105680338542
2023-07-26 15:32:50.896740,5110535.0,5110985.0,81.20677469889323,81.21077478027344,83.17010083007813,83.17410091145834
2023-07-26 15:32:50.913816,5110538.0,5110988.0,81.21981880696615,81.22381884765625,83.18314493815105,83.18714497884115
2023-07-26 15:32:50.930978,5110542.0,5110992.0,81.23721093750001,81.2412109781901,83.20053670247397,83.20453678385417
2023-07-26 15:32:50.949372,5110546.0,5110996.0,81.2546027018229,81.25860274251302,83.21792883300782,83.22192887369792
2023-07-26 15:32:50.961733,5110550.0,5111000.0,81.27199483235677,81.27599487304687,83.23532096354165,83.23932100423177
2023-07-26 15:32:50.978921,5110553.0,5111003.0,81.28503889973958,81.28903898111979,83.24836470540365,83.25236474609375
2023-07-26 15:32:50.992605,5110557.0,5111007.0,81.3024307047526,81.30643074544271,83.2657568359375,83.26975687662761
2023-07-26 15:32:51.009604,5110560.0,5111010.0,81.31547477213542,81.31947485351562,83.27880090332032,83.28280098470051
2023-07-26 15:32:51.023199,5110564.0,5111014.0,81.33286690266928,81.33686694335937,83.29619270833334,83.30019274902344
2023-07-26 15:32:51.040650,5110567.0,5111017.0,81.34591097005209,81.34991101074219,83.30923677571614,83.31323685709636
2023-07-26 15:32:51.053572,5110571.0,5111021.0,81.3633027750651,81.36730281575521,83.32662890625001,83.3306289469401
2023-07-26 15:32:51.070972,5110574.0,5111024.0,81.37634684244792,81.38034692382813,83.33967264811197,83.34367272949218
2023-07-26 15:32:51.083297,5110578.0,5111028.0,81.39373897298177,81.39773901367188,83.35706477864584,83.36106481933594
2023-07-26 15:32:51.100681,5110581.0,5111031.0,81.40678271484376,81.41078279622396,83.37010884602866,83.37410892740886
2023-07-26 15:32:51.113914,5110585.0,5111035.0,81.4241748453776,81.42817488606771,83.38750073242188,83.39150073242187
2023-07-26 15:32:51.127073,5110588.0,5111038.0,81.43721895345051,81.44121899414063,83.40054471842447,83.40454479980468
2023-07-26 15:32:51.144482,5110591.0,5111041.0,81.4502626953125,81.4542627360026,83.41358882649739,83.4175888671875
2023-07-26 15:32:51.157759,5110595.0,5111045.0,81.46765482584635,81.47165486653647,83.43098095703125,83.43498099772135
2023-07-26 15:32:51.171158,5110598.0,5111048.0,81.48069889322917,81.48469893391926,83.44402469889323,83.44802473958333
2023-07-26 15:32:51.188491,5110601.0,5111051.0,81.49374300130208,81.49774304199218,83.45706876627604,83.46106884765625
2023-07-26 15:32:51.201095,5110605.0,5111055.0,81.511134765625,81.5151348063151,83.47446089680989,83.4784609375
2023-07-26 15:32:51.214203,5110608.0,5111058.0,81.52417887369792,81.52817891438802,83.48750463867187,83.49150472005209
2023-07-26 15:32:51.231267,5110611.0,5111061.0,81.53722294108073,81.54122298177083,83.5005487467448,83.50454878743489
2023-07-26 15:32:51.244627,5110615.0,5111065.0,81.55461474609375,81.55861478678385,83.51794087727865,83.52194091796875
2023-07-26 15:32:51.257876,5110618.0,5111068.0,81.56765881347657,81.57165885416667,83.53098494466145,83.53498498535156
2023-07-26 15:32:51.274987,5110621.0,5111071.0,81.58070292154947,81.58470296223959,83.54402868652343,83.54802876790365
2023-07-26 15:32:51.288393,5110625.0,5111075.0,81.5980946858724,81.6020947265625,83.5614208170573,83.5654208577474
2023-07-26 15:32:51.305835,5110629.0,5111078.0,81.61548681640625,81.61948685709636,83.57446492513021,83.5784649658203
2023-07-26 15:32:51.318219,5110632.0,5111082.0,81.62853088378907,81.63253096516927,83.59185668945312,83.59585673014323
2023-07-26 15:32:51.335616,5110635.0,5111085.0,81.64157499186197,81.64557503255209,83.60490079752604,83.60890083821614
2023-07-26 15:32:51.348638,5110639.0,5111089.0,81.6589667561849,81.66296683756511,83.62229288736978,83.62629296875
2023-07-26 15:32:51.366046,5110642.0,5111092.0,81.67201086425781,81.67601090494792,83.63533666992187,83.63933671061199
2023-07-26 15:32:51.379385,5110646.0,5111096.0,81.68940295410157,81.69340303548178,83.65272875976562,83.65672884114583
2023-07-26 15:32:51.396428,5110649.0,5111099.0,81.70244673665366,81.70644677734374,83.66577286783854,83.66977290852864
2023-07-26 15:32:51.409830,5110653.0,5111103.0,81.7198388264974,81.7238389078776,83.68316479492188,83.68716479492187
2023-07-26 15:32:51.422994,5110656.0,5111106.0,81.73288293457031,81.73688297526041,83.69620874023437,83.70020878092448
2023-07-26 15:32:51.440345,5110659.0,5111109.0,81.74592667643229,81.7499267578125,83.70925280761719,83.7132528889974
2023-07-26 15:32:51.453616,5110663.0,5111113.0,81.76331880696614,81.76731884765626,83.72664493815104,83.73064497884116
2023-07-26 15:32:51.470652,5110666.0,5111116.0,81.77636287434896,81.78036295572916,83.73968868001302,83.74368876139323
2023-07-26 15:32:51.483431,5110670.0,5111120.0,81.79375476074219,81.79775476074218,83.75708081054688,83.76108085123697
2023-07-26 15:32:51.501543,5110673.0,5111123.0,81.80679874674479,81.810798828125,83.77013529459634,83.77413537597656
2023-07-26 15:32:51.518954,5110677.0,5111127.0,81.82419087727864,81.82819091796875,83.78751668294271,83.79151672363281
2023-07-26 15:32:51.531167,5110681.0,5111131.0,81.84158288574218,81.84558288574219,83.80490881347656,83.80890885416667
2023-07-26 15:32:51.549268,5110684.0,5111134.0,81.85462674967448,81.85862679036458,83.81795288085938,83.82195292154948
2023-07-26 15:32:51.562472,5110688.0,5111138.0,81.87201888020833,81.87601892089845,83.8353446858724,83.8393447265625
2023-07-26 15:32:51.579809,5110691.0,5111141.0,81.88506294759115,81.88906302897135,83.84838875325521,83.85238879394531
2023-07-26 15:32:51.592848,5110695.0,5111145.0,81.90245475260417,81.90645479329427,83.86578088378907,83.86978092447916
2023-07-26 15:32:51.610111,5110698.0,5111148.0,81.91549881998698,81.91949890136719,83.87882495117186,83.88282495117187
2023-07-26 15:32:51.622456,5110702.0,5111152.0,81.93289095052083,81.93689099121094,83.8962167561849,83.900216796875
2023-07-26 15:32:51.639828,5110705.0,5111155.0,81.9459346923828,81.94993477376303,83.9092608235677,83.91326090494792
2023-07-26 15:32:51.653121,5110709.0,5111159.0,81.96332682291667,81.96732686360677,83.92665295410157,83.93065299479167
2023-07-26 15:32:51.670341,5110712.0,5111162.0,81.97637089029948,81.98037097167969,83.93969669596355,83.94369677734375
2023-07-26 15:32:51.683591,5110716.0,5111166.0,81.99376269531251,81.9977627360026,83.95708882649738,83.9610888671875
2023-07-26 15:32:51.701566,5110719.0,5111169.0,82.0068067626953,82.01080684407552,83.9701328938802,83.97413297526042
2023-07-26 15:32:51.713802,5110723.0,5111173.0,82.02419889322917,82.02819893391927,83.98752469889322,83.99152473958334
2023-07-26 15:32:51.727249,5110726.0,5111176.0,82.03724300130209,82.04124304199217,84.00056876627605,84.00456884765624
2023-07-26 15:32:51.744534,5110729.0,5111179.0,82.05028674316407,82.05428678385417,84.01361287434895,84.01761291503907
2023-07-26 15:32:51.757675,5110733.0,5111183.0,82.06767887369793,82.07167891438802,84.03100463867187,84.03500472005209
2023-07-26 15:32:51.771056,5110736.0,5111186.0,82.08072294108072,82.08472298177084,84.04404874674479,84.0480487874349
2023-07-26 15:32:51.788198,5110739.0,5111189.0,82.09376668294271,82.09776676432293,84.0570928141276,84.06109289550783
2023-07-26 15:32:51.805396,5110743.0,5111193.0,82.11115881347656,82.11515885416668,84.07448494466146,84.07848498535155
2023-07-26 15:32:51.818999,5110747.0,5111197.0,82.12855094401041,82.13255098470052,84.09187674967448,84.09587679036458
2023-07-26 15:32:51.836155,5110750.0,5111200.0,82.14159468587239,82.14559472656249,84.1049208170573,84.10892085774739
2023-07-26 15:32:51.848588,5110754.0,5111204.0,82.15898681640624,82.16298685709636,84.12231294759114,84.12631298828124
2023-07-26 15:32:51.865966,5110757.0,5111207.0,82.17203088378906,82.17603096516928,84.13535668945312,84.13935673014323
2023-07-26 15:32:51.879639,5110761.0,5111211.0,82.18942272949218,82.19342272949218,84.15274881998698,84.15674886067708
2023-07-26 15:32:51.896761,5110764.0,5111214.0,82.2024667561849,82.2064668375651,84.16579288736979,84.16979296874999
2023-07-26 15:32:51.909349,5110768.0,5111218.0,82.21985888671875,82.22385892740886,84.18318469238281,84.18718473307291
2023-07-26 15:32:51.927712,5110771.0,5111221.0,82.23290295410158,82.23690303548177,84.19622875976562,84.20022884114583
2023-07-26 15:32:51.940719,5110775.0,5111225.0,82.25029475911458,82.25429479980468,84.21362089029948,84.21762093098958
2023-07-26 15:32:51.958170,5110778.0,5111228.0,82.26333882649739,82.26733890787762,84.22666479492187,84.23066479492188
2023-07-26 15:32:51.970887,5110782.0,5111232.0,82.28073095703125,82.28473099772135,84.24405676269531,84.24805680338542
2023-07-26 15:32:51.988023,5110785.0,5111235.0,82.29377469889323,82.29777478027343,84.25710083007813,84.26110091145833
2023-07-26 15:32:52.001229,5110789.0,5111239.0,82.3111668294271,82.31516687011718,84.27449291992188,84.27849291992187
2023-07-26 15:32:52.018419,5110792.0,5111242.0,82.3242109375,82.3282109781901,84.28753670247396,84.29153678385417
2023-07-26 15:32:52.031187,5110796.0,5111246.0,82.34160270182291,82.34560274251302,84.3049288330078,84.30892887369792
2023-07-26 15:32:52.049423,5110799.0,5111249.0,82.35464680989583,82.35864685058594,84.31797294108073,84.32197298177084
2023-07-26 15:32:52.066488,5110803.0,5111253.0,82.37203889973958,82.37603898111979,84.33536470540365,84.33936474609375
2023-07-26 15:32:52.079628,5110807.0,5111257.0,82.3894307047526,82.39343074544271,84.3527568359375,84.35675687662761
2023-07-26 15:32:52.096820,5110811.0,5111260.0,82.40683321126302,82.41083329264322,84.36580090332032,84.36980098470052
2023-07-26 15:32:52.114021,5110814.0,5111264.0,82.41986690266927,82.42386694335937,84.38319270833334,84.38719274902344
2023-07-26 15:32:52.127236,5110818.0,5111268.0,82.4372586669922,82.44125874837239,84.40058479817708,84.40458487955729
2023-07-26 15:32:52.140509,5110821.0,5111271.0,82.4503027750651,82.45430281575521,84.41362890625,84.4176289469401
2023-07-26 15:32:52.157684,5110824.0,5111274.0,82.46334684244792,82.46734692382813,84.42667264811197,84.43067272949219
2023-07-26 15:32:52.174912,5110828.0,5111278.0,82.48073897298177,82.48473901367187,84.44406477864584,84.44806481933593
2023-07-26 15:32:52.188218,5110832.0,5111282.0,82.49813077799479,82.5021308186849,84.46145690917969,84.46545694986979
2023-07-26 15:32:52.205455,5110835.0,5111285.0,82.51117484537761,82.51517488606771,84.47450073242189,84.47850073242188
2023-07-26 15:32:52.218671,5110839.0,5111289.0,82.52856697591145,82.53256701660156,84.49189278157552,84.49589282226562
2023-07-26 15:32:52.235832,5110842.0,5111292.0,82.54161071777344,82.54561075846354,84.50493684895834,84.50893688964844
2023-07-26 15:32:52.248979,5110846.0,5111296.0,82.55900284830729,82.5630028889974,84.52232885742187,84.52632885742187
2023-07-26 15:32:52.262451,5110849.0,5111299.0,82.57204691569011,82.5760469970703,84.53537272135416,84.53937276204427
2023-07-26 15:32:52.279916,5110852.0,5111302.0,82.58509069824218,82.58909073893228,84.54841682942708,84.55241687011718
2023-07-26 15:32:52.292277,5110856.0,5111306.0,82.60248278808594,82.60648286946615,84.56580891927082,84.56980900065103
2023-07-26 15:32:52.309579,5110859.0,5111309.0,82.61552689615885,82.61952693684896,84.57885270182291,84.58285274251303
2023-07-26 15:32:52.323003,5110863.0,5111313.0,82.63291882324219,82.6369188232422,84.59624479166666,84.60024487304688
2023-07-26 15:32:52.340320,5110866.0,5111316.0,82.6459627685547,82.64996280924478,84.60928889973958,84.61328894042968
2023-07-26 15:32:52.353501,5110870.0,5111320.0,82.66335485839845,82.66735493977865,84.6266806640625,84.6306807454427
2023-07-26 15:32:52.370839,5110873.0,5111323.0,82.67639896647135,82.68039900716145,84.63972477213541,84.64372481282552
2023-07-26 15:32:52.384086,5110877.0,5111327.0,82.69379073079426,82.69779081217447,84.65711686197916,84.66111694335937
2023-07-26 15:32:52.401510,5110880.0,5111330.0,82.70683483886718,82.7108348795573,84.67016088867187,84.67416088867188
2023-07-26 15:32:52.418936,5110884.0,5111334.0,82.72422696940104,82.72822701009115,84.687552734375,84.69155281575522
2023-07-26 15:32:52.436219,5110888.0,5111338.0,82.74161873372395,82.74561877441407,84.70494486490885,84.70894490559897
2023-07-26 15:32:52.448866,5110892.0,5111342.0,82.75901086425782,82.76301090494792,84.72233666992187,84.72633671061197
2023-07-26 15:32:52.466025,5110895.0,5111345.0,82.77205493164062,82.77605501302082,84.7353807373047,84.73938077799478
2023-07-26 15:32:52.479138,5110899.0,5111349.0,82.78944673665366,82.79344677734375,84.75277286783854,84.75677290852865
2023-07-26 15:32:52.496476,5110902.0,5111352.0,82.80249080403645,82.80649088541666,84.76581693522135,84.76981701660156
2023-07-26 15:32:52.509666,5110906.0,5111356.0,82.8198829345703,82.82388297526042,84.78320874023437,84.78720878092449
2023-07-26 15:32:52.526916,5110909.0,5111359.0,82.8329266764323,82.8369267578125,84.7962528076172,84.8002528889974
2023-07-26 15:32:52.539881,5110913.0,5111363.0,82.85031880696614,82.85431884765624,84.81364493815104,84.81764497884116
2023-07-26 15:32:52.557344,5110916.0,5111366.0,82.86336287434895,82.86736295572916,84.82668868001302,84.83068876139323
2023-07-26 15:32:52.570311,5110920.0,5111370.0,82.88075476074219,82.88475476074218,84.84408081054687,84.84808085123697
2023-07-26 15:32:52.588308,5110923.0,5111373.0,82.89379874674479,82.897798828125,84.85713529459635,84.86113537597656
2023-07-26 15:32:52.601389,5110927.0,5111377.0,82.91119087727864,82.91519091796876,84.87451668294271,84.87851672363281
2023-07-26 15:32:52.618665,5110930.0,5111380.0,82.92423498535156,82.92823502604166,84.88756075032552,84.89156083170572
2023-07-26 15:32:52.631313,5110934.0,5111384.0,82.94162674967448,82.94562679036459,84.90495288085938,84.90895292154947
2023-07-26 15:32:52.648640,5110937.0,5111387.0,82.95467085774739,82.9586708984375,84.91799682617187,84.92199682617188
2023-07-26 15:32:52.661822,5110941.0,5111391.0,82.97206294759114,82.97606302897135,84.9353887532552,84.93938879394531
2023-07-26 15:32:52.679872,5110944.0,5111394.0,82.98510673014323,82.98910677083333,84.94843286132813,84.95243290201823
2023-07-26 15:32:52.697233,5110948.0,5111398.0,83.00249881998698,83.0064989013672,84.96582495117187,84.96982495117187
2023-07-26 15:32:52.710246,5110952.0,5111402.0,83.01989095052083,83.02389099121095,84.9832167561849,84.987216796875
2023-07-26 15:32:52.727798,5110955.0,5111405.0,83.03293469238281,83.03693477376302,84.99626082356771,85.00026090494791
2023-07-26 15:32:52.740183,5110959.0,5111409.0,83.05032682291667,83.05432686360676,85.01365295410157,85.01765299479166
2023-07-26 15:32:52.757558,5110962.0,5111412.0,83.06337089029948,83.0673709716797,85.02669669596354,85.03069677734375
2023-07-26 15:32:52.774903,5110966.0,5111416.0,83.0807626953125,83.0847627360026,85.04408882649739,85.0480888671875
2023-07-26 15:32:52.788324,5110970.0,5111420.0,83.09815482584635,83.10215486653647,85.06148095703125,85.06548099772135
2023-07-26 15:32:52.805722,5110973.0,5111423.0,83.11119889322917,83.11519893391927,85.07452469889323,85.07852473958334
2023-07-26 15:32:52.822690,5110977.0,5111427.0,83.12859069824219,83.13259073893228,85.09191682942709,85.0959168701172
2023-07-26 15:32:52.836022,5110981.0,5111431.0,83.14598278808595,83.14998286946614,85.10930891927083,85.11330900065103
2023-07-26 15:32:52.853311,5110984.0,5111434.0,83.15902689615886,83.16302693684895,85.1223527018229,85.12635274251302
2023-07-26 15:32:52.866646,5110988.0,5111438.0,83.17641882324219,83.18041882324219,85.13974479166666,85.14374487304687
2023-07-26 15:32:52.883959,5110991.0,5111441.0,83.18946276855469,83.19346280924479,85.15278889973958,85.15678894042969
2023-07-26 15:32:52.901097,5110995.0,5111445.0,83.20685485839844,83.21085493977866,85.1701806640625,85.17418074544271
2023-07-26 15:32:52.914499,5110999.0,5111449.0,83.22424694824218,83.22824694824219,85.18758321126302,85.19158325195313
2023-07-26 15:32:52.931883,5111002.0,5111452.0,83.23729073079427,83.24129081217447,85.20061686197917,85.20461694335937
2023-07-26 15:32:52.949306,5111006.0,5111456.0,83.25468286132813,83.25868290201822,85.21800866699219,85.22200870768229
2023-07-26 15:32:52.962598,5111010.0,5111460.0,83.27207499186198,83.27607503255209,85.23540079752604,85.23940083821614
2023-07-26 15:32:52.979908,5111013.0,5111463.0,83.28511873372395,83.28911877441406,85.24844486490885,85.25244490559896
2023-07-26 15:32:52.997266,5111017.0,5111467.0,83.30251086425781,83.30651090494791,85.26583666992187,85.26983671061198
2023-07-26 15:32:53.009684,5111021.0,5111471.0,83.31990295410156,83.32390303548178,85.28322875976562,85.28722884114583
2023-07-26 15:32:53.026891,5111025.0,5111474.0,83.33729475911458,83.34129479980469,85.29627286783854,85.30027290852865
2023-07-26 15:32:53.040020,5111028.0,5111478.0,83.35033882649739,83.3543389078776,85.31366479492188,85.31766479492188
2023-07-26 15:32:53.058031,5111031.0,5111481.0,83.36338293457031,83.36738297526041,85.32670874023438,85.33070878092448
2023-07-26 15:32:53.071224,5111035.0,5111485.0,83.38077469889323,83.38477478027343,85.34410083007812,85.34810091145833
2023-07-26 15:32:53.088522,5111038.0,5111488.0,83.39381880696614,83.39781884765625,85.35714493815104,85.36114497884115
2023-07-26 15:32:53.101579,5111042.0,5111492.0,83.4112109375,83.4152109781901,85.37453674316406,85.37853678385417
2023-07-26 15:32:53.118831,5111045.0,5111495.0,83.42425476074219,83.42825476074219,85.38758081054688,85.39158085123697
2023-07-26 15:32:53.132000,5111049.0,5111499.0,83.44164680989583,83.44564685058594,85.40497294108073,85.40897298177083
2023-07-26 15:32:53.149008,5111052.0,5111502.0,83.45469087727864,83.45869091796875,85.41801668294272,85.42201672363281
2023-07-26 15:32:53.162592,5111056.0,5111506.0,83.47208288574218,83.47608288574219,85.43540881347656,85.43940885416667
2023-07-26 15:32:53.179687,5111059.0,5111509.0,83.48512674967448,83.48912679036458,85.44845288085938,85.45245292154948
2023-07-26 15:32:53.192922,5111063.0,5111513.0,83.50251888020833,83.50651892089844,85.4658446858724,85.4698447265625
2023-07-26 15:32:53.210091,5111067.0,5111516.0,83.51991097005208,83.5239110107422,85.4788887532552,85.48288879394532
2023-07-26 15:32:53.227242,5111070.0,5111520.0,83.53295475260417,83.53695479329427,85.49628088378907,85.50028092447916
2023-07-26 15:32:53.240574,5111074.0,5111524.0,83.55034684244792,83.55434692382812,85.51367264811198,85.51767272949218
2023-07-26 15:32:53.257941,5111077.0,5111527.0,83.56339095052083,83.56739099121094,85.5267167561849,85.530716796875
2023-07-26 15:32:53.275602,5111081.0,5111531.0,83.58078271484375,83.58478279622396,85.54410884602865,85.54810892740886
2023-07-26 15:32:53.288251,5111085.0,5111535.0,83.5981748453776,83.60217488606771,85.56150073242188,85.56550073242188
2023-07-26 15:32:53.305486,5111088.0,5111538.0,83.61121895345052,83.61521899414063,85.57454471842448,85.57854479980469
2023-07-26 15:32:53.322622,5111092.0,5111542.0,83.62861071777344,83.63261075846353,85.59193684895834,85.59593688964844
2023-07-26 15:32:53.340844,5111096.0,5111546.0,83.64600284830729,83.6500028889974,85.60932885742187,85.61332885742186
2023-07-26 15:32:53.353175,5111100.0,5111550.0,83.66339493815104,83.66739501953126,85.62672074381511,85.63072082519531
2023-07-26 15:32:53.371392,5111103.0,5111553.0,83.67643872070312,83.68043876139323,85.63976485188803,85.64376489257812
2023-07-26 15:32:53.388700,5111107.0,5111557.0,83.69383081054687,83.69783089192708,85.65715694173177,85.66115698242187
2023-07-26 15:32:53.401108,5111111.0,5111561.0,83.71122294108072,83.71522298177084,85.67454874674479,85.67854878743489
2023-07-26 15:32:53.418232,5111114.0,5111564.0,83.72426668294271,83.72826676432292,85.6875928141276,85.69159289550782
2023-07-26 15:32:53.436220,5111118.0,5111568.0,83.74165881347656,83.74565885416668,85.70498494466146,85.70898498535156
2023-07-26 15:32:53.448903,5111122.0,5111572.0,83.75905094401041,83.76305098470053,85.72237674967448,85.72637679036458
2023-07-26 15:32:53.466006,5111125.0,5111575.0,83.7720946858724,83.77609472656249,85.7354208170573,85.73942085774739
2023-07-26 15:32:53.479267,5111129.0,5111579.0,83.78948681640625,83.79348685709635,85.75281294759115,85.75681298828124
2023-07-26 15:32:53.496476,5111133.0,5111582.0,83.80687890625,83.8108789876302,85.76585668945312,85.76985673014323
2023-07-26 15:32:53.509683,5111136.0,5111586.0,83.81992272949218,83.82392272949218,85.78324881998698,85.78724886067708
2023-07-26 15:32:53.527035,5111139.0,5111589.0,83.8329667561849,83.83696683756511,85.79629288736979,85.80029296875
2023-07-26 15:32:53.544247,5111143.0,5111593.0,83.85035888671875,83.85435892740885,85.81368469238281,85.81768473307292
2023-07-26 15:32:53.562386,5111147.0,5111597.0,83.86775085449219,83.87175085449219,85.83107678222656,85.83507686360676
2023-07-26 15:32:53.579573,5111151.0,5111601.0,83.88514278157552,83.88914282226563,85.84846891276042,85.85246895345051
2023-07-26 15:32:53.592888,5111155.0,5111605.0,83.90253491210937,83.90653495279948,85.86586071777344,85.86986075846353
2023-07-26 15:32:53.610281,5111158.0,5111608.0,83.91557897949218,83.91957897949219,85.87890478515624,85.88290482584635
2023-07-26 15:32:53.622563,5111162.0,5111612.0,83.9329707845052,83.93697082519532,85.8962969156901,85.9002969563802
2023-07-26 15:32:53.640680,5111165.0,5111615.0,83.94601485188802,83.95001493326824,85.90934065755208,85.9133406982422
2023-07-26 15:32:53.657960,5111169.0,5111619.0,83.96340698242187,83.96740702311199,85.92673278808594,85.93073282877604
2023-07-26 15:32:53.671165,5111173.0,5111623.0,83.9807987467448,83.98479882812501,85.94413529459635,85.94813537597656
2023-07-26 15:32:53.688169,5111177.0,5111626.0,83.99819087727865,84.00219091796876,85.95716870117188,85.96116870117187
2023-07-26 15:32:53.705184,5111180.0,5111630.0,84.01123498535156,84.01523502604167,85.97456075032552,85.97856083170572
2023-07-26 15:32:53.718913,5111184.0,5111634.0,84.02862674967449,84.03262679036457,85.99195288085937,85.99595292154947
2023-07-26 15:32:53.735990,5111187.0,5111637.0,84.04167085774739,84.0456708984375,86.00499682617188,86.00899682617188
2023-07-26 15:32:53.749116,5111191.0,5111641.0,84.05906294759114,84.06306302897136,86.0223887532552,86.02638879394532
2023-07-26 15:32:53.766348,5111194.0,5111644.0,84.07210673014323,84.07610677083332,86.03543286132813,86.03943290201823
2023-07-26 15:32:53.783734,5111198.0,5111648.0,84.08949881998699,84.09349890136718,86.05282495117187,86.05682495117186
2023-07-26 15:32:53.801051,5111202.0,5111652.0,84.10689095052084,84.11089099121094,86.0702167561849,86.07421679687499
2023-07-26 15:32:53.819152,5111206.0,5111656.0,84.12428271484376,84.12828279622396,86.08760884602866,86.09160892740886
2023-07-26 15:32:53.831331,5111210.0,5111660.0,84.14167484537761,84.14567488606771,86.10500073242189,86.10900073242188
2023-07-26 15:32:53.849604,5111213.0,5111663.0,84.15471895345051,84.15871899414063,86.11804471842447,86.12204479980468
2023-07-26 15:32:53.866835,5111217.0,5111667.0,84.17211071777344,84.17611075846354,86.13543684895834,86.13943688964844
2023-07-26 15:32:53.884122,5111221.0,5111671.0,84.18950284830728,84.1935028889974,86.15282885742187,86.15682885742187
2023-07-26 15:32:53.901690,5111225.0,5111675.0,84.20689493815104,84.21089501953125,86.17022074381511,86.17422082519532
2023-07-26 15:32:53.918632,5111229.0,5111679.0,84.22428674316406,84.22828678385417,86.18761287434896,86.19161291503907
2023-07-26 15:32:53.935574,5111233.0,5111683.0,84.24167887369792,84.24567891438802,86.20500463867187,86.20900472005209
2023-07-26 15:32:53.949528,5111237.0,5111687.0,84.25907096354166,84.26307104492189,86.22239676920573,86.22639680989583
2023-07-26 15:32:53.966472,5111240.0,5111690.0,84.27211474609375,84.27611478678385,86.23544087727865,86.23944091796875
2023-07-26 15:32:53.984411,5111244.0,5111694.0,84.2895068359375,84.2935069173177,86.25283276367188,86.25683276367187
2023-07-26 15:32:53.997369,5111248.0,5111698.0,84.30689896647137,84.31089900716145,86.2702247721354,86.27422481282552
2023-07-26 15:32:54.014311,5111251.0,5111701.0,84.31994270833333,84.32394278971354,86.28326883951823,86.28726892089844
2023-07-26 15:32:54.032250,5111255.0,5111705.0,84.33733483886718,84.3413348795573,86.30066088867187,86.30466088867188
2023-07-26 15:32:54.045207,5111259.0,5111709.0,84.35472696940104,84.35872701009114,86.318052734375,86.32205281575521
2023-07-26 15:32:54.062150,5111262.0,5111712.0,84.36778112792969,84.37178116861979,86.33109684244792,86.33509688313802
2023-07-26 15:32:54.079093,5111266.0,5111716.0,84.38516284179688,84.38916288248699,86.34848897298177,86.35248901367187
2023-07-26 15:32:54.093046,5111270.0,5111720.0,84.40255493164062,84.40655501302082,86.36588073730469,86.36988077799478
2023-07-26 15:32:54.109989,5111273.0,5111723.0,84.4155987141927,84.41959875488281,86.3789248453776,86.38292488606771
2023-07-26 15:32:54.127165,5111277.0,5111727.0,84.43299080403645,84.43699088541666,86.39631693522135,86.40031701660156
2023-07-26 15:32:54.144535,5111281.0,5111731.0,84.4503829345703,84.45438297526042,86.41370874023437,86.41770878092449
2023-07-26 15:32:54.161779,5111285.0,5111735.0,84.46777469889322,84.47177478027344,86.43110083007812,86.43510091145833
2023-07-26 15:32:54.180041,5111289.0,5111739.0,84.48516682942709,84.48916687011719,86.44849291992188,86.45249291992188
2023-07-26 15:32:54.197354,5111293.0,5111743.0,84.50255895996094,84.50655900065104,86.46588476562499,86.46988480631511
2023-07-26 15:32:54.210371,5111297.0,5111747.0,84.51995072428386,84.52395080566407,86.48327685546874,86.48727693684896
2023-07-26 15:32:54.227688,5111300.0,5111750.0,84.53299483235678,84.53699487304686,86.49632096354166,86.50032100423176
2023-07-26 15:32:54.244940,5111304.0,5111754.0,84.55038692220052,84.55438700358073,86.51371272786459,86.51771280924478
2023-07-26 15:32:54.262616,5111308.0,5111758.0,84.56777872721355,84.57177876790364,86.53110485839845,86.53510489908854
2023-07-26 15:32:54.275090,5111312.0,5111762.0,84.5851708577474,84.5891708984375,86.54849682617187,86.55249682617188
2023-07-26 15:32:54.292486,5111315.0,5111765.0,84.59821492513021,84.60221496582031,86.56154073079426,86.56554077148438
2023-07-26 15:32:54.309854,5111319.0,5111769.0,84.61560673014323,84.61960677083333,86.57893286132813,86.58293290201823
2023-07-26 15:32:54.323503,5111323.0,5111773.0,84.63299881998698,84.63699890136719,86.59632495117187,86.60032495117187
2023-07-26 15:32:54.340757,5111326.0,5111776.0,84.6460429280599,84.65004296875,86.60936873372395,86.61336877441406
2023-07-26 15:32:54.358135,5111330.0,5111780.0,84.66343469238281,84.66743477376303,86.62676082356771,86.63076090494792
2023-07-26 15:32:54.375573,5111334.0,5111784.0,84.68082682291667,84.68482686360676,86.64415295410157,86.64815299479166
2023-07-26 15:32:54.392780,5111338.0,5111788.0,84.69821895345052,84.70221899414062,86.66154471842448,86.66554479980468
2023-07-26 15:32:54.405285,5111342.0,5111792.0,84.71561071777344,84.71961075846353,86.67893684895834,86.68293688964843
2023-07-26 15:32:54.423492,5111345.0,5111795.0,84.72865482584635,84.73265486653646,86.69198095703125,86.69598099772135
2023-07-26 15:32:54.440648,5111349.0,5111799.0,84.7460469156901,84.75004699707031,86.70937272135416,86.71337276204427
2023-07-26 15:32:54.457722,5111353.0,5111803.0,84.76343872070312,84.76743876139324,86.72676485188802,86.73076489257812
2023-07-26 15:32:54.475178,5111357.0,5111807.0,84.78083081054687,84.78483089192709,86.74415694173177,86.74815698242188
2023-07-26 15:32:54.488619,5111361.0,5111811.0,84.79822294108072,84.80222298177084,86.7615487467448,86.7655487874349
2023-07-26 15:32:54.505768,5111365.0,5111814.0,84.81561474609374,84.81961478678386,86.7745928141276,86.77859289550781
2023-07-26 15:32:54.522908,5111368.0,5111818.0,84.82865881347657,84.83265885416667,86.79198494466146,86.79598498535155
2023-07-26 15:32:54.540147,5111372.0,5111822.0,84.84605094401041,84.85005098470052,86.80937674967448,86.81337679036457
2023-07-26 15:32:54.553341,5111376.0,5111826.0,84.86344270833334,84.86744278971354,86.82676883951824,86.83076892089844
2023-07-26 15:32:54.570427,5111379.0,5111829.0,84.87648681640624,84.88048685709636,86.83981294759114,86.84381298828124
2023-07-26 15:32:54.588839,5111383.0,5111833.0,84.89387890625,84.89787898763021,86.85720471191406,86.86120479329428
2023-07-26 15:32:54.601315,5111387.0,5111837.0,84.91128112792968,84.91528116861979,86.87459684244791,86.87859688313803
2023-07-26 15:32:54.618521,5111390.0,5111840.0,84.92431477864584,84.92831486002605,86.88764090983072,86.89164099121095
2023-07-26 15:32:54.635680,5111394.0,5111844.0,84.94170690917969,84.9457069498698,86.90503271484376,86.90903275553386
2023-07-26 15:32:54.653103,5111398.0,5111848.0,84.9590987141927,84.96309875488281,86.9224248453776,86.92642488606771
2023-07-26 15:32:54.666519,5111402.0,5111852.0,84.97649080403646,84.98049088541666,86.93981693522136,86.94381701660156
2023-07-26 15:32:54.683536,5111405.0,5111855.0,84.98953491210938,84.99353495279948,86.95286071777343,86.95686075846353
2023-07-26 15:32:54.701694,5111409.0,5111859.0,85.00692667643229,85.0109267578125,86.97025280761719,86.9742528889974
2023-07-26 15:32:54.718717,5111413.0,5111863.0,85.02431880696614,85.02831884765625,86.98764493815104,86.99164497884115
2023-07-26 15:32:54.732179,5111417.0,5111867.0,85.0417109375,85.0457109781901,87.00503670247396,87.00903678385417
2023-07-26 15:32:54.749370,5111421.0,5111870.0,85.05910270182291,85.06310274251302,87.01808081054688,87.02208085123698
2023-07-26 15:32:54.766831,5111424.0,5111874.0,85.07214680989583,85.07614685058594,87.03547294108073,87.03947298177084
2023-07-26 15:32:54.783786,5111428.0,5111878.0,85.08953889973958,85.09353898111979,87.05286470540365,87.05686474609374
2023-07-26 15:32:54.800926,5111432.0,5111882.0,85.1069307047526,85.1109307454427,87.0702568359375,87.07425687662762
2023-07-26 15:32:54.814102,5111436.0,5111886.0,85.12433321126302,85.12833329264322,87.08764892578125,87.09164900716145
2023-07-26 15:32:54.836177,5111439.0,5111889.0,85.13736690266927,85.14136694335937,87.10069270833333,87.10469274902344
2023-07-26 15:32:54.853478,5111444.0,5111894.0,85.15910673014324,85.16310677083332,87.12243286132814,87.12643290201822
2023-07-26 15:32:54.866852,5111448.0,5111898.0,85.17649881998697,85.18049890136719,87.13982495117187,87.14382495117187
2023-07-26 15:32:54.883253,5111452.0,5111901.0,85.19389095052084,85.19789099121094,87.15286873372395,87.15686877441406
2023-07-26 15:32:54.900355,5111455.0,5111905.0,85.2069346923828,85.21093477376303,87.1702608235677,87.17426090494791
2023-07-26 15:32:54.918369,5111459.0,5111909.0,85.22432682291667,85.22832686360677,87.18765295410157,87.19165299479167
2023-07-26 15:32:54.935499,5111463.0,5111913.0,85.24171895345052,85.24571899414063,87.20504471842447,87.20904479980469
2023-07-26 15:32:54.952654,5111467.0,5111917.0,85.25911071777344,85.26311075846354,87.22243684895834,87.22643688964844
2023-07-26 15:32:54.969747,5111471.0,5111921.0,85.27650284830729,85.2805028889974,87.23982885742187,87.24382885742187
2023-07-26 15:32:54.987857,5111475.0,5111925.0,85.29389493815104,85.29789501953125,87.25722074381511,87.26122082519532
2023-07-26 15:32:55.005110,5111479.0,5111929.0,85.31128674316406,85.31528678385418,87.27461287434896,87.27861291503906
2023-07-26 15:32:55.018124,5111483.0,5111933.0,85.32867887369792,85.33267887369792,87.29200463867187,87.2960047200521
2023-07-26 15:32:55.035226,5111486.0,5111936.0,85.34172294108072,85.34572298177083,87.3050487467448,87.30904878743489
2023-07-26 15:32:55.052437,5111490.0,5111939.0,85.35911474609374,85.36311478678385,87.3180928141276,87.32209289550782
2023-07-26 15:32:55.070597,5111494.0,5111944.0,85.37650683593749,85.3805069173177,87.33983276367186,87.34383276367187
2023-07-26 15:32:55.087066,5111498.0,5111948.0,85.39389896647135,85.39789900716146,87.35722477213541,87.36122481282553
2023-07-26 15:32:55.105209,5111502.0,5111952.0,85.41129073079426,85.41529081217448,87.37461686197916,87.37861694335938
2023-07-26 15:32:55.122616,5111506.0,5111956.0,85.42868286132813,85.43268290201823,87.39200866699218,87.3960087076823
2023-07-26 15:32:55.135129,5111510.0,5111959.0,85.44607499186198,85.45007503255209,87.405052734375,87.40905281575522
2023-07-26 15:32:55.153215,5111513.0,5111962.0,85.45911873372395,85.46311877441406,87.41809684244792,87.42209688313802
2023-07-26 15:32:55.170510,5111517.0,5111966.0,85.47651086425782,85.48051090494792,87.43548897298176,87.43948901367187
2023-07-26 15:32:55.187676,5111521.0,5111971.0,85.49390295410157,85.49790303548177,87.45722875976563,87.46122884114583
2023-07-26 15:32:55.204966,5111525.0,5111975.0,85.51129475911459,85.51529479980468,87.47462089029949,87.47862093098958
2023-07-26 15:32:55.218294,5111529.0,5111979.0,85.52868688964844,85.53268693033854,87.4920126546224,87.4960127360026
2023-07-26 15:32:55.239642,5111532.0,5111982.0,85.54173095703125,85.54573099772135,87.5050567626953,87.50905680338542
2023-07-26 15:32:55.252670,5111537.0,5111986.0,85.5634707845052,85.56747082519531,87.52244889322917,87.52644893391927
2023-07-26 15:32:55.269885,5111540.0,5111990.0,85.57651485188802,85.58051493326823,87.53984065755208,87.54384069824219
2023-07-26 15:32:55.287914,5111544.0,5111994.0,85.59390698242187,85.59790702311199,87.55723278808594,87.56123282877604
2023-07-26 15:32:55.305179,5111548.0,5111998.0,85.6112987467448,85.615298828125,87.57463529459635,87.57863537597656
2023-07-26 15:32:55.322277,5111552.0,5112002.0,85.62869087727864,85.63269091796876,87.59201668294271,87.59601672363281
2023-07-26 15:32:55.335486,5111556.0,5112005.0,85.64608288574219,85.6500828857422,87.60506075032552,87.60906083170572
2023-07-26 15:32:55.352768,5111559.0,5112009.0,85.65912674967448,85.66312679036457,87.62245288085938,87.62645292154947
2023-07-26 15:32:55.370232,5111563.0,5112013.0,85.67651888020833,85.68051892089844,87.6398446858724,87.64384472656249
2023-07-26 15:32:55.387274,5111567.0,5112017.0,85.69391097005209,85.69791101074219,87.65723677571614,87.66123685709636
2023-07-26 15:32:55.400614,5111571.0,5112021.0,85.7113027750651,85.71530281575521,87.67462890625,87.6786289469401
2023-07-26 15:32:55.417858,5111574.0,5112024.0,85.72434684244791,85.72834692382813,87.68767264811197,87.69167272949218
2023-07-26 15:32:55.440011,5111578.0,5112028.0,85.74173897298176,85.74573901367188,87.70506477864583,87.70906481933594
2023-07-26 15:32:55.456802,5111583.0,5112033.0,85.76347880045573,85.76747884114583,87.72680493164061,87.73080497233073
2023-07-26 15:32:55.474029,5111587.0,5112037.0,85.78087089029948,85.7848709716797,87.74419669596354,87.74819677734375
2023-07-26 15:32:55.491444,5111591.0,5112041.0,85.7982626953125,85.8022627360026,87.76158882649739,87.7655888671875
2023-07-26 15:32:55.508805,5111595.0,5112045.0,85.81565482584635,85.81965486653647,87.77898095703125,87.78298099772135
2023-07-26 15:32:55.527089,5111599.0,5112048.0,85.8330469156901,85.83704699707032,87.79202469889323,87.79602473958334
2023-07-26 15:32:55.544420,5111603.0,5112052.0,85.85043872070312,85.85443876139324,87.8094168294271,87.81341687011718
2023-07-26 15:32:55.561765,5111607.0,5112057.0,85.86783081054688,85.87183089192709,87.83115694173178,87.83515698242188
2023-07-26 15:32:55.578928,5111611.0,5112061.0,85.88522294108073,85.88922298177084,87.8485487467448,87.8525487874349
2023-07-26 15:32:55.595884,5111615.0,5112065.0,85.90261474609375,85.90661478678385,87.86594087727865,87.86994091796875
2023-07-26 15:32:55.613348,5111619.0,5112069.0,85.9200068359375,85.92400691731771,87.88333276367187,87.88733276367186
2023-07-26 15:32:55.626881,5111623.0,5112072.0,85.93739896647136,85.94139900716145,87.89637674967449,87.90037679036458
2023-07-26 15:32:55.644277,5111626.0,5112076.0,85.95044270833333,85.95444278971354,87.91376883951823,87.91776892089844
2023-07-26 15:32:55.661889,5111630.0,5112080.0,85.96783487955729,85.97183487955729,87.93116088867187,87.93516088867187
2023-07-26 15:32:55.678350,5111634.0,5112084.0,85.98522696940104,85.98922701009114,87.948552734375,87.95255281575521
2023-07-26 15:32:55.696568,5111638.0,5112087.0,86.00261873372395,86.00661877441406,87.96159684244792,87.96559688313803
2023-07-26 15:32:55.713685,5111642.0,5112091.0,86.02001086425781,86.02401090494791,87.97898897298177,87.98298901367188
2023-07-26 15:32:55.730894,5111646.0,5112095.0,86.03740295410157,86.04140303548178,87.99638073730469,88.00038077799479
2023-07-26 15:32:55.748323,5111650.0,5112099.0,86.05479475911459,86.05879479980469,88.01377286783854,88.01777290852866
2023-07-26 15:32:55.765648,5111654.0,5112103.0,86.07218688964844,86.07618693033855,88.03116479492188,88.03516479492187
2023-07-26 15:32:55.782831,5111658.0,5112107.0,86.08957897949219,86.0935789794922,88.04855676269531,88.05255680338541
2023-07-26 15:32:55.800936,5111662.0,5112112.0,86.10697078450521,86.11097082519531,88.07029691569011,88.07429695638021
2023-07-26 15:32:55.818252,5111666.0,5112116.0,86.12436287434896,86.12836295572916,88.08768868001302,88.09168876139323
2023-07-26 15:32:55.835219,5111670.0,5112120.0,86.14175476074219,86.1457547607422,88.10508081054688,88.10908085123697
2023-07-26 15:32:55.852304,5111674.0,5112124.0,86.15914680989583,86.16314685058593,88.12247294108073,88.12647298177083
2023-07-26 15:32:55.870598,5111678.0,5112128.0,86.17653889973958,86.18053898111978,88.13986470540365,88.14386474609374
2023-07-26 15:32:55.887769,5111682.0,5112132.0,86.1939307047526,86.1979307454427,88.1572568359375,88.1612568766276
2023-07-26 15:32:55.905127,5111686.0,5112136.0,86.21133321126302,86.21533329264322,88.17464892578126,88.17864900716145
2023-07-26 15:32:55.922375,5111690.0,5112139.0,86.2287149251302,86.2327149658203,88.18769270833333,88.19169274902345
2023-07-26 15:32:55.939549,5111694.0,5112143.0,86.24610673014323,86.25010677083333,88.20508479817708,88.2090848795573
2023-07-26 15:32:55.957037,5111698.0,5112147.0,86.26349881998698,86.26749890136719,88.22247692871093,88.22647696940105
2023-07-26 15:32:55.974385,5111702.0,5112151.0,86.28089095052083,86.28489099121094,88.23986873372395,88.24386877441407
2023-07-26 15:32:55.991394,5111706.0,5112156.0,86.29828271484375,86.30228279622396,88.26160884602865,88.26560892740886
2023-07-26 15:32:56.009732,5111710.0,5112160.0,86.3156748453776,86.31967488606772,88.27900073242188,88.28300073242188
2023-07-26 15:32:56.027053,5111714.0,5112164.0,86.33306697591145,86.33706701660157,88.29639278157552,88.30039282226562
2023-07-26 15:32:56.048722,5111718.0,5112168.0,86.35045874023437,86.35445882161459,88.31378487141927,88.31778495279949
2023-07-26 15:32:56.066217,5111723.0,5112172.0,86.37219889322917,86.37619893391927,88.33117667643229,88.3351767171224
2023-07-26 15:32:56.082863,5111727.0,5112176.0,86.38959069824219,86.39359073893229,88.34856876627605,88.35256884765626
2023-07-26 15:32:56.100279,5111731.0,5112180.0,86.40698278808594,86.41098286946615,88.3659608968099,88.3699609375
2023-07-26 15:32:56.117818,5111735.0,5112184.0,86.42438533528646,86.42838537597656,88.38335270182291,88.38735274251302
2023-07-26 15:32:56.135639,5111739.0,5112189.0,86.44176668294271,86.44576676432293,88.4050928141276,88.40909289550783
2023-07-26 15:32:56.153049,5111743.0,5112193.0,86.45915881347656,86.46315885416668,88.42248494466146,88.42648498535155
2023-07-26 15:32:56.170233,5111747.0,5112196.0,86.47655094401041,86.48055098470053,88.43552868652344,88.43952876790364
2023-07-26 15:32:56.187291,5111751.0,5112201.0,86.49394270833334,86.49794278971353,88.45726883951824,88.46126892089845
2023-07-26 15:32:56.200414,5111755.0,5112205.0,86.51133483886719,86.51533487955729,88.47466088867188,88.47866088867187
2023-07-26 15:32:56.217716,5111758.0,5112208.0,86.52437890625,86.5283789876302,88.48770471191406,88.49170479329428
2023-07-26 15:32:56.235831,5111762.0,5112212.0,86.54178112792968,86.54578116861978,88.50509684244791,88.50909688313803
2023-07-26 15:32:56.252927,5111766.0,5112216.0,86.55916284179688,86.56316288248698,88.52248897298176,88.52648901367188
2023-07-26 15:32:56.270186,5111770.0,5112220.0,86.57655493164062,86.58055501302083,88.53988073730468,88.54388077799479
2023-07-26 15:32:56.287551,5111774.0,5112224.0,86.59394673665365,86.59794677734375,88.55727286783853,88.56127290852865
2023-07-26 15:32:56.304648,5111778.0,5112228.0,86.61133882649739,86.61533890787761,88.57466479492187,88.57866479492188
2023-07-26 15:32:56.322812,5111782.0,5112232.0,86.62873095703125,86.63273099772135,88.59205676269531,88.59605680338542
2023-07-26 15:32:56.339878,5111786.0,5112236.0,86.64612276204427,86.65012280273439,88.60944889322917,88.61344893391927
2023-07-26 15:32:56.357295,5111790.0,5112240.0,86.66351485188802,86.66751493326824,88.62684065755208,88.6308406982422
2023-07-26 15:32:56.374728,5111794.0,5112244.0,86.68090698242187,86.68490702311199,88.64423278808594,88.64823282877603
2023-07-26 15:32:56.391680,5111798.0,5112248.0,86.6982987467448,86.70229882812501,88.66163529459635,88.66563537597656
2023-07-26 15:32:56.408962,5111802.0,5112252.0,86.71569087727865,86.71969091796875,88.67901668294272,88.68301672363282
2023-07-26 15:32:56.426937,5111806.0,5112256.0,86.73308288574219,86.73708288574218,88.69640881347657,88.70040885416667
2023-07-26 15:32:56.444022,5111810.0,5112260.0,86.75047477213542,86.75447485351562,88.71380090332032,88.71780098470052
2023-07-26 15:32:56.461401,5111814.0,5112264.0,86.76786690266928,86.77186694335937,88.73119270833334,88.73519274902344
2023-07-26 15:32:56.483598,5111818.0,5112268.0,86.78525866699219,86.78925874837239,88.74858479817709,88.75258487955729
2023-07-26 15:32:56.500873,5111823.0,5112272.0,86.80699881998699,86.81099890136718,88.76597692871093,88.76997696940104
2023-07-26 15:32:56.517894,5111827.0,5112277.0,86.82439095052084,86.82839099121094,88.7877167561849,88.791716796875
2023-07-26 15:32:56.535217,5111831.0,5112281.0,86.84178271484376,86.84578279622396,88.80510884602866,88.80910892740886
2023-07-26 15:32:56.553204,5111835.0,5112285.0,86.85917484537761,86.86317488606771,88.82250073242189,88.82650073242188
2023-07-26 15:32:56.570562,5111839.0,5112289.0,86.87656697591144,86.88056701660156,88.83989278157553,88.84389282226562
2023-07-26 15:32:56.587657,5111843.0,5112293.0,86.89395874023437,86.89795882161458,88.85728487141927,88.86128495279948
2023-07-26 15:32:56.604954,5111847.0,5112297.0,86.91135087076823,86.91535091145833,88.87467667643229,88.87867671712239
2023-07-26 15:32:56.622208,5111851.0,5112301.0,86.92874300130208,86.93274304199218,88.89206876627604,88.89606884765625
2023-07-26 15:32:56.639762,5111855.0,5112304.0,86.94613476562499,86.9501348063151,88.90511287434896,88.90911291503907
2023-07-26 15:32:56.657022,5111859.0,5112308.0,86.96352689615885,86.96752693684896,88.92250463867187,88.9265047200521
2023-07-26 15:32:56.674066,5111863.0,5112312.0,86.98091882324219,86.9849188232422,88.93989676920573,88.94389680989583
2023-07-26 15:32:56.687150,5111867.0,5112317.0,86.99831079101563,87.00231083170573,88.96163692220051,88.96563696289063
2023-07-26 15:32:56.709131,5111870.0,5112319.0,87.01135485839845,87.01535493977865,88.97033276367186,88.97433276367187
2023-07-26 15:32:56.726695,5111875.0,5112324.0,87.0330946858724,87.0370947265625,88.99208321126302,88.99608325195312
2023-07-26 15:32:56.740256,5111879.0,5112329.0,87.05048681640625,87.05448685709635,89.01381294759115,89.01781298828125
2023-07-26 15:32:56.761262,5111882.0,5112332.0,87.06353088378907,87.06753096516927,89.02685668945313,89.03085673014323
2023-07-26 15:32:56.778428,5111887.0,5112337.0,87.08528112792969,87.08928116861979,89.04859684244792,89.05259688313802
2023-07-26 15:32:56.796425,5111891.0,5112341.0,87.10266284179689,87.10666288248697,89.06598897298177,89.06998901367187
2023-07-26 15:32:56.813452,5111895.0,5112345.0,87.12005493164062,87.12405501302082,89.0833807373047,89.08738077799478
2023-07-26 15:32:56.831509,5111899.0,5112349.0,87.13744673665366,87.14144677734375,89.10077286783854,89.10477290852864
2023-07-26 15:32:56.848827,5111903.0,5112353.0,87.1548388264974,87.15883890787761,89.11816479492188,89.12216479492187
2023-07-26 15:32:56.866100,5111907.0,5112357.0,87.17223095703125,87.17623099772135,89.1355567626953,89.13955680338542
2023-07-26 15:32:56.883090,5111911.0,5112361.0,87.18962276204427,87.19362280273438,89.15294889322917,89.15694893391927
2023-07-26 15:32:56.900386,5111915.0,5112364.0,87.20701485188802,87.21101493326823,89.16599291992188,89.16999291992188
2023-07-26 15:32:56.922493,5111919.0,5112369.0,87.22440698242187,87.22840702311198,89.18773278808594,89.19173282877604
2023-07-26 15:32:56.939905,5111924.0,5112374.0,87.24614680989583,87.25014685058593,89.20947294108072,89.21347298177083
2023-07-26 15:32:56.957009,5111928.0,5112378.0,87.26353889973957,87.26753898111978,89.22686470540364,89.23086474609374
2023-07-26 15:32:56.974154,5111932.0,5112382.0,87.28093070475259,87.28493074544271,89.24425683593749,89.24825687662761
2023-07-26 15:32:56.991481,5111936.0,5112385.0,87.29833321126301,87.30233329264323,89.25730090332031,89.26130098470053
2023-07-26 15:32:57.009693,5111940.0,5112390.0,87.31571492513021,87.31971496582031,89.27904073079426,89.28304077148438
2023-07-26 15:32:57.026743,5111944.0,5112394.0,87.33310673014323,87.33710677083333,89.29643286132813,89.30043290201823
2023-07-26 15:32:57.040047,5111948.0,5112398.0,87.35049881998698,87.3544989013672,89.31382495117187,89.31782495117187
2023-07-26 15:32:57.057222,5111951.0,5112401.0,87.3635429280599,87.36754296875,89.32686873372396,89.33086877441406
2023-07-26 15:32:57.079370,5111955.0,5112405.0,87.38093469238281,87.38493477376302,89.34426082356771,89.3482609049479
2023-07-26 15:32:57.096628,5111960.0,5112410.0,87.4026748453776,87.40667488606772,89.36600073242188,89.37000073242189
2023-07-26 15:32:57.113891,5111964.0,5112414.0,87.42006697591145,87.42406701660157,89.38339278157552,89.38739282226562
2023-07-26 15:32:57.130906,5111968.0,5112418.0,87.43745874023438,87.44145882161457,89.40078487141928,89.40478495279949
2023-07-26 15:32:57.148228,5111972.0,5112422.0,87.45485087076824,87.45885091145833,89.4181766764323,89.42217671712238
2023-07-26 15:32:57.166179,5111976.0,5112426.0,87.47224300130209,87.47624304199218,89.43556876627605,89.43956884765625
2023-07-26 15:32:57.183605,5111980.0,5112430.0,87.489634765625,87.4936348063151,89.4529608968099,89.4569609375
2023-07-26 15:32:57.200659,5111984.0,5112433.0,87.50702689615886,87.51102693684895,89.46600463867186,89.47000472005209
2023-07-26 15:32:57.218245,5111988.0,5112437.0,87.5244188232422,87.52841882324219,89.48339676920573,89.48739680989583
2023-07-26 15:32:57.235693,5111992.0,5112441.0,87.54181079101562,87.54581083170572,89.50078889973958,89.50478894042969
2023-07-26 15:32:57.252707,5111996.0,5112445.0,87.55920292154947,87.56320296223959,89.5181806640625,89.52218074544271
2023-07-26 15:32:57.270098,5112000.0,5112450.0,87.5765946858724,87.5805947265625,89.5399208170573,89.5439208577474
2023-07-26 15:32:57.287399,5112004.0,5112454.0,87.59398681640624,87.59798685709636,89.55731294759114,89.56131298828124
2023-07-26 15:32:57.305496,5112008.0,5112458.0,87.61137890625,87.61537898763021,89.57470471191407,89.57870479329428
2023-07-26 15:32:57.322748,5112012.0,5112462.0,87.62878112792968,87.63278116861979,89.59209684244792,89.59609688313803
2023-07-26 15:32:57.339794,5112016.0,5112466.0,87.64616284179688,87.65016288248698,89.60948897298177,89.61348901367188
2023-07-26 15:32:57.361762,5112020.0,5112469.0,87.66355493164062,87.66755501302083,89.62253271484376,89.62653275553384
2023-07-26 15:32:57.379099,5112025.0,5112474.0,87.68529475911458,87.68929479980468,89.64427286783854,89.64827290852865
2023-07-26 15:32:57.396619,5112029.0,5112479.0,87.70268688964843,87.70668693033855,89.66601265462239,89.6700127360026
2023-07-26 15:32:57.413943,5112033.0,5112483.0,87.72007897949219,87.72407897949219,89.68340478515624,89.68740482584636
2023-07-26 15:32:57.431005,5112037.0,5112487.0,87.7374707845052,87.74147082519532,89.7007969156901,89.7047969563802
2023-07-26 15:32:57.453292,5112041.0,5112491.0,87.75486287434896,87.75886295572917,89.71818868001301,89.72218876139324
2023-07-26 15:32:57.470370,5112046.0,5112496.0,87.77660270182291,87.78060274251303,89.73992883300781,89.74392887369793
2023-07-26 15:32:57.487370,5112050.0,5112500.0,87.79399483235677,87.79799487304687,89.75732096354166,89.76132100423177
2023-07-26 15:32:57.504539,5112054.0,5112504.0,87.81138692220051,87.81538700358074,89.77471272786458,89.7787128092448
2023-07-26 15:32:57.522547,5112058.0,5112508.0,87.82877872721355,87.83277876790365,89.79210485839845,89.79610489908855
2023-07-26 15:32:57.539862,5112062.0,5112511.0,87.8461708577474,87.85017089843751,89.80514892578125,89.80914900716145
2023-07-26 15:32:57.556855,5112066.0,5112516.0,87.86356294759115,87.86756302897136,89.8268887532552,89.83088879394532
2023-07-26 15:32:57.574177,5112070.0,5112520.0,87.88095475260417,87.88495479329427,89.84428088378907,89.84828092447916
2023-07-26 15:32:57.591454,5112074.0,5112524.0,87.89834684244792,87.90234692382812,89.86167264811198,89.86567272949218
2023-07-26 15:32:57.608862,5112078.0,5112528.0,87.91573897298177,87.91973901367187,89.87906477864584,89.88306481933593
2023-07-26 15:32:57.626850,5112082.0,5112531.0,87.93313077799479,87.93713081868489,89.89210884602865,89.89610892740886
2023-07-26 15:32:57.643818,5112086.0,5112536.0,87.95052286783854,87.95452294921874,89.9138486735026,89.9178487141927
2023-07-26 15:32:57.666187,5112090.0,5112540.0,87.9679149169922,87.97191491699219,89.93124080403645,89.93524084472656
2023-07-26 15:32:57.683824,5112095.0,5112545.0,87.98965482584636,87.99365486653646,89.95298095703126,89.95698099772135
2023-07-26 15:32:57.701238,5112099.0,5112549.0,88.00704691569011,88.01104699707031,89.97037272135415,89.97437276204427
2023-07-26 15:32:57.718314,5112103.0,5112553.0,88.02443872070313,88.02843876139323,89.98776485188803,89.99176489257812
2023-07-26 15:32:57.735515,5112107.0,5112556.0,88.04183081054687,88.04583089192708,90.00080891927082,90.00480900065104
2023-07-26 15:32:57.752851,5112111.0,5112560.0,88.05922294108072,88.06322298177083,90.01820072428386,90.02220076497396
2023-07-26 15:32:57.769807,5112115.0,5112565.0,88.07661474609374,88.08061478678385,90.03994087727864,90.04394091796875
2023-07-26 15:32:57.787876,5112119.0,5112569.0,88.09400683593749,88.0980069173177,90.05733276367187,90.06133276367187
2023-07-26 15:32:57.805019,5112123.0,5112573.0,88.11139896647136,88.11539900716146,90.07472477213541,90.07872481282553
2023-07-26 15:32:57.822191,5112127.0,5112576.0,88.12879073079426,88.13279081217448,90.08776883951823,90.09176892089845
2023-07-26 15:32:57.840033,5112131.0,5112580.0,88.14618286132813,88.15018290201823,90.10516088867188,90.10916088867188
2023-07-26 15:32:57.857688,5112135.0,5112585.0,88.16357499186198,88.1675750325521,90.12690079752603,90.13090083821615
2023-07-26 15:32:57.874870,5112139.0,5112589.0,88.1809667561849,88.18496683756511,90.14429288736979,90.14829296875
2023-07-26 15:32:57.892096,5112143.0,5112593.0,88.19835888671875,88.20235892740887,90.1616846923828,90.16568473307292
2023-07-26 15:32:57.909222,5112147.0,5112597.0,88.21575085449219,88.21975085449219,90.17907678222656,90.18307686360677
2023-07-26 15:32:57.927240,5112151.0,5112601.0,88.23314278157552,88.23714282226562,90.19646891276042,90.20046895345051
2023-07-26 15:32:57.944486,5112155.0,5112605.0,88.25053491210937,88.25453495279947,90.21386071777344,90.21786075846353
2023-07-26 15:32:57.961903,5112159.0,5112608.0,88.2679266764323,88.2719267578125,90.22690478515625,90.23090482584635
2023-07-26 15:32:57.983188,5112163.0,5112613.0,88.28531880696615,88.28931884765625,90.24864493815105,90.25264497884115
2023-07-26 15:32:58.000223,5112168.0,5112618.0,88.30705895996094,88.31105900065104,90.270384765625,90.27438480631511
2023-07-26 15:32:58.017647,5112172.0,5112622.0,88.32445072428386,88.32845080566406,90.28777685546875,90.29177693684895
2023-07-26 15:32:58.039661,5112176.0,5112625.0,88.34184285481771,88.34584289550781,90.30082096354165,90.30482100423177
2023-07-26 15:32:58.057449,5112181.0,5112630.0,88.36358288574219,88.3675828857422,90.32256075032552,90.32656083170572
2023-07-26 15:32:58.078876,5112185.0,5112635.0,88.38097477213542,88.38497485351562,90.34430090332032,90.34830098470051
2023-07-26 15:32:58.097449,5112190.0,5112640.0,88.40271492513021,88.40671496582031,90.36604073079427,90.37004077148438
2023-07-26 15:32:58.114586,5112194.0,5112644.0,88.42010673014323,88.42410677083333,90.38343286132813,90.38743290201823
2023-07-26 15:32:58.135976,5112199.0,5112648.0,88.44184684244792,88.44584692382813,90.40082495117187,90.40482495117188
2023-07-26 15:32:58.153173,5112203.0,5112653.0,88.45923897298177,88.46323901367188,90.42256477864584,90.42656481933594
2023-07-26 15:32:58.170332,5112207.0,5112657.0,88.47663077799479,88.4806308186849,90.43995690917968,90.4439569498698
2023-07-26 15:32:58.191699,5112211.0,5112661.0,88.49402286783854,88.49802294921875,90.45734867350261,90.46134871419271
2023-07-26 15:32:58.209660,5112216.0,5112665.0,88.5157626953125,88.5197627360026,90.47474080403646,90.47874084472656
2023-07-26 15:32:58.226804,5112220.0,5112670.0,88.53315482584635,88.53715486653647,90.49648095703125,90.50048099772135
2023-07-26 15:32:58.243960,5112224.0,5112674.0,88.5505469156901,88.55454699707032,90.51387272135416,90.51787276204428
2023-07-26 15:32:58.261937,5112228.0,5112678.0,88.56793872070313,88.57193876139324,90.53126485188803,90.53526489257813
2023-07-26 15:32:58.279336,5112232.0,5112682.0,88.58533081054688,88.58933089192709,90.54865694173178,90.55265698242188
2023-07-26 15:32:58.296667,5112236.0,5112686.0,88.60272294108073,88.60672298177083,90.5660487467448,90.57004878743489
2023-07-26 15:32:58.313823,5112240.0,5112690.0,88.62011474609375,88.62411478678385,90.58344087727865,90.58744091796875
2023-07-26 15:32:58.335770,5112244.0,5112694.0,88.6375068359375,88.6415069173177,90.60083276367187,90.60483276367187
2023-07-26 15:32:58.352515,5112249.0,5112698.0,88.65924694824218,88.66324694824218,90.61822477213542,90.62222481282552
2023-07-26 15:32:58.370751,5112253.0,5112703.0,88.67663879394532,88.68063883463542,90.63996492513022,90.6439649658203
2023-07-26 15:32:58.387940,5112257.0,5112706.0,88.69403088378907,88.69803096516927,90.65300866699219,90.6570087076823
2023-07-26 15:32:58.405236,5112261.0,5112711.0,88.71142272949218,88.71542272949218,90.67474881998699,90.67874886067708
2023-07-26 15:32:58.422504,5112265.0,5112715.0,88.72881477864584,88.73281486002604,90.69214090983073,90.69614099121094
2023-07-26 15:32:58.444448,5112269.0,5112719.0,88.74620690917969,88.75020694986979,90.70953271484376,90.71353275553385
2023-07-26 15:32:58.461796,5112274.0,5112724.0,88.76794673665366,88.77194677734374,90.73127286783854,90.73527290852864
2023-07-26 15:32:58.479044,5112278.0,5112728.0,88.7853388264974,88.7893389078776,90.74866479492188,90.75266479492187
2023-07-26 15:32:58.496128,5112282.0,5112731.0,88.80273095703126,88.80673099772135,90.76170874023437,90.76570878092448
2023-07-26 15:32:58.518397,5112287.0,5112736.0,88.82447078450521,88.82847082519531,90.78344889322918,90.78744893391926
2023-07-26 15:32:58.535997,5112291.0,5112741.0,88.84186287434896,88.84586295572916,90.80518868001302,90.80918876139323
2023-07-26 15:32:58.552460,5112295.0,5112745.0,88.85925476074219,88.86325476074218,90.82258081054688,90.82658085123697
2023-07-26 15:32:58.570466,5112299.0,5112749.0,88.87664680989583,88.88064685058593,90.83997294108073,90.84397298177083
2023-07-26 15:32:58.587934,5112303.0,5112753.0,88.89403889973958,88.89803898111978,90.85736470540364,90.86136474609374
2023-07-26 15:32:58.605187,5112307.0,5112757.0,88.9114307047526,88.9154307454427,90.8747568359375,90.8787568766276
2023-07-26 15:32:58.622604,5112311.0,5112761.0,88.92883321126301,88.93283329264322,90.89214892578124,90.89614900716145
2023-07-26 15:32:58.643784,5112315.0,5112765.0,88.9462149251302,88.95021496582031,90.90954073079426,90.91354077148438
2023-07-26 15:32:58.661907,5112320.0,5112769.0,88.96795475260417,88.97195479329427,90.92693286132813,90.93093290201823
2023-07-26 15:32:58.683039,5112325.0,5112774.0,88.98969490559897,88.99369494628905,90.94867264811198,90.95267272949218
2023-07-26 15:32:58.701163,5112329.0,5112779.0,89.0070867919922,89.01108679199218,90.97041280110678,90.97441284179688
2023-07-26 15:32:58.718331,5112333.0,5112783.0,89.02447880045574,89.02847884114583,90.98780493164062,90.99180497233073
2023-07-26 15:32:58.735463,5112337.0,5112787.0,89.04187089029948,89.04587097167969,91.00519669596355,91.00919677734375
2023-07-26 15:32:58.753402,5112341.0,5112791.0,89.05926269531251,89.0632627360026,91.02258882649738,91.0265888671875
2023-07-26 15:32:58.774333,5112345.0,5112795.0,89.07665482584636,89.08065486653646,91.03998095703125,91.04398099772135
2023-07-26 15:32:58.792273,5112350.0,5112799.0,89.09839493815105,89.10239501953124,91.05737272135416,91.06137276204427
2023-07-26 15:32:58.814198,5112354.0,5112804.0,89.11578674316407,89.11978678385417,91.07911287434895,91.08311291503907
2023-07-26 15:32:58.831143,5112359.0,5112808.0,89.13752689615886,89.14152693684895,91.09650463867187,91.10050472005209
2023-07-26 15:32:58.849082,5112363.0,5112813.0,89.1549188232422,89.15891882324219,91.11824479166667,91.12224487304687
2023-07-26 15:32:58.866029,5112367.0,5112816.0,89.17231079101563,89.17631083170572,91.13128889973957,91.13528894042969
2023-07-26 15:32:58.887952,5112371.0,5112821.0,89.18970292154948,89.19370296223958,91.15302868652344,91.15702876790364
2023-07-26 15:32:58.904895,5112376.0,5112825.0,89.21144270833334,89.21544278971353,91.1704208170573,91.17442085774739
2023-07-26 15:32:58.922835,5112380.0,5112830.0,89.22883483886719,89.23283487955729,91.19216088867188,91.19616088867187
2023-07-26 15:32:58.939778,5112384.0,5112834.0,89.24622696940105,89.25022701009114,91.20955273437501,91.21355281575521
2023-07-26 15:32:58.957719,5112388.0,5112837.0,89.26361873372394,89.26761877441406,91.22259684244791,91.22659688313803
2023-07-26 15:32:58.978648,5112392.0,5112842.0,89.28101086425782,89.28501090494791,91.24433666992186,91.24833671061198
2023-07-26 15:32:59.000578,5112397.0,5112847.0,89.30275085449219,89.30675085449218,91.26607678222656,91.27007686360676
2023-07-26 15:32:59.018512,5112402.0,5112852.0,89.32449080403646,89.32849088541666,91.28781693522136,91.29181701660156
2023-07-26 15:32:59.039443,5112406.0,5112855.0,89.34188293457031,89.34588297526042,91.30086071777343,91.30486075846353
2023-07-26 15:32:59.057713,5112411.0,5112861.0,89.36362276204427,89.36762280273439,91.32694889322917,91.33094893391927
2023-07-26 15:32:59.075106,5112415.0,5112865.0,89.38101485188803,89.38501493326824,91.34434065755208,91.34834069824218
2023-07-26 15:32:59.096488,5112419.0,5112869.0,89.39840698242188,89.40240702311199,91.36173278808594,91.36573282877603
2023-07-26 15:32:59.113749,5112424.0,5112874.0,89.42014680989583,89.42414685058594,91.38347294108073,91.38747298177084
2023-07-26 15:32:59.130975,5112428.0,5112878.0,89.43753889973958,89.44153898111979,91.40086470540365,91.40486474609375
2023-07-26 15:32:59.153191,5112432.0,5112882.0,89.4549307047526,89.45893074544271,91.4182568359375,91.42225687662761
2023-07-26 15:32:59.174575,5112438.0,5112887.0,89.48101888020832,89.48501892089844,91.43999682617188,91.44399682617188
2023-07-26 15:32:59.196793,5112442.0,5112892.0,89.49841097005208,89.5024110107422,91.46173677571615,91.46573685709636
2023-07-26 15:32:59.214039,5112447.0,5112897.0,89.52015079752603,89.52415083821614,91.48347692871093,91.48747696940104
2023-07-26 15:32:59.235324,5112451.0,5112901.0,89.53754292805989,89.54154296875,91.50086873372395,91.50486877441406
2023-07-26 15:32:59.252863,5112456.0,5112905.0,89.55928271484376,89.56328279622396,91.5182608235677,91.52226090494791
2023-07-26 15:32:59.274972,5112460.0,5112910.0,89.57667484537761,89.58067488606771,91.54000073242189,91.54400073242188
2023-07-26 15:32:59.291674,5112465.0,5112914.0,89.5984149169922,89.60241491699219,91.55739278157552,91.56139282226562
2023-07-26 15:32:59.313844,5112469.0,5112919.0,89.61580676269531,89.61980684407551,91.57913289388021,91.58313297526041
,,,,,,
,,,,,,
,,,,,,
,,,,,,
,,,,,,
