Id;X  [mm];Y  [mm];Z  [mm];U(95)  [mm];U(95) X  [mm];U(95) Y  [mm];U(95) Z  [mm];Target;Temperature  [°C];Pressure  [mBar];Humidity  [%];Time Stamp;Delete;
1;523,772;-2660,013;-330,328;0,000;0,000;0,000;0,000;RRR 1.5in;23,4;1014;48;'26.07.2023 10:50:25.630;;
2;523,772;-2660,013;-330,327;0,000;0,000;0,000;0,000;RRR 1.5in;23,4;1014;48;'26.07.2023 10:50:25.640;;
3;523,771;-2660,013;-330,328;0,000;0,000;0,000;0,000;RRR 1.5in;23,4;1014;48;'26.07.2023 10:50:25.650;;
4;523,772;-2660,012;-330,328;0,000;0,000;0,000;0,000;RRR 1.5in;23,4;1014;48;'26.07.2023 10:50:25.660;;
5;523,772;-2660,013;-330,327;0,000;0,000;0,000;0,000;RRR 1.5in;23,4;1014;48;'26.07.2023 10:50:25.670;;
6;523,773;-2660,013;-330,328;0,000;0,000;0,000;0,000;RRR 1.5in;23,4;1014;48;'26.07.2023 10:50:25.680;;
7;523,772;-2660,012;-330,328;0,000;0,000;0,000;0,000;RRR 1.5in;23,4;1014;48;'26.07.2023 10:50:25.690;;
8;523,772;-2660,012;-330,327;0,000;0,000;0,000;0,000;RRR 1.5in;23,4;1014;48;'26.07.2023 10:50:25.700;;
9;523,772;-2660,012;-330,328;0,000;0,000;0,000;0,000;RRR 1.5in;23,4;1014;48;'26.07.2023 10:50:25.710;;
10;523,773;-2660,012;-330,328;0,000;0,000;0,000;0,000;RRR 1.5in;23,4;1014;48;'26.07.2023 10:50:25.720;;
11;523,772;-2660,013;-330,327;0,000;0,000;0,000;0,000;RRR 1.5in;23,4;1014;48;'26.07.2023 10:50:25.730;;
12;523,771;-2660,013;-330,327;0,000;0,000;0,000;0,000;RRR 1.5in;23,4;1014;48;'26.07.2023 10:50:25.740;;
13;523,770;-2660,013;-330,327;0,000;0,000;0,000;0,000;RRR 1.5in;23,4;1014;48;'26.07.2023 10:50:25.750;;
14;523,769;-2660,013;-330,327;0,000;0,000;0,000;0,000;RRR 1.5in;23,4;1014;48;'26.07.2023 10:50:25.760;;
15;523,769;-2660,014;-330,326;0,000;0,000;0,000;0,000;RRR 1.5in;23,4;1014;48;'26.07.2023 10:50:25.770;;
16;523,768;-2660,014;-330,326;0,000;0,000;0,000;0,000;RRR 1.5in;23,4;1014;48;'26.07.2023 10:50:25.780;;
17;523,767;-2660,014;-330,326;0,000;0,000;0,000;0,000;RRR 1.5in;23,4;1014;48;'26.07.2023 10:50:25.790;;
18;523,767;-2660,014;-330,325;0,000;0,000;0,000;0,000;RRR 1.5in;23,4;1014;48;'26.07.2023 10:50:25.800;;
19;523,767;-2660,014;-330,326;0,000;0,000;0,000;0,000;RRR 1.5in;23,4;1014;48;'26.07.2023 10:50:25.810;;
20;523,767;-2660,013;-330,327;0,000;0,000;0,000;0,000;RRR 1.5in;23,4;1014;48;'26.07.2023 10:50:25.820;;
21;523,767;-2660,013;-330,327;0,000;0,000;0,000;0,000;RRR 1.5in;23,4;1014;48;'26.07.2023 10:50:25.830;;
22;523,766;-2660,014;-330,328;0,000;0,000;0,000;0,000;RRR 1.5in;23,4;1014;48;'26.07.2023 10:50:25.840;;
23;523,768;-2660,014;-330,328;0,000;0,000;0,000;0,000;RRR 1.5in;23,4;1014;48;'26.07.2023 10:50:25.850;;
24;523,768;-2660,014;-330,326;0,000;0,000;0,000;0,000;RRR 1.5in;23,4;1014;48;'26.07.2023 10:50:25.860;;
25;523,768;-2660,014;-330,327;0,000;0,000;0,000;0,000;RRR 1.5in;23,4;1014;48;'26.07.2023 10:50:25.870;;
26;523,768;-2660,014;-330,327;0,000;0,000;0,000;0,000;RRR 1.5in;23,4;1014;48;'26.07.2023 10:50:25.880;;
27;523,769;-2660,013;-330,327;0,000;0,000;0,000;0,000;RRR 1.5in;23,4;1014;48;'26.07.2023 10:50:25.890;;
28;523,769;-2660,013;-330,328;0,000;0,000;0,000;0,000;RRR 1.5in;23,4;1014;48;'26.07.2023 10:50:25.900;;
29;523,768;-2660,013;-330,328;0,000;0,000;0,000;0,000;RRR 1.5in;23,4;1014;48;'26.07.2023 10:50:25.910;;
30;523,769;-2660,013;-330,329;0,000;0,000;0,000;0,000;RRR 1.5in;23,4;1014;48;'26.07.2023 10:50:25.920;;
31;523,769;-2660,013;-330,328;0,000;0,000;0,000;0,000;RRR 1.5in;23,4;1014;48;'26.07.2023 10:50:25.930;;
32;523,768;-2660,013;-330,328;0,000;0,000;0,000;0,000;RRR 1.5in;23,4;1014;48;'26.07.2023 10:50:25.940;;
33;523,768;-2660,013;-330,329;0,000;0,000;0,000;0,000;RRR 1.5in;23,4;1014;48;'26.07.2023 10:50:25.950;;
34;523,769;-2660,013;-330,329;0,000;0,000;0,000;0,000;RRR 1.5in;23,4;1014;48;'26.07.2023 10:50:25.960;;
35;523,769;-2660,013;-330,330;0,000;0,000;0,000;0,000;RRR 1.5in;23,4;1014;48;'26.07.2023 10:50:25.970;;
36;523,770;-2660,013;-330,330;0,000;0,000;0,000;0,000;RRR 1.5in;23,4;1014;48;'26.07.2023 10:50:25.980;;
37;523,770;-2660,013;-330,330;0,000;0,000;0,000;0,000;RRR 1.5in;23,4;1014;48;'26.07.2023 10:50:25.990;;
38;523,771;-2660,012;-330,330;0,000;0,000;0,000;0,000;RRR 1.5in;23,4;1014;48;'26.07.2023 10:50:26.000;;
39;523,770;-2660,012;-330,331;0,000;0,000;0,000;0,000;RRR 1.5in;23,4;1014;48;'26.07.2023 10:50:26.010;;
40;523,770;-2660,012;-330,331;0,000;0,000;0,000;0,000;RRR 1.5in;23,4;1014;48;'26.07.2023 10:50:26.020;;
41;523,768;-2660,012;-330,331;0,000;0,000;0,000;0,000;RRR 1.5in;23,4;1014;48;'26.07.2023 10:50:26.030;;
42;523,768;-2660,012;-330,332;0,000;0,000;0,000;0,000;RRR 1.5in;23,4;1014;48;'26.07.2023 10:50:26.040;;
43;523,768;-2660,013;-330,331;0,000;0,000;0,000;0,000;RRR 1.5in;23,4;1014;48;'26.07.2023 10:50:26.050;;
44;523,766;-2660,013;-330,333;0,000;0,000;0,000;0,000;RRR 1.5in;23,4;1014;48;'26.07.2023 10:50:26.060;;
45;523,765;-2660,013;-330,332;0,000;0,000;0,000;0,000;RRR 1.5in;23,4;1014;48;'26.07.2023 10:50:26.070;;
46;523,764;-2660,014;-330,333;0,000;0,000;0,000;0,000;RRR 1.5in;23,4;1014;48;'26.07.2023 10:50:26.080;;
47;523,763;-2660,014;-330,333;0,000;0,000;0,000;0,000;RRR 1.5in;23,4;1014;48;'26.07.2023 10:50:26.090;;
48;523,765;-2660,013;-330,334;0,000;0,000;0,000;0,000;RRR 1.5in;23,4;1014;48;'26.07.2023 10:50:26.100;;
49;523,766;-2660,013;-330,333;0,000;0,000;0,000;0,000;RRR 1.5in;23,4;1014;48;'26.07.2023 10:50:26.110;;
50;523,768;-2660,012;-330,332;0,000;0,000;0,000;0,000;RRR 1.5in;23,4;1014;48;'26.07.2023 10:50:26.120;;
51;523,770;-2660,012;-330,333;0,000;0,000;0,000;0,000;RRR 1.5in;23,4;1014;48;'26.07.2023 10:50:26.130;;
52;523,772;-2660,011;-330,333;0,000;0,000;0,000;0,000;RRR 1.5in;23,4;1014;48;'26.07.2023 10:50:26.140;;
53;523,773;-2660,012;-330,333;0,000;0,000;0,000;0,000;RRR 1.5in;23,4;1014;48;'26.07.2023 10:50:26.150;;
54;523,776;-2660,011;-330,331;0,000;0,000;0,000;0,000;RRR 1.5in;23,4;1014;48;'26.07.2023 10:50:26.160;;
55;523,775;-2660,012;-330,331;0,000;0,000;0,000;0,000;RRR 1.5in;23,4;1014;48;'26.07.2023 10:50:26.170;;
56;523,777;-2660,011;-330,332;0,000;0,000;0,000;0,000;RRR 1.5in;23,4;1014;48;'26.07.2023 10:50:26.180;;
57;523,777;-2660,011;-330,332;0,000;0,000;0,000;0,000;RRR 1.5in;23,4;1014;48;'26.07.2023 10:50:26.190;;
58;523,778;-2660,011;-330,331;0,000;0,000;0,000;0,000;RRR 1.5in;23,4;1014;48;'26.07.2023 10:50:26.200;;
59;523,779;-2660,011;-330,332;0,000;0,000;0,000;0,000;RRR 1.5in;23,4;1014;48;'26.07.2023 10:50:26.210;;
60;523,780;-2660,011;-330,331;0,000;0,000;0,000;0,000;RRR 1.5in;23,4;1014;48;'26.07.2023 10:50:26.220;;
61;523,781;-2660,011;-330,331;0,000;0,000;0,000;0,000;RRR 1.5in;23,4;1014;48;'26.07.2023 10:50:26.230;;
62;523,780;-2660,011;-330,330;0,000;0,000;0,000;0,000;RRR 1.5in;23,4;1014;48;'26.07.2023 10:50:26.240;;
63;523,781;-2660,010;-330,330;0,000;0,000;0,000;0,000;RRR 1.5in;23,4;1014;48;'26.07.2023 10:50:26.250;;
64;523,780;-2660,011;-330,330;0,000;0,000;0,000;0,000;RRR 1.5in;23,4;1014;48;'26.07.2023 10:50:26.260;;
65;523,778;-2660,011;-330,329;0,000;0,000;0,000;0,000;RRR 1.5in;23,4;1014;48;'26.07.2023 10:50:26.270;;
66;523,777;-2660,011;-330,331;0,000;0,000;0,000;0,000;RRR 1.5in;23,4;1014;48;'26.07.2023 10:50:26.280;;
67;523,776;-2660,012;-330,330;0,000;0,000;0,000;0,000;RRR 1.5in;23,4;1014;48;'26.07.2023 10:50:26.290;;
68;523,774;-2660,012;-330,330;0,000;0,000;0,000;0,000;RRR 1.5in;23,4;1014;48;'26.07.2023 10:50:26.300;;
69;523,773;-2660,012;-330,328;0,000;0,000;0,000;0,000;RRR 1.5in;23,4;1014;48;'26.07.2023 10:50:26.310;;
70;523,771;-2660,013;-330,328;0,000;0,000;0,000;0,000;RRR 1.5in;23,4;1014;48;'26.07.2023 10:50:26.320;;
71;523,770;-2660,013;-330,325;0,000;0,000;0,000;0,000;RRR 1.5in;23,4;1014;48;'26.07.2023 10:50:26.330;;
72;523,768;-2660,014;-330,326;0,000;0,000;0,000;0,000;RRR 1.5in;23,4;1014;48;'26.07.2023 10:50:26.340;;
73;523,767;-2660,014;-330,325;0,000;0,000;0,000;0,000;RRR 1.5in;23,4;1014;48;'26.07.2023 10:50:26.350;;
74;523,765;-2660,014;-330,325;0,000;0,000;0,000;0,000;RRR 1.5in;23,4;1014;48;'26.07.2023 10:50:26.360;;
75;523,763;-2660,014;-330,325;0,000;0,000;0,000;0,000;RRR 1.5in;23,4;1014;48;'26.07.2023 10:50:26.370;;
76;523,763;-2660,014;-330,326;0,000;0,000;0,000;0,000;RRR 1.5in;23,4;1014;48;'26.07.2023 10:50:26.380;;
77;523,764;-2660,015;-330,326;0,000;0,000;0,000;0,000;RRR 1.5in;23,4;1014;48;'26.07.2023 10:50:26.390;;
78;523,765;-2660,015;-330,326;0,000;0,000;0,000;0,000;RRR 1.5in;23,4;1014;48;'26.07.2023 10:50:26.400;;
79;523,766;-2660,014;-330,326;0,000;0,000;0,000;0,000;RRR 1.5in;23,4;1014;48;'26.07.2023 10:50:26.410;;
80;523,768;-2660,014;-330,327;0,000;0,000;0,000;0,000;RRR 1.5in;23,4;1014;48;'26.07.2023 10:50:26.420;;
81;523,770;-2660,013;-330,327;0,000;0,000;0,000;0,000;RRR 1.5in;23,4;1014;48;'26.07.2023 10:50:26.430;;
82;523,771;-2660,013;-330,327;0,000;0,000;0,000;0,000;RRR 1.5in;23,4;1014;48;'26.07.2023 10:50:26.440;;
83;523,771;-2660,013;-330,329;0,000;0,000;0,000;0,000;RRR 1.5in;23,4;1014;48;'26.07.2023 10:50:26.450;;
84;523,771;-2660,012;-330,329;0,000;0,000;0,000;0,000;RRR 1.5in;23,4;1014;48;'26.07.2023 10:50:26.460;;
85;523,771;-2660,012;-330,329;0,000;0,000;0,000;0,000;RRR 1.5in;23,4;1014;48;'26.07.2023 10:50:26.470;;
86;523,771;-2660,012;-330,330;0,000;0,000;0,000;0,000;RRR 1.5in;23,4;1014;48;'26.07.2023 10:50:26.480;;
87;523,772;-2660,012;-330,330;0,000;0,000;0,000;0,000;RRR 1.5in;23,4;1014;48;'26.07.2023 10:50:26.490;;
88;523,772;-2660,012;-330,330;0,000;0,000;0,000;0,000;RRR 1.5in;23,4;1014;48;'26.07.2023 10:50:26.500;;
89;523,771;-2660,013;-330,329;0,000;0,000;0,000;0,000;RRR 1.5in;23,4;1014;48;'26.07.2023 10:50:26.510;;
90;523,772;-2660,013;-330,329;0,000;0,000;0,000;0,000;RRR 1.5in;23,4;1014;48;'26.07.2023 10:50:26.520;;
91;523,773;-2660,013;-330,329;0,000;0,000;0,000;0,000;RRR 1.5in;23,4;1014;48;'26.07.2023 10:50:26.530;;
92;523,774;-2660,012;-330,328;0,000;0,000;0,000;0,000;RRR 1.5in;23,4;1014;48;'26.07.2023 10:50:26.540;;
93;523,775;-2660,011;-330,330;0,000;0,000;0,000;0,000;RRR 1.5in;23,4;1014;48;'26.07.2023 10:50:26.550;;
94;523,777;-2660,011;-330,330;0,000;0,000;0,000;0,000;RRR 1.5in;23,4;1014;48;'26.07.2023 10:50:26.560;;
95;523,777;-2660,011;-330,330;0,000;0,000;0,000;0,000;RRR 1.5in;23,4;1014;48;'26.07.2023 10:50:26.570;;
96;523,778;-2660,011;-330,330;0,000;0,000;0,000;0,000;RRR 1.5in;23,4;1014;48;'26.07.2023 10:50:26.580;;
97;523,779;-2660,011;-330,330;0,000;0,000;0,000;0,000;RRR 1.5in;23,4;1014;48;'26.07.2023 10:50:26.590;;
98;523,779;-2660,011;-330,330;0,000;0,000;0,000;0,000;RRR 1.5in;23,4;1014;48;'26.07.2023 10:50:26.600;;
99;523,779;-2660,011;-330,330;0,000;0,000;0,000;0,000;RRR 1.5in;23,4;1014;48;'26.07.2023 10:50:26.610;;
100;523,779;-2660,011;-330,329;0,000;0,000;0,000;0,000;RRR 1.5in;23,4;1014;48;'26.07.2023 10:50:26.620;;
101;523,780;-2660,011;-330,330;0,000;0,000;0,000;0,000;RRR 1.5in;23,4;1014;48;'26.07.2023 10:50:26.630;;
102;523,779;-2660,011;-330,330;0,000;0,000;0,000;0,000;RRR 1.5in;23,4;1014;48;'26.07.2023 10:50:26.640;;
103;523,779;-2660,011;-330,328;0,000;0,000;0,000;0,000;RRR 1.5in;23,4;1014;48;'26.07.2023 10:50:26.650;;
104;523,778;-2660,011;-330,329;0,000;0,000;0,000;0,000;RRR 1.5in;23,4;1014;48;'26.07.2023 10:50:26.660;;
105;523,778;-2660,011;-330,329;0,000;0,000;0,000;0,000;RRR 1.5in;23,4;1014;48;'26.07.2023 10:50:26.670;;
106;523,777;-2660,011;-330,330;0,000;0,000;0,000;0,000;RRR 1.5in;23,4;1014;48;'26.07.2023 10:50:26.680;;
107;523,776;-2660,012;-330,329;0,000;0,000;0,000;0,000;RRR 1.5in;23,4;1014;48;'26.07.2023 10:50:26.690;;
108;523,773;-2660,012;-330,329;0,000;0,000;0,000;0,000;RRR 1.5in;23,4;1014;48;'26.07.2023 10:50:26.700;;
109;523,774;-2660,012;-330,330;0,000;0,000;0,000;0,000;RRR 1.5in;23,4;1014;48;'26.07.2023 10:50:26.710;;
110;523,772;-2660,013;-330,330;0,000;0,000;0,000;0,000;RRR 1.5in;23,4;1014;48;'26.07.2023 10:50:26.720;;
111;523,773;-2660,012;-330,330;0,000;0,000;0,000;0,000;RRR 1.5in;23,4;1014;48;'26.07.2023 10:50:26.730;;
112;523,771;-2660,012;-330,329;0,000;0,000;0,000;0,000;RRR 1.5in;23,4;1014;48;'26.07.2023 10:50:26.740;;
113;523,769;-2660,013;-330,330;0,000;0,000;0,000;0,000;RRR 1.5in;23,4;1014;48;'26.07.2023 10:50:26.750;;
114;523,770;-2660,013;-330,329;0,000;0,000;0,000;0,000;RRR 1.5in;23,4;1014;48;'26.07.2023 10:50:26.760;;
115;523,770;-2660,013;-330,330;0,000;0,000;0,000;0,000;RRR 1.5in;23,4;1014;48;'26.07.2023 10:50:26.770;;
116;523,770;-2660,013;-330,329;0,000;0,000;0,000;0,000;RRR 1.5in;23,4;1014;48;'26.07.2023 10:50:26.780;;
117;523,771;-2660,012;-330,330;0,000;0,000;0,000;0,000;RRR 1.5in;23,4;1014;48;'26.07.2023 10:50:26.790;;
118;523,771;-2660,012;-330,330;0,000;0,000;0,000;0,000;RRR 1.5in;23,4;1014;48;'26.07.2023 10:50:26.800;;
119;523,772;-2660,013;-330,329;0,000;0,000;0,000;0,000;RRR 1.5in;23,4;1014;48;'26.07.2023 10:50:26.810;;
120;523,774;-2660,012;-330,330;0,000;0,000;0,000;0,000;RRR 1.5in;23,4;1014;48;'26.07.2023 10:50:26.820;;
121;523,775;-2660,012;-330,329;0,000;0,000;0,000;0,000;RRR 1.5in;23,4;1014;48;'26.07.2023 10:50:26.830;;
122;523,775;-2660,012;-330,331;0,000;0,000;0,000;0,000;RRR 1.5in;23,4;1014;48;'26.07.2023 10:50:26.840;;
123;523,775;-2660,012;-330,329;0,000;0,000;0,000;0,000;RRR 1.5in;23,4;1014;48;'26.07.2023 10:50:26.850;;
124;523,775;-2660,012;-330,330;0,000;0,000;0,000;0,000;RRR 1.5in;23,4;1014;48;'26.07.2023 10:50:26.860;;
125;523,775;-2660,012;-330,329;0,000;0,000;0,000;0,000;RRR 1.5in;23,4;1014;48;'26.07.2023 10:50:26.870;;
126;523,773;-2660,012;-330,330;0,000;0,000;0,000;0,000;RRR 1.5in;23,4;1014;48;'26.07.2023 10:50:26.880;;
127;523,774;-2660,012;-330,329;0,000;0,000;0,000;0,000;RRR 1.5in;23,4;1014;48;'26.07.2023 10:50:26.890;;
128;523,772;-2660,012;-330,329;0,000;0,000;0,000;0,000;RRR 1.5in;23,4;1014;48;'26.07.2023 10:50:26.900;;
129;523,772;-2660,013;-330,328;0,000;0,000;0,000;0,000;RRR 1.5in;23,4;1014;48;'26.07.2023 10:50:26.910;;
130;523,772;-2660,013;-330,329;0,000;0,000;0,000;0,000;RRR 1.5in;23,4;1014;48;'26.07.2023 10:50:26.920;;
131;523,772;-2660,013;-330,328;0,000;0,000;0,000;0,000;RRR 1.5in;23,4;1014;48;'26.07.2023 10:50:26.930;;
132;523,771;-2660,013;-330,328;0,000;0,000;0,000;0,000;RRR 1.5in;23,4;1014;48;'26.07.2023 10:50:26.940;;
133;523,771;-2660,013;-330,328;0,000;0,000;0,000;0,000;RRR 1.5in;23,4;1014;48;'26.07.2023 10:50:26.950;;
134;523,771;-2660,013;-330,328;0,000;0,000;0,000;0,000;RRR 1.5in;23,4;1014;48;'26.07.2023 10:50:26.960;;
135;523,770;-2660,013;-330,328;0,000;0,000;0,000;0,000;RRR 1.5in;23,4;1014;48;'26.07.2023 10:50:26.970;;
136;523,771;-2660,013;-330,328;0,000;0,000;0,000;0,000;RRR 1.5in;23,4;1014;48;'26.07.2023 10:50:26.980;;
137;523,770;-2660,013;-330,328;0,000;0,000;0,000;0,000;RRR 1.5in;23,4;1014;48;'26.07.2023 10:50:26.990;;
138;523,770;-2660,013;-330,328;0,000;0,000;0,000;0,000;RRR 1.5in;23,4;1014;48;'26.07.2023 10:50:27.000;;
139;523,770;-2660,013;-330,329;0,000;0,000;0,000;0,000;RRR 1.5in;23,4;1014;48;'26.07.2023 10:50:27.010;;
140;523,770;-2660,013;-330,330;0,000;0,000;0,000;0,000;RRR 1.5in;23,4;1014;48;'26.07.2023 10:50:27.020;;
141;523,770;-2660,013;-330,329;0,000;0,000;0,000;0,000;RRR 1.5in;23,4;1014;48;'26.07.2023 10:50:27.030;;
142;523,771;-2660,013;-330,328;0,000;0,000;0,000;0,000;RRR 1.5in;23,4;1014;48;'26.07.2023 10:50:27.040;;
143;523,771;-2660,013;-330,329;0,000;0,000;0,000;0,000;RRR 1.5in;23,4;1014;48;'26.07.2023 10:50:27.050;;
144;523,772;-2660,013;-330,329;0,000;0,000;0,000;0,000;RRR 1.5in;23,4;1014;48;'26.07.2023 10:50:27.060;;
145;523,771;-2660,013;-330,329;0,000;0,000;0,000;0,000;RRR 1.5in;23,4;1014;48;'26.07.2023 10:50:27.070;;
146;523,771;-2660,013;-330,328;0,000;0,000;0,000;0,000;RRR 1.5in;23,4;1014;48;'26.07.2023 10:50:27.080;;
147;523,772;-2660,013;-330,329;0,000;0,000;0,000;0,000;RRR 1.5in;23,4;1014;48;'26.07.2023 10:50:27.090;;
148;523,772;-2660,013;-330,329;0,000;0,000;0,000;0,000;RRR 1.5in;23,4;1014;48;'26.07.2023 10:50:27.100;;
149;523,773;-2660,012;-330,329;0,000;0,000;0,000;0,000;RRR 1.5in;23,4;1014;48;'26.07.2023 10:50:27.110;;
150;523,774;-2660,012;-330,329;0,000;0,000;0,000;0,000;RRR 1.5in;23,4;1014;48;'26.07.2023 10:50:27.120;;
151;523,774;-2660,012;-330,329;0,000;0,000;0,000;0,000;RRR 1.5in;23,4;1014;48;'26.07.2023 10:50:27.130;;
152;523,774;-2660,012;-330,329;0,000;0,000;0,000;0,000;RRR 1.5in;23,4;1014;48;'26.07.2023 10:50:27.140;;
153;523,775;-2660,012;-330,330;0,000;0,000;0,000;0,000;RRR 1.5in;23,4;1014;48;'26.07.2023 10:50:27.150;;
154;523,775;-2660,012;-330,328;0,000;0,000;0,000;0,000;RRR 1.5in;23,4;1014;48;'26.07.2023 10:50:27.160;;
155;523,775;-2660,012;-330,328;0,000;0,000;0,000;0,000;RRR 1.5in;23,4;1014;48;'26.07.2023 10:50:27.170;;
156;523,776;-2660,012;-330,328;0,000;0,000;0,000;0,000;RRR 1.5in;23,4;1014;48;'26.07.2023 10:50:27.180;;
157;523,775;-2660,012;-330,327;0,000;0,000;0,000;0,000;RRR 1.5in;23,4;1014;48;'26.07.2023 10:50:27.190;;
158;523,775;-2660,012;-330,329;0,000;0,000;0,000;0,000;RRR 1.5in;23,4;1014;48;'26.07.2023 10:50:27.200;;
159;523,776;-2660,012;-330,328;0,000;0,000;0,000;0,000;RRR 1.5in;23,4;1014;48;'26.07.2023 10:50:27.210;;
160;523,776;-2660,012;-330,327;0,000;0,000;0,000;0,000;RRR 1.5in;23,4;1014;48;'26.07.2023 10:50:27.220;;
161;523,776;-2660,012;-330,327;0,000;0,000;0,000;0,000;RRR 1.5in;23,4;1014;48;'26.07.2023 10:50:27.230;;
162;523,776;-2660,012;-330,327;0,000;0,000;0,000;0,000;RRR 1.5in;23,4;1014;48;'26.07.2023 10:50:27.240;;
163;523,776;-2660,012;-330,327;0,000;0,000;0,000;0,000;RRR 1.5in;23,4;1014;48;'26.07.2023 10:50:27.250;;
164;523,776;-2660,012;-330,327;0,000;0,000;0,000;0,000;RRR 1.5in;23,4;1014;48;'26.07.2023 10:50:27.260;;
165;523,775;-2660,012;-330,327;0,000;0,000;0,000;0,000;RRR 1.5in;23,4;1014;48;'26.07.2023 10:50:27.270;;
166;523,775;-2660,012;-330,326;0,000;0,000;0,000;0,000;RRR 1.5in;23,4;1014;48;'26.07.2023 10:50:27.280;;
167;523,775;-2660,012;-330,326;0,000;0,000;0,000;0,000;RRR 1.5in;23,4;1014;48;'26.07.2023 10:50:27.290;;
168;523,775;-2660,012;-330,326;0,000;0,000;0,000;0,000;RRR 1.5in;23,4;1014;48;'26.07.2023 10:50:27.300;;
169;523,776;-2660,012;-330,326;0,000;0,000;0,000;0,000;RRR 1.5in;23,4;1014;48;'26.07.2023 10:50:27.310;;
170;523,777;-2660,012;-330,325;0,000;0,000;0,000;0,000;RRR 1.5in;23,4;1014;48;'26.07.2023 10:50:27.320;;
171;523,776;-2660,012;-330,327;0,000;0,000;0,000;0,000;RRR 1.5in;23,4;1014;48;'26.07.2023 10:50:27.330;;
172;523,776;-2660,012;-330,326;0,000;0,000;0,000;0,000;RRR 1.5in;23,4;1014;48;'26.07.2023 10:50:27.340;;
173;523,776;-2660,012;-330,326;0,000;0,000;0,000;0,000;RRR 1.5in;23,4;1014;48;'26.07.2023 10:50:27.350;;
174;523,775;-2660,012;-330,327;0,000;0,000;0,000;0,000;RRR 1.5in;23,4;1014;48;'26.07.2023 10:50:27.360;;
175;523,776;-2660,012;-330,325;0,000;0,000;0,000;0,000;RRR 1.5in;23,4;1014;48;'26.07.2023 10:50:27.370;;
176;523,776;-2660,012;-330,326;0,000;0,000;0,000;0,000;RRR 1.5in;23,4;1014;48;'26.07.2023 10:50:27.380;;
177;523,777;-2660,012;-330,325;0,000;0,000;0,000;0,000;RRR 1.5in;23,4;1014;48;'26.07.2023 10:50:27.390;;
178;523,778;-2660,012;-330,326;0,000;0,000;0,000;0,000;RRR 1.5in;23,4;1014;48;'26.07.2023 10:50:27.400;;
179;523,778;-2660,012;-330,325;0,000;0,000;0,000;0,000;RRR 1.5in;23,4;1014;48;'26.07.2023 10:50:27.410;;
180;523,778;-2660,012;-330,326;0,000;0,000;0,000;0,000;RRR 1.5in;23,4;1014;48;'26.07.2023 10:50:27.420;;
181;523,778;-2660,012;-330,326;0,000;0,000;0,000;0,000;RRR 1.5in;23,4;1014;48;'26.07.2023 10:50:27.430;;
182;523,778;-2660,012;-330,325;0,000;0,000;0,000;0,000;RRR 1.5in;23,4;1014;48;'26.07.2023 10:50:27.440;;
183;523,778;-2660,012;-330,325;0,000;0,000;0,000;0,000;RRR 1.5in;23,4;1014;48;'26.07.2023 10:50:27.450;;
184;523,779;-2660,012;-330,324;0,000;0,000;0,000;0,000;RRR 1.5in;23,4;1014;48;'26.07.2023 10:50:27.460;;
185;523,778;-2660,012;-330,324;0,000;0,000;0,000;0,000;RRR 1.5in;23,4;1014;48;'26.07.2023 10:50:27.470;;
186;523,778;-2660,012;-330,325;0,000;0,000;0,000;0,000;RRR 1.5in;23,4;1014;48;'26.07.2023 10:50:27.480;;
187;523,779;-2660,012;-330,325;0,000;0,000;0,000;0,000;RRR 1.5in;23,4;1014;48;'26.07.2023 10:50:27.490;;
188;523,778;-2660,012;-330,325;0,000;0,000;0,000;0,000;RRR 1.5in;23,4;1014;48;'26.07.2023 10:50:27.500;;
189;523,779;-2660,012;-330,325;0,000;0,000;0,000;0,000;RRR 1.5in;23,4;1014;48;'26.07.2023 10:50:27.510;;
190;523,779;-2660,012;-330,325;0,000;0,000;0,000;0,000;RRR 1.5in;23,4;1014;48;'26.07.2023 10:50:27.520;;
191;523,779;-2660,012;-330,325;0,000;0,000;0,000;0,000;RRR 1.5in;23,4;1014;48;'26.07.2023 10:50:27.530;;
192;523,779;-2660,012;-330,325;0,000;0,000;0,000;0,000;RRR 1.5in;23,4;1014;48;'26.07.2023 10:50:27.540;;
193;523,781;-2660,011;-330,325;0,000;0,000;0,000;0,000;RRR 1.5in;23,4;1014;48;'26.07.2023 10:50:27.550;;
194;523,781;-2660,011;-330,326;0,000;0,000;0,000;0,000;RRR 1.5in;23,4;1014;48;'26.07.2023 10:50:27.560;;
195;523,782;-2660,011;-330,326;0,000;0,000;0,000;0,000;RRR 1.5in;23,4;1014;48;'26.07.2023 10:50:27.570;;
196;523,782;-2660,011;-330,326;0,000;0,000;0,000;0,000;RRR 1.5in;23,4;1014;48;'26.07.2023 10:50:27.580;;
197;523,782;-2660,011;-330,325;0,000;0,000;0,000;0,000;RRR 1.5in;23,4;1014;48;'26.07.2023 10:50:27.590;;
198;523,782;-2660,011;-330,326;0,000;0,000;0,000;0,000;RRR 1.5in;23,4;1014;48;'26.07.2023 10:50:27.600;;
199;523,782;-2660,011;-330,326;0,000;0,000;0,000;0,000;RRR 1.5in;23,4;1014;48;'26.07.2023 10:50:27.610;;
200;523,782;-2660,011;-330,327;0,000;0,000;0,000;0,000;RRR 1.5in;23,4;1014;48;'26.07.2023 10:50:27.620;;
201;523,781;-2660,011;-330,327;0,000;0,000;0,000;0,000;RRR 1.5in;23,4;1014;48;'26.07.2023 10:50:27.630;;
202;523,782;-2660,011;-330,327;0,000;0,000;0,000;0,000;RRR 1.5in;23,4;1014;48;'26.07.2023 10:50:27.640;;
203;523,781;-2660,011;-330,328;0,000;0,000;0,000;0,000;RRR 1.5in;23,4;1014;48;'26.07.2023 10:50:27.650;;
204;523,779;-2660,011;-330,329;0,000;0,000;0,000;0,000;RRR 1.5in;23,4;1014;48;'26.07.2023 10:50:27.660;;
205;523,779;-2660,011;-330,329;0,000;0,000;0,000;0,000;RRR 1.5in;23,4;1014;48;'26.07.2023 10:50:27.670;;
206;523,779;-2660,011;-330,329;0,000;0,000;0,000;0,000;RRR 1.5in;23,4;1014;48;'26.07.2023 10:50:27.680;;
207;523,778;-2660,011;-330,329;0,000;0,000;0,000;0,000;RRR 1.5in;23,4;1014;48;'26.07.2023 10:50:27.690;;
208;523,778;-2660,011;-330,330;0,000;0,000;0,000;0,000;RRR 1.5in;23,4;1014;48;'26.07.2023 10:50:27.700;;
209;523,777;-2660,012;-330,329;0,000;0,000;0,000;0,000;RRR 1.5in;23,4;1014;48;'26.07.2023 10:50:27.710;;
210;523,777;-2660,012;-330,329;0,000;0,000;0,000;0,000;RRR 1.5in;23,4;1014;48;'26.07.2023 10:50:27.720;;
211;523,775;-2660,012;-330,328;0,000;0,000;0,000;0,000;RRR 1.5in;23,4;1014;48;'26.07.2023 10:50:27.730;;
212;523,776;-2660,012;-330,329;0,000;0,000;0,000;0,000;RRR 1.5in;23,4;1014;48;'26.07.2023 10:50:27.740;;
213;523,775;-2660,012;-330,328;0,000;0,000;0,000;0,000;RRR 1.5in;23,4;1014;48;'26.07.2023 10:50:27.750;;
214;523,775;-2660,012;-330,328;0,000;0,000;0,000;0,000;RRR 1.5in;23,4;1014;48;'26.07.2023 10:50:27.760;;
215;523,773;-2660,012;-330,329;0,000;0,000;0,000;0,000;RRR 1.5in;23,4;1014;48;'26.07.2023 10:50:27.770;;
216;523,774;-2660,012;-330,329;0,000;0,000;0,000;0,000;RRR 1.5in;23,4;1014;48;'26.07.2023 10:50:27.780;;
217;523,774;-2660,012;-330,330;0,000;0,000;0,000;0,000;RRR 1.5in;23,4;1014;48;'26.07.2023 10:50:27.790;;
218;523,774;-2660,012;-330,329;0,000;0,000;0,000;0,000;RRR 1.5in;23,4;1014;48;'26.07.2023 10:50:27.800;;
219;523,775;-2660,012;-330,329;0,000;0,000;0,000;0,000;RRR 1.5in;23,4;1014;48;'26.07.2023 10:50:27.810;;
220;523,774;-2660,012;-330,330;0,000;0,000;0,000;0,000;RRR 1.5in;23,4;1014;48;'26.07.2023 10:50:27.820;;
221;523,774;-2660,012;-330,329;0,000;0,000;0,000;0,000;RRR 1.5in;23,4;1014;48;'26.07.2023 10:50:27.830;;
222;523,774;-2660,012;-330,331;0,000;0,000;0,000;0,000;RRR 1.5in;23,4;1014;48;'26.07.2023 10:50:27.840;;
223;523,774;-2660,012;-330,330;0,000;0,000;0,000;0,000;RRR 1.5in;23,4;1014;48;'26.07.2023 10:50:27.850;;
224;523,774;-2660,012;-330,330;0,000;0,000;0,000;0,000;RRR 1.5in;23,4;1014;48;'26.07.2023 10:50:27.860;;
225;523,774;-2660,012;-330,331;0,000;0,000;0,000;0,000;RRR 1.5in;23,4;1014;48;'26.07.2023 10:50:27.870;;
226;523,774;-2660,012;-330,331;0,000;0,000;0,000;0,000;RRR 1.5in;23,4;1014;48;'26.07.2023 10:50:27.880;;
227;523,773;-2660,012;-330,332;0,000;0,000;0,000;0,000;RRR 1.5in;23,4;1014;48;'26.07.2023 10:50:27.890;;
228;523,773;-2660,012;-330,332;0,000;0,000;0,000;0,000;RRR 1.5in;23,4;1014;48;'26.07.2023 10:50:27.900;;
229;523,774;-2660,012;-330,333;0,000;0,000;0,000;0,000;RRR 1.5in;23,4;1014;48;'26.07.2023 10:50:27.910;;
230;523,773;-2660,012;-330,333;0,000;0,000;0,000;0,000;RRR 1.5in;23,4;1014;48;'26.07.2023 10:50:27.920;;
231;523,773;-2660,012;-330,333;0,000;0,000;0,000;0,000;RRR 1.5in;23,4;1014;48;'26.07.2023 10:50:27.930;;
232;523,774;-2660,012;-330,333;0,000;0,000;0,000;0,000;RRR 1.5in;23,4;1014;48;'26.07.2023 10:50:27.940;;
233;523,774;-2660,012;-330,333;0,000;0,000;0,000;0,000;RRR 1.5in;23,4;1014;48;'26.07.2023 10:50:27.950;;
234;523,774;-2660,012;-330,334;0,000;0,000;0,000;0,000;RRR 1.5in;23,4;1014;48;'26.07.2023 10:50:27.960;;
235;523,773;-2660,012;-330,334;0,000;0,000;0,000;0,000;RRR 1.5in;23,4;1014;48;'26.07.2023 10:50:27.970;;
236;523,773;-2660,012;-330,335;0,000;0,000;0,000;0,000;RRR 1.5in;23,4;1014;48;'26.07.2023 10:50:27.980;;
237;523,773;-2660,011;-330,336;0,000;0,000;0,000;0,000;RRR 1.5in;23,4;1014;48;'26.07.2023 10:50:27.990;;
238;523,772;-2660,011;-330,336;0,000;0,000;0,000;0,000;RRR 1.5in;23,4;1014;48;'26.07.2023 10:50:28.000;;
239;523,772;-2660,011;-330,335;0,000;0,000;0,000;0,000;RRR 1.5in;23,4;1014;48;'26.07.2023 10:50:28.010;;
240;523,773;-2660,012;-330,334;0,000;0,000;0,000;0,000;RRR 1.5in;23,4;1014;48;'26.07.2023 10:50:28.020;;
241;523,773;-2660,012;-330,333;0,000;0,000;0,000;0,000;RRR 1.5in;23,4;1014;48;'26.07.2023 10:50:28.030;;
242;523,773;-2660,012;-330,332;0,000;0,000;0,000;0,000;RRR 1.5in;23,4;1014;48;'26.07.2023 10:50:28.040;;
243;523,773;-2660,012;-330,332;0,000;0,000;0,000;0,000;RRR 1.5in;23,4;1014;48;'26.07.2023 10:50:28.050;;
244;523,772;-2660,012;-330,333;0,000;0,000;0,000;0,000;RRR 1.5in;23,4;1014;48;'26.07.2023 10:50:28.060;;
245;523,771;-2660,012;-330,333;0,000;0,000;0,000;0,000;RRR 1.5in;23,4;1014;48;'26.07.2023 10:50:28.070;;
246;523,772;-2660,012;-330,333;0,000;0,000;0,000;0,000;RRR 1.5in;23,4;1014;48;'26.07.2023 10:50:28.080;;
247;523,771;-2660,012;-330,334;0,000;0,000;0,000;0,000;RRR 1.5in;23,4;1014;48;'26.07.2023 10:50:28.090;;
248;523,771;-2660,012;-330,334;0,000;0,000;0,000;0,000;RRR 1.5in;23,4;1014;48;'26.07.2023 10:50:28.100;;
249;523,771;-2660,012;-330,334;0,000;0,000;0,000;0,000;RRR 1.5in;23,4;1014;48;'26.07.2023 10:50:28.110;;
250;523,769;-2660,012;-330,334;0,000;0,000;0,000;0,000;RRR 1.5in;23,4;1014;48;'26.07.2023 10:50:28.120;;
251;523,770;-2660,012;-330,335;0,000;0,000;0,000;0,000;RRR 1.5in;23,4;1014;48;'26.07.2023 10:50:28.130;;
252;523,769;-2660,012;-330,334;0,000;0,000;0,000;0,000;RRR 1.5in;23,4;1014;48;'26.07.2023 10:50:28.140;;
253;523,770;-2660,012;-330,335;0,000;0,000;0,000;0,000;RRR 1.5in;23,4;1014;48;'26.07.2023 10:50:28.150;;
254;523,769;-2660,012;-330,335;0,000;0,000;0,000;0,000;RRR 1.5in;23,4;1014;48;'26.07.2023 10:50:28.160;;
255;523,769;-2660,013;-330,334;0,000;0,000;0,000;0,000;RRR 1.5in;23,4;1014;48;'26.07.2023 10:50:28.170;;
256;523,768;-2660,013;-330,334;0,000;0,000;0,000;0,000;RRR 1.5in;23,4;1014;48;'26.07.2023 10:50:28.180;;
257;523,768;-2660,013;-330,335;0,000;0,000;0,000;0,000;RRR 1.5in;23,4;1014;48;'26.07.2023 10:50:28.190;;
258;523,768;-2660,013;-330,334;0,000;0,000;0,000;0,000;RRR 1.5in;23,4;1014;48;'26.07.2023 10:50:28.200;;
259;523,769;-2660,013;-330,335;0,000;0,000;0,000;0,000;RRR 1.5in;23,4;1014;48;'26.07.2023 10:50:28.210;;
260;523,769;-2660,013;-330,334;0,000;0,000;0,000;0,000;RRR 1.5in;23,4;1014;48;'26.07.2023 10:50:28.220;;
261;523,769;-2660,013;-330,334;0,000;0,000;0,000;0,000;RRR 1.5in;23,4;1014;48;'26.07.2023 10:50:28.230;;
262;523,768;-2660,013;-330,334;0,000;0,000;0,000;0,000;RRR 1.5in;23,4;1014;48;'26.07.2023 10:50:28.240;;
263;523,768;-2660,013;-330,335;0,000;0,000;0,000;0,000;RRR 1.5in;23,4;1014;48;'26.07.2023 10:50:28.250;;
264;523,767;-2660,013;-330,334;0,000;0,000;0,000;0,000;RRR 1.5in;23,4;1014;48;'26.07.2023 10:50:28.260;;
265;523,767;-2660,013;-330,334;0,000;0,000;0,000;0,000;RRR 1.5in;23,4;1014;48;'26.07.2023 10:50:28.270;;
266;523,767;-2660,013;-330,335;0,000;0,000;0,000;0,000;RRR 1.5in;23,4;1014;48;'26.07.2023 10:50:28.280;;
267;523,767;-2660,013;-330,334;0,000;0,000;0,000;0,000;RRR 1.5in;23,4;1014;48;'26.07.2023 10:50:28.290;;
268;523,767;-2660,013;-330,335;0,000;0,000;0,000;0,000;RRR 1.5in;23,4;1014;48;'26.07.2023 10:50:28.300;;
269;523,768;-2660,013;-330,335;0,000;0,000;0,000;0,000;RRR 1.5in;23,4;1014;48;'26.07.2023 10:50:28.310;;
270;523,768;-2660,013;-330,335;0,000;0,000;0,000;0,000;RRR 1.5in;23,4;1014;48;'26.07.2023 10:50:28.320;;
271;523,768;-2660,013;-330,334;0,000;0,000;0,000;0,000;RRR 1.5in;23,4;1014;48;'26.07.2023 10:50:28.330;;
272;523,769;-2660,012;-330,335;0,000;0,000;0,000;0,000;RRR 1.5in;23,4;1014;48;'26.07.2023 10:50:28.340;;
273;523,768;-2660,013;-330,334;0,000;0,000;0,000;0,000;RRR 1.5in;23,4;1014;48;'26.07.2023 10:50:28.350;;
274;523,768;-2660,013;-330,335;0,000;0,000;0,000;0,000;RRR 1.5in;23,4;1014;48;'26.07.2023 10:50:28.360;;
275;523,769;-2660,012;-330,335;0,000;0,000;0,000;0,000;RRR 1.5in;23,4;1014;48;'26.07.2023 10:50:28.370;;
276;523,770;-2660,012;-330,336;0,000;0,000;0,000;0,000;RRR 1.5in;23,4;1014;48;'26.07.2023 10:50:28.380;;
277;523,769;-2660,013;-330,335;0,000;0,000;0,000;0,000;RRR 1.5in;23,4;1014;48;'26.07.2023 10:50:28.390;;
278;523,769;-2660,012;-330,335;0,000;0,000;0,000;0,000;RRR 1.5in;23,4;1014;48;'26.07.2023 10:50:28.400;;
279;523,768;-2660,013;-330,334;0,000;0,000;0,000;0,000;RRR 1.5in;23,4;1014;48;'26.07.2023 10:50:28.410;;
280;523,769;-2660,012;-330,334;0,000;0,000;0,000;0,000;RRR 1.5in;23,4;1014;48;'26.07.2023 10:50:28.420;;
281;523,770;-2660,012;-330,335;0,000;0,000;0,000;0,000;RRR 1.5in;23,4;1014;48;'26.07.2023 10:50:28.430;;
282;523,769;-2660,012;-330,334;0,000;0,000;0,000;0,000;RRR 1.5in;23,4;1014;48;'26.07.2023 10:50:28.440;;
283;523,771;-2660,012;-330,334;0,000;0,000;0,000;0,000;RRR 1.5in;23,4;1014;48;'26.07.2023 10:50:28.450;;
284;523,771;-2660,012;-330,334;0,000;0,000;0,000;0,000;RRR 1.5in;23,4;1014;48;'26.07.2023 10:50:28.460;;
285;523,771;-2660,012;-330,333;0,000;0,000;0,000;0,000;RRR 1.5in;23,4;1014;48;'26.07.2023 10:50:28.470;;
286;523,771;-2660,012;-330,334;0,000;0,000;0,000;0,000;RRR 1.5in;23,4;1014;48;'26.07.2023 10:50:28.480;;
287;523,771;-2660,012;-330,333;0,000;0,000;0,000;0,000;RRR 1.5in;23,4;1014;48;'26.07.2023 10:50:28.490;;
288;523,771;-2660,012;-330,333;0,000;0,000;0,000;0,000;RRR 1.5in;23,4;1014;48;'26.07.2023 10:50:28.500;;
289;523,771;-2660,012;-330,333;0,000;0,000;0,000;0,000;RRR 1.5in;23,4;1014;48;'26.07.2023 10:50:28.510;;
290;523,771;-2660,012;-330,333;0,000;0,000;0,000;0,000;RRR 1.5in;23,4;1014;48;'26.07.2023 10:50:28.520;;
291;523,772;-2660,012;-330,332;0,000;0,000;0,000;0,000;RRR 1.5in;23,4;1014;48;'26.07.2023 10:50:28.530;;
292;523,771;-2660,012;-330,333;0,000;0,000;0,000;0,000;RRR 1.5in;23,4;1014;48;'26.07.2023 10:50:28.540;;
293;523,771;-2660,012;-330,333;0,000;0,000;0,000;0,000;RRR 1.5in;23,4;1014;48;'26.07.2023 10:50:28.550;;
294;523,771;-2660,012;-330,334;0,000;0,000;0,000;0,000;RRR 1.5in;23,4;1014;48;'26.07.2023 10:50:28.560;;
295;523,771;-2660,012;-330,333;0,000;0,000;0,000;0,000;RRR 1.5in;23,4;1014;48;'26.07.2023 10:50:28.570;;
296;523,771;-2660,012;-330,333;0,000;0,000;0,000;0,000;RRR 1.5in;23,4;1014;48;'26.07.2023 10:50:28.580;;
297;523,770;-2660,012;-330,333;0,000;0,000;0,000;0,000;RRR 1.5in;23,4;1014;48;'26.07.2023 10:50:28.590;;
298;523,770;-2660,012;-330,333;0,000;0,000;0,000;0,000;RRR 1.5in;23,4;1014;48;'26.07.2023 10:50:28.600;;
299;523,771;-2660,012;-330,333;0,000;0,000;0,000;0,000;RRR 1.5in;23,4;1014;48;'26.07.2023 10:50:28.610;;
300;523,770;-2660,012;-330,333;0,000;0,000;0,000;0,000;RRR 1.5in;23,4;1014;48;'26.07.2023 10:50:28.620;;
301;523,770;-2660,012;-330,334;0,000;0,000;0,000;0,000;RRR 1.5in;23,4;1014;48;'26.07.2023 10:50:28.630;;
302;523,770;-2660,012;-330,333;0,000;0,000;0,000;0,000;RRR 1.5in;23,4;1014;48;'26.07.2023 10:50:28.640;;
303;523,770;-2660,013;-330,332;0,000;0,000;0,000;0,000;RRR 1.5in;23,4;1014;48;'26.07.2023 10:50:28.650;;
304;523,770;-2660,013;-330,332;0,000;0,000;0,000;0,000;RRR 1.5in;23,4;1014;48;'26.07.2023 10:50:28.660;;
305;523,769;-2660,013;-330,332;0,000;0,000;0,000;0,000;RRR 1.5in;23,4;1014;48;'26.07.2023 10:50:28.670;;
306;523,769;-2660,013;-330,332;0,000;0,000;0,000;0,000;RRR 1.5in;23,4;1014;48;'26.07.2023 10:50:28.680;;
307;523,769;-2660,013;-330,333;0,000;0,000;0,000;0,000;RRR 1.5in;23,4;1014;48;'26.07.2023 10:50:28.690;;
308;523,768;-2660,013;-330,333;0,000;0,000;0,000;0,000;RRR 1.5in;23,4;1014;48;'26.07.2023 10:50:28.700;;
309;523,769;-2660,013;-330,332;0,000;0,000;0,000;0,000;RRR 1.5in;23,4;1014;48;'26.07.2023 10:50:28.710;;
310;523,767;-2660,013;-330,332;0,000;0,000;0,000;0,000;RRR 1.5in;23,4;1014;48;'26.07.2023 10:50:28.720;;
311;523,767;-2660,013;-330,331;0,000;0,000;0,000;0,000;RRR 1.5in;23,4;1014;48;'26.07.2023 10:50:28.730;;
312;523,767;-2660,013;-330,331;0,000;0,000;0,000;0,000;RRR 1.5in;23,4;1014;48;'26.07.2023 10:50:28.740;;
313;523,768;-2660,013;-330,332;0,000;0,000;0,000;0,000;RRR 1.5in;23,4;1014;48;'26.07.2023 10:50:28.750;;
314;523,767;-2660,013;-330,331;0,000;0,000;0,000;0,000;RRR 1.5in;23,4;1014;48;'26.07.2023 10:50:28.760;;
315;523,768;-2660,013;-330,332;0,000;0,000;0,000;0,000;RRR 1.5in;23,4;1014;48;'26.07.2023 10:50:28.770;;
316;523,767;-2660,013;-330,332;0,000;0,000;0,000;0,000;RRR 1.5in;23,4;1014;48;'26.07.2023 10:50:28.780;;
317;523,767;-2660,013;-330,331;0,000;0,000;0,000;0,000;RRR 1.5in;23,4;1014;48;'26.07.2023 10:50:28.790;;
318;523,766;-2660,014;-330,331;0,000;0,000;0,000;0,000;RRR 1.5in;23,4;1014;48;'26.07.2023 10:50:28.800;;
319;523,766;-2660,014;-330,330;0,000;0,000;0,000;0,000;RRR 1.5in;23,4;1014;48;'26.07.2023 10:50:28.810;;
320;523,766;-2660,014;-330,331;0,000;0,000;0,000;0,000;RRR 1.5in;23,4;1014;48;'26.07.2023 10:50:28.820;;
321;523,765;-2660,014;-330,331;0,000;0,000;0,000;0,000;RRR 1.5in;23,4;1014;48;'26.07.2023 10:50:28.830;;
322;523,765;-2660,014;-330,331;0,000;0,000;0,000;0,000;RRR 1.5in;23,4;1014;48;'26.07.2023 10:50:28.840;;
323;523,765;-2660,014;-330,331;0,000;0,000;0,000;0,000;RRR 1.5in;23,4;1014;48;'26.07.2023 10:50:28.850;;
324;523,765;-2660,014;-330,329;0,000;0,000;0,000;0,000;RRR 1.5in;23,4;1014;48;'26.07.2023 10:50:28.860;;
325;523,765;-2660,014;-330,331;0,000;0,000;0,000;0,000;RRR 1.5in;23,4;1014;48;'26.07.2023 10:50:28.870;;
326;523,765;-2660,014;-330,331;0,000;0,000;0,000;0,000;RRR 1.5in;23,4;1014;48;'26.07.2023 10:50:28.880;;
327;523,765;-2660,014;-330,331;0,000;0,000;0,000;0,000;RRR 1.5in;23,4;1014;48;'26.07.2023 10:50:28.890;;
328;523,765;-2660,014;-330,332;0,000;0,000;0,000;0,000;RRR 1.5in;23,4;1014;48;'26.07.2023 10:50:28.900;;
329;523,765;-2660,014;-330,331;0,000;0,000;0,000;0,000;RRR 1.5in;23,4;1014;48;'26.07.2023 10:50:28.910;;
330;523,764;-2660,014;-330,331;0,000;0,000;0,000;0,000;RRR 1.5in;23,4;1014;48;'26.07.2023 10:50:28.920;;
331;523,765;-2660,014;-330,331;0,000;0,000;0,000;0,000;RRR 1.5in;23,4;1014;48;'26.07.2023 10:50:28.930;;
332;523,766;-2660,014;-330,332;0,000;0,000;0,000;0,000;RRR 1.5in;23,4;1014;48;'26.07.2023 10:50:28.940;;
333;523,765;-2660,014;-330,331;0,000;0,000;0,000;0,000;RRR 1.5in;23,4;1014;48;'26.07.2023 10:50:28.950;;
334;523,766;-2660,013;-330,334;0,000;0,000;0,000;0,000;RRR 1.5in;23,4;1014;48;'26.07.2023 10:50:28.960;;
335;523,765;-2660,013;-330,334;0,000;0,000;0,000;0,000;RRR 1.5in;23,4;1014;48;'26.07.2023 10:50:28.970;;
336;523,765;-2660,013;-330,334;0,000;0,000;0,000;0,000;RRR 1.5in;23,4;1014;48;'26.07.2023 10:50:28.980;;
337;523,765;-2660,013;-330,334;0,000;0,000;0,000;0,000;RRR 1.5in;23,4;1014;48;'26.07.2023 10:50:28.990;;
338;523,765;-2660,013;-330,335;0,000;0,000;0,000;0,000;RRR 1.5in;23,4;1014;48;'26.07.2023 10:50:29.000;;
339;523,765;-2660,013;-330,335;0,000;0,000;0,000;0,000;RRR 1.5in;23,4;1014;48;'26.07.2023 10:50:29.010;;
340;523,764;-2660,013;-330,335;0,000;0,000;0,000;0,000;RRR 1.5in;23,4;1014;48;'26.07.2023 10:50:29.020;;
341;523,765;-2660,013;-330,335;0,000;0,000;0,000;0,000;RRR 1.5in;23,4;1014;48;'26.07.2023 10:50:29.030;;
342;523,765;-2660,013;-330,334;0,000;0,000;0,000;0,000;RRR 1.5in;23,4;1014;48;'26.07.2023 10:50:29.040;;
343;523,765;-2660,013;-330,334;0,000;0,000;0,000;0,000;RRR 1.5in;23,4;1014;48;'26.07.2023 10:50:29.050;;
344;523,765;-2660,013;-330,333;0,000;0,000;0,000;0,000;RRR 1.5in;23,4;1014;48;'26.07.2023 10:50:29.060;;
345;523,764;-2660,014;-330,333;0,000;0,000;0,000;0,000;RRR 1.5in;23,4;1014;48;'26.07.2023 10:50:29.070;;
346;523,765;-2660,014;-330,333;0,000;0,000;0,000;0,000;RRR 1.5in;23,4;1014;48;'26.07.2023 10:50:29.080;;
347;523,764;-2660,014;-330,333;0,000;0,000;0,000;0,000;RRR 1.5in;23,4;1014;48;'26.07.2023 10:50:29.090;;
348;523,764;-2660,014;-330,333;0,000;0,000;0,000;0,000;RRR 1.5in;23,4;1014;48;'26.07.2023 10:50:29.100;;
349;523,764;-2660,014;-330,333;0,000;0,000;0,000;0,000;RRR 1.5in;23,4;1014;48;'26.07.2023 10:50:29.110;;
350;523,764;-2660,014;-330,333;0,000;0,000;0,000;0,000;RRR 1.5in;23,4;1014;48;'26.07.2023 10:50:29.120;;
351;523,764;-2660,014;-330,332;0,000;0,000;0,000;0,000;RRR 1.5in;23,4;1014;48;'26.07.2023 10:50:29.130;;
352;523,763;-2660,014;-330,332;0,000;0,000;0,000;0,000;RRR 1.5in;23,4;1014;48;'26.07.2023 10:50:29.140;;
353;523,763;-2660,014;-330,333;0,000;0,000;0,000;0,000;RRR 1.5in;23,4;1014;48;'26.07.2023 10:50:29.150;;
354;523,763;-2660,014;-330,333;0,000;0,000;0,000;0,000;RRR 1.5in;23,4;1014;48;'26.07.2023 10:50:29.160;;
355;523,763;-2660,014;-330,333;0,000;0,000;0,000;0,000;RRR 1.5in;23,4;1014;48;'26.07.2023 10:50:29.170;;
356;523,762;-2660,014;-330,332;0,000;0,000;0,000;0,000;RRR 1.5in;23,4;1014;48;'26.07.2023 10:50:29.180;;
357;523,763;-2660,014;-330,331;0,000;0,000;0,000;0,000;RRR 1.5in;23,4;1014;48;'26.07.2023 10:50:29.190;;
358;523,763;-2660,014;-330,331;0,000;0,000;0,000;0,000;RRR 1.5in;23,4;1014;48;'26.07.2023 10:50:29.200;;
359;523,764;-2660,014;-330,330;0,000;0,000;0,000;0,000;RRR 1.5in;23,4;1014;48;'26.07.2023 10:50:29.210;;
360;523,763;-2660,014;-330,330;0,000;0,000;0,000;0,000;RRR 1.5in;23,4;1014;48;'26.07.2023 10:50:29.220;;
361;523,763;-2660,014;-330,329;0,000;0,000;0,000;0,000;RRR 1.5in;23,4;1014;48;'26.07.2023 10:50:29.230;;
362;523,764;-2660,014;-330,329;0,000;0,000;0,000;0,000;RRR 1.5in;23,4;1014;48;'26.07.2023 10:50:29.240;;
363;523,764;-2660,014;-330,329;0,000;0,000;0,000;0,000;RRR 1.5in;23,4;1014;48;'26.07.2023 10:50:29.250;;
364;523,764;-2660,014;-330,329;0,000;0,000;0,000;0,000;RRR 1.5in;23,4;1014;48;'26.07.2023 10:50:29.260;;
365;523,764;-2660,014;-330,329;0,000;0,000;0,000;0,000;RRR 1.5in;23,4;1014;48;'26.07.2023 10:50:29.270;;
366;523,764;-2660,014;-330,329;0,000;0,000;0,000;0,000;RRR 1.5in;23,4;1014;48;'26.07.2023 10:50:29.280;;
367;523,764;-2660,014;-330,328;0,000;0,000;0,000;0,000;RRR 1.5in;23,4;1014;48;'26.07.2023 10:50:29.290;;
368;523,764;-2660,014;-330,329;0,000;0,000;0,000;0,000;RRR 1.5in;23,4;1014;48;'26.07.2023 10:50:29.300;;
369;523,765;-2660,014;-330,329;0,000;0,000;0,000;0,000;RRR 1.5in;23,4;1014;48;'26.07.2023 10:50:29.310;;
370;523,764;-2660,014;-330,329;0,000;0,000;0,000;0,000;RRR 1.5in;23,4;1014;48;'26.07.2023 10:50:29.320;;
371;523,765;-2660,014;-330,329;0,000;0,000;0,000;0,000;RRR 1.5in;23,4;1014;48;'26.07.2023 10:50:29.330;;
372;523,764;-2660,014;-330,329;0,000;0,000;0,000;0,000;RRR 1.5in;23,4;1014;48;'26.07.2023 10:50:29.340;;
373;523,764;-2660,014;-330,330;0,000;0,000;0,000;0,000;RRR 1.5in;23,4;1014;48;'26.07.2023 10:50:29.350;;
374;523,765;-2660,014;-330,330;0,000;0,000;0,000;0,000;RRR 1.5in;23,4;1014;48;'26.07.2023 10:50:29.360;;
375;523,764;-2660,014;-330,331;0,000;0,000;0,000;0,000;RRR 1.5in;23,4;1014;48;'26.07.2023 10:50:29.370;;
376;523,764;-2660,014;-330,330;0,000;0,000;0,000;0,000;RRR 1.5in;23,4;1014;48;'26.07.2023 10:50:29.380;;
377;523,765;-2660,014;-330,330;0,000;0,000;0,000;0,000;RRR 1.5in;23,4;1014;48;'26.07.2023 10:50:29.390;;
378;523,764;-2660,014;-330,331;0,000;0,000;0,000;0,000;RRR 1.5in;23,4;1014;48;'26.07.2023 10:50:29.400;;
379;523,765;-2660,014;-330,331;0,000;0,000;0,000;0,000;RRR 1.5in;23,4;1014;48;'26.07.2023 10:50:29.410;;
380;523,766;-2660,013;-330,331;0,000;0,000;0,000;0,000;RRR 1.5in;23,4;1014;48;'26.07.2023 10:50:29.420;;
381;523,764;-2660,014;-330,332;0,000;0,000;0,000;0,000;RRR 1.5in;23,4;1014;48;'26.07.2023 10:50:29.430;;
382;523,765;-2660,014;-330,332;0,000;0,000;0,000;0,000;RRR 1.5in;23,4;1014;48;'26.07.2023 10:50:29.440;;
383;523,765;-2660,014;-330,332;0,000;0,000;0,000;0,000;RRR 1.5in;23,4;1014;48;'26.07.2023 10:50:29.450;;
384;523,765;-2660,014;-330,333;0,000;0,000;0,000;0,000;RRR 1.5in;23,4;1014;48;'26.07.2023 10:50:29.460;;
385;523,764;-2660,014;-330,332;0,000;0,000;0,000;0,000;RRR 1.5in;23,4;1014;48;'26.07.2023 10:50:29.470;;
386;523,765;-2660,014;-330,332;0,000;0,000;0,000;0,000;RRR 1.5in;23,4;1014;48;'26.07.2023 10:50:29.480;;
387;523,766;-2660,013;-330,333;0,000;0,000;0,000;0,000;RRR 1.5in;23,4;1014;48;'26.07.2023 10:50:29.490;;
388;523,766;-2660,013;-330,332;0,000;0,000;0,000;0,000;RRR 1.5in;23,4;1014;48;'26.07.2023 10:50:29.500;;
389;523,766;-2660,014;-330,331;0,000;0,000;0,000;0,000;RRR 1.5in;23,4;1014;48;'26.07.2023 10:50:29.510;;
390;523,766;-2660,014;-330,331;0,000;0,000;0,000;0,000;RRR 1.5in;23,4;1014;48;'26.07.2023 10:50:29.520;;
391;523,766;-2660,014;-330,331;0,000;0,000;0,000;0,000;RRR 1.5in;23,4;1014;48;'26.07.2023 10:50:29.530;;
392;523,767;-2660,013;-330,331;0,000;0,000;0,000;0,000;RRR 1.5in;23,4;1014;48;'26.07.2023 10:50:29.540;;
393;523,767;-2660,013;-330,332;0,000;0,000;0,000;0,000;RRR 1.5in;23,4;1014;48;'26.07.2023 10:50:29.550;;
394;523,767;-2660,013;-330,331;0,000;0,000;0,000;0,000;RRR 1.5in;23,4;1014;48;'26.07.2023 10:50:29.560;;
395;523,766;-2660,013;-330,331;0,000;0,000;0,000;0,000;RRR 1.5in;23,4;1014;48;'26.07.2023 10:50:29.570;;
396;523,768;-2660,013;-330,331;0,000;0,000;0,000;0,000;RRR 1.5in;23,4;1014;48;'26.07.2023 10:50:29.580;;
397;523,767;-2660,013;-330,330;0,000;0,000;0,000;0,000;RRR 1.5in;23,4;1014;48;'26.07.2023 10:50:29.590;;
398;523,768;-2660,013;-330,330;0,000;0,000;0,000;0,000;RRR 1.5in;23,4;1014;48;'26.07.2023 10:50:29.600;;
399;523,768;-2660,013;-330,330;0,000;0,000;0,000;0,000;RRR 1.5in;23,4;1014;48;'26.07.2023 10:50:29.610;;
400;523,767;-2660,013;-330,330;0,000;0,000;0,000;0,000;RRR 1.5in;23,4;1014;48;'26.07.2023 10:50:29.620;;
401;523,768;-2660,013;-330,331;0,000;0,000;0,000;0,000;RRR 1.5in;23,4;1014;48;'26.07.2023 10:50:29.630;;
402;523,767;-2660,013;-330,332;0,000;0,000;0,000;0,000;RRR 1.5in;23,4;1014;48;'26.07.2023 10:50:29.640;;
403;523,767;-2660,013;-330,331;0,000;0,000;0,000;0,000;RRR 1.5in;23,4;1014;48;'26.07.2023 10:50:29.650;;
404;523,766;-2660,013;-330,332;0,000;0,000;0,000;0,000;RRR 1.5in;23,4;1014;48;'26.07.2023 10:50:29.660;;
405;523,766;-2660,013;-330,332;0,000;0,000;0,000;0,000;RRR 1.5in;23,4;1014;48;'26.07.2023 10:50:29.670;;
406;523,767;-2660,013;-330,330;0,000;0,000;0,000;0,000;RRR 1.5in;23,4;1014;48;'26.07.2023 10:50:29.680;;
407;523,766;-2660,014;-330,331;0,000;0,000;0,000;0,000;RRR 1.5in;23,4;1014;48;'26.07.2023 10:50:29.690;;
408;523,767;-2660,013;-330,331;0,000;0,000;0,000;0,000;RRR 1.5in;23,4;1014;48;'26.07.2023 10:50:29.700;;
409;523,766;-2660,013;-330,331;0,000;0,000;0,000;0,000;RRR 1.5in;23,4;1014;48;'26.07.2023 10:50:29.710;;
410;523,767;-2660,013;-330,331;0,000;0,000;0,000;0,000;RRR 1.5in;23,4;1014;48;'26.07.2023 10:50:29.720;;
411;523,767;-2660,013;-330,331;0,000;0,000;0,000;0,000;RRR 1.5in;23,4;1014;48;'26.07.2023 10:50:29.730;;
412;523,767;-2660,013;-330,333;0,000;0,000;0,000;0,000;RRR 1.5in;23,4;1014;48;'26.07.2023 10:50:29.740;;
413;523,767;-2660,013;-330,332;0,000;0,000;0,000;0,000;RRR 1.5in;23,4;1014;48;'26.07.2023 10:50:29.750;;
414;523,767;-2660,013;-330,331;0,000;0,000;0,000;0,000;RRR 1.5in;23,4;1014;48;'26.07.2023 10:50:29.760;;
415;523,767;-2660,013;-330,331;0,000;0,000;0,000;0,000;RRR 1.5in;23,4;1014;48;'26.07.2023 10:50:29.770;;
416;523,768;-2660,013;-330,330;0,000;0,000;0,000;0,000;RRR 1.5in;23,4;1014;48;'26.07.2023 10:50:29.780;;
417;523,768;-2660,013;-330,331;0,000;0,000;0,000;0,000;RRR 1.5in;23,4;1014;48;'26.07.2023 10:50:29.790;;
418;523,768;-2660,013;-330,330;0,000;0,000;0,000;0,000;RRR 1.5in;23,4;1014;48;'26.07.2023 10:50:29.800;;
419;523,767;-2660,013;-330,331;0,000;0,000;0,000;0,000;RRR 1.5in;23,4;1014;48;'26.07.2023 10:50:29.810;;
420;523,767;-2660,013;-330,332;0,000;0,000;0,000;0,000;RRR 1.5in;23,4;1014;48;'26.07.2023 10:50:29.820;;
421;523,768;-2660,013;-330,331;0,000;0,000;0,000;0,000;RRR 1.5in;23,4;1014;48;'26.07.2023 10:50:29.830;;
422;523,767;-2660,013;-330,332;0,000;0,000;0,000;0,000;RRR 1.5in;23,4;1014;48;'26.07.2023 10:50:29.840;;
423;523,766;-2660,014;-330,330;0,000;0,000;0,000;0,000;RRR 1.5in;23,4;1014;48;'26.07.2023 10:50:29.850;;
424;523,767;-2660,014;-330,330;0,000;0,000;0,000;0,000;RRR 1.5in;23,4;1014;48;'26.07.2023 10:50:29.860;;
425;523,767;-2660,014;-330,330;0,000;0,000;0,000;0,000;RRR 1.5in;23,4;1014;48;'26.07.2023 10:50:29.870;;
426;523,766;-2660,014;-330,331;0,000;0,000;0,000;0,000;RRR 1.5in;23,4;1014;48;'26.07.2023 10:50:29.880;;
427;523,767;-2660,014;-330,330;0,000;0,000;0,000;0,000;RRR 1.5in;23,4;1014;48;'26.07.2023 10:50:29.890;;
428;523,767;-2660,014;-330,329;0,000;0,000;0,000;0,000;RRR 1.5in;23,4;1014;48;'26.07.2023 10:50:29.900;;
429;523,767;-2660,014;-330,329;0,000;0,000;0,000;0,000;RRR 1.5in;23,4;1014;48;'26.07.2023 10:50:29.910;;
430;523,767;-2660,014;-330,329;0,000;0,000;0,000;0,000;RRR 1.5in;23,4;1014;48;'26.07.2023 10:50:29.920;;
431;523,767;-2660,014;-330,328;0,000;0,000;0,000;0,000;RRR 1.5in;23,4;1014;48;'26.07.2023 10:50:29.930;;
432;523,766;-2660,014;-330,328;0,000;0,000;0,000;0,000;RRR 1.5in;23,4;1014;48;'26.07.2023 10:50:29.940;;
433;523,766;-2660,014;-330,329;0,000;0,000;0,000;0,000;RRR 1.5in;23,4;1014;48;'26.07.2023 10:50:29.950;;
434;523,767;-2660,014;-330,328;0,000;0,000;0,000;0,000;RRR 1.5in;23,4;1014;48;'26.07.2023 10:50:29.960;;
435;523,766;-2660,014;-330,328;0,000;0,000;0,000;0,000;RRR 1.5in;23,4;1014;48;'26.07.2023 10:50:29.970;;
436;523,766;-2660,014;-330,328;0,000;0,000;0,000;0,000;RRR 1.5in;23,4;1014;48;'26.07.2023 10:50:29.980;;
437;523,766;-2660,014;-330,328;0,000;0,000;0,000;0,000;RRR 1.5in;23,4;1014;48;'26.07.2023 10:50:29.990;;
438;523,766;-2660,014;-330,329;0,000;0,000;0,000;0,000;RRR 1.5in;23,4;1014;48;'26.07.2023 10:50:30.000;;
439;523,766;-2660,014;-330,329;0,000;0,000;0,000;0,000;RRR 1.5in;23,4;1014;48;'26.07.2023 10:50:30.010;;
440;523,766;-2660,014;-330,328;0,000;0,000;0,000;0,000;RRR 1.5in;23,4;1014;48;'26.07.2023 10:50:30.020;;
441;523,767;-2660,014;-330,328;0,000;0,000;0,000;0,000;RRR 1.5in;23,4;1014;48;'26.07.2023 10:50:30.030;;
442;523,765;-2660,014;-330,327;0,000;0,000;0,000;0,000;RRR 1.5in;23,4;1014;48;'26.07.2023 10:50:30.040;;
443;523,766;-2660,014;-330,327;0,000;0,000;0,000;0,000;RRR 1.5in;23,4;1014;48;'26.07.2023 10:50:30.050;;
444;523,765;-2660,014;-330,327;0,000;0,000;0,000;0,000;RRR 1.5in;23,4;1014;48;'26.07.2023 10:50:30.060;;
445;523,765;-2660,014;-330,327;0,000;0,000;0,000;0,000;RRR 1.5in;23,4;1014;48;'26.07.2023 10:50:30.070;;
446;523,764;-2660,014;-330,327;0,000;0,000;0,000;0,000;RRR 1.5in;23,4;1014;48;'26.07.2023 10:50:30.080;;
447;523,765;-2660,014;-330,326;0,000;0,000;0,000;0,000;RRR 1.5in;23,4;1014;48;'26.07.2023 10:50:30.090;;
448;523,763;-2660,015;-330,326;0,000;0,000;0,000;0,000;RRR 1.5in;23,4;1014;48;'26.07.2023 10:50:30.100;;
449;523,764;-2660,014;-330,326;0,000;0,000;0,000;0,000;RRR 1.5in;23,4;1014;48;'26.07.2023 10:50:30.110;;
450;523,765;-2660,014;-330,327;0,000;0,000;0,000;0,000;RRR 1.5in;23,4;1014;48;'26.07.2023 10:50:30.120;;
451;523,763;-2660,015;-330,325;0,000;0,000;0,000;0,000;RRR 1.5in;23,4;1014;48;'26.07.2023 10:50:30.130;;
452;523,764;-2660,015;-330,325;0,000;0,000;0,000;0,000;RRR 1.5in;23,4;1014;48;'26.07.2023 10:50:30.140;;
453;523,763;-2660,015;-330,326;0,000;0,000;0,000;0,000;RRR 1.5in;23,4;1014;48;'26.07.2023 10:50:30.150;;
454;523,763;-2660,015;-330,326;0,000;0,000;0,000;0,000;RRR 1.5in;23,4;1014;48;'26.07.2023 10:50:30.160;;
455;523,763;-2660,015;-330,326;0,000;0,000;0,000;0,000;RRR 1.5in;23,4;1014;48;'26.07.2023 10:50:30.170;;
456;523,763;-2660,015;-330,326;0,000;0,000;0,000;0,000;RRR 1.5in;23,4;1014;48;'26.07.2023 10:50:30.180;;
457;523,762;-2660,015;-330,325;0,000;0,000;0,000;0,000;RRR 1.5in;23,4;1014;48;'26.07.2023 10:50:30.190;;
458;523,762;-2660,015;-330,325;0,000;0,000;0,000;0,000;RRR 1.5in;23,4;1014;48;'26.07.2023 10:50:30.200;;
459;523,762;-2660,015;-330,325;0,000;0,000;0,000;0,000;RRR 1.5in;23,4;1014;48;'26.07.2023 10:50:30.210;;
460;523,762;-2660,015;-330,325;0,000;0,000;0,000;0,000;RRR 1.5in;23,4;1014;48;'26.07.2023 10:50:30.220;;
461;523,762;-2660,015;-330,324;0,000;0,000;0,000;0,000;RRR 1.5in;23,4;1014;48;'26.07.2023 10:50:30.230;;
462;523,762;-2660,015;-330,324;0,000;0,000;0,000;0,000;RRR 1.5in;23,4;1014;48;'26.07.2023 10:50:30.240;;
463;523,762;-2660,015;-330,325;0,000;0,000;0,000;0,000;RRR 1.5in;23,4;1014;48;'26.07.2023 10:50:30.250;;
464;523,762;-2660,015;-330,325;0,000;0,000;0,000;0,000;RRR 1.5in;23,4;1014;48;'26.07.2023 10:50:30.260;;
465;523,763;-2660,015;-330,324;0,000;0,000;0,000;0,000;RRR 1.5in;23,4;1014;48;'26.07.2023 10:50:30.270;;
466;523,763;-2660,015;-330,325;0,000;0,000;0,000;0,000;RRR 1.5in;23,4;1014;48;'26.07.2023 10:50:30.280;;
467;523,762;-2660,015;-330,325;0,000;0,000;0,000;0,000;RRR 1.5in;23,4;1014;48;'26.07.2023 10:50:30.290;;
468;523,763;-2660,015;-330,325;0,000;0,000;0,000;0,000;RRR 1.5in;23,4;1014;48;'26.07.2023 10:50:30.300;;
469;523,762;-2660,015;-330,325;0,000;0,000;0,000;0,000;RRR 1.5in;23,4;1014;48;'26.07.2023 10:50:30.310;;
470;523,763;-2660,015;-330,325;0,000;0,000;0,000;0,000;RRR 1.5in;23,4;1014;48;'26.07.2023 10:50:30.320;;
471;523,763;-2660,015;-330,324;0,000;0,000;0,000;0,000;RRR 1.5in;23,4;1014;48;'26.07.2023 10:50:30.330;;
472;523,764;-2660,015;-330,325;0,000;0,000;0,000;0,000;RRR 1.5in;23,4;1014;48;'26.07.2023 10:50:30.340;;
473;523,763;-2660,015;-330,325;0,000;0,000;0,000;0,000;RRR 1.5in;23,4;1014;48;'26.07.2023 10:50:30.350;;
474;523,763;-2660,015;-330,325;0,000;0,000;0,000;0,000;RRR 1.5in;23,4;1014;48;'26.07.2023 10:50:30.360;;
475;523,763;-2660,015;-330,326;0,000;0,000;0,000;0,000;RRR 1.5in;23,4;1014;48;'26.07.2023 10:50:30.370;;
476;523,762;-2660,015;-330,325;0,000;0,000;0,000;0,000;RRR 1.5in;23,4;1014;48;'26.07.2023 10:50:30.380;;
477;523,762;-2660,015;-330,326;0,000;0,000;0,000;0,000;RRR 1.5in;23,4;1014;48;'26.07.2023 10:50:30.390;;
478;523,762;-2660,015;-330,326;0,000;0,000;0,000;0,000;RRR 1.5in;23,4;1014;48;'26.07.2023 10:50:30.400;;
479;523,762;-2660,015;-330,327;0,000;0,000;0,000;0,000;RRR 1.5in;23,4;1014;48;'26.07.2023 10:50:30.410;;
480;523,763;-2660,015;-330,327;0,000;0,000;0,000;0,000;RRR 1.5in;23,4;1014;48;'26.07.2023 10:50:30.420;;
481;523,762;-2660,015;-330,327;0,000;0,000;0,000;0,000;RRR 1.5in;23,4;1014;48;'26.07.2023 10:50:30.430;;
482;523,762;-2660,015;-330,326;0,000;0,000;0,000;0,000;RRR 1.5in;23,4;1014;48;'26.07.2023 10:50:30.440;;
483;523,762;-2660,015;-330,327;0,000;0,000;0,000;0,000;RRR 1.5in;23,4;1014;48;'26.07.2023 10:50:30.450;;
484;523,761;-2660,015;-330,328;0,000;0,000;0,000;0,000;RRR 1.5in;23,4;1014;48;'26.07.2023 10:50:30.460;;
485;523,762;-2660,015;-330,327;0,000;0,000;0,000;0,000;RRR 1.5in;23,4;1014;48;'26.07.2023 10:50:30.470;;
486;523,761;-2660,015;-330,326;0,000;0,000;0,000;0,000;RRR 1.5in;23,4;1014;48;'26.07.2023 10:50:30.480;;
487;523,761;-2660,015;-330,326;0,000;0,000;0,000;0,000;RRR 1.5in;23,4;1014;48;'26.07.2023 10:50:30.490;;
488;523,761;-2660,015;-330,326;0,000;0,000;0,000;0,000;RRR 1.5in;23,4;1014;48;'26.07.2023 10:50:30.500;;
489;523,761;-2660,015;-330,326;0,000;0,000;0,000;0,000;RRR 1.5in;23,4;1014;48;'26.07.2023 10:50:30.510;;
490;523,761;-2660,015;-330,326;0,000;0,000;0,000;0,000;RRR 1.5in;23,4;1014;48;'26.07.2023 10:50:30.520;;
491;523,761;-2660,015;-330,326;0,000;0,000;0,000;0,000;RRR 1.5in;23,4;1014;48;'26.07.2023 10:50:30.530;;
492;523,762;-2660,015;-330,327;0,000;0,000;0,000;0,000;RRR 1.5in;23,4;1014;48;'26.07.2023 10:50:30.540;;
493;523,762;-2660,015;-330,326;0,000;0,000;0,000;0,000;RRR 1.5in;23,4;1014;48;'26.07.2023 10:50:30.550;;
494;523,763;-2660,015;-330,327;0,000;0,000;0,000;0,000;RRR 1.5in;23,4;1014;48;'26.07.2023 10:50:30.560;;
495;523,763;-2660,015;-330,327;0,000;0,000;0,000;0,000;RRR 1.5in;23,4;1014;48;'26.07.2023 10:50:30.570;;
496;523,762;-2660,015;-330,327;0,000;0,000;0,000;0,000;RRR 1.5in;23,4;1014;48;'26.07.2023 10:50:30.580;;
497;523,761;-2660,015;-330,328;0,000;0,000;0,000;0,000;RRR 1.5in;23,4;1014;48;'26.07.2023 10:50:30.590;;
498;523,760;-2660,015;-330,328;0,000;0,000;0,000;0,000;RRR 1.5in;23,4;1014;48;'26.07.2023 10:50:30.600;;
499;523,761;-2660,015;-330,327;0,000;0,000;0,000;0,000;RRR 1.5in;23,4;1014;48;'26.07.2023 10:50:30.610;;
500;523,760;-2660,015;-330,327;0,000;0,000;0,000;0,000;RRR 1.5in;23,4;1014;48;'26.07.2023 10:50:30.620;;
501;523,761;-2660,015;-330,328;0,000;0,000;0,000;0,000;RRR 1.5in;23,4;1014;48;'26.07.2023 10:50:30.630;;
502;523,760;-2660,015;-330,329;0,000;0,000;0,000;0,000;RRR 1.5in;23,4;1014;48;'26.07.2023 10:50:30.640;;
503;523,760;-2660,015;-330,329;0,000;0,000;0,000;0,000;RRR 1.5in;23,4;1014;48;'26.07.2023 10:50:30.650;;
504;523,760;-2660,015;-330,329;0,000;0,000;0,000;0,000;RRR 1.5in;23,4;1014;48;'26.07.2023 10:50:30.660;;
505;523,760;-2660,015;-330,330;0,000;0,000;0,000;0,000;RRR 1.5in;23,4;1014;48;'26.07.2023 10:50:30.670;;
506;523,760;-2660,015;-330,328;0,000;0,000;0,000;0,000;RRR 1.5in;23,4;1014;48;'26.07.2023 10:50:30.680;;
507;523,760;-2660,015;-330,329;0,000;0,000;0,000;0,000;RRR 1.5in;23,4;1014;48;'26.07.2023 10:50:30.690;;
508;523,759;-2660,015;-330,329;0,000;0,000;0,000;0,000;RRR 1.5in;23,4;1014;48;'26.07.2023 10:50:30.700;;
509;523,759;-2660,015;-330,330;0,000;0,000;0,000;0,000;RRR 1.5in;23,4;1014;48;'26.07.2023 10:50:30.710;;
510;523,759;-2660,015;-330,330;0,000;0,000;0,000;0,000;RRR 1.5in;23,4;1014;48;'26.07.2023 10:50:30.720;;
511;523,760;-2660,015;-330,330;0,000;0,000;0,000;0,000;RRR 1.5in;23,4;1014;48;'26.07.2023 10:50:30.730;;
512;523,759;-2660,015;-330,330;0,000;0,000;0,000;0,000;RRR 1.5in;23,4;1014;48;'26.07.2023 10:50:30.740;;
513;523,760;-2660,015;-330,331;0,000;0,000;0,000;0,000;RRR 1.5in;23,4;1014;48;'26.07.2023 10:50:30.750;;
514;523,760;-2660,015;-330,330;0,000;0,000;0,000;0,000;RRR 1.5in;23,4;1014;48;'26.07.2023 10:50:30.760;;
515;523,760;-2660,015;-330,330;0,000;0,000;0,000;0,000;RRR 1.5in;23,4;1014;48;'26.07.2023 10:50:30.770;;
516;523,760;-2660,015;-330,330;0,000;0,000;0,000;0,000;RRR 1.5in;23,4;1014;48;'26.07.2023 10:50:30.780;;
517;523,761;-2660,015;-330,330;0,000;0,000;0,000;0,000;RRR 1.5in;23,4;1014;48;'26.07.2023 10:50:30.790;;
518;523,761;-2660,015;-330,329;0,000;0,000;0,000;0,000;RRR 1.5in;23,4;1014;48;'26.07.2023 10:50:30.800;;
519;523,761;-2660,015;-330,329;0,000;0,000;0,000;0,000;RRR 1.5in;23,4;1014;48;'26.07.2023 10:50:30.810;;
520;523,761;-2660,015;-330,329;0,000;0,000;0,000;0,000;RRR 1.5in;23,4;1014;48;'26.07.2023 10:50:30.820;;
521;523,761;-2660,015;-330,329;0,000;0,000;0,000;0,000;RRR 1.5in;23,4;1014;48;'26.07.2023 10:50:30.830;;
522;523,762;-2660,014;-330,330;0,000;0,000;0,000;0,000;RRR 1.5in;23,4;1014;48;'26.07.2023 10:50:30.840;;
523;523,762;-2660,015;-330,329;0,000;0,000;0,000;0,000;RRR 1.5in;23,4;1014;48;'26.07.2023 10:50:30.850;;
524;523,761;-2660,015;-330,329;0,000;0,000;0,000;0,000;RRR 1.5in;23,4;1014;48;'26.07.2023 10:50:30.860;;
525;523,762;-2660,015;-330,329;0,000;0,000;0,000;0,000;RRR 1.5in;23,4;1014;48;'26.07.2023 10:50:30.870;;
526;523,763;-2660,014;-330,328;0,000;0,000;0,000;0,000;RRR 1.5in;23,4;1014;48;'26.07.2023 10:50:30.880;;
527;523,763;-2660,015;-330,328;0,000;0,000;0,000;0,000;RRR 1.5in;23,4;1014;48;'26.07.2023 10:50:30.890;;
528;523,763;-2660,014;-330,329;0,000;0,000;0,000;0,000;RRR 1.5in;23,4;1014;48;'26.07.2023 10:50:30.900;;
529;523,762;-2660,014;-330,329;0,000;0,000;0,000;0,000;RRR 1.5in;23,4;1014;48;'26.07.2023 10:50:30.910;;
530;523,762;-2660,015;-330,329;0,000;0,000;0,000;0,000;RRR 1.5in;23,4;1014;48;'26.07.2023 10:50:30.920;;
531;523,763;-2660,014;-330,329;0,000;0,000;0,000;0,000;RRR 1.5in;23,4;1014;48;'26.07.2023 10:50:30.930;;
532;523,763;-2660,014;-330,330;0,000;0,000;0,000;0,000;RRR 1.5in;23,4;1014;48;'26.07.2023 10:50:30.940;;
533;523,763;-2660,014;-330,330;0,000;0,000;0,000;0,000;RRR 1.5in;23,4;1014;48;'26.07.2023 10:50:30.950;;
534;523,763;-2660,014;-330,329;0,000;0,000;0,000;0,000;RRR 1.5in;23,4;1014;48;'26.07.2023 10:50:30.960;;
535;523,764;-2660,014;-330,329;0,000;0,000;0,000;0,000;RRR 1.5in;23,4;1014;48;'26.07.2023 10:50:30.970;;
536;523,763;-2660,014;-330,330;0,000;0,000;0,000;0,000;RRR 1.5in;23,4;1014;48;'26.07.2023 10:50:30.980;;
537;523,764;-2660,014;-330,329;0,000;0,000;0,000;0,000;RRR 1.5in;23,4;1014;48;'26.07.2023 10:50:30.990;;
538;523,763;-2660,014;-330,329;0,000;0,000;0,000;0,000;RRR 1.5in;23,4;1014;48;'26.07.2023 10:50:31.000;;
539;523,763;-2660,014;-330,329;0,000;0,000;0,000;0,000;RRR 1.5in;23,4;1014;48;'26.07.2023 10:50:31.010;;
540;523,763;-2660,014;-330,329;0,000;0,000;0,000;0,000;RRR 1.5in;23,4;1014;48;'26.07.2023 10:50:31.020;;
541;523,762;-2660,015;-330,329;0,000;0,000;0,000;0,000;RRR 1.5in;23,4;1014;48;'26.07.2023 10:50:31.030;;
542;523,762;-2660,015;-330,329;0,000;0,000;0,000;0,000;RRR 1.5in;23,4;1014;48;'26.07.2023 10:50:31.040;;
543;523,762;-2660,014;-330,330;0,000;0,000;0,000;0,000;RRR 1.5in;23,4;1014;48;'26.07.2023 10:50:31.050;;
544;523,761;-2660,015;-330,329;0,000;0,000;0,000;0,000;RRR 1.5in;23,4;1014;48;'26.07.2023 10:50:31.060;;
545;523,761;-2660,015;-330,328;0,000;0,000;0,000;0,000;RRR 1.5in;23,4;1014;48;'26.07.2023 10:50:31.070;;
546;523,761;-2660,015;-330,329;0,000;0,000;0,000;0,000;RRR 1.5in;23,4;1014;48;'26.07.2023 10:50:31.080;;
547;523,762;-2660,015;-330,330;0,000;0,000;0,000;0,000;RRR 1.5in;23,4;1014;48;'26.07.2023 10:50:31.090;;
548;523,762;-2660,014;-330,330;0,000;0,000;0,000;0,000;RRR 1.5in;23,4;1014;48;'26.07.2023 10:50:31.100;;
549;523,761;-2660,015;-330,329;0,000;0,000;0,000;0,000;RRR 1.5in;23,4;1014;48;'26.07.2023 10:50:31.110;;
550;523,762;-2660,014;-330,330;0,000;0,000;0,000;0,000;RRR 1.5in;23,4;1014;48;'26.07.2023 10:50:31.120;;
551;523,762;-2660,015;-330,329;0,000;0,000;0,000;0,000;RRR 1.5in;23,4;1014;48;'26.07.2023 10:50:31.130;;
552;523,762;-2660,015;-330,329;0,000;0,000;0,000;0,000;RRR 1.5in;23,4;1014;48;'26.07.2023 10:50:31.140;;
553;523,762;-2660,015;-330,329;0,000;0,000;0,000;0,000;RRR 1.5in;23,4;1014;48;'26.07.2023 10:50:31.150;;
554;523,762;-2660,014;-330,329;0,000;0,000;0,000;0,000;RRR 1.5in;23,4;1014;48;'26.07.2023 10:50:31.160;;
555;523,763;-2660,014;-330,329;0,000;0,000;0,000;0,000;RRR 1.5in;23,4;1014;48;'26.07.2023 10:50:31.170;;
556;523,762;-2660,015;-330,329;0,000;0,000;0,000;0,000;RRR 1.5in;23,4;1014;48;'26.07.2023 10:50:31.180;;
557;523,763;-2660,014;-330,329;0,000;0,000;0,000;0,000;RRR 1.5in;23,4;1014;48;'26.07.2023 10:50:31.190;;
558;523,763;-2660,014;-330,330;0,000;0,000;0,000;0,000;RRR 1.5in;23,4;1014;48;'26.07.2023 10:50:31.200;;
559;523,764;-2660,014;-330,329;0,000;0,000;0,000;0,000;RRR 1.5in;23,4;1014;48;'26.07.2023 10:50:31.210;;
560;523,764;-2660,014;-330,330;0,000;0,000;0,000;0,000;RRR 1.5in;23,4;1014;48;'26.07.2023 10:50:31.220;;
561;523,764;-2660,014;-330,329;0,000;0,000;0,000;0,000;RRR 1.5in;23,4;1014;48;'26.07.2023 10:50:31.230;;
562;523,763;-2660,014;-330,330;0,000;0,000;0,000;0,000;RRR 1.5in;23,4;1014;48;'26.07.2023 10:50:31.240;;
563;523,765;-2660,014;-330,330;0,000;0,000;0,000;0,000;RRR 1.5in;23,4;1014;48;'26.07.2023 10:50:31.250;;
564;523,763;-2660,014;-330,330;0,000;0,000;0,000;0,000;RRR 1.5in;23,4;1014;48;'26.07.2023 10:50:31.260;;
565;523,764;-2660,014;-330,331;0,000;0,000;0,000;0,000;RRR 1.5in;23,4;1014;48;'26.07.2023 10:50:31.270;;
566;523,764;-2660,014;-330,330;0,000;0,000;0,000;0,000;RRR 1.5in;23,4;1014;48;'26.07.2023 10:50:31.280;;
567;523,764;-2660,014;-330,332;0,000;0,000;0,000;0,000;RRR 1.5in;23,4;1014;48;'26.07.2023 10:50:31.290;;
568;523,764;-2660,014;-330,331;0,000;0,000;0,000;0,000;RRR 1.5in;23,4;1014;48;'26.07.2023 10:50:31.300;;
569;523,764;-2660,014;-330,331;0,000;0,000;0,000;0,000;RRR 1.5in;23,4;1014;48;'26.07.2023 10:50:31.310;;
570;523,764;-2660,014;-330,332;0,000;0,000;0,000;0,000;RRR 1.5in;23,4;1014;48;'26.07.2023 10:50:31.320;;
571;523,764;-2660,014;-330,332;0,000;0,000;0,000;0,000;RRR 1.5in;23,4;1014;48;'26.07.2023 10:50:31.330;;
572;523,763;-2660,014;-330,333;0,000;0,000;0,000;0,000;RRR 1.5in;23,4;1014;48;'26.07.2023 10:50:31.340;;
573;523,764;-2660,014;-330,333;0,000;0,000;0,000;0,000;RRR 1.5in;23,4;1014;48;'26.07.2023 10:50:31.350;;
574;523,764;-2660,014;-330,333;0,000;0,000;0,000;0,000;RRR 1.5in;23,4;1014;48;'26.07.2023 10:50:31.360;;
575;523,763;-2660,014;-330,334;0,000;0,000;0,000;0,000;RRR 1.5in;23,4;1014;48;'26.07.2023 10:50:31.370;;
576;523,763;-2660,014;-330,334;0,000;0,000;0,000;0,000;RRR 1.5in;23,4;1014;48;'26.07.2023 10:50:31.380;;
577;523,763;-2660,014;-330,335;0,000;0,000;0,000;0,000;RRR 1.5in;23,4;1014;48;'26.07.2023 10:50:31.390;;
578;523,763;-2660,014;-330,335;0,000;0,000;0,000;0,000;RRR 1.5in;23,4;1014;48;'26.07.2023 10:50:31.400;;
579;523,763;-2660,014;-330,335;0,000;0,000;0,000;0,000;RRR 1.5in;23,4;1014;48;'26.07.2023 10:50:31.410;;
580;523,764;-2660,014;-330,334;0,000;0,000;0,000;0,000;RRR 1.5in;23,4;1014;48;'26.07.2023 10:50:31.420;;
581;523,764;-2660,013;-330,336;0,000;0,000;0,000;0,000;RRR 1.5in;23,4;1014;48;'26.07.2023 10:50:31.430;;
582;523,764;-2660,013;-330,335;0,000;0,000;0,000;0,000;RRR 1.5in;23,4;1014;48;'26.07.2023 10:50:31.440;;
583;523,763;-2660,014;-330,335;0,000;0,000;0,000;0,000;RRR 1.5in;23,4;1014;48;'26.07.2023 10:50:31.450;;
584;523,763;-2660,014;-330,334;0,000;0,000;0,000;0,000;RRR 1.5in;23,4;1014;48;'26.07.2023 10:50:31.460;;
585;523,763;-2660,014;-330,335;0,000;0,000;0,000;0,000;RRR 1.5in;23,4;1014;48;'26.07.2023 10:50:31.470;;
586;523,763;-2660,014;-330,335;0,000;0,000;0,000;0,000;RRR 1.5in;23,4;1014;48;'26.07.2023 10:50:31.480;;
587;523,763;-2660,013;-330,336;0,000;0,000;0,000;0,000;RRR 1.5in;23,4;1014;48;'26.07.2023 10:50:31.490;;
588;523,763;-2660,014;-330,334;0,000;0,000;0,000;0,000;RRR 1.5in;23,4;1014;48;'26.07.2023 10:50:31.500;;
589;523,763;-2660,014;-330,336;0,000;0,000;0,000;0,000;RRR 1.5in;23,4;1014;48;'26.07.2023 10:50:31.510;;
590;523,763;-2660,014;-330,335;0,000;0,000;0,000;0,000;RRR 1.5in;23,4;1014;48;'26.07.2023 10:50:31.520;;
591;523,762;-2660,014;-330,335;0,000;0,000;0,000;0,000;RRR 1.5in;23,4;1014;48;'26.07.2023 10:50:31.530;;
592;523,763;-2660,014;-330,334;0,000;0,000;0,000;0,000;RRR 1.5in;23,4;1014;48;'26.07.2023 10:50:31.540;;
593;523,764;-2660,014;-330,334;0,000;0,000;0,000;0,000;RRR 1.5in;23,4;1014;48;'26.07.2023 10:50:31.550;;
594;523,763;-2660,014;-330,333;0,000;0,000;0,000;0,000;RRR 1.5in;23,4;1014;48;'26.07.2023 10:50:31.560;;
595;523,763;-2660,014;-330,333;0,000;0,000;0,000;0,000;RRR 1.5in;23,4;1014;48;'26.07.2023 10:50:31.570;;
596;523,764;-2660,014;-330,333;0,000;0,000;0,000;0,000;RRR 1.5in;23,4;1014;48;'26.07.2023 10:50:31.580;;
597;523,764;-2660,014;-330,333;0,000;0,000;0,000;0,000;RRR 1.5in;23,4;1014;48;'26.07.2023 10:50:31.590;;
598;523,764;-2660,014;-330,333;0,000;0,000;0,000;0,000;RRR 1.5in;23,4;1014;48;'26.07.2023 10:50:31.600;;
599;523,763;-2660,014;-330,333;0,000;0,000;0,000;0,000;RRR 1.5in;23,4;1014;48;'26.07.2023 10:50:31.610;;
600;523,764;-2660,014;-330,332;0,000;0,000;0,000;0,000;RRR 1.5in;23,4;1014;48;'26.07.2023 10:50:31.620;;
601;523,763;-2660,014;-330,333;0,000;0,000;0,000;0,000;RRR 1.5in;23,4;1014;48;'26.07.2023 10:50:31.630;;
602;523,763;-2660,014;-330,334;0,000;0,000;0,000;0,000;RRR 1.5in;23,4;1014;48;'26.07.2023 10:50:31.640;;
603;523,763;-2660,014;-330,332;0,000;0,000;0,000;0,000;RRR 1.5in;23,4;1014;48;'26.07.2023 10:50:31.650;;
604;523,764;-2660,014;-330,333;0,000;0,000;0,000;0,000;RRR 1.5in;23,4;1014;48;'26.07.2023 10:50:31.660;;
605;523,763;-2660,014;-330,333;0,000;0,000;0,000;0,000;RRR 1.5in;23,4;1014;48;'26.07.2023 10:50:31.670;;
606;523,764;-2660,014;-330,333;0,000;0,000;0,000;0,000;RRR 1.5in;23,4;1014;48;'26.07.2023 10:50:31.680;;
607;523,763;-2660,014;-330,334;0,000;0,000;0,000;0,000;RRR 1.5in;23,4;1014;48;'26.07.2023 10:50:31.690;;
608;523,764;-2660,014;-330,334;0,000;0,000;0,000;0,000;RRR 1.5in;23,4;1014;48;'26.07.2023 10:50:31.700;;
609;523,763;-2660,014;-330,334;0,000;0,000;0,000;0,000;RRR 1.5in;23,4;1014;48;'26.07.2023 10:50:31.710;;
610;523,763;-2660,014;-330,334;0,000;0,000;0,000;0,000;RRR 1.5in;23,4;1014;48;'26.07.2023 10:50:31.720;;
611;523,763;-2660,014;-330,336;0,000;0,000;0,000;0,000;RRR 1.5in;23,4;1014;48;'26.07.2023 10:50:31.730;;
612;523,763;-2660,014;-330,335;0,000;0,000;0,000;0,000;RRR 1.5in;23,4;1014;48;'26.07.2023 10:50:31.740;;
613;523,764;-2660,013;-330,335;0,000;0,000;0,000;0,000;RRR 1.5in;23,4;1014;48;'26.07.2023 10:50:31.750;;
614;523,764;-2660,013;-330,336;0,000;0,000;0,000;0,000;RRR 1.5in;23,4;1014;48;'26.07.2023 10:50:31.760;;
615;523,764;-2660,013;-330,335;0,000;0,000;0,000;0,000;RRR 1.5in;23,4;1014;48;'26.07.2023 10:50:31.770;;
616;523,765;-2660,013;-330,336;0,000;0,000;0,000;0,000;RRR 1.5in;23,4;1014;48;'26.07.2023 10:50:31.780;;
617;523,765;-2660,013;-330,335;0,000;0,000;0,000;0,000;RRR 1.5in;23,4;1014;48;'26.07.2023 10:50:31.790;;
618;523,765;-2660,013;-330,335;0,000;0,000;0,000;0,000;RRR 1.5in;23,4;1014;48;'26.07.2023 10:50:31.800;;
619;523,764;-2660,013;-330,335;0,000;0,000;0,000;0,000;RRR 1.5in;23,4;1014;48;'26.07.2023 10:50:31.810;;
620;523,764;-2660,013;-330,335;0,000;0,000;0,000;0,000;RRR 1.5in;23,4;1014;48;'26.07.2023 10:50:31.820;;
621;523,763;-2660,014;-330,336;0,000;0,000;0,000;0,000;RRR 1.5in;23,4;1014;48;'26.07.2023 10:50:31.830;;
622;523,763;-2660,013;-330,336;0,000;0,000;0,000;0,000;RRR 1.5in;23,4;1014;48;'26.07.2023 10:50:31.840;;
623;523,762;-2660,014;-330,336;0,000;0,000;0,000;0,000;RRR 1.5in;23,4;1014;48;'26.07.2023 10:50:31.850;;
624;523,761;-2660,014;-330,337;0,000;0,000;0,000;0,000;RRR 1.5in;23,4;1014;48;'26.07.2023 10:50:31.860;;
625;523,761;-2660,014;-330,336;0,000;0,000;0,000;0,000;RRR 1.5in;23,4;1014;48;'26.07.2023 10:50:31.870;;
626;523,762;-2660,014;-330,336;0,000;0,000;0,000;0,000;RRR 1.5in;23,4;1014;48;'26.07.2023 10:50:31.880;;
627;523,761;-2660,014;-330,337;0,000;0,000;0,000;0,000;RRR 1.5in;23,4;1014;48;'26.07.2023 10:50:31.890;;
628;523,761;-2660,014;-330,337;0,000;0,000;0,000;0,000;RRR 1.5in;23,4;1014;48;'26.07.2023 10:50:31.900;;
629;523,764;-2660,013;-330,337;0,000;0,000;0,000;0,000;RRR 1.5in;23,4;1014;48;'26.07.2023 10:50:31.910;;
630;523,765;-2660,013;-330,336;0,000;0,000;0,000;0,000;RRR 1.5in;23,4;1014;48;'26.07.2023 10:50:31.920;;
631;523,767;-2660,013;-330,335;0,000;0,000;0,000;0,000;RRR 1.5in;23,4;1014;48;'26.07.2023 10:50:31.930;;
632;523,768;-2660,013;-330,336;0,000;0,000;0,000;0,000;RRR 1.5in;23,4;1014;48;'26.07.2023 10:50:31.940;;
633;523,769;-2660,012;-330,336;0,000;0,000;0,000;0,000;RRR 1.5in;23,4;1014;48;'26.07.2023 10:50:31.950;;
634;523,769;-2660,012;-330,336;0,000;0,000;0,000;0,000;RRR 1.5in;23,4;1014;48;'26.07.2023 10:50:31.960;;
635;523,769;-2660,012;-330,335;0,000;0,000;0,000;0,000;RRR 1.5in;23,4;1014;48;'26.07.2023 10:50:31.970;;
636;523,771;-2660,012;-330,335;0,000;0,000;0,000;0,000;RRR 1.5in;23,4;1014;48;'26.07.2023 10:50:31.980;;
637;523,769;-2660,012;-330,335;0,000;0,000;0,000;0,000;RRR 1.5in;23,4;1014;48;'26.07.2023 10:50:31.990;;
638;523,770;-2660,012;-330,335;0,000;0,000;0,000;0,000;RRR 1.5in;23,4;1014;48;'26.07.2023 10:50:32.000;;
639;523,769;-2660,012;-330,335;0,000;0,000;0,000;0,000;RRR 1.5in;23,4;1014;48;'26.07.2023 10:50:32.010;;
640;523,768;-2660,013;-330,335;0,000;0,000;0,000;0,000;RRR 1.5in;23,4;1014;48;'26.07.2023 10:50:32.020;;
641;523,768;-2660,013;-330,336;0,000;0,000;0,000;0,000;RRR 1.5in;23,4;1014;48;'26.07.2023 10:50:32.030;;
642;523,767;-2660,013;-330,336;0,000;0,000;0,000;0,000;RRR 1.5in;23,4;1014;48;'26.07.2023 10:50:32.040;;
643;523,767;-2660,013;-330,336;0,000;0,000;0,000;0,000;RRR 1.5in;23,4;1014;48;'26.07.2023 10:50:32.050;;
644;523,766;-2660,013;-330,336;0,000;0,000;0,000;0,000;RRR 1.5in;23,4;1014;48;'26.07.2023 10:50:32.060;;
645;523,766;-2660,013;-330,335;0,000;0,000;0,000;0,000;RRR 1.5in;23,4;1014;48;'26.07.2023 10:50:32.070;;
646;523,766;-2660,013;-330,335;0,000;0,000;0,000;0,000;RRR 1.5in;23,4;1014;48;'26.07.2023 10:50:32.080;;
647;523,766;-2660,013;-330,335;0,000;0,000;0,000;0,000;RRR 1.5in;23,4;1014;48;'26.07.2023 10:50:32.090;;
648;523,765;-2660,014;-330,335;0,000;0,000;0,000;0,000;RRR 1.5in;23,4;1014;48;'26.07.2023 10:50:32.100;;
649;523,766;-2660,013;-330,335;0,000;0,000;0,000;0,000;RRR 1.5in;23,4;1014;48;'26.07.2023 10:50:32.110;;
650;523,766;-2660,013;-330,335;0,000;0,000;0,000;0,000;RRR 1.5in;23,4;1014;48;'26.07.2023 10:50:32.120;;
651;523,766;-2660,013;-330,334;0,000;0,000;0,000;0,000;RRR 1.5in;23,4;1014;48;'26.07.2023 10:50:32.130;;
652;523,767;-2660,013;-330,335;0,000;0,000;0,000;0,000;RRR 1.5in;23,4;1014;48;'26.07.2023 10:50:32.140;;
653;523,767;-2660,013;-330,334;0,000;0,000;0,000;0,000;RRR 1.5in;23,4;1014;48;'26.07.2023 10:50:32.150;;
654;523,768;-2660,013;-330,334;0,000;0,000;0,000;0,000;RRR 1.5in;23,4;1014;48;'26.07.2023 10:50:32.160;;
655;523,768;-2660,013;-330,333;0,000;0,000;0,000;0,000;RRR 1.5in;23,4;1014;48;'26.07.2023 10:50:32.170;;
656;523,768;-2660,013;-330,333;0,000;0,000;0,000;0,000;RRR 1.5in;23,4;1014;48;'26.07.2023 10:50:32.180;;
657;523,767;-2660,013;-330,334;0,000;0,000;0,000;0,000;RRR 1.5in;23,4;1014;48;'26.07.2023 10:50:32.190;;
658;523,768;-2660,013;-330,334;0,000;0,000;0,000;0,000;RRR 1.5in;23,4;1014;48;'26.07.2023 10:50:32.200;;
659;523,767;-2660,013;-330,334;0,000;0,000;0,000;0,000;RRR 1.5in;23,4;1014;48;'26.07.2023 10:50:32.210;;
660;523,767;-2660,013;-330,334;0,000;0,000;0,000;0,000;RRR 1.5in;23,4;1014;48;'26.07.2023 10:50:32.220;;
661;523,768;-2660,013;-330,334;0,000;0,000;0,000;0,000;RRR 1.5in;23,4;1014;48;'26.07.2023 10:50:32.230;;
662;523,767;-2660,013;-330,335;0,000;0,000;0,000;0,000;RRR 1.5in;23,4;1014;48;'26.07.2023 10:50:32.240;;
663;523,767;-2660,013;-330,334;0,000;0,000;0,000;0,000;RRR 1.5in;23,4;1014;48;'26.07.2023 10:50:32.250;;
664;523,768;-2660,013;-330,335;0,000;0,000;0,000;0,000;RRR 1.5in;23,4;1014;48;'26.07.2023 10:50:32.260;;
665;523,767;-2660,013;-330,334;0,000;0,000;0,000;0,000;RRR 1.5in;23,4;1014;48;'26.07.2023 10:50:32.270;;
666;523,767;-2660,013;-330,335;0,000;0,000;0,000;0,000;RRR 1.5in;23,4;1014;48;'26.07.2023 10:50:32.280;;
667;523,768;-2660,013;-330,335;0,000;0,000;0,000;0,000;RRR 1.5in;23,4;1014;48;'26.07.2023 10:50:32.290;;
668;523,766;-2660,013;-330,336;0,000;0,000;0,000;0,000;RRR 1.5in;23,4;1014;48;'26.07.2023 10:50:32.300;;
669;523,766;-2660,013;-330,336;0,000;0,000;0,000;0,000;RRR 1.5in;23,4;1014;48;'26.07.2023 10:50:32.310;;
670;523,767;-2660,013;-330,337;0,000;0,000;0,000;0,000;RRR 1.5in;23,4;1014;48;'26.07.2023 10:50:32.320;;
671;523,767;-2660,013;-330,337;0,000;0,000;0,000;0,000;RRR 1.5in;23,4;1014;48;'26.07.2023 10:50:32.330;;
672;523,766;-2660,013;-330,337;0,000;0,000;0,000;0,000;RRR 1.5in;23,4;1014;48;'26.07.2023 10:50:32.340;;
673;523,766;-2660,013;-330,337;0,000;0,000;0,000;0,000;RRR 1.5in;23,4;1014;48;'26.07.2023 10:50:32.350;;
674;523,768;-2660,012;-330,337;0,000;0,000;0,000;0,000;RRR 1.5in;23,4;1014;48;'26.07.2023 10:50:32.360;;
675;523,768;-2660,012;-330,337;0,000;0,000;0,000;0,000;RRR 1.5in;23,4;1014;48;'26.07.2023 10:50:32.370;;
676;523,768;-2660,012;-330,337;0,000;0,000;0,000;0,000;RRR 1.5in;23,4;1014;48;'26.07.2023 10:50:32.380;;
677;523,769;-2660,012;-330,336;0,000;0,000;0,000;0,000;RRR 1.5in;23,4;1014;48;'26.07.2023 10:50:32.390;;
678;523,770;-2660,012;-330,338;0,000;0,000;0,000;0,000;RRR 1.5in;23,4;1014;48;'26.07.2023 10:50:32.400;;
679;523,770;-2660,012;-330,337;0,000;0,000;0,000;0,000;RRR 1.5in;23,4;1014;48;'26.07.2023 10:50:32.410;;
680;523,771;-2660,012;-330,339;0,000;0,000;0,000;0,000;RRR 1.5in;23,4;1014;48;'26.07.2023 10:50:32.420;;
681;523,772;-2660,011;-330,339;0,000;0,000;0,000;0,000;RRR 1.5in;23,4;1014;48;'26.07.2023 10:50:32.430;;
682;523,771;-2660,011;-330,341;0,000;0,000;0,000;0,000;RRR 1.5in;23,4;1014;48;'26.07.2023 10:50:32.440;;
683;523,771;-2660,011;-330,341;0,000;0,000;0,000;0,000;RRR 1.5in;23,4;1014;48;'26.07.2023 10:50:32.450;;
684;523,769;-2660,011;-330,345;0,000;0,000;0,000;0,000;RRR 1.5in;23,4;1014;48;'26.07.2023 10:50:32.460;;
685;523,769;-2660,012;-330,344;0,000;0,000;0,000;0,000;RRR 1.5in;23,4;1014;48;'26.07.2023 10:50:32.470;;
686;523,769;-2660,011;-330,345;0,000;0,000;0,000;0,000;RRR 1.5in;23,4;1014;48;'26.07.2023 10:50:32.480;;
687;523,769;-2660,011;-330,346;0,000;0,000;0,000;0,000;RRR 1.5in;23,4;1014;48;'26.07.2023 10:50:32.490;;
688;523,768;-2660,011;-330,345;0,000;0,000;0,000;0,000;RRR 1.5in;23,4;1014;48;'26.07.2023 10:50:32.500;;
689;523,767;-2660,012;-330,343;0,000;0,000;0,000;0,000;RRR 1.5in;23,4;1014;48;'26.07.2023 10:50:32.510;;
690;523,766;-2660,013;-330,341;0,000;0,000;0,000;0,000;RRR 1.5in;23,4;1014;48;'26.07.2023 10:50:32.520;;
691;523,767;-2660,013;-330,339;0,000;0,000;0,000;0,000;RRR 1.5in;23,4;1014;48;'26.07.2023 10:50:32.530;;
692;523,767;-2660,012;-330,338;0,000;0,000;0,000;0,000;RRR 1.5in;23,4;1014;48;'26.07.2023 10:50:32.540;;
693;523,768;-2660,012;-330,339;0,000;0,000;0,000;0,000;RRR 1.5in;23,4;1014;48;'26.07.2023 10:50:32.550;;
694;523,768;-2660,012;-330,338;0,000;0,000;0,000;0,000;RRR 1.5in;23,4;1014;48;'26.07.2023 10:50:32.560;;
695;523,768;-2660,012;-330,338;0,000;0,000;0,000;0,000;RRR 1.5in;23,4;1014;48;'26.07.2023 10:50:32.570;;
696;523,767;-2660,013;-330,337;0,000;0,000;0,000;0,000;RRR 1.5in;23,4;1014;48;'26.07.2023 10:50:32.580;;
697;523,767;-2660,013;-330,337;0,000;0,000;0,000;0,000;RRR 1.5in;23,4;1014;48;'26.07.2023 10:50:32.590;;
698;523,768;-2660,012;-330,336;0,000;0,000;0,000;0,000;RRR 1.5in;23,4;1014;48;'26.07.2023 10:50:32.600;;
699;523,766;-2660,012;-330,336;0,000;0,000;0,000;0,000;RRR 1.5in;23,4;1014;48;'26.07.2023 10:50:32.610;;
700;523,765;-2660,013;-330,335;0,000;0,000;0,000;0,000;RRR 1.5in;23,4;1014;48;'26.07.2023 10:50:32.620;;
701;523,765;-2660,014;-330,334;0,000;0,000;0,000;0,000;RRR 1.5in;23,4;1014;48;'26.07.2023 10:50:32.630;;
702;523,764;-2660,014;-330,333;0,000;0,000;0,000;0,000;RRR 1.5in;23,4;1014;48;'26.07.2023 10:50:32.640;;
703;523,763;-2660,014;-330,333;0,000;0,000;0,000;0,000;RRR 1.5in;23,4;1014;48;'26.07.2023 10:50:32.650;;
704;523,764;-2660,014;-330,333;0,000;0,000;0,000;0,000;RRR 1.5in;23,4;1014;48;'26.07.2023 10:50:32.660;;
705;523,763;-2660,014;-330,332;0,000;0,000;0,000;0,000;RRR 1.5in;23,4;1014;48;'26.07.2023 10:50:32.670;;
706;523,764;-2660,013;-330,333;0,000;0,000;0,000;0,000;RRR 1.5in;23,4;1014;48;'26.07.2023 10:50:32.680;;
707;523,765;-2660,013;-330,332;0,000;0,000;0,000;0,000;RRR 1.5in;23,4;1014;48;'26.07.2023 10:50:32.690;;
708;523,765;-2660,014;-330,332;0,000;0,000;0,000;0,000;RRR 1.5in;23,4;1014;48;'26.07.2023 10:50:32.700;;
709;523,767;-2660,013;-330,331;0,000;0,000;0,000;0,000;RRR 1.5in;23,4;1014;48;'26.07.2023 10:50:32.710;;
710;523,767;-2660,013;-330,331;0,000;0,000;0,000;0,000;RRR 1.5in;23,4;1014;48;'26.07.2023 10:50:32.720;;
711;523,768;-2660,013;-330,331;0,000;0,000;0,000;0,000;RRR 1.5in;23,4;1014;48;'26.07.2023 10:50:32.730;;
712;523,769;-2660,013;-330,331;0,000;0,000;0,000;0,000;RRR 1.5in;23,4;1014;48;'26.07.2023 10:50:32.740;;
713;523,768;-2660,013;-330,331;0,000;0,000;0,000;0,000;RRR 1.5in;23,4;1014;48;'26.07.2023 10:50:32.750;;
714;523,768;-2660,013;-330,332;0,000;0,000;0,000;0,000;RRR 1.5in;23,4;1014;48;'26.07.2023 10:50:32.760;;
715;523,767;-2660,013;-330,332;0,000;0,000;0,000;0,000;RRR 1.5in;23,4;1014;48;'26.07.2023 10:50:32.770;;
716;523,767;-2660,013;-330,333;0,000;0,000;0,000;0,000;RRR 1.5in;23,4;1014;48;'26.07.2023 10:50:32.780;;
717;523,766;-2660,013;-330,334;0,000;0,000;0,000;0,000;RRR 1.5in;23,4;1014;48;'26.07.2023 10:50:32.790;;
718;523,764;-2660,013;-330,334;0,000;0,000;0,000;0,000;RRR 1.5in;23,4;1014;48;'26.07.2023 10:50:32.800;;
719;523,762;-2660,014;-330,335;0,000;0,000;0,000;0,000;RRR 1.5in;23,4;1014;48;'26.07.2023 10:50:32.810;;
720;523,761;-2660,014;-330,334;0,000;0,000;0,000;0,000;RRR 1.5in;23,4;1014;48;'26.07.2023 10:50:32.820;;
721;523,760;-2660,015;-330,334;0,000;0,000;0,000;0,000;RRR 1.5in;23,4;1014;48;'26.07.2023 10:50:32.830;;
722;523,761;-2660,014;-330,334;0,000;0,000;0,000;0,000;RRR 1.5in;23,4;1014;48;'26.07.2023 10:50:32.840;;
723;523,761;-2660,014;-330,334;0,000;0,000;0,000;0,000;RRR 1.5in;23,4;1014;48;'26.07.2023 10:50:32.850;;
724;523,759;-2660,015;-330,333;0,000;0,000;0,000;0,000;RRR 1.5in;23,4;1014;48;'26.07.2023 10:50:32.860;;
725;523,759;-2660,015;-330,333;0,000;0,000;0,000;0,000;RRR 1.5in;23,4;1014;48;'26.07.2023 10:50:32.870;;
726;523,759;-2660,015;-330,333;0,000;0,000;0,000;0,000;RRR 1.5in;23,4;1014;48;'26.07.2023 10:50:32.880;;
727;523,759;-2660,015;-330,333;0,000;0,000;0,000;0,000;RRR 1.5in;23,4;1014;48;'26.07.2023 10:50:32.890;;
728;523,759;-2660,015;-330,332;0,000;0,000;0,000;0,000;RRR 1.5in;23,4;1014;48;'26.07.2023 10:50:32.900;;
729;523,759;-2660,015;-330,333;0,000;0,000;0,000;0,000;RRR 1.5in;23,4;1014;48;'26.07.2023 10:50:32.910;;
730;523,759;-2660,015;-330,331;0,000;0,000;0,000;0,000;RRR 1.5in;23,4;1014;48;'26.07.2023 10:50:32.920;;
731;523,761;-2660,015;-330,331;0,000;0,000;0,000;0,000;RRR 1.5in;23,4;1014;48;'26.07.2023 10:50:32.930;;
732;523,761;-2660,015;-330,330;0,000;0,000;0,000;0,000;RRR 1.5in;23,4;1014;48;'26.07.2023 10:50:32.940;;
733;523,761;-2660,015;-330,329;0,000;0,000;0,000;0,000;RRR 1.5in;23,4;1014;48;'26.07.2023 10:50:32.950;;
734;523,763;-2660,015;-330,327;0,000;0,000;0,000;0,000;RRR 1.5in;23,4;1014;48;'26.07.2023 10:50:32.960;;
735;523,765;-2660,015;-330,324;0,000;0,000;0,000;0,000;RRR 1.5in;23,4;1014;48;'26.07.2023 10:50:32.970;;
736;523,766;-2660,014;-330,324;0,000;0,000;0,000;0,000;RRR 1.5in;23,4;1014;48;'26.07.2023 10:50:32.980;;
737;523,767;-2660,014;-330,323;0,000;0,000;0,000;0,000;RRR 1.5in;23,4;1014;48;'26.07.2023 10:50:32.990;;
738;523,767;-2660,014;-330,324;0,000;0,000;0,000;0,000;RRR 1.5in;23,4;1014;48;'26.07.2023 10:50:33.000;;
739;523,767;-2660,014;-330,325;0,000;0,000;0,000;0,000;RRR 1.5in;23,4;1014;48;'26.07.2023 10:50:33.010;;
740;523,766;-2660,014;-330,325;0,000;0,000;0,000;0,000;RRR 1.5in;23,4;1014;48;'26.07.2023 10:50:33.020;;
741;523,766;-2660,014;-330,326;0,000;0,000;0,000;0,000;RRR 1.5in;23,4;1014;48;'26.07.2023 10:50:33.030;;
742;523,765;-2660,013;-330,327;0,000;0,000;0,000;0,000;RRR 1.5in;23,4;1014;48;'26.07.2023 10:50:33.040;;
743;523,765;-2660,013;-330,328;0,000;0,000;0,000;0,000;RRR 1.5in;23,4;1014;48;'26.07.2023 10:50:33.050;;
744;523,762;-2660,015;-330,330;0,000;0,000;0,000;0,000;RRR 1.5in;23,4;1014;48;'26.07.2023 10:50:33.060;;
745;523,761;-2660,016;-330,332;0,000;0,000;0,000;0,000;RRR 1.5in;23,4;1014;48;'26.07.2023 10:50:33.070;;
746;523,761;-2660,014;-330,334;0,000;0,000;0,000;0,000;RRR 1.5in;23,4;1014;48;'26.07.2023 10:50:33.080;;
747;523,763;-2660,013;-330,335;0,000;0,000;0,000;0,000;RRR 1.5in;23,4;1014;48;'26.07.2023 10:50:33.090;;
748;523,763;-2660,012;-330,339;0,000;0,000;0,000;0,000;RRR 1.5in;23,4;1014;48;'26.07.2023 10:50:33.100;;
749;523,763;-2660,012;-330,340;0,000;0,000;0,000;0,000;RRR 1.5in;23,4;1014;48;'26.07.2023 10:50:33.110;;
750;523,762;-2660,012;-330,341;0,000;0,000;0,000;0,000;RRR 1.5in;23,4;1014;48;'26.07.2023 10:50:33.120;;
751;523,762;-2660,013;-330,340;0,000;0,000;0,000;0,000;RRR 1.5in;23,4;1014;48;'26.07.2023 10:50:33.130;;
752;523,762;-2660,014;-330,339;0,000;0,000;0,000;0,000;RRR 1.5in;23,4;1014;48;'26.07.2023 10:50:33.140;;
753;523,762;-2660,014;-330,338;0,000;0,000;0,000;0,000;RRR 1.5in;23,4;1014;48;'26.07.2023 10:50:33.150;;
754;523,764;-2660,012;-330,336;0,000;0,000;0,000;0,000;RRR 1.5in;23,4;1014;48;'26.07.2023 10:50:33.160;;
755;523,765;-2660,012;-330,335;0,000;0,000;0,000;0,000;RRR 1.5in;23,4;1014;48;'26.07.2023 10:50:33.170;;
756;523,764;-2660,013;-330,336;0,000;0,000;0,000;0,000;RRR 1.5in;23,4;1014;48;'26.07.2023 10:50:33.180;;
757;523,763;-2660,014;-330,337;0,000;0,000;0,000;0,000;RRR 1.5in;23,4;1014;48;'26.07.2023 10:50:33.190;;
758;523,759;-2660,012;-330,336;0,000;0,000;0,000;0,000;RRR 1.5in;23,4;1014;48;'26.07.2023 10:50:33.200;;
759;523,748;-2660,008;-330,337;0,000;0,000;0,000;0,000;RRR 1.5in;23,4;1014;48;'26.07.2023 10:50:33.210;;
760;523,724;-2660,000;-330,342;0,000;0,000;0,000;0,000;RRR 1.5in;23,4;1014;48;'26.07.2023 10:50:33.220;;
761;523,682;-2659,985;-330,347;0,000;0,000;0,000;0,000;RRR 1.5in;23,4;1014;48;'26.07.2023 10:50:33.230;;
762;523,619;-2659,964;-330,354;0,000;0,000;0,000;0,000;RRR 1.5in;23,4;1014;48;'26.07.2023 10:50:33.240;;
763;523,531;-2659,945;-330,366;0,000;0,000;0,000;0,000;RRR 1.5in;23,4;1014;48;'26.07.2023 10:50:33.250;;
764;523,424;-2659,922;-330,378;0,000;0,000;0,000;0,000;RRR 1.5in;23,4;1014;48;'26.07.2023 10:50:33.260;;
765;523,295;-2659,888;-330,385;0,000;0,000;0,000;0,000;RRR 1.5in;23,4;1014;48;'26.07.2023 10:50:33.270;;
766;523,152;-2659,849;-330,391;0,000;0,000;0,000;0,000;RRR 1.5in;23,4;1014;48;'26.07.2023 10:50:33.280;;
767;523,000;-2659,816;-330,393;0,000;0,000;0,000;0,000;RRR 1.5in;23,4;1014;48;'26.07.2023 10:50:33.290;;
768;522,851;-2659,793;-330,389;0,000;0,000;0,000;0,000;RRR 1.5in;23,4;1014;48;'26.07.2023 10:50:33.300;;
769;522,702;-2659,785;-330,380;0,000;0,000;0,000;0,000;RRR 1.5in;23,4;1014;48;'26.07.2023 10:50:33.310;;
770;522,534;-2659,787;-330,365;0,000;0,000;0,000;0,000;RRR 1.5in;23,4;1014;48;'26.07.2023 10:50:33.320;;
771;522,338;-2659,787;-330,350;0,000;0,000;0,000;0,000;RRR 1.5in;23,4;1014;48;'26.07.2023 10:50:33.330;;
772;522,106;-2659,773;-330,328;0,000;0,000;0,000;0,000;RRR 1.5in;23,4;1014;48;'26.07.2023 10:50:33.340;;
773;521,852;-2659,757;-330,300;0,000;0,000;0,000;0,000;RRR 1.5in;23,4;1014;48;'26.07.2023 10:50:33.350;;
774;521,573;-2659,758;-330,288;0,000;0,000;0,000;0,000;RRR 1.5in;23,4;1014;48;'26.07.2023 10:50:33.360;;
775;521,274;-2659,761;-330,290;0,000;0,000;0,000;0,000;RRR 1.5in;23,4;1014;48;'26.07.2023 10:50:33.370;;
776;520,958;-2659,743;-330,290;0,000;0,000;0,000;0,000;RRR 1.5in;23,4;1014;48;'26.07.2023 10:50:33.380;;
777;520,618;-2659,709;-330,285;0,000;0,000;0,000;0,000;RRR 1.5in;23,4;1014;48;'26.07.2023 10:50:33.390;;
778;520,291;-2659,697;-330,296;0,000;0,000;0,000;0,000;RRR 1.5in;23,4;1014;48;'26.07.2023 10:50:33.400;;
779;519,912;-2659,692;-330,316;0,000;0,000;0,000;0,000;RRR 1.5in;23,4;1014;48;'26.07.2023 10:50:33.410;;
780;519,520;-2659,662;-330,322;0,000;0,000;0,000;0,000;RRR 1.5in;23,4;1014;48;'26.07.2023 10:50:33.420;;
781;519,127;-2659,611;-330,302;0,000;0,000;0,000;0,000;RRR 1.5in;23,4;1014;48;'26.07.2023 10:50:33.430;;
782;518,728;-2659,595;-330,297;0,000;0,000;0,000;0,000;RRR 1.5in;23,4;1014;48;'26.07.2023 10:50:33.440;;
783;518,290;-2659,610;-330,305;0,000;0,000;0,000;0,000;RRR 1.5in;23,4;1014;48;'26.07.2023 10:50:33.450;;
784;517,828;-2659,592;-330,293;0,000;0,000;0,000;0,000;RRR 1.5in;23,4;1014;48;'26.07.2023 10:50:33.460;;
785;517,344;-2659,548;-330,264;0,000;0,000;0,000;0,000;RRR 1.5in;23,4;1014;48;'26.07.2023 10:50:33.470;;
786;516,822;-2659,538;-330,261;0,000;0,000;0,000;0,000;RRR 1.5in;23,4;1014;48;'26.07.2023 10:50:33.480;;
787;516,289;-2659,549;-330,277;0,000;0,000;0,000;0,000;RRR 1.5in;23,4;1014;48;'26.07.2023 10:50:33.490;;
788;515,728;-2659,525;-330,279;0,000;0,000;0,000;0,000;RRR 1.5in;23,4;1014;48;'26.07.2023 10:50:33.500;;
789;515,156;-2659,477;-330,267;0,000;0,000;0,000;0,000;RRR 1.5in;23,4;1014;48;'26.07.2023 10:50:33.510;;
790;514,581;-2659,450;-330,270;0,000;0,000;0,000;0,000;RRR 1.5in;23,4;1014;48;'26.07.2023 10:50:33.520;;
791;514,001;-2659,445;-330,286;0,000;0,000;0,000;0,000;RRR 1.5in;23,4;1014;48;'26.07.2023 10:50:33.530;;
792;513,415;-2659,434;-330,292;0,000;0,000;0,000;0,000;RRR 1.5in;23,4;1014;48;'26.07.2023 10:50:33.540;;
793;512,797;-2659,384;-330,282;0,000;0,000;0,000;0,000;RRR 1.5in;23,4;1014;48;'26.07.2023 10:50:33.550;;
794;512,172;-2659,327;-330,272;0,000;0,000;0,000;0,000;RRR 1.5in;23,4;1014;48;'26.07.2023 10:50:33.560;;
795;511,538;-2659,285;-330,273;0,000;0,000;0,000;0,000;RRR 1.5in;23,4;1014;48;'26.07.2023 10:50:33.570;;
796;510,878;-2659,238;-330,269;0,000;0,000;0,000;0,000;RRR 1.5in;23,4;1014;48;'26.07.2023 10:50:33.580;;
797;510,213;-2659,183;-330,254;0,000;0,000;0,000;0,000;RRR 1.5in;23,4;1014;48;'26.07.2023 10:50:33.590;;
798;509,569;-2659,149;-330,242;0,000;0,000;0,000;0,000;RRR 1.5in;23,4;1014;48;'26.07.2023 10:50:33.600;;
799;508,903;-2659,157;-330,251;0,000;0,000;0,000;0,000;RRR 1.5in;23,4;1014;48;'26.07.2023 10:50:33.610;;
800;508,233;-2659,153;-330,258;0,000;0,000;0,000;0,000;RRR 1.5in;23,4;1014;48;'26.07.2023 10:50:33.620;;
801;507,551;-2659,106;-330,252;0,000;0,000;0,000;0,000;RRR 1.5in;23,4;1014;48;'26.07.2023 10:50:33.630;;
802;506,852;-2659,037;-330,244;0,000;0,000;0,000;0,000;RRR 1.5in;23,4;1014;48;'26.07.2023 10:50:33.640;;
803;506,178;-2658,999;-330,254;0,000;0,000;0,000;0,000;RRR 1.5in;23,4;1014;48;'26.07.2023 10:50:33.650;;
804;505,488;-2658,953;-330,258;0,000;0,000;0,000;0,000;RRR 1.5in;23,4;1014;48;'26.07.2023 10:50:33.660;;
805;504,810;-2658,898;-330,251;0,000;0,000;0,000;0,000;RRR 1.5in;23,4;1014;48;'26.07.2023 10:50:33.670;;
806;504,128;-2658,863;-330,246;0,000;0,000;0,000;0,000;RRR 1.5in;23,4;1014;48;'26.07.2023 10:50:33.680;;
807;503,455;-2658,848;-330,251;0,000;0,000;0,000;0,000;RRR 1.5in;23,4;1014;48;'26.07.2023 10:50:33.690;;
808;502,793;-2658,824;-330,251;0,000;0,000;0,000;0,000;RRR 1.5in;23,4;1014;48;'26.07.2023 10:50:33.700;;
809;502,097;-2658,766;-330,238;0,000;0,000;0,000;0,000;RRR 1.5in;23,4;1014;48;'26.07.2023 10:50:33.710;;
810;501,384;-2658,708;-330,229;0,000;0,000;0,000;0,000;RRR 1.5in;23,4;1014;48;'26.07.2023 10:50:33.720;;
811;500,690;-2658,671;-330,231;0,000;0,000;0,000;0,000;RRR 1.5in;23,4;1014;48;'26.07.2023 10:50:33.730;;
812;500,006;-2658,649;-330,239;0,000;0,000;0,000;0,000;RRR 1.5in;23,4;1014;48;'26.07.2023 10:50:33.740;;
813;499,325;-2658,619;-330,242;0,000;0,000;0,000;0,000;RRR 1.5in;23,4;1014;48;'26.07.2023 10:50:33.750;;
814;498,635;-2658,577;-330,238;0,000;0,000;0,000;0,000;RRR 1.5in;23,4;1014;48;'26.07.2023 10:50:33.760;;
815;497,959;-2658,539;-330,238;0,000;0,000;0,000;0,000;RRR 1.5in;23,4;1014;48;'26.07.2023 10:50:33.770;;
816;497,295;-2658,511;-330,249;0,000;0,000;0,000;0,000;RRR 1.5in;23,4;1014;48;'26.07.2023 10:50:33.780;;
817;496,616;-2658,458;-330,247;0,000;0,000;0,000;0,000;RRR 1.5in;23,4;1014;48;'26.07.2023 10:50:33.790;;
818;495,929;-2658,385;-330,232;0,000;0,000;0,000;0,000;RRR 1.5in;23,4;1014;48;'26.07.2023 10:50:33.800;;
819;495,232;-2658,336;-330,225;0,000;0,000;0,000;0,000;RRR 1.5in;23,4;1014;48;'26.07.2023 10:50:33.810;;
820;494,557;-2658,323;-330,230;0,000;0,000;0,000;0,000;RRR 1.5in;23,4;1014;48;'26.07.2023 10:50:33.820;;
821;493,902;-2658,308;-330,225;0,000;0,000;0,000;0,000;RRR 1.5in;23,4;1014;48;'26.07.2023 10:50:33.830;;
822;493,216;-2658,271;-330,211;0,000;0,000;0,000;0,000;RRR 1.5in;23,4;1014;48;'26.07.2023 10:50:33.840;;
823;492,511;-2658,239;-330,203;0,000;0,000;0,000;0,000;RRR 1.5in;23,4;1014;48;'26.07.2023 10:50:33.850;;
824;491,815;-2658,212;-330,209;0,000;0,000;0,000;0,000;RRR 1.5in;23,4;1014;48;'26.07.2023 10:50:33.860;;
825;491,123;-2658,174;-330,217;0,000;0,000;0,000;0,000;RRR 1.5in;23,4;1014;48;'26.07.2023 10:50:33.870;;
826;490,436;-2658,114;-330,210;0,000;0,000;0,000;0,000;RRR 1.5in;23,4;1014;48;'26.07.2023 10:50:33.880;;
827;489,742;-2658,054;-330,204;0,000;0,000;0,000;0,000;RRR 1.5in;23,4;1014;48;'26.07.2023 10:50:33.890;;
828;489,064;-2658,034;-330,214;0,000;0,000;0,000;0,000;RRR 1.5in;23,4;1014;48;'26.07.2023 10:50:33.900;;
829;488,401;-2658,023;-330,224;0,000;0,000;0,000;0,000;RRR 1.5in;23,4;1014;48;'26.07.2023 10:50:33.910;;
830;487,721;-2657,975;-330,211;0,000;0,000;0,000;0,000;RRR 1.5in;23,4;1014;48;'26.07.2023 10:50:33.920;;
831;487,041;-2657,907;-330,192;0,000;0,000;0,000;0,000;RRR 1.5in;23,4;1014;48;'26.07.2023 10:50:33.930;;
832;486,350;-2657,857;-330,189;0,000;0,000;0,000;0,000;RRR 1.5in;23,4;1014;48;'26.07.2023 10:50:33.940;;
833;485,672;-2657,823;-330,192;0,000;0,000;0,000;0,000;RRR 1.5in;23,4;1014;48;'26.07.2023 10:50:33.950;;
834;485,005;-2657,782;-330,182;0,000;0,000;0,000;0,000;RRR 1.5in;23,4;1014;48;'26.07.2023 10:50:33.960;;
835;484,318;-2657,741;-330,174;0,000;0,000;0,000;0,000;RRR 1.5in;23,4;1014;48;'26.07.2023 10:50:33.970;;
836;483,608;-2657,733;-330,185;0,000;0,000;0,000;0,000;RRR 1.5in;23,4;1014;48;'26.07.2023 10:50:33.980;;
837;482,903;-2657,722;-330,197;0,000;0,000;0,000;0,000;RRR 1.5in;23,4;1014;48;'26.07.2023 10:50:33.990;;
838;482,218;-2657,675;-330,188;0,000;0,000;0,000;0,000;RRR 1.5in;23,4;1014;48;'26.07.2023 10:50:34.000;;
839;481,536;-2657,617;-330,173;0,000;0,000;0,000;0,000;RRR 1.5in;23,4;1014;48;'26.07.2023 10:50:34.010;;
840;480,827;-2657,581;-330,177;0,000;0,000;0,000;0,000;RRR 1.5in;23,4;1014;48;'26.07.2023 10:50:34.020;;
841;480,151;-2657,550;-330,180;0,000;0,000;0,000;0,000;RRR 1.5in;23,4;1014;48;'26.07.2023 10:50:34.030;;
842;479,489;-2657,503;-330,171;0,000;0,000;0,000;0,000;RRR 1.5in;23,4;1014;48;'26.07.2023 10:50:34.040;;
843;478,816;-2657,459;-330,166;0,000;0,000;0,000;0,000;RRR 1.5in;23,4;1014;48;'26.07.2023 10:50:34.050;;
844;478,142;-2657,417;-330,165;0,000;0,000;0,000;0,000;RRR 1.5in;23,4;1014;48;'26.07.2023 10:50:34.060;;
845;477,465;-2657,368;-330,165;0,000;0,000;0,000;0,000;RRR 1.5in;23,4;1014;48;'26.07.2023 10:50:34.070;;
846;476,790;-2657,312;-330,159;0,000;0,000;0,000;0,000;RRR 1.5in;23,4;1014;48;'26.07.2023 10:50:34.080;;
847;476,098;-2657,264;-330,155;0,000;0,000;0,000;0,000;RRR 1.5in;23,4;1014;48;'26.07.2023 10:50:34.090;;
848;475,392;-2657,233;-330,159;0,000;0,000;0,000;0,000;RRR 1.5in;23,4;1014;48;'26.07.2023 10:50:34.100;;
849;474,697;-2657,226;-330,167;0,000;0,000;0,000;0,000;RRR 1.5in;23,4;1014;48;'26.07.2023 10:50:34.110;;
850;474,005;-2657,218;-330,169;0,000;0,000;0,000;0,000;RRR 1.5in;23,4;1014;48;'26.07.2023 10:50:34.120;;
851;473,325;-2657,191;-330,162;0,000;0,000;0,000;0,000;RRR 1.5in;23,4;1014;48;'26.07.2023 10:50:34.130;;
852;472,644;-2657,148;-330,157;0,000;0,000;0,000;0,000;RRR 1.5in;23,4;1014;48;'26.07.2023 10:50:34.140;;
853;471,941;-2657,107;-330,166;0,000;0,000;0,000;0,000;RRR 1.5in;23,4;1014;48;'26.07.2023 10:50:34.150;;
854;471,244;-2657,060;-330,170;0,000;0,000;0,000;0,000;RRR 1.5in;23,4;1014;48;'26.07.2023 10:50:34.160;;
855;470,571;-2656,997;-330,169;0,000;0,000;0,000;0,000;RRR 1.5in;23,4;1014;48;'26.07.2023 10:50:34.170;;
856;469,892;-2656,929;-330,166;0,000;0,000;0,000;0,000;RRR 1.5in;23,4;1014;48;'26.07.2023 10:50:34.180;;
857;469,220;-2656,886;-330,171;0,000;0,000;0,000;0,000;RRR 1.5in;23,4;1014;48;'26.07.2023 10:50:34.190;;
858;468,535;-2656,858;-330,182;0,000;0,000;0,000;0,000;RRR 1.5in;23,4;1014;48;'26.07.2023 10:50:34.200;;
859;467,859;-2656,815;-330,180;0,000;0,000;0,000;0,000;RRR 1.5in;23,4;1014;48;'26.07.2023 10:50:34.210;;
860;467,181;-2656,763;-330,168;0,000;0,000;0,000;0,000;RRR 1.5in;23,4;1014;48;'26.07.2023 10:50:34.220;;
861;466,473;-2656,719;-330,162;0,000;0,000;0,000;0,000;RRR 1.5in;23,4;1014;48;'26.07.2023 10:50:34.230;;
862;465,769;-2656,694;-330,167;0,000;0,000;0,000;0,000;RRR 1.5in;23,4;1014;48;'26.07.2023 10:50:34.240;;
863;465,069;-2656,668;-330,169;0,000;0,000;0,000;0,000;RRR 1.5in;23,4;1014;48;'26.07.2023 10:50:34.250;;
864;464,398;-2656,645;-330,163;0,000;0,000;0,000;0,000;RRR 1.5in;23,4;1014;48;'26.07.2023 10:50:34.260;;
865;463,719;-2656,630;-330,164;0,000;0,000;0,000;0,000;RRR 1.5in;23,4;1014;48;'26.07.2023 10:50:34.270;;
866;463,020;-2656,609;-330,173;0,000;0,000;0,000;0,000;RRR 1.5in;23,4;1014;48;'26.07.2023 10:50:34.280;;
867;462,319;-2656,556;-330,173;0,000;0,000;0,000;0,000;RRR 1.5in;23,4;1014;48;'26.07.2023 10:50:34.290;;
868;461,640;-2656,487;-330,168;0,000;0,000;0,000;0,000;RRR 1.5in;23,4;1014;48;'26.07.2023 10:50:34.300;;
869;460,958;-2656,419;-330,166;0,000;0,000;0,000;0,000;RRR 1.5in;23,4;1014;48;'26.07.2023 10:50:34.310;;
870;460,288;-2656,364;-330,167;0,000;0,000;0,000;0,000;RRR 1.5in;23,4;1014;48;'26.07.2023 10:50:34.320;;
871;459,604;-2656,321;-330,170;0,000;0,000;0,000;0,000;RRR 1.5in;23,4;1014;48;'26.07.2023 10:50:34.330;;
872;458,932;-2656,289;-330,168;0,000;0,000;0,000;0,000;RRR 1.5in;23,4;1014;48;'26.07.2023 10:50:34.340;;
873;458,257;-2656,258;-330,162;0,000;0,000;0,000;0,000;RRR 1.5in;23,4;1014;48;'26.07.2023 10:50:34.350;;
874;457,565;-2656,226;-330,164;0,000;0,000;0,000;0,000;RRR 1.5in;23,4;1014;48;'26.07.2023 10:50:34.360;;
875;456,864;-2656,190;-330,163;0,000;0,000;0,000;0,000;RRR 1.5in;23,4;1014;48;'26.07.2023 10:50:34.370;;
876;456,159;-2656,150;-330,163;0,000;0,000;0,000;0,000;RRR 1.5in;23,4;1014;48;'26.07.2023 10:50:34.380;;
877;455,455;-2656,116;-330,165;0,000;0,000;0,000;0,000;RRR 1.5in;23,4;1014;48;'26.07.2023 10:50:34.390;;
878;454,777;-2656,091;-330,170;0,000;0,000;0,000;0,000;RRR 1.5in;23,4;1014;48;'26.07.2023 10:50:34.400;;
879;454,077;-2656,066;-330,174;0,000;0,000;0,000;0,000;RRR 1.5in;23,4;1014;48;'26.07.2023 10:50:34.410;;
880;453,395;-2656,037;-330,174;0,000;0,000;0,000;0,000;RRR 1.5in;23,4;1014;48;'26.07.2023 10:50:34.420;;
881;452,726;-2655,986;-330,162;0,000;0,000;0,000;0,000;RRR 1.5in;23,4;1014;48;'26.07.2023 10:50:34.430;;
882;452,052;-2655,929;-330,155;0,000;0,000;0,000;0,000;RRR 1.5in;23,4;1014;48;'26.07.2023 10:50:34.440;;
883;451,364;-2655,872;-330,149;0,000;0,000;0,000;0,000;RRR 1.5in;23,4;1014;48;'26.07.2023 10:50:34.450;;
884;450,673;-2655,815;-330,142;0,000;0,000;0,000;0,000;RRR 1.5in;23,4;1014;48;'26.07.2023 10:50:34.460;;
885;449,999;-2655,776;-330,139;0,000;0,000;0,000;0,000;RRR 1.5in;23,4;1014;48;'26.07.2023 10:50:34.470;;
886;449,329;-2655,766;-330,148;0,000;0,000;0,000;0,000;RRR 1.5in;23,4;1014;48;'26.07.2023 10:50:34.480;;
887;448,634;-2655,751;-330,162;0,000;0,000;0,000;0,000;RRR 1.5in;23,4;1014;48;'26.07.2023 10:50:34.490;;
888;447,953;-2655,705;-330,160;0,000;0,000;0,000;0,000;RRR 1.5in;23,4;1014;48;'26.07.2023 10:50:34.500;;
889;447,274;-2655,658;-330,158;0,000;0,000;0,000;0,000;RRR 1.5in;23,4;1014;48;'26.07.2023 10:50:34.510;;
890;446,576;-2655,634;-330,169;0,000;0,000;0,000;0,000;RRR 1.5in;23,4;1014;48;'26.07.2023 10:50:34.520;;
891;445,876;-2655,606;-330,170;0,000;0,000;0,000;0,000;RRR 1.5in;23,4;1014;48;'26.07.2023 10:50:34.530;;
892;445,180;-2655,556;-330,159;0,000;0,000;0,000;0,000;RRR 1.5in;23,4;1014;48;'26.07.2023 10:50:34.540;;
893;444,501;-2655,518;-330,154;0,000;0,000;0,000;0,000;RRR 1.5in;23,4;1014;48;'26.07.2023 10:50:34.550;;
894;443,829;-2655,500;-330,165;0,000;0,000;0,000;0,000;RRR 1.5in;23,4;1014;48;'26.07.2023 10:50:34.560;;
895;443,141;-2655,461;-330,169;0,000;0,000;0,000;0,000;RRR 1.5in;23,4;1014;48;'26.07.2023 10:50:34.570;;
896;442,458;-2655,397;-330,160;0,000;0,000;0,000;0,000;RRR 1.5in;23,4;1014;48;'26.07.2023 10:50:34.580;;
897;441,773;-2655,341;-330,159;0,000;0,000;0,000;0,000;RRR 1.5in;23,4;1014;48;'26.07.2023 10:50:34.590;;
898;441,085;-2655,299;-330,164;0,000;0,000;0,000;0,000;RRR 1.5in;23,4;1014;48;'26.07.2023 10:50:34.600;;
899;440,406;-2655,256;-330,165;0,000;0,000;0,000;0,000;RRR 1.5in;23,4;1014;48;'26.07.2023 10:50:34.610;;
900;439,714;-2655,208;-330,164;0,000;0,000;0,000;0,000;RRR 1.5in;23,4;1014;48;'26.07.2023 10:50:34.620;;
901;439,022;-2655,180;-330,165;0,000;0,000;0,000;0,000;RRR 1.5in;23,4;1014;48;'26.07.2023 10:50:34.630;;
902;438,347;-2655,161;-330,168;0,000;0,000;0,000;0,000;RRR 1.5in;23,4;1014;48;'26.07.2023 10:50:34.640;;
903;437,657;-2655,130;-330,168;0,000;0,000;0,000;0,000;RRR 1.5in;23,4;1014;48;'26.07.2023 10:50:34.650;;
904;436,953;-2655,092;-330,167;0,000;0,000;0,000;0,000;RRR 1.5in;23,4;1014;48;'26.07.2023 10:50:34.660;;
905;436,253;-2655,043;-330,162;0,000;0,000;0,000;0,000;RRR 1.5in;23,4;1014;48;'26.07.2023 10:50:34.670;;
906;435,565;-2655,000;-330,166;0,000;0,000;0,000;0,000;RRR 1.5in;23,4;1014;48;'26.07.2023 10:50:34.680;;
907;434,890;-2654,964;-330,171;0,000;0,000;0,000;0,000;RRR 1.5in;23,4;1014;48;'26.07.2023 10:50:34.690;;
908;434,205;-2654,928;-330,172;0,000;0,000;0,000;0,000;RRR 1.5in;23,4;1014;48;'26.07.2023 10:50:34.700;;
909;433,531;-2654,899;-330,172;0,000;0,000;0,000;0,000;RRR 1.5in;23,4;1014;48;'26.07.2023 10:50:34.710;;
910;432,866;-2654,883;-330,176;0,000;0,000;0,000;0,000;RRR 1.5in;23,4;1014;48;'26.07.2023 10:50:34.720;;
911;432,180;-2654,857;-330,181;0,000;0,000;0,000;0,000;RRR 1.5in;23,4;1014;48;'26.07.2023 10:50:34.730;;
912;431,494;-2654,799;-330,170;0,000;0,000;0,000;0,000;RRR 1.5in;23,4;1014;48;'26.07.2023 10:50:34.740;;
913;430,801;-2654,726;-330,158;0,000;0,000;0,000;0,000;RRR 1.5in;23,4;1014;48;'26.07.2023 10:50:34.750;;
914;430,096;-2654,679;-330,162;0,000;0,000;0,000;0,000;RRR 1.5in;23,4;1014;48;'26.07.2023 10:50:34.760;;
915;429,406;-2654,643;-330,167;0,000;0,000;0,000;0,000;RRR 1.5in;23,4;1014;48;'26.07.2023 10:50:34.770;;
916;428,724;-2654,607;-330,171;0,000;0,000;0,000;0,000;RRR 1.5in;23,4;1014;48;'26.07.2023 10:50:34.780;;
917;428,039;-2654,582;-330,176;0,000;0,000;0,000;0,000;RRR 1.5in;23,4;1014;48;'26.07.2023 10:50:34.790;;
918;427,353;-2654,562;-330,185;0,000;0,000;0,000;0,000;RRR 1.5in;23,4;1014;48;'26.07.2023 10:50:34.800;;
919;426,652;-2654,520;-330,189;0,000;0,000;0,000;0,000;RRR 1.5in;23,4;1014;48;'26.07.2023 10:50:34.810;;
920;425,961;-2654,462;-330,181;0,000;0,000;0,000;0,000;RRR 1.5in;23,4;1014;48;'26.07.2023 10:50:34.820;;
921;425,270;-2654,413;-330,177;0,000;0,000;0,000;0,000;RRR 1.5in;23,4;1014;48;'26.07.2023 10:50:34.830;;
922;424,578;-2654,380;-330,180;0,000;0,000;0,000;0,000;RRR 1.5in;23,4;1014;48;'26.07.2023 10:50:34.840;;
923;423,908;-2654,350;-330,179;0,000;0,000;0,000;0,000;RRR 1.5in;23,4;1014;48;'26.07.2023 10:50:34.850;;
924;423,229;-2654,320;-330,180;0,000;0,000;0,000;0,000;RRR 1.5in;23,4;1014;48;'26.07.2023 10:50:34.860;;
925;422,555;-2654,295;-330,183;0,000;0,000;0,000;0,000;RRR 1.5in;23,4;1014;48;'26.07.2023 10:50:34.870;;
926;421,885;-2654,262;-330,184;0,000;0,000;0,000;0,000;RRR 1.5in;23,4;1014;48;'26.07.2023 10:50:34.880;;
927;421,201;-2654,215;-330,185;0,000;0,000;0,000;0,000;RRR 1.5in;23,4;1014;48;'26.07.2023 10:50:34.890;;
928;420,508;-2654,171;-330,191;0,000;0,000;0,000;0,000;RRR 1.5in;23,4;1014;48;'26.07.2023 10:50:34.900;;
929;419,816;-2654,123;-330,194;0,000;0,000;0,000;0,000;RRR 1.5in;23,4;1014;48;'26.07.2023 10:50:34.910;;
930;419,118;-2654,074;-330,200;0,000;0,000;0,000;0,000;RRR 1.5in;23,4;1014;48;'26.07.2023 10:50:34.920;;
931;418,423;-2654,025;-330,199;0,000;0,000;0,000;0,000;RRR 1.5in;23,4;1014;48;'26.07.2023 10:50:34.930;;
932;417,727;-2653,989;-330,198;0,000;0,000;0,000;0,000;RRR 1.5in;23,4;1014;48;'26.07.2023 10:50:34.940;;
933;417,036;-2653,967;-330,200;0,000;0,000;0,000;0,000;RRR 1.5in;23,4;1014;48;'26.07.2023 10:50:34.950;;
934;416,365;-2653,949;-330,197;0,000;0,000;0,000;0,000;RRR 1.5in;23,4;1014;48;'26.07.2023 10:50:34.960;;
935;415,676;-2653,924;-330,197;0,000;0,000;0,000;0,000;RRR 1.5in;23,4;1014;48;'26.07.2023 10:50:34.970;;
936;414,981;-2653,886;-330,197;0,000;0,000;0,000;0,000;RRR 1.5in;23,4;1014;48;'26.07.2023 10:50:34.980;;
937;414,296;-2653,831;-330,197;0,000;0,000;0,000;0,000;RRR 1.5in;23,4;1014;48;'26.07.2023 10:50:34.990;;
938;413,612;-2653,776;-330,202;0,000;0,000;0,000;0,000;RRR 1.5in;23,4;1014;48;'26.07.2023 10:50:35.000;;
939;412,933;-2653,733;-330,209;0,000;0,000;0,000;0,000;RRR 1.5in;23,4;1014;48;'26.07.2023 10:50:35.010;;
940;412,248;-2653,697;-330,212;0,000;0,000;0,000;0,000;RRR 1.5in;23,4;1014;48;'26.07.2023 10:50:35.020;;
941;411,565;-2653,662;-330,208;0,000;0,000;0,000;0,000;RRR 1.5in;23,4;1014;48;'26.07.2023 10:50:35.030;;
942;410,891;-2653,631;-330,206;0,000;0,000;0,000;0,000;RRR 1.5in;23,4;1014;48;'26.07.2023 10:50:35.040;;
943;410,200;-2653,589;-330,204;0,000;0,000;0,000;0,000;RRR 1.5in;23,4;1014;48;'26.07.2023 10:50:35.050;;
944;409,514;-2653,536;-330,200;0,000;0,000;0,000;0,000;RRR 1.5in;23,4;1014;48;'26.07.2023 10:50:35.060;;
945;408,824;-2653,482;-330,194;0,000;0,000;0,000;0,000;RRR 1.5in;23,4;1014;48;'26.07.2023 10:50:35.070;;
946;408,131;-2653,455;-330,201;0,000;0,000;0,000;0,000;RRR 1.5in;23,4;1014;48;'26.07.2023 10:50:35.080;;
947;407,450;-2653,444;-330,208;0,000;0,000;0,000;0,000;RRR 1.5in;23,4;1014;48;'26.07.2023 10:50:35.090;;
948;406,761;-2653,421;-330,209;0,000;0,000;0,000;0,000;RRR 1.5in;23,4;1014;48;'26.07.2023 10:50:35.100;;
949;406,052;-2653,384;-330,208;0,000;0,000;0,000;0,000;RRR 1.5in;23,4;1014;48;'26.07.2023 10:50:35.110;;
950;405,373;-2653,336;-330,203;0,000;0,000;0,000;0,000;RRR 1.5in;23,4;1014;48;'26.07.2023 10:50:35.120;;
951;404,688;-2653,285;-330,201;0,000;0,000;0,000;0,000;RRR 1.5in;23,4;1014;48;'26.07.2023 10:50:35.130;;
952;404,004;-2653,237;-330,203;0,000;0,000;0,000;0,000;RRR 1.5in;23,4;1014;48;'26.07.2023 10:50:35.140;;
953;403,325;-2653,182;-330,197;0,000;0,000;0,000;0,000;RRR 1.5in;23,4;1014;48;'26.07.2023 10:50:35.150;;
954;402,650;-2653,136;-330,198;0,000;0,000;0,000;0,000;RRR 1.5in;23,4;1014;48;'26.07.2023 10:50:35.160;;
955;401,972;-2653,110;-330,206;0,000;0,000;0,000;0,000;RRR 1.5in;23,4;1014;48;'26.07.2023 10:50:35.170;;
956;401,299;-2653,077;-330,209;0,000;0,000;0,000;0,000;RRR 1.5in;23,4;1014;48;'26.07.2023 10:50:35.180;;
957;400,619;-2653,024;-330,200;0,000;0,000;0,000;0,000;RRR 1.5in;23,4;1014;48;'26.07.2023 10:50:35.190;;
958;399,936;-2652,983;-330,197;0,000;0,000;0,000;0,000;RRR 1.5in;23,4;1014;48;'26.07.2023 10:50:35.200;;
959;399,226;-2652,956;-330,206;0,000;0,000;0,000;0,000;RRR 1.5in;23,4;1014;48;'26.07.2023 10:50:35.210;;
960;398,517;-2652,916;-330,210;0,000;0,000;0,000;0,000;RRR 1.5in;23,4;1014;48;'26.07.2023 10:50:35.220;;
961;397,823;-2652,867;-330,202;0,000;0,000;0,000;0,000;RRR 1.5in;23,4;1014;48;'26.07.2023 10:50:35.230;;
962;397,134;-2652,837;-330,201;0,000;0,000;0,000;0,000;RRR 1.5in;23,4;1014;48;'26.07.2023 10:50:35.240;;
963;396,447;-2652,826;-330,206;0,000;0,000;0,000;0,000;RRR 1.5in;23,4;1014;48;'26.07.2023 10:50:35.250;;
964;395,777;-2652,800;-330,201;0,000;0,000;0,000;0,000;RRR 1.5in;23,4;1014;48;'26.07.2023 10:50:35.260;;
965;395,084;-2652,748;-330,193;0,000;0,000;0,000;0,000;RRR 1.5in;23,4;1014;48;'26.07.2023 10:50:35.270;;
966;394,393;-2652,704;-330,195;0,000;0,000;0,000;0,000;RRR 1.5in;23,4;1014;48;'26.07.2023 10:50:35.280;;
967;393,695;-2652,649;-330,199;0,000;0,000;0,000;0,000;RRR 1.5in;23,4;1014;48;'26.07.2023 10:50:35.290;;
968;393,007;-2652,579;-330,203;0,000;0,000;0,000;0,000;RRR 1.5in;23,4;1014;48;'26.07.2023 10:50:35.300;;
969;392,332;-2652,513;-330,197;0,000;0,000;0,000;0,000;RRR 1.5in;23,4;1014;48;'26.07.2023 10:50:35.310;;
970;391,667;-2652,479;-330,203;0,000;0,000;0,000;0,000;RRR 1.5in;23,4;1014;48;'26.07.2023 10:50:35.320;;
971;390,988;-2652,463;-330,208;0,000;0,000;0,000;0,000;RRR 1.5in;23,4;1014;48;'26.07.2023 10:50:35.330;;
972;390,308;-2652,441;-330,202;0,000;0,000;0,000;0,000;RRR 1.5in;23,4;1014;48;'26.07.2023 10:50:35.340;;
973;389,598;-2652,407;-330,196;0,000;0,000;0,000;0,000;RRR 1.5in;23,4;1014;48;'26.07.2023 10:50:35.350;;
974;388,899;-2652,369;-330,189;0,000;0,000;0,000;0,000;RRR 1.5in;23,4;1014;48;'26.07.2023 10:50:35.360;;
975;388,205;-2652,327;-330,188;0,000;0,000;0,000;0,000;RRR 1.5in;23,4;1014;48;'26.07.2023 10:50:35.370;;
976;387,505;-2652,277;-330,186;0,000;0,000;0,000;0,000;RRR 1.5in;23,4;1014;48;'26.07.2023 10:50:35.380;;
977;386,814;-2652,240;-330,187;0,000;0,000;0,000;0,000;RRR 1.5in;23,4;1014;48;'26.07.2023 10:50:35.390;;
978;386,136;-2652,221;-330,196;0,000;0,000;0,000;0,000;RRR 1.5in;23,4;1014;48;'26.07.2023 10:50:35.400;;
979;385,461;-2652,206;-330,214;0,000;0,000;0,000;0,000;RRR 1.5in;23,4;1014;48;'26.07.2023 10:50:35.410;;
980;384,786;-2652,161;-330,216;0,000;0,000;0,000;0,000;RRR 1.5in;23,4;1014;48;'26.07.2023 10:50:35.420;;
981;384,113;-2652,085;-330,203;0,000;0,000;0,000;0,000;RRR 1.5in;23,4;1014;48;'26.07.2023 10:50:35.430;;
982;383,432;-2652,022;-330,197;0,000;0,000;0,000;0,000;RRR 1.5in;23,4;1014;48;'26.07.2023 10:50:35.440;;
983;382,757;-2651,981;-330,197;0,000;0,000;0,000;0,000;RRR 1.5in;23,4;1014;48;'26.07.2023 10:50:35.450;;
984;382,064;-2651,940;-330,191;0,000;0,000;0,000;0,000;RRR 1.5in;23,4;1014;48;'26.07.2023 10:50:35.460;;
985;381,377;-2651,898;-330,180;0,000;0,000;0,000;0,000;RRR 1.5in;23,4;1014;48;'26.07.2023 10:50:35.470;;
986;380,692;-2651,875;-330,177;0,000;0,000;0,000;0,000;RRR 1.5in;23,4;1014;48;'26.07.2023 10:50:35.480;;
987;380,001;-2651,865;-330,187;0,000;0,000;0,000;0,000;RRR 1.5in;23,4;1014;48;'26.07.2023 10:50:35.490;;
988;379,308;-2651,838;-330,188;0,000;0,000;0,000;0,000;RRR 1.5in;23,4;1014;48;'26.07.2023 10:50:35.500;;
989;378,618;-2651,793;-330,183;0,000;0,000;0,000;0,000;RRR 1.5in;23,4;1014;48;'26.07.2023 10:50:35.510;;
990;377,909;-2651,754;-330,190;0,000;0,000;0,000;0,000;RRR 1.5in;23,4;1014;48;'26.07.2023 10:50:35.520;;
991;377,206;-2651,728;-330,207;0,000;0,000;0,000;0,000;RRR 1.5in;23,4;1014;48;'26.07.2023 10:50:35.530;;
992;376,504;-2651,675;-330,211;0,000;0,000;0,000;0,000;RRR 1.5in;23,4;1014;48;'26.07.2023 10:50:35.540;;
993;375,826;-2651,612;-330,204;0,000;0,000;0,000;0,000;RRR 1.5in;23,4;1014;48;'26.07.2023 10:50:35.550;;
994;375,171;-2651,566;-330,195;0,000;0,000;0,000;0,000;RRR 1.5in;23,4;1014;48;'26.07.2023 10:50:35.560;;
995;374,517;-2651,538;-330,193;0,000;0,000;0,000;0,000;RRR 1.5in;23,4;1014;48;'26.07.2023 10:50:35.570;;
996;373,845;-2651,502;-330,185;0,000;0,000;0,000;0,000;RRR 1.5in;23,4;1014;48;'26.07.2023 10:50:35.580;;
997;373,175;-2651,452;-330,171;0,000;0,000;0,000;0,000;RRR 1.5in;23,4;1014;48;'26.07.2023 10:50:35.590;;
998;372,474;-2651,406;-330,171;0,000;0,000;0,000;0,000;RRR 1.5in;23,4;1014;48;'26.07.2023 10:50:35.600;;
999;371,772;-2651,369;-330,178;0,000;0,000;0,000;0,000;RRR 1.5in;23,4;1014;48;'26.07.2023 10:50:35.610;;
1000;371,080;-2651,331;-330,183;0,000;0,000;0,000;0,000;RRR 1.5in;23,4;1014;48;'26.07.2023 10:50:35.620;;
1001;370,374;-2651,301;-330,192;0,000;0,000;0,000;0,000;RRR 1.5in;23,4;1014;48;'26.07.2023 10:50:35.630;;
1002;369,685;-2651,289;-330,206;0,000;0,000;0,000;0,000;RRR 1.5in;23,4;1014;48;'26.07.2023 10:50:35.640;;
1003;368,997;-2651,275;-330,215;0,000;0,000;0,000;0,000;RRR 1.5in;23,4;1014;48;'26.07.2023 10:50:35.650;;
1004;368,296;-2651,246;-330,221;0,000;0,000;0,000;0,000;RRR 1.5in;23,4;1014;48;'26.07.2023 10:50:35.660;;
1005;367,607;-2651,195;-330,220;0,000;0,000;0,000;0,000;RRR 1.5in;23,4;1014;48;'26.07.2023 10:50:35.670;;
1006;366,929;-2651,115;-330,204;0,000;0,000;0,000;0,000;RRR 1.5in;23,4;1014;48;'26.07.2023 10:50:35.680;;
1007;366,260;-2651,044;-330,195;0,000;0,000;0,000;0,000;RRR 1.5in;23,4;1014;48;'26.07.2023 10:50:35.690;;
1008;365,590;-2650,998;-330,196;0,000;0,000;0,000;0,000;RRR 1.5in;23,4;1014;48;'26.07.2023 10:50:35.700;;
1009;364,902;-2650,958;-330,198;0,000;0,000;0,000;0,000;RRR 1.5in;23,4;1014;48;'26.07.2023 10:50:35.710;;
1010;364,230;-2650,918;-330,197;0,000;0,000;0,000;0,000;RRR 1.5in;23,4;1014;48;'26.07.2023 10:50:35.720;;
1011;363,555;-2650,888;-330,199;0,000;0,000;0,000;0,000;RRR 1.5in;23,4;1014;48;'26.07.2023 10:50:35.730;;
1012;362,857;-2650,867;-330,214;0,000;0,000;0,000;0,000;RRR 1.5in;23,4;1014;48;'26.07.2023 10:50:35.740;;
1013;362,149;-2650,830;-330,221;0,000;0,000;0,000;0,000;RRR 1.5in;23,4;1014;48;'26.07.2023 10:50:35.750;;
1014;361,447;-2650,785;-330,224;0,000;0,000;0,000;0,000;RRR 1.5in;23,4;1014;48;'26.07.2023 10:50:35.760;;
1015;360,727;-2650,746;-330,227;0,000;0,000;0,000;0,000;RRR 1.5in;23,4;1014;48;'26.07.2023 10:50:35.770;;
1016;360,030;-2650,728;-330,237;0,000;0,000;0,000;0,000;RRR 1.5in;23,4;1014;48;'26.07.2023 10:50:35.780;;
1017;359,345;-2650,698;-330,236;0,000;0,000;0,000;0,000;RRR 1.5in;23,4;1014;48;'26.07.2023 10:50:35.790;;
1018;358,671;-2650,657;-330,233;0,000;0,000;0,000;0,000;RRR 1.5in;23,4;1014;48;'26.07.2023 10:50:35.800;;
1019;358,006;-2650,617;-330,229;0,000;0,000;0,000;0,000;RRR 1.5in;23,4;1014;48;'26.07.2023 10:50:35.810;;
1020;357,347;-2650,572;-330,229;0,000;0,000;0,000;0,000;RRR 1.5in;23,4;1014;48;'26.07.2023 10:50:35.820;;
1021;356,675;-2650,517;-330,234;0,000;0,000;0,000;0,000;RRR 1.5in;23,4;1014;48;'26.07.2023 10:50:35.830;;
1022;355,994;-2650,456;-330,238;0,000;0,000;0,000;0,000;RRR 1.5in;23,4;1014;48;'26.07.2023 10:50:35.840;;
1023;355,296;-2650,392;-330,244;0,000;0,000;0,000;0,000;RRR 1.5in;23,4;1014;48;'26.07.2023 10:50:35.850;;
1024;354,589;-2650,334;-330,246;0,000;0,000;0,000;0,000;RRR 1.5in;23,4;1014;48;'26.07.2023 10:50:35.860;;
1025;353,907;-2650,295;-330,241;0,000;0,000;0,000;0,000;RRR 1.5in;23,4;1014;48;'26.07.2023 10:50:35.870;;
1026;353,213;-2650,282;-330,239;0,000;0,000;0,000;0,000;RRR 1.5in;23,4;1014;48;'26.07.2023 10:50:35.880;;
1027;352,523;-2650,294;-330,242;0,000;0,000;0,000;0,000;RRR 1.5in;23,4;1014;48;'26.07.2023 10:50:35.890;;
1028;351,838;-2650,293;-330,235;0,000;0,000;0,000;0,000;RRR 1.5in;23,4;1014;48;'26.07.2023 10:50:35.900;;
1029;351,140;-2650,266;-330,234;0,000;0,000;0,000;0,000;RRR 1.5in;23,4;1014;48;'26.07.2023 10:50:35.910;;
1030;350,438;-2650,227;-330,240;0,000;0,000;0,000;0,000;RRR 1.5in;23,4;1014;48;'26.07.2023 10:50:35.920;;
1031;349,744;-2650,161;-330,243;0,000;0,000;0,000;0,000;RRR 1.5in;23,4;1014;48;'26.07.2023 10:50:35.930;;
1032;349,058;-2650,077;-330,238;0,000;0,000;0,000;0,000;RRR 1.5in;23,4;1014;48;'26.07.2023 10:50:35.940;;
1033;348,397;-2650,010;-330,235;0,000;0,000;0,000;0,000;RRR 1.5in;23,4;1014;48;'26.07.2023 10:50:35.950;;
1034;347,730;-2649,977;-330,242;0,000;0,000;0,000;0,000;RRR 1.5in;23,4;1014;48;'26.07.2023 10:50:35.960;;
1035;347,063;-2649,959;-330,251;0,000;0,000;0,000;0,000;RRR 1.5in;23,4;1014;48;'26.07.2023 10:50:35.970;;
1036;346,393;-2649,925;-330,243;0,000;0,000;0,000;0,000;RRR 1.5in;23,4;1014;48;'26.07.2023 10:50:35.980;;
1037;345,719;-2649,881;-330,232;0,000;0,000;0,000;0,000;RRR 1.5in;23,4;1014;48;'26.07.2023 10:50:35.990;;
1038;345,020;-2649,846;-330,229;0,000;0,000;0,000;0,000;RRR 1.5in;23,4;1014;48;'26.07.2023 10:50:36.000;;
1039;344,313;-2649,815;-330,231;0,000;0,000;0,000;0,000;RRR 1.5in;23,4;1014;48;'26.07.2023 10:50:36.010;;
1040;343,599;-2649,769;-330,225;0,000;0,000;0,000;0,000;RRR 1.5in;23,4;1014;48;'26.07.2023 10:50:36.020;;
1041;342,886;-2649,735;-330,225;0,000;0,000;0,000;0,000;RRR 1.5in;23,4;1014;48;'26.07.2023 10:50:36.030;;
1042;342,193;-2649,719;-330,232;0,000;0,000;0,000;0,000;RRR 1.5in;23,4;1014;48;'26.07.2023 10:50:36.040;;
1043;341,509;-2649,706;-330,244;0,000;0,000;0,000;0,000;RRR 1.5in;23,4;1014;48;'26.07.2023 10:50:36.050;;
1044;340,833;-2649,675;-330,251;0,000;0,000;0,000;0,000;RRR 1.5in;23,4;1014;48;'26.07.2023 10:50:36.060;;
1045;340,168;-2649,614;-330,242;0,000;0,000;0,000;0,000;RRR 1.5in;23,4;1014;48;'26.07.2023 10:50:36.070;;
1046;339,500;-2649,554;-330,240;0,000;0,000;0,000;0,000;RRR 1.5in;23,4;1014;48;'26.07.2023 10:50:36.080;;
1047;338,820;-2649,497;-330,240;0,000;0,000;0,000;0,000;RRR 1.5in;23,4;1014;48;'26.07.2023 10:50:36.090;;
1048;338,138;-2649,433;-330,233;0,000;0,000;0,000;0,000;RRR 1.5in;23,4;1014;48;'26.07.2023 10:50:36.100;;
1049;337,447;-2649,360;-330,214;0,000;0,000;0,000;0,000;RRR 1.5in;23,4;1014;48;'26.07.2023 10:50:36.110;;
1050;336,780;-2649,326;-330,206;0,000;0,000;0,000;0,000;RRR 1.5in;23,4;1014;48;'26.07.2023 10:50:36.120;;
1051;336,099;-2649,330;-330,215;0,000;0,000;0,000;0,000;RRR 1.5in;23,4;1014;48;'26.07.2023 10:50:36.130;;
1052;335,405;-2649,335;-330,229;0,000;0,000;0,000;0,000;RRR 1.5in;23,4;1014;48;'26.07.2023 10:50:36.140;;
1053;334,705;-2649,308;-330,228;0,000;0,000;0,000;0,000;RRR 1.5in;23,4;1014;48;'26.07.2023 10:50:36.150;;
1054;334,008;-2649,272;-330,233;0,000;0,000;0,000;0,000;RRR 1.5in;23,4;1014;48;'26.07.2023 10:50:36.160;;
1055;333,294;-2649,248;-330,259;0,000;0,000;0,000;0,000;RRR 1.5in;23,4;1014;48;'26.07.2023 10:50:36.170;;
1056;332,595;-2649,195;-330,269;0,000;0,000;0,000;0,000;RRR 1.5in;23,4;1014;48;'26.07.2023 10:50:36.180;;
1057;331,909;-2649,101;-330,250;0,000;0,000;0,000;0,000;RRR 1.5in;23,4;1014;48;'26.07.2023 10:50:36.190;;
1058;331,228;-2649,030;-330,238;0,000;0,000;0,000;0,000;RRR 1.5in;23,4;1014;48;'26.07.2023 10:50:36.200;;
1059;330,566;-2649,009;-330,247;0,000;0,000;0,000;0,000;RRR 1.5in;23,4;1014;48;'26.07.2023 10:50:36.210;;
1060;329,902;-2648,982;-330,250;0,000;0,000;0,000;0,000;RRR 1.5in;23,4;1014;48;'26.07.2023 10:50:36.220;;
1061;329,236;-2648,930;-330,240;0,000;0,000;0,000;0,000;RRR 1.5in;23,4;1014;48;'26.07.2023 10:50:36.230;;
1062;328,563;-2648,872;-330,227;0,000;0,000;0,000;0,000;RRR 1.5in;23,4;1014;48;'26.07.2023 10:50:36.240;;
1063;327,877;-2648,834;-330,236;0,000;0,000;0,000;0,000;RRR 1.5in;23,4;1014;48;'26.07.2023 10:50:36.250;;
1064;327,169;-2648,801;-330,251;0,000;0,000;0,000;0,000;RRR 1.5in;23,4;1014;48;'26.07.2023 10:50:36.260;;
1065;326,449;-2648,749;-330,250;0,000;0,000;0,000;0,000;RRR 1.5in;23,4;1014;48;'26.07.2023 10:50:36.270;;
1066;325,728;-2648,709;-330,255;0,000;0,000;0,000;0,000;RRR 1.5in;23,4;1014;48;'26.07.2023 10:50:36.280;;
1067;325,035;-2648,707;-330,271;0,000;0,000;0,000;0,000;RRR 1.5in;23,4;1014;48;'26.07.2023 10:50:36.290;;
1068;324,353;-2648,710;-330,283;0,000;0,000;0,000;0,000;RRR 1.5in;23,4;1014;48;'26.07.2023 10:50:36.300;;
1069;323,672;-2648,669;-330,275;0,000;0,000;0,000;0,000;RRR 1.5in;23,4;1014;48;'26.07.2023 10:50:36.310;;
1070;322,996;-2648,604;-330,255;0,000;0,000;0,000;0,000;RRR 1.5in;23,4;1014;48;'26.07.2023 10:50:36.320;;
1071;322,331;-2648,549;-330,244;0,000;0,000;0,000;0,000;RRR 1.5in;23,4;1014;48;'26.07.2023 10:50:36.330;;
1072;321,652;-2648,505;-330,249;0,000;0,000;0,000;0,000;RRR 1.5in;23,4;1014;48;'26.07.2023 10:50:36.340;;
1073;320,971;-2648,445;-330,248;0,000;0,000;0,000;0,000;RRR 1.5in;23,4;1014;48;'26.07.2023 10:50:36.350;;
1074;320,287;-2648,364;-330,235;0,000;0,000;0,000;0,000;RRR 1.5in;23,4;1014;48;'26.07.2023 10:50:36.360;;
1075;319,606;-2648,318;-330,239;0,000;0,000;0,000;0,000;RRR 1.5in;23,4;1014;48;'26.07.2023 10:50:36.370;;
1076;318,934;-2648,313;-330,260;0,000;0,000;0,000;0,000;RRR 1.5in;23,4;1014;48;'26.07.2023 10:50:36.380;;
1077;318,240;-2648,304;-330,273;0,000;0,000;0,000;0,000;RRR 1.5in;23,4;1014;48;'26.07.2023 10:50:36.390;;
1078;317,540;-2648,281;-330,277;0,000;0,000;0,000;0,000;RRR 1.5in;23,4;1014;48;'26.07.2023 10:50:36.400;;
1079;316,840;-2648,262;-330,280;0,000;0,000;0,000;0,000;RRR 1.5in;23,4;1014;48;'26.07.2023 10:50:36.410;;
1080;316,151;-2648,243;-330,286;0,000;0,000;0,000;0,000;RRR 1.5in;23,4;1014;48;'26.07.2023 10:50:36.420;;
1081;315,457;-2648,209;-330,288;0,000;0,000;0,000;0,000;RRR 1.5in;23,4;1014;48;'26.07.2023 10:50:36.430;;
1082;314,778;-2648,151;-330,274;0,000;0,000;0,000;0,000;RRR 1.5in;23,4;1014;48;'26.07.2023 10:50:36.440;;
1083;314,102;-2648,094;-330,262;0,000;0,000;0,000;0,000;RRR 1.5in;23,4;1014;48;'26.07.2023 10:50:36.450;;
1084;313,430;-2648,063;-330,270;0,000;0,000;0,000;0,000;RRR 1.5in;23,4;1014;48;'26.07.2023 10:50:36.460;;
1085;312,762;-2648,019;-330,274;0,000;0,000;0,000;0,000;RRR 1.5in;23,4;1014;48;'26.07.2023 10:50:36.470;;
1086;312,088;-2647,952;-330,271;0,000;0,000;0,000;0,000;RRR 1.5in;23,4;1014;48;'26.07.2023 10:50:36.480;;
1087;311,400;-2647,891;-330,277;0,000;0,000;0,000;0,000;RRR 1.5in;23,4;1014;48;'26.07.2023 10:50:36.490;;
1088;310,702;-2647,842;-330,282;0,000;0,000;0,000;0,000;RRR 1.5in;23,4;1014;48;'26.07.2023 10:50:36.500;;
1089;310,004;-2647,799;-330,283;0,000;0,000;0,000;0,000;RRR 1.5in;23,4;1014;48;'26.07.2023 10:50:36.510;;
1090;309,291;-2647,772;-330,284;0,000;0,000;0,000;0,000;RRR 1.5in;23,4;1014;48;'26.07.2023 10:50:36.520;;
1091;308,594;-2647,763;-330,287;0,000;0,000;0,000;0,000;RRR 1.5in;23,4;1014;48;'26.07.2023 10:50:36.530;;
1092;307,903;-2647,751;-330,289;0,000;0,000;0,000;0,000;RRR 1.5in;23,4;1014;48;'26.07.2023 10:50:36.540;;
1093;307,238;-2647,731;-330,286;0,000;0,000;0,000;0,000;RRR 1.5in;23,4;1014;48;'26.07.2023 10:50:36.550;;
1094;306,565;-2647,692;-330,279;0,000;0,000;0,000;0,000;RRR 1.5in;23,4;1014;48;'26.07.2023 10:50:36.560;;
1095;305,885;-2647,653;-330,280;0,000;0,000;0,000;0,000;RRR 1.5in;23,4;1014;48;'26.07.2023 10:50:36.570;;
1096;305,206;-2647,609;-330,283;0,000;0,000;0,000;0,000;RRR 1.5in;23,4;1014;48;'26.07.2023 10:50:36.580;;
1097;304,543;-2647,557;-330,277;0,000;0,000;0,000;0,000;RRR 1.5in;23,4;1014;48;'26.07.2023 10:50:36.590;;
1098;303,869;-2647,502;-330,279;0,000;0,000;0,000;0,000;RRR 1.5in;23,4;1014;48;'26.07.2023 10:50:36.600;;
1099;303,182;-2647,460;-330,287;0,000;0,000;0,000;0,000;RRR 1.5in;23,4;1014;48;'26.07.2023 10:50:36.610;;
1100;302,501;-2647,418;-330,290;0,000;0,000;0,000;0,000;RRR 1.5in;23,4;1014;48;'26.07.2023 10:50:36.620;;
1101;301,817;-2647,383;-330,290;0,000;0,000;0,000;0,000;RRR 1.5in;23,4;1014;48;'26.07.2023 10:50:36.630;;
1102;301,130;-2647,373;-330,295;0,000;0,000;0,000;0,000;RRR 1.5in;23,4;1014;48;'26.07.2023 10:50:36.640;;
1103;300,426;-2647,365;-330,297;0,000;0,000;0,000;0,000;RRR 1.5in;23,4;1014;48;'26.07.2023 10:50:36.650;;
1104;299,729;-2647,344;-330,299;0,000;0,000;0,000;0,000;RRR 1.5in;23,4;1014;48;'26.07.2023 10:50:36.660;;
1105;299,034;-2647,295;-330,292;0,000;0,000;0,000;0,000;RRR 1.5in;23,4;1014;48;'26.07.2023 10:50:36.670;;
1106;298,352;-2647,234;-330,283;0,000;0,000;0,000;0,000;RRR 1.5in;23,4;1014;48;'26.07.2023 10:50:36.680;;
1107;297,653;-2647,174;-330,289;0,000;0,000;0,000;0,000;RRR 1.5in;23,4;1014;48;'26.07.2023 10:50:36.690;;
1108;296,963;-2647,114;-330,296;0,000;0,000;0,000;0,000;RRR 1.5in;23,4;1014;48;'26.07.2023 10:50:36.700;;
1109;296,282;-2647,033;-330,284;0,000;0,000;0,000;0,000;RRR 1.5in;23,4;1014;48;'26.07.2023 10:50:36.710;;
1110;295,610;-2646,980;-330,286;0,000;0,000;0,000;0,000;RRR 1.5in;23,4;1014;48;'26.07.2023 10:50:36.720;;
1111;294,946;-2646,963;-330,300;0,000;0,000;0,000;0,000;RRR 1.5in;23,4;1014;48;'26.07.2023 10:50:36.730;;
1112;294,262;-2646,941;-330,303;0,000;0,000;0,000;0,000;RRR 1.5in;23,4;1014;48;'26.07.2023 10:50:36.740;;
1113;293,570;-2646,899;-330,293;0,000;0,000;0,000;0,000;RRR 1.5in;23,4;1014;48;'26.07.2023 10:50:36.750;;
1114;292,874;-2646,857;-330,281;0,000;0,000;0,000;0,000;RRR 1.5in;23,4;1014;48;'26.07.2023 10:50:36.760;;
1115;292,180;-2646,835;-330,281;0,000;0,000;0,000;0,000;RRR 1.5in;23,4;1014;48;'26.07.2023 10:50:36.770;;
1116;291,469;-2646,813;-330,293;0,000;0,000;0,000;0,000;RRR 1.5in;23,4;1014;48;'26.07.2023 10:50:36.780;;
1117;290,775;-2646,768;-330,291;0,000;0,000;0,000;0,000;RRR 1.5in;23,4;1014;48;'26.07.2023 10:50:36.790;;
1118;290,090;-2646,711;-330,283;0,000;0,000;0,000;0,000;RRR 1.5in;23,4;1014;48;'26.07.2023 10:50:36.800;;
1119;289,419;-2646,686;-330,296;0,000;0,000;0,000;0,000;RRR 1.5in;23,4;1014;48;'26.07.2023 10:50:36.810;;
1120;288,751;-2646,671;-330,316;0,000;0,000;0,000;0,000;RRR 1.5in;23,4;1014;48;'26.07.2023 10:50:36.820;;
1121;288,075;-2646,623;-330,316;0,000;0,000;0,000;0,000;RRR 1.5in;23,4;1014;48;'26.07.2023 10:50:36.830;;
1122;287,408;-2646,562;-330,309;0,000;0,000;0,000;0,000;RRR 1.5in;23,4;1014;48;'26.07.2023 10:50:36.840;;
1123;286,734;-2646,514;-330,305;0,000;0,000;0,000;0,000;RRR 1.5in;23,4;1014;48;'26.07.2023 10:50:36.850;;
1124;286,051;-2646,480;-330,305;0,000;0,000;0,000;0,000;RRR 1.5in;23,4;1014;48;'26.07.2023 10:50:36.860;;
1125;285,339;-2646,440;-330,305;0,000;0,000;0,000;0,000;RRR 1.5in;23,4;1014;48;'26.07.2023 10:50:36.870;;
1126;284,640;-2646,391;-330,295;0,000;0,000;0,000;0,000;RRR 1.5in;23,4;1014;48;'26.07.2023 10:50:36.880;;
1127;283,940;-2646,357;-330,292;0,000;0,000;0,000;0,000;RRR 1.5in;23,4;1014;48;'26.07.2023 10:50:36.890;;
1128;283,242;-2646,345;-330,307;0,000;0,000;0,000;0,000;RRR 1.5in;23,4;1014;48;'26.07.2023 10:50:36.900;;
1129;282,553;-2646,312;-330,313;0,000;0,000;0,000;0,000;RRR 1.5in;23,4;1014;48;'26.07.2023 10:50:36.910;;
1130;281,871;-2646,264;-330,309;0,000;0,000;0,000;0,000;RRR 1.5in;23,4;1014;48;'26.07.2023 10:50:36.920;;
1131;281,195;-2646,229;-330,316;0,000;0,000;0,000;0,000;RRR 1.5in;23,4;1014;48;'26.07.2023 10:50:36.930;;
1132;280,520;-2646,196;-330,324;0,000;0,000;0,000;0,000;RRR 1.5in;23,4;1014;48;'26.07.2023 10:50:36.940;;
1133;279,839;-2646,136;-330,321;0,000;0,000;0,000;0,000;RRR 1.5in;23,4;1014;48;'26.07.2023 10:50:36.950;;
1134;279,146;-2646,070;-330,315;0,000;0,000;0,000;0,000;RRR 1.5in;23,4;1014;48;'26.07.2023 10:50:36.960;;
1135;278,468;-2646,010;-330,302;0,000;0,000;0,000;0,000;RRR 1.5in;23,4;1014;48;'26.07.2023 10:50:36.970;;
1136;277,800;-2645,974;-330,296;0,000;0,000;0,000;0,000;RRR 1.5in;23,4;1014;48;'26.07.2023 10:50:36.980;;
1137;277,134;-2645,957;-330,297;0,000;0,000;0,000;0,000;RRR 1.5in;23,4;1014;48;'26.07.2023 10:50:36.990;;
1138;276,444;-2645,947;-330,300;0,000;0,000;0,000;0,000;RRR 1.5in;23,4;1014;48;'26.07.2023 10:50:37.000;;
1139;275,748;-2645,927;-330,301;0,000;0,000;0,000;0,000;RRR 1.5in;23,4;1014;48;'26.07.2023 10:50:37.010;;
1140;275,047;-2645,905;-330,311;0,000;0,000;0,000;0,000;RRR 1.5in;23,4;1014;48;'26.07.2023 10:50:37.020;;
1141;274,347;-2645,876;-330,321;0,000;0,000;0,000;0,000;RRR 1.5in;23,4;1014;48;'26.07.2023 10:50:37.030;;
1142;273,649;-2645,829;-330,322;0,000;0,000;0,000;0,000;RRR 1.5in;23,4;1014;48;'26.07.2023 10:50:37.040;;
1143;272,951;-2645,778;-330,322;0,000;0,000;0,000;0,000;RRR 1.5in;23,4;1014;48;'26.07.2023 10:50:37.050;;
1144;272,278;-2645,732;-330,320;0,000;0,000;0,000;0,000;RRR 1.5in;23,4;1014;48;'26.07.2023 10:50:37.060;;
1145;271,614;-2645,695;-330,319;0,000;0,000;0,000;0,000;RRR 1.5in;23,4;1014;48;'26.07.2023 10:50:37.070;;
1146;270,951;-2645,662;-330,319;0,000;0,000;0,000;0,000;RRR 1.5in;23,4;1014;48;'26.07.2023 10:50:37.080;;
1147;270,268;-2645,617;-330,314;0,000;0,000;0,000;0,000;RRR 1.5in;23,4;1014;48;'26.07.2023 10:50:37.090;;
1148;269,593;-2645,560;-330,303;0,000;0,000;0,000;0,000;RRR 1.5in;23,4;1014;48;'26.07.2023 10:50:37.100;;
1149;268,911;-2645,513;-330,301;0,000;0,000;0,000;0,000;RRR 1.5in;23,4;1014;48;'26.07.2023 10:50:37.110;;
1150;268,224;-2645,480;-330,300;0,000;0,000;0,000;0,000;RRR 1.5in;23,4;1014;48;'26.07.2023 10:50:37.120;;
1151;267,520;-2645,454;-330,309;0,000;0,000;0,000;0,000;RRR 1.5in;23,4;1014;48;'26.07.2023 10:50:37.130;;
1152;266,805;-2645,420;-330,317;0,000;0,000;0,000;0,000;RRR 1.5in;23,4;1014;48;'26.07.2023 10:50:37.140;;
1153;266,113;-2645,385;-330,318;0,000;0,000;0,000;0,000;RRR 1.5in;23,4;1014;48;'26.07.2023 10:50:37.150;;
1154;265,415;-2645,359;-330,323;0,000;0,000;0,000;0,000;RRR 1.5in;23,4;1014;48;'26.07.2023 10:50:37.160;;
1155;264,725;-2645,340;-330,333;0,000;0,000;0,000;0,000;RRR 1.5in;23,4;1014;48;'26.07.2023 10:50:37.170;;
1156;264,044;-2645,301;-330,324;0,000;0,000;0,000;0,000;RRR 1.5in;23,4;1014;48;'26.07.2023 10:50:37.180;;
1157;263,381;-2645,249;-330,305;0,000;0,000;0,000;0,000;RRR 1.5in;23,4;1014;48;'26.07.2023 10:50:37.190;;
1158;262,707;-2645,213;-330,300;0,000;0,000;0,000;0,000;RRR 1.5in;23,4;1014;48;'26.07.2023 10:50:37.200;;
1159;262,028;-2645,168;-330,299;0,000;0,000;0,000;0,000;RRR 1.5in;23,4;1014;48;'26.07.2023 10:50:37.210;;
1160;261,349;-2645,104;-330,292;0,000;0,000;0,000;0,000;RRR 1.5in;23,4;1014;48;'26.07.2023 10:50:37.220;;
1161;260,657;-2645,031;-330,290;0,000;0,000;0,000;0,000;RRR 1.5in;23,4;1014;48;'26.07.2023 10:50:37.230;;
1162;259,977;-2644,976;-330,294;0,000;0,000;0,000;0,000;RRR 1.5in;23,4;1014;48;'26.07.2023 10:50:37.240;;
1163;259,283;-2644,940;-330,302;0,000;0,000;0,000;0,000;RRR 1.5in;23,4;1014;48;'26.07.2023 10:50:37.250;;
1164;258,585;-2644,930;-330,315;0,000;0,000;0,000;0,000;RRR 1.5in;23,4;1014;48;'26.07.2023 10:50:37.260;;
1165;257,884;-2644,924;-330,320;0,000;0,000;0,000;0,000;RRR 1.5in;23,4;1014;48;'26.07.2023 10:50:37.270;;
1166;257,194;-2644,912;-330,322;0,000;0,000;0,000;0,000;RRR 1.5in;23,4;1014;48;'26.07.2023 10:50:37.280;;
1167;256,496;-2644,883;-330,321;0,000;0,000;0,000;0,000;RRR 1.5in;23,4;1014;48;'26.07.2023 10:50:37.290;;
1168;255,804;-2644,824;-330,307;0,000;0,000;0,000;0,000;RRR 1.5in;23,4;1014;48;'26.07.2023 10:50:37.300;;
1169;255,124;-2644,756;-330,290;0,000;0,000;0,000;0,000;RRR 1.5in;23,4;1014;48;'26.07.2023 10:50:37.310;;
1170;254,448;-2644,701;-330,285;0,000;0,000;0,000;0,000;RRR 1.5in;23,4;1014;48;'26.07.2023 10:50:37.320;;
1171;253,783;-2644,656;-330,283;0,000;0,000;0,000;0,000;RRR 1.5in;23,4;1014;48;'26.07.2023 10:50:37.330;;
1172;253,106;-2644,607;-330,279;0,000;0,000;0,000;0,000;RRR 1.5in;23,4;1014;48;'26.07.2023 10:50:37.340;;
1173;252,430;-2644,569;-330,289;0,000;0,000;0,000;0,000;RRR 1.5in;23,4;1014;48;'26.07.2023 10:50:37.350;;
1174;251,756;-2644,526;-330,298;0,000;0,000;0,000;0,000;RRR 1.5in;23,4;1014;48;'26.07.2023 10:50:37.360;;
1175;251,083;-2644,475;-330,301;0,000;0,000;0,000;0,000;RRR 1.5in;23,4;1014;48;'26.07.2023 10:50:37.370;;
1176;250,380;-2644,431;-330,305;0,000;0,000;0,000;0,000;RRR 1.5in;23,4;1014;48;'26.07.2023 10:50:37.380;;
1177;249,656;-2644,403;-330,314;0,000;0,000;0,000;0,000;RRR 1.5in;23,4;1014;48;'26.07.2023 10:50:37.390;;
1178;248,947;-2644,376;-330,313;0,000;0,000;0,000;0,000;RRR 1.5in;23,4;1014;48;'26.07.2023 10:50:37.400;;
1179;248,253;-2644,345;-330,308;0,000;0,000;0,000;0,000;RRR 1.5in;23,4;1014;48;'26.07.2023 10:50:37.410;;
1180;247,579;-2644,309;-330,296;0,000;0,000;0,000;0,000;RRR 1.5in;23,4;1014;48;'26.07.2023 10:50:37.420;;
1181;246,906;-2644,270;-330,286;0,000;0,000;0,000;0,000;RRR 1.5in;23,4;1014;48;'26.07.2023 10:50:37.430;;
1182;246,237;-2644,232;-330,281;0,000;0,000;0,000;0,000;RRR 1.5in;23,4;1014;48;'26.07.2023 10:50:37.440;;
1183;245,580;-2644,190;-330,278;0,000;0,000;0,000;0,000;RRR 1.5in;23,4;1014;48;'26.07.2023 10:50:37.450;;
1184;244,920;-2644,146;-330,278;0,000;0,000;0,000;0,000;RRR 1.5in;23,4;1014;48;'26.07.2023 10:50:37.460;;
1185;244,243;-2644,101;-330,293;0,000;0,000;0,000;0,000;RRR 1.5in;23,4;1014;48;'26.07.2023 10:50:37.470;;
1186;243,550;-2644,035;-330,297;0,000;0,000;0,000;0,000;RRR 1.5in;23,4;1014;48;'26.07.2023 10:50:37.480;;
1187;242,861;-2643,969;-330,292;0,000;0,000;0,000;0,000;RRR 1.5in;23,4;1014;48;'26.07.2023 10:50:37.490;;
1188;242,154;-2643,935;-330,300;0,000;0,000;0,000;0,000;RRR 1.5in;23,4;1014;48;'26.07.2023 10:50:37.500;;
1189;241,444;-2643,923;-330,309;0,000;0,000;0,000;0,000;RRR 1.5in;23,4;1014;48;'26.07.2023 10:50:37.510;;
1190;240,735;-2643,897;-330,294;0,000;0,000;0,000;0,000;RRR 1.5in;23,4;1014;48;'26.07.2023 10:50:37.520;;
1191;240,050;-2643,881;-330,279;0,000;0,000;0,000;0,000;RRR 1.5in;23,4;1014;48;'26.07.2023 10:50:37.530;;
1192;239,376;-2643,880;-330,281;0,000;0,000;0,000;0,000;RRR 1.5in;23,4;1014;48;'26.07.2023 10:50:37.540;;
1193;238,703;-2643,850;-330,280;0,000;0,000;0,000;0,000;RRR 1.5in;23,4;1014;48;'26.07.2023 10:50:37.550;;
1194;238,034;-2643,776;-330,270;0,000;0,000;0,000;0,000;RRR 1.5in;23,4;1014;48;'26.07.2023 10:50:37.560;;
1195;237,348;-2643,694;-330,265;0,000;0,000;0,000;0,000;RRR 1.5in;23,4;1014;48;'26.07.2023 10:50:37.570;;
1196;236,665;-2643,630;-330,273;0,000;0,000;0,000;0,000;RRR 1.5in;23,4;1014;48;'26.07.2023 10:50:37.580;;
1197;235,982;-2643,572;-330,284;0,000;0,000;0,000;0,000;RRR 1.5in;23,4;1014;48;'26.07.2023 10:50:37.590;;
1198;235,306;-2643,517;-330,284;0,000;0,000;0,000;0,000;RRR 1.5in;23,4;1014;48;'26.07.2023 10:50:37.600;;
1199;234,630;-2643,485;-330,281;0,000;0,000;0,000;0,000;RRR 1.5in;23,4;1014;48;'26.07.2023 10:50:37.610;;
1200;233,939;-2643,488;-330,289;0,000;0,000;0,000;0,000;RRR 1.5in;23,4;1014;48;'26.07.2023 10:50:37.620;;
1201;233,243;-2643,491;-330,295;0,000;0,000;0,000;0,000;RRR 1.5in;23,4;1014;48;'26.07.2023 10:50:37.630;;
1202;232,545;-2643,463;-330,284;0,000;0,000;0,000;0,000;RRR 1.5in;23,4;1014;48;'26.07.2023 10:50:37.640;;
1203;231,856;-2643,431;-330,273;0,000;0,000;0,000;0,000;RRR 1.5in;23,4;1014;48;'26.07.2023 10:50:37.650;;
1204;231,162;-2643,406;-330,275;0,000;0,000;0,000;0,000;RRR 1.5in;23,4;1014;48;'26.07.2023 10:50:37.660;;
1205;230,488;-2643,362;-330,268;0,000;0,000;0,000;0,000;RRR 1.5in;23,4;1014;48;'26.07.2023 10:50:37.670;;
1206;229,817;-2643,300;-330,261;0,000;0,000;0,000;0,000;RRR 1.5in;23,4;1014;48;'26.07.2023 10:50:37.680;;
1207;229,139;-2643,245;-330,266;0,000;0,000;0,000;0,000;RRR 1.5in;23,4;1014;48;'26.07.2023 10:50:37.690;;
1208;228,479;-2643,197;-330,275;0,000;0,000;0,000;0,000;RRR 1.5in;23,4;1014;48;'26.07.2023 10:50:37.700;;
1209;227,812;-2643,149;-330,280;0,000;0,000;0,000;0,000;RRR 1.5in;23,4;1014;48;'26.07.2023 10:50:37.710;;
1210;227,135;-2643,112;-330,287;0,000;0,000;0,000;0,000;RRR 1.5in;23,4;1014;48;'26.07.2023 10:50:37.720;;
1211;226,441;-2643,080;-330,288;0,000;0,000;0,000;0,000;RRR 1.5in;23,4;1014;48;'26.07.2023 10:50:37.730;;
1212;225,742;-2643,056;-330,285;0,000;0,000;0,000;0,000;RRR 1.5in;23,4;1014;48;'26.07.2023 10:50:37.740;;
1213;225,030;-2643,033;-330,284;0,000;0,000;0,000;0,000;RRR 1.5in;23,4;1014;48;'26.07.2023 10:50:37.750;;
1214;224,320;-2642,997;-330,274;0,000;0,000;0,000;0,000;RRR 1.5in;23,4;1014;48;'26.07.2023 10:50:37.760;;
1215;223,613;-2642,950;-330,262;0,000;0,000;0,000;0,000;RRR 1.5in;23,4;1014;48;'26.07.2023 10:50:37.770;;
1216;222,910;-2642,907;-330,263;0,000;0,000;0,000;0,000;RRR 1.5in;23,4;1014;48;'26.07.2023 10:50:37.780;;
1217;222,234;-2642,854;-330,257;0,000;0,000;0,000;0,000;RRR 1.5in;23,4;1014;48;'26.07.2023 10:50:37.790;;
1218;221,573;-2642,802;-330,253;0,000;0,000;0,000;0,000;RRR 1.5in;23,4;1014;48;'26.07.2023 10:50:37.800;;
1219;220,908;-2642,771;-330,264;0,000;0,000;0,000;0,000;RRR 1.5in;23,4;1014;48;'26.07.2023 10:50:37.810;;
1220;220,234;-2642,736;-330,275;0,000;0,000;0,000;0,000;RRR 1.5in;23,4;1014;48;'26.07.2023 10:50:37.820;;
1221;219,564;-2642,684;-330,272;0,000;0,000;0,000;0,000;RRR 1.5in;23,4;1014;48;'26.07.2023 10:50:37.830;;
1222;218,882;-2642,629;-330,268;0,000;0,000;0,000;0,000;RRR 1.5in;23,4;1014;48;'26.07.2023 10:50:37.840;;
1223;218,177;-2642,587;-330,268;0,000;0,000;0,000;0,000;RRR 1.5in;23,4;1014;48;'26.07.2023 10:50:37.850;;
1224;217,471;-2642,549;-330,257;0,000;0,000;0,000;0,000;RRR 1.5in;23,4;1014;48;'26.07.2023 10:50:37.860;;
1225;216,767;-2642,525;-330,247;0,000;0,000;0,000;0,000;RRR 1.5in;23,4;1014;48;'26.07.2023 10:50:37.870;;
1226;216,074;-2642,516;-330,241;0,000;0,000;0,000;0,000;RRR 1.5in;23,4;1014;48;'26.07.2023 10:50:37.880;;
1227;215,388;-2642,502;-330,236;0,000;0,000;0,000;0,000;RRR 1.5in;23,4;1014;48;'26.07.2023 10:50:37.890;;
1228;214,706;-2642,475;-330,236;0,000;0,000;0,000;0,000;RRR 1.5in;23,4;1014;48;'26.07.2023 10:50:37.900;;
1229;214,030;-2642,435;-330,243;0,000;0,000;0,000;0,000;RRR 1.5in;23,4;1014;48;'26.07.2023 10:50:37.910;;
1230;213,364;-2642,382;-330,248;0,000;0,000;0,000;0,000;RRR 1.5in;23,4;1014;48;'26.07.2023 10:50:37.920;;
1231;212,702;-2642,325;-330,251;0,000;0,000;0,000;0,000;RRR 1.5in;23,4;1014;48;'26.07.2023 10:50:37.930;;
1232;212,016;-2642,270;-330,253;0,000;0,000;0,000;0,000;RRR 1.5in;23,4;1014;48;'26.07.2023 10:50:37.940;;
1233;211,329;-2642,219;-330,249;0,000;0,000;0,000;0,000;RRR 1.5in;23,4;1014;48;'26.07.2023 10:50:37.950;;
1234;210,635;-2642,178;-330,244;0,000;0,000;0,000;0,000;RRR 1.5in;23,4;1014;48;'26.07.2023 10:50:37.960;;
1235;209,940;-2642,148;-330,243;0,000;0,000;0,000;0,000;RRR 1.5in;23,4;1014;48;'26.07.2023 10:50:37.970;;
1236;209,243;-2642,114;-330,234;0,000;0,000;0,000;0,000;RRR 1.5in;23,4;1014;48;'26.07.2023 10:50:37.980;;
1237;208,540;-2642,079;-330,223;0,000;0,000;0,000;0,000;RRR 1.5in;23,4;1014;48;'26.07.2023 10:50:37.990;;
1238;207,845;-2642,064;-330,227;0,000;0,000;0,000;0,000;RRR 1.5in;23,4;1014;48;'26.07.2023 10:50:38.000;;
1239;207,154;-2642,048;-330,234;0,000;0,000;0,000;0,000;RRR 1.5in;23,4;1014;48;'26.07.2023 10:50:38.010;;
1240;206,481;-2642,012;-330,228;0,000;0,000;0,000;0,000;RRR 1.5in;23,4;1014;48;'26.07.2023 10:50:38.020;;
1241;205,805;-2641,963;-330,225;0,000;0,000;0,000;0,000;RRR 1.5in;23,4;1014;48;'26.07.2023 10:50:38.030;;
1242;205,128;-2641,915;-330,230;0,000;0,000;0,000;0,000;RRR 1.5in;23,4;1014;48;'26.07.2023 10:50:38.040;;
1243;204,450;-2641,864;-330,238;0,000;0,000;0,000;0,000;RRR 1.5in;23,4;1014;48;'26.07.2023 10:50:38.050;;
1244;203,767;-2641,803;-330,240;0,000;0,000;0,000;0,000;RRR 1.5in;23,4;1014;48;'26.07.2023 10:50:38.060;;
1245;203,082;-2641,737;-330,232;0,000;0,000;0,000;0,000;RRR 1.5in;23,4;1014;48;'26.07.2023 10:50:38.070;;
1246;202,392;-2641,693;-330,227;0,000;0,000;0,000;0,000;RRR 1.5in;23,4;1014;48;'26.07.2023 10:50:38.080;;
1247;201,703;-2641,683;-330,228;0,000;0,000;0,000;0,000;RRR 1.5in;23,4;1014;48;'26.07.2023 10:50:38.090;;
1248;201,009;-2641,686;-330,229;0,000;0,000;0,000;0,000;RRR 1.5in;23,4;1014;48;'26.07.2023 10:50:38.100;;
1249;200,321;-2641,674;-330,215;0,000;0,000;0,000;0,000;RRR 1.5in;23,4;1014;48;'26.07.2023 10:50:38.110;;
1250;199,636;-2641,654;-330,206;0,000;0,000;0,000;0,000;RRR 1.5in;23,4;1014;48;'26.07.2023 10:50:38.120;;
1251;198,941;-2641,628;-330,212;0,000;0,000;0,000;0,000;RRR 1.5in;23,4;1014;48;'26.07.2023 10:50:38.130;;
1252;198,261;-2641,579;-330,214;0,000;0,000;0,000;0,000;RRR 1.5in;23,4;1014;48;'26.07.2023 10:50:38.140;;
1253;197,587;-2641,510;-330,210;0,000;0,000;0,000;0,000;RRR 1.5in;23,4;1014;48;'26.07.2023 10:50:38.150;;
1254;196,913;-2641,451;-330,216;0,000;0,000;0,000;0,000;RRR 1.5in;23,4;1014;48;'26.07.2023 10:50:38.160;;
1255;196,237;-2641,405;-330,223;0,000;0,000;0,000;0,000;RRR 1.5in;23,4;1014;48;'26.07.2023 10:50:38.170;;
1256;195,559;-2641,360;-330,223;0,000;0,000;0,000;0,000;RRR 1.5in;23,4;1014;48;'26.07.2023 10:50:38.180;;
1257;194,883;-2641,326;-330,223;0,000;0,000;0,000;0,000;RRR 1.5in;23,4;1014;48;'26.07.2023 10:50:38.190;;
1258;194,202;-2641,301;-330,221;0,000;0,000;0,000;0,000;RRR 1.5in;23,4;1014;48;'26.07.2023 10:50:38.200;;
1259;193,515;-2641,277;-330,211;0,000;0,000;0,000;0,000;RRR 1.5in;23,4;1014;48;'26.07.2023 10:50:38.210;;
1260;192,809;-2641,256;-330,205;0,000;0,000;0,000;0,000;RRR 1.5in;23,4;1014;48;'26.07.2023 10:50:38.220;;
1261;192,101;-2641,236;-330,202;0,000;0,000;0,000;0,000;RRR 1.5in;23,4;1014;48;'26.07.2023 10:50:38.230;;
1262;191,404;-2641,207;-330,199;0,000;0,000;0,000;0,000;RRR 1.5in;23,4;1014;48;'26.07.2023 10:50:38.240;;
1263;190,712;-2641,169;-330,203;0,000;0,000;0,000;0,000;RRR 1.5in;23,4;1014;48;'26.07.2023 10:50:38.250;;
1264;190,032;-2641,108;-330,206;0,000;0,000;0,000;0,000;RRR 1.5in;23,4;1014;48;'26.07.2023 10:50:38.260;;
1265;189,345;-2641,031;-330,204;0,000;0,000;0,000;0,000;RRR 1.5in;23,4;1014;48;'26.07.2023 10:50:38.270;;
1266;188,669;-2640,977;-330,212;0,000;0,000;0,000;0,000;RRR 1.5in;23,4;1014;48;'26.07.2023 10:50:38.280;;
1267;188,003;-2640,948;-330,226;0,000;0,000;0,000;0,000;RRR 1.5in;23,4;1014;48;'26.07.2023 10:50:38.290;;
1268;187,341;-2640,919;-330,227;0,000;0,000;0,000;0,000;RRR 1.5in;23,4;1014;48;'26.07.2023 10:50:38.300;;
1269;186,671;-2640,882;-330,220;0,000;0,000;0,000;0,000;RRR 1.5in;23,4;1014;48;'26.07.2023 10:50:38.310;;
1270;185,976;-2640,846;-330,216;0,000;0,000;0,000;0,000;RRR 1.5in;23,4;1014;48;'26.07.2023 10:50:38.320;;
1271;185,274;-2640,814;-330,212;0,000;0,000;0,000;0,000;RRR 1.5in;23,4;1014;48;'26.07.2023 10:50:38.330;;
1272;184,560;-2640,780;-330,210;0,000;0,000;0,000;0,000;RRR 1.5in;23,4;1014;48;'26.07.2023 10:50:38.340;;
1273;183,846;-2640,737;-330,210;0,000;0,000;0,000;0,000;RRR 1.5in;23,4;1014;48;'26.07.2023 10:50:38.350;;
1274;183,140;-2640,684;-330,203;0,000;0,000;0,000;0,000;RRR 1.5in;23,4;1014;48;'26.07.2023 10:50:38.360;;
1275;182,460;-2640,649;-330,202;0,000;0,000;0,000;0,000;RRR 1.5in;23,4;1014;48;'26.07.2023 10:50:38.370;;
1276;181,798;-2640,638;-330,218;0,000;0,000;0,000;0,000;RRR 1.5in;23,4;1014;48;'26.07.2023 10:50:38.380;;
1277;181,134;-2640,611;-330,234;0,000;0,000;0,000;0,000;RRR 1.5in;23,4;1014;48;'26.07.2023 10:50:38.390;;
1278;180,474;-2640,556;-330,231;0,000;0,000;0,000;0,000;RRR 1.5in;23,4;1014;48;'26.07.2023 10:50:38.400;;
1279;179,798;-2640,503;-330,232;0,000;0,000;0,000;0,000;RRR 1.5in;23,4;1014;48;'26.07.2023 10:50:38.410;;
1280;179,117;-2640,461;-330,239;0,000;0,000;0,000;0,000;RRR 1.5in;23,4;1014;48;'26.07.2023 10:50:38.420;;
1281;178,437;-2640,416;-330,232;0,000;0,000;0,000;0,000;RRR 1.5in;23,4;1014;48;'26.07.2023 10:50:38.430;;
1282;177,727;-2640,371;-330,225;0,000;0,000;0,000;0,000;RRR 1.5in;23,4;1014;48;'26.07.2023 10:50:38.440;;
1283;177,015;-2640,343;-330,226;0,000;0,000;0,000;0,000;RRR 1.5in;23,4;1014;48;'26.07.2023 10:50:38.450;;
1284;176,308;-2640,312;-330,225;0,000;0,000;0,000;0,000;RRR 1.5in;23,4;1014;48;'26.07.2023 10:50:38.460;;
1285;175,618;-2640,282;-330,227;0,000;0,000;0,000;0,000;RRR 1.5in;23,4;1014;48;'26.07.2023 10:50:38.470;;
1286;174,929;-2640,251;-330,236;0,000;0,000;0,000;0,000;RRR 1.5in;23,4;1014;48;'26.07.2023 10:50:38.480;;
1287;174,246;-2640,213;-330,242;0,000;0,000;0,000;0,000;RRR 1.5in;23,4;1014;48;'26.07.2023 10:50:38.490;;
1288;173,573;-2640,165;-330,242;0,000;0,000;0,000;0,000;RRR 1.5in;23,4;1014;48;'26.07.2023 10:50:38.500;;
1289;172,893;-2640,119;-330,248;0,000;0,000;0,000;0,000;RRR 1.5in;23,4;1014;48;'26.07.2023 10:50:38.510;;
1290;172,218;-2640,070;-330,250;0,000;0,000;0,000;0,000;RRR 1.5in;23,4;1014;48;'26.07.2023 10:50:38.520;;
1291;171,543;-2640,009;-330,245;0,000;0,000;0,000;0,000;RRR 1.5in;23,4;1014;48;'26.07.2023 10:50:38.530;;
1292;170,849;-2639,950;-330,239;0,000;0,000;0,000;0,000;RRR 1.5in;23,4;1014;48;'26.07.2023 10:50:38.540;;
1293;170,150;-2639,898;-330,236;0,000;0,000;0,000;0,000;RRR 1.5in;23,4;1014;48;'26.07.2023 10:50:38.550;;
1294;169,442;-2639,861;-330,236;0,000;0,000;0,000;0,000;RRR 1.5in;23,4;1014;48;'26.07.2023 10:50:38.560;;
1295;168,747;-2639,847;-330,240;0,000;0,000;0,000;0,000;RRR 1.5in;23,4;1014;48;'26.07.2023 10:50:38.570;;
1296;168,055;-2639,837;-330,250;0,000;0,000;0,000;0,000;RRR 1.5in;23,4;1014;48;'26.07.2023 10:50:38.580;;
1297;167,370;-2639,814;-330,251;0,000;0,000;0,000;0,000;RRR 1.5in;23,4;1014;48;'26.07.2023 10:50:38.590;;
1298;166,695;-2639,778;-330,249;0,000;0,000;0,000;0,000;RRR 1.5in;23,4;1014;48;'26.07.2023 10:50:38.600;;
1299;166,016;-2639,738;-330,256;0,000;0,000;0,000;0,000;RRR 1.5in;23,4;1014;48;'26.07.2023 10:50:38.610;;
1300;165,343;-2639,683;-330,258;0,000;0,000;0,000;0,000;RRR 1.5in;23,4;1014;48;'26.07.2023 10:50:38.620;;
1301;164,655;-2639,617;-330,257;0,000;0,000;0,000;0,000;RRR 1.5in;23,4;1014;48;'26.07.2023 10:50:38.630;;
1302;163,961;-2639,557;-330,258;0,000;0,000;0,000;0,000;RRR 1.5in;23,4;1014;48;'26.07.2023 10:50:38.640;;
1303;163,280;-2639,510;-330,256;0,000;0,000;0,000;0,000;RRR 1.5in;23,4;1014;48;'26.07.2023 10:50:38.650;;
1304;162,602;-2639,478;-330,249;0,000;0,000;0,000;0,000;RRR 1.5in;23,4;1014;48;'26.07.2023 10:50:38.660;;
1305;161,924;-2639,467;-330,250;0,000;0,000;0,000;0,000;RRR 1.5in;23,4;1014;48;'26.07.2023 10:50:38.670;;
1306;161,219;-2639,460;-330,254;0,000;0,000;0,000;0,000;RRR 1.5in;23,4;1014;48;'26.07.2023 10:50:38.680;;
1307;160,530;-2639,442;-330,253;0,000;0,000;0,000;0,000;RRR 1.5in;23,4;1014;48;'26.07.2023 10:50:38.690;;
1308;159,841;-2639,414;-330,249;0,000;0,000;0,000;0,000;RRR 1.5in;23,4;1014;48;'26.07.2023 10:50:38.700;;
1309;159,149;-2639,389;-330,257;0,000;0,000;0,000;0,000;RRR 1.5in;23,4;1014;48;'26.07.2023 10:50:38.710;;
1310;158,465;-2639,345;-330,261;0,000;0,000;0,000;0,000;RRR 1.5in;23,4;1014;48;'26.07.2023 10:50:38.720;;
1311;157,786;-2639,274;-330,253;0,000;0,000;0,000;0,000;RRR 1.5in;23,4;1014;48;'26.07.2023 10:50:38.730;;
1312;157,109;-2639,208;-330,249;0,000;0,000;0,000;0,000;RRR 1.5in;23,4;1014;48;'26.07.2023 10:50:38.740;;
1313;156,422;-2639,162;-330,254;0,000;0,000;0,000;0,000;RRR 1.5in;23,4;1014;48;'26.07.2023 10:50:38.750;;
1314;155,727;-2639,120;-330,258;0,000;0,000;0,000;0,000;RRR 1.5in;23,4;1014;48;'26.07.2023 10:50:38.760;;
1315;155,031;-2639,080;-330,256;0,000;0,000;0,000;0,000;RRR 1.5in;23,4;1014;48;'26.07.2023 10:50:38.770;;
1316;154,333;-2639,048;-330,256;0,000;0,000;0,000;0,000;RRR 1.5in;23,4;1014;48;'26.07.2023 10:50:38.780;;
1317;153,650;-2639,031;-330,260;0,000;0,000;0,000;0,000;RRR 1.5in;23,4;1014;48;'26.07.2023 10:50:38.790;;
1318;152,960;-2639,013;-330,265;0,000;0,000;0,000;0,000;RRR 1.5in;23,4;1014;48;'26.07.2023 10:50:38.800;;
1319;152,266;-2638,981;-330,261;0,000;0,000;0,000;0,000;RRR 1.5in;23,4;1014;48;'26.07.2023 10:50:38.810;;
1320;151,577;-2638,945;-330,256;0,000;0,000;0,000;0,000;RRR 1.5in;23,4;1014;48;'26.07.2023 10:50:38.820;;
1321;150,884;-2638,913;-330,263;0,000;0,000;0,000;0,000;RRR 1.5in;23,4;1014;48;'26.07.2023 10:50:38.830;;
1322;150,207;-2638,859;-330,265;0,000;0,000;0,000;0,000;RRR 1.5in;23,4;1014;48;'26.07.2023 10:50:38.840;;
1323;149,524;-2638,777;-330,254;0,000;0,000;0,000;0,000;RRR 1.5in;23,4;1014;48;'26.07.2023 10:50:38.850;;
1324;148,843;-2638,709;-330,246;0,000;0,000;0,000;0,000;RRR 1.5in;23,4;1014;48;'26.07.2023 10:50:38.860;;
1325;148,166;-2638,679;-330,258;0,000;0,000;0,000;0,000;RRR 1.5in;23,4;1014;48;'26.07.2023 10:50:38.870;;
1326;147,479;-2638,656;-330,267;0,000;0,000;0,000;0,000;RRR 1.5in;23,4;1014;48;'26.07.2023 10:50:38.880;;
1327;146,801;-2638,633;-330,263;0,000;0,000;0,000;0,000;RRR 1.5in;23,4;1014;48;'26.07.2023 10:50:38.890;;
1328;146,092;-2638,618;-330,266;0,000;0,000;0,000;0,000;RRR 1.5in;23,4;1014;48;'26.07.2023 10:50:38.900;;
1329;145,391;-2638,613;-330,283;0,000;0,000;0,000;0,000;RRR 1.5in;23,4;1014;48;'26.07.2023 10:50:38.910;;
1330;144,695;-2638,585;-330,286;0,000;0,000;0,000;0,000;RRR 1.5in;23,4;1014;48;'26.07.2023 10:50:38.920;;
1331;144,008;-2638,529;-330,279;0,000;0,000;0,000;0,000;RRR 1.5in;23,4;1014;48;'26.07.2023 10:50:38.930;;
1332;143,312;-2638,472;-330,275;0,000;0,000;0,000;0,000;RRR 1.5in;23,4;1014;48;'26.07.2023 10:50:38.940;;
1333;142,619;-2638,422;-330,276;0,000;0,000;0,000;0,000;RRR 1.5in;23,4;1014;48;'26.07.2023 10:50:38.950;;
1334;141,943;-2638,368;-330,270;0,000;0,000;0,000;0,000;RRR 1.5in;23,4;1014;48;'26.07.2023 10:50:38.960;;
1335;141,274;-2638,319;-330,268;0,000;0,000;0,000;0,000;RRR 1.5in;23,4;1014;48;'26.07.2023 10:50:38.970;;
1336;140,593;-2638,273;-330,274;0,000;0,000;0,000;0,000;RRR 1.5in;23,4;1014;48;'26.07.2023 10:50:38.980;;
1337;139,919;-2638,228;-330,277;0,000;0,000;0,000;0,000;RRR 1.5in;23,4;1014;48;'26.07.2023 10:50:38.990;;
1338;139,221;-2638,190;-330,279;0,000;0,000;0,000;0,000;RRR 1.5in;23,4;1014;48;'26.07.2023 10:50:39.000;;
1339;138,530;-2638,171;-330,285;0,000;0,000;0,000;0,000;RRR 1.5in;23,4;1014;48;'26.07.2023 10:50:39.010;;
1340;137,829;-2638,157;-330,290;0,000;0,000;0,000;0,000;RRR 1.5in;23,4;1014;48;'26.07.2023 10:50:39.020;;
1341;137,120;-2638,135;-330,295;0,000;0,000;0,000;0,000;RRR 1.5in;23,4;1014;48;'26.07.2023 10:50:39.030;;
1342;136,422;-2638,091;-330,292;0,000;0,000;0,000;0,000;RRR 1.5in;23,4;1014;48;'26.07.2023 10:50:39.040;;
1343;135,740;-2638,033;-330,285;0,000;0,000;0,000;0,000;RRR 1.5in;23,4;1014;48;'26.07.2023 10:50:39.050;;
1344;135,072;-2637,977;-330,279;0,000;0,000;0,000;0,000;RRR 1.5in;23,4;1014;48;'26.07.2023 10:50:39.060;;
1345;134,396;-2637,927;-330,283;0,000;0,000;0,000;0,000;RRR 1.5in;23,4;1014;48;'26.07.2023 10:50:39.070;;
1346;133,705;-2637,870;-330,282;0,000;0,000;0,000;0,000;RRR 1.5in;23,4;1014;48;'26.07.2023 10:50:39.080;;
1347;133,039;-2637,822;-330,278;0,000;0,000;0,000;0,000;RRR 1.5in;23,4;1014;48;'26.07.2023 10:50:39.090;;
1348;132,376;-2637,795;-330,279;0,000;0,000;0,000;0,000;RRR 1.5in;23,4;1014;48;'26.07.2023 10:50:39.100;;
1349;131,703;-2637,780;-330,286;0,000;0,000;0,000;0,000;RRR 1.5in;23,4;1014;48;'26.07.2023 10:50:39.110;;
1350;131,002;-2637,756;-330,287;0,000;0,000;0,000;0,000;RRR 1.5in;23,4;1014;48;'26.07.2023 10:50:39.120;;
1351;130,293;-2637,722;-330,284;0,000;0,000;0,000;0,000;RRR 1.5in;23,4;1014;48;'26.07.2023 10:50:39.130;;
1352;129,587;-2637,693;-330,290;0,000;0,000;0,000;0,000;RRR 1.5in;23,4;1014;48;'26.07.2023 10:50:39.140;;
1353;128,884;-2637,661;-330,299;0,000;0,000;0,000;0,000;RRR 1.5in;23,4;1014;48;'26.07.2023 10:50:39.150;;
1354;128,187;-2637,606;-330,296;0,000;0,000;0,000;0,000;RRR 1.5in;23,4;1014;48;'26.07.2023 10:50:39.160;;
1355;127,502;-2637,538;-330,289;0,000;0,000;0,000;0,000;RRR 1.5in;23,4;1014;48;'26.07.2023 10:50:39.170;;
1356;126,826;-2637,486;-330,286;0,000;0,000;0,000;0,000;RRR 1.5in;23,4;1014;48;'26.07.2023 10:50:39.180;;
1357;126,168;-2637,450;-330,284;0,000;0,000;0,000;0,000;RRR 1.5in;23,4;1014;48;'26.07.2023 10:50:39.190;;
1358;125,499;-2637,416;-330,280;0,000;0,000;0,000;0,000;RRR 1.5in;23,4;1014;48;'26.07.2023 10:50:39.200;;
1359;124,830;-2637,384;-330,275;0,000;0,000;0,000;0,000;RRR 1.5in;23,4;1014;48;'26.07.2023 10:50:39.210;;
1360;124,154;-2637,357;-330,272;0,000;0,000;0,000;0,000;RRR 1.5in;23,4;1014;48;'26.07.2023 10:50:39.220;;
1361;123,465;-2637,331;-330,275;0,000;0,000;0,000;0,000;RRR 1.5in;23,4;1014;48;'26.07.2023 10:50:39.230;;
1362;122,764;-2637,295;-330,280;0,000;0,000;0,000;0,000;RRR 1.5in;23,4;1014;48;'26.07.2023 10:50:39.240;;
1363;122,048;-2637,243;-330,279;0,000;0,000;0,000;0,000;RRR 1.5in;23,4;1014;48;'26.07.2023 10:50:39.250;;
1364;121,345;-2637,198;-330,276;0,000;0,000;0,000;0,000;RRR 1.5in;23,4;1014;48;'26.07.2023 10:50:39.260;;
1365;120,657;-2637,175;-330,288;0,000;0,000;0,000;0,000;RRR 1.5in;23,4;1014;48;'26.07.2023 10:50:39.270;;
1366;119,974;-2637,135;-330,292;0,000;0,000;0,000;0,000;RRR 1.5in;23,4;1014;48;'26.07.2023 10:50:39.280;;
1367;119,307;-2637,071;-330,275;0,000;0,000;0,000;0,000;RRR 1.5in;23,4;1014;48;'26.07.2023 10:50:39.290;;
1368;118,631;-2637,021;-330,263;0,000;0,000;0,000;0,000;RRR 1.5in;23,4;1014;48;'26.07.2023 10:50:39.300;;
1369;117,969;-2637,006;-330,271;0,000;0,000;0,000;0,000;RRR 1.5in;23,4;1014;48;'26.07.2023 10:50:39.310;;
1370;117,313;-2636,983;-330,270;0,000;0,000;0,000;0,000;RRR 1.5in;23,4;1014;48;'26.07.2023 10:50:39.320;;
1371;116,639;-2636,932;-330,250;0,000;0,000;0,000;0,000;RRR 1.5in;23,4;1014;48;'26.07.2023 10:50:39.330;;
1372;115,938;-2636,890;-330,246;0,000;0,000;0,000;0,000;RRR 1.5in;23,4;1014;48;'26.07.2023 10:50:39.340;;
1373;115,228;-2636,862;-330,262;0,000;0,000;0,000;0,000;RRR 1.5in;23,4;1014;48;'26.07.2023 10:50:39.350;;
1374;114,531;-2636,822;-330,268;0,000;0,000;0,000;0,000;RRR 1.5in;23,4;1014;48;'26.07.2023 10:50:39.360;;
1375;113,836;-2636,764;-330,261;0,000;0,000;0,000;0,000;RRR 1.5in;23,4;1014;48;'26.07.2023 10:50:39.370;;
1376;113,127;-2636,719;-330,269;0,000;0,000;0,000;0,000;RRR 1.5in;23,4;1014;48;'26.07.2023 10:50:39.380;;
1377;112,441;-2636,689;-330,276;0,000;0,000;0,000;0,000;RRR 1.5in;23,4;1014;48;'26.07.2023 10:50:39.390;;
1378;111,772;-2636,661;-330,276;0,000;0,000;0,000;0,000;RRR 1.5in;23,4;1014;48;'26.07.2023 10:50:39.400;;
1379;111,110;-2636,626;-330,264;0,000;0,000;0,000;0,000;RRR 1.5in;23,4;1014;48;'26.07.2023 10:50:39.410;;
1380;110,450;-2636,597;-330,256;0,000;0,000;0,000;0,000;RRR 1.5in;23,4;1014;48;'26.07.2023 10:50:39.420;;
1381;109,767;-2636,568;-330,257;0,000;0,000;0,000;0,000;RRR 1.5in;23,4;1014;48;'26.07.2023 10:50:39.430;;
1382;109,082;-2636,528;-330,255;0,000;0,000;0,000;0,000;RRR 1.5in;23,4;1014;48;'26.07.2023 10:50:39.440;;
1383;108,386;-2636,463;-330,246;0,000;0,000;0,000;0,000;RRR 1.5in;23,4;1014;48;'26.07.2023 10:50:39.450;;
1384;107,686;-2636,405;-330,245;0,000;0,000;0,000;0,000;RRR 1.5in;23,4;1014;48;'26.07.2023 10:50:39.460;;
1385;106,985;-2636,374;-330,258;0,000;0,000;0,000;0,000;RRR 1.5in;23,4;1014;48;'26.07.2023 10:50:39.470;;
1386;106,278;-2636,343;-330,272;0,000;0,000;0,000;0,000;RRR 1.5in;23,4;1014;48;'26.07.2023 10:50:39.480;;
1387;105,593;-2636,300;-330,270;0,000;0,000;0,000;0,000;RRR 1.5in;23,4;1014;48;'26.07.2023 10:50:39.490;;
1388;104,916;-2636,261;-330,269;0,000;0,000;0,000;0,000;RRR 1.5in;23,4;1014;48;'26.07.2023 10:50:39.500;;
1389;104,230;-2636,242;-330,277;0,000;0,000;0,000;0,000;RRR 1.5in;23,4;1014;48;'26.07.2023 10:50:39.510;;
1390;103,554;-2636,217;-330,282;0,000;0,000;0,000;0,000;RRR 1.5in;23,4;1014;48;'26.07.2023 10:50:39.520;;
1391;102,884;-2636,166;-330,271;0,000;0,000;0,000;0,000;RRR 1.5in;23,4;1014;48;'26.07.2023 10:50:39.530;;
1392;102,218;-2636,107;-330,257;0,000;0,000;0,000;0,000;RRR 1.5in;23,4;1014;48;'26.07.2023 10:50:39.540;;
1393;101,528;-2636,060;-330,253;0,000;0,000;0,000;0,000;RRR 1.5in;23,4;1014;48;'26.07.2023 10:50:39.550;;
1394;100,829;-2636,027;-330,253;0,000;0,000;0,000;0,000;RRR 1.5in;23,4;1014;48;'26.07.2023 10:50:39.560;;
1395;100,145;-2635,991;-330,251;0,000;0,000;0,000;0,000;RRR 1.5in;23,4;1014;48;'26.07.2023 10:50:39.570;;
1396;99,459;-2635,954;-330,256;0,000;0,000;0,000;0,000;RRR 1.5in;23,4;1014;48;'26.07.2023 10:50:39.580;;
1397;98,763;-2635,907;-330,265;0,000;0,000;0,000;0,000;RRR 1.5in;23,4;1014;48;'26.07.2023 10:50:39.590;;
1398;98,064;-2635,852;-330,270;0,000;0,000;0,000;0,000;RRR 1.5in;23,4;1014;48;'26.07.2023 10:50:39.600;;
1399;97,367;-2635,802;-330,279;0,000;0,000;0,000;0,000;RRR 1.5in;23,4;1014;48;'26.07.2023 10:50:39.610;;
1400;96,692;-2635,769;-330,282;0,000;0,000;0,000;0,000;RRR 1.5in;23,4;1014;48;'26.07.2023 10:50:39.620;;
1401;96,014;-2635,743;-330,280;0,000;0,000;0,000;0,000;RRR 1.5in;23,4;1014;48;'26.07.2023 10:50:39.630;;
1402;95,337;-2635,714;-330,277;0,000;0,000;0,000;0,000;RRR 1.5in;23,4;1014;48;'26.07.2023 10:50:39.640;;
1403;94,656;-2635,677;-330,272;0,000;0,000;0,000;0,000;RRR 1.5in;23,4;1014;48;'26.07.2023 10:50:39.650;;
1404;93,974;-2635,628;-330,266;0,000;0,000;0,000;0,000;RRR 1.5in;23,4;1014;48;'26.07.2023 10:50:39.660;;
1405;93,300;-2635,580;-330,259;0,000;0,000;0,000;0,000;RRR 1.5in;23,4;1014;48;'26.07.2023 10:50:39.670;;
1406;92,606;-2635,538;-330,266;0,000;0,000;0,000;0,000;RRR 1.5in;23,4;1014;48;'26.07.2023 10:50:39.680;;
1407;91,895;-2635,493;-330,279;0,000;0,000;0,000;0,000;RRR 1.5in;23,4;1014;48;'26.07.2023 10:50:39.690;;
1408;91,208;-2635,437;-330,278;0,000;0,000;0,000;0,000;RRR 1.5in;23,4;1014;48;'26.07.2023 10:50:39.700;;
1409;90,526;-2635,390;-330,278;0,000;0,000;0,000;0,000;RRR 1.5in;23,4;1014;48;'26.07.2023 10:50:39.710;;
1410;89,845;-2635,362;-330,289;0,000;0,000;0,000;0,000;RRR 1.5in;23,4;1014;48;'26.07.2023 10:50:39.720;;
1411;89,158;-2635,332;-330,298;0,000;0,000;0,000;0,000;RRR 1.5in;23,4;1014;48;'26.07.2023 10:50:39.730;;
1412;88,474;-2635,291;-330,293;0,000;0,000;0,000;0,000;RRR 1.5in;23,4;1014;48;'26.07.2023 10:50:39.740;;
1413;87,807;-2635,259;-330,287;0,000;0,000;0,000;0,000;RRR 1.5in;23,4;1014;48;'26.07.2023 10:50:39.750;;
1414;87,119;-2635,233;-330,292;0,000;0,000;0,000;0,000;RRR 1.5in;23,4;1014;48;'26.07.2023 10:50:39.760;;
1415;86,424;-2635,192;-330,292;0,000;0,000;0,000;0,000;RRR 1.5in;23,4;1014;48;'26.07.2023 10:50:39.770;;
1416;85,726;-2635,140;-330,283;0,000;0,000;0,000;0,000;RRR 1.5in;23,4;1014;48;'26.07.2023 10:50:39.780;;
1417;85,040;-2635,092;-330,281;0,000;0,000;0,000;0,000;RRR 1.5in;23,4;1014;48;'26.07.2023 10:50:39.790;;
1418;84,359;-2635,048;-330,281;0,000;0,000;0,000;0,000;RRR 1.5in;23,4;1014;48;'26.07.2023 10:50:39.800;;
1419;83,667;-2635,002;-330,279;0,000;0,000;0,000;0,000;RRR 1.5in;23,4;1014;48;'26.07.2023 10:50:39.810;;
1420;82,967;-2634,959;-330,281;0,000;0,000;0,000;0,000;RRR 1.5in;23,4;1014;48;'26.07.2023 10:50:39.820;;
1421;82,290;-2634,925;-330,285;0,000;0,000;0,000;0,000;RRR 1.5in;23,4;1014;48;'26.07.2023 10:50:39.830;;
1422;81,610;-2634,893;-330,289;0,000;0,000;0,000;0,000;RRR 1.5in;23,4;1014;48;'26.07.2023 10:50:39.840;;
1423;80,930;-2634,858;-330,294;0,000;0,000;0,000;0,000;RRR 1.5in;23,4;1014;48;'26.07.2023 10:50:39.850;;
1424;80,243;-2634,815;-330,291;0,000;0,000;0,000;0,000;RRR 1.5in;23,4;1014;48;'26.07.2023 10:50:39.860;;
1425;79,564;-2634,783;-330,288;0,000;0,000;0,000;0,000;RRR 1.5in;23,4;1014;48;'26.07.2023 10:50:39.870;;
1426;78,899;-2634,768;-330,283;0,000;0,000;0,000;0,000;RRR 1.5in;23,4;1014;48;'26.07.2023 10:50:39.880;;
1427;78,212;-2634,754;-330,288;0,000;0,000;0,000;0,000;RRR 1.5in;23,4;1014;48;'26.07.2023 10:50:39.890;;
1428;77,510;-2634,715;-330,289;0,000;0,000;0,000;0,000;RRR 1.5in;23,4;1014;48;'26.07.2023 10:50:39.900;;
1429;76,820;-2634,650;-330,279;0,000;0,000;0,000;0,000;RRR 1.5in;23,4;1014;48;'26.07.2023 10:50:39.910;;
1430;76,135;-2634,593;-330,277;0,000;0,000;0,000;0,000;RRR 1.5in;23,4;1014;48;'26.07.2023 10:50:39.920;;
1431;75,448;-2634,547;-330,286;0,000;0,000;0,000;0,000;RRR 1.5in;23,4;1014;48;'26.07.2023 10:50:39.930;;
1432;74,760;-2634,498;-330,293;0,000;0,000;0,000;0,000;RRR 1.5in;23,4;1014;48;'26.07.2023 10:50:39.940;;
1433;74,070;-2634,452;-330,292;0,000;0,000;0,000;0,000;RRR 1.5in;23,4;1014;48;'26.07.2023 10:50:39.950;;
1434;73,408;-2634,434;-330,300;0,000;0,000;0,000;0,000;RRR 1.5in;23,4;1014;48;'26.07.2023 10:50:39.960;;
1435;72,732;-2634,417;-330,308;0,000;0,000;0,000;0,000;RRR 1.5in;23,4;1014;48;'26.07.2023 10:50:39.970;;
1436;72,049;-2634,379;-330,301;0,000;0,000;0,000;0,000;RRR 1.5in;23,4;1014;48;'26.07.2023 10:50:39.980;;
1437;71,357;-2634,335;-330,290;0,000;0,000;0,000;0,000;RRR 1.5in;23,4;1014;48;'26.07.2023 10:50:39.990;;
1438;70,660;-2634,304;-330,294;0,000;0,000;0,000;0,000;RRR 1.5in;23,4;1014;48;'26.07.2023 10:50:40.000;;
1439;69,972;-2634,266;-330,296;0,000;0,000;0,000;0,000;RRR 1.5in;23,4;1014;48;'26.07.2023 10:50:40.010;;
1440;69,278;-2634,204;-330,290;0,000;0,000;0,000;0,000;RRR 1.5in;23,4;1014;48;'26.07.2023 10:50:40.020;;
1441;68,576;-2634,142;-330,286;0,000;0,000;0,000;0,000;RRR 1.5in;23,4;1014;48;'26.07.2023 10:50:40.030;;
1442;67,896;-2634,105;-330,292;0,000;0,000;0,000;0,000;RRR 1.5in;23,4;1014;48;'26.07.2023 10:50:40.040;;
1443;67,208;-2634,080;-330,302;0,000;0,000;0,000;0,000;RRR 1.5in;23,4;1014;48;'26.07.2023 10:50:40.050;;
1444;66,534;-2634,043;-330,301;0,000;0,000;0,000;0,000;RRR 1.5in;23,4;1014;48;'26.07.2023 10:50:40.060;;
1445;65,856;-2633,996;-330,296;0,000;0,000;0,000;0,000;RRR 1.5in;23,4;1014;48;'26.07.2023 10:50:40.070;;
1446;65,175;-2633,961;-330,297;0,000;0,000;0,000;0,000;RRR 1.5in;23,4;1014;48;'26.07.2023 10:50:40.080;;
1447;64,499;-2633,932;-330,294;0,000;0,000;0,000;0,000;RRR 1.5in;23,4;1014;48;'26.07.2023 10:50:40.090;;
1448;63,815;-2633,903;-330,296;0,000;0,000;0,000;0,000;RRR 1.5in;23,4;1014;48;'26.07.2023 10:50:40.100;;
1449;63,113;-2633,862;-330,297;0,000;0,000;0,000;0,000;RRR 1.5in;23,4;1014;48;'26.07.2023 10:50:40.110;;
1450;62,426;-2633,814;-330,292;0,000;0,000;0,000;0,000;RRR 1.5in;23,4;1014;48;'26.07.2023 10:50:40.120;;
1451;61,739;-2633,772;-330,292;0,000;0,000;0,000;0,000;RRR 1.5in;23,4;1014;48;'26.07.2023 10:50:40.130;;
1452;61,054;-2633,736;-330,300;0,000;0,000;0,000;0,000;RRR 1.5in;23,4;1014;48;'26.07.2023 10:50:40.140;;
1453;60,359;-2633,691;-330,303;0,000;0,000;0,000;0,000;RRR 1.5in;23,4;1014;48;'26.07.2023 10:50:40.150;;
1454;59,660;-2633,634;-330,298;0,000;0,000;0,000;0,000;RRR 1.5in;23,4;1014;48;'26.07.2023 10:50:40.160;;
1455;58,986;-2633,594;-330,295;0,000;0,000;0,000;0,000;RRR 1.5in;23,4;1014;48;'26.07.2023 10:50:40.170;;
1456;58,311;-2633,569;-330,298;0,000;0,000;0,000;0,000;RRR 1.5in;23,4;1014;48;'26.07.2023 10:50:40.180;;
1457;57,638;-2633,545;-330,294;0,000;0,000;0,000;0,000;RRR 1.5in;23,4;1014;48;'26.07.2023 10:50:40.190;;
1458;56,966;-2633,523;-330,285;0,000;0,000;0,000;0,000;RRR 1.5in;23,4;1014;48;'26.07.2023 10:50:40.200;;
1459;56,282;-2633,505;-330,291;0,000;0,000;0,000;0,000;RRR 1.5in;23,4;1014;48;'26.07.2023 10:50:40.210;;
1460;55,595;-2633,469;-330,299;0,000;0,000;0,000;0,000;RRR 1.5in;23,4;1014;48;'26.07.2023 10:50:40.220;;
1461;54,901;-2633,399;-330,292;0,000;0,000;0,000;0,000;RRR 1.5in;23,4;1014;48;'26.07.2023 10:50:40.230;;
1462;54,189;-2633,329;-330,291;0,000;0,000;0,000;0,000;RRR 1.5in;23,4;1014;48;'26.07.2023 10:50:40.240;;
1463;53,495;-2633,282;-330,297;0,000;0,000;0,000;0,000;RRR 1.5in;23,4;1014;48;'26.07.2023 10:50:40.250;;
1464;52,802;-2633,247;-330,303;0,000;0,000;0,000;0,000;RRR 1.5in;23,4;1014;48;'26.07.2023 10:50:40.260;;
1465;52,115;-2633,209;-330,298;0,000;0,000;0,000;0,000;RRR 1.5in;23,4;1014;48;'26.07.2023 10:50:40.270;;
1466;51,433;-2633,171;-330,291;0,000;0,000;0,000;0,000;RRR 1.5in;23,4;1014;48;'26.07.2023 10:50:40.280;;
1467;50,745;-2633,138;-330,290;0,000;0,000;0,000;0,000;RRR 1.5in;23,4;1014;48;'26.07.2023 10:50:40.290;;
1468;50,064;-2633,107;-330,287;0,000;0,000;0,000;0,000;RRR 1.5in;23,4;1014;48;'26.07.2023 10:50:40.300;;
1469;49,390;-2633,072;-330,283;0,000;0,000;0,000;0,000;RRR 1.5in;23,4;1014;48;'26.07.2023 10:50:40.310;;
1470;48,703;-2633,035;-330,290;0,000;0,000;0,000;0,000;RRR 1.5in;23,4;1014;48;'26.07.2023 10:50:40.320;;
1471;48,018;-2632,986;-330,289;0,000;0,000;0,000;0,000;RRR 1.5in;23,4;1014;48;'26.07.2023 10:50:40.330;;
1472;47,339;-2632,936;-330,283;0,000;0,000;0,000;0,000;RRR 1.5in;23,4;1014;48;'26.07.2023 10:50:40.340;;
1473;46,647;-2632,899;-330,287;0,000;0,000;0,000;0,000;RRR 1.5in;23,4;1014;48;'26.07.2023 10:50:40.350;;
1474;45,961;-2632,875;-330,298;0,000;0,000;0,000;0,000;RRR 1.5in;23,4;1014;48;'26.07.2023 10:50:40.360;;
1475;45,255;-2632,835;-330,301;0,000;0,000;0,000;0,000;RRR 1.5in;23,4;1014;48;'26.07.2023 10:50:40.370;;
1476;44,566;-2632,782;-330,294;0,000;0,000;0,000;0,000;RRR 1.5in;23,4;1014;48;'26.07.2023 10:50:40.380;;
1477;43,872;-2632,738;-330,291;0,000;0,000;0,000;0,000;RRR 1.5in;23,4;1014;48;'26.07.2023 10:50:40.390;;
1478;43,174;-2632,707;-330,299;0,000;0,000;0,000;0,000;RRR 1.5in;23,4;1014;48;'26.07.2023 10:50:40.400;;
1479;42,487;-2632,675;-330,297;0,000;0,000;0,000;0,000;RRR 1.5in;23,4;1014;48;'26.07.2023 10:50:40.410;;
1480;41,816;-2632,638;-330,290;0,000;0,000;0,000;0,000;RRR 1.5in;23,4;1014;48;'26.07.2023 10:50:40.420;;
1481;41,135;-2632,609;-330,295;0,000;0,000;0,000;0,000;RRR 1.5in;23,4;1014;48;'26.07.2023 10:50:40.430;;
1482;40,455;-2632,580;-330,298;0,000;0,000;0,000;0,000;RRR 1.5in;23,4;1014;48;'26.07.2023 10:50:40.440;;
1483;39,775;-2632,537;-330,296;0,000;0,000;0,000;0,000;RRR 1.5in;23,4;1014;48;'26.07.2023 10:50:40.450;;
1484;39,092;-2632,489;-330,293;0,000;0,000;0,000;0,000;RRR 1.5in;23,4;1014;48;'26.07.2023 10:50:40.460;;
1485;38,404;-2632,443;-330,294;0,000;0,000;0,000;0,000;RRR 1.5in;23,4;1014;48;'26.07.2023 10:50:40.470;;
1486;37,704;-2632,399;-330,303;0,000;0,000;0,000;0,000;RRR 1.5in;23,4;1014;48;'26.07.2023 10:50:40.480;;
1487;37,001;-2632,351;-330,305;0,000;0,000;0,000;0,000;RRR 1.5in;23,4;1014;48;'26.07.2023 10:50:40.490;;
1488;36,302;-2632,306;-330,303;0,000;0,000;0,000;0,000;RRR 1.5in;23,4;1014;48;'26.07.2023 10:50:40.500;;
1489;35,601;-2632,275;-330,309;0,000;0,000;0,000;0,000;RRR 1.5in;23,4;1014;48;'26.07.2023 10:50:40.510;;
1490;34,921;-2632,251;-330,309;0,000;0,000;0,000;0,000;RRR 1.5in;23,4;1014;48;'26.07.2023 10:50:40.520;;
1491;34,248;-2632,218;-330,311;0,000;0,000;0,000;0,000;RRR 1.5in;23,4;1014;48;'26.07.2023 10:50:40.530;;
1492;33,562;-2632,171;-330,312;0,000;0,000;0,000;0,000;RRR 1.5in;23,4;1014;48;'26.07.2023 10:50:40.540;;
1493;32,892;-2632,119;-330,307;0,000;0,000;0,000;0,000;RRR 1.5in;23,4;1014;48;'26.07.2023 10:50:40.550;;
1494;32,211;-2632,075;-330,305;0,000;0,000;0,000;0,000;RRR 1.5in;23,4;1014;48;'26.07.2023 10:50:40.560;;
1495;31,536;-2632,050;-330,310;0,000;0,000;0,000;0,000;RRR 1.5in;23,4;1014;48;'26.07.2023 10:50:40.570;;
1496;30,852;-2632,016;-330,312;0,000;0,000;0,000;0,000;RRR 1.5in;23,4;1014;48;'26.07.2023 10:50:40.580;;
1497;30,166;-2631,966;-330,307;0,000;0,000;0,000;0,000;RRR 1.5in;23,4;1014;48;'26.07.2023 10:50:40.590;;
1498;29,475;-2631,923;-330,301;0,000;0,000;0,000;0,000;RRR 1.5in;23,4;1014;48;'26.07.2023 10:50:40.600;;
1499;28,771;-2631,899;-330,313;0,000;0,000;0,000;0,000;RRR 1.5in;23,4;1014;48;'26.07.2023 10:50:40.610;;
1500;28,062;-2631,862;-330,324;0,000;0,000;0,000;0,000;RRR 1.5in;23,4;1014;48;'26.07.2023 10:50:40.620;;
1501;27,373;-2631,803;-330,315;0,000;0,000;0,000;0,000;RRR 1.5in;23,4;1014;48;'26.07.2023 10:50:40.630;;
1502;26,691;-2631,756;-330,313;0,000;0,000;0,000;0,000;RRR 1.5in;23,4;1014;48;'26.07.2023 10:50:40.640;;
1503;26,011;-2631,728;-330,325;0,000;0,000;0,000;0,000;RRR 1.5in;23,4;1014;48;'26.07.2023 10:50:40.650;;
1504;25,342;-2631,697;-330,330;0,000;0,000;0,000;0,000;RRR 1.5in;23,4;1014;48;'26.07.2023 10:50:40.660;;
1505;24,657;-2631,649;-330,323;0,000;0,000;0,000;0,000;RRR 1.5in;23,4;1014;48;'26.07.2023 10:50:40.670;;
1506;23,978;-2631,616;-330,320;0,000;0,000;0,000;0,000;RRR 1.5in;23,4;1014;48;'26.07.2023 10:50:40.680;;
1507;23,303;-2631,592;-330,328;0,000;0,000;0,000;0,000;RRR 1.5in;23,4;1014;48;'26.07.2023 10:50:40.690;;
1508;22,621;-2631,552;-330,329;0,000;0,000;0,000;0,000;RRR 1.5in;23,4;1014;48;'26.07.2023 10:50:40.700;;
1509;21,926;-2631,486;-330,315;0,000;0,000;0,000;0,000;RRR 1.5in;23,4;1014;48;'26.07.2023 10:50:40.710;;
1510;21,225;-2631,433;-330,312;0,000;0,000;0,000;0,000;RRR 1.5in;23,4;1014;48;'26.07.2023 10:50:40.720;;
1511;20,514;-2631,405;-330,327;0,000;0,000;0,000;0,000;RRR 1.5in;23,4;1014;48;'26.07.2023 10:50:40.730;;
1512;19,825;-2631,370;-330,332;0,000;0,000;0,000;0,000;RRR 1.5in;23,4;1014;48;'26.07.2023 10:50:40.740;;
1513;19,146;-2631,311;-330,327;0,000;0,000;0,000;0,000;RRR 1.5in;23,4;1014;48;'26.07.2023 10:50:40.750;;
1514;18,465;-2631,259;-330,329;0,000;0,000;0,000;0,000;RRR 1.5in;23,4;1014;48;'26.07.2023 10:50:40.760;;
1515;17,796;-2631,228;-330,339;0,000;0,000;0,000;0,000;RRR 1.5in;23,4;1014;48;'26.07.2023 10:50:40.770;;
1516;17,110;-2631,197;-330,345;0,000;0,000;0,000;0,000;RRR 1.5in;23,4;1014;48;'26.07.2023 10:50:40.780;;
1517;16,431;-2631,165;-330,348;0,000;0,000;0,000;0,000;RRR 1.5in;23,4;1014;48;'26.07.2023 10:50:40.790;;
1518;15,738;-2631,126;-330,346;0,000;0,000;0,000;0,000;RRR 1.5in;23,4;1014;48;'26.07.2023 10:50:40.800;;
1519;15,052;-2631,088;-330,345;0,000;0,000;0,000;0,000;RRR 1.5in;23,4;1014;48;'26.07.2023 10:50:40.810;;
1520;14,361;-2631,049;-330,342;0,000;0,000;0,000;0,000;RRR 1.5in;23,4;1014;48;'26.07.2023 10:50:40.820;;
1521;13,675;-2631,005;-330,338;0,000;0,000;0,000;0,000;RRR 1.5in;23,4;1014;48;'26.07.2023 10:50:40.830;;
1522;12,971;-2630,960;-330,337;0,000;0,000;0,000;0,000;RRR 1.5in;23,4;1014;48;'26.07.2023 10:50:40.840;;
1523;12,293;-2630,927;-330,334;0,000;0,000;0,000;0,000;RRR 1.5in;23,4;1014;48;'26.07.2023 10:50:40.850;;
1524;11,610;-2630,891;-330,339;0,000;0,000;0,000;0,000;RRR 1.5in;23,4;1014;48;'26.07.2023 10:50:40.860;;
1525;10,915;-2630,843;-330,348;0,000;0,000;0,000;0,000;RRR 1.5in;23,4;1014;48;'26.07.2023 10:50:40.870;;
1526;10,224;-2630,781;-330,349;0,000;0,000;0,000;0,000;RRR 1.5in;23,4;1014;48;'26.07.2023 10:50:40.880;;
1527;9,540;-2630,731;-330,353;0,000;0,000;0,000;0,000;RRR 1.5in;23,4;1014;48;'26.07.2023 10:50:40.890;;
1528;8,873;-2630,704;-330,356;0,000;0,000;0,000;0,000;RRR 1.5in;23,4;1014;48;'26.07.2023 10:50:40.900;;
1529;8,201;-2630,687;-330,358;0,000;0,000;0,000;0,000;RRR 1.5in;23,4;1014;48;'26.07.2023 10:50:40.910;;
1530;7,509;-2630,664;-330,357;0,000;0,000;0,000;0,000;RRR 1.5in;23,4;1014;48;'26.07.2023 10:50:40.920;;
1531;6,813;-2630,631;-330,352;0,000;0,000;0,000;0,000;RRR 1.5in;23,4;1014;48;'26.07.2023 10:50:40.930;;
1532;6,137;-2630,592;-330,349;0,000;0,000;0,000;0,000;RRR 1.5in;23,4;1014;48;'26.07.2023 10:50:40.940;;
1533;5,443;-2630,540;-330,353;0,000;0,000;0,000;0,000;RRR 1.5in;23,4;1014;48;'26.07.2023 10:50:40.950;;
1534;4,758;-2630,481;-330,351;0,000;0,000;0,000;0,000;RRR 1.5in;23,4;1014;48;'26.07.2023 10:50:40.960;;
1535;4,068;-2630,419;-330,349;0,000;0,000;0,000;0,000;RRR 1.5in;23,4;1014;48;'26.07.2023 10:50:40.970;;
1536;3,368;-2630,375;-330,359;0,000;0,000;0,000;0,000;RRR 1.5in;23,4;1014;48;'26.07.2023 10:50:40.980;;
1537;2,681;-2630,336;-330,367;0,000;0,000;0,000;0,000;RRR 1.5in;23,4;1014;48;'26.07.2023 10:50:40.990;;
1538;1,997;-2630,281;-330,358;0,000;0,000;0,000;0,000;RRR 1.5in;23,4;1014;48;'26.07.2023 10:50:41.000;;
1539;1,316;-2630,246;-330,355;0,000;0,000;0,000;0,000;RRR 1.5in;23,4;1014;48;'26.07.2023 10:50:41.010;;
1540;0,634;-2630,234;-330,363;0,000;0,000;0,000;0,000;RRR 1.5in;23,4;1014;48;'26.07.2023 10:50:41.020;;
1541;-0,048;-2630,210;-330,368;0,000;0,000;0,000;0,000;RRR 1.5in;23,4;1014;48;'26.07.2023 10:50:41.030;;
1542;-0,737;-2630,158;-330,359;0,000;0,000;0,000;0,000;RRR 1.5in;23,4;1014;48;'26.07.2023 10:50:41.040;;
1543;-1,425;-2630,112;-330,354;0,000;0,000;0,000;0,000;RRR 1.5in;23,4;1014;48;'26.07.2023 10:50:41.050;;
1544;-2,124;-2630,082;-330,367;0,000;0,000;0,000;0,000;RRR 1.5in;23,4;1014;48;'26.07.2023 10:50:41.060;;
1545;-2,809;-2630,045;-330,373;0,000;0,000;0,000;0,000;RRR 1.5in;23,4;1014;48;'26.07.2023 10:50:41.070;;
1546;-3,489;-2629,992;-330,363;0,000;0,000;0,000;0,000;RRR 1.5in;23,4;1014;48;'26.07.2023 10:50:41.080;;
1547;-4,176;-2629,946;-330,361;0,000;0,000;0,000;0,000;RRR 1.5in;23,4;1014;48;'26.07.2023 10:50:41.090;;
1548;-4,861;-2629,911;-330,367;0,000;0,000;0,000;0,000;RRR 1.5in;23,4;1014;48;'26.07.2023 10:50:41.100;;
1549;-5,553;-2629,865;-330,363;0,000;0,000;0,000;0,000;RRR 1.5in;23,4;1014;48;'26.07.2023 10:50:41.110;;
1550;-6,248;-2629,815;-330,354;0,000;0,000;0,000;0,000;RRR 1.5in;23,4;1014;48;'26.07.2023 10:50:41.120;;
1551;-6,930;-2629,781;-330,360;0,000;0,000;0,000;0,000;RRR 1.5in;23,4;1014;48;'26.07.2023 10:50:41.130;;
1552;-7,604;-2629,747;-330,369;0,000;0,000;0,000;0,000;RRR 1.5in;23,4;1014;48;'26.07.2023 10:50:41.140;;
1553;-8,292;-2629,698;-330,367;0,000;0,000;0,000;0,000;RRR 1.5in;23,4;1014;48;'26.07.2023 10:50:41.150;;
1554;-8,970;-2629,655;-330,359;0,000;0,000;0,000;0,000;RRR 1.5in;23,4;1014;48;'26.07.2023 10:50:41.160;;
1555;-9,657;-2629,640;-330,369;0,000;0,000;0,000;0,000;RRR 1.5in;23,4;1014;48;'26.07.2023 10:50:41.170;;
1556;-10,345;-2629,635;-330,380;0,000;0,000;0,000;0,000;RRR 1.5in;23,4;1014;48;'26.07.2023 10:50:41.180;;
1557;-11,024;-2629,600;-330,371;0,000;0,000;0,000;0,000;RRR 1.5in;23,4;1014;48;'26.07.2023 10:50:41.190;;
1558;-11,707;-2629,541;-330,357;0,000;0,000;0,000;0,000;RRR 1.5in;23,4;1014;48;'26.07.2023 10:50:41.200;;
1559;-12,393;-2629,495;-330,361;0,000;0,000;0,000;0,000;RRR 1.5in;23,4;1014;48;'26.07.2023 10:50:41.210;;
1560;-13,088;-2629,446;-330,361;0,000;0,000;0,000;0,000;RRR 1.5in;23,4;1014;48;'26.07.2023 10:50:41.220;;
1561;-13,778;-2629,385;-330,354;0,000;0,000;0,000;0,000;RRR 1.5in;23,4;1014;48;'26.07.2023 10:50:41.230;;
1562;-14,474;-2629,338;-330,352;0,000;0,000;0,000;0,000;RRR 1.5in;23,4;1014;48;'26.07.2023 10:50:41.240;;
1563;-15,157;-2629,312;-330,362;0,000;0,000;0,000;0,000;RRR 1.5in;23,4;1014;48;'26.07.2023 10:50:41.250;;
1564;-15,845;-2629,283;-330,371;0,000;0,000;0,000;0,000;RRR 1.5in;23,4;1014;48;'26.07.2023 10:50:41.260;;
1565;-16,516;-2629,239;-330,365;0,000;0,000;0,000;0,000;RRR 1.5in;23,4;1014;48;'26.07.2023 10:50:41.270;;
1566;-17,198;-2629,202;-330,364;0,000;0,000;0,000;0,000;RRR 1.5in;23,4;1014;48;'26.07.2023 10:50:41.280;;
1567;-17,888;-2629,183;-330,374;0,000;0,000;0,000;0,000;RRR 1.5in;23,4;1014;48;'26.07.2023 10:50:41.290;;
1568;-18,570;-2629,161;-330,376;0,000;0,000;0,000;0,000;RRR 1.5in;23,4;1014;48;'26.07.2023 10:50:41.300;;
1569;-19,253;-2629,117;-330,366;0,000;0,000;0,000;0,000;RRR 1.5in;23,4;1014;48;'26.07.2023 10:50:41.310;;
1570;-19,943;-2629,075;-330,369;0,000;0,000;0,000;0,000;RRR 1.5in;23,4;1014;48;'26.07.2023 10:50:41.320;;
1571;-20,630;-2629,031;-330,374;0,000;0,000;0,000;0,000;RRR 1.5in;23,4;1014;48;'26.07.2023 10:50:41.330;;
1572;-21,302;-2628,974;-330,366;0,000;0,000;0,000;0,000;RRR 1.5in;23,4;1014;48;'26.07.2023 10:50:41.340;;
1573;-21,994;-2628,918;-330,358;0,000;0,000;0,000;0,000;RRR 1.5in;23,4;1014;48;'26.07.2023 10:50:41.350;;
1574;-22,676;-2628,884;-330,365;0,000;0,000;0,000;0,000;RRR 1.5in;23,4;1014;48;'26.07.2023 10:50:41.360;;
1575;-23,381;-2628,851;-330,374;0,000;0,000;0,000;0,000;RRR 1.5in;23,4;1014;48;'26.07.2023 10:50:41.370;;
1576;-24,069;-2628,810;-330,373;0,000;0,000;0,000;0,000;RRR 1.5in;23,4;1014;48;'26.07.2023 10:50:41.380;;
1577;-24,747;-2628,766;-330,365;0,000;0,000;0,000;0,000;RRR 1.5in;23,4;1014;48;'26.07.2023 10:50:41.390;;
1578;-25,428;-2628,741;-330,371;0,000;0,000;0,000;0,000;RRR 1.5in;23,4;1014;48;'26.07.2023 10:50:41.400;;
1579;-26,111;-2628,727;-330,384;0,000;0,000;0,000;0,000;RRR 1.5in;23,4;1014;48;'26.07.2023 10:50:41.410;;
1580;-26,797;-2628,686;-330,377;0,000;0,000;0,000;0,000;RRR 1.5in;23,4;1014;48;'26.07.2023 10:50:41.420;;
1581;-27,482;-2628,644;-330,372;0,000;0,000;0,000;0,000;RRR 1.5in;23,4;1014;48;'26.07.2023 10:50:41.430;;
1582;-28,174;-2628,617;-330,386;0,000;0,000;0,000;0,000;RRR 1.5in;23,4;1014;48;'26.07.2023 10:50:41.440;;
1583;-28,854;-2628,578;-330,389;0,000;0,000;0,000;0,000;RRR 1.5in;23,4;1014;48;'26.07.2023 10:50:41.450;;
1584;-29,541;-2628,510;-330,375;0,000;0,000;0,000;0,000;RRR 1.5in;23,4;1014;48;'26.07.2023 10:50:41.460;;
1585;-30,218;-2628,447;-330,366;0,000;0,000;0,000;0,000;RRR 1.5in;23,4;1014;48;'26.07.2023 10:50:41.470;;
1586;-30,912;-2628,409;-330,372;0,000;0,000;0,000;0,000;RRR 1.5in;23,4;1014;48;'26.07.2023 10:50:41.480;;
1587;-31,616;-2628,376;-330,384;0,000;0,000;0,000;0,000;RRR 1.5in;23,4;1014;48;'26.07.2023 10:50:41.490;;
1588;-32,305;-2628,325;-330,380;0,000;0,000;0,000;0,000;RRR 1.5in;23,4;1014;48;'26.07.2023 10:50:41.500;;
1589;-32,990;-2628,270;-330,371;0,000;0,000;0,000;0,000;RRR 1.5in;23,4;1014;48;'26.07.2023 10:50:41.510;;
1590;-33,664;-2628,251;-330,382;0,000;0,000;0,000;0,000;RRR 1.5in;23,4;1014;48;'26.07.2023 10:50:41.520;;
1591;-34,339;-2628,243;-330,393;0,000;0,000;0,000;0,000;RRR 1.5in;23,4;1014;48;'26.07.2023 10:50:41.530;;
1592;-35,015;-2628,208;-330,387;0,000;0,000;0,000;0,000;RRR 1.5in;23,4;1014;48;'26.07.2023 10:50:41.540;;
1593;-35,709;-2628,165;-330,386;0,000;0,000;0,000;0,000;RRR 1.5in;23,4;1014;48;'26.07.2023 10:50:41.550;;
1594;-36,399;-2628,125;-330,392;0,000;0,000;0,000;0,000;RRR 1.5in;23,4;1014;48;'26.07.2023 10:50:41.560;;
1595;-37,084;-2628,075;-330,389;0,000;0,000;0,000;0,000;RRR 1.5in;23,4;1014;48;'26.07.2023 10:50:41.570;;
1596;-37,769;-2628,017;-330,381;0,000;0,000;0,000;0,000;RRR 1.5in;23,4;1014;48;'26.07.2023 10:50:41.580;;
1597;-38,442;-2627,972;-330,378;0,000;0,000;0,000;0,000;RRR 1.5in;23,4;1014;48;'26.07.2023 10:50:41.590;;
1598;-39,127;-2627,933;-330,377;0,000;0,000;0,000;0,000;RRR 1.5in;23,4;1014;48;'26.07.2023 10:50:41.600;;
1599;-39,816;-2627,898;-330,378;0,000;0,000;0,000;0,000;RRR 1.5in;23,4;1014;48;'26.07.2023 10:50:41.610;;
1600;-40,512;-2627,858;-330,376;0,000;0,000;0,000;0,000;RRR 1.5in;23,4;1014;48;'26.07.2023 10:50:41.620;;
1601;-41,203;-2627,818;-330,379;0,000;0,000;0,000;0,000;RRR 1.5in;23,4;1014;48;'26.07.2023 10:50:41.630;;
1602;-41,891;-2627,782;-330,383;0,000;0,000;0,000;0,000;RRR 1.5in;23,4;1014;48;'26.07.2023 10:50:41.640;;
1603;-42,561;-2627,738;-330,374;0,000;0,000;0,000;0,000;RRR 1.5in;23,4;1014;48;'26.07.2023 10:50:41.650;;
1604;-43,237;-2627,700;-330,367;0,000;0,000;0,000;0,000;RRR 1.5in;23,4;1014;48;'26.07.2023 10:50:41.660;;
1605;-43,934;-2627,685;-330,378;0,000;0,000;0,000;0,000;RRR 1.5in;23,4;1014;48;'26.07.2023 10:50:41.670;;
1606;-44,620;-2627,666;-330,385;0,000;0,000;0,000;0,000;RRR 1.5in;23,4;1014;48;'26.07.2023 10:50:41.680;;
1607;-45,304;-2627,622;-330,377;0,000;0,000;0,000;0,000;RRR 1.5in;23,4;1014;48;'26.07.2023 10:50:41.690;;
1608;-45,982;-2627,581;-330,371;0,000;0,000;0,000;0,000;RRR 1.5in;23,4;1014;48;'26.07.2023 10:50:41.700;;
1609;-46,671;-2627,550;-330,373;0,000;0,000;0,000;0,000;RRR 1.5in;23,4;1014;48;'26.07.2023 10:50:41.710;;
1610;-47,360;-2627,510;-330,381;0,000;0,000;0,000;0,000;RRR 1.5in;23,4;1014;48;'26.07.2023 10:50:41.720;;
1611;-48,050;-2627,441;-330,375;0,000;0,000;0,000;0,000;RRR 1.5in;23,4;1014;48;'26.07.2023 10:50:41.730;;
1612;-48,743;-2627,370;-330,360;0,000;0,000;0,000;0,000;RRR 1.5in;23,4;1014;48;'26.07.2023 10:50:41.740;;
1613;-49,434;-2627,336;-330,368;0,000;0,000;0,000;0,000;RRR 1.5in;23,4;1014;48;'26.07.2023 10:50:41.750;;
1614;-50,129;-2627,318;-330,380;0,000;0,000;0,000;0,000;RRR 1.5in;23,4;1014;48;'26.07.2023 10:50:41.760;;
1615;-50,800;-2627,276;-330,368;0,000;0,000;0,000;0,000;RRR 1.5in;23,4;1014;48;'26.07.2023 10:50:41.770;;
1616;-51,476;-2627,224;-330,352;0,000;0,000;0,000;0,000;RRR 1.5in;23,4;1014;48;'26.07.2023 10:50:41.780;;
1617;-52,153;-2627,197;-330,358;0,000;0,000;0,000;0,000;RRR 1.5in;23,4;1014;48;'26.07.2023 10:50:41.790;;
1618;-52,853;-2627,178;-330,366;0,000;0,000;0,000;0,000;RRR 1.5in;23,4;1014;48;'26.07.2023 10:50:41.800;;
1619;-53,553;-2627,145;-330,363;0,000;0,000;0,000;0,000;RRR 1.5in;23,4;1014;48;'26.07.2023 10:50:41.810;;
1620;-54,233;-2627,111;-330,362;0,000;0,000;0,000;0,000;RRR 1.5in;23,4;1014;48;'26.07.2023 10:50:41.820;;
1621;-54,908;-2627,082;-330,367;0,000;0,000;0,000;0,000;RRR 1.5in;23,4;1014;48;'26.07.2023 10:50:41.830;;
1622;-55,593;-2627,047;-330,372;0,000;0,000;0,000;0,000;RRR 1.5in;23,4;1014;48;'26.07.2023 10:50:41.840;;
1623;-56,289;-2626,990;-330,366;0,000;0,000;0,000;0,000;RRR 1.5in;23,4;1014;48;'26.07.2023 10:50:41.850;;
1624;-56,972;-2626,932;-330,353;0,000;0,000;0,000;0,000;RRR 1.5in;23,4;1014;48;'26.07.2023 10:50:41.860;;
1625;-57,673;-2626,907;-330,357;0,000;0,000;0,000;0,000;RRR 1.5in;23,4;1014;48;'26.07.2023 10:50:41.870;;
1626;-58,367;-2626,888;-330,365;0,000;0,000;0,000;0,000;RRR 1.5in;23,4;1014;48;'26.07.2023 10:50:41.880;;
1627;-59,047;-2626,835;-330,348;0,000;0,000;0,000;0,000;RRR 1.5in;23,4;1014;48;'26.07.2023 10:50:41.890;;
1628;-59,729;-2626,785;-330,338;0,000;0,000;0,000;0,000;RRR 1.5in;23,4;1014;48;'26.07.2023 10:50:41.900;;
1629;-60,407;-2626,758;-330,349;0,000;0,000;0,000;0,000;RRR 1.5in;23,4;1014;48;'26.07.2023 10:50:41.910;;
1630;-61,092;-2626,722;-330,351;0,000;0,000;0,000;0,000;RRR 1.5in;23,4;1014;48;'26.07.2023 10:50:41.920;;
1631;-61,777;-2626,677;-330,343;0,000;0,000;0,000;0,000;RRR 1.5in;23,4;1014;48;'26.07.2023 10:50:41.930;;
1632;-62,465;-2626,656;-330,343;0,000;0,000;0,000;0,000;RRR 1.5in;23,4;1014;48;'26.07.2023 10:50:41.940;;
1633;-63,133;-2626,654;-330,354;0,000;0,000;0,000;0,000;RRR 1.5in;23,4;1014;48;'26.07.2023 10:50:41.950;;
1634;-63,815;-2626,630;-330,357;0,000;0,000;0,000;0,000;RRR 1.5in;23,4;1014;48;'26.07.2023 10:50:41.960;;
1635;-64,502;-2626,581;-330,345;0,000;0,000;0,000;0,000;RRR 1.5in;23,4;1014;48;'26.07.2023 10:50:41.970;;
1636;-65,193;-2626,525;-330,330;0,000;0,000;0,000;0,000;RRR 1.5in;23,4;1014;48;'26.07.2023 10:50:41.980;;
1637;-65,890;-2626,496;-330,342;0,000;0,000;0,000;0,000;RRR 1.5in;23,4;1014;48;'26.07.2023 10:50:41.990;;
1638;-66,594;-2626,461;-330,350;0,000;0,000;0,000;0,000;RRR 1.5in;23,4;1014;48;'26.07.2023 10:50:42.000;;
1639;-67,286;-2626,391;-330,336;0,000;0,000;0,000;0,000;RRR 1.5in;23,4;1014;48;'26.07.2023 10:50:42.010;;
1640;-67,971;-2626,330;-330,332;0,000;0,000;0,000;0,000;RRR 1.5in;23,4;1014;48;'26.07.2023 10:50:42.020;;
1641;-68,663;-2626,297;-330,343;0,000;0,000;0,000;0,000;RRR 1.5in;23,4;1014;48;'26.07.2023 10:50:42.030;;
1642;-69,342;-2626,259;-330,343;0,000;0,000;0,000;0,000;RRR 1.5in;23,4;1014;48;'26.07.2023 10:50:42.040;;
1643;-70,024;-2626,212;-330,331;0,000;0,000;0,000;0,000;RRR 1.5in;23,4;1014;48;'26.07.2023 10:50:42.050;;
1644;-70,712;-2626,189;-330,324;0,000;0,000;0,000;0,000;RRR 1.5in;23,4;1014;48;'26.07.2023 10:50:42.060;;
1645;-71,394;-2626,191;-330,332;0,000;0,000;0,000;0,000;RRR 1.5in;23,4;1014;48;'26.07.2023 10:50:42.070;;
1646;-72,088;-2626,180;-330,339;0,000;0,000;0,000;0,000;RRR 1.5in;23,4;1014;48;'26.07.2023 10:50:42.080;;
1647;-72,764;-2626,128;-330,331;0,000;0,000;0,000;0,000;RRR 1.5in;23,4;1014;48;'26.07.2023 10:50:42.090;;
1648;-73,446;-2626,064;-330,321;0,000;0,000;0,000;0,000;RRR 1.5in;23,4;1014;48;'26.07.2023 10:50:42.100;;
1649;-74,136;-2626,030;-330,336;0,000;0,000;0,000;0,000;RRR 1.5in;23,4;1014;48;'26.07.2023 10:50:42.110;;
1650;-74,829;-2625,994;-330,350;0,000;0,000;0,000;0,000;RRR 1.5in;23,4;1014;48;'26.07.2023 10:50:42.120;;
1651;-75,518;-2625,927;-330,338;0,000;0,000;0,000;0,000;RRR 1.5in;23,4;1014;48;'26.07.2023 10:50:42.130;;
1652;-76,209;-2625,874;-330,332;0,000;0,000;0,000;0,000;RRR 1.5in;23,4;1014;48;'26.07.2023 10:50:42.140;;
1653;-76,901;-2625,850;-330,345;0,000;0,000;0,000;0,000;RRR 1.5in;23,4;1014;48;'26.07.2023 10:50:42.150;;
1654;-77,581;-2625,814;-330,340;0,000;0,000;0,000;0,000;RRR 1.5in;23,4;1014;48;'26.07.2023 10:50:42.160;;
1655;-78,268;-2625,762;-330,327;0,000;0,000;0,000;0,000;RRR 1.5in;23,4;1014;48;'26.07.2023 10:50:42.170;;
1656;-78,952;-2625,719;-330,319;0,000;0,000;0,000;0,000;RRR 1.5in;23,4;1014;48;'26.07.2023 10:50:42.180;;
1657;-79,645;-2625,700;-330,327;0,000;0,000;0,000;0,000;RRR 1.5in;23,4;1014;48;'26.07.2023 10:50:42.190;;
1658;-80,347;-2625,686;-330,346;0,000;0,000;0,000;0,000;RRR 1.5in;23,4;1014;48;'26.07.2023 10:50:42.200;;
1659;-81,028;-2625,640;-330,345;0,000;0,000;0,000;0,000;RRR 1.5in;23,4;1014;48;'26.07.2023 10:50:42.210;;
1660;-81,696;-2625,572;-330,331;0,000;0,000;0,000;0,000;RRR 1.5in;23,4;1014;48;'26.07.2023 10:50:42.220;;
1661;-82,373;-2625,544;-330,341;0,000;0,000;0,000;0,000;RRR 1.5in;23,4;1014;48;'26.07.2023 10:50:42.230;;
1662;-83,069;-2625,531;-330,358;0,000;0,000;0,000;0,000;RRR 1.5in;23,4;1014;48;'26.07.2023 10:50:42.240;;
1663;-83,760;-2625,482;-330,347;0,000;0,000;0,000;0,000;RRR 1.5in;23,4;1014;48;'26.07.2023 10:50:42.250;;
1664;-84,453;-2625,428;-330,336;0,000;0,000;0,000;0,000;RRR 1.5in;23,4;1014;48;'26.07.2023 10:50:42.260;;
1665;-85,147;-2625,394;-330,345;0,000;0,000;0,000;0,000;RRR 1.5in;23,4;1014;48;'26.07.2023 10:50:42.270;;
1666;-85,824;-2625,343;-330,348;0,000;0,000;0,000;0,000;RRR 1.5in;23,4;1014;48;'26.07.2023 10:50:42.280;;
1667;-86,513;-2625,273;-330,338;0,000;0,000;0,000;0,000;RRR 1.5in;23,4;1014;48;'26.07.2023 10:50:42.290;;
1668;-87,197;-2625,218;-330,332;0,000;0,000;0,000;0,000;RRR 1.5in;23,4;1014;48;'26.07.2023 10:50:42.300;;
1669;-87,877;-2625,191;-330,339;0,000;0,000;0,000;0,000;RRR 1.5in;23,4;1014;48;'26.07.2023 10:50:42.310;;
1670;-88,564;-2625,180;-330,355;0,000;0,000;0,000;0,000;RRR 1.5in;23,4;1014;48;'26.07.2023 10:50:42.320;;
1671;-89,250;-2625,142;-330,355;0,000;0,000;0,000;0,000;RRR 1.5in;23,4;1014;48;'26.07.2023 10:50:42.330;;
1672;-89,929;-2625,081;-330,338;0,000;0,000;0,000;0,000;RRR 1.5in;23,4;1014;48;'26.07.2023 10:50:42.340;;
1673;-90,604;-2625,053;-330,336;0,000;0,000;0,000;0,000;RRR 1.5in;23,4;1014;48;'26.07.2023 10:50:42.350;;
1674;-91,287;-2625,046;-330,353;0,000;0,000;0,000;0,000;RRR 1.5in;23,4;1014;48;'26.07.2023 10:50:42.360;;
1675;-91,967;-2625,005;-330,343;0,000;0,000;0,000;0,000;RRR 1.5in;23,4;1014;48;'26.07.2023 10:50:42.370;;
1676;-92,659;-2624,947;-330,325;0,000;0,000;0,000;0,000;RRR 1.5in;23,4;1014;48;'26.07.2023 10:50:42.380;;
1677;-93,359;-2624,914;-330,336;0,000;0,000;0,000;0,000;RRR 1.5in;23,4;1014;48;'26.07.2023 10:50:42.390;;
1678;-94,045;-2624,881;-330,351;0,000;0,000;0,000;0,000;RRR 1.5in;23,4;1014;48;'26.07.2023 10:50:42.400;;
1679;-94,733;-2624,815;-330,343;0,000;0,000;0,000;0,000;RRR 1.5in;23,4;1014;48;'26.07.2023 10:50:42.410;;
1680;-95,414;-2624,748;-330,331;0,000;0,000;0,000;0,000;RRR 1.5in;23,4;1014;48;'26.07.2023 10:50:42.420;;
1681;-96,098;-2624,712;-330,331;0,000;0,000;0,000;0,000;RRR 1.5in;23,4;1014;48;'26.07.2023 10:50:42.430;;
1682;-96,791;-2624,704;-330,342;0,000;0,000;0,000;0,000;RRR 1.5in;23,4;1014;48;'26.07.2023 10:50:42.440;;
1683;-97,489;-2624,676;-330,348;0,000;0,000;0,000;0,000;RRR 1.5in;23,4;1014;48;'26.07.2023 10:50:42.450;;
1684;-98,177;-2624,601;-330,325;0,000;0,000;0,000;0,000;RRR 1.5in;23,4;1014;48;'26.07.2023 10:50:42.460;;
1685;-98,848;-2624,545;-330,309;0,000;0,000;0,000;0,000;RRR 1.5in;23,4;1014;48;'26.07.2023 10:50:42.470;;
1686;-99,528;-2624,537;-330,325;0,000;0,000;0,000;0,000;RRR 1.5in;23,4;1014;48;'26.07.2023 10:50:42.480;;
1687;-100,205;-2624,522;-330,332;0,000;0,000;0,000;0,000;RRR 1.5in;23,4;1014;48;'26.07.2023 10:50:42.490;;
1688;-100,881;-2624,473;-330,319;0,000;0,000;0,000;0,000;RRR 1.5in;23,4;1014;48;'26.07.2023 10:50:42.500;;
1689;-101,569;-2624,440;-330,320;0,000;0,000;0,000;0,000;RRR 1.5in;23,4;1014;48;'26.07.2023 10:50:42.510;;
1690;-102,258;-2624,422;-330,340;0,000;0,000;0,000;0,000;RRR 1.5in;23,4;1014;48;'26.07.2023 10:50:42.520;;
1691;-102,943;-2624,377;-330,343;0,000;0,000;0,000;0,000;RRR 1.5in;23,4;1014;48;'26.07.2023 10:50:42.530;;
1692;-103,624;-2624,307;-330,328;0,000;0,000;0,000;0,000;RRR 1.5in;23,4;1014;48;'26.07.2023 10:50:42.540;;
1693;-104,310;-2624,247;-330,318;0,000;0,000;0,000;0,000;RRR 1.5in;23,4;1014;48;'26.07.2023 10:50:42.550;;
1694;-104,988;-2624,216;-330,321;0,000;0,000;0,000;0,000;RRR 1.5in;23,4;1014;48;'26.07.2023 10:50:42.560;;
1695;-105,696;-2624,184;-330,325;0,000;0,000;0,000;0,000;RRR 1.5in;23,4;1014;48;'26.07.2023 10:50:42.570;;
1696;-106,390;-2624,123;-330,312;0,000;0,000;0,000;0,000;RRR 1.5in;23,4;1014;48;'26.07.2023 10:50:42.580;;
1697;-107,063;-2624,056;-330,293;0,000;0,000;0,000;0,000;RRR 1.5in;23,4;1014;48;'26.07.2023 10:50:42.590;;
1698;-107,743;-2624,035;-330,300;0,000;0,000;0,000;0,000;RRR 1.5in;23,4;1014;48;'26.07.2023 10:50:42.600;;
1699;-108,422;-2624,031;-330,318;0,000;0,000;0,000;0,000;RRR 1.5in;23,4;1014;48;'26.07.2023 10:50:42.610;;
1700;-109,109;-2623,987;-330,311;0,000;0,000;0,000;0,000;RRR 1.5in;23,4;1014;48;'26.07.2023 10:50:42.620;;
1701;-109,795;-2623,938;-330,300;0,000;0,000;0,000;0,000;RRR 1.5in;23,4;1014;48;'26.07.2023 10:50:42.630;;
1702;-110,478;-2623,922;-330,313;0,000;0,000;0,000;0,000;RRR 1.5in;23,4;1014;48;'26.07.2023 10:50:42.640;;
1703;-111,158;-2623,903;-330,324;0,000;0,000;0,000;0,000;RRR 1.5in;23,4;1014;48;'26.07.2023 10:50:42.650;;
1704;-111,838;-2623,844;-330,311;0,000;0,000;0,000;0,000;RRR 1.5in;23,4;1014;48;'26.07.2023 10:50:42.660;;
1705;-112,525;-2623,784;-330,298;0,000;0,000;0,000;0,000;RRR 1.5in;23,4;1014;48;'26.07.2023 10:50:42.670;;
1706;-113,196;-2623,749;-330,297;0,000;0,000;0,000;0,000;RRR 1.5in;23,4;1014;48;'26.07.2023 10:50:42.680;;
1707;-113,874;-2623,730;-330,307;0,000;0,000;0,000;0,000;RRR 1.5in;23,4;1014;48;'26.07.2023 10:50:42.690;;
1708;-114,570;-2623,687;-330,310;0,000;0,000;0,000;0,000;RRR 1.5in;23,4;1014;48;'26.07.2023 10:50:42.700;;
1709;-115,262;-2623,612;-330,297;0,000;0,000;0,000;0,000;RRR 1.5in;23,4;1014;48;'26.07.2023 10:50:42.710;;
1710;-115,956;-2623,559;-330,292;0,000;0,000;0,000;0,000;RRR 1.5in;23,4;1014;48;'26.07.2023 10:50:42.720;;
1711;-116,653;-2623,545;-330,310;0,000;0,000;0,000;0,000;RRR 1.5in;23,4;1014;48;'26.07.2023 10:50:42.730;;
1712;-117,347;-2623,516;-330,317;0,000;0,000;0,000;0,000;RRR 1.5in;23,4;1014;48;'26.07.2023 10:50:42.740;;
1713;-118,030;-2623,446;-330,294;0,000;0,000;0,000;0,000;RRR 1.5in;23,4;1014;48;'26.07.2023 10:50:42.750;;
1714;-118,712;-2623,406;-330,286;0,000;0,000;0,000;0,000;RRR 1.5in;23,4;1014;48;'26.07.2023 10:50:42.760;;
1715;-119,391;-2623,401;-330,301;0,000;0,000;0,000;0,000;RRR 1.5in;23,4;1014;48;'26.07.2023 10:50:42.770;;
1716;-120,063;-2623,378;-330,304;0,000;0,000;0,000;0,000;RRR 1.5in;23,4;1014;48;'26.07.2023 10:50:42.780;;
1717;-120,754;-2623,325;-330,290;0,000;0,000;0,000;0,000;RRR 1.5in;23,4;1014;48;'26.07.2023 10:50:42.790;;
1718;-121,428;-2623,281;-330,286;0,000;0,000;0,000;0,000;RRR 1.5in;23,4;1014;48;'26.07.2023 10:50:42.800;;
1719;-122,102;-2623,259;-330,294;0,000;0,000;0,000;0,000;RRR 1.5in;23,4;1014;48;'26.07.2023 10:50:42.810;;
1720;-122,797;-2623,237;-330,312;0,000;0,000;0,000;0,000;RRR 1.5in;23,4;1014;48;'26.07.2023 10:50:42.820;;
1721;-123,497;-2623,175;-330,310;0,000;0,000;0,000;0,000;RRR 1.5in;23,4;1014;48;'26.07.2023 10:50:42.830;;
1722;-124,190;-2623,096;-330,294;0,000;0,000;0,000;0,000;RRR 1.5in;23,4;1014;48;'26.07.2023 10:50:42.840;;
1723;-124,874;-2623,064;-330,297;0,000;0,000;0,000;0,000;RRR 1.5in;23,4;1014;48;'26.07.2023 10:50:42.850;;
1724;-125,566;-2623,053;-330,314;0,000;0,000;0,000;0,000;RRR 1.5in;23,4;1014;48;'26.07.2023 10:50:42.860;;
1725;-126,254;-2622,998;-330,305;0,000;0,000;0,000;0,000;RRR 1.5in;23,4;1014;48;'26.07.2023 10:50:42.870;;
1726;-126,930;-2622,928;-330,281;0,000;0,000;0,000;0,000;RRR 1.5in;23,4;1014;48;'26.07.2023 10:50:42.880;;
1727;-127,619;-2622,899;-330,282;0,000;0,000;0,000;0,000;RRR 1.5in;23,4;1014;48;'26.07.2023 10:50:42.890;;
1728;-128,292;-2622,891;-330,301;0,000;0,000;0,000;0,000;RRR 1.5in;23,4;1014;48;'26.07.2023 10:50:42.900;;
1729;-128,985;-2622,846;-330,301;0,000;0,000;0,000;0,000;RRR 1.5in;23,4;1014;48;'26.07.2023 10:50:42.910;;
1730;-129,676;-2622,780;-330,289;0,000;0,000;0,000;0,000;RRR 1.5in;23,4;1014;48;'26.07.2023 10:50:42.920;;
1731;-130,351;-2622,743;-330,290;0,000;0,000;0,000;0,000;RRR 1.5in;23,4;1014;48;'26.07.2023 10:50:42.930;;
1732;-131,032;-2622,737;-330,307;0,000;0,000;0,000;0,000;RRR 1.5in;23,4;1014;48;'26.07.2023 10:50:42.940;;
1733;-131,720;-2622,718;-330,319;0,000;0,000;0,000;0,000;RRR 1.5in;23,4;1014;48;'26.07.2023 10:50:42.950;;
1734;-132,424;-2622,656;-330,313;0,000;0,000;0,000;0,000;RRR 1.5in;23,4;1014;48;'26.07.2023 10:50:42.960;;
1735;-133,111;-2622,595;-330,298;0,000;0,000;0,000;0,000;RRR 1.5in;23,4;1014;48;'26.07.2023 10:50:42.970;;
1736;-133,787;-2622,571;-330,304;0,000;0,000;0,000;0,000;RRR 1.5in;23,4;1014;48;'26.07.2023 10:50:42.980;;
1737;-134,472;-2622,555;-330,317;0,000;0,000;0,000;0,000;RRR 1.5in;23,4;1014;48;'26.07.2023 10:50:42.990;;
1738;-135,156;-2622,506;-330,311;0,000;0,000;0,000;0,000;RRR 1.5in;23,4;1014;48;'26.07.2023 10:50:43.000;;
1739;-135,837;-2622,443;-330,298;0,000;0,000;0,000;0,000;RRR 1.5in;23,4;1014;48;'26.07.2023 10:50:43.010;;
1740;-136,513;-2622,401;-330,300;0,000;0,000;0,000;0,000;RRR 1.5in;23,4;1014;48;'26.07.2023 10:50:43.020;;
1741;-137,201;-2622,374;-330,314;0,000;0,000;0,000;0,000;RRR 1.5in;23,4;1014;48;'26.07.2023 10:50:43.030;;
1742;-137,906;-2622,320;-330,314;0,000;0,000;0,000;0,000;RRR 1.5in;23,4;1014;48;'26.07.2023 10:50:43.040;;
1743;-138,604;-2622,256;-330,305;0,000;0,000;0,000;0,000;RRR 1.5in;23,4;1014;48;'26.07.2023 10:50:43.050;;
1744;-139,292;-2622,219;-330,309;0,000;0,000;0,000;0,000;RRR 1.5in;23,4;1014;48;'26.07.2023 10:50:43.060;;
1745;-139,960;-2622,208;-330,317;0,000;0,000;0,000;0,000;RRR 1.5in;23,4;1014;48;'26.07.2023 10:50:43.070;;
1746;-140,656;-2622,191;-330,329;0,000;0,000;0,000;0,000;RRR 1.5in;23,4;1014;48;'26.07.2023 10:50:43.080;;
1747;-141,352;-2622,153;-330,330;0,000;0,000;0,000;0,000;RRR 1.5in;23,4;1014;48;'26.07.2023 10:50:43.090;;
1748;-142,025;-2622,102;-330,321;0,000;0,000;0,000;0,000;RRR 1.5in;23,4;1014;48;'26.07.2023 10:50:43.100;;
1749;-142,700;-2622,070;-330,325;0,000;0,000;0,000;0,000;RRR 1.5in;23,4;1014;48;'26.07.2023 10:50:43.110;;
1750;-143,380;-2622,039;-330,332;0,000;0,000;0,000;0,000;RRR 1.5in;23,4;1014;48;'26.07.2023 10:50:43.120;;
1751;-144,070;-2621,974;-330,320;0,000;0,000;0,000;0,000;RRR 1.5in;23,4;1014;48;'26.07.2023 10:50:43.130;;
1752;-144,755;-2621,910;-330,304;0,000;0,000;0,000;0,000;RRR 1.5in;23,4;1014;48;'26.07.2023 10:50:43.140;;
1753;-145,449;-2621,881;-330,308;0,000;0,000;0,000;0,000;RRR 1.5in;23,4;1014;48;'26.07.2023 10:50:43.150;;
1754;-146,152;-2621,857;-330,316;0,000;0,000;0,000;0,000;RRR 1.5in;23,4;1014;48;'26.07.2023 10:50:43.160;;
1755;-146,857;-2621,806;-330,310;0,000;0,000;0,000;0,000;RRR 1.5in;23,4;1014;48;'26.07.2023 10:50:43.170;;
1756;-147,563;-2621,752;-330,303;0,000;0,000;0,000;0,000;RRR 1.5in;23,4;1014;48;'26.07.2023 10:50:43.180;;
1757;-148,232;-2621,719;-330,307;0,000;0,000;0,000;0,000;RRR 1.5in;23,4;1014;48;'26.07.2023 10:50:43.190;;
1758;-148,897;-2621,694;-330,311;0,000;0,000;0,000;0,000;RRR 1.5in;23,4;1014;48;'26.07.2023 10:50:43.200;;
1759;-149,587;-2621,654;-330,316;0,000;0,000;0,000;0,000;RRR 1.5in;23,4;1014;48;'26.07.2023 10:50:43.210;;
1760;-150,281;-2621,599;-330,315;0,000;0,000;0,000;0,000;RRR 1.5in;23,4;1014;48;'26.07.2023 10:50:43.220;;
1761;-150,958;-2621,545;-330,309;0,000;0,000;0,000;0,000;RRR 1.5in;23,4;1014;48;'26.07.2023 10:50:43.230;;
1762;-151,632;-2621,522;-330,315;0,000;0,000;0,000;0,000;RRR 1.5in;23,4;1014;48;'26.07.2023 10:50:43.240;;
1763;-152,315;-2621,504;-330,324;0,000;0,000;0,000;0,000;RRR 1.5in;23,4;1014;48;'26.07.2023 10:50:43.250;;
1764;-153,009;-2621,462;-330,319;0,000;0,000;0,000;0,000;RRR 1.5in;23,4;1014;48;'26.07.2023 10:50:43.260;;
1765;-153,698;-2621,424;-330,314;0,000;0,000;0,000;0,000;RRR 1.5in;23,4;1014;48;'26.07.2023 10:50:43.270;;
1766;-154,399;-2621,406;-330,322;0,000;0,000;0,000;0,000;RRR 1.5in;23,4;1014;48;'26.07.2023 10:50:43.280;;
1767;-155,087;-2621,378;-330,332;0,000;0,000;0,000;0,000;RRR 1.5in;23,4;1014;48;'26.07.2023 10:50:43.290;;
1768;-155,775;-2621,314;-330,327;0,000;0,000;0,000;0,000;RRR 1.5in;23,4;1014;48;'26.07.2023 10:50:43.300;;
1769;-156,456;-2621,246;-330,318;0,000;0,000;0,000;0,000;RRR 1.5in;23,4;1014;48;'26.07.2023 10:50:43.310;;
1770;-157,123;-2621,200;-330,318;0,000;0,000;0,000;0,000;RRR 1.5in;23,4;1014;48;'26.07.2023 10:50:43.320;;
1771;-157,801;-2621,172;-330,322;0,000;0,000;0,000;0,000;RRR 1.5in;23,4;1014;48;'26.07.2023 10:50:43.330;;
1772;-158,493;-2621,141;-330,326;0,000;0,000;0,000;0,000;RRR 1.5in;23,4;1014;48;'26.07.2023 10:50:43.340;;
1773;-159,197;-2621,094;-330,326;0,000;0,000;0,000;0,000;RRR 1.5in;23,4;1014;48;'26.07.2023 10:50:43.350;;
1774;-159,891;-2621,043;-330,318;0,000;0,000;0,000;0,000;RRR 1.5in;23,4;1014;48;'26.07.2023 10:50:43.360;;
1775;-160,567;-2621,017;-330,316;0,000;0,000;0,000;0,000;RRR 1.5in;23,4;1014;48;'26.07.2023 10:50:43.370;;
1776;-161,249;-2621,002;-330,322;0,000;0,000;0,000;0,000;RRR 1.5in;23,4;1014;48;'26.07.2023 10:50:43.380;;
1777;-161,938;-2620,978;-330,327;0,000;0,000;0,000;0,000;RRR 1.5in;23,4;1014;48;'26.07.2023 10:50:43.390;;
1778;-162,622;-2620,940;-330,323;0,000;0,000;0,000;0,000;RRR 1.5in;23,4;1014;48;'26.07.2023 10:50:43.400;;
1779;-163,300;-2620,903;-330,325;0,000;0,000;0,000;0,000;RRR 1.5in;23,4;1014;48;'26.07.2023 10:50:43.410;;
1780;-163,971;-2620,868;-330,337;0,000;0,000;0,000;0,000;RRR 1.5in;23,4;1014;48;'26.07.2023 10:50:43.420;;
1781;-164,660;-2620,819;-330,340;0,000;0,000;0,000;0,000;RRR 1.5in;23,4;1014;48;'26.07.2023 10:50:43.430;;
1782;-165,349;-2620,760;-330,337;0,000;0,000;0,000;0,000;RRR 1.5in;23,4;1014;48;'26.07.2023 10:50:43.440;;
1783;-166,028;-2620,711;-330,334;0,000;0,000;0,000;0,000;RRR 1.5in;23,4;1014;48;'26.07.2023 10:50:43.450;;
1784;-166,717;-2620,678;-330,336;0,000;0,000;0,000;0,000;RRR 1.5in;23,4;1014;48;'26.07.2023 10:50:43.460;;
1785;-167,405;-2620,648;-330,337;0,000;0,000;0,000;0,000;RRR 1.5in;23,4;1014;48;'26.07.2023 10:50:43.470;;
1786;-168,110;-2620,609;-330,340;0,000;0,000;0,000;0,000;RRR 1.5in;23,4;1014;48;'26.07.2023 10:50:43.480;;
1787;-168,800;-2620,558;-330,336;0,000;0,000;0,000;0,000;RRR 1.5in;23,4;1014;48;'26.07.2023 10:50:43.490;;
1788;-169,471;-2620,500;-330,323;0,000;0,000;0,000;0,000;RRR 1.5in;23,4;1014;48;'26.07.2023 10:50:43.500;;
1789;-170,162;-2620,462;-330,323;0,000;0,000;0,000;0,000;RRR 1.5in;23,4;1014;48;'26.07.2023 10:50:43.510;;
1790;-170,853;-2620,440;-330,335;0,000;0,000;0,000;0,000;RRR 1.5in;23,4;1014;48;'26.07.2023 10:50:43.520;;
1791;-171,545;-2620,399;-330,335;0,000;0,000;0,000;0,000;RRR 1.5in;23,4;1014;48;'26.07.2023 10:50:43.530;;
1792;-172,223;-2620,346;-330,329;0,000;0,000;0,000;0,000;RRR 1.5in;23,4;1014;48;'26.07.2023 10:50:43.540;;
1793;-172,903;-2620,309;-330,338;0,000;0,000;0,000;0,000;RRR 1.5in;23,4;1014;48;'26.07.2023 10:50:43.550;;
1794;-173,594;-2620,276;-330,351;0,000;0,000;0,000;0,000;RRR 1.5in;23,4;1014;48;'26.07.2023 10:50:43.560;;
1795;-174,269;-2620,232;-330,354;0,000;0,000;0,000;0,000;RRR 1.5in;23,4;1014;48;'26.07.2023 10:50:43.570;;
1796;-174,952;-2620,184;-330,349;0,000;0,000;0,000;0,000;RRR 1.5in;23,4;1014;48;'26.07.2023 10:50:43.580;;
1797;-175,630;-2620,154;-330,345;0,000;0,000;0,000;0,000;RRR 1.5in;23,4;1014;48;'26.07.2023 10:50:43.590;;
1798;-176,311;-2620,137;-330,347;0,000;0,000;0,000;0,000;RRR 1.5in;23,4;1014;48;'26.07.2023 10:50:43.600;;
1799;-177,010;-2620,118;-330,348;0,000;0,000;0,000;0,000;RRR 1.5in;23,4;1014;48;'26.07.2023 10:50:43.610;;
1800;-177,699;-2620,073;-330,343;0,000;0,000;0,000;0,000;RRR 1.5in;23,4;1014;48;'26.07.2023 10:50:43.620;;
1801;-178,378;-2620,014;-330,329;0,000;0,000;0,000;0,000;RRR 1.5in;23,4;1014;48;'26.07.2023 10:50:43.630;;
1802;-179,056;-2619,972;-330,328;0,000;0,000;0,000;0,000;RRR 1.5in;23,4;1014;48;'26.07.2023 10:50:43.640;;
1803;-179,742;-2619,939;-330,340;0,000;0,000;0,000;0,000;RRR 1.5in;23,4;1014;48;'26.07.2023 10:50:43.650;;
1804;-180,439;-2619,890;-330,348;0,000;0,000;0,000;0,000;RRR 1.5in;23,4;1014;48;'26.07.2023 10:50:43.660;;
1805;-181,124;-2619,829;-330,345;0,000;0,000;0,000;0,000;RRR 1.5in;23,4;1014;48;'26.07.2023 10:50:43.670;;
1806;-181,816;-2619,777;-330,345;0,000;0,000;0,000;0,000;RRR 1.5in;23,4;1014;48;'26.07.2023 10:50:43.680;;
1807;-182,509;-2619,748;-330,358;0,000;0,000;0,000;0,000;RRR 1.5in;23,4;1014;48;'26.07.2023 10:50:43.690;;
1808;-183,191;-2619,722;-330,365;0,000;0,000;0,000;0,000;RRR 1.5in;23,4;1014;48;'26.07.2023 10:50:43.700;;
1809;-183,877;-2619,677;-330,358;0,000;0,000;0,000;0,000;RRR 1.5in;23,4;1014;48;'26.07.2023 10:50:43.710;;
1810;-184,559;-2619,637;-330,349;0,000;0,000;0,000;0,000;RRR 1.5in;23,4;1014;48;'26.07.2023 10:50:43.720;;
1811;-185,242;-2619,619;-330,353;0,000;0,000;0,000;0,000;RRR 1.5in;23,4;1014;48;'26.07.2023 10:50:43.730;;
1812;-185,925;-2619,602;-330,358;0,000;0,000;0,000;0,000;RRR 1.5in;23,4;1014;48;'26.07.2023 10:50:43.740;;
1813;-186,600;-2619,564;-330,359;0,000;0,000;0,000;0,000;RRR 1.5in;23,4;1014;48;'26.07.2023 10:50:43.750;;
1814;-187,281;-2619,507;-330,359;0,000;0,000;0,000;0,000;RRR 1.5in;23,4;1014;48;'26.07.2023 10:50:43.760;;
1815;-187,963;-2619,444;-330,353;0,000;0,000;0,000;0,000;RRR 1.5in;23,4;1014;48;'26.07.2023 10:50:43.770;;
1816;-188,653;-2619,391;-330,350;0,000;0,000;0,000;0,000;RRR 1.5in;23,4;1014;48;'26.07.2023 10:50:43.780;;
1817;-189,357;-2619,362;-330,359;0,000;0,000;0,000;0,000;RRR 1.5in;23,4;1014;48;'26.07.2023 10:50:43.790;;
1818;-190,047;-2619,331;-330,363;0,000;0,000;0,000;0,000;RRR 1.5in;23,4;1014;48;'26.07.2023 10:50:43.800;;
1819;-190,734;-2619,282;-330,351;0,000;0,000;0,000;0,000;RRR 1.5in;23,4;1014;48;'26.07.2023 10:50:43.810;;
1820;-191,418;-2619,232;-330,342;0,000;0,000;0,000;0,000;RRR 1.5in;23,4;1014;48;'26.07.2023 10:50:43.820;;
1821;-192,097;-2619,196;-330,343;0,000;0,000;0,000;0,000;RRR 1.5in;23,4;1014;48;'26.07.2023 10:50:43.830;;
1822;-192,785;-2619,161;-330,347;0,000;0,000;0,000;0,000;RRR 1.5in;23,4;1014;48;'26.07.2023 10:50:43.840;;
1823;-193,474;-2619,112;-330,346;0,000;0,000;0,000;0,000;RRR 1.5in;23,4;1014;48;'26.07.2023 10:50:43.850;;
1824;-194,167;-2619,059;-330,348;0,000;0,000;0,000;0,000;RRR 1.5in;23,4;1014;48;'26.07.2023 10:50:43.860;;
1825;-194,858;-2619,017;-330,352;0,000;0,000;0,000;0,000;RRR 1.5in;23,4;1014;48;'26.07.2023 10:50:43.870;;
1826;-195,528;-2618,988;-330,358;0,000;0,000;0,000;0,000;RRR 1.5in;23,4;1014;48;'26.07.2023 10:50:43.880;;
1827;-196,215;-2618,966;-330,370;0,000;0,000;0,000;0,000;RRR 1.5in;23,4;1014;48;'26.07.2023 10:50:43.890;;
1828;-196,902;-2618,932;-330,373;0,000;0,000;0,000;0,000;RRR 1.5in;23,4;1014;48;'26.07.2023 10:50:43.900;;
1829;-197,580;-2618,876;-330,360;0,000;0,000;0,000;0,000;RRR 1.5in;23,4;1014;48;'26.07.2023 10:50:43.910;;
1830;-198,260;-2618,837;-330,356;0,000;0,000;0,000;0,000;RRR 1.5in;23,4;1014;48;'26.07.2023 10:50:43.920;;
1831;-198,940;-2618,819;-330,367;0,000;0,000;0,000;0,000;RRR 1.5in;23,4;1014;48;'26.07.2023 10:50:43.930;;
1832;-199,622;-2618,776;-330,364;0,000;0,000;0,000;0,000;RRR 1.5in;23,4;1014;48;'26.07.2023 10:50:43.940;;
1833;-200,304;-2618,713;-330,351;0,000;0,000;0,000;0,000;RRR 1.5in;23,4;1014;48;'26.07.2023 10:50:43.950;;
1834;-200,995;-2618,671;-330,354;0,000;0,000;0,000;0,000;RRR 1.5in;23,4;1014;48;'26.07.2023 10:50:43.960;;
1835;-201,690;-2618,644;-330,368;0,000;0,000;0,000;0,000;RRR 1.5in;23,4;1014;48;'26.07.2023 10:50:43.970;;
1836;-202,373;-2618,602;-330,371;0,000;0,000;0,000;0,000;RRR 1.5in;23,4;1014;48;'26.07.2023 10:50:43.980;;
1837;-203,069;-2618,546;-330,369;0,000;0,000;0,000;0,000;RRR 1.5in;23,4;1014;48;'26.07.2023 10:50:43.990;;
1838;-203,759;-2618,495;-330,367;0,000;0,000;0,000;0,000;RRR 1.5in;23,4;1014;48;'26.07.2023 10:50:44.000;;
1839;-204,437;-2618,458;-330,365;0,000;0,000;0,000;0,000;RRR 1.5in;23,4;1014;48;'26.07.2023 10:50:44.010;;
1840;-205,120;-2618,435;-330,368;0,000;0,000;0,000;0,000;RRR 1.5in;23,4;1014;48;'26.07.2023 10:50:44.020;;
1841;-205,805;-2618,401;-330,368;0,000;0,000;0,000;0,000;RRR 1.5in;23,4;1014;48;'26.07.2023 10:50:44.030;;
1842;-206,492;-2618,347;-330,362;0,000;0,000;0,000;0,000;RRR 1.5in;23,4;1014;48;'26.07.2023 10:50:44.040;;
1843;-207,177;-2618,299;-330,352;0,000;0,000;0,000;0,000;RRR 1.5in;23,4;1014;48;'26.07.2023 10:50:44.050;;
1844;-207,859;-2618,270;-330,351;0,000;0,000;0,000;0,000;RRR 1.5in;23,4;1014;48;'26.07.2023 10:50:44.060;;
1845;-208,547;-2618,256;-330,363;0,000;0,000;0,000;0,000;RRR 1.5in;23,4;1014;48;'26.07.2023 10:50:44.070;;
1846;-209,231;-2618,230;-330,371;0,000;0,000;0,000;0,000;RRR 1.5in;23,4;1014;48;'26.07.2023 10:50:44.080;;
1847;-209,910;-2618,183;-330,365;0,000;0,000;0,000;0,000;RRR 1.5in;23,4;1014;48;'26.07.2023 10:50:44.090;;
1848;-210,601;-2618,139;-330,370;0,000;0,000;0,000;0,000;RRR 1.5in;23,4;1014;48;'26.07.2023 10:50:44.100;;
1849;-211,291;-2618,105;-330,381;0,000;0,000;0,000;0,000;RRR 1.5in;23,4;1014;48;'26.07.2023 10:50:44.110;;
1850;-211,974;-2618,054;-330,378;0,000;0,000;0,000;0,000;RRR 1.5in;23,4;1014;48;'26.07.2023 10:50:44.120;;
1851;-212,663;-2617,998;-330,363;0,000;0,000;0,000;0,000;RRR 1.5in;23,4;1014;48;'26.07.2023 10:50:44.130;;
1852;-213,342;-2617,955;-330,356;0,000;0,000;0,000;0,000;RRR 1.5in;23,4;1014;48;'26.07.2023 10:50:44.140;;
1853;-214,032;-2617,919;-330,350;0,000;0,000;0,000;0,000;RRR 1.5in;23,4;1014;48;'26.07.2023 10:50:44.150;;
1854;-214,728;-2617,887;-330,347;0,000;0,000;0,000;0,000;RRR 1.5in;23,4;1014;48;'26.07.2023 10:50:44.160;;
1855;-215,414;-2617,855;-330,353;0,000;0,000;0,000;0,000;RRR 1.5in;23,4;1014;48;'26.07.2023 10:50:44.170;;
1856;-216,107;-2617,804;-330,360;0,000;0,000;0,000;0,000;RRR 1.5in;23,4;1014;48;'26.07.2023 10:50:44.180;;
1857;-216,800;-2617,737;-330,353;0,000;0,000;0,000;0,000;RRR 1.5in;23,4;1014;48;'26.07.2023 10:50:44.190;;
1858;-217,488;-2617,690;-330,351;0,000;0,000;0,000;0,000;RRR 1.5in;23,4;1014;48;'26.07.2023 10:50:44.200;;
1859;-218,175;-2617,675;-330,364;0,000;0,000;0,000;0,000;RRR 1.5in;23,4;1014;48;'26.07.2023 10:50:44.210;;
1860;-218,849;-2617,660;-330,371;0,000;0,000;0,000;0,000;RRR 1.5in;23,4;1014;48;'26.07.2023 10:50:44.220;;
1861;-219,525;-2617,631;-330,364;0,000;0,000;0,000;0,000;RRR 1.5in;23,4;1014;48;'26.07.2023 10:50:44.230;;
1862;-220,205;-2617,593;-330,351;0,000;0,000;0,000;0,000;RRR 1.5in;23,4;1014;48;'26.07.2023 10:50:44.240;;
1863;-220,885;-2617,570;-330,352;0,000;0,000;0,000;0,000;RRR 1.5in;23,4;1014;48;'26.07.2023 10:50:44.250;;
1864;-221,570;-2617,548;-330,352;0,000;0,000;0,000;0,000;RRR 1.5in;23,4;1014;48;'26.07.2023 10:50:44.260;;
1865;-222,241;-2617,507;-330,347;0,000;0,000;0,000;0,000;RRR 1.5in;23,4;1014;48;'26.07.2023 10:50:44.270;;
1866;-222,924;-2617,455;-330,340;0,000;0,000;0,000;0,000;RRR 1.5in;23,4;1014;48;'26.07.2023 10:50:44.280;;
1867;-223,629;-2617,412;-330,343;0,000;0,000;0,000;0,000;RRR 1.5in;23,4;1014;48;'26.07.2023 10:50:44.290;;
1868;-224,326;-2617,378;-330,346;0,000;0,000;0,000;0,000;RRR 1.5in;23,4;1014;48;'26.07.2023 10:50:44.300;;
1869;-225,015;-2617,350;-330,357;0,000;0,000;0,000;0,000;RRR 1.5in;23,4;1014;48;'26.07.2023 10:50:44.310;;
1870;-225,710;-2617,311;-330,365;0,000;0,000;0,000;0,000;RRR 1.5in;23,4;1014;48;'26.07.2023 10:50:44.320;;
1871;-226,388;-2617,244;-330,355;0,000;0,000;0,000;0,000;RRR 1.5in;23,4;1014;48;'26.07.2023 10:50:44.330;;
1872;-227,061;-2617,189;-330,347;0,000;0,000;0,000;0,000;RRR 1.5in;23,4;1014;48;'26.07.2023 10:50:44.340;;
1873;-227,740;-2617,156;-330,348;0,000;0,000;0,000;0,000;RRR 1.5in;23,4;1014;48;'26.07.2023 10:50:44.350;;
1874;-228,423;-2617,126;-330,349;0,000;0,000;0,000;0,000;RRR 1.5in;23,4;1014;48;'26.07.2023 10:50:44.360;;
1875;-229,117;-2617,080;-330,339;0,000;0,000;0,000;0,000;RRR 1.5in;23,4;1014;48;'26.07.2023 10:50:44.370;;
1876;-229,811;-2617,035;-330,329;0,000;0,000;0,000;0,000;RRR 1.5in;23,4;1014;48;'26.07.2023 10:50:44.380;;
1877;-230,501;-2617,007;-330,336;0,000;0,000;0,000;0,000;RRR 1.5in;23,4;1014;48;'26.07.2023 10:50:44.390;;
1878;-231,188;-2616,983;-330,342;0,000;0,000;0,000;0,000;RRR 1.5in;23,4;1014;48;'26.07.2023 10:50:44.400;;
1879;-231,869;-2616,952;-330,340;0,000;0,000;0,000;0,000;RRR 1.5in;23,4;1014;48;'26.07.2023 10:50:44.410;;
1880;-232,561;-2616,923;-330,345;0,000;0,000;0,000;0,000;RRR 1.5in;23,4;1014;48;'26.07.2023 10:50:44.420;;
1881;-233,246;-2616,902;-330,355;0,000;0,000;0,000;0,000;RRR 1.5in;23,4;1014;48;'26.07.2023 10:50:44.430;;
1882;-233,912;-2616,866;-330,350;0,000;0,000;0,000;0,000;RRR 1.5in;23,4;1014;48;'26.07.2023 10:50:44.440;;
1883;-234,582;-2616,825;-330,345;0,000;0,000;0,000;0,000;RRR 1.5in;23,4;1014;48;'26.07.2023 10:50:44.450;;
1884;-235,267;-2616,780;-330,348;0,000;0,000;0,000;0,000;RRR 1.5in;23,4;1014;48;'26.07.2023 10:50:44.460;;
1885;-235,964;-2616,723;-330,346;0,000;0,000;0,000;0,000;RRR 1.5in;23,4;1014;48;'26.07.2023 10:50:44.470;;
1886;-236,661;-2616,657;-330,331;0,000;0,000;0,000;0,000;RRR 1.5in;23,4;1014;48;'26.07.2023 10:50:44.480;;
1887;-237,351;-2616,617;-330,325;0,000;0,000;0,000;0,000;RRR 1.5in;23,4;1014;48;'26.07.2023 10:50:44.490;;
1888;-238,046;-2616,605;-330,344;0,000;0,000;0,000;0,000;RRR 1.5in;23,4;1014;48;'26.07.2023 10:50:44.500;;
1889;-238,737;-2616,574;-330,355;0,000;0,000;0,000;0,000;RRR 1.5in;23,4;1014;48;'26.07.2023 10:50:44.510;;
1890;-239,417;-2616,509;-330,342;0,000;0,000;0,000;0,000;RRR 1.5in;23,4;1014;48;'26.07.2023 10:50:44.520;;
1891;-240,106;-2616,451;-330,337;0,000;0,000;0,000;0,000;RRR 1.5in;23,4;1014;48;'26.07.2023 10:50:44.530;;
1892;-240,794;-2616,415;-330,348;0,000;0,000;0,000;0,000;RRR 1.5in;23,4;1014;48;'26.07.2023 10:50:44.540;;
1893;-241,479;-2616,372;-330,348;0,000;0,000;0,000;0,000;RRR 1.5in;23,4;1014;48;'26.07.2023 10:50:44.550;;
1894;-242,166;-2616,325;-330,342;0,000;0,000;0,000;0,000;RRR 1.5in;23,4;1014;48;'26.07.2023 10:50:44.560;;
1895;-242,855;-2616,282;-330,336;0,000;0,000;0,000;0,000;RRR 1.5in;23,4;1014;48;'26.07.2023 10:50:44.570;;
1896;-243,546;-2616,255;-330,336;0,000;0,000;0,000;0,000;RRR 1.5in;23,4;1014;48;'26.07.2023 10:50:44.580;;
1897;-244,241;-2616,237;-330,335;0,000;0,000;0,000;0,000;RRR 1.5in;23,4;1014;48;'26.07.2023 10:50:44.590;;
1898;-244,917;-2616,222;-330,340;0,000;0,000;0,000;0,000;RRR 1.5in;23,4;1014;48;'26.07.2023 10:50:44.600;;
1899;-245,599;-2616,192;-330,351;0,000;0,000;0,000;0,000;RRR 1.5in;23,4;1014;48;'26.07.2023 10:50:44.610;;
1900;-246,288;-2616,137;-330,351;0,000;0,000;0,000;0,000;RRR 1.5in;23,4;1014;48;'26.07.2023 10:50:44.620;;
1901;-246,971;-2616,073;-330,343;0,000;0,000;0,000;0,000;RRR 1.5in;23,4;1014;48;'26.07.2023 10:50:44.630;;
1902;-247,661;-2616,028;-330,342;0,000;0,000;0,000;0,000;RRR 1.5in;23,4;1014;48;'26.07.2023 10:50:44.640;;
1903;-248,345;-2616,013;-330,356;0,000;0,000;0,000;0,000;RRR 1.5in;23,4;1014;48;'26.07.2023 10:50:44.650;;
1904;-249,024;-2615,985;-330,357;0,000;0,000;0,000;0,000;RRR 1.5in;23,4;1014;48;'26.07.2023 10:50:44.660;;
1905;-249,707;-2615,940;-330,345;0,000;0,000;0,000;0,000;RRR 1.5in;23,4;1014;48;'26.07.2023 10:50:44.670;;
1906;-250,398;-2615,900;-330,342;0,000;0,000;0,000;0,000;RRR 1.5in;23,4;1014;48;'26.07.2023 10:50:44.680;;
1907;-251,094;-2615,872;-330,351;0,000;0,000;0,000;0,000;RRR 1.5in;23,4;1014;48;'26.07.2023 10:50:44.690;;
1908;-251,782;-2615,838;-330,354;0,000;0,000;0,000;0,000;RRR 1.5in;23,4;1014;48;'26.07.2023 10:50:44.700;;
1909;-252,465;-2615,783;-330,349;0,000;0,000;0,000;0,000;RRR 1.5in;23,4;1014;48;'26.07.2023 10:50:44.710;;
1910;-253,164;-2615,726;-330,350;0,000;0,000;0,000;0,000;RRR 1.5in;23,4;1014;48;'26.07.2023 10:50:44.720;;
1911;-253,854;-2615,670;-330,350;0,000;0,000;0,000;0,000;RRR 1.5in;23,4;1014;48;'26.07.2023 10:50:44.730;;
1912;-254,541;-2615,626;-330,339;0,000;0,000;0,000;0,000;RRR 1.5in;23,4;1014;48;'26.07.2023 10:50:44.740;;
1913;-255,233;-2615,608;-330,346;0,000;0,000;0,000;0,000;RRR 1.5in;23,4;1014;48;'26.07.2023 10:50:44.750;;
1914;-255,921;-2615,593;-330,359;0,000;0,000;0,000;0,000;RRR 1.5in;23,4;1014;48;'26.07.2023 10:50:44.760;;
1915;-256,610;-2615,550;-330,357;0,000;0,000;0,000;0,000;RRR 1.5in;23,4;1014;48;'26.07.2023 10:50:44.770;;
1916;-257,284;-2615,496;-330,345;0,000;0,000;0,000;0,000;RRR 1.5in;23,4;1014;48;'26.07.2023 10:50:44.780;;
1917;-257,958;-2615,463;-330,341;0,000;0,000;0,000;0,000;RRR 1.5in;23,4;1014;48;'26.07.2023 10:50:44.790;;
1918;-258,636;-2615,456;-330,363;0,000;0,000;0,000;0,000;RRR 1.5in;23,4;1014;48;'26.07.2023 10:50:44.800;;
1919;-259,327;-2615,423;-330,364;0,000;0,000;0,000;0,000;RRR 1.5in;23,4;1014;48;'26.07.2023 10:50:44.810;;
1920;-260,015;-2615,364;-330,351;0,000;0,000;0,000;0,000;RRR 1.5in;23,4;1014;48;'26.07.2023 10:50:44.820;;
1921;-260,710;-2615,322;-330,355;0,000;0,000;0,000;0,000;RRR 1.5in;23,4;1014;48;'26.07.2023 10:50:44.830;;
1922;-261,394;-2615,291;-330,368;0,000;0,000;0,000;0,000;RRR 1.5in;23,4;1014;48;'26.07.2023 10:50:44.840;;
1923;-262,077;-2615,245;-330,370;0,000;0,000;0,000;0,000;RRR 1.5in;23,4;1014;48;'26.07.2023 10:50:44.850;;
1924;-262,767;-2615,188;-330,363;0,000;0,000;0,000;0,000;RRR 1.5in;23,4;1014;48;'26.07.2023 10:50:44.860;;
1925;-263,452;-2615,136;-330,363;0,000;0,000;0,000;0,000;RRR 1.5in;23,4;1014;48;'26.07.2023 10:50:44.870;;
1926;-264,137;-2615,100;-330,371;0,000;0,000;0,000;0,000;RRR 1.5in;23,4;1014;48;'26.07.2023 10:50:44.880;;
1927;-264,830;-2615,064;-330,369;0,000;0,000;0,000;0,000;RRR 1.5in;23,4;1014;48;'26.07.2023 10:50:44.890;;
1928;-265,514;-2615,023;-330,366;0,000;0,000;0,000;0,000;RRR 1.5in;23,4;1014;48;'26.07.2023 10:50:44.900;;
1929;-266,206;-2614,985;-330,376;0,000;0,000;0,000;0,000;RRR 1.5in;23,4;1014;48;'26.07.2023 10:50:44.910;;
1930;-266,902;-2614,939;-330,384;0,000;0,000;0,000;0,000;RRR 1.5in;23,4;1014;48;'26.07.2023 10:50:44.920;;
1931;-267,587;-2614,870;-330,370;0,000;0,000;0,000;0,000;RRR 1.5in;23,4;1014;48;'26.07.2023 10:50:44.930;;
1932;-268,272;-2614,820;-330,363;0,000;0,000;0,000;0,000;RRR 1.5in;23,4;1014;48;'26.07.2023 10:50:44.940;;
1933;-268,953;-2614,812;-330,379;0,000;0,000;0,000;0,000;RRR 1.5in;23,4;1014;48;'26.07.2023 10:50:44.950;;
1934;-269,626;-2614,794;-330,379;0,000;0,000;0,000;0,000;RRR 1.5in;23,4;1014;48;'26.07.2023 10:50:44.960;;
1935;-270,306;-2614,758;-330,372;0,000;0,000;0,000;0,000;RRR 1.5in;23,4;1014;48;'26.07.2023 10:50:44.970;;
1936;-270,992;-2614,714;-330,368;0,000;0,000;0,000;0,000;RRR 1.5in;23,4;1014;48;'26.07.2023 10:50:44.980;;
1937;-271,674;-2614,680;-330,379;0,000;0,000;0,000;0,000;RRR 1.5in;23,4;1014;48;'26.07.2023 10:50:44.990;;
1938;-272,366;-2614,645;-330,385;0,000;0,000;0,000;0,000;RRR 1.5in;23,4;1014;48;'26.07.2023 10:50:45.000;;
1939;-273,042;-2614,601;-330,381;0,000;0,000;0,000;0,000;RRR 1.5in;23,4;1014;48;'26.07.2023 10:50:45.010;;
1940;-273,735;-2614,559;-330,386;0,000;0,000;0,000;0,000;RRR 1.5in;23,4;1014;48;'26.07.2023 10:50:45.020;;
1941;-274,432;-2614,522;-330,393;0,000;0,000;0,000;0,000;RRR 1.5in;23,4;1014;48;'26.07.2023 10:50:45.030;;
1942;-275,111;-2614,484;-330,384;0,000;0,000;0,000;0,000;RRR 1.5in;23,4;1014;48;'26.07.2023 10:50:45.040;;
1943;-275,790;-2614,445;-330,375;0,000;0,000;0,000;0,000;RRR 1.5in;23,4;1014;48;'26.07.2023 10:50:45.050;;
1944;-276,483;-2614,420;-330,385;0,000;0,000;0,000;0,000;RRR 1.5in;23,4;1014;48;'26.07.2023 10:50:45.060;;
1945;-277,175;-2614,375;-330,387;0,000;0,000;0,000;0,000;RRR 1.5in;23,4;1014;48;'26.07.2023 10:50:45.070;;
1946;-277,870;-2614,306;-330,366;0,000;0,000;0,000;0,000;RRR 1.5in;23,4;1014;48;'26.07.2023 10:50:45.080;;
1947;-278,550;-2614,256;-330,352;0,000;0,000;0,000;0,000;RRR 1.5in;23,4;1014;48;'26.07.2023 10:50:45.090;;
1948;-279,235;-2614,241;-330,362;0,000;0,000;0,000;0,000;RRR 1.5in;23,4;1014;48;'26.07.2023 10:50:45.100;;
1949;-279,920;-2614,227;-330,377;0,000;0,000;0,000;0,000;RRR 1.5in;23,4;1014;48;'26.07.2023 10:50:45.110;;
1950;-280,598;-2614,172;-330,365;0,000;0,000;0,000;0,000;RRR 1.5in;23,4;1014;48;'26.07.2023 10:50:45.120;;
1951;-281,275;-2614,110;-330,357;0,000;0,000;0,000;0,000;RRR 1.5in;23,4;1014;48;'26.07.2023 10:50:45.130;;
1952;-281,965;-2614,075;-330,372;0,000;0,000;0,000;0,000;RRR 1.5in;23,4;1014;48;'26.07.2023 10:50:45.140;;
1953;-282,651;-2614,044;-330,386;0,000;0,000;0,000;0,000;RRR 1.5in;23,4;1014;48;'26.07.2023 10:50:45.150;;
1954;-283,334;-2613,992;-330,376;0,000;0,000;0,000;0,000;RRR 1.5in;23,4;1014;48;'26.07.2023 10:50:45.160;;
1955;-284,019;-2613,955;-330,374;0,000;0,000;0,000;0,000;RRR 1.5in;23,4;1014;48;'26.07.2023 10:50:45.170;;
1956;-284,695;-2613,937;-330,385;0,000;0,000;0,000;0,000;RRR 1.5in;23,4;1014;48;'26.07.2023 10:50:45.180;;
1957;-285,364;-2613,907;-330,383;0,000;0,000;0,000;0,000;RRR 1.5in;23,4;1014;48;'26.07.2023 10:50:45.190;;
1958;-286,048;-2613,864;-330,369;0,000;0,000;0,000;0,000;RRR 1.5in;23,4;1014;48;'26.07.2023 10:50:45.200;;
1959;-286,726;-2613,829;-330,363;0,000;0,000;0,000;0,000;RRR 1.5in;23,4;1014;48;'26.07.2023 10:50:45.210;;
1960;-287,420;-2613,806;-330,376;0,000;0,000;0,000;0,000;RRR 1.5in;23,4;1014;48;'26.07.2023 10:50:45.220;;
1961;-288,113;-2613,765;-330,381;0,000;0,000;0,000;0,000;RRR 1.5in;23,4;1014;48;'26.07.2023 10:50:45.230;;
1962;-288,800;-2613,694;-330,361;0,000;0,000;0,000;0,000;RRR 1.5in;23,4;1014;48;'26.07.2023 10:50:45.240;;
1963;-289,487;-2613,644;-330,355;0,000;0,000;0,000;0,000;RRR 1.5in;23,4;1014;48;'26.07.2023 10:50:45.250;;
1964;-290,182;-2613,631;-330,376;0,000;0,000;0,000;0,000;RRR 1.5in;23,4;1014;48;'26.07.2023 10:50:45.260;;
1965;-290,862;-2613,603;-330,383;0,000;0,000;0,000;0,000;RRR 1.5in;23,4;1014;48;'26.07.2023 10:50:45.270;;
1966;-291,537;-2613,533;-330,368;0,000;0,000;0,000;0,000;RRR 1.5in;23,4;1014;48;'26.07.2023 10:50:45.280;;
1967;-292,223;-2613,470;-330,362;0,000;0,000;0,000;0,000;RRR 1.5in;23,4;1014;48;'26.07.2023 10:50:45.290;;
1968;-292,910;-2613,427;-330,368;0,000;0,000;0,000;0,000;RRR 1.5in;23,4;1014;48;'26.07.2023 10:50:45.300;;
1969;-293,607;-2613,383;-330,370;0,000;0,000;0,000;0,000;RRR 1.5in;23,4;1014;48;'26.07.2023 10:50:45.310;;
1970;-294,294;-2613,331;-330,357;0,000;0,000;0,000;0,000;RRR 1.5in;23,4;1014;48;'26.07.2023 10:50:45.320;;
1971;-294,975;-2613,297;-330,356;0,000;0,000;0,000;0,000;RRR 1.5in;23,4;1014;48;'26.07.2023 10:50:45.330;;
1972;-295,662;-2613,278;-330,369;0,000;0,000;0,000;0,000;RRR 1.5in;23,4;1014;48;'26.07.2023 10:50:45.340;;
1973;-296,353;-2613,253;-330,372;0,000;0,000;0,000;0,000;RRR 1.5in;23,4;1014;48;'26.07.2023 10:50:45.350;;
1974;-297,033;-2613,212;-330,363;0,000;0,000;0,000;0,000;RRR 1.5in;23,4;1014;48;'26.07.2023 10:50:45.360;;
1975;-297,720;-2613,188;-330,374;0,000;0,000;0,000;0,000;RRR 1.5in;23,4;1014;48;'26.07.2023 10:50:45.370;;
1976;-298,399;-2613,167;-330,392;0,000;0,000;0,000;0,000;RRR 1.5in;23,4;1014;48;'26.07.2023 10:50:45.380;;
1977;-299,078;-2613,106;-330,386;0,000;0,000;0,000;0,000;RRR 1.5in;23,4;1014;48;'26.07.2023 10:50:45.390;;
1978;-299,761;-2613,033;-330,364;0,000;0,000;0,000;0,000;RRR 1.5in;23,4;1014;48;'26.07.2023 10:50:45.400;;
1979;-300,446;-2613,002;-330,365;0,000;0,000;0,000;0,000;RRR 1.5in;23,4;1014;48;'26.07.2023 10:50:45.410;;
1980;-301,135;-2613,007;-330,383;0,000;0,000;0,000;0,000;RRR 1.5in;23,4;1014;48;'26.07.2023 10:50:45.420;;
1981;-301,822;-2612,990;-330,388;0,000;0,000;0,000;0,000;RRR 1.5in;23,4;1014;48;'26.07.2023 10:50:45.430;;
1982;-302,498;-2612,930;-330,370;0,000;0,000;0,000;0,000;RRR 1.5in;23,4;1014;48;'26.07.2023 10:50:45.440;;
1983;-303,189;-2612,867;-330,362;0,000;0,000;0,000;0,000;RRR 1.5in;23,4;1014;48;'26.07.2023 10:50:45.450;;
1984;-303,893;-2612,837;-330,376;0,000;0,000;0,000;0,000;RRR 1.5in;23,4;1014;48;'26.07.2023 10:50:45.460;;
1985;-304,575;-2612,797;-330,379;0,000;0,000;0,000;0,000;RRR 1.5in;23,4;1014;48;'26.07.2023 10:50:45.470;;
1986;-305,250;-2612,736;-330,365;0,000;0,000;0,000;0,000;RRR 1.5in;23,4;1014;48;'26.07.2023 10:50:45.480;;
1987;-305,937;-2612,692;-330,368;0,000;0,000;0,000;0,000;RRR 1.5in;23,4;1014;48;'26.07.2023 10:50:45.490;;
1988;-306,631;-2612,661;-330,382;0,000;0,000;0,000;0,000;RRR 1.5in;23,4;1014;48;'26.07.2023 10:50:45.500;;
1989;-307,317;-2612,605;-330,379;0,000;0,000;0,000;0,000;RRR 1.5in;23,4;1014;48;'26.07.2023 10:50:45.510;;
1990;-308,006;-2612,550;-330,368;0,000;0,000;0,000;0,000;RRR 1.5in;23,4;1014;48;'26.07.2023 10:50:45.520;;
1991;-308,680;-2612,518;-330,371;0,000;0,000;0,000;0,000;RRR 1.5in;23,4;1014;48;'26.07.2023 10:50:45.530;;
1992;-309,370;-2612,499;-330,386;0,000;0,000;0,000;0,000;RRR 1.5in;23,4;1014;48;'26.07.2023 10:50:45.540;;
1993;-310,066;-2612,464;-330,391;0,000;0,000;0,000;0,000;RRR 1.5in;23,4;1014;48;'26.07.2023 10:50:45.550;;
1994;-310,755;-2612,400;-330,373;0,000;0,000;0,000;0,000;RRR 1.5in;23,4;1014;48;'26.07.2023 10:50:45.560;;
1995;-311,440;-2612,359;-330,366;0,000;0,000;0,000;0,000;RRR 1.5in;23,4;1014;48;'26.07.2023 10:50:45.570;;
1996;-312,126;-2612,362;-330,383;0,000;0,000;0,000;0,000;RRR 1.5in;23,4;1014;48;'26.07.2023 10:50:45.580;;
1997;-312,796;-2612,352;-330,389;0,000;0,000;0,000;0,000;RRR 1.5in;23,4;1014;48;'26.07.2023 10:50:45.590;;
1998;-313,477;-2612,305;-330,377;0,000;0,000;0,000;0,000;RRR 1.5in;23,4;1014;48;'26.07.2023 10:50:45.600;;
1999;-314,160;-2612,260;-330,374;0,000;0,000;0,000;0,000;RRR 1.5in;23,4;1014;48;'26.07.2023 10:50:45.610;;
2000;-314,848;-2612,222;-330,380;0,000;0,000;0,000;0,000;RRR 1.5in;23,4;1014;48;'26.07.2023 10:50:45.620;;
2001;-315,542;-2612,182;-330,384;0,000;0,000;0,000;0,000;RRR 1.5in;23,4;1014;48;'26.07.2023 10:50:45.630;;
2002;-316,235;-2612,133;-330,374;0,000;0,000;0,000;0,000;RRR 1.5in;23,4;1014;48;'26.07.2023 10:50:45.640;;
2003;-316,912;-2612,096;-330,371;0,000;0,000;0,000;0,000;RRR 1.5in;23,4;1014;48;'26.07.2023 10:50:45.650;;
2004;-317,603;-2612,073;-330,384;0,000;0,000;0,000;0,000;RRR 1.5in;23,4;1014;48;'26.07.2023 10:50:45.660;;
2005;-318,294;-2612,033;-330,388;0,000;0,000;0,000;0,000;RRR 1.5in;23,4;1014;48;'26.07.2023 10:50:45.670;;
2006;-318,982;-2611,956;-330,367;0,000;0,000;0,000;0,000;RRR 1.5in;23,4;1014;48;'26.07.2023 10:50:45.680;;
2007;-319,660;-2611,906;-330,363;0,000;0,000;0,000;0,000;RRR 1.5in;23,4;1014;48;'26.07.2023 10:50:45.690;;
2008;-320,348;-2611,890;-330,384;0,000;0,000;0,000;0,000;RRR 1.5in;23,4;1014;48;'26.07.2023 10:50:45.700;;
2009;-321,041;-2611,845;-330,388;0,000;0,000;0,000;0,000;RRR 1.5in;23,4;1014;48;'26.07.2023 10:50:45.710;;
2010;-321,741;-2611,767;-330,366;0,000;0,000;0,000;0,000;RRR 1.5in;23,4;1014;48;'26.07.2023 10:50:45.720;;
2011;-322,432;-2611,721;-330,358;0,000;0,000;0,000;0,000;RRR 1.5in;23,4;1014;48;'26.07.2023 10:50:45.730;;
2012;-323,120;-2611,713;-330,373;0,000;0,000;0,000;0,000;RRR 1.5in;23,4;1014;48;'26.07.2023 10:50:45.740;;
2013;-323,807;-2611,699;-330,384;0,000;0,000;0,000;0,000;RRR 1.5in;23,4;1014;48;'26.07.2023 10:50:45.750;;
2014;-324,499;-2611,644;-330,373;0,000;0,000;0,000;0,000;RRR 1.5in;23,4;1014;48;'26.07.2023 10:50:45.760;;
2015;-325,174;-2611,579;-330,362;0,000;0,000;0,000;0,000;RRR 1.5in;23,4;1014;48;'26.07.2023 10:50:45.770;;
2016;-325,854;-2611,551;-330,378;0,000;0,000;0,000;0,000;RRR 1.5in;23,4;1014;48;'26.07.2023 10:50:45.780;;
2017;-326,543;-2611,529;-330,396;0,000;0,000;0,000;0,000;RRR 1.5in;23,4;1014;48;'26.07.2023 10:50:45.790;;
2018;-327,225;-2611,466;-330,383;0,000;0,000;0,000;0,000;RRR 1.5in;23,4;1014;48;'26.07.2023 10:50:45.800;;
2019;-327,912;-2611,414;-330,370;0,000;0,000;0,000;0,000;RRR 1.5in;23,4;1014;48;'26.07.2023 10:50:45.810;;
2020;-328,601;-2611,407;-330,384;0,000;0,000;0,000;0,000;RRR 1.5in;23,4;1014;48;'26.07.2023 10:50:45.820;;
2021;-329,286;-2611,394;-330,394;0,000;0,000;0,000;0,000;RRR 1.5in;23,4;1014;48;'26.07.2023 10:50:45.830;;
2022;-329,972;-2611,341;-330,378;0,000;0,000;0,000;0,000;RRR 1.5in;23,4;1014;48;'26.07.2023 10:50:45.840;;
2023;-330,657;-2611,284;-330,361;0,000;0,000;0,000;0,000;RRR 1.5in;23,4;1014;48;'26.07.2023 10:50:45.850;;
2024;-331,333;-2611,256;-330,368;0,000;0,000;0,000;0,000;RRR 1.5in;23,4;1014;48;'26.07.2023 10:50:45.860;;
2025;-332,023;-2611,241;-330,391;0,000;0,000;0,000;0,000;RRR 1.5in;23,4;1014;48;'26.07.2023 10:50:45.870;;
2026;-332,726;-2611,183;-330,397;0,000;0,000;0,000;0,000;RRR 1.5in;23,4;1014;48;'26.07.2023 10:50:45.880;;
2027;-333,417;-2611,086;-330,376;0,000;0,000;0,000;0,000;RRR 1.5in;23,4;1014;48;'26.07.2023 10:50:45.890;;
2028;-334,108;-2611,030;-330,373;0,000;0,000;0,000;0,000;RRR 1.5in;23,4;1014;48;'26.07.2023 10:50:45.900;;
2029;-334,800;-2611,026;-330,393;0,000;0,000;0,000;0,000;RRR 1.5in;23,4;1014;48;'26.07.2023 10:50:45.910;;
2030;-335,480;-2611,004;-330,395;0,000;0,000;0,000;0,000;RRR 1.5in;23,4;1014;48;'26.07.2023 10:50:45.920;;
2031;-336,158;-2610,949;-330,377;0,000;0,000;0,000;0,000;RRR 1.5in;23,4;1014;48;'26.07.2023 10:50:45.930;;
2032;-336,841;-2610,904;-330,371;0,000;0,000;0,000;0,000;RRR 1.5in;23,4;1014;48;'26.07.2023 10:50:45.940;;
2033;-337,531;-2610,871;-330,380;0,000;0,000;0,000;0,000;RRR 1.5in;23,4;1014;48;'26.07.2023 10:50:45.950;;
2034;-338,216;-2610,829;-330,385;0,000;0,000;0,000;0,000;RRR 1.5in;23,4;1014;48;'26.07.2023 10:50:45.960;;
2035;-338,906;-2610,767;-330,377;0,000;0,000;0,000;0,000;RRR 1.5in;23,4;1014;48;'26.07.2023 10:50:45.970;;
2036;-339,582;-2610,714;-330,368;0,000;0,000;0,000;0,000;RRR 1.5in;23,4;1014;48;'26.07.2023 10:50:45.980;;
2037;-340,263;-2610,696;-330,380;0,000;0,000;0,000;0,000;RRR 1.5in;23,4;1014;48;'26.07.2023 10:50:45.990;;
2038;-340,954;-2610,685;-330,401;0,000;0,000;0,000;0,000;RRR 1.5in;23,4;1014;48;'26.07.2023 10:50:46.000;;
2039;-341,633;-2610,632;-330,393;0,000;0,000;0,000;0,000;RRR 1.5in;23,4;1014;48;'26.07.2023 10:50:46.010;;
2040;-342,301;-2610,572;-330,373;0,000;0,000;0,000;0,000;RRR 1.5in;23,4;1014;48;'26.07.2023 10:50:46.020;;
2041;-342,986;-2610,565;-330,386;0,000;0,000;0,000;0,000;RRR 1.5in;23,4;1014;48;'26.07.2023 10:50:46.030;;
2042;-343,672;-2610,557;-330,407;0,000;0,000;0,000;0,000;RRR 1.5in;23,4;1014;48;'26.07.2023 10:50:46.040;;
2043;-344,368;-2610,497;-330,404;0,000;0,000;0,000;0,000;RRR 1.5in;23,4;1014;48;'26.07.2023 10:50:46.050;;
2044;-345,060;-2610,413;-330,383;0,000;0,000;0,000;0,000;RRR 1.5in;23,4;1014;48;'26.07.2023 10:50:46.060;;
2045;-345,736;-2610,373;-330,381;0,000;0,000;0,000;0,000;RRR 1.5in;23,4;1014;48;'26.07.2023 10:50:46.070;;
2046;-346,421;-2610,375;-330,401;0,000;0,000;0,000;0,000;RRR 1.5in;23,4;1014;48;'26.07.2023 10:50:46.080;;
2047;-347,106;-2610,362;-330,414;0,000;0,000;0,000;0,000;RRR 1.5in;23,4;1014;48;'26.07.2023 10:50:46.090;;
2048;-347,794;-2610,290;-330,394;0,000;0,000;0,000;0,000;RRR 1.5in;23,4;1014;48;'26.07.2023 10:50:46.100;;
2049;-348,461;-2610,226;-330,383;0,000;0,000;0,000;0,000;RRR 1.5in;23,4;1014;48;'26.07.2023 10:50:46.110;;
2050;-349,157;-2610,199;-330,406;0,000;0,000;0,000;0,000;RRR 1.5in;23,4;1014;48;'26.07.2023 10:50:46.120;;
2051;-349,854;-2610,152;-330,412;0,000;0,000;0,000;0,000;RRR 1.5in;23,4;1014;48;'26.07.2023 10:50:46.130;;
2052;-350,556;-2610,070;-330,388;0,000;0,000;0,000;0,000;RRR 1.5in;23,4;1014;48;'26.07.2023 10:50:46.140;;
2053;-351,232;-2610,032;-330,379;0,000;0,000;0,000;0,000;RRR 1.5in;23,4;1014;48;'26.07.2023 10:50:46.150;;
2054;-351,901;-2610,035;-330,394;0,000;0,000;0,000;0,000;RRR 1.5in;23,4;1014;48;'26.07.2023 10:50:46.160;;
2055;-352,580;-2610,021;-330,410;0,000;0,000;0,000;0,000;RRR 1.5in;23,4;1014;48;'26.07.2023 10:50:46.170;;
2056;-353,281;-2609,952;-330,401;0,000;0,000;0,000;0,000;RRR 1.5in;23,4;1014;48;'26.07.2023 10:50:46.180;;
2057;-353,977;-2609,871;-330,384;0,000;0,000;0,000;0,000;RRR 1.5in;23,4;1014;48;'26.07.2023 10:50:46.190;;
2058;-354,643;-2609,842;-330,391;0,000;0,000;0,000;0,000;RRR 1.5in;23,4;1014;48;'26.07.2023 10:50:46.200;;
2059;-355,322;-2609,840;-330,415;0,000;0,000;0,000;0,000;RRR 1.5in;23,4;1014;48;'26.07.2023 10:50:46.210;;
2060;-356,016;-2609,792;-330,413;0,000;0,000;0,000;0,000;RRR 1.5in;23,4;1014;48;'26.07.2023 10:50:46.220;;
2061;-356,705;-2609,708;-330,388;0,000;0,000;0,000;0,000;RRR 1.5in;23,4;1014;48;'26.07.2023 10:50:46.230;;
2062;-357,386;-2609,682;-330,390;0,000;0,000;0,000;0,000;RRR 1.5in;23,4;1014;48;'26.07.2023 10:50:46.240;;
2063;-358,078;-2609,695;-330,415;0,000;0,000;0,000;0,000;RRR 1.5in;23,4;1014;48;'26.07.2023 10:50:46.250;;
2064;-358,763;-2609,676;-330,422;0,000;0,000;0,000;0,000;RRR 1.5in;23,4;1014;48;'26.07.2023 10:50:46.260;;
2065;-359,451;-2609,614;-330,409;0,000;0,000;0,000;0,000;RRR 1.5in;23,4;1014;48;'26.07.2023 10:50:46.270;;
2066;-360,124;-2609,567;-330,403;0,000;0,000;0,000;0,000;RRR 1.5in;23,4;1014;48;'26.07.2023 10:50:46.280;;
2067;-360,797;-2609,549;-330,418;0,000;0,000;0,000;0,000;RRR 1.5in;23,4;1014;48;'26.07.2023 10:50:46.290;;
2068;-361,494;-2609,520;-330,431;0,000;0,000;0,000;0,000;RRR 1.5in;23,4;1014;48;'26.07.2023 10:50:46.300;;
2069;-362,200;-2609,458;-330,422;0,000;0,000;0,000;0,000;RRR 1.5in;23,4;1014;48;'26.07.2023 10:50:46.310;;
2070;-362,891;-2609,394;-330,406;0,000;0,000;0,000;0,000;RRR 1.5in;23,4;1014;48;'26.07.2023 10:50:46.320;;
2071;-363,554;-2609,376;-330,410;0,000;0,000;0,000;0,000;RRR 1.5in;23,4;1014;48;'26.07.2023 10:50:46.330;;
2072;-364,235;-2609,374;-330,430;0,000;0,000;0,000;0,000;RRR 1.5in;23,4;1014;48;'26.07.2023 10:50:46.340;;
2073;-364,926;-2609,322;-330,426;0,000;0,000;0,000;0,000;RRR 1.5in;23,4;1014;48;'26.07.2023 10:50:46.350;;
2074;-365,622;-2609,237;-330,402;0,000;0,000;0,000;0,000;RRR 1.5in;23,4;1014;48;'26.07.2023 10:50:46.360;;
2075;-366,312;-2609,201;-330,401;0,000;0,000;0,000;0,000;RRR 1.5in;23,4;1014;48;'26.07.2023 10:50:46.370;;
2076;-366,991;-2609,197;-330,422;0,000;0,000;0,000;0,000;RRR 1.5in;23,4;1014;48;'26.07.2023 10:50:46.380;;
2077;-367,671;-2609,159;-330,428;0,000;0,000;0,000;0,000;RRR 1.5in;23,4;1014;48;'26.07.2023 10:50:46.390;;
2078;-368,363;-2609,080;-330,413;0,000;0,000;0,000;0,000;RRR 1.5in;23,4;1014;48;'26.07.2023 10:50:46.400;;
2079;-369,050;-2609,012;-330,402;0,000;0,000;0,000;0,000;RRR 1.5in;23,4;1014;48;'26.07.2023 10:50:46.410;;
2080;-369,723;-2608,986;-330,408;0,000;0,000;0,000;0,000;RRR 1.5in;23,4;1014;48;'26.07.2023 10:50:46.420;;
2081;-370,420;-2608,974;-330,423;0,000;0,000;0,000;0,000;RRR 1.5in;23,4;1014;48;'26.07.2023 10:50:46.430;;
2082;-371,122;-2608,943;-330,428;0,000;0,000;0,000;0,000;RRR 1.5in;23,4;1014;48;'26.07.2023 10:50:46.440;;
2083;-371,818;-2608,885;-330,418;0,000;0,000;0,000;0,000;RRR 1.5in;23,4;1014;48;'26.07.2023 10:50:46.450;;
2084;-372,492;-2608,845;-330,420;0,000;0,000;0,000;0,000;RRR 1.5in;23,4;1014;48;'26.07.2023 10:50:46.460;;
2085;-373,176;-2608,823;-330,436;0,000;0,000;0,000;0,000;RRR 1.5in;23,4;1014;48;'26.07.2023 10:50:46.470;;
2086;-373,861;-2608,780;-330,435;0,000;0,000;0,000;0,000;RRR 1.5in;23,4;1014;48;'26.07.2023 10:50:46.480;;
2087;-374,529;-2608,726;-330,424;0,000;0,000;0,000;0,000;RRR 1.5in;23,4;1014;48;'26.07.2023 10:50:46.490;;
2088;-375,213;-2608,699;-330,420;0,000;0,000;0,000;0,000;RRR 1.5in;23,4;1014;48;'26.07.2023 10:50:46.500;;
2089;-375,895;-2608,696;-330,431;0,000;0,000;0,000;0,000;RRR 1.5in;23,4;1014;48;'26.07.2023 10:50:46.510;;
2090;-376,597;-2608,677;-330,440;0,000;0,000;0,000;0,000;RRR 1.5in;23,4;1014;48;'26.07.2023 10:50:46.520;;
2091;-377,293;-2608,629;-330,441;0,000;0,000;0,000;0,000;RRR 1.5in;23,4;1014;48;'26.07.2023 10:50:46.530;;
2092;-377,983;-2608,558;-330,426;0,000;0,000;0,000;0,000;RRR 1.5in;23,4;1014;48;'26.07.2023 10:50:46.540;;
2093;-378,660;-2608,512;-330,420;0,000;0,000;0,000;0,000;RRR 1.5in;23,4;1014;48;'26.07.2023 10:50:46.550;;
2094;-379,360;-2608,499;-330,437;0,000;0,000;0,000;0,000;RRR 1.5in;23,4;1014;48;'26.07.2023 10:50:46.560;;
2095;-380,051;-2608,469;-330,449;0,000;0,000;0,000;0,000;RRR 1.5in;23,4;1014;48;'26.07.2023 10:50:46.570;;
2096;-380,721;-2608,396;-330,440;0,000;0,000;0,000;0,000;RRR 1.5in;23,4;1014;48;'26.07.2023 10:50:46.580;;
2097;-381,396;-2608,320;-330,427;0,000;0,000;0,000;0,000;RRR 1.5in;23,4;1014;48;'26.07.2023 10:50:46.590;;
2098;-382,074;-2608,279;-330,433;0,000;0,000;0,000;0,000;RRR 1.5in;23,4;1014;48;'26.07.2023 10:50:46.600;;
2099;-382,771;-2608,249;-330,441;0,000;0,000;0,000;0,000;RRR 1.5in;23,4;1014;48;'26.07.2023 10:50:46.610;;
2100;-383,461;-2608,221;-330,441;0,000;0,000;0,000;0,000;RRR 1.5in;23,4;1014;48;'26.07.2023 10:50:46.620;;
2101;-384,155;-2608,181;-330,434;0,000;0,000;0,000;0,000;RRR 1.5in;23,4;1014;48;'26.07.2023 10:50:46.630;;
2102;-384,841;-2608,140;-330,430;0,000;0,000;0,000;0,000;RRR 1.5in;23,4;1014;48;'26.07.2023 10:50:46.640;;
2103;-385,538;-2608,105;-330,439;0,000;0,000;0,000;0,000;RRR 1.5in;23,4;1014;48;'26.07.2023 10:50:46.650;;
2104;-386,242;-2608,065;-330,447;0,000;0,000;0,000;0,000;RRR 1.5in;23,4;1014;48;'26.07.2023 10:50:46.660;;
2105;-386,917;-2608,003;-330,437;0,000;0,000;0,000;0,000;RRR 1.5in;23,4;1014;48;'26.07.2023 10:50:46.670;;
2106;-387,580;-2607,944;-330,426;0,000;0,000;0,000;0,000;RRR 1.5in;23,4;1014;48;'26.07.2023 10:50:46.680;;
2107;-388,256;-2607,920;-330,429;0,000;0,000;0,000;0,000;RRR 1.5in;23,4;1014;48;'26.07.2023 10:50:46.690;;
2108;-388,957;-2607,911;-330,445;0,000;0,000;0,000;0,000;RRR 1.5in;23,4;1014;48;'26.07.2023 10:50:46.700;;
2109;-389,651;-2607,873;-330,449;0,000;0,000;0,000;0,000;RRR 1.5in;23,4;1014;48;'26.07.2023 10:50:46.710;;
2110;-390,331;-2607,811;-330,441;0,000;0,000;0,000;0,000;RRR 1.5in;23,4;1014;48;'26.07.2023 10:50:46.720;;
2111;-391,008;-2607,767;-330,436;0,000;0,000;0,000;0,000;RRR 1.5in;23,4;1014;48;'26.07.2023 10:50:46.730;;
2112;-391,702;-2607,754;-330,442;0,000;0,000;0,000;0,000;RRR 1.5in;23,4;1014;48;'26.07.2023 10:50:46.740;;
2113;-392,396;-2607,752;-330,456;0,000;0,000;0,000;0,000;RRR 1.5in;23,4;1014;48;'26.07.2023 10:50:46.750;;
2114;-393,079;-2607,721;-330,457;0,000;0,000;0,000;0,000;RRR 1.5in;23,4;1014;48;'26.07.2023 10:50:46.760;;
2115;-393,761;-2607,655;-330,444;0,000;0,000;0,000;0,000;RRR 1.5in;23,4;1014;48;'26.07.2023 10:50:46.770;;
2116;-394,436;-2607,596;-330,431;0,000;0,000;0,000;0,000;RRR 1.5in;23,4;1014;48;'26.07.2023 10:50:46.780;;
2117;-395,124;-2607,571;-330,440;0,000;0,000;0,000;0,000;RRR 1.5in;23,4;1014;48;'26.07.2023 10:50:46.790;;
2118;-395,807;-2607,549;-330,451;0,000;0,000;0,000;0,000;RRR 1.5in;23,4;1014;48;'26.07.2023 10:50:46.800;;
2119;-396,481;-2607,497;-330,441;0,000;0,000;0,000;0,000;RRR 1.5in;23,4;1014;48;'26.07.2023 10:50:46.810;;
2120;-397,173;-2607,436;-330,431;0,000;0,000;0,000;0,000;RRR 1.5in;23,4;1014;48;'26.07.2023 10:50:46.820;;
2121;-397,877;-2607,406;-330,442;0,000;0,000;0,000;0,000;RRR 1.5in;23,4;1014;48;'26.07.2023 10:50:46.830;;
2122;-398,583;-2607,383;-330,459;0,000;0,000;0,000;0,000;RRR 1.5in;23,4;1014;48;'26.07.2023 10:50:46.840;;
2123;-399,273;-2607,336;-330,456;0,000;0,000;0,000;0,000;RRR 1.5in;23,4;1014;48;'26.07.2023 10:50:46.850;;
2124;-399,955;-2607,277;-330,447;0,000;0,000;0,000;0,000;RRR 1.5in;23,4;1014;48;'26.07.2023 10:50:46.860;;
2125;-400,639;-2607,231;-330,439;0,000;0,000;0,000;0,000;RRR 1.5in;23,4;1014;48;'26.07.2023 10:50:46.870;;
2126;-401,315;-2607,208;-330,442;0,000;0,000;0,000;0,000;RRR 1.5in;23,4;1014;48;'26.07.2023 10:50:46.880;;
2127;-402,002;-2607,187;-330,451;0,000;0,000;0,000;0,000;RRR 1.5in;23,4;1014;48;'26.07.2023 10:50:46.890;;
2128;-402,678;-2607,134;-330,448;0,000;0,000;0,000;0,000;RRR 1.5in;23,4;1014;48;'26.07.2023 10:50:46.900;;
2129;-403,372;-2607,057;-330,436;0,000;0,000;0,000;0,000;RRR 1.5in;23,4;1014;48;'26.07.2023 10:50:46.910;;
2130;-404,063;-2607,013;-330,435;0,000;0,000;0,000;0,000;RRR 1.5in;23,4;1014;48;'26.07.2023 10:50:46.920;;
2131;-404,760;-2607,006;-330,448;0,000;0,000;0,000;0,000;RRR 1.5in;23,4;1014;48;'26.07.2023 10:50:46.930;;
2132;-405,447;-2606,991;-330,455;0,000;0,000;0,000;0,000;RRR 1.5in;23,4;1014;48;'26.07.2023 10:50:46.940;;
2133;-406,127;-2606,946;-330,446;0,000;0,000;0,000;0,000;RRR 1.5in;23,4;1014;48;'26.07.2023 10:50:46.950;;
2134;-406,825;-2606,891;-330,443;0,000;0,000;0,000;0,000;RRR 1.5in;23,4;1014;48;'26.07.2023 10:50:46.960;;
2135;-407,509;-2606,851;-330,444;0,000;0,000;0,000;0,000;RRR 1.5in;23,4;1014;48;'26.07.2023 10:50:46.970;;
2136;-408,195;-2606,821;-330,443;0,000;0,000;0,000;0,000;RRR 1.5in;23,4;1014;48;'26.07.2023 10:50:46.980;;
2137;-408,872;-2606,806;-330,448;0,000;0,000;0,000;0,000;RRR 1.5in;23,4;1014;48;'26.07.2023 10:50:46.990;;
2138;-409,553;-2606,786;-330,452;0,000;0,000;0,000;0,000;RRR 1.5in;23,4;1014;48;'26.07.2023 10:50:47.000;;
2139;-410,235;-2606,750;-330,445;0,000;0,000;0,000;0,000;RRR 1.5in;23,4;1014;48;'26.07.2023 10:50:47.010;;
2140;-410,918;-2606,717;-330,444;0,000;0,000;0,000;0,000;RRR 1.5in;23,4;1014;48;'26.07.2023 10:50:47.020;;
2141;-411,621;-2606,691;-330,459;0,000;0,000;0,000;0,000;RRR 1.5in;23,4;1014;48;'26.07.2023 10:50:47.030;;
2142;-412,313;-2606,647;-330,466;0,000;0,000;0,000;0,000;RRR 1.5in;23,4;1014;48;'26.07.2023 10:50:47.040;;
2143;-412,998;-2606,575;-330,455;0,000;0,000;0,000;0,000;RRR 1.5in;23,4;1014;48;'26.07.2023 10:50:47.050;;
2144;-413,685;-2606,523;-330,448;0,000;0,000;0,000;0,000;RRR 1.5in;23,4;1014;48;'26.07.2023 10:50:47.060;;
2145;-414,373;-2606,505;-330,453;0,000;0,000;0,000;0,000;RRR 1.5in;23,4;1014;48;'26.07.2023 10:50:47.070;;
2146;-415,068;-2606,491;-330,457;0,000;0,000;0,000;0,000;RRR 1.5in;23,4;1014;48;'26.07.2023 10:50:47.080;;
2147;-415,749;-2606,452;-330,455;0,000;0,000;0,000;0,000;RRR 1.5in;23,4;1014;48;'26.07.2023 10:50:47.090;;
2148;-416,431;-2606,388;-330,450;0,000;0,000;0,000;0,000;RRR 1.5in;23,4;1014;48;'26.07.2023 10:50:47.100;;
2149;-417,117;-2606,319;-330,442;0,000;0,000;0,000;0,000;RRR 1.5in;23,4;1014;48;'26.07.2023 10:50:47.110;;
2150;-417,795;-2606,279;-330,443;0,000;0,000;0,000;0,000;RRR 1.5in;23,4;1014;48;'26.07.2023 10:50:47.120;;
2151;-418,492;-2606,266;-330,458;0,000;0,000;0,000;0,000;RRR 1.5in;23,4;1014;48;'26.07.2023 10:50:47.130;;
2152;-419,186;-2606,234;-330,466;0,000;0,000;0,000;0,000;RRR 1.5in;23,4;1014;48;'26.07.2023 10:50:47.140;;
2153;-419,881;-2606,167;-330,453;0,000;0,000;0,000;0,000;RRR 1.5in;23,4;1014;48;'26.07.2023 10:50:47.150;;
2154;-420,574;-2606,107;-330,445;0,000;0,000;0,000;0,000;RRR 1.5in;23,4;1014;48;'26.07.2023 10:50:47.160;;
2155;-421,267;-2606,081;-330,449;0,000;0,000;0,000;0,000;RRR 1.5in;23,4;1014;48;'26.07.2023 10:50:47.170;;
2156;-421,957;-2606,065;-330,452;0,000;0,000;0,000;0,000;RRR 1.5in;23,4;1014;48;'26.07.2023 10:50:47.180;;
2157;-422,623;-2606,038;-330,446;0,000;0,000;0,000;0,000;RRR 1.5in;23,4;1014;48;'26.07.2023 10:50:47.190;;
2158;-423,296;-2605,994;-330,439;0,000;0,000;0,000;0,000;RRR 1.5in;23,4;1014;48;'26.07.2023 10:50:47.200;;
2159;-423,984;-2605,948;-330,434;0,000;0,000;0,000;0,000;RRR 1.5in;23,4;1014;48;'26.07.2023 10:50:47.210;;
2160;-424,670;-2605,910;-330,435;0,000;0,000;0,000;0,000;RRR 1.5in;23,4;1014;48;'26.07.2023 10:50:47.220;;
2161;-425,362;-2605,879;-330,449;0,000;0,000;0,000;0,000;RRR 1.5in;23,4;1014;48;'26.07.2023 10:50:47.230;;
2162;-426,040;-2605,833;-330,456;0,000;0,000;0,000;0,000;RRR 1.5in;23,4;1014;48;'26.07.2023 10:50:47.240;;
2163;-426,725;-2605,767;-330,449;0,000;0,000;0,000;0,000;RRR 1.5in;23,4;1014;48;'26.07.2023 10:50:47.250;;
2164;-427,411;-2605,725;-330,442;0,000;0,000;0,000;0,000;RRR 1.5in;23,4;1014;48;'26.07.2023 10:50:47.260;;
2165;-428,090;-2605,731;-330,454;0,000;0,000;0,000;0,000;RRR 1.5in;23,4;1014;48;'26.07.2023 10:50:47.270;;
2166;-428,781;-2605,738;-330,469;0,000;0,000;0,000;0,000;RRR 1.5in;23,4;1014;48;'26.07.2023 10:50:47.280;;
2167;-429,461;-2605,689;-330,460;0,000;0,000;0,000;0,000;RRR 1.5in;23,4;1014;48;'26.07.2023 10:50:47.290;;
2168;-430,149;-2605,601;-330,440;0,000;0,000;0,000;0,000;RRR 1.5in;23,4;1014;48;'26.07.2023 10:50:47.300;;
2169;-430,838;-2605,545;-330,439;0,000;0,000;0,000;0,000;RRR 1.5in;23,4;1014;48;'26.07.2023 10:50:47.310;;
2170;-431,516;-2605,526;-330,450;0,000;0,000;0,000;0,000;RRR 1.5in;23,4;1014;48;'26.07.2023 10:50:47.320;;
2171;-432,199;-2605,507;-330,457;0,000;0,000;0,000;0,000;RRR 1.5in;23,4;1014;48;'26.07.2023 10:50:47.330;;
2172;-432,890;-2605,469;-330,454;0,000;0,000;0,000;0,000;RRR 1.5in;23,4;1014;48;'26.07.2023 10:50:47.340;;
2173;-433,581;-2605,425;-330,455;0,000;0,000;0,000;0,000;RRR 1.5in;23,4;1014;48;'26.07.2023 10:50:47.350;;
2174;-434,269;-2605,379;-330,454;0,000;0,000;0,000;0,000;RRR 1.5in;23,4;1014;48;'26.07.2023 10:50:47.360;;
2175;-434,944;-2605,342;-330,448;0,000;0,000;0,000;0,000;RRR 1.5in;23,4;1014;48;'26.07.2023 10:50:47.370;;
2176;-435,635;-2605,310;-330,447;0,000;0,000;0,000;0,000;RRR 1.5in;23,4;1014;48;'26.07.2023 10:50:47.380;;
2177;-436,321;-2605,272;-330,446;0,000;0,000;0,000;0,000;RRR 1.5in;23,4;1014;48;'26.07.2023 10:50:47.390;;
2178;-436,997;-2605,224;-330,436;0,000;0,000;0,000;0,000;RRR 1.5in;23,4;1014;48;'26.07.2023 10:50:47.400;;
2179;-437,673;-2605,184;-330,429;0,000;0,000;0,000;0,000;RRR 1.5in;23,4;1014;48;'26.07.2023 10:50:47.410;;
2180;-438,361;-2605,158;-330,437;0,000;0,000;0,000;0,000;RRR 1.5in;23,4;1014;48;'26.07.2023 10:50:47.420;;
2181;-439,057;-2605,121;-330,453;0,000;0,000;0,000;0,000;RRR 1.5in;23,4;1014;48;'26.07.2023 10:50:47.430;;
2182;-439,746;-2605,055;-330,454;0,000;0,000;0,000;0,000;RRR 1.5in;23,4;1014;48;'26.07.2023 10:50:47.440;;
2183;-440,432;-2604,986;-330,450;0,000;0,000;0,000;0,000;RRR 1.5in;23,4;1014;48;'26.07.2023 10:50:47.450;;
2184;-441,120;-2604,940;-330,454;0,000;0,000;0,000;0,000;RRR 1.5in;23,4;1014;48;'26.07.2023 10:50:47.460;;
2185;-441,808;-2604,915;-330,455;0,000;0,000;0,000;0,000;RRR 1.5in;23,4;1014;48;'26.07.2023 10:50:47.470;;
2186;-442,504;-2604,904;-330,458;0,000;0,000;0,000;0,000;RRR 1.5in;23,4;1014;48;'26.07.2023 10:50:47.480;;
2187;-443,187;-2604,881;-330,457;0,000;0,000;0,000;0,000;RRR 1.5in;23,4;1014;48;'26.07.2023 10:50:47.490;;
2188;-443,855;-2604,827;-330,446;0,000;0,000;0,000;0,000;RRR 1.5in;23,4;1014;48;'26.07.2023 10:50:47.500;;
2189;-444,526;-2604,763;-330,430;0,000;0,000;0,000;0,000;RRR 1.5in;23,4;1014;48;'26.07.2023 10:50:47.510;;
2190;-445,208;-2604,731;-330,427;0,000;0,000;0,000;0,000;RRR 1.5in;23,4;1014;48;'26.07.2023 10:50:47.520;;
2191;-445,893;-2604,732;-330,447;0,000;0,000;0,000;0,000;RRR 1.5in;23,4;1014;48;'26.07.2023 10:50:47.530;;
2192;-446,569;-2604,712;-330,456;0,000;0,000;0,000;0,000;RRR 1.5in;23,4;1014;48;'26.07.2023 10:50:47.540;;
2193;-447,246;-2604,655;-330,451;0,000;0,000;0,000;0,000;RRR 1.5in;23,4;1014;48;'26.07.2023 10:50:47.550;;
2194;-447,944;-2604,596;-330,449;0,000;0,000;0,000;0,000;RRR 1.5in;23,4;1014;48;'26.07.2023 10:50:47.560;;
2195;-448,640;-2604,561;-330,453;0,000;0,000;0,000;0,000;RRR 1.5in;23,4;1014;48;'26.07.2023 10:50:47.570;;
2196;-449,318;-2604,540;-330,453;0,000;0,000;0,000;0,000;RRR 1.5in;23,4;1014;48;'26.07.2023 10:50:47.580;;
2197;-449,988;-2604,514;-330,444;0,000;0,000;0,000;0,000;RRR 1.5in;23,4;1014;48;'26.07.2023 10:50:47.590;;
2198;-450,673;-2604,481;-330,438;0,000;0,000;0,000;0,000;RRR 1.5in;23,4;1014;48;'26.07.2023 10:50:47.600;;
2199;-451,375;-2604,429;-330,437;0,000;0,000;0,000;0,000;RRR 1.5in;23,4;1014;48;'26.07.2023 10:50:47.610;;
2200;-452,065;-2604,376;-330,431;0,000;0,000;0,000;0,000;RRR 1.5in;23,4;1014;48;'26.07.2023 10:50:47.620;;
2201;-452,745;-2604,342;-330,434;0,000;0,000;0,000;0,000;RRR 1.5in;23,4;1014;48;'26.07.2023 10:50:47.630;;
2202;-453,428;-2604,312;-330,449;0,000;0,000;0,000;0,000;RRR 1.5in;23,4;1014;48;'26.07.2023 10:50:47.640;;
2203;-454,113;-2604,251;-330,449;0,000;0,000;0,000;0,000;RRR 1.5in;23,4;1014;48;'26.07.2023 10:50:47.650;;
2204;-454,801;-2604,182;-330,440;0,000;0,000;0,000;0,000;RRR 1.5in;23,4;1014;48;'26.07.2023 10:50:47.660;;
2205;-455,486;-2604,145;-330,435;0,000;0,000;0,000;0,000;RRR 1.5in;23,4;1014;48;'26.07.2023 10:50:47.670;;
2206;-456,167;-2604,136;-330,443;0,000;0,000;0,000;0,000;RRR 1.5in;23,4;1014;48;'26.07.2023 10:50:47.680;;
2207;-456,859;-2604,112;-330,447;0,000;0,000;0,000;0,000;RRR 1.5in;23,4;1014;48;'26.07.2023 10:50:47.690;;
2208;-457,549;-2604,055;-330,439;0,000;0,000;0,000;0,000;RRR 1.5in;23,4;1014;48;'26.07.2023 10:50:47.700;;
2209;-458,235;-2603,985;-330,429;0,000;0,000;0,000;0,000;RRR 1.5in;23,4;1014;48;'26.07.2023 10:50:47.710;;
2210;-458,907;-2603,933;-330,428;0,000;0,000;0,000;0,000;RRR 1.5in;23,4;1014;48;'26.07.2023 10:50:47.720;;
2211;-459,573;-2603,899;-330,429;0,000;0,000;0,000;0,000;RRR 1.5in;23,4;1014;48;'26.07.2023 10:50:47.730;;
2212;-460,249;-2603,876;-330,433;0,000;0,000;0,000;0,000;RRR 1.5in;23,4;1014;48;'26.07.2023 10:50:47.740;;
2213;-460,928;-2603,852;-330,443;0,000;0,000;0,000;0,000;RRR 1.5in;23,4;1014;48;'26.07.2023 10:50:47.750;;
2214;-461,586;-2603,805;-330,445;0,000;0,000;0,000;0,000;RRR 1.5in;23,4;1014;48;'26.07.2023 10:50:47.760;;
2215;-462,231;-2603,740;-330,443;0,000;0,000;0,000;0,000;RRR 1.5in;23,4;1014;48;'26.07.2023 10:50:47.770;;
2216;-462,873;-2603,683;-330,434;0,000;0,000;0,000;0,000;RRR 1.5in;23,4;1014;48;'26.07.2023 10:50:47.780;;
2217;-463,516;-2603,659;-330,434;0,000;0,000;0,000;0,000;RRR 1.5in;23,4;1014;48;'26.07.2023 10:50:47.790;;
2218;-464,143;-2603,649;-330,436;0,000;0,000;0,000;0,000;RRR 1.5in;23,4;1014;48;'26.07.2023 10:50:47.800;;
2219;-464,739;-2603,635;-330,436;0,000;0,000;0,000;0,000;RRR 1.5in;23,4;1014;48;'26.07.2023 10:50:47.810;;
2220;-465,342;-2603,604;-330,432;0,000;0,000;0,000;0,000;RRR 1.5in;23,4;1014;48;'26.07.2023 10:50:47.820;;
2221;-465,929;-2603,563;-330,428;0,000;0,000;0,000;0,000;RRR 1.5in;23,4;1014;48;'26.07.2023 10:50:47.830;;
2222;-466,490;-2603,530;-330,433;0,000;0,000;0,000;0,000;RRR 1.5in;23,4;1014;48;'26.07.2023 10:50:47.840;;
2223;-467,034;-2603,511;-330,438;0,000;0,000;0,000;0,000;RRR 1.5in;23,4;1014;48;'26.07.2023 10:50:47.850;;
2224;-467,568;-2603,489;-330,445;0,000;0,000;0,000;0,000;RRR 1.5in;23,4;1014;48;'26.07.2023 10:50:47.860;;
2225;-468,086;-2603,443;-330,446;0,000;0,000;0,000;0,000;RRR 1.5in;23,4;1014;48;'26.07.2023 10:50:47.870;;
2226;-468,590;-2603,388;-330,438;0,000;0,000;0,000;0,000;RRR 1.5in;23,4;1014;48;'26.07.2023 10:50:47.880;;
2227;-469,067;-2603,358;-330,437;0,000;0,000;0,000;0,000;RRR 1.5in;23,4;1014;48;'26.07.2023 10:50:47.890;;
2228;-469,527;-2603,355;-330,443;0,000;0,000;0,000;0,000;RRR 1.5in;23,4;1014;48;'26.07.2023 10:50:47.900;;
2229;-469,948;-2603,345;-330,437;0,000;0,000;0,000;0,000;RRR 1.5in;23,4;1014;48;'26.07.2023 10:50:47.910;;
2230;-470,359;-2603,329;-330,427;0,000;0,000;0,000;0,000;RRR 1.5in;23,4;1014;48;'26.07.2023 10:50:47.920;;
2231;-470,755;-2603,329;-330,434;0,000;0,000;0,000;0,000;RRR 1.5in;23,4;1014;48;'26.07.2023 10:50:47.930;;
2232;-471,141;-2603,314;-330,449;0,000;0,000;0,000;0,000;RRR 1.5in;23,4;1014;48;'26.07.2023 10:50:47.940;;
2233;-471,499;-2603,262;-330,448;0,000;0,000;0,000;0,000;RRR 1.5in;23,4;1014;48;'26.07.2023 10:50:47.950;;
2234;-471,830;-2603,198;-330,438;0,000;0,000;0,000;0,000;RRR 1.5in;23,4;1014;48;'26.07.2023 10:50:47.960;;
2235;-472,138;-2603,169;-330,440;0,000;0,000;0,000;0,000;RRR 1.5in;23,4;1014;48;'26.07.2023 10:50:47.970;;
2236;-472,426;-2603,171;-330,451;0,000;0,000;0,000;0,000;RRR 1.5in;23,4;1014;48;'26.07.2023 10:50:47.980;;
2237;-472,701;-2603,167;-330,446;0,000;0,000;0,000;0,000;RRR 1.5in;23,4;1014;48;'26.07.2023 10:50:47.990;;
2238;-472,943;-2603,157;-330,429;0,000;0,000;0,000;0,000;RRR 1.5in;23,4;1014;48;'26.07.2023 10:50:48.000;;
2239;-473,168;-2603,171;-330,427;0,000;0,000;0,000;0,000;RRR 1.5in;23,4;1014;48;'26.07.2023 10:50:48.010;;
2240;-473,368;-2603,194;-330,437;0,000;0,000;0,000;0,000;RRR 1.5in;23,4;1014;48;'26.07.2023 10:50:48.020;;
2241;-473,559;-2603,181;-330,434;0,000;0,000;0,000;0,000;RRR 1.5in;23,4;1014;48;'26.07.2023 10:50:48.030;;
2242;-473,728;-2603,141;-330,425;0,000;0,000;0,000;0,000;RRR 1.5in;23,4;1014;48;'26.07.2023 10:50:48.040;;
2243;-473,881;-2603,111;-330,425;0,000;0,000;0,000;0,000;RRR 1.5in;23,4;1014;48;'26.07.2023 10:50:48.050;;
2244;-474,015;-2603,102;-330,436;0,000;0,000;0,000;0,000;RRR 1.5in;23,4;1014;48;'26.07.2023 10:50:48.060;;
2245;-474,135;-2603,089;-330,440;0,000;0,000;0,000;0,000;RRR 1.5in;23,4;1014;48;'26.07.2023 10:50:48.070;;
2246;-474,238;-2603,071;-330,438;0,000;0,000;0,000;0,000;RRR 1.5in;23,4;1014;48;'26.07.2023 10:50:48.080;;
2247;-474,319;-2603,064;-330,435;0,000;0,000;0,000;0,000;RRR 1.5in;23,4;1014;48;'26.07.2023 10:50:48.090;;
2248;-474,381;-2603,073;-330,439;0,000;0,000;0,000;0,000;RRR 1.5in;23,4;1014;48;'26.07.2023 10:50:48.100;;
2249;-474,437;-2603,082;-330,441;0,000;0,000;0,000;0,000;RRR 1.5in;23,4;1014;48;'26.07.2023 10:50:48.110;;
2250;-474,493;-2603,078;-330,437;0,000;0,000;0,000;0,000;RRR 1.5in;23,4;1014;48;'26.07.2023 10:50:48.120;;
2251;-474,537;-2603,070;-330,433;0,000;0,000;0,000;0,000;RRR 1.5in;23,4;1014;48;'26.07.2023 10:50:48.130;;
2252;-474,569;-2603,070;-330,438;0,000;0,000;0,000;0,000;RRR 1.5in;23,4;1014;48;'26.07.2023 10:50:48.140;;
2253;-474,592;-2603,067;-330,441;0,000;0,000;0,000;0,000;RRR 1.5in;23,4;1014;48;'26.07.2023 10:50:48.150;;
2254;-474,610;-2603,056;-330,438;0,000;0,000;0,000;0,000;RRR 1.5in;23,4;1014;48;'26.07.2023 10:50:48.160;;
2255;-474,621;-2603,050;-330,438;0,000;0,000;0,000;0,000;RRR 1.5in;23,4;1014;48;'26.07.2023 10:50:48.170;;
2256;-474,623;-2603,059;-330,441;0,000;0,000;0,000;0,000;RRR 1.5in;23,4;1014;48;'26.07.2023 10:50:48.180;;
2257;-474,623;-2603,066;-330,443;0,000;0,000;0,000;0,000;RRR 1.5in;23,4;1014;48;'26.07.2023 10:50:48.190;;
2258;-474,629;-2603,065;-330,441;0,000;0,000;0,000;0,000;RRR 1.5in;23,4;1014;48;'26.07.2023 10:50:48.200;;
2259;-474,638;-2603,061;-330,438;0,000;0,000;0,000;0,000;RRR 1.5in;23,4;1014;48;'26.07.2023 10:50:48.210;;
2260;-474,639;-2603,064;-330,439;0,000;0,000;0,000;0,000;RRR 1.5in;23,4;1014;48;'26.07.2023 10:50:48.220;;
2261;-474,643;-2603,068;-330,441;0,000;0,000;0,000;0,000;RRR 1.5in;23,4;1014;48;'26.07.2023 10:50:48.230;;
2262;-474,645;-2603,066;-330,438;0,000;0,000;0,000;0,000;RRR 1.5in;23,4;1014;48;'26.07.2023 10:50:48.240;;
2263;-474,648;-2603,062;-330,436;0,000;0,000;0,000;0,000;RRR 1.5in;23,4;1014;48;'26.07.2023 10:50:48.250;;
2264;-474,646;-2603,067;-330,438;0,000;0,000;0,000;0,000;RRR 1.5in;23,4;1014;48;'26.07.2023 10:50:48.260;;
2265;-474,643;-2603,070;-330,441;0,000;0,000;0,000;0,000;RRR 1.5in;23,4;1014;48;'26.07.2023 10:50:48.270;;
2266;-474,639;-2603,066;-330,440;0,000;0,000;0,000;0,000;RRR 1.5in;23,4;1014;48;'26.07.2023 10:50:48.280;;
2267;-474,643;-2603,059;-330,439;0,000;0,000;0,000;0,000;RRR 1.5in;23,4;1014;48;'26.07.2023 10:50:48.290;;
2268;-474,644;-2603,058;-330,440;0,000;0,000;0,000;0,000;RRR 1.5in;23,4;1014;48;'26.07.2023 10:50:48.300;;
2269;-474,643;-2603,060;-330,441;0,000;0,000;0,000;0,000;RRR 1.5in;23,4;1014;48;'26.07.2023 10:50:48.310;;
2270;-474,643;-2603,062;-330,440;0,000;0,000;0,000;0,000;RRR 1.5in;23,4;1014;48;'26.07.2023 10:50:48.320;;
2271;-474,648;-2603,062;-330,437;0,000;0,000;0,000;0,000;RRR 1.5in;23,4;1014;48;'26.07.2023 10:50:48.330;;
2272;-474,651;-2603,064;-330,439;0,000;0,000;0,000;0,000;RRR 1.5in;23,4;1014;48;'26.07.2023 10:50:48.340;;
2273;-474,650;-2603,067;-330,441;0,000;0,000;0,000;0,000;RRR 1.5in;23,4;1014;48;'26.07.2023 10:50:48.350;;
2274;-474,645;-2603,063;-330,441;0,000;0,000;0,000;0,000;RRR 1.5in;23,4;1014;48;'26.07.2023 10:50:48.360;;
2275;-474,643;-2603,057;-330,439;0,000;0,000;0,000;0,000;RRR 1.5in;23,4;1014;48;'26.07.2023 10:50:48.370;;
2276;-474,644;-2603,057;-330,441;0,000;0,000;0,000;0,000;RRR 1.5in;23,4;1014;48;'26.07.2023 10:50:48.380;;
2277;-474,644;-2603,061;-330,442;0,000;0,000;0,000;0,000;RRR 1.5in;23,4;1014;48;'26.07.2023 10:50:48.390;;
2278;-474,644;-2603,062;-330,442;0,000;0,000;0,000;0,000;RRR 1.5in;23,4;1014;48;'26.07.2023 10:50:48.400;;
2279;-474,648;-2603,061;-330,439;0,000;0,000;0,000;0,000;RRR 1.5in;23,4;1014;48;'26.07.2023 10:50:48.410;;
2280;-474,652;-2603,061;-330,440;0,000;0,000;0,000;0,000;RRR 1.5in;23,4;1014;48;'26.07.2023 10:50:48.420;;
2281;-474,652;-2603,062;-330,443;0,000;0,000;0,000;0,000;RRR 1.5in;23,4;1014;48;'26.07.2023 10:50:48.430;;
2282;-474,648;-2603,061;-330,441;0,000;0,000;0,000;0,000;RRR 1.5in;23,4;1014;48;'26.07.2023 10:50:48.440;;
2283;-474,646;-2603,057;-330,441;0,000;0,000;0,000;0,000;RRR 1.5in;23,4;1014;48;'26.07.2023 10:50:48.450;;
2284;-474,646;-2603,057;-330,442;0,000;0,000;0,000;0,000;RRR 1.5in;23,4;1014;48;'26.07.2023 10:50:48.460;;
2285;-474,650;-2603,059;-330,443;0,000;0,000;0,000;0,000;RRR 1.5in;23,4;1014;48;'26.07.2023 10:50:48.470;;
2286;-474,650;-2603,059;-330,442;0,000;0,000;0,000;0,000;RRR 1.5in;23,4;1014;48;'26.07.2023 10:50:48.480;;
2287;-474,649;-2603,056;-330,439;0,000;0,000;0,000;0,000;RRR 1.5in;23,4;1014;48;'26.07.2023 10:50:48.490;;
2288;-474,650;-2603,055;-330,439;0,000;0,000;0,000;0,000;RRR 1.5in;23,4;1014;48;'26.07.2023 10:50:48.500;;
2289;-474,652;-2603,058;-330,441;0,000;0,000;0,000;0,000;RRR 1.5in;23,4;1014;48;'26.07.2023 10:50:48.510;;
2290;-474,652;-2603,059;-330,440;0,000;0,000;0,000;0,000;RRR 1.5in;23,4;1014;48;'26.07.2023 10:50:48.520;;
2291;-474,652;-2603,058;-330,439;0,000;0,000;0,000;0,000;RRR 1.5in;23,4;1014;48;'26.07.2023 10:50:48.530;;
2292;-474,652;-2603,057;-330,440;0,000;0,000;0,000;0,000;RRR 1.5in;23,4;1014;48;'26.07.2023 10:50:48.540;;
2293;-474,652;-2603,057;-330,441;0,000;0,000;0,000;0,000;RRR 1.5in;23,4;1014;48;'26.07.2023 10:50:48.550;;
2294;-474,652;-2603,055;-330,441;0,000;0,000;0,000;0,000;RRR 1.5in;23,4;1014;48;'26.07.2023 10:50:48.560;;
2295;-474,649;-2603,054;-330,439;0,000;0,000;0,000;0,000;RRR 1.5in;23,4;1014;48;'26.07.2023 10:50:48.570;;
2296;-474,650;-2603,055;-330,438;0,000;0,000;0,000;0,000;RRR 1.5in;23,4;1014;48;'26.07.2023 10:50:48.580;;
2297;-474,654;-2603,058;-330,440;0,000;0,000;0,000;0,000;RRR 1.5in;23,4;1014;48;'26.07.2023 10:50:48.590;;
2298;-474,656;-2603,058;-330,441;0,000;0,000;0,000;0,000;RRR 1.5in;23,4;1014;48;'26.07.2023 10:50:48.600;;
2299;-474,656;-2603,056;-330,439;0,000;0,000;0,000;0,000;RRR 1.5in;23,4;1014;48;'26.07.2023 10:50:48.610;;
2300;-474,654;-2603,056;-330,440;0,000;0,000;0,000;0,000;RRR 1.5in;23,4;1014;48;'26.07.2023 10:50:48.620;;
2301;-474,652;-2603,056;-330,440;0,000;0,000;0,000;0,000;RRR 1.5in;23,4;1014;48;'26.07.2023 10:50:48.630;;
2302;-474,652;-2603,055;-330,440;0,000;0,000;0,000;0,000;RRR 1.5in;23,4;1014;48;'26.07.2023 10:50:48.640;;
2303;-474,652;-2603,054;-330,437;0,000;0,000;0,000;0,000;RRR 1.5in;23,4;1014;48;'26.07.2023 10:50:48.650;;
2304;-474,652;-2603,055;-330,438;0,000;0,000;0,000;0,000;RRR 1.5in;23,4;1014;48;'26.07.2023 10:50:48.660;;
2305;-474,652;-2603,057;-330,438;0,000;0,000;0,000;0,000;RRR 1.5in;23,4;1014;48;'26.07.2023 10:50:48.670;;
2306;-474,654;-2603,057;-330,437;0,000;0,000;0,000;0,000;RRR 1.5in;23,4;1014;48;'26.07.2023 10:50:48.680;;
2307;-474,654;-2603,056;-330,434;0,000;0,000;0,000;0,000;RRR 1.5in;23,4;1014;48;'26.07.2023 10:50:48.690;;
2308;-474,651;-2603,056;-330,435;0,000;0,000;0,000;0,000;RRR 1.5in;23,4;1014;48;'26.07.2023 10:50:48.700;;
2309;-474,651;-2603,057;-330,435;0,000;0,000;0,000;0,000;RRR 1.5in;23,4;1014;48;'26.07.2023 10:50:48.710;;
2310;-474,651;-2603,055;-330,435;0,000;0,000;0,000;0,000;RRR 1.5in;23,4;1014;48;'26.07.2023 10:50:48.720;;
2311;-474,652;-2603,054;-330,434;0,000;0,000;0,000;0,000;RRR 1.5in;23,4;1014;48;'26.07.2023 10:50:48.730;;
2312;-474,651;-2603,055;-330,435;0,000;0,000;0,000;0,000;RRR 1.5in;23,4;1014;48;'26.07.2023 10:50:48.740;;
2313;-474,650;-2603,056;-330,434;0,000;0,000;0,000;0,000;RRR 1.5in;23,4;1014;48;'26.07.2023 10:50:48.750;;
2314;-474,651;-2603,056;-330,435;0,000;0,000;0,000;0,000;RRR 1.5in;23,4;1014;48;'26.07.2023 10:50:48.760;;
2315;-474,652;-2603,055;-330,433;0,000;0,000;0,000;0,000;RRR 1.5in;23,4;1014;48;'26.07.2023 10:50:48.770;;
2316;-474,652;-2603,055;-330,434;0,000;0,000;0,000;0,000;RRR 1.5in;23,4;1014;48;'26.07.2023 10:50:48.780;;
2317;-474,652;-2603,056;-330,436;0,000;0,000;0,000;0,000;RRR 1.5in;23,4;1014;48;'26.07.2023 10:50:48.790;;
2318;-474,653;-2603,055;-330,435;0,000;0,000;0,000;0,000;RRR 1.5in;23,4;1014;48;'26.07.2023 10:50:48.800;;
2319;-474,654;-2603,054;-330,436;0,000;0,000;0,000;0,000;RRR 1.5in;23,4;1014;48;'26.07.2023 10:50:48.810;;
2320;-474,652;-2603,054;-330,437;0,000;0,000;0,000;0,000;RRR 1.5in;23,4;1014;48;'26.07.2023 10:50:48.820;;
2321;-474,652;-2603,055;-330,436;0,000;0,000;0,000;0,000;RRR 1.5in;23,4;1014;48;'26.07.2023 10:50:48.830;;
2322;-474,653;-2603,054;-330,437;0,000;0,000;0,000;0,000;RRR 1.5in;23,4;1014;48;'26.07.2023 10:50:48.840;;
2323;-474,655;-2603,053;-330,436;0,000;0,000;0,000;0,000;RRR 1.5in;23,4;1014;48;'26.07.2023 10:50:48.850;;
2324;-474,656;-2603,054;-330,437;0,000;0,000;0,000;0,000;RRR 1.5in;23,4;1014;48;'26.07.2023 10:50:48.860;;
2325;-474,656;-2603,055;-330,437;0,000;0,000;0,000;0,000;RRR 1.5in;23,4;1014;48;'26.07.2023 10:50:48.870;;
2326;-474,654;-2603,054;-330,437;0,000;0,000;0,000;0,000;RRR 1.5in;23,4;1014;48;'26.07.2023 10:50:48.880;;
2327;-474,655;-2603,052;-330,436;0,000;0,000;0,000;0,000;RRR 1.5in;23,4;1014;48;'26.07.2023 10:50:48.890;;
2328;-474,656;-2603,052;-330,438;0,000;0,000;0,000;0,000;RRR 1.5in;23,4;1014;48;'26.07.2023 10:50:48.900;;
2329;-474,655;-2603,053;-330,438;0,000;0,000;0,000;0,000;RRR 1.5in;23,4;1014;48;'26.07.2023 10:50:48.910;;
2330;-474,656;-2603,053;-330,439;0,000;0,000;0,000;0,000;RRR 1.5in;23,4;1014;48;'26.07.2023 10:50:48.920;;
2331;-474,658;-2603,052;-330,439;0,000;0,000;0,000;0,000;RRR 1.5in;23,4;1014;48;'26.07.2023 10:50:48.930;;
2332;-474,658;-2603,053;-330,439;0,000;0,000;0,000;0,000;RRR 1.5in;23,4;1014;48;'26.07.2023 10:50:48.940;;
2333;-474,657;-2603,053;-330,439;0,000;0,000;0,000;0,000;RRR 1.5in;23,4;1014;48;'26.07.2023 10:50:48.950;;
2334;-474,657;-2603,053;-330,438;0,000;0,000;0,000;0,000;RRR 1.5in;23,4;1014;48;'26.07.2023 10:50:48.960;;
2335;-474,656;-2603,052;-330,439;0,000;0,000;0,000;0,000;RRR 1.5in;23,4;1014;48;'26.07.2023 10:50:48.970;;
2336;-474,658;-2603,051;-330,440;0,000;0,000;0,000;0,000;RRR 1.5in;23,4;1014;48;'26.07.2023 10:50:48.980;;
2337;-474,658;-2603,052;-330,440;0,000;0,000;0,000;0,000;RRR 1.5in;23,4;1014;48;'26.07.2023 10:50:48.990;;
2338;-474,657;-2603,052;-330,440;0,000;0,000;0,000;0,000;RRR 1.5in;23,4;1014;48;'26.07.2023 10:50:49.000;;
2339;-474,657;-2603,052;-330,440;0,000;0,000;0,000;0,000;RRR 1.5in;23,4;1014;48;'26.07.2023 10:50:49.010;;
2340;-474,658;-2603,051;-330,439;0,000;0,000;0,000;0,000;RRR 1.5in;23,4;1014;48;'26.07.2023 10:50:49.020;;
2341;-474,658;-2603,052;-330,440;0,000;0,000;0,000;0,000;RRR 1.5in;23,4;1014;48;'26.07.2023 10:50:49.030;;
2342;-474,658;-2603,052;-330,438;0,000;0,000;0,000;0,000;RRR 1.5in;23,4;1014;48;'26.07.2023 10:50:49.040;;
2343;-474,658;-2603,052;-330,439;0,000;0,000;0,000;0,000;RRR 1.5in;23,4;1014;48;'26.07.2023 10:50:49.050;;
2344;-474,658;-2603,052;-330,439;0,000;0,000;0,000;0,000;RRR 1.5in;23,4;1014;48;'26.07.2023 10:50:49.060;;
2345;-474,658;-2603,052;-330,439;0,000;0,000;0,000;0,000;RRR 1.5in;23,4;1014;48;'26.07.2023 10:50:49.070;;
2346;-474,656;-2603,052;-330,438;0,000;0,000;0,000;0,000;RRR 1.5in;23,4;1014;48;'26.07.2023 10:50:49.080;;
2347;-474,655;-2603,051;-330,436;0,000;0,000;0,000;0,000;RRR 1.5in;23,4;1014;48;'26.07.2023 10:50:49.090;;
2348;-474,657;-2603,051;-330,438;0,000;0,000;0,000;0,000;RRR 1.5in;23,4;1014;48;'26.07.2023 10:50:49.100;;
2349;-474,658;-2603,052;-330,438;0,000;0,000;0,000;0,000;RRR 1.5in;23,4;1014;48;'26.07.2023 10:50:49.110;;
2350;-474,658;-2603,052;-330,437;0,000;0,000;0,000;0,000;RRR 1.5in;23,4;1014;48;'26.07.2023 10:50:49.120;;
2351;-474,657;-2603,052;-330,437;0,000;0,000;0,000;0,000;RRR 1.5in;23,4;1014;48;'26.07.2023 10:50:49.130;;
2352;-474,657;-2603,052;-330,438;0,000;0,000;0,000;0,000;RRR 1.5in;23,4;1014;48;'26.07.2023 10:50:49.140;;
2353;-474,657;-2603,052;-330,436;0,000;0,000;0,000;0,000;RRR 1.5in;23,4;1014;48;'26.07.2023 10:50:49.150;;
2354;-474,657;-2603,051;-330,436;0,000;0,000;0,000;0,000;RRR 1.5in;23,4;1014;48;'26.07.2023 10:50:49.160;;
2355;-474,656;-2603,051;-330,437;0,000;0,000;0,000;0,000;RRR 1.5in;23,4;1014;48;'26.07.2023 10:50:49.170;;
2356;-474,656;-2603,052;-330,436;0,000;0,000;0,000;0,000;RRR 1.5in;23,4;1014;48;'26.07.2023 10:50:49.180;;
2357;-474,658;-2603,052;-330,438;0,000;0,000;0,000;0,000;RRR 1.5in;23,4;1014;48;'26.07.2023 10:50:49.190;;
2358;-474,659;-2603,052;-330,437;0,000;0,000;0,000;0,000;RRR 1.5in;23,4;1014;48;'26.07.2023 10:50:49.200;;
2359;-474,659;-2603,051;-330,437;0,000;0,000;0,000;0,000;RRR 1.5in;23,4;1014;48;'26.07.2023 10:50:49.210;;
2360;-474,658;-2603,051;-330,437;0,000;0,000;0,000;0,000;RRR 1.5in;23,4;1014;48;'26.07.2023 10:50:49.220;;
2361;-474,658;-2603,051;-330,438;0,000;0,000;0,000;0,000;RRR 1.5in;23,4;1014;48;'26.07.2023 10:50:49.230;;
2362;-474,659;-2603,051;-330,437;0,000;0,000;0,000;0,000;RRR 1.5in;23,4;1014;48;'26.07.2023 10:50:49.240;;
2363;-474,658;-2603,051;-330,437;0,000;0,000;0,000;0,000;RRR 1.5in;23,4;1014;48;'26.07.2023 10:50:49.250;;
2364;-474,660;-2603,051;-330,437;0,000;0,000;0,000;0,000;RRR 1.5in;23,4;1014;48;'26.07.2023 10:50:49.260;;
2365;-474,659;-2603,051;-330,437;0,000;0,000;0,000;0,000;RRR 1.5in;23,4;1014;48;'26.07.2023 10:50:49.270;;
2366;-474,660;-2603,050;-330,437;0,000;0,000;0,000;0,000;RRR 1.5in;23,4;1014;48;'26.07.2023 10:50:49.280;;
2367;-474,660;-2603,050;-330,436;0,000;0,000;0,000;0,000;RRR 1.5in;23,4;1014;48;'26.07.2023 10:50:49.290;;
2368;-474,660;-2603,050;-330,437;0,000;0,000;0,000;0,000;RRR 1.5in;23,4;1014;48;'26.07.2023 10:50:49.300;;
2369;-474,661;-2603,050;-330,438;0,000;0,000;0,000;0,000;RRR 1.5in;23,4;1014;48;'26.07.2023 10:50:49.310;;
2370;-474,661;-2603,051;-330,437;0,000;0,000;0,000;0,000;RRR 1.5in;23,4;1014;48;'26.07.2023 10:50:49.320;;
2371;-474,661;-2603,050;-330,438;0,000;0,000;0,000;0,000;RRR 1.5in;23,4;1014;48;'26.07.2023 10:50:49.330;;
2372;-474,661;-2603,050;-330,438;0,000;0,000;0,000;0,000;RRR 1.5in;23,4;1014;48;'26.07.2023 10:50:49.340;;
2373;-474,660;-2603,050;-330,438;0,000;0,000;0,000;0,000;RRR 1.5in;23,4;1014;48;'26.07.2023 10:50:49.350;;
2374;-474,661;-2603,049;-330,437;0,000;0,000;0,000;0,000;RRR 1.5in;23,4;1014;48;'26.07.2023 10:50:49.360;;
2375;-474,661;-2603,050;-330,437;0,000;0,000;0,000;0,000;RRR 1.5in;23,4;1014;48;'26.07.2023 10:50:49.370;;
2376;-474,662;-2603,050;-330,438;0,000;0,000;0,000;0,000;RRR 1.5in;23,4;1014;48;'26.07.2023 10:50:49.380;;
2377;-474,662;-2603,051;-330,438;0,000;0,000;0,000;0,000;RRR 1.5in;23,4;1014;48;'26.07.2023 10:50:49.390;;
2378;-474,662;-2603,050;-330,438;0,000;0,000;0,000;0,000;RRR 1.5in;23,4;1014;48;'26.07.2023 10:50:49.400;;
2379;-474,662;-2603,049;-330,437;0,000;0,000;0,000;0,000;RRR 1.5in;23,4;1014;48;'26.07.2023 10:50:49.410;;
2380;-474,661;-2603,049;-330,439;0,000;0,000;0,000;0,000;RRR 1.5in;23,4;1014;48;'26.07.2023 10:50:49.420;;
2381;-474,662;-2603,049;-330,438;0,000;0,000;0,000;0,000;RRR 1.5in;23,4;1014;48;'26.07.2023 10:50:49.430;;
2382;-474,662;-2603,050;-330,438;0,000;0,000;0,000;0,000;RRR 1.5in;23,4;1014;48;'26.07.2023 10:50:49.440;;
2383;-474,663;-2603,049;-330,438;0,000;0,000;0,000;0,000;RRR 1.5in;23,4;1014;48;'26.07.2023 10:50:49.450;;
2384;-474,663;-2603,050;-330,438;0,000;0,000;0,000;0,000;RRR 1.5in;23,4;1014;48;'26.07.2023 10:50:49.460;;
2385;-474,663;-2603,050;-330,438;0,000;0,000;0,000;0,000;RRR 1.5in;23,4;1014;48;'26.07.2023 10:50:49.470;;
2386;-474,662;-2603,049;-330,438;0,000;0,000;0,000;0,000;RRR 1.5in;23,4;1014;48;'26.07.2023 10:50:49.480;;
2387;-474,664;-2603,049;-330,438;0,000;0,000;0,000;0,000;RRR 1.5in;23,4;1014;48;'26.07.2023 10:50:49.490;;
2388;-474,663;-2603,049;-330,438;0,000;0,000;0,000;0,000;RRR 1.5in;23,4;1014;48;'26.07.2023 10:50:49.500;;
2389;-474,663;-2603,049;-330,439;0,000;0,000;0,000;0,000;RRR 1.5in;23,4;1014;48;'26.07.2023 10:50:49.510;;
2390;-474,664;-2603,049;-330,439;0,000;0,000;0,000;0,000;RRR 1.5in;23,4;1014;48;'26.07.2023 10:50:49.520;;
2391;-474,664;-2603,049;-330,439;0,000;0,000;0,000;0,000;RRR 1.5in;23,4;1014;48;'26.07.2023 10:50:49.530;;
2392;-474,664;-2603,049;-330,438;0,000;0,000;0,000;0,000;RRR 1.5in;23,4;1014;48;'26.07.2023 10:50:49.540;;
2393;-474,664;-2603,049;-330,439;0,000;0,000;0,000;0,000;RRR 1.5in;23,4;1014;48;'26.07.2023 10:50:49.550;;
2394;-474,664;-2603,049;-330,438;0,000;0,000;0,000;0,000;RRR 1.5in;23,4;1014;48;'26.07.2023 10:50:49.560;;
2395;-474,663;-2603,049;-330,440;0,000;0,000;0,000;0,000;RRR 1.5in;23,4;1014;48;'26.07.2023 10:50:49.570;;
2396;-474,664;-2603,049;-330,440;0,000;0,000;0,000;0,000;RRR 1.5in;23,4;1014;48;'26.07.2023 10:50:49.580;;
2397;-474,664;-2603,049;-330,439;0,000;0,000;0,000;0,000;RRR 1.5in;23,4;1014;48;'26.07.2023 10:50:49.590;;
2398;-474,664;-2603,049;-330,440;0,000;0,000;0,000;0,000;RRR 1.5in;23,4;1014;48;'26.07.2023 10:50:49.600;;
2399;-474,664;-2603,048;-330,439;0,000;0,000;0,000;0,000;RRR 1.5in;23,4;1014;48;'26.07.2023 10:50:49.610;;
2400;-474,665;-2603,048;-330,440;0,000;0,000;0,000;0,000;RRR 1.5in;23,4;1014;48;'26.07.2023 10:50:49.620;;
2401;-474,664;-2603,048;-330,439;0,000;0,000;0,000;0,000;RRR 1.5in;23,4;1014;48;'26.07.2023 10:50:49.630;;
2402;-474,666;-2603,048;-330,440;0,000;0,000;0,000;0,000;RRR 1.5in;23,4;1014;48;'26.07.2023 10:50:49.640;;
2403;-474,665;-2603,048;-330,440;0,000;0,000;0,000;0,000;RRR 1.5in;23,4;1014;48;'26.07.2023 10:50:49.650;;
2404;-474,665;-2603,048;-330,441;0,000;0,000;0,000;0,000;RRR 1.5in;23,4;1014;48;'26.07.2023 10:50:49.660;;
2405;-474,665;-2603,049;-330,439;0,000;0,000;0,000;0,000;RRR 1.5in;23,4;1014;48;'26.07.2023 10:50:49.670;;
2406;-474,664;-2603,048;-330,440;0,000;0,000;0,000;0,000;RRR 1.5in;23,4;1014;48;'26.07.2023 10:50:49.680;;
2407;-474,664;-2603,048;-330,440;0,000;0,000;0,000;0,000;RRR 1.5in;23,4;1014;48;'26.07.2023 10:50:49.690;;
2408;-474,665;-2603,048;-330,440;0,000;0,000;0,000;0,000;RRR 1.5in;23,4;1014;48;'26.07.2023 10:50:49.700;;
2409;-474,665;-2603,048;-330,441;0,000;0,000;0,000;0,000;RRR 1.5in;23,4;1014;48;'26.07.2023 10:50:49.710;;
2410;-474,666;-2603,048;-330,441;0,000;0,000;0,000;0,000;RRR 1.5in;23,4;1014;48;'26.07.2023 10:50:49.720;;
2411;-474,666;-2603,048;-330,442;0,000;0,000;0,000;0,000;RRR 1.5in;23,4;1014;48;'26.07.2023 10:50:49.730;;
2412;-474,666;-2603,048;-330,441;0,000;0,000;0,000;0,000;RRR 1.5in;23,4;1014;48;'26.07.2023 10:50:49.740;;
2413;-474,666;-2603,048;-330,440;0,000;0,000;0,000;0,000;RRR 1.5in;23,4;1014;48;'26.07.2023 10:50:49.750;;
2414;-474,666;-2603,048;-330,440;0,000;0,000;0,000;0,000;RRR 1.5in;23,4;1014;48;'26.07.2023 10:50:49.760;;
2415;-474,665;-2603,048;-330,440;0,000;0,000;0,000;0,000;RRR 1.5in;23,4;1014;48;'26.07.2023 10:50:49.770;;
2416;-474,666;-2603,048;-330,440;0,000;0,000;0,000;0,000;RRR 1.5in;23,4;1014;48;'26.07.2023 10:50:49.780;;
2417;-474,666;-2603,048;-330,441;0,000;0,000;0,000;0,000;RRR 1.5in;23,4;1014;48;'26.07.2023 10:50:49.790;;
2418;-474,667;-2603,048;-330,441;0,000;0,000;0,000;0,000;RRR 1.5in;23,4;1014;48;'26.07.2023 10:50:49.800;;
2419;-474,667;-2603,048;-330,440;0,000;0,000;0,000;0,000;RRR 1.5in;23,4;1014;48;'26.07.2023 10:50:49.810;;
2420;-474,666;-2603,048;-330,441;0,000;0,000;0,000;0,000;RRR 1.5in;23,4;1014;48;'26.07.2023 10:50:49.820;;
2421;-474,666;-2603,048;-330,440;0,000;0,000;0,000;0,000;RRR 1.5in;23,4;1014;48;'26.07.2023 10:50:49.830;;
2422;-474,666;-2603,048;-330,441;0,000;0,000;0,000;0,000;RRR 1.5in;23,4;1014;48;'26.07.2023 10:50:49.840;;
2423;-474,667;-2603,048;-330,441;0,000;0,000;0,000;0,000;RRR 1.5in;23,4;1014;48;'26.07.2023 10:50:49.850;;
2424;-474,666;-2603,048;-330,440;0,000;0,000;0,000;0,000;RRR 1.5in;23,4;1014;48;'26.07.2023 10:50:49.860;;
2425;-474,666;-2603,047;-330,441;0,000;0,000;0,000;0,000;RRR 1.5in;23,4;1014;48;'26.07.2023 10:50:49.870;;
2426;-474,666;-2603,047;-330,440;0,000;0,000;0,000;0,000;RRR 1.5in;23,4;1014;48;'26.07.2023 10:50:49.880;;
2427;-474,666;-2603,047;-330,440;0,000;0,000;0,000;0,000;RRR 1.5in;23,4;1014;48;'26.07.2023 10:50:49.890;;
2428;-474,667;-2603,048;-330,440;0,000;0,000;0,000;0,000;RRR 1.5in;23,4;1014;48;'26.07.2023 10:50:49.900;;
2429;-474,667;-2603,048;-330,442;0,000;0,000;0,000;0,000;RRR 1.5in;23,4;1014;48;'26.07.2023 10:50:49.910;;
2430;-474,666;-2603,048;-330,441;0,000;0,000;0,000;0,000;RRR 1.5in;23,4;1014;48;'26.07.2023 10:50:49.920;;
2431;-474,667;-2603,048;-330,441;0,000;0,000;0,000;0,000;RRR 1.5in;23,4;1014;48;'26.07.2023 10:50:49.930;;
2432;-474,666;-2603,047;-330,441;0,000;0,000;0,000;0,000;RRR 1.5in;23,4;1014;48;'26.07.2023 10:50:49.940;;
2433;-474,666;-2603,047;-330,441;0,000;0,000;0,000;0,000;RRR 1.5in;23,4;1014;48;'26.07.2023 10:50:49.950;;
2434;-474,666;-2603,048;-330,441;0,000;0,000;0,000;0,000;RRR 1.5in;23,4;1014;48;'26.07.2023 10:50:49.960;;
2435;-474,668;-2603,047;-330,440;0,000;0,000;0,000;0,000;RRR 1.5in;23,4;1014;48;'26.07.2023 10:50:49.970;;
2436;-474,666;-2603,048;-330,441;0,000;0,000;0,000;0,000;RRR 1.5in;23,4;1014;48;'26.07.2023 10:50:49.980;;
2437;-474,668;-2603,048;-330,441;0,000;0,000;0,000;0,000;RRR 1.5in;23,4;1014;48;'26.07.2023 10:50:49.990;;
2438;-474,667;-2603,047;-330,441;0,000;0,000;0,000;0,000;RRR 1.5in;23,4;1014;48;'26.07.2023 10:50:50.000;;
2439;-474,667;-2603,047;-330,442;0,000;0,000;0,000;0,000;RRR 1.5in;23,4;1014;48;'26.07.2023 10:50:50.010;;
2440;-474,667;-2603,047;-330,441;0,000;0,000;0,000;0,000;RRR 1.5in;23,4;1014;48;'26.07.2023 10:50:50.020;;
2441;-474,667;-2603,047;-330,441;0,000;0,000;0,000;0,000;RRR 1.5in;23,4;1014;48;'26.07.2023 10:50:50.030;;
2442;-474,667;-2603,047;-330,441;0,000;0,000;0,000;0,000;RRR 1.5in;23,4;1014;48;'26.07.2023 10:50:50.040;;
2443;-474,667;-2603,047;-330,441;0,000;0,000;0,000;0,000;RRR 1.5in;23,4;1014;48;'26.07.2023 10:50:50.050;;
2444;-474,666;-2603,047;-330,441;0,000;0,000;0,000;0,000;RRR 1.5in;23,4;1014;48;'26.07.2023 10:50:50.060;;
2445;-474,667;-2603,047;-330,441;0,000;0,000;0,000;0,000;RRR 1.5in;23,4;1014;48;'26.07.2023 10:50:50.070;;
2446;-474,667;-2603,047;-330,440;0,000;0,000;0,000;0,000;RRR 1.5in;23,4;1014;48;'26.07.2023 10:50:50.080;;
2447;-474,667;-2603,047;-330,441;0,000;0,000;0,000;0,000;RRR 1.5in;23,4;1014;48;'26.07.2023 10:50:50.090;;
2448;-474,668;-2603,047;-330,441;0,000;0,000;0,000;0,000;RRR 1.5in;23,4;1014;48;'26.07.2023 10:50:50.100;;
2449;-474,666;-2603,047;-330,440;0,000;0,000;0,000;0,000;RRR 1.5in;23,4;1014;48;'26.07.2023 10:50:50.110;;
2450;-474,666;-2603,047;-330,441;0,000;0,000;0,000;0,000;RRR 1.5in;23,4;1014;48;'26.07.2023 10:50:50.120;;
2451;-474,667;-2603,047;-330,441;0,000;0,000;0,000;0,000;RRR 1.5in;23,4;1014;48;'26.07.2023 10:50:50.130;;
2452;-474,666;-2603,047;-330,440;0,000;0,000;0,000;0,000;RRR 1.5in;23,4;1014;48;'26.07.2023 10:50:50.140;;
2453;-474,666;-2603,047;-330,441;0,000;0,000;0,000;0,000;RRR 1.5in;23,4;1014;48;'26.07.2023 10:50:50.150;;
2454;-474,667;-2603,047;-330,441;0,000;0,000;0,000;0,000;RRR 1.5in;23,4;1014;48;'26.07.2023 10:50:50.160;;
2455;-474,667;-2603,047;-330,441;0,000;0,000;0,000;0,000;RRR 1.5in;23,4;1014;48;'26.07.2023 10:50:50.170;;
2456;-474,667;-2603,047;-330,441;0,000;0,000;0,000;0,000;RRR 1.5in;23,4;1014;48;'26.07.2023 10:50:50.180;;
2457;-474,667;-2603,047;-330,441;0,000;0,000;0,000;0,000;RRR 1.5in;23,4;1014;48;'26.07.2023 10:50:50.190;;
2458;-474,667;-2603,047;-330,441;0,000;0,000;0,000;0,000;RRR 1.5in;23,4;1014;48;'26.07.2023 10:50:50.200;;
2459;-474,666;-2603,047;-330,441;0,000;0,000;0,000;0,000;RRR 1.5in;23,4;1014;48;'26.07.2023 10:50:50.210;;
2460;-474,667;-2603,047;-330,441;0,000;0,000;0,000;0,000;RRR 1.5in;23,4;1014;48;'26.07.2023 10:50:50.220;;
2461;-474,666;-2603,047;-330,441;0,000;0,000;0,000;0,000;RRR 1.5in;23,4;1014;48;'26.07.2023 10:50:50.230;;
2462;-474,666;-2603,047;-330,441;0,000;0,000;0,000;0,000;RRR 1.5in;23,4;1014;48;'26.07.2023 10:50:50.240;;
2463;-474,666;-2603,047;-330,441;0,000;0,000;0,000;0,000;RRR 1.5in;23,4;1014;48;'26.07.2023 10:50:50.250;;
2464;-474,667;-2603,047;-330,441;0,000;0,000;0,000;0,000;RRR 1.5in;23,4;1014;48;'26.07.2023 10:50:50.260;;
2465;-474,666;-2603,047;-330,442;0,000;0,000;0,000;0,000;RRR 1.5in;23,4;1014;48;'26.07.2023 10:50:50.270;;
2466;-474,666;-2603,047;-330,441;0,000;0,000;0,000;0,000;RRR 1.5in;23,4;1014;48;'26.07.2023 10:50:50.280;;
2467;-474,666;-2603,047;-330,441;0,000;0,000;0,000;0,000;RRR 1.5in;23,4;1014;48;'26.07.2023 10:50:50.290;;
2468;-474,667;-2603,047;-330,441;0,000;0,000;0,000;0,000;RRR 1.5in;23,4;1014;48;'26.07.2023 10:50:50.300;;
2469;-474,666;-2603,047;-330,441;0,000;0,000;0,000;0,000;RRR 1.5in;23,4;1014;48;'26.07.2023 10:50:50.310;;
2470;-474,666;-2603,047;-330,441;0,000;0,000;0,000;0,000;RRR 1.5in;23,4;1014;48;'26.07.2023 10:50:50.320;;
2471;-474,666;-2603,047;-330,440;0,000;0,000;0,000;0,000;RRR 1.5in;23,4;1014;48;'26.07.2023 10:50:50.330;;
2472;-474,667;-2603,047;-330,440;0,000;0,000;0,000;0,000;RRR 1.5in;23,4;1014;48;'26.07.2023 10:50:50.340;;
2473;-474,666;-2603,047;-330,440;0,000;0,000;0,000;0,000;RRR 1.5in;23,4;1014;48;'26.07.2023 10:50:50.350;;
2474;-474,665;-2603,048;-330,441;0,000;0,000;0,000;0,000;RRR 1.5in;23,4;1014;48;'26.07.2023 10:50:50.360;;
2475;-474,665;-2603,048;-330,441;0,000;0,000;0,000;0,000;RRR 1.5in;23,4;1014;48;'26.07.2023 10:50:50.370;;
2476;-474,665;-2603,047;-330,441;0,000;0,000;0,000;0,000;RRR 1.5in;23,4;1014;48;'26.07.2023 10:50:50.380;;
2477;-474,665;-2603,047;-330,440;0,000;0,000;0,000;0,000;RRR 1.5in;23,4;1014;48;'26.07.2023 10:50:50.390;;
2478;-474,666;-2603,047;-330,440;0,000;0,000;0,000;0,000;RRR 1.5in;23,4;1014;48;'26.07.2023 10:50:50.400;;
2479;-474,666;-2603,047;-330,441;0,000;0,000;0,000;0,000;RRR 1.5in;23,4;1014;48;'26.07.2023 10:50:50.410;;
2480;-474,666;-2603,048;-330,441;0,000;0,000;0,000;0,000;RRR 1.5in;23,4;1014;48;'26.07.2023 10:50:50.420;;
2481;-474,666;-2603,048;-330,441;0,000;0,000;0,000;0,000;RRR 1.5in;23,4;1014;48;'26.07.2023 10:50:50.430;;
2482;-474,665;-2603,048;-330,440;0,000;0,000;0,000;0,000;RRR 1.5in;23,4;1014;48;'26.07.2023 10:50:50.440;;
2483;-474,665;-2603,047;-330,441;0,000;0,000;0,000;0,000;RRR 1.5in;23,4;1014;48;'26.07.2023 10:50:50.450;;
2484;-474,665;-2603,047;-330,440;0,000;0,000;0,000;0,000;RRR 1.5in;23,4;1014;48;'26.07.2023 10:50:50.460;;
2485;-474,665;-2603,047;-330,440;0,000;0,000;0,000;0,000;RRR 1.5in;23,4;1014;48;'26.07.2023 10:50:50.470;;
2486;-474,666;-2603,047;-330,441;0,000;0,000;0,000;0,000;RRR 1.5in;23,4;1014;48;'26.07.2023 10:50:50.480;;
2487;-474,665;-2603,048;-330,441;0,000;0,000;0,000;0,000;RRR 1.5in;23,4;1014;48;'26.07.2023 10:50:50.490;;
2488;-474,666;-2603,048;-330,441;0,000;0,000;0,000;0,000;RRR 1.5in;23,4;1014;48;'26.07.2023 10:50:50.500;;
2489;-474,666;-2603,048;-330,441;0,000;0,000;0,000;0,000;RRR 1.5in;23,4;1014;48;'26.07.2023 10:50:50.510;;
2490;-474,666;-2603,047;-330,441;0,000;0,000;0,000;0,000;RRR 1.5in;23,4;1014;48;'26.07.2023 10:50:50.520;;
