Id;X  [mm];Y  [mm];Z  [mm];U(95)  [mm];U(95) X  [mm];U(95) Y  [mm];U(95) Z  [mm];Target;Temperature  [°C];Pressure  [mBar];Humidity  [%];Time Stamp;Delete;
1;523,662;-2660,320;-330,251;0,000;0,000;0,000;0,000;RRR 1.5in;23,4;1014;48;'26.07.2023 10:52:06.830;;
2;523,662;-2660,320;-330,251;0,000;0,000;0,000;0,000;RRR 1.5in;23,4;1014;48;'26.07.2023 10:52:06.840;;
3;523,662;-2660,320;-330,250;0,000;0,000;0,000;0,000;RRR 1.5in;23,4;1014;48;'26.07.2023 10:52:06.850;;
4;523,662;-2660,320;-330,252;0,000;0,000;0,000;0,000;RRR 1.5in;23,4;1014;48;'26.07.2023 10:52:06.860;;
5;523,662;-2660,320;-330,252;0,000;0,000;0,000;0,000;RRR 1.5in;23,4;1014;48;'26.07.2023 10:52:06.870;;
6;523,662;-2660,320;-330,252;0,000;0,000;0,000;0,000;RRR 1.5in;23,4;1014;48;'26.07.2023 10:52:06.880;;
7;523,661;-2660,319;-330,251;0,000;0,000;0,000;0,000;RRR 1.5in;23,4;1014;48;'26.07.2023 10:52:06.890;;
8;523,662;-2660,320;-330,252;0,000;0,000;0,000;0,000;RRR 1.5in;23,4;1014;48;'26.07.2023 10:52:06.900;;
9;523,663;-2660,320;-330,253;0,000;0,000;0,000;0,000;RRR 1.5in;23,4;1014;48;'26.07.2023 10:52:06.910;;
10;523,663;-2660,320;-330,252;0,000;0,000;0,000;0,000;RRR 1.5in;23,4;1014;48;'26.07.2023 10:52:06.920;;
11;523,662;-2660,320;-330,253;0,000;0,000;0,000;0,000;RRR 1.5in;23,4;1014;48;'26.07.2023 10:52:06.930;;
12;523,662;-2660,320;-330,253;0,000;0,000;0,000;0,000;RRR 1.5in;23,4;1014;48;'26.07.2023 10:52:06.940;;
13;523,662;-2660,320;-330,251;0,000;0,000;0,000;0,000;RRR 1.5in;23,4;1014;48;'26.07.2023 10:52:06.950;;
14;523,662;-2660,320;-330,253;0,000;0,000;0,000;0,000;RRR 1.5in;23,4;1014;48;'26.07.2023 10:52:06.960;;
15;523,663;-2660,320;-330,254;0,000;0,000;0,000;0,000;RRR 1.5in;23,4;1014;48;'26.07.2023 10:52:06.970;;
16;523,662;-2660,319;-330,253;0,000;0,000;0,000;0,000;RRR 1.5in;23,4;1014;48;'26.07.2023 10:52:06.980;;
17;523,662;-2660,319;-330,253;0,000;0,000;0,000;0,000;RRR 1.5in;23,4;1014;48;'26.07.2023 10:52:06.990;;
18;523,662;-2660,319;-330,254;0,000;0,000;0,000;0,000;RRR 1.5in;23,4;1014;48;'26.07.2023 10:52:07.000;;
19;523,662;-2660,319;-330,253;0,000;0,000;0,000;0,000;RRR 1.5in;23,4;1014;48;'26.07.2023 10:52:07.010;;
20;523,662;-2660,320;-330,253;0,000;0,000;0,000;0,000;RRR 1.5in;23,4;1014;48;'26.07.2023 10:52:07.020;;
21;523,662;-2660,320;-330,253;0,000;0,000;0,000;0,000;RRR 1.5in;23,4;1014;48;'26.07.2023 10:52:07.030;;
22;523,662;-2660,320;-330,253;0,000;0,000;0,000;0,000;RRR 1.5in;23,4;1014;48;'26.07.2023 10:52:07.040;;
23;523,662;-2660,319;-330,252;0,000;0,000;0,000;0,000;RRR 1.5in;23,4;1014;48;'26.07.2023 10:52:07.050;;
24;523,662;-2660,319;-330,253;0,000;0,000;0,000;0,000;RRR 1.5in;23,4;1014;48;'26.07.2023 10:52:07.060;;
25;523,663;-2660,319;-330,254;0,000;0,000;0,000;0,000;RRR 1.5in;23,4;1014;48;'26.07.2023 10:52:07.070;;
26;523,663;-2660,319;-330,253;0,000;0,000;0,000;0,000;RRR 1.5in;23,4;1014;48;'26.07.2023 10:52:07.080;;
27;523,663;-2660,319;-330,253;0,000;0,000;0,000;0,000;RRR 1.5in;23,4;1014;48;'26.07.2023 10:52:07.090;;
28;523,663;-2660,319;-330,253;0,000;0,000;0,000;0,000;RRR 1.5in;23,4;1014;48;'26.07.2023 10:52:07.100;;
29;523,662;-2660,320;-330,253;0,000;0,000;0,000;0,000;RRR 1.5in;23,4;1014;48;'26.07.2023 10:52:07.110;;
30;523,662;-2660,320;-330,253;0,000;0,000;0,000;0,000;RRR 1.5in;23,4;1014;48;'26.07.2023 10:52:07.120;;
31;523,663;-2660,320;-330,254;0,000;0,000;0,000;0,000;RRR 1.5in;23,4;1014;48;'26.07.2023 10:52:07.130;;
32;523,663;-2660,320;-330,253;0,000;0,000;0,000;0,000;RRR 1.5in;23,4;1014;48;'26.07.2023 10:52:07.140;;
33;523,663;-2660,319;-330,253;0,000;0,000;0,000;0,000;RRR 1.5in;23,4;1014;48;'26.07.2023 10:52:07.150;;
34;523,664;-2660,319;-330,253;0,000;0,000;0,000;0,000;RRR 1.5in;23,4;1014;48;'26.07.2023 10:52:07.160;;
35;523,665;-2660,319;-330,251;0,000;0,000;0,000;0,000;RRR 1.5in;23,4;1014;48;'26.07.2023 10:52:07.170;;
36;523,664;-2660,319;-330,251;0,000;0,000;0,000;0,000;RRR 1.5in;23,4;1014;48;'26.07.2023 10:52:07.180;;
37;523,665;-2660,319;-330,251;0,000;0,000;0,000;0,000;RRR 1.5in;23,4;1014;48;'26.07.2023 10:52:07.190;;
38;523,665;-2660,319;-330,250;0,000;0,000;0,000;0,000;RRR 1.5in;23,4;1014;48;'26.07.2023 10:52:07.200;;
39;523,665;-2660,320;-330,248;0,000;0,000;0,000;0,000;RRR 1.5in;23,4;1014;48;'26.07.2023 10:52:07.210;;
40;523,667;-2660,319;-330,248;0,000;0,000;0,000;0,000;RRR 1.5in;23,4;1014;48;'26.07.2023 10:52:07.220;;
41;523,667;-2660,319;-330,248;0,000;0,000;0,000;0,000;RRR 1.5in;23,4;1014;48;'26.07.2023 10:52:07.230;;
42;523,669;-2660,319;-330,247;0,000;0,000;0,000;0,000;RRR 1.5in;23,4;1014;48;'26.07.2023 10:52:07.240;;
43;523,668;-2660,319;-330,247;0,000;0,000;0,000;0,000;RRR 1.5in;23,4;1014;48;'26.07.2023 10:52:07.250;;
44;523,668;-2660,319;-330,246;0,000;0,000;0,000;0,000;RRR 1.5in;23,4;1014;48;'26.07.2023 10:52:07.260;;
45;523,669;-2660,319;-330,246;0,000;0,000;0,000;0,000;RRR 1.5in;23,4;1014;48;'26.07.2023 10:52:07.270;;
46;523,669;-2660,319;-330,245;0,000;0,000;0,000;0,000;RRR 1.5in;23,4;1014;48;'26.07.2023 10:52:07.280;;
47;523,670;-2660,319;-330,246;0,000;0,000;0,000;0,000;RRR 1.5in;23,4;1014;48;'26.07.2023 10:52:07.290;;
48;523,669;-2660,319;-330,246;0,000;0,000;0,000;0,000;RRR 1.5in;23,4;1014;48;'26.07.2023 10:52:07.300;;
49;523,668;-2660,319;-330,245;0,000;0,000;0,000;0,000;RRR 1.5in;23,4;1014;48;'26.07.2023 10:52:07.310;;
50;523,668;-2660,319;-330,245;0,000;0,000;0,000;0,000;RRR 1.5in;23,4;1014;48;'26.07.2023 10:52:07.320;;
51;523,668;-2660,319;-330,245;0,000;0,000;0,000;0,000;RRR 1.5in;23,4;1014;48;'26.07.2023 10:52:07.330;;
52;523,668;-2660,319;-330,246;0,000;0,000;0,000;0,000;RRR 1.5in;23,4;1014;48;'26.07.2023 10:52:07.340;;
53;523,667;-2660,319;-330,245;0,000;0,000;0,000;0,000;RRR 1.5in;23,4;1014;48;'26.07.2023 10:52:07.350;;
54;523,667;-2660,319;-330,246;0,000;0,000;0,000;0,000;RRR 1.5in;23,4;1014;48;'26.07.2023 10:52:07.360;;
55;523,667;-2660,319;-330,247;0,000;0,000;0,000;0,000;RRR 1.5in;23,4;1014;48;'26.07.2023 10:52:07.370;;
56;523,666;-2660,319;-330,247;0,000;0,000;0,000;0,000;RRR 1.5in;23,4;1014;48;'26.07.2023 10:52:07.380;;
57;523,664;-2660,320;-330,247;0,000;0,000;0,000;0,000;RRR 1.5in;23,4;1014;48;'26.07.2023 10:52:07.390;;
58;523,666;-2660,320;-330,246;0,000;0,000;0,000;0,000;RRR 1.5in;23,4;1014;48;'26.07.2023 10:52:07.400;;
59;523,666;-2660,319;-330,247;0,000;0,000;0,000;0,000;RRR 1.5in;23,4;1014;48;'26.07.2023 10:52:07.410;;
60;523,666;-2660,319;-330,246;0,000;0,000;0,000;0,000;RRR 1.5in;23,4;1014;48;'26.07.2023 10:52:07.420;;
61;523,666;-2660,319;-330,246;0,000;0,000;0,000;0,000;RRR 1.5in;23,4;1014;48;'26.07.2023 10:52:07.430;;
62;523,667;-2660,319;-330,247;0,000;0,000;0,000;0,000;RRR 1.5in;23,4;1014;48;'26.07.2023 10:52:07.440;;
63;523,667;-2660,319;-330,246;0,000;0,000;0,000;0,000;RRR 1.5in;23,4;1014;48;'26.07.2023 10:52:07.450;;
64;523,666;-2660,319;-330,248;0,000;0,000;0,000;0,000;RRR 1.5in;23,4;1014;48;'26.07.2023 10:52:07.460;;
65;523,667;-2660,319;-330,248;0,000;0,000;0,000;0,000;RRR 1.5in;23,4;1014;48;'26.07.2023 10:52:07.470;;
66;523,667;-2660,319;-330,248;0,000;0,000;0,000;0,000;RRR 1.5in;23,4;1014;48;'26.07.2023 10:52:07.480;;
67;523,667;-2660,319;-330,248;0,000;0,000;0,000;0,000;RRR 1.5in;23,4;1014;48;'26.07.2023 10:52:07.490;;
68;523,666;-2660,319;-330,248;0,000;0,000;0,000;0,000;RRR 1.5in;23,4;1014;48;'26.07.2023 10:52:07.500;;
69;523,667;-2660,319;-330,249;0,000;0,000;0,000;0,000;RRR 1.5in;23,4;1014;48;'26.07.2023 10:52:07.510;;
70;523,668;-2660,319;-330,248;0,000;0,000;0,000;0,000;RRR 1.5in;23,4;1014;48;'26.07.2023 10:52:07.520;;
71;523,668;-2660,318;-330,250;0,000;0,000;0,000;0,000;RRR 1.5in;23,4;1014;48;'26.07.2023 10:52:07.530;;
72;523,667;-2660,318;-330,250;0,000;0,000;0,000;0,000;RRR 1.5in;23,4;1014;48;'26.07.2023 10:52:07.540;;
73;523,668;-2660,318;-330,250;0,000;0,000;0,000;0,000;RRR 1.5in;23,4;1014;48;'26.07.2023 10:52:07.550;;
74;523,668;-2660,318;-330,251;0,000;0,000;0,000;0,000;RRR 1.5in;23,4;1014;48;'26.07.2023 10:52:07.560;;
75;523,668;-2660,318;-330,251;0,000;0,000;0,000;0,000;RRR 1.5in;23,4;1014;48;'26.07.2023 10:52:07.570;;
76;523,668;-2660,318;-330,253;0,000;0,000;0,000;0,000;RRR 1.5in;23,4;1014;48;'26.07.2023 10:52:07.580;;
77;523,669;-2660,318;-330,251;0,000;0,000;0,000;0,000;RRR 1.5in;23,4;1014;48;'26.07.2023 10:52:07.590;;
78;523,668;-2660,318;-330,252;0,000;0,000;0,000;0,000;RRR 1.5in;23,4;1014;48;'26.07.2023 10:52:07.600;;
79;523,669;-2660,318;-330,252;0,000;0,000;0,000;0,000;RRR 1.5in;23,4;1014;48;'26.07.2023 10:52:07.610;;
80;523,667;-2660,318;-330,253;0,000;0,000;0,000;0,000;RRR 1.5in;23,4;1014;48;'26.07.2023 10:52:07.620;;
81;523,668;-2660,318;-330,253;0,000;0,000;0,000;0,000;RRR 1.5in;23,4;1014;48;'26.07.2023 10:52:07.630;;
82;523,667;-2660,318;-330,253;0,000;0,000;0,000;0,000;RRR 1.5in;23,4;1014;48;'26.07.2023 10:52:07.640;;
83;523,667;-2660,318;-330,253;0,000;0,000;0,000;0,000;RRR 1.5in;23,4;1014;48;'26.07.2023 10:52:07.650;;
84;523,667;-2660,318;-330,253;0,000;0,000;0,000;0,000;RRR 1.5in;23,4;1014;48;'26.07.2023 10:52:07.660;;
85;523,667;-2660,318;-330,253;0,000;0,000;0,000;0,000;RRR 1.5in;23,4;1014;48;'26.07.2023 10:52:07.670;;
86;523,666;-2660,318;-330,252;0,000;0,000;0,000;0,000;RRR 1.5in;23,4;1014;48;'26.07.2023 10:52:07.680;;
87;523,665;-2660,319;-330,253;0,000;0,000;0,000;0,000;RRR 1.5in;23,4;1014;48;'26.07.2023 10:52:07.690;;
88;523,664;-2660,319;-330,253;0,000;0,000;0,000;0,000;RRR 1.5in;23,4;1014;48;'26.07.2023 10:52:07.700;;
89;523,664;-2660,319;-330,252;0,000;0,000;0,000;0,000;RRR 1.5in;23,4;1014;48;'26.07.2023 10:52:07.710;;
90;523,663;-2660,319;-330,253;0,000;0,000;0,000;0,000;RRR 1.5in;23,4;1014;48;'26.07.2023 10:52:07.720;;
91;523,664;-2660,319;-330,252;0,000;0,000;0,000;0,000;RRR 1.5in;23,4;1014;48;'26.07.2023 10:52:07.730;;
92;523,662;-2660,319;-330,251;0,000;0,000;0,000;0,000;RRR 1.5in;23,4;1014;48;'26.07.2023 10:52:07.740;;
93;523,662;-2660,319;-330,251;0,000;0,000;0,000;0,000;RRR 1.5in;23,4;1014;48;'26.07.2023 10:52:07.750;;
94;523,661;-2660,319;-330,252;0,000;0,000;0,000;0,000;RRR 1.5in;23,4;1014;48;'26.07.2023 10:52:07.760;;
95;523,661;-2660,320;-330,251;0,000;0,000;0,000;0,000;RRR 1.5in;23,4;1014;48;'26.07.2023 10:52:07.770;;
96;523,660;-2660,320;-330,250;0,000;0,000;0,000;0,000;RRR 1.5in;23,4;1014;48;'26.07.2023 10:52:07.780;;
97;523,659;-2660,320;-330,249;0,000;0,000;0,000;0,000;RRR 1.5in;23,4;1014;48;'26.07.2023 10:52:07.790;;
98;523,658;-2660,320;-330,249;0,000;0,000;0,000;0,000;RRR 1.5in;23,4;1014;48;'26.07.2023 10:52:07.800;;
99;523,658;-2660,320;-330,249;0,000;0,000;0,000;0,000;RRR 1.5in;23,4;1014;48;'26.07.2023 10:52:07.810;;
100;523,657;-2660,321;-330,247;0,000;0,000;0,000;0,000;RRR 1.5in;23,4;1014;48;'26.07.2023 10:52:07.820;;
101;523,656;-2660,321;-330,248;0,000;0,000;0,000;0,000;RRR 1.5in;23,4;1014;48;'26.07.2023 10:52:07.830;;
102;523,656;-2660,321;-330,248;0,000;0,000;0,000;0,000;RRR 1.5in;23,4;1014;48;'26.07.2023 10:52:07.840;;
103;523,655;-2660,320;-330,249;0,000;0,000;0,000;0,000;RRR 1.5in;23,4;1014;48;'26.07.2023 10:52:07.850;;
104;523,656;-2660,321;-330,248;0,000;0,000;0,000;0,000;RRR 1.5in;23,4;1014;48;'26.07.2023 10:52:07.860;;
105;523,656;-2660,321;-330,248;0,000;0,000;0,000;0,000;RRR 1.5in;23,4;1014;48;'26.07.2023 10:52:07.870;;
106;523,656;-2660,321;-330,248;0,000;0,000;0,000;0,000;RRR 1.5in;23,4;1014;48;'26.07.2023 10:52:07.880;;
107;523,656;-2660,321;-330,249;0,000;0,000;0,000;0,000;RRR 1.5in;23,4;1014;48;'26.07.2023 10:52:07.890;;
108;523,657;-2660,320;-330,250;0,000;0,000;0,000;0,000;RRR 1.5in;23,4;1014;48;'26.07.2023 10:52:07.900;;
109;523,658;-2660,320;-330,252;0,000;0,000;0,000;0,000;RRR 1.5in;23,4;1014;48;'26.07.2023 10:52:07.910;;
110;523,658;-2660,320;-330,252;0,000;0,000;0,000;0,000;RRR 1.5in;23,4;1014;48;'26.07.2023 10:52:07.920;;
111;523,658;-2660,320;-330,252;0,000;0,000;0,000;0,000;RRR 1.5in;23,4;1014;48;'26.07.2023 10:52:07.930;;
112;523,659;-2660,320;-330,253;0,000;0,000;0,000;0,000;RRR 1.5in;23,4;1014;48;'26.07.2023 10:52:07.940;;
113;523,659;-2660,320;-330,253;0,000;0,000;0,000;0,000;RRR 1.5in;23,4;1014;48;'26.07.2023 10:52:07.950;;
114;523,660;-2660,319;-330,254;0,000;0,000;0,000;0,000;RRR 1.5in;23,4;1014;48;'26.07.2023 10:52:07.960;;
115;523,660;-2660,319;-330,254;0,000;0,000;0,000;0,000;RRR 1.5in;23,4;1014;48;'26.07.2023 10:52:07.970;;
116;523,661;-2660,319;-330,255;0,000;0,000;0,000;0,000;RRR 1.5in;23,4;1014;48;'26.07.2023 10:52:07.980;;
117;523,661;-2660,319;-330,255;0,000;0,000;0,000;0,000;RRR 1.5in;23,4;1014;48;'26.07.2023 10:52:07.990;;
118;523,661;-2660,319;-330,254;0,000;0,000;0,000;0,000;RRR 1.5in;23,4;1014;48;'26.07.2023 10:52:08.000;;
119;523,661;-2660,319;-330,254;0,000;0,000;0,000;0,000;RRR 1.5in;23,4;1014;48;'26.07.2023 10:52:08.010;;
120;523,661;-2660,319;-330,254;0,000;0,000;0,000;0,000;RRR 1.5in;23,4;1014;48;'26.07.2023 10:52:08.020;;
121;523,660;-2660,319;-330,253;0,000;0,000;0,000;0,000;RRR 1.5in;23,4;1014;48;'26.07.2023 10:52:08.030;;
122;523,659;-2660,319;-330,254;0,000;0,000;0,000;0,000;RRR 1.5in;23,4;1014;48;'26.07.2023 10:52:08.040;;
123;523,658;-2660,319;-330,254;0,000;0,000;0,000;0,000;RRR 1.5in;23,4;1014;48;'26.07.2023 10:52:08.050;;
124;523,657;-2660,320;-330,256;0,000;0,000;0,000;0,000;RRR 1.5in;23,4;1014;48;'26.07.2023 10:52:08.060;;
125;523,657;-2660,320;-330,255;0,000;0,000;0,000;0,000;RRR 1.5in;23,4;1014;48;'26.07.2023 10:52:08.070;;
126;523,657;-2660,320;-330,256;0,000;0,000;0,000;0,000;RRR 1.5in;23,4;1014;48;'26.07.2023 10:52:08.080;;
127;523,656;-2660,320;-330,258;0,000;0,000;0,000;0,000;RRR 1.5in;23,4;1014;48;'26.07.2023 10:52:08.090;;
128;523,656;-2660,320;-330,257;0,000;0,000;0,000;0,000;RRR 1.5in;23,4;1014;48;'26.07.2023 10:52:08.100;;
129;523,656;-2660,320;-330,258;0,000;0,000;0,000;0,000;RRR 1.5in;23,4;1014;48;'26.07.2023 10:52:08.110;;
130;523,655;-2660,320;-330,257;0,000;0,000;0,000;0,000;RRR 1.5in;23,4;1014;48;'26.07.2023 10:52:08.120;;
131;523,655;-2660,320;-330,258;0,000;0,000;0,000;0,000;RRR 1.5in;23,4;1014;48;'26.07.2023 10:52:08.130;;
132;523,654;-2660,320;-330,256;0,000;0,000;0,000;0,000;RRR 1.5in;23,4;1014;48;'26.07.2023 10:52:08.140;;
133;523,655;-2660,320;-330,256;0,000;0,000;0,000;0,000;RRR 1.5in;23,4;1014;48;'26.07.2023 10:52:08.150;;
134;523,654;-2660,320;-330,256;0,000;0,000;0,000;0,000;RRR 1.5in;23,4;1014;48;'26.07.2023 10:52:08.160;;
135;523,654;-2660,320;-330,255;0,000;0,000;0,000;0,000;RRR 1.5in;23,4;1014;48;'26.07.2023 10:52:08.170;;
136;523,654;-2660,320;-330,254;0,000;0,000;0,000;0,000;RRR 1.5in;23,4;1014;48;'26.07.2023 10:52:08.180;;
137;523,654;-2660,320;-330,255;0,000;0,000;0,000;0,000;RRR 1.5in;23,4;1014;48;'26.07.2023 10:52:08.190;;
138;523,655;-2660,320;-330,254;0,000;0,000;0,000;0,000;RRR 1.5in;23,4;1014;48;'26.07.2023 10:52:08.200;;
139;523,655;-2660,320;-330,254;0,000;0,000;0,000;0,000;RRR 1.5in;23,4;1014;48;'26.07.2023 10:52:08.210;;
140;523,656;-2660,320;-330,254;0,000;0,000;0,000;0,000;RRR 1.5in;23,4;1014;48;'26.07.2023 10:52:08.220;;
141;523,656;-2660,320;-330,254;0,000;0,000;0,000;0,000;RRR 1.5in;23,4;1014;48;'26.07.2023 10:52:08.230;;
142;523,656;-2660,320;-330,254;0,000;0,000;0,000;0,000;RRR 1.5in;23,4;1014;48;'26.07.2023 10:52:08.240;;
143;523,657;-2660,320;-330,254;0,000;0,000;0,000;0,000;RRR 1.5in;23,4;1014;48;'26.07.2023 10:52:08.250;;
144;523,656;-2660,320;-330,253;0,000;0,000;0,000;0,000;RRR 1.5in;23,4;1014;48;'26.07.2023 10:52:08.260;;
145;523,657;-2660,320;-330,253;0,000;0,000;0,000;0,000;RRR 1.5in;23,4;1014;48;'26.07.2023 10:52:08.270;;
146;523,656;-2660,320;-330,252;0,000;0,000;0,000;0,000;RRR 1.5in;23,4;1014;48;'26.07.2023 10:52:08.280;;
147;523,657;-2660,320;-330,253;0,000;0,000;0,000;0,000;RRR 1.5in;23,4;1014;48;'26.07.2023 10:52:08.290;;
148;523,655;-2660,320;-330,253;0,000;0,000;0,000;0,000;RRR 1.5in;23,4;1014;48;'26.07.2023 10:52:08.300;;
149;523,656;-2660,320;-330,253;0,000;0,000;0,000;0,000;RRR 1.5in;23,4;1014;48;'26.07.2023 10:52:08.310;;
150;523,657;-2660,320;-330,254;0,000;0,000;0,000;0,000;RRR 1.5in;23,4;1014;48;'26.07.2023 10:52:08.320;;
151;523,656;-2660,320;-330,253;0,000;0,000;0,000;0,000;RRR 1.5in;23,4;1014;48;'26.07.2023 10:52:08.330;;
152;523,656;-2660,320;-330,252;0,000;0,000;0,000;0,000;RRR 1.5in;23,4;1014;48;'26.07.2023 10:52:08.340;;
153;523,657;-2660,320;-330,253;0,000;0,000;0,000;0,000;RRR 1.5in;23,4;1014;48;'26.07.2023 10:52:08.350;;
154;523,655;-2660,320;-330,253;0,000;0,000;0,000;0,000;RRR 1.5in;23,4;1014;48;'26.07.2023 10:52:08.360;;
155;523,656;-2660,320;-330,254;0,000;0,000;0,000;0,000;RRR 1.5in;23,4;1014;48;'26.07.2023 10:52:08.370;;
156;523,656;-2660,320;-330,253;0,000;0,000;0,000;0,000;RRR 1.5in;23,4;1014;48;'26.07.2023 10:52:08.380;;
157;523,656;-2660,320;-330,254;0,000;0,000;0,000;0,000;RRR 1.5in;23,4;1014;48;'26.07.2023 10:52:08.390;;
158;523,656;-2660,320;-330,253;0,000;0,000;0,000;0,000;RRR 1.5in;23,4;1014;48;'26.07.2023 10:52:08.400;;
159;523,656;-2660,320;-330,252;0,000;0,000;0,000;0,000;RRR 1.5in;23,4;1014;48;'26.07.2023 10:52:08.410;;
160;523,655;-2660,320;-330,252;0,000;0,000;0,000;0,000;RRR 1.5in;23,4;1014;48;'26.07.2023 10:52:08.420;;
161;523,655;-2660,320;-330,253;0,000;0,000;0,000;0,000;RRR 1.5in;23,4;1014;48;'26.07.2023 10:52:08.430;;
162;523,655;-2660,320;-330,252;0,000;0,000;0,000;0,000;RRR 1.5in;23,4;1014;48;'26.07.2023 10:52:08.440;;
163;523,654;-2660,320;-330,251;0,000;0,000;0,000;0,000;RRR 1.5in;23,4;1014;48;'26.07.2023 10:52:08.450;;
164;523,654;-2660,320;-330,251;0,000;0,000;0,000;0,000;RRR 1.5in;23,4;1014;48;'26.07.2023 10:52:08.460;;
165;523,654;-2660,320;-330,251;0,000;0,000;0,000;0,000;RRR 1.5in;23,4;1014;48;'26.07.2023 10:52:08.470;;
166;523,653;-2660,321;-330,251;0,000;0,000;0,000;0,000;RRR 1.5in;23,4;1014;48;'26.07.2023 10:52:08.480;;
167;523,653;-2660,321;-330,251;0,000;0,000;0,000;0,000;RRR 1.5in;23,4;1014;48;'26.07.2023 10:52:08.490;;
168;523,652;-2660,321;-330,250;0,000;0,000;0,000;0,000;RRR 1.5in;23,4;1014;48;'26.07.2023 10:52:08.500;;
169;523,652;-2660,321;-330,249;0,000;0,000;0,000;0,000;RRR 1.5in;23,4;1014;48;'26.07.2023 10:52:08.510;;
170;523,652;-2660,321;-330,248;0,000;0,000;0,000;0,000;RRR 1.5in;23,4;1014;48;'26.07.2023 10:52:08.520;;
171;523,652;-2660,321;-330,248;0,000;0,000;0,000;0,000;RRR 1.5in;23,4;1014;48;'26.07.2023 10:52:08.530;;
172;523,652;-2660,321;-330,247;0,000;0,000;0,000;0,000;RRR 1.5in;23,4;1014;48;'26.07.2023 10:52:08.540;;
173;523,651;-2660,321;-330,248;0,000;0,000;0,000;0,000;RRR 1.5in;23,4;1014;48;'26.07.2023 10:52:08.550;;
174;523,651;-2660,321;-330,247;0,000;0,000;0,000;0,000;RRR 1.5in;23,4;1014;48;'26.07.2023 10:52:08.560;;
175;523,652;-2660,321;-330,248;0,000;0,000;0,000;0,000;RRR 1.5in;23,4;1014;48;'26.07.2023 10:52:08.570;;
176;523,652;-2660,321;-330,248;0,000;0,000;0,000;0,000;RRR 1.5in;23,4;1014;48;'26.07.2023 10:52:08.580;;
177;523,652;-2660,321;-330,247;0,000;0,000;0,000;0,000;RRR 1.5in;23,4;1014;48;'26.07.2023 10:52:08.590;;
178;523,652;-2660,321;-330,248;0,000;0,000;0,000;0,000;RRR 1.5in;23,4;1014;48;'26.07.2023 10:52:08.600;;
179;523,652;-2660,321;-330,249;0,000;0,000;0,000;0,000;RRR 1.5in;23,4;1014;48;'26.07.2023 10:52:08.610;;
180;523,653;-2660,321;-330,249;0,000;0,000;0,000;0,000;RRR 1.5in;23,4;1014;48;'26.07.2023 10:52:08.620;;
181;523,652;-2660,321;-330,249;0,000;0,000;0,000;0,000;RRR 1.5in;23,4;1014;48;'26.07.2023 10:52:08.630;;
182;523,652;-2660,321;-330,250;0,000;0,000;0,000;0,000;RRR 1.5in;23,4;1014;48;'26.07.2023 10:52:08.640;;
183;523,654;-2660,320;-330,251;0,000;0,000;0,000;0,000;RRR 1.5in;23,4;1014;48;'26.07.2023 10:52:08.650;;
184;523,656;-2660,320;-330,252;0,000;0,000;0,000;0,000;RRR 1.5in;23,4;1014;48;'26.07.2023 10:52:08.660;;
185;523,655;-2660,320;-330,253;0,000;0,000;0,000;0,000;RRR 1.5in;23,4;1014;48;'26.07.2023 10:52:08.670;;
186;523,654;-2660,320;-330,251;0,000;0,000;0,000;0,000;RRR 1.5in;23,4;1014;48;'26.07.2023 10:52:08.680;;
187;523,654;-2660,320;-330,251;0,000;0,000;0,000;0,000;RRR 1.5in;23,4;1014;48;'26.07.2023 10:52:08.690;;
188;523,653;-2660,321;-330,251;0,000;0,000;0,000;0,000;RRR 1.5in;23,4;1014;48;'26.07.2023 10:52:08.700;;
189;523,653;-2660,321;-330,250;0,000;0,000;0,000;0,000;RRR 1.5in;23,4;1014;48;'26.07.2023 10:52:08.710;;
190;523,653;-2660,321;-330,249;0,000;0,000;0,000;0,000;RRR 1.5in;23,4;1014;48;'26.07.2023 10:52:08.720;;
191;523,653;-2660,321;-330,248;0,000;0,000;0,000;0,000;RRR 1.5in;23,4;1014;48;'26.07.2023 10:52:08.730;;
192;523,654;-2660,321;-330,248;0,000;0,000;0,000;0,000;RRR 1.5in;23,4;1014;48;'26.07.2023 10:52:08.740;;
193;523,653;-2660,321;-330,248;0,000;0,000;0,000;0,000;RRR 1.5in;23,4;1014;48;'26.07.2023 10:52:08.750;;
194;523,654;-2660,320;-330,249;0,000;0,000;0,000;0,000;RRR 1.5in;23,4;1014;48;'26.07.2023 10:52:08.760;;
195;523,653;-2660,320;-330,250;0,000;0,000;0,000;0,000;RRR 1.5in;23,4;1014;48;'26.07.2023 10:52:08.770;;
196;523,654;-2660,320;-330,250;0,000;0,000;0,000;0,000;RRR 1.5in;23,4;1014;48;'26.07.2023 10:52:08.780;;
197;523,654;-2660,320;-330,250;0,000;0,000;0,000;0,000;RRR 1.5in;23,4;1014;48;'26.07.2023 10:52:08.790;;
198;523,654;-2660,320;-330,251;0,000;0,000;0,000;0,000;RRR 1.5in;23,4;1014;48;'26.07.2023 10:52:08.800;;
199;523,654;-2660,321;-330,250;0,000;0,000;0,000;0,000;RRR 1.5in;23,4;1014;48;'26.07.2023 10:52:08.810;;
200;523,654;-2660,320;-330,250;0,000;0,000;0,000;0,000;RRR 1.5in;23,4;1014;48;'26.07.2023 10:52:08.820;;
201;523,654;-2660,321;-330,249;0,000;0,000;0,000;0,000;RRR 1.5in;23,4;1014;48;'26.07.2023 10:52:08.830;;
202;523,654;-2660,321;-330,249;0,000;0,000;0,000;0,000;RRR 1.5in;23,4;1014;48;'26.07.2023 10:52:08.840;;
203;523,654;-2660,321;-330,249;0,000;0,000;0,000;0,000;RRR 1.5in;23,4;1014;48;'26.07.2023 10:52:08.850;;
204;523,654;-2660,320;-330,248;0,000;0,000;0,000;0,000;RRR 1.5in;23,4;1014;48;'26.07.2023 10:52:08.860;;
205;523,654;-2660,320;-330,249;0,000;0,000;0,000;0,000;RRR 1.5in;23,4;1014;48;'26.07.2023 10:52:08.870;;
206;523,654;-2660,320;-330,249;0,000;0,000;0,000;0,000;RRR 1.5in;23,4;1014;48;'26.07.2023 10:52:08.880;;
207;523,655;-2660,320;-330,248;0,000;0,000;0,000;0,000;RRR 1.5in;23,4;1014;48;'26.07.2023 10:52:08.890;;
208;523,655;-2660,320;-330,248;0,000;0,000;0,000;0,000;RRR 1.5in;23,4;1014;48;'26.07.2023 10:52:08.900;;
209;523,655;-2660,320;-330,249;0,000;0,000;0,000;0,000;RRR 1.5in;23,4;1014;48;'26.07.2023 10:52:08.910;;
210;523,655;-2660,320;-330,250;0,000;0,000;0,000;0,000;RRR 1.5in;23,4;1014;48;'26.07.2023 10:52:08.920;;
211;523,655;-2660,320;-330,249;0,000;0,000;0,000;0,000;RRR 1.5in;23,4;1014;48;'26.07.2023 10:52:08.930;;
212;523,655;-2660,320;-330,250;0,000;0,000;0,000;0,000;RRR 1.5in;23,4;1014;48;'26.07.2023 10:52:08.940;;
213;523,655;-2660,320;-330,250;0,000;0,000;0,000;0,000;RRR 1.5in;23,4;1014;48;'26.07.2023 10:52:08.950;;
214;523,656;-2660,319;-330,250;0,000;0,000;0,000;0,000;RRR 1.5in;23,4;1014;48;'26.07.2023 10:52:08.960;;
215;523,655;-2660,320;-330,250;0,000;0,000;0,000;0,000;RRR 1.5in;23,4;1014;48;'26.07.2023 10:52:08.970;;
216;523,655;-2660,320;-330,251;0,000;0,000;0,000;0,000;RRR 1.5in;23,4;1014;48;'26.07.2023 10:52:08.980;;
217;523,657;-2660,320;-330,250;0,000;0,000;0,000;0,000;RRR 1.5in;23,4;1014;48;'26.07.2023 10:52:08.990;;
218;523,656;-2660,320;-330,251;0,000;0,000;0,000;0,000;RRR 1.5in;23,4;1014;48;'26.07.2023 10:52:09.000;;
219;523,656;-2660,320;-330,250;0,000;0,000;0,000;0,000;RRR 1.5in;23,4;1014;48;'26.07.2023 10:52:09.010;;
220;523,656;-2660,320;-330,251;0,000;0,000;0,000;0,000;RRR 1.5in;23,4;1014;48;'26.07.2023 10:52:09.020;;
221;523,655;-2660,320;-330,250;0,000;0,000;0,000;0,000;RRR 1.5in;23,4;1014;48;'26.07.2023 10:52:09.030;;
222;523,656;-2660,320;-330,251;0,000;0,000;0,000;0,000;RRR 1.5in;23,4;1014;48;'26.07.2023 10:52:09.040;;
223;523,656;-2660,320;-330,251;0,000;0,000;0,000;0,000;RRR 1.5in;23,4;1014;48;'26.07.2023 10:52:09.050;;
224;523,656;-2660,319;-330,252;0,000;0,000;0,000;0,000;RRR 1.5in;23,4;1014;48;'26.07.2023 10:52:09.060;;
225;523,657;-2660,319;-330,251;0,000;0,000;0,000;0,000;RRR 1.5in;23,4;1014;48;'26.07.2023 10:52:09.070;;
226;523,657;-2660,319;-330,252;0,000;0,000;0,000;0,000;RRR 1.5in;23,4;1014;48;'26.07.2023 10:52:09.080;;
227;523,656;-2660,319;-330,252;0,000;0,000;0,000;0,000;RRR 1.5in;23,4;1014;48;'26.07.2023 10:52:09.090;;
228;523,656;-2660,320;-330,252;0,000;0,000;0,000;0,000;RRR 1.5in;23,4;1014;48;'26.07.2023 10:52:09.100;;
229;523,656;-2660,320;-330,252;0,000;0,000;0,000;0,000;RRR 1.5in;23,4;1014;48;'26.07.2023 10:52:09.110;;
230;523,657;-2660,320;-330,251;0,000;0,000;0,000;0,000;RRR 1.5in;23,4;1014;48;'26.07.2023 10:52:09.120;;
231;523,656;-2660,320;-330,252;0,000;0,000;0,000;0,000;RRR 1.5in;23,4;1014;48;'26.07.2023 10:52:09.130;;
232;523,657;-2660,319;-330,252;0,000;0,000;0,000;0,000;RRR 1.5in;23,4;1014;48;'26.07.2023 10:52:09.140;;
233;523,657;-2660,319;-330,251;0,000;0,000;0,000;0,000;RRR 1.5in;23,4;1014;48;'26.07.2023 10:52:09.150;;
234;523,657;-2660,319;-330,252;0,000;0,000;0,000;0,000;RRR 1.5in;23,4;1014;48;'26.07.2023 10:52:09.160;;
235;523,657;-2660,319;-330,251;0,000;0,000;0,000;0,000;RRR 1.5in;23,4;1014;48;'26.07.2023 10:52:09.170;;
236;523,657;-2660,319;-330,252;0,000;0,000;0,000;0,000;RRR 1.5in;23,4;1014;48;'26.07.2023 10:52:09.180;;
237;523,657;-2660,319;-330,250;0,000;0,000;0,000;0,000;RRR 1.5in;23,4;1014;48;'26.07.2023 10:52:09.190;;
238;523,656;-2660,319;-330,252;0,000;0,000;0,000;0,000;RRR 1.5in;23,4;1014;48;'26.07.2023 10:52:09.200;;
239;523,656;-2660,320;-330,251;0,000;0,000;0,000;0,000;RRR 1.5in;23,4;1014;48;'26.07.2023 10:52:09.210;;
240;523,656;-2660,320;-330,252;0,000;0,000;0,000;0,000;RRR 1.5in;23,4;1014;48;'26.07.2023 10:52:09.220;;
241;523,656;-2660,320;-330,252;0,000;0,000;0,000;0,000;RRR 1.5in;23,4;1014;48;'26.07.2023 10:52:09.230;;
242;523,657;-2660,319;-330,253;0,000;0,000;0,000;0,000;RRR 1.5in;23,4;1014;48;'26.07.2023 10:52:09.240;;
243;523,657;-2660,319;-330,253;0,000;0,000;0,000;0,000;RRR 1.5in;23,4;1014;48;'26.07.2023 10:52:09.250;;
244;523,657;-2660,319;-330,253;0,000;0,000;0,000;0,000;RRR 1.5in;23,4;1014;48;'26.07.2023 10:52:09.260;;
245;523,657;-2660,319;-330,254;0,000;0,000;0,000;0,000;RRR 1.5in;23,4;1014;48;'26.07.2023 10:52:09.270;;
246;523,656;-2660,319;-330,254;0,000;0,000;0,000;0,000;RRR 1.5in;23,4;1014;48;'26.07.2023 10:52:09.280;;
247;523,656;-2660,319;-330,255;0,000;0,000;0,000;0,000;RRR 1.5in;23,4;1014;48;'26.07.2023 10:52:09.290;;
248;523,656;-2660,319;-330,255;0,000;0,000;0,000;0,000;RRR 1.5in;23,4;1014;48;'26.07.2023 10:52:09.300;;
249;523,656;-2660,319;-330,254;0,000;0,000;0,000;0,000;RRR 1.5in;23,4;1014;48;'26.07.2023 10:52:09.310;;
250;523,656;-2660,319;-330,255;0,000;0,000;0,000;0,000;RRR 1.5in;23,4;1014;48;'26.07.2023 10:52:09.320;;
251;523,656;-2660,319;-330,255;0,000;0,000;0,000;0,000;RRR 1.5in;23,4;1014;48;'26.07.2023 10:52:09.330;;
252;523,656;-2660,319;-330,255;0,000;0,000;0,000;0,000;RRR 1.5in;23,4;1014;48;'26.07.2023 10:52:09.340;;
253;523,656;-2660,319;-330,256;0,000;0,000;0,000;0,000;RRR 1.5in;23,4;1014;48;'26.07.2023 10:52:09.350;;
254;523,656;-2660,319;-330,256;0,000;0,000;0,000;0,000;RRR 1.5in;23,4;1014;48;'26.07.2023 10:52:09.360;;
255;523,655;-2660,319;-330,255;0,000;0,000;0,000;0,000;RRR 1.5in;23,4;1014;48;'26.07.2023 10:52:09.370;;
256;523,656;-2660,319;-330,256;0,000;0,000;0,000;0,000;RRR 1.5in;23,4;1014;48;'26.07.2023 10:52:09.380;;
257;523,655;-2660,319;-330,255;0,000;0,000;0,000;0,000;RRR 1.5in;23,4;1014;48;'26.07.2023 10:52:09.390;;
258;523,655;-2660,319;-330,255;0,000;0,000;0,000;0,000;RRR 1.5in;23,4;1014;48;'26.07.2023 10:52:09.400;;
259;523,654;-2660,319;-330,255;0,000;0,000;0,000;0,000;RRR 1.5in;23,4;1014;48;'26.07.2023 10:52:09.410;;
260;523,655;-2660,319;-330,255;0,000;0,000;0,000;0,000;RRR 1.5in;23,4;1014;48;'26.07.2023 10:52:09.420;;
261;523,654;-2660,319;-330,256;0,000;0,000;0,000;0,000;RRR 1.5in;23,4;1014;48;'26.07.2023 10:52:09.430;;
262;523,654;-2660,319;-330,256;0,000;0,000;0,000;0,000;RRR 1.5in;23,4;1014;48;'26.07.2023 10:52:09.440;;
263;523,653;-2660,319;-330,256;0,000;0,000;0,000;0,000;RRR 1.5in;23,4;1014;48;'26.07.2023 10:52:09.450;;
264;523,653;-2660,319;-330,256;0,000;0,000;0,000;0,000;RRR 1.5in;23,4;1014;48;'26.07.2023 10:52:09.460;;
265;523,653;-2660,319;-330,255;0,000;0,000;0,000;0,000;RRR 1.5in;23,4;1014;48;'26.07.2023 10:52:09.470;;
266;523,653;-2660,320;-330,256;0,000;0,000;0,000;0,000;RRR 1.5in;23,4;1014;48;'26.07.2023 10:52:09.480;;
267;523,653;-2660,319;-330,256;0,000;0,000;0,000;0,000;RRR 1.5in;23,4;1014;48;'26.07.2023 10:52:09.490;;
268;523,653;-2660,320;-330,255;0,000;0,000;0,000;0,000;RRR 1.5in;23,4;1014;48;'26.07.2023 10:52:09.500;;
269;523,653;-2660,320;-330,256;0,000;0,000;0,000;0,000;RRR 1.5in;23,4;1014;48;'26.07.2023 10:52:09.510;;
270;523,652;-2660,319;-330,256;0,000;0,000;0,000;0,000;RRR 1.5in;23,4;1014;48;'26.07.2023 10:52:09.520;;
271;523,653;-2660,319;-330,256;0,000;0,000;0,000;0,000;RRR 1.5in;23,4;1014;48;'26.07.2023 10:52:09.530;;
272;523,654;-2660,320;-330,255;0,000;0,000;0,000;0,000;RRR 1.5in;23,4;1014;48;'26.07.2023 10:52:09.540;;
273;523,653;-2660,319;-330,254;0,000;0,000;0,000;0,000;RRR 1.5in;23,4;1014;48;'26.07.2023 10:52:09.550;;
274;523,653;-2660,320;-330,253;0,000;0,000;0,000;0,000;RRR 1.5in;23,4;1014;48;'26.07.2023 10:52:09.560;;
275;523,652;-2660,320;-330,252;0,000;0,000;0,000;0,000;RRR 1.5in;23,4;1014;48;'26.07.2023 10:52:09.570;;
276;523,653;-2660,321;-330,251;0,000;0,000;0,000;0,000;RRR 1.5in;23,4;1014;48;'26.07.2023 10:52:09.580;;
277;523,653;-2660,320;-330,252;0,000;0,000;0,000;0,000;RRR 1.5in;23,4;1014;48;'26.07.2023 10:52:09.590;;
278;523,654;-2660,319;-330,251;0,000;0,000;0,000;0,000;RRR 1.5in;23,4;1014;48;'26.07.2023 10:52:09.600;;
279;523,653;-2660,319;-330,251;0,000;0,000;0,000;0,000;RRR 1.5in;23,4;1014;48;'26.07.2023 10:52:09.610;;
280;523,653;-2660,320;-330,252;0,000;0,000;0,000;0,000;RRR 1.5in;23,4;1014;48;'26.07.2023 10:52:09.620;;
281;523,653;-2660,320;-330,253;0,000;0,000;0,000;0,000;RRR 1.5in;23,4;1014;48;'26.07.2023 10:52:09.630;;
282;523,654;-2660,320;-330,253;0,000;0,000;0,000;0,000;RRR 1.5in;23,4;1014;48;'26.07.2023 10:52:09.640;;
283;523,654;-2660,320;-330,251;0,000;0,000;0,000;0,000;RRR 1.5in;23,4;1014;48;'26.07.2023 10:52:09.650;;
284;523,656;-2660,320;-330,253;0,000;0,000;0,000;0,000;RRR 1.5in;23,4;1014;48;'26.07.2023 10:52:09.660;;
285;523,656;-2660,319;-330,253;0,000;0,000;0,000;0,000;RRR 1.5in;23,4;1014;48;'26.07.2023 10:52:09.670;;
286;523,656;-2660,319;-330,252;0,000;0,000;0,000;0,000;RRR 1.5in;23,4;1014;48;'26.07.2023 10:52:09.680;;
287;523,657;-2660,320;-330,252;0,000;0,000;0,000;0,000;RRR 1.5in;23,4;1014;48;'26.07.2023 10:52:09.690;;
288;523,662;-2660,324;-330,249;0,000;0,000;0,000;0,000;RRR 1.5in;23,4;1014;48;'26.07.2023 10:52:09.700;;
289;523,673;-2660,333;-330,241;0,000;0,000;0,000;0,000;RRR 1.5in;23,4;1014;48;'26.07.2023 10:52:09.710;;
290;523,691;-2660,354;-330,232;0,000;0,000;0,000;0,000;RRR 1.5in;23,4;1014;48;'26.07.2023 10:52:09.720;;
291;523,719;-2660,389;-330,216;0,000;0,000;0,000;0,000;RRR 1.5in;23,4;1014;48;'26.07.2023 10:52:09.730;;
292;523,759;-2660,438;-330,198;0,000;0,000;0,000;0,000;RRR 1.5in;23,4;1014;48;'26.07.2023 10:52:09.740;;
293;523,799;-2660,494;-330,180;0,000;0,000;0,000;0,000;RRR 1.5in;23,4;1014;48;'26.07.2023 10:52:09.750;;
294;523,844;-2660,552;-330,168;0,000;0,000;0,000;0,000;RRR 1.5in;23,4;1014;48;'26.07.2023 10:52:09.760;;
295;523,889;-2660,611;-330,155;0,000;0,000;0,000;0,000;RRR 1.5in;23,4;1014;48;'26.07.2023 10:52:09.770;;
296;523,935;-2660,687;-330,150;0,000;0,000;0,000;0,000;RRR 1.5in;23,4;1014;48;'26.07.2023 10:52:09.780;;
297;523,962;-2660,791;-330,153;0,000;0,000;0,000;0,000;RRR 1.5in;23,4;1014;48;'26.07.2023 10:52:09.790;;
298;523,965;-2660,926;-330,162;0,000;0,000;0,000;0,000;RRR 1.5in;23,4;1014;48;'26.07.2023 10:52:09.800;;
299;523,943;-2661,090;-330,177;0,000;0,000;0,000;0,000;RRR 1.5in;23,4;1014;48;'26.07.2023 10:52:09.810;;
300;523,904;-2661,271;-330,192;0,000;0,000;0,000;0,000;RRR 1.5in;23,4;1014;48;'26.07.2023 10:52:09.820;;
301;523,870;-2661,478;-330,204;0,000;0,000;0,000;0,000;RRR 1.5in;23,4;1014;48;'26.07.2023 10:52:09.830;;
302;523,836;-2661,708;-330,211;0,000;0,000;0,000;0,000;RRR 1.5in;23,4;1014;48;'26.07.2023 10:52:09.840;;
303;523,812;-2661,968;-330,215;0,000;0,000;0,000;0,000;RRR 1.5in;23,4;1014;48;'26.07.2023 10:52:09.850;;
304;523,774;-2662,242;-330,226;0,000;0,000;0,000;0,000;RRR 1.5in;23,4;1014;48;'26.07.2023 10:52:09.860;;
305;523,743;-2662,505;-330,226;0,000;0,000;0,000;0,000;RRR 1.5in;23,4;1014;48;'26.07.2023 10:52:09.870;;
306;523,729;-2662,758;-330,212;0,000;0,000;0,000;0,000;RRR 1.5in;23,4;1014;48;'26.07.2023 10:52:09.880;;
307;523,727;-2663,042;-330,206;0,000;0,000;0,000;0,000;RRR 1.5in;23,4;1014;48;'26.07.2023 10:52:09.890;;
308;523,743;-2663,370;-330,212;0,000;0,000;0,000;0,000;RRR 1.5in;23,4;1014;48;'26.07.2023 10:52:09.900;;
309;523,743;-2663,713;-330,213;0,000;0,000;0,000;0,000;RRR 1.5in;23,4;1014;48;'26.07.2023 10:52:09.910;;
310;523,730;-2664,066;-330,213;0,000;0,000;0,000;0,000;RRR 1.5in;23,4;1014;48;'26.07.2023 10:52:09.920;;
311;523,702;-2664,445;-330,216;0,000;0,000;0,000;0,000;RRR 1.5in;23,4;1014;48;'26.07.2023 10:52:09.930;;
312;523,664;-2664,868;-330,221;0,000;0,000;0,000;0,000;RRR 1.5in;23,4;1014;48;'26.07.2023 10:52:09.940;;
313;523,626;-2665,336;-330,233;0,000;0,000;0,000;0,000;RRR 1.5in;23,4;1014;48;'26.07.2023 10:52:09.950;;
314;523,582;-2665,823;-330,237;0,000;0,000;0,000;0,000;RRR 1.5in;23,4;1014;48;'26.07.2023 10:52:09.960;;
315;523,531;-2666,318;-330,230;0,000;0,000;0,000;0,000;RRR 1.5in;23,4;1014;48;'26.07.2023 10:52:09.970;;
316;523,477;-2666,831;-330,221;0,000;0,000;0,000;0,000;RRR 1.5in;23,4;1014;48;'26.07.2023 10:52:09.980;;
317;523,420;-2667,367;-330,219;0,000;0,000;0,000;0,000;RRR 1.5in;23,4;1014;48;'26.07.2023 10:52:09.990;;
318;523,368;-2667,907;-330,214;0,000;0,000;0,000;0,000;RRR 1.5in;23,4;1014;48;'26.07.2023 10:52:10.000;;
319;523,341;-2668,446;-330,208;0,000;0,000;0,000;0,000;RRR 1.5in;23,4;1014;48;'26.07.2023 10:52:10.010;;
320;523,324;-2668,998;-330,204;0,000;0,000;0,000;0,000;RRR 1.5in;23,4;1014;48;'26.07.2023 10:52:10.020;;
321;523,320;-2669,570;-330,206;0,000;0,000;0,000;0,000;RRR 1.5in;23,4;1014;48;'26.07.2023 10:52:10.030;;
322;523,300;-2670,160;-330,208;0,000;0,000;0,000;0,000;RRR 1.5in;23,4;1014;48;'26.07.2023 10:52:10.040;;
323;523,286;-2670,766;-330,207;0,000;0,000;0,000;0,000;RRR 1.5in;23,4;1014;48;'26.07.2023 10:52:10.050;;
324;523,256;-2671,392;-330,205;0,000;0,000;0,000;0,000;RRR 1.5in;23,4;1014;48;'26.07.2023 10:52:10.060;;
325;523,213;-2672,027;-330,197;0,000;0,000;0,000;0,000;RRR 1.5in;23,4;1014;48;'26.07.2023 10:52:10.070;;
326;523,165;-2672,671;-330,187;0,000;0,000;0,000;0,000;RRR 1.5in;23,4;1014;48;'26.07.2023 10:52:10.080;;
327;523,092;-2673,320;-330,176;0,000;0,000;0,000;0,000;RRR 1.5in;23,4;1014;48;'26.07.2023 10:52:10.090;;
328;523,043;-2674,005;-330,169;0,000;0,000;0,000;0,000;RRR 1.5in;23,4;1014;48;'26.07.2023 10:52:10.100;;
329;522,992;-2674,707;-330,167;0,000;0,000;0,000;0,000;RRR 1.5in;23,4;1014;48;'26.07.2023 10:52:10.110;;
330;522,963;-2675,412;-330,167;0,000;0,000;0,000;0,000;RRR 1.5in;23,4;1014;48;'26.07.2023 10:52:10.120;;
331;522,918;-2676,090;-330,160;0,000;0,000;0,000;0,000;RRR 1.5in;23,4;1014;48;'26.07.2023 10:52:10.130;;
332;522,885;-2676,755;-330,153;0,000;0,000;0,000;0,000;RRR 1.5in;23,4;1014;48;'26.07.2023 10:52:10.140;;
333;522,847;-2677,414;-330,148;0,000;0,000;0,000;0,000;RRR 1.5in;23,4;1014;48;'26.07.2023 10:52:10.150;;
334;522,822;-2678,071;-330,146;0,000;0,000;0,000;0,000;RRR 1.5in;23,4;1014;48;'26.07.2023 10:52:10.160;;
335;522,778;-2678,730;-330,139;0,000;0,000;0,000;0,000;RRR 1.5in;23,4;1014;48;'26.07.2023 10:52:10.170;;
336;522,750;-2679,410;-330,131;0,000;0,000;0,000;0,000;RRR 1.5in;23,4;1014;48;'26.07.2023 10:52:10.180;;
337;522,738;-2680,118;-330,124;0,000;0,000;0,000;0,000;RRR 1.5in;23,4;1014;48;'26.07.2023 10:52:10.190;;
338;522,712;-2680,837;-330,120;0,000;0,000;0,000;0,000;RRR 1.5in;23,4;1014;48;'26.07.2023 10:52:10.200;;
339;522,662;-2681,546;-330,111;0,000;0,000;0,000;0,000;RRR 1.5in;23,4;1014;48;'26.07.2023 10:52:10.210;;
340;522,600;-2682,229;-330,091;0,000;0,000;0,000;0,000;RRR 1.5in;23,4;1014;48;'26.07.2023 10:52:10.220;;
341;522,535;-2682,918;-330,082;0,000;0,000;0,000;0,000;RRR 1.5in;23,4;1014;48;'26.07.2023 10:52:10.230;;
342;522,483;-2683,616;-330,087;0,000;0,000;0,000;0,000;RRR 1.5in;23,4;1014;48;'26.07.2023 10:52:10.240;;
343;522,428;-2684,301;-330,087;0,000;0,000;0,000;0,000;RRR 1.5in;23,4;1014;48;'26.07.2023 10:52:10.250;;
344;522,398;-2684,977;-330,083;0,000;0,000;0,000;0,000;RRR 1.5in;23,4;1014;48;'26.07.2023 10:52:10.260;;
345;522,371;-2685,669;-330,089;0,000;0,000;0,000;0,000;RRR 1.5in;23,4;1014;48;'26.07.2023 10:52:10.270;;
346;522,350;-2686,360;-330,099;0,000;0,000;0,000;0,000;RRR 1.5in;23,4;1014;48;'26.07.2023 10:52:10.280;;
347;522,322;-2687,021;-330,090;0,000;0,000;0,000;0,000;RRR 1.5in;23,4;1014;48;'26.07.2023 10:52:10.290;;
348;522,278;-2687,675;-330,078;0,000;0,000;0,000;0,000;RRR 1.5in;23,4;1014;48;'26.07.2023 10:52:10.300;;
349;522,222;-2688,349;-330,077;0,000;0,000;0,000;0,000;RRR 1.5in;23,4;1014;48;'26.07.2023 10:52:10.310;;
350;522,185;-2689,040;-330,077;0,000;0,000;0,000;0,000;RRR 1.5in;23,4;1014;48;'26.07.2023 10:52:10.320;;
351;522,150;-2689,737;-330,070;0,000;0,000;0,000;0,000;RRR 1.5in;23,4;1014;48;'26.07.2023 10:52:10.330;;
352;522,109;-2690,448;-330,063;0,000;0,000;0,000;0,000;RRR 1.5in;23,4;1014;48;'26.07.2023 10:52:10.340;;
353;522,056;-2691,174;-330,066;0,000;0,000;0,000;0,000;RRR 1.5in;23,4;1014;48;'26.07.2023 10:52:10.350;;
354;522,014;-2691,888;-330,073;0,000;0,000;0,000;0,000;RRR 1.5in;23,4;1014;48;'26.07.2023 10:52:10.360;;
355;521,962;-2692,569;-330,072;0,000;0,000;0,000;0,000;RRR 1.5in;23,4;1014;48;'26.07.2023 10:52:10.370;;
356;521,898;-2693,225;-330,068;0,000;0,000;0,000;0,000;RRR 1.5in;23,4;1014;48;'26.07.2023 10:52:10.380;;
357;521,837;-2693,889;-330,072;0,000;0,000;0,000;0,000;RRR 1.5in;23,4;1014;48;'26.07.2023 10:52:10.390;;
358;521,817;-2694,572;-330,077;0,000;0,000;0,000;0,000;RRR 1.5in;23,4;1014;48;'26.07.2023 10:52:10.400;;
359;521,804;-2695,259;-330,070;0,000;0,000;0,000;0,000;RRR 1.5in;23,4;1014;48;'26.07.2023 10:52:10.410;;
360;521,788;-2695,947;-330,062;0,000;0,000;0,000;0,000;RRR 1.5in;23,4;1014;48;'26.07.2023 10:52:10.420;;
361;521,758;-2696,623;-330,050;0,000;0,000;0,000;0,000;RRR 1.5in;23,4;1014;48;'26.07.2023 10:52:10.430;;
362;521,721;-2697,299;-330,049;0,000;0,000;0,000;0,000;RRR 1.5in;23,4;1014;48;'26.07.2023 10:52:10.440;;
363;521,664;-2697,969;-330,044;0,000;0,000;0,000;0,000;RRR 1.5in;23,4;1014;48;'26.07.2023 10:52:10.450;;
364;521,604;-2698,640;-330,040;0,000;0,000;0,000;0,000;RRR 1.5in;23,4;1014;48;'26.07.2023 10:52:10.460;;
365;521,545;-2699,337;-330,042;0,000;0,000;0,000;0,000;RRR 1.5in;23,4;1014;48;'26.07.2023 10:52:10.470;;
366;521,503;-2700,073;-330,061;0,000;0,000;0,000;0,000;RRR 1.5in;23,4;1014;48;'26.07.2023 10:52:10.480;;
367;521,455;-2700,801;-330,072;0,000;0,000;0,000;0,000;RRR 1.5in;23,4;1014;48;'26.07.2023 10:52:10.490;;
368;521,426;-2701,492;-330,065;0,000;0,000;0,000;0,000;RRR 1.5in;23,4;1014;48;'26.07.2023 10:52:10.500;;
369;521,377;-2702,164;-330,061;0,000;0,000;0,000;0,000;RRR 1.5in;23,4;1014;48;'26.07.2023 10:52:10.510;;
370;521,331;-2702,835;-330,061;0,000;0,000;0,000;0,000;RRR 1.5in;23,4;1014;48;'26.07.2023 10:52:10.520;;
371;521,303;-2703,495;-330,049;0,000;0,000;0,000;0,000;RRR 1.5in;23,4;1014;48;'26.07.2023 10:52:10.530;;
372;521,292;-2704,158;-330,037;0,000;0,000;0,000;0,000;RRR 1.5in;23,4;1014;48;'26.07.2023 10:52:10.540;;
373;521,264;-2704,842;-330,031;0,000;0,000;0,000;0,000;RRR 1.5in;23,4;1014;48;'26.07.2023 10:52:10.550;;
374;521,239;-2705,538;-330,032;0,000;0,000;0,000;0,000;RRR 1.5in;23,4;1014;48;'26.07.2023 10:52:10.560;;
375;521,201;-2706,223;-330,024;0,000;0,000;0,000;0,000;RRR 1.5in;23,4;1014;48;'26.07.2023 10:52:10.570;;
376;521,167;-2706,908;-330,021;0,000;0,000;0,000;0,000;RRR 1.5in;23,4;1014;48;'26.07.2023 10:52:10.580;;
377;521,096;-2707,595;-330,024;0,000;0,000;0,000;0,000;RRR 1.5in;23,4;1014;48;'26.07.2023 10:52:10.590;;
378;521,030;-2708,284;-330,028;0,000;0,000;0,000;0,000;RRR 1.5in;23,4;1014;48;'26.07.2023 10:52:10.600;;
379;520,981;-2708,979;-330,028;0,000;0,000;0,000;0,000;RRR 1.5in;23,4;1014;48;'26.07.2023 10:52:10.610;;
380;520,930;-2709,689;-330,032;0,000;0,000;0,000;0,000;RRR 1.5in;23,4;1014;48;'26.07.2023 10:52:10.620;;
381;520,889;-2710,403;-330,033;0,000;0,000;0,000;0,000;RRR 1.5in;23,4;1014;48;'26.07.2023 10:52:10.630;;
382;520,869;-2711,098;-330,019;0,000;0,000;0,000;0,000;RRR 1.5in;23,4;1014;48;'26.07.2023 10:52:10.640;;
383;520,841;-2711,780;-330,007;0,000;0,000;0,000;0,000;RRR 1.5in;23,4;1014;48;'26.07.2023 10:52:10.650;;
384;520,807;-2712,453;-329,998;0,000;0,000;0,000;0,000;RRR 1.5in;23,4;1014;48;'26.07.2023 10:52:10.660;;
385;520,772;-2713,104;-329,987;0,000;0,000;0,000;0,000;RRR 1.5in;23,4;1014;48;'26.07.2023 10:52:10.670;;
386;520,743;-2713,759;-329,982;0,000;0,000;0,000;0,000;RRR 1.5in;23,4;1014;48;'26.07.2023 10:52:10.680;;
387;520,719;-2714,437;-329,984;0,000;0,000;0,000;0,000;RRR 1.5in;23,4;1014;48;'26.07.2023 10:52:10.690;;
388;520,693;-2715,132;-329,986;0,000;0,000;0,000;0,000;RRR 1.5in;23,4;1014;48;'26.07.2023 10:52:10.700;;
389;520,667;-2715,830;-329,984;0,000;0,000;0,000;0,000;RRR 1.5in;23,4;1014;48;'26.07.2023 10:52:10.710;;
390;520,613;-2716,533;-329,987;0,000;0,000;0,000;0,000;RRR 1.5in;23,4;1014;48;'26.07.2023 10:52:10.720;;
391;520,541;-2717,229;-329,985;0,000;0,000;0,000;0,000;RRR 1.5in;23,4;1014;48;'26.07.2023 10:52:10.730;;
392;520,483;-2717,911;-329,976;0,000;0,000;0,000;0,000;RRR 1.5in;23,4;1014;48;'26.07.2023 10:52:10.740;;
393;520,432;-2718,598;-329,969;0,000;0,000;0,000;0,000;RRR 1.5in;23,4;1014;48;'26.07.2023 10:52:10.750;;
394;520,380;-2719,302;-329,966;0,000;0,000;0,000;0,000;RRR 1.5in;23,4;1014;48;'26.07.2023 10:52:10.760;;
395;520,346;-2720,011;-329,964;0,000;0,000;0,000;0,000;RRR 1.5in;23,4;1014;48;'26.07.2023 10:52:10.770;;
396;520,328;-2720,701;-329,957;0,000;0,000;0,000;0,000;RRR 1.5in;23,4;1014;48;'26.07.2023 10:52:10.780;;
397;520,304;-2721,375;-329,952;0,000;0,000;0,000;0,000;RRR 1.5in;23,4;1014;48;'26.07.2023 10:52:10.790;;
398;520,263;-2722,030;-329,950;0,000;0,000;0,000;0,000;RRR 1.5in;23,4;1014;48;'26.07.2023 10:52:10.800;;
399;520,231;-2722,675;-329,942;0,000;0,000;0,000;0,000;RRR 1.5in;23,4;1014;48;'26.07.2023 10:52:10.810;;
400;520,212;-2723,342;-329,939;0,000;0,000;0,000;0,000;RRR 1.5in;23,4;1014;48;'26.07.2023 10:52:10.820;;
401;520,183;-2724,038;-329,941;0,000;0,000;0,000;0,000;RRR 1.5in;23,4;1014;48;'26.07.2023 10:52:10.830;;
402;520,151;-2724,740;-329,932;0,000;0,000;0,000;0,000;RRR 1.5in;23,4;1014;48;'26.07.2023 10:52:10.840;;
403;520,111;-2725,440;-329,917;0,000;0,000;0,000;0,000;RRR 1.5in;23,4;1014;48;'26.07.2023 10:52:10.850;;
404;520,045;-2726,154;-329,915;0,000;0,000;0,000;0,000;RRR 1.5in;23,4;1014;48;'26.07.2023 10:52:10.860;;
405;519,988;-2726,865;-329,919;0,000;0,000;0,000;0,000;RRR 1.5in;23,4;1014;48;'26.07.2023 10:52:10.870;;
406;519,935;-2727,545;-329,905;0,000;0,000;0,000;0,000;RRR 1.5in;23,4;1014;48;'26.07.2023 10:52:10.880;;
407;519,893;-2728,227;-329,902;0,000;0,000;0,000;0,000;RRR 1.5in;23,4;1014;48;'26.07.2023 10:52:10.890;;
408;519,840;-2728,932;-329,908;0,000;0,000;0,000;0,000;RRR 1.5in;23,4;1014;48;'26.07.2023 10:52:10.900;;
409;519,813;-2729,636;-329,914;0,000;0,000;0,000;0,000;RRR 1.5in;23,4;1014;48;'26.07.2023 10:52:10.910;;
410;519,799;-2730,317;-329,905;0,000;0,000;0,000;0,000;RRR 1.5in;23,4;1014;48;'26.07.2023 10:52:10.920;;
411;519,774;-2730,986;-329,897;0,000;0,000;0,000;0,000;RRR 1.5in;23,4;1014;48;'26.07.2023 10:52:10.930;;
412;519,736;-2731,653;-329,894;0,000;0,000;0,000;0,000;RRR 1.5in;23,4;1014;48;'26.07.2023 10:52:10.940;;
413;519,706;-2732,316;-329,886;0,000;0,000;0,000;0,000;RRR 1.5in;23,4;1014;48;'26.07.2023 10:52:10.950;;
414;519,675;-2732,988;-329,880;0,000;0,000;0,000;0,000;RRR 1.5in;23,4;1014;48;'26.07.2023 10:52:10.960;;
415;519,631;-2733,681;-329,880;0,000;0,000;0,000;0,000;RRR 1.5in;23,4;1014;48;'26.07.2023 10:52:10.970;;
416;519,594;-2734,385;-329,879;0,000;0,000;0,000;0,000;RRR 1.5in;23,4;1014;48;'26.07.2023 10:52:10.980;;
417;519,558;-2735,091;-329,876;0,000;0,000;0,000;0,000;RRR 1.5in;23,4;1014;48;'26.07.2023 10:52:10.990;;
418;519,518;-2735,797;-329,873;0,000;0,000;0,000;0,000;RRR 1.5in;23,4;1014;48;'26.07.2023 10:52:11.000;;
419;519,456;-2736,494;-329,871;0,000;0,000;0,000;0,000;RRR 1.5in;23,4;1014;48;'26.07.2023 10:52:11.010;;
420;519,405;-2737,179;-329,868;0,000;0,000;0,000;0,000;RRR 1.5in;23,4;1014;48;'26.07.2023 10:52:11.020;;
421;519,340;-2737,870;-329,870;0,000;0,000;0,000;0,000;RRR 1.5in;23,4;1014;48;'26.07.2023 10:52:11.030;;
422;519,300;-2738,567;-329,871;0,000;0,000;0,000;0,000;RRR 1.5in;23,4;1014;48;'26.07.2023 10:52:11.040;;
423;519,290;-2739,259;-329,862;0,000;0,000;0,000;0,000;RRR 1.5in;23,4;1014;48;'26.07.2023 10:52:11.050;;
424;519,270;-2739,949;-329,863;0,000;0,000;0,000;0,000;RRR 1.5in;23,4;1014;48;'26.07.2023 10:52:11.060;;
425;519,235;-2740,630;-329,861;0,000;0,000;0,000;0,000;RRR 1.5in;23,4;1014;48;'26.07.2023 10:52:11.070;;
426;519,210;-2741,284;-329,851;0,000;0,000;0,000;0,000;RRR 1.5in;23,4;1014;48;'26.07.2023 10:52:11.080;;
427;519,180;-2741,937;-329,846;0,000;0,000;0,000;0,000;RRR 1.5in;23,4;1014;48;'26.07.2023 10:52:11.090;;
428;519,135;-2742,617;-329,852;0,000;0,000;0,000;0,000;RRR 1.5in;23,4;1014;48;'26.07.2023 10:52:11.100;;
429;519,077;-2743,309;-329,857;0,000;0,000;0,000;0,000;RRR 1.5in;23,4;1014;48;'26.07.2023 10:52:11.110;;
430;519,052;-2744,005;-329,850;0,000;0,000;0,000;0,000;RRR 1.5in;23,4;1014;48;'26.07.2023 10:52:11.120;;
431;519,021;-2744,720;-329,847;0,000;0,000;0,000;0,000;RRR 1.5in;23,4;1014;48;'26.07.2023 10:52:11.130;;
432;518,958;-2745,437;-329,851;0,000;0,000;0,000;0,000;RRR 1.5in;23,4;1014;48;'26.07.2023 10:52:11.140;;
433;518,896;-2746,133;-329,847;0,000;0,000;0,000;0,000;RRR 1.5in;23,4;1014;48;'26.07.2023 10:52:11.150;;
434;518,842;-2746,813;-329,843;0,000;0,000;0,000;0,000;RRR 1.5in;23,4;1014;48;'26.07.2023 10:52:11.160;;
435;518,802;-2747,495;-329,841;0,000;0,000;0,000;0,000;RRR 1.5in;23,4;1014;48;'26.07.2023 10:52:11.170;;
436;518,774;-2748,176;-329,841;0,000;0,000;0,000;0,000;RRR 1.5in;23,4;1014;48;'26.07.2023 10:52:11.180;;
437;518,742;-2748,851;-329,837;0,000;0,000;0,000;0,000;RRR 1.5in;23,4;1014;48;'26.07.2023 10:52:11.190;;
438;518,703;-2749,537;-329,836;0,000;0,000;0,000;0,000;RRR 1.5in;23,4;1014;48;'26.07.2023 10:52:11.200;;
439;518,669;-2750,224;-329,838;0,000;0,000;0,000;0,000;RRR 1.5in;23,4;1014;48;'26.07.2023 10:52:11.210;;
440;518,651;-2750,894;-329,827;0,000;0,000;0,000;0,000;RRR 1.5in;23,4;1014;48;'26.07.2023 10:52:11.220;;
441;518,616;-2751,559;-329,817;0,000;0,000;0,000;0,000;RRR 1.5in;23,4;1014;48;'26.07.2023 10:52:11.230;;
442;518,557;-2752,244;-329,816;0,000;0,000;0,000;0,000;RRR 1.5in;23,4;1014;48;'26.07.2023 10:52:11.240;;
443;518,522;-2752,935;-329,811;0,000;0,000;0,000;0,000;RRR 1.5in;23,4;1014;48;'26.07.2023 10:52:11.250;;
444;518,489;-2753,629;-329,803;0,000;0,000;0,000;0,000;RRR 1.5in;23,4;1014;48;'26.07.2023 10:52:11.260;;
445;518,437;-2754,333;-329,798;0,000;0,000;0,000;0,000;RRR 1.5in;23,4;1014;48;'26.07.2023 10:52:11.270;;
446;518,378;-2755,040;-329,798;0,000;0,000;0,000;0,000;RRR 1.5in;23,4;1014;48;'26.07.2023 10:52:11.280;;
447;518,331;-2755,731;-329,797;0,000;0,000;0,000;0,000;RRR 1.5in;23,4;1014;48;'26.07.2023 10:52:11.290;;
448;518,293;-2756,409;-329,791;0,000;0,000;0,000;0,000;RRR 1.5in;23,4;1014;48;'26.07.2023 10:52:11.300;;
449;518,246;-2757,084;-329,788;0,000;0,000;0,000;0,000;RRR 1.5in;23,4;1014;48;'26.07.2023 10:52:11.310;;
450;518,196;-2757,763;-329,787;0,000;0,000;0,000;0,000;RRR 1.5in;23,4;1014;48;'26.07.2023 10:52:11.320;;
451;518,167;-2758,459;-329,787;0,000;0,000;0,000;0,000;RRR 1.5in;23,4;1014;48;'26.07.2023 10:52:11.330;;
452;518,140;-2759,156;-329,781;0,000;0,000;0,000;0,000;RRR 1.5in;23,4;1014;48;'26.07.2023 10:52:11.340;;
453;518,121;-2759,838;-329,771;0,000;0,000;0,000;0,000;RRR 1.5in;23,4;1014;48;'26.07.2023 10:52:11.350;;
454;518,084;-2760,498;-329,761;0,000;0,000;0,000;0,000;RRR 1.5in;23,4;1014;48;'26.07.2023 10:52:11.360;;
455;518,029;-2761,165;-329,757;0,000;0,000;0,000;0,000;RRR 1.5in;23,4;1014;48;'26.07.2023 10:52:11.370;;
456;517,990;-2761,851;-329,759;0,000;0,000;0,000;0,000;RRR 1.5in;23,4;1014;48;'26.07.2023 10:52:11.380;;
457;517,963;-2762,548;-329,757;0,000;0,000;0,000;0,000;RRR 1.5in;23,4;1014;48;'26.07.2023 10:52:11.390;;
458;517,924;-2763,251;-329,756;0,000;0,000;0,000;0,000;RRR 1.5in;23,4;1014;48;'26.07.2023 10:52:11.400;;
459;517,868;-2763,954;-329,755;0,000;0,000;0,000;0,000;RRR 1.5in;23,4;1014;48;'26.07.2023 10:52:11.410;;
460;517,827;-2764,641;-329,746;0,000;0,000;0,000;0,000;RRR 1.5in;23,4;1014;48;'26.07.2023 10:52:11.420;;
461;517,787;-2765,317;-329,736;0,000;0,000;0,000;0,000;RRR 1.5in;23,4;1014;48;'26.07.2023 10:52:11.430;;
462;517,732;-2765,995;-329,729;0,000;0,000;0,000;0,000;RRR 1.5in;23,4;1014;48;'26.07.2023 10:52:11.440;;
463;517,684;-2766,683;-329,723;0,000;0,000;0,000;0,000;RRR 1.5in;23,4;1014;48;'26.07.2023 10:52:11.450;;
464;517,656;-2767,393;-329,724;0,000;0,000;0,000;0,000;RRR 1.5in;23,4;1014;48;'26.07.2023 10:52:11.460;;
465;517,630;-2768,104;-329,723;0,000;0,000;0,000;0,000;RRR 1.5in;23,4;1014;48;'26.07.2023 10:52:11.470;;
466;517,600;-2768,799;-329,721;0,000;0,000;0,000;0,000;RRR 1.5in;23,4;1014;48;'26.07.2023 10:52:11.480;;
467;517,544;-2769,463;-329,716;0,000;0,000;0,000;0,000;RRR 1.5in;23,4;1014;48;'26.07.2023 10:52:11.490;;
468;517,491;-2770,129;-329,714;0,000;0,000;0,000;0,000;RRR 1.5in;23,4;1014;48;'26.07.2023 10:52:11.500;;
469;517,442;-2770,808;-329,723;0,000;0,000;0,000;0,000;RRR 1.5in;23,4;1014;48;'26.07.2023 10:52:11.510;;
470;517,413;-2771,492;-329,726;0,000;0,000;0,000;0,000;RRR 1.5in;23,4;1014;48;'26.07.2023 10:52:11.520;;
471;517,380;-2772,181;-329,722;0,000;0,000;0,000;0,000;RRR 1.5in;23,4;1014;48;'26.07.2023 10:52:11.530;;
472;517,326;-2772,880;-329,720;0,000;0,000;0,000;0,000;RRR 1.5in;23,4;1014;48;'26.07.2023 10:52:11.540;;
473;517,296;-2773,583;-329,718;0,000;0,000;0,000;0,000;RRR 1.5in;23,4;1014;48;'26.07.2023 10:52:11.550;;
474;517,269;-2774,268;-329,712;0,000;0,000;0,000;0,000;RRR 1.5in;23,4;1014;48;'26.07.2023 10:52:11.560;;
475;517,224;-2774,934;-329,705;0,000;0,000;0,000;0,000;RRR 1.5in;23,4;1014;48;'26.07.2023 10:52:11.570;;
476;517,167;-2775,601;-329,706;0,000;0,000;0,000;0,000;RRR 1.5in;23,4;1014;48;'26.07.2023 10:52:11.580;;
477;517,120;-2776,285;-329,716;0,000;0,000;0,000;0,000;RRR 1.5in;23,4;1014;48;'26.07.2023 10:52:11.590;;
478;517,083;-2776,990;-329,726;0,000;0,000;0,000;0,000;RRR 1.5in;23,4;1014;48;'26.07.2023 10:52:11.600;;
479;517,041;-2777,693;-329,729;0,000;0,000;0,000;0,000;RRR 1.5in;23,4;1014;48;'26.07.2023 10:52:11.610;;
480;516,988;-2778,379;-329,722;0,000;0,000;0,000;0,000;RRR 1.5in;23,4;1014;48;'26.07.2023 10:52:11.620;;
481;516,932;-2779,064;-329,721;0,000;0,000;0,000;0,000;RRR 1.5in;23,4;1014;48;'26.07.2023 10:52:11.630;;
482;516,881;-2779,755;-329,725;0,000;0,000;0,000;0,000;RRR 1.5in;23,4;1014;48;'26.07.2023 10:52:11.640;;
483;516,845;-2780,431;-329,721;0,000;0,000;0,000;0,000;RRR 1.5in;23,4;1014;48;'26.07.2023 10:52:11.650;;
484;516,806;-2781,101;-329,719;0,000;0,000;0,000;0,000;RRR 1.5in;23,4;1014;48;'26.07.2023 10:52:11.660;;
485;516,762;-2781,787;-329,717;0,000;0,000;0,000;0,000;RRR 1.5in;23,4;1014;48;'26.07.2023 10:52:11.670;;
486;516,733;-2782,488;-329,724;0,000;0,000;0,000;0,000;RRR 1.5in;23,4;1014;48;'26.07.2023 10:52:11.680;;
487;516,706;-2783,174;-329,725;0,000;0,000;0,000;0,000;RRR 1.5in;23,4;1014;48;'26.07.2023 10:52:11.690;;
488;516,672;-2783,835;-329,720;0,000;0,000;0,000;0,000;RRR 1.5in;23,4;1014;48;'26.07.2023 10:52:11.700;;
489;516,619;-2784,497;-329,720;0,000;0,000;0,000;0,000;RRR 1.5in;23,4;1014;48;'26.07.2023 10:52:11.710;;
490;516,577;-2785,183;-329,724;0,000;0,000;0,000;0,000;RRR 1.5in;23,4;1014;48;'26.07.2023 10:52:11.720;;
491;516,539;-2785,892;-329,734;0,000;0,000;0,000;0,000;RRR 1.5in;23,4;1014;48;'26.07.2023 10:52:11.730;;
492;516,492;-2786,599;-329,733;0,000;0,000;0,000;0,000;RRR 1.5in;23,4;1014;48;'26.07.2023 10:52:11.740;;
493;516,444;-2787,293;-329,724;0,000;0,000;0,000;0,000;RRR 1.5in;23,4;1014;48;'26.07.2023 10:52:11.750;;
494;516,383;-2787,976;-329,718;0,000;0,000;0,000;0,000;RRR 1.5in;23,4;1014;48;'26.07.2023 10:52:11.760;;
495;516,329;-2788,664;-329,715;0,000;0,000;0,000;0,000;RRR 1.5in;23,4;1014;48;'26.07.2023 10:52:11.770;;
496;516,286;-2789,353;-329,713;0,000;0,000;0,000;0,000;RRR 1.5in;23,4;1014;48;'26.07.2023 10:52:11.780;;
497;516,246;-2790,047;-329,713;0,000;0,000;0,000;0,000;RRR 1.5in;23,4;1014;48;'26.07.2023 10:52:11.790;;
498;516,202;-2790,748;-329,716;0,000;0,000;0,000;0,000;RRR 1.5in;23,4;1014;48;'26.07.2023 10:52:11.800;;
499;516,160;-2791,442;-329,719;0,000;0,000;0,000;0,000;RRR 1.5in;23,4;1014;48;'26.07.2023 10:52:11.810;;
500;516,129;-2792,116;-329,709;0,000;0,000;0,000;0,000;RRR 1.5in;23,4;1014;48;'26.07.2023 10:52:11.820;;
501;516,088;-2792,782;-329,703;0,000;0,000;0,000;0,000;RRR 1.5in;23,4;1014;48;'26.07.2023 10:52:11.830;;
502;516,037;-2793,457;-329,701;0,000;0,000;0,000;0,000;RRR 1.5in;23,4;1014;48;'26.07.2023 10:52:11.840;;
503;516,009;-2794,137;-329,691;0,000;0,000;0,000;0,000;RRR 1.5in;23,4;1014;48;'26.07.2023 10:52:11.850;;
504;515,994;-2794,839;-329,686;0,000;0,000;0,000;0,000;RRR 1.5in;23,4;1014;48;'26.07.2023 10:52:11.860;;
505;515,960;-2795,548;-329,684;0,000;0,000;0,000;0,000;RRR 1.5in;23,4;1014;48;'26.07.2023 10:52:11.870;;
506;515,919;-2796,241;-329,672;0,000;0,000;0,000;0,000;RRR 1.5in;23,4;1014;48;'26.07.2023 10:52:11.880;;
507;515,875;-2796,911;-329,656;0,000;0,000;0,000;0,000;RRR 1.5in;23,4;1014;48;'26.07.2023 10:52:11.890;;
508;515,821;-2797,599;-329,654;0,000;0,000;0,000;0,000;RRR 1.5in;23,4;1014;48;'26.07.2023 10:52:11.900;;
509;515,760;-2798,299;-329,659;0,000;0,000;0,000;0,000;RRR 1.5in;23,4;1014;48;'26.07.2023 10:52:11.910;;
510;515,725;-2798,991;-329,656;0,000;0,000;0,000;0,000;RRR 1.5in;23,4;1014;48;'26.07.2023 10:52:11.920;;
511;515,679;-2799,685;-329,650;0,000;0,000;0,000;0,000;RRR 1.5in;23,4;1014;48;'26.07.2023 10:52:11.930;;
512;515,634;-2800,391;-329,648;0,000;0,000;0,000;0,000;RRR 1.5in;23,4;1014;48;'26.07.2023 10:52:11.940;;
513;515,602;-2801,085;-329,645;0,000;0,000;0,000;0,000;RRR 1.5in;23,4;1014;48;'26.07.2023 10:52:11.950;;
514;515,565;-2801,753;-329,635;0,000;0,000;0,000;0,000;RRR 1.5in;23,4;1014;48;'26.07.2023 10:52:11.960;;
515;515,534;-2802,421;-329,623;0,000;0,000;0,000;0,000;RRR 1.5in;23,4;1014;48;'26.07.2023 10:52:11.970;;
516;515,494;-2803,097;-329,619;0,000;0,000;0,000;0,000;RRR 1.5in;23,4;1014;48;'26.07.2023 10:52:11.980;;
517;515,469;-2803,797;-329,627;0,000;0,000;0,000;0,000;RRR 1.5in;23,4;1014;48;'26.07.2023 10:52:11.990;;
518;515,426;-2804,487;-329,626;0,000;0,000;0,000;0,000;RRR 1.5in;23,4;1014;48;'26.07.2023 10:52:12.000;;
519;515,390;-2805,159;-329,614;0,000;0,000;0,000;0,000;RRR 1.5in;23,4;1014;48;'26.07.2023 10:52:12.010;;
520;515,354;-2805,830;-329,604;0,000;0,000;0,000;0,000;RRR 1.5in;23,4;1014;48;'26.07.2023 10:52:12.020;;
521;515,298;-2806,515;-329,604;0,000;0,000;0,000;0,000;RRR 1.5in;23,4;1014;48;'26.07.2023 10:52:12.030;;
522;515,245;-2807,204;-329,596;0,000;0,000;0,000;0,000;RRR 1.5in;23,4;1014;48;'26.07.2023 10:52:12.040;;
523;515,214;-2807,902;-329,587;0,000;0,000;0,000;0,000;RRR 1.5in;23,4;1014;48;'26.07.2023 10:52:12.050;;
524;515,169;-2808,615;-329,588;0,000;0,000;0,000;0,000;RRR 1.5in;23,4;1014;48;'26.07.2023 10:52:12.060;;
525;515,116;-2809,317;-329,591;0,000;0,000;0,000;0,000;RRR 1.5in;23,4;1014;48;'26.07.2023 10:52:12.070;;
526;515,061;-2809,991;-329,583;0,000;0,000;0,000;0,000;RRR 1.5in;23,4;1014;48;'26.07.2023 10:52:12.080;;
527;515,012;-2810,661;-329,578;0,000;0,000;0,000;0,000;RRR 1.5in;23,4;1014;48;'26.07.2023 10:52:12.090;;
528;514,966;-2811,354;-329,585;0,000;0,000;0,000;0,000;RRR 1.5in;23,4;1014;48;'26.07.2023 10:52:12.100;;
529;514,946;-2812,051;-329,588;0,000;0,000;0,000;0,000;RRR 1.5in;23,4;1014;48;'26.07.2023 10:52:12.110;;
530;514,920;-2812,745;-329,589;0,000;0,000;0,000;0,000;RRR 1.5in;23,4;1014;48;'26.07.2023 10:52:12.120;;
531;514,874;-2813,431;-329,586;0,000;0,000;0,000;0,000;RRR 1.5in;23,4;1014;48;'26.07.2023 10:52:12.130;;
532;514,842;-2814,103;-329,582;0,000;0,000;0,000;0,000;RRR 1.5in;23,4;1014;48;'26.07.2023 10:52:12.140;;
533;514,812;-2814,765;-329,576;0,000;0,000;0,000;0,000;RRR 1.5in;23,4;1014;48;'26.07.2023 10:52:12.150;;
534;514,767;-2815,426;-329,572;0,000;0,000;0,000;0,000;RRR 1.5in;23,4;1014;48;'26.07.2023 10:52:12.160;;
535;514,720;-2816,101;-329,572;0,000;0,000;0,000;0,000;RRR 1.5in;23,4;1014;48;'26.07.2023 10:52:12.170;;
536;514,681;-2816,793;-329,574;0,000;0,000;0,000;0,000;RRR 1.5in;23,4;1014;48;'26.07.2023 10:52:12.180;;
537;514,640;-2817,508;-329,581;0,000;0,000;0,000;0,000;RRR 1.5in;23,4;1014;48;'26.07.2023 10:52:12.190;;
538;514,577;-2818,212;-329,581;0,000;0,000;0,000;0,000;RRR 1.5in;23,4;1014;48;'26.07.2023 10:52:12.200;;
539;514,523;-2818,898;-329,576;0,000;0,000;0,000;0,000;RRR 1.5in;23,4;1014;48;'26.07.2023 10:52:12.210;;
540;514,466;-2819,582;-329,574;0,000;0,000;0,000;0,000;RRR 1.5in;23,4;1014;48;'26.07.2023 10:52:12.220;;
541;514,423;-2820,279;-329,577;0,000;0,000;0,000;0,000;RRR 1.5in;23,4;1014;48;'26.07.2023 10:52:12.230;;
542;514,397;-2820,975;-329,576;0,000;0,000;0,000;0,000;RRR 1.5in;23,4;1014;48;'26.07.2023 10:52:12.240;;
543;514,364;-2821,663;-329,572;0,000;0,000;0,000;0,000;RRR 1.5in;23,4;1014;48;'26.07.2023 10:52:12.250;;
544;514,324;-2822,358;-329,572;0,000;0,000;0,000;0,000;RRR 1.5in;23,4;1014;48;'26.07.2023 10:52:12.260;;
545;514,290;-2823,037;-329,568;0,000;0,000;0,000;0,000;RRR 1.5in;23,4;1014;48;'26.07.2023 10:52:12.270;;
546;514,274;-2823,700;-329,564;0,000;0,000;0,000;0,000;RRR 1.5in;23,4;1014;48;'26.07.2023 10:52:12.280;;
547;514,241;-2824,357;-329,558;0,000;0,000;0,000;0,000;RRR 1.5in;23,4;1014;48;'26.07.2023 10:52:12.290;;
548;514,195;-2825,031;-329,561;0,000;0,000;0,000;0,000;RRR 1.5in;23,4;1014;48;'26.07.2023 10:52:12.300;;
549;514,153;-2825,725;-329,568;0,000;0,000;0,000;0,000;RRR 1.5in;23,4;1014;48;'26.07.2023 10:52:12.310;;
550;514,112;-2826,426;-329,573;0,000;0,000;0,000;0,000;RRR 1.5in;23,4;1014;48;'26.07.2023 10:52:12.320;;
551;514,077;-2827,124;-329,568;0,000;0,000;0,000;0,000;RRR 1.5in;23,4;1014;48;'26.07.2023 10:52:12.330;;
552;514,023;-2827,808;-329,561;0,000;0,000;0,000;0,000;RRR 1.5in;23,4;1014;48;'26.07.2023 10:52:12.340;;
553;513,961;-2828,494;-329,563;0,000;0,000;0,000;0,000;RRR 1.5in;23,4;1014;48;'26.07.2023 10:52:12.350;;
554;513,903;-2829,183;-329,563;0,000;0,000;0,000;0,000;RRR 1.5in;23,4;1014;48;'26.07.2023 10:52:12.360;;
555;513,873;-2829,886;-329,560;0,000;0,000;0,000;0,000;RRR 1.5in;23,4;1014;48;'26.07.2023 10:52:12.370;;
556;513,838;-2830,599;-329,560;0,000;0,000;0,000;0,000;RRR 1.5in;23,4;1014;48;'26.07.2023 10:52:12.380;;
557;513,778;-2831,301;-329,562;0,000;0,000;0,000;0,000;RRR 1.5in;23,4;1014;48;'26.07.2023 10:52:12.390;;
558;513,740;-2831,972;-329,552;0,000;0,000;0,000;0,000;RRR 1.5in;23,4;1014;48;'26.07.2023 10:52:12.400;;
559;513,707;-2832,625;-329,541;0,000;0,000;0,000;0,000;RRR 1.5in;23,4;1014;48;'26.07.2023 10:52:12.410;;
560;513,692;-2833,295;-329,539;0,000;0,000;0,000;0,000;RRR 1.5in;23,4;1014;48;'26.07.2023 10:52:12.420;;
561;513,666;-2833,973;-329,537;0,000;0,000;0,000;0,000;RRR 1.5in;23,4;1014;48;'26.07.2023 10:52:12.430;;
562;513,633;-2834,655;-329,539;0,000;0,000;0,000;0,000;RRR 1.5in;23,4;1014;48;'26.07.2023 10:52:12.440;;
563;513,595;-2835,343;-329,538;0,000;0,000;0,000;0,000;RRR 1.5in;23,4;1014;48;'26.07.2023 10:52:12.450;;
564;513,551;-2836,024;-329,540;0,000;0,000;0,000;0,000;RRR 1.5in;23,4;1014;48;'26.07.2023 10:52:12.460;;
565;513,512;-2836,693;-329,535;0,000;0,000;0,000;0,000;RRR 1.5in;23,4;1014;48;'26.07.2023 10:52:12.470;;
566;513,455;-2837,367;-329,532;0,000;0,000;0,000;0,000;RRR 1.5in;23,4;1014;48;'26.07.2023 10:52:12.480;;
567;513,400;-2838,065;-329,532;0,000;0,000;0,000;0,000;RRR 1.5in;23,4;1014;48;'26.07.2023 10:52:12.490;;
568;513,369;-2838,786;-329,530;0,000;0,000;0,000;0,000;RRR 1.5in;23,4;1014;48;'26.07.2023 10:52:12.500;;
569;513,325;-2839,509;-329,531;0,000;0,000;0,000;0,000;RRR 1.5in;23,4;1014;48;'26.07.2023 10:52:12.510;;
570;513,264;-2840,207;-329,527;0,000;0,000;0,000;0,000;RRR 1.5in;23,4;1014;48;'26.07.2023 10:52:12.520;;
571;513,203;-2840,870;-329,515;0,000;0,000;0,000;0,000;RRR 1.5in;23,4;1014;48;'26.07.2023 10:52:12.530;;
572;513,173;-2841,533;-329,511;0,000;0,000;0,000;0,000;RRR 1.5in;23,4;1014;48;'26.07.2023 10:52:12.540;;
573;513,142;-2842,215;-329,515;0,000;0,000;0,000;0,000;RRR 1.5in;23,4;1014;48;'26.07.2023 10:52:12.550;;
574;513,111;-2842,894;-329,517;0,000;0,000;0,000;0,000;RRR 1.5in;23,4;1014;48;'26.07.2023 10:52:12.560;;
575;513,081;-2843,570;-329,509;0,000;0,000;0,000;0,000;RRR 1.5in;23,4;1014;48;'26.07.2023 10:52:12.570;;
576;513,039;-2844,259;-329,508;0,000;0,000;0,000;0,000;RRR 1.5in;23,4;1014;48;'26.07.2023 10:52:12.580;;
577;513,013;-2844,941;-329,503;0,000;0,000;0,000;0,000;RRR 1.5in;23,4;1014;48;'26.07.2023 10:52:12.590;;
578;512,988;-2845,606;-329,495;0,000;0,000;0,000;0,000;RRR 1.5in;23,4;1014;48;'26.07.2023 10:52:12.600;;
579;512,950;-2846,270;-329,482;0,000;0,000;0,000;0,000;RRR 1.5in;23,4;1014;48;'26.07.2023 10:52:12.610;;
580;512,909;-2846,962;-329,476;0,000;0,000;0,000;0,000;RRR 1.5in;23,4;1014;48;'26.07.2023 10:52:12.620;;
581;512,877;-2847,680;-329,479;0,000;0,000;0,000;0,000;RRR 1.5in;23,4;1014;48;'26.07.2023 10:52:12.630;;
582;512,843;-2848,401;-329,481;0,000;0,000;0,000;0,000;RRR 1.5in;23,4;1014;48;'26.07.2023 10:52:12.640;;
583;512,779;-2849,089;-329,476;0,000;0,000;0,000;0,000;RRR 1.5in;23,4;1014;48;'26.07.2023 10:52:12.650;;
584;512,728;-2849,753;-329,464;0,000;0,000;0,000;0,000;RRR 1.5in;23,4;1014;48;'26.07.2023 10:52:12.660;;
585;512,676;-2850,431;-329,470;0,000;0,000;0,000;0,000;RRR 1.5in;23,4;1014;48;'26.07.2023 10:52:12.670;;
586;512,634;-2851,130;-329,479;0,000;0,000;0,000;0,000;RRR 1.5in;23,4;1014;48;'26.07.2023 10:52:12.680;;
587;512,596;-2851,823;-329,474;0,000;0,000;0,000;0,000;RRR 1.5in;23,4;1014;48;'26.07.2023 10:52:12.690;;
588;512,555;-2852,519;-329,470;0,000;0,000;0,000;0,000;RRR 1.5in;23,4;1014;48;'26.07.2023 10:52:12.700;;
589;512,517;-2853,221;-329,472;0,000;0,000;0,000;0,000;RRR 1.5in;23,4;1014;48;'26.07.2023 10:52:12.710;;
590;512,488;-2853,894;-329,467;0,000;0,000;0,000;0,000;RRR 1.5in;23,4;1014;48;'26.07.2023 10:52:12.720;;
591;512,469;-2854,539;-329,455;0,000;0,000;0,000;0,000;RRR 1.5in;23,4;1014;48;'26.07.2023 10:52:12.730;;
592;512,442;-2855,196;-329,446;0,000;0,000;0,000;0,000;RRR 1.5in;23,4;1014;48;'26.07.2023 10:52:12.740;;
593;512,416;-2855,893;-329,447;0,000;0,000;0,000;0,000;RRR 1.5in;23,4;1014;48;'26.07.2023 10:52:12.750;;
594;512,391;-2856,613;-329,459;0,000;0,000;0,000;0,000;RRR 1.5in;23,4;1014;48;'26.07.2023 10:52:12.760;;
595;512,352;-2857,313;-329,457;0,000;0,000;0,000;0,000;RRR 1.5in;23,4;1014;48;'26.07.2023 10:52:12.770;;
596;512,312;-2857,978;-329,441;0,000;0,000;0,000;0,000;RRR 1.5in;23,4;1014;48;'26.07.2023 10:52:12.780;;
597;512,266;-2858,652;-329,437;0,000;0,000;0,000;0,000;RRR 1.5in;23,4;1014;48;'26.07.2023 10:52:12.790;;
598;512,219;-2859,350;-329,443;0,000;0,000;0,000;0,000;RRR 1.5in;23,4;1014;48;'26.07.2023 10:52:12.800;;
599;512,164;-2860,049;-329,441;0,000;0,000;0,000;0,000;RRR 1.5in;23,4;1014;48;'26.07.2023 10:52:12.810;;
600;512,124;-2860,749;-329,433;0,000;0,000;0,000;0,000;RRR 1.5in;23,4;1014;48;'26.07.2023 10:52:12.820;;
601;512,071;-2861,455;-329,435;0,000;0,000;0,000;0,000;RRR 1.5in;23,4;1014;48;'26.07.2023 10:52:12.830;;
602;512,024;-2862,153;-329,442;0,000;0,000;0,000;0,000;RRR 1.5in;23,4;1014;48;'26.07.2023 10:52:12.840;;
603;511,996;-2862,815;-329,436;0,000;0,000;0,000;0,000;RRR 1.5in;23,4;1014;48;'26.07.2023 10:52:12.850;;
604;511,962;-2863,470;-329,431;0,000;0,000;0,000;0,000;RRR 1.5in;23,4;1014;48;'26.07.2023 10:52:12.860;;
605;511,934;-2864,150;-329,437;0,000;0,000;0,000;0,000;RRR 1.5in;23,4;1014;48;'26.07.2023 10:52:12.870;;
606;511,903;-2864,844;-329,444;0,000;0,000;0,000;0,000;RRR 1.5in;23,4;1014;48;'26.07.2023 10:52:12.880;;
607;511,880;-2865,534;-329,442;0,000;0,000;0,000;0,000;RRR 1.5in;23,4;1014;48;'26.07.2023 10:52:12.890;;
608;511,845;-2866,209;-329,434;0,000;0,000;0,000;0,000;RRR 1.5in;23,4;1014;48;'26.07.2023 10:52:12.900;;
609;511,813;-2866,878;-329,426;0,000;0,000;0,000;0,000;RRR 1.5in;23,4;1014;48;'26.07.2023 10:52:12.910;;
610;511,782;-2867,560;-329,430;0,000;0,000;0,000;0,000;RRR 1.5in;23,4;1014;48;'26.07.2023 10:52:12.920;;
611;511,727;-2868,248;-329,435;0,000;0,000;0,000;0,000;RRR 1.5in;23,4;1014;48;'26.07.2023 10:52:12.930;;
612;511,688;-2868,940;-329,433;0,000;0,000;0,000;0,000;RRR 1.5in;23,4;1014;48;'26.07.2023 10:52:12.940;;
613;511,638;-2869,638;-329,434;0,000;0,000;0,000;0,000;RRR 1.5in;23,4;1014;48;'26.07.2023 10:52:12.950;;
614;511,583;-2870,344;-329,439;0,000;0,000;0,000;0,000;RRR 1.5in;23,4;1014;48;'26.07.2023 10:52:12.960;;
615;511,528;-2871,025;-329,436;0,000;0,000;0,000;0,000;RRR 1.5in;23,4;1014;48;'26.07.2023 10:52:12.970;;
616;511,486;-2871,696;-329,430;0,000;0,000;0,000;0,000;RRR 1.5in;23,4;1014;48;'26.07.2023 10:52:12.980;;
617;511,453;-2872,382;-329,426;0,000;0,000;0,000;0,000;RRR 1.5in;23,4;1014;48;'26.07.2023 10:52:12.990;;
618;511,419;-2873,085;-329,423;0,000;0,000;0,000;0,000;RRR 1.5in;23,4;1014;48;'26.07.2023 10:52:13.000;;
619;511,391;-2873,794;-329,423;0,000;0,000;0,000;0,000;RRR 1.5in;23,4;1014;48;'26.07.2023 10:52:13.010;;
620;511,342;-2874,482;-329,420;0,000;0,000;0,000;0,000;RRR 1.5in;23,4;1014;48;'26.07.2023 10:52:13.020;;
621;511,314;-2875,145;-329,409;0,000;0,000;0,000;0,000;RRR 1.5in;23,4;1014;48;'26.07.2023 10:52:13.030;;
622;511,284;-2875,800;-329,404;0,000;0,000;0,000;0,000;RRR 1.5in;23,4;1014;48;'26.07.2023 10:52:13.040;;
623;511,253;-2876,477;-329,408;0,000;0,000;0,000;0,000;RRR 1.5in;23,4;1014;48;'26.07.2023 10:52:13.050;;
624;511,218;-2877,167;-329,410;0,000;0,000;0,000;0,000;RRR 1.5in;23,4;1014;48;'26.07.2023 10:52:13.060;;
625;511,174;-2877,864;-329,409;0,000;0,000;0,000;0,000;RRR 1.5in;23,4;1014;48;'26.07.2023 10:52:13.070;;
626;511,132;-2878,570;-329,411;0,000;0,000;0,000;0,000;RRR 1.5in;23,4;1014;48;'26.07.2023 10:52:13.080;;
627;511,079;-2879,258;-329,406;0,000;0,000;0,000;0,000;RRR 1.5in;23,4;1014;48;'26.07.2023 10:52:13.090;;
628;511,050;-2879,936;-329,404;0,000;0,000;0,000;0,000;RRR 1.5in;23,4;1014;48;'26.07.2023 10:52:13.100;;
629;511,000;-2880,619;-329,405;0,000;0,000;0,000;0,000;RRR 1.5in;23,4;1014;48;'26.07.2023 10:52:13.110;;
630;510,959;-2881,315;-329,406;0,000;0,000;0,000;0,000;RRR 1.5in;23,4;1014;48;'26.07.2023 10:52:13.120;;
631;510,924;-2882,012;-329,404;0,000;0,000;0,000;0,000;RRR 1.5in;23,4;1014;48;'26.07.2023 10:52:13.130;;
632;510,866;-2882,700;-329,402;0,000;0,000;0,000;0,000;RRR 1.5in;23,4;1014;48;'26.07.2023 10:52:13.140;;
633;510,817;-2883,378;-329,397;0,000;0,000;0,000;0,000;RRR 1.5in;23,4;1014;48;'26.07.2023 10:52:13.150;;
634;510,789;-2884,047;-329,388;0,000;0,000;0,000;0,000;RRR 1.5in;23,4;1014;48;'26.07.2023 10:52:13.160;;
635;510,772;-2884,736;-329,390;0,000;0,000;0,000;0,000;RRR 1.5in;23,4;1014;48;'26.07.2023 10:52:13.170;;
636;510,733;-2885,430;-329,389;0,000;0,000;0,000;0,000;RRR 1.5in;23,4;1014;48;'26.07.2023 10:52:13.180;;
637;510,691;-2886,110;-329,382;0,000;0,000;0,000;0,000;RRR 1.5in;23,4;1014;48;'26.07.2023 10:52:13.190;;
638;510,639;-2886,787;-329,379;0,000;0,000;0,000;0,000;RRR 1.5in;23,4;1014;48;'26.07.2023 10:52:13.200;;
639;510,595;-2887,471;-329,382;0,000;0,000;0,000;0,000;RRR 1.5in;23,4;1014;48;'26.07.2023 10:52:13.210;;
640;510,565;-2888,150;-329,382;0,000;0,000;0,000;0,000;RRR 1.5in;23,4;1014;48;'26.07.2023 10:52:13.220;;
641;510,536;-2888,830;-329,382;0,000;0,000;0,000;0,000;RRR 1.5in;23,4;1014;48;'26.07.2023 10:52:13.230;;
642;510,492;-2889,531;-329,388;0,000;0,000;0,000;0,000;RRR 1.5in;23,4;1014;48;'26.07.2023 10:52:13.240;;
643;510,439;-2890,231;-329,391;0,000;0,000;0,000;0,000;RRR 1.5in;23,4;1014;48;'26.07.2023 10:52:13.250;;
644;510,406;-2890,917;-329,389;0,000;0,000;0,000;0,000;RRR 1.5in;23,4;1014;48;'26.07.2023 10:52:13.260;;
645;510,361;-2891,593;-329,390;0,000;0,000;0,000;0,000;RRR 1.5in;23,4;1014;48;'26.07.2023 10:52:13.270;;
646;510,320;-2892,264;-329,393;0,000;0,000;0,000;0,000;RRR 1.5in;23,4;1014;48;'26.07.2023 10:52:13.280;;
647;510,277;-2892,940;-329,399;0,000;0,000;0,000;0,000;RRR 1.5in;23,4;1014;48;'26.07.2023 10:52:13.290;;
648;510,241;-2893,632;-329,402;0,000;0,000;0,000;0,000;RRR 1.5in;23,4;1014;48;'26.07.2023 10:52:13.300;;
649;510,200;-2894,328;-329,404;0,000;0,000;0,000;0,000;RRR 1.5in;23,4;1014;48;'26.07.2023 10:52:13.310;;
650;510,148;-2895,016;-329,403;0,000;0,000;0,000;0,000;RRR 1.5in;23,4;1014;48;'26.07.2023 10:52:13.320;;
651;510,108;-2895,694;-329,400;0,000;0,000;0,000;0,000;RRR 1.5in;23,4;1014;48;'26.07.2023 10:52:13.330;;
652;510,057;-2896,366;-329,400;0,000;0,000;0,000;0,000;RRR 1.5in;23,4;1014;48;'26.07.2023 10:52:13.340;;
653;510,026;-2897,055;-329,406;0,000;0,000;0,000;0,000;RRR 1.5in;23,4;1014;48;'26.07.2023 10:52:13.350;;
654;509,986;-2897,749;-329,406;0,000;0,000;0,000;0,000;RRR 1.5in;23,4;1014;48;'26.07.2023 10:52:13.360;;
655;509,961;-2898,446;-329,400;0,000;0,000;0,000;0,000;RRR 1.5in;23,4;1014;48;'26.07.2023 10:52:13.370;;
656;509,918;-2899,137;-329,404;0,000;0,000;0,000;0,000;RRR 1.5in;23,4;1014;48;'26.07.2023 10:52:13.380;;
657;509,863;-2899,815;-329,407;0,000;0,000;0,000;0,000;RRR 1.5in;23,4;1014;48;'26.07.2023 10:52:13.390;;
658;509,832;-2900,479;-329,406;0,000;0,000;0,000;0,000;RRR 1.5in;23,4;1014;48;'26.07.2023 10:52:13.400;;
659;509,796;-2901,157;-329,412;0,000;0,000;0,000;0,000;RRR 1.5in;23,4;1014;48;'26.07.2023 10:52:13.410;;
660;509,752;-2901,857;-329,425;0,000;0,000;0,000;0,000;RRR 1.5in;23,4;1014;48;'26.07.2023 10:52:13.420;;
661;509,705;-2902,540;-329,422;0,000;0,000;0,000;0,000;RRR 1.5in;23,4;1014;48;'26.07.2023 10:52:13.430;;
662;509,669;-2903,214;-329,413;0,000;0,000;0,000;0,000;RRR 1.5in;23,4;1014;48;'26.07.2023 10:52:13.440;;
663;509,616;-2903,901;-329,407;0,000;0,000;0,000;0,000;RRR 1.5in;23,4;1014;48;'26.07.2023 10:52:13.450;;
664;509,591;-2904,599;-329,406;0,000;0,000;0,000;0,000;RRR 1.5in;23,4;1014;48;'26.07.2023 10:52:13.460;;
665;509,556;-2905,292;-329,406;0,000;0,000;0,000;0,000;RRR 1.5in;23,4;1014;48;'26.07.2023 10:52:13.470;;
666;509,510;-2905,984;-329,403;0,000;0,000;0,000;0,000;RRR 1.5in;23,4;1014;48;'26.07.2023 10:52:13.480;;
667;509,459;-2906,663;-329,394;0,000;0,000;0,000;0,000;RRR 1.5in;23,4;1014;48;'26.07.2023 10:52:13.490;;
668;509,417;-2907,341;-329,397;0,000;0,000;0,000;0,000;RRR 1.5in;23,4;1014;48;'26.07.2023 10:52:13.500;;
669;509,374;-2908,028;-329,405;0,000;0,000;0,000;0,000;RRR 1.5in;23,4;1014;48;'26.07.2023 10:52:13.510;;
670;509,331;-2908,709;-329,406;0,000;0,000;0,000;0,000;RRR 1.5in;23,4;1014;48;'26.07.2023 10:52:13.520;;
671;509,310;-2909,397;-329,403;0,000;0,000;0,000;0,000;RRR 1.5in;23,4;1014;48;'26.07.2023 10:52:13.530;;
672;509,263;-2910,097;-329,406;0,000;0,000;0,000;0,000;RRR 1.5in;23,4;1014;48;'26.07.2023 10:52:13.540;;
673;509,225;-2910,785;-329,400;0,000;0,000;0,000;0,000;RRR 1.5in;23,4;1014;48;'26.07.2023 10:52:13.550;;
674;509,191;-2911,445;-329,381;0,000;0,000;0,000;0,000;RRR 1.5in;23,4;1014;48;'26.07.2023 10:52:13.560;;
675;509,156;-2912,119;-329,372;0,000;0,000;0,000;0,000;RRR 1.5in;23,4;1014;48;'26.07.2023 10:52:13.570;;
676;509,116;-2912,814;-329,372;0,000;0,000;0,000;0,000;RRR 1.5in;23,4;1014;48;'26.07.2023 10:52:13.580;;
677;509,086;-2913,511;-329,366;0,000;0,000;0,000;0,000;RRR 1.5in;23,4;1014;48;'26.07.2023 10:52:13.590;;
678;509,060;-2914,212;-329,354;0,000;0,000;0,000;0,000;RRR 1.5in;23,4;1014;48;'26.07.2023 10:52:13.600;;
679;509,002;-2914,912;-329,345;0,000;0,000;0,000;0,000;RRR 1.5in;23,4;1014;48;'26.07.2023 10:52:13.610;;
680;508,952;-2915,602;-329,340;0,000;0,000;0,000;0,000;RRR 1.5in;23,4;1014;48;'26.07.2023 10:52:13.620;;
681;508,905;-2916,276;-329,330;0,000;0,000;0,000;0,000;RRR 1.5in;23,4;1014;48;'26.07.2023 10:52:13.630;;
682;508,874;-2916,964;-329,324;0,000;0,000;0,000;0,000;RRR 1.5in;23,4;1014;48;'26.07.2023 10:52:13.640;;
683;508,830;-2917,660;-329,324;0,000;0,000;0,000;0,000;RRR 1.5in;23,4;1014;48;'26.07.2023 10:52:13.650;;
684;508,790;-2918,355;-329,325;0,000;0,000;0,000;0,000;RRR 1.5in;23,4;1014;48;'26.07.2023 10:52:13.660;;
685;508,741;-2919,034;-329,321;0,000;0,000;0,000;0,000;RRR 1.5in;23,4;1014;48;'26.07.2023 10:52:13.670;;
686;508,704;-2919,703;-329,315;0,000;0,000;0,000;0,000;RRR 1.5in;23,4;1014;48;'26.07.2023 10:52:13.680;;
687;508,674;-2920,382;-329,317;0,000;0,000;0,000;0,000;RRR 1.5in;23,4;1014;48;'26.07.2023 10:52:13.690;;
688;508,652;-2921,067;-329,315;0,000;0,000;0,000;0,000;RRR 1.5in;23,4;1014;48;'26.07.2023 10:52:13.700;;
689;508,626;-2921,757;-329,309;0,000;0,000;0,000;0,000;RRR 1.5in;23,4;1014;48;'26.07.2023 10:52:13.710;;
690;508,565;-2922,449;-329,300;0,000;0,000;0,000;0,000;RRR 1.5in;23,4;1014;48;'26.07.2023 10:52:13.720;;
691;508,516;-2923,137;-329,294;0,000;0,000;0,000;0,000;RRR 1.5in;23,4;1014;48;'26.07.2023 10:52:13.730;;
692;508,461;-2923,804;-329,281;0,000;0,000;0,000;0,000;RRR 1.5in;23,4;1014;48;'26.07.2023 10:52:13.740;;
693;508,435;-2924,488;-329,275;0,000;0,000;0,000;0,000;RRR 1.5in;23,4;1014;48;'26.07.2023 10:52:13.750;;
694;508,397;-2925,187;-329,272;0,000;0,000;0,000;0,000;RRR 1.5in;23,4;1014;48;'26.07.2023 10:52:13.760;;
695;508,366;-2925,899;-329,274;0,000;0,000;0,000;0,000;RRR 1.5in;23,4;1014;48;'26.07.2023 10:52:13.770;;
696;508,309;-2926,601;-329,281;0,000;0,000;0,000;0,000;RRR 1.5in;23,4;1014;48;'26.07.2023 10:52:13.780;;
697;508,251;-2927,276;-329,281;0,000;0,000;0,000;0,000;RRR 1.5in;23,4;1014;48;'26.07.2023 10:52:13.790;;
698;508,203;-2927,932;-329,279;0,000;0,000;0,000;0,000;RRR 1.5in;23,4;1014;48;'26.07.2023 10:52:13.800;;
699;508,166;-2928,598;-329,281;0,000;0,000;0,000;0,000;RRR 1.5in;23,4;1014;48;'26.07.2023 10:52:13.810;;
700;508,151;-2929,288;-329,283;0,000;0,000;0,000;0,000;RRR 1.5in;23,4;1014;48;'26.07.2023 10:52:13.820;;
701;508,121;-2929,988;-329,279;0,000;0,000;0,000;0,000;RRR 1.5in;23,4;1014;48;'26.07.2023 10:52:13.830;;
702;508,078;-2930,687;-329,277;0,000;0,000;0,000;0,000;RRR 1.5in;23,4;1014;48;'26.07.2023 10:52:13.840;;
703;508,026;-2931,358;-329,264;0,000;0,000;0,000;0,000;RRR 1.5in;23,4;1014;48;'26.07.2023 10:52:13.850;;
704;508,003;-2932,027;-329,254;0,000;0,000;0,000;0,000;RRR 1.5in;23,4;1014;48;'26.07.2023 10:52:13.860;;
705;507,955;-2932,706;-329,255;0,000;0,000;0,000;0,000;RRR 1.5in;23,4;1014;48;'26.07.2023 10:52:13.870;;
706;507,926;-2933,391;-329,248;0,000;0,000;0,000;0,000;RRR 1.5in;23,4;1014;48;'26.07.2023 10:52:13.880;;
707;507,883;-2934,074;-329,237;0,000;0,000;0,000;0,000;RRR 1.5in;23,4;1014;48;'26.07.2023 10:52:13.890;;
708;507,830;-2934,777;-329,236;0,000;0,000;0,000;0,000;RRR 1.5in;23,4;1014;48;'26.07.2023 10:52:13.900;;
709;507,784;-2935,480;-329,239;0,000;0,000;0,000;0,000;RRR 1.5in;23,4;1014;48;'26.07.2023 10:52:13.910;;
710;507,748;-2936,157;-329,239;0,000;0,000;0,000;0,000;RRR 1.5in;23,4;1014;48;'26.07.2023 10:52:13.920;;
711;507,717;-2936,831;-329,244;0,000;0,000;0,000;0,000;RRR 1.5in;23,4;1014;48;'26.07.2023 10:52:13.930;;
712;507,665;-2937,510;-329,243;0,000;0,000;0,000;0,000;RRR 1.5in;23,4;1014;48;'26.07.2023 10:52:13.940;;
713;507,631;-2938,204;-329,247;0,000;0,000;0,000;0,000;RRR 1.5in;23,4;1014;48;'26.07.2023 10:52:13.950;;
714;507,568;-2938,899;-329,247;0,000;0,000;0,000;0,000;RRR 1.5in;23,4;1014;48;'26.07.2023 10:52:13.960;;
715;507,533;-2939,591;-329,243;0,000;0,000;0,000;0,000;RRR 1.5in;23,4;1014;48;'26.07.2023 10:52:13.970;;
716;507,495;-2940,271;-329,234;0,000;0,000;0,000;0,000;RRR 1.5in;23,4;1014;48;'26.07.2023 10:52:13.980;;
717;507,471;-2940,961;-329,230;0,000;0,000;0,000;0,000;RRR 1.5in;23,4;1014;48;'26.07.2023 10:52:13.990;;
718;507,432;-2941,649;-329,226;0,000;0,000;0,000;0,000;RRR 1.5in;23,4;1014;48;'26.07.2023 10:52:14.000;;
719;507,390;-2942,326;-329,221;0,000;0,000;0,000;0,000;RRR 1.5in;23,4;1014;48;'26.07.2023 10:52:14.010;;
720;507,348;-2942,998;-329,218;0,000;0,000;0,000;0,000;RRR 1.5in;23,4;1014;48;'26.07.2023 10:52:14.020;;
721;507,309;-2943,670;-329,221;0,000;0,000;0,000;0,000;RRR 1.5in;23,4;1014;48;'26.07.2023 10:52:14.030;;
722;507,286;-2944,346;-329,225;0,000;0,000;0,000;0,000;RRR 1.5in;23,4;1014;48;'26.07.2023 10:52:14.040;;
723;507,253;-2945,034;-329,228;0,000;0,000;0,000;0,000;RRR 1.5in;23,4;1014;48;'26.07.2023 10:52:14.050;;
724;507,220;-2945,739;-329,229;0,000;0,000;0,000;0,000;RRR 1.5in;23,4;1014;48;'26.07.2023 10:52:14.060;;
725;507,163;-2946,427;-329,224;0,000;0,000;0,000;0,000;RRR 1.5in;23,4;1014;48;'26.07.2023 10:52:14.070;;
726;507,112;-2947,111;-329,219;0,000;0,000;0,000;0,000;RRR 1.5in;23,4;1014;48;'26.07.2023 10:52:14.080;;
727;507,063;-2947,786;-329,209;0,000;0,000;0,000;0,000;RRR 1.5in;23,4;1014;48;'26.07.2023 10:52:14.090;;
728;507,031;-2948,470;-329,205;0,000;0,000;0,000;0,000;RRR 1.5in;23,4;1014;48;'26.07.2023 10:52:14.100;;
729;506,982;-2949,166;-329,200;0,000;0,000;0,000;0,000;RRR 1.5in;23,4;1014;48;'26.07.2023 10:52:14.110;;
730;506,960;-2949,864;-329,191;0,000;0,000;0,000;0,000;RRR 1.5in;23,4;1014;48;'26.07.2023 10:52:14.120;;
731;506,911;-2950,554;-329,186;0,000;0,000;0,000;0,000;RRR 1.5in;23,4;1014;48;'26.07.2023 10:52:14.130;;
732;506,861;-2951,244;-329,189;0,000;0,000;0,000;0,000;RRR 1.5in;23,4;1014;48;'26.07.2023 10:52:14.140;;
733;506,825;-2951,917;-329,187;0,000;0,000;0,000;0,000;RRR 1.5in;23,4;1014;48;'26.07.2023 10:52:14.150;;
734;506,797;-2952,591;-329,187;0,000;0,000;0,000;0,000;RRR 1.5in;23,4;1014;48;'26.07.2023 10:52:14.160;;
735;506,755;-2953,288;-329,194;0,000;0,000;0,000;0,000;RRR 1.5in;23,4;1014;48;'26.07.2023 10:52:14.170;;
736;506,706;-2953,972;-329,190;0,000;0,000;0,000;0,000;RRR 1.5in;23,4;1014;48;'26.07.2023 10:52:14.180;;
737;506,664;-2954,649;-329,185;0,000;0,000;0,000;0,000;RRR 1.5in;23,4;1014;48;'26.07.2023 10:52:14.190;;
738;506,620;-2955,334;-329,182;0,000;0,000;0,000;0,000;RRR 1.5in;23,4;1014;48;'26.07.2023 10:52:14.200;;
739;506,600;-2956,018;-329,179;0,000;0,000;0,000;0,000;RRR 1.5in;23,4;1014;48;'26.07.2023 10:52:14.210;;
740;506,567;-2956,691;-329,168;0,000;0,000;0,000;0,000;RRR 1.5in;23,4;1014;48;'26.07.2023 10:52:14.220;;
741;506,534;-2957,370;-329,158;0,000;0,000;0,000;0,000;RRR 1.5in;23,4;1014;48;'26.07.2023 10:52:14.230;;
742;506,490;-2958,052;-329,142;0,000;0,000;0,000;0,000;RRR 1.5in;23,4;1014;48;'26.07.2023 10:52:14.240;;
743;506,455;-2958,747;-329,136;0,000;0,000;0,000;0,000;RRR 1.5in;23,4;1014;48;'26.07.2023 10:52:14.250;;
744;506,414;-2959,443;-329,133;0,000;0,000;0,000;0,000;RRR 1.5in;23,4;1014;48;'26.07.2023 10:52:14.260;;
745;506,385;-2960,132;-329,126;0,000;0,000;0,000;0,000;RRR 1.5in;23,4;1014;48;'26.07.2023 10:52:14.270;;
746;506,338;-2960,818;-329,120;0,000;0,000;0,000;0,000;RRR 1.5in;23,4;1014;48;'26.07.2023 10:52:14.280;;
747;506,295;-2961,517;-329,121;0,000;0,000;0,000;0,000;RRR 1.5in;23,4;1014;48;'26.07.2023 10:52:14.290;;
748;506,239;-2962,206;-329,119;0,000;0,000;0,000;0,000;RRR 1.5in;23,4;1014;48;'26.07.2023 10:52:14.300;;
749;506,192;-2962,895;-329,119;0,000;0,000;0,000;0,000;RRR 1.5in;23,4;1014;48;'26.07.2023 10:52:14.310;;
750;506,149;-2963,588;-329,125;0,000;0,000;0,000;0,000;RRR 1.5in;23,4;1014;48;'26.07.2023 10:52:14.320;;
751;506,112;-2964,271;-329,122;0,000;0,000;0,000;0,000;RRR 1.5in;23,4;1014;48;'26.07.2023 10:52:14.330;;
752;506,079;-2964,946;-329,113;0,000;0,000;0,000;0,000;RRR 1.5in;23,4;1014;48;'26.07.2023 10:52:14.340;;
753;506,050;-2965,624;-329,100;0,000;0,000;0,000;0,000;RRR 1.5in;23,4;1014;48;'26.07.2023 10:52:14.350;;
754;506,029;-2966,308;-329,097;0,000;0,000;0,000;0,000;RRR 1.5in;23,4;1014;48;'26.07.2023 10:52:14.360;;
755;505,995;-2966,991;-329,095;0,000;0,000;0,000;0,000;RRR 1.5in;23,4;1014;48;'26.07.2023 10:52:14.370;;
756;505,974;-2967,675;-329,093;0,000;0,000;0,000;0,000;RRR 1.5in;23,4;1014;48;'26.07.2023 10:52:14.380;;
757;505,934;-2968,357;-329,086;0,000;0,000;0,000;0,000;RRR 1.5in;23,4;1014;48;'26.07.2023 10:52:14.390;;
758;505,894;-2969,051;-329,087;0,000;0,000;0,000;0,000;RRR 1.5in;23,4;1014;48;'26.07.2023 10:52:14.400;;
759;505,847;-2969,735;-329,082;0,000;0,000;0,000;0,000;RRR 1.5in;23,4;1014;48;'26.07.2023 10:52:14.410;;
760;505,809;-2970,410;-329,079;0,000;0,000;0,000;0,000;RRR 1.5in;23,4;1014;48;'26.07.2023 10:52:14.420;;
761;505,758;-2971,095;-329,078;0,000;0,000;0,000;0,000;RRR 1.5in;23,4;1014;48;'26.07.2023 10:52:14.430;;
762;505,726;-2971,794;-329,081;0,000;0,000;0,000;0,000;RRR 1.5in;23,4;1014;48;'26.07.2023 10:52:14.440;;
763;505,685;-2972,485;-329,078;0,000;0,000;0,000;0,000;RRR 1.5in;23,4;1014;48;'26.07.2023 10:52:14.450;;
764;505,643;-2973,168;-329,076;0,000;0,000;0,000;0,000;RRR 1.5in;23,4;1014;48;'26.07.2023 10:52:14.460;;
765;505,597;-2973,840;-329,063;0,000;0,000;0,000;0,000;RRR 1.5in;23,4;1014;48;'26.07.2023 10:52:14.470;;
766;505,564;-2974,528;-329,063;0,000;0,000;0,000;0,000;RRR 1.5in;23,4;1014;48;'26.07.2023 10:52:14.480;;
767;505,521;-2975,232;-329,072;0,000;0,000;0,000;0,000;RRR 1.5in;23,4;1014;48;'26.07.2023 10:52:14.490;;
768;505,498;-2975,922;-329,069;0,000;0,000;0,000;0,000;RRR 1.5in;23,4;1014;48;'26.07.2023 10:52:14.500;;
769;505,452;-2976,589;-329,055;0,000;0,000;0,000;0,000;RRR 1.5in;23,4;1014;48;'26.07.2023 10:52:14.510;;
770;505,411;-2977,260;-329,045;0,000;0,000;0,000;0,000;RRR 1.5in;23,4;1014;48;'26.07.2023 10:52:14.520;;
771;505,378;-2977,945;-329,044;0,000;0,000;0,000;0,000;RRR 1.5in;23,4;1014;48;'26.07.2023 10:52:14.530;;
772;505,342;-2978,640;-329,052;0,000;0,000;0,000;0,000;RRR 1.5in;23,4;1014;48;'26.07.2023 10:52:14.540;;
773;505,312;-2979,325;-329,054;0,000;0,000;0,000;0,000;RRR 1.5in;23,4;1014;48;'26.07.2023 10:52:14.550;;
774;505,274;-2979,988;-329,041;0,000;0,000;0,000;0,000;RRR 1.5in;23,4;1014;48;'26.07.2023 10:52:14.560;;
775;505,235;-2980,664;-329,038;0,000;0,000;0,000;0,000;RRR 1.5in;23,4;1014;48;'26.07.2023 10:52:14.570;;
776;505,187;-2981,354;-329,037;0,000;0,000;0,000;0,000;RRR 1.5in;23,4;1014;48;'26.07.2023 10:52:14.580;;
777;505,164;-2982,048;-329,031;0,000;0,000;0,000;0,000;RRR 1.5in;23,4;1014;48;'26.07.2023 10:52:14.590;;
778;505,123;-2982,745;-329,021;0,000;0,000;0,000;0,000;RRR 1.5in;23,4;1014;48;'26.07.2023 10:52:14.600;;
779;505,088;-2983,457;-329,017;0,000;0,000;0,000;0,000;RRR 1.5in;23,4;1014;48;'26.07.2023 10:52:14.610;;
780;505,034;-2984,145;-329,001;0,000;0,000;0,000;0,000;RRR 1.5in;23,4;1014;48;'26.07.2023 10:52:14.620;;
781;504,983;-2984,816;-328,989;0,000;0,000;0,000;0,000;RRR 1.5in;23,4;1014;48;'26.07.2023 10:52:14.630;;
782;504,931;-2985,496;-328,980;0,000;0,000;0,000;0,000;RRR 1.5in;23,4;1014;48;'26.07.2023 10:52:14.640;;
783;504,906;-2986,196;-328,979;0,000;0,000;0,000;0,000;RRR 1.5in;23,4;1014;48;'26.07.2023 10:52:14.650;;
784;504,865;-2986,901;-328,983;0,000;0,000;0,000;0,000;RRR 1.5in;23,4;1014;48;'26.07.2023 10:52:14.660;;
785;504,834;-2987,593;-328,980;0,000;0,000;0,000;0,000;RRR 1.5in;23,4;1014;48;'26.07.2023 10:52:14.670;;
786;504,786;-2988,256;-328,972;0,000;0,000;0,000;0,000;RRR 1.5in;23,4;1014;48;'26.07.2023 10:52:14.680;;
787;504,749;-2988,920;-328,968;0,000;0,000;0,000;0,000;RRR 1.5in;23,4;1014;48;'26.07.2023 10:52:14.690;;
788;504,720;-2989,601;-328,968;0,000;0,000;0,000;0,000;RRR 1.5in;23,4;1014;48;'26.07.2023 10:52:14.700;;
789;504,701;-2990,298;-328,965;0,000;0,000;0,000;0,000;RRR 1.5in;23,4;1014;48;'26.07.2023 10:52:14.710;;
790;504,665;-2991,004;-328,958;0,000;0,000;0,000;0,000;RRR 1.5in;23,4;1014;48;'26.07.2023 10:52:14.720;;
791;504,619;-2991,705;-328,947;0,000;0,000;0,000;0,000;RRR 1.5in;23,4;1014;48;'26.07.2023 10:52:14.730;;
792;504,566;-2992,388;-328,935;0,000;0,000;0,000;0,000;RRR 1.5in;23,4;1014;48;'26.07.2023 10:52:14.740;;
793;504,526;-2993,065;-328,926;0,000;0,000;0,000;0,000;RRR 1.5in;23,4;1014;48;'26.07.2023 10:52:14.750;;
794;504,496;-2993,754;-328,922;0,000;0,000;0,000;0,000;RRR 1.5in;23,4;1014;48;'26.07.2023 10:52:14.760;;
795;504,454;-2994,445;-328,915;0,000;0,000;0,000;0,000;RRR 1.5in;23,4;1014;48;'26.07.2023 10:52:14.770;;
796;504,417;-2995,134;-328,905;0,000;0,000;0,000;0,000;RRR 1.5in;23,4;1014;48;'26.07.2023 10:52:14.780;;
797;504,373;-2995,821;-328,900;0,000;0,000;0,000;0,000;RRR 1.5in;23,4;1014;48;'26.07.2023 10:52:14.790;;
798;504,327;-2996,512;-328,904;0,000;0,000;0,000;0,000;RRR 1.5in;23,4;1014;48;'26.07.2023 10:52:14.800;;
799;504,298;-2997,207;-328,905;0,000;0,000;0,000;0,000;RRR 1.5in;23,4;1014;48;'26.07.2023 10:52:14.810;;
800;504,273;-2997,898;-328,909;0,000;0,000;0,000;0,000;RRR 1.5in;23,4;1014;48;'26.07.2023 10:52:14.820;;
801;504,224;-2998,581;-328,909;0,000;0,000;0,000;0,000;RRR 1.5in;23,4;1014;48;'26.07.2023 10:52:14.830;;
802;504,174;-2999,253;-328,905;0,000;0,000;0,000;0,000;RRR 1.5in;23,4;1014;48;'26.07.2023 10:52:14.840;;
803;504,130;-2999,922;-328,900;0,000;0,000;0,000;0,000;RRR 1.5in;23,4;1014;48;'26.07.2023 10:52:14.850;;
804;504,089;-3000,613;-328,904;0,000;0,000;0,000;0,000;RRR 1.5in;23,4;1014;48;'26.07.2023 10:52:14.860;;
805;504,057;-3001,313;-328,903;0,000;0,000;0,000;0,000;RRR 1.5in;23,4;1014;48;'26.07.2023 10:52:14.870;;
806;504,030;-3002,000;-328,900;0,000;0,000;0,000;0,000;RRR 1.5in;23,4;1014;48;'26.07.2023 10:52:14.880;;
807;503,980;-3002,672;-328,894;0,000;0,000;0,000;0,000;RRR 1.5in;23,4;1014;48;'26.07.2023 10:52:14.890;;
808;503,939;-3003,344;-328,894;0,000;0,000;0,000;0,000;RRR 1.5in;23,4;1014;48;'26.07.2023 10:52:14.900;;
809;503,889;-3004,021;-328,903;0,000;0,000;0,000;0,000;RRR 1.5in;23,4;1014;48;'26.07.2023 10:52:14.910;;
810;503,861;-3004,711;-328,916;0,000;0,000;0,000;0,000;RRR 1.5in;23,4;1014;48;'26.07.2023 10:52:14.920;;
811;503,826;-3005,399;-328,918;0,000;0,000;0,000;0,000;RRR 1.5in;23,4;1014;48;'26.07.2023 10:52:14.930;;
812;503,785;-3006,088;-328,916;0,000;0,000;0,000;0,000;RRR 1.5in;23,4;1014;48;'26.07.2023 10:52:14.940;;
813;503,736;-3006,779;-328,916;0,000;0,000;0,000;0,000;RRR 1.5in;23,4;1014;48;'26.07.2023 10:52:14.950;;
814;503,699;-3007,471;-328,921;0,000;0,000;0,000;0,000;RRR 1.5in;23,4;1014;48;'26.07.2023 10:52:14.960;;
815;503,642;-3008,159;-328,932;0,000;0,000;0,000;0,000;RRR 1.5in;23,4;1014;48;'26.07.2023 10:52:14.970;;
816;503,597;-3008,839;-328,935;0,000;0,000;0,000;0,000;RRR 1.5in;23,4;1014;48;'26.07.2023 10:52:14.980;;
817;503,561;-3009,510;-328,924;0,000;0,000;0,000;0,000;RRR 1.5in;23,4;1014;48;'26.07.2023 10:52:14.990;;
818;503,519;-3010,198;-328,924;0,000;0,000;0,000;0,000;RRR 1.5in;23,4;1014;48;'26.07.2023 10:52:15.000;;
819;503,479;-3010,899;-328,928;0,000;0,000;0,000;0,000;RRR 1.5in;23,4;1014;48;'26.07.2023 10:52:15.010;;
820;503,453;-3011,594;-328,929;0,000;0,000;0,000;0,000;RRR 1.5in;23,4;1014;48;'26.07.2023 10:52:15.020;;
821;503,413;-3012,282;-328,927;0,000;0,000;0,000;0,000;RRR 1.5in;23,4;1014;48;'26.07.2023 10:52:15.030;;
822;503,383;-3012,971;-328,926;0,000;0,000;0,000;0,000;RRR 1.5in;23,4;1014;48;'26.07.2023 10:52:15.040;;
823;503,342;-3013,646;-328,920;0,000;0,000;0,000;0,000;RRR 1.5in;23,4;1014;48;'26.07.2023 10:52:15.050;;
824;503,302;-3014,313;-328,914;0,000;0,000;0,000;0,000;RRR 1.5in;23,4;1014;48;'26.07.2023 10:52:15.060;;
825;503,261;-3014,994;-328,911;0,000;0,000;0,000;0,000;RRR 1.5in;23,4;1014;48;'26.07.2023 10:52:15.070;;
826;503,222;-3015,697;-328,913;0,000;0,000;0,000;0,000;RRR 1.5in;23,4;1014;48;'26.07.2023 10:52:15.080;;
827;503,178;-3016,408;-328,916;0,000;0,000;0,000;0,000;RRR 1.5in;23,4;1014;48;'26.07.2023 10:52:15.090;;
828;503,146;-3017,100;-328,909;0,000;0,000;0,000;0,000;RRR 1.5in;23,4;1014;48;'26.07.2023 10:52:15.100;;
829;503,102;-3017,764;-328,891;0,000;0,000;0,000;0,000;RRR 1.5in;23,4;1014;48;'26.07.2023 10:52:15.110;;
830;503,070;-3018,445;-328,884;0,000;0,000;0,000;0,000;RRR 1.5in;23,4;1014;48;'26.07.2023 10:52:15.120;;
831;503,034;-3019,151;-328,888;0,000;0,000;0,000;0,000;RRR 1.5in;23,4;1014;48;'26.07.2023 10:52:15.130;;
832;502,982;-3019,853;-328,885;0,000;0,000;0,000;0,000;RRR 1.5in;23,4;1014;48;'26.07.2023 10:52:15.140;;
833;502,941;-3020,540;-328,871;0,000;0,000;0,000;0,000;RRR 1.5in;23,4;1014;48;'26.07.2023 10:52:15.150;;
834;502,906;-3021,217;-328,856;0,000;0,000;0,000;0,000;RRR 1.5in;23,4;1014;48;'26.07.2023 10:52:15.160;;
835;502,873;-3021,908;-328,852;0,000;0,000;0,000;0,000;RRR 1.5in;23,4;1014;48;'26.07.2023 10:52:15.170;;
836;502,837;-3022,606;-328,855;0,000;0,000;0,000;0,000;RRR 1.5in;23,4;1014;48;'26.07.2023 10:52:15.180;;
837;502,790;-3023,287;-328,850;0,000;0,000;0,000;0,000;RRR 1.5in;23,4;1014;48;'26.07.2023 10:52:15.190;;
838;502,736;-3023,956;-328,836;0,000;0,000;0,000;0,000;RRR 1.5in;23,4;1014;48;'26.07.2023 10:52:15.200;;
839;502,703;-3024,636;-328,830;0,000;0,000;0,000;0,000;RRR 1.5in;23,4;1014;48;'26.07.2023 10:52:15.210;;
840;502,669;-3025,327;-328,830;0,000;0,000;0,000;0,000;RRR 1.5in;23,4;1014;48;'26.07.2023 10:52:15.220;;
841;502,640;-3026,017;-328,827;0,000;0,000;0,000;0,000;RRR 1.5in;23,4;1014;48;'26.07.2023 10:52:15.230;;
842;502,615;-3026,704;-328,819;0,000;0,000;0,000;0,000;RRR 1.5in;23,4;1014;48;'26.07.2023 10:52:15.240;;
843;502,566;-3027,393;-328,814;0,000;0,000;0,000;0,000;RRR 1.5in;23,4;1014;48;'26.07.2023 10:52:15.250;;
844;502,525;-3028,085;-328,809;0,000;0,000;0,000;0,000;RRR 1.5in;23,4;1014;48;'26.07.2023 10:52:15.260;;
845;502,488;-3028,768;-328,801;0,000;0,000;0,000;0,000;RRR 1.5in;23,4;1014;48;'26.07.2023 10:52:15.270;;
846;502,445;-3029,447;-328,791;0,000;0,000;0,000;0,000;RRR 1.5in;23,4;1014;48;'26.07.2023 10:52:15.280;;
847;502,403;-3030,140;-328,786;0,000;0,000;0,000;0,000;RRR 1.5in;23,4;1014;48;'26.07.2023 10:52:15.290;;
848;502,354;-3030,834;-328,784;0,000;0,000;0,000;0,000;RRR 1.5in;23,4;1014;48;'26.07.2023 10:52:15.300;;
849;502,297;-3031,522;-328,778;0,000;0,000;0,000;0,000;RRR 1.5in;23,4;1014;48;'26.07.2023 10:52:15.310;;
850;502,256;-3032,209;-328,774;0,000;0,000;0,000;0,000;RRR 1.5in;23,4;1014;48;'26.07.2023 10:52:15.320;;
851;502,222;-3032,902;-328,778;0,000;0,000;0,000;0,000;RRR 1.5in;23,4;1014;48;'26.07.2023 10:52:15.330;;
852;502,187;-3033,598;-328,781;0,000;0,000;0,000;0,000;RRR 1.5in;23,4;1014;48;'26.07.2023 10:52:15.340;;
853;502,151;-3034,289;-328,781;0,000;0,000;0,000;0,000;RRR 1.5in;23,4;1014;48;'26.07.2023 10:52:15.350;;
854;502,096;-3034,966;-328,774;0,000;0,000;0,000;0,000;RRR 1.5in;23,4;1014;48;'26.07.2023 10:52:15.360;;
855;502,051;-3035,645;-328,770;0,000;0,000;0,000;0,000;RRR 1.5in;23,4;1014;48;'26.07.2023 10:52:15.370;;
856;502,027;-3036,334;-328,771;0,000;0,000;0,000;0,000;RRR 1.5in;23,4;1014;48;'26.07.2023 10:52:15.380;;
857;501,995;-3037,024;-328,771;0,000;0,000;0,000;0,000;RRR 1.5in;23,4;1014;48;'26.07.2023 10:52:15.390;;
858;501,965;-3037,713;-328,769;0,000;0,000;0,000;0,000;RRR 1.5in;23,4;1014;48;'26.07.2023 10:52:15.400;;
859;501,928;-3038,395;-328,764;0,000;0,000;0,000;0,000;RRR 1.5in;23,4;1014;48;'26.07.2023 10:52:15.410;;
860;501,880;-3039,075;-328,765;0,000;0,000;0,000;0,000;RRR 1.5in;23,4;1014;48;'26.07.2023 10:52:15.420;;
861;501,837;-3039,758;-328,767;0,000;0,000;0,000;0,000;RRR 1.5in;23,4;1014;48;'26.07.2023 10:52:15.430;;
862;501,802;-3040,447;-328,765;0,000;0,000;0,000;0,000;RRR 1.5in;23,4;1014;48;'26.07.2023 10:52:15.440;;
863;501,763;-3041,140;-328,761;0,000;0,000;0,000;0,000;RRR 1.5in;23,4;1014;48;'26.07.2023 10:52:15.450;;
864;501,728;-3041,840;-328,758;0,000;0,000;0,000;0,000;RRR 1.5in;23,4;1014;48;'26.07.2023 10:52:15.460;;
865;501,674;-3042,530;-328,759;0,000;0,000;0,000;0,000;RRR 1.5in;23,4;1014;48;'26.07.2023 10:52:15.470;;
866;501,635;-3043,212;-328,760;0,000;0,000;0,000;0,000;RRR 1.5in;23,4;1014;48;'26.07.2023 10:52:15.480;;
867;501,598;-3043,895;-328,765;0,000;0,000;0,000;0,000;RRR 1.5in;23,4;1014;48;'26.07.2023 10:52:15.490;;
868;501,555;-3044,579;-328,771;0,000;0,000;0,000;0,000;RRR 1.5in;23,4;1014;48;'26.07.2023 10:52:15.500;;
869;501,514;-3045,256;-328,771;0,000;0,000;0,000;0,000;RRR 1.5in;23,4;1014;48;'26.07.2023 10:52:15.510;;
870;501,477;-3045,932;-328,768;0,000;0,000;0,000;0,000;RRR 1.5in;23,4;1014;48;'26.07.2023 10:52:15.520;;
871;501,436;-3046,620;-328,769;0,000;0,000;0,000;0,000;RRR 1.5in;23,4;1014;48;'26.07.2023 10:52:15.530;;
872;501,405;-3047,318;-328,777;0,000;0,000;0,000;0,000;RRR 1.5in;23,4;1014;48;'26.07.2023 10:52:15.540;;
873;501,366;-3048,011;-328,782;0,000;0,000;0,000;0,000;RRR 1.5in;23,4;1014;48;'26.07.2023 10:52:15.550;;
874;501,318;-3048,684;-328,779;0,000;0,000;0,000;0,000;RRR 1.5in;23,4;1014;48;'26.07.2023 10:52:15.560;;
875;501,275;-3049,347;-328,773;0,000;0,000;0,000;0,000;RRR 1.5in;23,4;1014;48;'26.07.2023 10:52:15.570;;
876;501,233;-3050,029;-328,778;0,000;0,000;0,000;0,000;RRR 1.5in;23,4;1014;48;'26.07.2023 10:52:15.580;;
877;501,200;-3050,732;-328,786;0,000;0,000;0,000;0,000;RRR 1.5in;23,4;1014;48;'26.07.2023 10:52:15.590;;
878;501,172;-3051,431;-328,789;0,000;0,000;0,000;0,000;RRR 1.5in;23,4;1014;48;'26.07.2023 10:52:15.600;;
879;501,125;-3052,106;-328,779;0,000;0,000;0,000;0,000;RRR 1.5in;23,4;1014;48;'26.07.2023 10:52:15.610;;
880;501,097;-3052,772;-328,767;0,000;0,000;0,000;0,000;RRR 1.5in;23,4;1014;48;'26.07.2023 10:52:15.620;;
881;501,056;-3053,448;-328,769;0,000;0,000;0,000;0,000;RRR 1.5in;23,4;1014;48;'26.07.2023 10:52:15.630;;
882;501,019;-3054,140;-328,775;0,000;0,000;0,000;0,000;RRR 1.5in;23,4;1014;48;'26.07.2023 10:52:15.640;;
883;500,986;-3054,832;-328,767;0,000;0,000;0,000;0,000;RRR 1.5in;23,4;1014;48;'26.07.2023 10:52:15.650;;
884;500,949;-3055,533;-328,764;0,000;0,000;0,000;0,000;RRR 1.5in;23,4;1014;48;'26.07.2023 10:52:15.660;;
885;500,895;-3056,230;-328,762;0,000;0,000;0,000;0,000;RRR 1.5in;23,4;1014;48;'26.07.2023 10:52:15.670;;
886;500,861;-3056,908;-328,763;0,000;0,000;0,000;0,000;RRR 1.5in;23,4;1014;48;'26.07.2023 10:52:15.680;;
887;500,807;-3057,575;-328,762;0,000;0,000;0,000;0,000;RRR 1.5in;23,4;1014;48;'26.07.2023 10:52:15.690;;
888;500,768;-3058,258;-328,760;0,000;0,000;0,000;0,000;RRR 1.5in;23,4;1014;48;'26.07.2023 10:52:15.700;;
889;500,729;-3058,957;-328,759;0,000;0,000;0,000;0,000;RRR 1.5in;23,4;1014;48;'26.07.2023 10:52:15.710;;
890;500,687;-3059,653;-328,758;0,000;0,000;0,000;0,000;RRR 1.5in;23,4;1014;48;'26.07.2023 10:52:15.720;;
891;500,655;-3060,345;-328,752;0,000;0,000;0,000;0,000;RRR 1.5in;23,4;1014;48;'26.07.2023 10:52:15.730;;
892;500,628;-3061,034;-328,749;0,000;0,000;0,000;0,000;RRR 1.5in;23,4;1014;48;'26.07.2023 10:52:15.740;;
893;500,593;-3061,721;-328,745;0,000;0,000;0,000;0,000;RRR 1.5in;23,4;1014;48;'26.07.2023 10:52:15.750;;
894;500,560;-3062,394;-328,731;0,000;0,000;0,000;0,000;RRR 1.5in;23,4;1014;48;'26.07.2023 10:52:15.760;;
895;500,513;-3063,058;-328,714;0,000;0,000;0,000;0,000;RRR 1.5in;23,4;1014;48;'26.07.2023 10:52:15.770;;
896;500,478;-3063,743;-328,707;0,000;0,000;0,000;0,000;RRR 1.5in;23,4;1014;48;'26.07.2023 10:52:15.780;;
897;500,444;-3064,452;-328,711;0,000;0,000;0,000;0,000;RRR 1.5in;23,4;1014;48;'26.07.2023 10:52:15.790;;
898;500,404;-3065,154;-328,712;0,000;0,000;0,000;0,000;RRR 1.5in;23,4;1014;48;'26.07.2023 10:52:15.800;;
899;500,365;-3065,835;-328,699;0,000;0,000;0,000;0,000;RRR 1.5in;23,4;1014;48;'26.07.2023 10:52:15.810;;
900;500,322;-3066,510;-328,692;0,000;0,000;0,000;0,000;RRR 1.5in;23,4;1014;48;'26.07.2023 10:52:15.820;;
901;500,287;-3067,201;-328,698;0,000;0,000;0,000;0,000;RRR 1.5in;23,4;1014;48;'26.07.2023 10:52:15.830;;
902;500,257;-3067,897;-328,710;0,000;0,000;0,000;0,000;RRR 1.5in;23,4;1014;48;'26.07.2023 10:52:15.840;;
903;500,216;-3068,578;-328,707;0,000;0,000;0,000;0,000;RRR 1.5in;23,4;1014;48;'26.07.2023 10:52:15.850;;
904;500,178;-3069,246;-328,691;0,000;0,000;0,000;0,000;RRR 1.5in;23,4;1014;48;'26.07.2023 10:52:15.860;;
905;500,148;-3069,933;-328,685;0,000;0,000;0,000;0,000;RRR 1.5in;23,4;1014;48;'26.07.2023 10:52:15.870;;
906;500,108;-3070,636;-328,692;0,000;0,000;0,000;0,000;RRR 1.5in;23,4;1014;48;'26.07.2023 10:52:15.880;;
907;500,065;-3071,332;-328,694;0,000;0,000;0,000;0,000;RRR 1.5in;23,4;1014;48;'26.07.2023 10:52:15.890;;
908;500,016;-3072,008;-328,688;0,000;0,000;0,000;0,000;RRR 1.5in;23,4;1014;48;'26.07.2023 10:52:15.900;;
909;499,970;-3072,681;-328,679;0,000;0,000;0,000;0,000;RRR 1.5in;23,4;1014;48;'26.07.2023 10:52:15.910;;
910;499,928;-3073,364;-328,674;0,000;0,000;0,000;0,000;RRR 1.5in;23,4;1014;48;'26.07.2023 10:52:15.920;;
911;499,891;-3074,056;-328,675;0,000;0,000;0,000;0,000;RRR 1.5in;23,4;1014;48;'26.07.2023 10:52:15.930;;
912;499,866;-3074,752;-328,675;0,000;0,000;0,000;0,000;RRR 1.5in;23,4;1014;48;'26.07.2023 10:52:15.940;;
913;499,826;-3075,441;-328,678;0,000;0,000;0,000;0,000;RRR 1.5in;23,4;1014;48;'26.07.2023 10:52:15.950;;
914;499,779;-3076,112;-328,676;0,000;0,000;0,000;0,000;RRR 1.5in;23,4;1014;48;'26.07.2023 10:52:15.960;;
915;499,754;-3076,770;-328,666;0,000;0,000;0,000;0,000;RRR 1.5in;23,4;1014;48;'26.07.2023 10:52:15.970;;
916;499,717;-3077,448;-328,670;0,000;0,000;0,000;0,000;RRR 1.5in;23,4;1014;48;'26.07.2023 10:52:15.980;;
917;499,678;-3078,146;-328,683;0,000;0,000;0,000;0,000;RRR 1.5in;23,4;1014;48;'26.07.2023 10:52:15.990;;
918;499,639;-3078,833;-328,685;0,000;0,000;0,000;0,000;RRR 1.5in;23,4;1014;48;'26.07.2023 10:52:16.000;;
919;499,588;-3079,506;-328,680;0,000;0,000;0,000;0,000;RRR 1.5in;23,4;1014;48;'26.07.2023 10:52:16.010;;
920;499,542;-3080,192;-328,678;0,000;0,000;0,000;0,000;RRR 1.5in;23,4;1014;48;'26.07.2023 10:52:16.020;;
921;499,511;-3080,891;-328,685;0,000;0,000;0,000;0,000;RRR 1.5in;23,4;1014;48;'26.07.2023 10:52:16.030;;
922;499,469;-3081,587;-328,690;0,000;0,000;0,000;0,000;RRR 1.5in;23,4;1014;48;'26.07.2023 10:52:16.040;;
923;499,425;-3082,266;-328,685;0,000;0,000;0,000;0,000;RRR 1.5in;23,4;1014;48;'26.07.2023 10:52:16.050;;
924;499,369;-3082,933;-328,677;0,000;0,000;0,000;0,000;RRR 1.5in;23,4;1014;48;'26.07.2023 10:52:16.060;;
925;499,325;-3083,613;-328,675;0,000;0,000;0,000;0,000;RRR 1.5in;23,4;1014;48;'26.07.2023 10:52:16.070;;
926;499,300;-3084,313;-328,678;0,000;0,000;0,000;0,000;RRR 1.5in;23,4;1014;48;'26.07.2023 10:52:16.080;;
927;499,267;-3085,009;-328,673;0,000;0,000;0,000;0,000;RRR 1.5in;23,4;1014;48;'26.07.2023 10:52:16.090;;
928;499,236;-3085,693;-328,660;0,000;0,000;0,000;0,000;RRR 1.5in;23,4;1014;48;'26.07.2023 10:52:16.100;;
929;499,197;-3086,367;-328,651;0,000;0,000;0,000;0,000;RRR 1.5in;23,4;1014;48;'26.07.2023 10:52:16.110;;
930;499,149;-3087,040;-328,650;0,000;0,000;0,000;0,000;RRR 1.5in;23,4;1014;48;'26.07.2023 10:52:16.120;;
931;499,122;-3087,725;-328,648;0,000;0,000;0,000;0,000;RRR 1.5in;23,4;1014;48;'26.07.2023 10:52:16.130;;
932;499,094;-3088,419;-328,648;0,000;0,000;0,000;0,000;RRR 1.5in;23,4;1014;48;'26.07.2023 10:52:16.140;;
933;499,046;-3089,115;-328,643;0,000;0,000;0,000;0,000;RRR 1.5in;23,4;1014;48;'26.07.2023 10:52:16.150;;
934;499,006;-3089,799;-328,638;0,000;0,000;0,000;0,000;RRR 1.5in;23,4;1014;48;'26.07.2023 10:52:16.160;;
935;498,962;-3090,477;-328,633;0,000;0,000;0,000;0,000;RRR 1.5in;23,4;1014;48;'26.07.2023 10:52:16.170;;
936;498,917;-3091,170;-328,641;0,000;0,000;0,000;0,000;RRR 1.5in;23,4;1014;48;'26.07.2023 10:52:16.180;;
937;498,870;-3091,861;-328,645;0,000;0,000;0,000;0,000;RRR 1.5in;23,4;1014;48;'26.07.2023 10:52:16.190;;
938;498,827;-3092,535;-328,639;0,000;0,000;0,000;0,000;RRR 1.5in;23,4;1014;48;'26.07.2023 10:52:16.200;;
939;498,787;-3093,214;-328,633;0,000;0,000;0,000;0,000;RRR 1.5in;23,4;1014;48;'26.07.2023 10:52:16.210;;
940;498,756;-3093,915;-328,638;0,000;0,000;0,000;0,000;RRR 1.5in;23,4;1014;48;'26.07.2023 10:52:16.220;;
941;498,717;-3094,622;-328,646;0,000;0,000;0,000;0,000;RRR 1.5in;23,4;1014;48;'26.07.2023 10:52:16.230;;
942;498,679;-3095,313;-328,647;0,000;0,000;0,000;0,000;RRR 1.5in;23,4;1014;48;'26.07.2023 10:52:16.240;;
943;498,623;-3095,976;-328,631;0,000;0,000;0,000;0,000;RRR 1.5in;23,4;1014;48;'26.07.2023 10:52:16.250;;
944;498,582;-3096,643;-328,621;0,000;0,000;0,000;0,000;RRR 1.5in;23,4;1014;48;'26.07.2023 10:52:16.260;;
945;498,548;-3097,339;-328,630;0,000;0,000;0,000;0,000;RRR 1.5in;23,4;1014;48;'26.07.2023 10:52:16.270;;
946;498,511;-3098,037;-328,636;0,000;0,000;0,000;0,000;RRR 1.5in;23,4;1014;48;'26.07.2023 10:52:16.280;;
947;498,478;-3098,724;-328,633;0,000;0,000;0,000;0,000;RRR 1.5in;23,4;1014;48;'26.07.2023 10:52:16.290;;
948;498,436;-3099,402;-328,630;0,000;0,000;0,000;0,000;RRR 1.5in;23,4;1014;48;'26.07.2023 10:52:16.300;;
949;498,406;-3100,086;-328,640;0,000;0,000;0,000;0,000;RRR 1.5in;23,4;1014;48;'26.07.2023 10:52:16.310;;
950;498,360;-3100,769;-328,652;0,000;0,000;0,000;0,000;RRR 1.5in;23,4;1014;48;'26.07.2023 10:52:16.320;;
951;498,320;-3101,446;-328,657;0,000;0,000;0,000;0,000;RRR 1.5in;23,4;1014;48;'26.07.2023 10:52:16.330;;
952;498,276;-3102,124;-328,655;0,000;0,000;0,000;0,000;RRR 1.5in;23,4;1014;48;'26.07.2023 10:52:16.340;;
953;498,225;-3102,813;-328,664;0,000;0,000;0,000;0,000;RRR 1.5in;23,4;1014;48;'26.07.2023 10:52:16.350;;
954;498,183;-3103,507;-328,673;0,000;0,000;0,000;0,000;RRR 1.5in;23,4;1014;48;'26.07.2023 10:52:16.360;;
955;498,141;-3104,197;-328,681;0,000;0,000;0,000;0,000;RRR 1.5in;23,4;1014;48;'26.07.2023 10:52:16.370;;
956;498,082;-3104,888;-328,687;0,000;0,000;0,000;0,000;RRR 1.5in;23,4;1014;48;'26.07.2023 10:52:16.380;;
957;498,028;-3105,569;-328,684;0,000;0,000;0,000;0,000;RRR 1.5in;23,4;1014;48;'26.07.2023 10:52:16.390;;
958;497,992;-3106,249;-328,679;0,000;0,000;0,000;0,000;RRR 1.5in;23,4;1014;48;'26.07.2023 10:52:16.400;;
959;497,950;-3106,945;-328,681;0,000;0,000;0,000;0,000;RRR 1.5in;23,4;1014;48;'26.07.2023 10:52:16.410;;
960;497,918;-3107,658;-328,686;0,000;0,000;0,000;0,000;RRR 1.5in;23,4;1014;48;'26.07.2023 10:52:16.420;;
961;497,878;-3108,354;-328,684;0,000;0,000;0,000;0,000;RRR 1.5in;23,4;1014;48;'26.07.2023 10:52:16.430;;
962;497,842;-3109,030;-328,674;0,000;0,000;0,000;0,000;RRR 1.5in;23,4;1014;48;'26.07.2023 10:52:16.440;;
963;497,802;-3109,704;-328,670;0,000;0,000;0,000;0,000;RRR 1.5in;23,4;1014;48;'26.07.2023 10:52:16.450;;
964;497,763;-3110,384;-328,675;0,000;0,000;0,000;0,000;RRR 1.5in;23,4;1014;48;'26.07.2023 10:52:16.460;;
965;497,734;-3111,076;-328,683;0,000;0,000;0,000;0,000;RRR 1.5in;23,4;1014;48;'26.07.2023 10:52:16.470;;
966;497,683;-3111,765;-328,687;0,000;0,000;0,000;0,000;RRR 1.5in;23,4;1014;48;'26.07.2023 10:52:16.480;;
967;497,641;-3112,447;-328,679;0,000;0,000;0,000;0,000;RRR 1.5in;23,4;1014;48;'26.07.2023 10:52:16.490;;
968;497,613;-3113,135;-328,678;0,000;0,000;0,000;0,000;RRR 1.5in;23,4;1014;48;'26.07.2023 10:52:16.500;;
969;497,567;-3113,845;-328,694;0,000;0,000;0,000;0,000;RRR 1.5in;23,4;1014;48;'26.07.2023 10:52:16.510;;
970;497,524;-3114,541;-328,697;0,000;0,000;0,000;0,000;RRR 1.5in;23,4;1014;48;'26.07.2023 10:52:16.520;;
971;497,487;-3115,212;-328,682;0,000;0,000;0,000;0,000;RRR 1.5in;23,4;1014;48;'26.07.2023 10:52:16.530;;
972;497,432;-3115,887;-328,670;0,000;0,000;0,000;0,000;RRR 1.5in;23,4;1014;48;'26.07.2023 10:52:16.540;;
973;497,393;-3116,588;-328,670;0,000;0,000;0,000;0,000;RRR 1.5in;23,4;1014;48;'26.07.2023 10:52:16.550;;
974;497,362;-3117,288;-328,665;0,000;0,000;0,000;0,000;RRR 1.5in;23,4;1014;48;'26.07.2023 10:52:16.560;;
975;497,331;-3117,977;-328,657;0,000;0,000;0,000;0,000;RRR 1.5in;23,4;1014;48;'26.07.2023 10:52:16.570;;
976;497,280;-3118,659;-328,645;0,000;0,000;0,000;0,000;RRR 1.5in;23,4;1014;48;'26.07.2023 10:52:16.580;;
977;497,237;-3119,337;-328,633;0,000;0,000;0,000;0,000;RRR 1.5in;23,4;1014;48;'26.07.2023 10:52:16.590;;
978;497,204;-3120,036;-328,633;0,000;0,000;0,000;0,000;RRR 1.5in;23,4;1014;48;'26.07.2023 10:52:16.600;;
979;497,158;-3120,742;-328,640;0,000;0,000;0,000;0,000;RRR 1.5in;23,4;1014;48;'26.07.2023 10:52:16.610;;
980;497,110;-3121,432;-328,635;0,000;0,000;0,000;0,000;RRR 1.5in;23,4;1014;48;'26.07.2023 10:52:16.620;;
981;497,063;-3122,095;-328,613;0,000;0,000;0,000;0,000;RRR 1.5in;23,4;1014;48;'26.07.2023 10:52:16.630;;
982;497,025;-3122,784;-328,604;0,000;0,000;0,000;0,000;RRR 1.5in;23,4;1014;48;'26.07.2023 10:52:16.640;;
983;496,981;-3123,489;-328,604;0,000;0,000;0,000;0,000;RRR 1.5in;23,4;1014;48;'26.07.2023 10:52:16.650;;
984;496,942;-3124,184;-328,604;0,000;0,000;0,000;0,000;RRR 1.5in;23,4;1014;48;'26.07.2023 10:52:16.660;;
985;496,897;-3124,850;-328,588;0,000;0,000;0,000;0,000;RRR 1.5in;23,4;1014;48;'26.07.2023 10:52:16.670;;
986;496,856;-3125,511;-328,573;0,000;0,000;0,000;0,000;RRR 1.5in;23,4;1014;48;'26.07.2023 10:52:16.680;;
987;496,825;-3126,196;-328,562;0,000;0,000;0,000;0,000;RRR 1.5in;23,4;1014;48;'26.07.2023 10:52:16.690;;
988;496,806;-3126,907;-328,563;0,000;0,000;0,000;0,000;RRR 1.5in;23,4;1014;48;'26.07.2023 10:52:16.700;;
989;496,766;-3127,616;-328,558;0,000;0,000;0,000;0,000;RRR 1.5in;23,4;1014;48;'26.07.2023 10:52:16.710;;
990;496,729;-3128,296;-328,537;0,000;0,000;0,000;0,000;RRR 1.5in;23,4;1014;48;'26.07.2023 10:52:16.720;;
991;496,687;-3128,974;-328,528;0,000;0,000;0,000;0,000;RRR 1.5in;23,4;1014;48;'26.07.2023 10:52:16.730;;
992;496,639;-3129,657;-328,529;0,000;0,000;0,000;0,000;RRR 1.5in;23,4;1014;48;'26.07.2023 10:52:16.740;;
993;496,603;-3130,351;-328,531;0,000;0,000;0,000;0,000;RRR 1.5in;23,4;1014;48;'26.07.2023 10:52:16.750;;
994;496,552;-3131,033;-328,523;0,000;0,000;0,000;0,000;RRR 1.5in;23,4;1014;48;'26.07.2023 10:52:16.760;;
995;496,500;-3131,724;-328,522;0,000;0,000;0,000;0,000;RRR 1.5in;23,4;1014;48;'26.07.2023 10:52:16.770;;
996;496,459;-3132,417;-328,522;0,000;0,000;0,000;0,000;RRR 1.5in;23,4;1014;48;'26.07.2023 10:52:16.780;;
997;496,420;-3133,111;-328,528;0,000;0,000;0,000;0,000;RRR 1.5in;23,4;1014;48;'26.07.2023 10:52:16.790;;
998;496,388;-3133,808;-328,531;0,000;0,000;0,000;0,000;RRR 1.5in;23,4;1014;48;'26.07.2023 10:52:16.800;;
999;496,340;-3134,486;-328,522;0,000;0,000;0,000;0,000;RRR 1.5in;23,4;1014;48;'26.07.2023 10:52:16.810;;
1000;496,294;-3135,167;-328,510;0,000;0,000;0,000;0,000;RRR 1.5in;23,4;1014;48;'26.07.2023 10:52:16.820;;
1001;496,254;-3135,868;-328,509;0,000;0,000;0,000;0,000;RRR 1.5in;23,4;1014;48;'26.07.2023 10:52:16.830;;
1002;496,211;-3136,582;-328,520;0,000;0,000;0,000;0,000;RRR 1.5in;23,4;1014;48;'26.07.2023 10:52:16.840;;
1003;496,168;-3137,261;-328,512;0,000;0,000;0,000;0,000;RRR 1.5in;23,4;1014;48;'26.07.2023 10:52:16.850;;
1004;496,125;-3137,922;-328,503;0,000;0,000;0,000;0,000;RRR 1.5in;23,4;1014;48;'26.07.2023 10:52:16.860;;
1005;496,085;-3138,588;-328,493;0,000;0,000;0,000;0,000;RRR 1.5in;23,4;1014;48;'26.07.2023 10:52:16.870;;
1006;496,056;-3139,291;-328,505;0,000;0,000;0,000;0,000;RRR 1.5in;23,4;1014;48;'26.07.2023 10:52:16.880;;
1007;496,010;-3140,002;-328,521;0,000;0,000;0,000;0,000;RRR 1.5in;23,4;1014;48;'26.07.2023 10:52:16.890;;
1008;495,971;-3140,670;-328,514;0,000;0,000;0,000;0,000;RRR 1.5in;23,4;1014;48;'26.07.2023 10:52:16.900;;
1009;495,941;-3141,325;-328,498;0,000;0,000;0,000;0,000;RRR 1.5in;23,4;1014;48;'26.07.2023 10:52:16.910;;
1010;495,901;-3142,006;-328,505;0,000;0,000;0,000;0,000;RRR 1.5in;23,4;1014;48;'26.07.2023 10:52:16.920;;
1011;495,860;-3142,713;-328,524;0,000;0,000;0,000;0,000;RRR 1.5in;23,4;1014;48;'26.07.2023 10:52:16.930;;
1012;495,800;-3143,391;-328,523;0,000;0,000;0,000;0,000;RRR 1.5in;23,4;1014;48;'26.07.2023 10:52:16.940;;
1013;495,749;-3144,062;-328,511;0,000;0,000;0,000;0,000;RRR 1.5in;23,4;1014;48;'26.07.2023 10:52:16.950;;
1014;495,713;-3144,749;-328,510;0,000;0,000;0,000;0,000;RRR 1.5in;23,4;1014;48;'26.07.2023 10:52:16.960;;
1015;495,674;-3145,459;-328,528;0,000;0,000;0,000;0,000;RRR 1.5in;23,4;1014;48;'26.07.2023 10:52:16.970;;
1016;495,633;-3146,151;-328,537;0,000;0,000;0,000;0,000;RRR 1.5in;23,4;1014;48;'26.07.2023 10:52:16.980;;
1017;495,574;-3146,810;-328,523;0,000;0,000;0,000;0,000;RRR 1.5in;23,4;1014;48;'26.07.2023 10:52:16.990;;
1018;495,530;-3147,485;-328,516;0,000;0,000;0,000;0,000;RRR 1.5in;23,4;1014;48;'26.07.2023 10:52:17.000;;
1019;495,493;-3148,190;-328,522;0,000;0,000;0,000;0,000;RRR 1.5in;23,4;1014;48;'26.07.2023 10:52:17.010;;
1020;495,464;-3148,900;-328,532;0,000;0,000;0,000;0,000;RRR 1.5in;23,4;1014;48;'26.07.2023 10:52:17.020;;
1021;495,425;-3149,567;-328,516;0,000;0,000;0,000;0,000;RRR 1.5in;23,4;1014;48;'26.07.2023 10:52:17.030;;
1022;495,384;-3150,224;-328,497;0,000;0,000;0,000;0,000;RRR 1.5in;23,4;1014;48;'26.07.2023 10:52:17.040;;
1023;495,348;-3150,908;-328,496;0,000;0,000;0,000;0,000;RRR 1.5in;23,4;1014;48;'26.07.2023 10:52:17.050;;
1024;495,311;-3151,613;-328,503;0,000;0,000;0,000;0,000;RRR 1.5in;23,4;1014;48;'26.07.2023 10:52:17.060;;
1025;495,287;-3152,307;-328,501;0,000;0,000;0,000;0,000;RRR 1.5in;23,4;1014;48;'26.07.2023 10:52:17.070;;
1026;495,249;-3152,974;-328,486;0,000;0,000;0,000;0,000;RRR 1.5in;23,4;1014;48;'26.07.2023 10:52:17.080;;
1027;495,215;-3153,644;-328,470;0,000;0,000;0,000;0,000;RRR 1.5in;23,4;1014;48;'26.07.2023 10:52:17.090;;
1028;495,193;-3154,337;-328,467;0,000;0,000;0,000;0,000;RRR 1.5in;23,4;1014;48;'26.07.2023 10:52:17.100;;
1029;495,150;-3155,044;-328,479;0,000;0,000;0,000;0,000;RRR 1.5in;23,4;1014;48;'26.07.2023 10:52:17.110;;
1030;495,107;-3155,729;-328,471;0,000;0,000;0,000;0,000;RRR 1.5in;23,4;1014;48;'26.07.2023 10:52:17.120;;
1031;495,069;-3156,396;-328,455;0,000;0,000;0,000;0,000;RRR 1.5in;23,4;1014;48;'26.07.2023 10:52:17.130;;
1032;495,031;-3157,085;-328,450;0,000;0,000;0,000;0,000;RRR 1.5in;23,4;1014;48;'26.07.2023 10:52:17.140;;
1033;494,998;-3157,799;-328,454;0,000;0,000;0,000;0,000;RRR 1.5in;23,4;1014;48;'26.07.2023 10:52:17.150;;
1034;494,948;-3158,497;-328,451;0,000;0,000;0,000;0,000;RRR 1.5in;23,4;1014;48;'26.07.2023 10:52:17.160;;
1035;494,903;-3159,165;-328,424;0,000;0,000;0,000;0,000;RRR 1.5in;23,4;1014;48;'26.07.2023 10:52:17.170;;
1036;494,867;-3159,843;-328,408;0,000;0,000;0,000;0,000;RRR 1.5in;23,4;1014;48;'26.07.2023 10:52:17.180;;
1037;494,828;-3160,540;-328,406;0,000;0,000;0,000;0,000;RRR 1.5in;23,4;1014;48;'26.07.2023 10:52:17.190;;
1038;494,796;-3161,241;-328,409;0,000;0,000;0,000;0,000;RRR 1.5in;23,4;1014;48;'26.07.2023 10:52:17.200;;
1039;494,746;-3161,911;-328,398;0,000;0,000;0,000;0,000;RRR 1.5in;23,4;1014;48;'26.07.2023 10:52:17.210;;
1040;494,703;-3162,573;-328,380;0,000;0,000;0,000;0,000;RRR 1.5in;23,4;1014;48;'26.07.2023 10:52:17.220;;
1041;494,672;-3163,268;-328,383;0,000;0,000;0,000;0,000;RRR 1.5in;23,4;1014;48;'26.07.2023 10:52:17.230;;
1042;494,634;-3163,985;-328,400;0,000;0,000;0,000;0,000;RRR 1.5in;23,4;1014;48;'26.07.2023 10:52:17.240;;
1043;494,595;-3164,680;-328,409;0,000;0,000;0,000;0,000;RRR 1.5in;23,4;1014;48;'26.07.2023 10:52:17.250;;
1044;494,551;-3165,326;-328,395;0,000;0,000;0,000;0,000;RRR 1.5in;23,4;1014;48;'26.07.2023 10:52:17.260;;
1045;494,516;-3165,980;-328,382;0,000;0,000;0,000;0,000;RRR 1.5in;23,4;1014;48;'26.07.2023 10:52:17.270;;
1046;494,485;-3166,681;-328,392;0,000;0,000;0,000;0,000;RRR 1.5in;23,4;1014;48;'26.07.2023 10:52:17.280;;
1047;494,442;-3167,396;-328,403;0,000;0,000;0,000;0,000;RRR 1.5in;23,4;1014;48;'26.07.2023 10:52:17.290;;
1048;494,402;-3168,075;-328,389;0,000;0,000;0,000;0,000;RRR 1.5in;23,4;1014;48;'26.07.2023 10:52:17.300;;
1049;494,358;-3168,723;-328,362;0,000;0,000;0,000;0,000;RRR 1.5in;23,4;1014;48;'26.07.2023 10:52:17.310;;
1050;494,332;-3169,409;-328,359;0,000;0,000;0,000;0,000;RRR 1.5in;23,4;1014;48;'26.07.2023 10:52:17.320;;
1051;494,288;-3170,122;-328,370;0,000;0,000;0,000;0,000;RRR 1.5in;23,4;1014;48;'26.07.2023 10:52:17.330;;
1052;494,230;-3170,822;-328,368;0,000;0,000;0,000;0,000;RRR 1.5in;23,4;1014;48;'26.07.2023 10:52:17.340;;
1053;494,189;-3171,493;-328,348;0,000;0,000;0,000;0,000;RRR 1.5in;23,4;1014;48;'26.07.2023 10:52:17.350;;
1054;494,160;-3172,184;-328,344;0,000;0,000;0,000;0,000;RRR 1.5in;23,4;1014;48;'26.07.2023 10:52:17.360;;
1055;494,116;-3172,905;-328,365;0,000;0,000;0,000;0,000;RRR 1.5in;23,4;1014;48;'26.07.2023 10:52:17.370;;
1056;494,064;-3173,593;-328,372;0,000;0,000;0,000;0,000;RRR 1.5in;23,4;1014;48;'26.07.2023 10:52:17.380;;
1057;494,010;-3174,236;-328,354;0,000;0,000;0,000;0,000;RRR 1.5in;23,4;1014;48;'26.07.2023 10:52:17.390;;
1058;493,965;-3174,906;-328,343;0,000;0,000;0,000;0,000;RRR 1.5in;23,4;1014;48;'26.07.2023 10:52:17.400;;
1059;493,933;-3175,628;-328,359;0,000;0,000;0,000;0,000;RRR 1.5in;23,4;1014;48;'26.07.2023 10:52:17.410;;
1060;493,904;-3176,344;-328,369;0,000;0,000;0,000;0,000;RRR 1.5in;23,4;1014;48;'26.07.2023 10:52:17.420;;
1061;493,866;-3177,004;-328,347;0,000;0,000;0,000;0,000;RRR 1.5in;23,4;1014;48;'26.07.2023 10:52:17.430;;
1062;493,833;-3177,651;-328,317;0,000;0,000;0,000;0,000;RRR 1.5in;23,4;1014;48;'26.07.2023 10:52:17.440;;
1063;493,814;-3178,342;-328,314;0,000;0,000;0,000;0,000;RRR 1.5in;23,4;1014;48;'26.07.2023 10:52:17.450;;
1064;493,777;-3179,058;-328,317;0,000;0,000;0,000;0,000;RRR 1.5in;23,4;1014;48;'26.07.2023 10:52:17.460;;
1065;493,735;-3179,747;-328,310;0,000;0,000;0,000;0,000;RRR 1.5in;23,4;1014;48;'26.07.2023 10:52:17.470;;
1066;493,686;-3180,402;-328,279;0,000;0,000;0,000;0,000;RRR 1.5in;23,4;1014;48;'26.07.2023 10:52:17.480;;
1067;493,674;-3181,089;-328,269;0,000;0,000;0,000;0,000;RRR 1.5in;23,4;1014;48;'26.07.2023 10:52:17.490;;
1068;493,637;-3181,806;-328,280;0,000;0,000;0,000;0,000;RRR 1.5in;23,4;1014;48;'26.07.2023 10:52:17.500;;
1069;493,589;-3182,506;-328,291;0,000;0,000;0,000;0,000;RRR 1.5in;23,4;1014;48;'26.07.2023 10:52:17.510;;
1070;493,522;-3183,159;-328,276;0,000;0,000;0,000;0,000;RRR 1.5in;23,4;1014;48;'26.07.2023 10:52:17.520;;
1071;493,475;-3183,820;-328,259;0,000;0,000;0,000;0,000;RRR 1.5in;23,4;1014;48;'26.07.2023 10:52:17.530;;
1072;493,446;-3184,533;-328,272;0,000;0,000;0,000;0,000;RRR 1.5in;23,4;1014;48;'26.07.2023 10:52:17.540;;
1073;493,401;-3185,250;-328,287;0,000;0,000;0,000;0,000;RRR 1.5in;23,4;1014;48;'26.07.2023 10:52:17.550;;
1074;493,354;-3185,920;-328,274;0,000;0,000;0,000;0,000;RRR 1.5in;23,4;1014;48;'26.07.2023 10:52:17.560;;
1075;493,315;-3186,578;-328,250;0,000;0,000;0,000;0,000;RRR 1.5in;23,4;1014;48;'26.07.2023 10:52:17.570;;
1076;493,277;-3187,279;-328,250;0,000;0,000;0,000;0,000;RRR 1.5in;23,4;1014;48;'26.07.2023 10:52:17.580;;
1077;493,249;-3188,000;-328,264;0,000;0,000;0,000;0,000;RRR 1.5in;23,4;1014;48;'26.07.2023 10:52:17.590;;
1078;493,198;-3188,678;-328,251;0,000;0,000;0,000;0,000;RRR 1.5in;23,4;1014;48;'26.07.2023 10:52:17.600;;
1079;493,164;-3189,336;-328,223;0,000;0,000;0,000;0,000;RRR 1.5in;23,4;1014;48;'26.07.2023 10:52:17.610;;
1080;493,130;-3190,025;-328,214;0,000;0,000;0,000;0,000;RRR 1.5in;23,4;1014;48;'26.07.2023 10:52:17.620;;
1081;493,091;-3190,746;-328,231;0,000;0,000;0,000;0,000;RRR 1.5in;23,4;1014;48;'26.07.2023 10:52:17.630;;
1082;493,047;-3191,441;-328,240;0,000;0,000;0,000;0,000;RRR 1.5in;23,4;1014;48;'26.07.2023 10:52:17.640;;
1083;492,994;-3192,090;-328,226;0,000;0,000;0,000;0,000;RRR 1.5in;23,4;1014;48;'26.07.2023 10:52:17.650;;
1084;492,970;-3192,756;-328,216;0,000;0,000;0,000;0,000;RRR 1.5in;23,4;1014;48;'26.07.2023 10:52:17.660;;
1085;492,943;-3193,462;-328,228;0,000;0,000;0,000;0,000;RRR 1.5in;23,4;1014;48;'26.07.2023 10:52:17.670;;
1086;492,906;-3194,178;-328,243;0,000;0,000;0,000;0,000;RRR 1.5in;23,4;1014;48;'26.07.2023 10:52:17.680;;
1087;492,851;-3194,858;-328,237;0,000;0,000;0,000;0,000;RRR 1.5in;23,4;1014;48;'26.07.2023 10:52:17.690;;
1088;492,796;-3195,521;-328,222;0,000;0,000;0,000;0,000;RRR 1.5in;23,4;1014;48;'26.07.2023 10:52:17.700;;
1089;492,778;-3196,210;-328,218;0,000;0,000;0,000;0,000;RRR 1.5in;23,4;1014;48;'26.07.2023 10:52:17.710;;
1090;492,741;-3196,916;-328,224;0,000;0,000;0,000;0,000;RRR 1.5in;23,4;1014;48;'26.07.2023 10:52:17.720;;
1091;492,683;-3197,611;-328,218;0,000;0,000;0,000;0,000;RRR 1.5in;23,4;1014;48;'26.07.2023 10:52:17.730;;
1092;492,637;-3198,283;-328,194;0,000;0,000;0,000;0,000;RRR 1.5in;23,4;1014;48;'26.07.2023 10:52:17.740;;
1093;492,609;-3198,980;-328,187;0,000;0,000;0,000;0,000;RRR 1.5in;23,4;1014;48;'26.07.2023 10:52:17.750;;
1094;492,585;-3199,708;-328,207;0,000;0,000;0,000;0,000;RRR 1.5in;23,4;1014;48;'26.07.2023 10:52:17.760;;
1095;492,529;-3200,393;-328,216;0,000;0,000;0,000;0,000;RRR 1.5in;23,4;1014;48;'26.07.2023 10:52:17.770;;
1096;492,471;-3201,032;-328,206;0,000;0,000;0,000;0,000;RRR 1.5in;23,4;1014;48;'26.07.2023 10:52:17.780;;
1097;492,440;-3201,694;-328,202;0,000;0,000;0,000;0,000;RRR 1.5in;23,4;1014;48;'26.07.2023 10:52:17.790;;
1098;492,408;-3202,418;-328,227;0,000;0,000;0,000;0,000;RRR 1.5in;23,4;1014;48;'26.07.2023 10:52:17.800;;
1099;492,366;-3203,146;-328,255;0,000;0,000;0,000;0,000;RRR 1.5in;23,4;1014;48;'26.07.2023 10:52:17.810;;
1100;492,310;-3203,804;-328,243;0,000;0,000;0,000;0,000;RRR 1.5in;23,4;1014;48;'26.07.2023 10:52:17.820;;
1101;492,275;-3204,454;-328,228;0,000;0,000;0,000;0,000;RRR 1.5in;23,4;1014;48;'26.07.2023 10:52:17.830;;
1102;492,252;-3205,151;-328,230;0,000;0,000;0,000;0,000;RRR 1.5in;23,4;1014;48;'26.07.2023 10:52:17.840;;
1103;492,224;-3205,868;-328,239;0,000;0,000;0,000;0,000;RRR 1.5in;23,4;1014;48;'26.07.2023 10:52:17.850;;
1104;492,166;-3206,545;-328,225;0,000;0,000;0,000;0,000;RRR 1.5in;23,4;1014;48;'26.07.2023 10:52:17.860;;
1105;492,120;-3207,200;-328,193;0,000;0,000;0,000;0,000;RRR 1.5in;23,4;1014;48;'26.07.2023 10:52:17.870;;
1106;492,093;-3207,895;-328,185;0,000;0,000;0,000;0,000;RRR 1.5in;23,4;1014;48;'26.07.2023 10:52:17.880;;
1107;492,075;-3208,610;-328,195;0,000;0,000;0,000;0,000;RRR 1.5in;23,4;1014;48;'26.07.2023 10:52:17.890;;
1108;492,024;-3209,285;-328,194;0,000;0,000;0,000;0,000;RRR 1.5in;23,4;1014;48;'26.07.2023 10:52:17.900;;
1109;491,970;-3209,932;-328,177;0,000;0,000;0,000;0,000;RRR 1.5in;23,4;1014;48;'26.07.2023 10:52:17.910;;
1110;491,945;-3210,617;-328,175;0,000;0,000;0,000;0,000;RRR 1.5in;23,4;1014;48;'26.07.2023 10:52:17.920;;
1111;491,904;-3211,352;-328,201;0,000;0,000;0,000;0,000;RRR 1.5in;23,4;1014;48;'26.07.2023 10:52:17.930;;
1112;491,854;-3212,051;-328,209;0,000;0,000;0,000;0,000;RRR 1.5in;23,4;1014;48;'26.07.2023 10:52:17.940;;
1113;491,797;-3212,683;-328,176;0,000;0,000;0,000;0,000;RRR 1.5in;23,4;1014;48;'26.07.2023 10:52:17.950;;
1114;491,765;-3213,351;-328,160;0,000;0,000;0,000;0,000;RRR 1.5in;23,4;1014;48;'26.07.2023 10:52:17.960;;
1115;491,733;-3214,078;-328,173;0,000;0,000;0,000;0,000;RRR 1.5in;23,4;1014;48;'26.07.2023 10:52:17.970;;
1116;491,685;-3214,784;-328,170;0,000;0,000;0,000;0,000;RRR 1.5in;23,4;1014;48;'26.07.2023 10:52:17.980;;
1117;491,638;-3215,434;-328,131;0,000;0,000;0,000;0,000;RRR 1.5in;23,4;1014;48;'26.07.2023 10:52:17.990;;
1118;491,599;-3216,108;-328,105;0,000;0,000;0,000;0,000;RRR 1.5in;23,4;1014;48;'26.07.2023 10:52:18.000;;
1119;491,580;-3216,848;-328,119;0,000;0,000;0,000;0,000;RRR 1.5in;23,4;1014;48;'26.07.2023 10:52:18.010;;
1120;491,541;-3217,556;-328,123;0,000;0,000;0,000;0,000;RRR 1.5in;23,4;1014;48;'26.07.2023 10:52:18.020;;
1121;491,489;-3218,190;-328,091;0,000;0,000;0,000;0,000;RRR 1.5in;23,4;1014;48;'26.07.2023 10:52:18.030;;
1122;491,449;-3218,841;-328,073;0,000;0,000;0,000;0,000;RRR 1.5in;23,4;1014;48;'26.07.2023 10:52:18.040;;
1123;491,415;-3219,561;-328,092;0,000;0,000;0,000;0,000;RRR 1.5in;23,4;1014;48;'26.07.2023 10:52:18.050;;
1124;491,395;-3220,280;-328,109;0,000;0,000;0,000;0,000;RRR 1.5in;23,4;1014;48;'26.07.2023 10:52:18.060;;
1125;491,346;-3220,916;-328,085;0,000;0,000;0,000;0,000;RRR 1.5in;23,4;1014;48;'26.07.2023 10:52:18.070;;
1126;491,307;-3221,560;-328,065;0,000;0,000;0,000;0,000;RRR 1.5in;23,4;1014;48;'26.07.2023 10:52:18.080;;
1127;491,276;-3222,279;-328,085;0,000;0,000;0,000;0,000;RRR 1.5in;23,4;1014;48;'26.07.2023 10:52:18.090;;
1128;491,243;-3222,997;-328,100;0,000;0,000;0,000;0,000;RRR 1.5in;23,4;1014;48;'26.07.2023 10:52:18.100;;
1129;491,201;-3223,653;-328,082;0,000;0,000;0,000;0,000;RRR 1.5in;23,4;1014;48;'26.07.2023 10:52:18.110;;
1130;491,140;-3224,299;-328,056;0,000;0,000;0,000;0,000;RRR 1.5in;23,4;1014;48;'26.07.2023 10:52:18.120;;
1131;491,106;-3225,011;-328,066;0,000;0,000;0,000;0,000;RRR 1.5in;23,4;1014;48;'26.07.2023 10:52:18.130;;
1132;491,056;-3225,744;-328,096;0,000;0,000;0,000;0,000;RRR 1.5in;23,4;1014;48;'26.07.2023 10:52:18.140;;
1133;491,011;-3226,405;-328,085;0,000;0,000;0,000;0,000;RRR 1.5in;23,4;1014;48;'26.07.2023 10:52:18.150;;
1134;490,967;-3227,042;-328,059;0,000;0,000;0,000;0,000;RRR 1.5in;23,4;1014;48;'26.07.2023 10:52:18.160;;
1135;490,934;-3227,748;-328,069;0,000;0,000;0,000;0,000;RRR 1.5in;23,4;1014;48;'26.07.2023 10:52:18.170;;
1136;490,899;-3228,487;-328,104;0,000;0,000;0,000;0,000;RRR 1.5in;23,4;1014;48;'26.07.2023 10:52:18.180;;
1137;490,843;-3229,151;-328,109;0,000;0,000;0,000;0,000;RRR 1.5in;23,4;1014;48;'26.07.2023 10:52:18.190;;
1138;490,808;-3229,762;-328,079;0,000;0,000;0,000;0,000;RRR 1.5in;23,4;1014;48;'26.07.2023 10:52:18.200;;
1139;490,773;-3230,439;-328,084;0,000;0,000;0,000;0,000;RRR 1.5in;23,4;1014;48;'26.07.2023 10:52:18.210;;
1140;490,746;-3231,172;-328,122;0,000;0,000;0,000;0,000;RRR 1.5in;23,4;1014;48;'26.07.2023 10:52:18.220;;
1141;490,706;-3231,838;-328,118;0,000;0,000;0,000;0,000;RRR 1.5in;23,4;1014;48;'26.07.2023 10:52:18.230;;
1142;490,674;-3232,465;-328,087;0,000;0,000;0,000;0,000;RRR 1.5in;23,4;1014;48;'26.07.2023 10:52:18.240;;
1143;490,634;-3233,159;-328,094;0,000;0,000;0,000;0,000;RRR 1.5in;23,4;1014;48;'26.07.2023 10:52:18.250;;
1144;490,592;-3233,903;-328,125;0,000;0,000;0,000;0,000;RRR 1.5in;23,4;1014;48;'26.07.2023 10:52:18.260;;
1145;490,550;-3234,593;-328,130;0,000;0,000;0,000;0,000;RRR 1.5in;23,4;1014;48;'26.07.2023 10:52:18.270;;
1146;490,505;-3235,221;-328,097;0,000;0,000;0,000;0,000;RRR 1.5in;23,4;1014;48;'26.07.2023 10:52:18.280;;
1147;490,465;-3235,908;-328,090;0,000;0,000;0,000;0,000;RRR 1.5in;23,4;1014;48;'26.07.2023 10:52:18.290;;
1148;490,415;-3236,645;-328,111;0,000;0,000;0,000;0,000;RRR 1.5in;23,4;1014;48;'26.07.2023 10:52:18.300;;
1149;490,372;-3237,343;-328,116;0,000;0,000;0,000;0,000;RRR 1.5in;23,4;1014;48;'26.07.2023 10:52:18.310;;
1150;490,326;-3237,995;-328,092;0,000;0,000;0,000;0,000;RRR 1.5in;23,4;1014;48;'26.07.2023 10:52:18.320;;
1151;490,304;-3238,672;-328,080;0,000;0,000;0,000;0,000;RRR 1.5in;23,4;1014;48;'26.07.2023 10:52:18.330;;
1152;490,271;-3239,395;-328,098;0,000;0,000;0,000;0,000;RRR 1.5in;23,4;1014;48;'26.07.2023 10:52:18.340;;
1153;490,233;-3240,091;-328,106;0,000;0,000;0,000;0,000;RRR 1.5in;23,4;1014;48;'26.07.2023 10:52:18.350;;
1154;490,196;-3240,734;-328,086;0,000;0,000;0,000;0,000;RRR 1.5in;23,4;1014;48;'26.07.2023 10:52:18.360;;
1155;490,159;-3241,397;-328,071;0,000;0,000;0,000;0,000;RRR 1.5in;23,4;1014;48;'26.07.2023 10:52:18.370;;
1156;490,128;-3242,112;-328,088;0,000;0,000;0,000;0,000;RRR 1.5in;23,4;1014;48;'26.07.2023 10:52:18.380;;
1157;490,077;-3242,801;-328,092;0,000;0,000;0,000;0,000;RRR 1.5in;23,4;1014;48;'26.07.2023 10:52:18.390;;
1158;490,050;-3243,461;-328,073;0,000;0,000;0,000;0,000;RRR 1.5in;23,4;1014;48;'26.07.2023 10:52:18.400;;
1159;490,007;-3244,146;-328,063;0,000;0,000;0,000;0,000;RRR 1.5in;23,4;1014;48;'26.07.2023 10:52:18.410;;
1160;489,968;-3244,870;-328,072;0,000;0,000;0,000;0,000;RRR 1.5in;23,4;1014;48;'26.07.2023 10:52:18.420;;
1161;489,912;-3245,570;-328,071;0,000;0,000;0,000;0,000;RRR 1.5in;23,4;1014;48;'26.07.2023 10:52:18.430;;
1162;489,874;-3246,232;-328,052;0,000;0,000;0,000;0,000;RRR 1.5in;23,4;1014;48;'26.07.2023 10:52:18.440;;
1163;489,829;-3246,913;-328,051;0,000;0,000;0,000;0,000;RRR 1.5in;23,4;1014;48;'26.07.2023 10:52:18.450;;
1164;489,776;-3247,605;-328,060;0,000;0,000;0,000;0,000;RRR 1.5in;23,4;1014;48;'26.07.2023 10:52:18.460;;
1165;489,747;-3248,265;-328,050;0,000;0,000;0,000;0,000;RRR 1.5in;23,4;1014;48;'26.07.2023 10:52:18.470;;
1166;489,714;-3248,927;-328,041;0,000;0,000;0,000;0,000;RRR 1.5in;23,4;1014;48;'26.07.2023 10:52:18.480;;
1167;489,689;-3249,640;-328,057;0,000;0,000;0,000;0,000;RRR 1.5in;23,4;1014;48;'26.07.2023 10:52:18.490;;
1168;489,646;-3250,343;-328,073;0,000;0,000;0,000;0,000;RRR 1.5in;23,4;1014;48;'26.07.2023 10:52:18.500;;
1169;489,605;-3250,995;-328,066;0,000;0,000;0,000;0,000;RRR 1.5in;23,4;1014;48;'26.07.2023 10:52:18.510;;
1170;489,564;-3251,638;-328,052;0,000;0,000;0,000;0,000;RRR 1.5in;23,4;1014;48;'26.07.2023 10:52:18.520;;
1171;489,526;-3252,339;-328,059;0,000;0,000;0,000;0,000;RRR 1.5in;23,4;1014;48;'26.07.2023 10:52:18.530;;
1172;489,480;-3253,062;-328,076;0,000;0,000;0,000;0,000;RRR 1.5in;23,4;1014;48;'26.07.2023 10:52:18.540;;
1173;489,432;-3253,746;-328,069;0,000;0,000;0,000;0,000;RRR 1.5in;23,4;1014;48;'26.07.2023 10:52:18.550;;
1174;489,391;-3254,412;-328,049;0,000;0,000;0,000;0,000;RRR 1.5in;23,4;1014;48;'26.07.2023 10:52:18.560;;
1175;489,351;-3255,115;-328,049;0,000;0,000;0,000;0,000;RRR 1.5in;23,4;1014;48;'26.07.2023 10:52:18.570;;
1176;489,317;-3255,826;-328,059;0,000;0,000;0,000;0,000;RRR 1.5in;23,4;1014;48;'26.07.2023 10:52:18.580;;
1177;489,272;-3256,491;-328,046;0,000;0,000;0,000;0,000;RRR 1.5in;23,4;1014;48;'26.07.2023 10:52:18.590;;
1178;489,243;-3257,150;-328,024;0,000;0,000;0,000;0,000;RRR 1.5in;23,4;1014;48;'26.07.2023 10:52:18.600;;
1179;489,212;-3257,856;-328,027;0,000;0,000;0,000;0,000;RRR 1.5in;23,4;1014;48;'26.07.2023 10:52:18.610;;
1180;489,164;-3258,574;-328,050;0,000;0,000;0,000;0,000;RRR 1.5in;23,4;1014;48;'26.07.2023 10:52:18.620;;
1181;489,129;-3259,236;-328,044;0,000;0,000;0,000;0,000;RRR 1.5in;23,4;1014;48;'26.07.2023 10:52:18.630;;
1182;489,107;-3259,882;-328,029;0,000;0,000;0,000;0,000;RRR 1.5in;23,4;1014;48;'26.07.2023 10:52:18.640;;
1183;489,070;-3260,577;-328,040;0,000;0,000;0,000;0,000;RRR 1.5in;23,4;1014;48;'26.07.2023 10:52:18.650;;
1184;489,022;-3261,282;-328,056;0,000;0,000;0,000;0,000;RRR 1.5in;23,4;1014;48;'26.07.2023 10:52:18.660;;
1185;488,981;-3261,951;-328,047;0,000;0,000;0,000;0,000;RRR 1.5in;23,4;1014;48;'26.07.2023 10:52:18.670;;
1186;488,936;-3262,624;-328,037;0,000;0,000;0,000;0,000;RRR 1.5in;23,4;1014;48;'26.07.2023 10:52:18.680;;
1187;488,890;-3263,329;-328,041;0,000;0,000;0,000;0,000;RRR 1.5in;23,4;1014;48;'26.07.2023 10:52:18.690;;
1188;488,848;-3264,018;-328,037;0,000;0,000;0,000;0,000;RRR 1.5in;23,4;1014;48;'26.07.2023 10:52:18.700;;
1189;488,809;-3264,675;-328,016;0,000;0,000;0,000;0,000;RRR 1.5in;23,4;1014;48;'26.07.2023 10:52:18.710;;
1190;488,777;-3265,362;-328,006;0,000;0,000;0,000;0,000;RRR 1.5in;23,4;1014;48;'26.07.2023 10:52:18.720;;
1191;488,734;-3266,082;-328,014;0,000;0,000;0,000;0,000;RRR 1.5in;23,4;1014;48;'26.07.2023 10:52:18.730;;
1192;488,694;-3266,780;-328,015;0,000;0,000;0,000;0,000;RRR 1.5in;23,4;1014;48;'26.07.2023 10:52:18.740;;
1193;488,656;-3267,437;-328,005;0,000;0,000;0,000;0,000;RRR 1.5in;23,4;1014;48;'26.07.2023 10:52:18.750;;
1194;488,612;-3268,103;-328,005;0,000;0,000;0,000;0,000;RRR 1.5in;23,4;1014;48;'26.07.2023 10:52:18.760;;
1195;488,576;-3268,794;-328,019;0,000;0,000;0,000;0,000;RRR 1.5in;23,4;1014;48;'26.07.2023 10:52:18.770;;
1196;488,536;-3269,467;-328,027;0,000;0,000;0,000;0,000;RRR 1.5in;23,4;1014;48;'26.07.2023 10:52:18.780;;
1197;488,496;-3270,134;-328,024;0,000;0,000;0,000;0,000;RRR 1.5in;23,4;1014;48;'26.07.2023 10:52:18.790;;
1198;488,459;-3270,836;-328,036;0,000;0,000;0,000;0,000;RRR 1.5in;23,4;1014;48;'26.07.2023 10:52:18.800;;
1199;488,410;-3271,550;-328,052;0,000;0,000;0,000;0,000;RRR 1.5in;23,4;1014;48;'26.07.2023 10:52:18.810;;
1200;488,359;-3272,224;-328,043;0,000;0,000;0,000;0,000;RRR 1.5in;23,4;1014;48;'26.07.2023 10:52:18.820;;
1201;488,329;-3272,886;-328,021;0,000;0,000;0,000;0,000;RRR 1.5in;23,4;1014;48;'26.07.2023 10:52:18.830;;
1202;488,289;-3273,594;-328,017;0,000;0,000;0,000;0,000;RRR 1.5in;23,4;1014;48;'26.07.2023 10:52:18.840;;
1203;488,231;-3274,313;-328,024;0,000;0,000;0,000;0,000;RRR 1.5in;23,4;1014;48;'26.07.2023 10:52:18.850;;
1204;488,193;-3274,989;-328,007;0,000;0,000;0,000;0,000;RRR 1.5in;23,4;1014;48;'26.07.2023 10:52:18.860;;
1205;488,165;-3275,652;-327,988;0,000;0,000;0,000;0,000;RRR 1.5in;23,4;1014;48;'26.07.2023 10:52:18.870;;
1206;488,128;-3276,360;-328,000;0,000;0,000;0,000;0,000;RRR 1.5in;23,4;1014;48;'26.07.2023 10:52:18.880;;
1207;488,089;-3277,052;-328,013;0,000;0,000;0,000;0,000;RRR 1.5in;23,4;1014;48;'26.07.2023 10:52:18.890;;
1208;488,072;-3277,702;-328,005;0,000;0,000;0,000;0,000;RRR 1.5in;23,4;1014;48;'26.07.2023 10:52:18.900;;
1209;488,045;-3278,380;-328,015;0,000;0,000;0,000;0,000;RRR 1.5in;23,4;1014;48;'26.07.2023 10:52:18.910;;
1210;487,988;-3279,092;-328,045;0,000;0,000;0,000;0,000;RRR 1.5in;23,4;1014;48;'26.07.2023 10:52:18.920;;
1211;487,943;-3279,775;-328,059;0,000;0,000;0,000;0,000;RRR 1.5in;23,4;1014;48;'26.07.2023 10:52:18.930;;
1212;487,901;-3280,427;-328,048;0,000;0,000;0,000;0,000;RRR 1.5in;23,4;1014;48;'26.07.2023 10:52:18.940;;
1213;487,865;-3281,128;-328,053;0,000;0,000;0,000;0,000;RRR 1.5in;23,4;1014;48;'26.07.2023 10:52:18.950;;
1214;487,796;-3281,849;-328,062;0,000;0,000;0,000;0,000;RRR 1.5in;23,4;1014;48;'26.07.2023 10:52:18.960;;
1215;487,762;-3282,539;-328,057;0,000;0,000;0,000;0,000;RRR 1.5in;23,4;1014;48;'26.07.2023 10:52:18.970;;
1216;487,712;-3283,204;-328,040;0,000;0,000;0,000;0,000;RRR 1.5in;23,4;1014;48;'26.07.2023 10:52:18.980;;
1217;487,682;-3283,895;-328,034;0,000;0,000;0,000;0,000;RRR 1.5in;23,4;1014;48;'26.07.2023 10:52:18.990;;
1218;487,646;-3284,595;-328,044;0,000;0,000;0,000;0,000;RRR 1.5in;23,4;1014;48;'26.07.2023 10:52:19.000;;
1219;487,612;-3285,265;-328,044;0,000;0,000;0,000;0,000;RRR 1.5in;23,4;1014;48;'26.07.2023 10:52:19.010;;
1220;487,594;-3285,928;-328,036;0,000;0,000;0,000;0,000;RRR 1.5in;23,4;1014;48;'26.07.2023 10:52:19.020;;
1221;487,552;-3286,625;-328,053;0,000;0,000;0,000;0,000;RRR 1.5in;23,4;1014;48;'26.07.2023 10:52:19.030;;
1222;487,499;-3287,319;-328,079;0,000;0,000;0,000;0,000;RRR 1.5in;23,4;1014;48;'26.07.2023 10:52:19.040;;
1223;487,456;-3287,970;-328,078;0,000;0,000;0,000;0,000;RRR 1.5in;23,4;1014;48;'26.07.2023 10:52:19.050;;
1224;487,415;-3288,637;-328,081;0,000;0,000;0,000;0,000;RRR 1.5in;23,4;1014;48;'26.07.2023 10:52:19.060;;
1225;487,364;-3289,350;-328,091;0,000;0,000;0,000;0,000;RRR 1.5in;23,4;1014;48;'26.07.2023 10:52:19.070;;
1226;487,323;-3290,068;-328,098;0,000;0,000;0,000;0,000;RRR 1.5in;23,4;1014;48;'26.07.2023 10:52:19.080;;
1227;487,277;-3290,759;-328,084;0,000;0,000;0,000;0,000;RRR 1.5in;23,4;1014;48;'26.07.2023 10:52:19.090;;
1228;487,236;-3291,456;-328,071;0,000;0,000;0,000;0,000;RRR 1.5in;23,4;1014;48;'26.07.2023 10:52:19.100;;
1229;487,173;-3292,148;-328,057;0,000;0,000;0,000;0,000;RRR 1.5in;23,4;1014;48;'26.07.2023 10:52:19.110;;
1230;487,141;-3292,815;-328,030;0,000;0,000;0,000;0,000;RRR 1.5in;23,4;1014;48;'26.07.2023 10:52:19.120;;
1231;487,121;-3293,499;-328,007;0,000;0,000;0,000;0,000;RRR 1.5in;23,4;1014;48;'26.07.2023 10:52:19.130;;
1232;487,077;-3294,214;-328,005;0,000;0,000;0,000;0,000;RRR 1.5in;23,4;1014;48;'26.07.2023 10:52:19.140;;
1233;487,037;-3294,906;-327,996;0,000;0,000;0,000;0,000;RRR 1.5in;23,4;1014;48;'26.07.2023 10:52:19.150;;
1234;487,024;-3295,564;-327,978;0,000;0,000;0,000;0,000;RRR 1.5in;23,4;1014;48;'26.07.2023 10:52:19.160;;
1235;486,992;-3296,247;-327,973;0,000;0,000;0,000;0,000;RRR 1.5in;23,4;1014;48;'26.07.2023 10:52:19.170;;
1236;486,947;-3296,958;-327,981;0,000;0,000;0,000;0,000;RRR 1.5in;23,4;1014;48;'26.07.2023 10:52:19.180;;
1237;486,902;-3297,641;-327,976;0,000;0,000;0,000;0,000;RRR 1.5in;23,4;1014;48;'26.07.2023 10:52:19.190;;
1238;486,865;-3298,307;-327,962;0,000;0,000;0,000;0,000;RRR 1.5in;23,4;1014;48;'26.07.2023 10:52:19.200;;
1239;486,818;-3299,007;-327,954;0,000;0,000;0,000;0,000;RRR 1.5in;23,4;1014;48;'26.07.2023 10:52:19.210;;
1240;486,764;-3299,717;-327,956;0,000;0,000;0,000;0,000;RRR 1.5in;23,4;1014;48;'26.07.2023 10:52:19.220;;
1241;486,722;-3300,393;-327,936;0,000;0,000;0,000;0,000;RRR 1.5in;23,4;1014;48;'26.07.2023 10:52:19.230;;
1242;486,683;-3301,074;-327,914;0,000;0,000;0,000;0,000;RRR 1.5in;23,4;1014;48;'26.07.2023 10:52:19.240;;
1243;486,632;-3301,794;-327,911;0,000;0,000;0,000;0,000;RRR 1.5in;23,4;1014;48;'26.07.2023 10:52:19.250;;
1244;486,584;-3302,500;-327,907;0,000;0,000;0,000;0,000;RRR 1.5in;23,4;1014;48;'26.07.2023 10:52:19.260;;
1245;486,554;-3303,165;-327,890;0,000;0,000;0,000;0,000;RRR 1.5in;23,4;1014;48;'26.07.2023 10:52:19.270;;
1246;486,522;-3303,836;-327,882;0,000;0,000;0,000;0,000;RRR 1.5in;23,4;1014;48;'26.07.2023 10:52:19.280;;
1247;486,479;-3304,527;-327,894;0,000;0,000;0,000;0,000;RRR 1.5in;23,4;1014;48;'26.07.2023 10:52:19.290;;
1248;486,453;-3305,204;-327,893;0,000;0,000;0,000;0,000;RRR 1.5in;23,4;1014;48;'26.07.2023 10:52:19.300;;
1249;486,431;-3305,879;-327,895;0,000;0,000;0,000;0,000;RRR 1.5in;23,4;1014;48;'26.07.2023 10:52:19.310;;
1250;486,378;-3306,575;-327,913;0,000;0,000;0,000;0,000;RRR 1.5in;23,4;1014;48;'26.07.2023 10:52:19.320;;
1251;486,332;-3307,257;-327,912;0,000;0,000;0,000;0,000;RRR 1.5in;23,4;1014;48;'26.07.2023 10:52:19.330;;
1252;486,302;-3307,924;-327,902;0,000;0,000;0,000;0,000;RRR 1.5in;23,4;1014;48;'26.07.2023 10:52:19.340;;
1253;486,258;-3308,619;-327,904;0,000;0,000;0,000;0,000;RRR 1.5in;23,4;1014;48;'26.07.2023 10:52:19.350;;
1254;486,191;-3309,333;-327,907;0,000;0,000;0,000;0,000;RRR 1.5in;23,4;1014;48;'26.07.2023 10:52:19.360;;
1255;486,145;-3310,024;-327,891;0,000;0,000;0,000;0,000;RRR 1.5in;23,4;1014;48;'26.07.2023 10:52:19.370;;
1256;486,107;-3310,717;-327,878;0,000;0,000;0,000;0,000;RRR 1.5in;23,4;1014;48;'26.07.2023 10:52:19.380;;
1257;486,065;-3311,432;-327,884;0,000;0,000;0,000;0,000;RRR 1.5in;23,4;1014;48;'26.07.2023 10:52:19.390;;
1258;486,015;-3312,117;-327,879;0,000;0,000;0,000;0,000;RRR 1.5in;23,4;1014;48;'26.07.2023 10:52:19.400;;
1259;485,990;-3312,780;-327,863;0,000;0,000;0,000;0,000;RRR 1.5in;23,4;1014;48;'26.07.2023 10:52:19.410;;
1260;485,965;-3313,460;-327,866;0,000;0,000;0,000;0,000;RRR 1.5in;23,4;1014;48;'26.07.2023 10:52:19.420;;
1261;485,932;-3314,158;-327,882;0,000;0,000;0,000;0,000;RRR 1.5in;23,4;1014;48;'26.07.2023 10:52:19.430;;
1262;485,907;-3314,829;-327,887;0,000;0,000;0,000;0,000;RRR 1.5in;23,4;1014;48;'26.07.2023 10:52:19.440;;
1263;485,880;-3315,486;-327,880;0,000;0,000;0,000;0,000;RRR 1.5in;23,4;1014;48;'26.07.2023 10:52:19.450;;
1264;485,848;-3316,174;-327,882;0,000;0,000;0,000;0,000;RRR 1.5in;23,4;1014;48;'26.07.2023 10:52:19.460;;
1265;485,811;-3316,880;-327,887;0,000;0,000;0,000;0,000;RRR 1.5in;23,4;1014;48;'26.07.2023 10:52:19.470;;
1266;485,771;-3317,565;-327,883;0,000;0,000;0,000;0,000;RRR 1.5in;23,4;1014;48;'26.07.2023 10:52:19.480;;
1267;485,729;-3318,239;-327,865;0,000;0,000;0,000;0,000;RRR 1.5in;23,4;1014;48;'26.07.2023 10:52:19.490;;
1268;485,682;-3318,934;-327,861;0,000;0,000;0,000;0,000;RRR 1.5in;23,4;1014;48;'26.07.2023 10:52:19.500;;
1269;485,636;-3319,638;-327,854;0,000;0,000;0,000;0,000;RRR 1.5in;23,4;1014;48;'26.07.2023 10:52:19.510;;
1270;485,604;-3320,334;-327,845;0,000;0,000;0,000;0,000;RRR 1.5in;23,4;1014;48;'26.07.2023 10:52:19.520;;
1271;485,554;-3321,035;-327,845;0,000;0,000;0,000;0,000;RRR 1.5in;23,4;1014;48;'26.07.2023 10:52:19.530;;
1272;485,496;-3321,726;-327,849;0,000;0,000;0,000;0,000;RRR 1.5in;23,4;1014;48;'26.07.2023 10:52:19.540;;
1273;485,457;-3322,393;-327,843;0,000;0,000;0,000;0,000;RRR 1.5in;23,4;1014;48;'26.07.2023 10:52:19.550;;
1274;485,434;-3323,065;-327,847;0,000;0,000;0,000;0,000;RRR 1.5in;23,4;1014;48;'26.07.2023 10:52:19.560;;
1275;485,388;-3323,749;-327,857;0,000;0,000;0,000;0,000;RRR 1.5in;23,4;1014;48;'26.07.2023 10:52:19.570;;
1276;485,345;-3324,418;-327,849;0,000;0,000;0,000;0,000;RRR 1.5in;23,4;1014;48;'26.07.2023 10:52:19.580;;
1277;485,331;-3325,092;-327,839;0,000;0,000;0,000;0,000;RRR 1.5in;23,4;1014;48;'26.07.2023 10:52:19.590;;
1278;485,297;-3325,801;-327,844;0,000;0,000;0,000;0,000;RRR 1.5in;23,4;1014;48;'26.07.2023 10:52:19.600;;
1279;485,253;-3326,502;-327,840;0,000;0,000;0,000;0,000;RRR 1.5in;23,4;1014;48;'26.07.2023 10:52:19.610;;
1280;485,222;-3327,162;-327,809;0,000;0,000;0,000;0,000;RRR 1.5in;23,4;1014;48;'26.07.2023 10:52:19.620;;
1281;485,188;-3327,837;-327,793;0,000;0,000;0,000;0,000;RRR 1.5in;23,4;1014;48;'26.07.2023 10:52:19.630;;
1282;485,133;-3328,549;-327,794;0,000;0,000;0,000;0,000;RRR 1.5in;23,4;1014;48;'26.07.2023 10:52:19.640;;
1283;485,085;-3329,241;-327,787;0,000;0,000;0,000;0,000;RRR 1.5in;23,4;1014;48;'26.07.2023 10:52:19.650;;
1284;485,050;-3329,919;-327,775;0,000;0,000;0,000;0,000;RRR 1.5in;23,4;1014;48;'26.07.2023 10:52:19.660;;
1285;485,011;-3330,628;-327,781;0,000;0,000;0,000;0,000;RRR 1.5in;23,4;1014;48;'26.07.2023 10:52:19.670;;
1286;484,961;-3331,337;-327,790;0,000;0,000;0,000;0,000;RRR 1.5in;23,4;1014;48;'26.07.2023 10:52:19.680;;
1287;484,932;-3332,016;-327,788;0,000;0,000;0,000;0,000;RRR 1.5in;23,4;1014;48;'26.07.2023 10:52:19.690;;
1288;484,903;-3332,680;-327,779;0,000;0,000;0,000;0,000;RRR 1.5in;23,4;1014;48;'26.07.2023 10:52:19.700;;
1289;484,852;-3333,359;-327,787;0,000;0,000;0,000;0,000;RRR 1.5in;23,4;1014;48;'26.07.2023 10:52:19.710;;
1290;484,821;-3334,032;-327,785;0,000;0,000;0,000;0,000;RRR 1.5in;23,4;1014;48;'26.07.2023 10:52:19.720;;
1291;484,816;-3334,706;-327,771;0,000;0,000;0,000;0,000;RRR 1.5in;23,4;1014;48;'26.07.2023 10:52:19.730;;
1292;484,784;-3335,407;-327,767;0,000;0,000;0,000;0,000;RRR 1.5in;23,4;1014;48;'26.07.2023 10:52:19.740;;
1293;484,740;-3336,104;-327,766;0,000;0,000;0,000;0,000;RRR 1.5in;23,4;1014;48;'26.07.2023 10:52:19.750;;
1294;484,709;-3336,771;-327,751;0,000;0,000;0,000;0,000;RRR 1.5in;23,4;1014;48;'26.07.2023 10:52:19.760;;
1295;484,682;-3337,449;-327,746;0,000;0,000;0,000;0,000;RRR 1.5in;23,4;1014;48;'26.07.2023 10:52:19.770;;
1296;484,614;-3338,137;-327,750;0,000;0,000;0,000;0,000;RRR 1.5in;23,4;1014;48;'26.07.2023 10:52:19.780;;
1297;484,558;-3338,809;-327,746;0,000;0,000;0,000;0,000;RRR 1.5in;23,4;1014;48;'26.07.2023 10:52:19.790;;
1298;484,520;-3339,492;-327,745;0,000;0,000;0,000;0,000;RRR 1.5in;23,4;1014;48;'26.07.2023 10:52:19.800;;
1299;484,465;-3340,209;-327,761;0,000;0,000;0,000;0,000;RRR 1.5in;23,4;1014;48;'26.07.2023 10:52:19.810;;
1300;484,413;-3340,909;-327,764;0,000;0,000;0,000;0,000;RRR 1.5in;23,4;1014;48;'26.07.2023 10:52:19.820;;
1301;484,374;-3341,575;-327,754;0,000;0,000;0,000;0,000;RRR 1.5in;23,4;1014;48;'26.07.2023 10:52:19.830;;
1302;484,325;-3342,260;-327,750;0,000;0,000;0,000;0,000;RRR 1.5in;23,4;1014;48;'26.07.2023 10:52:19.840;;
1303;484,280;-3342,956;-327,744;0,000;0,000;0,000;0,000;RRR 1.5in;23,4;1014;48;'26.07.2023 10:52:19.850;;
1304;484,254;-3343,636;-327,724;0,000;0,000;0,000;0,000;RRR 1.5in;23,4;1014;48;'26.07.2023 10:52:19.860;;
1305;484,230;-3344,311;-327,711;0,000;0,000;0,000;0,000;RRR 1.5in;23,4;1014;48;'26.07.2023 10:52:19.870;;
1306;484,199;-3344,959;-327,713;0,000;0,000;0,000;0,000;RRR 1.5in;23,4;1014;48;'26.07.2023 10:52:19.880;;
1307;484,183;-3345,515;-327,707;0,000;0,000;0,000;0,000;RRR 1.5in;23,4;1014;48;'26.07.2023 10:52:19.890;;
1308;484,159;-3345,985;-327,687;0,000;0,000;0,000;0,000;RRR 1.5in;23,4;1014;48;'26.07.2023 10:52:19.900;;
1309;484,134;-3346,451;-327,686;0,000;0,000;0,000;0,000;RRR 1.5in;23,4;1014;48;'26.07.2023 10:52:19.910;;
1310;484,101;-3346,914;-327,684;0,000;0,000;0,000;0,000;RRR 1.5in;23,4;1014;48;'26.07.2023 10:52:19.920;;
1311;484,089;-3347,363;-327,678;0,000;0,000;0,000;0,000;RRR 1.5in;23,4;1014;48;'26.07.2023 10:52:19.930;;
1312;484,075;-3347,780;-327,673;0,000;0,000;0,000;0,000;RRR 1.5in;23,4;1014;48;'26.07.2023 10:52:19.940;;
1313;484,060;-3348,154;-327,669;0,000;0,000;0,000;0,000;RRR 1.5in;23,4;1014;48;'26.07.2023 10:52:19.950;;
1314;484,035;-3348,471;-327,660;0,000;0,000;0,000;0,000;RRR 1.5in;23,4;1014;48;'26.07.2023 10:52:19.960;;
1315;484,010;-3348,740;-327,645;0,000;0,000;0,000;0,000;RRR 1.5in;23,4;1014;48;'26.07.2023 10:52:19.970;;
1316;483,973;-3348,977;-327,629;0,000;0,000;0,000;0,000;RRR 1.5in;23,4;1014;48;'26.07.2023 10:52:19.980;;
1317;483,965;-3349,194;-327,618;0,000;0,000;0,000;0,000;RRR 1.5in;23,4;1014;48;'26.07.2023 10:52:19.990;;
1318;483,948;-3349,389;-327,617;0,000;0,000;0,000;0,000;RRR 1.5in;23,4;1014;48;'26.07.2023 10:52:20.000;;
1319;483,929;-3349,542;-327,615;0,000;0,000;0,000;0,000;RRR 1.5in;23,4;1014;48;'26.07.2023 10:52:20.010;;
1320;483,937;-3349,639;-327,603;0,000;0,000;0,000;0,000;RRR 1.5in;23,4;1014;48;'26.07.2023 10:52:20.020;;
1321;483,947;-3349,697;-327,596;0,000;0,000;0,000;0,000;RRR 1.5in;23,4;1014;48;'26.07.2023 10:52:20.030;;
1322;483,946;-3349,729;-327,602;0,000;0,000;0,000;0,000;RRR 1.5in;23,4;1014;48;'26.07.2023 10:52:20.040;;
1323;483,941;-3349,715;-327,606;0,000;0,000;0,000;0,000;RRR 1.5in;23,4;1014;48;'26.07.2023 10:52:20.050;;
1324;483,943;-3349,653;-327,609;0,000;0,000;0,000;0,000;RRR 1.5in;23,4;1014;48;'26.07.2023 10:52:20.060;;
1325;483,932;-3349,594;-327,601;0,000;0,000;0,000;0,000;RRR 1.5in;23,4;1014;48;'26.07.2023 10:52:20.070;;
1326;483,931;-3349,594;-327,595;0,000;0,000;0,000;0,000;RRR 1.5in;23,4;1014;48;'26.07.2023 10:52:20.080;;
1327;483,950;-3349,654;-327,602;0,000;0,000;0,000;0,000;RRR 1.5in;23,4;1014;48;'26.07.2023 10:52:20.090;;
1328;483,940;-3349,719;-327,620;0,000;0,000;0,000;0,000;RRR 1.5in;23,4;1014;48;'26.07.2023 10:52:20.100;;
1329;483,900;-3349,732;-327,636;0,000;0,000;0,000;0,000;RRR 1.5in;23,4;1014;48;'26.07.2023 10:52:20.110;;
1330;483,884;-3349,683;-327,637;0,000;0,000;0,000;0,000;RRR 1.5in;23,4;1014;48;'26.07.2023 10:52:20.120;;
