Id;X  [mm];Y  [mm];Z  [mm];U(95)  [mm];U(95) X  [mm];U(95) Y  [mm];U(95) Z  [mm];Target;Temperature  [°C];Pressure  [mBar];Humidity  [%];Time Stamp;Delete;
1;573,740;-3163,295;-305,458;0,000;0,000;0,000;0,000;RRR 1.5in;24,1;1015;47;'26.07.2023 14:14:10.700;;
2;573,739;-3163,295;-305,456;0,000;0,000;0,000;0,000;RRR 1.5in;24,1;1015;47;'26.07.2023 14:14:10.710;;
3;573,741;-3163,296;-305,454;0,000;0,000;0,000;0,000;RRR 1.5in;24,1;1015;47;'26.07.2023 14:14:10.720;;
4;573,741;-3163,296;-305,456;0,000;0,000;0,000;0,000;RRR 1.5in;24,1;1015;47;'26.07.2023 14:14:10.730;;
5;573,741;-3163,296;-305,456;0,000;0,000;0,000;0,000;RRR 1.5in;24,1;1015;47;'26.07.2023 14:14:10.740;;
6;573,740;-3163,295;-305,454;0,000;0,000;0,000;0,000;RRR 1.5in;24,1;1015;47;'26.07.2023 14:14:10.750;;
7;573,741;-3163,294;-305,455;0,000;0,000;0,000;0,000;RRR 1.5in;24,1;1015;47;'26.07.2023 14:14:10.760;;
8;573,742;-3163,294;-305,456;0,000;0,000;0,000;0,000;RRR 1.5in;24,1;1015;47;'26.07.2023 14:14:10.770;;
9;573,743;-3163,295;-305,456;0,000;0,000;0,000;0,000;RRR 1.5in;24,1;1015;47;'26.07.2023 14:14:10.780;;
10;573,742;-3163,295;-305,455;0,000;0,000;0,000;0,000;RRR 1.5in;24,1;1015;47;'26.07.2023 14:14:10.790;;
11;573,742;-3163,295;-305,454;0,000;0,000;0,000;0,000;RRR 1.5in;24,1;1015;47;'26.07.2023 14:14:10.800;;
12;573,742;-3163,295;-305,455;0,000;0,000;0,000;0,000;RRR 1.5in;24,1;1015;47;'26.07.2023 14:14:10.810;;
13;573,743;-3163,295;-305,454;0,000;0,000;0,000;0,000;RRR 1.5in;24,1;1015;47;'26.07.2023 14:14:10.820;;
14;573,743;-3163,295;-305,453;0,000;0,000;0,000;0,000;RRR 1.5in;24,1;1015;47;'26.07.2023 14:14:10.830;;
15;573,742;-3163,296;-305,454;0,000;0,000;0,000;0,000;RRR 1.5in;24,1;1015;47;'26.07.2023 14:14:10.840;;
16;573,742;-3163,296;-305,454;0,000;0,000;0,000;0,000;RRR 1.5in;24,1;1015;47;'26.07.2023 14:14:10.850;;
17;573,742;-3163,295;-305,454;0,000;0,000;0,000;0,000;RRR 1.5in;24,1;1015;47;'26.07.2023 14:14:10.860;;
18;573,744;-3163,295;-305,453;0,000;0,000;0,000;0,000;RRR 1.5in;24,1;1015;47;'26.07.2023 14:14:10.870;;
19;573,744;-3163,294;-305,454;0,000;0,000;0,000;0,000;RRR 1.5in;24,1;1015;47;'26.07.2023 14:14:10.880;;
20;573,744;-3163,294;-305,454;0,000;0,000;0,000;0,000;RRR 1.5in;24,1;1015;47;'26.07.2023 14:14:10.890;;
21;573,744;-3163,294;-305,455;0,000;0,000;0,000;0,000;RRR 1.5in;24,1;1015;47;'26.07.2023 14:14:10.900;;
22;573,745;-3163,294;-305,454;0,000;0,000;0,000;0,000;RRR 1.5in;24,1;1015;47;'26.07.2023 14:14:10.910;;
23;573,744;-3163,294;-305,455;0,000;0,000;0,000;0,000;RRR 1.5in;24,1;1015;47;'26.07.2023 14:14:10.920;;
24;573,745;-3163,294;-305,454;0,000;0,000;0,000;0,000;RRR 1.5in;24,1;1015;47;'26.07.2023 14:14:10.930;;
25;573,745;-3163,295;-305,455;0,000;0,000;0,000;0,000;RRR 1.5in;24,1;1015;47;'26.07.2023 14:14:10.940;;
26;573,744;-3163,295;-305,456;0,000;0,000;0,000;0,000;RRR 1.5in;24,1;1015;47;'26.07.2023 14:14:10.950;;
27;573,744;-3163,295;-305,455;0,000;0,000;0,000;0,000;RRR 1.5in;24,1;1015;47;'26.07.2023 14:14:10.960;;
28;573,744;-3163,295;-305,455;0,000;0,000;0,000;0,000;RRR 1.5in;24,1;1015;47;'26.07.2023 14:14:10.970;;
29;573,745;-3163,294;-305,455;0,000;0,000;0,000;0,000;RRR 1.5in;24,1;1015;47;'26.07.2023 14:14:10.980;;
30;573,745;-3163,294;-305,456;0,000;0,000;0,000;0,000;RRR 1.5in;24,1;1015;47;'26.07.2023 14:14:10.990;;
31;573,746;-3163,294;-305,455;0,000;0,000;0,000;0,000;RRR 1.5in;24,1;1015;47;'26.07.2023 14:14:11.000;;
32;573,746;-3163,294;-305,455;0,000;0,000;0,000;0,000;RRR 1.5in;24,1;1015;47;'26.07.2023 14:14:11.010;;
33;573,747;-3163,294;-305,455;0,000;0,000;0,000;0,000;RRR 1.5in;24,1;1015;47;'26.07.2023 14:14:11.020;;
34;573,746;-3163,294;-305,453;0,000;0,000;0,000;0,000;RRR 1.5in;24,1;1015;47;'26.07.2023 14:14:11.030;;
35;573,747;-3163,294;-305,452;0,000;0,000;0,000;0,000;RRR 1.5in;24,1;1015;47;'26.07.2023 14:14:11.040;;
36;573,747;-3163,294;-305,453;0,000;0,000;0,000;0,000;RRR 1.5in;24,1;1015;47;'26.07.2023 14:14:11.050;;
37;573,746;-3163,294;-305,453;0,000;0,000;0,000;0,000;RRR 1.5in;24,1;1015;47;'26.07.2023 14:14:11.060;;
38;573,746;-3163,295;-305,454;0,000;0,000;0,000;0,000;RRR 1.5in;24,1;1015;47;'26.07.2023 14:14:11.070;;
39;573,747;-3163,294;-305,454;0,000;0,000;0,000;0,000;RRR 1.5in;24,1;1015;47;'26.07.2023 14:14:11.080;;
40;573,747;-3163,294;-305,453;0,000;0,000;0,000;0,000;RRR 1.5in;24,1;1015;47;'26.07.2023 14:14:11.090;;
41;573,746;-3163,294;-305,453;0,000;0,000;0,000;0,000;RRR 1.5in;24,1;1015;47;'26.07.2023 14:14:11.100;;
42;573,748;-3163,294;-305,453;0,000;0,000;0,000;0,000;RRR 1.5in;24,1;1015;47;'26.07.2023 14:14:11.110;;
43;573,747;-3163,294;-305,454;0,000;0,000;0,000;0,000;RRR 1.5in;24,1;1015;47;'26.07.2023 14:14:11.120;;
44;573,747;-3163,294;-305,453;0,000;0,000;0,000;0,000;RRR 1.5in;24,1;1015;47;'26.07.2023 14:14:11.130;;
45;573,748;-3163,294;-305,454;0,000;0,000;0,000;0,000;RRR 1.5in;24,1;1015;47;'26.07.2023 14:14:11.140;;
46;573,747;-3163,294;-305,454;0,000;0,000;0,000;0,000;RRR 1.5in;24,1;1015;47;'26.07.2023 14:14:11.150;;
47;573,748;-3163,294;-305,454;0,000;0,000;0,000;0,000;RRR 1.5in;24,1;1015;47;'26.07.2023 14:14:11.160;;
48;573,747;-3163,294;-305,453;0,000;0,000;0,000;0,000;RRR 1.5in;24,1;1015;47;'26.07.2023 14:14:11.170;;
49;573,747;-3163,295;-305,453;0,000;0,000;0,000;0,000;RRR 1.5in;24,1;1015;47;'26.07.2023 14:14:11.180;;
50;573,749;-3163,294;-305,453;0,000;0,000;0,000;0,000;RRR 1.5in;24,1;1015;47;'26.07.2023 14:14:11.190;;
51;573,748;-3163,294;-305,452;0,000;0,000;0,000;0,000;RRR 1.5in;24,1;1015;47;'26.07.2023 14:14:11.200;;
52;573,749;-3163,294;-305,453;0,000;0,000;0,000;0,000;RRR 1.5in;24,1;1015;47;'26.07.2023 14:14:11.210;;
53;573,748;-3163,294;-305,454;0,000;0,000;0,000;0,000;RRR 1.5in;24,1;1015;47;'26.07.2023 14:14:11.220;;
54;573,748;-3163,294;-305,454;0,000;0,000;0,000;0,000;RRR 1.5in;24,1;1015;47;'26.07.2023 14:14:11.230;;
55;573,748;-3163,294;-305,455;0,000;0,000;0,000;0,000;RRR 1.5in;24,1;1015;47;'26.07.2023 14:14:11.240;;
56;573,748;-3163,294;-305,455;0,000;0,000;0,000;0,000;RRR 1.5in;24,1;1015;47;'26.07.2023 14:14:11.250;;
57;573,750;-3163,294;-305,455;0,000;0,000;0,000;0,000;RRR 1.5in;24,1;1015;47;'26.07.2023 14:14:11.260;;
58;573,748;-3163,294;-305,455;0,000;0,000;0,000;0,000;RRR 1.5in;24,1;1015;47;'26.07.2023 14:14:11.270;;
59;573,749;-3163,294;-305,455;0,000;0,000;0,000;0,000;RRR 1.5in;24,1;1015;47;'26.07.2023 14:14:11.280;;
60;573,749;-3163,294;-305,455;0,000;0,000;0,000;0,000;RRR 1.5in;24,1;1015;47;'26.07.2023 14:14:11.290;;
61;573,751;-3163,294;-305,455;0,000;0,000;0,000;0,000;RRR 1.5in;24,1;1015;47;'26.07.2023 14:14:11.300;;
62;573,749;-3163,294;-305,455;0,000;0,000;0,000;0,000;RRR 1.5in;24,1;1015;47;'26.07.2023 14:14:11.310;;
63;573,750;-3163,293;-305,455;0,000;0,000;0,000;0,000;RRR 1.5in;24,1;1015;47;'26.07.2023 14:14:11.320;;
64;573,751;-3163,293;-305,456;0,000;0,000;0,000;0,000;RRR 1.5in;24,1;1015;47;'26.07.2023 14:14:11.330;;
65;573,752;-3163,293;-305,456;0,000;0,000;0,000;0,000;RRR 1.5in;24,1;1015;47;'26.07.2023 14:14:11.340;;
66;573,752;-3163,293;-305,457;0,000;0,000;0,000;0,000;RRR 1.5in;24,1;1015;47;'26.07.2023 14:14:11.350;;
67;573,752;-3163,292;-305,457;0,000;0,000;0,000;0,000;RRR 1.5in;24,1;1015;47;'26.07.2023 14:14:11.360;;
68;573,753;-3163,292;-305,458;0,000;0,000;0,000;0,000;RRR 1.5in;24,1;1015;47;'26.07.2023 14:14:11.370;;
69;573,754;-3163,292;-305,460;0,000;0,000;0,000;0,000;RRR 1.5in;24,1;1015;47;'26.07.2023 14:14:11.380;;
70;573,754;-3163,292;-305,460;0,000;0,000;0,000;0,000;RRR 1.5in;24,1;1015;47;'26.07.2023 14:14:11.390;;
71;573,755;-3163,292;-305,460;0,000;0,000;0,000;0,000;RRR 1.5in;24,1;1015;47;'26.07.2023 14:14:11.400;;
72;573,755;-3163,292;-305,461;0,000;0,000;0,000;0,000;RRR 1.5in;24,1;1015;47;'26.07.2023 14:14:11.410;;
73;573,755;-3163,292;-305,461;0,000;0,000;0,000;0,000;RRR 1.5in;24,1;1015;47;'26.07.2023 14:14:11.420;;
74;573,755;-3163,292;-305,462;0,000;0,000;0,000;0,000;RRR 1.5in;24,1;1015;47;'26.07.2023 14:14:11.430;;
75;573,754;-3163,292;-305,462;0,000;0,000;0,000;0,000;RRR 1.5in;24,1;1015;47;'26.07.2023 14:14:11.440;;
76;573,753;-3163,292;-305,462;0,000;0,000;0,000;0,000;RRR 1.5in;24,1;1015;47;'26.07.2023 14:14:11.450;;
77;573,752;-3163,293;-305,462;0,000;0,000;0,000;0,000;RRR 1.5in;24,1;1015;47;'26.07.2023 14:14:11.460;;
78;573,750;-3163,293;-305,461;0,000;0,000;0,000;0,000;RRR 1.5in;24,1;1015;47;'26.07.2023 14:14:11.470;;
79;573,749;-3163,293;-305,460;0,000;0,000;0,000;0,000;RRR 1.5in;24,1;1015;47;'26.07.2023 14:14:11.480;;
80;573,748;-3163,294;-305,459;0,000;0,000;0,000;0,000;RRR 1.5in;24,1;1015;47;'26.07.2023 14:14:11.490;;
81;573,746;-3163,294;-305,458;0,000;0,000;0,000;0,000;RRR 1.5in;24,1;1015;47;'26.07.2023 14:14:11.500;;
82;573,747;-3163,294;-305,458;0,000;0,000;0,000;0,000;RRR 1.5in;24,1;1015;47;'26.07.2023 14:14:11.510;;
83;573,747;-3163,294;-305,458;0,000;0,000;0,000;0,000;RRR 1.5in;24,1;1015;47;'26.07.2023 14:14:11.520;;
84;573,746;-3163,294;-305,457;0,000;0,000;0,000;0,000;RRR 1.5in;24,1;1015;47;'26.07.2023 14:14:11.530;;
85;573,745;-3163,294;-305,458;0,000;0,000;0,000;0,000;RRR 1.5in;24,1;1015;47;'26.07.2023 14:14:11.540;;
86;573,746;-3163,294;-305,458;0,000;0,000;0,000;0,000;RRR 1.5in;24,1;1015;47;'26.07.2023 14:14:11.550;;
87;573,745;-3163,294;-305,459;0,000;0,000;0,000;0,000;RRR 1.5in;24,1;1015;47;'26.07.2023 14:14:11.560;;
88;573,745;-3163,294;-305,458;0,000;0,000;0,000;0,000;RRR 1.5in;24,1;1015;47;'26.07.2023 14:14:11.570;;
89;573,744;-3163,295;-305,457;0,000;0,000;0,000;0,000;RRR 1.5in;24,1;1015;47;'26.07.2023 14:14:11.580;;
90;573,744;-3163,294;-305,457;0,000;0,000;0,000;0,000;RRR 1.5in;24,1;1015;47;'26.07.2023 14:14:11.590;;
91;573,744;-3163,294;-305,457;0,000;0,000;0,000;0,000;RRR 1.5in;24,1;1015;47;'26.07.2023 14:14:11.600;;
92;573,744;-3163,295;-305,456;0,000;0,000;0,000;0,000;RRR 1.5in;24,1;1015;47;'26.07.2023 14:14:11.610;;
93;573,744;-3163,295;-305,456;0,000;0,000;0,000;0,000;RRR 1.5in;24,1;1015;47;'26.07.2023 14:14:11.620;;
94;573,744;-3163,295;-305,457;0,000;0,000;0,000;0,000;RRR 1.5in;24,1;1015;47;'26.07.2023 14:14:11.630;;
95;573,744;-3163,295;-305,456;0,000;0,000;0,000;0,000;RRR 1.5in;24,1;1015;47;'26.07.2023 14:14:11.640;;
96;573,744;-3163,294;-305,457;0,000;0,000;0,000;0,000;RRR 1.5in;24,1;1015;47;'26.07.2023 14:14:11.650;;
97;573,745;-3163,294;-305,457;0,000;0,000;0,000;0,000;RRR 1.5in;24,1;1015;47;'26.07.2023 14:14:11.660;;
98;573,746;-3163,294;-305,458;0,000;0,000;0,000;0,000;RRR 1.5in;24,1;1015;47;'26.07.2023 14:14:11.670;;
99;573,745;-3163,294;-305,458;0,000;0,000;0,000;0,000;RRR 1.5in;24,1;1015;47;'26.07.2023 14:14:11.680;;
100;573,744;-3163,294;-305,457;0,000;0,000;0,000;0,000;RRR 1.5in;24,1;1015;47;'26.07.2023 14:14:11.690;;
101;573,745;-3163,294;-305,456;0,000;0,000;0,000;0,000;RRR 1.5in;24,1;1015;47;'26.07.2023 14:14:11.700;;
102;573,744;-3163,294;-305,456;0,000;0,000;0,000;0,000;RRR 1.5in;24,1;1015;47;'26.07.2023 14:14:11.710;;
103;573,743;-3163,295;-305,454;0,000;0,000;0,000;0,000;RRR 1.5in;24,1;1015;47;'26.07.2023 14:14:11.720;;
104;573,742;-3163,295;-305,454;0,000;0,000;0,000;0,000;RRR 1.5in;24,1;1015;47;'26.07.2023 14:14:11.730;;
105;573,742;-3163,295;-305,454;0,000;0,000;0,000;0,000;RRR 1.5in;24,1;1015;47;'26.07.2023 14:14:11.740;;
106;573,741;-3163,295;-305,454;0,000;0,000;0,000;0,000;RRR 1.5in;24,1;1015;47;'26.07.2023 14:14:11.750;;
107;573,740;-3163,296;-305,453;0,000;0,000;0,000;0,000;RRR 1.5in;24,1;1015;47;'26.07.2023 14:14:11.760;;
108;573,740;-3163,296;-305,453;0,000;0,000;0,000;0,000;RRR 1.5in;24,1;1015;47;'26.07.2023 14:14:11.770;;
109;573,741;-3163,296;-305,452;0,000;0,000;0,000;0,000;RRR 1.5in;24,1;1015;47;'26.07.2023 14:14:11.780;;
110;573,739;-3163,296;-305,452;0,000;0,000;0,000;0,000;RRR 1.5in;24,1;1015;47;'26.07.2023 14:14:11.790;;
111;573,739;-3163,296;-305,451;0,000;0,000;0,000;0,000;RRR 1.5in;24,1;1015;47;'26.07.2023 14:14:11.800;;
112;573,739;-3163,296;-305,451;0,000;0,000;0,000;0,000;RRR 1.5in;24,1;1015;47;'26.07.2023 14:14:11.810;;
113;573,739;-3163,296;-305,450;0,000;0,000;0,000;0,000;RRR 1.5in;24,1;1015;47;'26.07.2023 14:14:11.820;;
114;573,738;-3163,296;-305,450;0,000;0,000;0,000;0,000;RRR 1.5in;24,1;1015;47;'26.07.2023 14:14:11.830;;
115;573,738;-3163,296;-305,449;0,000;0,000;0,000;0,000;RRR 1.5in;24,1;1015;47;'26.07.2023 14:14:11.840;;
116;573,738;-3163,296;-305,449;0,000;0,000;0,000;0,000;RRR 1.5in;24,1;1015;47;'26.07.2023 14:14:11.850;;
117;573,739;-3163,296;-305,449;0,000;0,000;0,000;0,000;RRR 1.5in;24,1;1015;47;'26.07.2023 14:14:11.860;;
118;573,738;-3163,296;-305,449;0,000;0,000;0,000;0,000;RRR 1.5in;24,1;1015;47;'26.07.2023 14:14:11.870;;
119;573,738;-3163,296;-305,450;0,000;0,000;0,000;0,000;RRR 1.5in;24,1;1015;47;'26.07.2023 14:14:11.880;;
120;573,738;-3163,296;-305,449;0,000;0,000;0,000;0,000;RRR 1.5in;24,1;1015;47;'26.07.2023 14:14:11.890;;
121;573,738;-3163,296;-305,450;0,000;0,000;0,000;0,000;RRR 1.5in;24,1;1015;47;'26.07.2023 14:14:11.900;;
122;573,737;-3163,296;-305,449;0,000;0,000;0,000;0,000;RRR 1.5in;24,1;1015;47;'26.07.2023 14:14:11.910;;
123;573,737;-3163,296;-305,450;0,000;0,000;0,000;0,000;RRR 1.5in;24,1;1015;47;'26.07.2023 14:14:11.920;;
124;573,739;-3163,296;-305,450;0,000;0,000;0,000;0,000;RRR 1.5in;24,1;1015;47;'26.07.2023 14:14:11.930;;
125;573,738;-3163,296;-305,450;0,000;0,000;0,000;0,000;RRR 1.5in;24,1;1015;47;'26.07.2023 14:14:11.940;;
126;573,738;-3163,297;-305,450;0,000;0,000;0,000;0,000;RRR 1.5in;24,1;1015;47;'26.07.2023 14:14:11.950;;
127;573,740;-3163,296;-305,451;0,000;0,000;0,000;0,000;RRR 1.5in;24,1;1015;47;'26.07.2023 14:14:11.960;;
128;573,740;-3163,296;-305,451;0,000;0,000;0,000;0,000;RRR 1.5in;24,1;1015;47;'26.07.2023 14:14:11.970;;
129;573,741;-3163,295;-305,452;0,000;0,000;0,000;0,000;RRR 1.5in;24,1;1015;47;'26.07.2023 14:14:11.980;;
130;573,742;-3163,295;-305,453;0,000;0,000;0,000;0,000;RRR 1.5in;24,1;1015;47;'26.07.2023 14:14:11.990;;
131;573,743;-3163,295;-305,453;0,000;0,000;0,000;0,000;RRR 1.5in;24,1;1015;47;'26.07.2023 14:14:12.000;;
132;573,742;-3163,295;-305,454;0,000;0,000;0,000;0,000;RRR 1.5in;24,1;1015;47;'26.07.2023 14:14:12.010;;
133;573,743;-3163,295;-305,454;0,000;0,000;0,000;0,000;RRR 1.5in;24,1;1015;47;'26.07.2023 14:14:12.020;;
134;573,743;-3163,295;-305,454;0,000;0,000;0,000;0,000;RRR 1.5in;24,1;1015;47;'26.07.2023 14:14:12.030;;
135;573,743;-3163,295;-305,454;0,000;0,000;0,000;0,000;RRR 1.5in;24,1;1015;47;'26.07.2023 14:14:12.040;;
136;573,743;-3163,295;-305,453;0,000;0,000;0,000;0,000;RRR 1.5in;24,1;1015;47;'26.07.2023 14:14:12.050;;
137;573,744;-3163,295;-305,454;0,000;0,000;0,000;0,000;RRR 1.5in;24,1;1015;47;'26.07.2023 14:14:12.060;;
138;573,744;-3163,295;-305,454;0,000;0,000;0,000;0,000;RRR 1.5in;24,1;1015;47;'26.07.2023 14:14:12.070;;
139;573,744;-3163,295;-305,454;0,000;0,000;0,000;0,000;RRR 1.5in;24,1;1015;47;'26.07.2023 14:14:12.080;;
140;573,744;-3163,295;-305,455;0,000;0,000;0,000;0,000;RRR 1.5in;24,1;1015;47;'26.07.2023 14:14:12.090;;
141;573,744;-3163,295;-305,454;0,000;0,000;0,000;0,000;RRR 1.5in;24,1;1015;47;'26.07.2023 14:14:12.100;;
142;573,744;-3163,295;-305,454;0,000;0,000;0,000;0,000;RRR 1.5in;24,1;1015;47;'26.07.2023 14:14:12.110;;
143;573,744;-3163,295;-305,454;0,000;0,000;0,000;0,000;RRR 1.5in;24,1;1015;47;'26.07.2023 14:14:12.120;;
144;573,744;-3163,295;-305,453;0,000;0,000;0,000;0,000;RRR 1.5in;24,1;1015;47;'26.07.2023 14:14:12.130;;
145;573,744;-3163,295;-305,452;0,000;0,000;0,000;0,000;RRR 1.5in;24,1;1015;47;'26.07.2023 14:14:12.140;;
146;573,743;-3163,295;-305,451;0,000;0,000;0,000;0,000;RRR 1.5in;24,1;1015;47;'26.07.2023 14:14:12.150;;
147;573,743;-3163,295;-305,450;0,000;0,000;0,000;0,000;RRR 1.5in;24,1;1015;47;'26.07.2023 14:14:12.160;;
148;573,743;-3163,295;-305,451;0,000;0,000;0,000;0,000;RRR 1.5in;24,1;1015;47;'26.07.2023 14:14:12.170;;
149;573,743;-3163,295;-305,451;0,000;0,000;0,000;0,000;RRR 1.5in;24,1;1015;47;'26.07.2023 14:14:12.180;;
150;573,742;-3163,295;-305,453;0,000;0,000;0,000;0,000;RRR 1.5in;24,1;1015;47;'26.07.2023 14:14:12.190;;
151;573,743;-3163,295;-305,452;0,000;0,000;0,000;0,000;RRR 1.5in;24,1;1015;47;'26.07.2023 14:14:12.200;;
152;573,743;-3163,295;-305,452;0,000;0,000;0,000;0,000;RRR 1.5in;24,1;1015;47;'26.07.2023 14:14:12.210;;
153;573,743;-3163,295;-305,452;0,000;0,000;0,000;0,000;RRR 1.5in;24,1;1015;47;'26.07.2023 14:14:12.220;;
154;573,742;-3163,295;-305,451;0,000;0,000;0,000;0,000;RRR 1.5in;24,1;1015;47;'26.07.2023 14:14:12.230;;
155;573,742;-3163,295;-305,453;0,000;0,000;0,000;0,000;RRR 1.5in;24,1;1015;47;'26.07.2023 14:14:12.240;;
156;573,740;-3163,296;-305,452;0,000;0,000;0,000;0,000;RRR 1.5in;24,1;1015;47;'26.07.2023 14:14:12.250;;
157;573,741;-3163,296;-305,451;0,000;0,000;0,000;0,000;RRR 1.5in;24,1;1015;47;'26.07.2023 14:14:12.260;;
158;573,741;-3163,296;-305,451;0,000;0,000;0,000;0,000;RRR 1.5in;24,1;1015;47;'26.07.2023 14:14:12.270;;
159;573,741;-3163,296;-305,449;0,000;0,000;0,000;0,000;RRR 1.5in;24,1;1015;47;'26.07.2023 14:14:12.280;;
160;573,741;-3163,296;-305,450;0,000;0,000;0,000;0,000;RRR 1.5in;24,1;1015;47;'26.07.2023 14:14:12.290;;
161;573,741;-3163,295;-305,451;0,000;0,000;0,000;0,000;RRR 1.5in;24,1;1015;47;'26.07.2023 14:14:12.300;;
162;573,740;-3163,295;-305,451;0,000;0,000;0,000;0,000;RRR 1.5in;24,1;1015;47;'26.07.2023 14:14:12.310;;
163;573,740;-3163,295;-305,451;0,000;0,000;0,000;0,000;RRR 1.5in;24,1;1015;47;'26.07.2023 14:14:12.320;;
164;573,740;-3163,295;-305,452;0,000;0,000;0,000;0,000;RRR 1.5in;24,1;1015;47;'26.07.2023 14:14:12.330;;
165;573,739;-3163,295;-305,453;0,000;0,000;0,000;0,000;RRR 1.5in;24,1;1015;47;'26.07.2023 14:14:12.340;;
166;573,738;-3163,296;-305,452;0,000;0,000;0,000;0,000;RRR 1.5in;24,1;1015;47;'26.07.2023 14:14:12.350;;
167;573,737;-3163,296;-305,453;0,000;0,000;0,000;0,000;RRR 1.5in;24,1;1015;47;'26.07.2023 14:14:12.360;;
168;573,737;-3163,297;-305,452;0,000;0,000;0,000;0,000;RRR 1.5in;24,1;1015;47;'26.07.2023 14:14:12.370;;
169;573,736;-3163,297;-305,452;0,000;0,000;0,000;0,000;RRR 1.5in;24,1;1015;47;'26.07.2023 14:14:12.380;;
170;573,736;-3163,297;-305,453;0,000;0,000;0,000;0,000;RRR 1.5in;24,1;1015;47;'26.07.2023 14:14:12.390;;
171;573,736;-3163,297;-305,452;0,000;0,000;0,000;0,000;RRR 1.5in;24,1;1015;47;'26.07.2023 14:14:12.400;;
172;573,736;-3163,297;-305,452;0,000;0,000;0,000;0,000;RRR 1.5in;24,1;1015;47;'26.07.2023 14:14:12.410;;
173;573,736;-3163,296;-305,453;0,000;0,000;0,000;0,000;RRR 1.5in;24,1;1015;47;'26.07.2023 14:14:12.420;;
174;573,736;-3163,296;-305,454;0,000;0,000;0,000;0,000;RRR 1.5in;24,1;1015;47;'26.07.2023 14:14:12.430;;
175;573,735;-3163,296;-305,454;0,000;0,000;0,000;0,000;RRR 1.5in;24,1;1015;47;'26.07.2023 14:14:12.440;;
176;573,734;-3163,296;-305,454;0,000;0,000;0,000;0,000;RRR 1.5in;24,1;1015;47;'26.07.2023 14:14:12.450;;
177;573,734;-3163,296;-305,454;0,000;0,000;0,000;0,000;RRR 1.5in;24,1;1015;47;'26.07.2023 14:14:12.460;;
178;573,735;-3163,296;-305,455;0,000;0,000;0,000;0,000;RRR 1.5in;24,1;1015;47;'26.07.2023 14:14:12.470;;
179;573,734;-3163,297;-305,454;0,000;0,000;0,000;0,000;RRR 1.5in;24,1;1015;47;'26.07.2023 14:14:12.480;;
180;573,734;-3163,297;-305,453;0,000;0,000;0,000;0,000;RRR 1.5in;24,1;1015;47;'26.07.2023 14:14:12.490;;
181;573,734;-3163,297;-305,453;0,000;0,000;0,000;0,000;RRR 1.5in;24,1;1015;47;'26.07.2023 14:14:12.500;;
182;573,734;-3163,297;-305,454;0,000;0,000;0,000;0,000;RRR 1.5in;24,1;1015;47;'26.07.2023 14:14:12.510;;
183;573,734;-3163,297;-305,454;0,000;0,000;0,000;0,000;RRR 1.5in;24,1;1015;47;'26.07.2023 14:14:12.520;;
184;573,734;-3163,297;-305,454;0,000;0,000;0,000;0,000;RRR 1.5in;24,1;1015;47;'26.07.2023 14:14:12.530;;
185;573,735;-3163,296;-305,453;0,000;0,000;0,000;0,000;RRR 1.5in;24,1;1015;47;'26.07.2023 14:14:12.540;;
186;573,735;-3163,296;-305,454;0,000;0,000;0,000;0,000;RRR 1.5in;24,1;1015;47;'26.07.2023 14:14:12.550;;
187;573,735;-3163,296;-305,456;0,000;0,000;0,000;0,000;RRR 1.5in;24,1;1015;47;'26.07.2023 14:14:12.560;;
188;573,735;-3163,296;-305,456;0,000;0,000;0,000;0,000;RRR 1.5in;24,1;1015;47;'26.07.2023 14:14:12.570;;
189;573,735;-3163,296;-305,455;0,000;0,000;0,000;0,000;RRR 1.5in;24,1;1015;47;'26.07.2023 14:14:12.580;;
190;573,736;-3163,296;-305,455;0,000;0,000;0,000;0,000;RRR 1.5in;24,1;1015;47;'26.07.2023 14:14:12.590;;
191;573,735;-3163,296;-305,455;0,000;0,000;0,000;0,000;RRR 1.5in;24,1;1015;47;'26.07.2023 14:14:12.600;;
192;573,735;-3163,297;-305,454;0,000;0,000;0,000;0,000;RRR 1.5in;24,1;1015;47;'26.07.2023 14:14:12.610;;
193;573,735;-3163,297;-305,454;0,000;0,000;0,000;0,000;RRR 1.5in;24,1;1015;47;'26.07.2023 14:14:12.620;;
194;573,736;-3163,296;-305,455;0,000;0,000;0,000;0,000;RRR 1.5in;24,1;1015;47;'26.07.2023 14:14:12.630;;
195;573,737;-3163,296;-305,455;0,000;0,000;0,000;0,000;RRR 1.5in;24,1;1015;47;'26.07.2023 14:14:12.640;;
196;573,736;-3163,296;-305,457;0,000;0,000;0,000;0,000;RRR 1.5in;24,1;1015;47;'26.07.2023 14:14:12.650;;
197;573,738;-3163,295;-305,457;0,000;0,000;0,000;0,000;RRR 1.5in;24,1;1015;47;'26.07.2023 14:14:12.660;;
198;573,738;-3163,295;-305,458;0,000;0,000;0,000;0,000;RRR 1.5in;24,1;1015;47;'26.07.2023 14:14:12.670;;
199;573,739;-3163,295;-305,458;0,000;0,000;0,000;0,000;RRR 1.5in;24,1;1015;47;'26.07.2023 14:14:12.680;;
200;573,741;-3163,294;-305,460;0,000;0,000;0,000;0,000;RRR 1.5in;24,1;1015;47;'26.07.2023 14:14:12.690;;
201;573,743;-3163,294;-305,461;0,000;0,000;0,000;0,000;RRR 1.5in;24,1;1015;47;'26.07.2023 14:14:12.700;;
202;573,743;-3163,294;-305,462;0,000;0,000;0,000;0,000;RRR 1.5in;24,1;1015;47;'26.07.2023 14:14:12.710;;
203;573,744;-3163,294;-305,462;0,000;0,000;0,000;0,000;RRR 1.5in;24,1;1015;47;'26.07.2023 14:14:12.720;;
204;573,745;-3163,294;-305,461;0,000;0,000;0,000;0,000;RRR 1.5in;24,1;1015;47;'26.07.2023 14:14:12.730;;
205;573,745;-3163,294;-305,461;0,000;0,000;0,000;0,000;RRR 1.5in;24,1;1015;47;'26.07.2023 14:14:12.740;;
206;573,746;-3163,294;-305,461;0,000;0,000;0,000;0,000;RRR 1.5in;24,1;1015;47;'26.07.2023 14:14:12.750;;
207;573,746;-3163,294;-305,461;0,000;0,000;0,000;0,000;RRR 1.5in;24,1;1015;47;'26.07.2023 14:14:12.760;;
208;573,747;-3163,294;-305,459;0,000;0,000;0,000;0,000;RRR 1.5in;24,1;1015;47;'26.07.2023 14:14:12.770;;
209;573,746;-3163,294;-305,458;0,000;0,000;0,000;0,000;RRR 1.5in;24,1;1015;47;'26.07.2023 14:14:12.780;;
210;573,746;-3163,294;-305,458;0,000;0,000;0,000;0,000;RRR 1.5in;24,1;1015;47;'26.07.2023 14:14:12.790;;
211;573,745;-3163,294;-305,455;0,000;0,000;0,000;0,000;RRR 1.5in;24,1;1015;47;'26.07.2023 14:14:12.800;;
212;573,745;-3163,294;-305,456;0,000;0,000;0,000;0,000;RRR 1.5in;24,1;1015;47;'26.07.2023 14:14:12.810;;
213;573,745;-3163,294;-305,455;0,000;0,000;0,000;0,000;RRR 1.5in;24,1;1015;47;'26.07.2023 14:14:12.820;;
214;573,745;-3163,295;-305,454;0,000;0,000;0,000;0,000;RRR 1.5in;24,1;1015;47;'26.07.2023 14:14:12.830;;
215;573,745;-3163,295;-305,454;0,000;0,000;0,000;0,000;RRR 1.5in;24,1;1015;47;'26.07.2023 14:14:12.840;;
216;573,746;-3163,295;-305,453;0,000;0,000;0,000;0,000;RRR 1.5in;24,1;1015;47;'26.07.2023 14:14:12.850;;
217;573,747;-3163,294;-305,453;0,000;0,000;0,000;0,000;RRR 1.5in;24,1;1015;47;'26.07.2023 14:14:12.860;;
218;573,748;-3163,294;-305,453;0,000;0,000;0,000;0,000;RRR 1.5in;24,1;1015;47;'26.07.2023 14:14:12.870;;
219;573,749;-3163,294;-305,454;0,000;0,000;0,000;0,000;RRR 1.5in;24,1;1015;47;'26.07.2023 14:14:12.880;;
220;573,750;-3163,293;-305,454;0,000;0,000;0,000;0,000;RRR 1.5in;24,1;1015;47;'26.07.2023 14:14:12.890;;
221;573,749;-3163,293;-305,454;0,000;0,000;0,000;0,000;RRR 1.5in;24,1;1015;47;'26.07.2023 14:14:12.900;;
222;573,749;-3163,293;-305,455;0,000;0,000;0,000;0,000;RRR 1.5in;24,1;1015;47;'26.07.2023 14:14:12.910;;
223;573,749;-3163,293;-305,455;0,000;0,000;0,000;0,000;RRR 1.5in;24,1;1015;47;'26.07.2023 14:14:12.920;;
224;573,747;-3163,294;-305,454;0,000;0,000;0,000;0,000;RRR 1.5in;24,1;1015;47;'26.07.2023 14:14:12.930;;
225;573,747;-3163,294;-305,455;0,000;0,000;0,000;0,000;RRR 1.5in;24,1;1015;47;'26.07.2023 14:14:12.940;;
226;573,747;-3163,294;-305,456;0,000;0,000;0,000;0,000;RRR 1.5in;24,1;1015;47;'26.07.2023 14:14:12.950;;
227;573,746;-3163,294;-305,455;0,000;0,000;0,000;0,000;RRR 1.5in;24,1;1015;47;'26.07.2023 14:14:12.960;;
228;573,744;-3163,295;-305,455;0,000;0,000;0,000;0,000;RRR 1.5in;24,1;1015;47;'26.07.2023 14:14:12.970;;
229;573,744;-3163,295;-305,456;0,000;0,000;0,000;0,000;RRR 1.5in;24,1;1015;47;'26.07.2023 14:14:12.980;;
230;573,744;-3163,295;-305,456;0,000;0,000;0,000;0,000;RRR 1.5in;24,1;1015;47;'26.07.2023 14:14:12.990;;
231;573,743;-3163,294;-305,456;0,000;0,000;0,000;0,000;RRR 1.5in;24,1;1015;47;'26.07.2023 14:14:13.000;;
232;573,743;-3163,294;-305,457;0,000;0,000;0,000;0,000;RRR 1.5in;24,1;1015;47;'26.07.2023 14:14:13.010;;
233;573,742;-3163,295;-305,457;0,000;0,000;0,000;0,000;RRR 1.5in;24,1;1015;47;'26.07.2023 14:14:13.020;;
234;573,743;-3163,294;-305,458;0,000;0,000;0,000;0,000;RRR 1.5in;24,1;1015;47;'26.07.2023 14:14:13.030;;
235;573,742;-3163,294;-305,458;0,000;0,000;0,000;0,000;RRR 1.5in;24,1;1015;47;'26.07.2023 14:14:13.040;;
236;573,741;-3163,294;-305,460;0,000;0,000;0,000;0,000;RRR 1.5in;24,1;1015;47;'26.07.2023 14:14:13.050;;
237;573,741;-3163,295;-305,460;0,000;0,000;0,000;0,000;RRR 1.5in;24,1;1015;47;'26.07.2023 14:14:13.060;;
238;573,741;-3163,295;-305,460;0,000;0,000;0,000;0,000;RRR 1.5in;24,1;1015;47;'26.07.2023 14:14:13.070;;
239;573,740;-3163,295;-305,460;0,000;0,000;0,000;0,000;RRR 1.5in;24,1;1015;47;'26.07.2023 14:14:13.080;;
240;573,740;-3163,295;-305,461;0,000;0,000;0,000;0,000;RRR 1.5in;24,1;1015;47;'26.07.2023 14:14:13.090;;
241;573,741;-3163,295;-305,460;0,000;0,000;0,000;0,000;RRR 1.5in;24,1;1015;47;'26.07.2023 14:14:13.100;;
242;573,739;-3163,295;-305,460;0,000;0,000;0,000;0,000;RRR 1.5in;24,1;1015;47;'26.07.2023 14:14:13.110;;
243;573,740;-3163,295;-305,460;0,000;0,000;0,000;0,000;RRR 1.5in;24,1;1015;47;'26.07.2023 14:14:13.120;;
244;573,740;-3163,295;-305,459;0,000;0,000;0,000;0,000;RRR 1.5in;24,1;1015;47;'26.07.2023 14:14:13.130;;
245;573,741;-3163,294;-305,460;0,000;0,000;0,000;0,000;RRR 1.5in;24,1;1015;47;'26.07.2023 14:14:13.140;;
246;573,740;-3163,294;-305,460;0,000;0,000;0,000;0,000;RRR 1.5in;24,1;1015;47;'26.07.2023 14:14:13.150;;
247;573,740;-3163,294;-305,461;0,000;0,000;0,000;0,000;RRR 1.5in;24,1;1015;47;'26.07.2023 14:14:13.160;;
248;573,740;-3163,294;-305,461;0,000;0,000;0,000;0,000;RRR 1.5in;24,1;1015;47;'26.07.2023 14:14:13.170;;
249;573,739;-3163,294;-305,462;0,000;0,000;0,000;0,000;RRR 1.5in;24,1;1015;47;'26.07.2023 14:14:13.180;;
250;573,739;-3163,294;-305,463;0,000;0,000;0,000;0,000;RRR 1.5in;24,1;1015;47;'26.07.2023 14:14:13.190;;
251;573,739;-3163,295;-305,464;0,000;0,000;0,000;0,000;RRR 1.5in;24,1;1015;47;'26.07.2023 14:14:13.200;;
252;573,740;-3163,295;-305,464;0,000;0,000;0,000;0,000;RRR 1.5in;24,1;1015;47;'26.07.2023 14:14:13.210;;
253;573,740;-3163,295;-305,463;0,000;0,000;0,000;0,000;RRR 1.5in;24,1;1015;47;'26.07.2023 14:14:13.220;;
254;573,740;-3163,295;-305,463;0,000;0,000;0,000;0,000;RRR 1.5in;24,1;1015;47;'26.07.2023 14:14:13.230;;
255;573,740;-3163,295;-305,461;0,000;0,000;0,000;0,000;RRR 1.5in;24,1;1015;47;'26.07.2023 14:14:13.240;;
256;573,741;-3163,295;-305,460;0,000;0,000;0,000;0,000;RRR 1.5in;24,1;1015;47;'26.07.2023 14:14:13.250;;
257;573,741;-3163,294;-305,460;0,000;0,000;0,000;0,000;RRR 1.5in;24,1;1015;47;'26.07.2023 14:14:13.260;;
258;573,741;-3163,294;-305,459;0,000;0,000;0,000;0,000;RRR 1.5in;24,1;1015;47;'26.07.2023 14:14:13.270;;
259;573,742;-3163,293;-305,459;0,000;0,000;0,000;0,000;RRR 1.5in;24,1;1015;47;'26.07.2023 14:14:13.280;;
260;573,742;-3163,293;-305,459;0,000;0,000;0,000;0,000;RRR 1.5in;24,1;1015;47;'26.07.2023 14:14:13.290;;
261;573,741;-3163,293;-305,461;0,000;0,000;0,000;0,000;RRR 1.5in;24,1;1015;47;'26.07.2023 14:14:13.300;;
262;573,740;-3163,294;-305,462;0,000;0,000;0,000;0,000;RRR 1.5in;24,1;1015;47;'26.07.2023 14:14:13.310;;
263;573,738;-3163,294;-305,462;0,000;0,000;0,000;0,000;RRR 1.5in;24,1;1015;47;'26.07.2023 14:14:13.320;;
264;573,738;-3163,295;-305,463;0,000;0,000;0,000;0,000;RRR 1.5in;24,1;1015;47;'26.07.2023 14:14:13.330;;
265;573,738;-3163,296;-305,464;0,000;0,000;0,000;0,000;RRR 1.5in;24,1;1015;47;'26.07.2023 14:14:13.340;;
266;573,738;-3163,296;-305,463;0,000;0,000;0,000;0,000;RRR 1.5in;24,1;1015;47;'26.07.2023 14:14:13.350;;
267;573,736;-3163,296;-305,461;0,000;0,000;0,000;0,000;RRR 1.5in;24,1;1015;47;'26.07.2023 14:14:13.360;;
268;573,739;-3163,296;-305,461;0,000;0,000;0,000;0,000;RRR 1.5in;24,1;1015;47;'26.07.2023 14:14:13.370;;
269;573,740;-3163,295;-305,461;0,000;0,000;0,000;0,000;RRR 1.5in;24,1;1015;47;'26.07.2023 14:14:13.380;;
270;573,743;-3163,294;-305,462;0,000;0,000;0,000;0,000;RRR 1.5in;24,1;1015;47;'26.07.2023 14:14:13.390;;
271;573,747;-3163,292;-305,465;0,000;0,000;0,000;0,000;RRR 1.5in;24,1;1015;47;'26.07.2023 14:14:13.400;;
272;573,748;-3163,291;-305,469;0,000;0,000;0,000;0,000;RRR 1.5in;24,1;1015;47;'26.07.2023 14:14:13.410;;
273;573,747;-3163,291;-305,471;0,000;0,000;0,000;0,000;RRR 1.5in;24,1;1015;47;'26.07.2023 14:14:13.420;;
274;573,745;-3163,291;-305,472;0,000;0,000;0,000;0,000;RRR 1.5in;24,1;1015;47;'26.07.2023 14:14:13.430;;
275;573,743;-3163,292;-305,472;0,000;0,000;0,000;0,000;RRR 1.5in;24,1;1015;47;'26.07.2023 14:14:13.440;;
276;573,740;-3163,293;-305,472;0,000;0,000;0,000;0,000;RRR 1.5in;24,1;1015;47;'26.07.2023 14:14:13.450;;
277;573,738;-3163,294;-305,470;0,000;0,000;0,000;0,000;RRR 1.5in;24,1;1015;47;'26.07.2023 14:14:13.460;;
278;573,736;-3163,295;-305,469;0,000;0,000;0,000;0,000;RRR 1.5in;24,1;1015;47;'26.07.2023 14:14:13.470;;
279;573,735;-3163,296;-305,468;0,000;0,000;0,000;0,000;RRR 1.5in;24,1;1015;47;'26.07.2023 14:14:13.480;;
280;573,734;-3163,297;-305,467;0,000;0,000;0,000;0,000;RRR 1.5in;24,1;1015;47;'26.07.2023 14:14:13.490;;
281;573,735;-3163,296;-305,465;0,000;0,000;0,000;0,000;RRR 1.5in;24,1;1015;47;'26.07.2023 14:14:13.500;;
282;573,736;-3163,295;-305,466;0,000;0,000;0,000;0,000;RRR 1.5in;24,1;1015;47;'26.07.2023 14:14:13.510;;
283;573,737;-3163,294;-305,466;0,000;0,000;0,000;0,000;RRR 1.5in;24,1;1015;47;'26.07.2023 14:14:13.520;;
284;573,738;-3163,294;-305,467;0,000;0,000;0,000;0,000;RRR 1.5in;24,1;1015;47;'26.07.2023 14:14:13.530;;
285;573,738;-3163,293;-305,468;0,000;0,000;0,000;0,000;RRR 1.5in;24,1;1015;47;'26.07.2023 14:14:13.540;;
286;573,739;-3163,292;-305,470;0,000;0,000;0,000;0,000;RRR 1.5in;24,1;1015;47;'26.07.2023 14:14:13.550;;
287;573,738;-3163,292;-305,471;0,000;0,000;0,000;0,000;RRR 1.5in;24,1;1015;47;'26.07.2023 14:14:13.560;;
288;573,736;-3163,293;-305,473;0,000;0,000;0,000;0,000;RRR 1.5in;24,1;1015;47;'26.07.2023 14:14:13.570;;
289;573,737;-3163,294;-305,474;0,000;0,000;0,000;0,000;RRR 1.5in;24,1;1015;47;'26.07.2023 14:14:13.580;;
290;573,738;-3163,295;-305,474;0,000;0,000;0,000;0,000;RRR 1.5in;24,1;1015;47;'26.07.2023 14:14:13.590;;
291;573,737;-3163,295;-305,476;0,000;0,000;0,000;0,000;RRR 1.5in;24,1;1015;47;'26.07.2023 14:14:13.600;;
292;573,738;-3163,294;-305,476;0,000;0,000;0,000;0,000;RRR 1.5in;24,1;1015;47;'26.07.2023 14:14:13.610;;
293;573,739;-3163,295;-305,476;0,000;0,000;0,000;0,000;RRR 1.5in;24,1;1015;47;'26.07.2023 14:14:13.620;;
294;573,740;-3163,294;-305,477;0,000;0,000;0,000;0,000;RRR 1.5in;24,1;1015;47;'26.07.2023 14:14:13.630;;
295;573,742;-3163,292;-305,476;0,000;0,000;0,000;0,000;RRR 1.5in;24,1;1015;47;'26.07.2023 14:14:13.640;;
296;573,745;-3163,291;-305,474;0,000;0,000;0,000;0,000;RRR 1.5in;24,1;1015;47;'26.07.2023 14:14:13.650;;
297;573,744;-3163,291;-305,473;0,000;0,000;0,000;0,000;RRR 1.5in;24,1;1015;47;'26.07.2023 14:14:13.660;;
298;573,744;-3163,291;-305,471;0,000;0,000;0,000;0,000;RRR 1.5in;24,1;1015;47;'26.07.2023 14:14:13.670;;
299;573,742;-3163,292;-305,468;0,000;0,000;0,000;0,000;RRR 1.5in;24,1;1015;47;'26.07.2023 14:14:13.680;;
300;573,742;-3163,293;-305,464;0,000;0,000;0,000;0,000;RRR 1.5in;24,1;1015;47;'26.07.2023 14:14:13.690;;
301;573,740;-3163,294;-305,462;0,000;0,000;0,000;0,000;RRR 1.5in;24,1;1015;47;'26.07.2023 14:14:13.700;;
302;573,740;-3163,296;-305,459;0,000;0,000;0,000;0,000;RRR 1.5in;24,1;1015;47;'26.07.2023 14:14:13.710;;
303;573,738;-3163,297;-305,458;0,000;0,000;0,000;0,000;RRR 1.5in;24,1;1015;47;'26.07.2023 14:14:13.720;;
304;573,738;-3163,297;-305,456;0,000;0,000;0,000;0,000;RRR 1.5in;24,1;1015;47;'26.07.2023 14:14:13.730;;
305;573,739;-3163,296;-305,455;0,000;0,000;0,000;0,000;RRR 1.5in;24,1;1015;47;'26.07.2023 14:14:13.740;;
306;573,739;-3163,296;-305,456;0,000;0,000;0,000;0,000;RRR 1.5in;24,1;1015;47;'26.07.2023 14:14:13.750;;
307;573,740;-3163,296;-305,455;0,000;0,000;0,000;0,000;RRR 1.5in;24,1;1015;47;'26.07.2023 14:14:13.760;;
308;573,739;-3163,295;-305,456;0,000;0,000;0,000;0,000;RRR 1.5in;24,1;1015;47;'26.07.2023 14:14:13.770;;
309;573,740;-3163,293;-305,456;0,000;0,000;0,000;0,000;RRR 1.5in;24,1;1015;47;'26.07.2023 14:14:13.780;;
310;573,740;-3163,293;-305,457;0,000;0,000;0,000;0,000;RRR 1.5in;24,1;1015;47;'26.07.2023 14:14:13.790;;
311;573,739;-3163,295;-305,457;0,000;0,000;0,000;0,000;RRR 1.5in;24,1;1015;47;'26.07.2023 14:14:13.800;;
312;573,740;-3163,295;-305,456;0,000;0,000;0,000;0,000;RRR 1.5in;24,1;1015;47;'26.07.2023 14:14:13.810;;
313;573,739;-3163,294;-305,455;0,000;0,000;0,000;0,000;RRR 1.5in;24,1;1015;47;'26.07.2023 14:14:13.820;;
314;573,737;-3163,295;-305,456;0,000;0,000;0,000;0,000;RRR 1.5in;24,1;1015;47;'26.07.2023 14:14:13.830;;
315;573,737;-3163,298;-305,455;0,000;0,000;0,000;0,000;RRR 1.5in;24,1;1015;47;'26.07.2023 14:14:13.840;;
316;573,737;-3163,299;-305,457;0,000;0,000;0,000;0,000;RRR 1.5in;24,1;1015;47;'26.07.2023 14:14:13.850;;
317;573,736;-3163,297;-305,457;0,000;0,000;0,000;0,000;RRR 1.5in;24,1;1015;47;'26.07.2023 14:14:13.860;;
318;573,738;-3163,295;-305,456;0,000;0,000;0,000;0,000;RRR 1.5in;24,1;1015;47;'26.07.2023 14:14:13.870;;
319;573,738;-3163,295;-305,457;0,000;0,000;0,000;0,000;RRR 1.5in;24,1;1015;47;'26.07.2023 14:14:13.880;;
320;573,740;-3163,295;-305,459;0,000;0,000;0,000;0,000;RRR 1.5in;24,1;1015;47;'26.07.2023 14:14:13.890;;
321;573,740;-3163,295;-305,459;0,000;0,000;0,000;0,000;RRR 1.5in;24,1;1015;47;'26.07.2023 14:14:13.900;;
322;573,742;-3163,293;-305,459;0,000;0,000;0,000;0,000;RRR 1.5in;24,1;1015;47;'26.07.2023 14:14:13.910;;
323;573,743;-3163,293;-305,461;0,000;0,000;0,000;0,000;RRR 1.5in;24,1;1015;47;'26.07.2023 14:14:13.920;;
324;573,742;-3163,293;-305,461;0,000;0,000;0,000;0,000;RRR 1.5in;24,1;1015;47;'26.07.2023 14:14:13.930;;
325;573,741;-3163,294;-305,461;0,000;0,000;0,000;0,000;RRR 1.5in;24,1;1015;47;'26.07.2023 14:14:13.940;;
326;573,740;-3163,294;-305,461;0,000;0,000;0,000;0,000;RRR 1.5in;24,1;1015;47;'26.07.2023 14:14:13.950;;
327;573,739;-3163,296;-305,461;0,000;0,000;0,000;0,000;RRR 1.5in;24,1;1015;47;'26.07.2023 14:14:13.960;;
328;573,737;-3163,296;-305,464;0,000;0,000;0,000;0,000;RRR 1.5in;24,1;1015;47;'26.07.2023 14:14:13.970;;
329;573,736;-3163,296;-305,464;0,000;0,000;0,000;0,000;RRR 1.5in;24,1;1015;47;'26.07.2023 14:14:13.980;;
330;573,736;-3163,295;-305,464;0,000;0,000;0,000;0,000;RRR 1.5in;24,1;1015;47;'26.07.2023 14:14:13.990;;
331;573,733;-3163,295;-305,464;0,000;0,000;0,000;0,000;RRR 1.5in;24,1;1015;47;'26.07.2023 14:14:14.000;;
332;573,734;-3163,296;-305,464;0,000;0,000;0,000;0,000;RRR 1.5in;24,1;1015;47;'26.07.2023 14:14:14.010;;
333;573,733;-3163,295;-305,465;0,000;0,000;0,000;0,000;RRR 1.5in;24,1;1015;47;'26.07.2023 14:14:14.020;;
334;573,732;-3163,295;-305,463;0,000;0,000;0,000;0,000;RRR 1.5in;24,1;1015;47;'26.07.2023 14:14:14.030;;
335;573,732;-3163,295;-305,463;0,000;0,000;0,000;0,000;RRR 1.5in;24,1;1015;47;'26.07.2023 14:14:14.040;;
336;573,730;-3163,296;-305,463;0,000;0,000;0,000;0,000;RRR 1.5in;24,1;1015;47;'26.07.2023 14:14:14.050;;
337;573,729;-3163,296;-305,463;0,000;0,000;0,000;0,000;RRR 1.5in;24,1;1015;47;'26.07.2023 14:14:14.060;;
338;573,729;-3163,296;-305,462;0,000;0,000;0,000;0,000;RRR 1.5in;24,1;1015;47;'26.07.2023 14:14:14.070;;
339;573,729;-3163,297;-305,463;0,000;0,000;0,000;0,000;RRR 1.5in;24,1;1015;47;'26.07.2023 14:14:14.080;;
340;573,728;-3163,298;-305,464;0,000;0,000;0,000;0,000;RRR 1.5in;24,1;1015;47;'26.07.2023 14:14:14.090;;
341;573,728;-3163,297;-305,465;0,000;0,000;0,000;0,000;RRR 1.5in;24,1;1015;47;'26.07.2023 14:14:14.100;;
342;573,729;-3163,296;-305,466;0,000;0,000;0,000;0,000;RRR 1.5in;24,1;1015;47;'26.07.2023 14:14:14.110;;
343;573,731;-3163,296;-305,468;0,000;0,000;0,000;0,000;RRR 1.5in;24,1;1015;47;'26.07.2023 14:14:14.120;;
344;573,735;-3163,295;-305,470;0,000;0,000;0,000;0,000;RRR 1.5in;24,1;1015;47;'26.07.2023 14:14:14.130;;
345;573,736;-3163,295;-305,472;0,000;0,000;0,000;0,000;RRR 1.5in;24,1;1015;47;'26.07.2023 14:14:14.140;;
346;573,738;-3163,293;-305,471;0,000;0,000;0,000;0,000;RRR 1.5in;24,1;1015;47;'26.07.2023 14:14:14.150;;
347;573,740;-3163,293;-305,470;0,000;0,000;0,000;0,000;RRR 1.5in;24,1;1015;47;'26.07.2023 14:14:14.160;;
348;573,742;-3163,293;-305,469;0,000;0,000;0,000;0,000;RRR 1.5in;24,1;1015;47;'26.07.2023 14:14:14.170;;
349;573,741;-3163,294;-305,468;0,000;0,000;0,000;0,000;RRR 1.5in;24,1;1015;47;'26.07.2023 14:14:14.180;;
350;573,739;-3163,294;-305,466;0,000;0,000;0,000;0,000;RRR 1.5in;24,1;1015;47;'26.07.2023 14:14:14.190;;
351;573,737;-3163,294;-305,466;0,000;0,000;0,000;0,000;RRR 1.5in;24,1;1015;47;'26.07.2023 14:14:14.200;;
352;573,737;-3163,295;-305,466;0,000;0,000;0,000;0,000;RRR 1.5in;24,1;1015;47;'26.07.2023 14:14:14.210;;
353;573,735;-3163,295;-305,467;0,000;0,000;0,000;0,000;RRR 1.5in;24,1;1015;47;'26.07.2023 14:14:14.220;;
354;573,729;-3163,291;-305,475;0,000;0,000;0,000;0,000;RRR 1.5in;24,1;1015;47;'26.07.2023 14:14:14.230;;
355;573,708;-3163,276;-305,490;0,000;0,000;0,000;0,000;RRR 1.5in;24,1;1015;47;'26.07.2023 14:14:14.240;;
356;573,681;-3163,243;-305,516;0,000;0,000;0,000;0,000;RRR 1.5in;24,1;1015;47;'26.07.2023 14:14:14.250;;
357;573,640;-3163,185;-305,557;0,000;0,000;0,000;0,000;RRR 1.5in;24,1;1015;47;'26.07.2023 14:14:14.260;;
358;573,576;-3163,101;-305,617;0,000;0,000;0,000;0,000;RRR 1.5in;24,1;1015;47;'26.07.2023 14:14:14.270;;
359;573,492;-3162,990;-305,688;0,000;0,000;0,000;0,000;RRR 1.5in;24,1;1015;47;'26.07.2023 14:14:14.280;;
360;573,407;-3162,871;-305,758;0,000;0,000;0,000;0,000;RRR 1.5in;24,1;1015;47;'26.07.2023 14:14:14.290;;
361;573,352;-3162,782;-305,830;0,000;0,000;0,000;0,000;RRR 1.5in;24,1;1015;47;'26.07.2023 14:14:14.300;;
362;573,289;-3162,741;-305,911;0,000;0,000;0,000;0,000;RRR 1.5in;24,1;1015;47;'26.07.2023 14:14:14.310;;
363;573,196;-3162,713;-305,989;0,000;0,000;0,000;0,000;RRR 1.5in;24,1;1015;47;'26.07.2023 14:14:14.320;;
364;573,081;-3162,661;-306,035;0,000;0,000;0,000;0,000;RRR 1.5in;24,1;1015;47;'26.07.2023 14:14:14.330;;
365;572,947;-3162,614;-306,078;0,000;0,000;0,000;0,000;RRR 1.5in;24,1;1015;47;'26.07.2023 14:14:14.340;;
366;572,769;-3162,598;-306,127;0,000;0,000;0,000;0,000;RRR 1.5in;24,1;1015;47;'26.07.2023 14:14:14.350;;
367;572,567;-3162,609;-306,172;0,000;0,000;0,000;0,000;RRR 1.5in;24,1;1015;47;'26.07.2023 14:14:14.360;;
368;572,323;-3162,631;-306,211;0,000;0,000;0,000;0,000;RRR 1.5in;24,1;1015;47;'26.07.2023 14:14:14.370;;
369;572,040;-3162,677;-306,266;0,000;0,000;0,000;0,000;RRR 1.5in;24,1;1015;47;'26.07.2023 14:14:14.380;;
370;571,729;-3162,729;-306,336;0,000;0,000;0,000;0,000;RRR 1.5in;24,1;1015;47;'26.07.2023 14:14:14.390;;
371;571,398;-3162,758;-306,417;0,000;0,000;0,000;0,000;RRR 1.5in;24,1;1015;47;'26.07.2023 14:14:14.400;;
372;571,046;-3162,762;-306,501;0,000;0,000;0,000;0,000;RRR 1.5in;24,1;1015;47;'26.07.2023 14:14:14.410;;
373;570,679;-3162,769;-306,601;0,000;0,000;0,000;0,000;RRR 1.5in;24,1;1015;47;'26.07.2023 14:14:14.420;;
374;570,313;-3162,804;-306,733;0,000;0,000;0,000;0,000;RRR 1.5in;24,1;1015;47;'26.07.2023 14:14:14.430;;
375;569,927;-3162,833;-306,875;0,000;0,000;0,000;0,000;RRR 1.5in;24,1;1015;47;'26.07.2023 14:14:14.440;;
376;569,539;-3162,821;-307,016;0,000;0,000;0,000;0,000;RRR 1.5in;24,1;1015;47;'26.07.2023 14:14:14.450;;
377;569,130;-3162,761;-307,151;0,000;0,000;0,000;0,000;RRR 1.5in;24,1;1015;47;'26.07.2023 14:14:14.460;;
378;568,731;-3162,689;-307,281;0,000;0,000;0,000;0,000;RRR 1.5in;24,1;1015;47;'26.07.2023 14:14:14.470;;
379;568,341;-3162,641;-307,427;0,000;0,000;0,000;0,000;RRR 1.5in;24,1;1015;47;'26.07.2023 14:14:14.480;;
380;567,926;-3162,622;-307,575;0,000;0,000;0,000;0,000;RRR 1.5in;24,1;1015;47;'26.07.2023 14:14:14.490;;
381;567,492;-3162,591;-307,719;0,000;0,000;0,000;0,000;RRR 1.5in;24,1;1015;47;'26.07.2023 14:14:14.500;;
382;567,032;-3162,539;-307,852;0,000;0,000;0,000;0,000;RRR 1.5in;24,1;1015;47;'26.07.2023 14:14:14.510;;
383;566,588;-3162,495;-307,997;0,000;0,000;0,000;0,000;RRR 1.5in;24,1;1015;47;'26.07.2023 14:14:14.520;;
384;566,103;-3162,480;-308,159;0,000;0,000;0,000;0,000;RRR 1.5in;24,1;1015;47;'26.07.2023 14:14:14.530;;
385;565,592;-3162,473;-308,331;0,000;0,000;0,000;0,000;RRR 1.5in;24,1;1015;47;'26.07.2023 14:14:14.540;;
386;565,060;-3162,453;-308,485;0,000;0,000;0,000;0,000;RRR 1.5in;24,1;1015;47;'26.07.2023 14:14:14.550;;
387;564,549;-3162,456;-308,653;0,000;0,000;0,000;0,000;RRR 1.5in;24,1;1015;47;'26.07.2023 14:14:14.560;;
388;564,031;-3162,494;-308,846;0,000;0,000;0,000;0,000;RRR 1.5in;24,1;1015;47;'26.07.2023 14:14:14.570;;
389;563,507;-3162,504;-309,035;0,000;0,000;0,000;0,000;RRR 1.5in;24,1;1015;47;'26.07.2023 14:14:14.580;;
390;562,986;-3162,448;-309,187;0,000;0,000;0,000;0,000;RRR 1.5in;24,1;1015;47;'26.07.2023 14:14:14.590;;
391;562,480;-3162,403;-309,345;0,000;0,000;0,000;0,000;RRR 1.5in;24,1;1015;47;'26.07.2023 14:14:14.600;;
392;561,988;-3162,413;-309,531;0,000;0,000;0,000;0,000;RRR 1.5in;24,1;1015;47;'26.07.2023 14:14:14.610;;
393;561,514;-3162,410;-309,710;0,000;0,000;0,000;0,000;RRR 1.5in;24,1;1015;47;'26.07.2023 14:14:14.620;;
394;561,050;-3162,339;-309,848;0,000;0,000;0,000;0,000;RRR 1.5in;24,1;1015;47;'26.07.2023 14:14:14.630;;
395;560,608;-3162,262;-309,984;0,000;0,000;0,000;0,000;RRR 1.5in;24,1;1015;47;'26.07.2023 14:14:14.640;;
396;560,165;-3162,236;-310,145;0,000;0,000;0,000;0,000;RRR 1.5in;24,1;1015;47;'26.07.2023 14:14:14.650;;
397;559,707;-3162,212;-310,313;0,000;0,000;0,000;0,000;RRR 1.5in;24,1;1015;47;'26.07.2023 14:14:14.660;;
398;559,251;-3162,138;-310,445;0,000;0,000;0,000;0,000;RRR 1.5in;24,1;1015;47;'26.07.2023 14:14:14.670;;
399;558,804;-3162,079;-310,582;0,000;0,000;0,000;0,000;RRR 1.5in;24,1;1015;47;'26.07.2023 14:14:14.680;;
400;558,323;-3162,087;-310,754;0,000;0,000;0,000;0,000;RRR 1.5in;24,1;1015;47;'26.07.2023 14:14:14.690;;
401;557,853;-3162,106;-310,933;0,000;0,000;0,000;0,000;RRR 1.5in;24,1;1015;47;'26.07.2023 14:14:14.700;;
402;557,361;-3162,069;-311,075;0,000;0,000;0,000;0,000;RRR 1.5in;24,1;1015;47;'26.07.2023 14:14:14.710;;
403;556,868;-3162,040;-311,225;0,000;0,000;0,000;0,000;RRR 1.5in;24,1;1015;47;'26.07.2023 14:14:14.720;;
404;556,365;-3162,061;-311,404;0,000;0,000;0,000;0,000;RRR 1.5in;24,1;1015;47;'26.07.2023 14:14:14.730;;
405;555,869;-3162,084;-311,583;0,000;0,000;0,000;0,000;RRR 1.5in;24,1;1015;47;'26.07.2023 14:14:14.740;;
406;555,374;-3162,052;-311,732;0,000;0,000;0,000;0,000;RRR 1.5in;24,1;1015;47;'26.07.2023 14:14:14.750;;
407;554,886;-3162,009;-311,872;0,000;0,000;0,000;0,000;RRR 1.5in;24,1;1015;47;'26.07.2023 14:14:14.760;;
408;554,418;-3162,009;-312,038;0,000;0,000;0,000;0,000;RRR 1.5in;24,1;1015;47;'26.07.2023 14:14:14.770;;
409;553,960;-3162,015;-312,210;0,000;0,000;0,000;0,000;RRR 1.5in;24,1;1015;47;'26.07.2023 14:14:14.780;;
410;553,509;-3161,968;-312,356;0,000;0,000;0,000;0,000;RRR 1.5in;24,1;1015;47;'26.07.2023 14:14:14.790;;
411;553,061;-3161,889;-312,485;0,000;0,000;0,000;0,000;RRR 1.5in;24,1;1015;47;'26.07.2023 14:14:14.800;;
412;552,621;-3161,842;-312,641;0,000;0,000;0,000;0,000;RRR 1.5in;24,1;1015;47;'26.07.2023 14:14:14.810;;
413;552,177;-3161,812;-312,806;0,000;0,000;0,000;0,000;RRR 1.5in;24,1;1015;47;'26.07.2023 14:14:14.820;;
414;551,724;-3161,750;-312,957;0,000;0,000;0,000;0,000;RRR 1.5in;24,1;1015;47;'26.07.2023 14:14:14.830;;
415;551,262;-3161,676;-313,096;0,000;0,000;0,000;0,000;RRR 1.5in;24,1;1015;47;'26.07.2023 14:14:14.840;;
416;550,801;-3161,653;-313,265;0,000;0,000;0,000;0,000;RRR 1.5in;24,1;1015;47;'26.07.2023 14:14:14.850;;
417;550,329;-3161,669;-313,450;0,000;0,000;0,000;0,000;RRR 1.5in;24,1;1015;47;'26.07.2023 14:14:14.860;;
418;549,846;-3161,663;-313,624;0,000;0,000;0,000;0,000;RRR 1.5in;24,1;1015;47;'26.07.2023 14:14:14.870;;
419;549,348;-3161,627;-313,772;0,000;0,000;0,000;0,000;RRR 1.5in;24,1;1015;47;'26.07.2023 14:14:14.880;;
420;548,853;-3161,614;-313,933;0,000;0,000;0,000;0,000;RRR 1.5in;24,1;1015;47;'26.07.2023 14:14:14.890;;
421;548,355;-3161,639;-314,110;0,000;0,000;0,000;0,000;RRR 1.5in;24,1;1015;47;'26.07.2023 14:14:14.900;;
422;547,857;-3161,637;-314,280;0,000;0,000;0,000;0,000;RRR 1.5in;24,1;1015;47;'26.07.2023 14:14:14.910;;
423;547,364;-3161,587;-314,419;0,000;0,000;0,000;0,000;RRR 1.5in;24,1;1015;47;'26.07.2023 14:14:14.920;;
424;546,890;-3161,540;-314,564;0,000;0,000;0,000;0,000;RRR 1.5in;24,1;1015;47;'26.07.2023 14:14:14.930;;
425;546,424;-3161,536;-314,739;0,000;0,000;0,000;0,000;RRR 1.5in;24,1;1015;47;'26.07.2023 14:14:14.940;;
426;545,964;-3161,520;-314,909;0,000;0,000;0,000;0,000;RRR 1.5in;24,1;1015;47;'26.07.2023 14:14:14.950;;
427;545,508;-3161,458;-315,055;0,000;0,000;0,000;0,000;RRR 1.5in;24,1;1015;47;'26.07.2023 14:14:14.960;;
428;545,060;-3161,398;-315,207;0,000;0,000;0,000;0,000;RRR 1.5in;24,1;1015;47;'26.07.2023 14:14:14.970;;
429;544,607;-3161,378;-315,387;0,000;0,000;0,000;0,000;RRR 1.5in;24,1;1015;47;'26.07.2023 14:14:14.980;;
430;544,152;-3161,354;-315,570;0,000;0,000;0,000;0,000;RRR 1.5in;24,1;1015;47;'26.07.2023 14:14:14.990;;
431;543,686;-3161,290;-315,729;0,000;0,000;0,000;0,000;RRR 1.5in;24,1;1015;47;'26.07.2023 14:14:15.000;;
432;543,203;-3161,228;-315,887;0,000;0,000;0,000;0,000;RRR 1.5in;24,1;1015;47;'26.07.2023 14:14:15.010;;
433;542,716;-3161,207;-316,063;0,000;0,000;0,000;0,000;RRR 1.5in;24,1;1015;47;'26.07.2023 14:14:15.020;;
434;542,236;-3161,211;-316,243;0,000;0,000;0,000;0,000;RRR 1.5in;24,1;1015;47;'26.07.2023 14:14:15.030;;
435;541,750;-3161,194;-316,404;0,000;0,000;0,000;0,000;RRR 1.5in;24,1;1015;47;'26.07.2023 14:14:15.040;;
436;541,257;-3161,163;-316,549;0,000;0,000;0,000;0,000;RRR 1.5in;24,1;1015;47;'26.07.2023 14:14:15.050;;
437;540,776;-3161,159;-316,712;0,000;0,000;0,000;0,000;RRR 1.5in;24,1;1015;47;'26.07.2023 14:14:15.060;;
438;540,289;-3161,172;-316,885;0,000;0,000;0,000;0,000;RRR 1.5in;24,1;1015;47;'26.07.2023 14:14:15.070;;
439;539,813;-3161,148;-317,050;0,000;0,000;0,000;0,000;RRR 1.5in;24,1;1015;47;'26.07.2023 14:14:15.080;;
440;539,337;-3161,090;-317,200;0,000;0,000;0,000;0,000;RRR 1.5in;24,1;1015;47;'26.07.2023 14:14:15.090;;
441;538,870;-3161,039;-317,364;0,000;0,000;0,000;0,000;RRR 1.5in;24,1;1015;47;'26.07.2023 14:14:15.100;;
442;538,409;-3161,016;-317,544;0,000;0,000;0,000;0,000;RRR 1.5in;24,1;1015;47;'26.07.2023 14:14:15.110;;
443;537,961;-3160,989;-317,720;0,000;0,000;0,000;0,000;RRR 1.5in;24,1;1015;47;'26.07.2023 14:14:15.120;;
444;537,491;-3160,941;-317,880;0,000;0,000;0,000;0,000;RRR 1.5in;24,1;1015;47;'26.07.2023 14:14:15.130;;
445;537,021;-3160,891;-318,042;0,000;0,000;0,000;0,000;RRR 1.5in;24,1;1015;47;'26.07.2023 14:14:15.140;;
446;536,566;-3160,864;-318,212;0,000;0,000;0,000;0,000;RRR 1.5in;24,1;1015;47;'26.07.2023 14:14:15.150;;
447;536,098;-3160,842;-318,380;0,000;0,000;0,000;0,000;RRR 1.5in;24,1;1015;47;'26.07.2023 14:14:15.160;;
448;535,622;-3160,805;-318,534;0,000;0,000;0,000;0,000;RRR 1.5in;24,1;1015;47;'26.07.2023 14:14:15.170;;
449;535,147;-3160,766;-318,679;0,000;0,000;0,000;0,000;RRR 1.5in;24,1;1015;47;'26.07.2023 14:14:15.180;;
450;534,680;-3160,760;-318,842;0,000;0,000;0,000;0,000;RRR 1.5in;24,1;1015;47;'26.07.2023 14:14:15.190;;
451;534,195;-3160,763;-319,009;0,000;0,000;0,000;0,000;RRR 1.5in;24,1;1015;47;'26.07.2023 14:14:15.200;;
452;533,715;-3160,734;-319,165;0,000;0,000;0,000;0,000;RRR 1.5in;24,1;1015;47;'26.07.2023 14:14:15.210;;
453;533,221;-3160,680;-319,305;0,000;0,000;0,000;0,000;RRR 1.5in;24,1;1015;47;'26.07.2023 14:14:15.220;;
454;532,751;-3160,666;-319,470;0,000;0,000;0,000;0,000;RRR 1.5in;24,1;1015;47;'26.07.2023 14:14:15.230;;
455;532,280;-3160,686;-319,646;0,000;0,000;0,000;0,000;RRR 1.5in;24,1;1015;47;'26.07.2023 14:14:15.240;;
456;531,811;-3160,680;-319,815;0,000;0,000;0,000;0,000;RRR 1.5in;24,1;1015;47;'26.07.2023 14:14:15.250;;
457;531,339;-3160,627;-319,964;0,000;0,000;0,000;0,000;RRR 1.5in;24,1;1015;47;'26.07.2023 14:14:15.260;;
458;530,874;-3160,577;-320,122;0,000;0,000;0,000;0,000;RRR 1.5in;24,1;1015;47;'26.07.2023 14:14:15.270;;
459;530,406;-3160,548;-320,294;0,000;0,000;0,000;0,000;RRR 1.5in;24,1;1015;47;'26.07.2023 14:14:15.280;;
460;529,938;-3160,512;-320,462;0,000;0,000;0,000;0,000;RRR 1.5in;24,1;1015;47;'26.07.2023 14:14:15.290;;
461;529,470;-3160,451;-320,610;0,000;0,000;0,000;0,000;RRR 1.5in;24,1;1015;47;'26.07.2023 14:14:15.300;;
462;529,001;-3160,408;-320,755;0,000;0,000;0,000;0,000;RRR 1.5in;24,1;1015;47;'26.07.2023 14:14:15.310;;
463;528,550;-3160,417;-320,930;0,000;0,000;0,000;0,000;RRR 1.5in;24,1;1015;47;'26.07.2023 14:14:15.320;;
464;528,077;-3160,414;-321,104;0,000;0,000;0,000;0,000;RRR 1.5in;24,1;1015;47;'26.07.2023 14:14:15.330;;
465;527,599;-3160,354;-321,252;0,000;0,000;0,000;0,000;RRR 1.5in;24,1;1015;47;'26.07.2023 14:14:15.340;;
466;527,106;-3160,278;-321,390;0,000;0,000;0,000;0,000;RRR 1.5in;24,1;1015;47;'26.07.2023 14:14:15.350;;
467;526,636;-3160,263;-321,556;0,000;0,000;0,000;0,000;RRR 1.5in;24,1;1015;47;'26.07.2023 14:14:15.360;;
468;526,160;-3160,281;-321,736;0,000;0,000;0,000;0,000;RRR 1.5in;24,1;1015;47;'26.07.2023 14:14:15.370;;
469;525,691;-3160,272;-321,895;0,000;0,000;0,000;0,000;RRR 1.5in;24,1;1015;47;'26.07.2023 14:14:15.380;;
470;525,213;-3160,221;-322,032;0,000;0,000;0,000;0,000;RRR 1.5in;24,1;1015;47;'26.07.2023 14:14:15.390;;
471;524,744;-3160,193;-322,188;0,000;0,000;0,000;0,000;RRR 1.5in;24,1;1015;47;'26.07.2023 14:14:15.400;;
472;524,283;-3160,187;-322,366;0,000;0,000;0,000;0,000;RRR 1.5in;24,1;1015;47;'26.07.2023 14:14:15.410;;
473;523,815;-3160,155;-322,529;0,000;0,000;0,000;0,000;RRR 1.5in;24,1;1015;47;'26.07.2023 14:14:15.420;;
474;523,339;-3160,085;-322,672;0,000;0,000;0,000;0,000;RRR 1.5in;24,1;1015;47;'26.07.2023 14:14:15.430;;
475;522,862;-3160,033;-322,821;0,000;0,000;0,000;0,000;RRR 1.5in;24,1;1015;47;'26.07.2023 14:14:15.440;;
476;522,404;-3160,034;-323,004;0,000;0,000;0,000;0,000;RRR 1.5in;24,1;1015;47;'26.07.2023 14:14:15.450;;
477;521,932;-3160,028;-323,173;0,000;0,000;0,000;0,000;RRR 1.5in;24,1;1015;47;'26.07.2023 14:14:15.460;;
478;521,471;-3159,984;-323,318;0,000;0,000;0,000;0,000;RRR 1.5in;24,1;1015;47;'26.07.2023 14:14:15.470;;
479;520,986;-3159,935;-323,459;0,000;0,000;0,000;0,000;RRR 1.5in;24,1;1015;47;'26.07.2023 14:14:15.480;;
480;520,514;-3159,932;-323,626;0,000;0,000;0,000;0,000;RRR 1.5in;24,1;1015;47;'26.07.2023 14:14:15.490;;
481;520,040;-3159,942;-323,797;0,000;0,000;0,000;0,000;RRR 1.5in;24,1;1015;47;'26.07.2023 14:14:15.500;;
482;519,568;-3159,920;-323,946;0,000;0,000;0,000;0,000;RRR 1.5in;24,1;1015;47;'26.07.2023 14:14:15.510;;
483;519,084;-3159,872;-324,088;0,000;0,000;0,000;0,000;RRR 1.5in;24,1;1015;47;'26.07.2023 14:14:15.520;;
484;518,602;-3159,845;-324,246;0,000;0,000;0,000;0,000;RRR 1.5in;24,1;1015;47;'26.07.2023 14:14:15.530;;
485;518,128;-3159,828;-324,413;0,000;0,000;0,000;0,000;RRR 1.5in;24,1;1015;47;'26.07.2023 14:14:15.540;;
486;517,660;-3159,794;-324,566;0,000;0,000;0,000;0,000;RRR 1.5in;24,1;1015;47;'26.07.2023 14:14:15.550;;
487;517,195;-3159,751;-324,714;0,000;0,000;0,000;0,000;RRR 1.5in;24,1;1015;47;'26.07.2023 14:14:15.560;;
488;516,718;-3159,721;-324,873;0,000;0,000;0,000;0,000;RRR 1.5in;24,1;1015;47;'26.07.2023 14:14:15.570;;
489;516,256;-3159,705;-325,043;0,000;0,000;0,000;0,000;RRR 1.5in;24,1;1015;47;'26.07.2023 14:14:15.580;;
490;515,792;-3159,677;-325,201;0,000;0,000;0,000;0,000;RRR 1.5in;24,1;1015;47;'26.07.2023 14:14:15.590;;
491;515,330;-3159,645;-325,351;0,000;0,000;0,000;0,000;RRR 1.5in;24,1;1015;47;'26.07.2023 14:14:15.600;;
492;514,858;-3159,615;-325,502;0,000;0,000;0,000;0,000;RRR 1.5in;24,1;1015;47;'26.07.2023 14:14:15.610;;
493;514,389;-3159,596;-325,660;0,000;0,000;0,000;0,000;RRR 1.5in;24,1;1015;47;'26.07.2023 14:14:15.620;;
494;513,912;-3159,569;-325,817;0,000;0,000;0,000;0,000;RRR 1.5in;24,1;1015;47;'26.07.2023 14:14:15.630;;
495;513,430;-3159,536;-325,965;0,000;0,000;0,000;0,000;RRR 1.5in;24,1;1015;47;'26.07.2023 14:14:15.640;;
496;512,950;-3159,500;-326,116;0,000;0,000;0,000;0,000;RRR 1.5in;24,1;1015;47;'26.07.2023 14:14:15.650;;
497;512,469;-3159,476;-326,267;0,000;0,000;0,000;0,000;RRR 1.5in;24,1;1015;47;'26.07.2023 14:14:15.660;;
498;512,020;-3159,474;-326,429;0,000;0,000;0,000;0,000;RRR 1.5in;24,1;1015;47;'26.07.2023 14:14:15.670;;
499;511,547;-3159,470;-326,587;0,000;0,000;0,000;0,000;RRR 1.5in;24,1;1015;47;'26.07.2023 14:14:15.680;;
500;511,085;-3159,452;-326,744;0,000;0,000;0,000;0,000;RRR 1.5in;24,1;1015;47;'26.07.2023 14:14:15.690;;
501;510,618;-3159,407;-326,889;0,000;0,000;0,000;0,000;RRR 1.5in;24,1;1015;47;'26.07.2023 14:14:15.700;;
502;510,157;-3159,374;-327,039;0,000;0,000;0,000;0,000;RRR 1.5in;24,1;1015;47;'26.07.2023 14:14:15.710;;
503;509,677;-3159,349;-327,190;0,000;0,000;0,000;0,000;RRR 1.5in;24,1;1015;47;'26.07.2023 14:14:15.720;;
504;509,189;-3159,318;-327,326;0,000;0,000;0,000;0,000;RRR 1.5in;24,1;1015;47;'26.07.2023 14:14:15.730;;
505;508,703;-3159,276;-327,451;0,000;0,000;0,000;0,000;RRR 1.5in;24,1;1015;47;'26.07.2023 14:14:15.740;;
506;508,220;-3159,246;-327,572;0,000;0,000;0,000;0,000;RRR 1.5in;24,1;1015;47;'26.07.2023 14:14:15.750;;
507;507,749;-3159,224;-327,698;0,000;0,000;0,000;0,000;RRR 1.5in;24,1;1015;47;'26.07.2023 14:14:15.760;;
508;507,272;-3159,192;-327,814;0,000;0,000;0,000;0,000;RRR 1.5in;24,1;1015;47;'26.07.2023 14:14:15.770;;
509;506,793;-3159,158;-327,921;0,000;0,000;0,000;0,000;RRR 1.5in;24,1;1015;47;'26.07.2023 14:14:15.780;;
510;506,307;-3159,133;-328,023;0,000;0,000;0,000;0,000;RRR 1.5in;24,1;1015;47;'26.07.2023 14:14:15.790;;
511;505,826;-3159,118;-328,121;0,000;0,000;0,000;0,000;RRR 1.5in;24,1;1015;47;'26.07.2023 14:14:15.800;;
512;505,348;-3159,100;-328,213;0,000;0,000;0,000;0,000;RRR 1.5in;24,1;1015;47;'26.07.2023 14:14:15.810;;
513;504,863;-3159,078;-328,294;0,000;0,000;0,000;0,000;RRR 1.5in;24,1;1015;47;'26.07.2023 14:14:15.820;;
514;504,363;-3159,046;-328,366;0,000;0,000;0,000;0,000;RRR 1.5in;24,1;1015;47;'26.07.2023 14:14:15.830;;
515;503,860;-3159,003;-328,426;0,000;0,000;0,000;0,000;RRR 1.5in;24,1;1015;47;'26.07.2023 14:14:15.840;;
516;503,361;-3158,957;-328,480;0,000;0,000;0,000;0,000;RRR 1.5in;24,1;1015;47;'26.07.2023 14:14:15.850;;
517;502,853;-3158,932;-328,527;0,000;0,000;0,000;0,000;RRR 1.5in;24,1;1015;47;'26.07.2023 14:14:15.860;;
518;502,334;-3158,920;-328,577;0,000;0,000;0,000;0,000;RRR 1.5in;24,1;1015;47;'26.07.2023 14:14:15.870;;
519;501,807;-3158,898;-328,616;0,000;0,000;0,000;0,000;RRR 1.5in;24,1;1015;47;'26.07.2023 14:14:15.880;;
520;501,276;-3158,853;-328,638;0,000;0,000;0,000;0,000;RRR 1.5in;24,1;1015;47;'26.07.2023 14:14:15.890;;
521;500,760;-3158,765;-328,611;0,000;0,000;0,000;0,000;RRR 1.5in;24,1;1015;47;'26.07.2023 14:14:15.900;;
522;500,254;-3158,710;-328,577;0,000;0,000;0,000;0,000;RRR 1.5in;24,1;1015;47;'26.07.2023 14:14:15.910;;
523;499,694;-3158,742;-328,576;0,000;0,000;0,000;0,000;RRR 1.5in;24,1;1015;47;'26.07.2023 14:14:15.920;;
524;499,088;-3158,749;-328,555;0,000;0,000;0,000;0,000;RRR 1.5in;24,1;1015;47;'26.07.2023 14:14:15.930;;
525;498,451;-3158,675;-328,509;0,000;0,000;0,000;0,000;RRR 1.5in;24,1;1015;47;'26.07.2023 14:14:15.940;;
526;497,783;-3158,613;-328,486;0,000;0,000;0,000;0,000;RRR 1.5in;24,1;1015;47;'26.07.2023 14:14:15.950;;
527;497,123;-3158,611;-328,503;0,000;0,000;0,000;0,000;RRR 1.5in;24,1;1015;47;'26.07.2023 14:14:15.960;;
528;496,470;-3158,584;-328,522;0,000;0,000;0,000;0,000;RRR 1.5in;24,1;1015;47;'26.07.2023 14:14:15.970;;
529;495,777;-3158,527;-328,540;0,000;0,000;0,000;0,000;RRR 1.5in;24,1;1015;47;'26.07.2023 14:14:15.980;;
530;495,025;-3158,497;-328,583;0,000;0,000;0,000;0,000;RRR 1.5in;24,1;1015;47;'26.07.2023 14:14:15.990;;
531;494,234;-3158,479;-328,642;0,000;0,000;0,000;0,000;RRR 1.5in;24,1;1015;47;'26.07.2023 14:14:16.000;;
532;493,441;-3158,430;-328,674;0,000;0,000;0,000;0,000;RRR 1.5in;24,1;1015;47;'26.07.2023 14:14:16.010;;
533;492,649;-3158,346;-328,665;0,000;0,000;0,000;0,000;RRR 1.5in;24,1;1015;47;'26.07.2023 14:14:16.020;;
534;491,835;-3158,316;-328,657;0,000;0,000;0,000;0,000;RRR 1.5in;24,1;1015;47;'26.07.2023 14:14:16.030;;
535;490,993;-3158,314;-328,650;0,000;0,000;0,000;0,000;RRR 1.5in;24,1;1015;47;'26.07.2023 14:14:16.040;;
536;490,138;-3158,265;-328,607;0,000;0,000;0,000;0,000;RRR 1.5in;24,1;1015;47;'26.07.2023 14:14:16.050;;
537;489,246;-3158,187;-328,559;0,000;0,000;0,000;0,000;RRR 1.5in;24,1;1015;47;'26.07.2023 14:14:16.060;;
538;488,281;-3158,143;-328,545;0,000;0,000;0,000;0,000;RRR 1.5in;24,1;1015;47;'26.07.2023 14:14:16.070;;
539;487,291;-3158,086;-328,538;0,000;0,000;0,000;0,000;RRR 1.5in;24,1;1015;47;'26.07.2023 14:14:16.080;;
540;486,290;-3158,010;-328,536;0,000;0,000;0,000;0,000;RRR 1.5in;24,1;1015;47;'26.07.2023 14:14:16.090;;
541;485,252;-3157,958;-328,563;0,000;0,000;0,000;0,000;RRR 1.5in;24,1;1015;47;'26.07.2023 14:14:16.100;;
542;484,204;-3157,905;-328,595;0,000;0,000;0,000;0,000;RRR 1.5in;24,1;1015;47;'26.07.2023 14:14:16.110;;
543;483,123;-3157,838;-328,618;0,000;0,000;0,000;0,000;RRR 1.5in;24,1;1015;47;'26.07.2023 14:14:16.120;;
544;481,959;-3157,786;-328,643;0,000;0,000;0,000;0,000;RRR 1.5in;24,1;1015;47;'26.07.2023 14:14:16.130;;
545;480,749;-3157,739;-328,662;0,000;0,000;0,000;0,000;RRR 1.5in;24,1;1015;47;'26.07.2023 14:14:16.140;;
546;479,548;-3157,680;-328,658;0,000;0,000;0,000;0,000;RRR 1.5in;24,1;1015;47;'26.07.2023 14:14:16.150;;
547;478,358;-3157,609;-328,635;0,000;0,000;0,000;0,000;RRR 1.5in;24,1;1015;47;'26.07.2023 14:14:16.160;;
548;477,146;-3157,544;-328,603;0,000;0,000;0,000;0,000;RRR 1.5in;24,1;1015;47;'26.07.2023 14:14:16.170;;
549;475,902;-3157,481;-328,577;0,000;0,000;0,000;0,000;RRR 1.5in;24,1;1015;47;'26.07.2023 14:14:16.180;;
550;474,602;-3157,416;-328,560;0,000;0,000;0,000;0,000;RRR 1.5in;24,1;1015;47;'26.07.2023 14:14:16.190;;
551;473,268;-3157,352;-328,552;0,000;0,000;0,000;0,000;RRR 1.5in;24,1;1015;47;'26.07.2023 14:14:16.200;;
552;471,913;-3157,270;-328,554;0,000;0,000;0,000;0,000;RRR 1.5in;24,1;1015;47;'26.07.2023 14:14:16.210;;
553;470,534;-3157,167;-328,564;0,000;0,000;0,000;0,000;RRR 1.5in;24,1;1015;47;'26.07.2023 14:14:16.220;;
554;469,112;-3157,069;-328,583;0,000;0,000;0,000;0,000;RRR 1.5in;24,1;1015;47;'26.07.2023 14:14:16.230;;
555;467,639;-3156,993;-328,608;0,000;0,000;0,000;0,000;RRR 1.5in;24,1;1015;47;'26.07.2023 14:14:16.240;;
556;466,113;-3156,918;-328,629;0,000;0,000;0,000;0,000;RRR 1.5in;24,1;1015;47;'26.07.2023 14:14:16.250;;
557;464,576;-3156,829;-328,639;0,000;0,000;0,000;0,000;RRR 1.5in;24,1;1015;47;'26.07.2023 14:14:16.260;;
558;463,012;-3156,744;-328,644;0,000;0,000;0,000;0,000;RRR 1.5in;24,1;1015;47;'26.07.2023 14:14:16.270;;
559;461,422;-3156,665;-328,641;0,000;0,000;0,000;0,000;RRR 1.5in;24,1;1015;47;'26.07.2023 14:14:16.280;;
560;459,790;-3156,565;-328,614;0,000;0,000;0,000;0,000;RRR 1.5in;24,1;1015;47;'26.07.2023 14:14:16.290;;
561;458,137;-3156,478;-328,594;0,000;0,000;0,000;0,000;RRR 1.5in;24,1;1015;47;'26.07.2023 14:14:16.300;;
562;456,445;-3156,408;-328,579;0,000;0,000;0,000;0,000;RRR 1.5in;24,1;1015;47;'26.07.2023 14:14:16.310;;
563;454,749;-3156,331;-328,571;0,000;0,000;0,000;0,000;RRR 1.5in;24,1;1015;47;'26.07.2023 14:14:16.320;;
564;453,019;-3156,224;-328,555;0,000;0,000;0,000;0,000;RRR 1.5in;24,1;1015;47;'26.07.2023 14:14:16.330;;
565;451,258;-3156,114;-328,555;0,000;0,000;0,000;0,000;RRR 1.5in;24,1;1015;47;'26.07.2023 14:14:16.340;;
566;449,460;-3156,004;-328,570;0,000;0,000;0,000;0,000;RRR 1.5in;24,1;1015;47;'26.07.2023 14:14:16.350;;
567;447,647;-3155,886;-328,597;0,000;0,000;0,000;0,000;RRR 1.5in;24,1;1015;47;'26.07.2023 14:14:16.360;;
568;445,789;-3155,752;-328,621;0,000;0,000;0,000;0,000;RRR 1.5in;24,1;1015;47;'26.07.2023 14:14:16.370;;
569;443,912;-3155,616;-328,651;0,000;0,000;0,000;0,000;RRR 1.5in;24,1;1015;47;'26.07.2023 14:14:16.380;;
570;442,016;-3155,485;-328,679;0,000;0,000;0,000;0,000;RRR 1.5in;24,1;1015;47;'26.07.2023 14:14:16.390;;
571;440,100;-3155,363;-328,699;0,000;0,000;0,000;0,000;RRR 1.5in;24,1;1015;47;'26.07.2023 14:14:16.400;;
572;438,167;-3155,251;-328,716;0,000;0,000;0,000;0,000;RRR 1.5in;24,1;1015;47;'26.07.2023 14:14:16.410;;
573;436,224;-3155,126;-328,706;0,000;0,000;0,000;0,000;RRR 1.5in;24,1;1015;47;'26.07.2023 14:14:16.420;;
574;434,267;-3155,010;-328,681;0,000;0,000;0,000;0,000;RRR 1.5in;24,1;1015;47;'26.07.2023 14:14:16.430;;
575;432,309;-3154,924;-328,663;0,000;0,000;0,000;0,000;RRR 1.5in;24,1;1015;47;'26.07.2023 14:14:16.440;;
576;430,337;-3154,827;-328,638;0,000;0,000;0,000;0,000;RRR 1.5in;24,1;1015;47;'26.07.2023 14:14:16.450;;
577;428,344;-3154,699;-328,599;0,000;0,000;0,000;0,000;RRR 1.5in;24,1;1015;47;'26.07.2023 14:14:16.460;;
578;426,373;-3154,583;-328,582;0,000;0,000;0,000;0,000;RRR 1.5in;24,1;1015;47;'26.07.2023 14:14:16.470;;
579;424,390;-3154,472;-328,573;0,000;0,000;0,000;0,000;RRR 1.5in;24,1;1015;47;'26.07.2023 14:14:16.480;;
580;422,401;-3154,356;-328,582;0,000;0,000;0,000;0,000;RRR 1.5in;24,1;1015;47;'26.07.2023 14:14:16.490;;
581;420,390;-3154,210;-328,590;0,000;0,000;0,000;0,000;RRR 1.5in;24,1;1015;47;'26.07.2023 14:14:16.500;;
582;418,380;-3154,070;-328,605;0,000;0,000;0,000;0,000;RRR 1.5in;24,1;1015;47;'26.07.2023 14:14:16.510;;
583;416,385;-3153,966;-328,639;0,000;0,000;0,000;0,000;RRR 1.5in;24,1;1015;47;'26.07.2023 14:14:16.520;;
584;414,382;-3153,845;-328,653;0,000;0,000;0,000;0,000;RRR 1.5in;24,1;1015;47;'26.07.2023 14:14:16.530;;
585;412,392;-3153,709;-328,640;0,000;0,000;0,000;0,000;RRR 1.5in;24,1;1015;47;'26.07.2023 14:14:16.540;;
586;410,407;-3153,604;-328,632;0,000;0,000;0,000;0,000;RRR 1.5in;24,1;1015;47;'26.07.2023 14:14:16.550;;
587;408,401;-3153,520;-328,623;0,000;0,000;0,000;0,000;RRR 1.5in;24,1;1015;47;'26.07.2023 14:14:16.560;;
588;406,404;-3153,406;-328,587;0,000;0,000;0,000;0,000;RRR 1.5in;24,1;1015;47;'26.07.2023 14:14:16.570;;
589;404,415;-3153,286;-328,554;0,000;0,000;0,000;0,000;RRR 1.5in;24,1;1015;47;'26.07.2023 14:14:16.580;;
590;402,428;-3153,183;-328,532;0,000;0,000;0,000;0,000;RRR 1.5in;24,1;1015;47;'26.07.2023 14:14:16.590;;
591;400,449;-3153,085;-328,526;0,000;0,000;0,000;0,000;RRR 1.5in;24,1;1015;47;'26.07.2023 14:14:16.600;;
592;398,453;-3152,966;-328,526;0,000;0,000;0,000;0,000;RRR 1.5in;24,1;1015;47;'26.07.2023 14:14:16.610;;
593;396,438;-3152,833;-328,528;0,000;0,000;0,000;0,000;RRR 1.5in;24,1;1015;47;'26.07.2023 14:14:16.620;;
594;394,443;-3152,720;-328,545;0,000;0,000;0,000;0,000;RRR 1.5in;24,1;1015;47;'26.07.2023 14:14:16.630;;
595;392,447;-3152,608;-328,565;0,000;0,000;0,000;0,000;RRR 1.5in;24,1;1015;47;'26.07.2023 14:14:16.640;;
596;390,436;-3152,482;-328,574;0,000;0,000;0,000;0,000;RRR 1.5in;24,1;1015;47;'26.07.2023 14:14:16.650;;
597;388,443;-3152,357;-328,569;0,000;0,000;0,000;0,000;RRR 1.5in;24,1;1015;47;'26.07.2023 14:14:16.660;;
598;386,445;-3152,259;-328,566;0,000;0,000;0,000;0,000;RRR 1.5in;24,1;1015;47;'26.07.2023 14:14:16.670;;
599;384,462;-3152,167;-328,549;0,000;0,000;0,000;0,000;RRR 1.5in;24,1;1015;47;'26.07.2023 14:14:16.680;;
600;382,462;-3152,054;-328,524;0,000;0,000;0,000;0,000;RRR 1.5in;24,1;1015;47;'26.07.2023 14:14:16.690;;
601;380,454;-3151,940;-328,503;0,000;0,000;0,000;0,000;RRR 1.5in;24,1;1015;47;'26.07.2023 14:14:16.700;;
602;378,454;-3151,835;-328,485;0,000;0,000;0,000;0,000;RRR 1.5in;24,1;1015;47;'26.07.2023 14:14:16.710;;
603;376,464;-3151,734;-328,485;0,000;0,000;0,000;0,000;RRR 1.5in;24,1;1015;47;'26.07.2023 14:14:16.720;;
604;374,464;-3151,623;-328,500;0,000;0,000;0,000;0,000;RRR 1.5in;24,1;1015;47;'26.07.2023 14:14:16.730;;
605;372,464;-3151,479;-328,502;0,000;0,000;0,000;0,000;RRR 1.5in;24,1;1015;47;'26.07.2023 14:14:16.740;;
606;370,466;-3151,355;-328,526;0,000;0,000;0,000;0,000;RRR 1.5in;24,1;1015;47;'26.07.2023 14:14:16.750;;
607;368,458;-3151,248;-328,556;0,000;0,000;0,000;0,000;RRR 1.5in;24,1;1015;47;'26.07.2023 14:14:16.760;;
608;366,455;-3151,122;-328,565;0,000;0,000;0,000;0,000;RRR 1.5in;24,1;1015;47;'26.07.2023 14:14:16.770;;
609;364,456;-3150,993;-328,564;0,000;0,000;0,000;0,000;RRR 1.5in;24,1;1015;47;'26.07.2023 14:14:16.780;;
610;362,461;-3150,879;-328,549;0,000;0,000;0,000;0,000;RRR 1.5in;24,1;1015;47;'26.07.2023 14:14:16.790;;
611;360,483;-3150,786;-328,526;0,000;0,000;0,000;0,000;RRR 1.5in;24,1;1015;47;'26.07.2023 14:14:16.800;;
612;358,502;-3150,687;-328,491;0,000;0,000;0,000;0,000;RRR 1.5in;24,1;1015;47;'26.07.2023 14:14:16.810;;
613;356,509;-3150,586;-328,458;0,000;0,000;0,000;0,000;RRR 1.5in;24,1;1015;47;'26.07.2023 14:14:16.820;;
614;354,525;-3150,480;-328,422;0,000;0,000;0,000;0,000;RRR 1.5in;24,1;1015;47;'26.07.2023 14:14:16.830;;
615;352,532;-3150,380;-328,411;0,000;0,000;0,000;0,000;RRR 1.5in;24,1;1015;47;'26.07.2023 14:14:16.840;;
616;350,520;-3150,267;-328,412;0,000;0,000;0,000;0,000;RRR 1.5in;24,1;1015;47;'26.07.2023 14:14:16.850;;
617;348,528;-3150,130;-328,416;0,000;0,000;0,000;0,000;RRR 1.5in;24,1;1015;47;'26.07.2023 14:14:16.860;;
618;346,533;-3150,013;-328,445;0,000;0,000;0,000;0,000;RRR 1.5in;24,1;1015;47;'26.07.2023 14:14:16.870;;
619;344,532;-3149,903;-328,483;0,000;0,000;0,000;0,000;RRR 1.5in;24,1;1015;47;'26.07.2023 14:14:16.880;;
620;342,536;-3149,779;-328,519;0,000;0,000;0,000;0,000;RRR 1.5in;24,1;1015;47;'26.07.2023 14:14:16.890;;
621;340,541;-3149,649;-328,547;0,000;0,000;0,000;0,000;RRR 1.5in;24,1;1015;47;'26.07.2023 14:14:16.900;;
622;338,531;-3149,526;-328,562;0,000;0,000;0,000;0,000;RRR 1.5in;24,1;1015;47;'26.07.2023 14:14:16.910;;
623;336,547;-3149,421;-328,575;0,000;0,000;0,000;0,000;RRR 1.5in;24,1;1015;47;'26.07.2023 14:14:16.920;;
624;334,559;-3149,294;-328,561;0,000;0,000;0,000;0,000;RRR 1.5in;24,1;1015;47;'26.07.2023 14:14:16.930;;
625;332,558;-3149,177;-328,535;0,000;0,000;0,000;0,000;RRR 1.5in;24,1;1015;47;'26.07.2023 14:14:16.940;;
626;330,587;-3149,081;-328,511;0,000;0,000;0,000;0,000;RRR 1.5in;24,1;1015;47;'26.07.2023 14:14:16.950;;
627;328,595;-3148,988;-328,489;0,000;0,000;0,000;0,000;RRR 1.5in;24,1;1015;47;'26.07.2023 14:14:16.960;;
628;326,600;-3148,885;-328,473;0,000;0,000;0,000;0,000;RRR 1.5in;24,1;1015;47;'26.07.2023 14:14:16.970;;
629;324,594;-3148,750;-328,458;0,000;0,000;0,000;0,000;RRR 1.5in;24,1;1015;47;'26.07.2023 14:14:16.980;;
630;322,588;-3148,625;-328,470;0,000;0,000;0,000;0,000;RRR 1.5in;24,1;1015;47;'26.07.2023 14:14:16.990;;
631;320,575;-3148,501;-328,489;0,000;0,000;0,000;0,000;RRR 1.5in;24,1;1015;47;'26.07.2023 14:14:17.000;;
632;318,582;-3148,373;-328,504;0,000;0,000;0,000;0,000;RRR 1.5in;24,1;1015;47;'26.07.2023 14:14:17.010;;
633;316,576;-3148,245;-328,513;0,000;0,000;0,000;0,000;RRR 1.5in;24,1;1015;47;'26.07.2023 14:14:17.020;;
634;314,587;-3148,146;-328,533;0,000;0,000;0,000;0,000;RRR 1.5in;24,1;1015;47;'26.07.2023 14:14:17.030;;
635;312,592;-3148,034;-328,529;0,000;0,000;0,000;0,000;RRR 1.5in;24,1;1015;47;'26.07.2023 14:14:17.040;;
636;310,597;-3147,924;-328,518;0,000;0,000;0,000;0,000;RRR 1.5in;24,1;1015;47;'26.07.2023 14:14:17.050;;
637;308,588;-3147,818;-328,500;0,000;0,000;0,000;0,000;RRR 1.5in;24,1;1015;47;'26.07.2023 14:14:17.060;;
638;306,594;-3147,706;-328,478;0,000;0,000;0,000;0,000;RRR 1.5in;24,1;1015;47;'26.07.2023 14:14:17.070;;
639;304,603;-3147,605;-328,473;0,000;0,000;0,000;0,000;RRR 1.5in;24,1;1015;47;'26.07.2023 14:14:17.080;;
640;302,609;-3147,499;-328,468;0,000;0,000;0,000;0,000;RRR 1.5in;24,1;1015;47;'26.07.2023 14:14:17.090;;
641;300,615;-3147,396;-328,479;0,000;0,000;0,000;0,000;RRR 1.5in;24,1;1015;47;'26.07.2023 14:14:17.100;;
642;298,593;-3147,276;-328,493;0,000;0,000;0,000;0,000;RRR 1.5in;24,1;1015;47;'26.07.2023 14:14:17.110;;
643;296,589;-3147,154;-328,521;0,000;0,000;0,000;0,000;RRR 1.5in;24,1;1015;47;'26.07.2023 14:14:17.120;;
644;294,587;-3147,016;-328,547;0,000;0,000;0,000;0,000;RRR 1.5in;24,1;1015;47;'26.07.2023 14:14:17.130;;
645;292,599;-3146,894;-328,571;0,000;0,000;0,000;0,000;RRR 1.5in;24,1;1015;47;'26.07.2023 14:14:17.140;;
646;290,589;-3146,781;-328,583;0,000;0,000;0,000;0,000;RRR 1.5in;24,1;1015;47;'26.07.2023 14:14:17.150;;
647;288,592;-3146,678;-328,580;0,000;0,000;0,000;0,000;RRR 1.5in;24,1;1015;47;'26.07.2023 14:14:17.160;;
648;286,599;-3146,577;-328,566;0,000;0,000;0,000;0,000;RRR 1.5in;24,1;1015;47;'26.07.2023 14:14:17.170;;
649;284,588;-3146,486;-328,556;0,000;0,000;0,000;0,000;RRR 1.5in;24,1;1015;47;'26.07.2023 14:14:17.180;;
650;282,592;-3146,373;-328,528;0,000;0,000;0,000;0,000;RRR 1.5in;24,1;1015;47;'26.07.2023 14:14:17.190;;
651;280,594;-3146,257;-328,501;0,000;0,000;0,000;0,000;RRR 1.5in;24,1;1015;47;'26.07.2023 14:14:17.200;;
652;278,589;-3146,166;-328,492;0,000;0,000;0,000;0,000;RRR 1.5in;24,1;1015;47;'26.07.2023 14:14:17.210;;
653;276,595;-3146,076;-328,493;0,000;0,000;0,000;0,000;RRR 1.5in;24,1;1015;47;'26.07.2023 14:14:17.220;;
654;274,595;-3145,960;-328,498;0,000;0,000;0,000;0,000;RRR 1.5in;24,1;1015;47;'26.07.2023 14:14:17.230;;
655;272,600;-3145,841;-328,521;0,000;0,000;0,000;0,000;RRR 1.5in;24,1;1015;47;'26.07.2023 14:14:17.240;;
656;270,587;-3145,721;-328,547;0,000;0,000;0,000;0,000;RRR 1.5in;24,1;1015;47;'26.07.2023 14:14:17.250;;
657;268,591;-3145,586;-328,570;0,000;0,000;0,000;0,000;RRR 1.5in;24,1;1015;47;'26.07.2023 14:14:17.260;;
658;266,594;-3145,454;-328,595;0,000;0,000;0,000;0,000;RRR 1.5in;24,1;1015;47;'26.07.2023 14:14:17.270;;
659;264,588;-3145,332;-328,610;0,000;0,000;0,000;0,000;RRR 1.5in;24,1;1015;47;'26.07.2023 14:14:17.280;;
660;262,601;-3145,233;-328,616;0,000;0,000;0,000;0,000;RRR 1.5in;24,1;1015;47;'26.07.2023 14:14:17.290;;
661;260,601;-3145,121;-328,610;0,000;0,000;0,000;0,000;RRR 1.5in;24,1;1015;47;'26.07.2023 14:14:17.300;;
662;258,603;-3145,014;-328,598;0,000;0,000;0,000;0,000;RRR 1.5in;24,1;1015;47;'26.07.2023 14:14:17.310;;
663;256,617;-3144,900;-328,583;0,000;0,000;0,000;0,000;RRR 1.5in;24,1;1015;47;'26.07.2023 14:14:17.320;;
664;254,622;-3144,796;-328,574;0,000;0,000;0,000;0,000;RRR 1.5in;24,1;1015;47;'26.07.2023 14:14:17.330;;
665;252,618;-3144,681;-328,560;0,000;0,000;0,000;0,000;RRR 1.5in;24,1;1015;47;'26.07.2023 14:14:17.340;;
666;250,617;-3144,574;-328,553;0,000;0,000;0,000;0,000;RRR 1.5in;24,1;1015;47;'26.07.2023 14:14:17.350;;
667;248,624;-3144,465;-328,543;0,000;0,000;0,000;0,000;RRR 1.5in;24,1;1015;47;'26.07.2023 14:14:17.360;;
668;246,643;-3144,367;-328,548;0,000;0,000;0,000;0,000;RRR 1.5in;24,1;1015;47;'26.07.2023 14:14:17.370;;
669;244,639;-3144,253;-328,552;0,000;0,000;0,000;0,000;RRR 1.5in;24,1;1015;47;'26.07.2023 14:14:17.380;;
670;242,642;-3144,132;-328,557;0,000;0,000;0,000;0,000;RRR 1.5in;24,1;1015;47;'26.07.2023 14:14:17.390;;
671;240,627;-3144,000;-328,560;0,000;0,000;0,000;0,000;RRR 1.5in;24,1;1015;47;'26.07.2023 14:14:17.400;;
672;238,639;-3143,889;-328,566;0,000;0,000;0,000;0,000;RRR 1.5in;24,1;1015;47;'26.07.2023 14:14:17.410;;
673;236,660;-3143,773;-328,569;0,000;0,000;0,000;0,000;RRR 1.5in;24,1;1015;47;'26.07.2023 14:14:17.420;;
674;234,676;-3143,659;-328,573;0,000;0,000;0,000;0,000;RRR 1.5in;24,1;1015;47;'26.07.2023 14:14:17.430;;
675;232,675;-3143,534;-328,575;0,000;0,000;0,000;0,000;RRR 1.5in;24,1;1015;47;'26.07.2023 14:14:17.440;;
676;230,677;-3143,415;-328,583;0,000;0,000;0,000;0,000;RRR 1.5in;24,1;1015;47;'26.07.2023 14:14:17.450;;
677;228,681;-3143,294;-328,597;0,000;0,000;0,000;0,000;RRR 1.5in;24,1;1015;47;'26.07.2023 14:14:17.460;;
678;226,685;-3143,172;-328,612;0,000;0,000;0,000;0,000;RRR 1.5in;24,1;1015;47;'26.07.2023 14:14:17.470;;
679;224,699;-3143,051;-328,626;0,000;0,000;0,000;0,000;RRR 1.5in;24,1;1015;47;'26.07.2023 14:14:17.480;;
680;222,710;-3142,936;-328,629;0,000;0,000;0,000;0,000;RRR 1.5in;24,1;1015;47;'26.07.2023 14:14:17.490;;
681;220,717;-3142,834;-328,641;0,000;0,000;0,000;0,000;RRR 1.5in;24,1;1015;47;'26.07.2023 14:14:17.500;;
682;218,700;-3142,718;-328,640;0,000;0,000;0,000;0,000;RRR 1.5in;24,1;1015;47;'26.07.2023 14:14:17.510;;
683;216,718;-3142,596;-328,628;0,000;0,000;0,000;0,000;RRR 1.5in;24,1;1015;47;'26.07.2023 14:14:17.520;;
684;214,720;-3142,479;-328,616;0,000;0,000;0,000;0,000;RRR 1.5in;24,1;1015;47;'26.07.2023 14:14:17.530;;
685;212,740;-3142,365;-328,608;0,000;0,000;0,000;0,000;RRR 1.5in;24,1;1015;47;'26.07.2023 14:14:17.540;;
686;210,747;-3142,233;-328,584;0,000;0,000;0,000;0,000;RRR 1.5in;24,1;1015;47;'26.07.2023 14:14:17.550;;
687;208,757;-3142,112;-328,570;0,000;0,000;0,000;0,000;RRR 1.5in;24,1;1015;47;'26.07.2023 14:14:17.560;;
688;206,752;-3142,006;-328,570;0,000;0,000;0,000;0,000;RRR 1.5in;24,1;1015;47;'26.07.2023 14:14:17.570;;
689;204,762;-3141,888;-328,567;0,000;0,000;0,000;0,000;RRR 1.5in;24,1;1015;47;'26.07.2023 14:14:17.580;;
690;202,765;-3141,752;-328,557;0,000;0,000;0,000;0,000;RRR 1.5in;24,1;1015;47;'26.07.2023 14:14:17.590;;
691;200,776;-3141,640;-328,569;0,000;0,000;0,000;0,000;RRR 1.5in;24,1;1015;47;'26.07.2023 14:14:17.600;;
692;198,777;-3141,520;-328,578;0,000;0,000;0,000;0,000;RRR 1.5in;24,1;1015;47;'26.07.2023 14:14:17.610;;
693;196,773;-3141,397;-328,578;0,000;0,000;0,000;0,000;RRR 1.5in;24,1;1015;47;'26.07.2023 14:14:17.620;;
694;194,774;-3141,278;-328,570;0,000;0,000;0,000;0,000;RRR 1.5in;24,1;1015;47;'26.07.2023 14:14:17.630;;
695;192,785;-3141,174;-328,571;0,000;0,000;0,000;0,000;RRR 1.5in;24,1;1015;47;'26.07.2023 14:14:17.640;;
696;190,783;-3141,068;-328,563;0,000;0,000;0,000;0,000;RRR 1.5in;24,1;1015;47;'26.07.2023 14:14:17.650;;
697;188,807;-3140,953;-328,553;0,000;0,000;0,000;0,000;RRR 1.5in;24,1;1015;47;'26.07.2023 14:14:17.660;;
698;186,803;-3140,832;-328,544;0,000;0,000;0,000;0,000;RRR 1.5in;24,1;1015;47;'26.07.2023 14:14:17.670;;
699;184,807;-3140,724;-328,541;0,000;0,000;0,000;0,000;RRR 1.5in;24,1;1015;47;'26.07.2023 14:14:17.680;;
700;182,803;-3140,594;-328,523;0,000;0,000;0,000;0,000;RRR 1.5in;24,1;1015;47;'26.07.2023 14:14:17.690;;
701;180,815;-3140,474;-328,517;0,000;0,000;0,000;0,000;RRR 1.5in;24,1;1015;47;'26.07.2023 14:14:17.700;;
702;178,816;-3140,364;-328,522;0,000;0,000;0,000;0,000;RRR 1.5in;24,1;1015;47;'26.07.2023 14:14:17.710;;
703;176,810;-3140,248;-328,526;0,000;0,000;0,000;0,000;RRR 1.5in;24,1;1015;47;'26.07.2023 14:14:17.720;;
704;174,821;-3140,125;-328,532;0,000;0,000;0,000;0,000;RRR 1.5in;24,1;1015;47;'26.07.2023 14:14:17.730;;
705;172,825;-3140,003;-328,536;0,000;0,000;0,000;0,000;RRR 1.5in;24,1;1015;47;'26.07.2023 14:14:17.740;;
706;170,834;-3139,901;-328,547;0,000;0,000;0,000;0,000;RRR 1.5in;24,1;1015;47;'26.07.2023 14:14:17.750;;
707;168,820;-3139,788;-328,544;0,000;0,000;0,000;0,000;RRR 1.5in;24,1;1015;47;'26.07.2023 14:14:17.760;;
708;166,826;-3139,667;-328,526;0,000;0,000;0,000;0,000;RRR 1.5in;24,1;1015;47;'26.07.2023 14:14:17.770;;
709;164,822;-3139,572;-328,517;0,000;0,000;0,000;0,000;RRR 1.5in;24,1;1015;47;'26.07.2023 14:14:17.780;;
710;162,825;-3139,494;-328,509;0,000;0,000;0,000;0,000;RRR 1.5in;24,1;1015;47;'26.07.2023 14:14:17.790;;
711;160,843;-3139,383;-328,491;0,000;0,000;0,000;0,000;RRR 1.5in;24,1;1015;47;'26.07.2023 14:14:17.800;;
712;158,843;-3139,260;-328,469;0,000;0,000;0,000;0,000;RRR 1.5in;24,1;1015;47;'26.07.2023 14:14:17.810;;
713;156,840;-3139,158;-328,471;0,000;0,000;0,000;0,000;RRR 1.5in;24,1;1015;47;'26.07.2023 14:14:17.820;;
714;154,833;-3139,055;-328,480;0,000;0,000;0,000;0,000;RRR 1.5in;24,1;1015;47;'26.07.2023 14:14:17.830;;
715;152,837;-3138,937;-328,488;0,000;0,000;0,000;0,000;RRR 1.5in;24,1;1015;47;'26.07.2023 14:14:17.840;;
716;150,829;-3138,813;-328,502;0,000;0,000;0,000;0,000;RRR 1.5in;24,1;1015;47;'26.07.2023 14:14:17.850;;
717;148,828;-3138,685;-328,515;0,000;0,000;0,000;0,000;RRR 1.5in;24,1;1015;47;'26.07.2023 14:14:17.860;;
718;146,824;-3138,554;-328,523;0,000;0,000;0,000;0,000;RRR 1.5in;24,1;1015;47;'26.07.2023 14:14:17.870;;
719;144,828;-3138,445;-328,527;0,000;0,000;0,000;0,000;RRR 1.5in;24,1;1015;47;'26.07.2023 14:14:17.880;;
720;142,819;-3138,358;-328,534;0,000;0,000;0,000;0,000;RRR 1.5in;24,1;1015;47;'26.07.2023 14:14:17.890;;
721;140,806;-3138,255;-328,529;0,000;0,000;0,000;0,000;RRR 1.5in;24,1;1015;47;'26.07.2023 14:14:17.900;;
722;138,807;-3138,130;-328,511;0,000;0,000;0,000;0,000;RRR 1.5in;24,1;1015;47;'26.07.2023 14:14:17.910;;
723;136,808;-3138,017;-328,506;0,000;0,000;0,000;0,000;RRR 1.5in;24,1;1015;47;'26.07.2023 14:14:17.920;;
724;134,804;-3137,909;-328,508;0,000;0,000;0,000;0,000;RRR 1.5in;24,1;1015;47;'26.07.2023 14:14:17.930;;
725;132,804;-3137,785;-328,498;0,000;0,000;0,000;0,000;RRR 1.5in;24,1;1015;47;'26.07.2023 14:14:17.940;;
726;130,821;-3137,676;-328,498;0,000;0,000;0,000;0,000;RRR 1.5in;24,1;1015;47;'26.07.2023 14:14:17.950;;
727;128,817;-3137,578;-328,506;0,000;0,000;0,000;0,000;RRR 1.5in;24,1;1015;47;'26.07.2023 14:14:17.960;;
728;126,840;-3137,463;-328,510;0,000;0,000;0,000;0,000;RRR 1.5in;24,1;1015;47;'26.07.2023 14:14:17.970;;
729;124,845;-3137,336;-328,509;0,000;0,000;0,000;0,000;RRR 1.5in;24,1;1015;47;'26.07.2023 14:14:17.980;;
730;122,840;-3137,215;-328,511;0,000;0,000;0,000;0,000;RRR 1.5in;24,1;1015;47;'26.07.2023 14:14:17.990;;
731;120,851;-3137,095;-328,510;0,000;0,000;0,000;0,000;RRR 1.5in;24,1;1015;47;'26.07.2023 14:14:18.000;;
732;118,852;-3136,969;-328,500;0,000;0,000;0,000;0,000;RRR 1.5in;24,1;1015;47;'26.07.2023 14:14:18.010;;
733;116,868;-3136,856;-328,488;0,000;0,000;0,000;0,000;RRR 1.5in;24,1;1015;47;'26.07.2023 14:14:18.020;;
734;114,869;-3136,753;-328,485;0,000;0,000;0,000;0,000;RRR 1.5in;24,1;1015;47;'26.07.2023 14:14:18.030;;
735;112,873;-3136,645;-328,478;0,000;0,000;0,000;0,000;RRR 1.5in;24,1;1015;47;'26.07.2023 14:14:18.040;;
736;110,879;-3136,529;-328,477;0,000;0,000;0,000;0,000;RRR 1.5in;24,1;1015;47;'26.07.2023 14:14:18.050;;
737;108,887;-3136,403;-328,478;0,000;0,000;0,000;0,000;RRR 1.5in;24,1;1015;47;'26.07.2023 14:14:18.060;;
738;106,903;-3136,280;-328,488;0,000;0,000;0,000;0,000;RRR 1.5in;24,1;1015;47;'26.07.2023 14:14:18.070;;
739;104,890;-3136,150;-328,497;0,000;0,000;0,000;0,000;RRR 1.5in;24,1;1015;47;'26.07.2023 14:14:18.080;;
740;102,892;-3136,020;-328,499;0,000;0,000;0,000;0,000;RRR 1.5in;24,1;1015;47;'26.07.2023 14:14:18.090;;
741;100,901;-3135,907;-328,508;0,000;0,000;0,000;0,000;RRR 1.5in;24,1;1015;47;'26.07.2023 14:14:18.100;;
742;98,917;-3135,813;-328,522;0,000;0,000;0,000;0,000;RRR 1.5in;24,1;1015;47;'26.07.2023 14:14:18.110;;
743;96,940;-3135,699;-328,526;0,000;0,000;0,000;0,000;RRR 1.5in;24,1;1015;47;'26.07.2023 14:14:18.120;;
744;94,951;-3135,561;-328,519;0,000;0,000;0,000;0,000;RRR 1.5in;24,1;1015;47;'26.07.2023 14:14:18.130;;
745;92,957;-3135,434;-328,518;0,000;0,000;0,000;0,000;RRR 1.5in;24,1;1015;47;'26.07.2023 14:14:18.140;;
746;90,962;-3135,322;-328,523;0,000;0,000;0,000;0,000;RRR 1.5in;24,1;1015;47;'26.07.2023 14:14:18.150;;
747;88,962;-3135,197;-328,521;0,000;0,000;0,000;0,000;RRR 1.5in;24,1;1015;47;'26.07.2023 14:14:18.160;;
748;86,962;-3135,079;-328,517;0,000;0,000;0,000;0,000;RRR 1.5in;24,1;1015;47;'26.07.2023 14:14:18.170;;
749;84,970;-3134,975;-328,513;0,000;0,000;0,000;0,000;RRR 1.5in;24,1;1015;47;'26.07.2023 14:14:18.180;;
750;82,975;-3134,875;-328,518;0,000;0,000;0,000;0,000;RRR 1.5in;24,1;1015;47;'26.07.2023 14:14:18.190;;
751;80,968;-3134,756;-328,520;0,000;0,000;0,000;0,000;RRR 1.5in;24,1;1015;47;'26.07.2023 14:14:18.200;;
752;78,966;-3134,621;-328,517;0,000;0,000;0,000;0,000;RRR 1.5in;24,1;1015;47;'26.07.2023 14:14:18.210;;
753;76,960;-3134,504;-328,520;0,000;0,000;0,000;0,000;RRR 1.5in;24,1;1015;47;'26.07.2023 14:14:18.220;;
754;74,950;-3134,394;-328,524;0,000;0,000;0,000;0,000;RRR 1.5in;24,1;1015;47;'26.07.2023 14:14:18.230;;
755;72,967;-3134,279;-328,522;0,000;0,000;0,000;0,000;RRR 1.5in;24,1;1015;47;'26.07.2023 14:14:18.240;;
756;70,972;-3134,164;-328,512;0,000;0,000;0,000;0,000;RRR 1.5in;24,1;1015;47;'26.07.2023 14:14:18.250;;
757;68,974;-3134,059;-328,509;0,000;0,000;0,000;0,000;RRR 1.5in;24,1;1015;47;'26.07.2023 14:14:18.260;;
758;66,978;-3133,944;-328,503;0,000;0,000;0,000;0,000;RRR 1.5in;24,1;1015;47;'26.07.2023 14:14:18.270;;
759;64,978;-3133,826;-328,489;0,000;0,000;0,000;0,000;RRR 1.5in;24,1;1015;47;'26.07.2023 14:14:18.280;;
760;62,986;-3133,725;-328,487;0,000;0,000;0,000;0,000;RRR 1.5in;24,1;1015;47;'26.07.2023 14:14:18.290;;
761;60,999;-3133,621;-328,480;0,000;0,000;0,000;0,000;RRR 1.5in;24,1;1015;47;'26.07.2023 14:14:18.300;;
762;59,007;-3133,498;-328,465;0,000;0,000;0,000;0,000;RRR 1.5in;24,1;1015;47;'26.07.2023 14:14:18.310;;
763;57,003;-3133,384;-328,461;0,000;0,000;0,000;0,000;RRR 1.5in;24,1;1015;47;'26.07.2023 14:14:18.320;;
764;55,013;-3133,277;-328,466;0,000;0,000;0,000;0,000;RRR 1.5in;24,1;1015;47;'26.07.2023 14:14:18.330;;
765;53,022;-3133,155;-328,468;0,000;0,000;0,000;0,000;RRR 1.5in;24,1;1015;47;'26.07.2023 14:14:18.340;;
766;51,026;-3133,026;-328,480;0,000;0,000;0,000;0,000;RRR 1.5in;24,1;1015;47;'26.07.2023 14:14:18.350;;
767;49,032;-3132,898;-328,494;0,000;0,000;0,000;0,000;RRR 1.5in;24,1;1015;47;'26.07.2023 14:14:18.360;;
768;47,024;-3132,776;-328,506;0,000;0,000;0,000;0,000;RRR 1.5in;24,1;1015;47;'26.07.2023 14:14:18.370;;
769;45,019;-3132,661;-328,517;0,000;0,000;0,000;0,000;RRR 1.5in;24,1;1015;47;'26.07.2023 14:14:18.380;;
770;43,018;-3132,551;-328,530;0,000;0,000;0,000;0,000;RRR 1.5in;24,1;1015;47;'26.07.2023 14:14:18.390;;
771;41,014;-3132,435;-328,532;0,000;0,000;0,000;0,000;RRR 1.5in;24,1;1015;47;'26.07.2023 14:14:18.400;;
772;39,031;-3132,328;-328,531;0,000;0,000;0,000;0,000;RRR 1.5in;24,1;1015;47;'26.07.2023 14:14:18.410;;
773;37,040;-3132,221;-328,532;0,000;0,000;0,000;0,000;RRR 1.5in;24,1;1015;47;'26.07.2023 14:14:18.420;;
774;35,043;-3132,103;-328,526;0,000;0,000;0,000;0,000;RRR 1.5in;24,1;1015;47;'26.07.2023 14:14:18.430;;
775;33,038;-3131,985;-328,519;0,000;0,000;0,000;0,000;RRR 1.5in;24,1;1015;47;'26.07.2023 14:14:18.440;;
776;31,037;-3131,871;-328,520;0,000;0,000;0,000;0,000;RRR 1.5in;24,1;1015;47;'26.07.2023 14:14:18.450;;
777;29,045;-3131,762;-328,519;0,000;0,000;0,000;0,000;RRR 1.5in;24,1;1015;47;'26.07.2023 14:14:18.460;;
778;27,060;-3131,657;-328,527;0,000;0,000;0,000;0,000;RRR 1.5in;24,1;1015;47;'26.07.2023 14:14:18.470;;
779;25,064;-3131,538;-328,530;0,000;0,000;0,000;0,000;RRR 1.5in;24,1;1015;47;'26.07.2023 14:14:18.480;;
780;23,068;-3131,411;-328,519;0,000;0,000;0,000;0,000;RRR 1.5in;24,1;1015;47;'26.07.2023 14:14:18.490;;
781;21,072;-3131,315;-328,527;0,000;0,000;0,000;0,000;RRR 1.5in;24,1;1015;47;'26.07.2023 14:14:18.500;;
782;19,054;-3131,214;-328,537;0,000;0,000;0,000;0,000;RRR 1.5in;24,1;1015;47;'26.07.2023 14:14:18.510;;
783;17,056;-3131,086;-328,530;0,000;0,000;0,000;0,000;RRR 1.5in;24,1;1015;47;'26.07.2023 14:14:18.520;;
784;15,057;-3130,955;-328,522;0,000;0,000;0,000;0,000;RRR 1.5in;24,1;1015;47;'26.07.2023 14:14:18.530;;
785;13,054;-3130,849;-328,525;0,000;0,000;0,000;0,000;RRR 1.5in;24,1;1015;47;'26.07.2023 14:14:18.540;;
786;11,045;-3130,744;-328,528;0,000;0,000;0,000;0,000;RRR 1.5in;24,1;1015;47;'26.07.2023 14:14:18.550;;
787;9,026;-3130,632;-328,526;0,000;0,000;0,000;0,000;RRR 1.5in;24,1;1015;47;'26.07.2023 14:14:18.560;;
788;7,027;-3130,525;-328,523;0,000;0,000;0,000;0,000;RRR 1.5in;24,1;1015;47;'26.07.2023 14:14:18.570;;
789;5,026;-3130,423;-328,527;0,000;0,000;0,000;0,000;RRR 1.5in;24,1;1015;47;'26.07.2023 14:14:18.580;;
790;3,031;-3130,306;-328,537;0,000;0,000;0,000;0,000;RRR 1.5in;24,1;1015;47;'26.07.2023 14:14:18.590;;
791;1,017;-3130,169;-328,540;0,000;0,000;0,000;0,000;RRR 1.5in;24,1;1015;47;'26.07.2023 14:14:18.600;;
792;-0,987;-3130,051;-328,546;0,000;0,000;0,000;0,000;RRR 1.5in;24,1;1015;47;'26.07.2023 14:14:18.610;;
793;-2,985;-3129,952;-328,553;0,000;0,000;0,000;0,000;RRR 1.5in;24,1;1015;47;'26.07.2023 14:14:18.620;;
794;-4,971;-3129,858;-328,558;0,000;0,000;0,000;0,000;RRR 1.5in;24,1;1015;47;'26.07.2023 14:14:18.630;;
795;-6,967;-3129,744;-328,549;0,000;0,000;0,000;0,000;RRR 1.5in;24,1;1015;47;'26.07.2023 14:14:18.640;;
796;-8,980;-3129,627;-328,544;0,000;0,000;0,000;0,000;RRR 1.5in;24,1;1015;47;'26.07.2023 14:14:18.650;;
797;-10,986;-3129,517;-328,543;0,000;0,000;0,000;0,000;RRR 1.5in;24,1;1015;47;'26.07.2023 14:14:18.660;;
798;-12,983;-3129,411;-328,541;0,000;0,000;0,000;0,000;RRR 1.5in;24,1;1015;47;'26.07.2023 14:14:18.670;;
799;-14,986;-3129,309;-328,544;0,000;0,000;0,000;0,000;RRR 1.5in;24,1;1015;47;'26.07.2023 14:14:18.680;;
800;-16,996;-3129,187;-328,541;0,000;0,000;0,000;0,000;RRR 1.5in;24,1;1015;47;'26.07.2023 14:14:18.690;;
801;-18,991;-3129,063;-328,539;0,000;0,000;0,000;0,000;RRR 1.5in;24,1;1015;47;'26.07.2023 14:14:18.700;;
802;-20,990;-3128,961;-328,548;0,000;0,000;0,000;0,000;RRR 1.5in;24,1;1015;47;'26.07.2023 14:14:18.710;;
803;-23,003;-3128,862;-328,563;0,000;0,000;0,000;0,000;RRR 1.5in;24,1;1015;47;'26.07.2023 14:14:18.720;;
804;-25,011;-3128,730;-328,553;0,000;0,000;0,000;0,000;RRR 1.5in;24,1;1015;47;'26.07.2023 14:14:18.730;;
805;-27,013;-3128,613;-328,554;0,000;0,000;0,000;0,000;RRR 1.5in;24,1;1015;47;'26.07.2023 14:14:18.740;;
806;-29,015;-3128,507;-328,557;0,000;0,000;0,000;0,000;RRR 1.5in;24,1;1015;47;'26.07.2023 14:14:18.750;;
807;-30,993;-3128,394;-328,550;0,000;0,000;0,000;0,000;RRR 1.5in;24,1;1015;47;'26.07.2023 14:14:18.760;;
808;-32,980;-3128,280;-328,551;0,000;0,000;0,000;0,000;RRR 1.5in;24,1;1015;47;'26.07.2023 14:14:18.770;;
809;-34,970;-3128,164;-328,554;0,000;0,000;0,000;0,000;RRR 1.5in;24,1;1015;47;'26.07.2023 14:14:18.780;;
810;-36,953;-3128,045;-328,554;0,000;0,000;0,000;0,000;RRR 1.5in;24,1;1015;47;'26.07.2023 14:14:18.790;;
811;-38,940;-3127,933;-328,561;0,000;0,000;0,000;0,000;RRR 1.5in;24,1;1015;47;'26.07.2023 14:14:18.800;;
812;-40,940;-3127,814;-328,565;0,000;0,000;0,000;0,000;RRR 1.5in;24,1;1015;47;'26.07.2023 14:14:18.810;;
813;-42,937;-3127,693;-328,559;0,000;0,000;0,000;0,000;RRR 1.5in;24,1;1015;47;'26.07.2023 14:14:18.820;;
814;-44,935;-3127,597;-328,574;0,000;0,000;0,000;0,000;RRR 1.5in;24,1;1015;47;'26.07.2023 14:14:18.830;;
815;-46,941;-3127,491;-328,582;0,000;0,000;0,000;0,000;RRR 1.5in;24,1;1015;47;'26.07.2023 14:14:18.840;;
816;-48,941;-3127,374;-328,588;0,000;0,000;0,000;0,000;RRR 1.5in;24,1;1015;47;'26.07.2023 14:14:18.850;;
817;-50,950;-3127,256;-328,597;0,000;0,000;0,000;0,000;RRR 1.5in;24,1;1015;47;'26.07.2023 14:14:18.860;;
818;-52,946;-3127,131;-328,595;0,000;0,000;0,000;0,000;RRR 1.5in;24,1;1015;47;'26.07.2023 14:14:18.870;;
819;-54,928;-3127,021;-328,595;0,000;0,000;0,000;0,000;RRR 1.5in;24,1;1015;47;'26.07.2023 14:14:18.880;;
820;-56,913;-3126,907;-328,598;0,000;0,000;0,000;0,000;RRR 1.5in;24,1;1015;47;'26.07.2023 14:14:18.890;;
821;-58,904;-3126,782;-328,594;0,000;0,000;0,000;0,000;RRR 1.5in;24,1;1015;47;'26.07.2023 14:14:18.900;;
822;-60,883;-3126,651;-328,581;0,000;0,000;0,000;0,000;RRR 1.5in;24,1;1015;47;'26.07.2023 14:14:18.910;;
823;-62,866;-3126,538;-328,579;0,000;0,000;0,000;0,000;RRR 1.5in;24,1;1015;47;'26.07.2023 14:14:18.920;;
824;-64,853;-3126,426;-328,579;0,000;0,000;0,000;0,000;RRR 1.5in;24,1;1015;47;'26.07.2023 14:14:18.930;;
825;-66,842;-3126,305;-328,577;0,000;0,000;0,000;0,000;RRR 1.5in;24,1;1015;47;'26.07.2023 14:14:18.940;;
826;-68,844;-3126,183;-328,573;0,000;0,000;0,000;0,000;RRR 1.5in;24,1;1015;47;'26.07.2023 14:14:18.950;;
827;-70,839;-3126,072;-328,572;0,000;0,000;0,000;0,000;RRR 1.5in;24,1;1015;47;'26.07.2023 14:14:18.960;;
828;-72,835;-3125,970;-328,577;0,000;0,000;0,000;0,000;RRR 1.5in;24,1;1015;47;'26.07.2023 14:14:18.970;;
829;-74,842;-3125,857;-328,576;0,000;0,000;0,000;0,000;RRR 1.5in;24,1;1015;47;'26.07.2023 14:14:18.980;;
830;-76,849;-3125,734;-328,566;0,000;0,000;0,000;0,000;RRR 1.5in;24,1;1015;47;'26.07.2023 14:14:18.990;;
831;-78,850;-3125,627;-328,564;0,000;0,000;0,000;0,000;RRR 1.5in;24,1;1015;47;'26.07.2023 14:14:19.000;;
832;-80,843;-3125,527;-328,563;0,000;0,000;0,000;0,000;RRR 1.5in;24,1;1015;47;'26.07.2023 14:14:19.010;;
833;-82,822;-3125,417;-328,552;0,000;0,000;0,000;0,000;RRR 1.5in;24,1;1015;47;'26.07.2023 14:14:19.020;;
834;-84,805;-3125,305;-328,549;0,000;0,000;0,000;0,000;RRR 1.5in;24,1;1015;47;'26.07.2023 14:14:19.030;;
835;-86,800;-3125,179;-328,541;0,000;0,000;0,000;0,000;RRR 1.5in;24,1;1015;47;'26.07.2023 14:14:19.040;;
836;-88,772;-3125,053;-328,535;0,000;0,000;0,000;0,000;RRR 1.5in;24,1;1015;47;'26.07.2023 14:14:19.050;;
837;-90,769;-3124,943;-328,538;0,000;0,000;0,000;0,000;RRR 1.5in;24,1;1015;47;'26.07.2023 14:14:19.060;;
838;-92,763;-3124,823;-328,537;0,000;0,000;0,000;0,000;RRR 1.5in;24,1;1015;47;'26.07.2023 14:14:19.070;;
839;-94,755;-3124,702;-328,537;0,000;0,000;0,000;0,000;RRR 1.5in;24,1;1015;47;'26.07.2023 14:14:19.080;;
840;-96,761;-3124,595;-328,541;0,000;0,000;0,000;0,000;RRR 1.5in;24,1;1015;47;'26.07.2023 14:14:19.090;;
841;-98,766;-3124,485;-328,540;0,000;0,000;0,000;0,000;RRR 1.5in;24,1;1015;47;'26.07.2023 14:14:19.100;;
842;-100,764;-3124,367;-328,532;0,000;0,000;0,000;0,000;RRR 1.5in;24,1;1015;47;'26.07.2023 14:14:19.110;;
843;-102,775;-3124,261;-328,539;0,000;0,000;0,000;0,000;RRR 1.5in;24,1;1015;47;'26.07.2023 14:14:19.120;;
844;-104,793;-3124,143;-328,538;0,000;0,000;0,000;0,000;RRR 1.5in;24,1;1015;47;'26.07.2023 14:14:19.130;;
845;-106,775;-3124,022;-328,522;0,000;0,000;0,000;0,000;RRR 1.5in;24,1;1015;47;'26.07.2023 14:14:19.140;;
846;-108,758;-3123,927;-328,517;0,000;0,000;0,000;0,000;RRR 1.5in;24,1;1015;47;'26.07.2023 14:14:19.150;;
847;-110,747;-3123,832;-328,514;0,000;0,000;0,000;0,000;RRR 1.5in;24,1;1015;47;'26.07.2023 14:14:19.160;;
848;-112,729;-3123,709;-328,503;0,000;0,000;0,000;0,000;RRR 1.5in;24,1;1015;47;'26.07.2023 14:14:19.170;;
849;-114,714;-3123,580;-328,497;0,000;0,000;0,000;0,000;RRR 1.5in;24,1;1015;47;'26.07.2023 14:14:19.180;;
850;-116,714;-3123,463;-328,502;0,000;0,000;0,000;0,000;RRR 1.5in;24,1;1015;47;'26.07.2023 14:14:19.190;;
851;-118,713;-3123,344;-328,504;0,000;0,000;0,000;0,000;RRR 1.5in;24,1;1015;47;'26.07.2023 14:14:19.200;;
852;-120,709;-3123,223;-328,504;0,000;0,000;0,000;0,000;RRR 1.5in;24,1;1015;47;'26.07.2023 14:14:19.210;;
853;-122,712;-3123,109;-328,505;0,000;0,000;0,000;0,000;RRR 1.5in;24,1;1015;47;'26.07.2023 14:14:19.220;;
854;-124,695;-3123,008;-328,507;0,000;0,000;0,000;0,000;RRR 1.5in;24,1;1015;47;'26.07.2023 14:14:19.230;;
855;-126,689;-3122,905;-328,502;0,000;0,000;0,000;0,000;RRR 1.5in;24,1;1015;47;'26.07.2023 14:14:19.240;;
856;-128,701;-3122,796;-328,488;0,000;0,000;0,000;0,000;RRR 1.5in;24,1;1015;47;'26.07.2023 14:14:19.250;;
857;-130,709;-3122,683;-328,471;0,000;0,000;0,000;0,000;RRR 1.5in;24,1;1015;47;'26.07.2023 14:14:19.260;;
858;-132,713;-3122,580;-328,466;0,000;0,000;0,000;0,000;RRR 1.5in;24,1;1015;47;'26.07.2023 14:14:19.270;;
859;-134,716;-3122,468;-328,457;0,000;0,000;0,000;0,000;RRR 1.5in;24,1;1015;47;'26.07.2023 14:14:19.280;;
860;-136,702;-3122,347;-328,450;0,000;0,000;0,000;0,000;RRR 1.5in;24,1;1015;47;'26.07.2023 14:14:19.290;;
861;-138,684;-3122,232;-328,448;0,000;0,000;0,000;0,000;RRR 1.5in;24,1;1015;47;'26.07.2023 14:14:19.300;;
862;-140,673;-3122,125;-328,460;0,000;0,000;0,000;0,000;RRR 1.5in;24,1;1015;47;'26.07.2023 14:14:19.310;;
863;-142,672;-3121,998;-328,464;0,000;0,000;0,000;0,000;RRR 1.5in;24,1;1015;47;'26.07.2023 14:14:19.320;;
864;-144,663;-3121,865;-328,470;0,000;0,000;0,000;0,000;RRR 1.5in;24,1;1015;47;'26.07.2023 14:14:19.330;;
865;-146,664;-3121,747;-328,480;0,000;0,000;0,000;0,000;RRR 1.5in;24,1;1015;47;'26.07.2023 14:14:19.340;;
866;-148,654;-3121,628;-328,481;0,000;0,000;0,000;0,000;RRR 1.5in;24,1;1015;47;'26.07.2023 14:14:19.350;;
867;-150,652;-3121,513;-328,471;0,000;0,000;0,000;0,000;RRR 1.5in;24,1;1015;47;'26.07.2023 14:14:19.360;;
868;-152,654;-3121,420;-328,470;0,000;0,000;0,000;0,000;RRR 1.5in;24,1;1015;47;'26.07.2023 14:14:19.370;;
869;-154,652;-3121,320;-328,460;0,000;0,000;0,000;0,000;RRR 1.5in;24,1;1015;47;'26.07.2023 14:14:19.380;;
870;-156,634;-3121,211;-328,453;0,000;0,000;0,000;0,000;RRR 1.5in;24,1;1015;47;'26.07.2023 14:14:19.390;;
871;-158,636;-3121,089;-328,449;0,000;0,000;0,000;0,000;RRR 1.5in;24,1;1015;47;'26.07.2023 14:14:19.400;;
872;-160,647;-3120,957;-328,451;0,000;0,000;0,000;0,000;RRR 1.5in;24,1;1015;47;'26.07.2023 14:14:19.410;;
873;-162,652;-3120,830;-328,456;0,000;0,000;0,000;0,000;RRR 1.5in;24,1;1015;47;'26.07.2023 14:14:19.420;;
874;-164,641;-3120,723;-328,470;0,000;0,000;0,000;0,000;RRR 1.5in;24,1;1015;47;'26.07.2023 14:14:19.430;;
875;-166,625;-3120,621;-328,476;0,000;0,000;0,000;0,000;RRR 1.5in;24,1;1015;47;'26.07.2023 14:14:19.440;;
876;-168,593;-3120,508;-328,477;0,000;0,000;0,000;0,000;RRR 1.5in;24,1;1015;47;'26.07.2023 14:14:19.450;;
877;-170,582;-3120,401;-328,484;0,000;0,000;0,000;0,000;RRR 1.5in;24,1;1015;47;'26.07.2023 14:14:19.460;;
878;-172,587;-3120,288;-328,485;0,000;0,000;0,000;0,000;RRR 1.5in;24,1;1015;47;'26.07.2023 14:14:19.470;;
879;-174,581;-3120,158;-328,473;0,000;0,000;0,000;0,000;RRR 1.5in;24,1;1015;47;'26.07.2023 14:14:19.480;;
880;-176,572;-3120,041;-328,464;0,000;0,000;0,000;0,000;RRR 1.5in;24,1;1015;47;'26.07.2023 14:14:19.490;;
881;-178,560;-3119,946;-328,467;0,000;0,000;0,000;0,000;RRR 1.5in;24,1;1015;47;'26.07.2023 14:14:19.500;;
882;-180,574;-3119,830;-328,463;0,000;0,000;0,000;0,000;RRR 1.5in;24,1;1015;47;'26.07.2023 14:14:19.510;;
883;-182,562;-3119,708;-328,455;0,000;0,000;0,000;0,000;RRR 1.5in;24,1;1015;47;'26.07.2023 14:14:19.520;;
884;-184,560;-3119,603;-328,461;0,000;0,000;0,000;0,000;RRR 1.5in;24,1;1015;47;'26.07.2023 14:14:19.530;;
885;-186,558;-3119,507;-328,475;0,000;0,000;0,000;0,000;RRR 1.5in;24,1;1015;47;'26.07.2023 14:14:19.540;;
886;-188,541;-3119,372;-328,468;0,000;0,000;0,000;0,000;RRR 1.5in;24,1;1015;47;'26.07.2023 14:14:19.550;;
887;-190,533;-3119,245;-328,471;0,000;0,000;0,000;0,000;RRR 1.5in;24,1;1015;47;'26.07.2023 14:14:19.560;;
888;-192,543;-3119,141;-328,476;0,000;0,000;0,000;0,000;RRR 1.5in;24,1;1015;47;'26.07.2023 14:14:19.570;;
889;-194,537;-3119,029;-328,467;0,000;0,000;0,000;0,000;RRR 1.5in;24,1;1015;47;'26.07.2023 14:14:19.580;;
890;-196,520;-3118,915;-328,452;0,000;0,000;0,000;0,000;RRR 1.5in;24,1;1015;47;'26.07.2023 14:14:19.590;;
891;-198,515;-3118,811;-328,448;0,000;0,000;0,000;0,000;RRR 1.5in;24,1;1015;47;'26.07.2023 14:14:19.600;;
892;-200,512;-3118,692;-328,438;0,000;0,000;0,000;0,000;RRR 1.5in;24,1;1015;47;'26.07.2023 14:14:19.610;;
893;-202,506;-3118,565;-328,427;0,000;0,000;0,000;0,000;RRR 1.5in;24,1;1015;47;'26.07.2023 14:14:19.620;;
894;-204,502;-3118,470;-328,436;0,000;0,000;0,000;0,000;RRR 1.5in;24,1;1015;47;'26.07.2023 14:14:19.630;;
895;-206,496;-3118,369;-328,446;0,000;0,000;0,000;0,000;RRR 1.5in;24,1;1015;47;'26.07.2023 14:14:19.640;;
896;-208,490;-3118,239;-328,439;0,000;0,000;0,000;0,000;RRR 1.5in;24,1;1015;47;'26.07.2023 14:14:19.650;;
897;-210,479;-3118,120;-328,439;0,000;0,000;0,000;0,000;RRR 1.5in;24,1;1015;47;'26.07.2023 14:14:19.660;;
898;-212,482;-3118,025;-328,455;0,000;0,000;0,000;0,000;RRR 1.5in;24,1;1015;47;'26.07.2023 14:14:19.670;;
899;-214,488;-3117,899;-328,454;0,000;0,000;0,000;0,000;RRR 1.5in;24,1;1015;47;'26.07.2023 14:14:19.680;;
900;-216,481;-3117,757;-328,440;0,000;0,000;0,000;0,000;RRR 1.5in;24,1;1015;47;'26.07.2023 14:14:19.690;;
901;-218,475;-3117,656;-328,440;0,000;0,000;0,000;0,000;RRR 1.5in;24,1;1015;47;'26.07.2023 14:14:19.700;;
902;-220,473;-3117,577;-328,455;0,000;0,000;0,000;0,000;RRR 1.5in;24,1;1015;47;'26.07.2023 14:14:19.710;;
903;-222,463;-3117,448;-328,443;0,000;0,000;0,000;0,000;RRR 1.5in;24,1;1015;47;'26.07.2023 14:14:19.720;;
904;-224,446;-3117,321;-328,431;0,000;0,000;0,000;0,000;RRR 1.5in;24,1;1015;47;'26.07.2023 14:14:19.730;;
905;-226,463;-3117,235;-328,448;0,000;0,000;0,000;0,000;RRR 1.5in;24,1;1015;47;'26.07.2023 14:14:19.740;;
906;-228,467;-3117,118;-328,457;0,000;0,000;0,000;0,000;RRR 1.5in;24,1;1015;47;'26.07.2023 14:14:19.750;;
907;-230,460;-3116,956;-328,443;0,000;0,000;0,000;0,000;RRR 1.5in;24,1;1015;47;'26.07.2023 14:14:19.760;;
908;-232,457;-3116,838;-328,454;0,000;0,000;0,000;0,000;RRR 1.5in;24,1;1015;47;'26.07.2023 14:14:19.770;;
909;-234,467;-3116,746;-328,469;0,000;0,000;0,000;0,000;RRR 1.5in;24,1;1015;47;'26.07.2023 14:14:19.780;;
910;-236,468;-3116,627;-328,464;0,000;0,000;0,000;0,000;RRR 1.5in;24,1;1015;47;'26.07.2023 14:14:19.790;;
911;-238,476;-3116,511;-328,465;0,000;0,000;0,000;0,000;RRR 1.5in;24,1;1015;47;'26.07.2023 14:14:19.800;;
912;-240,479;-3116,411;-328,471;0,000;0,000;0,000;0,000;RRR 1.5in;24,1;1015;47;'26.07.2023 14:14:19.810;;
913;-242,469;-3116,290;-328,470;0,000;0,000;0,000;0,000;RRR 1.5in;24,1;1015;47;'26.07.2023 14:14:19.820;;
914;-244,459;-3116,153;-328,462;0,000;0,000;0,000;0,000;RRR 1.5in;24,1;1015;47;'26.07.2023 14:14:19.830;;
915;-246,451;-3116,040;-328,464;0,000;0,000;0,000;0,000;RRR 1.5in;24,1;1015;47;'26.07.2023 14:14:19.840;;
916;-248,477;-3115,943;-328,472;0,000;0,000;0,000;0,000;RRR 1.5in;24,1;1015;47;'26.07.2023 14:14:19.850;;
917;-250,497;-3115,821;-328,465;0,000;0,000;0,000;0,000;RRR 1.5in;24,1;1015;47;'26.07.2023 14:14:19.860;;
918;-252,497;-3115,708;-328,463;0,000;0,000;0,000;0,000;RRR 1.5in;24,1;1015;47;'26.07.2023 14:14:19.870;;
919;-254,487;-3115,620;-328,472;0,000;0,000;0,000;0,000;RRR 1.5in;24,1;1015;47;'26.07.2023 14:14:19.880;;
920;-256,474;-3115,504;-328,473;0,000;0,000;0,000;0,000;RRR 1.5in;24,1;1015;47;'26.07.2023 14:14:19.890;;
921;-258,478;-3115,359;-328,458;0,000;0,000;0,000;0,000;RRR 1.5in;24,1;1015;47;'26.07.2023 14:14:19.900;;
922;-260,491;-3115,252;-328,463;0,000;0,000;0,000;0,000;RRR 1.5in;24,1;1015;47;'26.07.2023 14:14:19.910;;
923;-262,507;-3115,168;-328,473;0,000;0,000;0,000;0,000;RRR 1.5in;24,1;1015;47;'26.07.2023 14:14:19.920;;
924;-264,506;-3115,050;-328,467;0,000;0,000;0,000;0,000;RRR 1.5in;24,1;1015;47;'26.07.2023 14:14:19.930;;
925;-266,482;-3114,922;-328,455;0,000;0,000;0,000;0,000;RRR 1.5in;24,1;1015;47;'26.07.2023 14:14:19.940;;
926;-268,480;-3114,827;-328,465;0,000;0,000;0,000;0,000;RRR 1.5in;24,1;1015;47;'26.07.2023 14:14:19.950;;
927;-270,477;-3114,733;-328,471;0,000;0,000;0,000;0,000;RRR 1.5in;24,1;1015;47;'26.07.2023 14:14:19.960;;
928;-272,473;-3114,605;-328,459;0,000;0,000;0,000;0,000;RRR 1.5in;24,1;1015;47;'26.07.2023 14:14:19.970;;
929;-274,477;-3114,488;-328,462;0,000;0,000;0,000;0,000;RRR 1.5in;24,1;1015;47;'26.07.2023 14:14:19.980;;
930;-276,489;-3114,378;-328,472;0,000;0,000;0,000;0,000;RRR 1.5in;24,1;1015;47;'26.07.2023 14:14:19.990;;
931;-278,464;-3114,252;-328,466;0,000;0,000;0,000;0,000;RRR 1.5in;24,1;1015;47;'26.07.2023 14:14:20.000;;
932;-280,453;-3114,128;-328,460;0,000;0,000;0,000;0,000;RRR 1.5in;24,1;1015;47;'26.07.2023 14:14:20.010;;
933;-282,452;-3114,035;-328,464;0,000;0,000;0,000;0,000;RRR 1.5in;24,1;1015;47;'26.07.2023 14:14:20.020;;
934;-284,452;-3113,934;-328,469;0,000;0,000;0,000;0,000;RRR 1.5in;24,1;1015;47;'26.07.2023 14:14:20.030;;
935;-286,462;-3113,808;-328,468;0,000;0,000;0,000;0,000;RRR 1.5in;24,1;1015;47;'26.07.2023 14:14:20.040;;
936;-288,455;-3113,674;-328,463;0,000;0,000;0,000;0,000;RRR 1.5in;24,1;1015;47;'26.07.2023 14:14:20.050;;
937;-290,443;-3113,566;-328,475;0,000;0,000;0,000;0,000;RRR 1.5in;24,1;1015;47;'26.07.2023 14:14:20.060;;
938;-292,448;-3113,457;-328,486;0,000;0,000;0,000;0,000;RRR 1.5in;24,1;1015;47;'26.07.2023 14:14:20.070;;
939;-294,458;-3113,332;-328,482;0,000;0,000;0,000;0,000;RRR 1.5in;24,1;1015;47;'26.07.2023 14:14:20.080;;
940;-296,449;-3113,220;-328,483;0,000;0,000;0,000;0,000;RRR 1.5in;24,1;1015;47;'26.07.2023 14:14:20.090;;
941;-298,443;-3113,138;-328,506;0,000;0,000;0,000;0,000;RRR 1.5in;24,1;1015;47;'26.07.2023 14:14:20.100;;
942;-300,439;-3113,012;-328,510;0,000;0,000;0,000;0,000;RRR 1.5in;24,1;1015;47;'26.07.2023 14:14:20.110;;
943;-302,427;-3112,855;-328,502;0,000;0,000;0,000;0,000;RRR 1.5in;24,1;1015;47;'26.07.2023 14:14:20.120;;
944;-304,421;-3112,733;-328,505;0,000;0,000;0,000;0,000;RRR 1.5in;24,1;1015;47;'26.07.2023 14:14:20.130;;
945;-306,405;-3112,646;-328,522;0,000;0,000;0,000;0,000;RRR 1.5in;24,1;1015;47;'26.07.2023 14:14:20.140;;
946;-308,385;-3112,536;-328,530;0,000;0,000;0,000;0,000;RRR 1.5in;24,1;1015;47;'26.07.2023 14:14:20.150;;
947;-310,371;-3112,392;-328,519;0,000;0,000;0,000;0,000;RRR 1.5in;24,1;1015;47;'26.07.2023 14:14:20.160;;
948;-312,345;-3112,278;-328,522;0,000;0,000;0,000;0,000;RRR 1.5in;24,1;1015;47;'26.07.2023 14:14:20.170;;
949;-314,345;-3112,195;-328,536;0,000;0,000;0,000;0,000;RRR 1.5in;24,1;1015;47;'26.07.2023 14:14:20.180;;
950;-316,354;-3112,090;-328,537;0,000;0,000;0,000;0,000;RRR 1.5in;24,1;1015;47;'26.07.2023 14:14:20.190;;
951;-318,364;-3111,948;-328,516;0,000;0,000;0,000;0,000;RRR 1.5in;24,1;1015;47;'26.07.2023 14:14:20.200;;
952;-320,364;-3111,840;-328,519;0,000;0,000;0,000;0,000;RRR 1.5in;24,1;1015;47;'26.07.2023 14:14:20.210;;
953;-322,357;-3111,748;-328,533;0,000;0,000;0,000;0,000;RRR 1.5in;24,1;1015;47;'26.07.2023 14:14:20.220;;
954;-324,352;-3111,615;-328,523;0,000;0,000;0,000;0,000;RRR 1.5in;24,1;1015;47;'26.07.2023 14:14:20.230;;
955;-326,350;-3111,475;-328,508;0,000;0,000;0,000;0,000;RRR 1.5in;24,1;1015;47;'26.07.2023 14:14:20.240;;
956;-328,356;-3111,379;-328,515;0,000;0,000;0,000;0,000;RRR 1.5in;24,1;1015;47;'26.07.2023 14:14:20.250;;
957;-330,356;-3111,297;-328,529;0,000;0,000;0,000;0,000;RRR 1.5in;24,1;1015;47;'26.07.2023 14:14:20.260;;
958;-332,349;-3111,173;-328,529;0,000;0,000;0,000;0,000;RRR 1.5in;24,1;1015;47;'26.07.2023 14:14:20.270;;
959;-334,322;-3111,012;-328,513;0,000;0,000;0,000;0,000;RRR 1.5in;24,1;1015;47;'26.07.2023 14:14:20.280;;
960;-336,294;-3110,888;-328,518;0,000;0,000;0,000;0,000;RRR 1.5in;24,1;1015;47;'26.07.2023 14:14:20.290;;
961;-338,298;-3110,789;-328,536;0,000;0,000;0,000;0,000;RRR 1.5in;24,1;1015;47;'26.07.2023 14:14:20.300;;
962;-340,321;-3110,662;-328,536;0,000;0,000;0,000;0,000;RRR 1.5in;24,1;1015;47;'26.07.2023 14:14:20.310;;
963;-342,339;-3110,522;-328,525;0,000;0,000;0,000;0,000;RRR 1.5in;24,1;1015;47;'26.07.2023 14:14:20.320;;
964;-344,337;-3110,425;-328,528;0,000;0,000;0,000;0,000;RRR 1.5in;24,1;1015;47;'26.07.2023 14:14:20.330;;
965;-346,319;-3110,344;-328,542;0,000;0,000;0,000;0,000;RRR 1.5in;24,1;1015;47;'26.07.2023 14:14:20.340;;
966;-348,311;-3110,221;-328,541;0,000;0,000;0,000;0,000;RRR 1.5in;24,1;1015;47;'26.07.2023 14:14:20.350;;
967;-350,328;-3110,074;-328,531;0,000;0,000;0,000;0,000;RRR 1.5in;24,1;1015;47;'26.07.2023 14:14:20.360;;
968;-352,356;-3109,960;-328,539;0,000;0,000;0,000;0,000;RRR 1.5in;24,1;1015;47;'26.07.2023 14:14:20.370;;
969;-354,364;-3109,867;-328,560;0,000;0,000;0,000;0,000;RRR 1.5in;24,1;1015;47;'26.07.2023 14:14:20.380;;
970;-356,360;-3109,741;-328,562;0,000;0,000;0,000;0,000;RRR 1.5in;24,1;1015;47;'26.07.2023 14:14:20.390;;
971;-358,339;-3109,598;-328,556;0,000;0,000;0,000;0,000;RRR 1.5in;24,1;1015;47;'26.07.2023 14:14:20.400;;
972;-360,321;-3109,480;-328,559;0,000;0,000;0,000;0,000;RRR 1.5in;24,1;1015;47;'26.07.2023 14:14:20.410;;
973;-362,313;-3109,390;-328,572;0,000;0,000;0,000;0,000;RRR 1.5in;24,1;1015;47;'26.07.2023 14:14:20.420;;
974;-364,323;-3109,286;-328,579;0,000;0,000;0,000;0,000;RRR 1.5in;24,1;1015;47;'26.07.2023 14:14:20.430;;
975;-366,332;-3109,158;-328,571;0,000;0,000;0,000;0,000;RRR 1.5in;24,1;1015;47;'26.07.2023 14:14:20.440;;
976;-368,343;-3109,035;-328,573;0,000;0,000;0,000;0,000;RRR 1.5in;24,1;1015;47;'26.07.2023 14:14:20.450;;
977;-370,317;-3108,932;-328,583;0,000;0,000;0,000;0,000;RRR 1.5in;24,1;1015;47;'26.07.2023 14:14:20.460;;
978;-372,295;-3108,819;-328,587;0,000;0,000;0,000;0,000;RRR 1.5in;24,1;1015;47;'26.07.2023 14:14:20.470;;
979;-374,300;-3108,701;-328,590;0,000;0,000;0,000;0,000;RRR 1.5in;24,1;1015;47;'26.07.2023 14:14:20.480;;
980;-376,324;-3108,577;-328,586;0,000;0,000;0,000;0,000;RRR 1.5in;24,1;1015;47;'26.07.2023 14:14:20.490;;
981;-378,329;-3108,472;-328,596;0,000;0,000;0,000;0,000;RRR 1.5in;24,1;1015;47;'26.07.2023 14:14:20.500;;
982;-380,326;-3108,376;-328,615;0,000;0,000;0,000;0,000;RRR 1.5in;24,1;1015;47;'26.07.2023 14:14:20.510;;
983;-382,313;-3108,244;-328,610;0,000;0,000;0,000;0,000;RRR 1.5in;24,1;1015;47;'26.07.2023 14:14:20.520;;
984;-384,292;-3108,106;-328,600;0,000;0,000;0,000;0,000;RRR 1.5in;24,1;1015;47;'26.07.2023 14:14:20.530;;
985;-386,276;-3107,999;-328,607;0,000;0,000;0,000;0,000;RRR 1.5in;24,1;1015;47;'26.07.2023 14:14:20.540;;
986;-388,268;-3107,909;-328,615;0,000;0,000;0,000;0,000;RRR 1.5in;24,1;1015;47;'26.07.2023 14:14:20.550;;
987;-390,272;-3107,802;-328,612;0,000;0,000;0,000;0,000;RRR 1.5in;24,1;1015;47;'26.07.2023 14:14:20.560;;
988;-392,279;-3107,676;-328,607;0,000;0,000;0,000;0,000;RRR 1.5in;24,1;1015;47;'26.07.2023 14:14:20.570;;
989;-394,270;-3107,547;-328,607;0,000;0,000;0,000;0,000;RRR 1.5in;24,1;1015;47;'26.07.2023 14:14:20.580;;
990;-396,242;-3107,432;-328,613;0,000;0,000;0,000;0,000;RRR 1.5in;24,1;1015;47;'26.07.2023 14:14:20.590;;
991;-398,225;-3107,320;-328,613;0,000;0,000;0,000;0,000;RRR 1.5in;24,1;1015;47;'26.07.2023 14:14:20.600;;
992;-400,242;-3107,201;-328,611;0,000;0,000;0,000;0,000;RRR 1.5in;24,1;1015;47;'26.07.2023 14:14:20.610;;
993;-402,241;-3107,088;-328,611;0,000;0,000;0,000;0,000;RRR 1.5in;24,1;1015;47;'26.07.2023 14:14:20.620;;
994;-404,225;-3106,982;-328,608;0,000;0,000;0,000;0,000;RRR 1.5in;24,1;1015;47;'26.07.2023 14:14:20.630;;
995;-406,222;-3106,889;-328,618;0,000;0,000;0,000;0,000;RRR 1.5in;24,1;1015;47;'26.07.2023 14:14:20.640;;
996;-408,221;-3106,766;-328,617;0,000;0,000;0,000;0,000;RRR 1.5in;24,1;1015;47;'26.07.2023 14:14:20.650;;
997;-410,206;-3106,633;-328,621;0,000;0,000;0,000;0,000;RRR 1.5in;24,1;1015;47;'26.07.2023 14:14:20.660;;
998;-412,152;-3106,514;-328,622;0,000;0,000;0,000;0,000;RRR 1.5in;24,1;1015;47;'26.07.2023 14:14:20.670;;
999;-414,031;-3106,408;-328,625;0,000;0,000;0,000;0,000;RRR 1.5in;24,1;1015;47;'26.07.2023 14:14:20.680;;
1000;-415,856;-3106,304;-328,630;0,000;0,000;0,000;0,000;RRR 1.5in;24,1;1015;47;'26.07.2023 14:14:20.690;;
1001;-417,626;-3106,198;-328,636;0,000;0,000;0,000;0,000;RRR 1.5in;24,1;1015;47;'26.07.2023 14:14:20.700;;
1002;-419,329;-3106,085;-328,628;0,000;0,000;0,000;0,000;RRR 1.5in;24,1;1015;47;'26.07.2023 14:14:20.710;;
1003;-420,964;-3105,989;-328,631;0,000;0,000;0,000;0,000;RRR 1.5in;24,1;1015;47;'26.07.2023 14:14:20.720;;
1004;-422,526;-3105,901;-328,643;0,000;0,000;0,000;0,000;RRR 1.5in;24,1;1015;47;'26.07.2023 14:14:20.730;;
1005;-423,990;-3105,807;-328,649;0,000;0,000;0,000;0,000;RRR 1.5in;24,1;1015;47;'26.07.2023 14:14:20.740;;
1006;-425,373;-3105,724;-328,655;0,000;0,000;0,000;0,000;RRR 1.5in;24,1;1015;47;'26.07.2023 14:14:20.750;;
1007;-426,648;-3105,656;-328,653;0,000;0,000;0,000;0,000;RRR 1.5in;24,1;1015;47;'26.07.2023 14:14:20.760;;
1008;-427,800;-3105,597;-328,651;0,000;0,000;0,000;0,000;RRR 1.5in;24,1;1015;47;'26.07.2023 14:14:20.770;;
1009;-428,857;-3105,531;-328,628;0,000;0,000;0,000;0,000;RRR 1.5in;24,1;1015;47;'26.07.2023 14:14:20.780;;
1010;-429,833;-3105,504;-328,593;0,000;0,000;0,000;0,000;RRR 1.5in;24,1;1015;47;'26.07.2023 14:14:20.790;;
1011;-430,715;-3105,557;-328,613;0,000;0,000;0,000;0,000;RRR 1.5in;24,1;1015;47;'26.07.2023 14:14:20.800;;
1012;-431,393;-3105,588;-328,663;0,000;0,000;0,000;0,000;RRR 1.5in;24,1;1015;47;'26.07.2023 14:14:20.810;;
1013;-431,819;-3105,485;-328,674;0,000;0,000;0,000;0,000;RRR 1.5in;24,1;1015;47;'26.07.2023 14:14:20.820;;
1014;-432,121;-3105,346;-328,669;0,000;0,000;0,000;0,000;RRR 1.5in;24,1;1015;47;'26.07.2023 14:14:20.830;;
1015;-432,356;-3105,280;-328,699;0,000;0,000;0,000;0,000;RRR 1.5in;24,1;1015;47;'26.07.2023 14:14:20.840;;
1016;-432,587;-3105,259;-328,723;0,000;0,000;0,000;0,000;RRR 1.5in;24,1;1015;47;'26.07.2023 14:14:20.850;;
1017;-432,792;-3105,256;-328,712;0,000;0,000;0,000;0,000;RRR 1.5in;24,1;1015;47;'26.07.2023 14:14:20.860;;
1018;-432,910;-3105,289;-328,694;0,000;0,000;0,000;0,000;RRR 1.5in;24,1;1015;47;'26.07.2023 14:14:20.870;;
1019;-432,918;-3105,326;-328,685;0,000;0,000;0,000;0,000;RRR 1.5in;24,1;1015;47;'26.07.2023 14:14:20.880;;
1020;-432,919;-3105,332;-328,680;0,000;0,000;0,000;0,000;RRR 1.5in;24,1;1015;47;'26.07.2023 14:14:20.890;;
1021;-432,977;-3105,312;-328,668;0,000;0,000;0,000;0,000;RRR 1.5in;24,1;1015;47;'26.07.2023 14:14:20.900;;
1022;-433,087;-3105,307;-328,671;0,000;0,000;0,000;0,000;RRR 1.5in;24,1;1015;47;'26.07.2023 14:14:20.910;;
1023;-433,191;-3105,333;-328,684;0,000;0,000;0,000;0,000;RRR 1.5in;24,1;1015;47;'26.07.2023 14:14:20.920;;
1024;-433,250;-3105,372;-328,688;0,000;0,000;0,000;0,000;RRR 1.5in;24,1;1015;47;'26.07.2023 14:14:20.930;;
1025;-433,268;-3105,394;-328,678;0,000;0,000;0,000;0,000;RRR 1.5in;24,1;1015;47;'26.07.2023 14:14:20.940;;
1026;-433,267;-3105,399;-328,675;0,000;0,000;0,000;0,000;RRR 1.5in;24,1;1015;47;'26.07.2023 14:14:20.950;;
1027;-433,261;-3105,389;-328,688;0,000;0,000;0,000;0,000;RRR 1.5in;24,1;1015;47;'26.07.2023 14:14:20.960;;
1028;-433,249;-3105,365;-328,693;0,000;0,000;0,000;0,000;RRR 1.5in;24,1;1015;47;'26.07.2023 14:14:20.970;;
1029;-433,220;-3105,338;-328,680;0,000;0,000;0,000;0,000;RRR 1.5in;24,1;1015;47;'26.07.2023 14:14:20.980;;
1030;-433,162;-3105,338;-328,672;0,000;0,000;0,000;0,000;RRR 1.5in;24,1;1015;47;'26.07.2023 14:14:20.990;;
1031;-433,114;-3105,342;-328,665;0,000;0,000;0,000;0,000;RRR 1.5in;24,1;1015;47;'26.07.2023 14:14:21.000;;
1032;-433,103;-3105,337;-328,652;0,000;0,000;0,000;0,000;RRR 1.5in;24,1;1015;47;'26.07.2023 14:14:21.010;;
1033;-433,124;-3105,330;-328,641;0,000;0,000;0,000;0,000;RRR 1.5in;24,1;1015;47;'26.07.2023 14:14:21.020;;
1034;-433,165;-3105,353;-328,651;0,000;0,000;0,000;0,000;RRR 1.5in;24,1;1015;47;'26.07.2023 14:14:21.030;;
1035;-433,208;-3105,373;-328,668;0,000;0,000;0,000;0,000;RRR 1.5in;24,1;1015;47;'26.07.2023 14:14:21.040;;
1036;-433,226;-3105,363;-328,671;0,000;0,000;0,000;0,000;RRR 1.5in;24,1;1015;47;'26.07.2023 14:14:21.050;;
1037;-433,217;-3105,349;-328,672;0,000;0,000;0,000;0,000;RRR 1.5in;24,1;1015;47;'26.07.2023 14:14:21.060;;
1038;-433,202;-3105,354;-328,680;0,000;0,000;0,000;0,000;RRR 1.5in;24,1;1015;47;'26.07.2023 14:14:21.070;;
1039;-433,187;-3105,355;-328,680;0,000;0,000;0,000;0,000;RRR 1.5in;24,1;1015;47;'26.07.2023 14:14:21.080;;
1040;-433,169;-3105,344;-328,666;0,000;0,000;0,000;0,000;RRR 1.5in;24,1;1015;47;'26.07.2023 14:14:21.090;;
1041;-433,162;-3105,342;-328,658;0,000;0,000;0,000;0,000;RRR 1.5in;24,1;1015;47;'26.07.2023 14:14:21.100;;
1042;-433,122;-3105,348;-328,650;0,000;0,000;0,000;0,000;RRR 1.5in;24,1;1015;47;'26.07.2023 14:14:21.110;;
1043;-433,146;-3105,345;-328,669;0,000;0,000;0,000;0,000;RRR 1.5in;24,1;1015;47;'26.07.2023 14:14:21.120;;
1044;-433,142;-3105,357;-328,652;0,000;0,000;0,000;0,000;RRR 1.5in;24,1;1015;47;'26.07.2023 14:14:21.130;;
1045;-433,179;-3105,353;-328,658;0,000;0,000;0,000;0,000;RRR 1.5in;24,1;1015;47;'26.07.2023 14:14:21.140;;
1046;-433,205;-3105,354;-328,670;0,000;0,000;0,000;0,000;RRR 1.5in;24,1;1015;47;'26.07.2023 14:14:21.150;;
1047;-433,217;-3105,364;-328,683;0,000;0,000;0,000;0,000;RRR 1.5in;24,1;1015;47;'26.07.2023 14:14:21.160;;
1048;-433,220;-3105,363;-328,684;0,000;0,000;0,000;0,000;RRR 1.5in;24,1;1015;47;'26.07.2023 14:14:21.170;;
1049;-433,204;-3105,360;-328,683;0,000;0,000;0,000;0,000;RRR 1.5in;24,1;1015;47;'26.07.2023 14:14:21.180;;
1050;-433,206;-3105,350;-328,678;0,000;0,000;0,000;0,000;RRR 1.5in;24,1;1015;47;'26.07.2023 14:14:21.190;;
1051;-433,179;-3105,347;-328,672;0,000;0,000;0,000;0,000;RRR 1.5in;24,1;1015;47;'26.07.2023 14:14:21.200;;
1052;-433,176;-3105,341;-328,663;0,000;0,000;0,000;0,000;RRR 1.5in;24,1;1015;47;'26.07.2023 14:14:21.210;;
1053;-433,145;-3105,350;-328,659;0,000;0,000;0,000;0,000;RRR 1.5in;24,1;1015;47;'26.07.2023 14:14:21.220;;
1054;-433,145;-3105,346;-328,654;0,000;0,000;0,000;0,000;RRR 1.5in;24,1;1015;47;'26.07.2023 14:14:21.230;;
1055;-433,148;-3105,355;-328,665;0,000;0,000;0,000;0,000;RRR 1.5in;24,1;1015;47;'26.07.2023 14:14:21.240;;
1056;-433,185;-3105,351;-328,671;0,000;0,000;0,000;0,000;RRR 1.5in;24,1;1015;47;'26.07.2023 14:14:21.250;;
1057;-433,199;-3105,352;-328,682;0,000;0,000;0,000;0,000;RRR 1.5in;24,1;1015;47;'26.07.2023 14:14:21.260;;
1058;-433,222;-3105,355;-328,687;0,000;0,000;0,000;0,000;RRR 1.5in;24,1;1015;47;'26.07.2023 14:14:21.270;;
1059;-433,211;-3105,362;-328,690;0,000;0,000;0,000;0,000;RRR 1.5in;24,1;1015;47;'26.07.2023 14:14:21.280;;
1060;-433,201;-3105,358;-328,684;0,000;0,000;0,000;0,000;RRR 1.5in;24,1;1015;47;'26.07.2023 14:14:21.290;;
1061;-433,192;-3105,356;-328,680;0,000;0,000;0,000;0,000;RRR 1.5in;24,1;1015;47;'26.07.2023 14:14:21.300;;
1062;-433,183;-3105,348;-328,672;0,000;0,000;0,000;0,000;RRR 1.5in;24,1;1015;47;'26.07.2023 14:14:21.310;;
1063;-433,169;-3105,343;-328,665;0,000;0,000;0,000;0,000;RRR 1.5in;24,1;1015;47;'26.07.2023 14:14:21.320;;
1064;-433,158;-3105,343;-328,663;0,000;0,000;0,000;0,000;RRR 1.5in;24,1;1015;47;'26.07.2023 14:14:21.330;;
1065;-433,155;-3105,344;-328,663;0,000;0,000;0,000;0,000;RRR 1.5in;24,1;1015;47;'26.07.2023 14:14:21.340;;
1066;-433,163;-3105,346;-328,668;0,000;0,000;0,000;0,000;RRR 1.5in;24,1;1015;47;'26.07.2023 14:14:21.350;;
1067;-433,186;-3105,351;-328,677;0,000;0,000;0,000;0,000;RRR 1.5in;24,1;1015;47;'26.07.2023 14:14:21.360;;
1068;-433,202;-3105,354;-328,683;0,000;0,000;0,000;0,000;RRR 1.5in;24,1;1015;47;'26.07.2023 14:14:21.370;;
1069;-433,215;-3105,355;-328,687;0,000;0,000;0,000;0,000;RRR 1.5in;24,1;1015;47;'26.07.2023 14:14:21.380;;
1070;-433,213;-3105,358;-328,686;0,000;0,000;0,000;0,000;RRR 1.5in;24,1;1015;47;'26.07.2023 14:14:21.390;;
1071;-433,204;-3105,355;-328,681;0,000;0,000;0,000;0,000;RRR 1.5in;24,1;1015;47;'26.07.2023 14:14:21.400;;
1072;-433,188;-3105,353;-328,675;0,000;0,000;0,000;0,000;RRR 1.5in;24,1;1015;47;'26.07.2023 14:14:21.410;;
1073;-433,178;-3105,350;-328,669;0,000;0,000;0,000;0,000;RRR 1.5in;24,1;1015;47;'26.07.2023 14:14:21.420;;
1074;-433,167;-3105,349;-328,668;0,000;0,000;0,000;0,000;RRR 1.5in;24,1;1015;47;'26.07.2023 14:14:21.430;;
1075;-433,167;-3105,345;-328,666;0,000;0,000;0,000;0,000;RRR 1.5in;24,1;1015;47;'26.07.2023 14:14:21.440;;
1076;-433,168;-3105,343;-328,670;0,000;0,000;0,000;0,000;RRR 1.5in;24,1;1015;47;'26.07.2023 14:14:21.450;;
1077;-433,174;-3105,344;-328,674;0,000;0,000;0,000;0,000;RRR 1.5in;24,1;1015;47;'26.07.2023 14:14:21.460;;
1078;-433,187;-3105,348;-328,679;0,000;0,000;0,000;0,000;RRR 1.5in;24,1;1015;47;'26.07.2023 14:14:21.470;;
1079;-433,203;-3105,351;-328,682;0,000;0,000;0,000;0,000;RRR 1.5in;24,1;1015;47;'26.07.2023 14:14:21.480;;
1080;-433,214;-3105,354;-328,685;0,000;0,000;0,000;0,000;RRR 1.5in;24,1;1015;47;'26.07.2023 14:14:21.490;;
1081;-433,216;-3105,355;-328,683;0,000;0,000;0,000;0,000;RRR 1.5in;24,1;1015;47;'26.07.2023 14:14:21.500;;
1082;-433,204;-3105,353;-328,679;0,000;0,000;0,000;0,000;RRR 1.5in;24,1;1015;47;'26.07.2023 14:14:21.510;;
1083;-433,185;-3105,350;-328,674;0,000;0,000;0,000;0,000;RRR 1.5in;24,1;1015;47;'26.07.2023 14:14:21.520;;
1084;-433,175;-3105,348;-328,671;0,000;0,000;0,000;0,000;RRR 1.5in;24,1;1015;47;'26.07.2023 14:14:21.530;;
1085;-433,170;-3105,345;-328,671;0,000;0,000;0,000;0,000;RRR 1.5in;24,1;1015;47;'26.07.2023 14:14:21.540;;
1086;-433,171;-3105,344;-328,672;0,000;0,000;0,000;0,000;RRR 1.5in;24,1;1015;47;'26.07.2023 14:14:21.550;;
1087;-433,176;-3105,345;-328,675;0,000;0,000;0,000;0,000;RRR 1.5in;24,1;1015;47;'26.07.2023 14:14:21.560;;
1088;-433,181;-3105,348;-328,678;0,000;0,000;0,000;0,000;RRR 1.5in;24,1;1015;47;'26.07.2023 14:14:21.570;;
1089;-433,192;-3105,348;-328,681;0,000;0,000;0,000;0,000;RRR 1.5in;24,1;1015;47;'26.07.2023 14:14:21.580;;
1090;-433,225;-3105,353;-328,688;0,000;0,000;0,000;0,000;RRR 1.5in;24,1;1015;47;'26.07.2023 14:14:21.590;;
1091;-433,226;-3105,354;-328,689;0,000;0,000;0,000;0,000;RRR 1.5in;24,1;1015;47;'26.07.2023 14:14:21.600;;
1092;-433,230;-3105,346;-328,684;0,000;0,000;0,000;0,000;RRR 1.5in;24,1;1015;47;'26.07.2023 14:14:21.610;;
1093;-433,193;-3105,342;-328,682;0,000;0,000;0,000;0,000;RRR 1.5in;24,1;1015;47;'26.07.2023 14:14:21.620;;
1094;-433,207;-3105,327;-328,682;0,000;0,000;0,000;0,000;RRR 1.5in;24,1;1015;47;'26.07.2023 14:14:21.630;;
1095;-433,227;-3105,308;-328,683;0,000;0,000;0,000;0,000;RRR 1.5in;24,1;1015;47;'26.07.2023 14:14:21.640;;
1096;-433,310;-3105,284;-328,691;0,000;0,000;0,000;0,000;RRR 1.5in;24,1;1015;47;'26.07.2023 14:14:21.650;;
1097;-433,415;-3105,255;-328,689;0,000;0,000;0,000;0,000;RRR 1.5in;24,1;1015;47;'26.07.2023 14:14:21.660;;
1098;-433,536;-3105,237;-328,693;0,000;0,000;0,000;0,000;RRR 1.5in;24,1;1015;47;'26.07.2023 14:14:21.670;;
1099;-433,701;-3105,221;-328,694;0,000;0,000;0,000;0,000;RRR 1.5in;24,1;1015;47;'26.07.2023 14:14:21.680;;
1100;-433,891;-3105,213;-328,698;0,000;0,000;0,000;0,000;RRR 1.5in;24,1;1015;47;'26.07.2023 14:14:21.690;;
1101;-434,149;-3105,208;-328,701;0,000;0,000;0,000;0,000;RRR 1.5in;24,1;1015;47;'26.07.2023 14:14:21.700;;
1102;-434,418;-3105,212;-328,713;0,000;0,000;0,000;0,000;RRR 1.5in;24,1;1015;47;'26.07.2023 14:14:21.710;;
1103;-434,721;-3105,186;-328,715;0,000;0,000;0,000;0,000;RRR 1.5in;24,1;1015;47;'26.07.2023 14:14:21.720;;
1104;-435,019;-3105,146;-328,709;0,000;0,000;0,000;0,000;RRR 1.5in;24,1;1015;47;'26.07.2023 14:14:21.730;;
1105;-435,363;-3105,104;-328,690;0,000;0,000;0,000;0,000;RRR 1.5in;24,1;1015;47;'26.07.2023 14:14:21.740;;
1106;-435,755;-3105,090;-328,682;0,000;0,000;0,000;0,000;RRR 1.5in;24,1;1015;47;'26.07.2023 14:14:21.750;;
1107;-436,236;-3105,072;-328,678;0,000;0,000;0,000;0,000;RRR 1.5in;24,1;1015;47;'26.07.2023 14:14:21.760;;
1108;-436,776;-3105,033;-328,671;0,000;0,000;0,000;0,000;RRR 1.5in;24,1;1015;47;'26.07.2023 14:14:21.770;;
1109;-437,378;-3104,984;-328,669;0,000;0,000;0,000;0,000;RRR 1.5in;24,1;1015;47;'26.07.2023 14:14:21.780;;
1110;-438,041;-3104,956;-328,686;0,000;0,000;0,000;0,000;RRR 1.5in;24,1;1015;47;'26.07.2023 14:14:21.790;;
1111;-438,734;-3104,916;-328,707;0,000;0,000;0,000;0,000;RRR 1.5in;24,1;1015;47;'26.07.2023 14:14:21.800;;
1112;-439,525;-3104,848;-328,708;0,000;0,000;0,000;0,000;RRR 1.5in;24,1;1015;47;'26.07.2023 14:14:21.810;;
1113;-440,433;-3104,795;-328,697;0,000;0,000;0,000;0,000;RRR 1.5in;24,1;1015;47;'26.07.2023 14:14:21.820;;
1114;-441,438;-3104,786;-328,695;0,000;0,000;0,000;0,000;RRR 1.5in;24,1;1015;47;'26.07.2023 14:14:21.830;;
1115;-442,481;-3104,783;-328,696;0,000;0,000;0,000;0,000;RRR 1.5in;24,1;1015;47;'26.07.2023 14:14:21.840;;
1116;-443,558;-3104,740;-328,675;0,000;0,000;0,000;0,000;RRR 1.5in;24,1;1015;47;'26.07.2023 14:14:21.850;;
1117;-444,647;-3104,671;-328,648;0,000;0,000;0,000;0,000;RRR 1.5in;24,1;1015;47;'26.07.2023 14:14:21.860;;
1118;-445,780;-3104,605;-328,650;0,000;0,000;0,000;0,000;RRR 1.5in;24,1;1015;47;'26.07.2023 14:14:21.870;;
1119;-446,999;-3104,525;-328,660;0,000;0,000;0,000;0,000;RRR 1.5in;24,1;1015;47;'26.07.2023 14:14:21.880;;
1120;-448,318;-3104,427;-328,664;0,000;0,000;0,000;0,000;RRR 1.5in;24,1;1015;47;'26.07.2023 14:14:21.890;;
1121;-449,724;-3104,326;-328,676;0,000;0,000;0,000;0,000;RRR 1.5in;24,1;1015;47;'26.07.2023 14:14:21.900;;
1122;-451,148;-3104,242;-328,688;0,000;0,000;0,000;0,000;RRR 1.5in;24,1;1015;47;'26.07.2023 14:14:21.910;;
1123;-452,609;-3104,175;-328,697;0,000;0,000;0,000;0,000;RRR 1.5in;24,1;1015;47;'26.07.2023 14:14:21.920;;
1124;-454,158;-3104,100;-328,694;0,000;0,000;0,000;0,000;RRR 1.5in;24,1;1015;47;'26.07.2023 14:14:21.930;;
1125;-455,810;-3103,993;-328,675;0,000;0,000;0,000;0,000;RRR 1.5in;24,1;1015;47;'26.07.2023 14:14:21.940;;
1126;-457,549;-3103,895;-328,663;0,000;0,000;0,000;0,000;RRR 1.5in;24,1;1015;47;'26.07.2023 14:14:21.950;;
1127;-459,320;-3103,827;-328,663;0,000;0,000;0,000;0,000;RRR 1.5in;24,1;1015;47;'26.07.2023 14:14:21.960;;
1128;-461,092;-3103,739;-328,654;0,000;0,000;0,000;0,000;RRR 1.5in;24,1;1015;47;'26.07.2023 14:14:21.970;;
1129;-462,857;-3103,627;-328,641;0,000;0,000;0,000;0,000;RRR 1.5in;24,1;1015;47;'26.07.2023 14:14:21.980;;
1130;-464,684;-3103,523;-328,648;0,000;0,000;0,000;0,000;RRR 1.5in;24,1;1015;47;'26.07.2023 14:14:21.990;;
1131;-466,558;-3103,421;-328,656;0,000;0,000;0,000;0,000;RRR 1.5in;24,1;1015;47;'26.07.2023 14:14:22.000;;
1132;-468,459;-3103,295;-328,653;0,000;0,000;0,000;0,000;RRR 1.5in;24,1;1015;47;'26.07.2023 14:14:22.010;;
1133;-470,355;-3103,176;-328,655;0,000;0,000;0,000;0,000;RRR 1.5in;24,1;1015;47;'26.07.2023 14:14:22.020;;
1134;-472,222;-3103,066;-328,664;0,000;0,000;0,000;0,000;RRR 1.5in;24,1;1015;47;'26.07.2023 14:14:22.030;;
1135;-474,076;-3102,945;-328,650;0,000;0,000;0,000;0,000;RRR 1.5in;24,1;1015;47;'26.07.2023 14:14:22.040;;
1136;-475,930;-3102,830;-328,628;0,000;0,000;0,000;0,000;RRR 1.5in;24,1;1015;47;'26.07.2023 14:14:22.050;;
1137;-477,809;-3102,745;-328,624;0,000;0,000;0,000;0,000;RRR 1.5in;24,1;1015;47;'26.07.2023 14:14:22.060;;
1138;-479,701;-3102,659;-328,629;0,000;0,000;0,000;0,000;RRR 1.5in;24,1;1015;47;'26.07.2023 14:14:22.070;;
1139;-481,571;-3102,554;-328,621;0,000;0,000;0,000;0,000;RRR 1.5in;24,1;1015;47;'26.07.2023 14:14:22.080;;
1140;-483,388;-3102,451;-328,619;0,000;0,000;0,000;0,000;RRR 1.5in;24,1;1015;47;'26.07.2023 14:14:22.090;;
1141;-485,164;-3102,359;-328,623;0,000;0,000;0,000;0,000;RRR 1.5in;24,1;1015;47;'26.07.2023 14:14:22.100;;
1142;-486,910;-3102,257;-328,619;0,000;0,000;0,000;0,000;RRR 1.5in;24,1;1015;47;'26.07.2023 14:14:22.110;;
1143;-488,659;-3102,157;-328,615;0,000;0,000;0,000;0,000;RRR 1.5in;24,1;1015;47;'26.07.2023 14:14:22.120;;
1144;-490,383;-3102,072;-328,618;0,000;0,000;0,000;0,000;RRR 1.5in;24,1;1015;47;'26.07.2023 14:14:22.130;;
1145;-492,053;-3101,999;-328,622;0,000;0,000;0,000;0,000;RRR 1.5in;24,1;1015;47;'26.07.2023 14:14:22.140;;
1146;-493,682;-3101,908;-328,625;0,000;0,000;0,000;0,000;RRR 1.5in;24,1;1015;47;'26.07.2023 14:14:22.150;;
1147;-495,274;-3101,786;-328,605;0,000;0,000;0,000;0,000;RRR 1.5in;24,1;1015;47;'26.07.2023 14:14:22.160;;
1148;-496,852;-3101,667;-328,589;0,000;0,000;0,000;0,000;RRR 1.5in;24,1;1015;47;'26.07.2023 14:14:22.170;;
1149;-498,449;-3101,584;-328,587;0,000;0,000;0,000;0,000;RRR 1.5in;24,1;1015;47;'26.07.2023 14:14:22.180;;
1150;-500,023;-3101,510;-328,587;0,000;0,000;0,000;0,000;RRR 1.5in;24,1;1015;47;'26.07.2023 14:14:22.190;;
1151;-501,602;-3101,423;-328,584;0,000;0,000;0,000;0,000;RRR 1.5in;24,1;1015;47;'26.07.2023 14:14:22.200;;
1152;-503,166;-3101,342;-328,590;0,000;0,000;0,000;0,000;RRR 1.5in;24,1;1015;47;'26.07.2023 14:14:22.210;;
1153;-504,773;-3101,253;-328,595;0,000;0,000;0,000;0,000;RRR 1.5in;24,1;1015;47;'26.07.2023 14:14:22.220;;
1154;-506,416;-3101,158;-328,593;0,000;0,000;0,000;0,000;RRR 1.5in;24,1;1015;47;'26.07.2023 14:14:22.230;;
1155;-508,121;-3101,061;-328,595;0,000;0,000;0,000;0,000;RRR 1.5in;24,1;1015;47;'26.07.2023 14:14:22.240;;
1156;-509,852;-3100,976;-328,601;0,000;0,000;0,000;0,000;RRR 1.5in;24,1;1015;47;'26.07.2023 14:14:22.250;;
1157;-511,560;-3100,889;-328,604;0,000;0,000;0,000;0,000;RRR 1.5in;24,1;1015;47;'26.07.2023 14:14:22.260;;
1158;-513,269;-3100,783;-328,591;0,000;0,000;0,000;0,000;RRR 1.5in;24,1;1015;47;'26.07.2023 14:14:22.270;;
1159;-514,978;-3100,682;-328,573;0,000;0,000;0,000;0,000;RRR 1.5in;24,1;1015;47;'26.07.2023 14:14:22.280;;
1160;-516,761;-3100,591;-328,572;0,000;0,000;0,000;0,000;RRR 1.5in;24,1;1015;47;'26.07.2023 14:14:22.290;;
1161;-518,580;-3100,482;-328,566;0,000;0,000;0,000;0,000;RRR 1.5in;24,1;1015;47;'26.07.2023 14:14:22.300;;
1162;-520,413;-3100,349;-328,553;0,000;0,000;0,000;0,000;RRR 1.5in;24,1;1015;47;'26.07.2023 14:14:22.310;;
1163;-522,248;-3100,238;-328,558;0,000;0,000;0,000;0,000;RRR 1.5in;24,1;1015;47;'26.07.2023 14:14:22.320;;
1164;-524,103;-3100,139;-328,570;0,000;0,000;0,000;0,000;RRR 1.5in;24,1;1015;47;'26.07.2023 14:14:22.330;;
1165;-525,992;-3100,022;-328,561;0,000;0,000;0,000;0,000;RRR 1.5in;24,1;1015;47;'26.07.2023 14:14:22.340;;
1166;-527,944;-3099,917;-328,557;0,000;0,000;0,000;0,000;RRR 1.5in;24,1;1015;47;'26.07.2023 14:14:22.350;;
1167;-529,943;-3099,824;-328,563;0,000;0,000;0,000;0,000;RRR 1.5in;24,1;1015;47;'26.07.2023 14:14:22.360;;
1168;-531,934;-3099,713;-328,556;0,000;0,000;0,000;0,000;RRR 1.5in;24,1;1015;47;'26.07.2023 14:14:22.370;;
1169;-533,908;-3099,590;-328,543;0,000;0,000;0,000;0,000;RRR 1.5in;24,1;1015;47;'26.07.2023 14:14:22.380;;
1170;-535,877;-3099,478;-328,536;0,000;0,000;0,000;0,000;RRR 1.5in;24,1;1015;47;'26.07.2023 14:14:22.390;;
1171;-537,867;-3099,367;-328,523;0,000;0,000;0,000;0,000;RRR 1.5in;24,1;1015;47;'26.07.2023 14:14:22.400;;
1172;-539,867;-3099,257;-328,518;0,000;0,000;0,000;0,000;RRR 1.5in;24,1;1015;47;'26.07.2023 14:14:22.410;;
1173;-541,870;-3099,135;-328,511;0,000;0,000;0,000;0,000;RRR 1.5in;24,1;1015;47;'26.07.2023 14:14:22.420;;
1174;-543,837;-3099,009;-328,510;0,000;0,000;0,000;0,000;RRR 1.5in;24,1;1015;47;'26.07.2023 14:14:22.430;;
1175;-545,801;-3098,884;-328,514;0,000;0,000;0,000;0,000;RRR 1.5in;24,1;1015;47;'26.07.2023 14:14:22.440;;
1176;-547,770;-3098,772;-328,527;0,000;0,000;0,000;0,000;RRR 1.5in;24,1;1015;47;'26.07.2023 14:14:22.450;;
1177;-549,773;-3098,649;-328,530;0,000;0,000;0,000;0,000;RRR 1.5in;24,1;1015;47;'26.07.2023 14:14:22.460;;
1178;-551,778;-3098,532;-328,527;0,000;0,000;0,000;0,000;RRR 1.5in;24,1;1015;47;'26.07.2023 14:14:22.470;;
1179;-553,798;-3098,429;-328,526;0,000;0,000;0,000;0,000;RRR 1.5in;24,1;1015;47;'26.07.2023 14:14:22.480;;
1180;-555,818;-3098,334;-328,528;0,000;0,000;0,000;0,000;RRR 1.5in;24,1;1015;47;'26.07.2023 14:14:22.490;;
1181;-557,823;-3098,221;-328,519;0,000;0,000;0,000;0,000;RRR 1.5in;24,1;1015;47;'26.07.2023 14:14:22.500;;
1182;-559,817;-3098,109;-328,512;0,000;0,000;0,000;0,000;RRR 1.5in;24,1;1015;47;'26.07.2023 14:14:22.510;;
1183;-561,815;-3098,000;-328,504;0,000;0,000;0,000;0,000;RRR 1.5in;24,1;1015;47;'26.07.2023 14:14:22.520;;
1184;-563,802;-3097,884;-328,495;0,000;0,000;0,000;0,000;RRR 1.5in;24,1;1015;47;'26.07.2023 14:14:22.530;;
1185;-565,806;-3097,763;-328,494;0,000;0,000;0,000;0,000;RRR 1.5in;24,1;1015;47;'26.07.2023 14:14:22.540;;
1186;-567,796;-3097,645;-328,496;0,000;0,000;0,000;0,000;RRR 1.5in;24,1;1015;47;'26.07.2023 14:14:22.550;;
1187;-569,772;-3097,533;-328,509;0,000;0,000;0,000;0,000;RRR 1.5in;24,1;1015;47;'26.07.2023 14:14:22.560;;
1188;-571,746;-3097,419;-328,517;0,000;0,000;0,000;0,000;RRR 1.5in;24,1;1015;47;'26.07.2023 14:14:22.570;;
1189;-573,728;-3097,295;-328,516;0,000;0,000;0,000;0,000;RRR 1.5in;24,1;1015;47;'26.07.2023 14:14:22.580;;
1190;-575,741;-3097,178;-328,512;0,000;0,000;0,000;0,000;RRR 1.5in;24,1;1015;47;'26.07.2023 14:14:22.590;;
1191;-577,766;-3097,070;-328,514;0,000;0,000;0,000;0,000;RRR 1.5in;24,1;1015;47;'26.07.2023 14:14:22.600;;
1192;-579,780;-3096,959;-328,503;0,000;0,000;0,000;0,000;RRR 1.5in;24,1;1015;47;'26.07.2023 14:14:22.610;;
1193;-581,776;-3096,861;-328,498;0,000;0,000;0,000;0,000;RRR 1.5in;24,1;1015;47;'26.07.2023 14:14:22.620;;
1194;-583,782;-3096,763;-328,497;0,000;0,000;0,000;0,000;RRR 1.5in;24,1;1015;47;'26.07.2023 14:14:22.630;;
1195;-585,771;-3096,645;-328,491;0,000;0,000;0,000;0,000;RRR 1.5in;24,1;1015;47;'26.07.2023 14:14:22.640;;
1196;-587,789;-3096,514;-328,488;0,000;0,000;0,000;0,000;RRR 1.5in;24,1;1015;47;'26.07.2023 14:14:22.650;;
1197;-589,775;-3096,394;-328,494;0,000;0,000;0,000;0,000;RRR 1.5in;24,1;1015;47;'26.07.2023 14:14:22.660;;
1198;-591,720;-3096,269;-328,496;0,000;0,000;0,000;0,000;RRR 1.5in;24,1;1015;47;'26.07.2023 14:14:22.670;;
1199;-593,614;-3096,159;-328,497;0,000;0,000;0,000;0,000;RRR 1.5in;24,1;1015;47;'26.07.2023 14:14:22.680;;
1200;-595,490;-3096,056;-328,499;0,000;0,000;0,000;0,000;RRR 1.5in;24,1;1015;47;'26.07.2023 14:14:22.690;;
1201;-597,357;-3095,942;-328,493;0,000;0,000;0,000;0,000;RRR 1.5in;24,1;1015;47;'26.07.2023 14:14:22.700;;
1202;-599,205;-3095,828;-328,488;0,000;0,000;0,000;0,000;RRR 1.5in;24,1;1015;47;'26.07.2023 14:14:22.710;;
1203;-601,034;-3095,725;-328,480;0,000;0,000;0,000;0,000;RRR 1.5in;24,1;1015;47;'26.07.2023 14:14:22.720;;
1204;-602,831;-3095,622;-328,478;0,000;0,000;0,000;0,000;RRR 1.5in;24,1;1015;47;'26.07.2023 14:14:22.730;;
1205;-604,600;-3095,512;-328,475;0,000;0,000;0,000;0,000;RRR 1.5in;24,1;1015;47;'26.07.2023 14:14:22.740;;
1206;-606,324;-3095,408;-328,472;0,000;0,000;0,000;0,000;RRR 1.5in;24,1;1015;47;'26.07.2023 14:14:22.750;;
1207;-608,009;-3095,323;-328,471;0,000;0,000;0,000;0,000;RRR 1.5in;24,1;1015;47;'26.07.2023 14:14:22.760;;
1208;-609,648;-3095,238;-328,462;0,000;0,000;0,000;0,000;RRR 1.5in;24,1;1015;47;'26.07.2023 14:14:22.770;;
1209;-611,209;-3095,139;-328,441;0,000;0,000;0,000;0,000;RRR 1.5in;24,1;1015;47;'26.07.2023 14:14:22.780;;
1210;-612,715;-3095,042;-328,427;0,000;0,000;0,000;0,000;RRR 1.5in;24,1;1015;47;'26.07.2023 14:14:22.790;;
1211;-614,149;-3094,940;-328,399;0,000;0,000;0,000;0,000;RRR 1.5in;24,1;1015;47;'26.07.2023 14:14:22.800;;
1212;-615,513;-3094,839;-328,361;0,000;0,000;0,000;0,000;RRR 1.5in;24,1;1015;47;'26.07.2023 14:14:22.810;;
1213;-616,833;-3094,765;-328,320;0,000;0,000;0,000;0,000;RRR 1.5in;24,1;1015;47;'26.07.2023 14:14:22.820;;
1214;-618,075;-3094,714;-328,278;0,000;0,000;0,000;0,000;RRR 1.5in;24,1;1015;47;'26.07.2023 14:14:22.830;;
1215;-619,252;-3094,668;-328,220;0,000;0,000;0,000;0,000;RRR 1.5in;24,1;1015;47;'26.07.2023 14:14:22.840;;
1216;-620,332;-3094,623;-328,154;0,000;0,000;0,000;0,000;RRR 1.5in;24,1;1015;47;'26.07.2023 14:14:22.850;;
1217;-621,348;-3094,570;-328,065;0,000;0,000;0,000;0,000;RRR 1.5in;24,1;1015;47;'26.07.2023 14:14:22.860;;
1218;-622,354;-3094,550;-327,984;0,000;0,000;0,000;0,000;RRR 1.5in;24,1;1015;47;'26.07.2023 14:14:22.870;;
1219;-623,290;-3094,606;-327,966;0,000;0,000;0,000;0,000;RRR 1.5in;24,1;1015;47;'26.07.2023 14:14:22.880;;
1220;-624,098;-3094,639;-327,970;0,000;0,000;0,000;0,000;RRR 1.5in;24,1;1015;47;'26.07.2023 14:14:22.890;;
1221;-624,735;-3094,545;-327,915;0,000;0,000;0,000;0,000;RRR 1.5in;24,1;1015;47;'26.07.2023 14:14:22.900;;
1222;-625,296;-3094,374;-327,804;0,000;0,000;0,000;0,000;RRR 1.5in;24,1;1015;47;'26.07.2023 14:14:22.910;;
1223;-625,847;-3094,247;-327,690;0,000;0,000;0,000;0,000;RRR 1.5in;24,1;1015;47;'26.07.2023 14:14:22.920;;
1224;-626,393;-3094,224;-327,576;0,000;0,000;0,000;0,000;RRR 1.5in;24,1;1015;47;'26.07.2023 14:14:22.930;;
1225;-626,913;-3094,247;-327,415;0,000;0,000;0,000;0,000;RRR 1.5in;24,1;1015;47;'26.07.2023 14:14:22.940;;
1226;-627,410;-3094,306;-327,232;0,000;0,000;0,000;0,000;RRR 1.5in;24,1;1015;47;'26.07.2023 14:14:22.950;;
1227;-627,876;-3094,354;-327,024;0,000;0,000;0,000;0,000;RRR 1.5in;24,1;1015;47;'26.07.2023 14:14:22.960;;
1228;-628,353;-3094,382;-326,821;0,000;0,000;0,000;0,000;RRR 1.5in;24,1;1015;47;'26.07.2023 14:14:22.970;;
1229;-628,890;-3094,374;-326,627;0,000;0,000;0,000;0,000;RRR 1.5in;24,1;1015;47;'26.07.2023 14:14:22.980;;
1230;-629,466;-3094,368;-326,471;0,000;0,000;0,000;0,000;RRR 1.5in;24,1;1015;47;'26.07.2023 14:14:22.990;;
1231;-630,016;-3094,352;-326,337;0,000;0,000;0,000;0,000;RRR 1.5in;24,1;1015;47;'26.07.2023 14:14:23.000;;
1232;-630,503;-3094,342;-326,217;0,000;0,000;0,000;0,000;RRR 1.5in;24,1;1015;47;'26.07.2023 14:14:23.010;;
1233;-630,926;-3094,308;-326,090;0,000;0,000;0,000;0,000;RRR 1.5in;24,1;1015;47;'26.07.2023 14:14:23.020;;
1234;-631,358;-3094,253;-325,960;0,000;0,000;0,000;0,000;RRR 1.5in;24,1;1015;47;'26.07.2023 14:14:23.030;;
1235;-631,821;-3094,179;-325,817;0,000;0,000;0,000;0,000;RRR 1.5in;24,1;1015;47;'26.07.2023 14:14:23.040;;
1236;-632,288;-3094,127;-325,659;0,000;0,000;0,000;0,000;RRR 1.5in;24,1;1015;47;'26.07.2023 14:14:23.050;;
1237;-632,740;-3094,095;-325,481;0,000;0,000;0,000;0,000;RRR 1.5in;24,1;1015;47;'26.07.2023 14:14:23.060;;
1238;-633,166;-3094,071;-325,284;0,000;0,000;0,000;0,000;RRR 1.5in;24,1;1015;47;'26.07.2023 14:14:23.070;;
1239;-633,584;-3094,041;-325,074;0,000;0,000;0,000;0,000;RRR 1.5in;24,1;1015;47;'26.07.2023 14:14:23.080;;
1240;-634,041;-3094,032;-324,872;0,000;0,000;0,000;0,000;RRR 1.5in;24,1;1015;47;'26.07.2023 14:14:23.090;;
1241;-634,538;-3094,049;-324,692;0,000;0,000;0,000;0,000;RRR 1.5in;24,1;1015;47;'26.07.2023 14:14:23.100;;
1242;-635,061;-3094,066;-324,545;0,000;0,000;0,000;0,000;RRR 1.5in;24,1;1015;47;'26.07.2023 14:14:23.110;;
1243;-635,583;-3094,042;-324,418;0,000;0,000;0,000;0,000;RRR 1.5in;24,1;1015;47;'26.07.2023 14:14:23.120;;
1244;-636,088;-3093,954;-324,283;0,000;0,000;0,000;0,000;RRR 1.5in;24,1;1015;47;'26.07.2023 14:14:23.130;;
1245;-636,553;-3093,853;-324,136;0,000;0,000;0,000;0,000;RRR 1.5in;24,1;1015;47;'26.07.2023 14:14:23.140;;
1246;-637,007;-3093,823;-324,010;0,000;0,000;0,000;0,000;RRR 1.5in;24,1;1015;47;'26.07.2023 14:14:23.150;;
1247;-637,481;-3093,835;-323,886;0,000;0,000;0,000;0,000;RRR 1.5in;24,1;1015;47;'26.07.2023 14:14:23.160;;
1248;-637,945;-3093,817;-323,717;0,000;0,000;0,000;0,000;RRR 1.5in;24,1;1015;47;'26.07.2023 14:14:23.170;;
1249;-638,405;-3093,779;-323,513;0,000;0,000;0,000;0,000;RRR 1.5in;24,1;1015;47;'26.07.2023 14:14:23.180;;
1250;-638,849;-3093,778;-323,320;0,000;0,000;0,000;0,000;RRR 1.5in;24,1;1015;47;'26.07.2023 14:14:23.190;;
1251;-639,272;-3093,791;-323,142;0,000;0,000;0,000;0,000;RRR 1.5in;24,1;1015;47;'26.07.2023 14:14:23.200;;
1252;-639,717;-3093,766;-322,954;0,000;0,000;0,000;0,000;RRR 1.5in;24,1;1015;47;'26.07.2023 14:14:23.210;;
1253;-640,206;-3093,702;-322,766;0,000;0,000;0,000;0,000;RRR 1.5in;24,1;1015;47;'26.07.2023 14:14:23.220;;
1254;-640,713;-3093,652;-322,598;0,000;0,000;0,000;0,000;RRR 1.5in;24,1;1015;47;'26.07.2023 14:14:23.230;;
1255;-641,213;-3093,652;-322,469;0,000;0,000;0,000;0,000;RRR 1.5in;24,1;1015;47;'26.07.2023 14:14:23.240;;
1256;-641,715;-3093,658;-322,348;0,000;0,000;0,000;0,000;RRR 1.5in;24,1;1015;47;'26.07.2023 14:14:23.250;;
1257;-642,200;-3093,617;-322,201;0,000;0,000;0,000;0,000;RRR 1.5in;24,1;1015;47;'26.07.2023 14:14:23.260;;
1258;-642,678;-3093,560;-322,045;0,000;0,000;0,000;0,000;RRR 1.5in;24,1;1015;47;'26.07.2023 14:14:23.270;;
1259;-643,154;-3093,548;-321,901;0,000;0,000;0,000;0,000;RRR 1.5in;24,1;1015;47;'26.07.2023 14:14:23.280;;
1260;-643,619;-3093,555;-321,747;0,000;0,000;0,000;0,000;RRR 1.5in;24,1;1015;47;'26.07.2023 14:14:23.290;;
1261;-644,078;-3093,523;-321,568;0,000;0,000;0,000;0,000;RRR 1.5in;24,1;1015;47;'26.07.2023 14:14:23.300;;
1262;-644,538;-3093,451;-321,377;0,000;0,000;0,000;0,000;RRR 1.5in;24,1;1015;47;'26.07.2023 14:14:23.310;;
1263;-644,985;-3093,385;-321,185;0,000;0,000;0,000;0,000;RRR 1.5in;24,1;1015;47;'26.07.2023 14:14:23.320;;
1264;-645,428;-3093,357;-321,008;0,000;0,000;0,000;0,000;RRR 1.5in;24,1;1015;47;'26.07.2023 14:14:23.330;;
1265;-645,895;-3093,354;-320,847;0,000;0,000;0,000;0,000;RRR 1.5in;24,1;1015;47;'26.07.2023 14:14:23.340;;
1266;-646,391;-3093,335;-320,693;0,000;0,000;0,000;0,000;RRR 1.5in;24,1;1015;47;'26.07.2023 14:14:23.350;;
1267;-646,897;-3093,297;-320,538;0,000;0,000;0,000;0,000;RRR 1.5in;24,1;1015;47;'26.07.2023 14:14:23.360;;
1268;-647,395;-3093,274;-320,398;0,000;0,000;0,000;0,000;RRR 1.5in;24,1;1015;47;'26.07.2023 14:14:23.370;;
1269;-647,876;-3093,256;-320,268;0,000;0,000;0,000;0,000;RRR 1.5in;24,1;1015;47;'26.07.2023 14:14:23.380;;
1270;-648,338;-3093,203;-320,123;0,000;0,000;0,000;0,000;RRR 1.5in;24,1;1015;47;'26.07.2023 14:14:23.390;;
1271;-648,816;-3093,123;-319,957;0,000;0,000;0,000;0,000;RRR 1.5in;24,1;1015;47;'26.07.2023 14:14:23.400;;
1272;-649,292;-3093,073;-319,782;0,000;0,000;0,000;0,000;RRR 1.5in;24,1;1015;47;'26.07.2023 14:14:23.410;;
1273;-649,758;-3093,078;-319,616;0,000;0,000;0,000;0,000;RRR 1.5in;24,1;1015;47;'26.07.2023 14:14:23.420;;
1274;-650,215;-3093,103;-319,449;0,000;0,000;0,000;0,000;RRR 1.5in;24,1;1015;47;'26.07.2023 14:14:23.430;;
1275;-650,669;-3093,093;-319,267;0,000;0,000;0,000;0,000;RRR 1.5in;24,1;1015;47;'26.07.2023 14:14:23.440;;
1276;-651,124;-3093,050;-319,075;0,000;0,000;0,000;0,000;RRR 1.5in;24,1;1015;47;'26.07.2023 14:14:23.450;;
1277;-651,584;-3093,024;-318,903;0,000;0,000;0,000;0,000;RRR 1.5in;24,1;1015;47;'26.07.2023 14:14:23.460;;
1278;-652,060;-3093,022;-318,761;0,000;0,000;0,000;0,000;RRR 1.5in;24,1;1015;47;'26.07.2023 14:14:23.470;;
1279;-652,547;-3093,001;-318,616;0,000;0,000;0,000;0,000;RRR 1.5in;24,1;1015;47;'26.07.2023 14:14:23.480;;
1280;-653,039;-3092,941;-318,464;0,000;0,000;0,000;0,000;RRR 1.5in;24,1;1015;47;'26.07.2023 14:14:23.490;;
1281;-653,535;-3092,880;-318,318;0,000;0,000;0,000;0,000;RRR 1.5in;24,1;1015;47;'26.07.2023 14:14:23.500;;
1282;-654,010;-3092,846;-318,173;0,000;0,000;0,000;0,000;RRR 1.5in;24,1;1015;47;'26.07.2023 14:14:23.510;;
1283;-654,477;-3092,835;-318,023;0,000;0,000;0,000;0,000;RRR 1.5in;24,1;1015;47;'26.07.2023 14:14:23.520;;
1284;-654,950;-3092,822;-317,860;0,000;0,000;0,000;0,000;RRR 1.5in;24,1;1015;47;'26.07.2023 14:14:23.530;;
1285;-655,428;-3092,796;-317,680;0,000;0,000;0,000;0,000;RRR 1.5in;24,1;1015;47;'26.07.2023 14:14:23.540;;
1286;-655,894;-3092,784;-317,496;0,000;0,000;0,000;0,000;RRR 1.5in;24,1;1015;47;'26.07.2023 14:14:23.550;;
1287;-656,346;-3092,791;-317,324;0,000;0,000;0,000;0,000;RRR 1.5in;24,1;1015;47;'26.07.2023 14:14:23.560;;
1288;-656,797;-3092,778;-317,158;0,000;0,000;0,000;0,000;RRR 1.5in;24,1;1015;47;'26.07.2023 14:14:23.570;;
1289;-657,263;-3092,718;-316,983;0,000;0,000;0,000;0,000;RRR 1.5in;24,1;1015;47;'26.07.2023 14:14:23.580;;
1290;-657,746;-3092,652;-316,817;0,000;0,000;0,000;0,000;RRR 1.5in;24,1;1015;47;'26.07.2023 14:14:23.590;;
1291;-658,232;-3092,617;-316,671;0,000;0,000;0,000;0,000;RRR 1.5in;24,1;1015;47;'26.07.2023 14:14:23.600;;
1292;-658,709;-3092,598;-316,528;0,000;0,000;0,000;0,000;RRR 1.5in;24,1;1015;47;'26.07.2023 14:14:23.610;;
1293;-659,188;-3092,574;-316,381;0,000;0,000;0,000;0,000;RRR 1.5in;24,1;1015;47;'26.07.2023 14:14:23.620;;
1294;-659,682;-3092,539;-316,227;0,000;0,000;0,000;0,000;RRR 1.5in;24,1;1015;47;'26.07.2023 14:14:23.630;;
1295;-660,164;-3092,505;-316,066;0,000;0,000;0,000;0,000;RRR 1.5in;24,1;1015;47;'26.07.2023 14:14:23.640;;
1296;-660,634;-3092,489;-315,899;0,000;0,000;0,000;0,000;RRR 1.5in;24,1;1015;47;'26.07.2023 14:14:23.650;;
1297;-661,102;-3092,482;-315,730;0,000;0,000;0,000;0,000;RRR 1.5in;24,1;1015;47;'26.07.2023 14:14:23.660;;
1298;-661,566;-3092,455;-315,555;0,000;0,000;0,000;0,000;RRR 1.5in;24,1;1015;47;'26.07.2023 14:14:23.670;;
1299;-662,031;-3092,404;-315,380;0,000;0,000;0,000;0,000;RRR 1.5in;24,1;1015;47;'26.07.2023 14:14:23.680;;
1300;-662,491;-3092,356;-315,211;0,000;0,000;0,000;0,000;RRR 1.5in;24,1;1015;47;'26.07.2023 14:14:23.690;;
1301;-662,949;-3092,321;-315,049;0,000;0,000;0,000;0,000;RRR 1.5in;24,1;1015;47;'26.07.2023 14:14:23.700;;
1302;-663,415;-3092,303;-314,897;0,000;0,000;0,000;0,000;RRR 1.5in;24,1;1015;47;'26.07.2023 14:14:23.710;;
1303;-663,904;-3092,292;-314,759;0,000;0,000;0,000;0,000;RRR 1.5in;24,1;1015;47;'26.07.2023 14:14:23.720;;
1304;-664,399;-3092,267;-314,614;0,000;0,000;0,000;0,000;RRR 1.5in;24,1;1015;47;'26.07.2023 14:14:23.730;;
1305;-664,871;-3092,231;-314,455;0,000;0,000;0,000;0,000;RRR 1.5in;24,1;1015;47;'26.07.2023 14:14:23.740;;
1306;-665,337;-3092,210;-314,297;0,000;0,000;0,000;0,000;RRR 1.5in;24,1;1015;47;'26.07.2023 14:14:23.750;;
1307;-665,811;-3092,203;-314,146;0,000;0,000;0,000;0,000;RRR 1.5in;24,1;1015;47;'26.07.2023 14:14:23.760;;
1308;-666,284;-3092,174;-313,978;0,000;0,000;0,000;0,000;RRR 1.5in;24,1;1015;47;'26.07.2023 14:14:23.770;;
1309;-666,757;-3092,127;-313,795;0,000;0,000;0,000;0,000;RRR 1.5in;24,1;1015;47;'26.07.2023 14:14:23.780;;
1310;-667,221;-3092,098;-313,618;0,000;0,000;0,000;0,000;RRR 1.5in;24,1;1015;47;'26.07.2023 14:14:23.790;;
1311;-667,678;-3092,091;-313,453;0,000;0,000;0,000;0,000;RRR 1.5in;24,1;1015;47;'26.07.2023 14:14:23.800;;
1312;-668,142;-3092,083;-313,293;0,000;0,000;0,000;0,000;RRR 1.5in;24,1;1015;47;'26.07.2023 14:14:23.810;;
1313;-668,623;-3092,052;-313,134;0,000;0,000;0,000;0,000;RRR 1.5in;24,1;1015;47;'26.07.2023 14:14:23.820;;
1314;-669,098;-3092,011;-312,973;0,000;0,000;0,000;0,000;RRR 1.5in;24,1;1015;47;'26.07.2023 14:14:23.830;;
1315;-669,571;-3091,990;-312,822;0,000;0,000;0,000;0,000;RRR 1.5in;24,1;1015;47;'26.07.2023 14:14:23.840;;
1316;-670,052;-3091,988;-312,683;0,000;0,000;0,000;0,000;RRR 1.5in;24,1;1015;47;'26.07.2023 14:14:23.850;;
1317;-670,535;-3091,958;-312,535;0,000;0,000;0,000;0,000;RRR 1.5in;24,1;1015;47;'26.07.2023 14:14:23.860;;
1318;-671,016;-3091,894;-312,370;0,000;0,000;0,000;0,000;RRR 1.5in;24,1;1015;47;'26.07.2023 14:14:23.870;;
1319;-671,490;-3091,831;-312,206;0,000;0,000;0,000;0,000;RRR 1.5in;24,1;1015;47;'26.07.2023 14:14:23.880;;
1320;-671,956;-3091,793;-312,039;0,000;0,000;0,000;0,000;RRR 1.5in;24,1;1015;47;'26.07.2023 14:14:23.890;;
1321;-672,419;-3091,777;-311,868;0,000;0,000;0,000;0,000;RRR 1.5in;24,1;1015;47;'26.07.2023 14:14:23.900;;
1322;-672,896;-3091,768;-311,702;0,000;0,000;0,000;0,000;RRR 1.5in;24,1;1015;47;'26.07.2023 14:14:23.910;;
1323;-673,377;-3091,752;-311,538;0,000;0,000;0,000;0,000;RRR 1.5in;24,1;1015;47;'26.07.2023 14:14:23.920;;
1324;-673,846;-3091,719;-311,366;0,000;0,000;0,000;0,000;RRR 1.5in;24,1;1015;47;'26.07.2023 14:14:23.930;;
1325;-674,308;-3091,689;-311,199;0,000;0,000;0,000;0,000;RRR 1.5in;24,1;1015;47;'26.07.2023 14:14:23.940;;
1326;-674,776;-3091,667;-311,047;0,000;0,000;0,000;0,000;RRR 1.5in;24,1;1015;47;'26.07.2023 14:14:23.950;;
1327;-675,255;-3091,636;-310,898;0,000;0,000;0,000;0,000;RRR 1.5in;24,1;1015;47;'26.07.2023 14:14:23.960;;
1328;-675,739;-3091,587;-310,741;0,000;0,000;0,000;0,000;RRR 1.5in;24,1;1015;47;'26.07.2023 14:14:23.970;;
1329;-676,214;-3091,547;-310,583;0,000;0,000;0,000;0,000;RRR 1.5in;24,1;1015;47;'26.07.2023 14:14:23.980;;
1330;-676,682;-3091,523;-310,425;0,000;0,000;0,000;0,000;RRR 1.5in;24,1;1015;47;'26.07.2023 14:14:23.990;;
1331;-677,150;-3091,506;-310,267;0,000;0,000;0,000;0,000;RRR 1.5in;24,1;1015;47;'26.07.2023 14:14:24.000;;
1332;-677,632;-3091,485;-310,107;0,000;0,000;0,000;0,000;RRR 1.5in;24,1;1015;47;'26.07.2023 14:14:24.010;;
1333;-678,111;-3091,454;-309,936;0,000;0,000;0,000;0,000;RRR 1.5in;24,1;1015;47;'26.07.2023 14:14:24.020;;
1334;-678,570;-3091,429;-309,761;0,000;0,000;0,000;0,000;RRR 1.5in;24,1;1015;47;'26.07.2023 14:14:24.030;;
1335;-679,029;-3091,424;-309,591;0,000;0,000;0,000;0,000;RRR 1.5in;24,1;1015;47;'26.07.2023 14:14:24.040;;
1336;-679,503;-3091,425;-309,429;0,000;0,000;0,000;0,000;RRR 1.5in;24,1;1015;47;'26.07.2023 14:14:24.050;;
1337;-679,985;-3091,404;-309,269;0,000;0,000;0,000;0,000;RRR 1.5in;24,1;1015;47;'26.07.2023 14:14:24.060;;
1338;-680,462;-3091,363;-309,114;0,000;0,000;0,000;0,000;RRR 1.5in;24,1;1015;47;'26.07.2023 14:14:24.070;;
1339;-680,934;-3091,310;-308,962;0,000;0,000;0,000;0,000;RRR 1.5in;24,1;1015;47;'26.07.2023 14:14:24.080;;
1340;-681,398;-3091,257;-308,805;0,000;0,000;0,000;0,000;RRR 1.5in;24,1;1015;47;'26.07.2023 14:14:24.090;;
1341;-681,876;-3091,222;-308,649;0,000;0,000;0,000;0,000;RRR 1.5in;24,1;1015;47;'26.07.2023 14:14:24.100;;
1342;-682,371;-3091,210;-308,500;0,000;0,000;0,000;0,000;RRR 1.5in;24,1;1015;47;'26.07.2023 14:14:24.110;;
1343;-682,855;-3091,205;-308,342;0,000;0,000;0,000;0,000;RRR 1.5in;24,1;1015;47;'26.07.2023 14:14:24.120;;
1344;-683,323;-3091,186;-308,169;0,000;0,000;0,000;0,000;RRR 1.5in;24,1;1015;47;'26.07.2023 14:14:24.130;;
1345;-683,787;-3091,157;-307,995;0,000;0,000;0,000;0,000;RRR 1.5in;24,1;1015;47;'26.07.2023 14:14:24.140;;
1346;-684,260;-3091,121;-307,823;0,000;0,000;0,000;0,000;RRR 1.5in;24,1;1015;47;'26.07.2023 14:14:24.150;;
1347;-684,734;-3091,084;-307,658;0,000;0,000;0,000;0,000;RRR 1.5in;24,1;1015;47;'26.07.2023 14:14:24.160;;
1348;-685,204;-3091,043;-307,493;0,000;0,000;0,000;0,000;RRR 1.5in;24,1;1015;47;'26.07.2023 14:14:24.170;;
1349;-685,665;-3091,000;-307,328;0,000;0,000;0,000;0,000;RRR 1.5in;24,1;1015;47;'26.07.2023 14:14:24.180;;
1350;-686,125;-3090,961;-307,160;0,000;0,000;0,000;0,000;RRR 1.5in;24,1;1015;47;'26.07.2023 14:14:24.190;;
1351;-686,606;-3090,946;-307,003;0,000;0,000;0,000;0,000;RRR 1.5in;24,1;1015;47;'26.07.2023 14:14:24.200;;
1352;-687,091;-3090,943;-306,860;0,000;0,000;0,000;0,000;RRR 1.5in;24,1;1015;47;'26.07.2023 14:14:24.210;;
1353;-687,554;-3090,921;-306,716;0,000;0,000;0,000;0,000;RRR 1.5in;24,1;1015;47;'26.07.2023 14:14:24.220;;
1354;-687,978;-3090,875;-306,563;0,000;0,000;0,000;0,000;RRR 1.5in;24,1;1015;47;'26.07.2023 14:14:24.230;;
1355;-688,363;-3090,833;-306,414;0,000;0,000;0,000;0,000;RRR 1.5in;24,1;1015;47;'26.07.2023 14:14:24.240;;
1356;-688,735;-3090,818;-306,285;0,000;0,000;0,000;0,000;RRR 1.5in;24,1;1015;47;'26.07.2023 14:14:24.250;;
1357;-689,093;-3090,815;-306,163;0,000;0,000;0,000;0,000;RRR 1.5in;24,1;1015;47;'26.07.2023 14:14:24.260;;
1358;-689,421;-3090,812;-306,045;0,000;0,000;0,000;0,000;RRR 1.5in;24,1;1015;47;'26.07.2023 14:14:24.270;;
1359;-689,735;-3090,801;-305,945;0,000;0,000;0,000;0,000;RRR 1.5in;24,1;1015;47;'26.07.2023 14:14:24.280;;
1360;-690,018;-3090,774;-305,857;0,000;0,000;0,000;0,000;RRR 1.5in;24,1;1015;47;'26.07.2023 14:14:24.290;;
1361;-690,272;-3090,729;-305,772;0,000;0,000;0,000;0,000;RRR 1.5in;24,1;1015;47;'26.07.2023 14:14:24.300;;
1362;-690,506;-3090,701;-305,700;0,000;0,000;0,000;0,000;RRR 1.5in;24,1;1015;47;'26.07.2023 14:14:24.310;;
1363;-690,707;-3090,703;-305,636;0,000;0,000;0,000;0,000;RRR 1.5in;24,1;1015;47;'26.07.2023 14:14:24.320;;
1364;-690,883;-3090,723;-305,579;0,000;0,000;0,000;0,000;RRR 1.5in;24,1;1015;47;'26.07.2023 14:14:24.330;;
1365;-691,040;-3090,737;-305,527;0,000;0,000;0,000;0,000;RRR 1.5in;24,1;1015;47;'26.07.2023 14:14:24.340;;
1366;-691,173;-3090,729;-305,477;0,000;0,000;0,000;0,000;RRR 1.5in;24,1;1015;47;'26.07.2023 14:14:24.350;;
1367;-691,274;-3090,706;-305,429;0,000;0,000;0,000;0,000;RRR 1.5in;24,1;1015;47;'26.07.2023 14:14:24.360;;
1368;-691,343;-3090,691;-305,395;0,000;0,000;0,000;0,000;RRR 1.5in;24,1;1015;47;'26.07.2023 14:14:24.370;;
1369;-691,383;-3090,689;-305,371;0,000;0,000;0,000;0,000;RRR 1.5in;24,1;1015;47;'26.07.2023 14:14:24.380;;
1370;-691,408;-3090,691;-305,355;0,000;0,000;0,000;0,000;RRR 1.5in;24,1;1015;47;'26.07.2023 14:14:24.390;;
1371;-691,430;-3090,696;-305,350;0,000;0,000;0,000;0,000;RRR 1.5in;24,1;1015;47;'26.07.2023 14:14:24.400;;
1372;-691,434;-3090,707;-305,353;0,000;0,000;0,000;0,000;RRR 1.5in;24,1;1015;47;'26.07.2023 14:14:24.410;;
1373;-691,436;-3090,718;-305,356;0,000;0,000;0,000;0,000;RRR 1.5in;24,1;1015;47;'26.07.2023 14:14:24.420;;
1374;-691,450;-3090,718;-305,359;0,000;0,000;0,000;0,000;RRR 1.5in;24,1;1015;47;'26.07.2023 14:14:24.430;;
1375;-691,473;-3090,713;-305,361;0,000;0,000;0,000;0,000;RRR 1.5in;24,1;1015;47;'26.07.2023 14:14:24.440;;
1376;-691,501;-3090,708;-305,362;0,000;0,000;0,000;0,000;RRR 1.5in;24,1;1015;47;'26.07.2023 14:14:24.450;;
1377;-691,512;-3090,711;-305,359;0,000;0,000;0,000;0,000;RRR 1.5in;24,1;1015;47;'26.07.2023 14:14:24.460;;
1378;-691,502;-3090,717;-305,352;0,000;0,000;0,000;0,000;RRR 1.5in;24,1;1015;47;'26.07.2023 14:14:24.470;;
1379;-691,494;-3090,724;-305,345;0,000;0,000;0,000;0,000;RRR 1.5in;24,1;1015;47;'26.07.2023 14:14:24.480;;
1380;-691,490;-3090,725;-305,341;0,000;0,000;0,000;0,000;RRR 1.5in;24,1;1015;47;'26.07.2023 14:14:24.490;;
1381;-691,488;-3090,719;-305,342;0,000;0,000;0,000;0,000;RRR 1.5in;24,1;1015;47;'26.07.2023 14:14:24.500;;
1382;-691,479;-3090,711;-305,347;0,000;0,000;0,000;0,000;RRR 1.5in;24,1;1015;47;'26.07.2023 14:14:24.510;;
1383;-691,465;-3090,701;-305,345;0,000;0,000;0,000;0,000;RRR 1.5in;24,1;1015;47;'26.07.2023 14:14:24.520;;
1384;-691,452;-3090,697;-305,348;0,000;0,000;0,000;0,000;RRR 1.5in;24,1;1015;47;'26.07.2023 14:14:24.530;;
1385;-691,463;-3090,700;-305,351;0,000;0,000;0,000;0,000;RRR 1.5in;24,1;1015;47;'26.07.2023 14:14:24.540;;
1386;-691,491;-3090,709;-305,355;0,000;0,000;0,000;0,000;RRR 1.5in;24,1;1015;47;'26.07.2023 14:14:24.550;;
1387;-691,511;-3090,716;-305,353;0,000;0,000;0,000;0,000;RRR 1.5in;24,1;1015;47;'26.07.2023 14:14:24.560;;
1388;-691,513;-3090,721;-305,349;0,000;0,000;0,000;0,000;RRR 1.5in;24,1;1015;47;'26.07.2023 14:14:24.570;;
1389;-691,501;-3090,721;-305,347;0,000;0,000;0,000;0,000;RRR 1.5in;24,1;1015;47;'26.07.2023 14:14:24.580;;
1390;-691,493;-3090,711;-305,345;0,000;0,000;0,000;0,000;RRR 1.5in;24,1;1015;47;'26.07.2023 14:14:24.590;;
1391;-691,486;-3090,699;-305,343;0,000;0,000;0,000;0,000;RRR 1.5in;24,1;1015;47;'26.07.2023 14:14:24.600;;
1392;-691,482;-3090,696;-305,343;0,000;0,000;0,000;0,000;RRR 1.5in;24,1;1015;47;'26.07.2023 14:14:24.610;;
1393;-691,475;-3090,706;-305,347;0,000;0,000;0,000;0,000;RRR 1.5in;24,1;1015;47;'26.07.2023 14:14:24.620;;
1394;-691,474;-3090,713;-305,350;0,000;0,000;0,000;0,000;RRR 1.5in;24,1;1015;47;'26.07.2023 14:14:24.630;;
1395;-691,476;-3090,708;-305,349;0,000;0,000;0,000;0,000;RRR 1.5in;24,1;1015;47;'26.07.2023 14:14:24.640;;
1396;-691,486;-3090,701;-305,349;0,000;0,000;0,000;0,000;RRR 1.5in;24,1;1015;47;'26.07.2023 14:14:24.650;;
1397;-691,491;-3090,699;-305,349;0,000;0,000;0,000;0,000;RRR 1.5in;24,1;1015;47;'26.07.2023 14:14:24.660;;
1398;-691,496;-3090,706;-305,350;0,000;0,000;0,000;0,000;RRR 1.5in;24,1;1015;47;'26.07.2023 14:14:24.670;;
1399;-691,502;-3090,710;-305,348;0,000;0,000;0,000;0,000;RRR 1.5in;24,1;1015;47;'26.07.2023 14:14:24.680;;
1400;-691,505;-3090,710;-305,347;0,000;0,000;0,000;0,000;RRR 1.5in;24,1;1015;47;'26.07.2023 14:14:24.690;;
1401;-691,501;-3090,708;-305,346;0,000;0,000;0,000;0,000;RRR 1.5in;24,1;1015;47;'26.07.2023 14:14:24.700;;
1402;-691,487;-3090,708;-305,347;0,000;0,000;0,000;0,000;RRR 1.5in;24,1;1015;47;'26.07.2023 14:14:24.710;;
1403;-691,473;-3090,704;-305,348;0,000;0,000;0,000;0,000;RRR 1.5in;24,1;1015;47;'26.07.2023 14:14:24.720;;
1404;-691,469;-3090,695;-305,348;0,000;0,000;0,000;0,000;RRR 1.5in;24,1;1015;47;'26.07.2023 14:14:24.730;;
1405;-691,480;-3090,691;-305,348;0,000;0,000;0,000;0,000;RRR 1.5in;24,1;1015;47;'26.07.2023 14:14:24.740;;
1406;-691,492;-3090,697;-305,350;0,000;0,000;0,000;0,000;RRR 1.5in;24,1;1015;47;'26.07.2023 14:14:24.750;;
1407;-691,495;-3090,708;-305,352;0,000;0,000;0,000;0,000;RRR 1.5in;24,1;1015;47;'26.07.2023 14:14:24.760;;
1408;-691,494;-3090,712;-305,351;0,000;0,000;0,000;0,000;RRR 1.5in;24,1;1015;47;'26.07.2023 14:14:24.770;;
1409;-691,496;-3090,707;-305,350;0,000;0,000;0,000;0,000;RRR 1.5in;24,1;1015;47;'26.07.2023 14:14:24.780;;
1410;-691,502;-3090,698;-305,351;0,000;0,000;0,000;0,000;RRR 1.5in;24,1;1015;47;'26.07.2023 14:14:24.790;;
1411;-691,501;-3090,695;-305,351;0,000;0,000;0,000;0,000;RRR 1.5in;24,1;1015;47;'26.07.2023 14:14:24.800;;
1412;-691,493;-3090,698;-305,351;0,000;0,000;0,000;0,000;RRR 1.5in;24,1;1015;47;'26.07.2023 14:14:24.810;;
1413;-691,483;-3090,702;-305,351;0,000;0,000;0,000;0,000;RRR 1.5in;24,1;1015;47;'26.07.2023 14:14:24.820;;
1414;-691,479;-3090,703;-305,351;0,000;0,000;0,000;0,000;RRR 1.5in;24,1;1015;47;'26.07.2023 14:14:24.830;;
1415;-691,483;-3090,700;-305,351;0,000;0,000;0,000;0,000;RRR 1.5in;24,1;1015;47;'26.07.2023 14:14:24.840;;
1416;-691,487;-3090,695;-305,352;0,000;0,000;0,000;0,000;RRR 1.5in;24,1;1015;47;'26.07.2023 14:14:24.850;;
1417;-691,490;-3090,694;-305,349;0,000;0,000;0,000;0,000;RRR 1.5in;24,1;1015;47;'26.07.2023 14:14:24.860;;
1418;-691,494;-3090,698;-305,353;0,000;0,000;0,000;0,000;RRR 1.5in;24,1;1015;47;'26.07.2023 14:14:24.870;;
1419;-691,500;-3090,703;-305,353;0,000;0,000;0,000;0,000;RRR 1.5in;24,1;1015;47;'26.07.2023 14:14:24.880;;
1420;-691,503;-3090,703;-305,353;0,000;0,000;0,000;0,000;RRR 1.5in;24,1;1015;47;'26.07.2023 14:14:24.890;;
1421;-691,500;-3090,701;-305,352;0,000;0,000;0,000;0,000;RRR 1.5in;24,1;1015;47;'26.07.2023 14:14:24.900;;
1422;-691,493;-3090,700;-305,352;0,000;0,000;0,000;0,000;RRR 1.5in;24,1;1015;47;'26.07.2023 14:14:24.910;;
1423;-691,490;-3090,697;-305,354;0,000;0,000;0,000;0,000;RRR 1.5in;24,1;1015;47;'26.07.2023 14:14:24.920;;
1424;-691,488;-3090,692;-305,353;0,000;0,000;0,000;0,000;RRR 1.5in;24,1;1015;47;'26.07.2023 14:14:24.930;;
1425;-691,489;-3090,691;-305,350;0,000;0,000;0,000;0,000;RRR 1.5in;24,1;1015;47;'26.07.2023 14:14:24.940;;
1426;-691,489;-3090,696;-305,350;0,000;0,000;0,000;0,000;RRR 1.5in;24,1;1015;47;'26.07.2023 14:14:24.950;;
1427;-691,490;-3090,701;-305,351;0,000;0,000;0,000;0,000;RRR 1.5in;24,1;1015;47;'26.07.2023 14:14:24.960;;
1428;-691,496;-3090,701;-305,351;0,000;0,000;0,000;0,000;RRR 1.5in;24,1;1015;47;'26.07.2023 14:14:24.970;;
1429;-691,503;-3090,697;-305,352;0,000;0,000;0,000;0,000;RRR 1.5in;24,1;1015;47;'26.07.2023 14:14:24.980;;
1430;-691,505;-3090,695;-305,351;0,000;0,000;0,000;0,000;RRR 1.5in;24,1;1015;47;'26.07.2023 14:14:24.990;;
1431;-691,500;-3090,697;-305,352;0,000;0,000;0,000;0,000;RRR 1.5in;24,1;1015;47;'26.07.2023 14:14:25.000;;
1432;-691,492;-3090,699;-305,353;0,000;0,000;0,000;0,000;RRR 1.5in;24,1;1015;47;'26.07.2023 14:14:25.010;;
1433;-691,487;-3090,697;-305,351;0,000;0,000;0,000;0,000;RRR 1.5in;24,1;1015;47;'26.07.2023 14:14:25.020;;
1434;-691,492;-3090,692;-305,350;0,000;0,000;0,000;0,000;RRR 1.5in;24,1;1015;47;'26.07.2023 14:14:25.030;;
1435;-691,495;-3090,691;-305,349;0,000;0,000;0,000;0,000;RRR 1.5in;24,1;1015;47;'26.07.2023 14:14:25.040;;
1436;-691,494;-3090,694;-305,349;0,000;0,000;0,000;0,000;RRR 1.5in;24,1;1015;47;'26.07.2023 14:14:25.050;;
1437;-691,491;-3090,698;-305,348;0,000;0,000;0,000;0,000;RRR 1.5in;24,1;1015;47;'26.07.2023 14:14:25.060;;
1438;-691,494;-3090,696;-305,347;0,000;0,000;0,000;0,000;RRR 1.5in;24,1;1015;47;'26.07.2023 14:14:25.070;;
1439;-691,499;-3090,694;-305,348;0,000;0,000;0,000;0,000;RRR 1.5in;24,1;1015;47;'26.07.2023 14:14:25.080;;
1440;-691,503;-3090,695;-305,349;0,000;0,000;0,000;0,000;RRR 1.5in;24,1;1015;47;'26.07.2023 14:14:25.090;;
1441;-691,501;-3090,696;-305,351;0,000;0,000;0,000;0,000;RRR 1.5in;24,1;1015;47;'26.07.2023 14:14:25.100;;
1442;-691,498;-3090,696;-305,350;0,000;0,000;0,000;0,000;RRR 1.5in;24,1;1015;47;'26.07.2023 14:14:25.110;;
1443;-691,495;-3090,695;-305,351;0,000;0,000;0,000;0,000;RRR 1.5in;24,1;1015;47;'26.07.2023 14:14:25.120;;
1444;-691,494;-3090,692;-305,349;0,000;0,000;0,000;0,000;RRR 1.5in;24,1;1015;47;'26.07.2023 14:14:25.130;;
1445;-691,493;-3090,693;-305,348;0,000;0,000;0,000;0,000;RRR 1.5in;24,1;1015;47;'26.07.2023 14:14:25.140;;
1446;-691,491;-3090,693;-305,347;0,000;0,000;0,000;0,000;RRR 1.5in;24,1;1015;47;'26.07.2023 14:14:25.150;;
1447;-691,491;-3090,696;-305,347;0,000;0,000;0,000;0,000;RRR 1.5in;24,1;1015;47;'26.07.2023 14:14:25.160;;
1448;-691,495;-3090,693;-305,350;0,000;0,000;0,000;0,000;RRR 1.5in;24,1;1015;47;'26.07.2023 14:14:25.170;;
1449;-691,501;-3090,691;-305,348;0,000;0,000;0,000;0,000;RRR 1.5in;24,1;1015;47;'26.07.2023 14:14:25.180;;
1450;-691,503;-3090,691;-305,350;0,000;0,000;0,000;0,000;RRR 1.5in;24,1;1015;47;'26.07.2023 14:14:25.190;;
1451;-691,501;-3090,696;-305,353;0,000;0,000;0,000;0,000;RRR 1.5in;24,1;1015;47;'26.07.2023 14:14:25.200;;
1452;-691,497;-3090,696;-305,354;0,000;0,000;0,000;0,000;RRR 1.5in;24,1;1015;47;'26.07.2023 14:14:25.210;;
1453;-691,497;-3090,691;-305,352;0,000;0,000;0,000;0,000;RRR 1.5in;24,1;1015;47;'26.07.2023 14:14:25.220;;
1454;-691,495;-3090,687;-305,351;0,000;0,000;0,000;0,000;RRR 1.5in;24,1;1015;47;'26.07.2023 14:14:25.230;;
1455;-691,495;-3090,687;-305,350;0,000;0,000;0,000;0,000;RRR 1.5in;24,1;1015;47;'26.07.2023 14:14:25.240;;
1456;-691,490;-3090,693;-305,351;0,000;0,000;0,000;0,000;RRR 1.5in;24,1;1015;47;'26.07.2023 14:14:25.250;;
1457;-691,492;-3090,696;-305,351;0,000;0,000;0,000;0,000;RRR 1.5in;24,1;1015;47;'26.07.2023 14:14:25.260;;
1458;-691,502;-3090,693;-305,350;0,000;0,000;0,000;0,000;RRR 1.5in;24,1;1015;47;'26.07.2023 14:14:25.270;;
1459;-691,506;-3090,691;-305,351;0,000;0,000;0,000;0,000;RRR 1.5in;24,1;1015;47;'26.07.2023 14:14:25.280;;
1460;-691,501;-3090,694;-305,353;0,000;0,000;0,000;0,000;RRR 1.5in;24,1;1015;47;'26.07.2023 14:14:25.290;;
1461;-691,494;-3090,698;-305,355;0,000;0,000;0,000;0,000;RRR 1.5in;24,1;1015;47;'26.07.2023 14:14:25.300;;
1462;-691,490;-3090,693;-305,355;0,000;0,000;0,000;0,000;RRR 1.5in;24,1;1015;47;'26.07.2023 14:14:25.310;;
1463;-691,494;-3090,685;-305,352;0,000;0,000;0,000;0,000;RRR 1.5in;24,1;1015;47;'26.07.2023 14:14:25.320;;
1464;-691,499;-3090,685;-305,353;0,000;0,000;0,000;0,000;RRR 1.5in;24,1;1015;47;'26.07.2023 14:14:25.330;;
1465;-691,496;-3090,692;-305,354;0,000;0,000;0,000;0,000;RRR 1.5in;24,1;1015;47;'26.07.2023 14:14:25.340;;
1466;-691,490;-3090,698;-305,352;0,000;0,000;0,000;0,000;RRR 1.5in;24,1;1015;47;'26.07.2023 14:14:25.350;;
1467;-691,490;-3090,695;-305,351;0,000;0,000;0,000;0,000;RRR 1.5in;24,1;1015;47;'26.07.2023 14:14:25.360;;
1468;-691,497;-3090,687;-305,349;0,000;0,000;0,000;0,000;RRR 1.5in;24,1;1015;47;'26.07.2023 14:14:25.370;;
1469;-691,500;-3090,686;-305,350;0,000;0,000;0,000;0,000;RRR 1.5in;24,1;1015;47;'26.07.2023 14:14:25.380;;
1470;-691,498;-3090,692;-305,352;0,000;0,000;0,000;0,000;RRR 1.5in;24,1;1015;47;'26.07.2023 14:14:25.390;;
1471;-691,494;-3090,696;-305,352;0,000;0,000;0,000;0,000;RRR 1.5in;24,1;1015;47;'26.07.2023 14:14:25.400;;
1472;-691,495;-3090,695;-305,353;0,000;0,000;0,000;0,000;RRR 1.5in;24,1;1015;47;'26.07.2023 14:14:25.410;;
1473;-691,497;-3090,689;-305,353;0,000;0,000;0,000;0,000;RRR 1.5in;24,1;1015;47;'26.07.2023 14:14:25.420;;
1474;-691,495;-3090,688;-305,352;0,000;0,000;0,000;0,000;RRR 1.5in;24,1;1015;47;'26.07.2023 14:14:25.430;;
1475;-691,492;-3090,689;-305,352;0,000;0,000;0,000;0,000;RRR 1.5in;24,1;1015;47;'26.07.2023 14:14:25.440;;
1476;-691,489;-3090,692;-305,350;0,000;0,000;0,000;0,000;RRR 1.5in;24,1;1015;47;'26.07.2023 14:14:25.450;;
1477;-691,492;-3090,694;-305,351;0,000;0,000;0,000;0,000;RRR 1.5in;24,1;1015;47;'26.07.2023 14:14:25.460;;
1478;-691,498;-3090,691;-305,349;0,000;0,000;0,000;0,000;RRR 1.5in;24,1;1015;47;'26.07.2023 14:14:25.470;;
1479;-691,496;-3090,691;-305,348;0,000;0,000;0,000;0,000;RRR 1.5in;24,1;1015;47;'26.07.2023 14:14:25.480;;
1480;-691,490;-3090,693;-305,351;0,000;0,000;0,000;0,000;RRR 1.5in;24,1;1015;47;'26.07.2023 14:14:25.490;;
1481;-691,488;-3090,692;-305,351;0,000;0,000;0,000;0,000;RRR 1.5in;24,1;1015;47;'26.07.2023 14:14:25.500;;
1482;-691,492;-3090,690;-305,351;0,000;0,000;0,000;0,000;RRR 1.5in;24,1;1015;47;'26.07.2023 14:14:25.510;;
1483;-691,497;-3090,687;-305,351;0,000;0,000;0,000;0,000;RRR 1.5in;24,1;1015;47;'26.07.2023 14:14:25.520;;
1484;-691,493;-3090,692;-305,353;0,000;0,000;0,000;0,000;RRR 1.5in;24,1;1015;47;'26.07.2023 14:14:25.530;;
1485;-691,490;-3090,695;-305,351;0,000;0,000;0,000;0,000;RRR 1.5in;24,1;1015;47;'26.07.2023 14:14:25.540;;
1486;-691,488;-3090,694;-305,351;0,000;0,000;0,000;0,000;RRR 1.5in;24,1;1015;47;'26.07.2023 14:14:25.550;;
1487;-691,491;-3090,688;-305,350;0,000;0,000;0,000;0,000;RRR 1.5in;24,1;1015;47;'26.07.2023 14:14:25.560;;
1488;-691,494;-3090,685;-305,349;0,000;0,000;0,000;0,000;RRR 1.5in;24,1;1015;47;'26.07.2023 14:14:25.570;;
1489;-691,495;-3090,690;-305,351;0,000;0,000;0,000;0,000;RRR 1.5in;24,1;1015;47;'26.07.2023 14:14:25.580;;
1490;-691,491;-3090,696;-305,353;0,000;0,000;0,000;0,000;RRR 1.5in;24,1;1015;47;'26.07.2023 14:14:25.590;;
1491;-691,491;-3090,695;-305,352;0,000;0,000;0,000;0,000;RRR 1.5in;24,1;1015;47;'26.07.2023 14:14:25.600;;
1492;-691,493;-3090,688;-305,351;0,000;0,000;0,000;0,000;RRR 1.5in;24,1;1015;47;'26.07.2023 14:14:25.610;;
1493;-691,493;-3090,686;-305,351;0,000;0,000;0,000;0,000;RRR 1.5in;24,1;1015;47;'26.07.2023 14:14:25.620;;
1494;-691,492;-3090,687;-305,351;0,000;0,000;0,000;0,000;RRR 1.5in;24,1;1015;47;'26.07.2023 14:14:25.630;;
1495;-691,489;-3090,693;-305,352;0,000;0,000;0,000;0,000;RRR 1.5in;24,1;1015;47;'26.07.2023 14:14:25.640;;
1496;-691,493;-3090,692;-305,349;0,000;0,000;0,000;0,000;RRR 1.5in;24,1;1015;47;'26.07.2023 14:14:25.650;;
1497;-691,495;-3090,692;-305,348;0,000;0,000;0,000;0,000;RRR 1.5in;24,1;1015;47;'26.07.2023 14:14:25.660;;
1498;-691,496;-3090,691;-305,348;0,000;0,000;0,000;0,000;RRR 1.5in;24,1;1015;47;'26.07.2023 14:14:25.670;;
1499;-691,491;-3090,691;-305,348;0,000;0,000;0,000;0,000;RRR 1.5in;24,1;1015;47;'26.07.2023 14:14:25.680;;
1500;-691,488;-3090,689;-305,348;0,000;0,000;0,000;0,000;RRR 1.5in;24,1;1015;47;'26.07.2023 14:14:25.690;;
1501;-691,491;-3090,688;-305,349;0,000;0,000;0,000;0,000;RRR 1.5in;24,1;1015;47;'26.07.2023 14:14:25.700;;
1502;-691,495;-3090,689;-305,349;0,000;0,000;0,000;0,000;RRR 1.5in;24,1;1015;47;'26.07.2023 14:14:25.710;;
1503;-691,497;-3090,692;-305,350;0,000;0,000;0,000;0,000;RRR 1.5in;24,1;1015;47;'26.07.2023 14:14:25.720;;
1504;-691,493;-3090,693;-305,349;0,000;0,000;0,000;0,000;RRR 1.5in;24,1;1015;47;'26.07.2023 14:14:25.730;;
1505;-691,490;-3090,692;-305,348;0,000;0,000;0,000;0,000;RRR 1.5in;24,1;1015;47;'26.07.2023 14:14:25.740;;
1506;-691,493;-3090,688;-305,348;0,000;0,000;0,000;0,000;RRR 1.5in;24,1;1015;47;'26.07.2023 14:14:25.750;;
1507;-691,494;-3090,687;-305,345;0,000;0,000;0,000;0,000;RRR 1.5in;24,1;1015;47;'26.07.2023 14:14:25.760;;
1508;-691,494;-3090,689;-305,345;0,000;0,000;0,000;0,000;RRR 1.5in;24,1;1015;47;'26.07.2023 14:14:25.770;;
1509;-691,493;-3090,694;-305,347;0,000;0,000;0,000;0,000;RRR 1.5in;24,1;1015;47;'26.07.2023 14:14:25.780;;
1510;-691,495;-3090,694;-305,347;0,000;0,000;0,000;0,000;RRR 1.5in;24,1;1015;47;'26.07.2023 14:14:25.790;;
1511;-691,496;-3090,691;-305,346;0,000;0,000;0,000;0,000;RRR 1.5in;24,1;1015;47;'26.07.2023 14:14:25.800;;
1512;-691,495;-3090,687;-305,346;0,000;0,000;0,000;0,000;RRR 1.5in;24,1;1015;47;'26.07.2023 14:14:25.810;;
1513;-691,493;-3090,688;-305,347;0,000;0,000;0,000;0,000;RRR 1.5in;24,1;1015;47;'26.07.2023 14:14:25.820;;
1514;-691,491;-3090,691;-305,346;0,000;0,000;0,000;0,000;RRR 1.5in;24,1;1015;47;'26.07.2023 14:14:25.830;;
1515;-691,493;-3090,691;-305,345;0,000;0,000;0,000;0,000;RRR 1.5in;24,1;1015;47;'26.07.2023 14:14:25.840;;
1516;-691,496;-3090,690;-305,344;0,000;0,000;0,000;0,000;RRR 1.5in;24,1;1015;47;'26.07.2023 14:14:25.850;;
1517;-691,499;-3090,689;-305,344;0,000;0,000;0,000;0,000;RRR 1.5in;24,1;1015;47;'26.07.2023 14:14:25.860;;
1518;-691,494;-3090,691;-305,344;0,000;0,000;0,000;0,000;RRR 1.5in;24,1;1015;47;'26.07.2023 14:14:25.870;;
1519;-691,491;-3090,692;-305,345;0,000;0,000;0,000;0,000;RRR 1.5in;24,1;1015;47;'26.07.2023 14:14:25.880;;
1520;-691,493;-3090,690;-305,343;0,000;0,000;0,000;0,000;RRR 1.5in;24,1;1015;47;'26.07.2023 14:14:25.890;;
1521;-691,495;-3090,688;-305,345;0,000;0,000;0,000;0,000;RRR 1.5in;24,1;1015;47;'26.07.2023 14:14:25.900;;
1522;-691,495;-3090,690;-305,348;0,000;0,000;0,000;0,000;RRR 1.5in;24,1;1015;47;'26.07.2023 14:14:25.910;;
1523;-691,494;-3090,691;-305,347;0,000;0,000;0,000;0,000;RRR 1.5in;24,1;1015;47;'26.07.2023 14:14:25.920;;
1524;-691,496;-3090,692;-305,344;0,000;0,000;0,000;0,000;RRR 1.5in;24,1;1015;47;'26.07.2023 14:14:25.930;;
1525;-691,495;-3090,692;-305,345;0,000;0,000;0,000;0,000;RRR 1.5in;24,1;1015;47;'26.07.2023 14:14:25.940;;
1526;-691,494;-3090,690;-305,345;0,000;0,000;0,000;0,000;RRR 1.5in;24,1;1015;47;'26.07.2023 14:14:25.950;;
1527;-691,494;-3090,690;-305,342;0,000;0,000;0,000;0,000;RRR 1.5in;24,1;1015;47;'26.07.2023 14:14:25.960;;
1528;-691,494;-3090,689;-305,342;0,000;0,000;0,000;0,000;RRR 1.5in;24,1;1015;47;'26.07.2023 14:14:25.970;;
1529;-691,493;-3090,690;-305,344;0,000;0,000;0,000;0,000;RRR 1.5in;24,1;1015;47;'26.07.2023 14:14:25.980;;
1530;-691,498;-3090,690;-305,345;0,000;0,000;0,000;0,000;RRR 1.5in;24,1;1015;47;'26.07.2023 14:14:25.990;;
1531;-691,497;-3090,691;-305,346;0,000;0,000;0,000;0,000;RRR 1.5in;24,1;1015;47;'26.07.2023 14:14:26.000;;
1532;-691,494;-3090,689;-305,343;0,000;0,000;0,000;0,000;RRR 1.5in;24,1;1015;47;'26.07.2023 14:14:26.010;;
1533;-691,495;-3090,689;-305,346;0,000;0,000;0,000;0,000;RRR 1.5in;24,1;1015;47;'26.07.2023 14:14:26.020;;
1534;-691,496;-3090,689;-305,346;0,000;0,000;0,000;0,000;RRR 1.5in;24,1;1015;47;'26.07.2023 14:14:26.030;;
1535;-691,496;-3090,690;-305,345;0,000;0,000;0,000;0,000;RRR 1.5in;24,1;1015;47;'26.07.2023 14:14:26.040;;
1536;-691,493;-3090,692;-305,345;0,000;0,000;0,000;0,000;RRR 1.5in;24,1;1015;47;'26.07.2023 14:14:26.050;;
1537;-691,494;-3090,691;-305,345;0,000;0,000;0,000;0,000;RRR 1.5in;24,1;1015;47;'26.07.2023 14:14:26.060;;
1538;-691,495;-3090,690;-305,345;0,000;0,000;0,000;0,000;RRR 1.5in;24,1;1015;47;'26.07.2023 14:14:26.070;;
1539;-691,496;-3090,690;-305,345;0,000;0,000;0,000;0,000;RRR 1.5in;24,1;1015;47;'26.07.2023 14:14:26.080;;
1540;-691,492;-3090,691;-305,347;0,000;0,000;0,000;0,000;RRR 1.5in;24,1;1015;47;'26.07.2023 14:14:26.090;;
1541;-691,493;-3090,692;-305,347;0,000;0,000;0,000;0,000;RRR 1.5in;24,1;1015;47;'26.07.2023 14:14:26.100;;
1542;-691,493;-3090,690;-305,347;0,000;0,000;0,000;0,000;RRR 1.5in;24,1;1015;47;'26.07.2023 14:14:26.110;;
1543;-691,493;-3090,690;-305,346;0,000;0,000;0,000;0,000;RRR 1.5in;24,1;1015;47;'26.07.2023 14:14:26.120;;
1544;-691,495;-3090,689;-305,347;0,000;0,000;0,000;0,000;RRR 1.5in;24,1;1015;47;'26.07.2023 14:14:26.130;;
1545;-691,495;-3090,691;-305,347;0,000;0,000;0,000;0,000;RRR 1.5in;24,1;1015;47;'26.07.2023 14:14:26.140;;
1546;-691,494;-3090,692;-305,347;0,000;0,000;0,000;0,000;RRR 1.5in;24,1;1015;47;'26.07.2023 14:14:26.150;;
1547;-691,495;-3090,693;-305,346;0,000;0,000;0,000;0,000;RRR 1.5in;24,1;1015;47;'26.07.2023 14:14:26.160;;
1548;-691,495;-3090,691;-305,346;0,000;0,000;0,000;0,000;RRR 1.5in;24,1;1015;47;'26.07.2023 14:14:26.170;;
1549;-691,492;-3090,690;-305,347;0,000;0,000;0,000;0,000;RRR 1.5in;24,1;1015;47;'26.07.2023 14:14:26.180;;
1550;-691,489;-3090,690;-305,348;0,000;0,000;0,000;0,000;RRR 1.5in;24,1;1015;47;'26.07.2023 14:14:26.190;;
1551;-691,493;-3090,689;-305,347;0,000;0,000;0,000;0,000;RRR 1.5in;24,1;1015;47;'26.07.2023 14:14:26.200;;
1552;-691,497;-3090,691;-305,350;0,000;0,000;0,000;0,000;RRR 1.5in;24,1;1015;47;'26.07.2023 14:14:26.210;;
1553;-691,497;-3090,693;-305,349;0,000;0,000;0,000;0,000;RRR 1.5in;24,1;1015;47;'26.07.2023 14:14:26.220;;
1554;-691,494;-3090,695;-305,349;0,000;0,000;0,000;0,000;RRR 1.5in;24,1;1015;47;'26.07.2023 14:14:26.230;;
1555;-691,491;-3090,692;-305,347;0,000;0,000;0,000;0,000;RRR 1.5in;24,1;1015;47;'26.07.2023 14:14:26.240;;
1556;-691,493;-3090,686;-305,347;0,000;0,000;0,000;0,000;RRR 1.5in;24,1;1015;47;'26.07.2023 14:14:26.250;;
1557;-691,496;-3090,686;-305,347;0,000;0,000;0,000;0,000;RRR 1.5in;24,1;1015;47;'26.07.2023 14:14:26.260;;
1558;-691,496;-3090,692;-305,348;0,000;0,000;0,000;0,000;RRR 1.5in;24,1;1015;47;'26.07.2023 14:14:26.270;;
1559;-691,494;-3090,697;-305,349;0,000;0,000;0,000;0,000;RRR 1.5in;24,1;1015;47;'26.07.2023 14:14:26.280;;
1560;-691,491;-3090,697;-305,349;0,000;0,000;0,000;0,000;RRR 1.5in;24,1;1015;47;'26.07.2023 14:14:26.290;;
