0,1,2,3,4,5,6
2023-07-26 13:55:40.896068,3770114.0,3770566.0,11.355362874348959,11.359362955729166,13.321840657552084,13.325840698242187
2023-07-26 13:55:40.900221,3770115.0,3770567.0,11.3597109375,11.363710978190104,13.32618868001302,13.330188761393229
2023-07-26 13:55:40.904145,3770116.0,3770568.0,11.364058959960937,11.368059000651042,13.330536702473958,13.334536783854167
2023-07-26 13:55:40.909131,3770117.0,3770569.0,11.368406982421876,11.372407023111979,13.334884765625,13.338884806315104
2023-07-26 13:55:40.913113,3770118.0,3770570.0,11.372754760742188,11.376754760742188,13.339232788085937,13.343232828776042
2023-07-26 13:55:40.918097,3770119.0,3770571.0,11.377102701822917,11.38110274251302,13.343580810546875,13.347580851236978
2023-07-26 13:55:40.922199,3770120.0,3770572.0,11.381450724283855,11.385450805664062,13.347928833007813,13.351928873697917
2023-07-26 13:55:40.926146,3770121.0,3770573.0,11.385798746744792,11.389798828124999,13.35227685546875,13.356276936848957
2023-07-26 13:55:40.931119,3770122.0,3770574.0,11.390146809895832,11.394146850585939,13.356635294596353,13.360635375976564
2023-07-26 13:55:40.935141,3770123.0,3770575.0,11.394494832356772,11.398494873046875,13.36097294108073,13.364972981770833
2023-07-26 13:55:40.939123,3770124.0,3770576.0,11.398842854817708,11.402842895507812,13.365320963541667,13.36932100423177
2023-07-26 13:55:40.944110,3770125.0,3770577.0,11.403190877278645,11.40719091796875,13.369668701171873,13.373668701171875
2023-07-26 13:55:40.948097,3770126.0,3770578.0,11.407538899739585,11.411538981119792,13.37401668294271,13.378016723632813
2023-07-26 13:55:40.952080,3770127.0,3770579.0,11.411886922200521,11.415887003580728,13.378364705403646,13.38236474609375
2023-07-26 13:55:40.957067,3770128.0,3770580.0,11.416234985351561,11.420235026041667,13.382712727864584,13.386712809244791
2023-07-26 13:55:40.961054,3770129.0,3770581.0,11.420582885742188,11.424582885742188,13.38706075032552,13.39106083170573
2023-07-26 13:55:40.965036,3770130.0,3770582.0,11.424930704752605,11.428930745442708,13.391408813476563,13.395408854166666
2023-07-26 13:55:40.970024,3770131.0,3770583.0,11.429278727213541,11.433278767903644,13.3957568359375,13.399756876627603
2023-07-26 13:55:40.974010,3770132.0,3770584.0,11.43362674967448,11.437626790364584,13.400104858398437,13.40410489908854
2023-07-26 13:55:40.977993,3770133.0,3770585.0,11.437974772135417,11.441974853515624,13.404452880859376,13.408452921549479
2023-07-26 13:55:40.982980,3770134.0,3770586.0,11.442333211263021,11.446333292643228,13.408800903320312,13.412800984700521
2023-07-26 13:55:40.986963,3770135.0,3770587.0,11.446670857747394,11.450670898437501,13.41314892578125,13.41714900716146
2023-07-26 13:55:40.991951,3770136.0,3770588.0,11.451018880208334,11.455018920898437,13.417496826171876,13.421496826171875
2023-07-26 13:55:40.995937,3770137.0,3770589.0,11.45536690266927,11.459366943359376,13.421844685872395,13.4258447265625
2023-07-26 13:55:40.999920,3770138.0,3770590.0,11.459714925130209,11.463714965820312,13.426192708333334,13.430192749023437
2023-07-26 13:55:41.004908,3770139.0,3770591.0,11.464062947591147,11.468063028971354,13.430540730794272,13.434540771484375
2023-07-26 13:55:41.008894,3770140.0,3770592.0,11.468410970052084,11.472411010742187,13.434888753255208,13.438888793945312
2023-07-26 13:55:41.012877,3770141.0,3770593.0,11.472758666992187,11.476758748372395,13.439236775716147,13.443236857096354
2023-07-26 13:55:41.017864,3770142.0,3770594.0,11.47710673014323,11.481106770833334,13.443584798177083,13.447584879557292
2023-07-26 13:55:41.021851,3770143.0,3770595.0,11.481454752604167,11.48545479329427,13.447932861328125,13.451932861328125
2023-07-26 13:55:41.025837,3770144.0,3770596.0,11.485802775065103,11.489802815755208,13.452280883789062,13.456280924479167
2023-07-26 13:55:41.030820,3770145.0,3770597.0,11.490150797526043,11.494150838216147,13.456628906250002,13.460628946940105
2023-07-26 13:55:41.034807,3770146.0,3770598.0,11.49449881998698,11.498498901367187,13.460976928710938,13.464976969401041
2023-07-26 13:55:41.038795,3770147.0,3770599.0,11.498846842447916,11.502846923828125,13.465324951171874,13.469324951171876
2023-07-26 13:55:41.043777,3770148.0,3770600.0,11.503194905598958,11.507194946289063,13.46967264811198,13.473672729492188
2023-07-26 13:55:41.047759,3770149.0,3770601.0,11.507542928059896,11.51154296875,13.474020670572918,13.478031168619792
2023-07-26 13:55:41.052752,3770150.0,3770602.0,11.511890950520833,11.515890991210936,13.478368733723958,13.482368774414063
2023-07-26 13:55:41.056733,3770151.0,3770603.0,11.516238972981771,11.520239013671874,13.482716756184896,13.486716796875
2023-07-26 13:55:41.060716,3770152.0,3770604.0,11.520586791992187,11.524586791992187,13.487064778645834,13.491064819335937
2023-07-26 13:55:41.065703,3770153.0,3770605.0,11.524934692382812,11.52893477376302,13.49141280110677,13.495412841796874
2023-07-26 13:55:41.069686,3770154.0,3770606.0,11.529282714843749,11.53328279622396,13.495760823567707,13.499760904947918
2023-07-26 13:55:41.073672,3770155.0,3770607.0,11.533630777994793,11.537630818684896,13.500108846028645,13.504108927408854
2023-07-26 13:55:41.078660,3770156.0,3770608.0,11.537978800455729,11.541978841145832,13.504456909179687,13.508456949869792
2023-07-26 13:55:41.082642,3770157.0,3770609.0,11.542326822916666,11.54632686360677,13.508804931640624,13.512804972330729
2023-07-26 13:55:41.087630,3770158.0,3770610.0,11.546674845377606,11.550674886067709,13.513152954101564,13.517152994791667
2023-07-26 13:55:41.091616,3770159.0,3770611.0,11.551022867838542,11.555022949218749,13.517500732421874,13.521500732421874
2023-07-26 13:55:41.095599,3770160.0,3770612.0,11.55537089029948,11.559370971679687,13.521848673502605,13.525848714192708
2023-07-26 13:55:41.100587,3770161.0,3770613.0,11.55971895345052,11.563718994140626,13.526196695963542,13.53019677734375
2023-07-26 13:55:41.104569,3770162.0,3770614.0,11.564066975911459,11.568067016601562,13.53054471842448,13.534544799804687
2023-07-26 13:55:41.108556,3770163.0,3770615.0,11.568414916992188,11.572414916992187,13.53489278157552,13.538892822265625
2023-07-26 13:55:41.113539,3770164.0,3770616.0,11.5727626953125,11.576762736002605,13.539240804036458,13.543240844726562
2023-07-26 13:55:41.117526,3770165.0,3770617.0,11.577110717773438,11.581110758463542,13.543588826497396,13.5475888671875
2023-07-26 13:55:41.121513,3770166.0,3770618.0,11.581458740234375,11.585458821614582,13.547936848958333,13.551936889648438
2023-07-26 13:55:41.126551,3770167.0,3770619.0,11.585806762695313,11.589806844075522,13.552284871419271,13.55628495279948
2023-07-26 13:55:41.130482,3770168.0,3770620.0,11.590154825846355,11.594154866536458,13.55663289388021,13.560632975260416
2023-07-26 13:55:41.135470,3770169.0,3770621.0,11.594502848307291,11.598502888997395,13.56098095703125,13.564980997721355
2023-07-26 13:55:41.139456,3770170.0,3770622.0,11.59885087076823,11.602850911458333,13.565328857421875,13.569328857421874
2023-07-26 13:55:41.143439,3770171.0,3770623.0,11.603198893229168,11.607198933919271,13.569676676432293,13.573676717122396
2023-07-26 13:55:41.148426,3770172.0,3770624.0,11.607546915690104,11.611546997070311,13.57402469889323,13.578024739583332
2023-07-26 13:55:41.152413,3770173.0,3770625.0,11.61189493815104,11.61589501953125,13.578372721354167,13.58237276204427
2023-07-26 13:55:41.156395,3770174.0,3770626.0,11.616243001302083,11.620243041992188,13.582720743815104,13.586720825195313
2023-07-26 13:55:41.161383,3770175.0,3770627.0,11.620590698242188,11.624590738932291,13.587068766276042,13.59106884765625
2023-07-26 13:55:41.165365,3770176.0,3770628.0,11.624938720703124,11.62893876139323,13.591416829427082,13.595416870117187
2023-07-26 13:55:41.170349,3770177.0,3770629.0,11.629286743164064,11.633286783854167,13.595764851888022,13.599764892578126
2023-07-26 13:55:41.174430,3770178.0,3770630.0,11.633634765625,11.637634806315104,13.600112874348959,13.604112915039062
2023-07-26 13:55:41.178424,3770179.0,3770631.0,11.637982788085937,11.641982869466146,13.604460896809895,13.6084609375
2023-07-26 13:55:41.182399,3770180.0,3770632.0,11.642330810546875,11.646330891927084,13.608808919270833,13.612809000651042
2023-07-26 13:55:41.187387,3770181.0,3770633.0,11.646678873697917,11.65067891438802,13.613156941731772,13.617156982421875
2023-07-26 13:55:41.191373,3770182.0,3770634.0,11.651026896158854,11.655026936848957,13.617504638671875,13.621504720052082
2023-07-26 13:55:41.196352,3770183.0,3770635.0,11.655385335286457,11.659385375976564,13.621852701822917,13.62585274251302
2023-07-26 13:55:41.200343,3770184.0,3770636.0,11.65972294108073,11.663722981770833,13.626200724283855,13.630200764973958
2023-07-26 13:55:41.204326,3770185.0,3770637.0,11.664070963541667,11.668071044921874,13.630548746744791,13.634548787434895
2023-07-26 13:55:41.209313,3770186.0,3770638.0,11.668418823242186,11.672418823242188,13.634896769205728,13.638896809895833
2023-07-26 13:55:41.213300,3770187.0,3770639.0,11.67276668294271,11.676766764322917,13.639244791666666,13.643244873046875
2023-07-26 13:55:41.217282,3770188.0,3770640.0,11.67711474609375,11.681114786783855,13.643592814127604,13.647592895507813
2023-07-26 13:55:41.222270,3770189.0,3770641.0,11.681462768554686,11.685462809244791,13.647940877278645,13.65194091796875
2023-07-26 13:55:41.226257,3770190.0,3770642.0,11.685810791015626,11.68981083170573,13.652288899739585,13.656288940429688
2023-07-26 13:55:41.230239,3770191.0,3770643.0,11.690158813476563,11.694158854166666,13.656636922200521,13.660636962890624
2023-07-26 13:55:41.235226,3770192.0,3770644.0,11.6945068359375,11.698506917317708,13.66098494466146,13.664984985351563
2023-07-26 13:55:41.239209,3770193.0,3770645.0,11.698854858398438,11.702854939778646,13.665332763671875,13.669332763671875
2023-07-26 13:55:41.243200,3770194.0,3770646.0,11.70320292154948,11.707202962239583,13.6696806640625,13.673680745442708
2023-07-26 13:55:41.248183,3770195.0,3770647.0,11.707550944010416,11.711550984700521,13.67402872721354,13.678028767903646
2023-07-26 13:55:41.252165,3770196.0,3770648.0,11.711898966471354,11.71589900716146,13.678376749674479,13.682376790364584
2023-07-26 13:55:41.257153,3770197.0,3770649.0,11.716246948242187,11.720246948242186,13.682724772135417,13.68672481282552
2023-07-26 13:55:41.261135,3770198.0,3770650.0,11.720594685872396,11.7245947265625,13.68708321126302,13.691083251953126
2023-07-26 13:55:41.265122,3770199.0,3770651.0,11.724942708333334,11.728942789713543,13.691420817057292,13.695420857747395
2023-07-26 13:55:41.270110,3770200.0,3770652.0,11.729290730794272,11.733290812174479,13.69576883951823,13.699768920898437
2023-07-26 13:55:41.274096,3770201.0,3770653.0,11.733638793945312,11.737638834635415,13.700116861979167,13.704116943359375
2023-07-26 13:55:41.278079,3770202.0,3770654.0,11.73798681640625,11.741986857096354,13.704464925130209,13.708464965820312
2023-07-26 13:55:41.283066,3770203.0,3770655.0,11.742334838867189,11.746334879557292,13.708812947591147,13.71281298828125
2023-07-26 13:55:41.287049,3770204.0,3770656.0,11.746682861328125,11.750682902018228,13.713160888671874,13.717160888671874
2023-07-26 13:55:41.292033,3770205.0,3770657.0,11.751030883789062,11.755030965169272,13.717508666992186,13.721508707682293
2023-07-26 13:55:41.296142,3770206.0,3770658.0,11.755378906250002,11.759378987630209,13.721856689453125,13.72585673014323
2023-07-26 13:55:41.300088,3770207.0,3770659.0,11.759726969401042,11.763727010091145,13.726204711914063,13.73020479329427
2023-07-26 13:55:41.305068,3770208.0,3770660.0,11.764074991861978,11.768075032552083,13.730552734375,13.734552815755208
2023-07-26 13:55:41.309058,3770209.0,3770661.0,11.768422729492189,11.772422729492188,13.734900797526043,13.738900838216146
2023-07-26 13:55:41.313040,3770210.0,3770662.0,11.772781127929688,11.776781168619792,13.73924881998698,13.743248860677083
2023-07-26 13:55:41.318028,3770211.0,3770663.0,11.777118733723958,11.781118774414063,13.743596842447918,13.747596883138021
2023-07-26 13:55:41.322015,3770212.0,3770664.0,11.781466756184896,11.785466837565105,13.747944864908854,13.751944905598958
2023-07-26 13:55:41.325997,3770213.0,3770665.0,11.785814778645834,11.789814860026041,13.752292887369792,13.75629296875
2023-07-26 13:55:41.330985,3770214.0,3770666.0,11.790162841796874,11.794162882486978,13.756640909830729,13.760640991210936
2023-07-26 13:55:41.334971,3770215.0,3770667.0,11.794510864257813,11.798510904947918,13.760988972981771,13.764989013671874
2023-07-26 13:55:41.338959,3770216.0,3770668.0,11.798858886718751,11.802858927408854,13.765336669921876,13.769336710611979
2023-07-26 13:55:41.343941,3770217.0,3770669.0,11.803206909179687,11.80720694986979,13.769684692382812,13.773684733072916
2023-07-26 13:55:41.347928,3770218.0,3770670.0,11.807554931640624,11.811555013020834,13.77403271484375,13.778032755533854
2023-07-26 13:55:41.351914,3770219.0,3770671.0,11.811902954101564,11.815903035481771,13.778380737304689,13.782380777994792
2023-07-26 13:55:41.356898,3770220.0,3770672.0,11.816250854492187,11.820250854492187,13.782728759765625,13.786728841145834
2023-07-26 13:55:41.360981,3770221.0,3770673.0,11.820598714192707,11.824598754882812,13.787076782226563,13.79107686360677
2023-07-26 13:55:41.365957,3770222.0,3770674.0,11.824946736653647,11.82894677734375,13.791424845377605,13.795424886067709
2023-07-26 13:55:41.369969,3770223.0,3770675.0,11.829294759114584,11.833294799804687,13.795772867838542,13.799772908528645
2023-07-26 13:55:41.374116,3770224.0,3770676.0,11.83364278157552,11.837642822265623,13.80012089029948,13.804120930989583
2023-07-26 13:55:41.379011,3770225.0,3770677.0,11.837990804036458,11.841990885416667,13.804468912760417,13.80846895345052
2023-07-26 13:55:41.383000,3770226.0,3770678.0,11.842338826497397,11.846338907877604,13.808816935221355,13.812817016601562
2023-07-26 13:55:41.386982,3770227.0,3770679.0,11.846686889648437,11.850686930338542,13.813164794921875,13.817164794921876
2023-07-26 13:55:41.391970,3770228.0,3770680.0,11.851034912109373,11.85503495279948,13.817512654622396,13.821512736002605
2023-07-26 13:55:41.395956,3770229.0,3770681.0,11.855382934570313,11.859382975260417,13.821860717773438,13.825860758463541
2023-07-26 13:55:41.399939,3770230.0,3770682.0,11.85973095703125,11.863730997721355,13.826208740234375,13.83020878092448
2023-07-26 13:55:41.404927,3770231.0,3770683.0,11.864078979492188,11.868078979492187,13.830556762695313,13.834556803385416
2023-07-26 13:55:41.408913,3770232.0,3770684.0,11.868426676432293,11.8724267578125,13.834904785156251,13.838904825846354
2023-07-26 13:55:41.412897,3770233.0,3770685.0,11.87277469889323,11.876774780273436,13.839252807617187,13.843252888997394
2023-07-26 13:55:41.417883,3770234.0,3770686.0,11.877122762044271,11.881122802734374,13.843600830078126,13.847600911458333
2023-07-26 13:55:41.421865,3770235.0,3770687.0,11.88147078450521,11.885470825195313,13.847948893229168,13.851948933919271
2023-07-26 13:55:41.426848,3770236.0,3770688.0,11.885818806966146,11.88981884765625,13.852296915690104,13.856296956380207
2023-07-26 13:55:41.430454,3770237.0,3770689.0,11.890166829427082,11.894166870117187,13.85664493815104,13.860644978841146
2023-07-26 13:55:41.435449,3770238.0,3770690.0,11.894514851888022,11.89851493326823,13.860992919921875,13.864992919921875
2023-07-26 13:55:41.439434,3770239.0,3770691.0,11.898862874348959,11.902862955729166,13.865340657552084,13.869340698242187
2023-07-26 13:55:41.443416,3770240.0,3770692.0,11.903210937499999,11.907210978190104,13.86968868001302,13.873688761393229
2023-07-26 13:55:41.448404,3770241.0,3770693.0,11.907558959960937,11.911559000651042,13.874036702473958,13.878036783854167
2023-07-26 13:55:41.452391,3770242.0,3770694.0,11.911906982421876,11.915907023111979,13.878384765625,13.882384806315104
2023-07-26 13:55:41.456373,3770243.0,3770695.0,11.916254760742188,11.920254760742187,13.882732788085939,13.886732828776042
2023-07-26 13:55:41.461360,3770244.0,3770696.0,11.920602701822917,11.92460274251302,13.887080810546875,13.891080851236978
2023-07-26 13:55:41.465347,3770245.0,3770697.0,11.924950724283855,11.928950805664062,13.891428833007813,13.895428873697917
2023-07-26 13:55:41.470326,3770246.0,3770698.0,11.929298746744792,11.933298828124999,13.89577685546875,13.899776936848959
2023-07-26 13:55:41.474440,3770247.0,3770699.0,11.933646809895832,11.937646850585939,13.900135294596353,13.904135375976564
2023-07-26 13:55:41.478368,3770248.0,3770700.0,11.937994832356772,11.941994873046875,13.90447294108073,13.908472981770833
2023-07-26 13:55:41.483357,3770249.0,3770701.0,11.942342854817708,11.946342895507811,13.908820963541666,13.91282100423177
2023-07-26 13:55:41.487347,3770250.0,3770702.0,11.946690877278646,11.95069091796875,13.913168701171875,13.917168701171875
2023-07-26 13:55:41.491330,3770251.0,3770703.0,11.951038899739585,11.955038981119792,13.91751668294271,13.921516723632813
2023-07-26 13:55:41.496318,3770252.0,3770704.0,11.955386922200521,11.959387003580728,13.921864705403646,13.925864746093751
2023-07-26 13:55:41.500304,3770253.0,3770705.0,11.959734985351561,11.963735026041666,13.926212727864584,13.930212809244791
2023-07-26 13:55:41.504286,3770254.0,3770706.0,11.964082885742188,11.968082885742188,13.93056075032552,13.93456083170573
2023-07-26 13:55:41.509274,3770255.0,3770707.0,11.968430704752604,11.972430745442708,13.934908813476563,13.938908854166666
2023-07-26 13:55:41.513261,3770256.0,3770708.0,11.97277872721354,11.976778767903644,13.939256835937499,13.943256876627604
2023-07-26 13:55:41.517243,3770257.0,3770709.0,11.97712674967448,11.981126790364584,13.943604858398437,13.94760489908854
2023-07-26 13:55:41.522231,3770258.0,3770710.0,11.981474772135417,11.985474853515624,13.947952880859376,13.951952921549479
2023-07-26 13:55:41.526213,3770259.0,3770711.0,11.98583321126302,11.98983329264323,13.952300903320312,13.95630098470052
2023-07-26 13:55:41.530204,3770260.0,3770712.0,11.990170857747396,11.9941708984375,13.95664892578125,13.960649007161459
2023-07-26 13:55:41.535187,3770261.0,3770713.0,11.994518880208334,11.998518920898437,13.960996826171876,13.964996826171875
2023-07-26 13:55:41.539170,3770262.0,3770714.0,11.99886690266927,12.002866943359376,13.965344685872395,13.9693447265625
2023-07-26 13:55:41.544157,3770263.0,3770715.0,12.003214925130209,12.007214965820312,13.969692708333334,13.973692749023437
2023-07-26 13:55:41.548144,3770264.0,3770716.0,12.007562947591147,12.011563028971354,13.974040730794272,13.978040771484375
2023-07-26 13:55:41.552126,3770265.0,3770717.0,12.011910970052083,12.015911010742187,13.978388753255208,13.982388793945312
2023-07-26 13:55:41.557115,3770266.0,3770718.0,12.016258666992186,12.020258748372397,13.982736775716146,13.986736857096354
2023-07-26 13:55:41.561100,3770267.0,3770719.0,12.02060673014323,12.024606770833334,13.987084798177083,13.991084879557292
2023-07-26 13:55:41.565083,3770268.0,3770720.0,12.024954752604167,12.02895479329427,13.991432861328125,13.995432902018228
2023-07-26 13:55:41.570070,3770269.0,3770721.0,12.029302775065103,12.033302815755208,13.995780883789061,13.999780924479166
2023-07-26 13:55:41.574053,3770270.0,3770722.0,12.033650797526043,12.037650838216146,14.000128906250001,14.004128946940105
2023-07-26 13:55:41.578044,3770271.0,3770723.0,12.03799881998698,12.041998901367187,14.004476928710938,14.008476969401041
2023-07-26 13:55:41.583027,3770272.0,3770724.0,12.042346842447916,12.046346923828125,14.008824951171874,14.012824951171876
2023-07-26 13:55:41.587009,3770273.0,3770725.0,12.046694905598958,12.050694946289063,14.01317264811198,14.017172729492188
2023-07-26 13:55:41.591993,3770274.0,3770726.0,12.051042928059896,12.05504296875,14.017520670572917,14.021531168619791
2023-07-26 13:55:41.595984,3770275.0,3770727.0,12.055390950520833,12.059390991210936,14.02186873372396,14.025868774414063
2023-07-26 13:55:41.599966,3770276.0,3770728.0,12.059738972981771,12.063739013671874,14.026216756184896,14.030216796875
2023-07-26 13:55:41.604961,3770277.0,3770729.0,12.064086791992187,12.068086791992187,14.030564778645834,14.034564819335937
2023-07-26 13:55:41.608940,3770278.0,3770730.0,12.068434692382812,12.07243477376302,14.03491280110677,14.038912841796876
2023-07-26 13:55:41.612923,3770279.0,3770731.0,12.072782714843749,12.07678279622396,14.039260823567707,14.043260904947918
2023-07-26 13:55:41.617910,3770280.0,3770732.0,12.077130777994793,12.081130818684896,14.043608846028645,14.047608927408854
2023-07-26 13:55:41.621897,3770281.0,3770733.0,12.081478800455729,12.085478841145834,14.047956909179687,14.051956949869792
2023-07-26 13:55:41.625879,3770282.0,3770734.0,12.085826822916667,12.08982686360677,14.052304931640625,14.056304972330729
2023-07-26 13:55:41.630867,3770283.0,3770735.0,12.090174845377605,12.094174886067709,14.056652954101564,14.060652994791667
2023-07-26 13:55:41.634849,3770284.0,3770736.0,12.094522867838542,12.098522949218749,14.061000732421874,14.065000732421874
2023-07-26 13:55:41.639833,3770285.0,3770737.0,12.09887089029948,12.102870971679687,14.065348673502605,14.069348714192708
2023-07-26 13:55:41.643823,3770286.0,3770738.0,12.10321895345052,12.107218994140625,14.069696695963541,14.07369677734375
2023-07-26 13:55:41.647806,3770287.0,3770739.0,12.107566975911459,12.111567016601562,14.07404471842448,14.078044799804687
2023-07-26 13:55:41.652794,3770288.0,3770740.0,12.111914916992188,12.115914916992189,14.07839278157552,14.082392822265625
2023-07-26 13:55:41.656780,3770289.0,3770741.0,12.116262695312502,12.120262736002605,14.082740804036458,14.086740844726561
2023-07-26 13:55:41.660762,3770290.0,3770742.0,12.120610717773438,12.124610758463541,14.087088826497396,14.0910888671875
2023-07-26 13:55:41.665750,3770291.0,3770743.0,12.124958740234375,12.128958821614583,14.091436848958333,14.095436889648438
2023-07-26 13:55:41.669732,3770292.0,3770744.0,12.129306762695313,12.133306844075522,14.095784871419271,14.09978495279948
2023-07-26 13:55:41.673723,3770293.0,3770745.0,12.133654825846355,12.137654866536458,14.10013289388021,14.104132975260416
2023-07-26 13:55:41.678706,3770294.0,3770746.0,12.138002848307291,12.142002888997395,14.10448095703125,14.108480997721355
2023-07-26 13:55:41.682689,3770295.0,3770747.0,12.14235087076823,12.146350911458333,14.108828857421875,14.112828857421874
2023-07-26 13:55:41.687676,3770296.0,3770748.0,12.146698893229168,12.150698933919271,14.113176676432293,14.117176717122396
2023-07-26 13:55:41.691663,3770297.0,3770749.0,12.151046915690104,12.155046997070311,14.117524698893229,14.121524739583332
2023-07-26 13:55:41.695645,3770298.0,3770750.0,12.15539493815104,12.159395019531251,14.121872721354167,14.12587276204427
2023-07-26 13:55:41.700633,3770299.0,3770751.0,12.159743001302083,12.163743041992188,14.126220743815104,14.130220825195313
2023-07-26 13:55:41.704620,3770300.0,3770752.0,12.164090698242187,12.16809073893229,14.130568766276042,14.134568847656249
2023-07-26 13:55:41.708602,3770301.0,3770753.0,12.168438720703124,12.172438761393229,14.134916829427082,14.138916870117187
2023-07-26 13:55:41.713590,3770302.0,3770754.0,12.172786743164064,12.176786783854167,14.139264851888022,14.143264892578125
2023-07-26 13:55:41.717572,3770303.0,3770755.0,12.177134765625,12.181134806315104,14.143612874348959,14.147612915039064
2023-07-26 13:55:41.721565,3770304.0,3770756.0,12.181482788085937,12.185482869466146,14.147960896809897,14.1519609375
2023-07-26 13:55:41.726546,3770305.0,3770757.0,12.185830810546875,12.189830891927084,14.152308919270833,14.156309000651042
2023-07-26 13:55:41.730528,3770306.0,3770758.0,12.190178873697917,12.19417891438802,14.156656941731772,14.160656982421875
2023-07-26 13:55:41.735512,3770307.0,3770759.0,12.194526896158854,12.198526936848957,14.161004638671875,14.165004720052082
2023-07-26 13:55:41.739503,3770308.0,3770760.0,12.198885335286457,12.202885375976564,14.165352701822917,14.16935274251302
2023-07-26 13:55:41.743485,3770309.0,3770761.0,12.20322294108073,12.207222981770833,14.169700724283855,14.173700764973958
2023-07-26 13:55:41.748473,3770310.0,3770762.0,12.207570963541666,12.211571044921874,14.174048746744791,14.178048787434896
2023-07-26 13:55:41.752459,3770311.0,3770763.0,12.211918823242186,12.215918823242188,14.17839676920573,14.182396809895833
2023-07-26 13:55:41.756442,3770312.0,3770764.0,12.21626668294271,12.220266764322917,14.182744791666666,14.186744873046875
2023-07-26 13:55:41.761425,3770313.0,3770765.0,12.22061474609375,12.224614786783855,14.187092814127604,14.191092895507813
2023-07-26 13:55:41.765416,3770314.0,3770766.0,12.224962768554688,12.228962809244791,14.191440877278646,14.19544091796875
2023-07-26 13:55:41.769399,3770315.0,3770767.0,12.229310791015626,12.23331083170573,14.195788899739584,14.199788940429688
2023-07-26 13:55:41.774386,3770316.0,3770768.0,12.233658813476563,12.237658854166666,14.200136922200521,14.204136962890624
2023-07-26 13:55:41.778372,3770317.0,3770769.0,12.2380068359375,12.24200691731771,14.20448494466146,14.208484985351562
2023-07-26 13:55:41.782355,3770318.0,3770770.0,12.242354858398437,12.246354939778646,14.208832763671875,14.212832763671875
2023-07-26 13:55:41.787342,3770319.0,3770771.0,12.24670292154948,12.250702962239583,14.2131806640625,14.217180745442707
2023-07-26 13:55:41.791325,3770320.0,3770772.0,12.251050944010416,12.255050984700521,14.217528686523437,14.221528767903646
2023-07-26 13:55:41.796309,3770321.0,3770773.0,12.255398966471356,12.25939900716146,14.22187674967448,14.225876790364584
2023-07-26 13:55:41.800299,3770322.0,3770774.0,12.259746948242187,12.263746948242186,14.226224772135417,14.23022481282552
2023-07-26 13:55:41.804281,3770323.0,3770775.0,12.264094685872395,12.2680947265625,14.23058321126302,14.234583251953126
2023-07-26 13:55:41.809270,3770324.0,3770776.0,12.268442708333334,12.272442789713542,14.234920817057292,14.238920857747395
2023-07-26 13:55:41.813256,3770325.0,3770777.0,12.272790730794272,12.276790812174479,14.23926883951823,14.243268920898437
2023-07-26 13:55:41.817238,3770326.0,3770778.0,12.277138793945312,12.281138834635415,14.243616861979167,14.247616943359375
2023-07-26 13:55:41.822226,3770327.0,3770779.0,12.28148681640625,12.285486857096354,14.247964925130209,14.251964965820312
2023-07-26 13:55:41.826218,3770328.0,3770780.0,12.285834838867189,12.289834879557292,14.252312947591147,14.25631298828125
2023-07-26 13:55:41.830195,3770329.0,3770781.0,12.290182861328125,12.294182902018228,14.256660888671874,14.260660888671874
2023-07-26 13:55:41.835182,3770330.0,3770782.0,12.294530883789061,12.298530965169272,14.261008666992186,14.265008707682293
2023-07-26 13:55:41.839165,3770331.0,3770783.0,12.298878906250001,12.302878987630208,14.265356689453125,14.26935673014323
2023-07-26 13:55:41.844148,3770332.0,3770784.0,12.303226969401042,12.307227010091145,14.269704711914063,14.27370479329427
2023-07-26 13:55:41.848139,3770333.0,3770785.0,12.307574991861978,12.311575032552083,14.274052734375001,14.278052815755208
2023-07-26 13:55:41.852121,3770334.0,3770786.0,12.311922729492188,12.315922729492188,14.278400797526043,14.282400838216146
2023-07-26 13:55:41.857110,3770335.0,3770787.0,12.316281127929688,12.320281168619792,14.28274881998698,14.286748860677084
2023-07-26 13:55:41.861095,3770336.0,3770788.0,12.320618733723958,12.324618774414063,14.287096842447918,14.291096883138021
2023-07-26 13:55:41.865078,3770337.0,3770789.0,12.324966756184896,12.328966837565105,14.291444864908854,14.295444905598957
2023-07-26 13:55:41.870065,3770338.0,3770790.0,12.329314778645834,12.333314860026041,14.295792887369792,14.29979296875
2023-07-26 13:55:41.874052,3770339.0,3770791.0,12.333662841796874,12.337662882486978,14.300140909830729,14.304140991210936
2023-07-26 13:55:41.878035,3770340.0,3770792.0,12.338010864257813,12.342010904947918,14.30448897298177,14.308489013671874
2023-07-26 13:55:41.883022,3770341.0,3770793.0,12.34235888671875,12.346358927408854,14.308836669921876,14.312836710611979
2023-07-26 13:55:41.887004,3770342.0,3770794.0,12.346706909179687,12.350706949869792,14.313184692382812,14.317184733072917
2023-07-26 13:55:41.891988,3770343.0,3770795.0,12.351054931640624,12.355055013020834,14.31753271484375,14.321532755533854
2023-07-26 13:55:41.895579,3770344.0,3770796.0,12.355402954101564,12.35940303548177,14.321880737304689,14.325880777994792
2023-07-26 13:55:41.900580,3770345.0,3770797.0,12.359750854492187,12.363750854492187,14.326228759765625,14.330228841145834
2023-07-26 13:55:41.904565,3770346.0,3770798.0,12.364098714192709,12.368098754882812,14.330576782226563,14.33457686360677
2023-07-26 13:55:41.908548,3770347.0,3770799.0,12.368446736653647,12.37244677734375,14.334924845377605,14.338924886067709
2023-07-26 13:55:41.913535,3770348.0,3770800.0,12.372794759114583,12.376794799804687,14.339272867838542,14.343272908528645
2023-07-26 13:55:41.917518,3770349.0,3770801.0,12.37714278157552,12.381142822265625,14.34362089029948,14.347620930989583
2023-07-26 13:55:41.921505,3770350.0,3770802.0,12.381490804036458,12.385490885416667,14.347968912760416,14.35196895345052
2023-07-26 13:55:41.926492,3770351.0,3770803.0,12.385838826497396,12.389838907877603,14.352316935221355,14.356317016601562
2023-07-26 13:55:41.930474,3770352.0,3770804.0,12.390186889648437,12.394186930338542,14.356664794921874,14.360664794921876
2023-07-26 13:55:41.935462,3770353.0,3770805.0,12.394534912109375,12.39853495279948,14.361012654622396,14.365012736002605
2023-07-26 13:55:41.939448,3770354.0,3770806.0,12.398882934570313,12.402882975260416,14.365360717773438,14.369360758463541
2023-07-26 13:55:41.943431,3770355.0,3770807.0,12.40323095703125,12.407230997721355,14.369708740234374,14.37370878092448
2023-07-26 13:55:41.948425,3770356.0,3770808.0,12.407578979492188,12.411578979492187,14.374056762695313,14.378056803385416
2023-07-26 13:55:41.952405,3770357.0,3770809.0,12.411926676432293,12.4159267578125,14.37840478515625,14.382404825846354
2023-07-26 13:55:41.956392,3770358.0,3770810.0,12.416274698893229,12.420274780273436,14.382752807617187,14.386752888997394
2023-07-26 13:55:41.961375,3770359.0,3770811.0,12.420622762044271,12.424622802734374,14.387100830078126,14.391100911458333
2023-07-26 13:55:41.965362,3770360.0,3770812.0,12.42497078450521,12.428970825195313,14.391448893229168,14.39544893391927
2023-07-26 13:55:41.969344,3770361.0,3770813.0,12.429318806966146,12.433318847656249,14.395796915690104,14.399796956380207
2023-07-26 13:55:41.974332,3770362.0,3770814.0,12.433666829427082,12.437666870117187,14.40014493815104,14.404144978841146
2023-07-26 13:55:41.978318,3770363.0,3770815.0,12.438014851888022,12.44201493326823,14.404492919921875,14.408492919921875
2023-07-26 13:55:41.983302,3770364.0,3770816.0,12.442362874348959,12.446362955729166,14.408840657552084,14.412840698242189
2023-07-26 13:55:41.987288,3770365.0,3770817.0,12.446710937499999,12.450710978190104,14.413188680013022,14.417188761393229
2023-07-26 13:55:41.991275,3770366.0,3770818.0,12.451058959960937,12.455059000651042,14.417536702473958,14.421536783854167
2023-07-26 13:55:41.996258,3770367.0,3770819.0,12.455406982421875,12.459407023111979,14.421884765625,14.425884806315104
2023-07-26 13:55:42.000245,3770368.0,3770820.0,12.459754760742188,12.463754760742187,14.426232788085938,14.430232828776042
2023-07-26 13:55:42.004227,3770369.0,3770821.0,12.464102701822917,12.46810274251302,14.430580810546875,14.434580851236978
2023-07-26 13:55:42.009210,3770370.0,3770822.0,12.468450724283855,12.472450805664062,14.434928833007813,14.438928873697916
2023-07-26 13:55:42.013208,3770371.0,3770823.0,12.472798746744791,12.476798828124998,14.43927685546875,14.443276936848958
2023-07-26 13:55:42.017188,3770372.0,3770824.0,12.477146809895833,12.481146850585938,14.443635294596355,14.447635375976564
2023-07-26 13:55:42.022171,3770373.0,3770825.0,12.481494832356772,12.485494873046875,14.44797294108073,14.451972981770833
2023-07-26 13:55:42.026154,3770374.0,3770826.0,12.485842854817708,12.489842895507813,14.452320963541666,14.456321004231771
2023-07-26 13:55:42.031141,3770375.0,3770827.0,12.490190877278646,12.49419091796875,14.456668701171875,14.460668701171874
2023-07-26 13:55:42.035128,3770376.0,3770828.0,12.494538899739585,12.498538981119792,14.46101668294271,14.465016723632813
2023-07-26 13:55:42.039110,3770377.0,3770829.0,12.498886922200521,12.502887003580728,14.465364705403646,14.469364746093751
2023-07-26 13:55:42.044099,3770378.0,3770830.0,12.503234985351563,12.507235026041666,14.469712727864584,14.473712809244791
2023-07-26 13:55:42.048084,3770379.0,3770831.0,12.507582885742188,12.511582885742188,14.47406075032552,14.47806083170573
2023-07-26 13:55:42.052071,3770380.0,3770832.0,12.511930704752604,12.515930745442708,14.478408813476562,14.482408854166666
2023-07-26 13:55:42.057055,3770381.0,3770833.0,12.51627872721354,12.520278767903646,14.482756835937499,14.486756876627604
2023-07-26 13:55:42.061037,3770382.0,3770834.0,12.52062674967448,12.524626790364584,14.487104858398437,14.49110489908854
2023-07-26 13:55:42.065039,3770383.0,3770835.0,12.524974772135417,12.528974853515624,14.491452880859375,14.495452921549479
2023-07-26 13:55:42.070011,3770384.0,3770836.0,12.52933321126302,12.53333329264323,14.495800903320312,14.49980098470052
2023-07-26 13:55:42.073998,3770385.0,3770837.0,12.533670857747396,12.5376708984375,14.50014892578125,14.504149007161459
2023-07-26 13:55:42.078981,3770386.0,3770838.0,12.538018880208334,12.542018920898437,14.504496826171875,14.508496826171877
2023-07-26 13:55:42.082963,3770387.0,3770839.0,12.54236690266927,12.546366943359375,14.508844685872395,14.5128447265625
2023-07-26 13:55:42.086955,3770388.0,3770840.0,12.546714925130209,12.550714965820312,14.513192708333333,14.517192749023437
2023-07-26 13:55:42.091939,3770389.0,3770841.0,12.551062947591147,12.555063028971354,14.517540730794272,14.521540771484375
2023-07-26 13:55:42.095920,3770390.0,3770842.0,12.555410970052083,12.559411010742187,14.521888753255208,14.525888793945311
2023-07-26 13:55:42.099911,3770391.0,3770843.0,12.559758666992186,12.563758748372397,14.526236775716146,14.530236857096353
2023-07-26 13:55:42.104895,3770392.0,3770844.0,12.56410673014323,12.568106770833333,14.530584798177083,14.534584879557292
2023-07-26 13:55:42.108881,3770393.0,3770845.0,12.568454752604167,12.57245479329427,14.534932861328125,14.53893290201823
2023-07-26 13:55:42.112868,3770394.0,3770846.0,12.572802775065103,12.576802815755208,14.539280883789061,14.543280924479166
2023-07-26 13:55:42.117851,3770395.0,3770847.0,12.577150797526043,12.581150838216146,14.543628906250001,14.547628946940105
2023-07-26 13:55:42.121838,3770396.0,3770848.0,12.58149881998698,12.585498901367187,14.547976928710938,14.551976969401043
2023-07-26 13:55:42.126827,3770397.0,3770849.0,12.585846842447918,12.589846923828125,14.552324951171876,14.556324951171876
2023-07-26 13:55:42.130803,3770398.0,3770850.0,12.590194905598958,12.594194946289063,14.556672648111979,14.560672729492188
2023-07-26 13:55:42.134794,3770399.0,3770851.0,12.594542928059896,12.59854296875,14.561020670572917,14.565031168619791
2023-07-26 13:55:42.139778,3770400.0,3770852.0,12.598890950520833,12.602890991210938,14.56536873372396,14.569368774414063
2023-07-26 13:55:42.143764,3770401.0,3770853.0,12.60323897298177,12.607239013671874,14.569716756184896,14.573716796874999
2023-07-26 13:55:42.147751,3770402.0,3770854.0,12.607586791992187,12.611586791992186,14.574064778645834,14.578064819335937
2023-07-26 13:55:42.152734,3770403.0,3770855.0,12.611934692382812,12.61593477376302,14.57841280110677,14.582412841796875
2023-07-26 13:55:42.156716,3770404.0,3770856.0,12.61628271484375,12.62028279622396,14.582760823567709,14.586760904947917
2023-07-26 13:55:42.160722,3770405.0,3770857.0,12.620630777994792,12.624630818684896,14.587108846028645,14.591108927408854
2023-07-26 13:55:42.169673,3770406.0,3770858.0,12.624978800455729,12.628978841145834,14.591456909179687,14.595456949869792
2023-07-26 13:55:42.174665,3770408.0,3770860.0,12.633674845377605,12.637674886067709,14.600152954101564,14.604152994791667
2023-07-26 13:55:42.178647,3770409.0,3770861.0,12.638022867838542,12.642022949218749,14.604500732421874,14.608500732421874
2023-07-26 13:55:42.182630,3770410.0,3770862.0,12.64237089029948,12.646370971679687,14.608848673502605,14.612848714192708
2023-07-26 13:55:42.187617,3770411.0,3770863.0,12.64671895345052,12.650718994140625,14.613196695963541,14.61719677734375
2023-07-26 13:55:42.191604,3770412.0,3770864.0,12.651066975911458,12.655067016601562,14.61754471842448,14.621544799804687
2023-07-26 13:55:42.195586,3770413.0,3770865.0,12.655414916992187,12.659414916992189,14.62189278157552,14.625892822265625
2023-07-26 13:55:42.200574,3770414.0,3770866.0,12.659762695312502,12.663762736002605,14.626240804036458,14.630240844726561
2023-07-26 13:55:42.204561,3770415.0,3770867.0,12.664110717773438,12.668110758463541,14.630588826497396,14.6345888671875
2023-07-26 13:55:42.208547,3770416.0,3770868.0,12.668458740234374,12.672458821614583,14.634936848958333,14.638936889648438
2023-07-26 13:55:42.213526,3770417.0,3770869.0,12.672806762695313,12.676806844075521,14.639284871419271,14.64328495279948
2023-07-26 13:55:42.217517,3770418.0,3770870.0,12.677154825846355,12.681154866536458,14.64363289388021,14.647632975260416
2023-07-26 13:55:42.222501,3770419.0,3770871.0,12.681502848307291,12.685502888997394,14.64798095703125,14.651980997721354
2023-07-26 13:55:42.226483,3770420.0,3770872.0,12.68585087076823,12.689850911458333,14.652328857421875,14.656328857421874
2023-07-26 13:55:42.230474,3770421.0,3770873.0,12.690198893229168,12.694198933919271,14.656676676432292,14.660676717122396
2023-07-26 13:55:42.235457,3770422.0,3770874.0,12.694546915690104,12.698546997070311,14.661024698893229,14.665024739583332
2023-07-26 13:55:42.239444,3770423.0,3770875.0,12.69889493815104,12.702895019531251,14.665372721354167,14.66937276204427
2023-07-26 13:55:42.243430,3770424.0,3770876.0,12.703243001302083,12.707243041992188,14.669720743815104,14.673720825195312
2023-07-26 13:55:42.248409,3770425.0,3770877.0,12.707590698242187,12.711590738932292,14.674068766276042,14.67806884765625
2023-07-26 13:55:42.252400,3770426.0,3770878.0,12.711938720703124,12.715938761393229,14.678416829427082,14.682416870117187
2023-07-26 13:55:42.256387,3770427.0,3770879.0,12.716286743164064,12.720286783854167,14.682764851888022,14.686764892578125
2023-07-26 13:55:42.261367,3770428.0,3770880.0,12.720634765625,12.724634806315104,14.687112874348959,14.691112915039064
2023-07-26 13:55:42.265357,3770429.0,3770881.0,12.724982788085939,12.728982869466146,14.691460896809897,14.6954609375
2023-07-26 13:55:42.269344,3770430.0,3770882.0,12.729330810546875,12.733330891927084,14.695808919270833,14.699809000651042
2023-07-26 13:55:42.274327,3770431.0,3770883.0,12.733678873697917,12.73767891438802,14.700156941731771,14.704156982421875
2023-07-26 13:55:42.278314,3770432.0,3770884.0,12.738026896158853,12.742026936848958,14.704504638671875,14.708504720052083
2023-07-26 13:55:42.283296,3770433.0,3770885.0,12.742385335286457,12.746385375976564,14.708852701822916,14.71285274251302
2023-07-26 13:55:42.287284,3770434.0,3770886.0,12.74672294108073,12.750722981770833,14.713200724283855,14.717200764973958
2023-07-26 13:55:42.291270,3770435.0,3770887.0,12.751070963541666,12.755071044921875,14.717548746744791,14.721548787434896
2023-07-26 13:55:42.296253,3770436.0,3770888.0,12.755418823242188,12.759418823242187,14.72189676920573,14.725896809895833
2023-07-26 13:55:42.300240,3770437.0,3770889.0,12.75976668294271,12.763766764322916,14.726244791666666,14.730244873046875
2023-07-26 13:55:42.304227,3770438.0,3770890.0,12.76411474609375,12.768114786783855,14.730592814127604,14.734592895507813
2023-07-26 13:55:42.309210,3770439.0,3770891.0,12.768462768554688,12.772462809244791,14.734940877278646,14.73894091796875
2023-07-26 13:55:42.313196,3770440.0,3770892.0,12.772810791015626,12.77681083170573,14.739288899739584,14.743288940429688
2023-07-26 13:55:42.318176,3770441.0,3770893.0,12.777158813476563,12.781158854166666,14.74363692220052,14.747636962890624
2023-07-26 13:55:42.322168,3770442.0,3770894.0,12.781506835937499,12.78550691731771,14.747984944661459,14.751984985351562
2023-07-26 13:55:42.326153,3770443.0,3770895.0,12.785854858398437,12.789854939778646,14.752332763671875,14.756332763671875
2023-07-26 13:55:42.331133,3770444.0,3770896.0,12.79020292154948,12.794202962239583,14.7566806640625,14.760680745442707
2023-07-26 13:55:42.335123,3770445.0,3770897.0,12.794550944010416,12.79855098470052,14.761028686523437,14.765028767903646
2023-07-26 13:55:42.339110,3770446.0,3770898.0,12.798898966471356,12.802899007161459,14.76537674967448,14.769376790364584
2023-07-26 13:55:42.344093,3770447.0,3770899.0,12.803246948242187,12.807246948242186,14.769724772135417,14.77372481282552
2023-07-26 13:55:42.348080,3770448.0,3770900.0,12.807594685872395,12.8115947265625,14.774083211263022,14.778083251953126
2023-07-26 13:55:42.352066,3770449.0,3770901.0,12.811942708333333,12.815942789713542,14.778420817057292,14.782420857747395
2023-07-26 13:55:42.357050,3770450.0,3770902.0,12.816290730794272,12.820290812174479,14.78276883951823,14.786768920898437
2023-07-26 13:55:42.361036,3770451.0,3770903.0,12.820638793945312,12.824638834635415,14.787116861979168,14.791116943359375
2023-07-26 13:55:42.365023,3770452.0,3770904.0,12.82498681640625,12.828986857096353,14.791464925130208,14.795464965820312
2023-07-26 13:55:42.370006,3770453.0,3770905.0,12.829334838867188,12.833334879557292,14.795812947591147,14.79981298828125
2023-07-26 13:55:42.373988,3770454.0,3770906.0,12.833682861328125,12.837682902018228,14.800160888671874,14.804160888671873
2023-07-26 13:55:42.378972,3770455.0,3770907.0,12.838030883789061,12.842030965169272,14.804508666992188,14.808508707682293
2023-07-26 13:55:42.382963,3770456.0,3770908.0,12.842378906250001,12.846378987630208,14.808856689453124,14.81285673014323
2023-07-26 13:55:42.386949,3770457.0,3770909.0,12.846726969401042,12.850727010091147,14.813204711914063,14.817204793294271
2023-07-26 13:55:42.391933,3770458.0,3770910.0,12.851074991861978,12.855075032552083,14.817552734375,14.821552815755208
2023-07-26 13:55:42.395919,3770459.0,3770911.0,12.855422729492188,12.859422729492188,14.821900797526043,14.825900838216146
2023-07-26 13:55:42.399906,3770460.0,3770912.0,12.859781127929688,12.863781168619791,14.82624881998698,14.830248860677084
2023-07-26 13:55:42.404890,3770461.0,3770913.0,12.86411873372396,12.868118774414063,14.830596842447918,14.83459688313802
2023-07-26 13:55:42.408876,3770462.0,3770914.0,12.868466756184896,12.872466837565105,14.834944864908854,14.838944905598957
2023-07-26 13:55:42.412863,3770463.0,3770915.0,12.872814778645834,12.876814860026041,14.839292887369792,14.84329296875
2023-07-26 13:55:42.417846,3770464.0,3770916.0,12.877162841796874,12.88116288248698,14.843640909830729,14.847640991210938
2023-07-26 13:55:42.421832,3770465.0,3770917.0,12.881510864257812,12.885510904947918,14.84798897298177,14.851989013671874
2023-07-26 13:55:42.426817,3770466.0,3770918.0,12.88585888671875,12.889858927408854,14.852336669921876,14.856336710611979
2023-07-26 13:55:42.430802,3770467.0,3770919.0,12.890206909179687,12.894206949869792,14.856684692382812,14.860684733072917
2023-07-26 13:55:42.434789,3770468.0,3770920.0,12.894554931640625,12.898555013020834,14.86103271484375,14.865032755533854
2023-07-26 13:55:42.439772,3770469.0,3770921.0,12.898902954101564,12.90290303548177,14.865380737304688,14.869380777994792
2023-07-26 13:55:42.443759,3770470.0,3770922.0,12.903250854492187,12.907250854492187,14.869728759765625,14.873728841145834
2023-07-26 13:55:42.447746,3770471.0,3770923.0,12.907598714192709,12.911598754882812,14.874076782226563,14.87807686360677
2023-07-26 13:55:42.452729,3770472.0,3770924.0,12.911946736653647,12.91594677734375,14.878424845377605,14.882424886067708
2023-07-26 13:55:42.456716,3770473.0,3770925.0,12.916294759114583,12.920294799804687,14.882772867838542,14.886772908528645
2023-07-26 13:55:42.460702,3770474.0,3770926.0,12.92064278157552,12.924642822265625,14.88712089029948,14.891120930989583
2023-07-26 13:55:42.465686,3770475.0,3770927.0,12.924990804036458,12.928990885416667,14.891468912760416,14.89546895345052
2023-07-26 13:55:42.469672,3770476.0,3770928.0,12.929338826497396,12.933338907877603,14.895816935221355,14.899817016601563
2023-07-26 13:55:42.474656,3770477.0,3770929.0,12.933686889648436,12.937686930338542,14.900164794921874,14.904164794921876
2023-07-26 13:55:42.478642,3770478.0,3770930.0,12.938034912109375,12.94203495279948,14.904512654622396,14.908512736002605
2023-07-26 13:55:42.487613,3770479.0,3770931.0,12.942382934570313,12.946382975260416,14.908860717773438,14.912860758463541
2023-07-26 13:55:42.491599,3770481.0,3770933.0,12.951078979492188,12.955078979492187,14.917556762695312,14.921556803385416
2023-07-26 13:55:42.496578,3770482.0,3770934.0,12.955426676432293,12.9594267578125,14.92190478515625,14.925904825846354
2023-07-26 13:55:42.504555,3770483.0,3770935.0,12.959774698893229,12.963774780273436,14.926252807617187,14.930252888997396
2023-07-26 13:55:42.509535,3770485.0,3770937.0,12.96847078450521,12.972470825195312,14.934948893229167,14.93894893391927
2023-07-26 13:55:42.513525,3770486.0,3770938.0,12.972818806966146,12.976818847656249,14.939296915690104,14.943296956380209
2023-07-26 13:55:42.522495,3770487.0,3770939.0,12.977166829427084,12.981166870117187,14.943644938151042,14.947644978841145
2023-07-26 13:55:42.526478,3770489.0,3770941.0,12.985862874348959,12.989862955729167,14.952340657552083,14.956340698242188
2023-07-26 13:55:42.530468,3770490.0,3770942.0,12.9902109375,12.994210978190104,14.956688680013022,14.960688761393229
2023-07-26 13:55:42.539438,3770491.0,3770943.0,12.994558959960937,12.998559000651042,14.961036702473958,14.965036783854167
2023-07-26 13:55:42.543421,3770493.0,3770945.0,13.003254760742188,13.007254760742189,14.969732788085938,14.973732828776042
2023-07-26 13:55:42.548409,3770494.0,3770946.0,13.007602701822917,13.01160274251302,14.974080810546875,14.978080851236978
2023-07-26 13:55:42.556382,3770495.0,3770947.0,13.011950724283855,13.015950805664062,14.978428833007813,14.982428873697916
2023-07-26 13:55:42.561365,3770497.0,3770949.0,13.020646809895833,13.024646850585938,14.987135294596355,14.991135375976564
2023-07-26 13:55:42.565352,3770498.0,3770950.0,13.024994832356771,13.028994873046875,14.99147294108073,14.995472981770833
2023-07-26 13:55:42.574322,3770499.0,3770951.0,13.029342854817708,13.033342895507813,14.995820963541666,14.999821004231771
2023-07-26 13:55:42.578304,3770501.0,3770953.0,13.038038899739584,13.042038981119791,15.00451668294271,15.008516723632813
2023-07-26 13:55:42.587278,3770502.0,3770954.0,13.04238692220052,13.046387003580728,15.008864705403646,15.01286474609375
2023-07-26 13:55:42.591261,3770504.0,3770956.0,13.051082885742188,13.055082885742188,15.01756075032552,15.02156083170573
2023-07-26 13:55:42.600235,3770505.0,3770957.0,13.055430704752604,13.059430745442707,15.021908813476562,15.025908854166666
2023-07-26 13:55:42.604222,3770507.0,3770959.0,13.06412674967448,13.068126790364584,15.030604858398437,15.03460489908854
2023-07-26 13:55:42.613191,3770508.0,3770960.0,13.068474772135417,13.072474853515624,15.034952880859375,15.03895292154948
2023-07-26 13:55:42.622161,3770510.0,3770962.0,13.077170857747396,13.0811708984375,15.04364892578125,15.047649007161459
2023-07-26 13:55:42.631131,3770512.0,3770964.0,13.085866902669272,13.089866943359375,15.052344685872397,15.0563447265625
2023-07-26 13:55:42.635118,3770514.0,3770966.0,13.094562947591147,13.098563028971354,15.061040730794272,15.065040771484375
2023-07-26 13:55:42.644088,3770515.0,3770967.0,13.098910970052083,13.102911010742186,15.065388753255208,15.069388793945313
2023-07-26 13:55:42.648076,3770517.0,3770969.0,13.10760673014323,13.111606770833333,15.074084798177083,15.078084879557291
2023-07-26 13:55:42.657044,3770518.0,3770970.0,13.111954752604166,13.115954793294271,15.078432861328125,15.08243290201823
2023-07-26 13:55:42.666014,3770520.0,3770972.0,13.120650797526043,13.124650838216146,15.087128906250001,15.091128946940104
2023-07-26 13:55:42.670001,3770522.0,3770974.0,13.129346842447918,13.133346923828125,15.095824951171876,15.099824951171875
2023-07-26 13:55:42.678971,3770523.0,3770975.0,13.133694905598958,13.137694946289063,15.100172648111979,15.104172729492188
2023-07-26 13:55:42.686944,3770525.0,3770977.0,13.142390950520833,13.146390991210938,15.108868733723959,15.112868774414062
2023-07-26 13:55:42.691928,3770527.0,3770979.0,13.151086791992187,13.155086791992186,15.117564778645834,15.121564819335937
2023-07-26 13:55:42.699901,3770528.0,3770980.0,13.155434692382812,13.15943477376302,15.12191280110677,15.125912841796875
2023-07-26 13:55:42.708871,3770530.0,3770982.0,13.164130777994792,13.168130818684896,15.130608846028645,15.134608927408854
2023-07-26 13:55:42.717841,3770532.0,3770984.0,13.172826822916667,13.17682686360677,15.139304931640625,15.143304972330728
2023-07-26 13:55:42.726811,3770534.0,3770986.0,13.181522867838542,13.185522949218749,15.148000732421874,15.152000732421874
2023-07-26 13:55:42.734784,3770536.0,3770988.0,13.19021895345052,13.194218994140625,15.156696695963541,15.16069677734375
2023-07-26 13:55:42.743754,3770538.0,3770990.0,13.198914916992187,13.202914916992189,15.16539278157552,15.169392822265625
2023-07-26 13:55:42.752724,3770540.0,3770992.0,13.207610717773438,13.211610758463541,15.174088826497396,15.178088867187501
2023-07-26 13:55:42.761690,3770542.0,3770994.0,13.216306762695313,13.220306844075521,15.18278487141927,15.18678495279948
2023-07-26 13:55:42.769667,3770544.0,3770996.0,13.225002848307291,13.229002888997394,15.191480957031251,15.195480997721354
2023-07-26 13:55:42.778637,3770546.0,3770998.0,13.233698893229167,13.23769893391927,15.200176676432292,15.204176717122396
2023-07-26 13:55:42.787607,3770548.0,3771000.0,13.24239493815104,13.246395019531251,15.208872721354167,15.21287276204427
2023-07-26 13:55:42.795580,3770550.0,3771002.0,13.251090698242187,13.255090738932292,15.217568766276042,15.22156884765625
2023-07-26 13:55:42.804550,3770552.0,3771004.0,13.259786743164064,13.263786783854167,15.226264851888022,15.230264892578125
2023-07-26 13:55:42.813520,3770554.0,3771006.0,13.268482788085938,13.272482869466145,15.234960896809897,15.2389609375
2023-07-26 13:55:42.822490,3770556.0,3771008.0,13.277178873697917,13.28117891438802,15.243656941731771,15.247656982421875
2023-07-26 13:55:42.830463,3770558.0,3771010.0,13.285885335286459,13.289885375976564,15.252352701822916,15.25635274251302
2023-07-26 13:55:42.839434,3770560.0,3771012.0,13.294570963541666,13.298571044921875,15.261048746744791,15.265048787434896
2023-07-26 13:55:42.848403,3770562.0,3771014.0,13.30326668294271,13.307266764322916,15.269744791666666,15.273744873046875
2023-07-26 13:55:42.856377,3770564.0,3771016.0,13.311962768554688,13.315962809244791,15.278440877278646,15.28244091796875
2023-07-26 13:55:42.865347,3770566.0,3771018.0,13.320658813476562,13.324658854166666,15.28713692220052,15.291136962890624
2023-07-26 13:55:42.874317,3770568.0,3771020.0,13.329354858398437,13.333354939778646,15.295832763671875,15.299832763671875
2023-07-26 13:55:42.883287,3770570.0,3771022.0,13.338050944010416,13.34205098470052,15.304528686523438,15.308528767903645
2023-07-26 13:55:42.891260,3770572.0,3771024.0,13.346746948242187,13.350746948242188,15.313224772135417,15.317224812825522
2023-07-26 13:55:42.900230,3770574.0,3771026.0,13.355442708333333,13.359442789713542,15.321920817057292,15.325920857747395
2023-07-26 13:55:42.909200,3770576.0,3771028.0,13.364138793945312,13.368138834635415,15.330616861979168,15.334616943359375
2023-07-26 13:55:42.918170,3770578.0,3771030.0,13.372834838867188,13.376834879557292,15.339312947591146,15.34331298828125
2023-07-26 13:55:42.926143,3770580.0,3771032.0,13.381530883789063,13.385530965169272,15.348008666992188,15.352008707682293
2023-07-26 13:55:42.935113,3770582.0,3771034.0,13.390226969401041,13.394227010091146,15.356704711914062,15.360704793294271
2023-07-26 13:55:42.944083,3770584.0,3771036.0,13.398922729492188,13.402922729492188,15.365400797526043,15.369400838216146
2023-07-26 13:55:42.952056,3770586.0,3771038.0,13.40761873372396,13.411618774414062,15.374096842447917,15.37809688313802
2023-07-26 13:55:42.961026,3770588.0,3771040.0,13.416314778645834,13.420314860026041,15.382792887369792,15.38679296875
2023-07-26 13:55:42.969996,3770590.0,3771042.0,13.425010864257814,13.429010904947917,15.39148897298177,15.395489013671874
2023-07-26 13:55:42.978966,3770592.0,3771044.0,13.433706909179687,13.437706949869792,15.400184692382812,15.404184733072917
2023-07-26 13:55:42.986939,3770594.0,3771046.0,13.442402954101563,13.44640303548177,15.408880737304688,15.412880777994792
2023-07-26 13:55:42.995909,3770596.0,3771048.0,13.451098714192709,13.455098754882812,15.417576782226563,15.42157686360677
2023-07-26 13:55:43.004879,3770598.0,3771050.0,13.459794759114583,13.463794799804687,15.426272867838541,15.430272908528647
2023-07-26 13:55:43.013849,3770600.0,3771052.0,13.468490804036458,13.472490885416667,15.434968912760416,15.43896895345052
2023-07-26 13:55:43.021822,3770602.0,3771054.0,13.477186889648438,13.481186930338541,15.443664794921876,15.447664794921875
2023-07-26 13:55:43.030792,3770604.0,3771056.0,13.485882934570313,13.489882975260416,15.452360717773438,15.456360758463543
2023-07-26 13:55:43.039762,3770606.0,3771058.0,13.494578979492188,13.498578979492187,15.461056762695312,15.465056803385416
2023-07-26 13:55:43.047736,3770608.0,3771060.0,13.503274698893229,13.507274780273436,15.469752807617187,15.473752888997396
2023-07-26 13:55:43.056705,3770610.0,3771062.0,13.511970784505209,13.515970825195312,15.478448893229167,15.48244893391927
2023-07-26 13:55:43.065676,3770612.0,3771064.0,13.520666829427084,13.524666870117187,15.487144938151042,15.491144978841145
2023-07-26 13:55:43.074646,3770614.0,3771066.0,13.529362874348958,13.533362955729167,15.495840657552083,15.499840698242188
2023-07-26 13:55:43.082619,3770616.0,3771068.0,13.538058959960937,13.542059000651042,15.504536702473958,15.508536783854167
2023-07-26 13:55:43.091589,3770618.0,3771070.0,13.546754760742187,13.550754760742189,15.513232788085938,15.517232828776041
2023-07-26 13:55:43.100559,3770620.0,3771072.0,13.555450724283855,13.559450805664062,15.521928833007813,15.525928873697916
2023-07-26 13:55:43.109527,3770622.0,3771074.0,13.564146809895833,13.568146850585938,15.530635294596355,15.534635375976563
2023-07-26 13:55:43.117502,3770624.0,3771076.0,13.572842854817708,13.576842895507813,15.539320963541666,15.543321004231771
2023-07-26 13:55:43.126472,3770626.0,3771078.0,13.581538899739584,13.585538981119791,15.548016682942709,15.552016723632812
2023-07-26 13:55:43.135442,3770628.0,3771080.0,13.590234985351563,13.594235026041666,15.556712727864584,15.56071280924479
2023-07-26 13:55:43.143415,3770630.0,3771082.0,13.598930704752604,13.602930745442709,15.565408813476562,15.569408854166667
2023-07-26 13:55:43.152385,3770632.0,3771084.0,13.60762674967448,13.611626790364584,15.574104858398437,15.57810489908854
2023-07-26 13:55:43.161355,3770634.0,3771086.0,13.616333211263022,13.62033329264323,15.582800903320313,15.58680098470052
2023-07-26 13:55:43.169329,3770636.0,3771088.0,13.625018880208334,13.629018920898437,15.591496826171875,15.595496826171876
2023-07-26 13:55:43.178761,3770638.0,3771090.0,13.633714925130208,13.637714965820312,15.600192708333333,15.604192749023436
2023-07-26 13:55:43.187732,3770640.0,3771092.0,13.642410970052083,13.646411010742188,15.608888753255208,15.612888793945313
2023-07-26 13:55:43.195704,3770642.0,3771094.0,13.65110673014323,13.655106770833333,15.617584798177083,15.621584879557291
2023-07-26 13:55:43.204674,3770644.0,3771096.0,13.659802775065105,13.663802815755208,15.626280883789063,15.630280924479166
2023-07-26 13:55:43.213644,3770646.0,3771098.0,13.66849881998698,13.672498901367188,15.634976928710937,15.638976969401043
2023-07-26 13:55:43.221617,3770648.0,3771100.0,13.677194905598958,13.681194946289063,15.643672648111979,15.647672729492188
2023-07-26 13:55:43.230587,3770650.0,3771102.0,13.685890950520832,13.689890991210937,15.652368733723959,15.656368774414062
2023-07-26 13:55:43.239557,3770652.0,3771104.0,13.694586791992187,13.698586791992186,15.661064778645834,15.665064819335937
2023-07-26 13:55:43.248527,3770654.0,3771106.0,13.70328271484375,13.707282796223959,15.669760823567708,15.673760904947917
2023-07-26 13:55:43.256500,3770656.0,3771108.0,13.711978800455729,13.715978841145834,15.678456909179687,15.682456949869792
2023-07-26 13:55:43.265471,3770658.0,3771110.0,13.720674845377605,13.724674886067708,15.687152954101563,15.691152994791667
2023-07-26 13:55:43.274505,3770660.0,3771112.0,13.72937089029948,13.733370971679687,15.695848673502605,15.699848714192708
2023-07-26 13:55:43.282703,3770662.0,3771114.0,13.738066975911458,13.742067016601563,15.70454471842448,15.708544799804688
2023-07-26 13:55:43.291673,3770664.0,3771116.0,13.746762695312501,13.750762736002605,15.713240804036458,15.717240844726561
2023-07-26 13:55:43.300643,3770666.0,3771118.0,13.755458740234376,13.759458821614583,15.721936848958334,15.725936889648438
2023-07-26 13:55:43.308617,3770668.0,3771120.0,13.764154825846354,13.768154866536458,15.730632893880209,15.734632975260416
2023-07-26 13:55:43.317587,3770670.0,3771122.0,13.77285087076823,13.776850911458332,15.739328857421874,15.743328857421874
2023-07-26 13:55:43.326557,3770672.0,3771124.0,13.781546915690104,13.785546997070313,15.748024698893229,15.752024739583334
2023-07-26 13:55:43.335527,3770674.0,3771126.0,13.790243001302082,13.794243041992187,15.756720743815103,15.760720825195312
2023-07-26 13:55:43.343501,3770676.0,3771128.0,13.798938720703125,13.802938761393229,15.765416829427084,15.769416870117187
2023-07-26 13:55:43.352602,3770678.0,3771130.0,13.807634765625,13.811634806315103,15.77411287434896,15.778112915039063
2023-07-26 13:55:43.361523,3770680.0,3771132.0,13.816330810546875,13.820330891927084,15.782808919270833,15.786809000651042
2023-07-26 13:55:43.369492,3770682.0,3771134.0,13.825026896158853,13.829026936848958,15.791504638671874,15.795504720052083
2023-07-26 13:55:43.378466,3770684.0,3771136.0,13.83372294108073,13.837722981770833,15.800200724283854,15.804200764973958
2023-07-26 13:55:43.387569,3770686.0,3771138.0,13.842418823242188,13.846418823242187,15.80889676920573,15.812896809895832
2023-07-26 13:55:43.396478,3770688.0,3771140.0,13.85111474609375,13.855114786783854,15.817592814127606,15.821592895507813
2023-07-26 13:55:43.404457,3770690.0,3771142.0,13.859810791015626,13.86381083170573,15.826288899739584,15.830288940429687
2023-07-26 13:55:43.413427,3770692.0,3771144.0,13.8685068359375,13.87250691731771,15.834984944661459,15.838984985351562
2023-07-26 13:55:43.422397,3770694.0,3771146.0,13.877202921549479,13.881202962239584,15.8436806640625,15.847680745442709
2023-07-26 13:55:43.430370,3770696.0,3771148.0,13.885898966471355,13.889899007161459,15.85237674967448,15.856376790364584
2023-07-26 13:55:43.439340,3770698.0,3771150.0,13.894594685872397,13.8985947265625,15.861083211263022,15.865083251953125
2023-07-26 13:55:43.448310,3770700.0,3771152.0,13.903290730794271,13.907290812174478,15.86976883951823,15.873768920898437
2023-07-26 13:55:43.457280,3770702.0,3771154.0,13.91198681640625,13.915986857096353,15.878464925130208,15.882464965820311
2023-07-26 13:55:43.465253,3770704.0,3771156.0,13.920682861328125,13.92468290201823,15.887160888671874,15.891160888671875
2023-07-26 13:55:43.474223,3770706.0,3771158.0,13.929378906250001,13.933378987630208,15.895856689453124,15.899856730143231
2023-07-26 13:55:43.483193,3770708.0,3771160.0,13.93807499186198,13.942075032552083,15.904552734375,15.908552815755208
2023-07-26 13:55:43.492158,3770710.0,3771162.0,13.946781127929688,13.950781168619791,15.91324881998698,15.917248860677084
2023-07-26 13:55:43.500136,3770712.0,3771164.0,13.955466756184896,13.959466837565104,15.921944864908854,15.925944905598957
2023-07-26 13:55:43.509106,3770714.0,3771166.0,13.964162841796874,13.968162882486979,15.930640909830728,15.934640991210937
2023-07-26 13:55:43.518076,3770716.0,3771168.0,13.97285888671875,13.976858927408854,15.939336669921875,15.94333671061198
2023-07-26 13:55:43.526050,3770718.0,3771170.0,13.981554931640625,13.985555013020834,15.94803271484375,15.952032755533853
2023-07-26 13:55:43.535020,3770720.0,3771172.0,13.990250854492187,13.994250854492186,15.956728759765626,15.960728841145833
2023-07-26 13:55:43.543989,3770722.0,3771174.0,13.998946736653647,14.00294677734375,15.965424845377605,15.969424886067708
2023-07-26 13:55:43.552959,3770724.0,3771176.0,14.007642781575521,14.011642822265625,15.97412089029948,15.978120930989583
2023-07-26 13:55:43.560933,3770726.0,3771178.0,14.016338826497396,14.020338907877605,15.982816935221354,15.986817016601563
2023-07-26 13:55:43.569902,3770728.0,3771180.0,14.025034912109374,14.02903495279948,15.991512654622396,15.995512736002604
2023-07-26 13:55:43.578872,3770730.0,3771182.0,14.033730957031251,14.037730997721354,16.000208740234374,16.00420878092448
2023-07-26 13:55:43.587837,3770732.0,3771184.0,14.042426676432292,14.0464267578125,16.00890478515625,16.012904825846356
2023-07-26 13:55:43.595815,3770734.0,3771186.0,14.05112276204427,14.055122802734374,16.017600830078123,16.021600911458332
2023-07-26 13:55:43.604786,3770736.0,3771188.0,14.059818806966145,14.06381884765625,16.026296915690104,16.03029695638021
2023-07-26 13:55:43.613756,3770738.0,3771190.0,14.068514851888022,14.072514933268229,16.034992919921873,16.038992919921874
2023-07-26 13:55:43.621729,3770740.0,3771192.0,14.0772109375,14.081210978190104,16.04368868001302,16.04768876139323
2023-07-26 13:55:43.630700,3770742.0,3771194.0,14.085906982421875,14.089907023111978,16.052384765625,16.056384806315105
2023-07-26 13:55:43.639669,3770744.0,3771196.0,14.094602701822916,14.09860274251302,16.061080810546876,16.06508085123698
2023-07-26 13:55:43.648639,3770746.0,3771198.0,14.103298746744791,14.107298828125,16.06977685546875,16.073776936848958
2023-07-26 13:55:43.656612,3770748.0,3771200.0,14.111994832356771,14.115994873046876,16.07847294108073,16.08247298177083
2023-07-26 13:55:43.665582,3770750.0,3771202.0,14.120690877278646,14.12469091796875,16.087168701171876,16.091168701171878
2023-07-26 13:55:43.674552,3770752.0,3771204.0,14.12938692220052,14.133387003580728,16.095864705403645,16.09986474609375
2023-07-26 13:55:43.682526,3770754.0,3771206.0,14.138082885742188,14.142082885742187,16.104560750325522,16.108560831705727
2023-07-26 13:55:43.691495,3770756.0,3771208.0,14.146778727213542,14.150778767903645,16.113256835937502,16.117256876627604
2023-07-26 13:55:43.700492,3770758.0,3771210.0,14.155474772135417,14.159474853515626,16.121952880859375,16.12595292154948
2023-07-26 13:55:43.709462,3770760.0,3771212.0,14.164170857747395,14.1681708984375,16.130648925781248,16.134649007161457
2023-07-26 13:55:43.717435,3770762.0,3771214.0,14.172866902669272,14.176866943359375,16.139344685872395,16.1433447265625
2023-07-26 13:55:43.726405,3770764.0,3771216.0,14.181562947591146,14.185563028971353,16.14804073079427,16.152040771484376
2023-07-26 13:55:43.735375,3770766.0,3771218.0,14.190258666992188,14.194258748372397,16.156736775716144,16.160736857096353
2023-07-26 13:55:43.744341,3770768.0,3771220.0,14.198954752604166,14.202954793294271,16.165432861328124,16.16943290201823
2023-07-26 13:55:43.752318,3770770.0,3771222.0,14.207650797526043,14.211650838216146,16.17412890625,16.178128946940106
2023-07-26 13:55:43.761289,3770772.0,3771224.0,14.216346842447917,14.220346923828124,16.182824951171874,16.186824951171875
2023-07-26 13:55:43.770258,3770774.0,3771226.0,14.225042928059896,14.229042968749999,16.191520670572917,16.19553116861979
2023-07-26 13:55:43.778231,3770776.0,3771228.0,14.23373897298177,14.237739013671874,16.200216756184897,16.204216796875002
2023-07-26 13:55:43.787201,3770778.0,3771230.0,14.242434692382812,14.24643477376302,16.20891280110677,16.212912841796875
2023-07-26 13:55:43.796171,3770780.0,3771232.0,14.251130777994792,14.255130818684895,16.217608846028646,16.22160892740885
2023-07-26 13:55:43.805141,3770782.0,3771234.0,14.259826822916667,14.26382686360677,16.226304931640627,16.23030497233073
2023-07-26 13:55:43.813115,3770784.0,3771236.0,14.268522867838541,14.27252294921875,16.235000732421874,16.239000732421875
2023-07-26 13:55:43.822085,3770786.0,3771238.0,14.27721895345052,14.281218994140625,16.243696695963543,16.247696777343748
2023-07-26 13:55:43.831054,3770788.0,3771240.0,14.285914916992189,14.289914916992188,16.252392781575523,16.256392822265624
2023-07-26 13:55:43.840020,3770790.0,3771242.0,14.294610717773438,14.298610758463543,16.261088826497396,16.2650888671875
2023-07-26 13:55:43.847998,3770792.0,3771244.0,14.303306762695312,14.307306844075521,16.26978487141927,16.273784952799478
2023-07-26 13:55:43.856968,3770794.0,3771246.0,14.31200284830729,14.316002888997396,16.27848095703125,16.282480997721354
2023-07-26 13:55:43.865938,3770796.0,3771248.0,14.320698893229167,14.32469893391927,16.287176676432292,16.291176717122397
2023-07-26 13:55:43.873911,3770798.0,3771250.0,14.329394938151042,14.33339501953125,16.29587272135417,16.29987276204427
2023-07-26 13:55:43.882881,3770800.0,3771252.0,14.338090698242187,14.342090738932292,16.30456876627604,16.30856884765625
2023-07-26 13:55:43.891851,3770802.0,3771254.0,14.346786743164063,14.350786783854167,16.31326485188802,16.317264892578127
2023-07-26 13:55:43.900821,3770804.0,3771256.0,14.355482788085938,14.359482869466145,16.321960896809895,16.3259609375
2023-07-26 13:55:43.908794,3770806.0,3771258.0,14.364178873697917,14.36817891438802,16.33065694173177,16.334656982421873
2023-07-26 13:55:43.917764,3770808.0,3771260.0,14.372885335286458,14.376885375976563,16.339352701822918,16.343352742513023
2023-07-26 13:55:43.926734,3770810.0,3771262.0,14.381570963541668,14.385571044921875,16.34804874674479,16.352048787434896
2023-07-26 13:55:43.934707,3770812.0,3771264.0,14.390266682942709,14.394266764322916,16.356744791666667,16.360744873046873
2023-07-26 13:55:43.943677,3770814.0,3771266.0,14.398962768554687,14.40296280924479,16.365440877278647,16.369440917968753
2023-07-26 13:55:43.952647,3770816.0,3771268.0,14.407658813476562,14.411658854166667,16.37413692220052,16.378136962890625
2023-07-26 13:55:43.961617,3770818.0,3771270.0,14.416354858398437,14.420354939778646,16.38283276367188,16.386832763671876
2023-07-26 13:55:43.969590,3770820.0,3771272.0,14.425050944010417,14.42905098470052,16.391528686523436,16.395528767903645
2023-07-26 13:55:43.978560,3770822.0,3771274.0,14.433746948242186,14.437746948242188,16.400224772135417,16.40422481282552
2023-07-26 13:55:43.987530,3770824.0,3771276.0,14.442442708333333,14.446442789713542,16.40892081705729,16.412920857747395
2023-07-26 13:55:43.996500,3770826.0,3771278.0,14.451138793945312,14.455138834635417,16.417616861979166,16.42161694335938
2023-07-26 13:55:44.004473,3770828.0,3771280.0,14.459834838867188,14.463834879557291,16.426312947591146,16.43031298828125
2023-07-26 13:55:44.013444,3770830.0,3771282.0,14.468530883789063,14.472530965169272,16.435008666992186,16.43900870768229
2023-07-26 13:55:44.022413,3770832.0,3771284.0,14.477226969401043,14.481227010091146,16.443704711914062,16.44770479329427
2023-07-26 13:55:44.030387,3770834.0,3771286.0,14.485922729492188,14.489922729492188,16.452400797526042,16.456400838216148
2023-07-26 13:55:44.039357,3770836.0,3771288.0,14.494618733723959,14.498618774414062,16.461096842447915,16.46509688313802
2023-07-26 13:55:44.048327,3770838.0,3771290.0,14.503314778645834,14.50731486002604,16.469792887369792,16.47379296875
2023-07-26 13:55:44.057297,3770840.0,3771292.0,14.512010864257814,14.516010904947917,16.478488972981772,16.482489013671877
2023-07-26 13:55:44.065270,3770842.0,3771294.0,14.520706909179689,14.524706949869792,16.48718469238281,16.491184733072917
2023-07-26 13:55:44.074240,3770844.0,3771296.0,14.529402954101563,14.53340303548177,16.495880737304688,16.49988077799479
2023-07-26 13:55:44.083210,3770846.0,3771298.0,14.538098714192708,14.542098754882812,16.50457678222656,16.508576863606773
2023-07-26 13:55:44.092181,3770848.0,3771300.0,14.546794759114583,14.550794799804688,16.51327286783854,16.517272908528646
2023-07-26 13:55:44.100153,3770850.0,3771302.0,14.555490804036458,14.559490885416666,16.521968912760418,16.52596895345052
2023-07-26 13:55:44.109123,3770852.0,3771304.0,14.564186889648438,14.568186930338541,16.530664794921876,16.534664794921873
2023-07-26 13:55:44.118093,3770854.0,3771306.0,14.572882934570313,14.576882975260416,16.539360717773437,16.543360758463542
2023-07-26 13:55:44.126069,3770856.0,3771308.0,14.581578979492187,14.585578979492187,16.548056762695314,16.552056803385415
2023-07-26 13:55:44.135036,3770858.0,3771310.0,14.590274698893229,14.594274780273437,16.556752807617187,16.560752888997396
2023-07-26 13:55:44.144006,3770860.0,3771312.0,14.598970784505209,14.602970825195314,16.565448893229167,16.569448933919272
2023-07-26 13:55:44.152976,3770862.0,3771314.0,14.607666829427083,14.611666870117187,16.57414493815104,16.578144978841145
2023-07-26 13:55:44.160949,3770864.0,3771316.0,14.61636287434896,14.620362955729167,16.582840657552083,16.586840698242185
2023-07-26 13:55:44.169919,3770866.0,3771318.0,14.625058959960937,14.629059000651042,16.59153670247396,16.59553678385417
2023-07-26 13:55:44.183056,3770868.0,3771320.0,14.633754760742187,14.637754760742189,16.600232788085936,16.60423282877604
2023-07-26 13:55:44.192027,3770871.0,3771323.0,14.646798746744793,14.650798828125,16.61327685546875,16.617276936848956
2023-07-26 13:55:44.199995,3770873.0,3771325.0,14.655494832356771,14.659494873046876,16.621972941080728,16.625972981770833
2023-07-26 13:55:44.208965,3770875.0,3771327.0,14.664190877278646,14.668190917968749,16.630668701171874,16.634668701171876
2023-07-26 13:55:44.217940,3770877.0,3771329.0,14.67288692220052,14.67688700358073,16.639364705403647,16.64336474609375
2023-07-26 13:55:44.226910,3770879.0,3771331.0,14.681582885742188,14.685582885742187,16.64806075032552,16.65206083170573
2023-07-26 13:55:44.234878,3770881.0,3771333.0,14.690278727213542,14.694278767903645,16.6567568359375,16.660756876627605
2023-07-26 13:55:44.243848,3770883.0,3771335.0,14.698974772135417,14.702974853515625,16.665452880859377,16.669452921549478
2023-07-26 13:55:44.252822,3770885.0,3771337.0,14.707670857747395,14.7116708984375,16.67414892578125,16.67814900716146
2023-07-26 13:55:44.260797,3770887.0,3771339.0,14.716366902669272,14.720366943359375,16.682844685872393,16.6868447265625
2023-07-26 13:55:44.269761,3770889.0,3771341.0,14.725062947591146,14.729063028971353,16.691540730794273,16.695540771484374
2023-07-26 13:55:44.278735,3770891.0,3771343.0,14.733758666992188,14.737758748372396,16.700236775716146,16.704236857096355
2023-07-26 13:55:44.287706,3770893.0,3771345.0,14.742454752604166,14.746454793294271,16.708932861328122,16.71293290201823
2023-07-26 13:55:44.295674,3770895.0,3771347.0,14.751150797526043,14.755150838216146,16.71762890625,16.721628946940104
2023-07-26 13:55:44.304770,3770897.0,3771349.0,14.759846842447917,14.763846923828124,16.726324951171875,16.730324951171877
2023-07-26 13:55:44.313723,3770899.0,3771351.0,14.768542928059896,14.77254296875,16.735020670572915,16.739031168619793
2023-07-26 13:55:44.321692,3770901.0,3771353.0,14.77723897298177,14.781239013671874,16.7437167561849,16.747716796875
2023-07-26 13:55:44.330661,3770903.0,3771355.0,14.785934692382813,14.78993477376302,16.75241280110677,16.756412841796873
2023-07-26 13:55:44.339636,3770905.0,3771357.0,14.794630777994792,14.798630818684895,16.761108846028645,16.765108927408853
2023-07-26 13:55:44.348606,3770907.0,3771359.0,14.803326822916667,14.80732686360677,16.769804931640625,16.77380497233073
2023-07-26 13:55:44.356716,3770909.0,3771361.0,14.812022867838541,14.81602294921875,16.778500732421875,16.782500732421873
2023-07-26 13:55:44.365634,3770911.0,3771363.0,14.82071895345052,14.824718994140625,16.78719669596354,16.79119677734375
2023-07-26 13:55:44.374603,3770913.0,3771365.0,14.829414916992189,14.833414916992188,16.79589278157552,16.799892822265626
2023-07-26 13:55:44.382572,3770915.0,3771367.0,14.838110717773437,14.842110758463543,16.804588826497397,16.8085888671875
2023-07-26 13:55:44.391546,3770917.0,3771369.0,14.846806762695312,14.850806844075521,16.81328487141927,16.81728495279948
2023-07-26 13:55:44.400192,3770919.0,3771371.0,14.85550284830729,14.859502888997396,16.821980957031247,16.825980997721356
2023-07-26 13:55:44.409170,3770921.0,3771373.0,14.864198893229167,14.86819893391927,16.830676676432294,16.834676717122395
2023-07-26 13:55:44.418119,3770923.0,3771375.0,14.872894938151042,14.87689501953125,16.839372721354167,16.84337276204427
2023-07-26 13:55:44.426135,3770925.0,3771377.0,14.881590698242187,14.885590738932292,16.84806876627604,16.852068847656252
2023-07-26 13:55:44.435017,3770927.0,3771379.0,14.890286743164063,14.894286783854167,16.856764851888023,16.860764892578125
2023-07-26 13:55:44.443987,3770929.0,3771381.0,14.898982788085938,14.902982869466145,16.865460896809896,16.8694609375
2023-07-26 13:55:44.452957,3770931.0,3771383.0,14.907678873697916,14.911678914388022,16.87415694173177,16.878156982421874
2023-07-26 13:55:44.460931,3770933.0,3771385.0,14.916385335286458,14.920385375976563,16.88285270182292,16.88685274251302
2023-07-26 13:55:44.469901,3770935.0,3771387.0,14.925070963541668,14.929071044921875,16.891548746744792,16.895548787434894
2023-07-26 13:55:44.478870,3770937.0,3771389.0,14.933766682942709,14.937766764322916,16.900244791666665,16.904244873046874
2023-07-26 13:55:44.487360,3770939.0,3771391.0,14.942462768554687,14.94646280924479,16.908940877278646,16.91294091796875
2023-07-26 13:55:44.496335,3770941.0,3771393.0,14.951158813476562,14.955158854166667,16.917636922200522,16.921636962890624
2023-07-26 13:55:44.504308,3770943.0,3771395.0,14.959854858398437,14.963854939778646,16.926332763671876,16.930332763671878
2023-07-26 13:55:44.513275,3770945.0,3771397.0,14.968550944010417,14.97255098470052,16.935028686523435,16.939028767903647
2023-07-26 13:55:44.522243,3770947.0,3771399.0,14.977246948242188,14.981246948242188,16.94372477213542,16.94772481282552
2023-07-26 13:55:44.531218,3770949.0,3771401.0,14.985942708333333,14.989942789713542,16.95242081705729,16.956420857747396
2023-07-26 13:55:44.539187,3770951.0,3771403.0,14.994638793945311,14.998638834635416,16.961116861979164,16.965116943359376
2023-07-26 13:55:44.548158,3770953.0,3771405.0,15.003334838867188,15.007334879557293,16.969812947591148,16.97381298828125
2023-07-26 13:55:44.557131,3770955.0,3771407.0,15.012030883789063,15.016030965169271,16.978508666992187,16.982508707682292
2023-07-26 13:55:44.566096,3770957.0,3771409.0,15.020726969401043,15.024727010091146,16.98720471191406,16.991204793294273
2023-07-26 13:55:44.574070,3770959.0,3771411.0,15.029422729492188,15.033422729492187,16.995900797526044,16.999900838216146
2023-07-26 13:55:44.583044,3770961.0,3771413.0,15.038118733723959,15.042118774414062,17.004596842447917,17.008596883138022
2023-07-26 13:55:44.592014,3770963.0,3771415.0,15.046814778645833,15.050814860026042,17.01329288736979,17.017292968750002
2023-07-26 13:55:44.599983,3770965.0,3771417.0,15.055510864257814,15.059510904947917,17.021988972981774,17.025989013671875
2023-07-26 13:55:44.608953,3770967.0,3771419.0,15.064206909179688,15.068206949869792,17.030684692382813,17.034684733072915
2023-07-26 13:55:44.617927,3770969.0,3771421.0,15.072902954101563,15.07690303548177,17.039380737304686,17.04338077799479
2023-07-26 13:55:44.626897,3770971.0,3771423.0,15.081598714192708,15.085598754882811,17.04807678222656,17.05207686360677
2023-07-26 13:55:44.634870,3770973.0,3771425.0,15.090294759114583,15.094294799804688,17.056772867838543,17.060772908528644
2023-07-26 13:55:44.643840,3770975.0,3771427.0,15.098990804036458,15.102990885416666,17.065468912760416,17.06946895345052
2023-07-26 13:55:44.652810,3770977.0,3771429.0,15.107686889648438,15.111686930338541,17.074164794921874,17.078164794921875
2023-07-26 13:55:44.661777,3770979.0,3771431.0,15.116382934570312,15.120382975260416,17.08286071777344,17.08686075846354
2023-07-26 13:55:44.669754,3770981.0,3771433.0,15.125078979492187,15.129078979492187,17.091556762695312,17.095556803385417
2023-07-26 13:55:44.678724,3770983.0,3771435.0,15.133774698893228,15.137774780273437,17.100252807617185,17.104252888997397
2023-07-26 13:55:44.687694,3770985.0,3771437.0,15.142470784505209,15.146470825195314,17.10894889322917,17.11294893391927
2023-07-26 13:55:44.695676,3770987.0,3771439.0,15.151166829427083,15.155166870117187,17.11764493815104,17.121644978841147
2023-07-26 13:55:44.704637,3770989.0,3771441.0,15.15986287434896,15.163862955729167,17.12634065755208,17.130340698242186
2023-07-26 13:55:44.713607,3770991.0,3771443.0,15.168558959960937,15.172559000651042,17.13503670247396,17.139036783854166
2023-07-26 13:55:44.722577,3770993.0,3771445.0,15.177254760742189,15.181254760742188,17.143732788085938,17.147732828776043
2023-07-26 13:55:44.730550,3770995.0,3771447.0,15.185950724283854,15.189950805664063,17.15242883300781,17.156428873697916
2023-07-26 13:55:44.739520,3770997.0,3771449.0,15.194646809895833,15.198646850585938,17.161135294596352,17.16513537597656
2023-07-26 13:55:44.748490,3770999.0,3771451.0,15.20334285481771,15.207342895507812,17.169820963541667,17.17382100423177
2023-07-26 13:55:44.757455,3771001.0,3771453.0,15.212038899739584,15.216038981119791,17.178516682942707,17.182516723632812
2023-07-26 13:55:44.765433,3771003.0,3771455.0,15.220734985351562,15.224735026041666,17.187212727864583,17.191212809244792
2023-07-26 13:55:44.774403,3771005.0,3771457.0,15.229430704752604,15.233430745442709,17.195908813476564,17.199908854166665
2023-07-26 13:55:44.783368,3771007.0,3771459.0,15.23812674967448,15.242126790364583,17.204604858398437,17.20860489908854
2023-07-26 13:55:44.791346,3771009.0,3771461.0,15.246833211263022,15.250833292643229,17.21330090332031,17.217300984700522
2023-07-26 13:55:44.800317,3771011.0,3771463.0,15.255518880208333,15.259518920898437,17.221996826171875,17.225996826171873
2023-07-26 13:55:44.809288,3771013.0,3771465.0,15.264214925130208,15.268214965820311,17.230692708333333,17.234692749023438
2023-07-26 13:55:44.818257,3771015.0,3771467.0,15.272910970052083,15.276911010742188,17.239388753255206,17.243388793945314
2023-07-26 13:55:44.826225,3771017.0,3771469.0,15.28160673014323,15.285606770833335,17.248084798177086,17.25208487955729
2023-07-26 13:55:44.835200,3771019.0,3771471.0,15.290302775065104,15.294302815755207,17.256780883789062,17.260780924479167
2023-07-26 13:55:44.844166,3771021.0,3771473.0,15.29899881998698,15.302998901367188,17.265476928710935,17.26947696940104
2023-07-26 13:55:44.852143,3771023.0,3771475.0,15.307694905598957,15.311694946289062,17.274172648111982,17.278172729492187
2023-07-26 13:55:44.861113,3771025.0,3771477.0,15.316390950520834,15.320390991210937,17.28286873372396,17.286868774414064
2023-07-26 13:55:44.870083,3771027.0,3771479.0,15.325086791992186,15.329086791992188,17.29156477864583,17.295564819335937
2023-07-26 13:55:44.879047,3771029.0,3771481.0,15.33378271484375,15.337782796223959,17.300260823567708,17.304260904947917
2023-07-26 13:55:44.887026,3771031.0,3771483.0,15.34247880045573,15.346478841145833,17.308956909179688,17.31295694986979
2023-07-26 13:55:44.895996,3771033.0,3771485.0,15.351174845377605,15.355174886067708,17.31765295410156,17.321652994791666
2023-07-26 13:55:44.905120,3771035.0,3771487.0,15.35987089029948,15.363870971679686,17.326348673502604,17.330349039713543
2023-07-26 13:55:44.913061,3771037.0,3771489.0,15.368566975911458,15.372567016601563,17.33504471842448,17.339044799804686
2023-07-26 13:55:44.921985,3771039.0,3771491.0,15.377262695312501,15.381262736002604,17.343740804036457,17.347740844726562
2023-07-26 13:55:44.930955,3771041.0,3771493.0,15.385958740234376,15.389958821614583,17.35243684895833,17.35643688964844
2023-07-26 13:55:44.939939,3771043.0,3771495.0,15.394654825846354,15.398654866536457,17.36113289388021,17.365132975260416
2023-07-26 13:55:44.947899,3771045.0,3771497.0,15.403350870768229,15.407350911458332,17.369828857421876,17.373828857421877
2023-07-26 13:55:44.957389,3771047.0,3771499.0,15.412046915690105,15.416046997070312,17.378524698893226,17.382524739583335
2023-07-26 13:55:44.965363,3771049.0,3771501.0,15.420743001302082,15.424743041992189,17.387220743815107,17.39122082519531
2023-07-26 13:55:44.974332,3771051.0,3771503.0,15.429438720703125,15.433438761393228,17.395916829427083,17.39991687011719
2023-07-26 13:55:44.983302,3771053.0,3771505.0,15.438134765625,15.442134806315105,17.404612874348956,17.40861291503906
2023-07-26 13:55:44.991275,3771055.0,3771507.0,15.446830810546874,15.450830891927083,17.413308919270836,17.41730900065104
2023-07-26 13:55:45.000245,3771057.0,3771509.0,15.455526896158855,15.459526936848958,17.422004638671876,17.42600472005208
2023-07-26 13:55:45.009215,3771059.0,3771511.0,15.46422294108073,15.468222981770834,17.430700724283852,17.434700764973957
2023-07-26 13:55:45.018185,3771061.0,3771513.0,15.472918823242187,15.476918823242187,17.43939676920573,17.443396809895834
2023-07-26 13:55:45.026159,3771063.0,3771515.0,15.48161474609375,15.485614786783854,17.448092814127605,17.452092895507814
2023-07-26 13:55:45.035128,3771065.0,3771517.0,15.490310791015625,15.494310831705729,17.456788899739582,17.460788940429687
2023-07-26 13:55:45.044098,3771067.0,3771519.0,15.4990068359375,15.503006917317709,17.46548494466146,17.469484985351563
2023-07-26 13:55:45.053065,3771069.0,3771521.0,15.50770292154948,15.511702962239584,17.4741806640625,17.478180745442707
2023-07-26 13:55:45.061041,3771071.0,3771523.0,15.516398966471355,15.520399007161458,17.482876749674478,17.486876790364583
2023-07-26 13:55:45.070012,3771073.0,3771525.0,15.525094685872396,15.5290947265625,17.49158321126302,17.495583251953125
2023-07-26 13:55:45.078982,3771075.0,3771527.0,15.533790730794271,15.537790812174478,17.50026883951823,17.504268920898436
2023-07-26 13:55:45.086955,3771077.0,3771529.0,15.54248681640625,15.546486857096353,17.508964925130208,17.512964965820313
2023-07-26 13:55:45.095925,3771079.0,3771531.0,15.551182861328126,15.55518290201823,17.517660888671873,17.521660888671875
2023-07-26 13:55:45.104895,3771081.0,3771533.0,15.55987890625,15.563878987630208,17.526356689453127,17.53035673014323
2023-07-26 13:55:45.113864,3771083.0,3771535.0,15.56857499186198,15.572575032552082,17.535052734375,17.53905281575521
2023-07-26 13:55:45.121838,3771085.0,3771537.0,15.577281127929687,15.581281168619793,17.543748819986977,17.547748860677082
2023-07-26 13:55:45.130808,3771087.0,3771539.0,15.585966756184895,15.589966837565104,17.552444864908857,17.55644490559896
2023-07-26 13:55:45.139778,3771089.0,3771541.0,15.594662841796875,15.598662882486979,17.56114090983073,17.565140991210935
2023-07-26 13:55:45.148748,3771091.0,3771543.0,15.60335888671875,15.607358927408855,17.569836669921873,17.573836710611978
2023-07-26 13:55:45.156721,3771093.0,3771545.0,15.612054931640625,15.616055013020834,17.57853271484375,17.582532755533855
2023-07-26 13:55:45.165691,3771095.0,3771547.0,15.620750854492186,15.624750854492188,17.587228759765626,17.591228841145835
2023-07-26 13:55:45.174661,3771097.0,3771549.0,15.629446736653646,15.633446777343751,17.595924845377603,17.599924886067708
2023-07-26 13:55:45.182634,3771099.0,3771551.0,15.638142781575521,15.642142822265624,17.60462089029948,17.608620930989584
2023-07-26 13:55:45.195586,3771101.0,3771553.0,15.646838826497397,15.650838907877604,17.613316935221356,17.61731701660156
2023-07-26 13:55:45.209601,3771104.0,3771556.0,15.659882934570312,15.663882975260417,17.626360717773437,17.630360758463542
2023-07-26 13:55:45.217517,3771107.0,3771559.0,15.672926676432292,15.6769267578125,17.639404785156252,17.643404825846353
2023-07-26 13:55:45.226487,3771109.0,3771561.0,15.68162276204427,15.685622802734374,17.648100830078125,17.652100911458334
2023-07-26 13:55:45.235459,3771111.0,3771563.0,15.690318806966147,15.69431884765625,17.6567969156901,17.66079695638021
2023-07-26 13:55:45.244423,3771113.0,3771565.0,15.699014851888021,15.703014933268229,17.665492919921874,17.669492919921872
2023-07-26 13:55:45.253397,3771115.0,3771567.0,15.7077109375,15.711710978190103,17.67418868001302,17.67818876139323
2023-07-26 13:55:45.261366,3771117.0,3771569.0,15.716406982421875,15.72040702311198,17.682884765624998,17.686884806315106
2023-07-26 13:55:45.270341,3771119.0,3771571.0,15.725102701822916,15.72910274251302,17.691580810546878,17.69558085123698
2023-07-26 13:55:45.278313,3771121.0,3771573.0,15.733798746744792,15.737798828125,17.70027685546875,17.70427693684896
2023-07-26 13:55:45.287284,3771123.0,3771575.0,15.74249483235677,15.746494873046876,17.708972941080727,17.712972981770832
2023-07-26 13:55:45.296255,3771125.0,3771577.0,15.751190877278646,15.755190917968749,17.717668701171874,17.721668701171875
2023-07-26 13:55:45.305219,3771127.0,3771579.0,15.75988692220052,15.763887003580729,17.726364705403647,17.730364746093752
2023-07-26 13:55:45.313197,3771129.0,3771581.0,15.768582885742187,15.772582885742189,17.73506075032552,17.73906083170573
2023-07-26 13:55:45.322167,3771131.0,3771583.0,15.777278727213542,15.781278767903645,17.7437568359375,17.747756876627605
2023-07-26 13:55:45.331138,3771133.0,3771585.0,15.785974772135418,15.789974853515625,17.752452880859376,17.756452921549478
2023-07-26 13:55:45.339110,3771135.0,3771587.0,15.794670857747395,15.7986708984375,17.76114892578125,17.765149007161458
2023-07-26 13:55:45.353063,3771137.0,3771589.0,15.803366902669271,15.807366943359375,17.769844685872393,17.7738447265625
2023-07-26 13:55:45.361181,3771140.0,3771592.0,15.816410970052084,15.820411010742188,17.782888753255207,17.786888793945312
2023-07-26 13:55:45.370151,3771142.0,3771594.0,15.82510673014323,15.829106770833334,17.791584798177084,17.795584879557293
2023-07-26 13:55:45.379051,3771144.0,3771596.0,15.833802775065104,15.837802815755207,17.80028088378906,17.804280924479166
2023-07-26 13:55:45.387029,3771146.0,3771598.0,15.84249881998698,15.846498901367188,17.808976928710937,17.81297696940104
2023-07-26 13:55:45.395999,3771148.0,3771600.0,15.851194905598957,15.855194946289062,17.81767264811198,17.82167272949219
2023-07-26 13:55:45.404969,3771150.0,3771602.0,15.859890950520834,15.863890991210937,17.82636873372396,17.83036877441406
2023-07-26 13:55:45.413939,3771152.0,3771604.0,15.868586791992188,15.872586791992187,17.835064778645833,17.839064819335935
2023-07-26 13:55:45.422909,3771154.0,3771606.0,15.87728271484375,15.881282796223958,17.84376082356771,17.84776090494792
2023-07-26 13:55:45.430882,3771156.0,3771608.0,15.88597880045573,15.889978841145833,17.852456909179686,17.85645694986979
2023-07-26 13:55:45.439852,3771158.0,3771610.0,15.894674845377605,15.898674886067708,17.861152954101563,17.865152994791664
2023-07-26 13:55:45.448822,3771160.0,3771612.0,15.90337089029948,15.907370971679686,17.869848673502602,17.87384871419271
2023-07-26 13:55:45.457793,3771162.0,3771614.0,15.91206697591146,15.916067016601563,17.87854471842448,17.882544799804688
2023-07-26 13:55:45.465765,3771164.0,3771616.0,15.9207626953125,15.924762736002604,17.88724080403646,17.89124084472656
2023-07-26 13:55:45.474735,3771166.0,3771618.0,15.929458740234375,15.933458821614582,17.895936848958332,17.89993688964844
2023-07-26 13:55:45.483705,3771168.0,3771620.0,15.938154825846354,15.942154866536459,17.90463289388021,17.908632975260417
2023-07-26 13:55:45.492675,3771170.0,3771622.0,15.946850870768229,15.950850911458332,17.913328857421877,17.917328857421875
2023-07-26 13:55:45.500648,3771172.0,3771624.0,15.955546915690105,15.959546997070312,17.922024698893228,17.926024739583333
2023-07-26 13:55:45.509619,3771174.0,3771626.0,15.964243001302082,15.968243041992189,17.930720743815105,17.934720825195313
2023-07-26 13:55:45.518589,3771176.0,3771628.0,15.972938720703125,15.976938761393228,17.93941682942708,17.943416870117186
2023-07-26 13:55:45.527558,3771178.0,3771630.0,15.981634765625,15.985634806315105,17.948112874348958,17.95211291503906
2023-07-26 13:55:45.539518,3771180.0,3771632.0,15.990330810546874,15.994330891927083,17.956808919270834,17.960809000651043
2023-07-26 13:55:45.548488,3771183.0,3771635.0,16.003385335286456,16.00738537597656,17.96985270182292,17.97385274251302
2023-07-26 13:55:45.557458,3771185.0,3771637.0,16.012070963541667,16.016071044921873,17.978548746744792,17.982548787434897
2023-07-26 13:55:45.566429,3771187.0,3771639.0,16.020766682942707,16.02476676432292,17.987244791666665,17.991244873046874
2023-07-26 13:55:45.578388,3771189.0,3771641.0,16.02946276855469,16.033462809244792,17.99594087727865,17.99994091796875
2023-07-26 13:55:45.587072,3771192.0,3771644.0,16.042506835937502,16.04650691731771,18.008984944661456,18.012984985351565
2023-07-26 13:55:45.596047,3771194.0,3771646.0,16.05120292154948,16.055202962239584,18.0176806640625,18.02168074544271
2023-07-26 13:55:45.605017,3771196.0,3771648.0,16.059898966471355,16.063899007161456,18.02637674967448,18.03037679036458
2023-07-26 13:55:45.613983,3771198.0,3771650.0,16.068594685872394,16.072594726562503,18.03508321126302,18.039083251953127
2023-07-26 13:55:45.622957,3771200.0,3771652.0,16.07729073079427,16.08129081217448,18.04376883951823,18.047768920898438
2023-07-26 13:55:45.634916,3771202.0,3771654.0,16.08598681640625,16.089986857096353,18.05246492513021,18.05646496582031
2023-07-26 13:55:45.643886,3771205.0,3771657.0,16.099030883789062,16.10303096516927,18.065508666992187,18.069508707682292
2023-07-26 13:55:45.652857,3771207.0,3771659.0,16.10772696940104,16.111727010091148,18.07420471191406,18.078204793294272
2023-07-26 13:55:45.661821,3771209.0,3771661.0,16.11642272949219,16.120422729492187,18.082900797526044,18.086900838216145
2023-07-26 13:55:45.674783,3771211.0,3771663.0,16.12511873372396,16.129118774414064,18.091596842447917,18.095596883138022
2023-07-26 13:55:45.683748,3771214.0,3771666.0,16.138162841796873,16.14216288248698,18.104640909830728,18.108640991210937
2023-07-26 13:55:45.691726,3771216.0,3771668.0,16.14685888671875,16.15085892740885,18.113336669921875,18.117336710611976
2023-07-26 13:55:45.704683,3771218.0,3771670.0,16.155554931640626,16.159555013020835,18.12203271484375,18.126032755533856
2023-07-26 13:55:45.713653,3771221.0,3771673.0,16.16859871419271,16.172598754882813,18.135076782226562,18.13907686360677
2023-07-26 13:55:45.722623,3771223.0,3771675.0,16.177294759114584,16.181294799804686,18.143772867838543,18.147772908528644
2023-07-26 13:55:45.735579,3771225.0,3771677.0,16.185990804036457,16.189990885416666,18.152468912760416,18.15646895345052
2023-07-26 13:55:45.744546,3771228.0,3771680.0,16.199034912109376,16.203034952799477,18.165512654622397,18.169512736002602
2023-07-26 13:55:45.753520,3771230.0,3771682.0,16.20773095703125,16.211730997721357,18.174208740234373,18.178208780924482
2023-07-26 13:55:45.765479,3771232.0,3771684.0,16.21642667643229,16.2204267578125,18.18290478515625,18.186904825846355
2023-07-26 13:55:45.774449,3771235.0,3771687.0,16.22947078450521,16.23347082519531,18.19594889322917,18.19994893391927
2023-07-26 13:55:45.783419,3771237.0,3771689.0,16.238166829427083,16.242166870117188,18.20464493815104,18.208644978841146
2023-07-26 13:55:45.796375,3771239.0,3771691.0,16.246862874348956,16.25086295572917,18.21334065755208,18.217340698242186
2023-07-26 13:55:45.805341,3771242.0,3771694.0,16.259906982421874,16.26390702311198,18.226384765625,18.230384806315104
2023-07-26 13:55:45.814311,3771244.0,3771696.0,16.268602701822918,16.272602742513023,18.235080810546876,18.23908085123698
2023-07-26 13:55:45.826275,3771246.0,3771698.0,16.27729874674479,16.281298828125,18.24377685546875,18.247776936848958
2023-07-26 13:55:45.835245,3771249.0,3771701.0,16.29034285481771,16.294342895507814,18.256820963541667,18.260821004231772
2023-07-26 13:55:45.844215,3771251.0,3771703.0,16.299038899739582,16.303038981119794,18.265516682942707,18.26951672363281
2023-07-26 13:55:45.857172,3771253.0,3771705.0,16.307734985351566,16.311735026041667,18.274212727864583,18.278212809244792
2023-07-26 13:55:45.866240,3771256.0,3771708.0,16.320778727213543,16.32477876790365,18.2872568359375,18.291256876627607
2023-07-26 13:55:45.879188,3771258.0,3771710.0,16.329474772135416,16.333474853515625,18.295952880859375,18.29995292154948
2023-07-26 13:55:45.888158,3771261.0,3771713.0,16.342518880208335,16.346518920898436,18.308996826171875,18.312996826171872
2023-07-26 13:55:45.900118,3771263.0,3771715.0,16.351214925130208,16.355214965820313,18.317692708333333,18.321692749023438
2023-07-26 13:55:45.909113,3771266.0,3771718.0,16.364258666992185,16.368258748372394,18.330736775716147,18.334736857096352
2023-07-26 13:55:45.922069,3771268.0,3771720.0,16.372954752604166,16.37695479329427,18.339432861328124,18.343432902018233
2023-07-26 13:55:45.931039,3771271.0,3771723.0,16.385998819986977,16.38999890136719,18.352476928710935,18.35647696940104
2023-07-26 13:55:45.943996,3771273.0,3771725.0,16.39469490559896,16.398694946289062,18.36117264811198,18.365172729492187
2023-07-26 13:55:45.952966,3771276.0,3771728.0,16.40773897298177,16.411739013671877,18.374216756184897,18.378216796875
2023-07-26 13:55:45.965922,3771278.0,3771730.0,16.41643469238281,16.42043477376302,18.38291280110677,18.386912841796875
2023-07-26 13:55:45.974898,3771281.0,3771733.0,16.42947880045573,16.433478841145835,18.395956909179688,18.399956949869793
2023-07-26 13:55:45.987849,3771283.0,3771735.0,16.438174845377603,16.442174886067708,18.40465295410156,18.408652994791666
2023-07-26 13:55:45.996816,3771286.0,3771738.0,16.45121895345052,16.455218994140623,18.417696695963542,18.421696777343747
2023-07-26 13:55:46.008779,3771288.0,3771740.0,16.459914916992187,16.463914916992188,18.426392781575522,18.430392822265627
2023-07-26 13:55:46.018746,3771291.0,3771743.0,16.472958740234372,16.476958821614584,18.43943684895833,18.44343688964844
2023-07-26 13:55:46.030701,3771293.0,3771745.0,16.481654825846356,16.485654866536457,18.44813289388021,18.452132975260415
2023-07-26 13:55:46.039675,3771296.0,3771748.0,16.494698893229167,16.498698933919272,18.46117667643229,18.465176717122397
2023-07-26 13:55:46.052632,3771298.0,3771750.0,16.50339493815104,16.50739501953125,18.469872721354168,18.47387276204427
2023-07-26 13:55:46.061602,3771301.0,3771753.0,16.516438720703125,16.52043876139323,18.482916829427083,18.486916870117188
2023-07-26 13:55:46.074558,3771303.0,3771755.0,16.525134765624998,16.529134806315106,18.491612874348956,18.49561291503906
2023-07-26 13:55:46.083529,3771306.0,3771758.0,16.538178873697916,16.54217891438802,18.50465694173177,18.508656982421872
2023-07-26 13:55:46.096485,3771308.0,3771760.0,16.546885335286458,16.550885375976563,18.513352701822917,18.517352742513022
2023-07-26 13:55:46.105451,3771311.0,3771763.0,16.55991882324219,16.563918823242187,18.526396769205732,18.530396809895834
2023-07-26 13:55:46.117415,3771313.0,3771765.0,16.56861474609375,16.572614786783856,18.535092814127605,18.539092895507814
2023-07-26 13:55:46.131368,3771316.0,3771768.0,16.58165881347656,16.585658854166667,18.54813692220052,18.552136962890625
2023-07-26 13:55:46.140334,3771319.0,3771771.0,16.59470292154948,16.59870296223958,18.5611806640625,18.565180745442706
2023-07-26 13:55:46.152298,3771321.0,3771773.0,16.603398966471353,16.607399007161458,18.569876749674478,18.573876790364583
2023-07-26 13:55:46.165255,3771324.0,3771776.0,16.616442708333334,16.62044278971354,18.582920817057293,18.586920857747394
2023-07-26 13:55:46.179208,3771327.0,3771779.0,16.62948681640625,16.633486857096354,18.595964925130207,18.599964965820313
2023-07-26 13:55:46.192159,3771330.0,3771782.0,16.64253088378906,16.64653096516927,18.60900866699219,18.61300870768229
2023-07-26 13:55:46.205121,3771333.0,3771785.0,16.65557499186198,16.659575032552084,18.622052734375,18.62605281575521
2023-07-26 13:55:46.218078,3771336.0,3771788.0,16.66861873372396,16.67261877441406,18.63509684244792,18.63909688313802
2023-07-26 13:55:46.231034,3771339.0,3771791.0,16.681662841796875,16.68566288248698,18.648140950520833,18.65214099121094
2023-07-26 13:55:46.243991,3771342.0,3771794.0,16.694706909179686,16.69870694986979,18.66118469238281,18.665184733072916
2023-07-26 13:55:46.256947,3771345.0,3771797.0,16.70775085449219,16.711750854492188,18.674228759765626,18.678228841145835
2023-07-26 13:55:46.269904,3771348.0,3771800.0,16.720794759114582,16.724794799804688,18.68727286783854,18.691272908528646
2023-07-26 13:55:46.282861,3771351.0,3771803.0,16.733838826497397,16.737838907877602,18.700316935221355,18.704317016601564
2023-07-26 13:55:46.295817,3771354.0,3771806.0,16.746882934570312,16.750882975260417,18.713360717773437,18.717360758463542
2023-07-26 13:55:46.305784,3771357.0,3771809.0,16.759926676432293,16.7639267578125,18.72640478515625,18.730404825846353
2023-07-26 13:55:46.317744,3771359.0,3771811.0,16.76862276204427,16.772622802734375,18.735100830078125,18.739100911458333
2023-07-26 13:55:46.326714,3771362.0,3771814.0,16.78166682942708,16.785666870117186,18.748144938151043,18.752144978841145
2023-07-26 13:55:46.339670,3771364.0,3771816.0,16.790362874348958,16.79436295572917,18.756840657552083,18.760840698242188
2023-07-26 13:55:46.352627,3771367.0,3771819.0,16.803406982421873,16.80740702311198,18.769884765624997,18.773884806315106
2023-07-26 13:55:46.365650,3771370.0,3771822.0,16.816450724283854,16.820450805664063,18.782928833007812,18.786928873697914
2023-07-26 13:55:46.378719,3771373.0,3771825.0,16.82949483235677,16.833494873046874,18.795972941080727,18.799972981770832
2023-07-26 13:55:46.391613,3771376.0,3771828.0,16.842538899739584,16.846538981119792,18.80901668294271,18.81301672363281
2023-07-26 13:55:46.404577,3771379.0,3771831.0,16.855582885742187,16.85958288574219,18.82206075032552,18.82606083170573
2023-07-26 13:55:46.417533,3771382.0,3771834.0,16.86862674967448,16.87262679036458,18.835104858398438,18.83910489908854
2023-07-26 13:55:46.431487,3771385.0,3771837.0,16.881670857747395,16.8856708984375,18.84814892578125,18.852149007161458
2023-07-26 13:55:46.444442,3771388.0,3771840.0,16.89471492513021,16.89871496582031,18.861192708333334,18.865192749023436
2023-07-26 13:55:46.457404,3771391.0,3771843.0,16.907758666992187,16.911758748372396,18.874236775716145,18.878236857096354
2023-07-26 13:55:46.470361,3771394.0,3771846.0,16.920802775065102,16.924802815755207,18.887280883789064,18.891280924479165
2023-07-26 13:55:46.483317,3771397.0,3771849.0,16.933846842447917,16.937846923828126,18.900324951171875,18.904324951171876
2023-07-26 13:55:46.496274,3771400.0,3771852.0,16.94689095052083,16.950890991210937,18.91336873372396,18.91736877441406
2023-07-26 13:55:46.509359,3771403.0,3771855.0,16.959934692382813,16.96393477376302,18.92641280110677,18.930412841796876
2023-07-26 13:55:46.522258,3771406.0,3771858.0,16.972978800455728,16.976978841145833,18.939456909179686,18.94345694986979
2023-07-26 13:55:46.535214,3771409.0,3771861.0,16.986022867838543,16.990022949218748,18.952500732421875,18.956500732421873
2023-07-26 13:55:46.548171,3771412.0,3771864.0,16.999066975911457,17.003067016601562,18.96554471842448,18.969544799804687
2023-07-26 13:55:46.561128,3771415.0,3771867.0,17.01211071777344,17.01611075846354,18.978588826497397,18.982588867187502
2023-07-26 13:55:46.574084,3771418.0,3771870.0,17.025154825846354,17.02915486653646,18.991632893880208,18.995632975260417
2023-07-26 13:55:46.587041,3771421.0,3771873.0,17.03819889322917,17.04219893391927,19.004676676432293,19.008676717122395
2023-07-26 13:55:46.600994,3771424.0,3771876.0,17.051243001302083,17.05524304199219,19.017720743815104,19.021720825195313
2023-07-26 13:55:46.613951,3771427.0,3771879.0,17.064286743164065,17.068286783854166,19.030764851888023,19.034764892578124
2023-07-26 13:55:46.626907,3771430.0,3771882.0,17.077330810546876,17.081330891927085,19.043808919270834,19.047809000651043
2023-07-26 13:55:46.639864,3771433.0,3771885.0,17.09038533528646,17.09438537597656,19.05685270182292,19.06085274251302
2023-07-26 13:55:46.652820,3771436.0,3771888.0,17.103418823242187,17.107418823242188,19.06989676920573,19.073896809895835
2023-07-26 13:55:46.665777,3771439.0,3771891.0,17.11646276855469,17.120462809244792,19.08294087727865,19.08694091796875
2023-07-26 13:55:46.678733,3771442.0,3771894.0,17.1295068359375,17.13350691731771,19.095984944661456,19.099984985351565
2023-07-26 13:55:46.691690,3771445.0,3771897.0,17.142550944010416,17.14655098470052,19.109028686523438,19.113028767903646
2023-07-26 13:55:46.704647,3771448.0,3771900.0,17.155594685872394,17.159594726562503,19.12208321126302,19.126083251953126
2023-07-26 13:55:46.717603,3771451.0,3771903.0,17.168638793945313,17.172638834635418,19.135116861979167,19.139116943359376
2023-07-26 13:55:46.730560,3771454.0,3771906.0,17.181682861328124,17.185682902018232,19.148160888671875,19.152160888671876
2023-07-26 13:55:46.744513,3771457.0,3771909.0,17.19472696940104,17.198727010091147,19.16120471191406,19.165204793294272
2023-07-26 13:55:46.757470,3771460.0,3771912.0,17.20778112792969,17.21178116861979,19.17424881998698,19.178248860677083
2023-07-26 13:55:46.770426,3771463.0,3771915.0,17.22081477864583,17.224814860026044,19.18729288736979,19.191292968750002
2023-07-26 13:55:46.783383,3771466.0,3771918.0,17.23385888671875,17.23785892740885,19.200336669921874,19.204336710611976
2023-07-26 13:55:46.796340,3771469.0,3771921.0,17.24690295410156,17.250903035481773,19.213380737304686,19.21738077799479
2023-07-26 13:55:46.809296,3771472.0,3771924.0,17.259946736653646,17.263946777343747,19.226424845377604,19.230424886067706
2023-07-26 13:55:46.822253,3771475.0,3771927.0,17.272990804036457,17.276990885416666,19.239468912760415,19.24346895345052
2023-07-26 13:55:46.835210,3771478.0,3771930.0,17.286034912109375,17.290034952799477,19.252512654622397,19.256512736002602
2023-07-26 13:55:46.848166,3771481.0,3771933.0,17.299078979492187,17.303078979492188,19.26555676269531,19.269556803385417
2023-07-26 13:55:46.861123,3771484.0,3771936.0,17.31212276204427,17.316122802734373,19.278600830078126,19.28260091145833
2023-07-26 13:55:46.874079,3771487.0,3771939.0,17.325166829427083,17.329166870117188,19.29164493815104,19.295644978841146
2023-07-26 13:55:46.888031,3771490.0,3771942.0,17.3382109375,17.342210978190103,19.304688680013022,19.308688761393228
2023-07-26 13:55:46.900989,3771493.0,3771945.0,17.351254760742187,17.355254760742188,19.317732788085937,19.321732828776042
2023-07-26 13:55:46.913946,3771496.0,3771948.0,17.36429874674479,17.368298828125,19.33077685546875,19.334776936848957
2023-07-26 13:55:46.926902,3771499.0,3771951.0,17.37734285481771,17.381342895507814,19.343820963541667,19.347821004231772
2023-07-26 13:55:46.939859,3771502.0,3771954.0,17.39038692220052,17.39438700358073,19.35686470540365,19.36086474609375
2023-07-26 13:55:46.952815,3771505.0,3771957.0,17.403430704752605,17.407430745442706,19.369908813476563,19.373908854166668
2023-07-26 13:55:46.965772,3771508.0,3771960.0,17.416474772135416,17.420474853515625,19.382952880859374,19.38695292154948
2023-07-26 13:55:46.978729,3771511.0,3771963.0,17.429518880208335,17.433518920898436,19.395996826171874,19.399996826171876
2023-07-26 13:55:46.991685,3771514.0,3771966.0,17.442562947591146,17.446563028971354,19.40904073079427,19.413040771484376
2023-07-26 13:55:47.004642,3771517.0,3771969.0,17.45560673014323,17.459606770833332,19.422084798177085,19.42608487955729
2023-07-26 13:55:47.017598,3771520.0,3771972.0,17.468650797526042,17.472650838216147,19.43512890625,19.439128946940105
2023-07-26 13:55:47.030555,3771523.0,3771975.0,17.48169490559896,17.485694946289062,19.44817264811198,19.452172729492187
2023-07-26 13:55:47.044508,3771526.0,3771978.0,17.49473897298177,17.498739013671877,19.461216756184896,19.465216796875
2023-07-26 13:55:47.057465,3771529.0,3771981.0,17.507782714843753,17.511782796223958,19.47426082356771,19.478260904947916
2023-07-26 13:55:47.070421,3771532.0,3771984.0,17.520826822916668,17.524826863606773,19.487304931640626,19.49130497233073
2023-07-26 13:55:47.083378,3771535.0,3771987.0,17.53387089029948,17.537870971679688,19.500348673502604,19.50434871419271
2023-07-26 13:55:47.096335,3771538.0,3771990.0,17.546914916992186,17.550914916992188,19.513392781575522,19.517392822265627
2023-07-26 13:55:47.109291,3771541.0,3771993.0,17.559958740234375,17.563958821614584,19.526436848958333,19.53043688964844
2023-07-26 13:55:47.122248,3771544.0,3771996.0,17.573002848307294,17.577002888997395,19.539480957031248,19.543480997721357
2023-07-26 13:55:47.135204,3771547.0,3771999.0,17.5860469156901,17.590046997070313,19.552524698893226,19.556524739583335
2023-07-26 13:55:47.148161,3771550.0,3772002.0,17.599090698242186,17.603090738932295,19.56556876627604,19.569568847656253
2023-07-26 13:55:47.161117,3771553.0,3772005.0,17.612134765624997,17.616134806315106,19.578612874348956,19.58261291503906
2023-07-26 13:55:47.174074,3771556.0,3772008.0,17.625178873697916,17.62917891438802,19.59165694173177,19.595656982421872
2023-07-26 13:55:47.188027,3771559.0,3772011.0,17.638222941080727,17.642222981770832,19.604700724283852,19.608700764973957
2023-07-26 13:55:47.204972,3771562.0,3772014.0,17.65126668294271,17.655266764322917,19.617744791666667,19.621744873046875
2023-07-26 13:55:47.217928,3771566.0,3772018.0,17.66865881347656,17.672658854166666,19.63513692220052,19.639136962890625
2023-07-26 13:55:47.230884,3771569.0,3772021.0,17.68170292154948,17.685702962239585,19.6481806640625,19.65218074544271
2023-07-26 13:55:47.243841,3771572.0,3772024.0,17.694746948242187,17.69874694824219,19.661224772135416,19.66522481282552
2023-07-26 13:55:47.256797,3771575.0,3772027.0,17.707790730794272,17.711790812174478,19.67426883951823,19.678268920898436
2023-07-26 13:55:47.269754,3771578.0,3772030.0,17.720834838867187,17.724834879557292,19.687312947591145,19.69131298828125
2023-07-26 13:55:47.283703,3771581.0,3772033.0,17.733878906250002,17.737878987630207,19.700356689453127,19.704356730143232
2023-07-26 13:55:47.296663,3771584.0,3772036.0,17.746922729492187,17.75092272949219,19.71340079752604,19.717400838216147
2023-07-26 13:55:47.309620,3771587.0,3772039.0,17.759966756184898,17.763966837565103,19.726444864908856,19.730444905598958
2023-07-26 13:55:47.322577,3771590.0,3772042.0,17.773010864257813,17.777010904947918,19.73948897298177,19.743489013671876
2023-07-26 13:55:47.335533,3771593.0,3772045.0,17.786054931640628,17.790055013020833,19.752532714843753,19.756532755533854
2023-07-26 13:55:47.348490,3771596.0,3772048.0,17.79909871419271,17.803098754882814,19.76557678222656,19.769576863606773
2023-07-26 13:55:47.361446,3771599.0,3772051.0,17.812142781575524,17.816142822265626,19.77862089029948,19.782620930989584
2023-07-26 13:55:47.374403,3771602.0,3772054.0,17.82518688964844,17.829186930338544,19.791664794921875,19.795664794921876
2023-07-26 13:55:47.387360,3771605.0,3772057.0,17.83823095703125,17.842230997721355,19.804708740234375,19.80870878092448
2023-07-26 13:55:47.400317,3771608.0,3772060.0,17.851274698893228,17.85527478027344,19.817752807617186,19.8217528889974
2023-07-26 13:55:47.413273,3771611.0,3772063.0,17.864318806966143,17.86831884765625,19.8307969156901,19.83479695638021
2023-07-26 13:55:47.426230,3771614.0,3772066.0,17.877362874348957,17.88136295572917,19.843840657552082,19.847840698242187
2023-07-26 13:55:47.440183,3771617.0,3772069.0,17.890406982421872,17.89440702311198,19.856884765624997,19.860884806315106
2023-07-26 13:55:47.453139,3771620.0,3772072.0,17.903450724283854,17.907450805664066,19.869928833007812,19.873928873697913
2023-07-26 13:55:47.466096,3771623.0,3772075.0,17.91649483235677,17.920494873046874,19.882972941080727,19.886972981770832
2023-07-26 13:55:47.479052,3771626.0,3772078.0,17.929538899739583,17.933538981119792,19.896016682942708,19.90001672363281
2023-07-26 13:55:47.492009,3771629.0,3772081.0,17.942582885742187,17.94658288574219,19.90906075032552,19.913060831705728
2023-07-26 13:55:47.504966,3771632.0,3772084.0,17.95562674967448,17.95962679036458,19.922104858398438,19.92610489908854
2023-07-26 13:55:47.517922,3771635.0,3772087.0,17.968670857747394,17.9726708984375,19.93514892578125,19.939149007161458
2023-07-26 13:55:47.530879,3771638.0,3772090.0,17.98171492513021,17.98571496582031,19.948192708333334,19.952192749023435
2023-07-26 13:55:47.543836,3771641.0,3772093.0,17.994758666992187,17.998758748372396,19.961236775716145,19.965236857096354
2023-07-26 13:55:47.556792,3771644.0,3772096.0,18.007802775065105,18.011802815755207,19.974280883789064,19.978280924479165
2023-07-26 13:55:47.569749,3771647.0,3772099.0,18.020846842447916,18.024846923828125,19.987324951171875,19.991324951171876
2023-07-26 13:55:47.583699,3771650.0,3772102.0,18.03389095052083,18.037890991210936,20.00036873372396,20.00436877441406
2023-07-26 13:55:47.596659,3771653.0,3772105.0,18.046934692382813,18.05093477376302,20.01341280110677,20.017412841796876
2023-07-26 13:55:47.609615,3771656.0,3772108.0,18.05997880045573,18.063978841145833,20.02645690917969,20.03045694986979
2023-07-26 13:55:47.622571,3771659.0,3772111.0,18.073022867838542,18.07702294921875,20.039500732421875,20.043500732421876
2023-07-26 13:55:47.635528,3771662.0,3772114.0,18.086066975911457,18.090067016601562,20.05254471842448,20.056544799804687
2023-07-26 13:55:47.648485,3771665.0,3772117.0,18.09911071777344,18.103110758463544,20.065588826497397,20.069588867187502
2023-07-26 13:55:47.661441,3771668.0,3772120.0,18.112154825846353,18.11615486653646,20.078632893880208,20.082632975260417
2023-07-26 13:55:47.674398,3771671.0,3772123.0,18.125198893229168,18.12919893391927,20.091676676432293,20.095676717122394
2023-07-26 13:55:47.687355,3771674.0,3772126.0,18.138243001302083,18.142243041992188,20.104720743815104,20.108720825195313
2023-07-26 13:55:47.700311,3771677.0,3772129.0,18.151286743164064,18.155286783854166,20.117764851888023,20.121764892578124
2023-07-26 13:55:47.713268,3771680.0,3772132.0,18.164330810546875,18.168330891927084,20.130808919270834,20.134809000651043
2023-07-26 13:55:47.727216,3771683.0,3772135.0,18.17738533528646,18.18138537597656,20.14385270182292,20.14785274251302
2023-07-26 13:55:47.740178,3771686.0,3772138.0,18.190418823242187,18.194418823242188,20.15689676920573,20.160896809895835
2023-07-26 13:55:47.753135,3771689.0,3772141.0,18.20346276855469,18.20746280924479,20.16994087727865,20.17394091796875
2023-07-26 13:55:47.766087,3771692.0,3772144.0,18.2165068359375,18.22050691731771,20.182984944661456,20.186984985351565
2023-07-26 13:55:47.779047,3771695.0,3772147.0,18.22955094401042,18.23355098470052,20.196028686523437,20.200028767903646
2023-07-26 13:55:47.792004,3771698.0,3772150.0,18.242594685872394,18.246594726562503,20.20908321126302,20.213083251953126
2023-07-26 13:55:47.804961,3771701.0,3772153.0,18.255638793945312,18.259638834635417,20.222116861979167,20.226116943359376
2023-07-26 13:55:47.817917,3771704.0,3772156.0,18.268682861328124,18.272682902018232,20.235160888671874,20.239160888671876
2023-07-26 13:55:47.830874,3771707.0,3772159.0,18.28172696940104,18.285727010091147,20.248204711914063,20.252204793294272
2023-07-26 13:55:47.843830,3771710.0,3772162.0,18.29478112792969,18.29878116861979,20.261248819986978,20.265248860677083
2023-07-26 13:55:47.856787,3771713.0,3772165.0,18.30781477864583,18.311814860026043,20.27429288736979,20.27829296875
2023-07-26 13:55:47.869744,3771716.0,3772168.0,18.32085888671875,18.324858927408854,20.287336669921874,20.29133671061198
2023-07-26 13:55:47.883697,3771719.0,3772171.0,18.33390295410156,18.337903035481773,20.300380737304685,20.30438077799479
2023-07-26 13:55:47.896654,3771722.0,3772174.0,18.346946736653646,18.350946777343747,20.313424845377604,20.317424886067705
2023-07-26 13:55:47.909610,3771725.0,3772177.0,18.359990804036457,18.363990885416666,20.326468912760415,20.33046895345052
2023-07-26 13:55:47.922567,3771728.0,3772180.0,18.373034912109375,18.377034952799477,20.339512654622396,20.3435127360026
2023-07-26 13:55:47.935523,3771731.0,3772183.0,18.386078979492186,18.390078979492188,20.35255676269531,20.356556803385416
2023-07-26 13:55:47.948480,3771734.0,3772186.0,18.39912276204427,18.403122802734373,20.365600830078126,20.36960091145833
2023-07-26 13:55:47.961436,3771737.0,3772189.0,18.412166829427083,18.416166870117188,20.37864493815104,20.382644978841146
2023-07-26 13:55:47.974393,3771740.0,3772192.0,18.4252109375,18.429210978190103,20.391688680013022,20.395688761393227
2023-07-26 13:55:47.987350,3771743.0,3772195.0,18.438254760742186,18.442254760742188,20.404732788085937,20.408732828776042
2023-07-26 13:55:48.000306,3771746.0,3772198.0,18.451298746744794,18.455298828125,20.41777685546875,20.421776936848957
2023-07-26 13:55:48.013263,3771749.0,3772201.0,18.46434285481771,18.468342895507813,20.430820963541667,20.43482100423177
2023-07-26 13:55:48.027216,3771752.0,3772204.0,18.47738692220052,18.48138700358073,20.443864705403648,20.44786474609375
2023-07-26 13:55:48.040173,3771755.0,3772207.0,18.490430704752605,18.49443074544271,20.456908813476563,20.460908854166668
2023-07-26 13:55:48.053129,3771758.0,3772210.0,18.503474772135416,18.507474853515625,20.469952880859374,20.47395292154948
2023-07-26 13:55:48.066086,3771761.0,3772213.0,18.516518880208334,18.520518920898436,20.482996826171874,20.486996826171875
2023-07-26 13:55:48.079042,3771764.0,3772216.0,18.529562947591145,18.533563028971354,20.49604073079427,20.500040771484375
2023-07-26 13:55:48.091999,3771767.0,3772219.0,18.54260673014323,18.546606770833336,20.509084798177085,20.513084879557294
2023-07-26 13:55:48.104955,3771770.0,3772222.0,18.55565079752604,18.559650838216147,20.52212890625,20.526128946940105
2023-07-26 13:55:48.117912,3771773.0,3772225.0,18.56869490559896,18.57269494628906,20.53517264811198,20.539172729492186
2023-07-26 13:55:48.130869,3771776.0,3772228.0,18.58173897298177,18.585739013671876,20.548216756184896,20.552216796875
2023-07-26 13:55:48.143825,3771779.0,3772231.0,18.594782714843753,18.598782796223958,20.56126082356771,20.565260904947916
2023-07-26 13:55:48.156782,3771782.0,3772234.0,18.607826822916667,18.611826863606773,20.574304931640626,20.57830497233073
2023-07-26 13:55:48.170730,3771785.0,3772237.0,18.62087089029948,18.624870971679687,20.587348673502603,20.59134871419271
2023-07-26 13:55:48.183692,3771788.0,3772240.0,18.633914916992186,18.637914916992187,20.600392781575522,20.604392822265627
2023-07-26 13:55:48.196644,3771791.0,3772243.0,18.646958740234375,18.650958821614584,20.613436848958333,20.617436889648438
2023-07-26 13:55:48.209605,3771794.0,3772246.0,18.660002848307293,18.6640028889974,20.626480957031248,20.630480997721357
2023-07-26 13:55:48.222562,3771797.0,3772249.0,18.673046915690104,18.677046997070313,20.639524698893226,20.643524739583334
2023-07-26 13:55:48.235518,3771800.0,3772252.0,18.686090698242186,18.690090738932295,20.65256876627604,20.656568847656253
2023-07-26 13:55:48.248475,3771803.0,3772255.0,18.699134765624997,18.703134806315106,20.66561287434896,20.66961291503906
2023-07-26 13:55:48.261426,3771806.0,3772258.0,18.712178873697916,18.716178914388024,20.67865694173177,20.682656982421875
2023-07-26 13:55:48.274388,3771809.0,3772261.0,18.725222941080727,18.729222981770832,20.69170072428385,20.695700764973957
2023-07-26 13:55:48.287344,3771812.0,3772264.0,18.738266682942708,18.742266764322917,20.704744791666666,20.708744873046875
2023-07-26 13:55:48.300301,3771815.0,3772267.0,18.751310791015623,18.755310831705728,20.71778889973958,20.721788940429686
2023-07-26 13:55:48.313258,3771818.0,3772270.0,18.764354858398438,18.768354939778643,20.730832763671877,20.734832763671875
2023-07-26 13:55:48.327211,3771821.0,3772273.0,18.777398966471353,18.781399007161458,20.743876749674477,20.747876790364582
2023-07-26 13:55:48.340168,3771824.0,3772276.0,18.790442708333334,18.79444278971354,20.756920817057292,20.760920857747394
2023-07-26 13:55:48.353124,3771827.0,3772279.0,18.80348681640625,18.807486857096354,20.769964925130207,20.773964965820312
2023-07-26 13:55:48.366081,3771830.0,3772282.0,18.816530883789063,18.82053096516927,20.78300866699219,20.78700870768229
2023-07-26 13:55:48.379037,3771833.0,3772285.0,18.82957499186198,18.833575032552083,20.796052734375,20.80005281575521
2023-07-26 13:55:48.391994,3771836.0,3772288.0,18.84261873372396,18.84661877441406,20.809096842447918,20.81309688313802
2023-07-26 13:55:48.404951,3771839.0,3772291.0,18.855662841796875,18.85966288248698,20.82214090983073,20.826140991210938
2023-07-26 13:55:48.417908,3771842.0,3772294.0,18.86870690917969,18.87270694986979,20.835184692382814,20.839184733072916
2023-07-26 13:55:48.430864,3771845.0,3772297.0,18.88175085449219,18.88575085449219,20.848228759765625,20.852228841145834
2023-07-26 13:55:48.443820,3771848.0,3772300.0,18.894794759114582,18.898794799804687,20.86127286783854,20.865272908528645
2023-07-26 13:55:48.456772,3771851.0,3772303.0,18.907838826497397,18.911838907877605,20.874316935221355,20.878317016601564
2023-07-26 13:55:48.470732,3771854.0,3772306.0,18.92088293457031,18.924882975260417,20.88736071777344,20.89136075846354
2023-07-26 13:55:48.483687,3771857.0,3772309.0,18.933926676432293,18.937926757812498,20.90040478515625,20.904404825846356
2023-07-26 13:55:48.496643,3771860.0,3772312.0,18.946970784505208,18.950970825195313,20.913448893229166,20.91744893391927
2023-07-26 13:55:48.509600,3771863.0,3772315.0,18.960014851888022,18.964014933268228,20.926492919921873,20.930492919921875
2023-07-26 13:55:48.522557,3771866.0,3772318.0,18.973058959960937,18.977059000651042,20.93953670247396,20.943536783854167
2023-07-26 13:55:48.535513,3771869.0,3772321.0,18.98610270182292,18.99010274251302,20.952580810546877,20.95658085123698
2023-07-26 13:55:48.548470,3771872.0,3772324.0,18.999146809895834,19.00314685058594,20.965635294596353,20.969635375976562
2023-07-26 13:55:48.561427,3771875.0,3772327.0,19.01219087727865,19.01619091796875,20.978668701171877,20.982668701171875
2023-07-26 13:55:48.574383,3771878.0,3772330.0,19.025234985351563,19.02923502604167,20.99171272786458,20.995712809244793
2023-07-26 13:55:48.587339,3771881.0,3772333.0,19.03827876790365,19.042278767903646,21.004756835937503,21.008756876627604
2023-07-26 13:55:48.600296,3771884.0,3772336.0,19.05133321126302,19.05533329264323,21.01780090332031,21.021800984700523
2023-07-26 13:55:48.614245,3771887.0,3772339.0,19.064366943359378,19.068366943359376,21.030844685872395,21.0348447265625
2023-07-26 13:55:48.627207,3771890.0,3772342.0,19.07741097005208,19.08141101074219,21.043888753255207,21.047888793945315
2023-07-26 13:55:48.640162,3771893.0,3772345.0,19.090454752604167,19.094454793294272,21.056932861328125,21.06093290201823
2023-07-26 13:55:48.653119,3771896.0,3772348.0,19.103498819986978,19.10749890136719,21.069976928710936,21.07397696940104
2023-07-26 13:55:48.666076,3771899.0,3772351.0,19.116542928059893,19.12054296875,21.083020670572914,21.08703116861979
2023-07-26 13:55:48.679032,3771902.0,3772354.0,19.12958679199219,19.13358679199219,21.096064778645832,21.100064819335937
2023-07-26 13:55:48.691989,3771905.0,3772357.0,19.14263077799479,19.146630818684898,21.109108846028647,21.113108927408852
2023-07-26 13:55:48.704946,3771908.0,3772360.0,19.155674845377604,19.159674886067705,21.122152954101562,21.126152994791664
2023-07-26 13:55:48.717902,3771911.0,3772363.0,19.16871895345052,19.172718994140624,21.13519669596354,21.13919677734375
2023-07-26 13:55:48.730859,3771914.0,3772366.0,19.1817626953125,19.1857627360026,21.14824080403646,21.152240844726563
2023-07-26 13:55:48.743815,3771917.0,3772369.0,19.19480676269531,19.19880684407552,21.16128487141927,21.165284952799478
2023-07-26 13:55:48.756772,3771920.0,3772372.0,19.20785087076823,19.21185091145833,21.174328857421877,21.178328857421874
2023-07-26 13:55:48.770725,3771923.0,3772375.0,19.22089493815104,19.22489501953125,21.187372721354166,21.19137276204427
2023-07-26 13:55:48.783682,3771926.0,3772378.0,19.233938720703126,19.237938761393227,21.200416829427084,21.204416870117186
2023-07-26 13:55:48.796638,3771929.0,3772381.0,19.246982788085937,19.250982869466146,21.213460896809895,21.2174609375
2023-07-26 13:55:48.809595,3771932.0,3772384.0,19.260026896158855,19.264026936848957,21.226504638671877,21.230504720052082
2023-07-26 13:55:48.822551,3771935.0,3772387.0,19.273070963541667,19.277071044921875,21.23954874674479,21.243548787434896
2023-07-26 13:55:48.835508,3771938.0,3772390.0,19.28611474609375,19.290114786783853,21.252592814127606,21.25659289550781
2023-07-26 13:55:48.848465,3771941.0,3772393.0,19.299158813476563,19.303158854166668,21.26563692220052,21.269636962890626
2023-07-26 13:55:48.861421,3771944.0,3772396.0,19.31220292154948,19.316202962239583,21.278680664062502,21.282680745442708
2023-07-26 13:55:48.874378,3771947.0,3772399.0,19.32524694824219,19.32924694824219,21.291724772135417,21.295724812825522
2023-07-26 13:55:48.887334,3771950.0,3772402.0,19.33829073079427,19.34229081217448,21.30476883951823,21.308768920898437
2023-07-26 13:55:48.900291,3771953.0,3772405.0,19.35133483886719,19.355334879557294,21.317812947591147,21.321812988281252
2023-07-26 13:55:48.914244,3771956.0,3772408.0,19.36437890625,19.36837898763021,21.330856689453125,21.33485673014323
2023-07-26 13:55:48.927201,3771959.0,3772411.0,19.37742272949219,19.381422729492186,21.343900797526043,21.347900838216145
2023-07-26 13:55:48.940157,3771962.0,3772414.0,19.390466756184896,19.394466837565105,21.356944864908854,21.36094490559896
2023-07-26 13:55:48.953114,3771965.0,3772417.0,19.403510864257814,19.407510904947916,21.369988972981773,21.373989013671878
2023-07-26 13:55:48.966071,3771968.0,3772420.0,19.416554931640626,19.420555013020834,21.38303271484375,21.387032755533856
2023-07-26 13:55:48.979027,3771971.0,3772423.0,19.42959871419271,19.433598754882812,21.39607678222656,21.40007686360677
2023-07-26 13:55:48.991984,3771974.0,3772426.0,19.442642781575522,19.446642822265627,21.409120890299477,21.413120930989585
2023-07-26 13:55:49.004940,3771977.0,3772429.0,19.45568688964844,19.459686930338542,21.422164794921876,21.426164794921874
2023-07-26 13:55:49.017897,3771980.0,3772432.0,19.468730957031248,19.472730997721357,21.435208740234373,21.43920878092448
2023-07-26 13:55:49.030854,3771983.0,3772435.0,19.48177469889323,19.485774780273438,21.448252807617187,21.452252888997396
2023-07-26 13:55:49.043810,3771986.0,3772438.0,19.494818806966144,19.498818847656253,21.461296915690102,21.46529695638021
2023-07-26 13:55:49.056767,3771989.0,3772441.0,19.50786287434896,19.511862955729168,21.474340657552084,21.478340698242185
2023-07-26 13:55:49.070720,3771992.0,3772444.0,19.520906982421874,19.524907023111982,21.487384765625,21.491384806315107
2023-07-26 13:55:49.083677,3771995.0,3772447.0,19.53395072428385,19.537950805664064,21.50042883300781,21.504428873697915
2023-07-26 13:55:49.096633,3771998.0,3772450.0,19.54699483235677,19.550994873046875,21.513472941080728,21.517472981770833
2023-07-26 13:55:49.109590,3772001.0,3772453.0,19.56003889973958,19.564038981119793,21.526516682942706,21.53051672363281
2023-07-26 13:55:49.122546,3772004.0,3772456.0,19.57308288574219,19.577082885742186,21.53956075032552,21.54356083170573
2023-07-26 13:55:49.135503,3772007.0,3772459.0,19.586126749674477,19.590126790364582,21.552604858398436,21.55660489908854
2023-07-26 13:55:49.148460,3772010.0,3772462.0,19.599170857747396,19.603170898437497,21.56564892578125,21.569649007161456
2023-07-26 13:55:49.161416,3772013.0,3772465.0,19.612214925130207,19.616214965820312,21.57869270833333,21.582692749023437
2023-07-26 13:55:49.174373,3772016.0,3772468.0,19.62525866699219,19.629258748372393,21.591736775716146,21.59573685709635
2023-07-26 13:55:49.187329,3772019.0,3772471.0,19.638302775065103,19.642302815755208,21.60478088378906,21.608780924479166
2023-07-26 13:55:49.200281,3772022.0,3772474.0,19.651346842447918,19.655346923828123,21.617824951171876,21.621824951171874
2023-07-26 13:55:49.214236,3772025.0,3772477.0,19.664390950520833,19.668390991210938,21.630868733723958,21.634868774414063
2023-07-26 13:55:49.227196,3772028.0,3772480.0,19.677434692382814,19.68143477376302,21.643912801106772,21.647912841796874
2023-07-26 13:55:49.240152,3772031.0,3772483.0,19.69047880045573,19.694478841145834,21.656956909179687,21.660956949869792
2023-07-26 13:55:49.253109,3772034.0,3772486.0,19.70352286783854,19.70752294921875,21.670000732421876,21.674000732421874
2023-07-26 13:55:49.266066,3772037.0,3772489.0,19.71656697591146,19.720567016601564,21.68304471842448,21.68704479980469
2023-07-26 13:55:49.279022,3772040.0,3772492.0,19.72961071777344,19.73361075846354,21.696088826497398,21.7000888671875
2023-07-26 13:55:49.291979,3772043.0,3772495.0,19.742654825846355,19.74665486653646,21.70913289388021,21.713132975260418
2023-07-26 13:55:49.304935,3772046.0,3772498.0,19.755698893229166,19.75969893391927,21.72217667643229,21.726176717122396
2023-07-26 13:55:49.317892,3772049.0,3772501.0,19.768743001302084,19.77274304199219,21.735220743815105,21.739220825195314
2023-07-26 13:55:49.330849,3772052.0,3772504.0,19.781786743164062,19.785786783854167,21.74826485188802,21.752264892578125
2023-07-26 13:55:49.343801,3772055.0,3772507.0,19.794830810546877,19.798830891927082,21.761308919270835,21.765309000651044
2023-07-26 13:55:49.357754,3772058.0,3772510.0,19.807885335286457,19.811885375976562,21.774352701822917,21.77835274251302
2023-07-26 13:55:49.370715,3772061.0,3772513.0,19.820918823242188,19.824918823242186,21.78739676920573,21.791396809895833
2023-07-26 13:55:49.383672,3772064.0,3772516.0,19.833962768554688,19.837962809244793,21.800440877278646,21.80444091796875
2023-07-26 13:55:49.396628,3772067.0,3772519.0,19.847006835937503,19.851006917317708,21.813484944661457,21.817484985351562
2023-07-26 13:55:49.409585,3772070.0,3772522.0,19.860050944010418,19.864050984700523,21.826528686523435,21.830528767903647
2023-07-26 13:55:49.422541,3772073.0,3772525.0,19.873094685872395,19.8770947265625,21.839583211263022,21.843583251953124
2023-07-26 13:55:49.435498,3772076.0,3772528.0,19.886138793945314,19.89013883463542,21.852616861979165,21.856616943359377
2023-07-26 13:55:49.448455,3772079.0,3772531.0,19.899182861328125,19.90318290201823,21.865660888671876,21.869660888671874
2023-07-26 13:55:49.461411,3772082.0,3772534.0,19.91222696940104,19.91622701009115,21.87870471191406,21.882704793294273
2023-07-26 13:55:49.474368,3772085.0,3772537.0,19.925281127929686,19.92928116861979,21.89174881998698,21.89574886067708
2023-07-26 13:55:49.487324,3772088.0,3772540.0,19.938314778645832,19.942314860026045,21.90479288736979,21.908792968750003
2023-07-26 13:55:49.500309,3772091.0,3772543.0,19.95135888671875,19.955358927408852,21.917836669921876,21.921836710611977
2023-07-26 13:55:49.514262,3772094.0,3772546.0,19.964402954101562,19.968403035481774,21.930880737304687,21.934880777994792
2023-07-26 13:55:49.527219,3772097.0,3772549.0,19.977446736653643,19.98144677734375,21.9439248453776,21.947924886067707
2023-07-26 13:55:49.540176,3772100.0,3772552.0,19.990490804036458,19.994490885416667,21.956968912760416,21.96096895345052
2023-07-26 13:55:49.553132,3772103.0,3772555.0,20.003534912109373,20.007534952799478,21.970012654622394,21.974012736002603
2023-07-26 13:55:49.566089,3772106.0,3772558.0,20.016578979492188,20.020578979492186,21.983056762695313,21.987056803385414
2023-07-26 13:55:49.579045,3772109.0,3772561.0,20.02962276204427,20.033622802734374,21.996100830078124,22.000100911458333
2023-07-26 13:55:49.592002,3772112.0,3772564.0,20.042666829427084,20.046666870117186,22.009144938151042,22.013144978841144
2023-07-26 13:55:49.604959,3772115.0,3772567.0,20.0557109375,20.059710978190104,22.02218868001302,22.02618876139323
2023-07-26 13:55:49.617915,3772118.0,3772570.0,20.068754760742188,20.072754760742185,22.03523278808594,22.03923282877604
2023-07-26 13:55:49.630872,3772121.0,3772573.0,20.08179874674479,20.085798828125,22.04827685546875,22.05227693684896
2023-07-26 13:55:49.648812,3772124.0,3772576.0,20.09484285481771,20.09884289550781,22.061320963541668,22.06532100423177
2023-07-26 13:55:49.661769,3772128.0,3772580.0,20.112234985351563,20.116235026041668,22.07871272786458,22.082712809244793
2023-07-26 13:55:49.674725,3772131.0,3772583.0,20.125278727213544,20.129278767903646,22.091756835937503,22.095756876627604
2023-07-26 13:55:49.687682,3772134.0,3772586.0,20.13833321126302,20.14233329264323,22.10480090332031,22.108800984700522
2023-07-26 13:55:49.700638,3772137.0,3772589.0,20.15136690266927,20.155366943359375,22.117844685872395,22.1218447265625
2023-07-26 13:55:49.713595,3772140.0,3772592.0,20.16441097005208,20.16841101074219,22.130888753255206,22.134888793945315
2023-07-26 13:55:49.726551,3772143.0,3772595.0,20.177454752604167,20.18145479329427,22.143932861328125,22.14793290201823
2023-07-26 13:55:49.739509,3772146.0,3772598.0,20.190498819986978,20.19449890136719,22.156976928710936,22.16097696940104
2023-07-26 13:55:49.752465,3772149.0,3772601.0,20.203542928059893,20.20754296875,22.170020670572917,22.17403116861979
2023-07-26 13:55:49.766418,3772152.0,3772604.0,20.21658679199219,20.22058679199219,22.183064778645832,22.187064819335937
2023-07-26 13:55:49.779374,3772155.0,3772607.0,20.22963077799479,20.233630818684897,22.196108846028647,22.200108927408852
2023-07-26 13:55:49.792331,3772158.0,3772610.0,20.242674845377604,20.24667488606771,22.20915295410156,22.213152994791667
2023-07-26 13:55:49.805288,3772161.0,3772613.0,20.25571895345052,20.259718994140623,22.22219669596354,22.22619677734375
2023-07-26 13:55:49.818244,3772164.0,3772616.0,20.2687626953125,20.2727627360026,22.235240804036458,22.239240844726563
2023-07-26 13:55:49.831201,3772167.0,3772619.0,20.28180676269531,20.28580684407552,22.24828487141927,22.252284952799478
2023-07-26 13:55:49.844157,3772170.0,3772622.0,20.29485087076823,20.29885091145833,22.261328857421876,22.265328857421878
2023-07-26 13:55:49.857114,3772173.0,3772625.0,20.30789493815104,20.31189501953125,22.274372721354165,22.27837276204427
2023-07-26 13:55:49.870070,3772176.0,3772628.0,20.320938720703126,20.324938761393227,22.287416829427084,22.291416870117185
2023-07-26 13:55:49.883028,3772179.0,3772631.0,20.333982788085937,20.337982869466146,22.300460896809895,22.3044609375
2023-07-26 13:55:49.895984,3772182.0,3772634.0,20.347026896158855,20.351026936848957,22.313504638671876,22.31750472005208
2023-07-26 13:55:49.909934,3772185.0,3772637.0,20.360070963541666,20.364071044921875,22.32654874674479,22.330548787434896
2023-07-26 13:55:49.922894,3772188.0,3772640.0,20.37311474609375,20.377114786783853,22.339592814127606,22.34359289550781
2023-07-26 13:55:49.935850,3772191.0,3772643.0,20.386158813476563,20.390158854166668,22.35263692220052,22.356636962890626
2023-07-26 13:55:49.948807,3772194.0,3772646.0,20.39920292154948,20.403202962239583,22.365680664062502,22.369680745442707
2023-07-26 13:55:49.961763,3772197.0,3772649.0,20.41224694824219,20.41624694824219,22.378724772135417,22.382724812825522
2023-07-26 13:55:49.974720,3772200.0,3772652.0,20.42529073079427,20.42929081217448,22.391768839518228,22.395768920898437
2023-07-26 13:55:49.987677,3772203.0,3772655.0,20.43833483886719,20.442334879557293,22.404812947591147,22.40881298828125
2023-07-26 13:55:50.000633,3772206.0,3772658.0,20.45137890625,20.45537898763021,22.417856689453128,22.42185673014323
2023-07-26 13:55:50.013590,3772209.0,3772661.0,20.46442272949219,20.46842272949219,22.430900797526043,22.434900838216148
2023-07-26 13:55:50.026547,3772212.0,3772664.0,20.477466756184896,20.481466837565105,22.443944864908854,22.44794490559896
2023-07-26 13:55:50.039503,3772215.0,3772667.0,20.490510864257814,20.494510904947916,22.456988972981772,22.460989013671878
2023-07-26 13:55:50.053452,3772218.0,3772670.0,20.503554931640625,20.507555013020834,22.47003271484375,22.474032755533855
2023-07-26 13:55:50.066413,3772221.0,3772673.0,20.51659871419271,20.520598754882812,22.48307678222656,22.48707686360677
2023-07-26 13:55:50.079369,3772224.0,3772676.0,20.52964278157552,20.533642822265627,22.496120890299476,22.500120930989585
2023-07-26 13:55:50.092326,3772227.0,3772679.0,20.54268688964844,20.54668693033854,22.509164794921876,22.513164794921874
2023-07-26 13:55:50.105283,3772230.0,3772682.0,20.555730957031248,20.559730997721356,22.522208740234372,22.52620878092448
2023-07-26 13:55:50.118239,3772233.0,3772685.0,20.56877469889323,20.572774780273438,22.535252807617187,22.539252888997396
2023-07-26 13:55:50.131196,3772236.0,3772688.0,20.581818806966144,20.585818847656252,22.548296915690102,22.55229695638021
2023-07-26 13:55:50.144152,3772239.0,3772691.0,20.59486287434896,20.598862955729167,22.561340657552083,22.565340698242185
2023-07-26 13:55:50.157109,3772242.0,3772694.0,20.607906982421873,20.611907023111982,22.574384765625,22.578384806315107
2023-07-26 13:55:50.170066,3772245.0,3772697.0,20.620950724283855,20.624950805664064,22.587428833007813,22.591428873697915
2023-07-26 13:55:50.183018,3772248.0,3772700.0,20.63399483235677,20.637994873046875,22.600472941080728,22.604472981770833
2023-07-26 13:55:50.200958,3772251.0,3772703.0,20.64703889973958,20.651038981119793,22.613516682942706,22.61751672363281
2023-07-26 13:55:50.217905,3772255.0,3772707.0,20.664430704752604,20.66843074544271,22.630908813476562,22.634908854166667
2023-07-26 13:55:50.230927,3772259.0,3772711.0,20.681833211263022,20.685833292643228,22.64830090332031,22.65230098470052
2023-07-26 13:55:50.244823,3772262.0,3772714.0,20.69486690266927,20.698866943359377,22.661344685872393,22.665344726562502
2023-07-26 13:55:50.257830,3772265.0,3772717.0,20.707910970052083,20.711911010742188,22.674388753255208,22.678388793945313
2023-07-26 13:55:50.274773,3772268.0,3772720.0,20.720954752604165,20.724954793294273,22.687432861328123,22.69143290201823
2023-07-26 13:55:50.287683,3772272.0,3772724.0,20.738346842447918,20.742346923828123,22.704824951171876,22.708824951171874
2023-07-26 13:55:50.305624,3772275.0,3772727.0,20.751390950520832,20.755390991210938,22.717868733723957,22.721868774414062
2023-07-26 13:55:50.318580,3772279.0,3772731.0,20.768782714843752,20.772782796223957,22.73526082356771,22.739260904947916
2023-07-26 13:55:50.335523,3772282.0,3772734.0,20.781826822916667,20.785826863606772,22.748304931640625,22.75230497233073
2023-07-26 13:55:50.348480,3772286.0,3772738.0,20.79921895345052,20.803218994140625,22.76569669596354,22.76969677734375
2023-07-26 13:55:50.361436,3772289.0,3772741.0,20.812262695312498,20.816262736002603,22.77874080403646,22.78274084472656
2023-07-26 13:55:50.379376,3772292.0,3772744.0,20.825306762695313,20.82930684407552,22.79178487141927,22.795784952799476
2023-07-26 13:55:50.392333,3772296.0,3772748.0,20.842698893229166,20.84669893391927,22.809176676432294,22.813176717122396
2023-07-26 13:55:50.405289,3772299.0,3772751.0,20.855743001302084,20.85974304199219,22.822220743815105,22.826220825195314
2023-07-26 13:55:50.418246,3772302.0,3772754.0,20.868786743164062,20.872786783854167,22.83526485188802,22.839264892578125
2023-07-26 13:55:50.431203,3772305.0,3772757.0,20.881830810546877,20.885830891927085,22.848308919270835,22.852309000651044
2023-07-26 13:55:50.449139,3772308.0,3772760.0,20.894885335286457,20.898885375976562,22.861352701822916,22.86535274251302
2023-07-26 13:55:50.462099,3772312.0,3772764.0,20.912266682942708,20.91626676432292,22.878744791666666,22.882744873046875
2023-07-26 13:55:50.475056,3772315.0,3772767.0,20.925310791015622,20.929310831705727,22.891788899739584,22.895788940429686
2023-07-26 13:55:50.488013,3772318.0,3772770.0,20.938354858398437,20.942354939778646,22.904832763671877,22.908832763671878
2023-07-26 13:55:50.504956,3772321.0,3772773.0,20.951398966471352,20.955399007161457,22.917876749674477,22.921876790364582
2023-07-26 13:55:50.517912,3772325.0,3772777.0,20.96879073079427,20.97279081217448,22.93526883951823,22.93926892089844
2023-07-26 13:55:50.530869,3772328.0,3772780.0,20.98183483886719,20.98583487955729,22.94831294759115,22.95231298828125
2023-07-26 13:55:50.544818,3772331.0,3772783.0,20.99487890625,20.998878987630206,22.961356689453126,22.96535673014323
2023-07-26 13:55:50.557775,3772334.0,3772786.0,21.007922729492186,21.011922729492188,22.97440079752604,22.978400838216146
2023-07-26 13:55:50.574722,3772337.0,3772789.0,21.020966756184897,21.024966837565106,22.987444864908856,22.99144490559896
2023-07-26 13:55:50.587679,3772341.0,3772793.0,21.03835888671875,21.042358927408852,23.004836669921875,23.008836710611977
2023-07-26 13:55:50.600635,3772344.0,3772796.0,21.05140295410156,21.055403035481774,23.017880737304687,23.02188077799479
2023-07-26 13:55:50.613592,3772347.0,3772799.0,21.064446736653643,21.06844677734375,23.030924845377605,23.034924886067706
2023-07-26 13:55:50.631532,3772350.0,3772802.0,21.077490804036458,21.081490885416667,23.043968912760416,23.04796895345052
2023-07-26 13:55:50.644488,3772354.0,3772806.0,21.09488293457031,21.098882975260416,23.06136071777344,23.06536075846354
2023-07-26 13:55:50.657445,3772357.0,3772809.0,21.107926676432292,21.1119267578125,23.07440478515625,23.078404825846356
2023-07-26 13:55:50.670402,3772360.0,3772812.0,21.12097078450521,21.124970825195312,23.08744889322917,23.09144893391927
2023-07-26 13:55:50.687345,3772363.0,3772815.0,21.134014851888022,21.13801493326823,23.100492919921873,23.104492919921874
2023-07-26 13:55:50.701299,3772367.0,3772819.0,21.151406982421875,21.15540702311198,23.117884765625,23.121884806315105
2023-07-26 13:55:50.714255,3772370.0,3772822.0,21.164450764973957,21.168450805664065,23.13092883300781,23.134928873697916
2023-07-26 13:55:50.727212,3772373.0,3772825.0,21.17749483235677,21.181494873046873,23.14397294108073,23.14797298177083
2023-07-26 13:55:50.744154,3772376.0,3772828.0,21.190538899739582,21.194538981119795,23.157016682942707,23.161016723632812
2023-07-26 13:55:50.757111,3772380.0,3772832.0,21.207930704752606,21.211930745442707,23.174408813476564,23.178408854166666
2023-07-26 13:55:50.770067,3772383.0,3772835.0,21.220974772135417,21.224974853515626,23.187452880859375,23.19145292154948
2023-07-26 13:55:50.788007,3772386.0,3772838.0,21.234018880208335,21.238018920898437,23.200496826171875,23.204496826171873
2023-07-26 13:55:50.800964,3772390.0,3772842.0,21.25141097005208,21.25541101074219,23.217888753255206,23.221888793945315
2023-07-26 13:55:50.817907,3772393.0,3772845.0,21.264454752604166,21.26845479329427,23.230932861328125,23.23493290201823
2023-07-26 13:55:50.830864,3772397.0,3772849.0,21.281846842447916,21.285846923828124,23.248324951171874,23.252324951171875
2023-07-26 13:55:50.844812,3772400.0,3772852.0,21.294890950520834,21.298890991210936,23.26136873372396,23.265368774414064
2023-07-26 13:55:50.861760,3772403.0,3772855.0,21.307934692382812,21.31193477376302,23.27441280110677,23.278412841796875
2023-07-26 13:55:50.874717,3772407.0,3772859.0,21.32532682291667,21.32932686360677,23.291804931640627,23.295804972330732
2023-07-26 13:55:50.887674,3772410.0,3772862.0,21.338370890299476,21.34237097167969,23.3048486735026,23.30884871419271
2023-07-26 13:55:50.905609,3772413.0,3772865.0,21.351414916992187,21.355414916992185,23.317892781575523,23.321892822265625
2023-07-26 13:55:50.918571,3772417.0,3772869.0,21.36880676269531,21.37280684407552,23.33528487141927,23.339284952799478
2023-07-26 13:55:50.931527,3772420.0,3772872.0,21.38185087076823,21.385850911458334,23.348328857421876,23.352328857421877
2023-07-26 13:55:50.948470,3772423.0,3772875.0,21.39489493815104,21.39889501953125,23.361372721354165,23.36537276204427
2023-07-26 13:55:50.962182,3772427.0,3772879.0,21.412286743164064,21.41628678385417,23.378764851888022,23.382764892578127
2023-07-26 13:55:50.979036,3772430.0,3772882.0,21.425330810546875,21.429330891927084,23.391808919270833,23.39580900065104
2023-07-26 13:55:50.991993,3772434.0,3772886.0,21.442722941080728,21.446722981770833,23.409200724283853,23.413200764973958
2023-07-26 13:55:51.009934,3772437.0,3772889.0,21.455766682942706,21.459766764322918,23.422244791666667,23.426244873046873
2023-07-26 13:55:51.022889,3772441.0,3772893.0,21.473158813476562,21.477158854166667,23.43963692220052,23.443636962890626
2023-07-26 13:55:51.039833,3772444.0,3772896.0,21.48620292154948,21.490202962239582,23.452680664062502,23.456680745442707
2023-07-26 13:55:51.052789,3772448.0,3772900.0,21.503594685872393,21.507594726562502,23.47008321126302,23.474083251953125
2023-07-26 13:55:51.070729,3772451.0,3772903.0,21.516638793945315,21.520638834635417,23.483116861979166,23.487116943359375
2023-07-26 13:55:51.083217,3772455.0,3772907.0,21.53403088378906,21.53803096516927,23.500508666992186,23.50450870768229
2023-07-26 13:55:51.101157,3772458.0,3772910.0,21.54707499186198,21.55107503255208,23.513552734375,23.517552815755206
2023-07-26 13:55:51.114114,3772462.0,3772914.0,21.564466756184896,21.568466837565104,23.530944864908857,23.53494490559896
2023-07-26 13:55:51.131057,3772465.0,3772917.0,21.577510864257814,21.581510904947915,23.543988972981772,23.547989013671877
2023-07-26 13:55:51.144144,3772469.0,3772921.0,21.594902954101563,21.598903035481772,23.561380737304685,23.56538077799479
2023-07-26 13:55:51.162085,3772472.0,3772924.0,21.607946736653645,21.61194677734375,23.574424845377603,23.578424886067708
2023-07-26 13:55:51.174999,3772476.0,3772928.0,21.625338826497398,21.629338907877603,23.591816935221356,23.59581701660156
2023-07-26 13:55:51.191943,3772479.0,3772931.0,21.638382934570313,21.642382975260418,23.604860717773438,23.608860758463543
2023-07-26 13:55:51.209947,3772483.0,3772935.0,21.65577469889323,21.659774780273438,23.622252807617187,23.626252888997396
2023-07-26 13:55:51.223094,3772487.0,3772939.0,21.673166829427082,21.677166870117187,23.63964493815104,23.643644978841145
2023-07-26 13:55:51.239983,3772490.0,3772942.0,21.6862109375,21.690210978190102,23.65268868001302,23.656688761393227
2023-07-26 13:55:51.252940,3772494.0,3772946.0,21.703602701822916,21.70760274251302,23.670080810546878,23.67408085123698
2023-07-26 13:55:51.270880,3772497.0,3772949.0,21.716646809895835,21.720646850585936,23.683135294596354,23.687135375976563
2023-07-26 13:55:51.283837,3772501.0,3772953.0,21.734038899739584,21.738038981119793,23.70051668294271,23.70451672363281
2023-07-26 13:55:51.300781,3772504.0,3772956.0,21.747082885742188,21.75108288574219,23.71356075032552,23.71756083170573
2023-07-26 13:55:51.313737,3772508.0,3772960.0,21.76447477213542,21.768474853515624,23.730952880859377,23.73495292154948
2023-07-26 13:55:51.331676,3772511.0,3772963.0,21.777518880208333,21.78151892089844,23.743996826171873,23.747996826171875
2023-07-26 13:55:51.344633,3772515.0,3772967.0,21.794910970052083,21.798911010742188,23.761388753255208,23.765388793945313
2023-07-26 13:55:51.361576,3772518.0,3772970.0,21.807954752604164,21.811954793294273,23.774432861328123,23.77843290201823
2023-07-26 13:55:51.374533,3772522.0,3772974.0,21.825346842447917,21.829346923828126,23.791824951171876,23.795824951171873
2023-07-26 13:55:51.392473,3772525.0,3772977.0,21.838390950520832,21.842390991210937,23.804868733723957,23.808868774414062
2023-07-26 13:55:51.405429,3772529.0,3772981.0,21.855782714843752,21.859782796223957,23.82226082356771,23.82626090494792
2023-07-26 13:55:51.422372,3772532.0,3772984.0,21.868826822916667,21.87282686360677,23.835304931640625,23.83930497233073
2023-07-26 13:55:51.435329,3772536.0,3772988.0,21.88621895345052,21.890218994140625,23.85269669596354,23.85669677734375
2023-07-26 13:55:51.453269,3772539.0,3772991.0,21.899262695312498,21.903262736002603,23.86574080403646,23.86974084472656
2023-07-26 13:55:51.466226,3772543.0,3772995.0,21.916654825846354,21.92065486653646,23.88313289388021,23.887132975260418
2023-07-26 13:55:51.483169,3772546.0,3772998.0,21.92969889322917,21.93369893391927,23.896176676432294,23.900176717122395
2023-07-26 13:55:51.496125,3772550.0,3773002.0,21.947090698242185,21.951090738932294,23.91356876627604,23.917568847656252
2023-07-26 13:55:51.514065,3772553.0,3773005.0,21.960134765625,21.964134806315105,23.926612874348958,23.93061291503906
2023-07-26 13:55:51.527022,3772557.0,3773009.0,21.977526896158853,21.981526936848958,23.944004638671874,23.948004720052083
2023-07-26 13:55:51.543965,3772560.0,3773012.0,21.990570963541668,21.994571044921873,23.957048746744793,23.961048787434894
2023-07-26 13:55:51.556922,3772564.0,3773016.0,22.007962768554687,22.011962809244793,23.974440877278646,23.97844091796875
2023-07-26 13:55:51.574862,3772567.0,3773019.0,22.021006835937502,22.025006917317707,23.987484944661457,23.991484985351565
2023-07-26 13:55:51.587819,3772571.0,3773023.0,22.03839896647135,22.042399007161457,24.004876749674477,24.00887679036458
2023-07-26 13:55:51.604761,3772574.0,3773026.0,22.051442708333333,22.055442789713542,24.01792081705729,24.021920857747396
2023-07-26 13:55:51.618711,3772578.0,3773030.0,22.06883483886719,22.07283487955729,24.035312947591148,24.03931298828125
2023-07-26 13:55:51.635658,3772581.0,3773033.0,22.08187890625,22.08587898763021,24.048356689453126,24.05235673014323
2023-07-26 13:55:51.648614,3772585.0,3773037.0,22.09928112792969,22.10328116861979,24.06574881998698,24.06974886067708
2023-07-26 13:55:51.666554,3772588.0,3773040.0,22.112314778645832,22.116314860026044,24.07879288736979,24.082792968750002
2023-07-26 13:55:51.679511,3772592.0,3773044.0,22.12970690917969,22.13370694986979,24.096184692382813,24.100184733072915
2023-07-26 13:55:51.696454,3772595.0,3773047.0,22.14275085449219,22.14675085449219,24.109228759765625,24.113228841145833
2023-07-26 13:55:51.709411,3772599.0,3773051.0,22.160142781575523,22.164142822265624,24.126620890299478,24.130620930989586
2023-07-26 13:55:51.727351,3772602.0,3773054.0,22.173186889648438,22.177186930338543,24.139664794921874,24.143664794921875
2023-07-26 13:55:51.740307,3772606.0,3773058.0,22.190578979492187,22.19457897949219,24.157056762695312,24.161056803385417
2023-07-26 13:55:51.757250,3772609.0,3773061.0,22.20362276204427,22.207622802734374,24.170100830078127,24.174100911458332
2023-07-26 13:55:51.775191,3772613.0,3773065.0,22.22101485188802,22.22501493326823,24.187492919921873,24.191492919921874
2023-07-26 13:55:51.792134,3772617.0,3773069.0,22.238406982421875,22.24240702311198,24.204884765625,24.208884806315105
2023-07-26 13:55:51.810075,3772621.0,3773073.0,22.25579874674479,22.259798828125,24.22227685546875,24.226276936848958
2023-07-26 13:55:51.827017,3772625.0,3773077.0,22.273190877278648,22.277190917968753,24.239668701171876,24.243668701171877
2023-07-26 13:55:51.843961,3772629.0,3773081.0,22.29058288574219,22.294582885742187,24.257060750325522,24.261060831705727
2023-07-26 13:55:51.861900,3772633.0,3773085.0,22.307974772135417,22.311974853515625,24.274452880859375,24.27845292154948
2023-07-26 13:55:51.878843,3772637.0,3773089.0,22.32536690266927,22.329366943359375,24.291844685872395,24.295844726562503
2023-07-26 13:55:51.896783,3772641.0,3773093.0,22.342758666992186,22.346758748372395,24.309236775716148,24.313236857096353
2023-07-26 13:55:51.913726,3772645.0,3773097.0,22.360150797526043,22.364150838216148,24.32662890625,24.330628946940106
2023-07-26 13:55:51.931666,3772649.0,3773101.0,22.377542928059896,22.38154296875,24.344020670572917,24.34803116861979
2023-07-26 13:55:51.948609,3772653.0,3773105.0,22.39493469238281,22.39893477376302,24.36141280110677,24.365412841796875
2023-07-26 13:55:51.966549,3772657.0,3773109.0,22.41232682291667,22.416326863606773,24.378804931640627,24.38280497233073
2023-07-26 13:55:51.979506,3772661.0,3773113.0,22.42971895345052,22.433718994140623,24.396196695963543,24.400196777343748
2023-07-26 13:55:51.996449,3772664.0,3773116.0,22.4427626953125,22.446762736002604,24.409240804036457,24.413240844726563
2023-07-26 13:55:52.009406,3772668.0,3773120.0,22.460154825846356,22.464154866536457,24.42663289388021,24.430632975260416
2023-07-26 13:55:52.027346,3772671.0,3773123.0,22.473198893229167,22.477198933919272,24.439676676432292,24.443676717122397
2023-07-26 13:55:52.044289,3772675.0,3773127.0,22.490590698242187,22.494590738932292,24.45706876627604,24.46106884765625
2023-07-26 13:55:52.062278,3772679.0,3773131.0,22.507982788085936,22.511982869466145,24.474460896809894,24.4784609375
2023-07-26 13:55:52.075250,3772683.0,3773135.0,22.525385335286458,22.529385375976563,24.491852701822918,24.495852742513023
2023-07-26 13:55:52.092192,3772686.0,3773138.0,22.538418823242186,22.542418823242187,24.50489676920573,24.508896809895834
2023-07-26 13:55:52.109136,3772690.0,3773142.0,22.555810791015624,22.55981083170573,24.522288899739582,24.526288940429687
2023-07-26 13:55:52.127076,3772694.0,3773146.0,22.57320292154948,22.577202962239582,24.5396806640625,24.543680745442707
2023-07-26 13:55:52.144019,3772698.0,3773150.0,22.590594685872393,22.5945947265625,24.55708321126302,24.561083251953125
2023-07-26 13:55:52.161959,3772702.0,3773154.0,22.60798681640625,22.611986857096355,24.574464925130208,24.578464965820313
2023-07-26 13:55:52.178902,3772706.0,3773158.0,22.62537890625,22.629378987630208,24.591856689453127,24.59585673014323
2023-07-26 13:55:52.196842,3772710.0,3773162.0,22.642781127929688,22.646781168619793,24.609248819986977,24.613248860677082
2023-07-26 13:55:52.214014,3772714.0,3773166.0,22.660162841796875,22.664162882486977,24.62664090983073,24.630640991210935
2023-07-26 13:55:52.230957,3772718.0,3773170.0,22.677554931640625,22.681555013020834,24.64403271484375,24.648032755533855
2023-07-26 13:55:52.248897,3772722.0,3773174.0,22.694946736653645,22.69894677734375,24.661424845377603,24.665424886067708
2023-07-26 13:55:52.265840,3772726.0,3773178.0,22.712338826497398,22.716338907877603,24.678816935221356,24.68281701660156
2023-07-26 13:55:52.283776,3772730.0,3773182.0,22.729730957031247,22.733730997721356,24.696208740234372,24.70020878092448
2023-07-26 13:55:52.300719,3772734.0,3773186.0,22.74712276204427,22.751122802734375,24.713600830078125,24.717600911458334
2023-07-26 13:55:52.318658,3772738.0,3773190.0,22.76451485188802,22.76851493326823,24.730992919921874,24.734992919921872
2023-07-26 13:55:52.335602,3772742.0,3773194.0,22.781906982421873,22.78590702311198,24.748384765624998,24.752384806315106
2023-07-26 13:55:52.352545,3772746.0,3773198.0,22.799298746744793,22.803298828124998,24.76577685546875,24.769776936848956
2023-07-26 13:55:52.370489,3772750.0,3773202.0,22.816690877278646,22.82069091796875,24.783168701171874,24.787168701171876
2023-07-26 13:55:52.387432,3772754.0,3773206.0,22.834082885742188,22.83808288574219,24.80056075032552,24.80456083170573
2023-07-26 13:55:52.405373,3772758.0,3773210.0,22.85147477213542,22.855474853515624,24.817952880859377,24.821952921549478
2023-07-26 13:55:52.422316,3772762.0,3773214.0,22.868866902669268,22.872866943359377,24.835344685872393,24.8393447265625
2023-07-26 13:55:52.440255,3772766.0,3773218.0,22.886258666992187,22.890258748372396,24.852736775716146,24.856736857096354
2023-07-26 13:55:52.457199,3772770.0,3773222.0,22.903650797526044,22.907650838216146,24.870128906250002,24.874128946940104
2023-07-26 13:55:52.475139,3772774.0,3773226.0,22.921042928059894,22.925042968750002,24.887520670572915,24.891531168619792
2023-07-26 13:55:52.492082,3772778.0,3773230.0,22.938434692382813,22.94243477376302,24.90491280110677,24.908912841796873
2023-07-26 13:55:52.510022,3772782.0,3773234.0,22.955826822916666,22.95982686360677,24.922304931640625,24.92630497233073
2023-07-26 13:55:52.526965,3772786.0,3773238.0,22.97321895345052,22.977218994140625,24.93969669596354,24.94369677734375
2023-07-26 13:55:52.544902,3772790.0,3773242.0,22.99061071777344,22.99461075846354,24.957088826497397,24.9610888671875
2023-07-26 13:55:52.561848,3772794.0,3773246.0,23.008002848307292,23.012002888997397,24.974480957031247,24.978480997721356
2023-07-26 13:55:52.578792,3772798.0,3773250.0,23.02539493815104,23.02939501953125,24.991872721354166,24.99587276204427
2023-07-26 13:55:52.596731,3772802.0,3773254.0,23.042786743164065,23.046786783854166,25.009264851888023,25.013264892578125
2023-07-26 13:55:52.613675,3772806.0,3773258.0,23.060178873697915,23.064178914388023,25.02665694173177,25.030656982421874
2023-07-26 13:55:52.631614,3772810.0,3773262.0,23.077570963541667,23.081571044921873,25.044048746744792,25.048048787434894
2023-07-26 13:55:52.648558,3772814.0,3773266.0,23.094962768554687,23.098962809244792,25.06144087727865,25.06544091796875
2023-07-26 13:55:52.666498,3772818.0,3773270.0,23.112354858398437,23.116354939778645,25.078832763671876,25.082832763671878
2023-07-26 13:55:52.683441,3772822.0,3773274.0,23.12974694824219,23.133746948242187,25.096224772135418,25.10022481282552
2023-07-26 13:55:52.701381,3772826.0,3773278.0,23.147138793945313,23.151138834635418,25.113616861979164,25.117616943359376
2023-07-26 13:55:52.718324,3772830.0,3773282.0,23.164530883789062,23.16853096516927,25.131008666992187,25.135008707682292
2023-07-26 13:55:52.735267,3772834.0,3773286.0,23.18192272949219,23.185922729492187,25.148400797526044,25.152400838216145
2023-07-26 13:55:52.753207,3772838.0,3773290.0,23.19931477864583,23.203314860026044,25.16579288736979,25.169792968750002
2023-07-26 13:55:52.770150,3772842.0,3773294.0,23.21670690917969,23.22070694986979,25.183184692382813,25.187184733072918
2023-07-26 13:55:52.788090,3772846.0,3773298.0,23.23409871419271,23.238098754882813,25.200576782226562,25.20457686360677
2023-07-26 13:55:52.805034,3772850.0,3773302.0,23.251490804036457,23.255490885416666,25.217968912760416,25.22196895345052
2023-07-26 13:55:52.822973,3772854.0,3773306.0,23.268882934570314,23.272882975260416,25.23536071777344,25.23936075846354
2023-07-26 13:55:52.839917,3772858.0,3773310.0,23.286274698893227,23.29027478027344,25.252752807617185,25.256752888997397
2023-07-26 13:55:52.857857,3772862.0,3773314.0,23.303666829427083,23.30766687011719,25.27014493815104,25.274144978841147
2023-07-26 13:55:52.874800,3772866.0,3773318.0,23.32105895996094,23.32505900065104,25.28753670247396,25.291536783854166
2023-07-26 13:55:52.892448,3772870.0,3773322.0,23.338450724283852,23.342450805664065,25.30492883300781,25.308928873697916
2023-07-26 13:55:52.909335,3772874.0,3773326.0,23.35584285481771,23.35984289550781,25.322320963541667,25.326321004231772
2023-07-26 13:55:52.927410,3772878.0,3773330.0,23.373234985351566,23.377235026041667,25.339712727864583,25.343712809244792
2023-07-26 13:55:52.944312,3772882.0,3773334.0,23.390626749674478,23.394626790364583,25.357104858398436,25.36110489908854
2023-07-26 13:55:52.962047,3772886.0,3773338.0,23.408018880208335,23.412018920898436,25.374496826171875,25.378496826171872
2023-07-26 13:55:52.978990,3772890.0,3773342.0,23.42541097005208,23.42941101074219,25.391888753255206,25.395888793945314
2023-07-26 13:55:52.996930,3772894.0,3773346.0,23.442802775065104,23.44680281575521,25.409280883789062,25.413280924479167
2023-07-26 13:55:53.013873,3772898.0,3773350.0,23.46019490559896,23.464194946289062,25.426672648111982,25.430672729492187
2023-07-26 13:55:53.031813,3772902.0,3773354.0,23.477586791992188,23.48158679199219,25.44406477864583,25.448064819335936
2023-07-26 13:55:53.048756,3772906.0,3773358.0,23.49497880045573,23.498978841145835,25.461456909179688,25.465456949869793
2023-07-26 13:55:53.066693,3772910.0,3773362.0,23.51237089029948,23.516370971679688,25.478848673502604,25.48284871419271
2023-07-26 13:55:53.083640,3772914.0,3773366.0,23.5297626953125,23.533762736002604,25.496240804036457,25.500240844726562
2023-07-26 13:55:53.100583,3772918.0,3773370.0,23.547154825846356,23.551154866536457,25.51363289388021,25.517632975260415
2023-07-26 13:55:53.118522,3772922.0,3773374.0,23.5645469156901,23.568546997070314,25.531024698893226,25.535024739583335
2023-07-26 13:55:53.135466,3772926.0,3773378.0,23.581938720703125,23.58593876139323,25.548416829427083,25.552416870117188
2023-07-26 13:55:53.153406,3772930.0,3773382.0,23.599330810546878,23.603330891927083,25.565808919270836,25.56980900065104
2023-07-26 13:55:53.170349,3772934.0,3773386.0,23.616722941080727,23.620722981770832,25.583200724283852,25.587200764973957
2023-07-26 13:55:53.188289,3772938.0,3773390.0,23.63411474609375,23.638114786783856,25.600592814127605,25.604592895507814
2023-07-26 13:55:53.205232,3772942.0,3773394.0,23.6515068359375,23.65550691731771,25.61798494466146,25.621984985351563
2023-07-26 13:55:53.223173,3772946.0,3773398.0,23.668898966471353,23.67289900716146,25.635376749674478,25.639376790364583
2023-07-26 13:55:53.240115,3772950.0,3773402.0,23.686290730794273,23.690290812174478,25.65276883951823,25.656768920898436
2023-07-26 13:55:53.257059,3772954.0,3773406.0,23.703682861328122,23.70768290201823,25.670160888671873,25.674160888671874
2023-07-26 13:55:53.274999,3772958.0,3773410.0,23.72107499186198,23.725075032552084,25.687552734375,25.69155281575521
2023-07-26 13:55:53.291942,3772962.0,3773414.0,23.7384667561849,23.742466837565104,25.704944864908857,25.70894490559896
2023-07-26 13:55:53.309882,3772966.0,3773418.0,23.755858886718748,23.759858927408853,25.722336669921873,25.726336710611978
2023-07-26 13:55:53.326825,3772970.0,3773422.0,23.77325085449219,23.777250854492188,25.739728759765626,25.743728841145835
2023-07-26 13:55:53.344765,3772974.0,3773426.0,23.79064278157552,23.794642822265626,25.75712089029948,25.761120930989584
2023-07-26 13:55:53.361704,3772978.0,3773430.0,23.808034912109374,23.81203495279948,25.774512654622395,25.778512736002604
2023-07-26 13:55:53.379648,3772982.0,3773434.0,23.825426676432294,23.8294267578125,25.79190478515625,25.795904825846353
2023-07-26 13:55:53.396591,3772986.0,3773438.0,23.842818806966143,23.84681884765625,25.8092969156901,25.81329695638021
2023-07-26 13:55:53.414533,3772990.0,3773442.0,23.8602109375,23.864210978190105,25.82668868001302,25.83068876139323
2023-07-26 13:55:53.431474,3772994.0,3773446.0,23.87760270182292,23.88160274251302,25.844080810546878,25.84808085123698
2023-07-26 13:55:53.448418,3772998.0,3773450.0,23.89499483235677,23.898994873046874,25.861472941080727,25.865472981770832
2023-07-26 13:55:53.466358,3773002.0,3773454.0,23.912386922200522,23.916387003580727,25.878864705403647,25.88286474609375
2023-07-26 13:55:53.483301,3773006.0,3773458.0,23.92977872721354,23.933778767903647,25.8962568359375,25.900256876627605
2023-07-26 13:55:53.501240,3773010.0,3773462.0,23.947170857747395,23.9511708984375,25.91364892578125,25.917649007161458
2023-07-26 13:55:53.518184,3773014.0,3773466.0,23.964562947591148,23.968563028971353,25.931040730794273,25.935040771484374
2023-07-26 13:55:53.536124,3773018.0,3773470.0,23.981954752604164,23.985954793294272,25.948432861328122,25.95243290201823
2023-07-26 13:55:53.553067,3773022.0,3773474.0,23.999346842447917,24.003346923828126,25.965824951171875,25.969824951171876
2023-07-26 13:55:53.571007,3773026.0,3773478.0,24.016738972981774,24.020739013671875,25.9832167561849,25.987216796875
2023-07-26 13:55:53.587950,3773030.0,3773482.0,24.03413077799479,24.0381308186849,26.000608846028644,26.004608927408853
2023-07-26 13:55:53.604893,3773034.0,3773486.0,24.051522867838543,24.055522949218748,26.018000732421875,26.022000732421873
2023-07-26 13:55:53.622833,3773038.0,3773490.0,24.068914916992185,24.072914916992186,26.03539278157552,26.039392822265626
2023-07-26 13:55:53.639776,3773042.0,3773494.0,24.086306762695312,24.09030684407552,26.05278487141927,26.05678495279948
2023-07-26 13:55:53.657717,3773046.0,3773498.0,24.10369889322917,24.10769893391927,26.070176676432293,26.074176717122395
2023-07-26 13:55:53.674659,3773050.0,3773502.0,24.121090698242185,24.125090738932293,26.08756876627604,26.09156884765625
2023-07-26 13:55:53.692599,3773054.0,3773506.0,24.138482788085938,24.142482869466146,26.104960896809896,26.1089609375
2023-07-26 13:55:53.709543,3773058.0,3773510.0,24.15588533528646,24.15988537597656,26.12235270182292,26.12635274251302
2023-07-26 13:55:53.727483,3773062.0,3773514.0,24.173266682942707,24.17726676432292,26.139744791666665,26.143744873046874
2023-07-26 13:55:53.744425,3773066.0,3773518.0,24.190658813476563,24.194658854166665,26.15713692220052,26.161136962890623
2023-07-26 13:55:53.762366,3773070.0,3773522.0,24.208050944010417,24.21205098470052,26.174528686523434,26.178528767903646
2023-07-26 13:55:53.779309,3773074.0,3773526.0,24.225442708333333,24.22944278971354,26.19192081705729,26.195920857747396
2023-07-26 13:55:53.796252,3773078.0,3773530.0,24.24283483886719,24.24683487955729,26.209312947591147,26.21331298828125
2023-07-26 13:55:53.814260,3773082.0,3773534.0,24.26022696940104,24.264227010091147,26.22670471191406,26.230704793294272
2023-07-26 13:55:53.831203,3773086.0,3773538.0,24.27761873372396,24.281618774414063,26.244096842447917,26.24809688313802
2023-07-26 13:55:53.849166,3773090.0,3773542.0,24.295010864257815,24.299010904947917,26.261488972981773,26.265489013671875
2023-07-26 13:55:53.866104,3773094.0,3773546.0,24.31240295410156,24.316403035481773,26.278880737304686,26.28288077799479
2023-07-26 13:55:53.884049,3773098.0,3773550.0,24.329794759114584,24.333794799804686,26.296272867838542,26.300272908528644
2023-07-26 13:55:53.900992,3773102.0,3773554.0,24.347186889648437,24.351186930338542,26.313664794921873,26.317664794921875
2023-07-26 13:55:53.918927,3773106.0,3773558.0,24.364578979492187,24.368578979492188,26.33105676269531,26.335056803385417
2023-07-26 13:55:53.935875,3773110.0,3773562.0,24.38197078450521,24.38597082519531,26.34844889322917,26.35244893391927
2023-07-26 13:55:53.952818,3773114.0,3773566.0,24.399362874348956,24.40336295572917,26.36584065755208,26.369840698242186
2023-07-26 13:55:53.970758,3773118.0,3773570.0,24.416754760742187,24.420754760742188,26.383232788085937,26.387232828776042
2023-07-26 13:55:53.987701,3773122.0,3773574.0,24.434146809895836,24.438146850585937,26.400635294596356,26.40463537597656
2023-07-26 13:55:54.005641,3773126.0,3773578.0,24.45153889973958,24.455538981119794,26.418016682942707,26.42201672363281
2023-07-26 13:55:54.022585,3773130.0,3773582.0,24.468930704752605,24.472930745442707,26.435408813476563,26.439408854166665
2023-07-26 13:55:54.040525,3773134.0,3773586.0,24.48633321126302,24.49033329264323,26.452800903320313,26.45680098470052
2023-07-26 13:55:54.057468,3773138.0,3773590.0,24.503714925130208,24.507714965820313,26.470192708333332,26.474192749023437
2023-07-26 13:55:54.075408,3773142.0,3773594.0,24.52110673014323,24.525106770833332,26.487584798177085,26.49158487955729
2023-07-26 13:55:54.092351,3773146.0,3773598.0,24.538498819986977,24.54249890136719,26.504976928710935,26.50897696940104
2023-07-26 13:55:54.109294,3773150.0,3773602.0,24.555890950520833,24.55989099121094,26.522368733723958,26.526368774414063
2023-07-26 13:55:54.127234,3773154.0,3773606.0,24.573282714843753,24.577282796223958,26.53976082356771,26.543760904947916
2023-07-26 13:55:54.144177,3773158.0,3773610.0,24.590674845377603,24.594674886067708,26.55715295410156,26.561152994791666
2023-07-26 13:55:54.162117,3773162.0,3773614.0,24.60806697591146,24.61206701660156,26.57454471842448,26.578544799804686
2023-07-26 13:55:54.179061,3773166.0,3773618.0,24.62545874023437,24.629458821614584,26.591936848958333,26.59593688964844
2023-07-26 13:55:54.197000,3773170.0,3773622.0,24.64285087076823,24.646850911458333,26.609328857421875,26.613328857421877
2023-07-26 13:55:54.213942,3773174.0,3773626.0,24.660243001302085,24.664243041992187,26.626720743815106,26.63072082519531
2023-07-26 13:55:54.231883,3773178.0,3773630.0,24.677634765624997,24.681634806315106,26.644112874348956,26.64811291503906
2023-07-26 13:55:54.248827,3773182.0,3773634.0,24.695026896158854,24.69902693684896,26.661504638671875,26.665504720052084
,,,,,,
,,,,,,
,,,,,,
,,,,,,
,,,,,,
