Id;X  [mm];Y  [mm];Z  [mm];U(95)  [mm];U(95) X  [mm];U(95) Y  [mm];U(95) Z  [mm];Target;Temperature  [°C];Pressure  [mBar];Humidity  [%];Time Stamp;Delete;
1;586,765;-2938,610;-305,291;0,000;0,000;0,000;0,000;RRR 1.5in;24,5;1015;46;'26.07.2023 15:45:27.120;;
2;586,765;-2938,612;-305,289;0,000;0,000;0,000;0,000;RRR 1.5in;24,5;1015;46;'26.07.2023 15:45:27.130;;
3;586,765;-2938,613;-305,289;0,000;0,000;0,000;0,000;RRR 1.5in;24,5;1015;46;'26.07.2023 15:45:27.140;;
4;586,764;-2938,614;-305,290;0,000;0,000;0,000;0,000;RRR 1.5in;24,5;1015;46;'26.07.2023 15:45:27.150;;
5;586,762;-2938,615;-305,289;0,000;0,000;0,000;0,000;RRR 1.5in;24,5;1015;46;'26.07.2023 15:45:27.160;;
6;586,760;-2938,615;-305,292;0,000;0,000;0,000;0,000;RRR 1.5in;24,5;1015;46;'26.07.2023 15:45:27.170;;
7;586,762;-2938,614;-305,292;0,000;0,000;0,000;0,000;RRR 1.5in;24,5;1015;46;'26.07.2023 15:45:27.180;;
8;586,764;-2938,614;-305,290;0,000;0,000;0,000;0,000;RRR 1.5in;24,5;1015;46;'26.07.2023 15:45:27.190;;
9;586,764;-2938,613;-305,290;0,000;0,000;0,000;0,000;RRR 1.5in;24,5;1015;46;'26.07.2023 15:45:27.200;;
10;586,765;-2938,612;-305,289;0,000;0,000;0,000;0,000;RRR 1.5in;24,5;1015;46;'26.07.2023 15:45:27.210;;
11;586,764;-2938,611;-305,290;0,000;0,000;0,000;0,000;RRR 1.5in;24,5;1015;46;'26.07.2023 15:45:27.220;;
12;586,765;-2938,611;-305,289;0,000;0,000;0,000;0,000;RRR 1.5in;24,5;1015;46;'26.07.2023 15:45:27.230;;
13;586,766;-2938,611;-305,289;0,000;0,000;0,000;0,000;RRR 1.5in;24,5;1015;46;'26.07.2023 15:45:27.240;;
14;586,766;-2938,611;-305,287;0,000;0,000;0,000;0,000;RRR 1.5in;24,5;1015;46;'26.07.2023 15:45:27.250;;
15;586,765;-2938,612;-305,287;0,000;0,000;0,000;0,000;RRR 1.5in;24,5;1015;46;'26.07.2023 15:45:27.260;;
16;586,763;-2938,615;-305,290;0,000;0,000;0,000;0,000;RRR 1.5in;24,5;1015;46;'26.07.2023 15:45:27.270;;
17;586,761;-2938,617;-305,294;0,000;0,000;0,000;0,000;RRR 1.5in;24,5;1015;46;'26.07.2023 15:45:27.280;;
18;586,759;-2938,618;-305,294;0,000;0,000;0,000;0,000;RRR 1.5in;24,5;1015;46;'26.07.2023 15:45:27.290;;
19;586,761;-2938,615;-305,293;0,000;0,000;0,000;0,000;RRR 1.5in;24,5;1015;46;'26.07.2023 15:45:27.300;;
20;586,763;-2938,611;-305,291;0,000;0,000;0,000;0,000;RRR 1.5in;24,5;1015;46;'26.07.2023 15:45:27.310;;
21;586,767;-2938,609;-305,289;0,000;0,000;0,000;0,000;RRR 1.5in;24,5;1015;46;'26.07.2023 15:45:27.320;;
22;586,769;-2938,610;-305,287;0,000;0,000;0,000;0,000;RRR 1.5in;24,5;1015;46;'26.07.2023 15:45:27.330;;
23;586,768;-2938,611;-305,286;0,000;0,000;0,000;0,000;RRR 1.5in;24,5;1015;46;'26.07.2023 15:45:27.340;;
24;586,766;-2938,612;-305,286;0,000;0,000;0,000;0,000;RRR 1.5in;24,5;1015;46;'26.07.2023 15:45:27.350;;
25;586,765;-2938,612;-305,287;0,000;0,000;0,000;0,000;RRR 1.5in;24,5;1015;46;'26.07.2023 15:45:27.360;;
26;586,764;-2938,612;-305,288;0,000;0,000;0,000;0,000;RRR 1.5in;24,5;1015;46;'26.07.2023 15:45:27.370;;
27;586,762;-2938,614;-305,292;0,000;0,000;0,000;0,000;RRR 1.5in;24,5;1015;46;'26.07.2023 15:45:27.380;;
28;586,760;-2938,617;-305,295;0,000;0,000;0,000;0,000;RRR 1.5in;24,5;1015;46;'26.07.2023 15:45:27.390;;
29;586,759;-2938,618;-305,297;0,000;0,000;0,000;0,000;RRR 1.5in;24,5;1015;46;'26.07.2023 15:45:27.400;;
30;586,760;-2938,615;-305,294;0,000;0,000;0,000;0,000;RRR 1.5in;24,5;1015;46;'26.07.2023 15:45:27.410;;
31;586,765;-2938,611;-305,291;0,000;0,000;0,000;0,000;RRR 1.5in;24,5;1015;46;'26.07.2023 15:45:27.420;;
32;586,767;-2938,610;-305,285;0,000;0,000;0,000;0,000;RRR 1.5in;24,5;1015;46;'26.07.2023 15:45:27.430;;
33;586,767;-2938,612;-305,282;0,000;0,000;0,000;0,000;RRR 1.5in;24,5;1015;46;'26.07.2023 15:45:27.440;;
34;586,765;-2938,614;-305,283;0,000;0,000;0,000;0,000;RRR 1.5in;24,5;1015;46;'26.07.2023 15:45:27.450;;
35;586,763;-2938,615;-305,288;0,000;0,000;0,000;0,000;RRR 1.5in;24,5;1015;46;'26.07.2023 15:45:27.460;;
36;586,764;-2938,614;-305,293;0,000;0,000;0,000;0,000;RRR 1.5in;24,5;1015;46;'26.07.2023 15:45:27.470;;
37;586,765;-2938,610;-305,297;0,000;0,000;0,000;0,000;RRR 1.5in;24,5;1015;46;'26.07.2023 15:45:27.480;;
38;586,765;-2938,607;-305,296;0,000;0,000;0,000;0,000;RRR 1.5in;24,5;1015;46;'26.07.2023 15:45:27.490;;
39;586,764;-2938,608;-305,292;0,000;0,000;0,000;0,000;RRR 1.5in;24,5;1015;46;'26.07.2023 15:45:27.500;;
40;586,763;-2938,614;-305,290;0,000;0,000;0,000;0,000;RRR 1.5in;24,5;1015;46;'26.07.2023 15:45:27.510;;
41;586,763;-2938,618;-305,290;0,000;0,000;0,000;0,000;RRR 1.5in;24,5;1015;46;'26.07.2023 15:45:27.520;;
42;586,761;-2938,620;-305,288;0,000;0,000;0,000;0,000;RRR 1.5in;24,5;1015;46;'26.07.2023 15:45:27.530;;
43;586,760;-2938,617;-305,288;0,000;0,000;0,000;0,000;RRR 1.5in;24,5;1015;46;'26.07.2023 15:45:27.540;;
44;586,761;-2938,614;-305,290;0,000;0,000;0,000;0,000;RRR 1.5in;24,5;1015;46;'26.07.2023 15:45:27.550;;
45;586,762;-2938,612;-305,292;0,000;0,000;0,000;0,000;RRR 1.5in;24,5;1015;46;'26.07.2023 15:45:27.560;;
46;586,764;-2938,610;-305,292;0,000;0,000;0,000;0,000;RRR 1.5in;24,5;1015;46;'26.07.2023 15:45:27.570;;
47;586,767;-2938,609;-305,292;0,000;0,000;0,000;0,000;RRR 1.5in;24,5;1015;46;'26.07.2023 15:45:27.580;;
48;586,767;-2938,609;-305,293;0,000;0,000;0,000;0,000;RRR 1.5in;24,5;1015;46;'26.07.2023 15:45:27.590;;
49;586,766;-2938,610;-305,291;0,000;0,000;0,000;0,000;RRR 1.5in;24,5;1015;46;'26.07.2023 15:45:27.600;;
50;586,764;-2938,612;-305,289;0,000;0,000;0,000;0,000;RRR 1.5in;24,5;1015;46;'26.07.2023 15:45:27.610;;
51;586,762;-2938,615;-305,288;0,000;0,000;0,000;0,000;RRR 1.5in;24,5;1015;46;'26.07.2023 15:45:27.620;;
52;586,762;-2938,617;-305,289;0,000;0,000;0,000;0,000;RRR 1.5in;24,5;1015;46;'26.07.2023 15:45:27.630;;
53;586,762;-2938,617;-305,290;0,000;0,000;0,000;0,000;RRR 1.5in;24,5;1015;46;'26.07.2023 15:45:27.640;;
54;586,763;-2938,613;-305,290;0,000;0,000;0,000;0,000;RRR 1.5in;24,5;1015;46;'26.07.2023 15:45:27.650;;
55;586,763;-2938,611;-305,290;0,000;0,000;0,000;0,000;RRR 1.5in;24,5;1015;46;'26.07.2023 15:45:27.660;;
56;586,762;-2938,612;-305,292;0,000;0,000;0,000;0,000;RRR 1.5in;24,5;1015;46;'26.07.2023 15:45:27.670;;
57;586,763;-2938,614;-305,292;0,000;0,000;0,000;0,000;RRR 1.5in;24,5;1015;46;'26.07.2023 15:45:27.680;;
58;586,764;-2938,614;-305,291;0,000;0,000;0,000;0,000;RRR 1.5in;24,5;1015;46;'26.07.2023 15:45:27.690;;
59;586,765;-2938,612;-305,290;0,000;0,000;0,000;0,000;RRR 1.5in;24,5;1015;46;'26.07.2023 15:45:27.700;;
60;586,765;-2938,611;-305,289;0,000;0,000;0,000;0,000;RRR 1.5in;24,5;1015;46;'26.07.2023 15:45:27.710;;
61;586,764;-2938,610;-305,289;0,000;0,000;0,000;0,000;RRR 1.5in;24,5;1015;46;'26.07.2023 15:45:27.720;;
62;586,763;-2938,612;-305,289;0,000;0,000;0,000;0,000;RRR 1.5in;24,5;1015;46;'26.07.2023 15:45:27.730;;
63;586,763;-2938,614;-305,290;0,000;0,000;0,000;0,000;RRR 1.5in;24,5;1015;46;'26.07.2023 15:45:27.740;;
64;586,762;-2938,616;-305,291;0,000;0,000;0,000;0,000;RRR 1.5in;24,5;1015;46;'26.07.2023 15:45:27.750;;
65;586,762;-2938,615;-305,293;0,000;0,000;0,000;0,000;RRR 1.5in;24,5;1015;46;'26.07.2023 15:45:27.760;;
66;586,761;-2938,613;-305,293;0,000;0,000;0,000;0,000;RRR 1.5in;24,5;1015;46;'26.07.2023 15:45:27.770;;
67;586,762;-2938,613;-305,292;0,000;0,000;0,000;0,000;RRR 1.5in;24,5;1015;46;'26.07.2023 15:45:27.780;;
68;586,763;-2938,613;-305,291;0,000;0,000;0,000;0,000;RRR 1.5in;24,5;1015;46;'26.07.2023 15:45:27.790;;
69;586,764;-2938,613;-305,291;0,000;0,000;0,000;0,000;RRR 1.5in;24,5;1015;46;'26.07.2023 15:45:27.800;;
70;586,766;-2938,611;-305,291;0,000;0,000;0,000;0,000;RRR 1.5in;24,5;1015;46;'26.07.2023 15:45:27.810;;
71;586,765;-2938,610;-305,290;0,000;0,000;0,000;0,000;RRR 1.5in;24,5;1015;46;'26.07.2023 15:45:27.820;;
72;586,766;-2938,609;-305,290;0,000;0,000;0,000;0,000;RRR 1.5in;24,5;1015;46;'26.07.2023 15:45:27.830;;
73;586,763;-2938,612;-305,289;0,000;0,000;0,000;0,000;RRR 1.5in;24,5;1015;46;'26.07.2023 15:45:27.840;;
74;586,763;-2938,614;-305,290;0,000;0,000;0,000;0,000;RRR 1.5in;24,5;1015;46;'26.07.2023 15:45:27.850;;
75;586,761;-2938,616;-305,290;0,000;0,000;0,000;0,000;RRR 1.5in;24,5;1015;46;'26.07.2023 15:45:27.860;;
76;586,761;-2938,616;-305,291;0,000;0,000;0,000;0,000;RRR 1.5in;24,5;1015;46;'26.07.2023 15:45:27.870;;
77;586,761;-2938,614;-305,292;0,000;0,000;0,000;0,000;RRR 1.5in;24,5;1015;46;'26.07.2023 15:45:27.880;;
78;586,762;-2938,613;-305,292;0,000;0,000;0,000;0,000;RRR 1.5in;24,5;1015;46;'26.07.2023 15:45:27.890;;
79;586,763;-2938,613;-305,292;0,000;0,000;0,000;0,000;RRR 1.5in;24,5;1015;46;'26.07.2023 15:45:27.900;;
80;586,764;-2938,613;-305,291;0,000;0,000;0,000;0,000;RRR 1.5in;24,5;1015;46;'26.07.2023 15:45:27.910;;
81;586,764;-2938,613;-305,290;0,000;0,000;0,000;0,000;RRR 1.5in;24,5;1015;46;'26.07.2023 15:45:27.920;;
82;586,764;-2938,612;-305,290;0,000;0,000;0,000;0,000;RRR 1.5in;24,5;1015;46;'26.07.2023 15:45:27.930;;
83;586,765;-2938,611;-305,290;0,000;0,000;0,000;0,000;RRR 1.5in;24,5;1015;46;'26.07.2023 15:45:27.940;;
84;586,764;-2938,611;-305,290;0,000;0,000;0,000;0,000;RRR 1.5in;24,5;1015;46;'26.07.2023 15:45:27.950;;
85;586,762;-2938,613;-305,291;0,000;0,000;0,000;0,000;RRR 1.5in;24,5;1015;46;'26.07.2023 15:45:27.960;;
86;586,762;-2938,613;-305,293;0,000;0,000;0,000;0,000;RRR 1.5in;24,5;1015;46;'26.07.2023 15:45:27.970;;
87;586,761;-2938,614;-305,293;0,000;0,000;0,000;0,000;RRR 1.5in;24,5;1015;46;'26.07.2023 15:45:27.980;;
88;586,762;-2938,613;-305,292;0,000;0,000;0,000;0,000;RRR 1.5in;24,5;1015;46;'26.07.2023 15:45:27.990;;
89;586,763;-2938,612;-305,293;0,000;0,000;0,000;0,000;RRR 1.5in;24,5;1015;46;'26.07.2023 15:45:28.000;;
90;586,764;-2938,612;-305,290;0,000;0,000;0,000;0,000;RRR 1.5in;24,5;1015;46;'26.07.2023 15:45:28.010;;
91;586,762;-2938,613;-305,291;0,000;0,000;0,000;0,000;RRR 1.5in;24,5;1015;46;'26.07.2023 15:45:28.020;;
92;586,763;-2938,614;-305,291;0,000;0,000;0,000;0,000;RRR 1.5in;24,5;1015;46;'26.07.2023 15:45:28.030;;
93;586,762;-2938,614;-305,291;0,000;0,000;0,000;0,000;RRR 1.5in;24,5;1015;46;'26.07.2023 15:45:28.040;;
94;586,763;-2938,613;-305,290;0,000;0,000;0,000;0,000;RRR 1.5in;24,5;1015;46;'26.07.2023 15:45:28.050;;
95;586,762;-2938,612;-305,291;0,000;0,000;0,000;0,000;RRR 1.5in;24,5;1015;46;'26.07.2023 15:45:28.060;;
96;586,762;-2938,612;-305,293;0,000;0,000;0,000;0,000;RRR 1.5in;24,5;1015;46;'26.07.2023 15:45:28.070;;
97;586,762;-2938,613;-305,291;0,000;0,000;0,000;0,000;RRR 1.5in;24,5;1015;46;'26.07.2023 15:45:28.080;;
98;586,763;-2938,613;-305,292;0,000;0,000;0,000;0,000;RRR 1.5in;24,5;1015;46;'26.07.2023 15:45:28.090;;
99;586,764;-2938,613;-305,292;0,000;0,000;0,000;0,000;RRR 1.5in;24,5;1015;46;'26.07.2023 15:45:28.100;;
100;586,762;-2938,612;-305,293;0,000;0,000;0,000;0,000;RRR 1.5in;24,5;1015;46;'26.07.2023 15:45:28.110;;
101;586,763;-2938,612;-305,293;0,000;0,000;0,000;0,000;RRR 1.5in;24,5;1015;46;'26.07.2023 15:45:28.120;;
102;586,761;-2938,613;-305,291;0,000;0,000;0,000;0,000;RRR 1.5in;24,5;1015;46;'26.07.2023 15:45:28.130;;
103;586,762;-2938,613;-305,291;0,000;0,000;0,000;0,000;RRR 1.5in;24,5;1015;46;'26.07.2023 15:45:28.140;;
104;586,764;-2938,613;-305,290;0,000;0,000;0,000;0,000;RRR 1.5in;24,5;1015;46;'26.07.2023 15:45:28.150;;
105;586,764;-2938,613;-305,290;0,000;0,000;0,000;0,000;RRR 1.5in;24,5;1015;46;'26.07.2023 15:45:28.160;;
106;586,763;-2938,612;-305,292;0,000;0,000;0,000;0,000;RRR 1.5in;24,5;1015;46;'26.07.2023 15:45:28.170;;
107;586,762;-2938,612;-305,292;0,000;0,000;0,000;0,000;RRR 1.5in;24,5;1015;46;'26.07.2023 15:45:28.180;;
108;586,761;-2938,614;-305,293;0,000;0,000;0,000;0,000;RRR 1.5in;24,5;1015;46;'26.07.2023 15:45:28.190;;
109;586,761;-2938,615;-305,294;0,000;0,000;0,000;0,000;RRR 1.5in;24,5;1015;46;'26.07.2023 15:45:28.200;;
110;586,762;-2938,614;-305,294;0,000;0,000;0,000;0,000;RRR 1.5in;24,5;1015;46;'26.07.2023 15:45:28.210;;
111;586,764;-2938,612;-305,293;0,000;0,000;0,000;0,000;RRR 1.5in;24,5;1015;46;'26.07.2023 15:45:28.220;;
112;586,764;-2938,611;-305,292;0,000;0,000;0,000;0,000;RRR 1.5in;24,5;1015;46;'26.07.2023 15:45:28.230;;
113;586,764;-2938,611;-305,291;0,000;0,000;0,000;0,000;RRR 1.5in;24,5;1015;46;'26.07.2023 15:45:28.240;;
114;586,763;-2938,612;-305,291;0,000;0,000;0,000;0,000;RRR 1.5in;24,5;1015;46;'26.07.2023 15:45:28.250;;
115;586,764;-2938,613;-305,290;0,000;0,000;0,000;0,000;RRR 1.5in;24,5;1015;46;'26.07.2023 15:45:28.260;;
116;586,763;-2938,613;-305,289;0,000;0,000;0,000;0,000;RRR 1.5in;24,5;1015;46;'26.07.2023 15:45:28.270;;
117;586,763;-2938,612;-305,292;0,000;0,000;0,000;0,000;RRR 1.5in;24,5;1015;46;'26.07.2023 15:45:28.280;;
118;586,762;-2938,612;-305,293;0,000;0,000;0,000;0,000;RRR 1.5in;24,5;1015;46;'26.07.2023 15:45:28.290;;
119;586,762;-2938,613;-305,295;0,000;0,000;0,000;0,000;RRR 1.5in;24,5;1015;46;'26.07.2023 15:45:28.300;;
120;586,763;-2938,613;-305,296;0,000;0,000;0,000;0,000;RRR 1.5in;24,5;1015;46;'26.07.2023 15:45:28.310;;
121;586,763;-2938,613;-305,295;0,000;0,000;0,000;0,000;RRR 1.5in;24,5;1015;46;'26.07.2023 15:45:28.320;;
122;586,763;-2938,613;-305,292;0,000;0,000;0,000;0,000;RRR 1.5in;24,5;1015;46;'26.07.2023 15:45:28.330;;
123;586,763;-2938,612;-305,294;0,000;0,000;0,000;0,000;RRR 1.5in;24,5;1015;46;'26.07.2023 15:45:28.340;;
124;586,762;-2938,613;-305,293;0,000;0,000;0,000;0,000;RRR 1.5in;24,5;1015;46;'26.07.2023 15:45:28.350;;
125;586,762;-2938,614;-305,294;0,000;0,000;0,000;0,000;RRR 1.5in;24,5;1015;46;'26.07.2023 15:45:28.360;;
126;586,763;-2938,613;-305,292;0,000;0,000;0,000;0,000;RRR 1.5in;24,5;1015;46;'26.07.2023 15:45:28.370;;
127;586,764;-2938,612;-305,292;0,000;0,000;0,000;0,000;RRR 1.5in;24,5;1015;46;'26.07.2023 15:45:28.380;;
128;586,765;-2938,611;-305,293;0,000;0,000;0,000;0,000;RRR 1.5in;24,5;1015;46;'26.07.2023 15:45:28.390;;
129;586,764;-2938,611;-305,294;0,000;0,000;0,000;0,000;RRR 1.5in;24,5;1015;46;'26.07.2023 15:45:28.400;;
130;586,764;-2938,611;-305,294;0,000;0,000;0,000;0,000;RRR 1.5in;24,5;1015;46;'26.07.2023 15:45:28.410;;
131;586,765;-2938,611;-305,294;0,000;0,000;0,000;0,000;RRR 1.5in;24,5;1015;46;'26.07.2023 15:45:28.420;;
132;586,765;-2938,611;-305,295;0,000;0,000;0,000;0,000;RRR 1.5in;24,5;1015;46;'26.07.2023 15:45:28.430;;
133;586,764;-2938,611;-305,294;0,000;0,000;0,000;0,000;RRR 1.5in;24,5;1015;46;'26.07.2023 15:45:28.440;;
134;586,763;-2938,611;-305,293;0,000;0,000;0,000;0,000;RRR 1.5in;24,5;1015;46;'26.07.2023 15:45:28.450;;
135;586,762;-2938,614;-305,292;0,000;0,000;0,000;0,000;RRR 1.5in;24,5;1015;46;'26.07.2023 15:45:28.460;;
136;586,762;-2938,615;-305,292;0,000;0,000;0,000;0,000;RRR 1.5in;24,5;1015;46;'26.07.2023 15:45:28.470;;
137;586,762;-2938,616;-305,292;0,000;0,000;0,000;0,000;RRR 1.5in;24,5;1015;46;'26.07.2023 15:45:28.480;;
138;586,763;-2938,614;-305,293;0,000;0,000;0,000;0,000;RRR 1.5in;24,5;1015;46;'26.07.2023 15:45:28.490;;
139;586,763;-2938,612;-305,293;0,000;0,000;0,000;0,000;RRR 1.5in;24,5;1015;46;'26.07.2023 15:45:28.500;;
140;586,764;-2938,612;-305,295;0,000;0,000;0,000;0,000;RRR 1.5in;24,5;1015;46;'26.07.2023 15:45:28.510;;
141;586,763;-2938,611;-305,294;0,000;0,000;0,000;0,000;RRR 1.5in;24,5;1015;46;'26.07.2023 15:45:28.520;;
142;586,764;-2938,612;-305,293;0,000;0,000;0,000;0,000;RRR 1.5in;24,5;1015;46;'26.07.2023 15:45:28.530;;
143;586,765;-2938,611;-305,293;0,000;0,000;0,000;0,000;RRR 1.5in;24,5;1015;46;'26.07.2023 15:45:28.540;;
144;586,764;-2938,612;-305,293;0,000;0,000;0,000;0,000;RRR 1.5in;24,5;1015;46;'26.07.2023 15:45:28.550;;
145;586,763;-2938,612;-305,293;0,000;0,000;0,000;0,000;RRR 1.5in;24,5;1015;46;'26.07.2023 15:45:28.560;;
146;586,761;-2938,612;-305,294;0,000;0,000;0,000;0,000;RRR 1.5in;24,5;1015;46;'26.07.2023 15:45:28.570;;
147;586,761;-2938,615;-305,294;0,000;0,000;0,000;0,000;RRR 1.5in;24,5;1015;46;'26.07.2023 15:45:28.580;;
148;586,760;-2938,616;-305,294;0,000;0,000;0,000;0,000;RRR 1.5in;24,5;1015;46;'26.07.2023 15:45:28.590;;
149;586,761;-2938,615;-305,294;0,000;0,000;0,000;0,000;RRR 1.5in;24,5;1015;46;'26.07.2023 15:45:28.600;;
150;586,762;-2938,612;-305,294;0,000;0,000;0,000;0,000;RRR 1.5in;24,5;1015;46;'26.07.2023 15:45:28.610;;
151;586,763;-2938,611;-305,293;0,000;0,000;0,000;0,000;RRR 1.5in;24,5;1015;46;'26.07.2023 15:45:28.620;;
152;586,762;-2938,611;-305,294;0,000;0,000;0,000;0,000;RRR 1.5in;24,5;1015;46;'26.07.2023 15:45:28.630;;
153;586,761;-2938,613;-305,294;0,000;0,000;0,000;0,000;RRR 1.5in;24,5;1015;46;'26.07.2023 15:45:28.640;;
154;586,761;-2938,612;-305,293;0,000;0,000;0,000;0,000;RRR 1.5in;24,5;1015;46;'26.07.2023 15:45:28.650;;
155;586,761;-2938,611;-305,294;0,000;0,000;0,000;0,000;RRR 1.5in;24,5;1015;46;'26.07.2023 15:45:28.660;;
156;586,761;-2938,613;-305,292;0,000;0,000;0,000;0,000;RRR 1.5in;24,5;1015;46;'26.07.2023 15:45:28.670;;
157;586,759;-2938,615;-305,293;0,000;0,000;0,000;0,000;RRR 1.5in;24,5;1015;46;'26.07.2023 15:45:28.680;;
158;586,757;-2938,616;-305,294;0,000;0,000;0,000;0,000;RRR 1.5in;24,5;1015;46;'26.07.2023 15:45:28.690;;
159;586,758;-2938,616;-305,295;0,000;0,000;0,000;0,000;RRR 1.5in;24,5;1015;46;'26.07.2023 15:45:28.700;;
160;586,759;-2938,614;-305,293;0,000;0,000;0,000;0,000;RRR 1.5in;24,5;1015;46;'26.07.2023 15:45:28.710;;
161;586,762;-2938,611;-305,292;0,000;0,000;0,000;0,000;RRR 1.5in;24,5;1015;46;'26.07.2023 15:45:28.720;;
162;586,762;-2938,609;-305,290;0,000;0,000;0,000;0,000;RRR 1.5in;24,5;1015;46;'26.07.2023 15:45:28.730;;
163;586,760;-2938,612;-305,292;0,000;0,000;0,000;0,000;RRR 1.5in;24,5;1015;46;'26.07.2023 15:45:28.740;;
164;586,757;-2938,618;-305,292;0,000;0,000;0,000;0,000;RRR 1.5in;24,5;1015;46;'26.07.2023 15:45:28.750;;
165;586,756;-2938,619;-305,295;0,000;0,000;0,000;0,000;RRR 1.5in;24,5;1015;46;'26.07.2023 15:45:28.760;;
166;586,759;-2938,615;-305,295;0,000;0,000;0,000;0,000;RRR 1.5in;24,5;1015;46;'26.07.2023 15:45:28.770;;
167;586,761;-2938,609;-305,295;0,000;0,000;0,000;0,000;RRR 1.5in;24,5;1015;46;'26.07.2023 15:45:28.780;;
168;586,762;-2938,608;-305,294;0,000;0,000;0,000;0,000;RRR 1.5in;24,5;1015;46;'26.07.2023 15:45:28.790;;
169;586,761;-2938,610;-305,294;0,000;0,000;0,000;0,000;RRR 1.5in;24,5;1015;46;'26.07.2023 15:45:28.800;;
170;586,759;-2938,614;-305,291;0,000;0,000;0,000;0,000;RRR 1.5in;24,5;1015;46;'26.07.2023 15:45:28.810;;
171;586,758;-2938,618;-305,291;0,000;0,000;0,000;0,000;RRR 1.5in;24,5;1015;46;'26.07.2023 15:45:28.820;;
172;586,759;-2938,618;-305,291;0,000;0,000;0,000;0,000;RRR 1.5in;24,5;1015;46;'26.07.2023 15:45:28.830;;
173;586,759;-2938,615;-305,291;0,000;0,000;0,000;0,000;RRR 1.5in;24,5;1015;46;'26.07.2023 15:45:28.840;;
174;586,760;-2938,612;-305,293;0,000;0,000;0,000;0,000;RRR 1.5in;24,5;1015;46;'26.07.2023 15:45:28.850;;
175;586,760;-2938,612;-305,294;0,000;0,000;0,000;0,000;RRR 1.5in;24,5;1015;46;'26.07.2023 15:45:28.860;;
176;586,761;-2938,612;-305,296;0,000;0,000;0,000;0,000;RRR 1.5in;24,5;1015;46;'26.07.2023 15:45:28.870;;
177;586,762;-2938,612;-305,296;0,000;0,000;0,000;0,000;RRR 1.5in;24,5;1015;46;'26.07.2023 15:45:28.880;;
178;586,763;-2938,610;-305,295;0,000;0,000;0,000;0,000;RRR 1.5in;24,5;1015;46;'26.07.2023 15:45:28.890;;
179;586,761;-2938,610;-305,294;0,000;0,000;0,000;0,000;RRR 1.5in;24,5;1015;46;'26.07.2023 15:45:28.900;;
180;586,760;-2938,613;-305,294;0,000;0,000;0,000;0,000;RRR 1.5in;24,5;1015;46;'26.07.2023 15:45:28.910;;
181;586,759;-2938,616;-305,294;0,000;0,000;0,000;0,000;RRR 1.5in;24,5;1015;46;'26.07.2023 15:45:28.920;;
182;586,759;-2938,616;-305,293;0,000;0,000;0,000;0,000;RRR 1.5in;24,5;1015;46;'26.07.2023 15:45:28.930;;
183;586,759;-2938,615;-305,294;0,000;0,000;0,000;0,000;RRR 1.5in;24,5;1015;46;'26.07.2023 15:45:28.940;;
184;586,760;-2938,613;-305,294;0,000;0,000;0,000;0,000;RRR 1.5in;24,5;1015;46;'26.07.2023 15:45:28.950;;
185;586,760;-2938,612;-305,294;0,000;0,000;0,000;0,000;RRR 1.5in;24,5;1015;46;'26.07.2023 15:45:28.960;;
186;586,760;-2938,612;-305,298;0,000;0,000;0,000;0,000;RRR 1.5in;24,5;1015;46;'26.07.2023 15:45:28.970;;
187;586,752;-2938,609;-305,304;0,000;0,000;0,000;0,000;RRR 1.5in;24,5;1015;46;'26.07.2023 15:45:28.980;;
188;586,731;-2938,592;-305,323;0,000;0,000;0,000;0,000;RRR 1.5in;24,5;1015;46;'26.07.2023 15:45:28.990;;
189;586,693;-2938,549;-305,355;0,000;0,000;0,000;0,000;RRR 1.5in;24,5;1015;46;'26.07.2023 15:45:29.000;;
190;586,625;-2938,477;-305,406;0,000;0,000;0,000;0,000;RRR 1.5in;24,5;1015;46;'26.07.2023 15:45:29.010;;
191;586,525;-2938,380;-305,479;0,000;0,000;0,000;0,000;RRR 1.5in;24,5;1015;46;'26.07.2023 15:45:29.020;;
192;586,413;-2938,266;-305,565;0,000;0,000;0,000;0,000;RRR 1.5in;24,5;1015;46;'26.07.2023 15:45:29.030;;
193;586,285;-2938,147;-305,652;0,000;0,000;0,000;0,000;RRR 1.5in;24,5;1015;46;'26.07.2023 15:45:29.040;;
194;586,162;-2938,050;-305,740;0,000;0,000;0,000;0,000;RRR 1.5in;24,5;1015;46;'26.07.2023 15:45:29.050;;
195;586,023;-2937,996;-305,831;0,000;0,000;0,000;0,000;RRR 1.5in;24,5;1015;46;'26.07.2023 15:45:29.060;;
196;585,858;-2937,981;-305,922;0,000;0,000;0,000;0,000;RRR 1.5in;24,5;1015;46;'26.07.2023 15:45:29.070;;
197;585,659;-2937,968;-305,993;0,000;0,000;0,000;0,000;RRR 1.5in;24,5;1015;46;'26.07.2023 15:45:29.080;;
198;585,436;-2937,957;-306,056;0,000;0,000;0,000;0,000;RRR 1.5in;24,5;1015;46;'26.07.2023 15:45:29.090;;
199;585,167;-2937,962;-306,130;0,000;0,000;0,000;0,000;RRR 1.5in;24,5;1015;46;'26.07.2023 15:45:29.100;;
200;584,868;-2937,982;-306,208;0,000;0,000;0,000;0,000;RRR 1.5in;24,5;1015;46;'26.07.2023 15:45:29.110;;
201;584,545;-2938,009;-306,289;0,000;0,000;0,000;0,000;RRR 1.5in;24,5;1015;46;'26.07.2023 15:45:29.120;;
202;584,200;-2938,050;-306,385;0,000;0,000;0,000;0,000;RRR 1.5in;24,5;1015;46;'26.07.2023 15:45:29.130;;
203;583,834;-2938,087;-306,502;0,000;0,000;0,000;0,000;RRR 1.5in;24,5;1015;46;'26.07.2023 15:45:29.140;;
204;583,457;-2938,085;-306,620;0,000;0,000;0,000;0,000;RRR 1.5in;24,5;1015;46;'26.07.2023 15:45:29.150;;
205;583,071;-2938,038;-306,741;0,000;0,000;0,000;0,000;RRR 1.5in;24,5;1015;46;'26.07.2023 15:45:29.160;;
206;582,670;-2937,977;-306,868;0,000;0,000;0,000;0,000;RRR 1.5in;24,5;1015;46;'26.07.2023 15:45:29.170;;
207;582,285;-2937,942;-307,012;0,000;0,000;0,000;0,000;RRR 1.5in;24,5;1015;46;'26.07.2023 15:45:29.180;;
208;581,871;-2937,927;-307,174;0,000;0,000;0,000;0,000;RRR 1.5in;24,5;1015;46;'26.07.2023 15:45:29.190;;
209;581,448;-2937,900;-307,327;0,000;0,000;0,000;0,000;RRR 1.5in;24,5;1015;46;'26.07.2023 15:45:29.200;;
210;581,010;-2937,850;-307,471;0,000;0,000;0,000;0,000;RRR 1.5in;24,5;1015;46;'26.07.2023 15:45:29.210;;
211;580,550;-2937,808;-307,633;0,000;0,000;0,000;0,000;RRR 1.5in;24,5;1015;46;'26.07.2023 15:45:29.220;;
212;580,077;-2937,780;-307,803;0,000;0,000;0,000;0,000;RRR 1.5in;24,5;1015;46;'26.07.2023 15:45:29.230;;
213;579,604;-2937,762;-307,968;0,000;0,000;0,000;0,000;RRR 1.5in;24,5;1015;46;'26.07.2023 15:45:29.240;;
214;579,101;-2937,758;-308,132;0,000;0,000;0,000;0,000;RRR 1.5in;24,5;1015;46;'26.07.2023 15:45:29.250;;
215;578,592;-2937,757;-308,297;0,000;0,000;0,000;0,000;RRR 1.5in;24,5;1015;46;'26.07.2023 15:45:29.260;;
216;578,094;-2937,748;-308,464;0,000;0,000;0,000;0,000;RRR 1.5in;24,5;1015;46;'26.07.2023 15:45:29.270;;
217;577,597;-2937,737;-308,636;0,000;0,000;0,000;0,000;RRR 1.5in;24,5;1015;46;'26.07.2023 15:45:29.280;;
218;577,102;-2937,728;-308,815;0,000;0,000;0,000;0,000;RRR 1.5in;24,5;1015;46;'26.07.2023 15:45:29.290;;
219;576,596;-2937,715;-308,989;0,000;0,000;0,000;0,000;RRR 1.5in;24,5;1015;46;'26.07.2023 15:45:29.300;;
220;576,117;-2937,691;-309,163;0,000;0,000;0,000;0,000;RRR 1.5in;24,5;1015;46;'26.07.2023 15:45:29.310;;
221;575,648;-2937,663;-309,339;0,000;0,000;0,000;0,000;RRR 1.5in;24,5;1015;46;'26.07.2023 15:45:29.320;;
222;575,194;-2937,636;-309,518;0,000;0,000;0,000;0,000;RRR 1.5in;24,5;1015;46;'26.07.2023 15:45:29.330;;
223;574,752;-2937,593;-309,690;0,000;0,000;0,000;0,000;RRR 1.5in;24,5;1015;46;'26.07.2023 15:45:29.340;;
224;574,283;-2937,525;-309,848;0,000;0,000;0,000;0,000;RRR 1.5in;24,5;1015;46;'26.07.2023 15:45:29.350;;
225;573,821;-2937,458;-310,001;0,000;0,000;0,000;0,000;RRR 1.5in;24,5;1015;46;'26.07.2023 15:45:29.360;;
226;573,359;-2937,421;-310,166;0,000;0,000;0,000;0,000;RRR 1.5in;24,5;1015;46;'26.07.2023 15:45:29.370;;
227;572,896;-2937,409;-310,334;0,000;0,000;0,000;0,000;RRR 1.5in;24,5;1015;46;'26.07.2023 15:45:29.380;;
228;572,434;-2937,399;-310,495;0,000;0,000;0,000;0,000;RRR 1.5in;24,5;1015;46;'26.07.2023 15:45:29.390;;
229;571,936;-2937,382;-310,655;0,000;0,000;0,000;0,000;RRR 1.5in;24,5;1015;46;'26.07.2023 15:45:29.400;;
230;571,451;-2937,367;-310,818;0,000;0,000;0,000;0,000;RRR 1.5in;24,5;1015;46;'26.07.2023 15:45:29.410;;
231;570,970;-2937,362;-310,994;0,000;0,000;0,000;0,000;RRR 1.5in;24,5;1015;46;'26.07.2023 15:45:29.420;;
232;570,489;-2937,368;-311,175;0,000;0,000;0,000;0,000;RRR 1.5in;24,5;1015;46;'26.07.2023 15:45:29.430;;
233;570,009;-2937,357;-311,346;0,000;0,000;0,000;0,000;RRR 1.5in;24,5;1015;46;'26.07.2023 15:45:29.440;;
234;569,519;-2937,317;-311,507;0,000;0,000;0,000;0,000;RRR 1.5in;24,5;1015;46;'26.07.2023 15:45:29.450;;
235;569,048;-2937,274;-311,670;0,000;0,000;0,000;0,000;RRR 1.5in;24,5;1015;46;'26.07.2023 15:45:29.460;;
236;568,585;-2937,247;-311,848;0,000;0,000;0,000;0,000;RRR 1.5in;24,5;1015;46;'26.07.2023 15:45:29.470;;
237;568,116;-2937,214;-312,019;0,000;0,000;0,000;0,000;RRR 1.5in;24,5;1015;46;'26.07.2023 15:45:29.480;;
238;567,670;-2937,162;-312,176;0,000;0,000;0,000;0,000;RRR 1.5in;24,5;1015;46;'26.07.2023 15:45:29.490;;
239;567,207;-2937,111;-312,333;0,000;0,000;0,000;0,000;RRR 1.5in;24,5;1015;46;'26.07.2023 15:45:29.500;;
240;566,754;-2937,074;-312,497;0,000;0,000;0,000;0,000;RRR 1.5in;24,5;1015;46;'26.07.2023 15:45:29.510;;
241;566,305;-2937,048;-312,667;0,000;0,000;0,000;0,000;RRR 1.5in;24,5;1015;46;'26.07.2023 15:45:29.520;;
242;565,835;-2937,021;-312,830;0,000;0,000;0,000;0,000;RRR 1.5in;24,5;1015;46;'26.07.2023 15:45:29.530;;
243;565,360;-2936,997;-312,992;0,000;0,000;0,000;0,000;RRR 1.5in;24,5;1015;46;'26.07.2023 15:45:29.540;;
244;564,873;-2936,975;-313,156;0,000;0,000;0,000;0,000;RRR 1.5in;24,5;1015;46;'26.07.2023 15:45:29.550;;
245;564,402;-2936,962;-313,324;0,000;0,000;0,000;0,000;RRR 1.5in;24,5;1015;46;'26.07.2023 15:45:29.560;;
246;563,919;-2936,954;-313,498;0,000;0,000;0,000;0,000;RRR 1.5in;24,5;1015;46;'26.07.2023 15:45:29.570;;
247;563,425;-2936,946;-313,667;0,000;0,000;0,000;0,000;RRR 1.5in;24,5;1015;46;'26.07.2023 15:45:29.580;;
248;562,949;-2936,931;-313,830;0,000;0,000;0,000;0,000;RRR 1.5in;24,5;1015;46;'26.07.2023 15:45:29.590;;
249;562,464;-2936,914;-313,997;0,000;0,000;0,000;0,000;RRR 1.5in;24,5;1015;46;'26.07.2023 15:45:29.600;;
250;561,989;-2936,894;-314,169;0,000;0,000;0,000;0,000;RRR 1.5in;24,5;1015;46;'26.07.2023 15:45:29.610;;
251;561,530;-2936,859;-314,338;0,000;0,000;0,000;0,000;RRR 1.5in;24,5;1015;46;'26.07.2023 15:45:29.620;;
252;561,061;-2936,814;-314,501;0,000;0,000;0,000;0,000;RRR 1.5in;24,5;1015;46;'26.07.2023 15:45:29.630;;
253;560,606;-2936,767;-314,658;0,000;0,000;0,000;0,000;RRR 1.5in;24,5;1015;46;'26.07.2023 15:45:29.640;;
254;560,141;-2936,722;-314,813;0,000;0,000;0,000;0,000;RRR 1.5in;24,5;1015;46;'26.07.2023 15:45:29.650;;
255;559,690;-2936,686;-314,972;0,000;0,000;0,000;0,000;RRR 1.5in;24,5;1015;46;'26.07.2023 15:45:29.660;;
256;559,238;-2936,663;-315,134;0,000;0,000;0,000;0,000;RRR 1.5in;24,5;1015;46;'26.07.2023 15:45:29.670;;
257;558,773;-2936,647;-315,299;0,000;0,000;0,000;0,000;RRR 1.5in;24,5;1015;46;'26.07.2023 15:45:29.680;;
258;558,299;-2936,626;-315,460;0,000;0,000;0,000;0,000;RRR 1.5in;24,5;1015;46;'26.07.2023 15:45:29.690;;
259;557,810;-2936,594;-315,623;0,000;0,000;0,000;0,000;RRR 1.5in;24,5;1015;46;'26.07.2023 15:45:29.700;;
260;557,321;-2936,572;-315,793;0,000;0,000;0,000;0,000;RRR 1.5in;24,5;1015;46;'26.07.2023 15:45:29.710;;
261;556,849;-2936,561;-315,969;0,000;0,000;0,000;0,000;RRR 1.5in;24,5;1015;46;'26.07.2023 15:45:29.720;;
262;556,376;-2936,552;-316,145;0,000;0,000;0,000;0,000;RRR 1.5in;24,5;1015;46;'26.07.2023 15:45:29.730;;
263;555,901;-2936,539;-316,315;0,000;0,000;0,000;0,000;RRR 1.5in;24,5;1015;46;'26.07.2023 15:45:29.740;;
264;555,423;-2936,510;-316,480;0,000;0,000;0,000;0,000;RRR 1.5in;24,5;1015;46;'26.07.2023 15:45:29.750;;
265;554,946;-2936,476;-316,642;0,000;0,000;0,000;0,000;RRR 1.5in;24,5;1015;46;'26.07.2023 15:45:29.760;;
266;554,491;-2936,440;-316,805;0,000;0,000;0,000;0,000;RRR 1.5in;24,5;1015;46;'26.07.2023 15:45:29.770;;
267;554,037;-2936,403;-316,964;0,000;0,000;0,000;0,000;RRR 1.5in;24,5;1015;46;'26.07.2023 15:45:29.780;;
268;553,578;-2936,365;-317,119;0,000;0,000;0,000;0,000;RRR 1.5in;24,5;1015;46;'26.07.2023 15:45:29.790;;
269;553,117;-2936,327;-317,274;0,000;0,000;0,000;0,000;RRR 1.5in;24,5;1015;46;'26.07.2023 15:45:29.800;;
270;552,648;-2936,296;-317,438;0,000;0,000;0,000;0,000;RRR 1.5in;24,5;1015;46;'26.07.2023 15:45:29.810;;
271;552,179;-2936,273;-317,604;0,000;0,000;0,000;0,000;RRR 1.5in;24,5;1015;46;'26.07.2023 15:45:29.820;;
272;551,702;-2936,250;-317,771;0,000;0,000;0,000;0,000;RRR 1.5in;24,5;1015;46;'26.07.2023 15:45:29.830;;
273;551,207;-2936,227;-317,938;0,000;0,000;0,000;0,000;RRR 1.5in;24,5;1015;46;'26.07.2023 15:45:29.840;;
274;550,720;-2936,206;-318,110;0,000;0,000;0,000;0,000;RRR 1.5in;24,5;1015;46;'26.07.2023 15:45:29.850;;
275;550,229;-2936,187;-318,285;0,000;0,000;0,000;0,000;RRR 1.5in;24,5;1015;46;'26.07.2023 15:45:29.860;;
276;549,749;-2936,174;-318,454;0,000;0,000;0,000;0,000;RRR 1.5in;24,5;1015;46;'26.07.2023 15:45:29.870;;
277;549,285;-2936,160;-318,621;0,000;0,000;0,000;0,000;RRR 1.5in;24,5;1015;46;'26.07.2023 15:45:29.880;;
278;548,817;-2936,152;-318,790;0,000;0,000;0,000;0,000;RRR 1.5in;24,5;1015;46;'26.07.2023 15:45:29.890;;
279;548,353;-2936,132;-318,951;0,000;0,000;0,000;0,000;RRR 1.5in;24,5;1015;46;'26.07.2023 15:45:29.900;;
280;547,890;-2936,094;-319,113;0,000;0,000;0,000;0,000;RRR 1.5in;24,5;1015;46;'26.07.2023 15:45:29.910;;
281;547,431;-2936,052;-319,272;0,000;0,000;0,000;0,000;RRR 1.5in;24,5;1015;46;'26.07.2023 15:45:29.920;;
282;546,982;-2936,010;-319,433;0,000;0,000;0,000;0,000;RRR 1.5in;24,5;1015;46;'26.07.2023 15:45:29.930;;
283;546,512;-2935,967;-319,593;0,000;0,000;0,000;0,000;RRR 1.5in;24,5;1015;46;'26.07.2023 15:45:29.940;;
284;546,053;-2935,919;-319,746;0,000;0,000;0,000;0,000;RRR 1.5in;24,5;1015;46;'26.07.2023 15:45:29.950;;
285;545,582;-2935,882;-319,911;0,000;0,000;0,000;0,000;RRR 1.5in;24,5;1015;46;'26.07.2023 15:45:29.960;;
286;545,096;-2935,877;-320,091;0,000;0,000;0,000;0,000;RRR 1.5in;24,5;1015;46;'26.07.2023 15:45:29.970;;
287;544,615;-2935,865;-320,261;0,000;0,000;0,000;0,000;RRR 1.5in;24,5;1015;46;'26.07.2023 15:45:29.980;;
288;544,131;-2935,837;-320,423;0,000;0,000;0,000;0,000;RRR 1.5in;24,5;1015;46;'26.07.2023 15:45:29.990;;
289;543,648;-2935,823;-320,588;0,000;0,000;0,000;0,000;RRR 1.5in;24,5;1015;46;'26.07.2023 15:45:30.000;;
290;543,176;-2935,819;-320,763;0,000;0,000;0,000;0,000;RRR 1.5in;24,5;1015;46;'26.07.2023 15:45:30.010;;
291;542,704;-2935,822;-320,939;0,000;0,000;0,000;0,000;RRR 1.5in;24,5;1015;46;'26.07.2023 15:45:30.020;;
292;542,248;-2935,803;-321,102;0,000;0,000;0,000;0,000;RRR 1.5in;24,5;1015;46;'26.07.2023 15:45:30.030;;
293;541,782;-2935,765;-321,258;0,000;0,000;0,000;0,000;RRR 1.5in;24,5;1015;46;'26.07.2023 15:45:30.040;;
294;541,321;-2935,723;-321,420;0,000;0,000;0,000;0,000;RRR 1.5in;24,5;1015;46;'26.07.2023 15:45:30.050;;
295;540,862;-2935,673;-321,580;0,000;0,000;0,000;0,000;RRR 1.5in;24,5;1015;46;'26.07.2023 15:45:30.060;;
296;540,392;-2935,623;-321,742;0,000;0,000;0,000;0,000;RRR 1.5in;24,5;1015;46;'26.07.2023 15:45:30.070;;
297;539,933;-2935,586;-321,902;0,000;0,000;0,000;0,000;RRR 1.5in;24,5;1015;46;'26.07.2023 15:45:30.080;;
298;539,470;-2935,558;-322,066;0,000;0,000;0,000;0,000;RRR 1.5in;24,5;1015;46;'26.07.2023 15:45:30.090;;
299;538,985;-2935,536;-322,231;0,000;0,000;0,000;0,000;RRR 1.5in;24,5;1015;46;'26.07.2023 15:45:30.100;;
300;538,522;-2935,516;-322,395;0,000;0,000;0,000;0,000;RRR 1.5in;24,5;1015;46;'26.07.2023 15:45:30.110;;
301;538,036;-2935,513;-322,567;0,000;0,000;0,000;0,000;RRR 1.5in;24,5;1015;46;'26.07.2023 15:45:30.120;;
302;537,548;-2935,518;-322,740;0,000;0,000;0,000;0,000;RRR 1.5in;24,5;1015;46;'26.07.2023 15:45:30.130;;
303;537,062;-2935,506;-322,909;0,000;0,000;0,000;0,000;RRR 1.5in;24,5;1015;46;'26.07.2023 15:45:30.140;;
304;536,566;-2935,474;-323,073;0,000;0,000;0,000;0,000;RRR 1.5in;24,5;1015;46;'26.07.2023 15:45:30.150;;
305;536,102;-2935,450;-323,241;0,000;0,000;0,000;0,000;RRR 1.5in;24,5;1015;46;'26.07.2023 15:45:30.160;;
306;535,643;-2935,439;-323,417;0,000;0,000;0,000;0,000;RRR 1.5in;24,5;1015;46;'26.07.2023 15:45:30.170;;
307;535,182;-2935,422;-323,583;0,000;0,000;0,000;0,000;RRR 1.5in;24,5;1015;46;'26.07.2023 15:45:30.180;;
308;534,724;-2935,377;-323,740;0,000;0,000;0,000;0,000;RRR 1.5in;24,5;1015;46;'26.07.2023 15:45:30.190;;
309;534,261;-2935,324;-323,900;0,000;0,000;0,000;0,000;RRR 1.5in;24,5;1015;46;'26.07.2023 15:45:30.200;;
310;533,801;-2935,277;-324,071;0,000;0,000;0,000;0,000;RRR 1.5in;24,5;1015;46;'26.07.2023 15:45:30.210;;
311;533,342;-2935,233;-324,242;0,000;0,000;0,000;0,000;RRR 1.5in;24,5;1015;46;'26.07.2023 15:45:30.220;;
312;532,874;-2935,187;-324,404;0,000;0,000;0,000;0,000;RRR 1.5in;24,5;1015;46;'26.07.2023 15:45:30.230;;
313;532,409;-2935,159;-324,565;0,000;0,000;0,000;0,000;RRR 1.5in;24,5;1015;46;'26.07.2023 15:45:30.240;;
314;531,925;-2935,146;-324,737;0,000;0,000;0,000;0,000;RRR 1.5in;24,5;1015;46;'26.07.2023 15:45:30.250;;
315;531,448;-2935,141;-324,913;0,000;0,000;0,000;0,000;RRR 1.5in;24,5;1015;46;'26.07.2023 15:45:30.260;;
316;530,969;-2935,125;-325,082;0,000;0,000;0,000;0,000;RRR 1.5in;24,5;1015;46;'26.07.2023 15:45:30.270;;
317;530,486;-2935,112;-325,248;0,000;0,000;0,000;0,000;RRR 1.5in;24,5;1015;46;'26.07.2023 15:45:30.280;;
318;530,005;-2935,101;-325,411;0,000;0,000;0,000;0,000;RRR 1.5in;24,5;1015;46;'26.07.2023 15:45:30.290;;
319;529,524;-2935,083;-325,576;0,000;0,000;0,000;0,000;RRR 1.5in;24,5;1015;46;'26.07.2023 15:45:30.300;;
320;529,045;-2935,061;-325,742;0,000;0,000;0,000;0,000;RRR 1.5in;24,5;1015;46;'26.07.2023 15:45:30.310;;
321;528,585;-2935,044;-325,913;0,000;0,000;0,000;0,000;RRR 1.5in;24,5;1015;46;'26.07.2023 15:45:30.320;;
322;528,112;-2935,020;-326,085;0,000;0,000;0,000;0,000;RRR 1.5in;24,5;1015;46;'26.07.2023 15:45:30.330;;
323;527,643;-2934,977;-326,247;0,000;0,000;0,000;0,000;RRR 1.5in;24,5;1015;46;'26.07.2023 15:45:30.340;;
324;527,178;-2934,917;-326,400;0,000;0,000;0,000;0,000;RRR 1.5in;24,5;1015;46;'26.07.2023 15:45:30.350;;
325;526,712;-2934,879;-326,569;0,000;0,000;0,000;0,000;RRR 1.5in;24,5;1015;46;'26.07.2023 15:45:30.360;;
326;526,256;-2934,864;-326,745;0,000;0,000;0,000;0,000;RRR 1.5in;24,5;1015;46;'26.07.2023 15:45:30.370;;
327;525,786;-2934,838;-326,912;0,000;0,000;0,000;0,000;RRR 1.5in;24,5;1015;46;'26.07.2023 15:45:30.380;;
328;525,308;-2934,800;-327,066;0,000;0,000;0,000;0,000;RRR 1.5in;24,5;1015;46;'26.07.2023 15:45:30.390;;
329;524,840;-2934,770;-327,220;0,000;0,000;0,000;0,000;RRR 1.5in;24,5;1015;46;'26.07.2023 15:45:30.400;;
330;524,359;-2934,763;-327,386;0,000;0,000;0,000;0,000;RRR 1.5in;24,5;1015;46;'26.07.2023 15:45:30.410;;
331;523,880;-2934,761;-327,549;0,000;0,000;0,000;0,000;RRR 1.5in;24,5;1015;46;'26.07.2023 15:45:30.420;;
332;523,399;-2934,739;-327,688;0,000;0,000;0,000;0,000;RRR 1.5in;24,5;1015;46;'26.07.2023 15:45:30.430;;
333;522,912;-2934,715;-327,823;0,000;0,000;0,000;0,000;RRR 1.5in;24,5;1015;46;'26.07.2023 15:45:30.440;;
334;522,427;-2934,700;-327,962;0,000;0,000;0,000;0,000;RRR 1.5in;24,5;1015;46;'26.07.2023 15:45:30.450;;
335;521,954;-2934,674;-328,097;0,000;0,000;0,000;0,000;RRR 1.5in;24,5;1015;46;'26.07.2023 15:45:30.460;;
336;521,480;-2934,643;-328,225;0,000;0,000;0,000;0,000;RRR 1.5in;24,5;1015;46;'26.07.2023 15:45:30.470;;
337;521,012;-2934,620;-328,356;0,000;0,000;0,000;0,000;RRR 1.5in;24,5;1015;46;'26.07.2023 15:45:30.480;;
338;520,532;-2934,596;-328,484;0,000;0,000;0,000;0,000;RRR 1.5in;24,5;1015;46;'26.07.2023 15:45:30.490;;
339;520,063;-2934,558;-328,604;0,000;0,000;0,000;0,000;RRR 1.5in;24,5;1015;46;'26.07.2023 15:45:30.500;;
340;519,596;-2934,505;-328,707;0,000;0,000;0,000;0,000;RRR 1.5in;24,5;1015;46;'26.07.2023 15:45:30.510;;
341;519,134;-2934,469;-328,813;0,000;0,000;0,000;0,000;RRR 1.5in;24,5;1015;46;'26.07.2023 15:45:30.520;;
342;518,664;-2934,455;-328,911;0,000;0,000;0,000;0,000;RRR 1.5in;24,5;1015;46;'26.07.2023 15:45:30.530;;
343;518,195;-2934,435;-328,986;0,000;0,000;0,000;0,000;RRR 1.5in;24,5;1015;46;'26.07.2023 15:45:30.540;;
344;517,708;-2934,409;-329,047;0,000;0,000;0,000;0,000;RRR 1.5in;24,5;1015;46;'26.07.2023 15:45:30.550;;
345;517,219;-2934,389;-329,106;0,000;0,000;0,000;0,000;RRR 1.5in;24,5;1015;46;'26.07.2023 15:45:30.560;;
346;516,711;-2934,370;-329,166;0,000;0,000;0,000;0,000;RRR 1.5in;24,5;1015;46;'26.07.2023 15:45:30.570;;
347;516,202;-2934,352;-329,217;0,000;0,000;0,000;0,000;RRR 1.5in;24,5;1015;46;'26.07.2023 15:45:30.580;;
348;515,696;-2934,329;-329,255;0,000;0,000;0,000;0,000;RRR 1.5in;24,5;1015;46;'26.07.2023 15:45:30.590;;
349;515,188;-2934,315;-329,298;0,000;0,000;0,000;0,000;RRR 1.5in;24,5;1015;46;'26.07.2023 15:45:30.600;;
350;514,688;-2934,307;-329,343;0,000;0,000;0,000;0,000;RRR 1.5in;24,5;1015;46;'26.07.2023 15:45:30.610;;
351;514,199;-2934,276;-329,379;0,000;0,000;0,000;0,000;RRR 1.5in;24,5;1015;46;'26.07.2023 15:45:30.620;;
352;513,705;-2934,233;-329,408;0,000;0,000;0,000;0,000;RRR 1.5in;24,5;1015;46;'26.07.2023 15:45:30.630;;
353;513,225;-2934,194;-329,434;0,000;0,000;0,000;0,000;RRR 1.5in;24,5;1015;46;'26.07.2023 15:45:30.640;;
354;512,744;-2934,162;-329,459;0,000;0,000;0,000;0,000;RRR 1.5in;24,5;1015;46;'26.07.2023 15:45:30.650;;
355;512,259;-2934,128;-329,476;0,000;0,000;0,000;0,000;RRR 1.5in;24,5;1015;46;'26.07.2023 15:45:30.660;;
356;511,780;-2934,083;-329,479;0,000;0,000;0,000;0,000;RRR 1.5in;24,5;1015;46;'26.07.2023 15:45:30.670;;
357;511,294;-2934,035;-329,479;0,000;0,000;0,000;0,000;RRR 1.5in;24,5;1015;46;'26.07.2023 15:45:30.680;;
358;510,794;-2934,001;-329,480;0,000;0,000;0,000;0,000;RRR 1.5in;24,5;1015;46;'26.07.2023 15:45:30.690;;
359;510,299;-2933,971;-329,476;0,000;0,000;0,000;0,000;RRR 1.5in;24,5;1015;46;'26.07.2023 15:45:30.700;;
360;509,792;-2933,946;-329,470;0,000;0,000;0,000;0,000;RRR 1.5in;24,5;1015;46;'26.07.2023 15:45:30.710;;
361;509,285;-2933,937;-329,470;0,000;0,000;0,000;0,000;RRR 1.5in;24,5;1015;46;'26.07.2023 15:45:30.720;;
362;508,773;-2933,930;-329,481;0,000;0,000;0,000;0,000;RRR 1.5in;24,5;1015;46;'26.07.2023 15:45:30.730;;
363;508,254;-2933,913;-329,492;0,000;0,000;0,000;0,000;RRR 1.5in;24,5;1015;46;'26.07.2023 15:45:30.740;;
364;507,747;-2933,871;-329,495;0,000;0,000;0,000;0,000;RRR 1.5in;24,5;1015;46;'26.07.2023 15:45:30.750;;
365;507,241;-2933,827;-329,504;0,000;0,000;0,000;0,000;RRR 1.5in;24,5;1015;46;'26.07.2023 15:45:30.760;;
366;506,733;-2933,794;-329,514;0,000;0,000;0,000;0,000;RRR 1.5in;24,5;1015;46;'26.07.2023 15:45:30.770;;
367;506,251;-2933,767;-329,519;0,000;0,000;0,000;0,000;RRR 1.5in;24,5;1015;46;'26.07.2023 15:45:30.780;;
368;505,753;-2933,734;-329,513;0,000;0,000;0,000;0,000;RRR 1.5in;24,5;1015;46;'26.07.2023 15:45:30.790;;
369;505,271;-2933,702;-329,503;0,000;0,000;0,000;0,000;RRR 1.5in;24,5;1015;46;'26.07.2023 15:45:30.800;;
370;504,772;-2933,659;-329,492;0,000;0,000;0,000;0,000;RRR 1.5in;24,5;1015;46;'26.07.2023 15:45:30.810;;
371;504,275;-2933,621;-329,483;0,000;0,000;0,000;0,000;RRR 1.5in;24,5;1015;46;'26.07.2023 15:45:30.820;;
372;503,789;-2933,581;-329,469;0,000;0,000;0,000;0,000;RRR 1.5in;24,5;1015;46;'26.07.2023 15:45:30.830;;
373;503,300;-2933,564;-329,468;0,000;0,000;0,000;0,000;RRR 1.5in;24,5;1015;46;'26.07.2023 15:45:30.840;;
374;502,795;-2933,567;-329,477;0,000;0,000;0,000;0,000;RRR 1.5in;24,5;1015;46;'26.07.2023 15:45:30.850;;
375;502,298;-2933,558;-329,486;0,000;0,000;0,000;0,000;RRR 1.5in;24,5;1015;46;'26.07.2023 15:45:30.860;;
376;501,784;-2933,524;-329,494;0,000;0,000;0,000;0,000;RRR 1.5in;24,5;1015;46;'26.07.2023 15:45:30.870;;
377;501,272;-2933,484;-329,505;0,000;0,000;0,000;0,000;RRR 1.5in;24,5;1015;46;'26.07.2023 15:45:30.880;;
378;500,759;-2933,438;-329,518;0,000;0,000;0,000;0,000;RRR 1.5in;24,5;1015;46;'26.07.2023 15:45:30.890;;
379;500,248;-2933,402;-329,534;0,000;0,000;0,000;0,000;RRR 1.5in;24,5;1015;46;'26.07.2023 15:45:30.900;;
380;499,755;-2933,378;-329,545;0,000;0,000;0,000;0,000;RRR 1.5in;24,5;1015;46;'26.07.2023 15:45:30.910;;
381;499,264;-2933,359;-329,552;0,000;0,000;0,000;0,000;RRR 1.5in;24,5;1015;46;'26.07.2023 15:45:30.920;;
382;498,764;-2933,340;-329,555;0,000;0,000;0,000;0,000;RRR 1.5in;24,5;1015;46;'26.07.2023 15:45:30.930;;
383;498,274;-2933,296;-329,544;0,000;0,000;0,000;0,000;RRR 1.5in;24,5;1015;46;'26.07.2023 15:45:30.940;;
384;497,769;-2933,242;-329,534;0,000;0,000;0,000;0,000;RRR 1.5in;24,5;1015;46;'26.07.2023 15:45:30.950;;
385;497,265;-2933,205;-329,530;0,000;0,000;0,000;0,000;RRR 1.5in;24,5;1015;46;'26.07.2023 15:45:30.960;;
386;496,779;-2933,181;-329,530;0,000;0,000;0,000;0,000;RRR 1.5in;24,5;1015;46;'26.07.2023 15:45:30.970;;
387;496,287;-2933,168;-329,536;0,000;0,000;0,000;0,000;RRR 1.5in;24,5;1015;46;'26.07.2023 15:45:30.980;;
388;495,802;-2933,158;-329,546;0,000;0,000;0,000;0,000;RRR 1.5in;24,5;1015;46;'26.07.2023 15:45:30.990;;
389;495,309;-2933,131;-329,553;0,000;0,000;0,000;0,000;RRR 1.5in;24,5;1015;46;'26.07.2023 15:45:31.000;;
390;494,806;-2933,103;-329,566;0,000;0,000;0,000;0,000;RRR 1.5in;24,5;1015;46;'26.07.2023 15:45:31.010;;
391;494,298;-2933,065;-329,572;0,000;0,000;0,000;0,000;RRR 1.5in;24,5;1015;46;'26.07.2023 15:45:31.020;;
392;493,780;-2933,024;-329,577;0,000;0,000;0,000;0,000;RRR 1.5in;24,5;1015;46;'26.07.2023 15:45:31.030;;
393;493,259;-2932,989;-329,574;0,000;0,000;0,000;0,000;RRR 1.5in;24,5;1015;46;'26.07.2023 15:45:31.040;;
394;492,775;-2932,971;-329,571;0,000;0,000;0,000;0,000;RRR 1.5in;24,5;1015;46;'26.07.2023 15:45:31.050;;
395;492,277;-2932,973;-329,577;0,000;0,000;0,000;0,000;RRR 1.5in;24,5;1015;46;'26.07.2023 15:45:31.060;;
396;491,780;-2932,967;-329,579;0,000;0,000;0,000;0,000;RRR 1.5in;24,5;1015;46;'26.07.2023 15:45:31.070;;
397;491,285;-2932,919;-329,561;0,000;0,000;0,000;0,000;RRR 1.5in;24,5;1015;46;'26.07.2023 15:45:31.080;;
398;490,786;-2932,872;-329,555;0,000;0,000;0,000;0,000;RRR 1.5in;24,5;1015;46;'26.07.2023 15:45:31.090;;
399;490,287;-2932,833;-329,557;0,000;0,000;0,000;0,000;RRR 1.5in;24,5;1015;46;'26.07.2023 15:45:31.100;;
400;489,789;-2932,786;-329,558;0,000;0,000;0,000;0,000;RRR 1.5in;24,5;1015;46;'26.07.2023 15:45:31.110;;
401;489,288;-2932,744;-329,552;0,000;0,000;0,000;0,000;RRR 1.5in;24,5;1015;46;'26.07.2023 15:45:31.120;;
402;488,808;-2932,728;-329,553;0,000;0,000;0,000;0,000;RRR 1.5in;24,5;1015;46;'26.07.2023 15:45:31.130;;
403;488,313;-2932,731;-329,567;0,000;0,000;0,000;0,000;RRR 1.5in;24,5;1015;46;'26.07.2023 15:45:31.140;;
404;487,820;-2932,710;-329,577;0,000;0,000;0,000;0,000;RRR 1.5in;24,5;1015;46;'26.07.2023 15:45:31.150;;
405;487,327;-2932,651;-329,565;0,000;0,000;0,000;0,000;RRR 1.5in;24,5;1015;46;'26.07.2023 15:45:31.160;;
406;486,822;-2932,607;-329,566;0,000;0,000;0,000;0,000;RRR 1.5in;24,5;1015;46;'26.07.2023 15:45:31.170;;
407;486,304;-2932,589;-329,577;0,000;0,000;0,000;0,000;RRR 1.5in;24,5;1015;46;'26.07.2023 15:45:31.180;;
408;485,806;-2932,558;-329,574;0,000;0,000;0,000;0,000;RRR 1.5in;24,5;1015;46;'26.07.2023 15:45:31.190;;
409;485,297;-2932,525;-329,560;0,000;0,000;0,000;0,000;RRR 1.5in;24,5;1015;46;'26.07.2023 15:45:31.200;;
410;484,804;-2932,513;-329,555;0,000;0,000;0,000;0,000;RRR 1.5in;24,5;1015;46;'26.07.2023 15:45:31.210;;
411;484,302;-2932,505;-329,561;0,000;0,000;0,000;0,000;RRR 1.5in;24,5;1015;46;'26.07.2023 15:45:31.220;;
412;483,799;-2932,466;-329,560;0,000;0,000;0,000;0,000;RRR 1.5in;24,5;1015;46;'26.07.2023 15:45:31.230;;
413;483,293;-2932,404;-329,548;0,000;0,000;0,000;0,000;RRR 1.5in;24,5;1015;46;'26.07.2023 15:45:31.240;;
414;482,788;-2932,357;-329,550;0,000;0,000;0,000;0,000;RRR 1.5in;24,5;1015;46;'26.07.2023 15:45:31.250;;
415;482,289;-2932,342;-329,562;0,000;0,000;0,000;0,000;RRR 1.5in;24,5;1015;46;'26.07.2023 15:45:31.260;;
416;481,807;-2932,319;-329,562;0,000;0,000;0,000;0,000;RRR 1.5in;24,5;1015;46;'26.07.2023 15:45:31.270;;
417;481,314;-2932,291;-329,555;0,000;0,000;0,000;0,000;RRR 1.5in;24,5;1015;46;'26.07.2023 15:45:31.280;;
418;480,817;-2932,268;-329,550;0,000;0,000;0,000;0,000;RRR 1.5in;24,5;1015;46;'26.07.2023 15:45:31.290;;
419;480,316;-2932,242;-329,555;0,000;0,000;0,000;0,000;RRR 1.5in;24,5;1015;46;'26.07.2023 15:45:31.300;;
420;479,808;-2932,204;-329,553;0,000;0,000;0,000;0,000;RRR 1.5in;24,5;1015;46;'26.07.2023 15:45:31.310;;
421;479,303;-2932,157;-329,540;0,000;0,000;0,000;0,000;RRR 1.5in;24,5;1015;46;'26.07.2023 15:45:31.320;;
422;478,810;-2932,135;-329,535;0,000;0,000;0,000;0,000;RRR 1.5in;24,5;1015;46;'26.07.2023 15:45:31.330;;
423;478,310;-2932,144;-329,548;0,000;0,000;0,000;0,000;RRR 1.5in;24,5;1015;46;'26.07.2023 15:45:31.340;;
424;477,818;-2932,139;-329,548;0,000;0,000;0,000;0,000;RRR 1.5in;24,5;1015;46;'26.07.2023 15:45:31.350;;
425;477,324;-2932,099;-329,536;0,000;0,000;0,000;0,000;RRR 1.5in;24,5;1015;46;'26.07.2023 15:45:31.360;;
426;476,814;-2932,055;-329,528;0,000;0,000;0,000;0,000;RRR 1.5in;24,5;1015;46;'26.07.2023 15:45:31.370;;
427;476,313;-2932,014;-329,529;0,000;0,000;0,000;0,000;RRR 1.5in;24,5;1015;46;'26.07.2023 15:45:31.380;;
428;475,804;-2931,973;-329,530;0,000;0,000;0,000;0,000;RRR 1.5in;24,5;1015;46;'26.07.2023 15:45:31.390;;
429;475,306;-2931,936;-329,531;0,000;0,000;0,000;0,000;RRR 1.5in;24,5;1015;46;'26.07.2023 15:45:31.400;;
430;474,813;-2931,906;-329,530;0,000;0,000;0,000;0,000;RRR 1.5in;24,5;1015;46;'26.07.2023 15:45:31.410;;
431;474,320;-2931,887;-329,541;0,000;0,000;0,000;0,000;RRR 1.5in;24,5;1015;46;'26.07.2023 15:45:31.420;;
432;473,824;-2931,857;-329,542;0,000;0,000;0,000;0,000;RRR 1.5in;24,5;1015;46;'26.07.2023 15:45:31.430;;
433;473,339;-2931,807;-329,531;0,000;0,000;0,000;0,000;RRR 1.5in;24,5;1015;46;'26.07.2023 15:45:31.440;;
434;472,827;-2931,772;-329,531;0,000;0,000;0,000;0,000;RRR 1.5in;24,5;1015;46;'26.07.2023 15:45:31.450;;
435;472,322;-2931,746;-329,532;0,000;0,000;0,000;0,000;RRR 1.5in;24,5;1015;46;'26.07.2023 15:45:31.460;;
436;471,819;-2931,721;-329,527;0,000;0,000;0,000;0,000;RRR 1.5in;24,5;1015;46;'26.07.2023 15:45:31.470;;
437;471,326;-2931,704;-329,525;0,000;0,000;0,000;0,000;RRR 1.5in;24,5;1015;46;'26.07.2023 15:45:31.480;;
438;470,833;-2931,691;-329,521;0,000;0,000;0,000;0,000;RRR 1.5in;24,5;1015;46;'26.07.2023 15:45:31.490;;
439;470,339;-2931,673;-329,515;0,000;0,000;0,000;0,000;RRR 1.5in;24,5;1015;46;'26.07.2023 15:45:31.500;;
440;469,834;-2931,651;-329,505;0,000;0,000;0,000;0,000;RRR 1.5in;24,5;1015;46;'26.07.2023 15:45:31.510;;
441;469,332;-2931,627;-329,496;0,000;0,000;0,000;0,000;RRR 1.5in;24,5;1015;46;'26.07.2023 15:45:31.520;;
442;468,819;-2931,605;-329,501;0,000;0,000;0,000;0,000;RRR 1.5in;24,5;1015;46;'26.07.2023 15:45:31.530;;
443;468,317;-2931,573;-329,500;0,000;0,000;0,000;0,000;RRR 1.5in;24,5;1015;46;'26.07.2023 15:45:31.540;;
444;467,819;-2931,528;-329,496;0,000;0,000;0,000;0,000;RRR 1.5in;24,5;1015;46;'26.07.2023 15:45:31.550;;
445;467,314;-2931,499;-329,507;0,000;0,000;0,000;0,000;RRR 1.5in;24,5;1015;46;'26.07.2023 15:45:31.560;;
446;466,807;-2931,465;-329,515;0,000;0,000;0,000;0,000;RRR 1.5in;24,5;1015;46;'26.07.2023 15:45:31.570;;
447;466,308;-2931,419;-329,511;0,000;0,000;0,000;0,000;RRR 1.5in;24,5;1015;46;'26.07.2023 15:45:31.580;;
448;465,803;-2931,380;-329,507;0,000;0,000;0,000;0,000;RRR 1.5in;24,5;1015;46;'26.07.2023 15:45:31.590;;
449;465,305;-2931,349;-329,501;0,000;0,000;0,000;0,000;RRR 1.5in;24,5;1015;46;'26.07.2023 15:45:31.600;;
450;464,823;-2931,325;-329,497;0,000;0,000;0,000;0,000;RRR 1.5in;24,5;1015;46;'26.07.2023 15:45:31.610;;
451;464,333;-2931,303;-329,484;0,000;0,000;0,000;0,000;RRR 1.5in;24,5;1015;46;'26.07.2023 15:45:31.620;;
452;463,858;-2931,283;-329,469;0,000;0,000;0,000;0,000;RRR 1.5in;24,5;1015;46;'26.07.2023 15:45:31.630;;
453;463,359;-2931,270;-329,461;0,000;0,000;0,000;0,000;RRR 1.5in;24,5;1015;46;'26.07.2023 15:45:31.640;;
454;462,862;-2931,255;-329,465;0,000;0,000;0,000;0,000;RRR 1.5in;24,5;1015;46;'26.07.2023 15:45:31.650;;
455;462,363;-2931,217;-329,455;0,000;0,000;0,000;0,000;RRR 1.5in;24,5;1015;46;'26.07.2023 15:45:31.660;;
456;461,863;-2931,182;-329,456;0,000;0,000;0,000;0,000;RRR 1.5in;24,5;1015;46;'26.07.2023 15:45:31.670;;
457;461,354;-2931,157;-329,468;0,000;0,000;0,000;0,000;RRR 1.5in;24,5;1015;46;'26.07.2023 15:45:31.680;;
458;460,861;-2931,133;-329,479;0,000;0,000;0,000;0,000;RRR 1.5in;24,5;1015;46;'26.07.2023 15:45:31.690;;
459;460,358;-2931,111;-329,485;0,000;0,000;0,000;0,000;RRR 1.5in;24,5;1015;46;'26.07.2023 15:45:31.700;;
460;459,862;-2931,086;-329,484;0,000;0,000;0,000;0,000;RRR 1.5in;24,5;1015;46;'26.07.2023 15:45:31.710;;
461;459,360;-2931,053;-329,481;0,000;0,000;0,000;0,000;RRR 1.5in;24,5;1015;46;'26.07.2023 15:45:31.720;;
462;458,849;-2931,023;-329,484;0,000;0,000;0,000;0,000;RRR 1.5in;24,5;1015;46;'26.07.2023 15:45:31.730;;
463;458,334;-2930,984;-329,476;0,000;0,000;0,000;0,000;RRR 1.5in;24,5;1015;46;'26.07.2023 15:45:31.740;;
464;457,829;-2930,942;-329,462;0,000;0,000;0,000;0,000;RRR 1.5in;24,5;1015;46;'26.07.2023 15:45:31.750;;
465;457,324;-2930,910;-329,453;0,000;0,000;0,000;0,000;RRR 1.5in;24,5;1015;46;'26.07.2023 15:45:31.760;;
466;456,835;-2930,888;-329,450;0,000;0,000;0,000;0,000;RRR 1.5in;24,5;1015;46;'26.07.2023 15:45:31.770;;
467;456,337;-2930,876;-329,454;0,000;0,000;0,000;0,000;RRR 1.5in;24,5;1015;46;'26.07.2023 15:45:31.780;;
468;455,835;-2930,859;-329,461;0,000;0,000;0,000;0,000;RRR 1.5in;24,5;1015;46;'26.07.2023 15:45:31.790;;
469;455,343;-2930,827;-329,463;0,000;0,000;0,000;0,000;RRR 1.5in;24,5;1015;46;'26.07.2023 15:45:31.800;;
470;454,842;-2930,800;-329,473;0,000;0,000;0,000;0,000;RRR 1.5in;24,5;1015;46;'26.07.2023 15:45:31.810;;
471;454,337;-2930,773;-329,483;0,000;0,000;0,000;0,000;RRR 1.5in;24,5;1015;46;'26.07.2023 15:45:31.820;;
472;453,846;-2930,739;-329,481;0,000;0,000;0,000;0,000;RRR 1.5in;24,5;1015;46;'26.07.2023 15:45:31.830;;
473;453,355;-2930,716;-329,483;0,000;0,000;0,000;0,000;RRR 1.5in;24,5;1015;46;'26.07.2023 15:45:31.840;;
474;452,856;-2930,705;-329,486;0,000;0,000;0,000;0,000;RRR 1.5in;24,5;1015;46;'26.07.2023 15:45:31.850;;
475;452,364;-2930,689;-329,482;0,000;0,000;0,000;0,000;RRR 1.5in;24,5;1015;46;'26.07.2023 15:45:31.860;;
476;451,853;-2930,650;-329,475;0,000;0,000;0,000;0,000;RRR 1.5in;24,5;1015;46;'26.07.2023 15:45:31.870;;
477;451,352;-2930,602;-329,464;0,000;0,000;0,000;0,000;RRR 1.5in;24,5;1015;46;'26.07.2023 15:45:31.880;;
478;450,851;-2930,559;-329,454;0,000;0,000;0,000;0,000;RRR 1.5in;24,5;1015;46;'26.07.2023 15:45:31.890;;
479;450,341;-2930,533;-329,459;0,000;0,000;0,000;0,000;RRR 1.5in;24,5;1015;46;'26.07.2023 15:45:31.900;;
480;449,838;-2930,493;-329,455;0,000;0,000;0,000;0,000;RRR 1.5in;24,5;1015;46;'26.07.2023 15:45:31.910;;
481;449,358;-2930,470;-329,459;0,000;0,000;0,000;0,000;RRR 1.5in;24,5;1015;46;'26.07.2023 15:45:31.920;;
482;448,855;-2930,467;-329,475;0,000;0,000;0,000;0,000;RRR 1.5in;24,5;1015;46;'26.07.2023 15:45:31.930;;
483;448,350;-2930,445;-329,480;0,000;0,000;0,000;0,000;RRR 1.5in;24,5;1015;46;'26.07.2023 15:45:31.940;;
484;447,851;-2930,386;-329,466;0,000;0,000;0,000;0,000;RRR 1.5in;24,5;1015;46;'26.07.2023 15:45:31.950;;
485;447,343;-2930,349;-329,461;0,000;0,000;0,000;0,000;RRR 1.5in;24,5;1015;46;'26.07.2023 15:45:31.960;;
486;446,831;-2930,340;-329,465;0,000;0,000;0,000;0,000;RRR 1.5in;24,5;1015;46;'26.07.2023 15:45:31.970;;
487;446,329;-2930,323;-329,458;0,000;0,000;0,000;0,000;RRR 1.5in;24,5;1015;46;'26.07.2023 15:45:31.980;;
488;445,833;-2930,293;-329,442;0,000;0,000;0,000;0,000;RRR 1.5in;24,5;1015;46;'26.07.2023 15:45:31.990;;
489;445,342;-2930,279;-329,432;0,000;0,000;0,000;0,000;RRR 1.5in;24,5;1015;46;'26.07.2023 15:45:32.000;;
490;444,855;-2930,284;-329,439;0,000;0,000;0,000;0,000;RRR 1.5in;24,5;1015;46;'26.07.2023 15:45:32.010;;
491;444,358;-2930,268;-329,441;0,000;0,000;0,000;0,000;RRR 1.5in;24,5;1015;46;'26.07.2023 15:45:32.020;;
492;443,864;-2930,225;-329,432;0,000;0,000;0,000;0,000;RRR 1.5in;24,5;1015;46;'26.07.2023 15:45:32.030;;
493;443,359;-2930,189;-329,436;0,000;0,000;0,000;0,000;RRR 1.5in;24,5;1015;46;'26.07.2023 15:45:32.040;;
494;442,867;-2930,169;-329,448;0,000;0,000;0,000;0,000;RRR 1.5in;24,5;1015;46;'26.07.2023 15:45:32.050;;
495;442,387;-2930,135;-329,452;0,000;0,000;0,000;0,000;RRR 1.5in;24,5;1015;46;'26.07.2023 15:45:32.060;;
496;441,897;-2930,102;-329,452;0,000;0,000;0,000;0,000;RRR 1.5in;24,5;1015;46;'26.07.2023 15:45:32.070;;
497;441,396;-2930,075;-329,449;0,000;0,000;0,000;0,000;RRR 1.5in;24,5;1015;46;'26.07.2023 15:45:32.080;;
498;440,897;-2930,050;-329,443;0,000;0,000;0,000;0,000;RRR 1.5in;24,5;1015;46;'26.07.2023 15:45:32.090;;
499;440,395;-2930,014;-329,437;0,000;0,000;0,000;0,000;RRR 1.5in;24,5;1015;46;'26.07.2023 15:45:32.100;;
500;439,881;-2929,976;-329,424;0,000;0,000;0,000;0,000;RRR 1.5in;24,5;1015;46;'26.07.2023 15:45:32.110;;
501;439,370;-2929,944;-329,417;0,000;0,000;0,000;0,000;RRR 1.5in;24,5;1015;46;'26.07.2023 15:45:32.120;;
502;438,855;-2929,925;-329,421;0,000;0,000;0,000;0,000;RRR 1.5in;24,5;1015;46;'26.07.2023 15:45:32.130;;
503;438,359;-2929,899;-329,418;0,000;0,000;0,000;0,000;RRR 1.5in;24,5;1015;46;'26.07.2023 15:45:32.140;;
504;437,867;-2929,870;-329,416;0,000;0,000;0,000;0,000;RRR 1.5in;24,5;1015;46;'26.07.2023 15:45:32.150;;
505;437,370;-2929,844;-329,424;0,000;0,000;0,000;0,000;RRR 1.5in;24,5;1015;46;'26.07.2023 15:45:32.160;;
506;436,879;-2929,814;-329,433;0,000;0,000;0,000;0,000;RRR 1.5in;24,5;1015;46;'26.07.2023 15:45:32.170;;
507;436,392;-2929,777;-329,433;0,000;0,000;0,000;0,000;RRR 1.5in;24,5;1015;46;'26.07.2023 15:45:32.180;;
508;435,883;-2929,745;-329,436;0,000;0,000;0,000;0,000;RRR 1.5in;24,5;1015;46;'26.07.2023 15:45:32.190;;
509;435,384;-2929,721;-329,438;0,000;0,000;0,000;0,000;RRR 1.5in;24,5;1015;46;'26.07.2023 15:45:32.200;;
510;434,890;-2929,699;-329,437;0,000;0,000;0,000;0,000;RRR 1.5in;24,5;1015;46;'26.07.2023 15:45:32.210;;
511;434,396;-2929,683;-329,433;0,000;0,000;0,000;0,000;RRR 1.5in;24,5;1015;46;'26.07.2023 15:45:32.220;;
512;433,901;-2929,662;-329,423;0,000;0,000;0,000;0,000;RRR 1.5in;24,5;1015;46;'26.07.2023 15:45:32.230;;
513;433,391;-2929,642;-329,420;0,000;0,000;0,000;0,000;RRR 1.5in;24,5;1015;46;'26.07.2023 15:45:32.240;;
514;432,873;-2929,616;-329,423;0,000;0,000;0,000;0,000;RRR 1.5in;24,5;1015;46;'26.07.2023 15:45:32.250;;
515;432,360;-2929,576;-329,415;0,000;0,000;0,000;0,000;RRR 1.5in;24,5;1015;46;'26.07.2023 15:45:32.260;;
516;431,856;-2929,538;-329,412;0,000;0,000;0,000;0,000;RRR 1.5in;24,5;1015;46;'26.07.2023 15:45:32.270;;
517;431,343;-2929,514;-329,423;0,000;0,000;0,000;0,000;RRR 1.5in;24,5;1015;46;'26.07.2023 15:45:32.280;;
518;430,838;-2929,485;-329,430;0,000;0,000;0,000;0,000;RRR 1.5in;24,5;1015;46;'26.07.2023 15:45:32.290;;
519;430,338;-2929,452;-329,431;0,000;0,000;0,000;0,000;RRR 1.5in;24,5;1015;46;'26.07.2023 15:45:32.300;;
520;429,841;-2929,419;-329,434;0,000;0,000;0,000;0,000;RRR 1.5in;24,5;1015;46;'26.07.2023 15:45:32.310;;
521;429,344;-2929,383;-329,440;0,000;0,000;0,000;0,000;RRR 1.5in;24,5;1015;46;'26.07.2023 15:45:32.320;;
522;428,836;-2929,338;-329,442;0,000;0,000;0,000;0,000;RRR 1.5in;24,5;1015;46;'26.07.2023 15:45:32.330;;
523;428,336;-2929,292;-329,432;0,000;0,000;0,000;0,000;RRR 1.5in;24,5;1015;46;'26.07.2023 15:45:32.340;;
524;427,857;-2929,265;-329,422;0,000;0,000;0,000;0,000;RRR 1.5in;24,5;1015;46;'26.07.2023 15:45:32.350;;
525;427,379;-2929,269;-329,432;0,000;0,000;0,000;0,000;RRR 1.5in;24,5;1015;46;'26.07.2023 15:45:32.360;;
526;426,892;-2929,265;-329,437;0,000;0,000;0,000;0,000;RRR 1.5in;24,5;1015;46;'26.07.2023 15:45:32.370;;
527;426,409;-2929,232;-329,427;0,000;0,000;0,000;0,000;RRR 1.5in;24,5;1015;46;'26.07.2023 15:45:32.380;;
528;425,902;-2929,195;-329,423;0,000;0,000;0,000;0,000;RRR 1.5in;24,5;1015;46;'26.07.2023 15:45:32.390;;
529;425,394;-2929,163;-329,430;0,000;0,000;0,000;0,000;RRR 1.5in;24,5;1015;46;'26.07.2023 15:45:32.400;;
530;424,876;-2929,129;-329,435;0,000;0,000;0,000;0,000;RRR 1.5in;24,5;1015;46;'26.07.2023 15:45:32.410;;
531;424,358;-2929,100;-329,439;0,000;0,000;0,000;0,000;RRR 1.5in;24,5;1015;46;'26.07.2023 15:45:32.420;;
532;423,841;-2929,081;-329,446;0,000;0,000;0,000;0,000;RRR 1.5in;24,5;1015;46;'26.07.2023 15:45:32.430;;
533;423,337;-2929,066;-329,451;0,000;0,000;0,000;0,000;RRR 1.5in;24,5;1015;46;'26.07.2023 15:45:32.440;;
534;422,828;-2929,039;-329,452;0,000;0,000;0,000;0,000;RRR 1.5in;24,5;1015;46;'26.07.2023 15:45:32.450;;
535;422,322;-2929,003;-329,446;0,000;0,000;0,000;0,000;RRR 1.5in;24,5;1015;46;'26.07.2023 15:45:32.460;;
536;421,824;-2928,964;-329,440;0,000;0,000;0,000;0,000;RRR 1.5in;24,5;1015;46;'26.07.2023 15:45:32.470;;
537;421,322;-2928,935;-329,442;0,000;0,000;0,000;0,000;RRR 1.5in;24,5;1015;46;'26.07.2023 15:45:32.480;;
538;420,832;-2928,899;-329,440;0,000;0,000;0,000;0,000;RRR 1.5in;24,5;1015;46;'26.07.2023 15:45:32.490;;
539;420,349;-2928,862;-329,437;0,000;0,000;0,000;0,000;RRR 1.5in;24,5;1015;46;'26.07.2023 15:45:32.500;;
540;419,863;-2928,835;-329,446;0,000;0,000;0,000;0,000;RRR 1.5in;24,5;1015;46;'26.07.2023 15:45:32.510;;
541;419,374;-2928,799;-329,447;0,000;0,000;0,000;0,000;RRR 1.5in;24,5;1015;46;'26.07.2023 15:45:32.520;;
542;418,883;-2928,759;-329,444;0,000;0,000;0,000;0,000;RRR 1.5in;24,5;1015;46;'26.07.2023 15:45:32.530;;
543;418,366;-2928,733;-329,448;0,000;0,000;0,000;0,000;RRR 1.5in;24,5;1015;46;'26.07.2023 15:45:32.540;;
544;417,854;-2928,712;-329,452;0,000;0,000;0,000;0,000;RRR 1.5in;24,5;1015;46;'26.07.2023 15:45:32.550;;
545;417,351;-2928,689;-329,450;0,000;0,000;0,000;0,000;RRR 1.5in;24,5;1015;46;'26.07.2023 15:45:32.560;;
546;416,847;-2928,671;-329,448;0,000;0,000;0,000;0,000;RRR 1.5in;24,5;1015;46;'26.07.2023 15:45:32.570;;
547;416,348;-2928,658;-329,449;0,000;0,000;0,000;0,000;RRR 1.5in;24,5;1015;46;'26.07.2023 15:45:32.580;;
548;415,845;-2928,642;-329,450;0,000;0,000;0,000;0,000;RRR 1.5in;24,5;1015;46;'26.07.2023 15:45:32.590;;
549;415,346;-2928,615;-329,451;0,000;0,000;0,000;0,000;RRR 1.5in;24,5;1015;46;'26.07.2023 15:45:32.600;;
550;414,849;-2928,575;-329,443;0,000;0,000;0,000;0,000;RRR 1.5in;24,5;1015;46;'26.07.2023 15:45:32.610;;
551;414,355;-2928,534;-329,441;0,000;0,000;0,000;0,000;RRR 1.5in;24,5;1015;46;'26.07.2023 15:45:32.620;;
552;413,855;-2928,492;-329,442;0,000;0,000;0,000;0,000;RRR 1.5in;24,5;1015;46;'26.07.2023 15:45:32.630;;
553;413,364;-2928,445;-329,436;0,000;0,000;0,000;0,000;RRR 1.5in;24,5;1015;46;'26.07.2023 15:45:32.640;;
554;412,869;-2928,414;-329,439;0,000;0,000;0,000;0,000;RRR 1.5in;24,5;1015;46;'26.07.2023 15:45:32.650;;
555;412,366;-2928,398;-329,444;0,000;0,000;0,000;0,000;RRR 1.5in;24,5;1015;46;'26.07.2023 15:45:32.660;;
556;411,878;-2928,384;-329,444;0,000;0,000;0,000;0,000;RRR 1.5in;24,5;1015;46;'26.07.2023 15:45:32.670;;
557;411,376;-2928,368;-329,439;0,000;0,000;0,000;0,000;RRR 1.5in;24,5;1015;46;'26.07.2023 15:45:32.680;;
558;410,871;-2928,349;-329,439;0,000;0,000;0,000;0,000;RRR 1.5in;24,5;1015;46;'26.07.2023 15:45:32.690;;
559;410,357;-2928,312;-329,427;0,000;0,000;0,000;0,000;RRR 1.5in;24,5;1015;46;'26.07.2023 15:45:32.700;;
560;409,844;-2928,276;-329,418;0,000;0,000;0,000;0,000;RRR 1.5in;24,5;1015;46;'26.07.2023 15:45:32.710;;
561;409,322;-2928,252;-329,418;0,000;0,000;0,000;0,000;RRR 1.5in;24,5;1015;46;'26.07.2023 15:45:32.720;;
562;408,832;-2928,236;-329,418;0,000;0,000;0,000;0,000;RRR 1.5in;24,5;1015;46;'26.07.2023 15:45:32.730;;
563;408,344;-2928,222;-329,420;0,000;0,000;0,000;0,000;RRR 1.5in;24,5;1015;46;'26.07.2023 15:45:32.740;;
564;407,857;-2928,204;-329,423;0,000;0,000;0,000;0,000;RRR 1.5in;24,5;1015;46;'26.07.2023 15:45:32.750;;
565;407,375;-2928,172;-329,422;0,000;0,000;0,000;0,000;RRR 1.5in;24,5;1015;46;'26.07.2023 15:45:32.760;;
566;406,888;-2928,135;-329,429;0,000;0,000;0,000;0,000;RRR 1.5in;24,5;1015;46;'26.07.2023 15:45:32.770;;
567;406,376;-2928,086;-329,435;0,000;0,000;0,000;0,000;RRR 1.5in;24,5;1015;46;'26.07.2023 15:45:32.780;;
568;405,870;-2928,021;-329,423;0,000;0,000;0,000;0,000;RRR 1.5in;24,5;1015;46;'26.07.2023 15:45:32.790;;
569;405,369;-2927,971;-329,415;0,000;0,000;0,000;0,000;RRR 1.5in;24,5;1015;46;'26.07.2023 15:45:32.800;;
570;404,870;-2927,955;-329,417;0,000;0,000;0,000;0,000;RRR 1.5in;24,5;1015;46;'26.07.2023 15:45:32.810;;
571;404,391;-2927,950;-329,415;0,000;0,000;0,000;0,000;RRR 1.5in;24,5;1015;46;'26.07.2023 15:45:32.820;;
572;403,896;-2927,937;-329,407;0,000;0,000;0,000;0,000;RRR 1.5in;24,5;1015;46;'26.07.2023 15:45:32.830;;
573;403,387;-2927,917;-329,401;0,000;0,000;0,000;0,000;RRR 1.5in;24,5;1015;46;'26.07.2023 15:45:32.840;;
574;402,874;-2927,891;-329,399;0,000;0,000;0,000;0,000;RRR 1.5in;24,5;1015;46;'26.07.2023 15:45:32.850;;
575;402,361;-2927,864;-329,407;0,000;0,000;0,000;0,000;RRR 1.5in;24,5;1015;46;'26.07.2023 15:45:32.860;;
576;401,841;-2927,832;-329,411;0,000;0,000;0,000;0,000;RRR 1.5in;24,5;1015;46;'26.07.2023 15:45:32.870;;
577;401,332;-2927,796;-329,407;0,000;0,000;0,000;0,000;RRR 1.5in;24,5;1015;46;'26.07.2023 15:45:32.880;;
578;400,844;-2927,776;-329,413;0,000;0,000;0,000;0,000;RRR 1.5in;24,5;1015;46;'26.07.2023 15:45:32.890;;
579;400,344;-2927,770;-329,429;0,000;0,000;0,000;0,000;RRR 1.5in;24,5;1015;46;'26.07.2023 15:45:32.900;;
580;399,857;-2927,739;-329,430;0,000;0,000;0,000;0,000;RRR 1.5in;24,5;1015;46;'26.07.2023 15:45:32.910;;
581;399,366;-2927,688;-329,419;0,000;0,000;0,000;0,000;RRR 1.5in;24,5;1015;46;'26.07.2023 15:45:32.920;;
582;398,871;-2927,649;-329,414;0,000;0,000;0,000;0,000;RRR 1.5in;24,5;1015;46;'26.07.2023 15:45:32.930;;
583;398,386;-2927,620;-329,409;0,000;0,000;0,000;0,000;RRR 1.5in;24,5;1015;46;'26.07.2023 15:45:32.940;;
584;397,898;-2927,587;-329,399;0,000;0,000;0,000;0,000;RRR 1.5in;24,5;1015;46;'26.07.2023 15:45:32.950;;
585;397,409;-2927,550;-329,390;0,000;0,000;0,000;0,000;RRR 1.5in;24,5;1015;46;'26.07.2023 15:45:32.960;;
586;396,915;-2927,524;-329,383;0,000;0,000;0,000;0,000;RRR 1.5in;24,5;1015;46;'26.07.2023 15:45:32.970;;
587;396,420;-2927,516;-329,394;0,000;0,000;0,000;0,000;RRR 1.5in;24,5;1015;46;'26.07.2023 15:45:32.980;;
588;395,900;-2927,493;-329,406;0,000;0,000;0,000;0,000;RRR 1.5in;24,5;1015;46;'26.07.2023 15:45:32.990;;
589;395,388;-2927,445;-329,406;0,000;0,000;0,000;0,000;RRR 1.5in;24,5;1015;46;'26.07.2023 15:45:33.000;;
590;394,871;-2927,401;-329,413;0,000;0,000;0,000;0,000;RRR 1.5in;24,5;1015;46;'26.07.2023 15:45:33.010;;
591;394,354;-2927,374;-329,433;0,000;0,000;0,000;0,000;RRR 1.5in;24,5;1015;46;'26.07.2023 15:45:33.020;;
592;393,845;-2927,333;-329,438;0,000;0,000;0,000;0,000;RRR 1.5in;24,5;1015;46;'26.07.2023 15:45:33.030;;
593;393,353;-2927,288;-329,433;0,000;0,000;0,000;0,000;RRR 1.5in;24,5;1015;46;'26.07.2023 15:45:33.040;;
594;392,862;-2927,273;-329,434;0,000;0,000;0,000;0,000;RRR 1.5in;24,5;1015;46;'26.07.2023 15:45:33.050;;
595;392,380;-2927,269;-329,433;0,000;0,000;0,000;0,000;RRR 1.5in;24,5;1015;46;'26.07.2023 15:45:33.060;;
596;391,900;-2927,245;-329,421;0,000;0,000;0,000;0,000;RRR 1.5in;24,5;1015;46;'26.07.2023 15:45:33.070;;
597;391,405;-2927,202;-329,405;0,000;0,000;0,000;0,000;RRR 1.5in;24,5;1015;46;'26.07.2023 15:45:33.080;;
598;390,906;-2927,167;-329,398;0,000;0,000;0,000;0,000;RRR 1.5in;24,5;1015;46;'26.07.2023 15:45:33.090;;
599;390,402;-2927,142;-329,406;0,000;0,000;0,000;0,000;RRR 1.5in;24,5;1015;46;'26.07.2023 15:45:33.100;;
600;389,900;-2927,112;-329,415;0,000;0,000;0,000;0,000;RRR 1.5in;24,5;1015;46;'26.07.2023 15:45:33.110;;
601;389,398;-2927,086;-329,423;0,000;0,000;0,000;0,000;RRR 1.5in;24,5;1015;46;'26.07.2023 15:45:33.120;;
602;388,903;-2927,081;-329,442;0,000;0,000;0,000;0,000;RRR 1.5in;24,5;1015;46;'26.07.2023 15:45:33.130;;
603;388,403;-2927,079;-329,465;0,000;0,000;0,000;0,000;RRR 1.5in;24,5;1015;46;'26.07.2023 15:45:33.140;;
604;387,895;-2927,043;-329,468;0,000;0,000;0,000;0,000;RRR 1.5in;24,5;1015;46;'26.07.2023 15:45:33.150;;
605;387,387;-2926,995;-329,464;0,000;0,000;0,000;0,000;RRR 1.5in;24,5;1015;46;'26.07.2023 15:45:33.160;;
606;386,861;-2926,957;-329,468;0,000;0,000;0,000;0,000;RRR 1.5in;24,5;1015;46;'26.07.2023 15:45:33.170;;
607;386,357;-2926,920;-329,467;0,000;0,000;0,000;0,000;RRR 1.5in;24,5;1015;46;'26.07.2023 15:45:33.180;;
608;385,858;-2926,866;-329,452;0,000;0,000;0,000;0,000;RRR 1.5in;24,5;1015;46;'26.07.2023 15:45:33.190;;
609;385,368;-2926,827;-329,440;0,000;0,000;0,000;0,000;RRR 1.5in;24,5;1015;46;'26.07.2023 15:45:33.200;;
610;384,895;-2926,808;-329,434;0,000;0,000;0,000;0,000;RRR 1.5in;24,5;1015;46;'26.07.2023 15:45:33.210;;
611;384,422;-2926,796;-329,436;0,000;0,000;0,000;0,000;RRR 1.5in;24,5;1015;46;'26.07.2023 15:45:33.220;;
612;383,928;-2926,769;-329,440;0,000;0,000;0,000;0,000;RRR 1.5in;24,5;1015;46;'26.07.2023 15:45:33.230;;
613;383,424;-2926,721;-329,437;0,000;0,000;0,000;0,000;RRR 1.5in;24,5;1015;46;'26.07.2023 15:45:33.240;;
614;382,918;-2926,678;-329,441;0,000;0,000;0,000;0,000;RRR 1.5in;24,5;1015;46;'26.07.2023 15:45:33.250;;
615;382,397;-2926,644;-329,459;0,000;0,000;0,000;0,000;RRR 1.5in;24,5;1015;46;'26.07.2023 15:45:33.260;;
616;381,892;-2926,606;-329,468;0,000;0,000;0,000;0,000;RRR 1.5in;24,5;1015;46;'26.07.2023 15:45:33.270;;
617;381,388;-2926,577;-329,473;0,000;0,000;0,000;0,000;RRR 1.5in;24,5;1015;46;'26.07.2023 15:45:33.280;;
618;380,878;-2926,580;-329,483;0,000;0,000;0,000;0,000;RRR 1.5in;24,5;1015;46;'26.07.2023 15:45:33.290;;
619;380,377;-2926,590;-329,490;0,000;0,000;0,000;0,000;RRR 1.5in;24,5;1015;46;'26.07.2023 15:45:33.300;;
620;379,878;-2926,575;-329,483;0,000;0,000;0,000;0,000;RRR 1.5in;24,5;1015;46;'26.07.2023 15:45:33.310;;
621;379,384;-2926,546;-329,475;0,000;0,000;0,000;0,000;RRR 1.5in;24,5;1015;46;'26.07.2023 15:45:33.320;;
622;378,874;-2926,508;-329,466;0,000;0,000;0,000;0,000;RRR 1.5in;24,5;1015;46;'26.07.2023 15:45:33.330;;
623;378,387;-2926,466;-329,455;0,000;0,000;0,000;0,000;RRR 1.5in;24,5;1015;46;'26.07.2023 15:45:33.340;;
624;377,891;-2926,429;-329,449;0,000;0,000;0,000;0,000;RRR 1.5in;24,5;1015;46;'26.07.2023 15:45:33.350;;
625;377,404;-2926,401;-329,452;0,000;0,000;0,000;0,000;RRR 1.5in;24,5;1015;46;'26.07.2023 15:45:33.360;;
626;376,918;-2926,370;-329,455;0,000;0,000;0,000;0,000;RRR 1.5in;24,5;1015;46;'26.07.2023 15:45:33.370;;
627;376,432;-2926,334;-329,463;0,000;0,000;0,000;0,000;RRR 1.5in;24,5;1015;46;'26.07.2023 15:45:33.380;;
628;375,941;-2926,291;-329,470;0,000;0,000;0,000;0,000;RRR 1.5in;24,5;1015;46;'26.07.2023 15:45:33.390;;
629;375,438;-2926,247;-329,480;0,000;0,000;0,000;0,000;RRR 1.5in;24,5;1015;46;'26.07.2023 15:45:33.400;;
630;374,918;-2926,207;-329,486;0,000;0,000;0,000;0,000;RRR 1.5in;24,5;1015;46;'26.07.2023 15:45:33.410;;
631;374,396;-2926,169;-329,484;0,000;0,000;0,000;0,000;RRR 1.5in;24,5;1015;46;'26.07.2023 15:45:33.420;;
632;373,895;-2926,144;-329,471;0,000;0,000;0,000;0,000;RRR 1.5in;24,5;1015;46;'26.07.2023 15:45:33.430;;
633;373,402;-2926,142;-329,472;0,000;0,000;0,000;0,000;RRR 1.5in;24,5;1015;46;'26.07.2023 15:45:33.440;;
634;372,895;-2926,135;-329,469;0,000;0,000;0,000;0,000;RRR 1.5in;24,5;1015;46;'26.07.2023 15:45:33.450;;
635;372,407;-2926,102;-329,454;0,000;0,000;0,000;0,000;RRR 1.5in;24,5;1015;46;'26.07.2023 15:45:33.460;;
636;371,904;-2926,061;-329,440;0,000;0,000;0,000;0,000;RRR 1.5in;24,5;1015;46;'26.07.2023 15:45:33.470;;
637;371,403;-2926,031;-329,443;0,000;0,000;0,000;0,000;RRR 1.5in;24,5;1015;46;'26.07.2023 15:45:33.480;;
638;370,897;-2925,993;-329,448;0,000;0,000;0,000;0,000;RRR 1.5in;24,5;1015;46;'26.07.2023 15:45:33.490;;
639;370,403;-2925,946;-329,451;0,000;0,000;0,000;0,000;RRR 1.5in;24,5;1015;46;'26.07.2023 15:45:33.500;;
640;369,903;-2925,910;-329,460;0,000;0,000;0,000;0,000;RRR 1.5in;24,5;1015;46;'26.07.2023 15:45:33.510;;
641;369,410;-2925,889;-329,469;0,000;0,000;0,000;0,000;RRR 1.5in;24,5;1015;46;'26.07.2023 15:45:33.520;;
642;368,915;-2925,877;-329,483;0,000;0,000;0,000;0,000;RRR 1.5in;24,5;1015;46;'26.07.2023 15:45:33.530;;
643;368,411;-2925,853;-329,483;0,000;0,000;0,000;0,000;RRR 1.5in;24,5;1015;46;'26.07.2023 15:45:33.540;;
644;367,914;-2925,829;-329,477;0,000;0,000;0,000;0,000;RRR 1.5in;24,5;1015;46;'26.07.2023 15:45:33.550;;
645;367,408;-2925,810;-329,471;0,000;0,000;0,000;0,000;RRR 1.5in;24,5;1015;46;'26.07.2023 15:45:33.560;;
646;366,901;-2925,791;-329,467;0,000;0,000;0,000;0,000;RRR 1.5in;24,5;1015;46;'26.07.2023 15:45:33.570;;
647;366,393;-2925,757;-329,452;0,000;0,000;0,000;0,000;RRR 1.5in;24,5;1015;46;'26.07.2023 15:45:33.580;;
648;365,895;-2925,725;-329,438;0,000;0,000;0,000;0,000;RRR 1.5in;24,5;1015;46;'26.07.2023 15:45:33.590;;
649;365,395;-2925,700;-329,437;0,000;0,000;0,000;0,000;RRR 1.5in;24,5;1015;46;'26.07.2023 15:45:33.600;;
650;364,904;-2925,669;-329,439;0,000;0,000;0,000;0,000;RRR 1.5in;24,5;1015;46;'26.07.2023 15:45:33.610;;
651;364,417;-2925,633;-329,439;0,000;0,000;0,000;0,000;RRR 1.5in;24,5;1015;46;'26.07.2023 15:45:33.620;;
652;363,913;-2925,597;-329,447;0,000;0,000;0,000;0,000;RRR 1.5in;24,5;1015;46;'26.07.2023 15:45:33.630;;
653;363,421;-2925,557;-329,452;0,000;0,000;0,000;0,000;RRR 1.5in;24,5;1015;46;'26.07.2023 15:45:33.640;;
654;362,925;-2925,510;-329,455;0,000;0,000;0,000;0,000;RRR 1.5in;24,5;1015;46;'26.07.2023 15:45:33.650;;
655;362,422;-2925,475;-329,458;0,000;0,000;0,000;0,000;RRR 1.5in;24,5;1015;46;'26.07.2023 15:45:33.660;;
656;361,920;-2925,451;-329,460;0,000;0,000;0,000;0,000;RRR 1.5in;24,5;1015;46;'26.07.2023 15:45:33.670;;
657;361,426;-2925,431;-329,454;0,000;0,000;0,000;0,000;RRR 1.5in;24,5;1015;46;'26.07.2023 15:45:33.680;;
658;360,933;-2925,418;-329,443;0,000;0,000;0,000;0,000;RRR 1.5in;24,5;1015;46;'26.07.2023 15:45:33.690;;
659;360,433;-2925,405;-329,426;0,000;0,000;0,000;0,000;RRR 1.5in;24,5;1015;46;'26.07.2023 15:45:33.700;;
660;359,943;-2925,393;-329,408;0,000;0,000;0,000;0,000;RRR 1.5in;24,5;1015;46;'26.07.2023 15:45:33.710;;
661;359,440;-2925,373;-329,399;0,000;0,000;0,000;0,000;RRR 1.5in;24,5;1015;46;'26.07.2023 15:45:33.720;;
662;358,942;-2925,349;-329,392;0,000;0,000;0,000;0,000;RRR 1.5in;24,5;1015;46;'26.07.2023 15:45:33.730;;
663;358,443;-2925,320;-329,389;0,000;0,000;0,000;0,000;RRR 1.5in;24,5;1015;46;'26.07.2023 15:45:33.740;;
664;357,939;-2925,292;-329,394;0,000;0,000;0,000;0,000;RRR 1.5in;24,5;1015;46;'26.07.2023 15:45:33.750;;
665;357,445;-2925,264;-329,405;0,000;0,000;0,000;0,000;RRR 1.5in;24,5;1015;46;'26.07.2023 15:45:33.760;;
666;356,953;-2925,232;-329,411;0,000;0,000;0,000;0,000;RRR 1.5in;24,5;1015;46;'26.07.2023 15:45:33.770;;
667;356,464;-2925,201;-329,419;0,000;0,000;0,000;0,000;RRR 1.5in;24,5;1015;46;'26.07.2023 15:45:33.780;;
668;355,962;-2925,161;-329,425;0,000;0,000;0,000;0,000;RRR 1.5in;24,5;1015;46;'26.07.2023 15:45:33.790;;
669;355,468;-2925,113;-329,418;0,000;0,000;0,000;0,000;RRR 1.5in;24,5;1015;46;'26.07.2023 15:45:33.800;;
670;354,969;-2925,062;-329,411;0,000;0,000;0,000;0,000;RRR 1.5in;24,5;1015;46;'26.07.2023 15:45:33.810;;
671;354,462;-2925,023;-329,410;0,000;0,000;0,000;0,000;RRR 1.5in;24,5;1015;46;'26.07.2023 15:45:33.820;;
672;353,974;-2924,988;-329,403;0,000;0,000;0,000;0,000;RRR 1.5in;24,5;1015;46;'26.07.2023 15:45:33.830;;
673;353,481;-2924,965;-329,393;0,000;0,000;0,000;0,000;RRR 1.5in;24,5;1015;46;'26.07.2023 15:45:33.840;;
674;352,992;-2924,965;-329,394;0,000;0,000;0,000;0,000;RRR 1.5in;24,5;1015;46;'26.07.2023 15:45:33.850;;
675;352,490;-2924,959;-329,397;0,000;0,000;0,000;0,000;RRR 1.5in;24,5;1015;46;'26.07.2023 15:45:33.860;;
676;351,987;-2924,931;-329,399;0,000;0,000;0,000;0,000;RRR 1.5in;24,5;1015;46;'26.07.2023 15:45:33.870;;
677;351,470;-2924,889;-329,404;0,000;0,000;0,000;0,000;RRR 1.5in;24,5;1015;46;'26.07.2023 15:45:33.880;;
678;350,953;-2924,850;-329,414;0,000;0,000;0,000;0,000;RRR 1.5in;24,5;1015;46;'26.07.2023 15:45:33.890;;
679;350,453;-2924,806;-329,422;0,000;0,000;0,000;0,000;RRR 1.5in;24,5;1015;46;'26.07.2023 15:45:33.900;;
680;349,953;-2924,770;-329,433;0,000;0,000;0,000;0,000;RRR 1.5in;24,5;1015;46;'26.07.2023 15:45:33.910;;
681;349,466;-2924,748;-329,445;0,000;0,000;0,000;0,000;RRR 1.5in;24,5;1015;46;'26.07.2023 15:45:33.920;;
682;348,980;-2924,731;-329,450;0,000;0,000;0,000;0,000;RRR 1.5in;24,5;1015;46;'26.07.2023 15:45:33.930;;
683;348,490;-2924,711;-329,449;0,000;0,000;0,000;0,000;RRR 1.5in;24,5;1015;46;'26.07.2023 15:45:33.940;;
684;347,997;-2924,677;-329,441;0,000;0,000;0,000;0,000;RRR 1.5in;24,5;1015;46;'26.07.2023 15:45:33.950;;
685;347,501;-2924,636;-329,430;0,000;0,000;0,000;0,000;RRR 1.5in;24,5;1015;46;'26.07.2023 15:45:33.960;;
686;346,999;-2924,593;-329,416;0,000;0,000;0,000;0,000;RRR 1.5in;24,5;1015;46;'26.07.2023 15:45:33.970;;
687;346,487;-2924,557;-329,409;0,000;0,000;0,000;0,000;RRR 1.5in;24,5;1015;46;'26.07.2023 15:45:33.980;;
688;345,988;-2924,534;-329,403;0,000;0,000;0,000;0,000;RRR 1.5in;24,5;1015;46;'26.07.2023 15:45:33.990;;
689;345,482;-2924,521;-329,413;0,000;0,000;0,000;0,000;RRR 1.5in;24,5;1015;46;'26.07.2023 15:45:34.000;;
690;344,977;-2924,505;-329,429;0,000;0,000;0,000;0,000;RRR 1.5in;24,5;1015;46;'26.07.2023 15:45:34.010;;
691;344,485;-2924,478;-329,440;0,000;0,000;0,000;0,000;RRR 1.5in;24,5;1015;46;'26.07.2023 15:45:34.020;;
692;343,978;-2924,440;-329,450;0,000;0,000;0,000;0,000;RRR 1.5in;24,5;1015;46;'26.07.2023 15:45:34.030;;
693;343,478;-2924,402;-329,461;0,000;0,000;0,000;0,000;RRR 1.5in;24,5;1015;46;'26.07.2023 15:45:34.040;;
694;342,975;-2924,352;-329,463;0,000;0,000;0,000;0,000;RRR 1.5in;24,5;1015;46;'26.07.2023 15:45:34.050;;
695;342,480;-2924,310;-329,459;0,000;0,000;0,000;0,000;RRR 1.5in;24,5;1015;46;'26.07.2023 15:45:34.060;;
696;341,980;-2924,278;-329,454;0,000;0,000;0,000;0,000;RRR 1.5in;24,5;1015;46;'26.07.2023 15:45:34.070;;
697;341,488;-2924,258;-329,447;0,000;0,000;0,000;0,000;RRR 1.5in;24,5;1015;46;'26.07.2023 15:45:34.080;;
698;341,008;-2924,253;-329,444;0,000;0,000;0,000;0,000;RRR 1.5in;24,5;1015;46;'26.07.2023 15:45:34.090;;
699;340,509;-2924,246;-329,445;0,000;0,000;0,000;0,000;RRR 1.5in;24,5;1015;46;'26.07.2023 15:45:34.100;;
700;340,023;-2924,226;-329,445;0,000;0,000;0,000;0,000;RRR 1.5in;24,5;1015;46;'26.07.2023 15:45:34.110;;
701;339,517;-2924,185;-329,444;0,000;0,000;0,000;0,000;RRR 1.5in;24,5;1015;46;'26.07.2023 15:45:34.120;;
702;339,007;-2924,140;-329,451;0,000;0,000;0,000;0,000;RRR 1.5in;24,5;1015;46;'26.07.2023 15:45:34.130;;
703;338,490;-2924,101;-329,467;0,000;0,000;0,000;0,000;RRR 1.5in;24,5;1015;46;'26.07.2023 15:45:34.140;;
704;337,987;-2924,061;-329,475;0,000;0,000;0,000;0,000;RRR 1.5in;24,5;1015;46;'26.07.2023 15:45:34.150;;
705;337,482;-2924,028;-329,479;0,000;0,000;0,000;0,000;RRR 1.5in;24,5;1015;46;'26.07.2023 15:45:34.160;;
706;336,983;-2924,008;-329,486;0,000;0,000;0,000;0,000;RRR 1.5in;24,5;1015;46;'26.07.2023 15:45:34.170;;
707;336,497;-2923,990;-329,485;0,000;0,000;0,000;0,000;RRR 1.5in;24,5;1015;46;'26.07.2023 15:45:34.180;;
708;335,995;-2923,967;-329,481;0,000;0,000;0,000;0,000;RRR 1.5in;24,5;1015;46;'26.07.2023 15:45:34.190;;
709;335,493;-2923,940;-329,474;0,000;0,000;0,000;0,000;RRR 1.5in;24,5;1015;46;'26.07.2023 15:45:34.200;;
710;334,997;-2923,904;-329,462;0,000;0,000;0,000;0,000;RRR 1.5in;24,5;1015;46;'26.07.2023 15:45:34.210;;
711;334,500;-2923,873;-329,454;0,000;0,000;0,000;0,000;RRR 1.5in;24,5;1015;46;'26.07.2023 15:45:34.220;;
712;334,000;-2923,841;-329,446;0,000;0,000;0,000;0,000;RRR 1.5in;24,5;1015;46;'26.07.2023 15:45:34.230;;
713;333,502;-2923,804;-329,444;0,000;0,000;0,000;0,000;RRR 1.5in;24,5;1015;46;'26.07.2023 15:45:34.240;;
714;333,015;-2923,780;-329,444;0,000;0,000;0,000;0,000;RRR 1.5in;24,5;1015;46;'26.07.2023 15:45:34.250;;
715;332,523;-2923,773;-329,458;0,000;0,000;0,000;0,000;RRR 1.5in;24,5;1015;46;'26.07.2023 15:45:34.260;;
716;332,025;-2923,760;-329,469;0,000;0,000;0,000;0,000;RRR 1.5in;24,5;1015;46;'26.07.2023 15:45:34.270;;
717;331,538;-2923,721;-329,471;0,000;0,000;0,000;0,000;RRR 1.5in;24,5;1015;46;'26.07.2023 15:45:34.280;;
718;331,035;-2923,675;-329,474;0,000;0,000;0,000;0,000;RRR 1.5in;24,5;1015;46;'26.07.2023 15:45:34.290;;
719;330,530;-2923,643;-329,487;0,000;0,000;0,000;0,000;RRR 1.5in;24,5;1015;46;'26.07.2023 15:45:34.300;;
720;330,019;-2923,602;-329,486;0,000;0,000;0,000;0,000;RRR 1.5in;24,5;1015;46;'26.07.2023 15:45:34.310;;
721;329,514;-2923,561;-329,474;0,000;0,000;0,000;0,000;RRR 1.5in;24,5;1015;46;'26.07.2023 15:45:34.320;;
722;329,018;-2923,541;-329,466;0,000;0,000;0,000;0,000;RRR 1.5in;24,5;1015;46;'26.07.2023 15:45:34.330;;
723;328,530;-2923,535;-329,461;0,000;0,000;0,000;0,000;RRR 1.5in;24,5;1015;46;'26.07.2023 15:45:34.340;;
724;328,038;-2923,526;-329,457;0,000;0,000;0,000;0,000;RRR 1.5in;24,5;1015;46;'26.07.2023 15:45:34.350;;
725;327,529;-2923,494;-329,445;0,000;0,000;0,000;0,000;RRR 1.5in;24,5;1015;46;'26.07.2023 15:45:34.360;;
726;327,029;-2923,462;-329,435;0,000;0,000;0,000;0,000;RRR 1.5in;24,5;1015;46;'26.07.2023 15:45:34.370;;
727;326,520;-2923,440;-329,444;0,000;0,000;0,000;0,000;RRR 1.5in;24,5;1015;46;'26.07.2023 15:45:34.380;;
728;326,012;-2923,406;-329,458;0,000;0,000;0,000;0,000;RRR 1.5in;24,5;1015;46;'26.07.2023 15:45:34.390;;
729;325,516;-2923,350;-329,463;0,000;0,000;0,000;0,000;RRR 1.5in;24,5;1015;46;'26.07.2023 15:45:34.400;;
730;325,020;-2923,309;-329,466;0,000;0,000;0,000;0,000;RRR 1.5in;24,5;1015;46;'26.07.2023 15:45:34.410;;
731;324,531;-2923,304;-329,483;0,000;0,000;0,000;0,000;RRR 1.5in;24,5;1015;46;'26.07.2023 15:45:34.420;;
732;324,032;-2923,296;-329,496;0,000;0,000;0,000;0,000;RRR 1.5in;24,5;1015;46;'26.07.2023 15:45:34.430;;
733;323,532;-2923,258;-329,488;0,000;0,000;0,000;0,000;RRR 1.5in;24,5;1015;46;'26.07.2023 15:45:34.440;;
734;323,027;-2923,210;-329,472;0,000;0,000;0,000;0,000;RRR 1.5in;24,5;1015;46;'26.07.2023 15:45:34.450;;
735;322,525;-2923,182;-329,469;0,000;0,000;0,000;0,000;RRR 1.5in;24,5;1015;46;'26.07.2023 15:45:34.460;;
736;322,028;-2923,155;-329,460;0,000;0,000;0,000;0,000;RRR 1.5in;24,5;1015;46;'26.07.2023 15:45:34.470;;
737;321,521;-2923,116;-329,448;0,000;0,000;0,000;0,000;RRR 1.5in;24,5;1015;46;'26.07.2023 15:45:34.480;;
738;321,015;-2923,087;-329,443;0,000;0,000;0,000;0,000;RRR 1.5in;24,5;1015;46;'26.07.2023 15:45:34.490;;
739;320,527;-2923,078;-329,447;0,000;0,000;0,000;0,000;RRR 1.5in;24,5;1015;46;'26.07.2023 15:45:34.500;;
740;320,032;-2923,070;-329,456;0,000;0,000;0,000;0,000;RRR 1.5in;24,5;1015;46;'26.07.2023 15:45:34.510;;
741;319,541;-2923,040;-329,464;0,000;0,000;0,000;0,000;RRR 1.5in;24,5;1015;46;'26.07.2023 15:45:34.520;;
742;319,046;-2922,991;-329,470;0,000;0,000;0,000;0,000;RRR 1.5in;24,5;1015;46;'26.07.2023 15:45:34.530;;
743;318,543;-2922,950;-329,482;0,000;0,000;0,000;0,000;RRR 1.5in;24,5;1015;46;'26.07.2023 15:45:34.540;;
744;318,030;-2922,914;-329,493;0,000;0,000;0,000;0,000;RRR 1.5in;24,5;1015;46;'26.07.2023 15:45:34.550;;
745;317,522;-2922,870;-329,488;0,000;0,000;0,000;0,000;RRR 1.5in;24,5;1015;46;'26.07.2023 15:45:34.560;;
746;317,029;-2922,840;-329,481;0,000;0,000;0,000;0,000;RRR 1.5in;24,5;1015;46;'26.07.2023 15:45:34.570;;
747;316,527;-2922,836;-329,483;0,000;0,000;0,000;0,000;RRR 1.5in;24,5;1015;46;'26.07.2023 15:45:34.580;;
748;316,044;-2922,833;-329,484;0,000;0,000;0,000;0,000;RRR 1.5in;24,5;1015;46;'26.07.2023 15:45:34.590;;
749;315,550;-2922,806;-329,469;0,000;0,000;0,000;0,000;RRR 1.5in;24,5;1015;46;'26.07.2023 15:45:34.600;;
750;315,049;-2922,774;-329,456;0,000;0,000;0,000;0,000;RRR 1.5in;24,5;1015;46;'26.07.2023 15:45:34.610;;
751;314,545;-2922,752;-329,460;0,000;0,000;0,000;0,000;RRR 1.5in;24,5;1015;46;'26.07.2023 15:45:34.620;;
752;314,039;-2922,717;-329,465;0,000;0,000;0,000;0,000;RRR 1.5in;24,5;1015;46;'26.07.2023 15:45:34.630;;
753;313,541;-2922,658;-329,462;0,000;0,000;0,000;0,000;RRR 1.5in;24,5;1015;46;'26.07.2023 15:45:34.640;;
754;313,028;-2922,607;-329,467;0,000;0,000;0,000;0,000;RRR 1.5in;24,5;1015;46;'26.07.2023 15:45:34.650;;
755;312,532;-2922,581;-329,486;0,000;0,000;0,000;0,000;RRR 1.5in;24,5;1015;46;'26.07.2023 15:45:34.660;;
756;312,039;-2922,566;-329,506;0,000;0,000;0,000;0,000;RRR 1.5in;24,5;1015;46;'26.07.2023 15:45:34.670;;
757;311,538;-2922,542;-329,514;0,000;0,000;0,000;0,000;RRR 1.5in;24,5;1015;46;'26.07.2023 15:45:34.680;;
758;311,044;-2922,510;-329,513;0,000;0,000;0,000;0,000;RRR 1.5in;24,5;1015;46;'26.07.2023 15:45:34.690;;
759;310,547;-2922,479;-329,511;0,000;0,000;0,000;0,000;RRR 1.5in;24,5;1015;46;'26.07.2023 15:45:34.700;;
760;310,059;-2922,455;-329,506;0,000;0,000;0,000;0,000;RRR 1.5in;24,5;1015;46;'26.07.2023 15:45:34.710;;
761;309,558;-2922,429;-329,497;0,000;0,000;0,000;0,000;RRR 1.5in;24,5;1015;46;'26.07.2023 15:45:34.720;;
762;309,055;-2922,396;-329,480;0,000;0,000;0,000;0,000;RRR 1.5in;24,5;1015;46;'26.07.2023 15:45:34.730;;
763;308,555;-2922,368;-329,472;0,000;0,000;0,000;0,000;RRR 1.5in;24,5;1015;46;'26.07.2023 15:45:34.740;;
764;308,053;-2922,352;-329,477;0,000;0,000;0,000;0,000;RRR 1.5in;24,5;1015;46;'26.07.2023 15:45:34.750;;
765;307,566;-2922,334;-329,481;0,000;0,000;0,000;0,000;RRR 1.5in;24,5;1015;46;'26.07.2023 15:45:34.760;;
766;307,073;-2922,307;-329,488;0,000;0,000;0,000;0,000;RRR 1.5in;24,5;1015;46;'26.07.2023 15:45:34.770;;
767;306,567;-2922,281;-329,499;0,000;0,000;0,000;0,000;RRR 1.5in;24,5;1015;46;'26.07.2023 15:45:34.780;;
768;306,058;-2922,252;-329,510;0,000;0,000;0,000;0,000;RRR 1.5in;24,5;1015;46;'26.07.2023 15:45:34.790;;
769;305,541;-2922,214;-329,513;0,000;0,000;0,000;0,000;RRR 1.5in;24,5;1015;46;'26.07.2023 15:45:34.800;;
770;305,042;-2922,176;-329,513;0,000;0,000;0,000;0,000;RRR 1.5in;24,5;1015;46;'26.07.2023 15:45:34.810;;
771;304,538;-2922,147;-329,514;0,000;0,000;0,000;0,000;RRR 1.5in;24,5;1015;46;'26.07.2023 15:45:34.820;;
772;304,042;-2922,118;-329,510;0,000;0,000;0,000;0,000;RRR 1.5in;24,5;1015;46;'26.07.2023 15:45:34.830;;
773;303,554;-2922,085;-329,498;0,000;0,000;0,000;0,000;RRR 1.5in;24,5;1015;46;'26.07.2023 15:45:34.840;;
774;303,053;-2922,059;-329,489;0,000;0,000;0,000;0,000;RRR 1.5in;24,5;1015;46;'26.07.2023 15:45:34.850;;
775;302,568;-2922,051;-329,488;0,000;0,000;0,000;0,000;RRR 1.5in;24,5;1015;46;'26.07.2023 15:45:34.860;;
776;302,071;-2922,036;-329,491;0,000;0,000;0,000;0,000;RRR 1.5in;24,5;1015;46;'26.07.2023 15:45:34.870;;
777;301,580;-2922,001;-329,490;0,000;0,000;0,000;0,000;RRR 1.5in;24,5;1015;46;'26.07.2023 15:45:34.880;;
778;301,076;-2921,952;-329,487;0,000;0,000;0,000;0,000;RRR 1.5in;24,5;1015;46;'26.07.2023 15:45:34.890;;
779;300,563;-2921,916;-329,493;0,000;0,000;0,000;0,000;RRR 1.5in;24,5;1015;46;'26.07.2023 15:45:34.900;;
780;300,056;-2921,892;-329,503;0,000;0,000;0,000;0,000;RRR 1.5in;24,5;1015;46;'26.07.2023 15:45:34.910;;
781;299,547;-2921,869;-329,509;0,000;0,000;0,000;0,000;RRR 1.5in;24,5;1015;46;'26.07.2023 15:45:34.920;;
782;299,057;-2921,855;-329,514;0,000;0,000;0,000;0,000;RRR 1.5in;24,5;1015;46;'26.07.2023 15:45:34.930;;
783;298,564;-2921,839;-329,516;0,000;0,000;0,000;0,000;RRR 1.5in;24,5;1015;46;'26.07.2023 15:45:34.940;;
784;298,071;-2921,820;-329,519;0,000;0,000;0,000;0,000;RRR 1.5in;24,5;1015;46;'26.07.2023 15:45:34.950;;
785;297,571;-2921,781;-329,511;0,000;0,000;0,000;0,000;RRR 1.5in;24,5;1015;46;'26.07.2023 15:45:34.960;;
786;297,059;-2921,741;-329,509;0,000;0,000;0,000;0,000;RRR 1.5in;24,5;1015;46;'26.07.2023 15:45:34.970;;
787;296,548;-2921,697;-329,507;0,000;0,000;0,000;0,000;RRR 1.5in;24,5;1015;46;'26.07.2023 15:45:34.980;;
788;296,044;-2921,655;-329,504;0,000;0,000;0,000;0,000;RRR 1.5in;24,5;1015;46;'26.07.2023 15:45:34.990;;
789;295,546;-2921,620;-329,496;0,000;0,000;0,000;0,000;RRR 1.5in;24,5;1015;46;'26.07.2023 15:45:35.000;;
790;295,060;-2921,608;-329,500;0,000;0,000;0,000;0,000;RRR 1.5in;24,5;1015;46;'26.07.2023 15:45:35.010;;
791;294,565;-2921,597;-329,508;0,000;0,000;0,000;0,000;RRR 1.5in;24,5;1015;46;'26.07.2023 15:45:35.020;;
792;294,071;-2921,575;-329,507;0,000;0,000;0,000;0,000;RRR 1.5in;24,5;1015;46;'26.07.2023 15:45:35.030;;
793;293,568;-2921,541;-329,504;0,000;0,000;0,000;0,000;RRR 1.5in;24,5;1015;46;'26.07.2023 15:45:35.040;;
794;293,058;-2921,510;-329,512;0,000;0,000;0,000;0,000;RRR 1.5in;24,5;1015;46;'26.07.2023 15:45:35.050;;
795;292,558;-2921,478;-329,515;0,000;0,000;0,000;0,000;RRR 1.5in;24,5;1015;46;'26.07.2023 15:45:35.060;;
796;292,049;-2921,440;-329,516;0,000;0,000;0,000;0,000;RRR 1.5in;24,5;1015;46;'26.07.2023 15:45:35.070;;
797;291,544;-2921,406;-329,516;0,000;0,000;0,000;0,000;RRR 1.5in;24,5;1015;46;'26.07.2023 15:45:35.080;;
798;291,048;-2921,380;-329,517;0,000;0,000;0,000;0,000;RRR 1.5in;24,5;1015;46;'26.07.2023 15:45:35.090;;
799;290,556;-2921,369;-329,518;0,000;0,000;0,000;0,000;RRR 1.5in;24,5;1015;46;'26.07.2023 15:45:35.100;;
800;290,074;-2921,356;-329,520;0,000;0,000;0,000;0,000;RRR 1.5in;24,5;1015;46;'26.07.2023 15:45:35.110;;
801;289,584;-2921,331;-329,518;0,000;0,000;0,000;0,000;RRR 1.5in;24,5;1015;46;'26.07.2023 15:45:35.120;;
802;289,099;-2921,301;-329,510;0,000;0,000;0,000;0,000;RRR 1.5in;24,5;1015;46;'26.07.2023 15:45:35.130;;
803;288,601;-2921,277;-329,507;0,000;0,000;0,000;0,000;RRR 1.5in;24,5;1015;46;'26.07.2023 15:45:35.140;;
804;288,102;-2921,254;-329,508;0,000;0,000;0,000;0,000;RRR 1.5in;24,5;1015;46;'26.07.2023 15:45:35.150;;
805;287,602;-2921,227;-329,510;0,000;0,000;0,000;0,000;RRR 1.5in;24,5;1015;46;'26.07.2023 15:45:35.160;;
806;287,090;-2921,191;-329,509;0,000;0,000;0,000;0,000;RRR 1.5in;24,5;1015;46;'26.07.2023 15:45:35.170;;
807;286,585;-2921,161;-329,513;0,000;0,000;0,000;0,000;RRR 1.5in;24,5;1015;46;'26.07.2023 15:45:35.180;;
808;286,072;-2921,132;-329,516;0,000;0,000;0,000;0,000;RRR 1.5in;24,5;1015;46;'26.07.2023 15:45:35.190;;
809;285,558;-2921,109;-329,520;0,000;0,000;0,000;0,000;RRR 1.5in;24,5;1015;46;'26.07.2023 15:45:35.200;;
810;285,046;-2921,082;-329,520;0,000;0,000;0,000;0,000;RRR 1.5in;24,5;1015;46;'26.07.2023 15:45:35.210;;
811;284,538;-2921,053;-329,520;0,000;0,000;0,000;0,000;RRR 1.5in;24,5;1015;46;'26.07.2023 15:45:35.220;;
812;284,042;-2921,026;-329,521;0,000;0,000;0,000;0,000;RRR 1.5in;24,5;1015;46;'26.07.2023 15:45:35.230;;
813;283,540;-2921,001;-329,524;0,000;0,000;0,000;0,000;RRR 1.5in;24,5;1015;46;'26.07.2023 15:45:35.240;;
814;283,039;-2920,967;-329,526;0,000;0,000;0,000;0,000;RRR 1.5in;24,5;1015;46;'26.07.2023 15:45:35.250;;
815;282,549;-2920,919;-329,521;0,000;0,000;0,000;0,000;RRR 1.5in;24,5;1015;46;'26.07.2023 15:45:35.260;;
816;282,059;-2920,879;-329,520;0,000;0,000;0,000;0,000;RRR 1.5in;24,5;1015;46;'26.07.2023 15:45:35.270;;
817;281,578;-2920,856;-329,525;0,000;0,000;0,000;0,000;RRR 1.5in;24,5;1015;46;'26.07.2023 15:45:35.280;;
818;281,090;-2920,834;-329,527;0,000;0,000;0,000;0,000;RRR 1.5in;24,5;1015;46;'26.07.2023 15:45:35.290;;
819;280,596;-2920,807;-329,517;0,000;0,000;0,000;0,000;RRR 1.5in;24,5;1015;46;'26.07.2023 15:45:35.300;;
820;280,101;-2920,787;-329,512;0,000;0,000;0,000;0,000;RRR 1.5in;24,5;1015;46;'26.07.2023 15:45:35.310;;
821;279,594;-2920,777;-329,518;0,000;0,000;0,000;0,000;RRR 1.5in;24,5;1015;46;'26.07.2023 15:45:35.320;;
822;279,090;-2920,758;-329,520;0,000;0,000;0,000;0,000;RRR 1.5in;24,5;1015;46;'26.07.2023 15:45:35.330;;
823;278,579;-2920,729;-329,521;0,000;0,000;0,000;0,000;RRR 1.5in;24,5;1015;46;'26.07.2023 15:45:35.340;;
824;278,070;-2920,707;-329,523;0,000;0,000;0,000;0,000;RRR 1.5in;24,5;1015;46;'26.07.2023 15:45:35.350;;
825;277,576;-2920,694;-329,529;0,000;0,000;0,000;0,000;RRR 1.5in;24,5;1015;46;'26.07.2023 15:45:35.360;;
826;277,078;-2920,677;-329,535;0,000;0,000;0,000;0,000;RRR 1.5in;24,5;1015;46;'26.07.2023 15:45:35.370;;
827;276,586;-2920,648;-329,540;0,000;0,000;0,000;0,000;RRR 1.5in;24,5;1015;46;'26.07.2023 15:45:35.380;;
828;276,088;-2920,604;-329,540;0,000;0,000;0,000;0,000;RRR 1.5in;24,5;1015;46;'26.07.2023 15:45:35.390;;
829;275,591;-2920,558;-329,535;0,000;0,000;0,000;0,000;RRR 1.5in;24,5;1015;46;'26.07.2023 15:45:35.400;;
830;275,092;-2920,517;-329,533;0,000;0,000;0,000;0,000;RRR 1.5in;24,5;1015;46;'26.07.2023 15:45:35.410;;
831;274,581;-2920,480;-329,536;0,000;0,000;0,000;0,000;RRR 1.5in;24,5;1015;46;'26.07.2023 15:45:35.420;;
832;274,071;-2920,436;-329,530;0,000;0,000;0,000;0,000;RRR 1.5in;24,5;1015;46;'26.07.2023 15:45:35.430;;
833;273,563;-2920,397;-329,521;0,000;0,000;0,000;0,000;RRR 1.5in;24,5;1015;46;'26.07.2023 15:45:35.440;;
834;273,066;-2920,389;-329,528;0,000;0,000;0,000;0,000;RRR 1.5in;24,5;1015;46;'26.07.2023 15:45:35.450;;
835;272,576;-2920,401;-329,541;0,000;0,000;0,000;0,000;RRR 1.5in;24,5;1015;46;'26.07.2023 15:45:35.460;;
836;272,075;-2920,400;-329,548;0,000;0,000;0,000;0,000;RRR 1.5in;24,5;1015;46;'26.07.2023 15:45:35.470;;
837;271,587;-2920,383;-329,551;0,000;0,000;0,000;0,000;RRR 1.5in;24,5;1015;46;'26.07.2023 15:45:35.480;;
838;271,092;-2920,353;-329,556;0,000;0,000;0,000;0,000;RRR 1.5in;24,5;1015;46;'26.07.2023 15:45:35.490;;
839;270,597;-2920,315;-329,562;0,000;0,000;0,000;0,000;RRR 1.5in;24,5;1015;46;'26.07.2023 15:45:35.500;;
840;270,106;-2920,262;-329,560;0,000;0,000;0,000;0,000;RRR 1.5in;24,5;1015;46;'26.07.2023 15:45:35.510;;
841;269,612;-2920,201;-329,558;0,000;0,000;0,000;0,000;RRR 1.5in;24,5;1015;46;'26.07.2023 15:45:35.520;;
842;269,120;-2920,159;-329,556;0,000;0,000;0,000;0,000;RRR 1.5in;24,5;1015;46;'26.07.2023 15:45:35.530;;
843;268,625;-2920,137;-329,557;0,000;0,000;0,000;0,000;RRR 1.5in;24,5;1015;46;'26.07.2023 15:45:35.540;;
844;268,125;-2920,128;-329,562;0,000;0,000;0,000;0,000;RRR 1.5in;24,5;1015;46;'26.07.2023 15:45:35.550;;
845;267,638;-2920,110;-329,554;0,000;0,000;0,000;0,000;RRR 1.5in;24,5;1015;46;'26.07.2023 15:45:35.560;;
846;267,149;-2920,098;-329,550;0,000;0,000;0,000;0,000;RRR 1.5in;24,5;1015;46;'26.07.2023 15:45:35.570;;
847;266,639;-2920,089;-329,550;0,000;0,000;0,000;0,000;RRR 1.5in;24,5;1015;46;'26.07.2023 15:45:35.580;;
848;266,121;-2920,064;-329,548;0,000;0,000;0,000;0,000;RRR 1.5in;24,5;1015;46;'26.07.2023 15:45:35.590;;
849;265,592;-2920,020;-329,538;0,000;0,000;0,000;0,000;RRR 1.5in;24,5;1015;46;'26.07.2023 15:45:35.600;;
850;265,088;-2919,990;-329,539;0,000;0,000;0,000;0,000;RRR 1.5in;24,5;1015;46;'26.07.2023 15:45:35.610;;
851;264,580;-2919,965;-329,555;0,000;0,000;0,000;0,000;RRR 1.5in;24,5;1015;46;'26.07.2023 15:45:35.620;;
852;264,080;-2919,924;-329,565;0,000;0,000;0,000;0,000;RRR 1.5in;24,5;1015;46;'26.07.2023 15:45:35.630;;
853;263,586;-2919,861;-329,560;0,000;0,000;0,000;0,000;RRR 1.5in;24,5;1015;46;'26.07.2023 15:45:35.640;;
854;263,089;-2919,820;-329,567;0,000;0,000;0,000;0,000;RRR 1.5in;24,5;1015;46;'26.07.2023 15:45:35.650;;
855;262,607;-2919,806;-329,585;0,000;0,000;0,000;0,000;RRR 1.5in;24,5;1015;46;'26.07.2023 15:45:35.660;;
856;262,120;-2919,769;-329,584;0,000;0,000;0,000;0,000;RRR 1.5in;24,5;1015;46;'26.07.2023 15:45:35.670;;
857;261,631;-2919,720;-329,569;0,000;0,000;0,000;0,000;RRR 1.5in;24,5;1015;46;'26.07.2023 15:45:35.680;;
858;261,138;-2919,681;-329,558;0,000;0,000;0,000;0,000;RRR 1.5in;24,5;1015;46;'26.07.2023 15:45:35.690;;
859;260,637;-2919,666;-329,556;0,000;0,000;0,000;0,000;RRR 1.5in;24,5;1015;46;'26.07.2023 15:45:35.700;;
860;260,136;-2919,653;-329,549;0,000;0,000;0,000;0,000;RRR 1.5in;24,5;1015;46;'26.07.2023 15:45:35.710;;
861;259,628;-2919,642;-329,545;0,000;0,000;0,000;0,000;RRR 1.5in;24,5;1015;46;'26.07.2023 15:45:35.720;;
862;259,125;-2919,636;-329,549;0,000;0,000;0,000;0,000;RRR 1.5in;24,5;1015;46;'26.07.2023 15:45:35.730;;
863;258,638;-2919,627;-329,555;0,000;0,000;0,000;0,000;RRR 1.5in;24,5;1015;46;'26.07.2023 15:45:35.740;;
864;258,150;-2919,604;-329,563;0,000;0,000;0,000;0,000;RRR 1.5in;24,5;1015;46;'26.07.2023 15:45:35.750;;
865;257,654;-2919,570;-329,569;0,000;0,000;0,000;0,000;RRR 1.5in;24,5;1015;46;'26.07.2023 15:45:35.760;;
866;257,151;-2919,526;-329,573;0,000;0,000;0,000;0,000;RRR 1.5in;24,5;1015;46;'26.07.2023 15:45:35.770;;
867;256,649;-2919,479;-329,574;0,000;0,000;0,000;0,000;RRR 1.5in;24,5;1015;46;'26.07.2023 15:45:35.780;;
868;256,163;-2919,430;-329,574;0,000;0,000;0,000;0,000;RRR 1.5in;24,5;1015;46;'26.07.2023 15:45:35.790;;
869;255,667;-2919,384;-329,566;0,000;0,000;0,000;0,000;RRR 1.5in;24,5;1015;46;'26.07.2023 15:45:35.800;;
870;255,167;-2919,356;-329,554;0,000;0,000;0,000;0,000;RRR 1.5in;24,5;1015;46;'26.07.2023 15:45:35.810;;
871;254,670;-2919,340;-329,543;0,000;0,000;0,000;0,000;RRR 1.5in;24,5;1015;46;'26.07.2023 15:45:35.820;;
872;254,167;-2919,331;-329,539;0,000;0,000;0,000;0,000;RRR 1.5in;24,5;1015;46;'26.07.2023 15:45:35.830;;
873;253,665;-2919,315;-329,534;0,000;0,000;0,000;0,000;RRR 1.5in;24,5;1015;46;'26.07.2023 15:45:35.840;;
874;253,158;-2919,290;-329,533;0,000;0,000;0,000;0,000;RRR 1.5in;24,5;1015;46;'26.07.2023 15:45:35.850;;
875;252,647;-2919,259;-329,540;0,000;0,000;0,000;0,000;RRR 1.5in;24,5;1015;46;'26.07.2023 15:45:35.860;;
876;252,146;-2919,215;-329,541;0,000;0,000;0,000;0,000;RRR 1.5in;24,5;1015;46;'26.07.2023 15:45:35.870;;
877;251,640;-2919,172;-329,544;0,000;0,000;0,000;0,000;RRR 1.5in;24,5;1015;46;'26.07.2023 15:45:35.880;;
878;251,138;-2919,138;-329,556;0,000;0,000;0,000;0,000;RRR 1.5in;24,5;1015;46;'26.07.2023 15:45:35.890;;
879;250,644;-2919,096;-329,559;0,000;0,000;0,000;0,000;RRR 1.5in;24,5;1015;46;'26.07.2023 15:45:35.900;;
880;250,164;-2919,052;-329,550;0,000;0,000;0,000;0,000;RRR 1.5in;24,5;1015;46;'26.07.2023 15:45:35.910;;
881;249,693;-2919,018;-329,543;0,000;0,000;0,000;0,000;RRR 1.5in;24,5;1015;46;'26.07.2023 15:45:35.920;;
882;249,203;-2918,996;-329,544;0,000;0,000;0,000;0,000;RRR 1.5in;24,5;1015;46;'26.07.2023 15:45:35.930;;
883;248,716;-2918,976;-329,538;0,000;0,000;0,000;0,000;RRR 1.5in;24,5;1015;46;'26.07.2023 15:45:35.940;;
884;248,219;-2918,959;-329,528;0,000;0,000;0,000;0,000;RRR 1.5in;24,5;1015;46;'26.07.2023 15:45:35.950;;
885;247,713;-2918,950;-329,527;0,000;0,000;0,000;0,000;RRR 1.5in;24,5;1015;46;'26.07.2023 15:45:35.960;;
886;247,217;-2918,931;-329,525;0,000;0,000;0,000;0,000;RRR 1.5in;24,5;1015;46;'26.07.2023 15:45:35.970;;
887;246,709;-2918,896;-329,520;0,000;0,000;0,000;0,000;RRR 1.5in;24,5;1015;46;'26.07.2023 15:45:35.980;;
888;246,202;-2918,871;-329,522;0,000;0,000;0,000;0,000;RRR 1.5in;24,5;1015;46;'26.07.2023 15:45:35.990;;
889;245,693;-2918,863;-329,531;0,000;0,000;0,000;0,000;RRR 1.5in;24,5;1015;46;'26.07.2023 15:45:36.000;;
890;245,187;-2918,861;-329,540;0,000;0,000;0,000;0,000;RRR 1.5in;24,5;1015;46;'26.07.2023 15:45:36.010;;
891;244,697;-2918,849;-329,539;0,000;0,000;0,000;0,000;RRR 1.5in;24,5;1015;46;'26.07.2023 15:45:36.020;;
892;244,202;-2918,813;-329,539;0,000;0,000;0,000;0,000;RRR 1.5in;24,5;1015;46;'26.07.2023 15:45:36.030;;
893;243,704;-2918,755;-329,536;0,000;0,000;0,000;0,000;RRR 1.5in;24,5;1015;46;'26.07.2023 15:45:36.040;;
894;243,215;-2918,685;-329,525;0,000;0,000;0,000;0,000;RRR 1.5in;24,5;1015;46;'26.07.2023 15:45:36.050;;
895;242,717;-2918,629;-329,519;0,000;0,000;0,000;0,000;RRR 1.5in;24,5;1015;46;'26.07.2023 15:45:36.060;;
896;242,210;-2918,596;-329,517;0,000;0,000;0,000;0,000;RRR 1.5in;24,5;1015;46;'26.07.2023 15:45:36.070;;
897;241,709;-2918,560;-329,511;0,000;0,000;0,000;0,000;RRR 1.5in;24,5;1015;46;'26.07.2023 15:45:36.080;;
898;241,211;-2918,526;-329,505;0,000;0,000;0,000;0,000;RRR 1.5in;24,5;1015;46;'26.07.2023 15:45:36.090;;
899;240,721;-2918,513;-329,508;0,000;0,000;0,000;0,000;RRR 1.5in;24,5;1015;46;'26.07.2023 15:45:36.100;;
900;240,206;-2918,509;-329,515;0,000;0,000;0,000;0,000;RRR 1.5in;24,5;1015;46;'26.07.2023 15:45:36.110;;
901;239,696;-2918,495;-329,515;0,000;0,000;0,000;0,000;RRR 1.5in;24,5;1015;46;'26.07.2023 15:45:36.120;;
902;239,192;-2918,469;-329,510;0,000;0,000;0,000;0,000;RRR 1.5in;24,5;1015;46;'26.07.2023 15:45:36.130;;
903;238,686;-2918,456;-329,519;0,000;0,000;0,000;0,000;RRR 1.5in;24,5;1015;46;'26.07.2023 15:45:36.140;;
904;238,194;-2918,431;-329,522;0,000;0,000;0,000;0,000;RRR 1.5in;24,5;1015;46;'26.07.2023 15:45:36.150;;
905;237,710;-2918,382;-329,516;0,000;0,000;0,000;0,000;RRR 1.5in;24,5;1015;46;'26.07.2023 15:45:36.160;;
906;237,222;-2918,338;-329,509;0,000;0,000;0,000;0,000;RRR 1.5in;24,5;1015;46;'26.07.2023 15:45:36.170;;
907;236,736;-2918,319;-329,512;0,000;0,000;0,000;0,000;RRR 1.5in;24,5;1015;46;'26.07.2023 15:45:36.180;;
908;236,245;-2918,302;-329,518;0,000;0,000;0,000;0,000;RRR 1.5in;24,5;1015;46;'26.07.2023 15:45:36.190;;
909;235,759;-2918,273;-329,515;0,000;0,000;0,000;0,000;RRR 1.5in;24,5;1015;46;'26.07.2023 15:45:36.200;;
910;235,261;-2918,237;-329,510;0,000;0,000;0,000;0,000;RRR 1.5in;24,5;1015;46;'26.07.2023 15:45:36.210;;
911;234,758;-2918,209;-329,509;0,000;0,000;0,000;0,000;RRR 1.5in;24,5;1015;46;'26.07.2023 15:45:36.220;;
912;234,256;-2918,186;-329,508;0,000;0,000;0,000;0,000;RRR 1.5in;24,5;1015;46;'26.07.2023 15:45:36.230;;
913;233,734;-2918,165;-329,515;0,000;0,000;0,000;0,000;RRR 1.5in;24,5;1015;46;'26.07.2023 15:45:36.240;;
914;233,213;-2918,141;-329,520;0,000;0,000;0,000;0,000;RRR 1.5in;24,5;1015;46;'26.07.2023 15:45:36.250;;
915;232,711;-2918,105;-329,515;0,000;0,000;0,000;0,000;RRR 1.5in;24,5;1015;46;'26.07.2023 15:45:36.260;;
916;232,212;-2918,072;-329,515;0,000;0,000;0,000;0,000;RRR 1.5in;24,5;1015;46;'26.07.2023 15:45:36.270;;
917;231,716;-2918,043;-329,514;0,000;0,000;0,000;0,000;RRR 1.5in;24,5;1015;46;'26.07.2023 15:45:36.280;;
918;231,230;-2918,008;-329,511;0,000;0,000;0,000;0,000;RRR 1.5in;24,5;1015;46;'26.07.2023 15:45:36.290;;
919;230,739;-2917,969;-329,504;0,000;0,000;0,000;0,000;RRR 1.5in;24,5;1015;46;'26.07.2023 15:45:36.300;;
920;230,255;-2917,936;-329,506;0,000;0,000;0,000;0,000;RRR 1.5in;24,5;1015;46;'26.07.2023 15:45:36.310;;
921;229,762;-2917,897;-329,508;0,000;0,000;0,000;0,000;RRR 1.5in;24,5;1015;46;'26.07.2023 15:45:36.320;;
922;229,264;-2917,848;-329,499;0,000;0,000;0,000;0,000;RRR 1.5in;24,5;1015;46;'26.07.2023 15:45:36.330;;
923;228,766;-2917,806;-329,494;0,000;0,000;0,000;0,000;RRR 1.5in;24,5;1015;46;'26.07.2023 15:45:36.340;;
924;228,256;-2917,791;-329,506;0,000;0,000;0,000;0,000;RRR 1.5in;24,5;1015;46;'26.07.2023 15:45:36.350;;
925;227,747;-2917,777;-329,511;0,000;0,000;0,000;0,000;RRR 1.5in;24,5;1015;46;'26.07.2023 15:45:36.360;;
926;227,242;-2917,755;-329,508;0,000;0,000;0,000;0,000;RRR 1.5in;24,5;1015;46;'26.07.2023 15:45:36.370;;
927;226,736;-2917,747;-329,504;0,000;0,000;0,000;0,000;RRR 1.5in;24,5;1015;46;'26.07.2023 15:45:36.380;;
928;226,246;-2917,740;-329,504;0,000;0,000;0,000;0,000;RRR 1.5in;24,5;1015;46;'26.07.2023 15:45:36.390;;
929;225,749;-2917,721;-329,497;0,000;0,000;0,000;0,000;RRR 1.5in;24,5;1015;46;'26.07.2023 15:45:36.400;;
930;225,253;-2917,701;-329,493;0,000;0,000;0,000;0,000;RRR 1.5in;24,5;1015;46;'26.07.2023 15:45:36.410;;
931;224,750;-2917,673;-329,491;0,000;0,000;0,000;0,000;RRR 1.5in;24,5;1015;46;'26.07.2023 15:45:36.420;;
932;224,250;-2917,630;-329,484;0,000;0,000;0,000;0,000;RRR 1.5in;24,5;1015;46;'26.07.2023 15:45:36.430;;
933;223,781;-2917,584;-329,473;0,000;0,000;0,000;0,000;RRR 1.5in;24,5;1015;46;'26.07.2023 15:45:36.440;;
934;223,292;-2917,549;-329,478;0,000;0,000;0,000;0,000;RRR 1.5in;24,5;1015;46;'26.07.2023 15:45:36.450;;
935;222,794;-2917,523;-329,490;0,000;0,000;0,000;0,000;RRR 1.5in;24,5;1015;46;'26.07.2023 15:45:36.460;;
936;222,300;-2917,485;-329,489;0,000;0,000;0,000;0,000;RRR 1.5in;24,5;1015;46;'26.07.2023 15:45:36.470;;
937;221,791;-2917,459;-329,490;0,000;0,000;0,000;0,000;RRR 1.5in;24,5;1015;46;'26.07.2023 15:45:36.480;;
938;221,287;-2917,449;-329,500;0,000;0,000;0,000;0,000;RRR 1.5in;24,5;1015;46;'26.07.2023 15:45:36.490;;
939;220,780;-2917,424;-329,505;0,000;0,000;0,000;0,000;RRR 1.5in;24,5;1015;46;'26.07.2023 15:45:36.500;;
940;220,272;-2917,380;-329,498;0,000;0,000;0,000;0,000;RRR 1.5in;24,5;1015;46;'26.07.2023 15:45:36.510;;
941;219,758;-2917,339;-329,490;0,000;0,000;0,000;0,000;RRR 1.5in;24,5;1015;46;'26.07.2023 15:45:36.520;;
942;219,249;-2917,314;-329,492;0,000;0,000;0,000;0,000;RRR 1.5in;24,5;1015;46;'26.07.2023 15:45:36.530;;
943;218,749;-2917,293;-329,490;0,000;0,000;0,000;0,000;RRR 1.5in;24,5;1015;46;'26.07.2023 15:45:36.540;;
944;218,262;-2917,262;-329,482;0,000;0,000;0,000;0,000;RRR 1.5in;24,5;1015;46;'26.07.2023 15:45:36.550;;
945;217,775;-2917,235;-329,485;0,000;0,000;0,000;0,000;RRR 1.5in;24,5;1015;46;'26.07.2023 15:45:36.560;;
946;217,285;-2917,212;-329,485;0,000;0,000;0,000;0,000;RRR 1.5in;24,5;1015;46;'26.07.2023 15:45:36.570;;
947;216,795;-2917,179;-329,480;0,000;0,000;0,000;0,000;RRR 1.5in;24,5;1015;46;'26.07.2023 15:45:36.580;;
948;216,293;-2917,150;-329,478;0,000;0,000;0,000;0,000;RRR 1.5in;24,5;1015;46;'26.07.2023 15:45:36.590;;
949;215,797;-2917,124;-329,479;0,000;0,000;0,000;0,000;RRR 1.5in;24,5;1015;46;'26.07.2023 15:45:36.600;;
950;215,292;-2917,093;-329,482;0,000;0,000;0,000;0,000;RRR 1.5in;24,5;1015;46;'26.07.2023 15:45:36.610;;
951;214,788;-2917,053;-329,479;0,000;0,000;0,000;0,000;RRR 1.5in;24,5;1015;46;'26.07.2023 15:45:36.620;;
952;214,292;-2917,015;-329,475;0,000;0,000;0,000;0,000;RRR 1.5in;24,5;1015;46;'26.07.2023 15:45:36.630;;
953;213,780;-2917,003;-329,484;0,000;0,000;0,000;0,000;RRR 1.5in;24,5;1015;46;'26.07.2023 15:45:36.640;;
954;213,291;-2916,999;-329,491;0,000;0,000;0,000;0,000;RRR 1.5in;24,5;1015;46;'26.07.2023 15:45:36.650;;
955;212,796;-2916,981;-329,492;0,000;0,000;0,000;0,000;RRR 1.5in;24,5;1015;46;'26.07.2023 15:45:36.660;;
956;212,287;-2916,948;-329,490;0,000;0,000;0,000;0,000;RRR 1.5in;24,5;1015;46;'26.07.2023 15:45:36.670;;
957;211,800;-2916,904;-329,481;0,000;0,000;0,000;0,000;RRR 1.5in;24,5;1015;46;'26.07.2023 15:45:36.680;;
958;211,305;-2916,860;-329,470;0,000;0,000;0,000;0,000;RRR 1.5in;24,5;1015;46;'26.07.2023 15:45:36.690;;
959;210,812;-2916,832;-329,464;0,000;0,000;0,000;0,000;RRR 1.5in;24,5;1015;46;'26.07.2023 15:45:36.700;;
960;210,312;-2916,800;-329,454;0,000;0,000;0,000;0,000;RRR 1.5in;24,5;1015;46;'26.07.2023 15:45:36.710;;
961;209,816;-2916,768;-329,449;0,000;0,000;0,000;0,000;RRR 1.5in;24,5;1015;46;'26.07.2023 15:45:36.720;;
962;209,325;-2916,741;-329,445;0,000;0,000;0,000;0,000;RRR 1.5in;24,5;1015;46;'26.07.2023 15:45:36.730;;
963;208,827;-2916,722;-329,448;0,000;0,000;0,000;0,000;RRR 1.5in;24,5;1015;46;'26.07.2023 15:45:36.740;;
964;208,325;-2916,704;-329,455;0,000;0,000;0,000;0,000;RRR 1.5in;24,5;1015;46;'26.07.2023 15:45:36.750;;
965;207,821;-2916,678;-329,456;0,000;0,000;0,000;0,000;RRR 1.5in;24,5;1015;46;'26.07.2023 15:45:36.760;;
966;207,309;-2916,658;-329,464;0,000;0,000;0,000;0,000;RRR 1.5in;24,5;1015;46;'26.07.2023 15:45:36.770;;
967;206,795;-2916,638;-329,473;0,000;0,000;0,000;0,000;RRR 1.5in;24,5;1015;46;'26.07.2023 15:45:36.780;;
968;206,290;-2916,597;-329,466;0,000;0,000;0,000;0,000;RRR 1.5in;24,5;1015;46;'26.07.2023 15:45:36.790;;
969;205,779;-2916,552;-329,460;0,000;0,000;0,000;0,000;RRR 1.5in;24,5;1015;46;'26.07.2023 15:45:36.800;;
970;205,277;-2916,522;-329,454;0,000;0,000;0,000;0,000;RRR 1.5in;24,5;1015;46;'26.07.2023 15:45:36.810;;
971;204,789;-2916,493;-329,447;0,000;0,000;0,000;0,000;RRR 1.5in;24,5;1015;46;'26.07.2023 15:45:36.820;;
972;204,302;-2916,472;-329,443;0,000;0,000;0,000;0,000;RRR 1.5in;24,5;1015;46;'26.07.2023 15:45:36.830;;
973;203,820;-2916,450;-329,439;0,000;0,000;0,000;0,000;RRR 1.5in;24,5;1015;46;'26.07.2023 15:45:36.840;;
974;203,332;-2916,424;-329,441;0,000;0,000;0,000;0,000;RRR 1.5in;24,5;1015;46;'26.07.2023 15:45:36.850;;
975;202,840;-2916,394;-329,436;0,000;0,000;0,000;0,000;RRR 1.5in;24,5;1015;46;'26.07.2023 15:45:36.860;;
976;202,352;-2916,367;-329,434;0,000;0,000;0,000;0,000;RRR 1.5in;24,5;1015;46;'26.07.2023 15:45:36.870;;
977;201,830;-2916,346;-329,447;0,000;0,000;0,000;0,000;RRR 1.5in;24,5;1015;46;'26.07.2023 15:45:36.880;;
978;201,316;-2916,313;-329,452;0,000;0,000;0,000;0,000;RRR 1.5in;24,5;1015;46;'26.07.2023 15:45:36.890;;
979;200,806;-2916,269;-329,449;0,000;0,000;0,000;0,000;RRR 1.5in;24,5;1015;46;'26.07.2023 15:45:36.900;;
980;200,292;-2916,242;-329,453;0,000;0,000;0,000;0,000;RRR 1.5in;24,5;1015;46;'26.07.2023 15:45:36.910;;
981;199,793;-2916,219;-329,457;0,000;0,000;0,000;0,000;RRR 1.5in;24,5;1015;46;'26.07.2023 15:45:36.920;;
982;199,293;-2916,189;-329,456;0,000;0,000;0,000;0,000;RRR 1.5in;24,5;1015;46;'26.07.2023 15:45:36.930;;
983;198,794;-2916,163;-329,453;0,000;0,000;0,000;0,000;RRR 1.5in;24,5;1015;46;'26.07.2023 15:45:36.940;;
984;198,300;-2916,137;-329,451;0,000;0,000;0,000;0,000;RRR 1.5in;24,5;1015;46;'26.07.2023 15:45:36.950;;
985;197,802;-2916,104;-329,449;0,000;0,000;0,000;0,000;RRR 1.5in;24,5;1015;46;'26.07.2023 15:45:36.960;;
986;197,312;-2916,062;-329,440;0,000;0,000;0,000;0,000;RRR 1.5in;24,5;1015;46;'26.07.2023 15:45:36.970;;
987;196,816;-2916,016;-329,430;0,000;0,000;0,000;0,000;RRR 1.5in;24,5;1015;46;'26.07.2023 15:45:36.980;;
988;196,305;-2915,983;-329,436;0,000;0,000;0,000;0,000;RRR 1.5in;24,5;1015;46;'26.07.2023 15:45:36.990;;
989;195,793;-2915,951;-329,439;0,000;0,000;0,000;0,000;RRR 1.5in;24,5;1015;46;'26.07.2023 15:45:37.000;;
990;195,282;-2915,917;-329,434;0,000;0,000;0,000;0,000;RRR 1.5in;24,5;1015;46;'26.07.2023 15:45:37.010;;
991;194,776;-2915,904;-329,436;0,000;0,000;0,000;0,000;RRR 1.5in;24,5;1015;46;'26.07.2023 15:45:37.020;;
992;194,280;-2915,901;-329,443;0,000;0,000;0,000;0,000;RRR 1.5in;24,5;1015;46;'26.07.2023 15:45:37.030;;
993;193,787;-2915,894;-329,452;0,000;0,000;0,000;0,000;RRR 1.5in;24,5;1015;46;'26.07.2023 15:45:37.040;;
994;193,282;-2915,871;-329,450;0,000;0,000;0,000;0,000;RRR 1.5in;24,5;1015;46;'26.07.2023 15:45:37.050;;
995;192,789;-2915,837;-329,445;0,000;0,000;0,000;0,000;RRR 1.5in;24,5;1015;46;'26.07.2023 15:45:37.060;;
996;192,297;-2915,806;-329,447;0,000;0,000;0,000;0,000;RRR 1.5in;24,5;1015;46;'26.07.2023 15:45:37.070;;
997;191,817;-2915,769;-329,446;0,000;0,000;0,000;0,000;RRR 1.5in;24,5;1015;46;'26.07.2023 15:45:37.080;;
998;191,332;-2915,720;-329,436;0,000;0,000;0,000;0,000;RRR 1.5in;24,5;1015;46;'26.07.2023 15:45:37.090;;
999;190,827;-2915,682;-329,436;0,000;0,000;0,000;0,000;RRR 1.5in;24,5;1015;46;'26.07.2023 15:45:37.100;;
1000;190,335;-2915,656;-329,436;0,000;0,000;0,000;0,000;RRR 1.5in;24,5;1015;46;'26.07.2023 15:45:37.110;;
1001;189,833;-2915,644;-329,440;0,000;0,000;0,000;0,000;RRR 1.5in;24,5;1015;46;'26.07.2023 15:45:37.120;;
1002;189,332;-2915,639;-329,445;0,000;0,000;0,000;0,000;RRR 1.5in;24,5;1015;46;'26.07.2023 15:45:37.130;;
1003;188,837;-2915,621;-329,449;0,000;0,000;0,000;0,000;RRR 1.5in;24,5;1015;46;'26.07.2023 15:45:37.140;;
1004;188,316;-2915,587;-329,451;0,000;0,000;0,000;0,000;RRR 1.5in;24,5;1015;46;'26.07.2023 15:45:37.150;;
1005;187,801;-2915,547;-329,447;0,000;0,000;0,000;0,000;RRR 1.5in;24,5;1015;46;'26.07.2023 15:45:37.160;;
1006;187,280;-2915,508;-329,446;0,000;0,000;0,000;0,000;RRR 1.5in;24,5;1015;46;'26.07.2023 15:45:37.170;;
1007;186,756;-2915,477;-329,452;0,000;0,000;0,000;0,000;RRR 1.5in;24,5;1015;46;'26.07.2023 15:45:37.180;;
1008;186,258;-2915,439;-329,444;0,000;0,000;0,000;0,000;RRR 1.5in;24,5;1015;46;'26.07.2023 15:45:37.190;;
1009;185,772;-2915,403;-329,439;0,000;0,000;0,000;0,000;RRR 1.5in;24,5;1015;46;'26.07.2023 15:45:37.200;;
1010;185,282;-2915,382;-329,447;0,000;0,000;0,000;0,000;RRR 1.5in;24,5;1015;46;'26.07.2023 15:45:37.210;;
1011;184,795;-2915,355;-329,446;0,000;0,000;0,000;0,000;RRR 1.5in;24,5;1015;46;'26.07.2023 15:45:37.220;;
1012;184,305;-2915,324;-329,445;0,000;0,000;0,000;0,000;RRR 1.5in;24,5;1015;46;'26.07.2023 15:45:37.230;;
1013;183,813;-2915,302;-329,448;0,000;0,000;0,000;0,000;RRR 1.5in;24,5;1015;46;'26.07.2023 15:45:37.240;;
1014;183,317;-2915,275;-329,453;0,000;0,000;0,000;0,000;RRR 1.5in;24,5;1015;46;'26.07.2023 15:45:37.250;;
1015;182,815;-2915,239;-329,453;0,000;0,000;0,000;0,000;RRR 1.5in;24,5;1015;46;'26.07.2023 15:45:37.260;;
1016;182,306;-2915,200;-329,445;0,000;0,000;0,000;0,000;RRR 1.5in;24,5;1015;46;'26.07.2023 15:45:37.270;;
1017;181,799;-2915,177;-329,444;0,000;0,000;0,000;0,000;RRR 1.5in;24,5;1015;46;'26.07.2023 15:45:37.280;;
1018;181,286;-2915,172;-329,452;0,000;0,000;0,000;0,000;RRR 1.5in;24,5;1015;46;'26.07.2023 15:45:37.290;;
1019;180,787;-2915,152;-329,445;0,000;0,000;0,000;0,000;RRR 1.5in;24,5;1015;46;'26.07.2023 15:45:37.300;;
1020;180,299;-2915,124;-329,438;0,000;0,000;0,000;0,000;RRR 1.5in;24,5;1015;46;'26.07.2023 15:45:37.310;;
1021;179,797;-2915,112;-329,447;0,000;0,000;0,000;0,000;RRR 1.5in;24,5;1015;46;'26.07.2023 15:45:37.320;;
1022;179,315;-2915,089;-329,450;0,000;0,000;0,000;0,000;RRR 1.5in;24,5;1015;46;'26.07.2023 15:45:37.330;;
1023;178,825;-2915,047;-329,446;0,000;0,000;0,000;0,000;RRR 1.5in;24,5;1015;46;'26.07.2023 15:45:37.340;;
1024;178,331;-2915,013;-329,447;0,000;0,000;0,000;0,000;RRR 1.5in;24,5;1015;46;'26.07.2023 15:45:37.350;;
1025;177,838;-2914,984;-329,454;0,000;0,000;0,000;0,000;RRR 1.5in;24,5;1015;46;'26.07.2023 15:45:37.360;;
1026;177,334;-2914,951;-329,461;0,000;0,000;0,000;0,000;RRR 1.5in;24,5;1015;46;'26.07.2023 15:45:37.370;;
1027;176,830;-2914,908;-329,453;0,000;0,000;0,000;0,000;RRR 1.5in;24,5;1015;46;'26.07.2023 15:45:37.380;;
1028;176,317;-2914,874;-329,450;0,000;0,000;0,000;0,000;RRR 1.5in;24,5;1015;46;'26.07.2023 15:45:37.390;;
1029;175,797;-2914,863;-329,457;0,000;0,000;0,000;0,000;RRR 1.5in;24,5;1015;46;'26.07.2023 15:45:37.400;;
1030;175,302;-2914,844;-329,450;0,000;0,000;0,000;0,000;RRR 1.5in;24,5;1015;46;'26.07.2023 15:45:37.410;;
1031;174,808;-2914,824;-329,446;0,000;0,000;0,000;0,000;RRR 1.5in;24,5;1015;46;'26.07.2023 15:45:37.420;;
1032;174,309;-2914,810;-329,448;0,000;0,000;0,000;0,000;RRR 1.5in;24,5;1015;46;'26.07.2023 15:45:37.430;;
1033;173,821;-2914,785;-329,447;0,000;0,000;0,000;0,000;RRR 1.5in;24,5;1015;46;'26.07.2023 15:45:37.440;;
1034;173,326;-2914,748;-329,440;0,000;0,000;0,000;0,000;RRR 1.5in;24,5;1015;46;'26.07.2023 15:45:37.450;;
1035;172,840;-2914,709;-329,438;0,000;0,000;0,000;0,000;RRR 1.5in;24,5;1015;46;'26.07.2023 15:45:37.460;;
1036;172,345;-2914,667;-329,441;0,000;0,000;0,000;0,000;RRR 1.5in;24,5;1015;46;'26.07.2023 15:45:37.470;;
1037;171,838;-2914,624;-329,450;0,000;0,000;0,000;0,000;RRR 1.5in;24,5;1015;46;'26.07.2023 15:45:37.480;;
1038;171,329;-2914,573;-329,451;0,000;0,000;0,000;0,000;RRR 1.5in;24,5;1015;46;'26.07.2023 15:45:37.490;;
1039;170,824;-2914,537;-329,455;0,000;0,000;0,000;0,000;RRR 1.5in;24,5;1015;46;'26.07.2023 15:45:37.500;;
1040;170,324;-2914,532;-329,469;0,000;0,000;0,000;0,000;RRR 1.5in;24,5;1015;46;'26.07.2023 15:45:37.510;;
1041;169,835;-2914,534;-329,472;0,000;0,000;0,000;0,000;RRR 1.5in;24,5;1015;46;'26.07.2023 15:45:37.520;;
1042;169,341;-2914,524;-329,469;0,000;0,000;0,000;0,000;RRR 1.5in;24,5;1015;46;'26.07.2023 15:45:37.530;;
1043;168,832;-2914,507;-329,467;0,000;0,000;0,000;0,000;RRR 1.5in;24,5;1015;46;'26.07.2023 15:45:37.540;;
1044;168,331;-2914,476;-329,459;0,000;0,000;0,000;0,000;RRR 1.5in;24,5;1015;46;'26.07.2023 15:45:37.550;;
1045;167,829;-2914,440;-329,452;0,000;0,000;0,000;0,000;RRR 1.5in;24,5;1015;46;'26.07.2023 15:45:37.560;;
1046;167,323;-2914,403;-329,445;0,000;0,000;0,000;0,000;RRR 1.5in;24,5;1015;46;'26.07.2023 15:45:37.570;;
1047;166,831;-2914,361;-329,441;0,000;0,000;0,000;0,000;RRR 1.5in;24,5;1015;46;'26.07.2023 15:45:37.580;;
1048;166,331;-2914,322;-329,443;0,000;0,000;0,000;0,000;RRR 1.5in;24,5;1015;46;'26.07.2023 15:45:37.590;;
1049;165,839;-2914,290;-329,446;0,000;0,000;0,000;0,000;RRR 1.5in;24,5;1015;46;'26.07.2023 15:45:37.600;;
1050;165,352;-2914,263;-329,451;0,000;0,000;0,000;0,000;RRR 1.5in;24,5;1015;46;'26.07.2023 15:45:37.610;;
1051;164,851;-2914,247;-329,466;0,000;0,000;0,000;0,000;RRR 1.5in;24,5;1015;46;'26.07.2023 15:45:37.620;;
1052;164,358;-2914,225;-329,467;0,000;0,000;0,000;0,000;RRR 1.5in;24,5;1015;46;'26.07.2023 15:45:37.630;;
1053;163,857;-2914,201;-329,465;0,000;0,000;0,000;0,000;RRR 1.5in;24,5;1015;46;'26.07.2023 15:45:37.640;;
1054;163,344;-2914,185;-329,469;0,000;0,000;0,000;0,000;RRR 1.5in;24,5;1015;46;'26.07.2023 15:45:37.650;;
1055;162,839;-2914,156;-329,463;0,000;0,000;0,000;0,000;RRR 1.5in;24,5;1015;46;'26.07.2023 15:45:37.660;;
1056;162,332;-2914,123;-329,452;0,000;0,000;0,000;0,000;RRR 1.5in;24,5;1015;46;'26.07.2023 15:45:37.670;;
1057;161,829;-2914,093;-329,443;0,000;0,000;0,000;0,000;RRR 1.5in;24,5;1015;46;'26.07.2023 15:45:37.680;;
1058;161,327;-2914,058;-329,437;0,000;0,000;0,000;0,000;RRR 1.5in;24,5;1015;46;'26.07.2023 15:45:37.690;;
1059;160,825;-2914,023;-329,437;0,000;0,000;0,000;0,000;RRR 1.5in;24,5;1015;46;'26.07.2023 15:45:37.700;;
1060;160,337;-2913,992;-329,438;0,000;0,000;0,000;0,000;RRR 1.5in;24,5;1015;46;'26.07.2023 15:45:37.710;;
1061;159,853;-2913,967;-329,441;0,000;0,000;0,000;0,000;RRR 1.5in;24,5;1015;46;'26.07.2023 15:45:37.720;;
1062;159,359;-2913,949;-329,453;0,000;0,000;0,000;0,000;RRR 1.5in;24,5;1015;46;'26.07.2023 15:45:37.730;;
1063;158,861;-2913,916;-329,448;0,000;0,000;0,000;0,000;RRR 1.5in;24,5;1015;46;'26.07.2023 15:45:37.740;;
1064;158,366;-2913,881;-329,440;0,000;0,000;0,000;0,000;RRR 1.5in;24,5;1015;46;'26.07.2023 15:45:37.750;;
1065;157,851;-2913,862;-329,446;0,000;0,000;0,000;0,000;RRR 1.5in;24,5;1015;46;'26.07.2023 15:45:37.760;;
1066;157,333;-2913,831;-329,446;0,000;0,000;0,000;0,000;RRR 1.5in;24,5;1015;46;'26.07.2023 15:45:37.770;;
1067;156,821;-2913,782;-329,433;0,000;0,000;0,000;0,000;RRR 1.5in;24,5;1015;46;'26.07.2023 15:45:37.780;;
1068;156,310;-2913,744;-329,426;0,000;0,000;0,000;0,000;RRR 1.5in;24,5;1015;46;'26.07.2023 15:45:37.790;;
1069;155,823;-2913,732;-329,434;0,000;0,000;0,000;0,000;RRR 1.5in;24,5;1015;46;'26.07.2023 15:45:37.800;;
1070;155,334;-2913,725;-329,448;0,000;0,000;0,000;0,000;RRR 1.5in;24,5;1015;46;'26.07.2023 15:45:37.810;;
1071;154,838;-2913,694;-329,448;0,000;0,000;0,000;0,000;RRR 1.5in;24,5;1015;46;'26.07.2023 15:45:37.820;;
1072;154,360;-2913,652;-329,443;0,000;0,000;0,000;0,000;RRR 1.5in;24,5;1015;46;'26.07.2023 15:45:37.830;;
1073;153,870;-2913,633;-329,453;0,000;0,000;0,000;0,000;RRR 1.5in;24,5;1015;46;'26.07.2023 15:45:37.840;;
1074;153,380;-2913,618;-329,459;0,000;0,000;0,000;0,000;RRR 1.5in;24,5;1015;46;'26.07.2023 15:45:37.850;;
1075;152,894;-2913,587;-329,450;0,000;0,000;0,000;0,000;RRR 1.5in;24,5;1015;46;'26.07.2023 15:45:37.860;;
1076;152,382;-2913,555;-329,443;0,000;0,000;0,000;0,000;RRR 1.5in;24,5;1015;46;'26.07.2023 15:45:37.870;;
1077;151,871;-2913,527;-329,440;0,000;0,000;0,000;0,000;RRR 1.5in;24,5;1015;46;'26.07.2023 15:45:37.880;;
1078;151,364;-2913,497;-329,433;0,000;0,000;0,000;0,000;RRR 1.5in;24,5;1015;46;'26.07.2023 15:45:37.890;;
1079;150,855;-2913,476;-329,428;0,000;0,000;0,000;0,000;RRR 1.5in;24,5;1015;46;'26.07.2023 15:45:37.900;;
1080;150,358;-2913,458;-329,426;0,000;0,000;0,000;0,000;RRR 1.5in;24,5;1015;46;'26.07.2023 15:45:37.910;;
1081;149,861;-2913,449;-329,431;0,000;0,000;0,000;0,000;RRR 1.5in;24,5;1015;46;'26.07.2023 15:45:37.920;;
1082;149,365;-2913,434;-329,438;0,000;0,000;0,000;0,000;RRR 1.5in;24,5;1015;46;'26.07.2023 15:45:37.930;;
1083;148,872;-2913,401;-329,437;0,000;0,000;0,000;0,000;RRR 1.5in;24,5;1015;46;'26.07.2023 15:45:37.940;;
1084;148,374;-2913,366;-329,441;0,000;0,000;0,000;0,000;RRR 1.5in;24,5;1015;46;'26.07.2023 15:45:37.950;;
1085;147,872;-2913,327;-329,446;0,000;0,000;0,000;0,000;RRR 1.5in;24,5;1015;46;'26.07.2023 15:45:37.960;;
1086;147,377;-2913,271;-329,436;0,000;0,000;0,000;0,000;RRR 1.5in;24,5;1015;46;'26.07.2023 15:45:37.970;;
1087;146,869;-2913,216;-329,429;0,000;0,000;0,000;0,000;RRR 1.5in;24,5;1015;46;'26.07.2023 15:45:37.980;;
1088;146,351;-2913,173;-329,432;0,000;0,000;0,000;0,000;RRR 1.5in;24,5;1015;46;'26.07.2023 15:45:37.990;;
1089;145,849;-2913,143;-329,433;0,000;0,000;0,000;0,000;RRR 1.5in;24,5;1015;46;'26.07.2023 15:45:38.000;;
1090;145,353;-2913,131;-329,431;0,000;0,000;0,000;0,000;RRR 1.5in;24,5;1015;46;'26.07.2023 15:45:38.010;;
1091;144,862;-2913,134;-329,432;0,000;0,000;0,000;0,000;RRR 1.5in;24,5;1015;46;'26.07.2023 15:45:38.020;;
1092;144,380;-2913,135;-329,436;0,000;0,000;0,000;0,000;RRR 1.5in;24,5;1015;46;'26.07.2023 15:45:38.030;;
1093;143,875;-2913,115;-329,440;0,000;0,000;0,000;0,000;RRR 1.5in;24,5;1015;46;'26.07.2023 15:45:38.040;;
1094;143,373;-2913,074;-329,432;0,000;0,000;0,000;0,000;RRR 1.5in;24,5;1015;46;'26.07.2023 15:45:38.050;;
1095;142,873;-2913,028;-329,427;0,000;0,000;0,000;0,000;RRR 1.5in;24,5;1015;46;'26.07.2023 15:45:38.060;;
1096;142,359;-2912,994;-329,434;0,000;0,000;0,000;0,000;RRR 1.5in;24,5;1015;46;'26.07.2023 15:45:38.070;;
1097;141,861;-2912,955;-329,430;0,000;0,000;0,000;0,000;RRR 1.5in;24,5;1015;46;'26.07.2023 15:45:38.080;;
1098;141,368;-2912,921;-329,427;0,000;0,000;0,000;0,000;RRR 1.5in;24,5;1015;46;'26.07.2023 15:45:38.090;;
1099;140,856;-2912,902;-329,438;0,000;0,000;0,000;0,000;RRR 1.5in;24,5;1015;46;'26.07.2023 15:45:38.100;;
1100;140,361;-2912,887;-329,447;0,000;0,000;0,000;0,000;RRR 1.5in;24,5;1015;46;'26.07.2023 15:45:38.110;;
1101;139,860;-2912,873;-329,455;0,000;0,000;0,000;0,000;RRR 1.5in;24,5;1015;46;'26.07.2023 15:45:38.120;;
1102;139,357;-2912,857;-329,462;0,000;0,000;0,000;0,000;RRR 1.5in;24,5;1015;46;'26.07.2023 15:45:38.130;;
1103;138,864;-2912,836;-329,467;0,000;0,000;0,000;0,000;RRR 1.5in;24,5;1015;46;'26.07.2023 15:45:38.140;;
1104;138,359;-2912,812;-329,473;0,000;0,000;0,000;0,000;RRR 1.5in;24,5;1015;46;'26.07.2023 15:45:38.150;;
1105;137,856;-2912,778;-329,470;0,000;0,000;0,000;0,000;RRR 1.5in;24,5;1015;46;'26.07.2023 15:45:38.160;;
1106;137,355;-2912,731;-329,460;0,000;0,000;0,000;0,000;RRR 1.5in;24,5;1015;46;'26.07.2023 15:45:38.170;;
1107;136,856;-2912,691;-329,458;0,000;0,000;0,000;0,000;RRR 1.5in;24,5;1015;46;'26.07.2023 15:45:38.180;;
1108;136,366;-2912,646;-329,450;0,000;0,000;0,000;0,000;RRR 1.5in;24,5;1015;46;'26.07.2023 15:45:38.190;;
1109;135,877;-2912,602;-329,438;0,000;0,000;0,000;0,000;RRR 1.5in;24,5;1015;46;'26.07.2023 15:45:38.200;;
1110;135,379;-2912,573;-329,442;0,000;0,000;0,000;0,000;RRR 1.5in;24,5;1015;46;'26.07.2023 15:45:38.210;;
1111;134,881;-2912,550;-329,449;0,000;0,000;0,000;0,000;RRR 1.5in;24,5;1015;46;'26.07.2023 15:45:38.220;;
1112;134,379;-2912,527;-329,455;0,000;0,000;0,000;0,000;RRR 1.5in;24,5;1015;46;'26.07.2023 15:45:38.230;;
1113;133,873;-2912,508;-329,464;0,000;0,000;0,000;0,000;RRR 1.5in;24,5;1015;46;'26.07.2023 15:45:38.240;;
1114;133,370;-2912,485;-329,472;0,000;0,000;0,000;0,000;RRR 1.5in;24,5;1015;46;'26.07.2023 15:45:38.250;;
1115;132,866;-2912,459;-329,481;0,000;0,000;0,000;0,000;RRR 1.5in;24,5;1015;46;'26.07.2023 15:45:38.260;;
1116;132,349;-2912,426;-329,486;0,000;0,000;0,000;0,000;RRR 1.5in;24,5;1015;46;'26.07.2023 15:45:38.270;;
1117;131,841;-2912,382;-329,479;0,000;0,000;0,000;0,000;RRR 1.5in;24,5;1015;46;'26.07.2023 15:45:38.280;;
1118;131,335;-2912,348;-329,477;0,000;0,000;0,000;0,000;RRR 1.5in;24,5;1015;46;'26.07.2023 15:45:38.290;;
1119;130,827;-2912,325;-329,480;0,000;0,000;0,000;0,000;RRR 1.5in;24,5;1015;46;'26.07.2023 15:45:38.300;;
1120;130,344;-2912,298;-329,469;0,000;0,000;0,000;0,000;RRR 1.5in;24,5;1015;46;'26.07.2023 15:45:38.310;;
1121;129,857;-2912,274;-329,462;0,000;0,000;0,000;0,000;RRR 1.5in;24,5;1015;46;'26.07.2023 15:45:38.320;;
1122;129,359;-2912,264;-329,474;0,000;0,000;0,000;0,000;RRR 1.5in;24,5;1015;46;'26.07.2023 15:45:38.330;;
1123;128,868;-2912,245;-329,479;0,000;0,000;0,000;0,000;RRR 1.5in;24,5;1015;46;'26.07.2023 15:45:38.340;;
1124;128,367;-2912,216;-329,477;0,000;0,000;0,000;0,000;RRR 1.5in;24,5;1015;46;'26.07.2023 15:45:38.350;;
1125;127,866;-2912,188;-329,481;0,000;0,000;0,000;0,000;RRR 1.5in;24,5;1015;46;'26.07.2023 15:45:38.360;;
1126;127,362;-2912,160;-329,487;0,000;0,000;0,000;0,000;RRR 1.5in;24,5;1015;46;'26.07.2023 15:45:38.370;;
1127;126,850;-2912,119;-329,490;0,000;0,000;0,000;0,000;RRR 1.5in;24,5;1015;46;'26.07.2023 15:45:38.380;;
1128;126,341;-2912,070;-329,488;0,000;0,000;0,000;0,000;RRR 1.5in;24,5;1015;46;'26.07.2023 15:45:38.390;;
1129;125,838;-2912,023;-329,483;0,000;0,000;0,000;0,000;RRR 1.5in;24,5;1015;46;'26.07.2023 15:45:38.400;;
1130;125,335;-2911,990;-329,487;0,000;0,000;0,000;0,000;RRR 1.5in;24,5;1015;46;'26.07.2023 15:45:38.410;;
1131;124,843;-2911,962;-329,485;0,000;0,000;0,000;0,000;RRR 1.5in;24,5;1015;46;'26.07.2023 15:45:38.420;;
1132;124,355;-2911,945;-329,481;0,000;0,000;0,000;0,000;RRR 1.5in;24,5;1015;46;'26.07.2023 15:45:38.430;;
1133;123,860;-2911,938;-329,485;0,000;0,000;0,000;0,000;RRR 1.5in;24,5;1015;46;'26.07.2023 15:45:38.440;;
1134;123,363;-2911,925;-329,490;0,000;0,000;0,000;0,000;RRR 1.5in;24,5;1015;46;'26.07.2023 15:45:38.450;;
1135;122,858;-2911,892;-329,487;0,000;0,000;0,000;0,000;RRR 1.5in;24,5;1015;46;'26.07.2023 15:45:38.460;;
1136;122,352;-2911,850;-329,483;0,000;0,000;0,000;0,000;RRR 1.5in;24,5;1015;46;'26.07.2023 15:45:38.470;;
1137;121,847;-2911,809;-329,479;0,000;0,000;0,000;0,000;RRR 1.5in;24,5;1015;46;'26.07.2023 15:45:38.480;;
1138;121,350;-2911,782;-329,481;0,000;0,000;0,000;0,000;RRR 1.5in;24,5;1015;46;'26.07.2023 15:45:38.490;;
1139;120,828;-2911,754;-329,485;0,000;0,000;0,000;0,000;RRR 1.5in;24,5;1015;46;'26.07.2023 15:45:38.500;;
1140;120,323;-2911,715;-329,477;0,000;0,000;0,000;0,000;RRR 1.5in;24,5;1015;46;'26.07.2023 15:45:38.510;;
1141;119,833;-2911,686;-329,473;0,000;0,000;0,000;0,000;RRR 1.5in;24,5;1015;46;'26.07.2023 15:45:38.520;;
1142;119,338;-2911,679;-329,483;0,000;0,000;0,000;0,000;RRR 1.5in;24,5;1015;46;'26.07.2023 15:45:38.530;;
1143;118,853;-2911,667;-329,483;0,000;0,000;0,000;0,000;RRR 1.5in;24,5;1015;46;'26.07.2023 15:45:38.540;;
1144;118,370;-2911,639;-329,482;0,000;0,000;0,000;0,000;RRR 1.5in;24,5;1015;46;'26.07.2023 15:45:38.550;;
1145;117,870;-2911,612;-329,485;0,000;0,000;0,000;0,000;RRR 1.5in;24,5;1015;46;'26.07.2023 15:45:38.560;;
1146;117,375;-2911,580;-329,488;0,000;0,000;0,000;0,000;RRR 1.5in;24,5;1015;46;'26.07.2023 15:45:38.570;;
1147;116,873;-2911,535;-329,485;0,000;0,000;0,000;0,000;RRR 1.5in;24,5;1015;46;'26.07.2023 15:45:38.580;;
1148;116,367;-2911,481;-329,477;0,000;0,000;0,000;0,000;RRR 1.5in;24,5;1015;46;'26.07.2023 15:45:38.590;;
1149;115,869;-2911,438;-329,472;0,000;0,000;0,000;0,000;RRR 1.5in;24,5;1015;46;'26.07.2023 15:45:38.600;;
1150;115,365;-2911,411;-329,475;0,000;0,000;0,000;0,000;RRR 1.5in;24,5;1015;46;'26.07.2023 15:45:38.610;;
1151;114,865;-2911,385;-329,473;0,000;0,000;0,000;0,000;RRR 1.5in;24,5;1015;46;'26.07.2023 15:45:38.620;;
1152;114,373;-2911,358;-329,467;0,000;0,000;0,000;0,000;RRR 1.5in;24,5;1015;46;'26.07.2023 15:45:38.630;;
1153;113,876;-2911,351;-329,474;0,000;0,000;0,000;0,000;RRR 1.5in;24,5;1015;46;'26.07.2023 15:45:38.640;;
1154;113,381;-2911,343;-329,479;0,000;0,000;0,000;0,000;RRR 1.5in;24,5;1015;46;'26.07.2023 15:45:38.650;;
1155;112,883;-2911,314;-329,472;0,000;0,000;0,000;0,000;RRR 1.5in;24,5;1015;46;'26.07.2023 15:45:38.660;;
1156;112,377;-2911,282;-329,467;0,000;0,000;0,000;0,000;RRR 1.5in;24,5;1015;46;'26.07.2023 15:45:38.670;;
1157;111,867;-2911,255;-329,470;0,000;0,000;0,000;0,000;RRR 1.5in;24,5;1015;46;'26.07.2023 15:45:38.680;;
1158;111,359;-2911,225;-329,470;0,000;0,000;0,000;0,000;RRR 1.5in;24,5;1015;46;'26.07.2023 15:45:38.690;;
1159;110,858;-2911,189;-329,464;0,000;0,000;0,000;0,000;RRR 1.5in;24,5;1015;46;'26.07.2023 15:45:38.700;;
1160;110,358;-2911,153;-329,457;0,000;0,000;0,000;0,000;RRR 1.5in;24,5;1015;46;'26.07.2023 15:45:38.710;;
1161;109,867;-2911,135;-329,460;0,000;0,000;0,000;0,000;RRR 1.5in;24,5;1015;46;'26.07.2023 15:45:38.720;;
1162;109,370;-2911,120;-329,472;0,000;0,000;0,000;0,000;RRR 1.5in;24,5;1015;46;'26.07.2023 15:45:38.730;;
1163;108,880;-2911,083;-329,472;0,000;0,000;0,000;0,000;RRR 1.5in;24,5;1015;46;'26.07.2023 15:45:38.740;;
1164;108,400;-2911,040;-329,466;0,000;0,000;0,000;0,000;RRR 1.5in;24,5;1015;46;'26.07.2023 15:45:38.750;;
1165;107,906;-2911,021;-329,475;0,000;0,000;0,000;0,000;RRR 1.5in;24,5;1015;46;'26.07.2023 15:45:38.760;;
1166;107,412;-2911,005;-329,480;0,000;0,000;0,000;0,000;RRR 1.5in;24,5;1015;46;'26.07.2023 15:45:38.770;;
1167;106,919;-2910,970;-329,471;0,000;0,000;0,000;0,000;RRR 1.5in;24,5;1015;46;'26.07.2023 15:45:38.780;;
1168;106,405;-2910,934;-329,465;0,000;0,000;0,000;0,000;RRR 1.5in;24,5;1015;46;'26.07.2023 15:45:38.790;;
1169;105,890;-2910,909;-329,463;0,000;0,000;0,000;0,000;RRR 1.5in;24,5;1015;46;'26.07.2023 15:45:38.800;;
1170;105,376;-2910,882;-329,461;0,000;0,000;0,000;0,000;RRR 1.5in;24,5;1015;46;'26.07.2023 15:45:38.810;;
1171;104,862;-2910,847;-329,453;0,000;0,000;0,000;0,000;RRR 1.5in;24,5;1015;46;'26.07.2023 15:45:38.820;;
1172;104,375;-2910,815;-329,442;0,000;0,000;0,000;0,000;RRR 1.5in;24,5;1015;46;'26.07.2023 15:45:38.830;;
1173;103,882;-2910,804;-329,447;0,000;0,000;0,000;0,000;RRR 1.5in;24,5;1015;46;'26.07.2023 15:45:38.840;;
1174;103,375;-2910,797;-329,462;0,000;0,000;0,000;0,000;RRR 1.5in;24,5;1015;46;'26.07.2023 15:45:38.850;;
1175;102,882;-2910,758;-329,462;0,000;0,000;0,000;0,000;RRR 1.5in;24,5;1015;46;'26.07.2023 15:45:38.860;;
1176;102,383;-2910,713;-329,461;0,000;0,000;0,000;0,000;RRR 1.5in;24,5;1015;46;'26.07.2023 15:45:38.870;;
1177;101,880;-2910,684;-329,472;0,000;0,000;0,000;0,000;RRR 1.5in;24,5;1015;46;'26.07.2023 15:45:38.880;;
1178;101,389;-2910,653;-329,477;0,000;0,000;0,000;0,000;RRR 1.5in;24,5;1015;46;'26.07.2023 15:45:38.890;;
1179;100,891;-2910,613;-329,471;0,000;0,000;0,000;0,000;RRR 1.5in;24,5;1015;46;'26.07.2023 15:45:38.900;;
1180;100,389;-2910,580;-329,464;0,000;0,000;0,000;0,000;RRR 1.5in;24,5;1015;46;'26.07.2023 15:45:38.910;;
1181;99,887;-2910,549;-329,461;0,000;0,000;0,000;0,000;RRR 1.5in;24,5;1015;46;'26.07.2023 15:45:38.920;;
1182;99,390;-2910,518;-329,454;0,000;0,000;0,000;0,000;RRR 1.5in;24,5;1015;46;'26.07.2023 15:45:38.930;;
1183;98,900;-2910,483;-329,444;0,000;0,000;0,000;0,000;RRR 1.5in;24,5;1015;46;'26.07.2023 15:45:38.940;;
1184;98,415;-2910,464;-329,438;0,000;0,000;0,000;0,000;RRR 1.5in;24,5;1015;46;'26.07.2023 15:45:38.950;;
1185;97,923;-2910,465;-329,448;0,000;0,000;0,000;0,000;RRR 1.5in;24,5;1015;46;'26.07.2023 15:45:38.960;;
1186;97,410;-2910,450;-329,452;0,000;0,000;0,000;0,000;RRR 1.5in;24,5;1015;46;'26.07.2023 15:45:38.970;;
1187;96,911;-2910,407;-329,446;0,000;0,000;0,000;0,000;RRR 1.5in;24,5;1015;46;'26.07.2023 15:45:38.980;;
1188;96,408;-2910,369;-329,447;0,000;0,000;0,000;0,000;RRR 1.5in;24,5;1015;46;'26.07.2023 15:45:38.990;;
1189;95,901;-2910,340;-329,459;0,000;0,000;0,000;0,000;RRR 1.5in;24,5;1015;46;'26.07.2023 15:45:39.000;;
1190;95,401;-2910,298;-329,460;0,000;0,000;0,000;0,000;RRR 1.5in;24,5;1015;46;'26.07.2023 15:45:39.010;;
1191;94,897;-2910,251;-329,457;0,000;0,000;0,000;0,000;RRR 1.5in;24,5;1015;46;'26.07.2023 15:45:39.020;;
1192;94,381;-2910,223;-329,461;0,000;0,000;0,000;0,000;RRR 1.5in;24,5;1015;46;'26.07.2023 15:45:39.030;;
1193;93,888;-2910,202;-329,464;0,000;0,000;0,000;0,000;RRR 1.5in;24,5;1015;46;'26.07.2023 15:45:39.040;;
1194;93,400;-2910,174;-329,462;0,000;0,000;0,000;0,000;RRR 1.5in;24,5;1015;46;'26.07.2023 15:45:39.050;;
1195;92,911;-2910,145;-329,451;0,000;0,000;0,000;0,000;RRR 1.5in;24,5;1015;46;'26.07.2023 15:45:39.060;;
1196;92,428;-2910,133;-329,447;0,000;0,000;0,000;0,000;RRR 1.5in;24,5;1015;46;'26.07.2023 15:45:39.070;;
1197;91,921;-2910,129;-329,455;0,000;0,000;0,000;0,000;RRR 1.5in;24,5;1015;46;'26.07.2023 15:45:39.080;;
1198;91,412;-2910,109;-329,458;0,000;0,000;0,000;0,000;RRR 1.5in;24,5;1015;46;'26.07.2023 15:45:39.090;;
1199;90,910;-2910,065;-329,452;0,000;0,000;0,000;0,000;RRR 1.5in;24,5;1015;46;'26.07.2023 15:45:39.100;;
1200;90,404;-2910,027;-329,456;0,000;0,000;0,000;0,000;RRR 1.5in;24,5;1015;46;'26.07.2023 15:45:39.110;;
1201;89,899;-2909,990;-329,464;0,000;0,000;0,000;0,000;RRR 1.5in;24,5;1015;46;'26.07.2023 15:45:39.120;;
1202;89,408;-2909,942;-329,464;0,000;0,000;0,000;0,000;RRR 1.5in;24,5;1015;46;'26.07.2023 15:45:39.130;;
1203;88,906;-2909,901;-329,460;0,000;0,000;0,000;0,000;RRR 1.5in;24,5;1015;46;'26.07.2023 15:45:39.140;;
1204;88,404;-2909,879;-329,465;0,000;0,000;0,000;0,000;RRR 1.5in;24,5;1015;46;'26.07.2023 15:45:39.150;;
1205;87,906;-2909,863;-329,470;0,000;0,000;0,000;0,000;RRR 1.5in;24,5;1015;46;'26.07.2023 15:45:39.160;;
1206;87,411;-2909,839;-329,467;0,000;0,000;0,000;0,000;RRR 1.5in;24,5;1015;46;'26.07.2023 15:45:39.170;;
1207;86,921;-2909,809;-329,456;0,000;0,000;0,000;0,000;RRR 1.5in;24,5;1015;46;'26.07.2023 15:45:39.180;;
1208;86,433;-2909,794;-329,451;0,000;0,000;0,000;0,000;RRR 1.5in;24,5;1015;46;'26.07.2023 15:45:39.190;;
1209;85,926;-2909,791;-329,466;0,000;0,000;0,000;0,000;RRR 1.5in;24,5;1015;46;'26.07.2023 15:45:39.200;;
1210;85,405;-2909,757;-329,472;0,000;0,000;0,000;0,000;RRR 1.5in;24,5;1015;46;'26.07.2023 15:45:39.210;;
1211;84,897;-2909,696;-329,464;0,000;0,000;0,000;0,000;RRR 1.5in;24,5;1015;46;'26.07.2023 15:45:39.220;;
1212;84,387;-2909,652;-329,469;0,000;0,000;0,000;0,000;RRR 1.5in;24,5;1015;46;'26.07.2023 15:45:39.230;;
1213;83,884;-2909,630;-329,484;0,000;0,000;0,000;0,000;RRR 1.5in;24,5;1015;46;'26.07.2023 15:45:39.240;;
1214;83,396;-2909,601;-329,485;0,000;0,000;0,000;0,000;RRR 1.5in;24,5;1015;46;'26.07.2023 15:45:39.250;;
1215;82,902;-2909,570;-329,483;0,000;0,000;0,000;0,000;RRR 1.5in;24,5;1015;46;'26.07.2023 15:45:39.260;;
1216;82,400;-2909,549;-329,484;0,000;0,000;0,000;0,000;RRR 1.5in;24,5;1015;46;'26.07.2023 15:45:39.270;;
1217;81,911;-2909,534;-329,487;0,000;0,000;0,000;0,000;RRR 1.5in;24,5;1015;46;'26.07.2023 15:45:39.280;;
1218;81,417;-2909,503;-329,480;0,000;0,000;0,000;0,000;RRR 1.5in;24,5;1015;46;'26.07.2023 15:45:39.290;;
1219;80,929;-2909,464;-329,465;0,000;0,000;0,000;0,000;RRR 1.5in;24,5;1015;46;'26.07.2023 15:45:39.300;;
1220;80,449;-2909,441;-329,458;0,000;0,000;0,000;0,000;RRR 1.5in;24,5;1015;46;'26.07.2023 15:45:39.310;;
1221;79,942;-2909,433;-329,469;0,000;0,000;0,000;0,000;RRR 1.5in;24,5;1015;46;'26.07.2023 15:45:39.320;;
1222;79,435;-2909,405;-329,477;0,000;0,000;0,000;0,000;RRR 1.5in;24,5;1015;46;'26.07.2023 15:45:39.330;;
1223;78,932;-2909,353;-329,475;0,000;0,000;0,000;0,000;RRR 1.5in;24,5;1015;46;'26.07.2023 15:45:39.340;;
1224;78,425;-2909,313;-329,485;0,000;0,000;0,000;0,000;RRR 1.5in;24,5;1015;46;'26.07.2023 15:45:39.350;;
1225;77,924;-2909,288;-329,498;0,000;0,000;0,000;0,000;RRR 1.5in;24,5;1015;46;'26.07.2023 15:45:39.360;;
1226;77,426;-2909,261;-329,503;0,000;0,000;0,000;0,000;RRR 1.5in;24,5;1015;46;'26.07.2023 15:45:39.370;;
1227;76,921;-2909,238;-329,502;0,000;0,000;0,000;0,000;RRR 1.5in;24,5;1015;46;'26.07.2023 15:45:39.380;;
1228;76,414;-2909,223;-329,502;0,000;0,000;0,000;0,000;RRR 1.5in;24,5;1015;46;'26.07.2023 15:45:39.390;;
1229;75,920;-2909,213;-329,501;0,000;0,000;0,000;0,000;RRR 1.5in;24,5;1015;46;'26.07.2023 15:45:39.400;;
1230;75,428;-2909,192;-329,491;0,000;0,000;0,000;0,000;RRR 1.5in;24,5;1015;46;'26.07.2023 15:45:39.410;;
1231;74,940;-2909,157;-329,472;0,000;0,000;0,000;0,000;RRR 1.5in;24,5;1015;46;'26.07.2023 15:45:39.420;;
1232;74,454;-2909,131;-329,459;0,000;0,000;0,000;0,000;RRR 1.5in;24,5;1015;46;'26.07.2023 15:45:39.430;;
1233;73,951;-2909,113;-329,469;0,000;0,000;0,000;0,000;RRR 1.5in;24,5;1015;46;'26.07.2023 15:45:39.440;;
1234;73,428;-2909,070;-329,474;0,000;0,000;0,000;0,000;RRR 1.5in;24,5;1015;46;'26.07.2023 15:45:39.450;;
1235;72,928;-2909,000;-329,465;0,000;0,000;0,000;0,000;RRR 1.5in;24,5;1015;46;'26.07.2023 15:45:39.460;;
1236;72,438;-2908,954;-329,468;0,000;0,000;0,000;0,000;RRR 1.5in;24,5;1015;46;'26.07.2023 15:45:39.470;;
1237;71,947;-2908,943;-329,488;0,000;0,000;0,000;0,000;RRR 1.5in;24,5;1015;46;'26.07.2023 15:45:39.480;;
1238;71,462;-2908,924;-329,493;0,000;0,000;0,000;0,000;RRR 1.5in;24,5;1015;46;'26.07.2023 15:45:39.490;;
1239;70,961;-2908,887;-329,487;0,000;0,000;0,000;0,000;RRR 1.5in;24,5;1015;46;'26.07.2023 15:45:39.500;;
1240;70,447;-2908,865;-329,484;0,000;0,000;0,000;0,000;RRR 1.5in;24,5;1015;46;'26.07.2023 15:45:39.510;;
1241;69,951;-2908,858;-329,488;0,000;0,000;0,000;0,000;RRR 1.5in;24,5;1015;46;'26.07.2023 15:45:39.520;;
1242;69,448;-2908,835;-329,486;0,000;0,000;0,000;0,000;RRR 1.5in;24,5;1015;46;'26.07.2023 15:45:39.530;;
1243;68,950;-2908,787;-329,466;0,000;0,000;0,000;0,000;RRR 1.5in;24,5;1015;46;'26.07.2023 15:45:39.540;;
1244;68,461;-2908,750;-329,453;0,000;0,000;0,000;0,000;RRR 1.5in;24,5;1015;46;'26.07.2023 15:45:39.550;;
1245;67,944;-2908,744;-329,468;0,000;0,000;0,000;0,000;RRR 1.5in;24,5;1015;46;'26.07.2023 15:45:39.560;;
1246;67,429;-2908,721;-329,476;0,000;0,000;0,000;0,000;RRR 1.5in;24,5;1015;46;'26.07.2023 15:45:39.570;;
1247;66,936;-2908,663;-329,468;0,000;0,000;0,000;0,000;RRR 1.5in;24,5;1015;46;'26.07.2023 15:45:39.580;;
1248;66,441;-2908,621;-329,469;0,000;0,000;0,000;0,000;RRR 1.5in;24,5;1015;46;'26.07.2023 15:45:39.590;;
1249;65,955;-2908,603;-329,483;0,000;0,000;0,000;0,000;RRR 1.5in;24,5;1015;46;'26.07.2023 15:45:39.600;;
1250;65,472;-2908,582;-329,488;0,000;0,000;0,000;0,000;RRR 1.5in;24,5;1015;46;'26.07.2023 15:45:39.610;;
1251;64,976;-2908,552;-329,479;0,000;0,000;0,000;0,000;RRR 1.5in;24,5;1015;46;'26.07.2023 15:45:39.620;;
1252;64,477;-2908,530;-329,473;0,000;0,000;0,000;0,000;RRR 1.5in;24,5;1015;46;'26.07.2023 15:45:39.630;;
1253;63,978;-2908,513;-329,472;0,000;0,000;0,000;0,000;RRR 1.5in;24,5;1015;46;'26.07.2023 15:45:39.640;;
1254;63,478;-2908,481;-329,469;0,000;0,000;0,000;0,000;RRR 1.5in;24,5;1015;46;'26.07.2023 15:45:39.650;;
1255;62,970;-2908,423;-329,457;0,000;0,000;0,000;0,000;RRR 1.5in;24,5;1015;46;'26.07.2023 15:45:39.660;;
1256;62,458;-2908,379;-329,447;0,000;0,000;0,000;0,000;RRR 1.5in;24,5;1015;46;'26.07.2023 15:45:39.670;;
1257;61,954;-2908,368;-329,463;0,000;0,000;0,000;0,000;RRR 1.5in;24,5;1015;46;'26.07.2023 15:45:39.680;;
1258;61,439;-2908,354;-329,479;0,000;0,000;0,000;0,000;RRR 1.5in;24,5;1015;46;'26.07.2023 15:45:39.690;;
1259;60,942;-2908,311;-329,479;0,000;0,000;0,000;0,000;RRR 1.5in;24,5;1015;46;'26.07.2023 15:45:39.700;;
1260;60,452;-2908,260;-329,474;0,000;0,000;0,000;0,000;RRR 1.5in;24,5;1015;46;'26.07.2023 15:45:39.710;;
1261;59,960;-2908,239;-329,485;0,000;0,000;0,000;0,000;RRR 1.5in;24,5;1015;46;'26.07.2023 15:45:39.720;;
1262;59,472;-2908,228;-329,494;0,000;0,000;0,000;0,000;RRR 1.5in;24,5;1015;46;'26.07.2023 15:45:39.730;;
1263;58,978;-2908,198;-329,484;0,000;0,000;0,000;0,000;RRR 1.5in;24,5;1015;46;'26.07.2023 15:45:39.740;;
1264;58,470;-2908,162;-329,471;0,000;0,000;0,000;0,000;RRR 1.5in;24,5;1015;46;'26.07.2023 15:45:39.750;;
1265;57,969;-2908,138;-329,468;0,000;0,000;0,000;0,000;RRR 1.5in;24,5;1015;46;'26.07.2023 15:45:39.760;;
1266;57,465;-2908,114;-329,470;0,000;0,000;0,000;0,000;RRR 1.5in;24,5;1015;46;'26.07.2023 15:45:39.770;;
1267;56,954;-2908,075;-329,458;0,000;0,000;0,000;0,000;RRR 1.5in;24,5;1015;46;'26.07.2023 15:45:39.780;;
1268;56,460;-2908,038;-329,447;0,000;0,000;0,000;0,000;RRR 1.5in;24,5;1015;46;'26.07.2023 15:45:39.790;;
1269;55,947;-2908,033;-329,459;0,000;0,000;0,000;0,000;RRR 1.5in;24,5;1015;46;'26.07.2023 15:45:39.800;;
1270;55,434;-2908,023;-329,479;0,000;0,000;0,000;0,000;RRR 1.5in;24,5;1015;46;'26.07.2023 15:45:39.810;;
1271;54,943;-2907,969;-329,479;0,000;0,000;0,000;0,000;RRR 1.5in;24,5;1015;46;'26.07.2023 15:45:39.820;;
1272;54,458;-2907,914;-329,477;0,000;0,000;0,000;0,000;RRR 1.5in;24,5;1015;46;'26.07.2023 15:45:39.830;;
1273;53,973;-2907,893;-329,489;0,000;0,000;0,000;0,000;RRR 1.5in;24,5;1015;46;'26.07.2023 15:45:39.840;;
1274;53,488;-2907,877;-329,494;0,000;0,000;0,000;0,000;RRR 1.5in;24,5;1015;46;'26.07.2023 15:45:39.850;;
1275;52,988;-2907,843;-329,484;0,000;0,000;0,000;0,000;RRR 1.5in;24,5;1015;46;'26.07.2023 15:45:39.860;;
1276;52,474;-2907,808;-329,471;0,000;0,000;0,000;0,000;RRR 1.5in;24,5;1015;46;'26.07.2023 15:45:39.870;;
1277;51,962;-2907,790;-329,475;0,000;0,000;0,000;0,000;RRR 1.5in;24,5;1015;46;'26.07.2023 15:45:39.880;;
1278;51,457;-2907,771;-329,480;0,000;0,000;0,000;0,000;RRR 1.5in;24,5;1015;46;'26.07.2023 15:45:39.890;;
1279;50,956;-2907,727;-329,471;0,000;0,000;0,000;0,000;RRR 1.5in;24,5;1015;46;'26.07.2023 15:45:39.900;;
1280;50,451;-2907,684;-329,462;0,000;0,000;0,000;0,000;RRR 1.5in;24,5;1015;46;'26.07.2023 15:45:39.910;;
1281;49,948;-2907,667;-329,471;0,000;0,000;0,000;0,000;RRR 1.5in;24,5;1015;46;'26.07.2023 15:45:39.920;;
1282;49,440;-2907,658;-329,494;0,000;0,000;0,000;0,000;RRR 1.5in;24,5;1015;46;'26.07.2023 15:45:39.930;;
1283;48,941;-2907,620;-329,500;0,000;0,000;0,000;0,000;RRR 1.5in;24,5;1015;46;'26.07.2023 15:45:39.940;;
1284;48,464;-2907,557;-329,489;0,000;0,000;0,000;0,000;RRR 1.5in;24,5;1015;46;'26.07.2023 15:45:39.950;;
1285;47,972;-2907,520;-329,490;0,000;0,000;0,000;0,000;RRR 1.5in;24,5;1015;46;'26.07.2023 15:45:39.960;;
1286;47,477;-2907,512;-329,501;0,000;0,000;0,000;0,000;RRR 1.5in;24,5;1015;46;'26.07.2023 15:45:39.970;;
1287;46,976;-2907,487;-329,496;0,000;0,000;0,000;0,000;RRR 1.5in;24,5;1015;46;'26.07.2023 15:45:39.980;;
1288;46,462;-2907,453;-329,488;0,000;0,000;0,000;0,000;RRR 1.5in;24,5;1015;46;'26.07.2023 15:45:39.990;;
1289;45,958;-2907,426;-329,488;0,000;0,000;0,000;0,000;RRR 1.5in;24,5;1015;46;'26.07.2023 15:45:40.000;;
1290;45,465;-2907,400;-329,496;0,000;0,000;0,000;0,000;RRR 1.5in;24,5;1015;46;'26.07.2023 15:45:40.010;;
1291;44,952;-2907,356;-329,496;0,000;0,000;0,000;0,000;RRR 1.5in;24,5;1015;46;'26.07.2023 15:45:40.020;;
1292;44,456;-2907,302;-329,488;0,000;0,000;0,000;0,000;RRR 1.5in;24,5;1015;46;'26.07.2023 15:45:40.030;;
1293;43,961;-2907,280;-329,491;0,000;0,000;0,000;0,000;RRR 1.5in;24,5;1015;46;'26.07.2023 15:45:40.040;;
1294;43,453;-2907,289;-329,515;0,000;0,000;0,000;0,000;RRR 1.5in;24,5;1015;46;'26.07.2023 15:45:40.050;;
1295;42,957;-2907,268;-329,521;0,000;0,000;0,000;0,000;RRR 1.5in;24,5;1015;46;'26.07.2023 15:45:40.060;;
1296;42,470;-2907,215;-329,505;0,000;0,000;0,000;0,000;RRR 1.5in;24,5;1015;46;'26.07.2023 15:45:40.070;;
1297;41,979;-2907,188;-329,499;0,000;0,000;0,000;0,000;RRR 1.5in;24,5;1015;46;'26.07.2023 15:45:40.080;;
1298;41,488;-2907,181;-329,508;0,000;0,000;0,000;0,000;RRR 1.5in;24,5;1015;46;'26.07.2023 15:45:40.090;;
1299;40,985;-2907,155;-329,503;0,000;0,000;0,000;0,000;RRR 1.5in;24,5;1015;46;'26.07.2023 15:45:40.100;;
1300;40,472;-2907,109;-329,492;0,000;0,000;0,000;0,000;RRR 1.5in;24,5;1015;46;'26.07.2023 15:45:40.110;;
1301;39,965;-2907,069;-329,487;0,000;0,000;0,000;0,000;RRR 1.5in;24,5;1015;46;'26.07.2023 15:45:40.120;;
1302;39,464;-2907,046;-329,495;0,000;0,000;0,000;0,000;RRR 1.5in;24,5;1015;46;'26.07.2023 15:45:40.130;;
1303;38,967;-2907,016;-329,503;0,000;0,000;0,000;0,000;RRR 1.5in;24,5;1015;46;'26.07.2023 15:45:40.140;;
1304;38,471;-2906,976;-329,503;0,000;0,000;0,000;0,000;RRR 1.5in;24,5;1015;46;'26.07.2023 15:45:40.150;;
1305;37,971;-2906,961;-329,509;0,000;0,000;0,000;0,000;RRR 1.5in;24,5;1015;46;'26.07.2023 15:45:40.160;;
1306;37,477;-2906,967;-329,529;0,000;0,000;0,000;0,000;RRR 1.5in;24,5;1015;46;'26.07.2023 15:45:40.170;;
1307;36,974;-2906,947;-329,542;0,000;0,000;0,000;0,000;RRR 1.5in;24,5;1015;46;'26.07.2023 15:45:40.180;;
1308;36,479;-2906,883;-329,527;0,000;0,000;0,000;0,000;RRR 1.5in;24,5;1015;46;'26.07.2023 15:45:40.190;;
1309;35,992;-2906,824;-329,510;0,000;0,000;0,000;0,000;RRR 1.5in;24,5;1015;46;'26.07.2023 15:45:40.200;;
1310;35,493;-2906,808;-329,516;0,000;0,000;0,000;0,000;RRR 1.5in;24,5;1015;46;'26.07.2023 15:45:40.210;;
1311;34,985;-2906,805;-329,522;0,000;0,000;0,000;0,000;RRR 1.5in;24,5;1015;46;'26.07.2023 15:45:40.220;;
1312;34,470;-2906,775;-329,514;0,000;0,000;0,000;0,000;RRR 1.5in;24,5;1015;46;'26.07.2023 15:45:40.230;;
1313;33,954;-2906,738;-329,507;0,000;0,000;0,000;0,000;RRR 1.5in;24,5;1015;46;'26.07.2023 15:45:40.240;;
1314;33,461;-2906,708;-329,508;0,000;0,000;0,000;0,000;RRR 1.5in;24,5;1015;46;'26.07.2023 15:45:40.250;;
1315;32,972;-2906,681;-329,522;0,000;0,000;0,000;0,000;RRR 1.5in;24,5;1015;46;'26.07.2023 15:45:40.260;;
1316;32,462;-2906,641;-329,527;0,000;0,000;0,000;0,000;RRR 1.5in;24,5;1015;46;'26.07.2023 15:45:40.270;;
1317;31,967;-2906,598;-329,524;0,000;0,000;0,000;0,000;RRR 1.5in;24,5;1015;46;'26.07.2023 15:45:40.280;;
1318;31,479;-2906,588;-329,534;0,000;0,000;0,000;0,000;RRR 1.5in;24,5;1015;46;'26.07.2023 15:45:40.290;;
1319;30,983;-2906,592;-329,553;0,000;0,000;0,000;0,000;RRR 1.5in;24,5;1015;46;'26.07.2023 15:45:40.300;;
1320;30,490;-2906,556;-329,553;0,000;0,000;0,000;0,000;RRR 1.5in;24,5;1015;46;'26.07.2023 15:45:40.310;;
1321;29,996;-2906,492;-329,535;0,000;0,000;0,000;0,000;RRR 1.5in;24,5;1015;46;'26.07.2023 15:45:40.320;;
1322;29,490;-2906,452;-329,528;0,000;0,000;0,000;0,000;RRR 1.5in;24,5;1015;46;'26.07.2023 15:45:40.330;;
1323;28,985;-2906,440;-329,534;0,000;0,000;0,000;0,000;RRR 1.5in;24,5;1015;46;'26.07.2023 15:45:40.340;;
1324;28,470;-2906,422;-329,534;0,000;0,000;0,000;0,000;RRR 1.5in;24,5;1015;46;'26.07.2023 15:45:40.350;;
1325;27,956;-2906,384;-329,525;0,000;0,000;0,000;0,000;RRR 1.5in;24,5;1015;46;'26.07.2023 15:45:40.360;;
1326;27,456;-2906,350;-329,524;0,000;0,000;0,000;0,000;RRR 1.5in;24,5;1015;46;'26.07.2023 15:45:40.370;;
1327;26,972;-2906,330;-329,533;0,000;0,000;0,000;0,000;RRR 1.5in;24,5;1015;46;'26.07.2023 15:45:40.380;;
1328;26,484;-2906,305;-329,541;0,000;0,000;0,000;0,000;RRR 1.5in;24,5;1015;46;'26.07.2023 15:45:40.390;;
1329;25,981;-2906,272;-329,545;0,000;0,000;0,000;0,000;RRR 1.5in;24,5;1015;46;'26.07.2023 15:45:40.400;;
1330;25,482;-2906,246;-329,545;0,000;0,000;0,000;0,000;RRR 1.5in;24,5;1015;46;'26.07.2023 15:45:40.410;;
1331;24,994;-2906,233;-329,548;0,000;0,000;0,000;0,000;RRR 1.5in;24,5;1015;46;'26.07.2023 15:45:40.420;;
1332;24,494;-2906,215;-329,557;0,000;0,000;0,000;0,000;RRR 1.5in;24,5;1015;46;'26.07.2023 15:45:40.430;;
1333;23,996;-2906,168;-329,547;0,000;0,000;0,000;0,000;RRR 1.5in;24,5;1015;46;'26.07.2023 15:45:40.440;;
1334;23,499;-2906,115;-329,529;0,000;0,000;0,000;0,000;RRR 1.5in;24,5;1015;46;'26.07.2023 15:45:40.450;;
1335;22,985;-2906,094;-329,529;0,000;0,000;0,000;0,000;RRR 1.5in;24,5;1015;46;'26.07.2023 15:45:40.460;;
1336;22,480;-2906,088;-329,535;0,000;0,000;0,000;0,000;RRR 1.5in;24,5;1015;46;'26.07.2023 15:45:40.470;;
1337;21,966;-2906,059;-329,534;0,000;0,000;0,000;0,000;RRR 1.5in;24,5;1015;46;'26.07.2023 15:45:40.480;;
1338;21,458;-2906,019;-329,537;0,000;0,000;0,000;0,000;RRR 1.5in;24,5;1015;46;'26.07.2023 15:45:40.490;;
1339;20,971;-2905,983;-329,540;0,000;0,000;0,000;0,000;RRR 1.5in;24,5;1015;46;'26.07.2023 15:45:40.500;;
1340;20,491;-2905,963;-329,553;0,000;0,000;0,000;0,000;RRR 1.5in;24,5;1015;46;'26.07.2023 15:45:40.510;;
1341;19,991;-2905,936;-329,560;0,000;0,000;0,000;0,000;RRR 1.5in;24,5;1015;46;'26.07.2023 15:45:40.520;;
1342;19,499;-2905,899;-329,555;0,000;0,000;0,000;0,000;RRR 1.5in;24,5;1015;46;'26.07.2023 15:45:40.530;;
1343;19,006;-2905,880;-329,551;0,000;0,000;0,000;0,000;RRR 1.5in;24,5;1015;46;'26.07.2023 15:45:40.540;;
1344;18,505;-2905,875;-329,555;0,000;0,000;0,000;0,000;RRR 1.5in;24,5;1015;46;'26.07.2023 15:45:40.550;;
1345;18,005;-2905,844;-329,548;0,000;0,000;0,000;0,000;RRR 1.5in;24,5;1015;46;'26.07.2023 15:45:40.560;;
1346;17,493;-2905,790;-329,530;0,000;0,000;0,000;0,000;RRR 1.5in;24,5;1015;46;'26.07.2023 15:45:40.570;;
1347;16,978;-2905,750;-329,519;0,000;0,000;0,000;0,000;RRR 1.5in;24,5;1015;46;'26.07.2023 15:45:40.580;;
1348;16,474;-2905,737;-329,525;0,000;0,000;0,000;0,000;RRR 1.5in;24,5;1015;46;'26.07.2023 15:45:40.590;;
1349;15,970;-2905,724;-329,532;0,000;0,000;0,000;0,000;RRR 1.5in;24,5;1015;46;'26.07.2023 15:45:40.600;;
1350;15,474;-2905,690;-329,531;0,000;0,000;0,000;0,000;RRR 1.5in;24,5;1015;46;'26.07.2023 15:45:40.610;;
1351;14,985;-2905,654;-329,533;0,000;0,000;0,000;0,000;RRR 1.5in;24,5;1015;46;'26.07.2023 15:45:40.620;;
1352;14,501;-2905,634;-329,543;0,000;0,000;0,000;0,000;RRR 1.5in;24,5;1015;46;'26.07.2023 15:45:40.630;;
1353;14,010;-2905,615;-329,557;0,000;0,000;0,000;0,000;RRR 1.5in;24,5;1015;46;'26.07.2023 15:45:40.640;;
1354;13,497;-2905,578;-329,561;0,000;0,000;0,000;0,000;RRR 1.5in;24,5;1015;46;'26.07.2023 15:45:40.650;;
1355;12,993;-2905,535;-329,552;0,000;0,000;0,000;0,000;RRR 1.5in;24,5;1015;46;'26.07.2023 15:45:40.660;;
1356;12,509;-2905,513;-329,546;0,000;0,000;0,000;0,000;RRR 1.5in;24,5;1015;46;'26.07.2023 15:45:40.670;;
1357;12,010;-2905,511;-329,551;0,000;0,000;0,000;0,000;RRR 1.5in;24,5;1015;46;'26.07.2023 15:45:40.680;;
1358;11,501;-2905,483;-329,550;0,000;0,000;0,000;0,000;RRR 1.5in;24,5;1015;46;'26.07.2023 15:45:40.690;;
1359;10,995;-2905,426;-329,530;0,000;0,000;0,000;0,000;RRR 1.5in;24,5;1015;46;'26.07.2023 15:45:40.700;;
1360;10,482;-2905,395;-329,526;0,000;0,000;0,000;0,000;RRR 1.5in;24,5;1015;46;'26.07.2023 15:45:40.710;;
1361;9,985;-2905,382;-329,535;0,000;0,000;0,000;0,000;RRR 1.5in;24,5;1015;46;'26.07.2023 15:45:40.720;;
1362;9,509;-2905,358;-329,540;0,000;0,000;0,000;0,000;RRR 1.5in;24,5;1015;46;'26.07.2023 15:45:40.730;;
1363;9,008;-2905,324;-329,541;0,000;0,000;0,000;0,000;RRR 1.5in;24,5;1015;46;'26.07.2023 15:45:40.740;;
1364;8,511;-2905,297;-329,550;0,000;0,000;0,000;0,000;RRR 1.5in;24,5;1015;46;'26.07.2023 15:45:40.750;;
1365;8,014;-2905,275;-329,558;0,000;0,000;0,000;0,000;RRR 1.5in;24,5;1015;46;'26.07.2023 15:45:40.760;;
1366;7,508;-2905,257;-329,566;0,000;0,000;0,000;0,000;RRR 1.5in;24,5;1015;46;'26.07.2023 15:45:40.770;;
1367;7,002;-2905,226;-329,566;0,000;0,000;0,000;0,000;RRR 1.5in;24,5;1015;46;'26.07.2023 15:45:40.780;;
1368;6,509;-2905,185;-329,553;0,000;0,000;0,000;0,000;RRR 1.5in;24,5;1015;46;'26.07.2023 15:45:40.790;;
1369;6,007;-2905,157;-329,546;0,000;0,000;0,000;0,000;RRR 1.5in;24,5;1015;46;'26.07.2023 15:45:40.800;;
1370;5,499;-2905,135;-329,547;0,000;0,000;0,000;0,000;RRR 1.5in;24,5;1015;46;'26.07.2023 15:45:40.810;;
1371;4,984;-2905,105;-329,546;0,000;0,000;0,000;0,000;RRR 1.5in;24,5;1015;46;'26.07.2023 15:45:40.820;;
1372;4,480;-2905,065;-329,536;0,000;0,000;0,000;0,000;RRR 1.5in;24,5;1015;46;'26.07.2023 15:45:40.830;;
1373;3,993;-2905,038;-329,535;0,000;0,000;0,000;0,000;RRR 1.5in;24,5;1015;46;'26.07.2023 15:45:40.840;;
1374;3,509;-2905,026;-329,548;0,000;0,000;0,000;0,000;RRR 1.5in;24,5;1015;46;'26.07.2023 15:45:40.850;;
1375;3,017;-2905,001;-329,559;0,000;0,000;0,000;0,000;RRR 1.5in;24,5;1015;46;'26.07.2023 15:45:40.860;;
1376;2,520;-2904,957;-329,563;0,000;0,000;0,000;0,000;RRR 1.5in;24,5;1015;46;'26.07.2023 15:45:40.870;;
1377;2,018;-2904,915;-329,567;0,000;0,000;0,000;0,000;RRR 1.5in;24,5;1015;46;'26.07.2023 15:45:40.880;;
1378;1,521;-2904,886;-329,572;0,000;0,000;0,000;0,000;RRR 1.5in;24,5;1015;46;'26.07.2023 15:45:40.890;;
1379;1,016;-2904,866;-329,578;0,000;0,000;0,000;0,000;RRR 1.5in;24,5;1015;46;'26.07.2023 15:45:40.900;;
1380;0,506;-2904,838;-329,572;0,000;0,000;0,000;0,000;RRR 1.5in;24,5;1015;46;'26.07.2023 15:45:40.910;;
1381;0,017;-2904,810;-329,553;0,000;0,000;0,000;0,000;RRR 1.5in;24,5;1015;46;'26.07.2023 15:45:40.920;;
1382;-0,479;-2904,807;-329,549;0,000;0,000;0,000;0,000;RRR 1.5in;24,5;1015;46;'26.07.2023 15:45:40.930;;
1383;-0,991;-2904,805;-329,558;0,000;0,000;0,000;0,000;RRR 1.5in;24,5;1015;46;'26.07.2023 15:45:40.940;;
1384;-1,498;-2904,763;-329,550;0,000;0,000;0,000;0,000;RRR 1.5in;24,5;1015;46;'26.07.2023 15:45:40.950;;
1385;-1,997;-2904,708;-329,539;0,000;0,000;0,000;0,000;RRR 1.5in;24,5;1015;46;'26.07.2023 15:45:40.960;;
1386;-2,493;-2904,682;-329,543;0,000;0,000;0,000;0,000;RRR 1.5in;24,5;1015;46;'26.07.2023 15:45:40.970;;
1387;-2,976;-2904,678;-329,562;0,000;0,000;0,000;0,000;RRR 1.5in;24,5;1015;46;'26.07.2023 15:45:40.980;;
1388;-3,473;-2904,658;-329,579;0,000;0,000;0,000;0,000;RRR 1.5in;24,5;1015;46;'26.07.2023 15:45:40.990;;
1389;-3,976;-2904,625;-329,585;0,000;0,000;0,000;0,000;RRR 1.5in;24,5;1015;46;'26.07.2023 15:45:41.000;;
1390;-4,470;-2904,596;-329,587;0,000;0,000;0,000;0,000;RRR 1.5in;24,5;1015;46;'26.07.2023 15:45:41.010;;
1391;-4,961;-2904,573;-329,592;0,000;0,000;0,000;0,000;RRR 1.5in;24,5;1015;46;'26.07.2023 15:45:41.020;;
1392;-5,464;-2904,537;-329,591;0,000;0,000;0,000;0,000;RRR 1.5in;24,5;1015;46;'26.07.2023 15:45:41.030;;
1393;-5,970;-2904,485;-329,579;0,000;0,000;0,000;0,000;RRR 1.5in;24,5;1015;46;'26.07.2023 15:45:41.040;;
1394;-6,478;-2904,439;-329,564;0,000;0,000;0,000;0,000;RRR 1.5in;24,5;1015;46;'26.07.2023 15:45:41.050;;
1395;-6,985;-2904,409;-329,558;0,000;0,000;0,000;0,000;RRR 1.5in;24,5;1015;46;'26.07.2023 15:45:41.060;;
1396;-7,483;-2904,385;-329,562;0,000;0,000;0,000;0,000;RRR 1.5in;24,5;1015;46;'26.07.2023 15:45:41.070;;
1397;-7,991;-2904,349;-329,563;0,000;0,000;0,000;0,000;RRR 1.5in;24,5;1015;46;'26.07.2023 15:45:41.080;;
1398;-8,482;-2904,312;-329,559;0,000;0,000;0,000;0,000;RRR 1.5in;24,5;1015;46;'26.07.2023 15:45:41.090;;
1399;-8,975;-2904,293;-329,570;0,000;0,000;0,000;0,000;RRR 1.5in;24,5;1015;46;'26.07.2023 15:45:41.100;;
1400;-9,470;-2904,292;-329,588;0,000;0,000;0,000;0,000;RRR 1.5in;24,5;1015;46;'26.07.2023 15:45:41.110;;
1401;-9,964;-2904,282;-329,595;0,000;0,000;0,000;0,000;RRR 1.5in;24,5;1015;46;'26.07.2023 15:45:41.120;;
1402;-10,468;-2904,252;-329,595;0,000;0,000;0,000;0,000;RRR 1.5in;24,5;1015;46;'26.07.2023 15:45:41.130;;
1403;-10,963;-2904,208;-329,587;0,000;0,000;0,000;0,000;RRR 1.5in;24,5;1015;46;'26.07.2023 15:45:41.140;;
1404;-11,462;-2904,164;-329,578;0,000;0,000;0,000;0,000;RRR 1.5in;24,5;1015;46;'26.07.2023 15:45:41.150;;
1405;-11,973;-2904,136;-329,577;0,000;0,000;0,000;0,000;RRR 1.5in;24,5;1015;46;'26.07.2023 15:45:41.160;;
1406;-12,478;-2904,104;-329,575;0,000;0,000;0,000;0,000;RRR 1.5in;24,5;1015;46;'26.07.2023 15:45:41.170;;
1407;-12,964;-2904,066;-329,563;0,000;0,000;0,000;0,000;RRR 1.5in;24,5;1015;46;'26.07.2023 15:45:41.180;;
1408;-13,459;-2904,046;-329,564;0,000;0,000;0,000;0,000;RRR 1.5in;24,5;1015;46;'26.07.2023 15:45:41.190;;
1409;-13,961;-2904,027;-329,577;0,000;0,000;0,000;0,000;RRR 1.5in;24,5;1015;46;'26.07.2023 15:45:41.200;;
1410;-14,458;-2903,989;-329,585;0,000;0,000;0,000;0,000;RRR 1.5in;24,5;1015;46;'26.07.2023 15:45:41.210;;
1411;-14,953;-2903,944;-329,590;0,000;0,000;0,000;0,000;RRR 1.5in;24,5;1015;46;'26.07.2023 15:45:41.220;;
1412;-15,443;-2903,914;-329,596;0,000;0,000;0,000;0,000;RRR 1.5in;24,5;1015;46;'26.07.2023 15:45:41.230;;
1413;-15,936;-2903,904;-329,607;0,000;0,000;0,000;0,000;RRR 1.5in;24,5;1015;46;'26.07.2023 15:45:41.240;;
1414;-16,447;-2903,885;-329,611;0,000;0,000;0,000;0,000;RRR 1.5in;24,5;1015;46;'26.07.2023 15:45:41.250;;
1415;-16,951;-2903,848;-329,600;0,000;0,000;0,000;0,000;RRR 1.5in;24,5;1015;46;'26.07.2023 15:45:41.260;;
1416;-17,449;-2903,812;-329,589;0,000;0,000;0,000;0,000;RRR 1.5in;24,5;1015;46;'26.07.2023 15:45:41.270;;
1417;-17,955;-2903,787;-329,582;0,000;0,000;0,000;0,000;RRR 1.5in;24,5;1015;46;'26.07.2023 15:45:41.280;;
1418;-18,468;-2903,759;-329,577;0,000;0,000;0,000;0,000;RRR 1.5in;24,5;1015;46;'26.07.2023 15:45:41.290;;
1419;-18,977;-2903,722;-329,570;0,000;0,000;0,000;0,000;RRR 1.5in;24,5;1015;46;'26.07.2023 15:45:41.300;;
1420;-19,473;-2903,692;-329,565;0,000;0,000;0,000;0,000;RRR 1.5in;24,5;1015;46;'26.07.2023 15:45:41.310;;
1421;-19,961;-2903,675;-329,574;0,000;0,000;0,000;0,000;RRR 1.5in;24,5;1015;46;'26.07.2023 15:45:41.320;;
1422;-20,449;-2903,650;-329,593;0,000;0,000;0,000;0,000;RRR 1.5in;24,5;1015;46;'26.07.2023 15:45:41.330;;
1423;-20,953;-2903,600;-329,601;0,000;0,000;0,000;0,000;RRR 1.5in;24,5;1015;46;'26.07.2023 15:45:41.340;;
1424;-21,442;-2903,552;-329,600;0,000;0,000;0,000;0,000;RRR 1.5in;24,5;1015;46;'26.07.2023 15:45:41.350;;
1425;-21,939;-2903,533;-329,608;0,000;0,000;0,000;0,000;RRR 1.5in;24,5;1015;46;'26.07.2023 15:45:41.360;;
1426;-22,438;-2903,527;-329,615;0,000;0,000;0,000;0,000;RRR 1.5in;24,5;1015;46;'26.07.2023 15:45:41.370;;
1427;-22,940;-2903,500;-329,606;0,000;0,000;0,000;0,000;RRR 1.5in;24,5;1015;46;'26.07.2023 15:45:41.380;;
1428;-23,446;-2903,460;-329,593;0,000;0,000;0,000;0,000;RRR 1.5in;24,5;1015;46;'26.07.2023 15:45:41.390;;
1429;-23,941;-2903,422;-329,582;0,000;0,000;0,000;0,000;RRR 1.5in;24,5;1015;46;'26.07.2023 15:45:41.400;;
1430;-24,428;-2903,394;-329,572;0,000;0,000;0,000;0,000;RRR 1.5in;24,5;1015;46;'26.07.2023 15:45:41.410;;
1431;-24,938;-2903,371;-329,573;0,000;0,000;0,000;0,000;RRR 1.5in;24,5;1015;46;'26.07.2023 15:45:41.420;;
1432;-25,450;-2903,335;-329,570;0,000;0,000;0,000;0,000;RRR 1.5in;24,5;1015;46;'26.07.2023 15:45:41.430;;
1433;-25,944;-2903,298;-329,565;0,000;0,000;0,000;0,000;RRR 1.5in;24,5;1015;46;'26.07.2023 15:45:41.440;;
1434;-26,440;-2903,286;-329,575;0,000;0,000;0,000;0,000;RRR 1.5in;24,5;1015;46;'26.07.2023 15:45:41.450;;
1435;-26,936;-2903,280;-329,591;0,000;0,000;0,000;0,000;RRR 1.5in;24,5;1015;46;'26.07.2023 15:45:41.460;;
1436;-27,430;-2903,250;-329,601;0,000;0,000;0,000;0,000;RRR 1.5in;24,5;1015;46;'26.07.2023 15:45:41.470;;
1437;-27,930;-2903,203;-329,593;0,000;0,000;0,000;0,000;RRR 1.5in;24,5;1015;46;'26.07.2023 15:45:41.480;;
1438;-28,438;-2903,169;-329,590;0,000;0,000;0,000;0,000;RRR 1.5in;24,5;1015;46;'26.07.2023 15:45:41.490;;
1439;-28,939;-2903,156;-329,593;0,000;0,000;0,000;0,000;RRR 1.5in;24,5;1015;46;'26.07.2023 15:45:41.500;;
1440;-29,441;-2903,135;-329,589;0,000;0,000;0,000;0,000;RRR 1.5in;24,5;1015;46;'26.07.2023 15:45:41.510;;
1441;-29,931;-2903,100;-329,579;0,000;0,000;0,000;0,000;RRR 1.5in;24,5;1015;46;'26.07.2023 15:45:41.520;;
1442;-30,418;-2903,057;-329,565;0,000;0,000;0,000;0,000;RRR 1.5in;24,5;1015;46;'26.07.2023 15:45:41.530;;
1443;-30,921;-2903,021;-329,557;0,000;0,000;0,000;0,000;RRR 1.5in;24,5;1015;46;'26.07.2023 15:45:41.540;;
1444;-31,427;-2902,992;-329,557;0,000;0,000;0,000;0,000;RRR 1.5in;24,5;1015;46;'26.07.2023 15:45:41.550;;
1445;-31,934;-2902,963;-329,564;0,000;0,000;0,000;0,000;RRR 1.5in;24,5;1015;46;'26.07.2023 15:45:41.560;;
1446;-32,432;-2902,932;-329,566;0,000;0,000;0,000;0,000;RRR 1.5in;24,5;1015;46;'26.07.2023 15:45:41.570;;
1447;-32,913;-2902,906;-329,567;0,000;0,000;0,000;0,000;RRR 1.5in;24,5;1015;46;'26.07.2023 15:45:41.580;;
1448;-33,417;-2902,896;-329,583;0,000;0,000;0,000;0,000;RRR 1.5in;24,5;1015;46;'26.07.2023 15:45:41.590;;
1449;-33,933;-2902,883;-329,595;0,000;0,000;0,000;0,000;RRR 1.5in;24,5;1015;46;'26.07.2023 15:45:41.600;;
1450;-34,434;-2902,841;-329,586;0,000;0,000;0,000;0,000;RRR 1.5in;24,5;1015;46;'26.07.2023 15:45:41.610;;
1451;-34,928;-2902,801;-329,574;0,000;0,000;0,000;0,000;RRR 1.5in;24,5;1015;46;'26.07.2023 15:45:41.620;;
1452;-35,426;-2902,780;-329,570;0,000;0,000;0,000;0,000;RRR 1.5in;24,5;1015;46;'26.07.2023 15:45:41.630;;
1453;-35,913;-2902,759;-329,564;0,000;0,000;0,000;0,000;RRR 1.5in;24,5;1015;46;'26.07.2023 15:45:41.640;;
1454;-36,409;-2902,725;-329,554;0,000;0,000;0,000;0,000;RRR 1.5in;24,5;1015;46;'26.07.2023 15:45:41.650;;
1455;-36,906;-2902,682;-329,542;0,000;0,000;0,000;0,000;RRR 1.5in;24,5;1015;46;'26.07.2023 15:45:41.660;;
1456;-37,399;-2902,649;-329,539;0,000;0,000;0,000;0,000;RRR 1.5in;24,5;1015;46;'26.07.2023 15:45:41.670;;
1457;-37,910;-2902,632;-329,548;0,000;0,000;0,000;0,000;RRR 1.5in;24,5;1015;46;'26.07.2023 15:45:41.680;;
1458;-38,416;-2902,611;-329,559;0,000;0,000;0,000;0,000;RRR 1.5in;24,5;1015;46;'26.07.2023 15:45:41.690;;
1459;-38,906;-2902,583;-329,561;0,000;0,000;0,000;0,000;RRR 1.5in;24,5;1015;46;'26.07.2023 15:45:41.700;;
1460;-39,395;-2902,565;-329,564;0,000;0,000;0,000;0,000;RRR 1.5in;24,5;1015;46;'26.07.2023 15:45:41.710;;
1461;-39,892;-2902,561;-329,577;0,000;0,000;0,000;0,000;RRR 1.5in;24,5;1015;46;'26.07.2023 15:45:41.720;;
1462;-40,392;-2902,536;-329,584;0,000;0,000;0,000;0,000;RRR 1.5in;24,5;1015;46;'26.07.2023 15:45:41.730;;
1463;-40,890;-2902,480;-329,576;0,000;0,000;0,000;0,000;RRR 1.5in;24,5;1015;46;'26.07.2023 15:45:41.740;;
1464;-41,380;-2902,421;-329,558;0,000;0,000;0,000;0,000;RRR 1.5in;24,5;1015;46;'26.07.2023 15:45:41.750;;
1465;-41,872;-2902,385;-329,547;0,000;0,000;0,000;0,000;RRR 1.5in;24,5;1015;46;'26.07.2023 15:45:41.760;;
1466;-42,379;-2902,371;-329,545;0,000;0,000;0,000;0,000;RRR 1.5in;24,5;1015;46;'26.07.2023 15:45:41.770;;
1467;-42,882;-2902,354;-329,539;0,000;0,000;0,000;0,000;RRR 1.5in;24,5;1015;46;'26.07.2023 15:45:41.780;;
1468;-43,386;-2902,322;-329,528;0,000;0,000;0,000;0,000;RRR 1.5in;24,5;1015;46;'26.07.2023 15:45:41.790;;
1469;-43,891;-2902,292;-329,526;0,000;0,000;0,000;0,000;RRR 1.5in;24,5;1015;46;'26.07.2023 15:45:41.800;;
1470;-44,384;-2902,258;-329,524;0,000;0,000;0,000;0,000;RRR 1.5in;24,5;1015;46;'26.07.2023 15:45:41.810;;
1471;-44,888;-2902,242;-329,537;0,000;0,000;0,000;0,000;RRR 1.5in;24,5;1015;46;'26.07.2023 15:45:41.820;;
1472;-45,397;-2902,225;-329,548;0,000;0,000;0,000;0,000;RRR 1.5in;24,5;1015;46;'26.07.2023 15:45:41.830;;
1473;-45,883;-2902,193;-329,544;0,000;0,000;0,000;0,000;RRR 1.5in;24,5;1015;46;'26.07.2023 15:45:41.840;;
1474;-46,376;-2902,171;-329,545;0,000;0,000;0,000;0,000;RRR 1.5in;24,5;1015;46;'26.07.2023 15:45:41.850;;
1475;-46,879;-2902,158;-329,555;0,000;0,000;0,000;0,000;RRR 1.5in;24,5;1015;46;'26.07.2023 15:45:41.860;;
1476;-47,373;-2902,119;-329,554;0,000;0,000;0,000;0,000;RRR 1.5in;24,5;1015;46;'26.07.2023 15:45:41.870;;
1477;-47,857;-2902,059;-329,535;0,000;0,000;0,000;0,000;RRR 1.5in;24,5;1015;46;'26.07.2023 15:45:41.880;;
1478;-48,357;-2902,021;-329,521;0,000;0,000;0,000;0,000;RRR 1.5in;24,5;1015;46;'26.07.2023 15:45:41.890;;
1479;-48,860;-2902,012;-329,524;0,000;0,000;0,000;0,000;RRR 1.5in;24,5;1015;46;'26.07.2023 15:45:41.900;;
1480;-49,363;-2902,000;-329,526;0,000;0,000;0,000;0,000;RRR 1.5in;24,5;1015;46;'26.07.2023 15:45:41.910;;
1481;-49,865;-2901,969;-329,523;0,000;0,000;0,000;0,000;RRR 1.5in;24,5;1015;46;'26.07.2023 15:45:41.920;;
1482;-50,358;-2901,925;-329,519;0,000;0,000;0,000;0,000;RRR 1.5in;24,5;1015;46;'26.07.2023 15:45:41.930;;
1483;-50,860;-2901,891;-329,523;0,000;0,000;0,000;0,000;RRR 1.5in;24,5;1015;46;'26.07.2023 15:45:41.940;;
1484;-51,367;-2901,876;-329,536;0,000;0,000;0,000;0,000;RRR 1.5in;24,5;1015;46;'26.07.2023 15:45:41.950;;
1485;-51,872;-2901,864;-329,548;0,000;0,000;0,000;0,000;RRR 1.5in;24,5;1015;46;'26.07.2023 15:45:41.960;;
1486;-52,368;-2901,836;-329,548;0,000;0,000;0,000;0,000;RRR 1.5in;24,5;1015;46;'26.07.2023 15:45:41.970;;
1487;-52,855;-2901,797;-329,535;0,000;0,000;0,000;0,000;RRR 1.5in;24,5;1015;46;'26.07.2023 15:45:41.980;;
1488;-53,341;-2901,773;-329,532;0,000;0,000;0,000;0,000;RRR 1.5in;24,5;1015;46;'26.07.2023 15:45:41.990;;
1489;-53,846;-2901,757;-329,537;0,000;0,000;0,000;0,000;RRR 1.5in;24,5;1015;46;'26.07.2023 15:45:42.000;;
1490;-54,345;-2901,709;-329,522;0,000;0,000;0,000;0,000;RRR 1.5in;24,5;1015;46;'26.07.2023 15:45:42.010;;
1491;-54,837;-2901,652;-329,505;0,000;0,000;0,000;0,000;RRR 1.5in;24,5;1015;46;'26.07.2023 15:45:42.020;;
1492;-55,344;-2901,623;-329,508;0,000;0,000;0,000;0,000;RRR 1.5in;24,5;1015;46;'26.07.2023 15:45:42.030;;
1493;-55,849;-2901,608;-329,519;0,000;0,000;0,000;0,000;RRR 1.5in;24,5;1015;46;'26.07.2023 15:45:42.040;;
1494;-56,341;-2901,575;-329,523;0,000;0,000;0,000;0,000;RRR 1.5in;24,5;1015;46;'26.07.2023 15:45:42.050;;
1495;-56,843;-2901,533;-329,524;0,000;0,000;0,000;0,000;RRR 1.5in;24,5;1015;46;'26.07.2023 15:45:42.060;;
1496;-57,340;-2901,500;-329,532;0,000;0,000;0,000;0,000;RRR 1.5in;24,5;1015;46;'26.07.2023 15:45:42.070;;
1497;-57,838;-2901,477;-329,538;0,000;0,000;0,000;0,000;RRR 1.5in;24,5;1015;46;'26.07.2023 15:45:42.080;;
1498;-58,345;-2901,463;-329,544;0,000;0,000;0,000;0,000;RRR 1.5in;24,5;1015;46;'26.07.2023 15:45:42.090;;
1499;-58,853;-2901,440;-329,541;0,000;0,000;0,000;0,000;RRR 1.5in;24,5;1015;46;'26.07.2023 15:45:42.100;;
1500;-59,334;-2901,411;-329,528;0,000;0,000;0,000;0,000;RRR 1.5in;24,5;1015;46;'26.07.2023 15:45:42.110;;
1501;-59,825;-2901,395;-329,520;0,000;0,000;0,000;0,000;RRR 1.5in;24,5;1015;46;'26.07.2023 15:45:42.120;;
1502;-60,328;-2901,382;-329,520;0,000;0,000;0,000;0,000;RRR 1.5in;24,5;1015;46;'26.07.2023 15:45:42.130;;
1503;-60,827;-2901,348;-329,513;0,000;0,000;0,000;0,000;RRR 1.5in;24,5;1015;46;'26.07.2023 15:45:42.140;;
1504;-61,331;-2901,302;-329,501;0,000;0,000;0,000;0,000;RRR 1.5in;24,5;1015;46;'26.07.2023 15:45:42.150;;
1505;-61,833;-2901,272;-329,502;0,000;0,000;0,000;0,000;RRR 1.5in;24,5;1015;46;'26.07.2023 15:45:42.160;;
1506;-62,337;-2901,249;-329,506;0,000;0,000;0,000;0,000;RRR 1.5in;24,5;1015;46;'26.07.2023 15:45:42.170;;
1507;-62,835;-2901,216;-329,508;0,000;0,000;0,000;0,000;RRR 1.5in;24,5;1015;46;'26.07.2023 15:45:42.180;;
1508;-63,330;-2901,185;-329,509;0,000;0,000;0,000;0,000;RRR 1.5in;24,5;1015;46;'26.07.2023 15:45:42.190;;
1509;-63,827;-2901,158;-329,516;0,000;0,000;0,000;0,000;RRR 1.5in;24,5;1015;46;'26.07.2023 15:45:42.200;;
1510;-64,331;-2901,134;-329,524;0,000;0,000;0,000;0,000;RRR 1.5in;24,5;1015;46;'26.07.2023 15:45:42.210;;
1511;-64,830;-2901,112;-329,526;0,000;0,000;0,000;0,000;RRR 1.5in;24,5;1015;46;'26.07.2023 15:45:42.220;;
1512;-65,329;-2901,096;-329,531;0,000;0,000;0,000;0,000;RRR 1.5in;24,5;1015;46;'26.07.2023 15:45:42.230;;
1513;-65,828;-2901,071;-329,531;0,000;0,000;0,000;0,000;RRR 1.5in;24,5;1015;46;'26.07.2023 15:45:42.240;;
1514;-66,319;-2901,026;-329,513;0,000;0,000;0,000;0,000;RRR 1.5in;24,5;1015;46;'26.07.2023 15:45:42.250;;
1515;-66,808;-2900,993;-329,502;0,000;0,000;0,000;0,000;RRR 1.5in;24,5;1015;46;'26.07.2023 15:45:42.260;;
1516;-67,320;-2900,979;-329,509;0,000;0,000;0,000;0,000;RRR 1.5in;24,5;1015;46;'26.07.2023 15:45:42.270;;
1517;-67,830;-2900,939;-329,505;0,000;0,000;0,000;0,000;RRR 1.5in;24,5;1015;46;'26.07.2023 15:45:42.280;;
1518;-68,327;-2900,877;-329,490;0,000;0,000;0,000;0,000;RRR 1.5in;24,5;1015;46;'26.07.2023 15:45:42.290;;
1519;-68,831;-2900,841;-329,487;0,000;0,000;0,000;0,000;RRR 1.5in;24,5;1015;46;'26.07.2023 15:45:42.300;;
1520;-69,325;-2900,833;-329,498;0,000;0,000;0,000;0,000;RRR 1.5in;24,5;1015;46;'26.07.2023 15:45:42.310;;
1521;-69,814;-2900,826;-329,506;0,000;0,000;0,000;0,000;RRR 1.5in;24,5;1015;46;'26.07.2023 15:45:42.320;;
1522;-70,323;-2900,806;-329,512;0,000;0,000;0,000;0,000;RRR 1.5in;24,5;1015;46;'26.07.2023 15:45:42.330;;
1523;-70,833;-2900,771;-329,514;0,000;0,000;0,000;0,000;RRR 1.5in;24,5;1015;46;'26.07.2023 15:45:42.340;;
1524;-71,329;-2900,735;-329,512;0,000;0,000;0,000;0,000;RRR 1.5in;24,5;1015;46;'26.07.2023 15:45:42.350;;
1525;-71,820;-2900,716;-329,515;0,000;0,000;0,000;0,000;RRR 1.5in;24,5;1015;46;'26.07.2023 15:45:42.360;;
1526;-72,313;-2900,692;-329,511;0,000;0,000;0,000;0,000;RRR 1.5in;24,5;1015;46;'26.07.2023 15:45:42.370;;
1527;-72,804;-2900,653;-329,499;0,000;0,000;0,000;0,000;RRR 1.5in;24,5;1015;46;'26.07.2023 15:45:42.380;;
1528;-73,304;-2900,618;-329,487;0,000;0,000;0,000;0,000;RRR 1.5in;24,5;1015;46;'26.07.2023 15:45:42.390;;
1529;-73,801;-2900,603;-329,489;0,000;0,000;0,000;0,000;RRR 1.5in;24,5;1015;46;'26.07.2023 15:45:42.400;;
1530;-74,295;-2900,586;-329,498;0,000;0,000;0,000;0,000;RRR 1.5in;24,5;1015;46;'26.07.2023 15:45:42.410;;
1531;-74,798;-2900,537;-329,490;0,000;0,000;0,000;0,000;RRR 1.5in;24,5;1015;46;'26.07.2023 15:45:42.420;;
1532;-75,304;-2900,485;-329,482;0,000;0,000;0,000;0,000;RRR 1.5in;24,5;1015;46;'26.07.2023 15:45:42.430;;
1533;-75,810;-2900,464;-329,487;0,000;0,000;0,000;0,000;RRR 1.5in;24,5;1015;46;'26.07.2023 15:45:42.440;;
1534;-76,313;-2900,465;-329,499;0,000;0,000;0,000;0,000;RRR 1.5in;24,5;1015;46;'26.07.2023 15:45:42.450;;
1535;-76,807;-2900,453;-329,500;0,000;0,000;0,000;0,000;RRR 1.5in;24,5;1015;46;'26.07.2023 15:45:42.460;;
1536;-77,308;-2900,420;-329,500;0,000;0,000;0,000;0,000;RRR 1.5in;24,5;1015;46;'26.07.2023 15:45:42.470;;
1537;-77,809;-2900,386;-329,498;0,000;0,000;0,000;0,000;RRR 1.5in;24,5;1015;46;'26.07.2023 15:45:42.480;;
1538;-78,301;-2900,351;-329,489;0,000;0,000;0,000;0,000;RRR 1.5in;24,5;1015;46;'26.07.2023 15:45:42.490;;
1539;-78,782;-2900,330;-329,484;0,000;0,000;0,000;0,000;RRR 1.5in;24,5;1015;46;'26.07.2023 15:45:42.500;;
1540;-79,286;-2900,310;-329,483;0,000;0,000;0,000;0,000;RRR 1.5in;24,5;1015;46;'26.07.2023 15:45:42.510;;
1541;-79,789;-2900,276;-329,474;0,000;0,000;0,000;0,000;RRR 1.5in;24,5;1015;46;'26.07.2023 15:45:42.520;;
1542;-80,286;-2900,239;-329,461;0,000;0,000;0,000;0,000;RRR 1.5in;24,5;1015;46;'26.07.2023 15:45:42.530;;
1543;-80,795;-2900,218;-329,465;0,000;0,000;0,000;0,000;RRR 1.5in;24,5;1015;46;'26.07.2023 15:45:42.540;;
1544;-81,297;-2900,193;-329,474;0,000;0,000;0,000;0,000;RRR 1.5in;24,5;1015;46;'26.07.2023 15:45:42.550;;
1545;-81,801;-2900,143;-329,471;0,000;0,000;0,000;0,000;RRR 1.5in;24,5;1015;46;'26.07.2023 15:45:42.560;;
1546;-82,310;-2900,100;-329,468;0,000;0,000;0,000;0,000;RRR 1.5in;24,5;1015;46;'26.07.2023 15:45:42.570;;
1547;-82,809;-2900,079;-329,474;0,000;0,000;0,000;0,000;RRR 1.5in;24,5;1015;46;'26.07.2023 15:45:42.580;;
1548;-83,299;-2900,070;-329,481;0,000;0,000;0,000;0,000;RRR 1.5in;24,5;1015;46;'26.07.2023 15:45:42.590;;
1549;-83,792;-2900,056;-329,484;0,000;0,000;0,000;0,000;RRR 1.5in;24,5;1015;46;'26.07.2023 15:45:42.600;;
1550;-84,292;-2900,023;-329,478;0,000;0,000;0,000;0,000;RRR 1.5in;24,5;1015;46;'26.07.2023 15:45:42.610;;
1551;-84,781;-2899,986;-329,471;0,000;0,000;0,000;0,000;RRR 1.5in;24,5;1015;46;'26.07.2023 15:45:42.620;;
1552;-85,281;-2899,959;-329,467;0,000;0,000;0,000;0,000;RRR 1.5in;24,5;1015;46;'26.07.2023 15:45:42.630;;
1553;-85,778;-2899,944;-329,469;0,000;0,000;0,000;0,000;RRR 1.5in;24,5;1015;46;'26.07.2023 15:45:42.640;;
1554;-86,280;-2899,919;-329,471;0,000;0,000;0,000;0,000;RRR 1.5in;24,5;1015;46;'26.07.2023 15:45:42.650;;
1555;-86,788;-2899,879;-329,465;0,000;0,000;0,000;0,000;RRR 1.5in;24,5;1015;46;'26.07.2023 15:45:42.660;;
1556;-87,292;-2899,842;-329,459;0,000;0,000;0,000;0,000;RRR 1.5in;24,5;1015;46;'26.07.2023 15:45:42.670;;
1557;-87,797;-2899,825;-329,468;0,000;0,000;0,000;0,000;RRR 1.5in;24,5;1015;46;'26.07.2023 15:45:42.680;;
1558;-88,306;-2899,803;-329,478;0,000;0,000;0,000;0,000;RRR 1.5in;24,5;1015;46;'26.07.2023 15:45:42.690;;
1559;-88,806;-2899,750;-329,468;0,000;0,000;0,000;0,000;RRR 1.5in;24,5;1015;46;'26.07.2023 15:45:42.700;;
1560;-89,296;-2899,707;-329,459;0,000;0,000;0,000;0,000;RRR 1.5in;24,5;1015;46;'26.07.2023 15:45:42.710;;
1561;-89,795;-2899,696;-329,467;0,000;0,000;0,000;0,000;RRR 1.5in;24,5;1015;46;'26.07.2023 15:45:42.720;;
1562;-90,281;-2899,694;-329,472;0,000;0,000;0,000;0,000;RRR 1.5in;24,5;1015;46;'26.07.2023 15:45:42.730;;
1563;-90,764;-2899,675;-329,470;0,000;0,000;0,000;0,000;RRR 1.5in;24,5;1015;46;'26.07.2023 15:45:42.740;;
1564;-91,265;-2899,645;-329,470;0,000;0,000;0,000;0,000;RRR 1.5in;24,5;1015;46;'26.07.2023 15:45:42.750;;
1565;-91,770;-2899,609;-329,473;0,000;0,000;0,000;0,000;RRR 1.5in;24,5;1015;46;'26.07.2023 15:45:42.760;;
1566;-92,274;-2899,568;-329,469;0,000;0,000;0,000;0,000;RRR 1.5in;24,5;1015;46;'26.07.2023 15:45:42.770;;
1567;-92,783;-2899,535;-329,470;0,000;0,000;0,000;0,000;RRR 1.5in;24,5;1015;46;'26.07.2023 15:45:42.780;;
1568;-93,289;-2899,507;-329,477;0,000;0,000;0,000;0,000;RRR 1.5in;24,5;1015;46;'26.07.2023 15:45:42.790;;
1569;-93,785;-2899,469;-329,477;0,000;0,000;0,000;0,000;RRR 1.5in;24,5;1015;46;'26.07.2023 15:45:42.800;;
1570;-94,288;-2899,433;-329,469;0,000;0,000;0,000;0,000;RRR 1.5in;24,5;1015;46;'26.07.2023 15:45:42.810;;
1571;-94,797;-2899,412;-329,468;0,000;0,000;0,000;0,000;RRR 1.5in;24,5;1015;46;'26.07.2023 15:45:42.820;;
1572;-95,295;-2899,395;-329,475;0,000;0,000;0,000;0,000;RRR 1.5in;24,5;1015;46;'26.07.2023 15:45:42.830;;
1573;-95,789;-2899,360;-329,472;0,000;0,000;0,000;0,000;RRR 1.5in;24,5;1015;46;'26.07.2023 15:45:42.840;;
1574;-96,290;-2899,317;-329,464;0,000;0,000;0,000;0,000;RRR 1.5in;24,5;1015;46;'26.07.2023 15:45:42.850;;
1575;-96,787;-2899,286;-329,461;0,000;0,000;0,000;0,000;RRR 1.5in;24,5;1015;46;'26.07.2023 15:45:42.860;;
1576;-97,288;-2899,278;-329,468;0,000;0,000;0,000;0,000;RRR 1.5in;24,5;1015;46;'26.07.2023 15:45:42.870;;
1577;-97,780;-2899,270;-329,471;0,000;0,000;0,000;0,000;RRR 1.5in;24,5;1015;46;'26.07.2023 15:45:42.880;;
1578;-98,271;-2899,237;-329,468;0,000;0,000;0,000;0,000;RRR 1.5in;24,5;1015;46;'26.07.2023 15:45:42.890;;
1579;-98,771;-2899,192;-329,467;0,000;0,000;0,000;0,000;RRR 1.5in;24,5;1015;46;'26.07.2023 15:45:42.900;;
1580;-99,276;-2899,146;-329,461;0,000;0,000;0,000;0,000;RRR 1.5in;24,5;1015;46;'26.07.2023 15:45:42.910;;
1581;-99,778;-2899,124;-329,465;0,000;0,000;0,000;0,000;RRR 1.5in;24,5;1015;46;'26.07.2023 15:45:42.920;;
1582;-100,294;-2899,112;-329,478;0,000;0,000;0,000;0,000;RRR 1.5in;24,5;1015;46;'26.07.2023 15:45:42.930;;
1583;-100,803;-2899,086;-329,477;0,000;0,000;0,000;0,000;RRR 1.5in;24,5;1015;46;'26.07.2023 15:45:42.940;;
1584;-101,295;-2899,045;-329,465;0,000;0,000;0,000;0,000;RRR 1.5in;24,5;1015;46;'26.07.2023 15:45:42.950;;
1585;-101,793;-2899,017;-329,465;0,000;0,000;0,000;0,000;RRR 1.5in;24,5;1015;46;'26.07.2023 15:45:42.960;;
1586;-102,291;-2898,990;-329,473;0,000;0,000;0,000;0,000;RRR 1.5in;24,5;1015;46;'26.07.2023 15:45:42.970;;
1587;-102,786;-2898,945;-329,468;0,000;0,000;0,000;0,000;RRR 1.5in;24,5;1015;46;'26.07.2023 15:45:42.980;;
1588;-103,279;-2898,907;-329,463;0,000;0,000;0,000;0,000;RRR 1.5in;24,5;1015;46;'26.07.2023 15:45:42.990;;
1589;-103,777;-2898,895;-329,469;0,000;0,000;0,000;0,000;RRR 1.5in;24,5;1015;46;'26.07.2023 15:45:43.000;;
1590;-104,263;-2898,891;-329,475;0,000;0,000;0,000;0,000;RRR 1.5in;24,5;1015;46;'26.07.2023 15:45:43.010;;
1591;-104,752;-2898,871;-329,473;0,000;0,000;0,000;0,000;RRR 1.5in;24,5;1015;46;'26.07.2023 15:45:43.020;;
1592;-105,262;-2898,840;-329,472;0,000;0,000;0,000;0,000;RRR 1.5in;24,5;1015;46;'26.07.2023 15:45:43.030;;
1593;-105,771;-2898,804;-329,474;0,000;0,000;0,000;0,000;RRR 1.5in;24,5;1015;46;'26.07.2023 15:45:43.040;;
1594;-106,285;-2898,761;-329,473;0,000;0,000;0,000;0,000;RRR 1.5in;24,5;1015;46;'26.07.2023 15:45:43.050;;
1595;-106,799;-2898,728;-329,469;0,000;0,000;0,000;0,000;RRR 1.5in;24,5;1015;46;'26.07.2023 15:45:43.060;;
1596;-107,303;-2898,702;-329,472;0,000;0,000;0,000;0,000;RRR 1.5in;24,5;1015;46;'26.07.2023 15:45:43.070;;
1597;-107,804;-2898,672;-329,473;0,000;0,000;0,000;0,000;RRR 1.5in;24,5;1015;46;'26.07.2023 15:45:43.080;;
1598;-108,298;-2898,635;-329,462;0,000;0,000;0,000;0,000;RRR 1.5in;24,5;1015;46;'26.07.2023 15:45:43.090;;
1599;-108,787;-2898,610;-329,458;0,000;0,000;0,000;0,000;RRR 1.5in;24,5;1015;46;'26.07.2023 15:45:43.100;;
1600;-109,280;-2898,594;-329,470;0,000;0,000;0,000;0,000;RRR 1.5in;24,5;1015;46;'26.07.2023 15:45:43.110;;
1601;-109,776;-2898,565;-329,479;0,000;0,000;0,000;0,000;RRR 1.5in;24,5;1015;46;'26.07.2023 15:45:43.120;;
1602;-110,264;-2898,519;-329,475;0,000;0,000;0,000;0,000;RRR 1.5in;24,5;1015;46;'26.07.2023 15:45:43.130;;
1603;-110,756;-2898,484;-329,474;0,000;0,000;0,000;0,000;RRR 1.5in;24,5;1015;46;'26.07.2023 15:45:43.140;;
1604;-111,261;-2898,473;-329,482;0,000;0,000;0,000;0,000;RRR 1.5in;24,5;1015;46;'26.07.2023 15:45:43.150;;
1605;-111,764;-2898,458;-329,481;0,000;0,000;0,000;0,000;RRR 1.5in;24,5;1015;46;'26.07.2023 15:45:43.160;;
1606;-112,264;-2898,433;-329,478;0,000;0,000;0,000;0,000;RRR 1.5in;24,5;1015;46;'26.07.2023 15:45:43.170;;
1607;-112,779;-2898,405;-329,481;0,000;0,000;0,000;0,000;RRR 1.5in;24,5;1015;46;'26.07.2023 15:45:43.180;;
1608;-113,289;-2898,368;-329,479;0,000;0,000;0,000;0,000;RRR 1.5in;24,5;1015;46;'26.07.2023 15:45:43.190;;
1609;-113,793;-2898,328;-329,468;0,000;0,000;0,000;0,000;RRR 1.5in;24,5;1015;46;'26.07.2023 15:45:43.200;;
1610;-114,301;-2898,302;-329,468;0,000;0,000;0,000;0,000;RRR 1.5in;24,5;1015;46;'26.07.2023 15:45:43.210;;
1611;-114,803;-2898,282;-329,473;0,000;0,000;0,000;0,000;RRR 1.5in;24,5;1015;46;'26.07.2023 15:45:43.220;;
1612;-115,293;-2898,237;-329,465;0,000;0,000;0,000;0,000;RRR 1.5in;24,5;1015;46;'26.07.2023 15:45:43.230;;
1613;-115,787;-2898,198;-329,457;0,000;0,000;0,000;0,000;RRR 1.5in;24,5;1015;46;'26.07.2023 15:45:43.240;;
1614;-116,290;-2898,181;-329,465;0,000;0,000;0,000;0,000;RRR 1.5in;24,5;1015;46;'26.07.2023 15:45:43.250;;
1615;-116,785;-2898,175;-329,479;0,000;0,000;0,000;0,000;RRR 1.5in;24,5;1015;46;'26.07.2023 15:45:43.260;;
1616;-117,280;-2898,149;-329,479;0,000;0,000;0,000;0,000;RRR 1.5in;24,5;1015;46;'26.07.2023 15:45:43.270;;
1617;-117,772;-2898,111;-329,472;0,000;0,000;0,000;0,000;RRR 1.5in;24,5;1015;46;'26.07.2023 15:45:43.280;;
1618;-118,273;-2898,084;-329,472;0,000;0,000;0,000;0,000;RRR 1.5in;24,5;1015;46;'26.07.2023 15:45:43.290;;
1619;-118,783;-2898,070;-329,479;0,000;0,000;0,000;0,000;RRR 1.5in;24,5;1015;46;'26.07.2023 15:45:43.300;;
1620;-119,294;-2898,052;-329,484;0,000;0,000;0,000;0,000;RRR 1.5in;24,5;1015;46;'26.07.2023 15:45:43.310;;
1621;-119,794;-2898,009;-329,480;0,000;0,000;0,000;0,000;RRR 1.5in;24,5;1015;46;'26.07.2023 15:45:43.320;;
1622;-120,290;-2897,960;-329,471;0,000;0,000;0,000;0,000;RRR 1.5in;24,5;1015;46;'26.07.2023 15:45:43.330;;
1623;-120,791;-2897,916;-329,462;0,000;0,000;0,000;0,000;RRR 1.5in;24,5;1015;46;'26.07.2023 15:45:43.340;;
1624;-121,282;-2897,889;-329,461;0,000;0,000;0,000;0,000;RRR 1.5in;24,5;1015;46;'26.07.2023 15:45:43.350;;
1625;-121,784;-2897,867;-329,466;0,000;0,000;0,000;0,000;RRR 1.5in;24,5;1015;46;'26.07.2023 15:45:43.360;;
1626;-122,286;-2897,835;-329,463;0,000;0,000;0,000;0,000;RRR 1.5in;24,5;1015;46;'26.07.2023 15:45:43.370;;
1627;-122,770;-2897,799;-329,455;0,000;0,000;0,000;0,000;RRR 1.5in;24,5;1015;46;'26.07.2023 15:45:43.380;;
1628;-123,274;-2897,787;-329,463;0,000;0,000;0,000;0,000;RRR 1.5in;24,5;1015;46;'26.07.2023 15:45:43.390;;
1629;-123,783;-2897,783;-329,479;0,000;0,000;0,000;0,000;RRR 1.5in;24,5;1015;46;'26.07.2023 15:45:43.400;;
1630;-124,282;-2897,751;-329,477;0,000;0,000;0,000;0,000;RRR 1.5in;24,5;1015;46;'26.07.2023 15:45:43.410;;
1631;-124,785;-2897,714;-329,471;0,000;0,000;0,000;0,000;RRR 1.5in;24,5;1015;46;'26.07.2023 15:45:43.420;;
1632;-125,301;-2897,695;-329,473;0,000;0,000;0,000;0,000;RRR 1.5in;24,5;1015;46;'26.07.2023 15:45:43.430;;
1633;-125,801;-2897,685;-329,477;0,000;0,000;0,000;0,000;RRR 1.5in;24,5;1015;46;'26.07.2023 15:45:43.440;;
1634;-126,285;-2897,665;-329,469;0,000;0,000;0,000;0,000;RRR 1.5in;24,5;1015;46;'26.07.2023 15:45:43.450;;
1635;-126,772;-2897,642;-329,466;0,000;0,000;0,000;0,000;RRR 1.5in;24,5;1015;46;'26.07.2023 15:45:43.460;;
1636;-127,268;-2897,612;-329,466;0,000;0,000;0,000;0,000;RRR 1.5in;24,5;1015;46;'26.07.2023 15:45:43.470;;
1637;-127,769;-2897,566;-329,460;0,000;0,000;0,000;0,000;RRR 1.5in;24,5;1015;46;'26.07.2023 15:45:43.480;;
1638;-128,276;-2897,523;-329,457;0,000;0,000;0,000;0,000;RRR 1.5in;24,5;1015;46;'26.07.2023 15:45:43.490;;
1639;-128,777;-2897,493;-329,462;0,000;0,000;0,000;0,000;RRR 1.5in;24,5;1015;46;'26.07.2023 15:45:43.500;;
1640;-129,267;-2897,467;-329,474;0,000;0,000;0,000;0,000;RRR 1.5in;24,5;1015;46;'26.07.2023 15:45:43.510;;
1641;-129,771;-2897,434;-329,473;0,000;0,000;0,000;0,000;RRR 1.5in;24,5;1015;46;'26.07.2023 15:45:43.520;;
1642;-130,278;-2897,408;-329,471;0,000;0,000;0,000;0,000;RRR 1.5in;24,5;1015;46;'26.07.2023 15:45:43.530;;
1643;-130,781;-2897,401;-329,477;0,000;0,000;0,000;0,000;RRR 1.5in;24,5;1015;46;'26.07.2023 15:45:43.540;;
1644;-131,283;-2897,401;-329,490;0,000;0,000;0,000;0,000;RRR 1.5in;24,5;1015;46;'26.07.2023 15:45:43.550;;
1645;-131,789;-2897,372;-329,483;0,000;0,000;0,000;0,000;RRR 1.5in;24,5;1015;46;'26.07.2023 15:45:43.560;;
1646;-132,298;-2897,324;-329,466;0,000;0,000;0,000;0,000;RRR 1.5in;24,5;1015;46;'26.07.2023 15:45:43.570;;
1647;-132,808;-2897,298;-329,465;0,000;0,000;0,000;0,000;RRR 1.5in;24,5;1015;46;'26.07.2023 15:45:43.580;;
1648;-133,308;-2897,288;-329,469;0,000;0,000;0,000;0,000;RRR 1.5in;24,5;1015;46;'26.07.2023 15:45:43.590;;
1649;-133,794;-2897,263;-329,463;0,000;0,000;0,000;0,000;RRR 1.5in;24,5;1015;46;'26.07.2023 15:45:43.600;;
1650;-134,298;-2897,214;-329,459;0,000;0,000;0,000;0,000;RRR 1.5in;24,5;1015;46;'26.07.2023 15:45:43.610;;
1651;-134,811;-2897,157;-329,461;0,000;0,000;0,000;0,000;RRR 1.5in;24,5;1015;46;'26.07.2023 15:45:43.620;;
1652;-135,305;-2897,105;-329,455;0,000;0,000;0,000;0,000;RRR 1.5in;24,5;1015;46;'26.07.2023 15:45:43.630;;
1653;-135,784;-2897,080;-329,459;0,000;0,000;0,000;0,000;RRR 1.5in;24,5;1015;46;'26.07.2023 15:45:43.640;;
1654;-136,273;-2897,070;-329,472;0,000;0,000;0,000;0,000;RRR 1.5in;24,5;1015;46;'26.07.2023 15:45:43.650;;
1655;-136,770;-2897,039;-329,474;0,000;0,000;0,000;0,000;RRR 1.5in;24,5;1015;46;'26.07.2023 15:45:43.660;;
1656;-137,268;-2896,999;-329,462;0,000;0,000;0,000;0,000;RRR 1.5in;24,5;1015;46;'26.07.2023 15:45:43.670;;
1657;-137,776;-2896,987;-329,465;0,000;0,000;0,000;0,000;RRR 1.5in;24,5;1015;46;'26.07.2023 15:45:43.680;;
1658;-138,281;-2896,992;-329,478;0,000;0,000;0,000;0,000;RRR 1.5in;24,5;1015;46;'26.07.2023 15:45:43.690;;
1659;-138,784;-2896,971;-329,474;0,000;0,000;0,000;0,000;RRR 1.5in;24,5;1015;46;'26.07.2023 15:45:43.700;;
1660;-139,299;-2896,933;-329,466;0,000;0,000;0,000;0,000;RRR 1.5in;24,5;1015;46;'26.07.2023 15:45:43.710;;
1661;-139,812;-2896,898;-329,462;0,000;0,000;0,000;0,000;RRR 1.5in;24,5;1015;46;'26.07.2023 15:45:43.720;;
1662;-140,312;-2896,871;-329,464;0,000;0,000;0,000;0,000;RRR 1.5in;24,5;1015;46;'26.07.2023 15:45:43.730;;
1663;-140,813;-2896,839;-329,466;0,000;0,000;0,000;0,000;RRR 1.5in;24,5;1015;46;'26.07.2023 15:45:43.740;;
1664;-141,313;-2896,802;-329,468;0,000;0,000;0,000;0,000;RRR 1.5in;24,5;1015;46;'26.07.2023 15:45:43.750;;
1665;-141,806;-2896,754;-329,472;0,000;0,000;0,000;0,000;RRR 1.5in;24,5;1015;46;'26.07.2023 15:45:43.760;;
1666;-142,299;-2896,707;-329,476;0,000;0,000;0,000;0,000;RRR 1.5in;24,5;1015;46;'26.07.2023 15:45:43.770;;
1667;-142,788;-2896,668;-329,472;0,000;0,000;0,000;0,000;RRR 1.5in;24,5;1015;46;'26.07.2023 15:45:43.780;;
1668;-143,278;-2896,651;-329,473;0,000;0,000;0,000;0,000;RRR 1.5in;24,5;1015;46;'26.07.2023 15:45:43.790;;
1669;-143,784;-2896,650;-329,484;0,000;0,000;0,000;0,000;RRR 1.5in;24,5;1015;46;'26.07.2023 15:45:43.800;;
1670;-144,290;-2896,636;-329,482;0,000;0,000;0,000;0,000;RRR 1.5in;24,5;1015;46;'26.07.2023 15:45:43.810;;
1671;-144,785;-2896,615;-329,465;0,000;0,000;0,000;0,000;RRR 1.5in;24,5;1015;46;'26.07.2023 15:45:43.820;;
1672;-145,283;-2896,609;-329,464;0,000;0,000;0,000;0,000;RRR 1.5in;24,5;1015;46;'26.07.2023 15:45:43.830;;
1673;-145,787;-2896,608;-329,476;0,000;0,000;0,000;0,000;RRR 1.5in;24,5;1015;46;'26.07.2023 15:45:43.840;;
1674;-146,296;-2896,571;-329,471;0,000;0,000;0,000;0,000;RRR 1.5in;24,5;1015;46;'26.07.2023 15:45:43.850;;
1675;-146,796;-2896,515;-329,458;0,000;0,000;0,000;0,000;RRR 1.5in;24,5;1015;46;'26.07.2023 15:45:43.860;;
1676;-147,305;-2896,473;-329,464;0,000;0,000;0,000;0,000;RRR 1.5in;24,5;1015;46;'26.07.2023 15:45:43.870;;
1677;-147,807;-2896,445;-329,478;0,000;0,000;0,000;0,000;RRR 1.5in;24,5;1015;46;'26.07.2023 15:45:43.880;;
1678;-148,300;-2896,407;-329,476;0,000;0,000;0,000;0,000;RRR 1.5in;24,5;1015;46;'26.07.2023 15:45:43.890;;
1679;-148,800;-2896,370;-329,481;0,000;0,000;0,000;0,000;RRR 1.5in;24,5;1015;46;'26.07.2023 15:45:43.900;;
1680;-149,300;-2896,332;-329,486;0,000;0,000;0,000;0,000;RRR 1.5in;24,5;1015;46;'26.07.2023 15:45:43.910;;
1681;-149,791;-2896,289;-329,480;0,000;0,000;0,000;0,000;RRR 1.5in;24,5;1015;46;'26.07.2023 15:45:43.920;;
1682;-150,285;-2896,262;-329,474;0,000;0,000;0,000;0,000;RRR 1.5in;24,5;1015;46;'26.07.2023 15:45:43.930;;
1683;-150,789;-2896,251;-329,479;0,000;0,000;0,000;0,000;RRR 1.5in;24,5;1015;46;'26.07.2023 15:45:43.940;;
1684;-151,287;-2896,235;-329,481;0,000;0,000;0,000;0,000;RRR 1.5in;24,5;1015;46;'26.07.2023 15:45:43.950;;
1685;-151,784;-2896,207;-329,475;0,000;0,000;0,000;0,000;RRR 1.5in;24,5;1015;46;'26.07.2023 15:45:43.960;;
1686;-152,283;-2896,184;-329,465;0,000;0,000;0,000;0,000;RRR 1.5in;24,5;1015;46;'26.07.2023 15:45:43.970;;
1687;-152,784;-2896,168;-329,467;0,000;0,000;0,000;0,000;RRR 1.5in;24,5;1015;46;'26.07.2023 15:45:43.980;;
1688;-153,287;-2896,153;-329,480;0,000;0,000;0,000;0,000;RRR 1.5in;24,5;1015;46;'26.07.2023 15:45:43.990;;
1689;-153,798;-2896,114;-329,480;0,000;0,000;0,000;0,000;RRR 1.5in;24,5;1015;46;'26.07.2023 15:45:44.000;;
1690;-154,300;-2896,062;-329,475;0,000;0,000;0,000;0,000;RRR 1.5in;24,5;1015;46;'26.07.2023 15:45:44.010;;
1691;-154,792;-2896,016;-329,473;0,000;0,000;0,000;0,000;RRR 1.5in;24,5;1015;46;'26.07.2023 15:45:44.020;;
1692;-155,287;-2895,989;-329,480;0,000;0,000;0,000;0,000;RRR 1.5in;24,5;1015;46;'26.07.2023 15:45:44.030;;
1693;-155,775;-2895,966;-329,478;0,000;0,000;0,000;0,000;RRR 1.5in;24,5;1015;46;'26.07.2023 15:45:44.040;;
1694;-156,266;-2895,938;-329,478;0,000;0,000;0,000;0,000;RRR 1.5in;24,5;1015;46;'26.07.2023 15:45:44.050;;
1695;-156,773;-2895,906;-329,483;0,000;0,000;0,000;0,000;RRR 1.5in;24,5;1015;46;'26.07.2023 15:45:44.060;;
1696;-157,275;-2895,862;-329,480;0,000;0,000;0,000;0,000;RRR 1.5in;24,5;1015;46;'26.07.2023 15:45:44.070;;
1697;-157,766;-2895,828;-329,472;0,000;0,000;0,000;0,000;RRR 1.5in;24,5;1015;46;'26.07.2023 15:45:44.080;;
1698;-158,267;-2895,821;-329,483;0,000;0,000;0,000;0,000;RRR 1.5in;24,5;1015;46;'26.07.2023 15:45:44.090;;
1699;-158,774;-2895,822;-329,498;0,000;0,000;0,000;0,000;RRR 1.5in;24,5;1015;46;'26.07.2023 15:45:44.100;;
1700;-159,274;-2895,794;-329,490;0,000;0,000;0,000;0,000;RRR 1.5in;24,5;1015;46;'26.07.2023 15:45:44.110;;
1701;-159,770;-2895,769;-329,483;0,000;0,000;0,000;0,000;RRR 1.5in;24,5;1015;46;'26.07.2023 15:45:44.120;;
1702;-160,277;-2895,760;-329,493;0,000;0,000;0,000;0,000;RRR 1.5in;24,5;1015;46;'26.07.2023 15:45:44.130;;
1703;-160,770;-2895,741;-329,502;0,000;0,000;0,000;0,000;RRR 1.5in;24,5;1015;46;'26.07.2023 15:45:44.140;;
1704;-161,268;-2895,685;-329,491;0,000;0,000;0,000;0,000;RRR 1.5in;24,5;1015;46;'26.07.2023 15:45:44.150;;
1705;-161,766;-2895,629;-329,483;0,000;0,000;0,000;0,000;RRR 1.5in;24,5;1015;46;'26.07.2023 15:45:44.160;;
1706;-162,266;-2895,595;-329,484;0,000;0,000;0,000;0,000;RRR 1.5in;24,5;1015;46;'26.07.2023 15:45:44.170;;
1707;-162,764;-2895,572;-329,487;0,000;0,000;0,000;0,000;RRR 1.5in;24,5;1015;46;'26.07.2023 15:45:44.180;;
1708;-163,267;-2895,546;-329,482;0,000;0,000;0,000;0,000;RRR 1.5in;24,5;1015;46;'26.07.2023 15:45:44.190;;
1709;-163,776;-2895,524;-329,488;0,000;0,000;0,000;0,000;RRR 1.5in;24,5;1015;46;'26.07.2023 15:45:44.200;;
1710;-164,280;-2895,497;-329,496;0,000;0,000;0,000;0,000;RRR 1.5in;24,5;1015;46;'26.07.2023 15:45:44.210;;
1711;-164,779;-2895,452;-329,493;0,000;0,000;0,000;0,000;RRR 1.5in;24,5;1015;46;'26.07.2023 15:45:44.220;;
1712;-165,276;-2895,413;-329,486;0,000;0,000;0,000;0,000;RRR 1.5in;24,5;1015;46;'26.07.2023 15:45:44.230;;
1713;-165,768;-2895,402;-329,493;0,000;0,000;0,000;0,000;RRR 1.5in;24,5;1015;46;'26.07.2023 15:45:44.240;;
1714;-166,264;-2895,407;-329,514;0,000;0,000;0,000;0,000;RRR 1.5in;24,5;1015;46;'26.07.2023 15:45:44.250;;
1715;-166,757;-2895,383;-329,514;0,000;0,000;0,000;0,000;RRR 1.5in;24,5;1015;46;'26.07.2023 15:45:44.260;;
1716;-167,245;-2895,337;-329,497;0,000;0,000;0,000;0,000;RRR 1.5in;24,5;1015;46;'26.07.2023 15:45:44.270;;
1717;-167,741;-2895,305;-329,498;0,000;0,000;0,000;0,000;RRR 1.5in;24,5;1015;46;'26.07.2023 15:45:44.280;;
1718;-168,245;-2895,286;-329,511;0,000;0,000;0,000;0,000;RRR 1.5in;24,5;1015;46;'26.07.2023 15:45:44.290;;
1719;-168,744;-2895,244;-329,500;0,000;0,000;0,000;0,000;RRR 1.5in;24,5;1015;46;'26.07.2023 15:45:44.300;;
1720;-169,248;-2895,199;-329,489;0,000;0,000;0,000;0,000;RRR 1.5in;24,5;1015;46;'26.07.2023 15:45:44.310;;
1721;-169,760;-2895,173;-329,491;0,000;0,000;0,000;0,000;RRR 1.5in;24,5;1015;46;'26.07.2023 15:45:44.320;;
1722;-170,261;-2895,155;-329,495;0,000;0,000;0,000;0,000;RRR 1.5in;24,5;1015;46;'26.07.2023 15:45:44.330;;
1723;-170,752;-2895,131;-329,493;0,000;0,000;0,000;0,000;RRR 1.5in;24,5;1015;46;'26.07.2023 15:45:44.340;;
1724;-171,246;-2895,103;-329,494;0,000;0,000;0,000;0,000;RRR 1.5in;24,5;1015;46;'26.07.2023 15:45:44.350;;
1725;-171,754;-2895,066;-329,502;0,000;0,000;0,000;0,000;RRR 1.5in;24,5;1015;46;'26.07.2023 15:45:44.360;;
1726;-172,252;-2895,022;-329,500;0,000;0,000;0,000;0,000;RRR 1.5in;24,5;1015;46;'26.07.2023 15:45:44.370;;
1727;-172,742;-2894,993;-329,496;0,000;0,000;0,000;0,000;RRR 1.5in;24,5;1015;46;'26.07.2023 15:45:44.380;;
1728;-173,226;-2894,988;-329,501;0,000;0,000;0,000;0,000;RRR 1.5in;24,5;1015;46;'26.07.2023 15:45:44.390;;
1729;-173,703;-2894,981;-329,507;0,000;0,000;0,000;0,000;RRR 1.5in;24,5;1015;46;'26.07.2023 15:45:44.400;;
1730;-174,200;-2894,944;-329,496;0,000;0,000;0,000;0,000;RRR 1.5in;24,5;1015;46;'26.07.2023 15:45:44.410;;
1731;-174,705;-2894,903;-329,482;0,000;0,000;0,000;0,000;RRR 1.5in;24,5;1015;46;'26.07.2023 15:45:44.420;;
1732;-175,206;-2894,873;-329,484;0,000;0,000;0,000;0,000;RRR 1.5in;24,5;1015;46;'26.07.2023 15:45:44.430;;
1733;-175,705;-2894,853;-329,498;0,000;0,000;0,000;0,000;RRR 1.5in;24,5;1015;46;'26.07.2023 15:45:44.440;;
1734;-176,216;-2894,807;-329,496;0,000;0,000;0,000;0,000;RRR 1.5in;24,5;1015;46;'26.07.2023 15:45:44.450;;
1735;-176,723;-2894,749;-329,487;0,000;0,000;0,000;0,000;RRR 1.5in;24,5;1015;46;'26.07.2023 15:45:44.460;;
1736;-177,227;-2894,717;-329,491;0,000;0,000;0,000;0,000;RRR 1.5in;24,5;1015;46;'26.07.2023 15:45:44.470;;
1737;-177,727;-2894,714;-329,504;0,000;0,000;0,000;0,000;RRR 1.5in;24,5;1015;46;'26.07.2023 15:45:44.480;;
1738;-178,217;-2894,698;-329,498;0,000;0,000;0,000;0,000;RRR 1.5in;24,5;1015;46;'26.07.2023 15:45:44.490;;
1739;-178,712;-2894,668;-329,489;0,000;0,000;0,000;0,000;RRR 1.5in;24,5;1015;46;'26.07.2023 15:45:44.500;;
1740;-179,220;-2894,639;-329,493;0,000;0,000;0,000;0,000;RRR 1.5in;24,5;1015;46;'26.07.2023 15:45:44.510;;
1741;-179,714;-2894,608;-329,496;0,000;0,000;0,000;0,000;RRR 1.5in;24,5;1015;46;'26.07.2023 15:45:44.520;;
1742;-180,194;-2894,570;-329,483;0,000;0,000;0,000;0,000;RRR 1.5in;24,5;1015;46;'26.07.2023 15:45:44.530;;
1743;-180,678;-2894,548;-329,477;0,000;0,000;0,000;0,000;RRR 1.5in;24,5;1015;46;'26.07.2023 15:45:44.540;;
1744;-181,176;-2894,548;-329,493;0,000;0,000;0,000;0,000;RRR 1.5in;24,5;1015;46;'26.07.2023 15:45:44.550;;
1745;-181,679;-2894,526;-329,497;0,000;0,000;0,000;0,000;RRR 1.5in;24,5;1015;46;'26.07.2023 15:45:44.560;;
1746;-182,172;-2894,471;-329,482;0,000;0,000;0,000;0,000;RRR 1.5in;24,5;1015;46;'26.07.2023 15:45:44.570;;
1747;-182,668;-2894,419;-329,477;0,000;0,000;0,000;0,000;RRR 1.5in;24,5;1015;46;'26.07.2023 15:45:44.580;;
1748;-183,175;-2894,395;-329,488;0,000;0,000;0,000;0,000;RRR 1.5in;24,5;1015;46;'26.07.2023 15:45:44.590;;
1749;-183,679;-2894,365;-329,488;0,000;0,000;0,000;0,000;RRR 1.5in;24,5;1015;46;'26.07.2023 15:45:44.600;;
1750;-184,181;-2894,333;-329,482;0,000;0,000;0,000;0,000;RRR 1.5in;24,5;1015;46;'26.07.2023 15:45:44.610;;
1751;-184,689;-2894,305;-329,481;0,000;0,000;0,000;0,000;RRR 1.5in;24,5;1015;46;'26.07.2023 15:45:44.620;;
1752;-185,193;-2894,282;-329,483;0,000;0,000;0,000;0,000;RRR 1.5in;24,5;1015;46;'26.07.2023 15:45:44.630;;
1753;-185,694;-2894,247;-329,482;0,000;0,000;0,000;0,000;RRR 1.5in;24,5;1015;46;'26.07.2023 15:45:44.640;;
1754;-186,182;-2894,219;-329,481;0,000;0,000;0,000;0,000;RRR 1.5in;24,5;1015;46;'26.07.2023 15:45:44.650;;
1755;-186,670;-2894,193;-329,490;0,000;0,000;0,000;0,000;RRR 1.5in;24,5;1015;46;'26.07.2023 15:45:44.660;;
1756;-187,166;-2894,167;-329,499;0,000;0,000;0,000;0,000;RRR 1.5in;24,5;1015;46;'26.07.2023 15:45:44.670;;
1757;-187,674;-2894,130;-329,491;0,000;0,000;0,000;0,000;RRR 1.5in;24,5;1015;46;'26.07.2023 15:45:44.680;;
1758;-188,172;-2894,110;-329,485;0,000;0,000;0,000;0,000;RRR 1.5in;24,5;1015;46;'26.07.2023 15:45:44.690;;
1759;-188,659;-2894,111;-329,493;0,000;0,000;0,000;0,000;RRR 1.5in;24,5;1015;46;'26.07.2023 15:45:44.700;;
1760;-189,150;-2894,097;-329,498;0,000;0,000;0,000;0,000;RRR 1.5in;24,5;1015;46;'26.07.2023 15:45:44.710;;
1761;-189,655;-2894,045;-329,483;0,000;0,000;0,000;0,000;RRR 1.5in;24,5;1015;46;'26.07.2023 15:45:44.720;;
1762;-190,167;-2893,991;-329,473;0,000;0,000;0,000;0,000;RRR 1.5in;24,5;1015;46;'26.07.2023 15:45:44.730;;
1763;-190,675;-2893,970;-329,483;0,000;0,000;0,000;0,000;RRR 1.5in;24,5;1015;46;'26.07.2023 15:45:44.740;;
1764;-191,170;-2893,955;-329,493;0,000;0,000;0,000;0,000;RRR 1.5in;24,5;1015;46;'26.07.2023 15:45:44.750;;
1765;-191,661;-2893,903;-329,481;0,000;0,000;0,000;0,000;RRR 1.5in;24,5;1015;46;'26.07.2023 15:45:44.760;;
1766;-192,161;-2893,841;-329,467;0,000;0,000;0,000;0,000;RRR 1.5in;24,5;1015;46;'26.07.2023 15:45:44.770;;
1767;-192,670;-2893,817;-329,476;0,000;0,000;0,000;0,000;RRR 1.5in;24,5;1015;46;'26.07.2023 15:45:44.780;;
1768;-193,172;-2893,811;-329,483;0,000;0,000;0,000;0,000;RRR 1.5in;24,5;1015;46;'26.07.2023 15:45:44.790;;
1769;-193,658;-2893,788;-329,475;0,000;0,000;0,000;0,000;RRR 1.5in;24,5;1015;46;'26.07.2023 15:45:44.800;;
1770;-194,159;-2893,761;-329,473;0,000;0,000;0,000;0,000;RRR 1.5in;24,5;1015;46;'26.07.2023 15:45:44.810;;
1771;-194,668;-2893,747;-329,482;0,000;0,000;0,000;0,000;RRR 1.5in;24,5;1015;46;'26.07.2023 15:45:44.820;;
1772;-195,163;-2893,718;-329,483;0,000;0,000;0,000;0,000;RRR 1.5in;24,5;1015;46;'26.07.2023 15:45:44.830;;
1773;-195,650;-2893,679;-329,474;0,000;0,000;0,000;0,000;RRR 1.5in;24,5;1015;46;'26.07.2023 15:45:44.840;;
1774;-196,141;-2893,649;-329,473;0,000;0,000;0,000;0,000;RRR 1.5in;24,5;1015;46;'26.07.2023 15:45:44.850;;
1775;-196,648;-2893,635;-329,486;0,000;0,000;0,000;0,000;RRR 1.5in;24,5;1015;46;'26.07.2023 15:45:44.860;;
1776;-197,151;-2893,601;-329,489;0,000;0,000;0,000;0,000;RRR 1.5in;24,5;1015;46;'26.07.2023 15:45:44.870;;
1777;-197,646;-2893,551;-329,478;0,000;0,000;0,000;0,000;RRR 1.5in;24,5;1015;46;'26.07.2023 15:45:44.880;;
1778;-198,136;-2893,511;-329,476;0,000;0,000;0,000;0,000;RRR 1.5in;24,5;1015;46;'26.07.2023 15:45:44.890;;
1779;-198,640;-2893,490;-329,485;0,000;0,000;0,000;0,000;RRR 1.5in;24,5;1015;46;'26.07.2023 15:45:44.900;;
1780;-199,157;-2893,455;-329,486;0,000;0,000;0,000;0,000;RRR 1.5in;24,5;1015;46;'26.07.2023 15:45:44.910;;
1781;-199,665;-2893,411;-329,480;0,000;0,000;0,000;0,000;RRR 1.5in;24,5;1015;46;'26.07.2023 15:45:44.920;;
1782;-200,167;-2893,373;-329,480;0,000;0,000;0,000;0,000;RRR 1.5in;24,5;1015;46;'26.07.2023 15:45:44.930;;
1783;-200,661;-2893,353;-329,483;0,000;0,000;0,000;0,000;RRR 1.5in;24,5;1015;46;'26.07.2023 15:45:44.940;;
1784;-201,156;-2893,331;-329,481;0,000;0,000;0,000;0,000;RRR 1.5in;24,5;1015;46;'26.07.2023 15:45:44.950;;
1785;-201,643;-2893,314;-329,477;0,000;0,000;0,000;0,000;RRR 1.5in;24,5;1015;46;'26.07.2023 15:45:44.960;;
1786;-202,131;-2893,302;-329,484;0,000;0,000;0,000;0,000;RRR 1.5in;24,5;1015;46;'26.07.2023 15:45:44.970;;
1787;-202,635;-2893,286;-329,494;0,000;0,000;0,000;0,000;RRR 1.5in;24,5;1015;46;'26.07.2023 15:45:44.980;;
1788;-203,140;-2893,236;-329,481;0,000;0,000;0,000;0,000;RRR 1.5in;24,5;1015;46;'26.07.2023 15:45:44.990;;
1789;-203,630;-2893,187;-329,467;0,000;0,000;0,000;0,000;RRR 1.5in;24,5;1015;46;'26.07.2023 15:45:45.000;;
1790;-204,125;-2893,172;-329,478;0,000;0,000;0,000;0,000;RRR 1.5in;24,5;1015;46;'26.07.2023 15:45:45.010;;
1791;-204,624;-2893,161;-329,487;0,000;0,000;0,000;0,000;RRR 1.5in;24,5;1015;46;'26.07.2023 15:45:45.020;;
1792;-205,131;-2893,111;-329,478;0,000;0,000;0,000;0,000;RRR 1.5in;24,5;1015;46;'26.07.2023 15:45:45.030;;
1793;-205,642;-2893,059;-329,468;0,000;0,000;0,000;0,000;RRR 1.5in;24,5;1015;46;'26.07.2023 15:45:45.040;;
1794;-206,152;-2893,042;-329,483;0,000;0,000;0,000;0,000;RRR 1.5in;24,5;1015;46;'26.07.2023 15:45:45.050;;
1795;-206,649;-2893,029;-329,499;0,000;0,000;0,000;0,000;RRR 1.5in;24,5;1015;46;'26.07.2023 15:45:45.060;;
1796;-207,147;-2892,978;-329,491;0,000;0,000;0,000;0,000;RRR 1.5in;24,5;1015;46;'26.07.2023 15:45:45.070;;
1797;-207,647;-2892,918;-329,479;0,000;0,000;0,000;0,000;RRR 1.5in;24,5;1015;46;'26.07.2023 15:45:45.080;;
1798;-208,151;-2892,892;-329,481;0,000;0,000;0,000;0,000;RRR 1.5in;24,5;1015;46;'26.07.2023 15:45:45.090;;
1799;-208,645;-2892,888;-329,489;0,000;0,000;0,000;0,000;RRR 1.5in;24,5;1015;46;'26.07.2023 15:45:45.100;;
1800;-209,137;-2892,872;-329,483;0,000;0,000;0,000;0,000;RRR 1.5in;24,5;1015;46;'26.07.2023 15:45:45.110;;
1801;-209,624;-2892,849;-329,479;0,000;0,000;0,000;0,000;RRR 1.5in;24,5;1015;46;'26.07.2023 15:45:45.120;;
1802;-210,126;-2892,831;-329,484;0,000;0,000;0,000;0,000;RRR 1.5in;24,5;1015;46;'26.07.2023 15:45:45.130;;
1803;-210,620;-2892,803;-329,493;0,000;0,000;0,000;0,000;RRR 1.5in;24,5;1015;46;'26.07.2023 15:45:45.140;;
1804;-211,123;-2892,756;-329,485;0,000;0,000;0,000;0,000;RRR 1.5in;24,5;1015;46;'26.07.2023 15:45:45.150;;
1805;-211,617;-2892,716;-329,477;0,000;0,000;0,000;0,000;RRR 1.5in;24,5;1015;46;'26.07.2023 15:45:45.160;;
1806;-212,116;-2892,712;-329,488;0,000;0,000;0,000;0,000;RRR 1.5in;24,5;1015;46;'26.07.2023 15:45:45.170;;
1807;-212,619;-2892,706;-329,500;0,000;0,000;0,000;0,000;RRR 1.5in;24,5;1015;46;'26.07.2023 15:45:45.180;;
1808;-213,115;-2892,660;-329,489;0,000;0,000;0,000;0,000;RRR 1.5in;24,5;1015;46;'26.07.2023 15:45:45.190;;
1809;-213,612;-2892,603;-329,469;0,000;0,000;0,000;0,000;RRR 1.5in;24,5;1015;46;'26.07.2023 15:45:45.200;;
1810;-214,122;-2892,586;-329,474;0,000;0,000;0,000;0,000;RRR 1.5in;24,5;1015;46;'26.07.2023 15:45:45.210;;
1811;-214,629;-2892,578;-329,486;0,000;0,000;0,000;0,000;RRR 1.5in;24,5;1015;46;'26.07.2023 15:45:45.220;;
1812;-215,131;-2892,536;-329,474;0,000;0,000;0,000;0,000;RRR 1.5in;24,5;1015;46;'26.07.2023 15:45:45.230;;
1813;-215,630;-2892,485;-329,464;0,000;0,000;0,000;0,000;RRR 1.5in;24,5;1015;46;'26.07.2023 15:45:45.240;;
1814;-216,130;-2892,465;-329,475;0,000;0,000;0,000;0,000;RRR 1.5in;24,5;1015;46;'26.07.2023 15:45:45.250;;
1815;-216,623;-2892,451;-329,487;0,000;0,000;0,000;0,000;RRR 1.5in;24,5;1015;46;'26.07.2023 15:45:45.260;;
1816;-217,113;-2892,421;-329,485;0,000;0,000;0,000;0,000;RRR 1.5in;24,5;1015;46;'26.07.2023 15:45:45.270;;
1817;-217,603;-2892,392;-329,483;0,000;0,000;0,000;0,000;RRR 1.5in;24,5;1015;46;'26.07.2023 15:45:45.280;;
1818;-218,107;-2892,380;-329,494;0,000;0,000;0,000;0,000;RRR 1.5in;24,5;1015;46;'26.07.2023 15:45:45.290;;
1819;-218,601;-2892,351;-329,501;0,000;0,000;0,000;0,000;RRR 1.5in;24,5;1015;46;'26.07.2023 15:45:45.300;;
1820;-219,089;-2892,295;-329,486;0,000;0,000;0,000;0,000;RRR 1.5in;24,5;1015;46;'26.07.2023 15:45:45.310;;
1821;-219,590;-2892,258;-329,479;0,000;0,000;0,000;0,000;RRR 1.5in;24,5;1015;46;'26.07.2023 15:45:45.320;;
1822;-220,101;-2892,253;-329,489;0,000;0,000;0,000;0,000;RRR 1.5in;24,5;1015;46;'26.07.2023 15:45:45.330;;
1823;-220,601;-2892,234;-329,493;0,000;0,000;0,000;0,000;RRR 1.5in;24,5;1015;46;'26.07.2023 15:45:45.340;;
1824;-221,109;-2892,190;-329,483;0,000;0,000;0,000;0,000;RRR 1.5in;24,5;1015;46;'26.07.2023 15:45:45.350;;
1825;-221,610;-2892,146;-329,472;0,000;0,000;0,000;0,000;RRR 1.5in;24,5;1015;46;'26.07.2023 15:45:45.360;;
1826;-222,117;-2892,123;-329,478;0,000;0,000;0,000;0,000;RRR 1.5in;24,5;1015;46;'26.07.2023 15:45:45.370;;
1827;-222,624;-2892,103;-329,492;0,000;0,000;0,000;0,000;RRR 1.5in;24,5;1015;46;'26.07.2023 15:45:45.380;;
1828;-223,124;-2892,057;-329,482;0,000;0,000;0,000;0,000;RRR 1.5in;24,5;1015;46;'26.07.2023 15:45:45.390;;
1829;-223,619;-2892,013;-329,474;0,000;0,000;0,000;0,000;RRR 1.5in;24,5;1015;46;'26.07.2023 15:45:45.400;;
1830;-224,124;-2892,004;-329,485;0,000;0,000;0,000;0,000;RRR 1.5in;24,5;1015;46;'26.07.2023 15:45:45.410;;
1831;-224,623;-2892,003;-329,496;0,000;0,000;0,000;0,000;RRR 1.5in;24,5;1015;46;'26.07.2023 15:45:45.420;;
1832;-225,113;-2891,982;-329,486;0,000;0,000;0,000;0,000;RRR 1.5in;24,5;1015;46;'26.07.2023 15:45:45.430;;
1833;-225,594;-2891,954;-329,479;0,000;0,000;0,000;0,000;RRR 1.5in;24,5;1015;46;'26.07.2023 15:45:45.440;;
1834;-226,094;-2891,928;-329,491;0,000;0,000;0,000;0,000;RRR 1.5in;24,5;1015;46;'26.07.2023 15:45:45.450;;
1835;-226,597;-2891,885;-329,498;0,000;0,000;0,000;0,000;RRR 1.5in;24,5;1015;46;'26.07.2023 15:45:45.460;;
1836;-227,091;-2891,821;-329,481;0,000;0,000;0,000;0,000;RRR 1.5in;24,5;1015;46;'26.07.2023 15:45:45.470;;
1837;-227,575;-2891,794;-329,478;0,000;0,000;0,000;0,000;RRR 1.5in;24,5;1015;46;'26.07.2023 15:45:45.480;;
1838;-228,081;-2891,804;-329,496;0,000;0,000;0,000;0,000;RRR 1.5in;24,5;1015;46;'26.07.2023 15:45:45.490;;
1839;-228,592;-2891,785;-329,503;0,000;0,000;0,000;0,000;RRR 1.5in;24,5;1015;46;'26.07.2023 15:45:45.500;;
1840;-229,101;-2891,725;-329,486;0,000;0,000;0,000;0,000;RRR 1.5in;24,5;1015;46;'26.07.2023 15:45:45.510;;
1841;-229,604;-2891,683;-329,477;0,000;0,000;0,000;0,000;RRR 1.5in;24,5;1015;46;'26.07.2023 15:45:45.520;;
1842;-230,115;-2891,675;-329,490;0,000;0,000;0,000;0,000;RRR 1.5in;24,5;1015;46;'26.07.2023 15:45:45.530;;
1843;-230,618;-2891,655;-329,497;0,000;0,000;0,000;0,000;RRR 1.5in;24,5;1015;46;'26.07.2023 15:45:45.540;;
1844;-231,120;-2891,610;-329,483;0,000;0,000;0,000;0,000;RRR 1.5in;24,5;1015;46;'26.07.2023 15:45:45.550;;
1845;-231,612;-2891,580;-329,479;0,000;0,000;0,000;0,000;RRR 1.5in;24,5;1015;46;'26.07.2023 15:45:45.560;;
1846;-232,098;-2891,568;-329,487;0,000;0,000;0,000;0,000;RRR 1.5in;24,5;1015;46;'26.07.2023 15:45:45.570;;
1847;-232,588;-2891,544;-329,493;0,000;0,000;0,000;0,000;RRR 1.5in;24,5;1015;46;'26.07.2023 15:45:45.580;;
1848;-233,094;-2891,509;-329,484;0,000;0,000;0,000;0,000;RRR 1.5in;24,5;1015;46;'26.07.2023 15:45:45.590;;
1849;-233,578;-2891,486;-329,485;0,000;0,000;0,000;0,000;RRR 1.5in;24,5;1015;46;'26.07.2023 15:45:45.600;;
1850;-234,065;-2891,476;-329,502;0,000;0,000;0,000;0,000;RRR 1.5in;24,5;1015;46;'26.07.2023 15:45:45.610;;
1851;-234,570;-2891,440;-329,511;0,000;0,000;0,000;0,000;RRR 1.5in;24,5;1015;46;'26.07.2023 15:45:45.620;;
1852;-235,087;-2891,367;-329,493;0,000;0,000;0,000;0,000;RRR 1.5in;24,5;1015;46;'26.07.2023 15:45:45.630;;
1853;-235,589;-2891,323;-329,482;0,000;0,000;0,000;0,000;RRR 1.5in;24,5;1015;46;'26.07.2023 15:45:45.640;;
1854;-236,085;-2891,335;-329,501;0,000;0,000;0,000;0,000;RRR 1.5in;24,5;1015;46;'26.07.2023 15:45:45.650;;
1855;-236,578;-2891,330;-329,512;0,000;0,000;0,000;0,000;RRR 1.5in;24,5;1015;46;'26.07.2023 15:45:45.660;;
1856;-237,092;-2891,264;-329,491;0,000;0,000;0,000;0,000;RRR 1.5in;24,5;1015;46;'26.07.2023 15:45:45.670;;
1857;-237,604;-2891,201;-329,474;0,000;0,000;0,000;0,000;RRR 1.5in;24,5;1015;46;'26.07.2023 15:45:45.680;;
1858;-238,113;-2891,197;-329,493;0,000;0,000;0,000;0,000;RRR 1.5in;24,5;1015;46;'26.07.2023 15:45:45.690;;
1859;-238,607;-2891,199;-329,511;0,000;0,000;0,000;0,000;RRR 1.5in;24,5;1015;46;'26.07.2023 15:45:45.700;;
1860;-239,101;-2891,146;-329,495;0,000;0,000;0,000;0,000;RRR 1.5in;24,5;1015;46;'26.07.2023 15:45:45.710;;
1861;-239,602;-2891,091;-329,482;0,000;0,000;0,000;0,000;RRR 1.5in;24,5;1015;46;'26.07.2023 15:45:45.720;;
1862;-240,111;-2891,088;-329,505;0,000;0,000;0,000;0,000;RRR 1.5in;24,5;1015;46;'26.07.2023 15:45:45.730;;
1863;-240,597;-2891,089;-329,525;0,000;0,000;0,000;0,000;RRR 1.5in;24,5;1015;46;'26.07.2023 15:45:45.740;;
1864;-241,079;-2891,040;-329,512;0,000;0,000;0,000;0,000;RRR 1.5in;24,5;1015;46;'26.07.2023 15:45:45.750;;
1865;-241,571;-2890,995;-329,500;0,000;0,000;0,000;0,000;RRR 1.5in;24,5;1015;46;'26.07.2023 15:45:45.760;;
1866;-242,080;-2890,986;-329,515;0,000;0,000;0,000;0,000;RRR 1.5in;24,5;1015;46;'26.07.2023 15:45:45.770;;
1867;-242,571;-2890,971;-329,529;0,000;0,000;0,000;0,000;RRR 1.5in;24,5;1015;46;'26.07.2023 15:45:45.780;;
1868;-243,075;-2890,916;-329,512;0,000;0,000;0,000;0,000;RRR 1.5in;24,5;1015;46;'26.07.2023 15:45:45.790;;
1869;-243,584;-2890,862;-329,492;0,000;0,000;0,000;0,000;RRR 1.5in;24,5;1015;46;'26.07.2023 15:45:45.800;;
1870;-244,091;-2890,856;-329,500;0,000;0,000;0,000;0,000;RRR 1.5in;24,5;1015;46;'26.07.2023 15:45:45.810;;
1871;-244,589;-2890,868;-329,520;0,000;0,000;0,000;0,000;RRR 1.5in;24,5;1015;46;'26.07.2023 15:45:45.820;;
1872;-245,086;-2890,831;-329,515;0,000;0,000;0,000;0,000;RRR 1.5in;24,5;1015;46;'26.07.2023 15:45:45.830;;
1873;-245,584;-2890,756;-329,493;0,000;0,000;0,000;0,000;RRR 1.5in;24,5;1015;46;'26.07.2023 15:45:45.840;;
1874;-246,091;-2890,713;-329,498;0,000;0,000;0,000;0,000;RRR 1.5in;24,5;1015;46;'26.07.2023 15:45:45.850;;
1875;-246,594;-2890,713;-329,530;0,000;0,000;0,000;0,000;RRR 1.5in;24,5;1015;46;'26.07.2023 15:45:45.860;;
1876;-247,090;-2890,686;-329,536;0,000;0,000;0,000;0,000;RRR 1.5in;24,5;1015;46;'26.07.2023 15:45:45.870;;
1877;-247,577;-2890,626;-329,518;0,000;0,000;0,000;0,000;RRR 1.5in;24,5;1015;46;'26.07.2023 15:45:45.880;;
1878;-248,082;-2890,597;-329,526;0,000;0,000;0,000;0,000;RRR 1.5in;24,5;1015;46;'26.07.2023 15:45:45.890;;
1879;-248,587;-2890,607;-329,550;0,000;0,000;0,000;0,000;RRR 1.5in;24,5;1015;46;'26.07.2023 15:45:45.900;;
1880;-249,074;-2890,589;-329,545;0,000;0,000;0,000;0,000;RRR 1.5in;24,5;1015;46;'26.07.2023 15:45:45.910;;
1881;-249,553;-2890,546;-329,521;0,000;0,000;0,000;0,000;RRR 1.5in;24,5;1015;46;'26.07.2023 15:45:45.920;;
1882;-250,049;-2890,525;-329,517;0,000;0,000;0,000;0,000;RRR 1.5in;24,5;1015;46;'26.07.2023 15:45:45.930;;
1883;-250,564;-2890,519;-329,535;0,000;0,000;0,000;0,000;RRR 1.5in;24,5;1015;46;'26.07.2023 15:45:45.940;;
1884;-251,068;-2890,471;-329,532;0,000;0,000;0,000;0,000;RRR 1.5in;24,5;1015;46;'26.07.2023 15:45:45.950;;
1885;-251,557;-2890,396;-329,506;0,000;0,000;0,000;0,000;RRR 1.5in;24,5;1015;46;'26.07.2023 15:45:45.960;;
1886;-252,059;-2890,365;-329,507;0,000;0,000;0,000;0,000;RRR 1.5in;24,5;1015;46;'26.07.2023 15:45:45.970;;
1887;-252,578;-2890,373;-329,530;0,000;0,000;0,000;0,000;RRR 1.5in;24,5;1015;46;'26.07.2023 15:45:45.980;;
1888;-253,088;-2890,354;-329,536;0,000;0,000;0,000;0,000;RRR 1.5in;24,5;1015;46;'26.07.2023 15:45:45.990;;
1889;-253,595;-2890,304;-329,524;0,000;0,000;0,000;0,000;RRR 1.5in;24,5;1015;46;'26.07.2023 15:45:46.000;;
1890;-254,087;-2890,261;-329,519;0,000;0,000;0,000;0,000;RRR 1.5in;24,5;1015;46;'26.07.2023 15:45:46.010;;
1891;-254,583;-2890,240;-329,527;0,000;0,000;0,000;0,000;RRR 1.5in;24,5;1015;46;'26.07.2023 15:45:46.020;;
1892;-255,083;-2890,221;-329,534;0,000;0,000;0,000;0,000;RRR 1.5in;24,5;1015;46;'26.07.2023 15:45:46.030;;
1893;-255,576;-2890,179;-329,520;0,000;0,000;0,000;0,000;RRR 1.5in;24,5;1015;46;'26.07.2023 15:45:46.040;;
1894;-256,051;-2890,143;-329,510;0,000;0,000;0,000;0,000;RRR 1.5in;24,5;1015;46;'26.07.2023 15:45:46.050;;
1895;-256,542;-2890,138;-329,519;0,000;0,000;0,000;0,000;RRR 1.5in;24,5;1015;46;'26.07.2023 15:45:46.060;;
1896;-257,042;-2890,132;-329,531;0,000;0,000;0,000;0,000;RRR 1.5in;24,5;1015;46;'26.07.2023 15:45:46.070;;
1897;-257,542;-2890,098;-329,522;0,000;0,000;0,000;0,000;RRR 1.5in;24,5;1015;46;'26.07.2023 15:45:46.080;;
1898;-258,027;-2890,067;-329,515;0,000;0,000;0,000;0,000;RRR 1.5in;24,5;1015;46;'26.07.2023 15:45:46.090;;
1899;-258,528;-2890,054;-329,529;0,000;0,000;0,000;0,000;RRR 1.5in;24,5;1015;46;'26.07.2023 15:45:46.100;;
1900;-259,046;-2890,027;-329,541;0,000;0,000;0,000;0,000;RRR 1.5in;24,5;1015;46;'26.07.2023 15:45:46.110;;
1901;-259,565;-2889,959;-329,525;0,000;0,000;0,000;0,000;RRR 1.5in;24,5;1015;46;'26.07.2023 15:45:46.120;;
1902;-260,056;-2889,910;-329,508;0,000;0,000;0,000;0,000;RRR 1.5in;24,5;1015;46;'26.07.2023 15:45:46.130;;
1903;-260,547;-2889,919;-329,520;0,000;0,000;0,000;0,000;RRR 1.5in;24,5;1015;46;'26.07.2023 15:45:46.140;;
1904;-261,044;-2889,927;-329,534;0,000;0,000;0,000;0,000;RRR 1.5in;24,5;1015;46;'26.07.2023 15:45:46.150;;
1905;-261,552;-2889,875;-329,518;0,000;0,000;0,000;0,000;RRR 1.5in;24,5;1015;46;'26.07.2023 15:45:46.160;;
1906;-262,047;-2889,814;-329,503;0,000;0,000;0,000;0,000;RRR 1.5in;24,5;1015;46;'26.07.2023 15:45:46.170;;
1907;-262,540;-2889,793;-329,517;0,000;0,000;0,000;0,000;RRR 1.5in;24,5;1015;46;'26.07.2023 15:45:46.180;;
1908;-263,031;-2889,775;-329,530;0,000;0,000;0,000;0,000;RRR 1.5in;24,5;1015;46;'26.07.2023 15:45:46.190;;
1909;-263,525;-2889,726;-329,522;0,000;0,000;0,000;0,000;RRR 1.5in;24,5;1015;46;'26.07.2023 15:45:46.200;;
1910;-264,020;-2889,685;-329,509;0,000;0,000;0,000;0,000;RRR 1.5in;24,5;1015;46;'26.07.2023 15:45:46.210;;
1911;-264,507;-2889,690;-329,521;0,000;0,000;0,000;0,000;RRR 1.5in;24,5;1015;46;'26.07.2023 15:45:46.220;;
1912;-265,007;-2889,701;-329,535;0,000;0,000;0,000;0,000;RRR 1.5in;24,5;1015;46;'26.07.2023 15:45:46.230;;
1913;-265,516;-2889,669;-329,523;0,000;0,000;0,000;0,000;RRR 1.5in;24,5;1015;46;'26.07.2023 15:45:46.240;;
1914;-266,025;-2889,622;-329,504;0,000;0,000;0,000;0,000;RRR 1.5in;24,5;1015;46;'26.07.2023 15:45:46.250;;
1915;-266,521;-2889,605;-329,504;0,000;0,000;0,000;0,000;RRR 1.5in;24,5;1015;46;'26.07.2023 15:45:46.260;;
1916;-267,020;-2889,597;-329,518;0,000;0,000;0,000;0,000;RRR 1.5in;24,5;1015;46;'26.07.2023 15:45:46.270;;
1917;-267,533;-2889,549;-329,519;0,000;0,000;0,000;0,000;RRR 1.5in;24,5;1015;46;'26.07.2023 15:45:46.280;;
1918;-268,047;-2889,471;-329,501;0,000;0,000;0,000;0,000;RRR 1.5in;24,5;1015;46;'26.07.2023 15:45:46.290;;
1919;-268,535;-2889,437;-329,503;0,000;0,000;0,000;0,000;RRR 1.5in;24,5;1015;46;'26.07.2023 15:45:46.300;;
1920;-269,028;-2889,445;-329,526;0,000;0,000;0,000;0,000;RRR 1.5in;24,5;1015;46;'26.07.2023 15:45:46.310;;
1921;-269,520;-2889,422;-329,533;0,000;0,000;0,000;0,000;RRR 1.5in;24,5;1015;46;'26.07.2023 15:45:46.320;;
1922;-270,031;-2889,349;-329,512;0,000;0,000;0,000;0,000;RRR 1.5in;24,5;1015;46;'26.07.2023 15:45:46.330;;
1923;-270,528;-2889,300;-329,503;0,000;0,000;0,000;0,000;RRR 1.5in;24,5;1015;46;'26.07.2023 15:45:46.340;;
1924;-271,025;-2889,300;-329,519;0,000;0,000;0,000;0,000;RRR 1.5in;24,5;1015;46;'26.07.2023 15:45:46.350;;
1925;-271,518;-2889,295;-329,531;0,000;0,000;0,000;0,000;RRR 1.5in;24,5;1015;46;'26.07.2023 15:45:46.360;;
1926;-272,021;-2889,247;-329,513;0,000;0,000;0,000;0,000;RRR 1.5in;24,5;1015;46;'26.07.2023 15:45:46.370;;
1927;-272,507;-2889,211;-329,500;0,000;0,000;0,000;0,000;RRR 1.5in;24,5;1015;46;'26.07.2023 15:45:46.380;;
1928;-273,006;-2889,225;-329,518;0,000;0,000;0,000;0,000;RRR 1.5in;24,5;1015;46;'26.07.2023 15:45:46.390;;
1929;-273,503;-2889,227;-329,529;0,000;0,000;0,000;0,000;RRR 1.5in;24,5;1015;46;'26.07.2023 15:45:46.400;;
1930;-274,008;-2889,174;-329,508;0,000;0,000;0,000;0,000;RRR 1.5in;24,5;1015;46;'26.07.2023 15:45:46.410;;
1931;-274,509;-2889,127;-329,492;0,000;0,000;0,000;0,000;RRR 1.5in;24,5;1015;46;'26.07.2023 15:45:46.420;;
1932;-275,008;-2889,124;-329,509;0,000;0,000;0,000;0,000;RRR 1.5in;24,5;1015;46;'26.07.2023 15:45:46.430;;
1933;-275,505;-2889,108;-329,525;0,000;0,000;0,000;0,000;RRR 1.5in;24,5;1015;46;'26.07.2023 15:45:46.440;;
1934;-276,006;-2889,036;-329,512;0,000;0,000;0,000;0,000;RRR 1.5in;24,5;1015;46;'26.07.2023 15:45:46.450;;
1935;-276,513;-2888,965;-329,493;0,000;0,000;0,000;0,000;RRR 1.5in;24,5;1015;46;'26.07.2023 15:45:46.460;;
1936;-277,008;-2888,963;-329,503;0,000;0,000;0,000;0,000;RRR 1.5in;24,5;1015;46;'26.07.2023 15:45:46.470;;
1937;-277,508;-2888,983;-329,525;0,000;0,000;0,000;0,000;RRR 1.5in;24,5;1015;46;'26.07.2023 15:45:46.480;;
1938;-278,003;-2888,950;-329,524;0,000;0,000;0,000;0,000;RRR 1.5in;24,5;1015;46;'26.07.2023 15:45:46.490;;
1939;-278,511;-2888,868;-329,504;0,000;0,000;0,000;0,000;RRR 1.5in;24,5;1015;46;'26.07.2023 15:45:46.500;;
1940;-279,005;-2888,814;-329,503;0,000;0,000;0,000;0,000;RRR 1.5in;24,5;1015;46;'26.07.2023 15:45:46.510;;
1941;-279,511;-2888,808;-329,522;0,000;0,000;0,000;0,000;RRR 1.5in;24,5;1015;46;'26.07.2023 15:45:46.520;;
1942;-280,000;-2888,801;-329,532;0,000;0,000;0,000;0,000;RRR 1.5in;24,5;1015;46;'26.07.2023 15:45:46.530;;
1943;-280,497;-2888,765;-329,515;0,000;0,000;0,000;0,000;RRR 1.5in;24,5;1015;46;'26.07.2023 15:45:46.540;;
1944;-280,986;-2888,747;-329,502;0,000;0,000;0,000;0,000;RRR 1.5in;24,5;1015;46;'26.07.2023 15:45:46.550;;
1945;-281,491;-2888,762;-329,519;0,000;0,000;0,000;0,000;RRR 1.5in;24,5;1015;46;'26.07.2023 15:45:46.560;;
1946;-282,001;-2888,754;-329,531;0,000;0,000;0,000;0,000;RRR 1.5in;24,5;1015;46;'26.07.2023 15:45:46.570;;
1947;-282,506;-2888,689;-329,514;0,000;0,000;0,000;0,000;RRR 1.5in;24,5;1015;46;'26.07.2023 15:45:46.580;;
1948;-283,000;-2888,631;-329,500;0,000;0,000;0,000;0,000;RRR 1.5in;24,5;1015;46;'26.07.2023 15:45:46.590;;
1949;-283,497;-2888,626;-329,521;0,000;0,000;0,000;0,000;RRR 1.5in;24,5;1015;46;'26.07.2023 15:45:46.600;;
1950;-284,003;-2888,616;-329,542;0,000;0,000;0,000;0,000;RRR 1.5in;24,5;1015;46;'26.07.2023 15:45:46.610;;
1951;-284,509;-2888,545;-329,533;0,000;0,000;0,000;0,000;RRR 1.5in;24,5;1015;46;'26.07.2023 15:45:46.620;;
1952;-285,002;-2888,461;-329,509;0,000;0,000;0,000;0,000;RRR 1.5in;24,5;1015;46;'26.07.2023 15:45:46.630;;
1953;-285,487;-2888,442;-329,515;0,000;0,000;0,000;0,000;RRR 1.5in;24,5;1015;46;'26.07.2023 15:45:46.640;;
1954;-285,987;-2888,453;-329,534;0,000;0,000;0,000;0,000;RRR 1.5in;24,5;1015;46;'26.07.2023 15:45:46.650;;
1955;-286,479;-2888,422;-329,528;0,000;0,000;0,000;0,000;RRR 1.5in;24,5;1015;46;'26.07.2023 15:45:46.660;;
1956;-286,987;-2888,359;-329,502;0,000;0,000;0,000;0,000;RRR 1.5in;24,5;1015;46;'26.07.2023 15:45:46.670;;
1957;-287,491;-2888,334;-329,503;0,000;0,000;0,000;0,000;RRR 1.5in;24,5;1015;46;'26.07.2023 15:45:46.680;;
1958;-288,002;-2888,336;-329,520;0,000;0,000;0,000;0,000;RRR 1.5in;24,5;1015;46;'26.07.2023 15:45:46.690;;
1959;-288,494;-2888,317;-329,524;0,000;0,000;0,000;0,000;RRR 1.5in;24,5;1015;46;'26.07.2023 15:45:46.700;;
1960;-288,993;-2888,274;-329,514;0,000;0,000;0,000;0,000;RRR 1.5in;24,5;1015;46;'26.07.2023 15:45:46.710;;
1961;-289,486;-2888,251;-329,515;0,000;0,000;0,000;0,000;RRR 1.5in;24,5;1015;46;'26.07.2023 15:45:46.720;;
1962;-289,992;-2888,251;-329,537;0,000;0,000;0,000;0,000;RRR 1.5in;24,5;1015;46;'26.07.2023 15:45:46.730;;
1963;-290,494;-2888,228;-329,549;0,000;0,000;0,000;0,000;RRR 1.5in;24,5;1015;46;'26.07.2023 15:45:46.740;;
1964;-290,987;-2888,165;-329,539;0,000;0,000;0,000;0,000;RRR 1.5in;24,5;1015;46;'26.07.2023 15:45:46.750;;
1965;-291,476;-2888,112;-329,523;0,000;0,000;0,000;0,000;RRR 1.5in;24,5;1015;46;'26.07.2023 15:45:46.760;;
1966;-291,960;-2888,102;-329,529;0,000;0,000;0,000;0,000;RRR 1.5in;24,5;1015;46;'26.07.2023 15:45:46.770;;
1967;-292,462;-2888,098;-329,543;0,000;0,000;0,000;0,000;RRR 1.5in;24,5;1015;46;'26.07.2023 15:45:46.780;;
1968;-292,962;-2888,052;-329,536;0,000;0,000;0,000;0,000;RRR 1.5in;24,5;1015;46;'26.07.2023 15:45:46.790;;
1969;-293,466;-2887,980;-329,514;0,000;0,000;0,000;0,000;RRR 1.5in;24,5;1015;46;'26.07.2023 15:45:46.800;;
1970;-293,963;-2887,949;-329,512;0,000;0,000;0,000;0,000;RRR 1.5in;24,5;1015;46;'26.07.2023 15:45:46.810;;
1971;-294,479;-2887,958;-329,533;0,000;0,000;0,000;0,000;RRR 1.5in;24,5;1015;46;'26.07.2023 15:45:46.820;;
1972;-294,986;-2887,941;-329,540;0,000;0,000;0,000;0,000;RRR 1.5in;24,5;1015;46;'26.07.2023 15:45:46.830;;
1973;-295,495;-2887,878;-329,523;0,000;0,000;0,000;0,000;RRR 1.5in;24,5;1015;46;'26.07.2023 15:45:46.840;;
1974;-295,995;-2887,834;-329,518;0,000;0,000;0,000;0,000;RRR 1.5in;24,5;1015;46;'26.07.2023 15:45:46.850;;
1975;-296,507;-2887,835;-329,538;0,000;0,000;0,000;0,000;RRR 1.5in;24,5;1015;46;'26.07.2023 15:45:46.860;;
1976;-297,005;-2887,830;-329,549;0,000;0,000;0,000;0,000;RRR 1.5in;24,5;1015;46;'26.07.2023 15:45:46.870;;
1977;-297,485;-2887,785;-329,533;0,000;0,000;0,000;0,000;RRR 1.5in;24,5;1015;46;'26.07.2023 15:45:46.880;;
1978;-297,963;-2887,748;-329,517;0,000;0,000;0,000;0,000;RRR 1.5in;24,5;1015;46;'26.07.2023 15:45:46.890;;
1979;-298,454;-2887,751;-329,529;0,000;0,000;0,000;0,000;RRR 1.5in;24,5;1015;46;'26.07.2023 15:45:46.900;;
1980;-298,966;-2887,741;-329,544;0,000;0,000;0,000;0,000;RRR 1.5in;24,5;1015;46;'26.07.2023 15:45:46.910;;
1981;-299,462;-2887,684;-329,532;0,000;0,000;0,000;0,000;RRR 1.5in;24,5;1015;46;'26.07.2023 15:45:46.920;;
1982;-299,960;-2887,624;-329,517;0,000;0,000;0,000;0,000;RRR 1.5in;24,5;1015;46;'26.07.2023 15:45:46.930;;
1983;-300,450;-2887,611;-329,528;0,000;0,000;0,000;0,000;RRR 1.5in;24,5;1015;46;'26.07.2023 15:45:46.940;;
1984;-300,961;-2887,612;-329,550;0,000;0,000;0,000;0,000;RRR 1.5in;24,5;1015;46;'26.07.2023 15:45:46.950;;
1985;-301,469;-2887,576;-329,554;0,000;0,000;0,000;0,000;RRR 1.5in;24,5;1015;46;'26.07.2023 15:45:46.960;;
1986;-301,987;-2887,507;-329,542;0,000;0,000;0,000;0,000;RRR 1.5in;24,5;1015;46;'26.07.2023 15:45:46.970;;
1987;-302,485;-2887,461;-329,534;0,000;0,000;0,000;0,000;RRR 1.5in;24,5;1015;46;'26.07.2023 15:45:46.980;;
1988;-302,986;-2887,449;-329,544;0,000;0,000;0,000;0,000;RRR 1.5in;24,5;1015;46;'26.07.2023 15:45:46.990;;
1989;-303,484;-2887,437;-329,551;0,000;0,000;0,000;0,000;RRR 1.5in;24,5;1015;46;'26.07.2023 15:45:47.000;;
1990;-303,982;-2887,395;-329,540;0,000;0,000;0,000;0,000;RRR 1.5in;24,5;1015;46;'26.07.2023 15:45:47.010;;
1991;-304,479;-2887,352;-329,527;0,000;0,000;0,000;0,000;RRR 1.5in;24,5;1015;46;'26.07.2023 15:45:47.020;;
1992;-304,970;-2887,340;-329,534;0,000;0,000;0,000;0,000;RRR 1.5in;24,5;1015;46;'26.07.2023 15:45:47.030;;
1993;-305,472;-2887,336;-329,546;0,000;0,000;0,000;0,000;RRR 1.5in;24,5;1015;46;'26.07.2023 15:45:47.040;;
1994;-305,963;-2887,308;-329,546;0,000;0,000;0,000;0,000;RRR 1.5in;24,5;1015;46;'26.07.2023 15:45:47.050;;
1995;-306,457;-2887,263;-329,533;0,000;0,000;0,000;0,000;RRR 1.5in;24,5;1015;46;'26.07.2023 15:45:47.060;;
1996;-306,946;-2887,243;-329,539;0,000;0,000;0,000;0,000;RRR 1.5in;24,5;1015;46;'26.07.2023 15:45:47.070;;
1997;-307,463;-2887,242;-329,559;0,000;0,000;0,000;0,000;RRR 1.5in;24,5;1015;46;'26.07.2023 15:45:47.080;;
1998;-307,969;-2887,210;-329,565;0,000;0,000;0,000;0,000;RRR 1.5in;24,5;1015;46;'26.07.2023 15:45:47.090;;
1999;-308,470;-2887,151;-329,550;0,000;0,000;0,000;0,000;RRR 1.5in;24,5;1015;46;'26.07.2023 15:45:47.100;;
2000;-308,963;-2887,121;-329,544;0,000;0,000;0,000;0,000;RRR 1.5in;24,5;1015;46;'26.07.2023 15:45:47.110;;
2001;-309,458;-2887,129;-329,560;0,000;0,000;0,000;0,000;RRR 1.5in;24,5;1015;46;'26.07.2023 15:45:47.120;;
2002;-309,965;-2887,112;-329,570;0,000;0,000;0,000;0,000;RRR 1.5in;24,5;1015;46;'26.07.2023 15:45:47.130;;
2003;-310,467;-2887,047;-329,557;0,000;0,000;0,000;0,000;RRR 1.5in;24,5;1015;46;'26.07.2023 15:45:47.140;;
2004;-310,973;-2886,983;-329,543;0,000;0,000;0,000;0,000;RRR 1.5in;24,5;1015;46;'26.07.2023 15:45:47.150;;
2005;-311,470;-2886,965;-329,551;0,000;0,000;0,000;0,000;RRR 1.5in;24,5;1015;46;'26.07.2023 15:45:47.160;;
2006;-311,972;-2886,967;-329,565;0,000;0,000;0,000;0,000;RRR 1.5in;24,5;1015;46;'26.07.2023 15:45:47.170;;
2007;-312,465;-2886,946;-329,564;0,000;0,000;0,000;0,000;RRR 1.5in;24,5;1015;46;'26.07.2023 15:45:47.180;;
2008;-312,963;-2886,906;-329,554;0,000;0,000;0,000;0,000;RRR 1.5in;24,5;1015;46;'26.07.2023 15:45:47.190;;
2009;-313,458;-2886,879;-329,551;0,000;0,000;0,000;0,000;RRR 1.5in;24,5;1015;46;'26.07.2023 15:45:47.200;;
2010;-313,963;-2886,868;-329,563;0,000;0,000;0,000;0,000;RRR 1.5in;24,5;1015;46;'26.07.2023 15:45:47.210;;
2011;-314,465;-2886,844;-329,565;0,000;0,000;0,000;0,000;RRR 1.5in;24,5;1015;46;'26.07.2023 15:45:47.220;;
2012;-314,957;-2886,802;-329,558;0,000;0,000;0,000;0,000;RRR 1.5in;24,5;1015;46;'26.07.2023 15:45:47.230;;
2013;-315,446;-2886,769;-329,550;0,000;0,000;0,000;0,000;RRR 1.5in;24,5;1015;46;'26.07.2023 15:45:47.240;;
2014;-315,936;-2886,762;-329,558;0,000;0,000;0,000;0,000;RRR 1.5in;24,5;1015;46;'26.07.2023 15:45:47.250;;
2015;-316,452;-2886,758;-329,576;0,000;0,000;0,000;0,000;RRR 1.5in;24,5;1015;46;'26.07.2023 15:45:47.260;;
2016;-316,957;-2886,717;-329,576;0,000;0,000;0,000;0,000;RRR 1.5in;24,5;1015;46;'26.07.2023 15:45:47.270;;
2017;-317,455;-2886,653;-329,560;0,000;0,000;0,000;0,000;RRR 1.5in;24,5;1015;46;'26.07.2023 15:45:47.280;;
2018;-317,944;-2886,620;-329,555;0,000;0,000;0,000;0,000;RRR 1.5in;24,5;1015;46;'26.07.2023 15:45:47.290;;
2019;-318,456;-2886,622;-329,572;0,000;0,000;0,000;0,000;RRR 1.5in;24,5;1015;46;'26.07.2023 15:45:47.300;;
2020;-318,969;-2886,597;-329,577;0,000;0,000;0,000;0,000;RRR 1.5in;24,5;1015;46;'26.07.2023 15:45:47.310;;
2021;-319,480;-2886,533;-329,563;0,000;0,000;0,000;0,000;RRR 1.5in;24,5;1015;46;'26.07.2023 15:45:47.320;;
2022;-319,979;-2886,476;-329,547;0,000;0,000;0,000;0,000;RRR 1.5in;24,5;1015;46;'26.07.2023 15:45:47.330;;
2023;-320,471;-2886,469;-329,557;0,000;0,000;0,000;0,000;RRR 1.5in;24,5;1015;46;'26.07.2023 15:45:47.340;;
2024;-320,972;-2886,469;-329,569;0,000;0,000;0,000;0,000;RRR 1.5in;24,5;1015;46;'26.07.2023 15:45:47.350;;
2025;-321,452;-2886,431;-329,561;0,000;0,000;0,000;0,000;RRR 1.5in;24,5;1015;46;'26.07.2023 15:45:47.360;;
2026;-321,942;-2886,381;-329,548;0,000;0,000;0,000;0,000;RRR 1.5in;24,5;1015;46;'26.07.2023 15:45:47.370;;
2027;-322,430;-2886,362;-329,555;0,000;0,000;0,000;0,000;RRR 1.5in;24,5;1015;46;'26.07.2023 15:45:47.380;;
2028;-322,942;-2886,354;-329,570;0,000;0,000;0,000;0,000;RRR 1.5in;24,5;1015;46;'26.07.2023 15:45:47.390;;
2029;-323,446;-2886,328;-329,575;0,000;0,000;0,000;0,000;RRR 1.5in;24,5;1015;46;'26.07.2023 15:45:47.400;;
2030;-323,952;-2886,290;-329,565;0,000;0,000;0,000;0,000;RRR 1.5in;24,5;1015;46;'26.07.2023 15:45:47.410;;
2031;-324,454;-2886,273;-329,563;0,000;0,000;0,000;0,000;RRR 1.5in;24,5;1015;46;'26.07.2023 15:45:47.420;;
2032;-324,962;-2886,279;-329,577;0,000;0,000;0,000;0,000;RRR 1.5in;24,5;1015;46;'26.07.2023 15:45:47.430;;
2033;-325,475;-2886,267;-329,584;0,000;0,000;0,000;0,000;RRR 1.5in;24,5;1015;46;'26.07.2023 15:45:47.440;;
2034;-325,972;-2886,219;-329,576;0,000;0,000;0,000;0,000;RRR 1.5in;24,5;1015;46;'26.07.2023 15:45:47.450;;
2035;-326,465;-2886,169;-329,563;0,000;0,000;0,000;0,000;RRR 1.5in;24,5;1015;46;'26.07.2023 15:45:47.460;;
2036;-326,941;-2886,148;-329,567;0,000;0,000;0,000;0,000;RRR 1.5in;24,5;1015;46;'26.07.2023 15:45:47.470;;
2037;-327,440;-2886,134;-329,580;0,000;0,000;0,000;0,000;RRR 1.5in;24,5;1015;46;'26.07.2023 15:45:47.480;;
2038;-327,943;-2886,092;-329,582;0,000;0,000;0,000;0,000;RRR 1.5in;24,5;1015;46;'26.07.2023 15:45:47.490;;
2039;-328,452;-2886,025;-329,569;0,000;0,000;0,000;0,000;RRR 1.5in;24,5;1015;46;'26.07.2023 15:45:47.500;;
2040;-328,953;-2885,977;-329,559;0,000;0,000;0,000;0,000;RRR 1.5in;24,5;1015;46;'26.07.2023 15:45:47.510;;
2041;-329,446;-2885,971;-329,565;0,000;0,000;0,000;0,000;RRR 1.5in;24,5;1015;46;'26.07.2023 15:45:47.520;;
2042;-329,957;-2885,973;-329,574;0,000;0,000;0,000;0,000;RRR 1.5in;24,5;1015;46;'26.07.2023 15:45:47.530;;
2043;-330,457;-2885,954;-329,572;0,000;0,000;0,000;0,000;RRR 1.5in;24,5;1015;46;'26.07.2023 15:45:47.540;;
2044;-330,960;-2885,915;-329,560;0,000;0,000;0,000;0,000;RRR 1.5in;24,5;1015;46;'26.07.2023 15:45:47.550;;
2045;-331,455;-2885,895;-329,560;0,000;0,000;0,000;0,000;RRR 1.5in;24,5;1015;46;'26.07.2023 15:45:47.560;;
2046;-331,968;-2885,882;-329,573;0,000;0,000;0,000;0,000;RRR 1.5in;24,5;1015;46;'26.07.2023 15:45:47.570;;
2047;-332,468;-2885,852;-329,570;0,000;0,000;0,000;0,000;RRR 1.5in;24,5;1015;46;'26.07.2023 15:45:47.580;;
2048;-332,955;-2885,816;-329,565;0,000;0,000;0,000;0,000;RRR 1.5in;24,5;1015;46;'26.07.2023 15:45:47.590;;
2049;-333,435;-2885,799;-329,566;0,000;0,000;0,000;0,000;RRR 1.5in;24,5;1015;46;'26.07.2023 15:45:47.600;;
2050;-333,928;-2885,790;-329,583;0,000;0,000;0,000;0,000;RRR 1.5in;24,5;1015;46;'26.07.2023 15:45:47.610;;
2051;-334,442;-2885,753;-329,592;0,000;0,000;0,000;0,000;RRR 1.5in;24,5;1015;46;'26.07.2023 15:45:47.620;;
2052;-334,942;-2885,690;-329,586;0,000;0,000;0,000;0,000;RRR 1.5in;24,5;1015;46;'26.07.2023 15:45:47.630;;
2053;-335,438;-2885,638;-329,580;0,000;0,000;0,000;0,000;RRR 1.5in;24,5;1015;46;'26.07.2023 15:45:47.640;;
2054;-335,924;-2885,614;-329,580;0,000;0,000;0,000;0,000;RRR 1.5in;24,5;1015;46;'26.07.2023 15:45:47.650;;
2055;-336,432;-2885,596;-329,583;0,000;0,000;0,000;0,000;RRR 1.5in;24,5;1015;46;'26.07.2023 15:45:47.660;;
2056;-336,949;-2885,568;-329,581;0,000;0,000;0,000;0,000;RRR 1.5in;24,5;1015;46;'26.07.2023 15:45:47.670;;
2057;-337,467;-2885,525;-329,576;0,000;0,000;0,000;0,000;RRR 1.5in;24,5;1015;46;'26.07.2023 15:45:47.680;;
2058;-337,966;-2885,479;-329,566;0,000;0,000;0,000;0,000;RRR 1.5in;24,5;1015;46;'26.07.2023 15:45:47.690;;
2059;-338,466;-2885,453;-329,565;0,000;0,000;0,000;0,000;RRR 1.5in;24,5;1015;46;'26.07.2023 15:45:47.700;;
2060;-338,973;-2885,447;-329,575;0,000;0,000;0,000;0,000;RRR 1.5in;24,5;1015;46;'26.07.2023 15:45:47.710;;
2061;-339,460;-2885,435;-329,580;0,000;0,000;0,000;0,000;RRR 1.5in;24,5;1015;46;'26.07.2023 15:45:47.720;;
2062;-339,953;-2885,401;-329,579;0,000;0,000;0,000;0,000;RRR 1.5in;24,5;1015;46;'26.07.2023 15:45:47.730;;
2063;-340,450;-2885,356;-329,574;0,000;0,000;0,000;0,000;RRR 1.5in;24,5;1015;46;'26.07.2023 15:45:47.740;;
2064;-340,967;-2885,327;-329,581;0,000;0,000;0,000;0,000;RRR 1.5in;24,5;1015;46;'26.07.2023 15:45:47.750;;
2065;-341,469;-2885,306;-329,590;0,000;0,000;0,000;0,000;RRR 1.5in;24,5;1015;46;'26.07.2023 15:45:47.760;;
2066;-341,949;-2885,280;-329,585;0,000;0,000;0,000;0,000;RRR 1.5in;24,5;1015;46;'26.07.2023 15:45:47.770;;
2067;-342,437;-2885,252;-329,569;0,000;0,000;0,000;0,000;RRR 1.5in;24,5;1015;46;'26.07.2023 15:45:47.780;;
2068;-342,937;-2885,249;-329,573;0,000;0,000;0,000;0,000;RRR 1.5in;24,5;1015;46;'26.07.2023 15:45:47.790;;
2069;-343,453;-2885,243;-329,586;0,000;0,000;0,000;0,000;RRR 1.5in;24,5;1015;46;'26.07.2023 15:45:47.800;;
2070;-343,941;-2885,203;-329,588;0,000;0,000;0,000;0,000;RRR 1.5in;24,5;1015;46;'26.07.2023 15:45:47.810;;
2071;-344,436;-2885,130;-329,571;0,000;0,000;0,000;0,000;RRR 1.5in;24,5;1015;46;'26.07.2023 15:45:47.820;;
2072;-344,932;-2885,087;-329,568;0,000;0,000;0,000;0,000;RRR 1.5in;24,5;1015;46;'26.07.2023 15:45:47.830;;
2073;-345,445;-2885,084;-329,589;0,000;0,000;0,000;0,000;RRR 1.5in;24,5;1015;46;'26.07.2023 15:45:47.840;;
2074;-345,951;-2885,075;-329,600;0,000;0,000;0,000;0,000;RRR 1.5in;24,5;1015;46;'26.07.2023 15:45:47.850;;
2075;-346,453;-2885,030;-329,589;0,000;0,000;0,000;0,000;RRR 1.5in;24,5;1015;46;'26.07.2023 15:45:47.860;;
2076;-346,971;-2884,978;-329,575;0,000;0,000;0,000;0,000;RRR 1.5in;24,5;1015;46;'26.07.2023 15:45:47.870;;
2077;-347,476;-2884,957;-329,577;0,000;0,000;0,000;0,000;RRR 1.5in;24,5;1015;46;'26.07.2023 15:45:47.880;;
2078;-347,971;-2884,951;-329,582;0,000;0,000;0,000;0,000;RRR 1.5in;24,5;1015;46;'26.07.2023 15:45:47.890;;
2079;-348,443;-2884,929;-329,577;0,000;0,000;0,000;0,000;RRR 1.5in;24,5;1015;46;'26.07.2023 15:45:47.900;;
2080;-348,935;-2884,884;-329,570;0,000;0,000;0,000;0,000;RRR 1.5in;24,5;1015;46;'26.07.2023 15:45:47.910;;
2081;-349,442;-2884,845;-329,574;0,000;0,000;0,000;0,000;RRR 1.5in;24,5;1015;46;'26.07.2023 15:45:47.920;;
2082;-349,941;-2884,828;-329,591;0,000;0,000;0,000;0,000;RRR 1.5in;24,5;1015;46;'26.07.2023 15:45:47.930;;
2083;-350,424;-2884,809;-329,603;0,000;0,000;0,000;0,000;RRR 1.5in;24,5;1015;46;'26.07.2023 15:45:47.940;;
2084;-350,907;-2884,773;-329,606;0,000;0,000;0,000;0,000;RRR 1.5in;24,5;1015;46;'26.07.2023 15:45:47.950;;
2085;-351,415;-2884,732;-329,596;0,000;0,000;0,000;0,000;RRR 1.5in;24,5;1015;46;'26.07.2023 15:45:47.960;;
2086;-351,915;-2884,724;-329,596;0,000;0,000;0,000;0,000;RRR 1.5in;24,5;1015;46;'26.07.2023 15:45:47.970;;
2087;-352,433;-2884,737;-329,608;0,000;0,000;0,000;0,000;RRR 1.5in;24,5;1015;46;'26.07.2023 15:45:47.980;;
2088;-352,946;-2884,718;-329,611;0,000;0,000;0,000;0,000;RRR 1.5in;24,5;1015;46;'26.07.2023 15:45:47.990;;
2089;-353,458;-2884,652;-329,586;0,000;0,000;0,000;0,000;RRR 1.5in;24,5;1015;46;'26.07.2023 15:45:48.000;;
2090;-353,961;-2884,598;-329,568;0,000;0,000;0,000;0,000;RRR 1.5in;24,5;1015;46;'26.07.2023 15:45:48.010;;
2091;-354,456;-2884,587;-329,572;0,000;0,000;0,000;0,000;RRR 1.5in;24,5;1015;46;'26.07.2023 15:45:48.020;;
2092;-354,960;-2884,585;-329,590;0,000;0,000;0,000;0,000;RRR 1.5in;24,5;1015;46;'26.07.2023 15:45:48.030;;
2093;-355,462;-2884,546;-329,592;0,000;0,000;0,000;0,000;RRR 1.5in;24,5;1015;46;'26.07.2023 15:45:48.040;;
2094;-355,966;-2884,476;-329,581;0,000;0,000;0,000;0,000;RRR 1.5in;24,5;1015;46;'26.07.2023 15:45:48.050;;
2095;-356,455;-2884,433;-329,584;0,000;0,000;0,000;0,000;RRR 1.5in;24,5;1015;46;'26.07.2023 15:45:48.060;;
2096;-356,946;-2884,413;-329,600;0,000;0,000;0,000;0,000;RRR 1.5in;24,5;1015;46;'26.07.2023 15:45:48.070;;
2097;-357,434;-2884,384;-329,608;0,000;0,000;0,000;0,000;RRR 1.5in;24,5;1015;46;'26.07.2023 15:45:48.080;;
2098;-357,925;-2884,342;-329,597;0,000;0,000;0,000;0,000;RRR 1.5in;24,5;1015;46;'26.07.2023 15:45:48.090;;
2099;-358,428;-2884,312;-329,593;0,000;0,000;0,000;0,000;RRR 1.5in;24,5;1015;46;'26.07.2023 15:45:48.100;;
2100;-358,936;-2884,308;-329,601;0,000;0,000;0,000;0,000;RRR 1.5in;24,5;1015;46;'26.07.2023 15:45:48.110;;
2101;-359,457;-2884,297;-329,607;0,000;0,000;0,000;0,000;RRR 1.5in;24,5;1015;46;'26.07.2023 15:45:48.120;;
2102;-359,958;-2884,268;-329,596;0,000;0,000;0,000;0,000;RRR 1.5in;24,5;1015;46;'26.07.2023 15:45:48.130;;
2103;-360,452;-2884,242;-329,591;0,000;0,000;0,000;0,000;RRR 1.5in;24,5;1015;46;'26.07.2023 15:45:48.140;;
2104;-360,949;-2884,231;-329,592;0,000;0,000;0,000;0,000;RRR 1.5in;24,5;1015;46;'26.07.2023 15:45:48.150;;
2105;-361,453;-2884,226;-329,598;0,000;0,000;0,000;0,000;RRR 1.5in;24,5;1015;46;'26.07.2023 15:45:48.160;;
2106;-361,965;-2884,208;-329,606;0,000;0,000;0,000;0,000;RRR 1.5in;24,5;1015;46;'26.07.2023 15:45:48.170;;
2107;-362,460;-2884,167;-329,610;0,000;0,000;0,000;0,000;RRR 1.5in;24,5;1015;46;'26.07.2023 15:45:48.180;;
2108;-362,943;-2884,098;-329,599;0,000;0,000;0,000;0,000;RRR 1.5in;24,5;1015;46;'26.07.2023 15:45:48.190;;
2109;-363,422;-2884,045;-329,587;0,000;0,000;0,000;0,000;RRR 1.5in;24,5;1015;46;'26.07.2023 15:45:48.200;;
2110;-363,912;-2884,028;-329,591;0,000;0,000;0,000;0,000;RRR 1.5in;24,5;1015;46;'26.07.2023 15:45:48.210;;
2111;-364,409;-2884,026;-329,604;0,000;0,000;0,000;0,000;RRR 1.5in;24,5;1015;46;'26.07.2023 15:45:48.220;;
2112;-364,907;-2883,995;-329,601;0,000;0,000;0,000;0,000;RRR 1.5in;24,5;1015;46;'26.07.2023 15:45:48.230;;
2113;-365,421;-2883,933;-329,584;0,000;0,000;0,000;0,000;RRR 1.5in;24,5;1015;46;'26.07.2023 15:45:48.240;;
2114;-365,929;-2883,890;-329,575;0,000;0,000;0,000;0,000;RRR 1.5in;24,5;1015;46;'26.07.2023 15:45:48.250;;
2115;-366,440;-2883,887;-329,591;0,000;0,000;0,000;0,000;RRR 1.5in;24,5;1015;46;'26.07.2023 15:45:48.260;;
2116;-366,941;-2883,885;-329,600;0,000;0,000;0,000;0,000;RRR 1.5in;24,5;1015;46;'26.07.2023 15:45:48.270;;
2117;-367,439;-2883,854;-329,594;0,000;0,000;0,000;0,000;RRR 1.5in;24,5;1015;46;'26.07.2023 15:45:48.280;;
2118;-367,953;-2883,820;-329,589;0,000;0,000;0,000;0,000;RRR 1.5in;24,5;1015;46;'26.07.2023 15:45:48.290;;
2119;-368,461;-2883,809;-329,603;0,000;0,000;0,000;0,000;RRR 1.5in;24,5;1015;46;'26.07.2023 15:45:48.300;;
2120;-368,959;-2883,793;-329,618;0,000;0,000;0,000;0,000;RRR 1.5in;24,5;1015;46;'26.07.2023 15:45:48.310;;
2121;-369,434;-2883,749;-329,610;0,000;0,000;0,000;0,000;RRR 1.5in;24,5;1015;46;'26.07.2023 15:45:48.320;;
2122;-369,914;-2883,693;-329,589;0,000;0,000;0,000;0,000;RRR 1.5in;24,5;1015;46;'26.07.2023 15:45:48.330;;
2123;-370,401;-2883,675;-329,586;0,000;0,000;0,000;0,000;RRR 1.5in;24,5;1015;46;'26.07.2023 15:45:48.340;;
2124;-370,898;-2883,684;-329,596;0,000;0,000;0,000;0,000;RRR 1.5in;24,5;1015;46;'26.07.2023 15:45:48.350;;
2125;-371,400;-2883,670;-329,597;0,000;0,000;0,000;0,000;RRR 1.5in;24,5;1015;46;'26.07.2023 15:45:48.360;;
2126;-371,898;-2883,615;-329,586;0,000;0,000;0,000;0,000;RRR 1.5in;24,5;1015;46;'26.07.2023 15:45:48.370;;
2127;-372,406;-2883,548;-329,578;0,000;0,000;0,000;0,000;RRR 1.5in;24,5;1015;46;'26.07.2023 15:45:48.380;;
2128;-372,902;-2883,512;-329,580;0,000;0,000;0,000;0,000;RRR 1.5in;24,5;1015;46;'26.07.2023 15:45:48.390;;
2129;-373,410;-2883,505;-329,593;0,000;0,000;0,000;0,000;RRR 1.5in;24,5;1015;46;'26.07.2023 15:45:48.400;;
2130;-373,927;-2883,497;-329,606;0,000;0,000;0,000;0,000;RRR 1.5in;24,5;1015;46;'26.07.2023 15:45:48.410;;
2131;-374,445;-2883,461;-329,609;0,000;0,000;0,000;0,000;RRR 1.5in;24,5;1015;46;'26.07.2023 15:45:48.420;;
2132;-374,955;-2883,409;-329,599;0,000;0,000;0,000;0,000;RRR 1.5in;24,5;1015;46;'26.07.2023 15:45:48.430;;
2133;-375,439;-2883,375;-329,595;0,000;0,000;0,000;0,000;RRR 1.5in;24,5;1015;46;'26.07.2023 15:45:48.440;;
2134;-375,923;-2883,355;-329,599;0,000;0,000;0,000;0,000;RRR 1.5in;24,5;1015;46;'26.07.2023 15:45:48.450;;
2135;-376,410;-2883,329;-329,598;0,000;0,000;0,000;0,000;RRR 1.5in;24,5;1015;46;'26.07.2023 15:45:48.460;;
2136;-376,902;-2883,293;-329,587;0,000;0,000;0,000;0,000;RRR 1.5in;24,5;1015;46;'26.07.2023 15:45:48.470;;
2137;-377,393;-2883,268;-329,581;0,000;0,000;0,000;0,000;RRR 1.5in;24,5;1015;46;'26.07.2023 15:45:48.480;;
2138;-377,879;-2883,264;-329,592;0,000;0,000;0,000;0,000;RRR 1.5in;24,5;1015;46;'26.07.2023 15:45:48.490;;
2139;-378,380;-2883,247;-329,603;0,000;0,000;0,000;0,000;RRR 1.5in;24,5;1015;46;'26.07.2023 15:45:48.500;;
2140;-378,870;-2883,200;-329,596;0,000;0,000;0,000;0,000;RRR 1.5in;24,5;1015;46;'26.07.2023 15:45:48.510;;
2141;-379,376;-2883,153;-329,589;0,000;0,000;0,000;0,000;RRR 1.5in;24,5;1015;46;'26.07.2023 15:45:48.520;;
2142;-379,890;-2883,140;-329,595;0,000;0,000;0,000;0,000;RRR 1.5in;24,5;1015;46;'26.07.2023 15:45:48.530;;
2143;-380,412;-2883,142;-329,609;0,000;0,000;0,000;0,000;RRR 1.5in;24,5;1015;46;'26.07.2023 15:45:48.540;;
2144;-380,933;-2883,124;-329,612;0,000;0,000;0,000;0,000;RRR 1.5in;24,5;1015;46;'26.07.2023 15:45:48.550;;
2145;-381,427;-2883,074;-329,603;0,000;0,000;0,000;0,000;RRR 1.5in;24,5;1015;46;'26.07.2023 15:45:48.560;;
2146;-381,916;-2883,021;-329,589;0,000;0,000;0,000;0,000;RRR 1.5in;24,5;1015;46;'26.07.2023 15:45:48.570;;
2147;-382,403;-2882,995;-329,583;0,000;0,000;0,000;0,000;RRR 1.5in;24,5;1015;46;'26.07.2023 15:45:48.580;;
2148;-382,903;-2882,986;-329,586;0,000;0,000;0,000;0,000;RRR 1.5in;24,5;1015;46;'26.07.2023 15:45:48.590;;
2149;-383,397;-2882,970;-329,590;0,000;0,000;0,000;0,000;RRR 1.5in;24,5;1015;46;'26.07.2023 15:45:48.600;;
2150;-383,894;-2882,927;-329,589;0,000;0,000;0,000;0,000;RRR 1.5in;24,5;1015;46;'26.07.2023 15:45:48.610;;
2151;-384,398;-2882,860;-329,586;0,000;0,000;0,000;0,000;RRR 1.5in;24,5;1015;46;'26.07.2023 15:45:48.620;;
2152;-384,893;-2882,804;-329,582;0,000;0,000;0,000;0,000;RRR 1.5in;24,5;1015;46;'26.07.2023 15:45:48.630;;
2153;-385,383;-2882,783;-329,591;0,000;0,000;0,000;0,000;RRR 1.5in;24,5;1015;46;'26.07.2023 15:45:48.640;;
2154;-385,872;-2882,781;-329,601;0,000;0,000;0,000;0,000;RRR 1.5in;24,5;1015;46;'26.07.2023 15:45:48.650;;
2155;-386,374;-2882,767;-329,604;0,000;0,000;0,000;0,000;RRR 1.5in;24,5;1015;46;'26.07.2023 15:45:48.660;;
2156;-386,894;-2882,737;-329,594;0,000;0,000;0,000;0,000;RRR 1.5in;24,5;1015;46;'26.07.2023 15:45:48.670;;
2157;-387,394;-2882,716;-329,584;0,000;0,000;0,000;0,000;RRR 1.5in;24,5;1015;46;'26.07.2023 15:45:48.680;;
2158;-387,888;-2882,711;-329,590;0,000;0,000;0,000;0,000;RRR 1.5in;24,5;1015;46;'26.07.2023 15:45:48.690;;
2159;-388,380;-2882,694;-329,590;0,000;0,000;0,000;0,000;RRR 1.5in;24,5;1015;46;'26.07.2023 15:45:48.700;;
2160;-388,875;-2882,651;-329,577;0,000;0,000;0,000;0,000;RRR 1.5in;24,5;1015;46;'26.07.2023 15:45:48.710;;
2161;-389,370;-2882,617;-329,566;0,000;0,000;0,000;0,000;RRR 1.5in;24,5;1015;46;'26.07.2023 15:45:48.720;;
2162;-389,856;-2882,612;-329,579;0,000;0,000;0,000;0,000;RRR 1.5in;24,5;1015;46;'26.07.2023 15:45:48.730;;
2163;-390,353;-2882,595;-329,597;0,000;0,000;0,000;0,000;RRR 1.5in;24,5;1015;46;'26.07.2023 15:45:48.740;;
2164;-390,846;-2882,531;-329,596;0,000;0,000;0,000;0,000;RRR 1.5in;24,5;1015;46;'26.07.2023 15:45:48.750;;
2165;-391,338;-2882,448;-329,584;0,000;0,000;0,000;0,000;RRR 1.5in;24,5;1015;46;'26.07.2023 15:45:48.760;;
2166;-391,827;-2882,401;-329,580;0,000;0,000;0,000;0,000;RRR 1.5in;24,5;1015;46;'26.07.2023 15:45:48.770;;
2167;-392,328;-2882,394;-329,588;0,000;0,000;0,000;0,000;RRR 1.5in;24,5;1015;46;'26.07.2023 15:45:48.780;;
2168;-392,850;-2882,390;-329,595;0,000;0,000;0,000;0,000;RRR 1.5in;24,5;1015;46;'26.07.2023 15:45:48.790;;
2169;-393,362;-2882,365;-329,590;0,000;0,000;0,000;0,000;RRR 1.5in;24,5;1015;46;'26.07.2023 15:45:48.800;;
2170;-393,875;-2882,320;-329,584;0,000;0,000;0,000;0,000;RRR 1.5in;24,5;1015;46;'26.07.2023 15:45:48.810;;
2171;-394,375;-2882,277;-329,579;0,000;0,000;0,000;0,000;RRR 1.5in;24,5;1015;46;'26.07.2023 15:45:48.820;;
2172;-394,875;-2882,244;-329,575;0,000;0,000;0,000;0,000;RRR 1.5in;24,5;1015;46;'26.07.2023 15:45:48.830;;
2173;-395,381;-2882,233;-329,581;0,000;0,000;0,000;0,000;RRR 1.5in;24,5;1015;46;'26.07.2023 15:45:48.840;;
2174;-395,875;-2882,219;-329,584;0,000;0,000;0,000;0,000;RRR 1.5in;24,5;1015;46;'26.07.2023 15:45:48.850;;
2175;-396,369;-2882,197;-329,587;0,000;0,000;0,000;0,000;RRR 1.5in;24,5;1015;46;'26.07.2023 15:45:48.860;;
2176;-396,857;-2882,167;-329,585;0,000;0,000;0,000;0,000;RRR 1.5in;24,5;1015;46;'26.07.2023 15:45:48.870;;
2177;-397,338;-2882,134;-329,588;0,000;0,000;0,000;0,000;RRR 1.5in;24,5;1015;46;'26.07.2023 15:45:48.880;;
2178;-397,823;-2882,099;-329,590;0,000;0,000;0,000;0,000;RRR 1.5in;24,5;1015;46;'26.07.2023 15:45:48.890;;
2179;-398,316;-2882,061;-329,587;0,000;0,000;0,000;0,000;RRR 1.5in;24,5;1015;46;'26.07.2023 15:45:48.900;;
2180;-398,822;-2882,027;-329,581;0,000;0,000;0,000;0,000;RRR 1.5in;24,5;1015;46;'26.07.2023 15:45:48.910;;
2181;-399,320;-2882,014;-329,575;0,000;0,000;0,000;0,000;RRR 1.5in;24,5;1015;46;'26.07.2023 15:45:48.920;;
2182;-399,825;-2882,018;-329,583;0,000;0,000;0,000;0,000;RRR 1.5in;24,5;1015;46;'26.07.2023 15:45:48.930;;
2183;-400,337;-2882,002;-329,592;0,000;0,000;0,000;0,000;RRR 1.5in;24,5;1015;46;'26.07.2023 15:45:48.940;;
2184;-400,843;-2881,946;-329,588;0,000;0,000;0,000;0,000;RRR 1.5in;24,5;1015;46;'26.07.2023 15:45:48.950;;
2185;-401,351;-2881,879;-329,576;0,000;0,000;0,000;0,000;RRR 1.5in;24,5;1015;46;'26.07.2023 15:45:48.960;;
2186;-401,845;-2881,848;-329,571;0,000;0,000;0,000;0,000;RRR 1.5in;24,5;1015;46;'26.07.2023 15:45:48.970;;
2187;-402,345;-2881,852;-329,584;0,000;0,000;0,000;0,000;RRR 1.5in;24,5;1015;46;'26.07.2023 15:45:48.980;;
2188;-402,851;-2881,840;-329,592;0,000;0,000;0,000;0,000;RRR 1.5in;24,5;1015;46;'26.07.2023 15:45:48.990;;
2189;-403,340;-2881,789;-329,581;0,000;0,000;0,000;0,000;RRR 1.5in;24,5;1015;46;'26.07.2023 15:45:49.000;;
2190;-403,832;-2881,722;-329,566;0,000;0,000;0,000;0,000;RRR 1.5in;24,5;1015;46;'26.07.2023 15:45:49.010;;
2191;-404,317;-2881,680;-329,569;0,000;0,000;0,000;0,000;RRR 1.5in;24,5;1015;46;'26.07.2023 15:45:49.020;;
2192;-404,820;-2881,657;-329,575;0,000;0,000;0,000;0,000;RRR 1.5in;24,5;1015;46;'26.07.2023 15:45:49.030;;
2193;-405,313;-2881,640;-329,578;0,000;0,000;0,000;0,000;RRR 1.5in;24,5;1015;46;'26.07.2023 15:45:49.040;;
2194;-405,810;-2881,622;-329,579;0,000;0,000;0,000;0,000;RRR 1.5in;24,5;1015;46;'26.07.2023 15:45:49.050;;
2195;-406,316;-2881,606;-329,581;0,000;0,000;0,000;0,000;RRR 1.5in;24,5;1015;46;'26.07.2023 15:45:49.060;;
2196;-406,814;-2881,588;-329,582;0,000;0,000;0,000;0,000;RRR 1.5in;24,5;1015;46;'26.07.2023 15:45:49.070;;
2197;-407,324;-2881,568;-329,588;0,000;0,000;0,000;0,000;RRR 1.5in;24,5;1015;46;'26.07.2023 15:45:49.080;;
2198;-407,820;-2881,535;-329,585;0,000;0,000;0,000;0,000;RRR 1.5in;24,5;1015;46;'26.07.2023 15:45:49.090;;
2199;-408,315;-2881,493;-329,578;0,000;0,000;0,000;0,000;RRR 1.5in;24,5;1015;46;'26.07.2023 15:45:49.100;;
2200;-408,821;-2881,459;-329,576;0,000;0,000;0,000;0,000;RRR 1.5in;24,5;1015;46;'26.07.2023 15:45:49.110;;
2201;-409,316;-2881,435;-329,574;0,000;0,000;0,000;0,000;RRR 1.5in;24,5;1015;46;'26.07.2023 15:45:49.120;;
2202;-409,813;-2881,421;-329,580;0,000;0,000;0,000;0,000;RRR 1.5in;24,5;1015;46;'26.07.2023 15:45:49.130;;
2203;-410,307;-2881,398;-329,589;0,000;0,000;0,000;0,000;RRR 1.5in;24,5;1015;46;'26.07.2023 15:45:49.140;;
2204;-410,809;-2881,344;-329,590;0,000;0,000;0,000;0,000;RRR 1.5in;24,5;1015;46;'26.07.2023 15:45:49.150;;
2205;-411,312;-2881,277;-329,578;0,000;0,000;0,000;0,000;RRR 1.5in;24,5;1015;46;'26.07.2023 15:45:49.160;;
2206;-411,813;-2881,243;-329,570;0,000;0,000;0,000;0,000;RRR 1.5in;24,5;1015;46;'26.07.2023 15:45:49.170;;
2207;-412,314;-2881,245;-329,582;0,000;0,000;0,000;0,000;RRR 1.5in;24,5;1015;46;'26.07.2023 15:45:49.180;;
2208;-412,811;-2881,236;-329,590;0,000;0,000;0,000;0,000;RRR 1.5in;24,5;1015;46;'26.07.2023 15:45:49.190;;
2209;-413,308;-2881,184;-329,577;0,000;0,000;0,000;0,000;RRR 1.5in;24,5;1015;46;'26.07.2023 15:45:49.200;;
2210;-413,809;-2881,120;-329,561;0,000;0,000;0,000;0,000;RRR 1.5in;24,5;1015;46;'26.07.2023 15:45:49.210;;
2211;-414,306;-2881,089;-329,561;0,000;0,000;0,000;0,000;RRR 1.5in;24,5;1015;46;'26.07.2023 15:45:49.220;;
2212;-414,814;-2881,082;-329,572;0,000;0,000;0,000;0,000;RRR 1.5in;24,5;1015;46;'26.07.2023 15:45:49.230;;
2213;-415,315;-2881,066;-329,574;0,000;0,000;0,000;0,000;RRR 1.5in;24,5;1015;46;'26.07.2023 15:45:49.240;;
2214;-415,809;-2881,036;-329,564;0,000;0,000;0,000;0,000;RRR 1.5in;24,5;1015;46;'26.07.2023 15:45:49.250;;
2215;-416,304;-2881,018;-329,565;0,000;0,000;0,000;0,000;RRR 1.5in;24,5;1015;46;'26.07.2023 15:45:49.260;;
2216;-416,796;-2881,011;-329,578;0,000;0,000;0,000;0,000;RRR 1.5in;24,5;1015;46;'26.07.2023 15:45:49.270;;
2217;-417,292;-2880,986;-329,589;0,000;0,000;0,000;0,000;RRR 1.5in;24,5;1015;46;'26.07.2023 15:45:49.280;;
2218;-417,789;-2880,935;-329,586;0,000;0,000;0,000;0,000;RRR 1.5in;24,5;1015;46;'26.07.2023 15:45:49.290;;
2219;-418,279;-2880,884;-329,576;0,000;0,000;0,000;0,000;RRR 1.5in;24,5;1015;46;'26.07.2023 15:45:49.300;;
2220;-418,782;-2880,859;-329,578;0,000;0,000;0,000;0,000;RRR 1.5in;24,5;1015;46;'26.07.2023 15:45:49.310;;
2221;-419,284;-2880,853;-329,581;0,000;0,000;0,000;0,000;RRR 1.5in;24,5;1015;46;'26.07.2023 15:45:49.320;;
2222;-419,784;-2880,842;-329,579;0,000;0,000;0,000;0,000;RRR 1.5in;24,5;1015;46;'26.07.2023 15:45:49.330;;
2223;-420,278;-2880,818;-329,576;0,000;0,000;0,000;0,000;RRR 1.5in;24,5;1015;46;'26.07.2023 15:45:49.340;;
2224;-420,780;-2880,779;-329,574;0,000;0,000;0,000;0,000;RRR 1.5in;24,5;1015;46;'26.07.2023 15:45:49.350;;
2225;-421,290;-2880,730;-329,571;0,000;0,000;0,000;0,000;RRR 1.5in;24,5;1015;46;'26.07.2023 15:45:49.360;;
2226;-421,786;-2880,691;-329,563;0,000;0,000;0,000;0,000;RRR 1.5in;24,5;1015;46;'26.07.2023 15:45:49.370;;
2227;-422,283;-2880,678;-329,572;0,000;0,000;0,000;0,000;RRR 1.5in;24,5;1015;46;'26.07.2023 15:45:49.380;;
2228;-422,784;-2880,669;-329,585;0,000;0,000;0,000;0,000;RRR 1.5in;24,5;1015;46;'26.07.2023 15:45:49.390;;
2229;-423,289;-2880,630;-329,585;0,000;0,000;0,000;0,000;RRR 1.5in;24,5;1015;46;'26.07.2023 15:45:49.400;;
2230;-423,800;-2880,569;-329,576;0,000;0,000;0,000;0,000;RRR 1.5in;24,5;1015;46;'26.07.2023 15:45:49.410;;
2231;-424,287;-2880,526;-329,566;0,000;0,000;0,000;0,000;RRR 1.5in;24,5;1015;46;'26.07.2023 15:45:49.420;;
2232;-424,777;-2880,512;-329,567;0,000;0,000;0,000;0,000;RRR 1.5in;24,5;1015;46;'26.07.2023 15:45:49.430;;
2233;-425,273;-2880,506;-329,569;0,000;0,000;0,000;0,000;RRR 1.5in;24,5;1015;46;'26.07.2023 15:45:49.440;;
2234;-425,767;-2880,486;-329,565;0,000;0,000;0,000;0,000;RRR 1.5in;24,5;1015;46;'26.07.2023 15:45:49.450;;
2235;-426,266;-2880,461;-329,557;0,000;0,000;0,000;0,000;RRR 1.5in;24,5;1015;46;'26.07.2023 15:45:49.460;;
2236;-426,759;-2880,444;-329,553;0,000;0,000;0,000;0,000;RRR 1.5in;24,5;1015;46;'26.07.2023 15:45:49.470;;
2237;-427,264;-2880,432;-329,563;0,000;0,000;0,000;0,000;RRR 1.5in;24,5;1015;46;'26.07.2023 15:45:49.480;;
2238;-427,779;-2880,403;-329,573;0,000;0,000;0,000;0,000;RRR 1.5in;24,5;1015;46;'26.07.2023 15:45:49.490;;
2239;-428,280;-2880,353;-329,567;0,000;0,000;0,000;0,000;RRR 1.5in;24,5;1015;46;'26.07.2023 15:45:49.500;;
2240;-428,786;-2880,310;-329,562;0,000;0,000;0,000;0,000;RRR 1.5in;24,5;1015;46;'26.07.2023 15:45:49.510;;
2241;-429,276;-2880,295;-329,564;0,000;0,000;0,000;0,000;RRR 1.5in;24,5;1015;46;'26.07.2023 15:45:49.520;;
2242;-429,776;-2880,296;-329,578;0,000;0,000;0,000;0,000;RRR 1.5in;24,5;1015;46;'26.07.2023 15:45:49.530;;
2243;-430,273;-2880,272;-329,580;0,000;0,000;0,000;0,000;RRR 1.5in;24,5;1015;46;'26.07.2023 15:45:49.540;;
2244;-430,763;-2880,213;-329,569;0,000;0,000;0,000;0,000;RRR 1.5in;24,5;1015;46;'26.07.2023 15:45:49.550;;
2245;-431,268;-2880,147;-329,561;0,000;0,000;0,000;0,000;RRR 1.5in;24,5;1015;46;'26.07.2023 15:45:49.560;;
2246;-431,764;-2880,108;-329,559;0,000;0,000;0,000;0,000;RRR 1.5in;24,5;1015;46;'26.07.2023 15:45:49.570;;
2247;-432,258;-2880,091;-329,557;0,000;0,000;0,000;0,000;RRR 1.5in;24,5;1015;46;'26.07.2023 15:45:49.580;;
2248;-432,756;-2880,082;-329,557;0,000;0,000;0,000;0,000;RRR 1.5in;24,5;1015;46;'26.07.2023 15:45:49.590;;
2249;-433,256;-2880,066;-329,559;0,000;0,000;0,000;0,000;RRR 1.5in;24,5;1015;46;'26.07.2023 15:45:49.600;;
2250;-433,766;-2880,028;-329,561;0,000;0,000;0,000;0,000;RRR 1.5in;24,5;1015;46;'26.07.2023 15:45:49.610;;
2251;-434,271;-2879,980;-329,557;0,000;0,000;0,000;0,000;RRR 1.5in;24,5;1015;46;'26.07.2023 15:45:49.620;;
2252;-434,777;-2879,944;-329,558;0,000;0,000;0,000;0,000;RRR 1.5in;24,5;1015;46;'26.07.2023 15:45:49.630;;
2253;-435,284;-2879,930;-329,566;0,000;0,000;0,000;0,000;RRR 1.5in;24,5;1015;46;'26.07.2023 15:45:49.640;;
2254;-435,783;-2879,920;-329,571;0,000;0,000;0,000;0,000;RRR 1.5in;24,5;1015;46;'26.07.2023 15:45:49.650;;
2255;-436,286;-2879,900;-329,566;0,000;0,000;0,000;0,000;RRR 1.5in;24,5;1015;46;'26.07.2023 15:45:49.660;;
2256;-436,780;-2879,877;-329,554;0,000;0,000;0,000;0,000;RRR 1.5in;24,5;1015;46;'26.07.2023 15:45:49.670;;
2257;-437,265;-2879,867;-329,553;0,000;0,000;0,000;0,000;RRR 1.5in;24,5;1015;46;'26.07.2023 15:45:49.680;;
2258;-437,757;-2879,858;-329,565;0,000;0,000;0,000;0,000;RRR 1.5in;24,5;1015;46;'26.07.2023 15:45:49.690;;
2259;-438,248;-2879,812;-329,563;0,000;0,000;0,000;0,000;RRR 1.5in;24,5;1015;46;'26.07.2023 15:45:49.700;;
2260;-438,740;-2879,740;-329,546;0,000;0,000;0,000;0,000;RRR 1.5in;24,5;1015;46;'26.07.2023 15:45:49.710;;
2261;-439,246;-2879,702;-329,547;0,000;0,000;0,000;0,000;RRR 1.5in;24,5;1015;46;'26.07.2023 15:45:49.720;;
2262;-439,733;-2879,709;-329,558;0,000;0,000;0,000;0,000;RRR 1.5in;24,5;1015;46;'26.07.2023 15:45:49.730;;
2263;-440,232;-2879,714;-329,570;0,000;0,000;0,000;0,000;RRR 1.5in;24,5;1015;46;'26.07.2023 15:45:49.740;;
2264;-440,744;-2879,680;-329,568;0,000;0,000;0,000;0,000;RRR 1.5in;24,5;1015;46;'26.07.2023 15:45:49.750;;
2265;-441,258;-2879,620;-329,557;0,000;0,000;0,000;0,000;RRR 1.5in;24,5;1015;46;'26.07.2023 15:45:49.760;;
2266;-441,768;-2879,577;-329,551;0,000;0,000;0,000;0,000;RRR 1.5in;24,5;1015;46;'26.07.2023 15:45:49.770;;
2267;-442,268;-2879,563;-329,553;0,000;0,000;0,000;0,000;RRR 1.5in;24,5;1015;46;'26.07.2023 15:45:49.780;;
2268;-442,774;-2879,555;-329,559;0,000;0,000;0,000;0,000;RRR 1.5in;24,5;1015;46;'26.07.2023 15:45:49.790;;
2269;-443,277;-2879,532;-329,561;0,000;0,000;0,000;0,000;RRR 1.5in;24,5;1015;46;'26.07.2023 15:45:49.800;;
2270;-443,768;-2879,489;-329,556;0,000;0,000;0,000;0,000;RRR 1.5in;24,5;1015;46;'26.07.2023 15:45:49.810;;
2271;-444,261;-2879,441;-329,557;0,000;0,000;0,000;0,000;RRR 1.5in;24,5;1015;46;'26.07.2023 15:45:49.820;;
2272;-444,753;-2879,394;-329,556;0,000;0,000;0,000;0,000;RRR 1.5in;24,5;1015;46;'26.07.2023 15:45:49.830;;
2273;-445,242;-2879,358;-329,553;0,000;0,000;0,000;0,000;RRR 1.5in;24,5;1015;46;'26.07.2023 15:45:49.840;;
2274;-445,732;-2879,345;-329,557;0,000;0,000;0,000;0,000;RRR 1.5in;24,5;1015;46;'26.07.2023 15:45:49.850;;
2275;-446,215;-2879,337;-329,562;0,000;0,000;0,000;0,000;RRR 1.5in;24,5;1015;46;'26.07.2023 15:45:49.860;;
2276;-446,719;-2879,312;-329,564;0,000;0,000;0,000;0,000;RRR 1.5in;24,5;1015;46;'26.07.2023 15:45:49.870;;
2277;-447,225;-2879,278;-329,558;0,000;0,000;0,000;0,000;RRR 1.5in;24,5;1015;46;'26.07.2023 15:45:49.880;;
2278;-447,731;-2879,259;-329,557;0,000;0,000;0,000;0,000;RRR 1.5in;24,5;1015;46;'26.07.2023 15:45:49.890;;
2279;-448,243;-2879,253;-329,572;0,000;0,000;0,000;0,000;RRR 1.5in;24,5;1015;46;'26.07.2023 15:45:49.900;;
2280;-448,753;-2879,226;-329,576;0,000;0,000;0,000;0,000;RRR 1.5in;24,5;1015;46;'26.07.2023 15:45:49.910;;
2281;-449,265;-2879,177;-329,561;0,000;0,000;0,000;0,000;RRR 1.5in;24,5;1015;46;'26.07.2023 15:45:49.920;;
2282;-449,766;-2879,156;-329,553;0,000;0,000;0,000;0,000;RRR 1.5in;24,5;1015;46;'26.07.2023 15:45:49.930;;
2283;-450,252;-2879,167;-329,561;0,000;0,000;0,000;0,000;RRR 1.5in;24,5;1015;46;'26.07.2023 15:45:49.940;;
2284;-450,746;-2879,162;-329,570;0,000;0,000;0,000;0,000;RRR 1.5in;24,5;1015;46;'26.07.2023 15:45:49.950;;
2285;-451,239;-2879,112;-329,563;0,000;0,000;0,000;0,000;RRR 1.5in;24,5;1015;46;'26.07.2023 15:45:49.960;;
2286;-451,729;-2879,037;-329,550;0,000;0,000;0,000;0,000;RRR 1.5in;24,5;1015;46;'26.07.2023 15:45:49.970;;
2287;-452,226;-2878,979;-329,548;0,000;0,000;0,000;0,000;RRR 1.5in;24,5;1015;46;'26.07.2023 15:45:49.980;;
2288;-452,712;-2878,949;-329,549;0,000;0,000;0,000;0,000;RRR 1.5in;24,5;1015;46;'26.07.2023 15:45:49.990;;
2289;-453,209;-2878,938;-329,556;0,000;0,000;0,000;0,000;RRR 1.5in;24,5;1015;46;'26.07.2023 15:45:50.000;;
2290;-453,712;-2878,921;-329,561;0,000;0,000;0,000;0,000;RRR 1.5in;24,5;1015;46;'26.07.2023 15:45:50.010;;
2291;-454,210;-2878,881;-329,558;0,000;0,000;0,000;0,000;RRR 1.5in;24,5;1015;46;'26.07.2023 15:45:50.020;;
2292;-454,734;-2878,834;-329,560;0,000;0,000;0,000;0,000;RRR 1.5in;24,5;1015;46;'26.07.2023 15:45:50.030;;
2293;-455,254;-2878,796;-329,562;0,000;0,000;0,000;0,000;RRR 1.5in;24,5;1015;46;'26.07.2023 15:45:50.040;;
2294;-455,754;-2878,769;-329,561;0,000;0,000;0,000;0,000;RRR 1.5in;24,5;1015;46;'26.07.2023 15:45:50.050;;
2295;-456,250;-2878,759;-329,562;0,000;0,000;0,000;0,000;RRR 1.5in;24,5;1015;46;'26.07.2023 15:45:50.060;;
2296;-456,746;-2878,753;-329,559;0,000;0,000;0,000;0,000;RRR 1.5in;24,5;1015;46;'26.07.2023 15:45:50.070;;
2297;-457,247;-2878,733;-329,553;0,000;0,000;0,000;0,000;RRR 1.5in;24,5;1015;46;'26.07.2023 15:45:50.080;;
2298;-457,738;-2878,706;-329,546;0,000;0,000;0,000;0,000;RRR 1.5in;24,5;1015;46;'26.07.2023 15:45:50.090;;
2299;-458,215;-2878,676;-329,539;0,000;0,000;0,000;0,000;RRR 1.5in;24,5;1015;46;'26.07.2023 15:45:50.100;;
2300;-458,700;-2878,643;-329,542;0,000;0,000;0,000;0,000;RRR 1.5in;24,5;1015;46;'26.07.2023 15:45:50.110;;
2301;-459,190;-2878,597;-329,545;0,000;0,000;0,000;0,000;RRR 1.5in;24,5;1015;46;'26.07.2023 15:45:50.120;;
2302;-459,685;-2878,544;-329,543;0,000;0,000;0,000;0,000;RRR 1.5in;24,5;1015;46;'26.07.2023 15:45:50.130;;
2303;-460,184;-2878,518;-329,545;0,000;0,000;0,000;0,000;RRR 1.5in;24,5;1015;46;'26.07.2023 15:45:50.140;;
2304;-460,680;-2878,523;-329,552;0,000;0,000;0,000;0,000;RRR 1.5in;24,5;1015;46;'26.07.2023 15:45:50.150;;
2305;-461,192;-2878,532;-329,564;0,000;0,000;0,000;0,000;RRR 1.5in;24,5;1015;46;'26.07.2023 15:45:50.160;;
2306;-461,707;-2878,513;-329,569;0,000;0,000;0,000;0,000;RRR 1.5in;24,5;1015;46;'26.07.2023 15:45:50.170;;
2307;-462,214;-2878,454;-329,558;0,000;0,000;0,000;0,000;RRR 1.5in;24,5;1015;46;'26.07.2023 15:45:50.180;;
2308;-462,723;-2878,391;-329,540;0,000;0,000;0,000;0,000;RRR 1.5in;24,5;1015;46;'26.07.2023 15:45:50.190;;
2309;-463,222;-2878,359;-329,527;0,000;0,000;0,000;0,000;RRR 1.5in;24,5;1015;46;'26.07.2023 15:45:50.200;;
2310;-463,718;-2878,360;-329,528;0,000;0,000;0,000;0,000;RRR 1.5in;24,5;1015;46;'26.07.2023 15:45:50.210;;
2311;-464,216;-2878,362;-329,536;0,000;0,000;0,000;0,000;RRR 1.5in;24,5;1015;46;'26.07.2023 15:45:50.220;;
2312;-464,699;-2878,327;-329,531;0,000;0,000;0,000;0,000;RRR 1.5in;24,5;1015;46;'26.07.2023 15:45:50.230;;
2313;-465,185;-2878,260;-329,524;0,000;0,000;0,000;0,000;RRR 1.5in;24,5;1015;46;'26.07.2023 15:45:50.240;;
2314;-465,679;-2878,208;-329,529;0,000;0,000;0,000;0,000;RRR 1.5in;24,5;1015;46;'26.07.2023 15:45:50.250;;
2315;-466,175;-2878,175;-329,541;0,000;0,000;0,000;0,000;RRR 1.5in;24,5;1015;46;'26.07.2023 15:45:50.260;;
2316;-466,678;-2878,149;-329,544;0,000;0,000;0,000;0,000;RRR 1.5in;24,5;1015;46;'26.07.2023 15:45:50.270;;
2317;-467,180;-2878,125;-329,540;0,000;0,000;0,000;0,000;RRR 1.5in;24,5;1015;46;'26.07.2023 15:45:50.280;;
2318;-467,692;-2878,110;-329,535;0,000;0,000;0,000;0,000;RRR 1.5in;24,5;1015;46;'26.07.2023 15:45:50.290;;
2319;-468,208;-2878,104;-329,533;0,000;0,000;0,000;0,000;RRR 1.5in;24,5;1015;46;'26.07.2023 15:45:50.300;;
2320;-468,708;-2878,091;-329,524;0,000;0,000;0,000;0,000;RRR 1.5in;24,5;1015;46;'26.07.2023 15:45:50.310;;
2321;-469,199;-2878,072;-329,521;0,000;0,000;0,000;0,000;RRR 1.5in;24,5;1015;46;'26.07.2023 15:45:50.320;;
2322;-469,692;-2878,046;-329,525;0,000;0,000;0,000;0,000;RRR 1.5in;24,5;1015;46;'26.07.2023 15:45:50.330;;
2323;-470,186;-2878,001;-329,526;0,000;0,000;0,000;0,000;RRR 1.5in;24,5;1015;46;'26.07.2023 15:45:50.340;;
2324;-470,685;-2877,956;-329,525;0,000;0,000;0,000;0,000;RRR 1.5in;24,5;1015;46;'26.07.2023 15:45:50.350;;
2325;-471,172;-2877,932;-329,528;0,000;0,000;0,000;0,000;RRR 1.5in;24,5;1015;46;'26.07.2023 15:45:50.360;;
2326;-471,649;-2877,926;-329,532;0,000;0,000;0,000;0,000;RRR 1.5in;24,5;1015;46;'26.07.2023 15:45:50.370;;
2327;-472,141;-2877,918;-329,541;0,000;0,000;0,000;0,000;RRR 1.5in;24,5;1015;46;'26.07.2023 15:45:50.380;;
2328;-472,648;-2877,879;-329,542;0,000;0,000;0,000;0,000;RRR 1.5in;24,5;1015;46;'26.07.2023 15:45:50.390;;
2329;-473,162;-2877,815;-329,533;0,000;0,000;0,000;0,000;RRR 1.5in;24,5;1015;46;'26.07.2023 15:45:50.400;;
2330;-473,667;-2877,769;-329,526;0,000;0,000;0,000;0,000;RRR 1.5in;24,5;1015;46;'26.07.2023 15:45:50.410;;
2331;-474,164;-2877,747;-329,520;0,000;0,000;0,000;0,000;RRR 1.5in;24,5;1015;46;'26.07.2023 15:45:50.420;;
2332;-474,672;-2877,740;-329,520;0,000;0,000;0,000;0,000;RRR 1.5in;24,5;1015;46;'26.07.2023 15:45:50.430;;
2333;-475,184;-2877,729;-329,520;0,000;0,000;0,000;0,000;RRR 1.5in;24,5;1015;46;'26.07.2023 15:45:50.440;;
2334;-475,684;-2877,695;-329,515;0,000;0,000;0,000;0,000;RRR 1.5in;24,5;1015;46;'26.07.2023 15:45:50.450;;
2335;-476,189;-2877,650;-329,513;0,000;0,000;0,000;0,000;RRR 1.5in;24,5;1015;46;'26.07.2023 15:45:50.460;;
2336;-476,687;-2877,612;-329,511;0,000;0,000;0,000;0,000;RRR 1.5in;24,5;1015;46;'26.07.2023 15:45:50.470;;
2337;-477,183;-2877,584;-329,516;0,000;0,000;0,000;0,000;RRR 1.5in;24,5;1015;46;'26.07.2023 15:45:50.480;;
2338;-477,670;-2877,563;-329,525;0,000;0,000;0,000;0,000;RRR 1.5in;24,5;1015;46;'26.07.2023 15:45:50.490;;
2339;-478,154;-2877,526;-329,522;0,000;0,000;0,000;0,000;RRR 1.5in;24,5;1015;46;'26.07.2023 15:45:50.500;;
2340;-478,656;-2877,482;-329,513;0,000;0,000;0,000;0,000;RRR 1.5in;24,5;1015;46;'26.07.2023 15:45:50.510;;
2341;-479,163;-2877,458;-329,511;0,000;0,000;0,000;0,000;RRR 1.5in;24,5;1015;46;'26.07.2023 15:45:50.520;;
2342;-479,660;-2877,450;-329,513;0,000;0,000;0,000;0,000;RRR 1.5in;24,5;1015;46;'26.07.2023 15:45:50.530;;
2343;-480,161;-2877,436;-329,517;0,000;0,000;0,000;0,000;RRR 1.5in;24,5;1015;46;'26.07.2023 15:45:50.540;;
2344;-480,665;-2877,403;-329,512;0,000;0,000;0,000;0,000;RRR 1.5in;24,5;1015;46;'26.07.2023 15:45:50.550;;
2345;-481,168;-2877,361;-329,504;0,000;0,000;0,000;0,000;RRR 1.5in;24,5;1015;46;'26.07.2023 15:45:50.560;;
2346;-481,674;-2877,344;-329,513;0,000;0,000;0,000;0,000;RRR 1.5in;24,5;1015;46;'26.07.2023 15:45:50.570;;
2347;-482,167;-2877,338;-329,518;0,000;0,000;0,000;0,000;RRR 1.5in;24,5;1015;46;'26.07.2023 15:45:50.580;;
2348;-482,660;-2877,326;-329,521;0,000;0,000;0,000;0,000;RRR 1.5in;24,5;1015;46;'26.07.2023 15:45:50.590;;
2349;-483,163;-2877,307;-329,528;0,000;0,000;0,000;0,000;RRR 1.5in;24,5;1015;46;'26.07.2023 15:45:50.600;;
2350;-483,659;-2877,266;-329,529;0,000;0,000;0,000;0,000;RRR 1.5in;24,5;1015;46;'26.07.2023 15:45:50.610;;
2351;-484,157;-2877,208;-329,526;0,000;0,000;0,000;0,000;RRR 1.5in;24,5;1015;46;'26.07.2023 15:45:50.620;;
2352;-484,649;-2877,156;-329,514;0,000;0,000;0,000;0,000;RRR 1.5in;24,5;1015;46;'26.07.2023 15:45:50.630;;
2353;-485,132;-2877,130;-329,496;0,000;0,000;0,000;0,000;RRR 1.5in;24,5;1015;46;'26.07.2023 15:45:50.640;;
2354;-485,627;-2877,144;-329,504;0,000;0,000;0,000;0,000;RRR 1.5in;24,5;1015;46;'26.07.2023 15:45:50.650;;
2355;-486,131;-2877,144;-329,512;0,000;0,000;0,000;0,000;RRR 1.5in;24,5;1015;46;'26.07.2023 15:45:50.660;;
2356;-486,631;-2877,091;-329,501;0,000;0,000;0,000;0,000;RRR 1.5in;24,5;1015;46;'26.07.2023 15:45:50.670;;
2357;-487,141;-2877,030;-329,496;0,000;0,000;0,000;0,000;RRR 1.5in;24,5;1015;46;'26.07.2023 15:45:50.680;;
2358;-487,644;-2876,993;-329,503;0,000;0,000;0,000;0,000;RRR 1.5in;24,5;1015;46;'26.07.2023 15:45:50.690;;
2359;-488,154;-2876,972;-329,513;0,000;0,000;0,000;0,000;RRR 1.5in;24,5;1015;46;'26.07.2023 15:45:50.700;;
2360;-488,667;-2876,953;-329,518;0,000;0,000;0,000;0,000;RRR 1.5in;24,5;1015;46;'26.07.2023 15:45:50.710;;
2361;-489,164;-2876,920;-329,507;0,000;0,000;0,000;0,000;RRR 1.5in;24,5;1015;46;'26.07.2023 15:45:50.720;;
2362;-489,662;-2876,892;-329,501;0,000;0,000;0,000;0,000;RRR 1.5in;24,5;1015;46;'26.07.2023 15:45:50.730;;
2363;-490,157;-2876,880;-329,500;0,000;0,000;0,000;0,000;RRR 1.5in;24,5;1015;46;'26.07.2023 15:45:50.740;;
2364;-490,640;-2876,859;-329,494;0,000;0,000;0,000;0,000;RRR 1.5in;24,5;1015;46;'26.07.2023 15:45:50.750;;
2365;-491,128;-2876,833;-329,494;0,000;0,000;0,000;0,000;RRR 1.5in;24,5;1015;46;'26.07.2023 15:45:50.760;;
2366;-491,625;-2876,798;-329,497;0,000;0,000;0,000;0,000;RRR 1.5in;24,5;1015;46;'26.07.2023 15:45:50.770;;
2367;-492,124;-2876,753;-329,497;0,000;0,000;0,000;0,000;RRR 1.5in;24,5;1015;46;'26.07.2023 15:45:50.780;;
2368;-492,632;-2876,723;-329,503;0,000;0,000;0,000;0,000;RRR 1.5in;24,5;1015;46;'26.07.2023 15:45:50.790;;
2369;-493,124;-2876,713;-329,504;0,000;0,000;0,000;0,000;RRR 1.5in;24,5;1015;46;'26.07.2023 15:45:50.800;;
2370;-493,616;-2876,715;-329,507;0,000;0,000;0,000;0,000;RRR 1.5in;24,5;1015;46;'26.07.2023 15:45:50.810;;
2371;-494,124;-2876,715;-329,514;0,000;0,000;0,000;0,000;RRR 1.5in;24,5;1015;46;'26.07.2023 15:45:50.820;;
2372;-494,631;-2876,680;-329,508;0,000;0,000;0,000;0,000;RRR 1.5in;24,5;1015;46;'26.07.2023 15:45:50.830;;
2373;-495,141;-2876,621;-329,500;0,000;0,000;0,000;0,000;RRR 1.5in;24,5;1015;46;'26.07.2023 15:45:50.840;;
2374;-495,649;-2876,568;-329,498;0,000;0,000;0,000;0,000;RRR 1.5in;24,5;1015;46;'26.07.2023 15:45:50.850;;
2375;-496,143;-2876,524;-329,485;0,000;0,000;0,000;0,000;RRR 1.5in;24,5;1015;46;'26.07.2023 15:45:50.860;;
2376;-496,634;-2876,516;-329,483;0,000;0,000;0,000;0,000;RRR 1.5in;24,5;1015;46;'26.07.2023 15:45:50.870;;
2377;-497,131;-2876,521;-329,494;0,000;0,000;0,000;0,000;RRR 1.5in;24,5;1015;46;'26.07.2023 15:45:50.880;;
2378;-497,622;-2876,494;-329,494;0,000;0,000;0,000;0,000;RRR 1.5in;24,5;1015;46;'26.07.2023 15:45:50.890;;
2379;-498,126;-2876,439;-329,493;0,000;0,000;0,000;0,000;RRR 1.5in;24,5;1015;46;'26.07.2023 15:45:50.900;;
2380;-498,628;-2876,381;-329,491;0,000;0,000;0,000;0,000;RRR 1.5in;24,5;1015;46;'26.07.2023 15:45:50.910;;
2381;-499,120;-2876,340;-329,492;0,000;0,000;0,000;0,000;RRR 1.5in;24,5;1015;46;'26.07.2023 15:45:50.920;;
2382;-499,622;-2876,325;-329,503;0,000;0,000;0,000;0,000;RRR 1.5in;24,5;1015;46;'26.07.2023 15:45:50.930;;
2383;-500,116;-2876,299;-329,502;0,000;0,000;0,000;0,000;RRR 1.5in;24,5;1015;46;'26.07.2023 15:45:50.940;;
2384;-500,616;-2876,261;-329,489;0,000;0,000;0,000;0,000;RRR 1.5in;24,5;1015;46;'26.07.2023 15:45:50.950;;
2385;-501,131;-2876,244;-329,489;0,000;0,000;0,000;0,000;RRR 1.5in;24,5;1015;46;'26.07.2023 15:45:50.960;;
2386;-501,641;-2876,238;-329,492;0,000;0,000;0,000;0,000;RRR 1.5in;24,5;1015;46;'26.07.2023 15:45:50.970;;
2387;-502,141;-2876,225;-329,494;0,000;0,000;0,000;0,000;RRR 1.5in;24,5;1015;46;'26.07.2023 15:45:50.980;;
2388;-502,646;-2876,198;-329,499;0,000;0,000;0,000;0,000;RRR 1.5in;24,5;1015;46;'26.07.2023 15:45:50.990;;
2389;-503,139;-2876,152;-329,496;0,000;0,000;0,000;0,000;RRR 1.5in;24,5;1015;46;'26.07.2023 15:45:51.000;;
2390;-503,635;-2876,111;-329,495;0,000;0,000;0,000;0,000;RRR 1.5in;24,5;1015;46;'26.07.2023 15:45:51.010;;
2391;-504,133;-2876,094;-329,501;0,000;0,000;0,000;0,000;RRR 1.5in;24,5;1015;46;'26.07.2023 15:45:51.020;;
2392;-504,615;-2876,083;-329,495;0,000;0,000;0,000;0,000;RRR 1.5in;24,5;1015;46;'26.07.2023 15:45:51.030;;
2393;-505,100;-2876,082;-329,497;0,000;0,000;0,000;0,000;RRR 1.5in;24,5;1015;46;'26.07.2023 15:45:51.040;;
2394;-505,598;-2876,067;-329,501;0,000;0,000;0,000;0,000;RRR 1.5in;24,5;1015;46;'26.07.2023 15:45:51.050;;
2395;-506,096;-2876,015;-329,496;0,000;0,000;0,000;0,000;RRR 1.5in;24,5;1015;46;'26.07.2023 15:45:51.060;;
2396;-506,601;-2875,953;-329,487;0,000;0,000;0,000;0,000;RRR 1.5in;24,5;1015;46;'26.07.2023 15:45:51.070;;
2397;-507,100;-2875,910;-329,480;0,000;0,000;0,000;0,000;RRR 1.5in;24,5;1015;46;'26.07.2023 15:45:51.080;;
2398;-507,598;-2875,900;-329,477;0,000;0,000;0,000;0,000;RRR 1.5in;24,5;1015;46;'26.07.2023 15:45:51.090;;
2399;-508,105;-2875,912;-329,487;0,000;0,000;0,000;0,000;RRR 1.5in;24,5;1015;46;'26.07.2023 15:45:51.100;;
2400;-508,611;-2875,897;-329,492;0,000;0,000;0,000;0,000;RRR 1.5in;24,5;1015;46;'26.07.2023 15:45:51.110;;
2401;-509,111;-2875,846;-329,489;0,000;0,000;0,000;0,000;RRR 1.5in;24,5;1015;46;'26.07.2023 15:45:51.120;;
2402;-509,620;-2875,788;-329,491;0,000;0,000;0,000;0,000;RRR 1.5in;24,5;1015;46;'26.07.2023 15:45:51.130;;
2403;-510,119;-2875,741;-329,496;0,000;0,000;0,000;0,000;RRR 1.5in;24,5;1015;46;'26.07.2023 15:45:51.140;;
2404;-510,611;-2875,713;-329,500;0,000;0,000;0,000;0,000;RRR 1.5in;24,5;1015;46;'26.07.2023 15:45:51.150;;
2405;-511,106;-2875,695;-329,504;0,000;0,000;0,000;0,000;RRR 1.5in;24,5;1015;46;'26.07.2023 15:45:51.160;;
2406;-511,591;-2875,661;-329,497;0,000;0,000;0,000;0,000;RRR 1.5in;24,5;1015;46;'26.07.2023 15:45:51.170;;
2407;-512,085;-2875,620;-329,489;0,000;0,000;0,000;0,000;RRR 1.5in;24,5;1015;46;'26.07.2023 15:45:51.180;;
2408;-512,582;-2875,588;-329,488;0,000;0,000;0,000;0,000;RRR 1.5in;24,5;1015;46;'26.07.2023 15:45:51.190;;
2409;-513,073;-2875,558;-329,478;0,000;0,000;0,000;0,000;RRR 1.5in;24,5;1015;46;'26.07.2023 15:45:51.200;;
2410;-513,573;-2875,543;-329,479;0,000;0,000;0,000;0,000;RRR 1.5in;24,5;1015;46;'26.07.2023 15:45:51.210;;
2411;-514,091;-2875,533;-329,493;0,000;0,000;0,000;0,000;RRR 1.5in;24,5;1015;46;'26.07.2023 15:45:51.220;;
2412;-514,607;-2875,503;-329,499;0,000;0,000;0,000;0,000;RRR 1.5in;24,5;1015;46;'26.07.2023 15:45:51.230;;
2413;-515,117;-2875,464;-329,499;0,000;0,000;0,000;0,000;RRR 1.5in;24,5;1015;46;'26.07.2023 15:45:51.240;;
2414;-515,613;-2875,442;-329,500;0,000;0,000;0,000;0,000;RRR 1.5in;24,5;1015;46;'26.07.2023 15:45:51.250;;
2415;-516,093;-2875,441;-329,504;0,000;0,000;0,000;0,000;RRR 1.5in;24,5;1015;46;'26.07.2023 15:45:51.260;;
2416;-516,585;-2875,442;-329,511;0,000;0,000;0,000;0,000;RRR 1.5in;24,5;1015;46;'26.07.2023 15:45:51.270;;
2417;-517,083;-2875,411;-329,506;0,000;0,000;0,000;0,000;RRR 1.5in;24,5;1015;46;'26.07.2023 15:45:51.280;;
2418;-517,574;-2875,352;-329,491;0,000;0,000;0,000;0,000;RRR 1.5in;24,5;1015;46;'26.07.2023 15:45:51.290;;
2419;-518,071;-2875,304;-329,486;0,000;0,000;0,000;0,000;RRR 1.5in;24,5;1015;46;'26.07.2023 15:45:51.300;;
2420;-518,566;-2875,270;-329,487;0,000;0,000;0,000;0,000;RRR 1.5in;24,5;1015;46;'26.07.2023 15:45:51.310;;
2421;-519,060;-2875,238;-329,480;0,000;0,000;0,000;0,000;RRR 1.5in;24,5;1015;46;'26.07.2023 15:45:51.320;;
2422;-519,562;-2875,226;-329,481;0,000;0,000;0,000;0,000;RRR 1.5in;24,5;1015;46;'26.07.2023 15:45:51.330;;
2423;-520,076;-2875,217;-329,492;0,000;0,000;0,000;0,000;RRR 1.5in;24,5;1015;46;'26.07.2023 15:45:51.340;;
2424;-520,585;-2875,188;-329,500;0,000;0,000;0,000;0,000;RRR 1.5in;24,5;1015;46;'26.07.2023 15:45:51.350;;
2425;-521,109;-2875,137;-329,505;0,000;0,000;0,000;0,000;RRR 1.5in;24,5;1015;46;'26.07.2023 15:45:51.360;;
2426;-521,617;-2875,075;-329,499;0,000;0,000;0,000;0,000;RRR 1.5in;24,5;1015;46;'26.07.2023 15:45:51.370;;
2427;-522,103;-2875,033;-329,491;0,000;0,000;0,000;0,000;RRR 1.5in;24,5;1015;46;'26.07.2023 15:45:51.380;;
2428;-522,595;-2875,023;-329,497;0,000;0,000;0,000;0,000;RRR 1.5in;24,5;1015;46;'26.07.2023 15:45:51.390;;
2429;-523,094;-2875,009;-329,497;0,000;0,000;0,000;0,000;RRR 1.5in;24,5;1015;46;'26.07.2023 15:45:51.400;;
2430;-523,587;-2874,972;-329,485;0,000;0,000;0,000;0,000;RRR 1.5in;24,5;1015;46;'26.07.2023 15:45:51.410;;
2431;-524,077;-2874,940;-329,484;0,000;0,000;0,000;0,000;RRR 1.5in;24,5;1015;46;'26.07.2023 15:45:51.420;;
2432;-524,560;-2874,917;-329,485;0,000;0,000;0,000;0,000;RRR 1.5in;24,5;1015;46;'26.07.2023 15:45:51.430;;
2433;-525,052;-2874,891;-329,488;0,000;0,000;0,000;0,000;RRR 1.5in;24,5;1015;46;'26.07.2023 15:45:51.440;;
2434;-525,561;-2874,864;-329,498;0,000;0,000;0,000;0,000;RRR 1.5in;24,5;1015;46;'26.07.2023 15:45:51.450;;
2435;-526,070;-2874,830;-329,503;0,000;0,000;0,000;0,000;RRR 1.5in;24,5;1015;46;'26.07.2023 15:45:51.460;;
2436;-526,579;-2874,795;-329,503;0,000;0,000;0,000;0,000;RRR 1.5in;24,5;1015;46;'26.07.2023 15:45:51.470;;
2437;-527,096;-2874,773;-329,501;0,000;0,000;0,000;0,000;RRR 1.5in;24,5;1015;46;'26.07.2023 15:45:51.480;;
2438;-527,602;-2874,765;-329,495;0,000;0,000;0,000;0,000;RRR 1.5in;24,5;1015;46;'26.07.2023 15:45:51.490;;
2439;-528,091;-2874,774;-329,495;0,000;0,000;0,000;0,000;RRR 1.5in;24,5;1015;46;'26.07.2023 15:45:51.500;;
2440;-528,581;-2874,772;-329,502;0,000;0,000;0,000;0,000;RRR 1.5in;24,5;1015;46;'26.07.2023 15:45:51.510;;
2441;-529,071;-2874,726;-329,499;0,000;0,000;0,000;0,000;RRR 1.5in;24,5;1015;46;'26.07.2023 15:45:51.520;;
2442;-529,580;-2874,655;-329,496;0,000;0,000;0,000;0,000;RRR 1.5in;24,5;1015;46;'26.07.2023 15:45:51.530;;
2443;-530,085;-2874,598;-329,501;0,000;0,000;0,000;0,000;RRR 1.5in;24,5;1015;46;'26.07.2023 15:45:51.540;;
2444;-530,568;-2874,564;-329,500;0,000;0,000;0,000;0,000;RRR 1.5in;24,5;1015;46;'26.07.2023 15:45:51.550;;
2445;-531,052;-2874,555;-329,501;0,000;0,000;0,000;0,000;RRR 1.5in;24,5;1015;46;'26.07.2023 15:45:51.560;;
2446;-531,552;-2874,559;-329,510;0,000;0,000;0,000;0,000;RRR 1.5in;24,5;1015;46;'26.07.2023 15:45:51.570;;
2447;-532,063;-2874,539;-329,510;0,000;0,000;0,000;0,000;RRR 1.5in;24,5;1015;46;'26.07.2023 15:45:51.580;;
2448;-532,575;-2874,498;-329,506;0,000;0,000;0,000;0,000;RRR 1.5in;24,5;1015;46;'26.07.2023 15:45:51.590;;
2449;-533,094;-2874,450;-329,506;0,000;0,000;0,000;0,000;RRR 1.5in;24,5;1015;46;'26.07.2023 15:45:51.600;;
2450;-533,592;-2874,409;-329,503;0,000;0,000;0,000;0,000;RRR 1.5in;24,5;1015;46;'26.07.2023 15:45:51.610;;
2451;-534,093;-2874,379;-329,503;0,000;0,000;0,000;0,000;RRR 1.5in;24,5;1015;46;'26.07.2023 15:45:51.620;;
2452;-534,595;-2874,358;-329,507;0,000;0,000;0,000;0,000;RRR 1.5in;24,5;1015;46;'26.07.2023 15:45:51.630;;
2453;-535,093;-2874,327;-329,503;0,000;0,000;0,000;0,000;RRR 1.5in;24,5;1015;46;'26.07.2023 15:45:51.640;;
2454;-535,594;-2874,297;-329,503;0,000;0,000;0,000;0,000;RRR 1.5in;24,5;1015;46;'26.07.2023 15:45:51.650;;
2455;-536,097;-2874,266;-329,506;0,000;0,000;0,000;0,000;RRR 1.5in;24,5;1015;46;'26.07.2023 15:45:51.660;;
2456;-536,585;-2874,227;-329,499;0,000;0,000;0,000;0,000;RRR 1.5in;24,5;1015;46;'26.07.2023 15:45:51.670;;
2457;-537,071;-2874,201;-329,499;0,000;0,000;0,000;0,000;RRR 1.5in;24,5;1015;46;'26.07.2023 15:45:51.680;;
2458;-537,569;-2874,182;-329,510;0,000;0,000;0,000;0,000;RRR 1.5in;24,5;1015;46;'26.07.2023 15:45:51.690;;
2459;-538,074;-2874,145;-329,518;0,000;0,000;0,000;0,000;RRR 1.5in;24,5;1015;46;'26.07.2023 15:45:51.700;;
2460;-538,587;-2874,096;-329,514;0,000;0,000;0,000;0,000;RRR 1.5in;24,5;1015;46;'26.07.2023 15:45:51.710;;
2461;-539,091;-2874,070;-329,515;0,000;0,000;0,000;0,000;RRR 1.5in;24,5;1015;46;'26.07.2023 15:45:51.720;;
2462;-539,582;-2874,071;-329,518;0,000;0,000;0,000;0,000;RRR 1.5in;24,5;1015;46;'26.07.2023 15:45:51.730;;
2463;-540,076;-2874,085;-329,526;0,000;0,000;0,000;0,000;RRR 1.5in;24,5;1015;46;'26.07.2023 15:45:51.740;;
2464;-540,591;-2874,076;-329,534;0,000;0,000;0,000;0,000;RRR 1.5in;24,5;1015;46;'26.07.2023 15:45:51.750;;
2465;-541,097;-2874,029;-329,525;0,000;0,000;0,000;0,000;RRR 1.5in;24,5;1015;46;'26.07.2023 15:45:51.760;;
2466;-541,601;-2873,972;-329,519;0,000;0,000;0,000;0,000;RRR 1.5in;24,5;1015;46;'26.07.2023 15:45:51.770;;
2467;-542,106;-2873,930;-329,522;0,000;0,000;0,000;0,000;RRR 1.5in;24,5;1015;46;'26.07.2023 15:45:51.780;;
2468;-542,601;-2873,894;-329,520;0,000;0,000;0,000;0,000;RRR 1.5in;24,5;1015;46;'26.07.2023 15:45:51.790;;
2469;-543,088;-2873,872;-329,515;0,000;0,000;0,000;0,000;RRR 1.5in;24,5;1015;46;'26.07.2023 15:45:51.800;;
2470;-543,577;-2873,865;-329,522;0,000;0,000;0,000;0,000;RRR 1.5in;24,5;1015;46;'26.07.2023 15:45:51.810;;
2471;-544,078;-2873,848;-329,533;0,000;0,000;0,000;0,000;RRR 1.5in;24,5;1015;46;'26.07.2023 15:45:51.820;;
2472;-544,589;-2873,801;-329,536;0,000;0,000;0,000;0,000;RRR 1.5in;24,5;1015;46;'26.07.2023 15:45:51.830;;
2473;-545,105;-2873,740;-329,537;0,000;0,000;0,000;0,000;RRR 1.5in;24,5;1015;46;'26.07.2023 15:45:51.840;;
2474;-545,603;-2873,693;-329,532;0,000;0,000;0,000;0,000;RRR 1.5in;24,5;1015;46;'26.07.2023 15:45:51.850;;
2475;-546,100;-2873,671;-329,534;0,000;0,000;0,000;0,000;RRR 1.5in;24,5;1015;46;'26.07.2023 15:45:51.860;;
2476;-546,603;-2873,656;-329,535;0,000;0,000;0,000;0,000;RRR 1.5in;24,5;1015;46;'26.07.2023 15:45:51.870;;
2477;-547,113;-2873,626;-329,526;0,000;0,000;0,000;0,000;RRR 1.5in;24,5;1015;46;'26.07.2023 15:45:51.880;;
2478;-547,624;-2873,592;-329,517;0,000;0,000;0,000;0,000;RRR 1.5in;24,5;1015;46;'26.07.2023 15:45:51.890;;
2479;-548,136;-2873,567;-329,519;0,000;0,000;0,000;0,000;RRR 1.5in;24,5;1015;46;'26.07.2023 15:45:51.900;;
2480;-548,629;-2873,540;-329,518;0,000;0,000;0,000;0,000;RRR 1.5in;24,5;1015;46;'26.07.2023 15:45:51.910;;
2481;-549,117;-2873,517;-329,516;0,000;0,000;0,000;0,000;RRR 1.5in;24,5;1015;46;'26.07.2023 15:45:51.920;;
2482;-549,614;-2873,498;-329,528;0,000;0,000;0,000;0,000;RRR 1.5in;24,5;1015;46;'26.07.2023 15:45:51.930;;
2483;-550,110;-2873,458;-329,533;0,000;0,000;0,000;0,000;RRR 1.5in;24,5;1015;46;'26.07.2023 15:45:51.940;;
2484;-550,607;-2873,409;-329,533;0,000;0,000;0,000;0,000;RRR 1.5in;24,5;1015;46;'26.07.2023 15:45:51.950;;
2485;-551,108;-2873,371;-329,534;0,000;0,000;0,000;0,000;RRR 1.5in;24,5;1015;46;'26.07.2023 15:45:51.960;;
2486;-551,591;-2873,353;-329,531;0,000;0,000;0,000;0,000;RRR 1.5in;24,5;1015;46;'26.07.2023 15:45:51.970;;
2487;-552,071;-2873,356;-329,529;0,000;0,000;0,000;0,000;RRR 1.5in;24,5;1015;46;'26.07.2023 15:45:51.980;;
2488;-552,572;-2873,364;-329,538;0,000;0,000;0,000;0,000;RRR 1.5in;24,5;1015;46;'26.07.2023 15:45:51.990;;
2489;-553,091;-2873,342;-329,537;0,000;0,000;0,000;0,000;RRR 1.5in;24,5;1015;46;'26.07.2023 15:45:52.000;;
2490;-553,619;-2873,291;-329,534;0,000;0,000;0,000;0,000;RRR 1.5in;24,5;1015;46;'26.07.2023 15:45:52.010;;
2491;-554,142;-2873,245;-329,538;0,000;0,000;0,000;0,000;RRR 1.5in;24,5;1015;46;'26.07.2023 15:45:52.020;;
2492;-554,643;-2873,209;-329,538;0,000;0,000;0,000;0,000;RRR 1.5in;24,5;1015;46;'26.07.2023 15:45:52.030;;
2493;-555,129;-2873,192;-329,536;0,000;0,000;0,000;0,000;RRR 1.5in;24,5;1015;46;'26.07.2023 15:45:52.040;;
2494;-555,622;-2873,187;-329,541;0,000;0,000;0,000;0,000;RRR 1.5in;24,5;1015;46;'26.07.2023 15:45:52.050;;
2495;-556,118;-2873,173;-329,549;0,000;0,000;0,000;0,000;RRR 1.5in;24,5;1015;46;'26.07.2023 15:45:52.060;;
2496;-556,612;-2873,131;-329,544;0,000;0,000;0,000;0,000;RRR 1.5in;24,5;1015;46;'26.07.2023 15:45:52.070;;
2497;-557,109;-2873,073;-329,538;0,000;0,000;0,000;0,000;RRR 1.5in;24,5;1015;46;'26.07.2023 15:45:52.080;;
2498;-557,598;-2873,020;-329,537;0,000;0,000;0,000;0,000;RRR 1.5in;24,5;1015;46;'26.07.2023 15:45:52.090;;
2499;-558,083;-2872,981;-329,535;0,000;0,000;0,000;0,000;RRR 1.5in;24,5;1015;46;'26.07.2023 15:45:52.100;;
2500;-558,575;-2872,963;-329,539;0,000;0,000;0,000;0,000;RRR 1.5in;24,5;1015;46;'26.07.2023 15:45:52.110;;
2501;-559,081;-2872,944;-329,539;0,000;0,000;0,000;0,000;RRR 1.5in;24,5;1015;46;'26.07.2023 15:45:52.120;;
2502;-559,608;-2872,923;-329,540;0,000;0,000;0,000;0,000;RRR 1.5in;24,5;1015;46;'26.07.2023 15:45:52.130;;
2503;-560,140;-2872,902;-329,542;0,000;0,000;0,000;0,000;RRR 1.5in;24,5;1015;46;'26.07.2023 15:45:52.140;;
2504;-560,653;-2872,877;-329,543;0,000;0,000;0,000;0,000;RRR 1.5in;24,5;1015;46;'26.07.2023 15:45:52.150;;
2505;-561,144;-2872,843;-329,530;0,000;0,000;0,000;0,000;RRR 1.5in;24,5;1015;46;'26.07.2023 15:45:52.160;;
2506;-561,626;-2872,823;-329,527;0,000;0,000;0,000;0,000;RRR 1.5in;24,5;1015;46;'26.07.2023 15:45:52.170;;
2507;-562,123;-2872,807;-329,536;0,000;0,000;0,000;0,000;RRR 1.5in;24,5;1015;46;'26.07.2023 15:45:52.180;;
2508;-562,611;-2872,766;-329,538;0,000;0,000;0,000;0,000;RRR 1.5in;24,5;1015;46;'26.07.2023 15:45:52.190;;
2509;-563,099;-2872,706;-329,530;0,000;0,000;0,000;0,000;RRR 1.5in;24,5;1015;46;'26.07.2023 15:45:52.200;;
2510;-563,579;-2872,661;-329,532;0,000;0,000;0,000;0,000;RRR 1.5in;24,5;1015;46;'26.07.2023 15:45:52.210;;
2511;-564,051;-2872,646;-329,533;0,000;0,000;0,000;0,000;RRR 1.5in;24,5;1015;46;'26.07.2023 15:45:52.220;;
2512;-564,534;-2872,655;-329,542;0,000;0,000;0,000;0,000;RRR 1.5in;24,5;1015;46;'26.07.2023 15:45:52.230;;
2513;-565,044;-2872,659;-329,550;0,000;0,000;0,000;0,000;RRR 1.5in;24,5;1015;46;'26.07.2023 15:45:52.240;;
2514;-565,566;-2872,627;-329,546;0,000;0,000;0,000;0,000;RRR 1.5in;24,5;1015;46;'26.07.2023 15:45:52.250;;
2515;-566,097;-2872,585;-329,545;0,000;0,000;0,000;0,000;RRR 1.5in;24,5;1015;46;'26.07.2023 15:45:52.260;;
2516;-566,618;-2872,545;-329,547;0,000;0,000;0,000;0,000;RRR 1.5in;24,5;1015;46;'26.07.2023 15:45:52.270;;
2517;-567,113;-2872,507;-329,540;0,000;0,000;0,000;0,000;RRR 1.5in;24,5;1015;46;'26.07.2023 15:45:52.280;;
2518;-567,597;-2872,482;-329,529;0,000;0,000;0,000;0,000;RRR 1.5in;24,5;1015;46;'26.07.2023 15:45:52.290;;
2519;-568,090;-2872,482;-329,534;0,000;0,000;0,000;0,000;RRR 1.5in;24,5;1015;46;'26.07.2023 15:45:52.300;;
2520;-568,594;-2872,474;-329,544;0,000;0,000;0,000;0,000;RRR 1.5in;24,5;1015;46;'26.07.2023 15:45:52.310;;
2521;-569,092;-2872,433;-329,547;0,000;0,000;0,000;0,000;RRR 1.5in;24,5;1015;46;'26.07.2023 15:45:52.320;;
2522;-569,583;-2872,371;-329,548;0,000;0,000;0,000;0,000;RRR 1.5in;24,5;1015;46;'26.07.2023 15:45:52.330;;
2523;-570,055;-2872,309;-329,548;0,000;0,000;0,000;0,000;RRR 1.5in;24,5;1015;46;'26.07.2023 15:45:52.340;;
2524;-570,531;-2872,264;-329,545;0,000;0,000;0,000;0,000;RRR 1.5in;24,5;1015;46;'26.07.2023 15:45:52.350;;
2525;-571,037;-2872,243;-329,550;0,000;0,000;0,000;0,000;RRR 1.5in;24,5;1015;46;'26.07.2023 15:45:52.360;;
2526;-571,559;-2872,225;-329,553;0,000;0,000;0,000;0,000;RRR 1.5in;24,5;1015;46;'26.07.2023 15:45:52.370;;
2527;-572,080;-2872,194;-329,542;0,000;0,000;0,000;0,000;RRR 1.5in;24,5;1015;46;'26.07.2023 15:45:52.380;;
2528;-572,600;-2872,165;-329,533;0,000;0,000;0,000;0,000;RRR 1.5in;24,5;1015;46;'26.07.2023 15:45:52.390;;
2529;-573,107;-2872,145;-329,531;0,000;0,000;0,000;0,000;RRR 1.5in;24,5;1015;46;'26.07.2023 15:45:52.400;;
2530;-573,595;-2872,128;-329,529;0,000;0,000;0,000;0,000;RRR 1.5in;24,5;1015;46;'26.07.2023 15:45:52.410;;
2531;-574,083;-2872,113;-329,529;0,000;0,000;0,000;0,000;RRR 1.5in;24,5;1015;46;'26.07.2023 15:45:52.420;;
2532;-574,583;-2872,093;-329,539;0,000;0,000;0,000;0,000;RRR 1.5in;24,5;1015;46;'26.07.2023 15:45:52.430;;
2533;-575,090;-2872,047;-329,548;0,000;0,000;0,000;0,000;RRR 1.5in;24,5;1015;46;'26.07.2023 15:45:52.440;;
2534;-575,585;-2871,989;-329,551;0,000;0,000;0,000;0,000;RRR 1.5in;24,5;1015;46;'26.07.2023 15:45:52.450;;
2535;-576,068;-2871,938;-329,554;0,000;0,000;0,000;0,000;RRR 1.5in;24,5;1015;46;'26.07.2023 15:45:52.460;;
2536;-576,534;-2871,906;-329,548;0,000;0,000;0,000;0,000;RRR 1.5in;24,5;1015;46;'26.07.2023 15:45:52.470;;
2537;-577,010;-2871,907;-329,542;0,000;0,000;0,000;0,000;RRR 1.5in;24,5;1015;46;'26.07.2023 15:45:52.480;;
2538;-577,519;-2871,930;-329,550;0,000;0,000;0,000;0,000;RRR 1.5in;24,5;1015;46;'26.07.2023 15:45:52.490;;
2539;-578,043;-2871,928;-329,555;0,000;0,000;0,000;0,000;RRR 1.5in;24,5;1015;46;'26.07.2023 15:45:52.500;;
2540;-578,564;-2871,881;-329,545;0,000;0,000;0,000;0,000;RRR 1.5in;24,5;1015;46;'26.07.2023 15:45:52.510;;
2541;-579,076;-2871,823;-329,541;0,000;0,000;0,000;0,000;RRR 1.5in;24,5;1015;46;'26.07.2023 15:45:52.520;;
2542;-579,573;-2871,776;-329,537;0,000;0,000;0,000;0,000;RRR 1.5in;24,5;1015;46;'26.07.2023 15:45:52.530;;
2543;-580,064;-2871,757;-329,534;0,000;0,000;0,000;0,000;RRR 1.5in;24,5;1015;46;'26.07.2023 15:45:52.540;;
2544;-580,561;-2871,764;-329,539;0,000;0,000;0,000;0,000;RRR 1.5in;24,5;1015;46;'26.07.2023 15:45:52.550;;
2545;-581,064;-2871,769;-329,555;0,000;0,000;0,000;0,000;RRR 1.5in;24,5;1015;46;'26.07.2023 15:45:52.560;;
2546;-581,564;-2871,730;-329,555;0,000;0,000;0,000;0,000;RRR 1.5in;24,5;1015;46;'26.07.2023 15:45:52.570;;
2547;-582,048;-2871,661;-329,549;0,000;0,000;0,000;0,000;RRR 1.5in;24,5;1015;46;'26.07.2023 15:45:52.580;;
2548;-582,529;-2871,595;-329,547;0,000;0,000;0,000;0,000;RRR 1.5in;24,5;1015;46;'26.07.2023 15:45:52.590;;
2549;-583,004;-2871,554;-329,547;0,000;0,000;0,000;0,000;RRR 1.5in;24,5;1015;46;'26.07.2023 15:45:52.600;;
2550;-583,499;-2871,532;-329,544;0,000;0,000;0,000;0,000;RRR 1.5in;24,5;1015;46;'26.07.2023 15:45:52.610;;
2551;-584,019;-2871,523;-329,547;0,000;0,000;0,000;0,000;RRR 1.5in;24,5;1015;46;'26.07.2023 15:45:52.620;;
2552;-584,543;-2871,511;-329,551;0,000;0,000;0,000;0,000;RRR 1.5in;24,5;1015;46;'26.07.2023 15:45:52.630;;
2553;-585,055;-2871,482;-329,550;0,000;0,000;0,000;0,000;RRR 1.5in;24,5;1015;46;'26.07.2023 15:45:52.640;;
2554;-585,554;-2871,442;-329,546;0,000;0,000;0,000;0,000;RRR 1.5in;24,5;1015;46;'26.07.2023 15:45:52.650;;
2555;-586,050;-2871,398;-329,541;0,000;0,000;0,000;0,000;RRR 1.5in;24,5;1015;46;'26.07.2023 15:45:52.660;;
2556;-586,544;-2871,370;-329,536;0,000;0,000;0,000;0,000;RRR 1.5in;24,5;1015;46;'26.07.2023 15:45:52.670;;
2557;-587,042;-2871,360;-329,541;0,000;0,000;0,000;0,000;RRR 1.5in;24,5;1015;46;'26.07.2023 15:45:52.680;;
2558;-587,548;-2871,343;-329,551;0,000;0,000;0,000;0,000;RRR 1.5in;24,5;1015;46;'26.07.2023 15:45:52.690;;
2559;-588,040;-2871,293;-329,549;0,000;0,000;0,000;0,000;RRR 1.5in;24,5;1015;46;'26.07.2023 15:45:52.700;;
2560;-588,519;-2871,231;-329,544;0,000;0,000;0,000;0,000;RRR 1.5in;24,5;1015;46;'26.07.2023 15:45:52.710;;
2561;-588,996;-2871,183;-329,545;0,000;0,000;0,000;0,000;RRR 1.5in;24,5;1015;46;'26.07.2023 15:45:52.720;;
2562;-589,478;-2871,166;-329,547;0,000;0,000;0,000;0,000;RRR 1.5in;24,5;1015;46;'26.07.2023 15:45:52.730;;
2563;-589,986;-2871,173;-329,551;0,000;0,000;0,000;0,000;RRR 1.5in;24,5;1015;46;'26.07.2023 15:45:52.740;;
2564;-590,515;-2871,190;-329,564;0,000;0,000;0,000;0,000;RRR 1.5in;24,5;1015;46;'26.07.2023 15:45:52.750;;
2565;-591,037;-2871,174;-329,569;0,000;0,000;0,000;0,000;RRR 1.5in;24,5;1015;46;'26.07.2023 15:45:52.760;;
2566;-591,542;-2871,123;-329,560;0,000;0,000;0,000;0,000;RRR 1.5in;24,5;1015;46;'26.07.2023 15:45:52.770;;
2567;-592,040;-2871,070;-329,554;0,000;0,000;0,000;0,000;RRR 1.5in;24,5;1015;46;'26.07.2023 15:45:52.780;;
2568;-592,528;-2871,035;-329,554;0,000;0,000;0,000;0,000;RRR 1.5in;24,5;1015;46;'26.07.2023 15:45:52.790;;
2569;-593,022;-2871,013;-329,548;0,000;0,000;0,000;0,000;RRR 1.5in;24,5;1015;46;'26.07.2023 15:45:52.800;;
2570;-593,523;-2871,016;-329,546;0,000;0,000;0,000;0,000;RRR 1.5in;24,5;1015;46;'26.07.2023 15:45:52.810;;
2571;-594,020;-2871,017;-329,556;0,000;0,000;0,000;0,000;RRR 1.5in;24,5;1015;46;'26.07.2023 15:45:52.820;;
2572;-594,509;-2870,986;-329,563;0,000;0,000;0,000;0,000;RRR 1.5in;24,5;1015;46;'26.07.2023 15:45:52.830;;
2573;-594,990;-2870,918;-329,561;0,000;0,000;0,000;0,000;RRR 1.5in;24,5;1015;46;'26.07.2023 15:45:52.840;;
2574;-595,482;-2870,846;-329,561;0,000;0,000;0,000;0,000;RRR 1.5in;24,5;1015;46;'26.07.2023 15:45:52.850;;
2575;-595,982;-2870,798;-329,561;0,000;0,000;0,000;0,000;RRR 1.5in;24,5;1015;46;'26.07.2023 15:45:52.860;;
2576;-596,498;-2870,784;-329,564;0,000;0,000;0,000;0,000;RRR 1.5in;24,5;1015;46;'26.07.2023 15:45:52.870;;
2577;-597,026;-2870,787;-329,569;0,000;0,000;0,000;0,000;RRR 1.5in;24,5;1015;46;'26.07.2023 15:45:52.880;;
2578;-597,545;-2870,773;-329,571;0,000;0,000;0,000;0,000;RRR 1.5in;24,5;1015;46;'26.07.2023 15:45:52.890;;
2579;-598,048;-2870,729;-329,558;0,000;0,000;0,000;0,000;RRR 1.5in;24,5;1015;46;'26.07.2023 15:45:52.900;;
2580;-598,536;-2870,680;-329,547;0,000;0,000;0,000;0,000;RRR 1.5in;24,5;1015;46;'26.07.2023 15:45:52.910;;
2581;-599,027;-2870,646;-329,547;0,000;0,000;0,000;0,000;RRR 1.5in;24,5;1015;46;'26.07.2023 15:45:52.920;;
2582;-599,516;-2870,622;-329,549;0,000;0,000;0,000;0,000;RRR 1.5in;24,5;1015;46;'26.07.2023 15:45:52.930;;
2583;-600,008;-2870,601;-329,550;0,000;0,000;0,000;0,000;RRR 1.5in;24,5;1015;46;'26.07.2023 15:45:52.940;;
2584;-600,507;-2870,575;-329,561;0,000;0,000;0,000;0,000;RRR 1.5in;24,5;1015;46;'26.07.2023 15:45:52.950;;
2585;-601,002;-2870,530;-329,570;0,000;0,000;0,000;0,000;RRR 1.5in;24,5;1015;46;'26.07.2023 15:45:52.960;;
2586;-601,490;-2870,471;-329,570;0,000;0,000;0,000;0,000;RRR 1.5in;24,5;1015;46;'26.07.2023 15:45:52.970;;
2587;-601,982;-2870,423;-329,567;0,000;0,000;0,000;0,000;RRR 1.5in;24,5;1015;46;'26.07.2023 15:45:52.980;;
2588;-602,483;-2870,401;-329,563;0,000;0,000;0,000;0,000;RRR 1.5in;24,5;1015;46;'26.07.2023 15:45:52.990;;
2589;-602,990;-2870,406;-329,550;0,000;0,000;0,000;0,000;RRR 1.5in;24,5;1015;46;'26.07.2023 15:45:53.000;;
2590;-603,500;-2870,423;-329,536;0,000;0,000;0,000;0,000;RRR 1.5in;24,5;1015;46;'26.07.2023 15:45:53.010;;
2591;-604,005;-2870,427;-329,527;0,000;0,000;0,000;0,000;RRR 1.5in;24,5;1015;46;'26.07.2023 15:45:53.020;;
2592;-604,502;-2870,387;-329,508;0,000;0,000;0,000;0,000;RRR 1.5in;24,5;1015;46;'26.07.2023 15:45:53.030;;
2593;-604,986;-2870,320;-329,482;0,000;0,000;0,000;0,000;RRR 1.5in;24,5;1015;46;'26.07.2023 15:45:53.040;;
2594;-605,475;-2870,261;-329,461;0,000;0,000;0,000;0,000;RRR 1.5in;24,5;1015;46;'26.07.2023 15:45:53.050;;
2595;-605,961;-2870,233;-329,443;0,000;0,000;0,000;0,000;RRR 1.5in;24,5;1015;46;'26.07.2023 15:45:53.060;;
2596;-606,445;-2870,225;-329,412;0,000;0,000;0,000;0,000;RRR 1.5in;24,5;1015;46;'26.07.2023 15:45:53.070;;
2597;-606,927;-2870,233;-329,377;0,000;0,000;0,000;0,000;RRR 1.5in;24,5;1015;46;'26.07.2023 15:45:53.080;;
2598;-607,413;-2870,226;-329,341;0,000;0,000;0,000;0,000;RRR 1.5in;24,5;1015;46;'26.07.2023 15:45:53.090;;
2599;-607,906;-2870,183;-329,287;0,000;0,000;0,000;0,000;RRR 1.5in;24,5;1015;46;'26.07.2023 15:45:53.100;;
2600;-608,397;-2870,117;-329,214;0,000;0,000;0,000;0,000;RRR 1.5in;24,5;1015;46;'26.07.2023 15:45:53.110;;
2601;-608,895;-2870,075;-329,142;0,000;0,000;0,000;0,000;RRR 1.5in;24,5;1015;46;'26.07.2023 15:45:53.120;;
2602;-609,386;-2870,065;-329,074;0,000;0,000;0,000;0,000;RRR 1.5in;24,5;1015;46;'26.07.2023 15:45:53.130;;
2603;-609,871;-2870,059;-328,988;0,000;0,000;0,000;0,000;RRR 1.5in;24,5;1015;46;'26.07.2023 15:45:53.140;;
2604;-610,354;-2870,056;-328,892;0,000;0,000;0,000;0,000;RRR 1.5in;24,5;1015;46;'26.07.2023 15:45:53.150;;
2605;-610,828;-2870,060;-328,804;0,000;0,000;0,000;0,000;RRR 1.5in;24,5;1015;46;'26.07.2023 15:45:53.160;;
2606;-611,298;-2870,049;-328,717;0,000;0,000;0,000;0,000;RRR 1.5in;24,5;1015;46;'26.07.2023 15:45:53.170;;
2607;-611,761;-2870,003;-328,606;0,000;0,000;0,000;0,000;RRR 1.5in;24,5;1015;46;'26.07.2023 15:45:53.180;;
2608;-612,219;-2869,963;-328,481;0,000;0,000;0,000;0,000;RRR 1.5in;24,5;1015;46;'26.07.2023 15:45:53.190;;
2609;-612,692;-2869,971;-328,370;0,000;0,000;0,000;0,000;RRR 1.5in;24,5;1015;46;'26.07.2023 15:45:53.200;;
2610;-613,164;-2870,012;-328,254;0,000;0,000;0,000;0,000;RRR 1.5in;24,5;1015;46;'26.07.2023 15:45:53.210;;
2611;-613,630;-2870,033;-328,110;0,000;0,000;0,000;0,000;RRR 1.5in;24,5;1015;46;'26.07.2023 15:45:53.220;;
2612;-614,099;-2870,039;-327,962;0,000;0,000;0,000;0,000;RRR 1.5in;24,5;1015;46;'26.07.2023 15:45:53.230;;
2613;-614,585;-2870,036;-327,830;0,000;0,000;0,000;0,000;RRR 1.5in;24,5;1015;46;'26.07.2023 15:45:53.240;;
2614;-615,074;-2869,985;-327,688;0,000;0,000;0,000;0,000;RRR 1.5in;24,5;1015;46;'26.07.2023 15:45:53.250;;
2615;-615,563;-2869,895;-327,526;0,000;0,000;0,000;0,000;RRR 1.5in;24,5;1015;46;'26.07.2023 15:45:53.260;;
2616;-616,044;-2869,829;-327,367;0,000;0,000;0,000;0,000;RRR 1.5in;24,5;1015;46;'26.07.2023 15:45:53.270;;
2617;-616,503;-2869,817;-327,221;0,000;0,000;0,000;0,000;RRR 1.5in;24,5;1015;46;'26.07.2023 15:45:53.280;;
2618;-616,959;-2869,820;-327,065;0,000;0,000;0,000;0,000;RRR 1.5in;24,5;1015;46;'26.07.2023 15:45:53.290;;
2619;-617,429;-2869,808;-326,889;0,000;0,000;0,000;0,000;RRR 1.5in;24,5;1015;46;'26.07.2023 15:45:53.300;;
2620;-617,896;-2869,794;-326,715;0,000;0,000;0,000;0,000;RRR 1.5in;24,5;1015;46;'26.07.2023 15:45:53.310;;
2621;-618,360;-2869,784;-326,563;0,000;0,000;0,000;0,000;RRR 1.5in;24,5;1015;46;'26.07.2023 15:45:53.320;;
2622;-618,831;-2869,735;-326,400;0,000;0,000;0,000;0,000;RRR 1.5in;24,5;1015;46;'26.07.2023 15:45:53.330;;
2623;-619,306;-2869,644;-326,208;0,000;0,000;0,000;0,000;RRR 1.5in;24,5;1015;46;'26.07.2023 15:45:53.340;;
2624;-619,783;-2869,592;-326,030;0,000;0,000;0,000;0,000;RRR 1.5in;24,5;1015;46;'26.07.2023 15:45:53.350;;
2625;-620,260;-2869,614;-325,885;0,000;0,000;0,000;0,000;RRR 1.5in;24,5;1015;46;'26.07.2023 15:45:53.360;;
2626;-620,727;-2869,636;-325,733;0,000;0,000;0,000;0,000;RRR 1.5in;24,5;1015;46;'26.07.2023 15:45:53.370;;
2627;-621,210;-2869,609;-325,558;0,000;0,000;0,000;0,000;RRR 1.5in;24,5;1015;46;'26.07.2023 15:45:53.380;;
2628;-621,684;-2869,576;-325,387;0,000;0,000;0,000;0,000;RRR 1.5in;24,5;1015;46;'26.07.2023 15:45:53.390;;
2629;-622,145;-2869,569;-325,238;0,000;0,000;0,000;0,000;RRR 1.5in;24,5;1015;46;'26.07.2023 15:45:53.400;;
2630;-622,609;-2869,551;-325,088;0,000;0,000;0,000;0,000;RRR 1.5in;24,5;1015;46;'26.07.2023 15:45:53.410;;
2631;-623,080;-2869,475;-324,907;0,000;0,000;0,000;0,000;RRR 1.5in;24,5;1015;46;'26.07.2023 15:45:53.420;;
2632;-623,550;-2869,396;-324,717;0,000;0,000;0,000;0,000;RRR 1.5in;24,5;1015;46;'26.07.2023 15:45:53.430;;
2633;-624,022;-2869,381;-324,555;0,000;0,000;0,000;0,000;RRR 1.5in;24,5;1015;46;'26.07.2023 15:45:53.440;;
2634;-624,486;-2869,388;-324,396;0,000;0,000;0,000;0,000;RRR 1.5in;24,5;1015;46;'26.07.2023 15:45:53.450;;
2635;-624,961;-2869,354;-324,214;0,000;0,000;0,000;0,000;RRR 1.5in;24,5;1015;46;'26.07.2023 15:45:53.460;;
2636;-625,436;-2869,304;-324,025;0,000;0,000;0,000;0,000;RRR 1.5in;24,5;1015;46;'26.07.2023 15:45:53.470;;
2637;-625,901;-2869,289;-323,861;0,000;0,000;0,000;0,000;RRR 1.5in;24,5;1015;46;'26.07.2023 15:45:53.480;;
2638;-626,376;-2869,289;-323,718;0,000;0,000;0,000;0,000;RRR 1.5in;24,5;1015;46;'26.07.2023 15:45:53.490;;
2639;-626,859;-2869,235;-323,555;0,000;0,000;0,000;0,000;RRR 1.5in;24,5;1015;46;'26.07.2023 15:45:53.500;;
2640;-627,342;-2869,145;-323,375;0,000;0,000;0,000;0,000;RRR 1.5in;24,5;1015;46;'26.07.2023 15:45:53.510;;
2641;-627,815;-2869,099;-323,210;0,000;0,000;0,000;0,000;RRR 1.5in;24,5;1015;46;'26.07.2023 15:45:53.520;;
2642;-628,277;-2869,103;-323,056;0,000;0,000;0,000;0,000;RRR 1.5in;24,5;1015;46;'26.07.2023 15:45:53.530;;
2643;-628,737;-2869,105;-322,892;0,000;0,000;0,000;0,000;RRR 1.5in;24,5;1015;46;'26.07.2023 15:45:53.540;;
2644;-629,213;-2869,083;-322,709;0,000;0,000;0,000;0,000;RRR 1.5in;24,5;1015;46;'26.07.2023 15:45:53.550;;
2645;-629,676;-2869,064;-322,528;0,000;0,000;0,000;0,000;RRR 1.5in;24,5;1015;46;'26.07.2023 15:45:53.560;;
2646;-630,147;-2869,070;-322,368;0,000;0,000;0,000;0,000;RRR 1.5in;24,5;1015;46;'26.07.2023 15:45:53.570;;
2647;-630,622;-2869,055;-322,209;0,000;0,000;0,000;0,000;RRR 1.5in;24,5;1015;46;'26.07.2023 15:45:53.580;;
2648;-631,094;-2868,991;-322,039;0,000;0,000;0,000;0,000;RRR 1.5in;24,5;1015;46;'26.07.2023 15:45:53.590;;
2649;-631,571;-2868,922;-321,869;0,000;0,000;0,000;0,000;RRR 1.5in;24,5;1015;46;'26.07.2023 15:45:53.600;;
2650;-632,034;-2868,887;-321,713;0,000;0,000;0,000;0,000;RRR 1.5in;24,5;1015;46;'26.07.2023 15:45:53.610;;
2651;-632,504;-2868,875;-321,560;0,000;0,000;0,000;0,000;RRR 1.5in;24,5;1015;46;'26.07.2023 15:45:53.620;;
2652;-632,983;-2868,857;-321,398;0,000;0,000;0,000;0,000;RRR 1.5in;24,5;1015;46;'26.07.2023 15:45:53.630;;
2653;-633,456;-2868,826;-321,221;0,000;0,000;0,000;0,000;RRR 1.5in;24,5;1015;46;'26.07.2023 15:45:53.640;;
2654;-633,916;-2868,804;-321,045;0,000;0,000;0,000;0,000;RRR 1.5in;24,5;1015;46;'26.07.2023 15:45:53.650;;
2655;-634,378;-2868,798;-320,874;0,000;0,000;0,000;0,000;RRR 1.5in;24,5;1015;46;'26.07.2023 15:45:53.660;;
2656;-634,855;-2868,779;-320,703;0,000;0,000;0,000;0,000;RRR 1.5in;24,5;1015;46;'26.07.2023 15:45:53.670;;
2657;-635,347;-2868,735;-320,532;0,000;0,000;0,000;0,000;RRR 1.5in;24,5;1015;46;'26.07.2023 15:45:53.680;;
2658;-635,828;-2868,674;-320,355;0,000;0,000;0,000;0,000;RRR 1.5in;24,5;1015;46;'26.07.2023 15:45:53.690;;
2659;-636,291;-2868,627;-320,190;0,000;0,000;0,000;0,000;RRR 1.5in;24,5;1015;46;'26.07.2023 15:45:53.700;;
2660;-636,762;-2868,604;-320,036;0,000;0,000;0,000;0,000;RRR 1.5in;24,5;1015;46;'26.07.2023 15:45:53.710;;
2661;-637,230;-2868,579;-319,881;0,000;0,000;0,000;0,000;RRR 1.5in;24,5;1015;46;'26.07.2023 15:45:53.720;;
2662;-637,698;-2868,545;-319,715;0,000;0,000;0,000;0,000;RRR 1.5in;24,5;1015;46;'26.07.2023 15:45:53.730;;
2663;-638,158;-2868,527;-319,551;0,000;0,000;0,000;0,000;RRR 1.5in;24,5;1015;46;'26.07.2023 15:45:53.740;;
2664;-638,617;-2868,522;-319,387;0,000;0,000;0,000;0,000;RRR 1.5in;24,5;1015;46;'26.07.2023 15:45:53.750;;
2665;-639,094;-2868,514;-319,221;0,000;0,000;0,000;0,000;RRR 1.5in;24,5;1015;46;'26.07.2023 15:45:53.760;;
2666;-639,574;-2868,488;-319,052;0,000;0,000;0,000;0,000;RRR 1.5in;24,5;1015;46;'26.07.2023 15:45:53.770;;
2667;-640,038;-2868,443;-318,874;0,000;0,000;0,000;0,000;RRR 1.5in;24,5;1015;46;'26.07.2023 15:45:53.780;;
2668;-640,502;-2868,404;-318,698;0,000;0,000;0,000;0,000;RRR 1.5in;24,5;1015;46;'26.07.2023 15:45:53.790;;
2669;-640,976;-2868,383;-318,529;0,000;0,000;0,000;0,000;RRR 1.5in;24,5;1015;46;'26.07.2023 15:45:53.800;;
2670;-641,463;-2868,372;-318,369;0,000;0,000;0,000;0,000;RRR 1.5in;24,5;1015;46;'26.07.2023 15:45:53.810;;
2671;-641,953;-2868,360;-318,213;0,000;0,000;0,000;0,000;RRR 1.5in;24,5;1015;46;'26.07.2023 15:45:53.820;;
2672;-642,418;-2868,327;-318,042;0,000;0,000;0,000;0,000;RRR 1.5in;24,5;1015;46;'26.07.2023 15:45:53.830;;
2673;-642,886;-2868,292;-317,875;0,000;0,000;0,000;0,000;RRR 1.5in;24,5;1015;46;'26.07.2023 15:45:53.840;;
2674;-643,360;-2868,268;-317,723;0,000;0,000;0,000;0,000;RRR 1.5in;24,5;1015;46;'26.07.2023 15:45:53.850;;
2675;-643,828;-2868,227;-317,563;0,000;0,000;0,000;0,000;RRR 1.5in;24,5;1015;46;'26.07.2023 15:45:53.860;;
2676;-644,285;-2868,169;-317,392;0,000;0,000;0,000;0,000;RRR 1.5in;24,5;1015;46;'26.07.2023 15:45:53.870;;
2677;-644,746;-2868,109;-317,214;0,000;0,000;0,000;0,000;RRR 1.5in;24,5;1015;46;'26.07.2023 15:45:53.880;;
2678;-645,209;-2868,073;-317,041;0,000;0,000;0,000;0,000;RRR 1.5in;24,5;1015;46;'26.07.2023 15:45:53.890;;
2679;-645,689;-2868,070;-316,879;0,000;0,000;0,000;0,000;RRR 1.5in;24,5;1015;46;'26.07.2023 15:45:53.900;;
2680;-646,161;-2868,064;-316,711;0,000;0,000;0,000;0,000;RRR 1.5in;24,5;1015;46;'26.07.2023 15:45:53.910;;
2681;-646,629;-2868,039;-316,535;0,000;0,000;0,000;0,000;RRR 1.5in;24,5;1015;46;'26.07.2023 15:45:53.920;;
2682;-647,117;-2868,017;-316,367;0,000;0,000;0,000;0,000;RRR 1.5in;24,5;1015;46;'26.07.2023 15:45:53.930;;
2683;-647,606;-2868,009;-316,209;0,000;0,000;0,000;0,000;RRR 1.5in;24,5;1015;46;'26.07.2023 15:45:53.940;;
2684;-648,087;-2868,002;-316,061;0,000;0,000;0,000;0,000;RRR 1.5in;24,5;1015;46;'26.07.2023 15:45:53.950;;
2685;-648,558;-2867,966;-315,908;0,000;0,000;0,000;0,000;RRR 1.5in;24,5;1015;46;'26.07.2023 15:45:53.960;;
2686;-649,016;-2867,889;-315,734;0,000;0,000;0,000;0,000;RRR 1.5in;24,5;1015;46;'26.07.2023 15:45:53.970;;
2687;-649,478;-2867,826;-315,559;0,000;0,000;0,000;0,000;RRR 1.5in;24,5;1015;46;'26.07.2023 15:45:53.980;;
2688;-649,950;-2867,813;-315,402;0,000;0,000;0,000;0,000;RRR 1.5in;24,5;1015;46;'26.07.2023 15:45:53.990;;
2689;-650,407;-2867,813;-315,239;0,000;0,000;0,000;0,000;RRR 1.5in;24,5;1015;46;'26.07.2023 15:45:54.000;;
2690;-650,865;-2867,794;-315,062;0,000;0,000;0,000;0,000;RRR 1.5in;24,5;1015;46;'26.07.2023 15:45:54.010;;
2691;-651,323;-2867,764;-314,875;0,000;0,000;0,000;0,000;RRR 1.5in;24,5;1015;46;'26.07.2023 15:45:54.020;;
2692;-651,786;-2867,753;-314,705;0,000;0,000;0,000;0,000;RRR 1.5in;24,5;1015;46;'26.07.2023 15:45:54.030;;
2693;-652,270;-2867,755;-314,560;0,000;0,000;0,000;0,000;RRR 1.5in;24,5;1015;46;'26.07.2023 15:45:54.040;;
2694;-652,754;-2867,711;-314,397;0,000;0,000;0,000;0,000;RRR 1.5in;24,5;1015;46;'26.07.2023 15:45:54.050;;
2695;-653,237;-2867,628;-314,220;0,000;0,000;0,000;0,000;RRR 1.5in;24,5;1015;46;'26.07.2023 15:45:54.060;;
2696;-653,719;-2867,571;-314,053;0,000;0,000;0,000;0,000;RRR 1.5in;24,5;1015;46;'26.07.2023 15:45:54.070;;
2697;-654,201;-2867,558;-313,901;0,000;0,000;0,000;0,000;RRR 1.5in;24,5;1015;46;'26.07.2023 15:45:54.080;;
2698;-654,674;-2867,555;-313,749;0,000;0,000;0,000;0,000;RRR 1.5in;24,5;1015;46;'26.07.2023 15:45:54.090;;
2699;-655,139;-2867,525;-313,575;0,000;0,000;0,000;0,000;RRR 1.5in;24,5;1015;46;'26.07.2023 15:45:54.100;;
2700;-655,587;-2867,481;-313,391;0,000;0,000;0,000;0,000;RRR 1.5in;24,5;1015;46;'26.07.2023 15:45:54.110;;
2701;-656,039;-2867,469;-313,222;0,000;0,000;0,000;0,000;RRR 1.5in;24,5;1015;46;'26.07.2023 15:45:54.120;;
2702;-656,504;-2867,472;-313,060;0,000;0,000;0,000;0,000;RRR 1.5in;24,5;1015;46;'26.07.2023 15:45:54.130;;
2703;-656,968;-2867,453;-312,887;0,000;0,000;0,000;0,000;RRR 1.5in;24,5;1015;46;'26.07.2023 15:45:54.140;;
2704;-657,441;-2867,418;-312,713;0,000;0,000;0,000;0,000;RRR 1.5in;24,5;1015;46;'26.07.2023 15:45:54.150;;
2705;-657,916;-2867,380;-312,544;0,000;0,000;0,000;0,000;RRR 1.5in;24,5;1015;46;'26.07.2023 15:45:54.160;;
2706;-658,399;-2867,357;-312,384;0,000;0,000;0,000;0,000;RRR 1.5in;24,5;1015;46;'26.07.2023 15:45:54.170;;
2707;-658,885;-2867,347;-312,230;0,000;0,000;0,000;0,000;RRR 1.5in;24,5;1015;46;'26.07.2023 15:45:54.180;;
2708;-659,353;-2867,324;-312,071;0,000;0,000;0,000;0,000;RRR 1.5in;24,5;1015;46;'26.07.2023 15:45:54.190;;
2709;-659,822;-2867,288;-311,908;0,000;0,000;0,000;0,000;RRR 1.5in;24,5;1015;46;'26.07.2023 15:45:54.200;;
2710;-660,293;-2867,253;-311,739;0,000;0,000;0,000;0,000;RRR 1.5in;24,5;1015;46;'26.07.2023 15:45:54.210;;
