0,1,2,3,4,5,6
2023-07-26 15:49:11.122685,5335628.0,5336077.0,37.41634794108073,37.42034798177084,39.379293701171875,39.38329370117187
2023-07-26 15:49:11.125679,5335629.0,5336078.0,37.42069596354167,37.42469604492187,39.38364168294271,39.38764172363281
2023-07-26 15:49:11.129665,5335630.0,5336079.0,37.425043823242184,37.42904382324219,39.38798970540365,39.39198974609375
2023-07-26 15:49:11.133654,5335631.0,5336080.0,37.42939168294271,37.43339176432291,39.39233772786458,39.39633780924479
2023-07-26 15:49:11.138635,5335632.0,5336081.0,37.43373974609375,37.43773978678385,39.396685750325524,39.40068583170573
2023-07-26 15:49:11.142617,5335633.0,5336082.0,37.43808776855469,37.44208780924479,39.401033813476566,39.40503385416667
2023-07-26 15:49:11.146604,5335634.0,5336083.0,37.442435791015626,37.446435831705735,39.4053818359375,39.4093818766276
2023-07-26 15:49:11.151592,5335635.0,5336084.0,37.446783813476564,37.450783854166666,39.409729858398435,39.413729899088544
2023-07-26 15:49:11.155574,5335636.0,5336085.0,37.451131835937495,37.45513191731771,39.414077880859374,39.418077921549475
2023-07-26 15:49:11.160558,5335637.0,5336086.0,37.455479858398434,37.459479939778646,39.41842590332031,39.422425984700524
2023-07-26 15:49:11.164548,5335638.0,5336087.0,37.459827921549476,37.463827962239584,39.42277392578125,39.426774007161455
2023-07-26 15:49:11.168531,5335639.0,5336088.0,37.46417594401042,37.46817598470052,39.42712182617188,39.431121826171875
2023-07-26 15:49:11.173525,5335640.0,5336089.0,37.46852396647135,37.472524007161454,39.4314696858724,39.4354697265625
2023-07-26 15:49:11.177500,5335641.0,5336090.0,37.47287194824219,37.47687194824219,39.43581770833333,39.43981774902343
2023-07-26 15:49:11.181495,5335642.0,5336091.0,37.4772196858724,37.4812197265625,39.44016573079427,39.44416577148437
2023-07-26 15:49:11.186475,5335643.0,5336092.0,37.48156770833333,37.48556778971354,39.44451375325521,39.44851379394532
2023-07-26 15:49:11.190457,5335644.0,5336093.0,37.48591573079427,37.48991581217448,39.44886177571614,39.45286185709636
2023-07-26 15:49:11.194449,5335645.0,5336094.0,37.49026379394532,37.49426383463542,39.453209798177085,39.45720987955729
2023-07-26 15:49:11.199432,5335646.0,5336095.0,37.494611816406255,37.49861185709636,39.45755786132813,39.46155790201823
2023-07-26 15:49:11.203414,5335647.0,5336096.0,37.49895983886719,37.502959879557295,39.461905883789065,39.465905924479166
2023-07-26 15:49:11.208396,5335648.0,5336097.0,37.503307861328125,37.507307902018226,39.46625390625,39.470253946940105
2023-07-26 15:49:11.212388,5335649.0,5336098.0,37.50765588378906,37.511655965169275,39.47060192871094,39.47460196940104
2023-07-26 15:49:11.216370,5335650.0,5336099.0,37.51200390625,37.51600398763021,39.47494995117187,39.47894995117188
2023-07-26 15:49:11.221359,5335651.0,5336100.0,37.51635196940104,37.520352010091145,39.47929764811198,39.483297729492186
2023-07-26 15:49:11.225344,5335652.0,5336101.0,37.52069999186198,37.52470003255208,39.48364567057292,39.48765616861979
2023-07-26 15:49:11.229327,5335653.0,5336102.0,37.52504772949219,37.52904772949219,39.48799373372396,39.49199377441406
2023-07-26 15:49:11.234314,5335654.0,5336103.0,37.52940612792969,37.53340616861979,39.49234175618489,39.496341796875
2023-07-26 15:49:11.238301,5335655.0,5336104.0,37.53374373372396,37.53774377441406,39.49668977864584,39.50068981933594
2023-07-26 15:49:11.242288,5335656.0,5336105.0,37.53809175618489,37.5420918375651,39.50103780110677,39.50503784179688
2023-07-26 15:49:11.247271,5335657.0,5336106.0,37.542439778645836,37.54643986002604,39.50538582356771,39.50938590494791
2023-07-26 15:49:11.251253,5335658.0,5336107.0,37.54678784179688,37.55078788248698,39.509733846028645,39.51373392740885
2023-07-26 15:49:11.255244,5335659.0,5336108.0,37.55113586425781,37.55513590494791,39.51408190917969,39.518081949869796
2023-07-26 15:49:11.260228,5335660.0,5336109.0,37.55548388671875,37.559483927408856,39.518429931640625,39.52242997233073
2023-07-26 15:49:11.264210,5335661.0,5336110.0,37.559831909179685,37.563831949869794,39.522777954101564,39.526777994791665
2023-07-26 15:49:11.269198,5335662.0,5336111.0,37.56417993164062,37.568180013020836,39.52712573242187,39.53112573242188
2023-07-26 15:49:11.273185,5335663.0,5336112.0,37.56852795410156,37.57252803548177,39.5314736735026,39.53547371419271
2023-07-26 15:49:11.277166,5335664.0,5336113.0,37.57287585449219,37.57687585449219,39.53582169596354,39.53982177734375
2023-07-26 15:49:11.282154,5335665.0,5336114.0,37.57722371419271,37.581223754882814,39.54016971842448,39.54416979980469
2023-07-26 15:49:11.286136,5335666.0,5336115.0,37.58157173665364,37.58557177734375,39.54451778157552,39.54851782226562
2023-07-26 15:49:11.290128,5335667.0,5336116.0,37.58591975911458,37.58991979980469,39.54886580403646,39.55286584472657
2023-07-26 15:49:11.295111,5335668.0,5336117.0,37.59026778157552,37.59426782226563,39.5532138264974,39.5572138671875
2023-07-26 15:49:11.299094,5335669.0,5336118.0,37.59461580403646,37.59861588541667,39.55756184895833,39.56156188964844
2023-07-26 15:49:11.304078,5335670.0,5336119.0,37.598963826497396,37.6029639078776,39.561909871419275,39.56590995279948
2023-07-26 15:49:11.308068,5335671.0,5336120.0,37.60331188964844,37.60731193033854,39.566257893880206,39.57025797526042
2023-07-26 15:49:11.312050,5335672.0,5336121.0,37.607659912109376,37.61165995279948,39.570605957031255,39.574605997721356
2023-07-26 15:49:11.317038,5335673.0,5336122.0,37.612007934570315,37.616007975260416,39.574953857421875,39.57895385742187
2023-07-26 15:49:11.321027,5335674.0,5336123.0,37.61635595703125,37.620355997721354,39.579301676432294,39.583301717122396
2023-07-26 15:49:11.325010,5335675.0,5336124.0,37.620703979492184,37.62470397949219,39.583649698893225,39.587649739583334
2023-07-26 15:49:11.329994,5335676.0,5336125.0,37.62505167643229,37.6290517578125,39.587997721354164,39.59199776204427
2023-07-26 15:49:11.333976,5335677.0,5336126.0,37.62939969889323,37.633399780273436,39.5923457438151,39.59634582519531
2023-07-26 15:49:11.337968,5335678.0,5336127.0,37.63374776204427,37.637747802734374,39.59669376627605,39.60069384765625
2023-07-26 15:49:11.342951,5335679.0,5336128.0,37.638095784505204,37.64209582519531,39.60104182942708,39.605041870117184
2023-07-26 15:49:11.346933,5335680.0,5336129.0,37.64244380696615,37.64644384765625,39.60538985188802,39.60938989257812
2023-07-26 15:49:11.350924,5335681.0,5336130.0,37.64679182942708,37.65079187011719,39.60973787434896,39.61373791503906
2023-07-26 15:49:11.355907,5335682.0,5336131.0,37.65113985188802,37.65513993326823,39.61408589680989,39.618085937500005
2023-07-26 15:49:11.359889,5335683.0,5336132.0,37.65548787434896,37.65948795572916,39.618433919270835,39.62243400065104
2023-07-26 15:49:11.364878,5335684.0,5336133.0,37.659835937500006,37.66383597819011,39.62278194173177,39.626781982421875
2023-07-26 15:49:11.368860,5335685.0,5336134.0,37.66418395996094,37.668184000651046,39.627129638671875,39.63112972005208
2023-07-26 15:49:11.372847,5335686.0,5336135.0,37.668531982421875,37.67253202311198,39.63147770182292,39.635477742513025
2023-07-26 15:49:11.377831,5335687.0,5336136.0,37.672879760742184,37.67687976074219,39.635825724283855,39.639825764973956
2023-07-26 15:49:11.381817,5335688.0,5336137.0,37.677227701822915,37.68122774251302,39.640173746744786,39.6441737874349
2023-07-26 15:49:11.385807,5335689.0,5336138.0,37.68157572428385,37.68557580566406,39.64452176920573,39.64852180989583
2023-07-26 15:49:11.390791,5335690.0,5336139.0,37.68592374674479,37.689923828125,39.64886979166667,39.652869873046875
2023-07-26 15:49:11.394777,5335691.0,5336140.0,37.69027180989583,37.694271850585935,39.65321781412761,39.65721789550781
2023-07-26 15:49:11.398764,5335692.0,5336141.0,37.69461983235677,37.69861987304688,39.65756587727864,39.661565917968744
2023-07-26 15:49:11.403747,5335693.0,5336142.0,37.69896785481771,37.70296789550781,39.66191389973959,39.66591394042969
2023-07-26 15:49:11.407729,5335694.0,5336143.0,37.70331587727864,37.70731591796875,39.66626192220052,39.67026196289063
2023-07-26 15:49:11.412713,5335695.0,5336144.0,37.707663899739586,37.71166398111979,39.67060994466146,39.674609985351566
2023-07-26 15:49:11.416704,5335696.0,5336145.0,37.712011922200524,37.71601200358073,39.67495776367188,39.678957763671875
2023-07-26 15:49:11.420686,5335697.0,5336146.0,37.716359985351566,37.72036002604167,39.679305664062504,39.68330574544271
2023-07-26 15:49:11.425674,5335698.0,5336147.0,37.720707885742186,37.72470788574219,39.683653686523435,39.68765376790364
2023-07-26 15:49:11.429656,5335699.0,5336148.0,37.725055704752606,37.72905574544271,39.688001749674484,39.692001790364586
2023-07-26 15:49:11.433647,5335700.0,5336149.0,37.72940372721354,37.733403767903646,39.692349772135415,39.69634981282552
2023-07-26 15:49:11.438630,5335701.0,5336150.0,37.73375174967448,37.737751790364584,39.696708211263015,39.700708251953124
2023-07-26 15:49:11.442612,5335702.0,5336151.0,37.73809977213541,37.742099853515626,39.70104581705729,39.70504585774739
2023-07-26 15:49:11.447595,5335703.0,5336152.0,37.74245821126302,37.74645829264323,39.70539383951822,39.70939392089844
2023-07-26 15:49:11.451586,5335704.0,5336153.0,37.746795857747394,37.750795898437495,39.70974186197917,39.71374194335937
2023-07-26 15:49:11.455569,5335705.0,5336154.0,37.75114388020833,37.75514392089844,39.71408992513021,39.71808996582032
2023-07-26 15:49:11.460561,5335706.0,5336155.0,37.75549190266927,37.75949194335937,39.71843794759115,39.72243798828125
2023-07-26 15:49:11.464543,5335707.0,5336156.0,37.75983992513021,37.76383996582032,39.72278588867187,39.72678588867188
2023-07-26 15:49:11.468526,5335708.0,5336157.0,37.76418794759115,37.76818802897135,39.72713366699219,39.73113370768229
2023-07-26 15:49:11.473513,5335709.0,5336158.0,37.768535970052085,37.772536010742186,39.731481689453126,39.73548173014323
2023-07-26 15:49:11.477506,5335710.0,5336159.0,37.772883666992186,37.77688374837239,39.735829711914064,39.73982979329427
2023-07-26 15:49:11.481482,5335711.0,5336160.0,37.77723173014323,37.78123177083334,39.740177734374996,39.74417781575521
2023-07-26 15:49:11.486470,5335712.0,5336161.0,37.781579752604166,37.78557979329427,39.744525797526045,39.748525838216146
2023-07-26 15:49:11.490452,5335713.0,5336162.0,37.785927775065105,37.78992781575521,39.74887381998698,39.752873860677084
2023-07-26 15:49:11.494450,5335714.0,5336163.0,37.79027579752604,37.794275838216144,39.753221842447914,39.75722188313802
2023-07-26 15:49:11.499426,5335715.0,5336164.0,37.79462381998698,37.798623901367186,39.75756986490885,39.761569905598954
2023-07-26 15:49:11.503409,5335716.0,5336165.0,37.79897184244792,37.802971923828125,39.7619178873698,39.76591796875
2023-07-26 15:49:11.508397,5335717.0,5336166.0,37.803319905598954,37.80731994628906,39.76626590983073,39.770265991210934
2023-07-26 15:49:11.512383,5335718.0,5336167.0,37.8076679280599,37.81166796875,39.77061397298177,39.77461401367188
2023-07-26 15:49:11.516365,5335719.0,5336168.0,37.81201595052083,37.81601599121094,39.77496166992188,39.77896171061198
2023-07-26 15:49:11.521353,5335720.0,5336169.0,37.81636397298177,37.82036401367188,39.77930969238281,39.78330973307292
2023-07-26 15:49:11.525339,5335721.0,5336170.0,37.82071179199219,37.824711791992186,39.78365771484375,39.78765775553385
2023-07-26 15:49:11.529326,5335722.0,5336171.0,37.825059692382816,37.82905977376302,39.78800573730469,39.792005777994795
2023-07-26 15:49:11.534309,5335723.0,5336172.0,37.82940771484375,37.83340779622395,39.792353759765625,39.79635384114584
2023-07-26 15:49:11.538292,5335724.0,5336173.0,37.833755777994796,37.8377558186849,39.79670178222656,39.80070186360677
2023-07-26 15:49:11.542283,5335725.0,5336174.0,37.83810380045573,37.842103841145835,39.801049845377605,39.80504988606771
2023-07-26 15:49:11.547266,5335726.0,5336175.0,37.842451822916665,37.846451863606774,39.805397867838536,39.80939790852865
2023-07-26 15:49:11.551248,5335727.0,5336176.0,37.8467998453776,37.850799886067705,39.809745890299475,39.81374593098958
2023-07-26 15:49:11.556233,5335728.0,5336177.0,37.85114786783854,37.855147949218754,39.81409391276042,39.81809395345052
2023-07-26 15:49:11.560223,5335729.0,5336178.0,37.85549589029948,37.859495971679685,39.81844193522136,39.82244201660156
2023-07-26 15:49:11.564209,5335730.0,5336179.0,37.85984395345052,37.86384399414063,39.822789794921874,39.82678979492187
2023-07-26 15:49:11.569193,5335731.0,5336180.0,37.86419197591146,37.86819201660156,39.8271376546224,39.8311377360026
2023-07-26 15:49:11.573179,5335732.0,5336181.0,37.868539916992184,37.87253991699219,39.83148571777344,39.83548575846354
2023-07-26 15:49:11.577166,5335733.0,5336182.0,37.8728876953125,37.8768877360026,39.83583374023437,39.83983378092448
2023-07-26 15:49:11.582149,5335734.0,5336183.0,37.87723571777344,37.88123575846354,39.840181762695316,39.84418180338542
2023-07-26 15:49:11.586131,5335735.0,5336184.0,37.881583740234376,37.88558382161458,39.84452978515625,39.848529825846356
2023-07-26 15:49:11.590128,5335736.0,5336185.0,37.885931762695314,37.88993184407553,39.848877807617185,39.85287788899739
2023-07-26 15:49:11.595106,5335737.0,5336186.0,37.890279825846356,37.89427986653646,39.853225830078124,39.857225911458336
2023-07-26 15:49:11.599088,5335738.0,5336187.0,37.89462784830729,37.898627888997396,39.857573893229166,39.86157393391927
2023-07-26 15:49:11.604072,5335739.0,5336188.0,37.898975870768226,37.902975911458334,39.861921915690104,39.86592195638021
2023-07-26 15:49:11.608058,5335740.0,5336189.0,37.903323893229164,37.907323933919265,39.86626993815104,39.870269978841144
2023-07-26 15:49:11.612045,5335741.0,5336190.0,37.90767191569011,37.911671997070314,39.87061791992188,39.874617919921874
2023-07-26 15:49:11.617029,5335742.0,5336191.0,37.91201993815104,37.916020019531246,39.87496565755209,39.87896569824219
2023-07-26 15:49:11.621015,5335743.0,5336192.0,37.91636800130208,37.92036804199219,39.87931368001302,39.883313761393225
2023-07-26 15:49:11.625012,5335744.0,5336193.0,37.92071569824219,37.92471573893229,39.88366170247396,39.88766178385416
2023-07-26 15:49:11.629989,5335745.0,5336194.0,37.92506372070312,37.92906376139323,39.888009765625,39.89200980631511
2023-07-26 15:49:11.633976,5335746.0,5336195.0,37.92941174316406,37.93341178385416,39.89235778808593,39.89635782877605
2023-07-26 15:49:11.637963,5335747.0,5336196.0,37.933759765625005,37.93775980631511,39.89670581054688,39.90070585123698
2023-07-26 15:49:11.642945,5335748.0,5336197.0,37.93810778808594,37.94210786946615,39.901053833007815,39.905053873697916
2023-07-26 15:49:11.646928,5335749.0,5336198.0,37.942455810546875,37.94645589192709,39.905401855468746,39.90940193684896
2023-07-26 15:49:11.651911,5335750.0,5336199.0,37.94680387369792,37.95080391438802,39.90976029459636,39.913760375976565
2023-07-26 15:49:11.655902,5335751.0,5336200.0,37.951151896158855,37.955151936848964,39.91409794108073,39.918097981770835
2023-07-26 15:49:11.659884,5335752.0,5336201.0,37.95551033528646,37.95951037597656,39.918445963541664,39.92244600423177
2023-07-26 15:49:11.664872,5335753.0,5336202.0,37.95984794108073,37.96384798177083,39.92279370117188,39.926793701171874
2023-07-26 15:49:11.668858,5335754.0,5336203.0,37.96419596354167,37.968196044921875,39.927141682942704,39.93114172363281
2023-07-26 15:49:11.672841,5335755.0,5336204.0,37.968543823242186,37.972543823242184,39.93148970540365,39.93548974609375
2023-07-26 15:49:11.677829,5335756.0,5336205.0,37.97289168294271,37.976891764322914,39.93583772786458,39.939837809244786
2023-07-26 15:49:11.681815,5335757.0,5336206.0,37.97723974609375,37.98123978678385,39.940185750325526,39.94418583170573
2023-07-26 15:49:11.685802,5335758.0,5336207.0,37.98158776855468,37.98558780924479,39.94453381347656,39.94853385416667
2023-07-26 15:49:11.690785,5335759.0,5336208.0,37.98593579101563,37.98993583170573,39.9488818359375,39.9528818766276
2023-07-26 15:49:11.694767,5335760.0,5336209.0,37.990283813476566,37.99428385416667,39.95322985839844,39.95722989908854
2023-07-26 15:49:11.698759,5335761.0,5336210.0,37.9946318359375,37.9986319173177,39.957577880859375,39.96157792154948
2023-07-26 15:49:11.703742,5335762.0,5336211.0,37.998979858398435,38.00297993977865,39.961925903320314,39.96592598470052
2023-07-26 15:49:11.707724,5335763.0,5336212.0,38.00332792154948,38.007327962239586,39.96627392578125,39.97027400716146
2023-07-26 15:49:11.712719,5335764.0,5336213.0,38.007675944010415,38.011675984700524,39.97062182617188,39.97462182617188
2023-07-26 15:49:11.716694,5335765.0,5336214.0,38.012023966471354,38.016024007161455,39.974969685872395,39.978969726562504
2023-07-26 15:49:11.720685,5335766.0,5336215.0,38.01637194824219,38.020371948242186,39.97931770833333,39.983317749023435
2023-07-26 15:49:11.725668,5335767.0,5336216.0,38.0207196858724,38.0247197265625,39.98366573079427,39.98766577148437
2023-07-26 15:49:11.729650,5335768.0,5336217.0,38.02506770833333,38.029067789713544,39.98801375325521,39.99201379394531
2023-07-26 15:49:11.733637,5335769.0,5336218.0,38.02941573079427,38.03341581217448,39.99236177571614,39.99636185709636
2023-07-26 15:49:11.738620,5335770.0,5336219.0,38.03376379394531,38.03776383463542,39.996709798177086,40.00070987955729
2023-07-26 15:49:11.742607,5335771.0,5336220.0,38.03811181640625,38.04211185709636,40.00105786132812,40.00505790201823
2023-07-26 15:49:11.747593,5335772.0,5336221.0,38.04245983886719,38.04645987955729,40.00540588378907,40.00940592447917
2023-07-26 15:49:11.751582,5335773.0,5336222.0,38.046807861328126,38.05080790201823,40.00975390625,40.013753946940106
2023-07-26 15:49:11.755564,5335774.0,5336223.0,38.05115592447917,38.05515596516927,40.01410192871094,40.018101969401044
2023-07-26 15:49:11.760552,5335775.0,5336224.0,38.05550390625,38.05950398763021,40.018449951171874,40.02244995117187
2023-07-26 15:49:11.764538,5335776.0,5336225.0,38.059851969401045,38.063852010091146,40.02279764811198,40.02679772949219
2023-07-26 15:49:11.768525,5335777.0,5336226.0,38.064199991861976,38.068200032552085,40.027145670572914,40.031156168619795
2023-07-26 15:49:11.773508,5335778.0,5336227.0,38.06854772949219,38.072547729492186,40.031493733723956,40.035493774414064
2023-07-26 15:49:11.777500,5335779.0,5336228.0,38.07290612792969,38.07690616861979,40.035841756184894,40.039841796874995
2023-07-26 15:49:11.781482,5335780.0,5336229.0,38.07724373372396,38.08124377441406,40.04018977864584,40.04418981933594
2023-07-26 15:49:11.786465,5335781.0,5336230.0,38.08159175618489,38.085591837565104,40.04453780110677,40.04853784179687
2023-07-26 15:49:11.790451,5335782.0,5336231.0,38.08593977864584,38.08993986002604,40.04888582356771,40.052885904947914
2023-07-26 15:49:11.794438,5335783.0,5336232.0,38.09028784179687,38.09428788248698,40.05323384602865,40.05723392740885
2023-07-26 15:49:11.799421,5335784.0,5336233.0,38.09463586425781,38.09863590494791,40.05758190917968,40.0615819498698
2023-07-26 15:49:11.803403,5335785.0,5336234.0,38.09898388671875,38.10298392740885,40.06192993164063,40.06592997233073
2023-07-26 15:49:11.808386,5335786.0,5336235.0,38.10333190917969,38.107331949869796,40.06627795410156,40.07027799479167
2023-07-26 15:49:11.812378,5335787.0,5336236.0,38.107679931640625,38.11168001302083,40.070625732421874,40.07462573242187
2023-07-26 15:49:11.816360,5335788.0,5336237.0,38.11202795410156,38.11602803548177,40.074973673502605,40.078973714192706
2023-07-26 15:49:11.821344,5335789.0,5336238.0,38.11637585449218,38.12037585449219,40.07932169596354,40.08332177734375
2023-07-26 15:49:11.825334,5335790.0,5336239.0,38.12072371419271,38.124723754882815,40.083669718424474,40.087669799804694
2023-07-26 15:49:11.829321,5335791.0,5336240.0,38.125071736653645,38.129071777343746,40.08801778157552,40.092017822265625
2023-07-26 15:49:11.834304,5335792.0,5336241.0,38.12941975911458,38.13341979980469,40.09236580403646,40.09636584472656
2023-07-26 15:49:11.838291,5335793.0,5336242.0,38.13376778157552,38.13776782226562,40.0967138264974,40.1007138671875
2023-07-26 15:49:11.842280,5335794.0,5336243.0,38.13811580403646,38.14211588541667,40.10106184895833,40.10506188964843
2023-07-26 15:49:11.847261,5335795.0,5336244.0,38.1424638264974,38.1464639078776,40.105409871419276,40.10940995279948
2023-07-26 15:49:11.851243,5335796.0,5336245.0,38.14681188964843,38.15081193033854,40.10975789388021,40.11375797526042
2023-07-26 15:49:11.856226,5335797.0,5336246.0,38.15115991210938,38.15515995279948,40.11410595703125,40.11810599772136
2023-07-26 15:49:11.860217,5335798.0,5336247.0,38.155507934570316,38.15950797526042,40.118453857421876,40.122453857421874
2023-07-26 15:49:11.864200,5335799.0,5336248.0,38.159855957031255,38.163855997721356,40.122801676432296,40.1268017171224
2023-07-26 15:49:11.869188,5335800.0,5336249.0,38.164203979492186,38.16820397949219,40.12714969889323,40.13114973958333
2023-07-26 15:49:11.873175,5335801.0,5336250.0,38.168551676432294,38.1725517578125,40.131497721354165,40.135497762044274
2023-07-26 15:49:11.877156,5335802.0,5336251.0,38.172899698893225,38.17689978027344,40.1358457438151,40.13984582519531
2023-07-26 15:49:11.882145,5335803.0,5336252.0,38.17724776204427,38.181247802734376,40.14019376627604,40.144193847656254
2023-07-26 15:49:11.886126,5335804.0,5336253.0,38.181595784505205,38.18559582519531,40.144541829427084,40.148541870117185
2023-07-26 15:49:11.890119,5335805.0,5336254.0,38.18594380696615,38.18994384765625,40.148889851888015,40.15288989257812
2023-07-26 15:49:11.895103,5335806.0,5336255.0,38.19029182942708,38.19429187011718,40.15323787434896,40.15723791503906
2023-07-26 15:49:11.899083,5335807.0,5336256.0,38.19463985188802,38.19863993326823,40.15758589680989,40.1615859375
2023-07-26 15:49:11.903075,5335808.0,5336257.0,38.19898787434896,38.202987955729164,40.16193391927084,40.16593400065104
2023-07-26 15:49:11.908058,5335809.0,5336258.0,38.2033359375,38.20733597819011,40.16628194173177,40.170281982421876
2023-07-26 15:49:11.912040,5335810.0,5336259.0,38.20768395996094,38.21168400065104,40.170629638671876,40.17462972005208
2023-07-26 15:49:11.917028,5335811.0,5336260.0,38.21203198242188,38.21603202311198,40.17497770182292,40.17897774251302
2023-07-26 15:49:11.921014,5335812.0,5336261.0,38.216379760742186,38.22037976074218,40.179325724283856,40.18332576497396
2023-07-26 15:49:11.924996,5335813.0,5336262.0,38.220727701822916,38.224727742513025,40.18367374674479,40.187673787434896
2023-07-26 15:49:11.929984,5335814.0,5336263.0,38.225075724283855,38.22907580566406,40.18802176920573,40.192021809895834
2023-07-26 15:49:11.933966,5335815.0,5336264.0,38.229423746744786,38.233423828125005,40.19236979166667,40.196369873046876
2023-07-26 15:49:11.937958,5335816.0,5336265.0,38.233771809895835,38.237771850585936,40.1967178141276,40.200717895507815
2023-07-26 15:49:11.942941,5335817.0,5336266.0,38.23811983235677,38.242119873046875,40.201065877278644,40.205065917968746
2023-07-26 15:49:11.946923,5335818.0,5336267.0,38.24246785481771,38.24646789550781,40.20541389973958,40.20941394042969
2023-07-26 15:49:11.950909,5335819.0,5336268.0,38.24681587727864,38.250815917968744,40.20976192220052,40.21376196289062
2023-07-26 15:49:11.955897,5335820.0,5336269.0,38.25116389973959,38.25516398111979,40.21410994466146,40.21810998535157
2023-07-26 15:49:11.959879,5335821.0,5336270.0,38.25551192220052,38.25951200358073,40.21845776367188,40.222457763671876
2023-07-26 15:49:11.964864,5335822.0,5336271.0,38.25985998535156,38.26386002604167,40.2228056640625,40.22680574544271
2023-07-26 15:49:11.968854,5335823.0,5336272.0,38.26420788574219,38.268207885742186,40.22715368652344,40.23115376790364
2023-07-26 15:49:11.972836,5335824.0,5336273.0,38.26855570475261,38.27255574544271,40.23150174967448,40.23550179036459
2023-07-26 15:49:11.977824,5335825.0,5336274.0,38.27290372721354,38.27690376790364,40.23584977213542,40.23984981282552
2023-07-26 15:49:11.981806,5335826.0,5336275.0,38.277251749674484,38.281251790364585,40.24020821126302,40.24420825195312
2023-07-26 15:49:11.985797,5335827.0,5336276.0,38.281599772135415,38.28559985351563,40.24454581705729,40.248545857747395
2023-07-26 15:49:11.990781,5335828.0,5336277.0,38.28595825195312,38.289958292643234,40.248893839518225,40.252893920898444
2023-07-26 15:49:11.994762,5335829.0,5336278.0,38.290295857747395,38.2942958984375,40.25324186197916,40.257241943359375
2023-07-26 15:49:11.998754,5335830.0,5336279.0,38.29464388020833,38.29864392089844,40.25758992513021,40.26158996582031
2023-07-26 15:49:12.003737,5335831.0,5336280.0,38.29899190266927,38.30299194335937,40.26193794759115,40.26593798828125
2023-07-26 15:49:12.007719,5335832.0,5336281.0,38.30333992513021,38.30733996582032,40.266285888671874,40.27028588867187
2023-07-26 15:49:12.012707,5335833.0,5336282.0,38.30768794759115,38.31168802897135,40.27063366699219,40.27463370768229
2023-07-26 15:49:12.016693,5335834.0,5336283.0,38.31203597005208,38.31603601074219,40.27498168945313,40.27898173014323
2023-07-26 15:49:12.020676,5335835.0,5336284.0,38.31638366699219,38.32038374837239,40.27932971191406,40.28332979329427
2023-07-26 15:49:12.025663,5335836.0,5336285.0,38.32073173014323,38.32473177083333,40.283677734375,40.28767781575521
2023-07-26 15:49:12.029650,5335837.0,5336286.0,38.32507975260417,38.32907979329427,40.28802579752604,40.29202583821615
2023-07-26 15:49:12.033633,5335838.0,5336287.0,38.329427775065106,38.33342781575521,40.292373819986985,40.296373860677086
2023-07-26 15:49:12.038620,5335839.0,5336288.0,38.333775797526044,38.337775838216146,40.296721842447916,40.30072188313802
2023-07-26 15:49:12.042602,5335840.0,5336289.0,38.338123860677086,38.34212390136719,40.301069864908854,40.305069905598955
2023-07-26 15:49:12.046593,5335841.0,5336290.0,38.342471842447914,38.346471923828126,40.30541788736979,40.309417968750004
2023-07-26 15:49:12.051576,5335842.0,5336291.0,38.346819905598956,38.35081994628906,40.30976590983073,40.313765991210936
2023-07-26 15:49:12.055559,5335843.0,5336292.0,38.3511679280599,38.35516796875,40.31411397298177,40.318114013671874
2023-07-26 15:49:12.060543,5335844.0,5336293.0,38.35551595052083,38.359515991210934,40.31846166992188,40.32246171061198
2023-07-26 15:49:12.064533,5335845.0,5336294.0,38.35986397298177,38.36386401367188,40.32280969238281,40.32680973307291
2023-07-26 15:49:12.068515,5335846.0,5336295.0,38.36421179199219,38.36821179199219,40.32715771484375,40.33115775553385
2023-07-26 15:49:12.073503,5335847.0,5336296.0,38.36855969238281,38.37255977376302,40.33150573730469,40.3355057779948
2023-07-26 15:49:12.077490,5335848.0,5336297.0,38.37290771484375,38.37690779622395,40.33585375976562,40.33985384114584
2023-07-26 15:49:12.081477,5335849.0,5336298.0,38.37725577799479,38.3812558186849,40.340201782226565,40.34420186360677
2023-07-26 15:49:12.086460,5335850.0,5336299.0,38.38160380045573,38.38560384114584,40.3445498453776,40.34854988606771
2023-07-26 15:49:12.090442,5335851.0,5336300.0,38.38595182291667,38.389951863606775,40.34889786783854,40.35289790852865
2023-07-26 15:49:12.094435,5335852.0,5336301.0,38.390299845377605,38.39429988606771,40.353245890299476,40.357245930989585
2023-07-26 15:49:12.099416,5335853.0,5336302.0,38.394647867838536,38.398647949218756,40.35759391276042,40.36159395345052
2023-07-26 15:49:12.103400,5335854.0,5336303.0,38.398995890299474,38.40299597167969,40.36194193522135,40.365942016601565
2023-07-26 15:49:12.108382,5335855.0,5336304.0,38.40334395345052,38.407343994140625,40.366289794921876,40.370289794921874
2023-07-26 15:49:12.112373,5335856.0,5336305.0,38.40769197591146,38.41169201660156,40.37063765462239,40.374637736002605
2023-07-26 15:49:12.116355,5335857.0,5336306.0,38.412039916992185,38.41603991699218,40.37498571777344,40.37898575846354
2023-07-26 15:49:12.121344,5335858.0,5336307.0,38.4163876953125,38.4203877360026,40.37933374023437,40.383333780924474
2023-07-26 15:49:12.125330,5335859.0,5336308.0,38.42073571777344,38.42473575846354,40.38368176269532,40.38768180338542
2023-07-26 15:49:12.129312,5335860.0,5336309.0,38.42508374023437,38.42908382161458,40.38802978515625,40.39202982584636
2023-07-26 15:49:12.134300,5335861.0,5336310.0,38.429431762695316,38.43343184407552,40.39237780761719,40.39637788899739
2023-07-26 15:49:12.138282,5335862.0,5336311.0,38.43377982584636,38.43777986653646,40.396725830078125,40.40072591145833
2023-07-26 15:49:12.142273,5335863.0,5336312.0,38.43812784830729,38.44212788899739,40.40107389322917,40.40507393391927
2023-07-26 15:49:12.147256,5335864.0,5336313.0,38.44247587076823,38.446475911458336,40.405421915690106,40.40942195638021
2023-07-26 15:49:12.151238,5335865.0,5336314.0,38.446823893229165,38.45082393391927,40.409769938151044,40.413769978841145
2023-07-26 15:49:12.156221,5335866.0,5336315.0,38.451171915690104,38.455171997070316,40.41411791992188,40.418117919921876
2023-07-26 15:49:12.160212,5335867.0,5336316.0,38.45551993815104,38.45952001953125,40.41846565755208,40.42246569824219
2023-07-26 15:49:12.164195,5335868.0,5336317.0,38.459868001302084,38.463868041992185,40.42281368001302,40.42681376139323
2023-07-26 15:49:12.169190,5335869.0,5336318.0,38.46421569824219,38.468215738932294,40.42716170247395,40.431161783854165
2023-07-26 15:49:12.173165,5335870.0,5336319.0,38.46856372070312,38.472563761393225,40.431509765625,40.4355098063151
2023-07-26 15:49:12.177152,5335871.0,5336320.0,38.47291174316406,38.47691178385416,40.43585778808593,40.43985782877604
2023-07-26 15:49:12.182139,5335872.0,5336321.0,38.477259765625,38.48125980631511,40.44020581054688,40.44420585123698
2023-07-26 15:49:12.186121,5335873.0,5336322.0,38.48160778808593,38.48560786946615,40.44455383300781,40.44855387369792
2023-07-26 15:49:12.191105,5335874.0,5336323.0,38.485955810546876,38.48995589192708,40.44890185546875,40.45290193684896
2023-07-26 15:49:12.195096,5335875.0,5336324.0,38.49030387369792,38.49430391438802,40.453260294596355,40.45726037597657
2023-07-26 15:49:12.199078,5335876.0,5336325.0,38.49465189615886,38.49865193684896,40.457597941080735,40.461597981770836
2023-07-26 15:49:12.204066,5335877.0,5336326.0,38.499010335286464,38.503010375976565,40.461945963541666,40.46594600423177
2023-07-26 15:49:12.208052,5335878.0,5336327.0,38.50334794108073,38.507347981770835,40.46629370117188,40.470293701171876
2023-07-26 15:49:12.212034,5335879.0,5336328.0,38.507695963541664,38.51169604492188,40.470641682942706,40.474641723632814
2023-07-26 15:49:12.217023,5335880.0,5336329.0,38.51204382324219,38.516043823242185,40.474989705403644,40.47898974609375
2023-07-26 15:49:12.221016,5335881.0,5336330.0,38.516391682942704,38.520391764322916,40.47933772786458,40.48333780924479
2023-07-26 15:49:12.225000,5335882.0,5336331.0,38.52073974609375,38.524739786783854,40.48368575032553,40.48768583170573
2023-07-26 15:49:12.229979,5335883.0,5336332.0,38.525087768554684,38.52908780924479,40.48803381347656,40.492033854166664
2023-07-26 15:49:12.233961,5335884.0,5336333.0,38.52943579101563,38.53343583170573,40.4923818359375,40.4963818766276
2023-07-26 15:49:12.237964,5335885.0,5336334.0,38.53378381347656,38.53778385416667,40.49672985839844,40.50072989908854
2023-07-26 15:49:12.242935,5335886.0,5336335.0,38.5381318359375,38.542131917317704,40.50107788085937,40.50507792154948
2023-07-26 15:49:12.246918,5335887.0,5336336.0,38.54247985839844,38.54647989908854,40.505425903320315,40.50942598470052
2023-07-26 15:49:12.251901,5335888.0,5336337.0,38.54682792154948,38.55082796223959,40.509773925781246,40.51377400716146
2023-07-26 15:49:12.255892,5335889.0,5336338.0,38.55117594401042,38.55517598470052,40.51412182617188,40.51812182617188
2023-07-26 15:49:12.259874,5335890.0,5336339.0,38.555523966471355,38.55952400716146,40.5184696858724,40.5224697265625
2023-07-26 15:49:12.264863,5335891.0,5336340.0,38.55987194824219,38.56387194824219,40.522817708333335,40.52681774902344
2023-07-26 15:49:12.268849,5335892.0,5336341.0,38.564219685872395,38.5682197265625,40.527165730794266,40.531165771484375
2023-07-26 15:49:12.272836,5335893.0,5336342.0,38.56856770833333,38.57256778971354,40.53151375325521,40.53551379394531
2023-07-26 15:49:12.277818,5335894.0,5336343.0,38.57291573079427,38.576915812174484,40.53586177571614,40.539861857096355
2023-07-26 15:49:12.281801,5335895.0,5336344.0,38.57726379394531,38.581263834635415,40.54020979817709,40.54420987955729
2023-07-26 15:49:12.285792,5335896.0,5336345.0,38.58161181640625,38.58561185709636,40.54455786132812,40.548557902018224
2023-07-26 15:49:12.290775,5335897.0,5336346.0,38.58595983886719,38.58995987955729,40.54890588378907,40.55290592447917
2023-07-26 15:49:12.294757,5335898.0,5336347.0,38.59030786132812,38.59430790201823,40.55325390625,40.55725394694011
2023-07-26 15:49:12.298745,5335899.0,5336348.0,38.594655883789066,38.59865596516927,40.55760192871094,40.561601969401046
2023-07-26 15:49:12.303733,5335900.0,5336349.0,38.59900390625,38.60300398763021,40.561949951171876,40.56594995117187
2023-07-26 15:49:12.307714,5335901.0,5336350.0,38.60335196940105,38.60735201009115,40.56629764811198,40.57029772949219
2023-07-26 15:49:12.312699,5335902.0,5336351.0,38.60769999186198,38.61170003255208,40.570645670572915,40.57465616861979
2023-07-26 15:49:12.316689,5335903.0,5336352.0,38.61204772949219,38.61604772949219,40.57499373372396,40.57899377441406
2023-07-26 15:49:12.320671,5335904.0,5336353.0,38.616406127929686,38.620406168619795,40.579341756184895,40.583341796875
2023-07-26 15:49:12.325654,5335905.0,5336354.0,38.620743733723955,38.624743774414064,40.583689778645834,40.58768981933594
2023-07-26 15:49:12.329641,5335906.0,5336355.0,38.625091756184894,38.6290918375651,40.58803780110677,40.59203784179687
2023-07-26 15:49:12.333632,5335907.0,5336356.0,38.62943977864584,38.633439860026044,40.5923858235677,40.596385904947915
2023-07-26 15:49:12.338615,5335908.0,5336357.0,38.633787841796874,38.637787882486975,40.59673384602865,40.600733927408854
2023-07-26 15:49:12.342597,5335909.0,5336358.0,38.63813586425781,38.642135904947914,40.60108190917968,40.60508194986979
2023-07-26 15:49:12.346590,5335910.0,5336359.0,38.64248388671875,38.64648392740885,40.60542993164063,40.60942997233073
2023-07-26 15:49:12.351572,5335911.0,5336360.0,38.64683190917968,38.6508319498698,40.60977795410156,40.61377799479167
2023-07-26 15:49:12.355554,5335912.0,5336361.0,38.65117993164063,38.65518001302083,40.614125732421876,40.61812573242187
2023-07-26 15:49:12.360546,5335913.0,5336362.0,38.655527954101565,38.65952803548177,40.618473673502606,40.62247371419271
2023-07-26 15:49:12.364529,5335914.0,5336363.0,38.659875854492185,38.66387585449218,40.622821695963545,40.62682177734375
2023-07-26 15:49:12.368517,5335915.0,5336364.0,38.66422371419271,38.66822375488282,40.627169718424476,40.63116979980469
2023-07-26 15:49:12.373498,5335916.0,5336365.0,38.66857173665365,38.67257177734375,40.631517781575525,40.635517822265626
2023-07-26 15:49:12.377480,5335917.0,5336366.0,38.67291975911458,38.67691979980469,40.63586580403646,40.639865844726565
2023-07-26 15:49:12.381472,5335918.0,5336367.0,38.67726778157552,38.681267822265625,40.640213826497394,40.6442138671875
2023-07-26 15:49:12.386455,5335919.0,5336368.0,38.68161580403646,38.68561588541667,40.64456184895833,40.648561889648434
2023-07-26 15:49:12.390437,5335920.0,5336369.0,38.6859638264974,38.689963907877605,40.64890987141927,40.65290995279948
2023-07-26 15:49:12.395425,5335921.0,5336370.0,38.690311889648434,38.694311930338536,40.65325789388021,40.657257975260414
2023-07-26 15:49:12.399411,5335922.0,5336371.0,38.69465991210938,38.69865995279948,40.65760595703125,40.66160599772135
2023-07-26 15:49:12.403398,5335923.0,5336372.0,38.69900793457031,38.70300797526042,40.66195385742188,40.665953857421876
2023-07-26 15:49:12.408387,5335924.0,5336373.0,38.70335595703125,38.70735599772136,40.66630167643229,40.6703017171224
2023-07-26 15:49:12.412368,5335925.0,5336374.0,38.70770397949219,38.711703979492185,40.67064969889323,40.67464973958333
2023-07-26 15:49:12.416357,5335926.0,5336375.0,38.712051676432296,38.7160517578125,40.67499772135417,40.67899776204427
2023-07-26 15:49:12.421339,5335927.0,5336376.0,38.71639969889323,38.72039978027343,40.679345743815105,40.68334582519531
2023-07-26 15:49:12.425327,5335928.0,5336377.0,38.72074776204427,38.72474780273438,40.68369376627604,40.68769384765625
2023-07-26 15:49:12.429314,5335929.0,5336378.0,38.72509578450521,38.72909582519531,40.688041829427085,40.69204187011719
2023-07-26 15:49:12.434295,5335930.0,5336379.0,38.729443806966145,38.733443847656254,40.69238985188802,40.696389892578125
2023-07-26 15:49:12.438277,5335931.0,5336380.0,38.73379182942708,38.737791870117185,40.696737874348955,40.70073791503906
2023-07-26 15:49:12.443259,5335932.0,5336381.0,38.738139851888015,38.742139933268234,40.70108589680989,40.7050859375
2023-07-26 15:49:12.447251,5335933.0,5336382.0,38.74248787434896,38.746487955729165,40.70543391927083,40.709434000651044
2023-07-26 15:49:12.451238,5335934.0,5336383.0,38.7468359375,38.7508359781901,40.70978194173177,40.71378198242187
2023-07-26 15:49:12.456221,5335935.0,5336384.0,38.75118395996094,38.75518400065104,40.71412963867188,40.71812972005208
2023-07-26 15:49:12.460210,5335936.0,5336385.0,38.75553198242187,38.75953202311198,40.71847770182292,40.72247774251302
2023-07-26 15:49:12.464196,5335937.0,5336386.0,38.75987976074219,38.763879760742185,40.72282572428385,40.72682576497396
2023-07-26 15:49:12.469338,5335938.0,5336387.0,38.76422770182292,38.76822774251302,40.72717374674479,40.7311737874349
2023-07-26 15:49:12.472749,5335939.0,5336388.0,38.768575724283856,38.77257580566406,40.73152176920573,40.735521809895836
2023-07-26 15:49:12.478028,5335940.0,5336389.0,38.77292374674479,38.776923828125,40.73586979166667,40.73986987304688
2023-07-26 15:49:12.482090,5335941.0,5336390.0,38.777271809895836,38.78127185058594,40.740217814127604,40.74421789550781
2023-07-26 15:49:12.486693,5335942.0,5336391.0,38.781619832356775,38.785619873046876,40.744565877278646,40.74856591796875
2023-07-26 15:49:12.491071,5335943.0,5336392.0,38.785967854817706,38.789967895507814,40.748913899739584,40.75291394042969
2023-07-26 15:49:12.495110,5335944.0,5336393.0,38.790315877278644,38.794315917968746,40.75326192220052,40.757261962890624
2023-07-26 15:49:12.498933,5335945.0,5336394.0,38.79466389973959,38.798663981119795,40.75760994466146,40.76160998535156
2023-07-26 15:49:12.503623,5335946.0,5336395.0,38.79901192220052,38.803012003580726,40.76195776367188,40.76595776367188
2023-07-26 15:49:12.507770,5335947.0,5336396.0,38.80335998535156,38.80736002604167,40.7663056640625,40.770305745442705
2023-07-26 15:49:12.511989,5335948.0,5336397.0,38.80770788574219,38.81170788574219,40.77065368652344,40.774653767903644
2023-07-26 15:49:12.516669,5335949.0,5336398.0,38.8120557047526,38.81605574544271,40.77500174967448,40.77900179036459
2023-07-26 15:49:12.520538,5335950.0,5336399.0,38.81640372721354,38.82040376790364,40.77934977213541,40.78334981282552
2023-07-26 15:49:12.525448,5335951.0,5336400.0,38.82075174967448,38.82475179036459,40.78370821126302,40.78770825195312
2023-07-26 15:49:12.530151,5335952.0,5336401.0,38.82509977213542,38.82909985351563,40.78804581705729,40.7920458577474
2023-07-26 15:49:12.534552,5335953.0,5336402.0,38.82945821126302,38.83345829264323,40.792393839518226,40.79639392089844
2023-07-26 15:49:12.538660,5335954.0,5336403.0,38.8337958577474,38.8377958984375,40.796741861979164,40.80074194335937
2023-07-26 15:49:12.542956,5335955.0,5336404.0,38.83814388020833,38.842143920898444,40.80108992513021,40.805089965820315
2023-07-26 15:49:12.547268,5335956.0,5336405.0,38.842491902669266,38.846491943359375,40.805437947591145,40.80943798828125
2023-07-26 15:49:12.551256,5335957.0,5336406.0,38.84683992513021,38.85083996582031,40.809785888671875,40.81378588867187
2023-07-26 15:49:12.555568,5335958.0,5336407.0,38.85118794759115,38.855188028971355,40.814133666992184,40.81813370768229
2023-07-26 15:49:12.559928,5335959.0,5336408.0,38.85553597005208,38.85953601074218,40.81848168945313,40.82248173014323
2023-07-26 15:49:12.564655,5335960.0,5336409.0,38.85988366699219,38.863883748372395,40.82282971191406,40.826829793294266
2023-07-26 15:49:12.569098,5335961.0,5336410.0,38.86423173014323,38.86823177083333,40.827177734375,40.83117781575521
2023-07-26 15:49:12.572751,5335962.0,5336411.0,38.86857975260416,38.87257979329427,40.83152579752604,40.83552583821615
2023-07-26 15:49:12.577611,5335963.0,5336412.0,38.87292777506511,38.87692781575521,40.83587381998698,40.83987386067709
2023-07-26 15:49:12.582073,5335964.0,5336413.0,38.87727579752604,38.88127583821615,40.84022184244792,40.84422188313802
2023-07-26 15:49:12.585828,5335965.0,5336414.0,38.881623819986984,38.88562390136719,40.84456986490885,40.84856990559896
2023-07-26 15:49:12.590561,5335966.0,5336415.0,38.885971842447915,38.88997192382813,40.848917887369794,40.85291796875
2023-07-26 15:49:12.595003,5335967.0,5336416.0,38.89031990559896,38.89431994628906,40.85326590983073,40.85726599121094
2023-07-26 15:49:12.598873,5335968.0,5336417.0,38.894667928059896,38.898667968750004,40.857613972981774,40.861614013671876
2023-07-26 15:49:12.603842,5335969.0,5336418.0,38.899015950520834,38.903015991210935,40.861961669921875,40.865961710611984
2023-07-26 15:49:12.608215,5335970.0,5336419.0,38.90336397298177,38.907364013671874,40.86630969238281,40.870309733072915
2023-07-26 15:49:12.612506,5335971.0,5336420.0,38.90771179199219,38.91171179199219,40.870657714843745,40.87465775553385
2023-07-26 15:49:12.616929,5335972.0,5336421.0,38.91205969238281,38.91605977376302,40.87500573730469,40.87900577799479
2023-07-26 15:49:12.620735,5335973.0,5336422.0,38.91640771484375,38.920407796223955,40.87935375976562,40.88335384114583
2023-07-26 15:49:12.625260,5335974.0,5336423.0,38.92075577799479,38.9247558186849,40.88370178222657,40.88770186360677
2023-07-26 15:49:12.629640,5335975.0,5336424.0,38.92510380045572,38.92910384114584,40.8880498453776,40.89204988606771
2023-07-26 15:49:12.633955,5335976.0,5336425.0,38.92945182291667,38.93345186360677,40.89239786783854,40.89639790852865
2023-07-26 15:49:12.638365,5335977.0,5336426.0,38.93379984537761,38.93779988606771,40.89674589029948,40.90074593098958
2023-07-26 15:49:12.642440,5335978.0,5336427.0,38.93814786783854,38.94214794921875,40.90109391276042,40.905093953450525
2023-07-26 15:49:12.646975,5335979.0,5336428.0,38.942495890299476,38.94649597167969,40.905441935221354,40.90944201660156
2023-07-26 15:49:12.651224,5335980.0,5336429.0,38.946843953450525,38.95084399414063,40.90978979492188,40.913789794921875
2023-07-26 15:49:12.655537,5335981.0,5336430.0,38.951191975911456,38.955192016601565,40.914137654622394,40.918137736002606
2023-07-26 15:49:12.659837,5335982.0,5336431.0,38.95553991699219,38.959539916992185,40.918485717773436,40.922485758463544
2023-07-26 15:49:12.664234,5335983.0,5336432.0,38.959887695312496,38.963887736002604,40.922833740234374,40.926833780924476
2023-07-26 15:49:12.668514,5335984.0,5336433.0,38.96423571777344,38.96823575846354,40.92718176269531,40.93118180338542
2023-07-26 15:49:12.673036,5335985.0,5336434.0,38.96858374023437,38.97258382161458,40.93152978515625,40.93552982584635
2023-07-26 15:49:12.677534,5335986.0,5336435.0,38.97293176269532,38.97693184407552,40.93587780761719,40.939877888997394
2023-07-26 15:49:12.681701,5335987.0,5336436.0,38.97727982584635,38.98127986653646,40.94022583007813,40.94422591145833
2023-07-26 15:49:12.686017,5335988.0,5336437.0,38.98162784830729,38.98562788899739,40.94457389322916,40.94857393391927
2023-07-26 15:49:12.690304,5335989.0,5336438.0,38.98597587076823,38.98997591145833,40.94892191569011,40.95292195638021
2023-07-26 15:49:12.694980,5335990.0,5336439.0,38.99032389322917,38.99432393391927,40.95326993815104,40.95726997884115
2023-07-26 15:49:12.699024,5335991.0,5336440.0,38.994671915690105,38.99867199707031,40.95761791992188,40.96161791992188
2023-07-26 15:49:12.703549,5335992.0,5336441.0,38.999019938151044,39.00302001953125,40.961965657552085,40.96596569824219
2023-07-26 15:49:12.707857,5335993.0,5336442.0,39.003368001302086,39.00736804199219,40.96631368001302,40.97031376139323
2023-07-26 15:49:12.712150,5335994.0,5336443.0,39.00771569824219,39.011715738932295,40.970661702473954,40.97466178385417
2023-07-26 15:49:12.716449,5335995.0,5336444.0,39.012063720703125,39.01606376139323,40.975009765625,40.979009806315105
2023-07-26 15:49:12.720758,5335996.0,5336445.0,39.016411743164056,39.020411783854165,40.979357788085935,40.98335782877604
2023-07-26 15:49:12.725799,5335997.0,5336446.0,39.020759765625,39.0247598063151,40.98370581054688,40.98770585123698
2023-07-26 15:49:12.730012,5335998.0,5336447.0,39.02510778808593,39.02910786946615,40.98805383300781,40.99205387369791
2023-07-26 15:49:12.734312,5335999.0,5336448.0,39.02945581054688,39.03345589192708,40.99240185546875,40.99640193684896
2023-07-26 15:49:12.738662,5336000.0,5336449.0,39.03380387369791,39.03780391438802,40.996760294596356,41.00076037597656
2023-07-26 15:49:12.743196,5336001.0,5336450.0,39.03815189615886,39.04215193684896,41.00109794108073,41.00509798177084
2023-07-26 15:49:12.747477,5336002.0,5336451.0,39.04251033528646,39.04651037597657,41.00544596354167,41.00944600423177
2023-07-26 15:49:12.751812,5336003.0,5336452.0,39.046847941080735,39.050847981770836,41.00979370117187,41.01379370117188
2023-07-26 15:49:12.756339,5336004.0,5336453.0,39.051195963541666,39.05519604492187,41.01414168294271,41.01814172363281
2023-07-26 15:49:12.760530,5336005.0,5336454.0,39.05554382324219,39.05954382324219,41.018489705403645,41.02248974609375
2023-07-26 15:49:12.764936,5336006.0,5336455.0,39.059891682942705,39.06389176432292,41.022837727864584,41.02683780924479
2023-07-26 15:49:12.769275,5336007.0,5336456.0,39.06423974609375,39.068239786783856,41.02718575032552,41.031185831705734
2023-07-26 15:49:12.772333,5336008.0,5336457.0,39.068587768554686,39.07258780924479,41.031533813476564,41.035533854166665
2023-07-26 15:49:12.777942,5336009.0,5336458.0,39.07293579101563,39.07693583170573,41.035881835937495,41.039881876627604
2023-07-26 15:49:12.782255,5336010.0,5336459.0,39.07728381347656,39.081283854166664,41.04022985839844,41.04422989908854
2023-07-26 15:49:12.785535,5336011.0,5336460.0,39.0816318359375,39.085631917317706,41.04457788085937,41.04857792154947
2023-07-26 15:49:12.789898,5336012.0,5336461.0,39.08597985839844,39.089979939778644,41.04892590332032,41.05292598470052
2023-07-26 15:49:12.795423,5336013.0,5336462.0,39.09032792154947,39.09432796223959,41.05327392578125,41.05727400716146
2023-07-26 15:49:12.798520,5336014.0,5336463.0,39.09467594401042,39.09867598470052,41.057621826171875,41.06162182617188
2023-07-26 15:49:12.804064,5336015.0,5336464.0,39.09902396647135,39.10302400716146,41.0619696858724,41.0659697265625
2023-07-26 15:49:12.808398,5336016.0,5336465.0,39.10337194824219,39.10737194824219,41.06631770833333,41.07031774902344
2023-07-26 15:49:12.811562,5336017.0,5336466.0,39.1077196858724,39.1117197265625,41.07066573079427,41.07466577148437
2023-07-26 15:49:12.816663,5336018.0,5336467.0,39.112067708333335,39.11606778971354,41.07501375325521,41.079013793945315
2023-07-26 15:49:12.820973,5336019.0,5336468.0,39.116415730794266,39.120415812174485,41.079361775716144,41.08336185709636
2023-07-26 15:49:12.825293,5336020.0,5336469.0,39.120763793945315,39.12476383463542,41.08370979817708,41.087709879557295
2023-07-26 15:49:12.829803,5336021.0,5336470.0,39.12511181640625,39.129111857096355,41.088057861328124,41.092057902018226
2023-07-26 15:49:12.833275,5336022.0,5336471.0,39.12945983886719,39.13345987955729,41.09240588378906,41.09640592447917
2023-07-26 15:49:12.838398,5336023.0,5336472.0,39.13380786132812,39.137807902018224,41.09675390625,41.1007539469401
2023-07-26 15:49:12.842827,5336024.0,5336473.0,39.13815588378907,39.14215596516927,41.10110192871094,41.10510196940104
2023-07-26 15:49:12.847183,5336025.0,5336474.0,39.14250390625,39.14650398763021,41.10544995117188,41.109449951171875
2023-07-26 15:49:12.851375,5336026.0,5336475.0,39.14685196940104,39.15085201009115,41.10979764811198,41.11379772949219
2023-07-26 15:49:12.855708,5336027.0,5336476.0,39.15119999186198,39.15520003255208,41.11414567057292,41.11815616861979
2023-07-26 15:49:12.859892,5336028.0,5336477.0,39.15554772949219,39.15954772949219,41.11849373372396,41.12249377441406
2023-07-26 15:49:12.864665,5336029.0,5336478.0,39.15990612792969,39.16390616861979,41.1228417561849,41.126841796875
2023-07-26 15:49:12.868045,5336030.0,5336479.0,39.16424373372396,39.168243774414066,41.127189778645835,41.13118981933594
2023-07-26 15:49:12.872394,5336031.0,5336480.0,39.168591756184895,39.1725918375651,41.131537801106774,41.135537841796875
2023-07-26 15:49:12.878051,5336032.0,5336481.0,39.17293977864583,39.176939860026046,41.135885823567705,41.13988590494792
2023-07-26 15:49:12.881099,5336033.0,5336482.0,39.177287841796876,39.18128788248698,41.14023384602864,41.144233927408855
2023-07-26 15:49:12.886346,5336034.0,5336483.0,39.18163586425781,39.185635904947915,41.144581909179685,41.148581949869794
2023-07-26 15:49:12.891077,5336035.0,5336484.0,39.18598388671875,39.18998392740885,41.14892993164062,41.15292997233073
2023-07-26 15:49:12.894151,5336036.0,5336485.0,39.19033190917968,39.19433194986979,41.15327795410156,41.15727799479166
2023-07-26 15:49:12.898523,5336037.0,5336486.0,39.19467993164063,39.198680013020834,41.15762573242188,41.161625732421875
2023-07-26 15:49:12.903665,5336038.0,5336487.0,39.19902795410156,39.20302803548177,41.16197367350261,41.16597371419271
2023-07-26 15:49:12.908028,5336039.0,5336488.0,39.20337585449219,39.207375854492184,41.16632169596354,41.17032177734375
2023-07-26 15:49:12.912123,5336040.0,5336489.0,39.20772371419271,39.21172375488281,41.17066971842448,41.17466979980469
2023-07-26 15:49:12.916434,5336041.0,5336490.0,39.21207173665365,39.21607177734375,41.17501778157552,41.17901782226563
2023-07-26 15:49:12.921551,5336042.0,5336491.0,39.21641975911458,39.22041979980469,41.179365804036465,41.183365844726566
2023-07-26 15:49:12.925623,5336043.0,5336492.0,39.220767781575525,39.224767822265626,41.183713826497396,41.1877138671875
2023-07-26 15:49:12.929959,5336044.0,5336493.0,39.22511580403646,39.22911588541667,41.188061848958334,41.192061889648436
2023-07-26 15:49:12.934233,5336045.0,5336494.0,39.229463826497394,39.233463907877606,41.19240987141927,41.196409952799485
2023-07-26 15:49:12.938229,5336046.0,5336495.0,39.233811889648436,39.23781193033854,41.19675789388021,41.200757975260416
2023-07-26 15:49:12.943288,5336047.0,5336496.0,39.238159912109374,39.24215995279948,41.20110595703125,41.205105997721354
2023-07-26 15:49:12.947440,5336048.0,5336497.0,39.24250793457031,39.246507975260414,41.20545385742187,41.20945385742188
2023-07-26 15:49:12.951512,5336049.0,5336498.0,39.24685595703125,39.25085599772135,41.20980167643229,41.213801717122394
2023-07-26 15:49:12.955900,5336050.0,5336499.0,39.25120397949219,39.25520397949219,41.21414969889323,41.21814973958333
2023-07-26 15:49:12.960571,5336051.0,5336500.0,39.25555167643229,39.2595517578125,41.21849772135417,41.22249776204427
2023-07-26 15:49:12.964678,5336052.0,5336501.0,39.25989969889323,39.263899780273434,41.2228457438151,41.22684582519531
2023-07-26 15:49:12.969070,5336053.0,5336502.0,39.26424776204427,39.26824780273437,41.227193766276045,41.23119384765625
2023-07-26 15:49:12.973420,5336054.0,5336503.0,39.26859578450521,39.27259582519531,41.23154182942708,41.23554187011719
2023-07-26 15:49:12.977930,5336055.0,5336504.0,39.27294380696615,39.27694384765625,41.23588985188802,41.23988989257812
2023-07-26 15:49:12.982003,5336056.0,5336505.0,39.277291829427085,39.28129187011719,41.240237874348956,41.24423791503906
2023-07-26 15:49:12.986009,5336057.0,5336506.0,39.281639851888016,39.285639933268236,41.244585896809895,41.2485859375
2023-07-26 15:49:12.991192,5336058.0,5336507.0,39.285987874348955,39.28998795572917,41.24893391927083,41.252934000651045
2023-07-26 15:49:12.995304,5336059.0,5336508.0,39.290335937500004,39.294335978190105,41.25328194173177,41.25728198242187
2023-07-26 15:49:12.999731,5336060.0,5336509.0,39.29468395996094,39.29868400065104,41.25762963867187,41.261629720052085
2023-07-26 15:49:13.003851,5336061.0,5336510.0,39.29903198242187,39.303032023111975,41.26197770182292,41.26597774251302
2023-07-26 15:49:13.007234,5336062.0,5336511.0,39.30337976074219,39.30737976074219,41.26632572428385,41.270325764973954
2023-07-26 15:49:13.011690,5336063.0,5336512.0,39.30772770182292,39.31172774251302,41.27067374674479,41.2746737874349
2023-07-26 15:49:13.016510,5336064.0,5336513.0,39.31207572428385,39.31607580566406,41.27502176920573,41.27902180989584
2023-07-26 15:49:13.020884,5336065.0,5336514.0,39.31642374674479,39.320423828125,41.27936979166667,41.28336987304688
2023-07-26 15:49:13.025923,5336066.0,5336515.0,39.32077180989583,39.32477185058594,41.283717814127606,41.28771789550781
2023-07-26 15:49:13.029909,5336067.0,5336516.0,39.325119832356776,39.32911987304688,41.28806587727864,41.29206591796875
2023-07-26 15:49:13.033896,5336068.0,5336517.0,39.32946785481771,39.33346789550781,41.292413899739586,41.29641394042969
2023-07-26 15:49:13.038880,5336069.0,5336518.0,39.333815877278646,39.33781591796875,41.296761922200524,41.300761962890626
2023-07-26 15:49:13.043389,5336070.0,5336519.0,39.338163899739584,39.342163981119796,41.30110994466146,41.305109985351564
2023-07-26 15:49:13.047695,5336071.0,5336520.0,39.34251192220052,39.34651200358073,41.305457763671875,41.30945776367188
2023-07-26 15:49:13.052029,5336072.0,5336521.0,39.346859985351564,39.350860026041666,41.3098056640625,41.31380574544271
2023-07-26 15:49:13.055154,5336073.0,5336522.0,39.35120788574219,39.35520788574219,41.31415368652343,41.318153767903645
2023-07-26 15:49:13.059588,5336074.0,5336523.0,39.355555704752604,39.359555745442705,41.31850174967448,41.32250179036458
2023-07-26 15:49:13.064075,5336075.0,5336524.0,39.35990372721354,39.36390376790364,41.32284977213541,41.326849812825515
2023-07-26 15:49:13.068507,5336076.0,5336525.0,39.36425174967448,39.36825179036459,41.32720821126302,41.33120825195312
2023-07-26 15:49:13.072837,5336077.0,5336526.0,39.36859977213541,39.37259985351563,41.33154581705729,41.3355458577474
2023-07-26 15:49:13.077072,5336078.0,5336527.0,39.37295821126302,39.37695829264323,41.33589383951823,41.33989392089844
2023-07-26 15:49:13.081437,5336079.0,5336528.0,39.37729585774739,39.3812958984375,41.340241861979166,41.34424194335937
2023-07-26 15:49:13.085901,5336080.0,5336529.0,39.38164388020833,39.38564392089844,41.34458992513021,41.34858996582032
2023-07-26 15:49:13.090922,5336081.0,5336530.0,39.38599190266927,39.38999194335938,41.348937947591146,41.35293798828125
2023-07-26 15:49:13.094934,5336082.0,5336531.0,39.39033992513021,39.394339965820315,41.35328588867188,41.357285888671875
2023-07-26 15:49:13.098942,5336083.0,5336532.0,39.394687947591144,39.39868802897136,41.357633666992186,41.36163370768229
2023-07-26 15:49:13.103222,5336084.0,5336533.0,39.39903597005208,39.403036010742184,41.361981689453124,41.36598173014323
2023-07-26 15:49:13.108243,5336085.0,5336534.0,39.403383666992184,39.407383748372396,41.36632971191406,41.37032979329427
2023-07-26 15:49:13.112271,5336086.0,5336535.0,39.40773173014323,39.411731770833335,41.37067773437499,41.37467781575521
2023-07-26 15:49:13.117301,5336087.0,5336536.0,39.412079752604164,39.416079793294266,41.37502579752604,41.379025838216144
2023-07-26 15:49:13.121314,5336088.0,5336537.0,39.41642777506511,39.42042781575521,41.37937381998698,41.38337386067708
2023-07-26 15:49:13.125339,5336089.0,5336538.0,39.42077579752604,39.42477583821615,41.38372184244792,41.38772188313802
2023-07-26 15:49:13.129347,5336090.0,5336539.0,39.42512381998698,39.42912390136719,41.38806986490885,41.39206990559896
2023-07-26 15:49:13.134371,5336091.0,5336540.0,39.42947184244792,39.43347192382812,41.392417887369795,41.39641796875
2023-07-26 15:49:13.138400,5336092.0,5336541.0,39.43381990559896,39.43781994628906,41.39676590983073,41.40076599121094
2023-07-26 15:49:13.143447,5336093.0,5336542.0,39.4381679280599,39.44216796875,41.401113972981776,41.40511401367188
2023-07-26 15:49:13.147461,5336094.0,5336543.0,39.442515950520836,39.44651599121094,41.40546166992188,41.40946171061198
2023-07-26 15:49:13.151503,5336095.0,5336544.0,39.446863972981774,39.450864013671875,41.409809692382815,41.41380973307292
2023-07-26 15:49:13.155514,5336096.0,5336545.0,39.451211791992186,39.45521179199219,41.414157714843746,41.418157755533855
2023-07-26 15:49:13.159756,5336097.0,5336546.0,39.45555969238281,39.45955977376302,41.41850573730469,41.42250577799479
2023-07-26 15:49:13.165009,5336098.0,5336547.0,39.459907714843744,39.46390779622396,41.42285375976562,41.426853841145835
2023-07-26 15:49:13.169051,5336099.0,5336548.0,39.464255777994794,39.468255818684895,41.42720178222656,41.43120186360677
2023-07-26 15:49:13.173110,5336100.0,5336549.0,39.468603800455725,39.47260384114583,41.4315498453776,41.435549886067705
2023-07-26 15:49:13.177171,5336101.0,5336550.0,39.47295182291667,39.47695186360677,41.43589786783854,41.43989790852865
2023-07-26 15:49:13.182229,5336102.0,5336551.0,39.4772998453776,39.48129988606771,41.44024589029948,41.44424593098958
2023-07-26 15:49:13.186244,5336103.0,5336552.0,39.48164786783854,39.48564794921875,41.44459391276042,41.448593953450526
2023-07-26 15:49:13.190273,5336104.0,5336553.0,39.48599589029948,39.48999597167968,41.448941935221356,41.45294201660156
2023-07-26 15:49:13.195277,5336105.0,5336554.0,39.49034395345053,39.49434399414063,41.45328979492187,41.45728979492188
2023-07-26 15:49:13.199262,5336106.0,5336555.0,39.49469197591146,39.49869201660156,41.457637654622395,41.4616377360026
2023-07-26 15:49:13.203251,5336107.0,5336556.0,39.49903991699219,39.503039916992186,41.46198571777344,41.46598575846354
2023-07-26 15:49:13.208232,5336108.0,5336557.0,39.5033876953125,39.507387736002606,41.466333740234376,41.47033378092448
2023-07-26 15:49:13.212220,5336109.0,5336558.0,39.507735717773436,39.511735758463544,41.470681762695314,41.47468180338542
2023-07-26 15:49:13.217208,5336110.0,5336559.0,39.512083740234374,39.51608382161458,41.47502978515625,41.479029825846354
2023-07-26 15:49:13.221189,5336111.0,5336560.0,39.51643176269531,39.520431844075524,41.47937780761718,41.483377888997396
2023-07-26 15:49:13.225177,5336112.0,5336561.0,39.520779825846354,39.524779866536456,41.48372583007813,41.487725911458334
2023-07-26 15:49:13.230164,5336113.0,5336562.0,39.52512784830729,39.529127888997394,41.48807389322916,41.492073933919265
2023-07-26 15:49:13.234146,5336114.0,5336563.0,39.52947587076823,39.53347591145833,41.49242191569011,41.49642195638021
2023-07-26 15:49:13.238134,5336115.0,5336564.0,39.53382389322916,39.53782393391927,41.49676993815104,41.50076997884114
2023-07-26 15:49:13.243120,5336116.0,5336565.0,39.53817191569011,39.54217199707031,41.501117919921874,41.50511791992188
2023-07-26 15:49:13.247104,5336117.0,5336566.0,39.54251993815104,39.54652001953125,41.50546565755209,41.50946569824219
2023-07-26 15:49:13.251090,5336118.0,5336567.0,39.54686800130209,39.55086804199219,41.50981368001302,41.51381376139323
2023-07-26 15:49:13.256072,5336119.0,5336568.0,39.55121569824219,39.55521573893229,41.514161702473956,41.51816178385416
2023-07-26 15:49:13.260061,5336120.0,5336569.0,39.55556372070313,39.55956376139323,41.518509765625005,41.52250980631511
2023-07-26 15:49:13.265042,5336121.0,5336570.0,39.55991174316406,39.56391178385417,41.522857788085936,41.526857828776045
2023-07-26 15:49:13.269031,5336122.0,5336571.0,39.564259765625,39.568259806315105,41.527205810546874,41.53120585123698
2023-07-26 15:49:13.273018,5336123.0,5336572.0,39.568607788085934,39.57260786946615,41.53155383300781,41.535553873697914
2023-07-26 15:49:13.278001,5336124.0,5336573.0,39.57295581054688,39.576955891927085,41.535901855468744,41.53990193684896
2023-07-26 15:49:13.281986,5336125.0,5336574.0,39.577303873697915,39.581303914388016,41.54026029459636,41.54426037597656
2023-07-26 15:49:13.285973,5336126.0,5336575.0,39.58165189615886,39.58565193684896,41.54459794108073,41.54859798177083
2023-07-26 15:49:13.290957,5336127.0,5336576.0,39.58601033528646,39.59001037597657,41.54894596354167,41.55294600423177
2023-07-26 15:49:13.294943,5336128.0,5336577.0,39.59034794108073,39.59434798177084,41.553293701171874,41.55729370117188
2023-07-26 15:49:13.298930,5336129.0,5336578.0,39.59469596354167,39.59869604492187,41.55764168294271,41.56164172363281
2023-07-26 15:49:13.303912,5336130.0,5336579.0,39.599043823242184,39.60304382324219,41.56198970540365,41.56598974609375
2023-07-26 15:49:13.307899,5336131.0,5336580.0,39.60339168294271,39.60739176432291,41.56633772786458,41.57033780924479
2023-07-26 15:49:13.311887,5336132.0,5336581.0,39.60773974609375,39.61173978678385,41.570685750325524,41.57468583170573
2023-07-26 15:49:13.316869,5336133.0,5336582.0,39.61208776855469,39.61608780924479,41.575033813476566,41.57903385416667
2023-07-26 15:49:13.320856,5336134.0,5336583.0,39.616435791015626,39.620435831705734,41.5793818359375,41.5833818766276
2023-07-26 15:49:13.325840,5336135.0,5336584.0,39.620783813476564,39.624783854166665,41.583729858398435,41.587729899088544
2023-07-26 15:49:13.329826,5336136.0,5336585.0,39.625131835937495,39.62913191731771,41.58807788085937,41.592077921549475
2023-07-26 15:49:13.333823,5336137.0,5336586.0,39.62947985839844,39.633479939778645,41.59242590332031,41.596425984700524
2023-07-26 15:49:13.338796,5336138.0,5336587.0,39.633827921549475,39.637827962239584,41.59677392578125,41.600774007161455
2023-07-26 15:49:13.342783,5336139.0,5336588.0,39.63817594401042,39.64217598470052,41.60112182617188,41.605121826171874
2023-07-26 15:49:13.346769,5336140.0,5336589.0,39.64252396647135,39.64652400716146,41.6054696858724,41.6094697265625
2023-07-26 15:49:13.351752,5336141.0,5336590.0,39.646871948242186,39.65087194824219,41.60981770833333,41.61381774902344
2023-07-26 15:49:13.355739,5336142.0,5336591.0,39.6512196858724,39.6552197265625,41.61416573079427,41.61816577148437
2023-07-26 15:49:13.359726,5336143.0,5336592.0,39.655567708333336,39.65956778971354,41.61851375325521,41.622513793945316
2023-07-26 15:49:13.364708,5336144.0,5336593.0,39.65991573079427,39.66391581217448,41.622861775716146,41.62686185709636
2023-07-26 15:49:13.368696,5336145.0,5336594.0,39.66426379394532,39.66826383463542,41.627209798177084,41.63120987955729
2023-07-26 15:49:13.373679,5336146.0,5336595.0,39.668611816406255,39.672611857096356,41.631557861328126,41.63555790201823
2023-07-26 15:49:13.377665,5336147.0,5336596.0,39.672959838867186,39.676959879557295,41.635905883789064,41.63990592447917
2023-07-26 15:49:13.381656,5336148.0,5336597.0,39.677307861328124,39.681307902018226,41.64025390625,41.644253946940104
2023-07-26 15:49:13.386636,5336149.0,5336598.0,39.68165588378906,39.685655965169275,41.64460192871094,41.64860196940104
2023-07-26 15:49:13.390624,5336150.0,5336599.0,39.68600390625,39.690003987630206,41.64894995117187,41.65294995117188
2023-07-26 15:49:13.394609,5336151.0,5336600.0,39.69035196940104,39.694352010091144,41.65329764811198,41.657297729492186
2023-07-26 15:49:13.403578,5336152.0,5336601.0,39.69469999186198,39.69870003255208,41.65764567057292,41.66165616861979
2023-07-26 15:49:13.407566,5336154.0,5336603.0,39.70340612792969,39.70740616861979,41.66634175618489,41.670341796875
2023-07-26 15:49:13.416542,5336155.0,5336604.0,39.70774373372396,39.71174377441406,41.67068977864584,41.67468981933594
2023-07-26 15:49:13.421519,5336157.0,5336606.0,39.716439778645835,39.72043986002604,41.679385823567706,41.68338590494791
2023-07-26 15:49:13.425504,5336158.0,5336607.0,39.72078784179688,39.72478788248698,41.683733846028645,41.68773392740885
2023-07-26 15:49:13.429491,5336159.0,5336608.0,39.72513586425781,39.72913590494792,41.68808190917969,41.692081949869795
2023-07-26 15:49:13.434484,5336160.0,5336609.0,39.72948388671875,39.733483927408855,41.692429931640625,41.69642997233073
2023-07-26 15:49:13.438460,5336161.0,5336610.0,39.733831909179685,39.73783194986979,41.69677795410156,41.700777994791665
2023-07-26 15:49:13.442448,5336162.0,5336611.0,39.73817993164062,39.742180013020835,41.70112573242187,41.70512573242188
2023-07-26 15:49:13.447431,5336163.0,5336612.0,39.74252795410156,39.74652803548177,41.7054736735026,41.70947371419271
2023-07-26 15:49:13.451417,5336164.0,5336613.0,39.74687585449219,39.750875854492186,41.70982169596354,41.713821777343746
2023-07-26 15:49:13.456400,5336165.0,5336614.0,39.75122371419271,39.75522375488281,41.71416971842448,41.71816979980469
2023-07-26 15:49:13.460387,5336166.0,5336615.0,39.75557173665364,39.75957177734375,41.71851778157552,41.72251782226562
2023-07-26 15:49:13.465370,5336167.0,5336616.0,39.75991975911458,39.76391979980469,41.72286580403646,41.72686584472657
2023-07-26 15:49:13.469357,5336168.0,5336617.0,39.76426778157552,39.76826782226563,41.7272138264974,41.7312138671875
2023-07-26 15:49:13.473344,5336169.0,5336618.0,39.768615804036465,39.77261588541667,41.73156184895833,41.73556188964844
2023-07-26 15:49:13.477330,5336170.0,5336619.0,39.772963826497396,39.7769639078776,41.735909871419274,41.73990995279948
2023-07-26 15:49:13.482315,5336171.0,5336620.0,39.77731188964844,39.78131193033854,41.74025789388021,41.74425797526042
2023-07-26 15:49:13.486301,5336172.0,5336621.0,39.781659912109376,39.785659952799485,41.744605957031254,41.748605997721356
2023-07-26 15:49:13.491284,5336173.0,5336622.0,39.786007934570314,39.790007975260416,41.748953857421874,41.75295385742188
2023-07-26 15:49:13.495270,5336174.0,5336623.0,39.79035595703125,39.794355997721354,41.753301676432294,41.757301717122395
2023-07-26 15:49:13.499426,5336175.0,5336624.0,39.79470397949219,39.79870397949219,41.757649698893225,41.76164973958333
2023-07-26 15:49:13.503705,5336176.0,5336625.0,39.79905167643229,39.8030517578125,41.76199772135417,41.76599776204427
2023-07-26 15:49:13.512286,5336177.0,5336626.0,39.80339969889323,39.807399780273435,41.7663457438151,41.77034582519531
2023-07-26 15:49:13.516499,5336179.0,5336628.0,39.8120957845052,39.81609582519531,41.77504182942708,41.77904187011719
2023-07-26 15:49:13.520766,5336180.0,5336629.0,39.81644380696615,39.82044384765625,41.77938985188802,41.78338989257812
2023-07-26 15:49:13.525127,5336181.0,5336630.0,39.82079182942708,39.82479187011719,41.78373787434896,41.78773791503906
2023-07-26 15:49:13.529460,5336182.0,5336631.0,39.82513985188802,39.82913993326823,41.78808589680989,41.792085937500005
2023-07-26 15:49:13.533740,5336183.0,5336632.0,39.829487874348956,39.83348795572916,41.792433919270835,41.79643400065104
2023-07-26 15:49:13.538083,5336184.0,5336633.0,39.833835937500005,39.83783597819011,41.79678194173177,41.800781982421874
2023-07-26 15:49:13.542465,5336185.0,5336634.0,39.838183959960936,39.842184000651045,41.801129638671874,41.80512972005208
2023-07-26 15:49:13.547857,5336186.0,5336635.0,39.842531982421875,39.846532023111976,41.805477701822916,41.809477742513025
2023-07-26 15:49:13.552217,5336187.0,5336636.0,39.84687976074218,39.85087976074219,41.809825724283854,41.813825764973956
2023-07-26 15:49:13.556489,5336188.0,5336637.0,39.85122770182292,39.85522774251302,41.814173746744785,41.8181737874349
2023-07-26 15:49:13.560726,5336189.0,5336638.0,39.85557572428385,39.85957580566406,41.81852176920573,41.82252180989583
2023-07-26 15:49:13.565268,5336190.0,5336639.0,39.85992374674479,39.863923828125,41.82286979166667,41.826869873046874
2023-07-26 15:49:13.569267,5336191.0,5336640.0,39.86427180989583,39.86827185058594,41.82721781412761,41.83121789550781
2023-07-26 15:49:13.573407,5336192.0,5336641.0,39.86861983235677,39.87261987304688,41.83156587727864,41.83556591796875
2023-07-26 15:49:13.577828,5336193.0,5336642.0,39.87296785481771,39.87696789550781,41.83591389973959,41.83991394042969
2023-07-26 15:49:13.582163,5336194.0,5336643.0,39.87731587727864,39.88131591796875,41.84026192220052,41.84426196289063
2023-07-26 15:49:13.586357,5336195.0,5336644.0,39.881663899739586,39.88566398111979,41.84460994466146,41.848609985351565
2023-07-26 15:49:13.590454,5336196.0,5336645.0,39.886011922200524,39.89001200358073,41.848957763671876,41.852957763671874
2023-07-26 15:49:13.594728,5336197.0,5336646.0,39.890359985351566,39.89436002604167,41.8533056640625,41.85730574544271
2023-07-26 15:49:13.599148,5336198.0,5336647.0,39.894707885742186,39.89870788574219,41.857653686523435,41.86165376790364
2023-07-26 15:49:13.603336,5336199.0,5336648.0,39.899055704752605,39.90305574544271,41.862001749674484,41.866001790364585
2023-07-26 15:49:13.612650,5336200.0,5336649.0,39.90340372721354,39.907403767903645,41.866349772135415,41.870349812825516
2023-07-26 15:49:13.616637,5336202.0,5336651.0,39.91209977213541,39.916099853515625,41.87504581705729,41.87904585774739
2023-07-26 15:49:13.625229,5336203.0,5336652.0,39.91645821126302,39.92045829264323,41.87939383951823,41.88339392089844
2023-07-26 15:49:13.629986,5336205.0,5336654.0,39.92514388020833,39.92914392089844,41.88808992513021,41.89208996582032
2023-07-26 15:49:13.634023,5336206.0,5336655.0,39.92949190266927,39.93349194335937,41.89243794759115,41.89643798828125
2023-07-26 15:49:13.639327,5336207.0,5336656.0,39.933839925130215,39.93783996582032,41.89678588867187,41.90078588867188
2023-07-26 15:49:13.647570,5336208.0,5336657.0,39.938187947591146,39.94218802897135,41.90113366699219,41.90513370768229
2023-07-26 15:49:13.651992,5336210.0,5336659.0,39.946883666992186,39.9508837483724,41.909829711914064,41.91382979329427
2023-07-26 15:49:13.660310,5336211.0,5336660.0,39.95123173014323,39.955231770833336,41.914177734374995,41.918177815755215
2023-07-26 15:49:13.664086,5336213.0,5336662.0,39.959927775065104,39.96392781575521,41.92287381998698,41.926873860677084
2023-07-26 15:49:13.669540,5336214.0,5336663.0,39.96427579752604,39.968275838216144,41.92722184244791,41.93122188313802
2023-07-26 15:49:13.673624,5336215.0,5336664.0,39.96862381998698,39.972623901367186,41.93156986490885,41.93556990559895
2023-07-26 15:49:13.681732,5336216.0,5336665.0,39.97297184244792,39.976971923828124,41.9359178873698,41.93991796875
2023-07-26 15:49:13.686028,5336218.0,5336667.0,39.9816679280599,39.98566796875,41.94461397298177,41.94861401367188
2023-07-26 15:49:13.691415,5336219.0,5336668.0,39.98601595052083,39.99001599121094,41.94896166992188,41.95296171061198
2023-07-26 15:49:13.699655,5336220.0,5336669.0,39.990363972981775,39.99436401367188,41.95330969238281,41.95730973307292
2023-07-26 15:49:13.704140,5336222.0,5336671.0,39.999059692382815,40.00305977376302,41.96200573730469,41.966005777994795
2023-07-26 15:49:13.708163,5336223.0,5336672.0,40.003407714843746,40.00740779622396,41.966353759765624,41.97035384114584
2023-07-26 15:49:13.712613,5336224.0,5336673.0,40.007755777994795,40.0117558186849,41.97070178222656,41.974701863606775
2023-07-26 15:49:13.717091,5336225.0,5336674.0,40.012103800455726,40.016103841145835,41.975049845377605,41.979049886067706
2023-07-26 15:49:13.725719,5336226.0,5336675.0,40.016451822916665,40.02045186360677,41.979397867838536,41.98339790852865
2023-07-26 15:49:13.729234,5336228.0,5336677.0,40.02514786783854,40.02914794921875,41.98809391276042,41.99209395345052
2023-07-26 15:49:13.734347,5336229.0,5336678.0,40.02949589029948,40.033495971679685,41.99244193522136,41.99644201660156
2023-07-26 15:49:13.738680,5336230.0,5336679.0,40.03384395345052,40.03784399414063,41.996789794921874,42.00078979492187
2023-07-26 15:49:13.747371,5336231.0,5336680.0,40.03819197591146,40.04219201660156,42.0011376546224,42.0051377360026
2023-07-26 15:49:13.751504,5336233.0,5336682.0,40.0468876953125,40.0508877360026,42.00983374023437,42.01383378092448
2023-07-26 15:49:13.755521,5336234.0,5336683.0,40.05123571777344,40.05523575846354,42.014181762695316,42.01818180338542
2023-07-26 15:49:13.759958,5336235.0,5336684.0,40.055583740234376,40.05958382161458,42.018529785156254,42.022529825846355
2023-07-26 15:49:13.764281,5336236.0,5336685.0,40.059931762695314,40.063931844075526,42.022877807617185,42.02687788899739
2023-07-26 15:49:13.768709,5336237.0,5336686.0,40.064279825846356,40.06827986653646,42.02722583007812,42.031225911458336
2023-07-26 15:49:13.774198,5336238.0,5336687.0,40.06862784830729,40.072627888997395,42.031573893229165,42.03557393391927
2023-07-26 15:49:13.782307,5336239.0,5336688.0,40.07297587076823,40.076975911458334,42.0359219156901,42.03992195638021
2023-07-26 15:49:13.786784,5336241.0,5336690.0,40.08167191569011,40.085671997070314,42.044617919921876,42.048617919921874
2023-07-26 15:49:13.790855,5336242.0,5336691.0,40.08601997884114,40.09002001953125,42.04896565755209,42.05296569824219
2023-07-26 15:49:13.795168,5336243.0,5336692.0,40.09036800130208,40.09436804199219,42.05331368001302,42.05731376139323
2023-07-26 15:49:13.800181,5336244.0,5336693.0,40.09471569824219,40.09871573893229,42.05766170247396,42.06166178385416
2023-07-26 15:49:13.808457,5336245.0,5336694.0,40.09906372070312,40.10306376139323,42.062009765625,42.06600980631511
2023-07-26 15:49:13.812740,5336247.0,5336696.0,40.107759765625005,40.111759806315106,42.070705810546876,42.07470585123698
2023-07-26 15:49:13.816850,5336248.0,5336697.0,40.11210782877605,40.11610786946615,42.075053833007814,42.079053873697916
2023-07-26 15:49:13.820877,5336249.0,5336698.0,40.116455810546874,40.12045589192709,42.079401855468745,42.08340193684896
2023-07-26 15:49:13.826278,5336250.0,5336699.0,40.120803873697916,40.12480391438802,42.08376029459636,42.087760375976565
2023-07-26 15:49:13.834482,5336251.0,5336700.0,40.125151896158854,40.12915193684896,42.08809794108073,42.092097981770834
2023-07-26 15:49:13.839005,5336253.0,5336702.0,40.13384794108073,40.13784798177083,42.096793701171876,42.100793701171874
2023-07-26 15:49:13.847357,5336254.0,5336703.0,40.13819596354167,40.142196044921874,42.10114168294271,42.10514172363281
2023-07-26 15:49:13.851012,5336256.0,5336705.0,40.14689168294271,40.150891764322914,42.10983772786458,42.11383780924479
2023-07-26 15:49:13.860524,5336257.0,5336706.0,40.15123974609375,40.15523978678385,42.114185750325525,42.11818583170573
2023-07-26 15:49:13.865015,5336259.0,5336708.0,40.15993579101563,40.16393583170573,42.1228818359375,42.1268818766276
2023-07-26 15:49:13.873417,5336260.0,5336709.0,40.164283813476565,40.16828385416667,42.12722985839844,42.13122989908854
2023-07-26 15:49:13.877705,5336262.0,5336711.0,40.172979858398435,40.17697993977865,42.13592590332031,42.139925984700525
2023-07-26 15:49:13.882183,5336263.0,5336712.0,40.17732792154948,40.181327962239585,42.14027392578125,42.14427400716146
2023-07-26 15:49:13.890428,5336264.0,5336713.0,40.181675944010415,40.185675984700524,42.14462182617188,42.148621826171876
2023-07-26 15:49:13.894893,5336266.0,5336715.0,40.19037194824219,40.194371948242186,42.15331770833333,42.157317749023434
2023-07-26 15:49:13.899882,5336267.0,5336716.0,40.1947196858724,40.1987197265625,42.15766573079427,42.16166577148437
2023-07-26 15:49:13.904123,5336268.0,5336717.0,40.19906770833333,40.20306778971354,42.16201375325521,42.16601379394531
2023-07-26 15:49:13.912225,5336269.0,5336718.0,40.20341573079427,40.20741581217448,42.16636177571614,42.17036185709636
2023-07-26 15:49:13.917106,5336271.0,5336720.0,40.21211181640626,40.21611185709636,42.17505786132812,42.17905790201823
2023-07-26 15:49:13.925342,5336272.0,5336721.0,40.21645983886719,40.22045987955729,42.179405883789066,42.18340592447917
2023-07-26 15:49:13.930173,5336274.0,5336723.0,40.225155883789064,40.22915596516928,42.18810192871094,42.192101969401044
2023-07-26 15:49:13.938417,5336275.0,5336724.0,40.22950390625,40.23350398763021,42.192449951171874,42.19644995117188
2023-07-26 15:49:13.942537,5336277.0,5336726.0,40.238199991861975,40.242200032552084,42.20114567057291,42.205156168619794
2023-07-26 15:49:13.947525,5336278.0,5336727.0,40.24254772949219,40.246547729492185,42.205493733723955,42.209493774414064
2023-07-26 15:49:13.956155,5336279.0,5336728.0,40.24690612792969,40.25090616861979,42.20984175618489,42.213841796874995
2023-07-26 15:49:13.960566,5336281.0,5336730.0,40.25559175618489,40.259591837565104,42.21853780110677,42.22253784179687
2023-07-26 15:49:13.969000,5336282.0,5336731.0,40.25993977864584,40.26393986002604,42.22288582356771,42.22688590494791
2023-07-26 15:49:13.973002,5336284.0,5336733.0,40.26863586425781,40.27263590494791,42.23158190917968,42.2355819498698
2023-07-26 15:49:13.982075,5336285.0,5336734.0,40.27298388671875,40.27698392740885,42.23592993164063,42.23992997233073
2023-07-26 15:49:13.991090,5336287.0,5336736.0,40.281679931640625,40.28568001302084,42.24462573242187,42.24862573242187
2023-07-26 15:49:13.999200,5336289.0,5336738.0,40.29037585449218,40.29437585449219,42.25332169596354,42.25732177734375
2023-07-26 15:49:14.004217,5336291.0,5336740.0,40.299071736653644,40.303071777343746,42.26201778157552,42.266017822265624
2023-07-26 15:49:14.012263,5336292.0,5336741.0,40.30341975911458,40.30741979980469,42.26636580403646,42.27036584472656
2023-07-26 15:49:14.016286,5336294.0,5336743.0,40.31211580403646,40.31611588541667,42.27506184895833,42.27906188964844
2023-07-26 15:49:14.025637,5336295.0,5336744.0,40.3164638264974,40.3204639078776,42.279409871419276,42.28340995279948
2023-07-26 15:49:14.033668,5336297.0,5336746.0,40.32515991210938,40.32915995279948,42.28810595703125,42.29210599772136
2023-07-26 15:49:14.039010,5336299.0,5336748.0,40.333855957031254,40.337855997721356,42.296801676432295,42.3008017171224
2023-07-26 15:49:14.047226,5336300.0,5336749.0,40.338203979492185,40.34220397949219,42.30114969889323,42.30514973958333
2023-07-26 15:49:14.051265,5336302.0,5336751.0,40.346899698893225,40.35089978027344,42.3098457438151,42.31384582519531
2023-07-26 15:49:14.060333,5336303.0,5336752.0,40.351247762044274,40.355247802734375,42.31419376627604,42.318193847656254
2023-07-26 15:49:14.064315,5336305.0,5336754.0,40.35994380696615,40.36394384765625,42.32288985188802,42.32688989257812
2023-07-26 15:49:14.073286,5336306.0,5336755.0,40.36429182942708,40.36829187011719,42.32723787434896,42.33123791503906
2023-07-26 15:49:14.082256,5336308.0,5336757.0,40.37298787434896,40.37698795572916,42.335933919270836,42.33993400065104
2023-07-26 15:49:14.086241,5336310.0,5336759.0,40.38168395996094,40.38568400065104,42.344629638671876,42.34862972005208
2023-07-26 15:49:14.095213,5336311.0,5336760.0,40.386031982421876,40.39003202311198,42.34897770182292,42.35297774251302
2023-07-26 15:49:14.099198,5336313.0,5336762.0,40.394727701822916,40.398727742513024,42.35767374674479,42.361673787434896
2023-07-26 15:49:14.108173,5336314.0,5336763.0,40.399075724283854,40.40307580566406,42.36202176920573,42.366021809895834
2023-07-26 15:49:14.112159,5336316.0,5336765.0,40.407771809895834,40.411771850585936,42.3707178141276,42.374717895507814
2023-07-26 15:49:14.121126,5336317.0,5336766.0,40.41211983235677,40.416119873046874,42.375065877278644,42.379065917968745
2023-07-26 15:49:14.130099,5336319.0,5336768.0,40.42081587727864,40.42481591796875,42.38376192220052,42.38776196289062
2023-07-26 15:49:14.138069,5336321.0,5336770.0,40.42951192220052,40.43351200358073,42.39245776367188,42.396457763671876
2023-07-26 15:49:14.143056,5336323.0,5336772.0,40.43820788574219,40.442207885742185,42.401153686523436,42.40515376790364
2023-07-26 15:49:14.152022,5336324.0,5336773.0,40.44255570475261,40.44655574544271,42.405501749674485,42.40950179036459
2023-07-26 15:49:14.156012,5336326.0,5336775.0,40.45125174967448,40.455251790364585,42.414208211263016,42.418208251953125
2023-07-26 15:49:14.164979,5336327.0,5336776.0,40.455599772135415,40.45959985351563,42.41854581705729,42.422545857747394
2023-07-26 15:49:14.172951,5336329.0,5336778.0,40.464295857747395,40.468295898437496,42.42724186197916,42.431241943359375
2023-07-26 15:49:14.181921,5336331.0,5336780.0,40.47299190266927,40.47699194335937,42.43593794759115,42.43993798828125
2023-07-26 15:49:14.185912,5336333.0,5336782.0,40.48168794759115,40.48568802897135,42.44463366699219,42.44863370768229
2023-07-26 15:49:14.194877,5336334.0,5336783.0,40.48603597005208,40.49003601074219,42.44898168945313,42.45298173014323
2023-07-26 15:49:14.199865,5336336.0,5336785.0,40.49473173014323,40.49873177083333,42.457677734375,42.46167781575521
2023-07-26 15:49:14.207834,5336337.0,5336786.0,40.49907975260417,40.50307979329427,42.462025797526046,42.46602583821615
2023-07-26 15:49:14.216804,5336339.0,5336788.0,40.507775797526044,40.511775838216145,42.470721842447915,42.474721883138024
2023-07-26 15:49:14.220795,5336341.0,5336790.0,40.51647184244791,40.520471923828126,42.47941788736979,42.483417968750004
2023-07-26 15:49:14.229760,5336342.0,5336791.0,40.520819905598955,40.52481994628906,42.48376590983073,42.487765991210935
2023-07-26 15:49:14.233752,5336344.0,5336793.0,40.52951595052083,40.53351599121093,42.49246166992188,42.49646171061198
2023-07-26 15:49:14.242722,5336345.0,5336794.0,40.53386397298177,40.53786401367188,42.49680969238281,42.50080973307291
2023-07-26 15:49:14.247705,5336347.0,5336796.0,40.54255969238281,40.54655977376302,42.50550573730469,42.5095057779948
2023-07-26 15:49:14.255673,5336348.0,5336797.0,40.54690771484375,40.55090779622395,42.50985375976562,42.51385384114584
2023-07-26 15:49:14.260662,5336350.0,5336799.0,40.55560380045573,40.55960384114584,42.518549845377606,42.52254988606771
2023-07-26 15:49:14.268830,5336351.0,5336800.0,40.559951822916666,40.563951863606775,42.52289786783854,42.526897908528646
2023-07-26 15:49:14.273214,5336353.0,5336802.0,40.568647867838536,40.572647949218755,42.53159391276042,42.53559395345052
2023-07-26 15:49:14.282412,5336354.0,5336803.0,40.57299589029948,40.576995971679686,42.53594193522135,42.539942016601564
2023-07-26 15:49:14.286444,5336356.0,5336805.0,40.58169197591146,40.58569201660156,42.5446376546224,42.548637736002604
2023-07-26 15:49:14.294868,5336357.0,5336806.0,40.586039916992185,40.59003991699219,42.54898571777344,42.55298575846354
2023-07-26 15:49:14.299236,5336359.0,5336808.0,40.59473571777344,40.59873575846354,42.55768176269532,42.56168180338542
2023-07-26 15:49:14.308372,5336360.0,5336809.0,40.59908374023437,40.60308382161458,42.56202978515625,42.56602982584636
2023-07-26 15:49:14.312194,5336362.0,5336811.0,40.60777982584636,40.61177986653646,42.570725830078125,42.57472591145833
2023-07-26 15:49:14.321533,5336363.0,5336812.0,40.61212784830729,40.61612788899739,42.57507389322917,42.57907393391927
2023-07-26 15:49:14.325666,5336365.0,5336814.0,40.620823893229165,40.62482393391927,42.58376993815104,42.587769978841145
2023-07-26 15:49:14.334435,5336366.0,5336815.0,40.6251719156901,40.629171997070316,42.58811791992188,42.592117919921876
2023-07-26 15:49:14.338979,5336368.0,5336817.0,40.63386800130208,40.637868041992185,42.59681368001302,42.600813761393226
2023-07-26 15:49:14.347585,5336369.0,5336818.0,40.63821569824219,40.64221573893229,42.60116170247396,42.605161783854165
2023-07-26 15:49:14.351620,5336371.0,5336820.0,40.64691174316406,40.65091178385416,42.60985778808593,42.61385782877605
2023-07-26 15:49:14.360597,5336372.0,5336821.0,40.651259765625,40.65525980631511,42.61420581054688,42.61820585123698
2023-07-26 15:49:14.364583,5336374.0,5336823.0,40.659955810546876,40.66395589192708,42.62290185546875,42.62690193684896
2023-07-26 15:49:14.373558,5336375.0,5336824.0,40.66430387369792,40.66830391438802,42.627260294596354,42.63126037597657
2023-07-26 15:49:14.377544,5336377.0,5336826.0,40.67301033528646,40.677010375976565,42.635945963541666,42.639946004231774
2023-07-26 15:49:14.386510,5336378.0,5336827.0,40.67734794108073,40.681347981770834,42.64029370117188,42.644293701171875
2023-07-26 15:49:14.395485,5336380.0,5336829.0,40.68604382324219,40.690043823242185,42.64898970540364,42.65298974609375
2023-07-26 15:49:14.403453,5336382.0,5336831.0,40.69473974609375,40.698739786783854,42.65768575032553,42.66168583170573
2023-07-26 15:49:14.412429,5336384.0,5336833.0,40.70343579101563,40.70743583170573,42.6663818359375,42.6703818766276
2023-07-26 15:49:14.416414,5336386.0,5336835.0,40.7121318359375,40.7161319173177,42.67507788085937,42.67907792154948
2023-07-26 15:49:14.425379,5336387.0,5336836.0,40.716479858398436,40.72047993977864,42.679425903320315,42.68342598470052
2023-07-26 15:49:14.434355,5336389.0,5336838.0,40.72517594401042,40.729175984700525,42.68812182617188,42.69212182617188
2023-07-26 15:49:14.443325,5336391.0,5336840.0,40.73387194824219,40.73787194824219,42.696817708333334,42.700817749023436
2023-07-26 15:49:14.447311,5336393.0,5336842.0,40.74256770833333,40.74656778971354,42.70551375325521,42.70951379394531
2023-07-26 15:49:14.456276,5336394.0,5336843.0,40.74691573079427,40.75091581217448,42.70986177571614,42.713861857096354
2023-07-26 15:49:14.465247,5336396.0,5336845.0,40.75561181640625,40.75961185709636,42.71855786132812,42.722557902018224
2023-07-26 15:49:14.473224,5336398.0,5336847.0,40.76430786132812,40.76830790201823,42.72725390625,42.73125394694011
2023-07-26 15:49:14.482194,5336400.0,5336849.0,40.773003906250004,40.77700398763021,42.735949951171875,42.73994995117187
2023-07-26 15:49:14.491164,5336402.0,5336851.0,40.78169999186198,40.785700032552086,42.744645670572915,42.74865616861979
2023-07-26 15:49:14.499220,5336404.0,5336853.0,40.790406127929685,40.794406168619794,42.753341756184895,42.757341796875
2023-07-26 15:49:14.508190,5336406.0,5336855.0,40.79909175618489,40.8030918375651,42.76203780110677,42.76603784179687
2023-07-26 15:49:14.517160,5336408.0,5336857.0,40.80778784179687,40.81178788248698,42.77073384602865,42.77473392740885
2023-07-26 15:49:14.525133,5336410.0,5336859.0,40.81648388671875,40.82048392740885,42.77942993164063,42.78342997233073
2023-07-26 15:49:14.534103,5336412.0,5336861.0,40.825179931640626,40.82918001302083,42.788125732421875,42.79212573242187
2023-07-26 15:49:14.543073,5336414.0,5336863.0,40.833875854492184,40.83787585449218,42.796821695963544,42.80082177734375
2023-07-26 15:49:14.552044,5336416.0,5336865.0,40.842571736653646,40.84657177734375,42.805517781575524,42.809517822265626
2023-07-26 15:49:14.560017,5336418.0,5336867.0,40.85126778157552,40.855267822265624,42.814213826497394,42.8182138671875
2023-07-26 15:49:14.568986,5336420.0,5336869.0,40.8599638264974,40.863963907877604,42.82290987141928,42.82690995279948
2023-07-26 15:49:14.577956,5336422.0,5336871.0,40.86865991210938,40.87265995279948,42.83160595703125,42.83560599772136
2023-07-26 15:49:14.585930,5336424.0,5336873.0,40.87735595703125,40.88135599772136,42.84030167643229,42.8443017171224
2023-07-26 15:49:14.594899,5336426.0,5336875.0,40.886051676432295,40.8900517578125,42.848997721354166,42.85299776204427
2023-07-26 15:49:14.603869,5336428.0,5336877.0,40.89474776204427,40.89874780273438,42.85769376627604,42.86169384765625
2023-07-26 15:49:14.612906,5336430.0,5336879.0,40.903443806966145,40.90744384765625,42.866389851888016,42.870389892578125
2023-07-26 15:49:14.621508,5336432.0,5336881.0,40.91213985188802,40.916139933268234,42.87508589680989,42.8790859375
2023-07-26 15:49:14.630188,5336434.0,5336883.0,40.9208359375,40.92483597819011,42.88378194173177,42.88778198242187
2023-07-26 15:49:14.638782,5336436.0,5336885.0,40.92953198242187,40.93353202311198,42.89247770182292,42.89647774251302
2023-07-26 15:49:14.647630,5336438.0,5336887.0,40.93822770182292,40.94222774251302,42.90117374674479,42.9051737874349
2023-07-26 15:49:14.656144,5336440.0,5336889.0,40.94692374674479,40.950923828125006,42.90986979166667,42.91386987304688
2023-07-26 15:49:14.664785,5336442.0,5336891.0,40.955619832356774,40.959619873046876,42.918565877278645,42.92256591796875
2023-07-26 15:49:14.672895,5336444.0,5336893.0,40.96431587727864,40.968315917968745,42.92726192220052,42.93126196289062
2023-07-26 15:49:14.682454,5336446.0,5336895.0,40.97301192220052,40.977012003580725,42.93595776367188,42.93995776367188
2023-07-26 15:49:14.690626,5336448.0,5336897.0,40.98170788574219,40.98570788574219,42.94465368652344,42.94865376790364
2023-07-26 15:49:14.699742,5336450.0,5336899.0,40.99040372721354,40.99440376790364,42.95334977213541,42.95734981282552
2023-07-26 15:49:14.707751,5336452.0,5336901.0,40.999099772135416,41.00309985351563,42.962045817057295,42.966045857747396
2023-07-26 15:49:14.716778,5336454.0,5336903.0,41.007795857747396,41.0117958984375,42.970741861979164,42.974741943359376
2023-07-26 15:49:14.725748,5336456.0,5336905.0,41.016491902669266,41.020491943359374,42.979437947591144,42.98343798828125
2023-07-26 15:49:14.734717,5336458.0,5336907.0,41.02518794759115,41.029188028971355,42.988133666992184,42.99213370768229
2023-07-26 15:49:14.742695,5336460.0,5336909.0,41.03388366699219,41.037883748372394,42.99682971191406,43.000829793294265
2023-07-26 15:49:14.751665,5336462.0,5336911.0,41.04257975260416,41.04657979329427,43.00552579752604,43.00952583821615
2023-07-26 15:49:14.760629,5336464.0,5336913.0,41.051275797526046,41.05527583821615,43.01422184244792,43.01822188313802
2023-07-26 15:49:14.768603,5336466.0,5336915.0,41.059971842447915,41.06397192382813,43.02291788736979,43.02691796875
2023-07-26 15:49:14.777573,5336468.0,5336917.0,41.068667928059895,41.072667968750004,43.03161397298177,43.035614013671875
2023-07-26 15:49:14.786543,5336470.0,5336919.0,41.07736397298177,41.08136401367187,43.04030969238281,43.044309733072915
2023-07-26 15:49:14.795513,5336472.0,5336921.0,41.08605969238281,41.09005977376302,43.04900573730469,43.05300577799479
2023-07-26 15:49:14.803486,5336474.0,5336923.0,41.09475577799479,41.0987558186849,43.057701782226566,43.06170186360677
2023-07-26 15:49:14.812456,5336476.0,5336925.0,41.10345186360677,41.10745186360677,43.06639786783854,43.07039790852865
2023-07-26 15:49:14.821426,5336478.0,5336927.0,41.11214786783854,41.11614794921875,43.07509391276042,43.079093953450524
2023-07-26 15:49:14.825413,5336480.0,5336929.0,41.120843953450525,41.124843994140626,43.08378979492188,43.087789794921875
2023-07-26 15:49:14.834382,5336481.0,5336930.0,41.125191975911456,41.129192016601564,43.08813765462239,43.092137736002606
2023-07-26 15:49:14.843352,5336483.0,5336932.0,41.1338876953125,41.137887736002604,43.09683374023437,43.100833780924475
2023-07-26 15:49:14.851326,5336485.0,5336934.0,41.14258374023437,41.146583821614584,43.10552978515625,43.10952982584635
2023-07-26 15:49:14.860296,5336487.0,5336936.0,41.15127982584635,41.15527986653646,43.11422583007813,43.11822591145833
2023-07-26 15:49:14.869267,5336489.0,5336938.0,41.15997587076823,41.16397591145833,43.12292191569011,43.12692195638021
2023-07-26 15:49:14.877240,5336491.0,5336940.0,41.168671915690105,41.17267199707031,43.13161791992188,43.13561791992188
2023-07-26 15:49:14.886209,5336493.0,5336942.0,41.177368001302085,41.18136804199219,43.14031368001302,43.14431376139323
2023-07-26 15:49:14.895184,5336495.0,5336944.0,41.186063720703125,41.190063761393226,43.149009765625,43.153009806315104
2023-07-26 15:49:14.904150,5336497.0,5336946.0,41.194759765625,41.1987598063151,43.15770581054688,43.16170585123698
2023-07-26 15:49:14.912124,5336499.0,5336948.0,41.20345581054688,41.20745589192708,43.16640185546875,43.17040193684896
2023-07-26 15:49:14.921094,5336501.0,5336950.0,41.21215189615886,41.21615193684896,43.17509794108073,43.17909798177084
2023-07-26 15:49:14.930063,5336503.0,5336952.0,41.220847941080734,41.224847981770836,43.18379370117188,43.18779370117188
2023-07-26 15:49:14.939034,5336505.0,5336954.0,41.22954382324219,41.23354382324219,43.192489705403645,43.196489746093754
2023-07-26 15:49:14.947006,5336507.0,5336956.0,41.23823974609375,41.242239786783855,43.20118575032552,43.205185831705734
2023-07-26 15:49:14.955975,5336509.0,5336958.0,41.24693579101563,41.25093583170573,43.209881835937495,43.2138818766276
2023-07-26 15:49:14.964946,5336511.0,5336960.0,41.2556318359375,41.259631917317705,43.21857788085937,43.22257792154947
2023-07-26 15:49:14.973917,5336513.0,5336962.0,41.26432792154947,41.26832796223959,43.22727392578125,43.23127400716146
2023-07-26 15:49:14.981888,5336515.0,5336964.0,41.27302396647136,41.27702400716146,43.2359696858724,43.2399697265625
2023-07-26 15:49:14.990863,5336517.0,5336966.0,41.2817197265625,41.285719726562505,43.24466573079427,43.24866577148437
2023-07-26 15:49:14.999828,5336519.0,5336968.0,41.290415730794265,41.294415812174485,43.253361775716144,43.257361857096356
2023-07-26 15:49:15.007801,5336521.0,5336970.0,41.29911181640625,41.303111857096354,43.262057861328124,43.266057902018225
2023-07-26 15:49:15.016772,5336523.0,5336972.0,41.30780786132812,41.31180790201823,43.27075390625,43.2747539469401
2023-07-26 15:49:15.025742,5336525.0,5336974.0,41.31650390625,41.32050398763021,43.27944995117188,43.283449951171875
2023-07-26 15:49:15.034711,5336527.0,5336976.0,41.32519999186198,41.32920003255208,43.288145670572916,43.29215616861979
2023-07-26 15:49:15.042685,5336529.0,5336978.0,41.33390612792969,41.33790616861979,43.2968417561849,43.300841796875
2023-07-26 15:49:15.051655,5336531.0,5336980.0,41.342591756184895,41.3465918375651,43.30553780110677,43.309537841796875
2023-07-26 15:49:15.060625,5336533.0,5336982.0,41.351287841796875,41.35528788248698,43.31423384602864,43.318233927408855
2023-07-26 15:49:15.068602,5336535.0,5336984.0,41.35998388671875,41.36398392740885,43.32292993164063,43.32692997233073
2023-07-26 15:49:15.077568,5336537.0,5336986.0,41.36867993164063,41.37268001302083,43.33162573242188,43.335625732421875
2023-07-26 15:49:15.086537,5336539.0,5336988.0,41.377375854492186,41.381375854492184,43.34032169596354,43.34432177734375
2023-07-26 15:49:15.095508,5336541.0,5336990.0,41.38607173665365,41.39007177734375,43.34901778157552,43.35301782226563
2023-07-26 15:49:15.103481,5336543.0,5336992.0,41.394767781575524,41.398767822265626,43.357713826497395,43.3617138671875
2023-07-26 15:49:15.112451,5336545.0,5336994.0,41.40346382649739,41.407463907877606,43.36640987141927,43.370409952799484
2023-07-26 15:49:15.121426,5336547.0,5336996.0,41.41215991210938,41.41615995279948,43.37510595703125,43.379105997721354
2023-07-26 15:49:15.130391,5336549.0,5336998.0,41.42085595703125,41.42485599772136,43.38380167643229,43.38780171712239
2023-07-26 15:49:15.138369,5336551.0,5337000.0,41.42955167643229,41.4335517578125,43.39249772135417,43.39649776204427
2023-07-26 15:49:15.147334,5336553.0,5337002.0,41.43824776204427,41.44224780273437,43.401193766276045,43.40519384765625
2023-07-26 15:49:15.156304,5336555.0,5337004.0,41.446943806966146,41.450943847656255,43.40988985188802,43.41388989257812
2023-07-26 15:49:15.164277,5336557.0,5337006.0,41.455639851888016,41.459639933268235,43.418585896809894,43.4225859375
2023-07-26 15:49:15.173247,5336559.0,5337008.0,41.4643359375,41.468335978190105,43.42728194173177,43.43128198242187
2023-07-26 15:49:15.182217,5336561.0,5337010.0,41.47303198242187,41.477032023111974,43.43597770182292,43.43997774251302
2023-07-26 15:49:15.191187,5336563.0,5337012.0,41.48172770182292,41.48572774251302,43.44467374674479,43.4486737874349
2023-07-26 15:49:15.199165,5336565.0,5337014.0,41.49042374674479,41.494423828125,43.45336979166667,43.45736987304688
2023-07-26 15:49:15.208130,5336567.0,5337016.0,41.499119832356776,41.50311987304688,43.46206587727865,43.46606591796875
2023-07-26 15:49:15.217100,5336569.0,5337018.0,41.507815877278645,41.51181591796875,43.47076192220052,43.474761962890625
2023-07-26 15:49:15.226070,5336571.0,5337020.0,41.51651192220052,41.52051200358073,43.479457763671874,43.48345776367188
2023-07-26 15:49:15.234043,5336573.0,5337022.0,41.52520788574219,41.52920788574219,43.48815368652343,43.492153767903645
2023-07-26 15:49:15.243014,5336575.0,5337024.0,41.53390372721354,41.53790376790364,43.49684977213541,43.500849812825514
2023-07-26 15:49:15.251983,5336577.0,5337026.0,41.54259977213541,41.54659985351563,43.50554581705729,43.5095458577474
2023-07-26 15:49:15.259963,5336579.0,5337028.0,41.5512958577474,41.5552958984375,43.514241861979166,43.51824194335937
2023-07-26 15:49:15.268927,5336581.0,5337030.0,41.55999190266927,41.563991943359376,43.522937947591146,43.52693798828125
2023-07-26 15:49:15.277897,5336583.0,5337032.0,41.568687947591144,41.572688028971356,43.531633666992185,43.535633707682294
2023-07-26 15:49:15.286866,5336585.0,5337034.0,41.57738366699219,41.581383748372396,43.54032971191406,43.54432979329427
2023-07-26 15:49:15.294840,5336587.0,5337036.0,41.586079752604164,41.59007979329427,43.54902579752604,43.55302583821614
2023-07-26 15:49:15.303810,5336589.0,5337038.0,41.59477579752604,41.59877583821615,43.55772184244792,43.56172188313802
2023-07-26 15:49:15.312780,5336591.0,5337040.0,41.60347184244792,41.60747192382812,43.566417887369795,43.57041796875
2023-07-26 15:49:15.320753,5336593.0,5337042.0,41.6121679280599,41.61616796875,43.575113972981775,43.57911401367188
2023-07-26 15:49:15.329723,5336595.0,5337044.0,41.62086397298177,41.624864013671875,43.583809692382815,43.587809733072916
2023-07-26 15:49:15.338840,5336597.0,5337046.0,41.62955969238281,41.63355977376302,43.59250573730469,43.59650577799479
2023-07-26 15:49:15.347686,5336599.0,5337048.0,41.63825577799479,41.642255818684895,43.60120178222657,43.60520186360677
2023-07-26 15:49:15.356143,5336601.0,5337050.0,41.64695182291667,41.65095186360677,43.60989786783854,43.61389790852865
2023-07-26 15:49:15.364788,5336603.0,5337052.0,41.65564786783854,41.65964794921875,43.61859391276042,43.622593953450526
2023-07-26 15:49:15.373060,5336605.0,5337054.0,41.664343953450526,41.66834399414063,43.62728979492187,43.63128979492188
2023-07-26 15:49:15.382386,5336607.0,5337056.0,41.67303991699219,41.677039916992186,43.63598571777344,43.639985758463546
2023-07-26 15:49:15.391237,5336609.0,5337058.0,41.681735717773435,41.685735758463544,43.64468176269531,43.64868180338542
2023-07-26 15:49:15.399564,5336611.0,5337060.0,41.69043176269532,41.694431844075524,43.65337780761718,43.657377888997395
2023-07-26 15:49:15.408265,5336613.0,5337062.0,41.69912784830729,41.70312788899739,43.66207389322916,43.666073933919265
2023-07-26 15:49:15.417013,5336615.0,5337064.0,41.70782389322916,41.71182393391927,43.67076993815104,43.67476997884115
2023-07-26 15:49:15.425714,5336617.0,5337066.0,41.716519938151045,41.72052001953125,43.679465657552086,43.68346569824219
2023-07-26 15:49:15.433991,5336619.0,5337068.0,41.72521569824219,41.7292157389323,43.688161702473955,43.69216178385416
2023-07-26 15:49:15.443052,5336621.0,5337070.0,41.73391174316406,41.737911783854166,43.696857788085936,43.700857828776044
2023-07-26 15:49:15.452080,5336623.0,5337072.0,41.742607788085934,41.746607869466146,43.70555383300781,43.709553873697914
2023-07-26 15:49:15.460110,5336625.0,5337074.0,41.751303873697914,41.755303914388016,43.71426029459636,43.71826037597656
2023-07-26 15:49:15.469134,5336627.0,5337076.0,41.76001033528646,41.76401037597657,43.72294596354167,43.72694600423177
2023-07-26 15:49:15.478164,5336629.0,5337078.0,41.76869596354167,41.77269604492187,43.73164168294271,43.73564172363281
2023-07-26 15:49:15.486195,5336631.0,5337080.0,41.77739168294271,41.78139176432291,43.740337727864585,43.74433780924479
2023-07-26 15:49:15.495165,5336633.0,5337082.0,41.78608776855469,41.79008780924479,43.749033813476565,43.75303385416667
2023-07-26 15:49:15.504135,5336635.0,5337084.0,41.79478381347656,41.798783854166665,43.757729858398434,43.76172989908854
2023-07-26 15:49:15.512109,5336637.0,5337086.0,41.80347985839844,41.807479939778645,43.76642590332031,43.77042598470052
2023-07-26 15:49:15.521078,5336639.0,5337088.0,41.81217594401042,41.81617598470052,43.775121826171876,43.77912182617188
2023-07-26 15:49:15.530048,5336641.0,5337090.0,41.820871948242186,41.82487194824219,43.78381770833333,43.78781774902344
2023-07-26 15:49:15.539019,5336643.0,5337092.0,41.829567708333336,41.83356778971354,43.79251375325521,43.796513793945316
2023-07-26 15:49:15.546991,5336645.0,5337094.0,41.838263793945316,41.84226383463542,43.801209798177084,43.80520987955729
2023-07-26 15:49:15.555961,5336647.0,5337096.0,41.846959838867186,41.850959879557294,43.809905883789064,43.81390592447917
2023-07-26 15:49:15.564931,5336649.0,5337098.0,41.85565588378907,41.859655965169274,43.81860192871094,43.82260196940104
2023-07-26 15:49:15.572905,5336651.0,5337100.0,41.86435196940104,41.86835201009115,43.82729764811198,43.831297729492185
2023-07-26 15:49:15.581874,5336653.0,5337102.0,41.873047729492185,41.87704772949219,43.83599373372396,43.83999377441406
2023-07-26 15:49:15.590844,5336655.0,5337104.0,41.88174373372396,41.88574377441406,43.84468977864584,43.84868981933594
2023-07-26 15:49:15.599815,5336657.0,5337106.0,41.890439778645835,41.89443986002604,43.853385823567706,43.85738590494791
2023-07-26 15:49:15.607788,5336659.0,5337108.0,41.89913586425781,41.903135904947916,43.862081909179686,43.866081949869795
2023-07-26 15:49:15.616757,5336661.0,5337110.0,41.907831909179684,41.91183194986979,43.87077795410156,43.874777994791664
2023-07-26 15:49:15.625727,5336663.0,5337112.0,41.91652795410156,41.920528035481766,43.87947367350261,43.88347371419271
2023-07-26 15:49:15.634701,5336665.0,5337114.0,41.92522371419271,41.92922375488281,43.88816971842448,43.89216979980469
2023-07-26 15:49:15.642674,5336667.0,5337116.0,41.93391975911458,41.93791979980469,43.89686580403646,43.90086584472657
2023-07-26 15:49:15.651641,5336669.0,5337118.0,41.942615804036464,41.94661588541667,43.905561848958335,43.90956188964844
2023-07-26 15:49:15.660611,5336671.0,5337120.0,41.95131188964844,41.95531193033854,43.91425789388021,43.91825797526042
2023-07-26 15:49:15.668584,5336673.0,5337122.0,41.960007934570314,41.964007975260415,43.922953857421874,43.92695385742188
2023-07-26 15:49:15.677553,5336675.0,5337124.0,41.96870397949219,41.97270397949219,43.931649698893224,43.93564973958333
2023-07-26 15:49:15.686524,5336677.0,5337126.0,41.97739969889323,41.981399780273435,43.9403457438151,43.944345825195306
2023-07-26 15:49:15.695494,5336679.0,5337128.0,41.9860957845052,41.99009582519531,43.94904182942708,43.95304187011719
2023-07-26 15:49:15.703468,5336681.0,5337130.0,41.994791829427086,41.99879187011719,43.95773787434896,43.96173791503906
2023-07-26 15:49:15.712437,5336683.0,5337132.0,42.003487874348956,42.00748795572917,43.966433919270834,43.97043400065104
2023-07-26 15:49:15.721407,5336685.0,5337134.0,42.012183959960936,42.016184000651045,43.97512963867187,43.979129720052086
2023-07-26 15:49:15.730377,5336687.0,5337136.0,42.02087976074218,42.02487976074219,43.983825724283854,43.987825764973955
2023-07-26 15:49:15.738351,5336689.0,5337138.0,42.02957572428385,42.03357580566406,43.99252176920573,43.99652180989583
2023-07-26 15:49:15.747320,5336691.0,5337140.0,42.03827180989583,42.04227185058594,44.00121781412761,44.00521789550781
2023-07-26 15:49:15.756291,5336693.0,5337142.0,42.04696785481771,42.05096789550781,44.00991389973959,44.01391394042969
2023-07-26 15:49:15.764264,5336695.0,5337144.0,42.055663899739585,42.05966398111979,44.01860994466146,44.022609985351565
2023-07-26 15:49:15.773233,5336697.0,5337146.0,42.064359985351565,42.06836002604167,44.0273056640625,44.03130574544271
2023-07-26 15:49:15.782204,5336699.0,5337148.0,42.073055704752605,42.077055745442706,44.03600174967448,44.040001790364585
2023-07-26 15:49:15.791177,5336701.0,5337150.0,42.08175174967448,42.08575179036458,44.04470821126302,44.04870825195312
2023-07-26 15:49:15.799146,5336703.0,5337152.0,42.09045821126302,42.09445829264323,44.05339383951823,44.05739392089844
2023-07-26 15:49:15.808117,5336705.0,5337154.0,42.09914388020833,42.10314392089844,44.06208992513021,44.06608996582032
2023-07-26 15:49:15.817087,5336707.0,5337156.0,42.107839925130214,42.111839965820316,44.07078588867187,44.074785888671876
2023-07-26 15:49:15.826056,5336709.0,5337158.0,42.116535970052084,42.120536010742185,44.079481689453125,44.08348173014323
2023-07-26 15:49:15.834029,5336711.0,5337160.0,42.12523173014323,42.129231770833336,44.088177734374995,44.092177815755214
2023-07-26 15:49:15.843003,5336713.0,5337162.0,42.13392777506511,42.13792781575521,44.09687381998698,44.10087386067708
2023-07-26 15:49:15.851970,5336715.0,5337164.0,42.14262381998698,42.14662390136719,44.10556986490885,44.10956990559895
2023-07-26 15:49:15.859943,5336717.0,5337166.0,42.15131990559895,42.15531994628906,44.11426590983073,44.11826599121094
2023-07-26 15:49:15.868912,5336719.0,5337168.0,42.16001595052083,42.16401599121094,44.12296166992188,44.12696171061198
2023-07-26 15:49:15.877888,5336721.0,5337170.0,42.16871179199219,42.172711791992185,44.13165771484375,44.13565775553385
2023-07-26 15:49:15.886854,5336723.0,5337172.0,42.177407714843746,42.18140779622396,44.140353759765624,44.144353841145836
2023-07-26 15:49:15.894826,5336725.0,5337174.0,42.186103800455726,42.190103841145834,44.149049845377604,44.153049886067706
2023-07-26 15:49:15.903797,5336727.0,5337176.0,42.1947998453776,42.198799886067704,44.15774589029948,44.16174593098958
2023-07-26 15:49:15.912767,5336729.0,5337178.0,42.20349589029948,42.207495971679684,44.16644193522136,44.17044201660156
2023-07-26 15:49:15.920738,5336731.0,5337180.0,42.21219197591146,42.21619201660156,44.1751376546224,44.1791377360026
2023-07-26 15:49:15.929708,5336733.0,5337182.0,42.2208876953125,42.2248877360026,44.18383374023438,44.18783378092448
2023-07-26 15:49:15.938678,5336735.0,5337184.0,42.229583740234375,42.23358382161458,44.19252978515625,44.196529825846355
2023-07-26 15:49:15.947648,5336737.0,5337186.0,42.238279825846355,42.24227986653646,44.20122583007812,44.205225911458335
2023-07-26 15:49:15.955621,5336739.0,5337188.0,42.24697587076823,42.25097591145833,44.2099219156901,44.21392195638021
2023-07-26 15:49:15.964591,5336741.0,5337190.0,42.25567191569011,42.25967199707031,44.218617919921876,44.22261791992187
2023-07-26 15:49:15.973566,5336743.0,5337192.0,42.26436800130208,42.26836804199219,44.22731368001302,44.23131376139323
2023-07-26 15:49:15.982531,5336745.0,5337194.0,42.27306372070313,42.27706376139323,44.236009765625,44.24000980631511
2023-07-26 15:49:15.990504,5336747.0,5337196.0,42.281759765625004,42.285759806315106,44.244705810546876,44.24870585123698
2023-07-26 15:49:15.999474,5336749.0,5337198.0,42.290455810546874,42.294455891927086,44.253401855468745,44.257401936848964
2023-07-26 15:49:16.008444,5336751.0,5337200.0,42.299151896158854,42.30315193684896,44.26209794108073,44.266097981770834
2023-07-26 15:49:16.017414,5336753.0,5337202.0,42.30784794108073,42.31184798177084,44.270793701171876,44.27479370117187
2023-07-26 15:49:16.025387,5336755.0,5337204.0,42.316543823242185,42.32054382324219,44.27948970540365,44.28348974609375
2023-07-26 15:49:16.034362,5336757.0,5337206.0,42.32523974609375,42.32923978678385,44.288185750325525,44.29218583170573
2023-07-26 15:49:16.043327,5336759.0,5337208.0,42.33393579101563,42.33793583170573,44.2968818359375,44.3008818766276
2023-07-26 15:49:16.051300,5336761.0,5337210.0,42.342631835937496,42.34663191731771,44.305577880859374,44.309577921549476
2023-07-26 15:49:16.060270,5336763.0,5337212.0,42.351327921549476,42.355327962239585,44.31427392578125,44.318274007161456
2023-07-26 15:49:16.069240,5336765.0,5337214.0,42.36002396647135,42.364024007161454,44.3229696858724,44.3269697265625
2023-07-26 15:49:16.078210,5336767.0,5337216.0,42.3687196858724,42.3727197265625,44.33166573079427,44.33566577148437
2023-07-26 15:49:16.086183,5336769.0,5337218.0,42.37741573079427,42.38141581217448,44.34036177571614,44.34436185709636
2023-07-26 15:49:16.095153,5336771.0,5337220.0,42.386111816406256,42.39011185709636,44.34905786132812,44.35305790201823
2023-07-26 15:49:16.104221,5336773.0,5337222.0,42.394807861328125,42.39880790201823,44.357753906250004,44.361753946940105
2023-07-26 15:49:16.112349,5336775.0,5337224.0,42.40350390625,42.40750398763021,44.36644995117187,44.37044995117188
2023-07-26 15:49:16.120937,5336777.0,5337226.0,42.41219999186198,42.416200032552084,44.37514567057291,44.379156168619794
2023-07-26 15:49:16.130438,5336779.0,5337228.0,42.42090612792969,42.42490616861979,44.38384175618489,44.387841796874994
2023-07-26 15:49:16.138855,5336781.0,5337230.0,42.42959175618489,42.4335918375651,44.39253780110677,44.39653784179688
2023-07-26 15:49:16.147524,5336783.0,5337232.0,42.43828784179687,42.44228788248698,44.401233846028646,44.40523392740885
2023-07-26 15:49:16.155841,5336785.0,5337234.0,42.44698388671875,42.450983927408856,44.409929931640626,44.41392997233073
2023-07-26 15:49:16.165050,5336787.0,5337236.0,42.455679931640624,42.45968001302084,44.41862573242187,44.42262573242187
2023-07-26 15:49:16.173571,5336789.0,5337238.0,42.46437585449218,42.46837585449219,44.42732169596354,44.43132177734375
2023-07-26 15:49:16.182145,5336791.0,5337240.0,42.473071736653644,42.477071777343745,44.43601778157552,44.440017822265624
2023-07-26 15:49:16.191202,5336793.0,5337242.0,42.48176778157552,42.48576782226563,44.4447138264974,44.4487138671875
2023-07-26 15:49:16.199267,5336795.0,5337244.0,42.4904638264974,42.4944639078776,44.453409871419275,44.45740995279948
2023-07-26 15:49:16.208250,5336797.0,5337246.0,42.49915991210938,42.50315995279948,44.462105957031255,44.46610599772136
2023-07-26 15:49:16.217224,5336799.0,5337248.0,42.50785595703125,42.511855997721355,44.470801676432295,44.474801717122396
2023-07-26 15:49:16.226190,5336801.0,5337250.0,42.51655167643229,42.5205517578125,44.479497721354164,44.48349776204427
2023-07-26 15:49:16.234164,5336803.0,5337252.0,42.52524776204427,42.529247802734375,44.48819376627604,44.49219384765625
2023-07-26 15:49:16.243134,5336805.0,5337254.0,42.53394380696615,42.53794384765625,44.49688985188802,44.50088989257812
2023-07-26 15:49:16.252104,5336807.0,5337256.0,42.54263985188802,42.54663993326823,44.50558589680989,44.509585937500006
2023-07-26 15:49:16.260077,5336809.0,5337258.0,42.551335937500006,42.55533597819011,44.51428194173177,44.518281982421875
2023-07-26 15:49:16.269047,5336811.0,5337260.0,42.56003202311198,42.56403202311198,44.52297770182292,44.52697774251302
2023-07-26 15:49:16.278015,5336813.0,5337262.0,42.568727701822915,42.572727742513024,44.53167374674479,44.5356737874349
2023-07-26 15:49:16.285988,5336815.0,5337264.0,42.57742374674479,42.581423828125004,44.54036979166667,44.544369873046875
2023-07-26 15:49:16.294958,5336817.0,5337266.0,42.58611983235677,42.59011987304688,44.54906587727864,44.553065917968745
2023-07-26 15:49:16.303928,5336819.0,5337268.0,42.59481587727864,42.59881591796875,44.55776192220052,44.56176196289063
2023-07-26 15:49:16.312898,5336821.0,5337270.0,42.60351192220052,42.60751200358073,44.56645776367188,44.570457763671875
2023-07-26 15:49:16.320872,5336823.0,5337272.0,42.61220788574219,42.616207885742185,44.575153686523436,44.57915376790364
2023-07-26 15:49:16.329841,5336825.0,5337274.0,42.62090372721354,42.624903767903646,44.583849772135416,44.58784981282552
2023-07-26 15:49:16.338812,5336827.0,5337276.0,42.629599772135414,42.633599853515626,44.59254581705729,44.596545857747394
2023-07-26 15:49:16.347781,5336829.0,5337278.0,42.638295857747394,42.642295898437496,44.60124186197917,44.605241943359374
2023-07-26 15:49:16.355757,5336831.0,5337280.0,42.64699190266927,42.65099194335937,44.60993794759115,44.61393798828125
2023-07-26 15:49:16.364726,5336833.0,5337282.0,42.65568794759115,42.65968802897135,44.61863366699219,44.62263370768229
2023-07-26 15:49:16.373696,5336835.0,5337284.0,42.66438366699219,42.66838374837239,44.62732971191406,44.63132979329427
2023-07-26 15:49:16.381670,5336837.0,5337286.0,42.67307975260417,42.67707979329427,44.636025797526045,44.64002583821615
2023-07-26 15:49:16.390640,5336839.0,5337288.0,42.68177579752604,42.685775838216145,44.644721842447915,44.64872188313802
2023-07-26 15:49:16.399609,5336841.0,5337290.0,42.69047184244792,42.694471923828125,44.65341788736979,44.65741796875
2023-07-26 15:49:16.408579,5336843.0,5337292.0,42.6991679280599,42.70316796875,44.66211397298177,44.66611401367187
2023-07-26 15:49:16.416553,5336845.0,5337294.0,42.70786397298177,42.71186401367188,44.67080969238281,44.67480973307292
2023-07-26 15:49:16.425522,5336847.0,5337296.0,42.716559692382816,42.72055977376302,44.67950573730469,44.683505777994796
2023-07-26 15:49:16.434491,5336849.0,5337298.0,42.725255777994796,42.7292558186849,44.688201782226564,44.69220186360677
2023-07-26 15:49:16.443521,5336851.0,5337300.0,42.733951822916666,42.737951863606774,44.69689786783854,44.70089790852865
2023-07-26 15:49:16.451439,5336853.0,5337302.0,42.742647867838535,42.746647949218755,44.70559391276042,44.70959395345052
2023-07-26 15:49:16.460409,5336855.0,5337304.0,42.75134395345052,42.755343994140624,44.714289794921875,44.71828979492187
2023-07-26 15:49:16.469374,5336857.0,5337306.0,42.760039916992184,42.76403991699219,44.72298571777344,44.72698575846354
2023-07-26 15:49:16.477347,5336859.0,5337308.0,42.76873571777344,42.77273575846354,44.73168176269532,44.73568180338542
2023-07-26 15:49:16.486318,5336861.0,5337310.0,42.777431762695315,42.78143184407552,44.740377807617186,44.74437788899739
2023-07-26 15:49:16.495287,5336863.0,5337312.0,42.78612784830729,42.7901278889974,44.749073893229166,44.75307393391927
2023-07-26 15:49:16.504257,5336865.0,5337314.0,42.794823893229164,42.798823933919266,44.75776993815104,44.761769978841144
2023-07-26 15:49:16.512286,5336867.0,5337316.0,42.80351993815104,42.807520019531246,44.76646565755208,44.77046569824219
2023-07-26 15:49:16.521462,5336869.0,5337318.0,42.81221569824219,42.81621573893229,44.77516170247396,44.779161783854164
2023-07-26 15:49:16.529597,5336871.0,5337320.0,42.820911783854164,42.82491178385416,44.78385778808593,44.78785782877605
2023-07-26 15:49:16.538861,5336873.0,5337322.0,42.82960778808594,42.83360786946615,44.79255383300781,44.79655387369792
2023-07-26 15:49:16.547009,5336875.0,5337324.0,42.83830387369792,42.84230391438802,44.80126029459636,44.805260375976566
2023-07-26 15:49:16.556243,5336877.0,5337326.0,42.84701033528646,42.851010375976564,44.809945963541665,44.813946004231774
2023-07-26 15:49:16.565270,5336879.0,5337328.0,42.85569596354167,42.859696044921876,44.818641682942705,44.82264172363281
2023-07-26 15:49:16.573244,5336881.0,5337330.0,42.864391723632814,42.868391764322915,44.82733772786458,44.831337809244786
2023-07-26 15:49:16.582214,5336883.0,5337332.0,42.87308776855468,42.87708780924479,44.83603381347656,44.84003385416667
2023-07-26 15:49:16.591183,5336885.0,5337334.0,42.88178381347656,42.88578385416667,44.84472985839844,44.84872989908854
2023-07-26 15:49:16.600154,5336887.0,5337336.0,42.890479858398436,42.89447993977864,44.853425903320314,44.85742598470052
2023-07-26 15:49:16.608127,5336889.0,5337338.0,42.899175944010416,42.903175984700525,44.86212182617188,44.86612182617188
2023-07-26 15:49:16.617097,5336891.0,5337340.0,42.90787194824219,42.91187194824219,44.870817708333334,44.874817749023435
2023-07-26 15:49:16.626068,5336893.0,5337342.0,42.91656770833333,42.92056778971354,44.87951375325521,44.88351379394531
2023-07-26 15:49:16.634041,5336895.0,5337344.0,42.92526379394531,42.92926383463542,44.88820979817709,44.89220987955729
2023-07-26 15:49:16.643010,5336897.0,5337346.0,42.93395983886719,42.93795987955729,44.89690588378907,44.90090592447917
2023-07-26 15:49:16.651981,5336899.0,5337348.0,42.942655883789065,42.94665596516927,44.905601928710944,44.909601969401045
2023-07-26 15:49:16.659954,5336901.0,5337350.0,42.951351969401045,42.95535201009115,44.91429764811198,44.91829772949219
2023-07-26 15:49:16.668923,5336903.0,5337352.0,42.96004772949219,42.96404772949219,44.922993733723956,44.926993774414065
2023-07-26 15:49:16.677897,5336905.0,5337354.0,42.96874373372396,42.97274377441406,44.93168977864583,44.93568981933594
2023-07-26 15:49:16.686864,5336907.0,5337356.0,42.97743977864584,42.98143986002604,44.94038582356771,44.944385904947914
2023-07-26 15:49:16.694841,5336909.0,5337358.0,42.98613586425781,42.99013590494791,44.94908190917968,44.9530819498698
2023-07-26 15:49:16.703817,5336911.0,5337360.0,42.99483190917969,42.998831949869796,44.95777795410156,44.96177799479167
2023-07-26 15:49:16.712791,5336913.0,5337362.0,43.003527954101564,43.00752803548177,44.966473673502605,44.97047371419271
2023-07-26 15:49:16.721757,5336915.0,5337364.0,43.01222371419271,43.016223754882816,44.975169718424475,44.979169799804694
2023-07-26 15:49:16.729735,5336917.0,5337366.0,43.02091975911458,43.02491979980469,44.98386580403646,44.987865844726564
2023-07-26 15:49:16.738705,5336919.0,5337368.0,43.02961580403646,43.033615885416665,44.99256184895833,44.99656188964843
2023-07-26 15:49:16.747670,5336921.0,5337370.0,43.03831188964843,43.04231193033854,45.00125789388021,45.00525793457031
2023-07-26 15:49:16.755648,5336923.0,5337372.0,43.04700793457031,43.05100797526042,45.00995385742188,45.013953857421875
2023-07-26 15:49:16.764618,5336925.0,5337374.0,43.055703979492186,43.059703979492184,45.01864969889323,45.02264973958333
2023-07-26 15:49:16.773588,5336927.0,5337376.0,43.064399698893226,43.06839978027344,45.027345743815104,45.03134582519531
2023-07-26 15:49:16.782558,5336929.0,5337378.0,43.073095784505206,43.07709582519531,45.036041829427084,45.040041870117186
2023-07-26 15:49:16.790601,5336931.0,5337380.0,43.08179182942708,43.085791870117184,45.04473787434896,45.04873791503906
2023-07-26 15:49:16.799571,5336933.0,5337382.0,43.09048787434896,43.094487955729164,45.05343391927084,45.05743400065104
2023-07-26 15:49:16.808541,5336935.0,5337384.0,43.09918395996094,43.10318400065104,45.06212963867188,45.06612972005208
2023-07-26 15:49:16.816514,5336937.0,5337386.0,43.107879760742186,43.111879760742184,45.07082572428385,45.07482576497396
2023-07-26 15:49:16.825824,5336939.0,5337388.0,43.116575724283855,43.12057580566406,45.07952176920573,45.083521809895835
2023-07-26 15:49:16.834064,5336941.0,5337390.0,43.125271809895835,43.12927185058594,45.0882178141276,45.092217895507815
2023-07-26 15:49:16.843247,5336943.0,5337392.0,43.13396785481771,43.13796789550781,45.09691389973958,45.10091394042969
2023-07-26 15:49:16.851881,5336945.0,5337394.0,43.14266389973959,43.146663981119794,45.10560994466146,45.10960998535156
2023-07-26 15:49:16.860520,5336947.0,5337396.0,43.15135998535156,43.15536002604167,45.1143056640625,45.11830574544271
2023-07-26 15:49:16.868801,5336949.0,5337398.0,43.1600557047526,43.16405574544271,45.12300174967448,45.12700179036459
2023-07-26 15:49:16.877571,5336951.0,5337400.0,43.168751749674485,43.172751790364586,45.13170821126302,45.13570825195312
2023-07-26 15:49:16.886117,5336953.0,5337402.0,43.177458211263016,43.181458292643235,45.140393839518225,45.14439392089844
2023-07-26 15:49:16.894819,5336955.0,5337404.0,43.18614388020833,43.19014392089844,45.14908992513021,45.153089965820314
2023-07-26 15:49:16.903482,5336957.0,5337406.0,43.19483992513021,43.19883996582031,45.157785888671874,45.16178588867187
2023-07-26 15:49:16.912162,5336959.0,5337408.0,43.20353597005208,43.20753601074219,45.16648168945313,45.17048173014323
2023-07-26 15:49:16.921455,5336961.0,5337410.0,43.21223173014323,43.21623177083333,45.175177734375,45.17917781575521
2023-07-26 15:49:16.930076,5336963.0,5337412.0,43.22092777506511,43.22492781575521,45.183873819986985,45.18787386067709
2023-07-26 15:49:16.938771,5336965.0,5337414.0,43.22962381998698,43.23362390136719,45.192569864908855,45.196569905598956
2023-07-26 15:49:16.947464,5336967.0,5337416.0,43.238319905598956,43.24231994628906,45.20126590983073,45.205265991210936
2023-07-26 15:49:16.955712,5336969.0,5337418.0,43.24701595052083,43.251015991210934,45.209961669921874,45.21396171061198
2023-07-26 15:49:16.964375,5336971.0,5337420.0,43.25571179199219,43.25971179199219,45.21865771484375,45.22265775553385
2023-07-26 15:49:16.973093,5336973.0,5337422.0,43.26440771484375,43.268407796223954,45.22735375976562,45.23135384114584
2023-07-26 15:49:16.981768,5336975.0,5337424.0,43.27310380045573,43.27710384114584,45.2360498453776,45.24004988606771
2023-07-26 15:49:16.990468,5336977.0,5337426.0,43.281799845377606,43.28579988606771,45.24474589029948,45.24874593098958
2023-07-26 15:49:16.999144,5336979.0,5337428.0,43.290495890299475,43.29449597167969,45.25344193522135,45.257442016601566
2023-07-26 15:49:17.007839,5336981.0,5337430.0,43.299191975911455,43.303192016601564,45.26213765462239,45.266137736002605
2023-07-26 15:49:17.016866,5336983.0,5337432.0,43.3078876953125,43.3118877360026,45.27083374023437,45.274833780924475
2023-07-26 15:49:17.025209,5336985.0,5337434.0,43.31658374023437,43.32058382161458,45.27952978515625,45.28352982584635
2023-07-26 15:49:17.034472,5336987.0,5337436.0,43.32527982584635,43.32927986653646,45.288225830078126,45.29222591145833
2023-07-26 15:49:17.042575,5336989.0,5337438.0,43.33397587076823,43.33797591145833,45.296921915690106,45.30092195638021
2023-07-26 15:49:17.051289,5336991.0,5337440.0,43.342671915690104,43.34667199707032,45.30561791992188,45.30961791992188
2023-07-26 15:49:17.060511,5336993.0,5337442.0,43.351368001302085,43.355368041992186,45.31431368001302,45.31831376139323
2023-07-26 15:49:17.068725,5336995.0,5337444.0,43.360063720703124,43.364063761393226,45.323009765625,45.327009806315104
2023-07-26 15:49:17.077902,5336997.0,5337446.0,43.368759765625,43.37275980631511,45.33170581054688,45.33570585123698
2023-07-26 15:49:17.086138,5336999.0,5337448.0,43.37745581054688,43.38145589192708,45.34040185546875,45.34440193684896
2023-07-26 15:49:17.095356,5337001.0,5337450.0,43.38615189615886,43.39015193684896,45.34909794108073,45.35309798177084
2023-07-26 15:49:17.103500,5337003.0,5337452.0,43.394847941080734,43.398847981770835,45.35779370117188,45.36179370117188
2023-07-26 15:49:17.112681,5337005.0,5337454.0,43.40354382324219,43.407543823242186,45.366489705403644,45.37048974609375
2023-07-26 15:49:17.121369,5337007.0,5337456.0,43.41223974609375,43.416239786783855,45.37518575032552,45.37918583170573
2023-07-26 15:49:17.129805,5337009.0,5337458.0,43.42093579101563,43.42493583170573,45.3838818359375,45.3878818766276
2023-07-26 15:49:17.138961,5337011.0,5337460.0,43.4296318359375,43.433631917317705,45.39257788085937,45.39657792154948
2023-07-26 15:49:17.146978,5337013.0,5337462.0,43.43832792154947,43.44232796223959,45.40127392578125,45.40527400716146
2023-07-26 15:49:17.156146,5337015.0,5337464.0,43.447023966471356,43.45102400716146,45.4099696858724,45.4139697265625
2023-07-26 15:49:17.165233,5337017.0,5337466.0,43.455719685872396,43.459719726562504,45.41866573079427,45.42266577148437
2023-07-26 15:49:17.173284,5337019.0,5337468.0,43.464415730794265,43.468415812174484,45.42736177571614,45.431361857096356
2023-07-26 15:49:17.182307,5337021.0,5337470.0,43.47311181640625,43.477111857096354,45.43605786132812,45.440057902018225
2023-07-26 15:49:17.190993,5337023.0,5337472.0,43.48180786132812,43.48580790201823,45.44475390625,45.4487539469401
2023-07-26 15:49:17.199351,5337025.0,5337474.0,43.49050390625,43.49450398763021,45.453449951171876,45.457449951171874
2023-07-26 15:49:17.208444,5337027.0,5337476.0,43.49919999186198,43.50320003255208,45.462145670572916,45.46615616861979
2023-07-26 15:49:17.216495,5337029.0,5337478.0,43.50790612792969,43.511906168619795,45.470841756184896,45.474841796875
2023-07-26 15:49:17.225536,5337031.0,5337480.0,43.516591756184894,43.5205918375651,45.47953780110677,45.483537841796874
2023-07-26 15:49:17.234602,5337033.0,5337482.0,43.525287841796874,43.529287882486976,45.48823384602864,45.492233927408854
2023-07-26 15:49:17.243570,5337035.0,5337484.0,43.53398388671875,43.53798392740885,45.49692993164063,45.50092997233073
2023-07-26 15:49:17.251545,5337037.0,5337486.0,43.54267993164063,43.54668001302083,45.505625732421876,45.509625732421874
2023-07-26 15:49:17.260515,5337039.0,5337488.0,43.551375854492186,43.55537585449218,45.51432169596354,45.51832177734375
2023-07-26 15:49:17.269485,5337041.0,5337490.0,43.56007173665365,43.56407177734375,45.523017781575525,45.52701782226563
2023-07-26 15:49:17.277458,5337043.0,5337492.0,43.568767781575524,43.572767822265625,45.531713826497395,45.5357138671875
2023-07-26 15:49:17.286427,5337045.0,5337494.0,43.5774638264974,43.581463907877605,45.54040987141927,45.544409952799484
2023-07-26 15:49:17.295398,5337047.0,5337496.0,43.58615991210938,43.59015995279948,45.54910595703125,45.55310599772135
2023-07-26 15:49:17.304367,5337049.0,5337498.0,43.59485595703125,43.59885599772136,45.55780167643229,45.5618017171224
2023-07-26 15:49:17.312342,5337051.0,5337500.0,43.60355167643229,43.6075517578125,45.56649772135417,45.57049776204427
2023-07-26 15:49:17.321311,5337053.0,5337502.0,43.61224776204427,43.61624780273437,45.575193766276044,45.57919384765625
2023-07-26 15:49:17.330285,5337055.0,5337504.0,43.620943806966146,43.624943847656255,45.58388985188802,45.58788989257812
2023-07-26 15:49:17.338255,5337057.0,5337506.0,43.629639851888015,43.633639933268235,45.592585896809894,45.5965859375
2023-07-26 15:49:17.347223,5337059.0,5337508.0,43.6383359375,43.642335978190104,45.60128194173177,45.60528198242187
2023-07-26 15:49:17.356194,5337061.0,5337510.0,43.64703198242187,43.65103202311198,45.60997770182292,45.61397774251302
2023-07-26 15:49:17.365167,5337063.0,5337512.0,43.65572770182292,43.65972774251302,45.61867374674479,45.6226737874349
2023-07-26 15:49:17.373142,5337065.0,5337514.0,43.66442374674479,43.668423828125,45.627369791666666,45.63136987304688
2023-07-26 15:49:17.382108,5337067.0,5337516.0,43.673119832356775,43.67711987304688,45.63606587727865,45.64006591796875
2023-07-26 15:49:17.391078,5337069.0,5337518.0,43.681815877278645,43.685815917968746,45.64476192220052,45.648761962890624
2023-07-26 15:49:17.400048,5337071.0,5337520.0,43.69051192220052,43.694512003580726,45.653457763671874,45.65745776367188
2023-07-26 15:49:17.408024,5337073.0,5337522.0,43.69920788574219,43.70320788574219,45.66215368652344,45.666153767903644
2023-07-26 15:49:17.416991,5337075.0,5337524.0,43.70790372721354,43.71190376790364,45.67084977213541,45.67484981282552
2023-07-26 15:49:17.425961,5337077.0,5337526.0,43.71659977213542,43.72059985351563,45.67954581705729,45.6835458577474
2023-07-26 15:49:17.433938,5337079.0,5337528.0,43.7252958577474,43.7292958984375,45.688241861979165,45.69224194335937
2023-07-26 15:49:17.442902,5337081.0,5337530.0,43.73399190266927,43.737991943359376,45.696937947591145,45.700937988281254
2023-07-26 15:49:17.451872,5337083.0,5337532.0,43.74268794759114,43.746688028971356,45.705633666992185,45.70963370768229
2023-07-26 15:49:17.460847,5337085.0,5337534.0,43.75138366699219,43.755383748372395,45.71432971191406,45.71832979329427
2023-07-26 15:49:17.468816,5337087.0,5337536.0,43.76007975260416,43.76407979329427,45.72302579752604,45.72702583821614
2023-07-26 15:49:17.477785,5337089.0,5337538.0,43.76877579752604,43.77277583821615,45.73172184244792,45.73572188313802
2023-07-26 15:49:17.486755,5337091.0,5337540.0,43.777471842447916,43.78147192382812,45.740417887369794,45.74441796875
2023-07-26 15:49:17.495339,5337093.0,5337542.0,43.786167928059896,43.790167968750005,45.749113972981775,45.753114013671876
2023-07-26 15:49:17.504136,5337095.0,5337544.0,43.79486397298177,43.798864013671874,45.757809692382814,45.761809733072916
2023-07-26 15:49:17.512338,5337097.0,5337546.0,43.80355969238281,43.80755977376302,45.76650573730469,45.77050577799479
2023-07-26 15:49:17.521529,5337099.0,5337548.0,43.81225577799479,43.816255818684894,45.77520178222657,45.77920186360677
2023-07-26 15:49:17.529964,5337101.0,5337550.0,43.82095182291667,43.82495186360677,45.78389786783854,45.78789790852865
2023-07-26 15:49:17.538459,5337103.0,5337552.0,43.82964786783854,43.83364794921875,45.79259391276042,45.796593953450525
2023-07-26 15:49:17.547485,5337105.0,5337554.0,43.838343953450526,43.84234399414063,45.80128979492188,45.805289794921876
2023-07-26 15:49:17.556287,5337107.0,5337556.0,43.84703991699219,43.851039916992185,45.809985717773436,45.813985758463545
2023-07-26 15:49:17.564717,5337109.0,5337558.0,43.85573571777344,43.85973575846354,45.81868176269531,45.82268180338542
2023-07-26 15:49:17.573923,5337111.0,5337560.0,43.86443176269532,43.86843184407552,45.82737780761719,45.831377888997395
2023-07-26 15:49:17.582531,5337113.0,5337562.0,43.87312784830729,43.87712788899739,45.83607389322916,45.84007393391927
2023-07-26 15:49:17.590643,5337115.0,5337564.0,43.88182389322916,43.88582393391927,45.84476993815104,45.84876997884115
2023-07-26 15:49:17.599938,5337117.0,5337566.0,43.890519938151044,43.89452001953125,45.853465657552086,45.85746569824219
2023-07-26 15:49:17.607991,5337119.0,5337568.0,43.89921569824219,43.903215738932296,45.862161702473955,45.86616178385416
2023-07-26 15:49:17.617432,5337121.0,5337570.0,43.90791174316406,43.911911783854165,45.870857788085935,45.874857828776044
2023-07-26 15:49:17.625498,5337123.0,5337572.0,43.91660778808593,43.920607869466146,45.87955383300781,45.88355387369791
2023-07-26 15:49:17.634080,5337125.0,5337574.0,43.925303873697914,43.92930391438802,45.88826029459636,45.89226037597656
2023-07-26 15:49:17.642750,5337127.0,5337576.0,43.93401033528646,43.93801037597657,45.89694596354167,45.90094600423177
2023-07-26 15:49:17.651972,5337129.0,5337578.0,43.94269596354167,43.94669604492187,45.90564168294271,45.90964172363281
2023-07-26 15:49:17.660109,5337131.0,5337580.0,43.951391682942706,43.95539176432291,45.914337727864584,45.91833780924479
2023-07-26 15:49:17.668865,5337133.0,5337582.0,43.960087768554686,43.96408780924479,45.923033813476565,45.927033854166666
2023-07-26 15:49:17.677590,5337135.0,5337584.0,43.96878381347656,43.972783854166664,45.931729858398434,45.93572989908854
2023-07-26 15:49:17.686674,5337137.0,5337586.0,43.97747985839844,43.981479939778644,45.94042590332032,45.94442598470052
2023-07-26 15:49:17.694879,5337139.0,5337588.0,43.98617594401042,43.99017598470052,45.949121826171876,45.95312182617188
2023-07-26 15:49:17.704120,5337141.0,5337590.0,43.99487194824219,43.99887194824219,45.95781770833333,45.96181774902344
2023-07-26 15:49:17.712711,5337143.0,5337592.0,44.003567708333335,44.00756778971354,45.966513753255214,45.970513793945315
2023-07-26 15:49:17.721435,5337145.0,5337594.0,44.012263793945316,44.01626383463542,45.97520979817708,45.979209879557295
2023-07-26 15:49:17.730128,5337147.0,5337596.0,44.020959838867185,44.024959879557294,45.98390588378906,45.98790592447917
2023-07-26 15:49:17.743578,5337149.0,5337598.0,44.02965588378907,44.033655965169274,45.99260192871094,45.99660196940104
2023-07-26 15:49:17.751385,5337152.0,5337601.0,44.04269999186198,44.04670003255208,46.00564567057292,46.00965616861979
2023-07-26 15:49:17.760597,5337154.0,5337603.0,44.05140612792969,44.05540616861979,46.01434175618489,46.018341796875
2023-07-26 15:49:17.769233,5337156.0,5337605.0,44.060091756184896,44.0640918375651,46.023037801106774,46.027037841796876
2023-07-26 15:49:17.777477,5337158.0,5337607.0,44.068787841796876,44.07278788248698,46.031733846028644,46.035733927408856
2023-07-26 15:49:17.786665,5337160.0,5337609.0,44.07748388671875,44.081483927408854,46.040429931640624,46.04442997233073
2023-07-26 15:49:17.794887,5337162.0,5337611.0,44.08617993164063,44.090180013020834,46.04912573242187,46.053125732421876
2023-07-26 15:49:17.803993,5337164.0,5337613.0,44.09487585449219,44.098875854492185,46.05782169596354,46.06182177734375
2023-07-26 15:49:17.812304,5337166.0,5337615.0,44.10357173665364,44.10757177734375,46.06651778157552,46.07051782226563
2023-07-26 15:49:17.821440,5337168.0,5337617.0,44.112267781575525,44.11626782226563,46.0752138264974,46.0792138671875
2023-07-26 15:49:17.829643,5337170.0,5337619.0,44.120963826497395,44.12496390787761,46.08390987141927,46.08790995279948
2023-07-26 15:49:17.838800,5337172.0,5337621.0,44.129659912109375,44.13365995279948,46.09260595703125,46.096605997721355
2023-07-26 15:49:17.847105,5337174.0,5337623.0,44.13835595703125,44.14235599772135,46.10130167643229,46.105301717122394
2023-07-26 15:49:17.856279,5337176.0,5337625.0,44.14705167643229,44.1510517578125,46.10999772135417,46.11399776204427
2023-07-26 15:49:17.864509,5337178.0,5337627.0,44.15574776204427,44.15974780273437,46.118693766276046,46.12269384765625
2023-07-26 15:49:17.873587,5337180.0,5337629.0,44.16444380696615,44.16844384765625,46.12738985188802,46.13138989257812
2023-07-26 15:49:17.882378,5337182.0,5337631.0,44.17313985188802,44.17713993326823,46.136085896809895,46.140085937500004
2023-07-26 15:49:17.890600,5337184.0,5337633.0,44.181835937500004,44.185835978190106,46.14478194173177,46.14878198242187
2023-07-26 15:49:17.899782,5337186.0,5337635.0,44.190531982421874,44.194532023111975,46.153477701822915,46.157477742513024
2023-07-26 15:49:17.907976,5337188.0,5337637.0,44.19922770182292,44.20322774251302,46.16217374674479,46.1661737874349
2023-07-26 15:49:17.917152,5337190.0,5337639.0,44.20792374674479,44.211923828125,46.17086979166667,46.17486987304688
2023-07-26 15:49:17.925368,5337192.0,5337641.0,44.21661983235678,44.22061987304688,46.17956587727864,46.18356591796875
2023-07-26 15:49:17.934413,5337194.0,5337643.0,44.225315877278646,44.22931591796875,46.18826192220052,46.192261962890626
2023-07-26 15:49:17.943164,5337196.0,5337645.0,44.23401192220052,44.23801200358073,46.196957763671875,46.20095776367188
2023-07-26 15:49:17.951517,5337198.0,5337647.0,44.242707885742185,44.24670788574219,46.20565368652343,46.209653767903646
2023-07-26 15:49:17.960098,5337200.0,5337649.0,44.25140372721354,44.255403767903644,46.214349772135414,46.218349812825515
2023-07-26 15:49:17.969351,5337202.0,5337651.0,44.26009977213541,44.26409985351563,46.22304581705729,46.22704585774739
2023-07-26 15:49:17.977571,5337204.0,5337653.0,44.26879585774739,44.2727958984375,46.23174186197917,46.23574194335937
2023-07-26 15:49:17.986823,5337206.0,5337655.0,44.27749190266927,44.28149194335937,46.24043794759115,46.24443798828125
2023-07-26 15:49:17.995083,5337208.0,5337657.0,44.286187947591145,44.29018802897136,46.249133666992186,46.25313370768229
2023-07-26 15:49:18.004080,5337210.0,5337659.0,44.294883666992185,44.2988837483724,46.25782971191406,46.26182979329427
2023-07-26 15:49:18.012311,5337212.0,5337661.0,44.303579752604165,44.307579793294266,46.26652579752604,46.270525838216145
2023-07-26 15:49:18.020957,5337214.0,5337663.0,44.31227579752604,44.31627583821614,46.27522184244792,46.27922188313802
2023-07-26 15:49:18.030130,5337216.0,5337665.0,44.32097184244792,44.32497192382812,46.283917887369796,46.28791796875
2023-07-26 15:49:18.038886,5337218.0,5337667.0,44.3296679280599,44.33366796875,46.29261397298177,46.29661401367188
2023-07-26 15:49:18.047541,5337220.0,5337669.0,44.338363972981774,44.342364013671876,46.301309692382816,46.30530973307292
2023-07-26 15:49:18.055787,5337222.0,5337671.0,44.347059692382814,44.35105977376302,46.31000573730469,46.314005777994794
2023-07-26 15:49:18.064432,5337224.0,5337673.0,44.355755777994794,44.359755818684896,46.31870178222656,46.322701863606774
2023-07-26 15:49:18.073761,5337226.0,5337675.0,44.36445182291667,44.36845186360677,46.32739786783854,46.33139790852865
2023-07-26 15:49:18.082371,5337228.0,5337677.0,44.37314786783854,44.37714794921875,46.33609391276042,46.34009395345053
2023-07-26 15:49:18.090591,5337230.0,5337679.0,44.38184395345052,44.38584399414063,46.34478979492187,46.34878979492188
2023-07-26 15:49:18.099269,5337232.0,5337681.0,44.39053991699219,44.39453991699219,46.35348571777344,46.35748575846354
2023-07-26 15:49:18.107917,5337234.0,5337683.0,44.399235717773436,44.403235758463545,46.362181762695315,46.366181803385416
2023-07-26 15:49:18.117102,5337236.0,5337685.0,44.40793176269531,44.411931844075525,46.370877807617184,46.374877888997396
2023-07-26 15:49:18.125508,5337238.0,5337687.0,44.41662784830729,44.420627888997394,46.379573893229164,46.383573933919266
2023-07-26 15:49:18.134587,5337240.0,5337689.0,44.42532389322916,44.42932393391927,46.38826993815104,46.39226997884114
2023-07-26 15:49:18.143064,5337242.0,5337691.0,44.43401993815104,44.43802001953125,46.39696565755209,46.40096569824219
2023-07-26 15:49:18.151474,5337244.0,5337693.0,44.44271569824219,44.44671573893229,46.40566170247396,46.40966178385416
2023-07-26 15:49:18.160601,5337246.0,5337695.0,44.45141174316406,44.45541178385416,46.41435778808594,46.418357828776045
2023-07-26 15:49:18.169270,5337248.0,5337697.0,44.460107788085935,44.46410786946615,46.42305383300781,46.427053873697915
2023-07-26 15:49:18.178365,5337250.0,5337699.0,44.468803873697915,44.47280391438802,46.43176029459636,46.435760375976564
2023-07-26 15:49:18.186674,5337252.0,5337701.0,44.47751033528646,44.48151037597656,46.44044596354167,46.44444600423177
2023-07-26 15:49:18.195763,5337254.0,5337703.0,44.48619596354167,44.49019604492187,46.44914168294271,46.45314172363281
2023-07-26 15:49:18.204119,5337256.0,5337705.0,44.49489168294271,44.49889176432291,46.45783772786458,46.46183780924479
2023-07-26 15:49:18.212374,5337258.0,5337707.0,44.50358776855469,44.50758780924479,46.466533813476566,46.47053385416667
2023-07-26 15:49:18.221568,5337260.0,5337709.0,44.512283813476564,44.516283854166666,46.475229858398436,46.479229899088544
2023-07-26 15:49:18.230243,5337262.0,5337711.0,44.520979858398434,44.524979939778646,46.48392590332031,46.487925984700524
2023-07-26 15:49:18.238935,5337264.0,5337713.0,44.52967594401042,44.53367598470052,46.49262182617188,46.496621826171875
2023-07-26 15:49:18.247640,5337266.0,5337715.0,44.53837194824219,44.54237194824219,46.50131770833333,46.50531774902343
2023-07-26 15:49:18.256348,5337268.0,5337717.0,44.54706770833333,44.55106778971354,46.51001375325521,46.51401379394532
2023-07-26 15:49:18.264715,5337270.0,5337719.0,44.55576379394532,44.55976383463542,46.518709798177085,46.52270987955729
2023-07-26 15:49:18.273256,5337272.0,5337721.0,44.56445983886719,44.568459879557295,46.527405883789065,46.53140592447917
2023-07-26 15:49:18.282428,5337274.0,5337723.0,44.57315588378906,44.577155965169275,46.53610192871094,46.54010196940104
2023-07-26 15:49:18.291105,5337276.0,5337725.0,44.58185196940104,44.585852010091145,46.54479764811198,46.548797729492186
2023-07-26 15:49:18.299350,5337278.0,5337727.0,44.59054772949219,44.594547729492184,46.55349373372396,46.55749377441406
2023-07-26 15:49:18.308022,5337280.0,5337729.0,44.59924373372396,44.60324377441406,46.56218977864584,46.56618981933594
2023-07-26 15:49:18.316637,5337282.0,5337731.0,44.607939778645836,44.61193986002604,46.57088582356771,46.57488590494791
2023-07-26 15:49:18.325829,5337284.0,5337733.0,44.61663586425781,44.62063590494791,46.57958190917969,46.583581949869796
2023-07-26 15:49:18.334110,5337286.0,5337735.0,44.625331909179685,44.629331949869794,46.588277954101564,46.592277994791665
2023-07-26 15:49:18.342765,5337288.0,5337737.0,44.63402795410156,44.63802803548177,46.5969736735026,46.60097371419271
2023-07-26 15:49:18.351783,5337290.0,5337739.0,44.64272371419271,44.646723754882814,46.60566971842448,46.60966979980469
2023-07-26 15:49:18.360985,5337292.0,5337741.0,44.65141975911458,44.65541979980469,46.61436580403646,46.61836584472657
2023-07-26 15:49:18.369516,5337294.0,5337743.0,44.66011580403646,44.66411588541667,46.62306184895833,46.62706188964844
2023-07-26 15:49:18.377914,5337296.0,5337745.0,44.66881188964844,44.67281193033854,46.631757893880206,46.63575797526042
2023-07-26 15:49:18.386369,5337298.0,5337747.0,44.677507934570315,44.681507975260416,46.640453857421875,46.64445385742187
2023-07-26 15:49:18.395614,5337300.0,5337749.0,44.686203979492184,44.69020397949219,46.649149698893225,46.653149739583334
2023-07-26 15:49:18.404261,5337302.0,5337751.0,44.69489969889323,44.698899780273436,46.6578457438151,46.66184582519531
2023-07-26 15:49:18.412862,5337304.0,5337753.0,44.703595784505204,44.70759582519531,46.66654182942708,46.670541870117184
2023-07-26 15:49:18.421434,5337306.0,5337755.0,44.71229182942708,44.71629187011719,46.67523787434896,46.67923791503906
2023-07-26 15:49:18.429784,5337308.0,5337757.0,44.72098787434896,44.72498795572916,46.683933919270835,46.68793400065104
2023-07-26 15:49:18.438924,5337310.0,5337759.0,44.72968395996094,44.733684000651046,46.692629638671875,46.69662972005208
2023-07-26 15:49:18.447175,5337312.0,5337761.0,44.738379760742184,44.74237976074219,46.701325724283855,46.705325764973956
2023-07-26 15:49:18.455744,5337314.0,5337763.0,44.74707572428385,44.75107580566406,46.71002176920573,46.71402180989583
2023-07-26 15:49:18.465161,5337316.0,5337765.0,44.75577180989583,44.759771850585935,46.71871781412761,46.72271789550781
2023-07-26 15:49:18.473317,5337318.0,5337767.0,44.76446785481771,44.76846789550781,46.72741389973959,46.73141394042969
2023-07-26 15:49:18.482736,5337320.0,5337769.0,44.773163899739586,44.77716398111979,46.73610994466146,46.740109985351566
2023-07-26 15:49:18.491075,5337322.0,5337771.0,44.781859985351566,44.78586002604167,46.744805664062504,46.74880574544271
2023-07-26 15:49:18.499318,5337324.0,5337773.0,44.790555704752606,44.79455574544271,46.753501749674484,46.757501790364586
2023-07-26 15:49:18.507973,5337326.0,5337775.0,44.79925174967448,44.803251790364584,46.762208211263015,46.766208251953124
2023-07-26 15:49:18.517400,5337328.0,5337777.0,44.80795821126302,44.81195829264323,46.77089383951822,46.77489392089844
2023-07-26 15:49:18.525686,5337330.0,5337779.0,44.81664388020833,44.82064392089844,46.77958992513021,46.78358996582031
2023-07-26 15:49:18.533983,5337332.0,5337781.0,44.82533992513021,44.82933996582032,46.78828588867187,46.79228588867188
2023-07-26 15:49:18.543214,5337334.0,5337783.0,44.834035970052085,44.83803601074219,46.796981689453126,46.80098173014323
2023-07-26 15:49:18.551574,5337336.0,5337785.0,44.84273173014323,44.84673177083334,46.805677734374996,46.80967781575521
2023-07-26 15:49:18.560183,5337338.0,5337787.0,44.851427775065105,44.85542781575521,46.81437381998698,46.818373860677085
2023-07-26 15:49:18.568815,5337340.0,5337789.0,44.86012381998698,44.864123901367186,46.82306986490885,46.827069905598954
2023-07-26 15:49:18.577998,5337342.0,5337791.0,44.868819905598954,44.87281994628906,46.83176590983073,46.835765991210934
2023-07-26 15:49:18.586247,5337344.0,5337793.0,44.87751595052083,44.88151599121094,46.84046166992188,46.84446171061198
2023-07-26 15:49:18.594907,5337346.0,5337795.0,44.88621179199219,44.890211791992186,46.84915771484375,46.85315775553385
2023-07-26 15:49:18.603924,5337348.0,5337797.0,44.89490771484375,44.89890779622395,46.857853759765625,46.86185384114584
2023-07-26 15:49:18.612267,5337350.0,5337799.0,44.90360380045573,44.907603841145836,46.866549845377605,46.87054988606771
2023-07-26 15:49:18.621471,5337352.0,5337801.0,44.9122998453776,44.916299886067705,46.875245890299475,46.87924593098958
2023-07-26 15:49:18.629675,5337354.0,5337803.0,44.92099589029948,44.924995971679685,46.88394193522136,46.88794201660156
2023-07-26 15:49:18.638885,5337356.0,5337805.0,44.92969197591146,44.93369201660156,46.8926376546224,46.8966377360026
2023-07-26 15:49:18.647314,5337358.0,5337807.0,44.9383876953125,44.9423877360026,46.90133374023437,46.90533378092448
2023-07-26 15:49:18.656305,5337360.0,5337809.0,44.947083740234376,44.95108382161458,46.91002978515625,46.914029825846356
2023-07-26 15:49:18.664624,5337362.0,5337811.0,44.955779825846356,44.95977986653646,46.918725830078124,46.92272591145833
2023-07-26 15:49:18.673167,5337364.0,5337813.0,44.964475870768226,44.968475911458334,46.927421915690104,46.93142195638021
2023-07-26 15:49:18.682464,5337366.0,5337815.0,44.97317191569011,44.977171997070315,46.93611791992188,46.940117919921875
2023-07-26 15:49:18.690954,5337368.0,5337817.0,44.98186800130208,44.98586804199219,46.94481368001302,46.948813761393225
2023-07-26 15:49:18.700186,5337370.0,5337819.0,44.99056372070312,44.99456376139323,46.953509765625,46.95750980631511
2023-07-26 15:49:18.708337,5337372.0,5337821.0,44.999259765625006,45.00325980631511,46.96220581054688,46.96620585123698
2023-07-26 15:49:18.717388,5337374.0,5337823.0,45.007955810546875,45.01195589192709,46.970901855468746,46.97490193684896
2023-07-26 15:49:18.725413,5337376.0,5337825.0,45.016651896158855,45.020651936848964,46.97959794108073,46.983597981770835
2023-07-26 15:49:18.734605,5337378.0,5337827.0,45.02534794108073,45.02934798177083,46.98829370117188,46.992293701171874
2023-07-26 15:49:18.743022,5337380.0,5337829.0,45.034043823242186,45.038043823242184,46.99698970540365,47.00098974609375
2023-07-26 15:49:18.752328,5337382.0,5337831.0,45.04273974609375,45.04673978678385,47.005685750325526,47.00968583170573
2023-07-26 15:49:18.761121,5337384.0,5337833.0,45.05143579101563,45.05543583170573,47.0143818359375,47.0183818766276
2023-07-26 15:49:18.768791,5337386.0,5337835.0,45.0601318359375,45.0641319173177,47.023077880859375,47.02707792154948
2023-07-26 15:49:18.777587,5337388.0,5337837.0,45.06882792154948,45.072827962239586,47.03177392578125,47.03577400716146
2023-07-26 15:49:18.786656,5337390.0,5337839.0,45.077523966471354,45.081524007161455,47.040469685872395,47.044469726562504
2023-07-26 15:49:18.794899,5337392.0,5337841.0,45.0862196858724,45.0902197265625,47.049165730794265,47.05316577148437
2023-07-26 15:49:18.804129,5337394.0,5337843.0,45.09491573079427,45.09891581217448,47.05786177571614,47.06186185709636
2023-07-26 15:49:18.812444,5337396.0,5337845.0,45.10361181640625,45.10761185709636,47.06655786132812,47.07055790201823
2023-07-26 15:49:18.821468,5337398.0,5337847.0,45.11230786132813,45.11630790201823,47.07525390625,47.079253946940106
2023-07-26 15:49:18.829856,5337400.0,5337849.0,45.12100390625,45.12500398763021,47.083949951171874,47.08794995117187
2023-07-26 15:49:18.839413,5337402.0,5337851.0,45.129699991861976,45.133700032552085,47.092645670572914,47.096656168619795
2023-07-26 15:49:18.847464,5337404.0,5337853.0,45.13840612792969,45.14240616861979,47.101341756184894,47.105341796874995
2023-07-26 15:49:18.855917,5337406.0,5337855.0,45.14709175618489,45.151091837565104,47.11003780110677,47.11403784179687
2023-07-26 15:49:18.864939,5337408.0,5337857.0,45.15578784179687,45.15978788248698,47.11873384602865,47.12273392740885
2023-07-26 15:49:18.873408,5337410.0,5337859.0,45.16448388671875,45.16848392740885,47.12742993164063,47.13142997233073
2023-07-26 15:49:18.881874,5337412.0,5337861.0,45.173179931640625,45.17718001302083,47.136125732421874,47.14012573242187
2023-07-26 15:49:18.891153,5337414.0,5337863.0,45.18187585449218,45.18587585449219,47.14482169596354,47.14882177734375
2023-07-26 15:49:18.899357,5337416.0,5337865.0,45.190571736653645,45.19457177734375,47.15351778157552,47.157517822265625
2023-07-26 15:49:18.908842,5337418.0,5337867.0,45.19926778157552,45.20326782226562,47.1622138264974,47.1662138671875
2023-07-26 15:49:18.916926,5337420.0,5337869.0,45.2079638264974,45.2119639078776,47.170909871419276,47.17490995279948
2023-07-26 15:49:18.926145,5337422.0,5337871.0,45.21665991210938,45.22065995279948,47.17960595703125,47.18360599772136
2023-07-26 15:49:18.934336,5337424.0,5337873.0,45.225355957031255,45.229355997721356,47.18830167643229,47.1923017171224
2023-07-26 15:49:18.942762,5337426.0,5337875.0,45.234051676432294,45.2380517578125,47.196997721354165,47.200997762044274
2023-07-26 15:49:18.951924,5337428.0,5337877.0,45.24274776204427,45.246747802734376,47.20569376627604,47.209693847656254
2023-07-26 15:49:18.960150,5337430.0,5337879.0,45.25144380696615,45.25544384765625,47.214389851888015,47.218389892578124
2023-07-26 15:49:18.969293,5337432.0,5337881.0,45.26013985188802,45.26413993326823,47.22308589680989,47.2270859375
2023-07-26 15:49:18.977698,5337434.0,5337883.0,45.2688359375,45.27283597819011,47.23178194173177,47.23578198242188
2023-07-26 15:49:18.986925,5337436.0,5337885.0,45.27753202311198,45.28153202311198,47.24047770182292,47.24447774251302
2023-07-26 15:49:18.995087,5337438.0,5337887.0,45.28622770182292,45.290227742513025,47.24917374674479,47.253173787434896
2023-07-26 15:49:19.004092,5337440.0,5337889.0,45.294923746744786,45.298923828125005,47.25786979166667,47.26186987304688
2023-07-26 15:49:19.013168,5337442.0,5337891.0,45.30361983235677,45.307619873046875,47.266565877278644,47.270565917968746
2023-07-26 15:49:19.021239,5337444.0,5337893.0,45.31231587727864,45.316315917968744,47.27526192220052,47.27926196289062
2023-07-26 15:49:19.029631,5337446.0,5337895.0,45.32101192220052,45.32501200358073,47.28395776367188,47.287957763671876
2023-07-26 15:49:19.038969,5337448.0,5337897.0,45.32970788574219,45.333707885742186,47.29265368652344,47.29665376790364
2023-07-26 15:49:19.048020,5337450.0,5337899.0,45.33840372721354,45.34240376790364,47.30134977213542,47.30534981282552
2023-07-26 15:49:19.056210,5337452.0,5337901.0,45.347099772135415,45.35109985351563,47.31004581705729,47.314045857747395
2023-07-26 15:49:19.069466,5337454.0,5337903.0,45.355795857747395,45.3597958984375,47.31874186197916,47.322741943359375
2023-07-26 15:49:19.078361,5337457.0,5337906.0,45.36883992513021,45.37283996582032,47.331785888671874,47.33578588867187
2023-07-26 15:49:19.086476,5337459.0,5337908.0,45.37753597005208,45.38153601074219,47.34048168945313,47.34448173014323
2023-07-26 15:49:19.094863,5337461.0,5337910.0,45.38623173014323,45.39023177083333,47.349177734375,47.35317781575521
2023-07-26 15:49:19.103995,5337463.0,5337912.0,45.394927775065106,45.39892781575521,47.357873819986985,47.361873860677086
2023-07-26 15:49:19.113152,5337465.0,5337914.0,45.40362381998698,45.40762390136719,47.366569864908854,47.370569905598956
2023-07-26 15:49:19.121626,5337467.0,5337916.0,45.412319905598956,45.41631994628906,47.37526590983073,47.379265991210936
2023-07-26 15:49:19.129750,5337469.0,5337918.0,45.42101595052083,45.425015991210934,47.38396166992188,47.38796171061198
2023-07-26 15:49:19.138842,5337471.0,5337920.0,45.42971179199219,45.43371179199219,47.39265771484375,47.39665775553385
2023-07-26 15:49:19.147825,5337473.0,5337922.0,45.43840771484375,45.442407796223954,47.40135375976562,47.40535384114584
2023-07-26 15:49:19.155765,5337475.0,5337924.0,45.44710380045573,45.45110384114584,47.4100498453776,47.41404988606771
2023-07-26 15:49:19.164877,5337477.0,5337926.0,45.455799845377605,45.45979988606771,47.418745890299476,47.42274593098958
2023-07-26 15:49:19.173886,5337479.0,5337928.0,45.464495890299474,45.46849597167969,47.42744193522135,47.431442016601565
2023-07-26 15:49:19.182356,5337481.0,5337930.0,45.47319197591146,45.47719201660156,47.43613765462239,47.440137736002605
2023-07-26 15:49:19.190755,5337483.0,5337932.0,45.4818876953125,45.4858877360026,47.44483374023437,47.448833780924474
2023-07-26 15:49:19.199814,5337485.0,5337934.0,45.49058374023437,45.49458382161458,47.45352978515625,47.45752982584636
2023-07-26 15:49:19.208850,5337487.0,5337936.0,45.49927982584636,45.50327986653646,47.462225830078125,47.46622591145833
2023-07-26 15:49:19.217286,5337489.0,5337938.0,45.50797587076823,45.511975911458336,47.470921915690106,47.47492195638021
2023-07-26 15:49:19.225424,5337491.0,5337940.0,45.516671915690104,45.520671997070316,47.47961791992188,47.483617919921876
2023-07-26 15:49:19.234613,5337493.0,5337942.0,45.525368001302084,45.529368041992186,47.48831368001302,47.49231376139323
2023-07-26 15:49:19.247409,5337495.0,5337944.0,45.534063720703124,45.538063761393225,47.497009765625,47.5010098063151
2023-07-26 15:49:19.256375,5337498.0,5337947.0,45.54710778808593,45.55110786946615,47.51005383300781,47.51405387369792
2023-07-26 15:49:19.264739,5337500.0,5337949.0,45.55580387369792,45.55980391438802,47.518760294596355,47.52276037597657
2023-07-26 15:49:19.273866,5337502.0,5337951.0,45.564510335286464,45.568510375976565,47.527445963541666,47.53144600423177
2023-07-26 15:49:19.281990,5337504.0,5337953.0,45.573195963541664,45.57719604492188,47.536141682942706,47.540141723632814
2023-07-26 15:49:19.291297,5337506.0,5337955.0,45.581891682942704,45.585891764322916,47.54483772786458,47.54883780924479
2023-07-26 15:49:19.299442,5337508.0,5337957.0,45.590587768554684,45.594587809244786,47.55353381347656,47.557533854166664
2023-07-26 15:49:19.308737,5337510.0,5337959.0,45.59928381347656,45.60328385416667,47.56222985839844,47.56622989908854
2023-07-26 15:49:19.316832,5337512.0,5337961.0,45.60797985839844,45.61197993977864,47.570925903320315,47.57492598470052
2023-07-26 15:49:19.326235,5337514.0,5337963.0,45.61667594401042,45.62067598470052,47.57962182617188,47.58362182617188
2023-07-26 15:49:19.334340,5337516.0,5337965.0,45.62537194824219,45.62937194824219,47.588317708333335,47.59231774902344
2023-07-26 15:49:19.343588,5337518.0,5337967.0,45.63406770833333,45.63806778971354,47.59701375325521,47.60101379394531
2023-07-26 15:49:19.351827,5337520.0,5337969.0,45.64276379394531,45.646763834635415,47.60570979817709,47.60970987955729
2023-07-26 15:49:19.360250,5337522.0,5337971.0,45.65145983886719,45.65545987955729,47.61440588378907,47.61840592447917
2023-07-26 15:49:19.369343,5337524.0,5337973.0,45.660155883789066,45.66415596516927,47.62310192871094,47.627101969401046
2023-07-26 15:49:19.377599,5337526.0,5337975.0,45.66885196940105,45.67285201009115,47.63179764811198,47.63579772949219
2023-07-26 15:49:19.390582,5337528.0,5337977.0,45.67754772949219,45.68154772949219,47.64049373372396,47.64449377441406
2023-07-26 15:49:19.400101,5337531.0,5337980.0,45.690591756184894,45.6945918375651,47.65353780110677,47.657537841796874
2023-07-26 15:49:19.408556,5337533.0,5337982.0,45.699287841796874,45.703287882486975,47.66223384602865,47.666233927408854
2023-07-26 15:49:19.417031,5337535.0,5337984.0,45.70798388671875,45.71198392740885,47.67092993164063,47.67492997233073
2023-07-26 15:49:19.425462,5337537.0,5337986.0,45.71667993164063,45.72068001302083,47.679625732421876,47.68362573242187
2023-07-26 15:49:19.434483,5337539.0,5337988.0,45.725375854492185,45.72937585449218,47.68832169596354,47.69232177734375
2023-07-26 15:49:19.442874,5337541.0,5337990.0,45.73407173665365,45.73807177734375,47.697017781575525,47.70101782226563
2023-07-26 15:49:19.456323,5337543.0,5337992.0,45.74276778157552,45.746767822265625,47.705713826497394,47.7097138671875
2023-07-26 15:49:19.464617,5337546.0,5337995.0,45.755811889648434,45.759811930338536,47.71875789388021,47.722757975260414
2023-07-26 15:49:19.477629,5337548.0,5337997.0,45.76450793457031,45.76850797526042,47.72745385742188,47.731453857421876
2023-07-26 15:49:19.486428,5337551.0,5338000.0,45.777551676432296,45.7815517578125,47.74049772135417,47.74449776204427
2023-07-26 15:49:19.495575,5337553.0,5338002.0,45.78624776204427,45.79024780273438,47.74919376627604,47.75319384765625
2023-07-26 15:49:19.504621,5337555.0,5338004.0,45.794943806966145,45.798943847656254,47.75788985188802,47.761889892578125
2023-07-26 15:49:19.512797,5337557.0,5338006.0,45.803639851888015,45.807639933268234,47.76658589680989,47.7705859375
2023-07-26 15:49:19.521117,5337559.0,5338008.0,45.8123359375,45.816335978190104,47.77528194173177,47.77928198242187
2023-07-26 15:49:19.530417,5337561.0,5338010.0,45.82103198242187,45.82503202311198,47.78397770182292,47.78797774251302
2023-07-26 15:49:19.538712,5337563.0,5338012.0,45.82972770182292,45.83372774251302,47.79267374674479,47.7966737874349
2023-07-26 15:49:19.547911,5337565.0,5338014.0,45.83842374674479,45.842423828125,47.80136979166667,47.80536987304688
2023-07-26 15:49:19.556136,5337567.0,5338016.0,45.847119832356775,45.851119873046876,47.810065877278646,47.81406591796875
2023-07-26 15:49:19.565349,5337569.0,5338018.0,45.855815877278644,45.859815917968746,47.81876192220052,47.822761962890624
2023-07-26 15:49:19.577620,5337571.0,5338020.0,45.86451192220052,45.868512003580726,47.82745776367188,47.83145776367188
2023-07-26 15:49:19.586673,5337574.0,5338023.0,45.8775557047526,45.88155574544271,47.84050174967448,47.84450179036458
2023-07-26 15:49:19.595817,5337576.0,5338025.0,45.88625174967448,45.89025179036459,47.84920821126302,47.85320825195312
2023-07-26 15:49:19.607983,5337578.0,5338027.0,45.89495821126302,45.89895829264323,47.857893839518226,47.86189392089844
2023-07-26 15:49:19.617150,5337581.0,5338030.0,45.907991902669266,45.911991943359375,47.870937947591145,47.87493798828125
2023-07-26 15:49:19.626360,5337583.0,5338032.0,45.91668794759115,45.920688028971355,47.879633666992184,47.88363370768229
2023-07-26 15:49:19.634439,5337585.0,5338034.0,45.92538366699219,45.929383748372395,47.88832971191406,47.892329793294266
2023-07-26 15:49:19.643734,5337587.0,5338036.0,45.93407975260416,45.93807979329427,47.89702579752604,47.90102583821615
2023-07-26 15:49:19.655764,5337589.0,5338038.0,45.94277579752604,45.94677583821615,47.90572184244792,47.90972188313802
2023-07-26 15:49:19.665145,5337592.0,5338041.0,45.95581990559896,45.95981994628906,47.91876590983073,47.92276599121094
2023-07-26 15:49:19.673225,5337594.0,5338043.0,45.964515950520834,45.968515991210936,47.927461669921875,47.931461710611984
2023-07-26 15:49:19.682207,5337596.0,5338045.0,45.97321179199219,45.97721179199219,47.936157714843745,47.94015775553385
2023-07-26 15:49:19.691364,5337598.0,5338047.0,45.98190771484375,45.985907796223955,47.94485375976562,47.948853841145834
2023-07-26 15:49:19.704355,5337600.0,5338049.0,45.99060380045572,45.99460384114584,47.9535498453776,47.95754988606771
2023-07-26 15:49:19.713037,5337603.0,5338052.0,46.00364786783854,46.00764794921875,47.96659391276042,47.970593953450525
2023-07-26 15:49:19.721351,5337605.0,5338054.0,46.012343953450525,46.01634399414063,47.97528979492188,47.979289794921876
2023-07-26 15:49:19.730474,5337607.0,5338056.0,46.02103991699219,46.025039916992185,47.983985717773436,47.987985758463545
2023-07-26 15:49:19.738521,5337609.0,5338058.0,46.02973571777344,46.03373575846354,47.99268176269531,47.99668180338542
2023-07-26 15:49:19.751964,5337611.0,5338060.0,46.03843176269532,46.04243184407552,48.00137780761719,48.005377888997394
2023-07-26 15:49:19.760774,5337614.0,5338063.0,46.05147587076823,46.05547591145833,48.01442191569011,48.01842195638021
2023-07-26 15:49:19.768857,5337616.0,5338065.0,46.060171915690105,46.06417199707031,48.02311791992188,48.02711791992188
2023-07-26 15:49:19.778071,5337618.0,5338067.0,46.068868001302086,46.07286804199219,48.03181368001302,48.03581376139323
2023-07-26 15:49:19.791080,5337620.0,5338069.0,46.077563720703125,46.08156376139323,48.040509765625,48.044509806315105
2023-07-26 15:49:19.799694,5337623.0,5338072.0,46.09060778808593,46.094607869466145,48.05355383300781,48.05755387369791
2023-07-26 15:49:19.808698,5337625.0,5338074.0,46.09930387369791,46.10330391438802,48.062260294596356,48.06626037597656
2023-07-26 15:49:19.821727,5337627.0,5338076.0,46.10801033528646,46.11201037597657,48.07094596354167,48.07494600423177
2023-07-26 15:49:19.829922,5337630.0,5338079.0,46.12104382324219,46.12504382324219,48.083989705403646,48.08798974609375
2023-07-26 15:49:19.838932,5337632.0,5338081.0,46.12973974609375,46.133739786783856,48.09268575032552,48.096685831705734
2023-07-26 15:49:19.847152,5337634.0,5338083.0,46.13843579101563,46.14243583170573,48.101381835937495,48.105381876627604
2023-07-26 15:49:19.856193,5337636.0,5338085.0,46.1471318359375,46.151131917317706,48.11007788085937,48.11407792154947
2023-07-26 15:49:19.869393,5337638.0,5338087.0,46.155827921549474,46.15982796223959,48.11877392578125,48.12277400716146
2023-07-26 15:49:19.878193,5337641.0,5338090.0,46.16887194824219,46.17287194824219,48.13181770833333,48.13581774902344
2023-07-26 15:49:19.886258,5337643.0,5338092.0,46.177567708333335,46.18156778971354,48.14051375325521,48.144513793945315
2023-07-26 15:49:19.895380,5337645.0,5338094.0,46.186263793945315,46.19026383463542,48.14920979817708,48.153209879557295
2023-07-26 15:49:19.908839,5337647.0,5338096.0,46.19495983886719,46.19895987955729,48.15790588378906,48.16190592447917
2023-07-26 15:49:19.917474,5337650.0,5338099.0,46.20800390625,46.21200398763021,48.17094995117188,48.174949951171875
2023-07-26 15:49:19.925469,5337652.0,5338101.0,46.21669999186198,46.22070003255208,48.17964567057292,48.18365616861979
2023-07-26 15:49:19.934521,5337654.0,5338103.0,46.22540612792969,46.22940616861979,48.18834175618489,48.192341796875
2023-07-26 15:49:19.947683,5337656.0,5338105.0,46.234091756184895,46.2380918375651,48.197037801106774,48.201037841796875
2023-07-26 15:49:19.956464,5337659.0,5338108.0,46.24713586425781,46.251135904947915,48.210081909179685,48.214081949869794
2023-07-26 15:49:19.965460,5337661.0,5338110.0,46.25583190917968,46.25983194986979,48.21877795410156,48.22277799479166
2023-07-26 15:49:19.974089,5337663.0,5338112.0,46.26452795410156,46.26852803548177,48.22747367350261,48.23147371419271
2023-07-26 15:49:19.982227,5337665.0,5338114.0,46.27322371419271,46.27722375488281,48.23616971842448,48.24016979980469
2023-07-26 15:49:19.995539,5337667.0,5338116.0,46.28191975911458,46.28591979980469,48.244865804036465,48.248865844726566
2023-07-26 15:49:20.004207,5337670.0,5338119.0,46.2949638671875,46.29896390787761,48.25790987141927,48.261909952799485
2023-07-26 15:49:20.012400,5337672.0,5338121.0,46.303659912109374,46.30765995279948,48.26660595703125,48.270605997721354
2023-07-26 15:49:20.021883,5337674.0,5338123.0,46.31235595703125,46.31635599772135,48.27530167643229,48.279301717122394
2023-07-26 15:49:20.030022,5337676.0,5338125.0,46.32105167643229,46.3250517578125,48.28399772135417,48.28799776204427
2023-07-26 15:49:20.043302,5337678.0,5338127.0,46.32974776204427,46.33374780273437,48.292693766276045,48.29669384765625
2023-07-26 15:49:20.051671,5337681.0,5338130.0,46.342791829427085,46.34679187011719,48.30573787434896,48.30973791503906
2023-07-26 15:49:20.060769,5337683.0,5338132.0,46.351487874348955,46.35548795572917,48.31443391927083,48.318434000651045
2023-07-26 15:49:20.074141,5337685.0,5338134.0,46.360183959960935,46.36418400065104,48.32312963867187,48.327129720052085
2023-07-26 15:49:20.082434,5337688.0,5338137.0,46.37322770182292,46.37722774251302,48.33617374674479,48.3401737874349
2023-07-26 15:49:20.090835,5337690.0,5338139.0,46.38192374674479,46.385923828125,48.34486979166667,48.34886987304688
2023-07-26 15:49:20.103959,5337692.0,5338141.0,46.390619832356776,46.39461987304688,48.35356587727864,48.35756591796875
2023-07-26 15:49:20.113007,5337695.0,5338144.0,46.403663899739584,46.407663981119796,48.36660994466146,48.370609985351564
2023-07-26 15:49:20.122003,5337697.0,5338146.0,46.412359985351564,46.416360026041666,48.3753056640625,48.37930574544271
2023-07-26 15:49:20.130086,5337699.0,5338148.0,46.421055704752604,46.425055745442705,48.38400174967448,48.388001790364584
2023-07-26 15:49:20.143343,5337701.0,5338150.0,46.42975174967448,46.43375179036459,48.39270821126302,48.39670825195312
2023-07-26 15:49:20.152176,5337704.0,5338153.0,46.44279585774739,46.4467958984375,48.405741861979166,48.40974194335937
2023-07-26 15:49:20.165247,5337706.0,5338155.0,46.45149190266927,46.45549194335937,48.414437947591146,48.41843798828125
2023-07-26 15:49:20.173677,5337709.0,5338158.0,46.46453597005208,46.468536010742184,48.427481689453124,48.43148173014323
2023-07-26 15:49:20.186833,5337711.0,5338160.0,46.47323173014323,46.477231770833335,48.43617773437499,48.44017781575521
2023-07-26 15:49:20.200158,5337714.0,5338163.0,46.48627579752604,46.49027583821615,48.44922184244792,48.45322188313802
2023-07-26 15:49:20.208176,5337717.0,5338166.0,46.49931990559896,46.50331994628906,48.46226590983073,48.46626599121094
2023-07-26 15:49:20.221277,5337719.0,5338168.0,46.508015950520836,46.51201599121094,48.47096166992188,48.47496171061198
2023-07-26 15:49:20.230331,5337722.0,5338171.0,46.52105969238281,46.52505977376302,48.48400573730469,48.48800577799479
2023-07-26 15:49:20.243398,5337724.0,5338173.0,46.529755777994794,46.533755818684895,48.49270178222656,48.49670186360677
2023-07-26 15:49:20.252426,5337727.0,5338176.0,46.5427998453776,46.54679988606771,48.50574589029948,48.50974593098958
2023-07-26 15:49:20.260731,5337729.0,5338178.0,46.55149589029948,46.55549597167968,48.514441935221356,48.51844201660156
2023-07-26 15:49:20.274092,5337731.0,5338180.0,46.56019197591146,46.56419201660156,48.523137654622396,48.5271377360026
2023-07-26 15:49:20.282288,5337734.0,5338183.0,46.573235717773436,46.577235758463544,48.536181762695314,48.54018180338542
2023-07-26 15:49:20.291255,5337736.0,5338185.0,46.58193176269531,46.585931844075525,48.54487780761718,48.548877888997396
2023-07-26 15:49:20.304211,5337738.0,5338187.0,46.59062784830729,46.594627888997394,48.553573893229164,48.557573933919265
2023-07-26 15:49:20.313181,5337741.0,5338190.0,46.60367191569011,46.60767199707031,48.566617919921875,48.57061791992188
2023-07-26 15:49:20.326136,5337743.0,5338192.0,46.61236800130209,46.61636804199219,48.57531368001302,48.57931376139323
2023-07-26 15:49:20.335108,5337746.0,5338195.0,46.62541174316406,46.62941178385417,48.588357788085936,48.592357828776045
2023-07-26 15:49:20.343079,5337748.0,5338197.0,46.634107788085934,46.63810786946615,48.59705383300781,48.601053873697914
2023-07-26 15:49:20.356036,5337750.0,5338199.0,46.642803873697915,46.646803914388016,48.60576029459636,48.60976037597656
2023-07-26 15:49:20.365006,5337753.0,5338202.0,46.65584794108073,46.65984798177084,48.618793701171874,48.62279370117188
2023-07-26 15:49:20.374024,5337755.0,5338204.0,46.664543823242184,46.66854382324219,48.62748970540365,48.63148974609375
2023-07-26 15:49:20.386932,5337757.0,5338206.0,46.67323974609375,46.67723978678385,48.636185750325524,48.64018583170573
2023-07-26 15:49:20.395903,5337760.0,5338209.0,46.686283813476564,46.690283854166665,48.649229858398435,48.653229899088544
2023-07-26 15:49:20.408859,5337762.0,5338211.0,46.69497985839844,46.698979939778646,48.65792590332031,48.661925984700524
2023-07-26 15:49:20.421821,5337765.0,5338214.0,46.70802396647135,46.71202400716146,48.6709696858724,48.6749697265625
2023-07-26 15:49:20.429789,5337768.0,5338217.0,46.72106770833333,46.72506778971354,48.68401375325521,48.688013793945316
2023-07-26 15:49:20.443019,5337770.0,5338219.0,46.72976379394532,46.73376383463542,48.692709798177084,48.69670987955729
2023-07-26 15:49:20.451676,5337773.0,5338222.0,46.742807861328124,46.746807902018226,48.70575390625,48.709753946940104
2023-07-26 15:49:20.461093,5337775.0,5338224.0,46.75150390625,46.755503987630206,48.71444995117187,48.71844995117188
2023-07-26 15:49:20.473503,5337777.0,5338226.0,46.76019999186198,46.76420003255208,48.72314567057292,48.72715616861979
2023-07-26 15:49:20.487191,5337780.0,5338229.0,46.77324373372396,46.77724377441406,48.73618977864584,48.74018981933594
2023-07-26 15:49:20.499654,5337783.0,5338232.0,46.78628784179688,46.79028788248698,48.749233846028645,48.75323392740885
2023-07-26 15:49:20.508626,5337786.0,5338235.0,46.799331909179685,46.80333194986979,48.76227795410156,48.766277994791665
2023-07-26 15:49:20.517035,5337788.0,5338237.0,46.80802795410156,46.81202803548177,48.7709736735026,48.77497371419271
2023-07-26 15:49:20.530272,5337790.0,5338239.0,46.81672371419271,46.82072375488281,48.77966971842448,48.78366979980469
2023-07-26 15:49:20.538594,5337793.0,5338242.0,46.82976778157552,46.83376782226563,48.7927138264974,48.7967138671875
2023-07-26 15:49:20.551681,5337795.0,5338244.0,46.838463826497396,46.8424639078776,48.801409871419274,48.80540995279948
2023-07-26 15:49:20.560683,5337798.0,5338247.0,46.851507934570314,46.855507975260416,48.814453857421874,48.81845385742188
2023-07-26 15:49:20.569729,5337800.0,5338249.0,46.860203979492184,46.86420397949219,48.823149698893225,48.827149739583334
2023-07-26 15:49:20.582767,5337802.0,5338251.0,46.86889969889323,46.872899780273436,48.8318457438151,48.83584582519531
2023-07-26 15:49:20.590897,5337805.0,5338254.0,46.88194380696615,46.88594384765625,48.84488985188802,48.84888989257812
2023-07-26 15:49:20.600182,5337807.0,5338256.0,46.89063985188802,46.89463993326823,48.85358589680989,48.857585937500005
2023-07-26 15:49:20.612412,5337809.0,5338258.0,46.899335937500005,46.90333597819011,48.86228194173177,48.866281982421874
2023-07-26 15:49:20.621271,5337812.0,5338261.0,46.91237976074218,46.91637976074219,48.875325724283854,48.879325764973956
2023-07-26 15:49:20.634653,5337814.0,5338263.0,46.92107572428385,46.92507580566406,48.88402176920573,48.88802180989583
2023-07-26 15:49:20.643172,5337817.0,5338266.0,46.93411983235677,46.93811987304688,48.89706587727864,48.90106591796875
2023-07-26 15:49:20.656384,5337819.0,5338268.0,46.94281587727864,46.94681591796875,48.90576192220052,48.90976196289063
2023-07-26 15:49:20.665048,5337822.0,5338271.0,46.955859985351566,46.95986002604167,48.9188056640625,48.92280574544271
2023-07-26 15:49:20.678321,5337824.0,5338273.0,46.964555704752605,46.96855574544271,48.927501749674484,48.931501790364585
2023-07-26 15:49:20.686763,5337827.0,5338276.0,46.97759977213541,46.981599853515625,48.94054581705729,48.94454585774739
2023-07-26 15:49:20.700172,5337829.0,5338278.0,46.98629585774739,46.9902958984375,48.94924186197917,48.95324194335937
2023-07-26 15:49:20.708113,5337832.0,5338281.0,46.99933996582032,47.00333996582032,48.96228588867187,48.96628588867188
2023-07-26 15:49:20.721282,5337834.0,5338283.0,47.008035970052084,47.012036010742186,48.970981689453126,48.97498173014323
2023-07-26 15:49:20.730138,5337837.0,5338286.0,47.021079752604166,47.02507979329427,48.984025797526044,48.988025838216146
2023-07-26 15:49:20.743387,5337839.0,5338288.0,47.02977579752604,47.033775838216144,48.992721842447914,48.99672188313802
2023-07-26 15:49:20.752096,5337842.0,5338291.0,47.042819905598954,47.04681994628906,49.00576590983073,49.009765991210934
2023-07-26 15:49:20.765500,5337844.0,5338293.0,47.051515991210934,47.05551599121094,49.01446166992188,49.01846171061198
2023-07-26 15:49:20.773423,5337847.0,5338296.0,47.064559692382815,47.06855977376302,49.02750573730469,49.031505777994795
2023-07-26 15:49:20.786955,5337849.0,5338298.0,47.073255777994795,47.0772558186849,49.03620178222656,49.040201863606775
2023-07-26 15:49:20.795655,5337852.0,5338301.0,47.0862998453776,47.090299886067704,49.049245890299474,49.05324593098958
2023-07-26 15:49:20.808152,5337854.0,5338303.0,47.09499589029948,47.098995971679685,49.05794193522136,49.06194201660156
2023-07-26 15:49:20.817344,5337857.0,5338306.0,47.10803991699218,47.11203991699219,49.07098571777344,49.07498575846354
2023-07-26 15:49:20.830593,5337859.0,5338308.0,47.11673571777344,47.12073575846354,49.079681762695316,49.08368180338542
2023-07-26 15:49:20.838700,5337862.0,5338311.0,47.129779825846356,47.13377986653646,49.09272583007812,49.096725911458336
2023-07-26 15:49:20.851870,5337864.0,5338313.0,47.13847587076823,47.142475911458334,49.1014219156901,49.10542195638021
2023-07-26 15:49:20.860265,5337867.0,5338316.0,47.15151993815104,47.15552001953125,49.11446565755209,49.11846569824219
2023-07-26 15:49:20.873302,5337869.0,5338318.0,47.16021569824219,47.16421573893229,49.12316170247396,49.12716178385416
2023-07-26 15:49:20.886561,5337872.0,5338321.0,47.173259765625005,47.17725980631511,49.136205810546876,49.14020585123698
2023-07-26 15:49:20.895556,5337875.0,5338324.0,47.186303873697916,47.19030391438802,49.14926029459636,49.153260375976565
2023-07-26 15:49:20.908958,5337877.0,5338326.0,47.19501033528646,47.19901037597656,49.157945963541664,49.16194600423177
2023-07-26 15:49:20.916902,5337880.0,5338329.0,47.208043823242186,47.21204382324219,49.17098970540365,49.17498974609375
2023-07-26 15:49:20.929934,5337882.0,5338331.0,47.21673974609375,47.22073978678385,49.179685750325525,49.18368583170573
2023-07-26 15:49:20.938609,5337885.0,5338334.0,47.229783813476566,47.23378385416667,49.19272985839844,49.19672989908854
2023-07-26 15:49:20.951777,5337887.0,5338336.0,47.238479858398435,47.24247993977865,49.20142590332031,49.20542598470052
2023-07-26 15:49:20.960333,5337890.0,5338339.0,47.25152396647135,47.255524007161455,49.214469685872395,49.2184697265625
2023-07-26 15:49:20.973400,5337892.0,5338341.0,47.2602196858724,47.2642197265625,49.22316573079427,49.22716577148437
2023-07-26 15:49:20.982063,5337895.0,5338344.0,47.27326379394531,47.27726383463542,49.236209798177086,49.24020987955729
2023-07-26 15:49:20.991044,5337897.0,5338346.0,47.28195983886719,47.28595987955729,49.244905883789066,49.24890592447917
2023-07-26 15:49:21.004488,5337899.0,5338348.0,47.290655883789064,47.29465596516928,49.25360192871094,49.257601969401044
2023-07-26 15:49:21.017150,5337902.0,5338351.0,47.303699991861976,47.307700032552084,49.26664567057291,49.270656168619794
2023-07-26 15:49:21.030661,5337905.0,5338354.0,47.31674373372396,47.32074377441406,49.27968977864584,49.28368981933594
2023-07-26 15:49:21.038923,5337908.0,5338357.0,47.32978784179687,47.33378788248698,49.292733846028646,49.29673392740885
2023-07-26 15:49:21.051963,5337910.0,5338359.0,47.33848388671875,47.34248392740885,49.30142993164063,49.30542997233073
2023-07-26 15:49:21.061055,5337913.0,5338362.0,47.35152795410156,47.35552803548177,49.31447371419271,49.31847371419271
2023-07-26 15:49:21.074204,5337915.0,5338364.0,47.360223714192706,47.364223754882815,49.323169718424474,49.32716979980469
2023-07-26 15:49:21.082267,5337918.0,5338367.0,47.37326778157552,47.37726782226562,49.3362138264974,49.3402138671875
2023-07-26 15:49:21.095446,5337920.0,5338369.0,47.3819638264974,47.3859639078776,49.344909871419276,49.34890995279948
2023-07-26 15:49:21.104542,5337923.0,5338372.0,47.395007934570316,47.39900797526042,49.357953857421876,49.361953857421874
2023-07-26 15:49:21.117007,5337925.0,5338374.0,47.403703979492185,47.40770397949219,49.36664969889323,49.37064973958333
2023-07-26 15:49:21.130221,5337928.0,5338377.0,47.416747762044274,47.420747802734375,49.37969376627604,49.383693847656254
2023-07-26 15:49:21.143001,5337931.0,5338380.0,47.42979182942708,47.43379187011719,49.39273791503906,49.39673791503906
2023-07-26 15:49:21.151659,5337934.0,5338383.0,47.4428359375,47.44683597819011,49.40578194173177,49.409781982421876
2023-07-26 15:49:21.164803,5337936.0,5338385.0,47.451531982421876,47.45553202311198,49.41447770182292,49.41847774251302
2023-07-26 15:49:21.178415,5337939.0,5338388.0,47.464575724283854,47.46857580566406,49.42752176920573,49.431521809895834
2023-07-26 15:49:21.186632,5337942.0,5338391.0,47.47761983235677,47.481619873046874,49.440565877278644,49.44456587727864
2023-07-26 15:49:21.199853,5337944.0,5338393.0,47.48631587727864,47.49031591796875,49.44926192220052,49.45326196289062
2023-07-26 15:49:21.212515,5337947.0,5338396.0,47.49935998535157,47.50336002604167,49.4623056640625,49.46630574544271
2023-07-26 15:49:21.225567,5337950.0,5338399.0,47.51240372721354,47.51640376790364,49.47534977213542,49.47934981282552
2023-07-26 15:49:21.234536,5337953.0,5338402.0,47.525458211263015,47.529458292643234,49.488393839518224,49.492393920898444
2023-07-26 15:49:21.247492,5337955.0,5338404.0,47.53414388020833,47.53814392089844,49.49708992513021,49.50108996582031
2023-07-26 15:49:21.260454,5337958.0,5338407.0,47.54718794759115,47.55118802897135,49.51013366699219,49.51413370768229
2023-07-26 15:49:21.269418,5337961.0,5338410.0,47.56023173014323,47.56423177083333,49.523177734375,49.52717781575521
2023-07-26 15:49:21.282375,5337963.0,5338412.0,47.568927775065106,47.572927815755214,49.531873819986984,49.535873860677086
2023-07-26 15:49:21.295332,5337966.0,5338415.0,47.58197184244791,47.585971923828126,49.54491788736979,49.548917968750004
2023-07-26 15:49:21.304302,5337969.0,5338418.0,47.59501595052083,47.59901599121093,49.55796166992188,49.56196171061198
2023-07-26 15:49:21.317263,5337971.0,5338420.0,47.60371179199219,47.60771179199219,49.56665771484375,49.57065775553385
2023-07-26 15:49:21.326233,5337974.0,5338423.0,47.6167557779948,47.6207558186849,49.579701782226564,49.58370186360677
2023-07-26 15:49:21.339190,5337976.0,5338425.0,47.625451822916666,47.629451863606775,49.58839786783854,49.592397908528646
2023-07-26 15:49:21.348156,5337979.0,5338428.0,47.63849589029948,47.642495971679686,49.60144193522135,49.605442016601565
2023-07-26 15:49:21.361112,5337981.0,5338430.0,47.64719197591146,47.65119201660156,49.61013765462239,49.614137736002604
2023-07-26 15:49:21.369137,5337984.0,5338433.0,47.66023571777344,47.66423575846354,49.62318176269532,49.62718180338542
2023-07-26 15:49:21.382041,5337986.0,5338435.0,47.668931762695316,47.67293184407552,49.63187780761719,49.63587788899739
2023-07-26 15:49:21.391591,5337989.0,5338438.0,47.68197587076823,47.685975911458335,49.644921915690105,49.64892195638021
2023-07-26 15:49:21.404482,5337992.0,5338441.0,47.69501993815104,47.69902001953125,49.65796565755208,49.66196569824219
2023-07-26 15:49:21.417438,5337994.0,5338443.0,47.70371569824219,47.70771573893229,49.66666170247396,49.670661783854165
2023-07-26 15:49:21.426405,5337997.0,5338446.0,47.716759765625,47.72075980631511,49.67970581054688,49.68370585123698
2023-07-26 15:49:21.439365,5337999.0,5338448.0,47.725455810546876,47.72945589192708,49.68840185546875,49.69240193684896
2023-07-26 15:49:21.447338,5338002.0,5338451.0,47.73851033528646,47.742510375976565,49.701445963541666,49.70544600423177
2023-07-26 15:49:21.460295,5338004.0,5338453.0,47.747195963541664,47.751196044921876,49.710141682942705,49.714141723632814
2023-07-26 15:49:21.469260,5338007.0,5338456.0,47.76023974609375,47.764239786783854,49.72318575032553,49.72718583170573
2023-07-26 15:49:21.482216,5338009.0,5338458.0,47.76893579101563,47.77293583170573,49.7318818359375,49.7358818766276
2023-07-26 15:49:21.495178,5338012.0,5338461.0,47.78197985839844,47.78597993977864,49.744925903320315,49.74892598470052
2023-07-26 15:49:21.508134,5338015.0,5338464.0,47.795023966471355,47.79902400716146,49.757969685872396,49.761969726562505
2023-07-26 15:49:21.517180,5338018.0,5338467.0,47.80806770833333,47.81206778971354,49.77101375325521,49.77501379394531
2023-07-26 15:49:21.530136,5338020.0,5338469.0,47.81676379394531,47.820763834635414,49.77970979817709,49.78370987955729
2023-07-26 15:49:21.539152,5338023.0,5338472.0,47.82980786132812,47.83380790201823,49.79275390625,49.79675394694011
2023-07-26 15:49:21.552331,5338025.0,5338474.0,47.838503906250004,47.84250398763021,49.801449951171875,49.80544995117187
2023-07-26 15:49:21.560821,5338028.0,5338477.0,47.85154772949219,47.85554772949219,49.81449373372396,49.818493774414065
2023-07-26 15:49:21.574252,5338030.0,5338479.0,47.860243733723955,47.864243774414064,49.82318977864583,49.82718981933594
2023-07-26 15:49:21.586649,5338033.0,5338482.0,47.87328784179687,47.877287882486975,49.83623384602865,49.84023392740885
2023-07-26 15:49:21.595667,5338036.0,5338485.0,47.88633190917968,47.8903319498698,49.84927795410156,49.85327799479167
2023-07-26 15:49:21.608738,5338038.0,5338487.0,47.895027954101565,47.89902803548177,49.857973673502606,49.86197371419271
2023-07-26 15:49:21.617356,5338041.0,5338490.0,47.908071736653646,47.91207177734375,49.871017781575524,49.875017822265626
2023-07-26 15:49:21.630651,5338043.0,5338492.0,47.91676778157552,47.920767822265624,49.879713826497394,49.8837138671875
2023-07-26 15:49:21.639055,5338046.0,5338495.0,47.929811889648434,47.93381193033854,49.89275789388021,49.896757975260414
2023-07-26 15:49:21.652115,5338048.0,5338497.0,47.93850793457031,47.94250797526042,49.90145385742188,49.905453857421875
2023-07-26 15:49:21.660962,5338051.0,5338500.0,47.951551676432295,47.9555517578125,49.91449772135417,49.91849776204427
2023-07-26 15:49:21.673337,5338053.0,5338502.0,47.96024776204427,47.96424780273438,49.92319376627604,49.92719384765625
2023-07-26 15:49:21.682650,5338056.0,5338505.0,47.97329182942708,47.977291870117185,49.936237874348954,49.94023791503906
2023-07-26 15:49:21.695807,5338058.0,5338507.0,47.98198787434896,47.985987955729165,49.94493391927084,49.94893400065104
2023-07-26 15:49:21.704279,5338061.0,5338510.0,47.99503198242187,47.99903202311198,49.95797770182292,49.96197774251302
2023-07-26 15:49:21.717629,5338063.0,5338512.0,48.00372770182292,48.00772774251302,49.96667374674479,49.9706737874349
2023-07-26 15:49:21.730119,5338066.0,5338515.0,48.016771809895836,48.02077185058594,49.9797178141276,49.983717895507816
2023-07-26 15:49:21.738845,5338069.0,5338518.0,48.029815877278644,48.033815917968745,49.99276192220052,49.99676196289062
2023-07-26 15:49:21.752087,5338071.0,5338520.0,48.03851192220052,48.042512003580725,50.00145776367188,50.00545776367188
2023-07-26 15:49:21.760871,5338074.0,5338523.0,48.0515557047526,48.05555574544271,50.01450174967448,50.01850179036459
2023-07-26 15:49:21.773989,5338076.0,5338525.0,48.060251749674485,48.06425179036459,50.02320821126302,50.02720825195312
2023-07-26 15:49:21.782574,5338079.0,5338528.0,48.0732958577474,48.0772958984375,50.036241861979164,50.040241943359376
2023-07-26 15:49:21.795945,5338081.0,5338530.0,48.081991902669266,48.085991943359375,50.044937947591144,50.04893798828125
2023-07-26 15:49:21.804372,5338084.0,5338533.0,48.09503597005208,48.09903601074218,50.05798168945313,50.06198173014323
2023-07-26 15:49:21.817587,5338086.0,5338535.0,48.10373173014323,48.10773177083333,50.066677734375,50.07067781575521
2023-07-26 15:49:21.826044,5338089.0,5338538.0,48.116775797526046,48.12077583821615,50.07972184244792,50.08372188313802
2023-07-26 15:49:21.839301,5338091.0,5338540.0,48.125471842447915,48.12947192382813,50.08841788736979,50.09241796875
2023-07-26 15:49:21.847711,5338094.0,5338543.0,48.13851595052083,48.142515991210935,50.101461669921875,50.10546171061198
2023-07-26 15:49:21.861144,5338096.0,5338545.0,48.14721179199219,48.15121179199219,50.110157714843744,50.11415775553385
2023-07-26 15:49:21.869511,5338099.0,5338548.0,48.16025577799479,48.1642558186849,50.123201782226566,50.12720186360677
2023-07-26 15:49:21.882964,5338101.0,5338550.0,48.16895182291667,48.17295186360677,50.13189786783854,50.13589790852865
2023-07-26 15:49:21.890879,5338104.0,5338553.0,48.181995890299476,48.18599597167969,50.144941935221354,50.14894201660156
2023-07-26 15:49:21.904160,5338106.0,5338555.0,48.190691975911456,48.194692016601564,50.15363765462239,50.157637736002606
2023-07-26 15:49:21.913332,5338109.0,5338558.0,48.20373571777344,48.20773575846354,50.16668176269532,50.17068180338542
2023-07-26 15:49:21.926434,5338111.0,5338560.0,48.21243176269532,48.21643184407552,50.17537780761719,50.179377888997394
2023-07-26 15:49:21.934854,5338114.0,5338563.0,48.22547587076823,48.22947591145833,50.18842191569011,50.19242195638021
2023-07-26 15:49:21.947308,5338116.0,5338565.0,48.234171915690105,48.23817199707031,50.19711791992188,50.20111791992188
2023-07-26 15:49:21.956818,5338119.0,5338568.0,48.24721569824219,48.251215738932295,50.210161702473954,50.214161783854166
2023-07-26 15:49:21.969821,5338121.0,5338570.0,48.25591174316406,48.259911783854164,50.218857788085934,50.22285782877604
2023-07-26 15:49:21.978321,5338124.0,5338573.0,48.26895581054688,48.27295589192708,50.23190185546875,50.23590193684896
2023-07-26 15:49:21.990782,5338126.0,5338575.0,48.27765189615886,48.28165193684896,50.24059794108073,50.24459798177084
2023-07-26 15:49:22.000021,5338129.0,5338578.0,48.290695963541665,48.29469604492188,50.25364168294271,50.25764172363281
2023-07-26 15:49:22.013380,5338131.0,5338580.0,48.299391682942705,48.30339176432292,50.26233772786458,50.26633780924479
2023-07-26 15:49:22.025703,5338134.0,5338583.0,48.31243579101563,48.31643583170573,50.275381835937495,50.2793818766276
2023-07-26 15:49:22.039166,5338137.0,5338586.0,48.32547985839844,48.32947993977864,50.28842590332032,50.29242598470052
2023-07-26 15:49:22.047894,5338140.0,5338589.0,48.33852396647136,48.34252400716146,50.3014696858724,50.3054697265625
2023-07-26 15:49:22.060324,5338142.0,5338591.0,48.347219685872396,48.351219726562505,50.31016573079427,50.31416577148437
2023-07-26 15:49:22.073687,5338145.0,5338594.0,48.360263793945315,48.364263834635416,50.32320979817708,50.327209879557294
2023-07-26 15:49:22.087053,5338148.0,5338597.0,48.37330786132812,48.377307902018224,50.33625390625,50.3402539469401
2023-07-26 15:49:22.099792,5338151.0,5338600.0,48.38635196940104,48.39035201009115,50.34929764811198,50.35329772949219
2023-07-26 15:49:22.108776,5338154.0,5338603.0,48.39940612792969,48.40340616861979,50.3623417561849,50.366341796875
2023-07-26 15:49:22.121894,5338156.0,5338605.0,48.408091756184895,48.4120918375651,50.37103780110677,50.375037841796875
2023-07-26 15:49:22.135029,5338159.0,5338608.0,48.42113586425781,48.425135904947915,50.384081909179685,50.38808194986979
2023-07-26 15:49:22.147472,5338162.0,5338611.0,48.43417993164063,48.43818001302083,50.39712573242188,50.401125732421875
2023-07-26 15:49:22.161026,5338165.0,5338614.0,48.44722371419271,48.45122375488281,50.41016971842448,50.41416979980469
2023-07-26 15:49:22.174270,5338168.0,5338617.0,48.460267781575524,48.464267822265626,50.423213826497395,50.4272138671875
2023-07-26 15:49:22.187106,5338171.0,5338620.0,48.473311889648436,48.47731193033854,50.43625789388021,50.440257975260415
2023-07-26 15:49:22.199813,5338174.0,5338623.0,48.48635595703125,48.49035599772136,50.44930167643229,50.45330171712239
2023-07-26 15:49:22.208344,5338177.0,5338626.0,48.49939969889323,48.50339978027343,50.4623457438151,50.46634582519531
2023-07-26 15:49:22.221798,5338179.0,5338628.0,48.50809578450521,48.51209582519531,50.47104182942708,50.47504187011719
2023-07-26 15:49:22.235104,5338182.0,5338631.0,48.521139851888016,48.525139933268235,50.484085896809894,50.4880859375
2023-07-26 15:49:22.243628,5338185.0,5338634.0,48.53418395996094,48.53818400065104,50.49712963867187,50.501129720052084
2023-07-26 15:49:22.256180,5338187.0,5338636.0,48.54287976074219,48.546879760742186,50.50582572428385,50.509825764973954
2023-07-26 15:49:22.264715,5338190.0,5338639.0,48.55592374674479,48.559923828125,50.51886979166667,50.52286987304688
2023-07-26 15:49:22.277995,5338192.0,5338641.0,48.564619832356776,48.56861987304688,50.52756587727865,50.53156591796875
2023-07-26 15:49:22.291425,5338195.0,5338644.0,48.57766389973958,48.581663981119796,50.54060994466146,50.54460998535156
2023-07-26 15:49:22.304647,5338198.0,5338647.0,48.59070788574219,48.59470788574219,50.55365368652343,50.557653767903645
2023-07-26 15:49:22.317648,5338201.0,5338650.0,48.60375174967448,48.60775179036459,50.56670821126302,50.57070825195312
2023-07-26 15:49:22.325636,5338204.0,5338653.0,48.6167958577474,48.6207958984375,50.579741861979166,50.58374194335937
2023-07-26 15:49:22.338953,5338206.0,5338655.0,48.62549190266927,48.629491943359376,50.588437947591146,50.59243798828125
2023-07-26 15:49:22.348248,5338209.0,5338658.0,48.63853597005208,48.642536010742184,50.601481689453124,50.60548173014323
2023-07-26 15:49:22.360395,5338211.0,5338660.0,48.64723173014323,48.651231770833334,50.61017773437499,50.61417781575521
2023-07-26 15:49:22.373501,5338214.0,5338663.0,48.66027579752604,48.66427583821615,50.62322184244792,50.62722188313802
2023-07-26 15:49:22.386551,5338217.0,5338666.0,48.67331990559896,48.67731994628906,50.636265909830726,50.64026599121094
2023-07-26 15:49:22.399652,5338220.0,5338669.0,48.68636397298177,48.690364013671875,50.649309692382815,50.653309733072916
2023-07-26 15:49:22.412738,5338223.0,5338672.0,48.69940771484375,48.703407796223956,50.66235375976562,50.666353841145835
2023-07-26 15:49:22.426052,5338226.0,5338675.0,48.71245182291667,48.71645186360677,50.67539786783854,50.67939790852865
2023-07-26 15:49:22.438996,5338229.0,5338678.0,48.72549589029948,48.72949597167968,50.688441935221356,50.69244201660156
2023-07-26 15:49:22.452032,5338232.0,5338681.0,48.73853991699219,48.742539916992186,50.70148571777344,50.70548575846354
2023-07-26 15:49:22.461003,5338235.0,5338684.0,48.75158374023437,48.75558382161458,50.71452978515625,50.71852982584635
2023-07-26 15:49:22.473959,5338237.0,5338686.0,48.760279825846354,48.764279866536455,50.72322583007813,50.72722591145833
2023-07-26 15:49:22.486916,5338240.0,5338689.0,48.77332389322916,48.77732393391927,50.73626993815104,50.74026997884115
2023-07-26 15:49:22.499873,5338243.0,5338692.0,48.78636800130209,48.79036804199219,50.749313680013024,50.75331376139323
2023-07-26 15:49:22.512833,5338246.0,5338695.0,48.79941174316406,48.803411783854166,50.762357788085936,50.766357828776044
2023-07-26 15:49:22.521810,5338249.0,5338698.0,48.81245581054688,48.816455891927085,50.77540185546874,50.77940193684896
2023-07-26 15:49:22.534766,5338251.0,5338700.0,48.82115189615886,48.82515193684896,50.78409794108073,50.78809798177083
2023-07-26 15:49:22.547771,5338254.0,5338703.0,48.83419596354167,48.83819604492187,50.79714168294271,50.80114172363281
2023-07-26 15:49:22.556698,5338257.0,5338706.0,48.84723974609375,48.85123978678386,50.81018575032552,50.81418583170573
2023-07-26 15:49:22.569654,5338259.0,5338708.0,48.855935791015625,48.859935831705734,50.818881835937496,50.822881876627605
2023-07-26 15:49:22.582611,5338262.0,5338711.0,48.86897985839844,48.872979939778645,50.83192590332031,50.83592598470052
2023-07-26 15:49:22.595568,5338265.0,5338714.0,48.88202396647135,48.88602400716146,50.8449696858724,50.8489697265625
2023-07-26 15:49:22.608520,5338268.0,5338717.0,48.895067708333336,48.89906778971354,50.85801375325521,50.862013793945316
2023-07-26 15:49:22.621477,5338271.0,5338720.0,48.908111816406254,48.912111857096356,50.871057861328126,50.87505790201823
2023-07-26 15:49:22.634433,5338274.0,5338723.0,48.92115588378907,48.925155965169274,50.88410192871094,50.88810196940104
2023-07-26 15:49:22.647389,5338277.0,5338726.0,48.93419999186198,48.93820003255208,50.89714567057292,50.90115616861979
2023-07-26 15:49:22.660350,5338280.0,5338729.0,48.94724373372396,48.95124377441406,50.91018977864584,50.91418981933594
2023-07-26 15:49:22.674335,5338283.0,5338732.0,48.96028784179688,48.96428788248698,50.923233846028644,50.92723392740885
2023-07-26 15:49:22.687283,5338286.0,5338735.0,48.973331909179684,48.97733194986979,50.93627795410156,50.940277994791664
2023-07-26 15:49:22.700239,5338289.0,5338738.0,48.98637585449219,48.990375854492186,50.94932169596354,50.953321777343746
2023-07-26 15:49:22.713196,5338292.0,5338741.0,48.99941975911458,49.00341979980469,50.96236580403646,50.96636584472657
2023-07-26 15:49:22.726380,5338295.0,5338744.0,49.012463826497395,49.0164639078776,50.975409871419274,50.97940995279948
2023-07-26 15:49:22.738919,5338298.0,5338747.0,49.025507934570314,49.029507975260415,50.988453857421874,50.99245385742188
2023-07-26 15:49:22.752409,5338301.0,5338750.0,49.03855167643229,49.0425517578125,51.00149772135417,51.00549776204427
2023-07-26 15:49:22.764987,5338304.0,5338753.0,49.0515957845052,49.05559582519531,51.01454182942708,51.01854187011719
2023-07-26 15:49:22.777975,5338307.0,5338756.0,49.06463985188802,49.06863993326823,51.027585896809896,51.031585937500004
2023-07-26 15:49:22.787256,5338310.0,5338759.0,49.077683959960936,49.081684000651045,51.040629638671874,51.044629720052086
2023-07-26 15:49:22.800233,5338312.0,5338761.0,49.08637976074218,49.09037976074219,51.049325724283854,51.053325764973955
2023-07-26 15:49:22.812620,5338315.0,5338764.0,49.09942374674479,49.103423828125,51.06236979166667,51.066369873046874
2023-07-26 15:49:22.826067,5338318.0,5338767.0,49.11246785481771,49.11646789550781,51.07541389973959,51.07941394042969
2023-07-26 15:49:22.839095,5338321.0,5338770.0,49.12551192220052,49.12951200358073,51.088457763671876,51.092457763671874
2023-07-26 15:49:22.851830,5338324.0,5338773.0,49.138555704752605,49.142555745442706,51.10150174967448,51.105501790364585
2023-07-26 15:49:22.865479,5338327.0,5338776.0,49.15159977213541,49.15559985351563,51.11454581705729,51.11854585774739
2023-07-26 15:49:22.877913,5338330.0,5338779.0,49.16464388020833,49.16864392089844,51.12758992513021,51.13158996582032
2023-07-26 15:49:22.891653,5338333.0,5338782.0,49.177687947591146,49.18168802897135,51.14063366699219,51.14463370768229
2023-07-26 15:49:22.904097,5338336.0,5338785.0,49.19073173014323,49.194731770833336,51.153677734374995,51.157677815755214
2023-07-26 15:49:22.912742,5338339.0,5338788.0,49.20377579752604,49.20777583821614,51.16672184244792,51.17072188313802
2023-07-26 15:49:22.926078,5338341.0,5338790.0,49.21247184244792,49.216471923828124,51.1754178873698,51.17941796875
2023-07-26 15:49:22.939356,5338344.0,5338793.0,49.22551595052083,49.22951599121094,51.18846166992188,51.19246171061198
2023-07-26 15:49:22.952432,5338347.0,5338796.0,49.238559692382815,49.24255977376302,51.20150573730469,51.205505777994794
2023-07-26 15:49:22.965045,5338350.0,5338799.0,49.251603800455726,49.255603841145835,51.214549845377604,51.218549886067706
2023-07-26 15:49:22.978549,5338353.0,5338802.0,49.26464786783854,49.26864794921875,51.22759391276042,51.23159395345052
2023-07-26 15:49:22.991544,5338356.0,5338805.0,49.27769197591146,49.28169201660156,51.2406376546224,51.2446377360026
2023-07-26 15:49:23.004015,5338359.0,5338808.0,49.29073571777344,49.294735758463545,51.253681762695315,51.25768180338542
2023-07-26 15:49:23.016987,5338362.0,5338811.0,49.303779825846355,49.30777986653646,51.26672583007812,51.270725911458335
2023-07-26 15:49:23.030642,5338365.0,5338814.0,49.31682389322916,49.320823933919264,51.27976993815104,51.28376997884114
2023-07-26 15:49:23.043630,5338368.0,5338817.0,49.32986800130208,49.33386804199219,51.29281368001302,51.29681376139323
2023-07-26 15:49:23.056666,5338371.0,5338820.0,49.34291174316406,49.34691178385416,51.30585778808594,51.309857828776046
2023-07-26 15:49:23.069098,5338374.0,5338823.0,49.355955810546874,49.359955891927086,51.318901855468745,51.322901936848965
2023-07-26 15:49:23.082164,5338377.0,5338826.0,49.36901033528646,49.37301037597656,51.33194596354166,51.33594600423177
2023-07-26 15:49:23.095210,5338380.0,5338829.0,49.382043823242185,49.38604382324219,51.34498970540365,51.34898974609375
2023-07-26 15:49:23.108441,5338383.0,5338832.0,49.39508776855469,49.39908780924479,51.35803381347656,51.36203385416667
2023-07-26 15:49:23.121599,5338386.0,5338835.0,49.408131835937496,49.41213191731771,51.371077880859374,51.375077921549476
2023-07-26 15:49:23.134556,5338389.0,5338838.0,49.42117594401042,49.42517598470052,51.38412182617188,51.388121826171876
2023-07-26 15:49:23.147513,5338392.0,5338841.0,49.4342196858724,49.4382197265625,51.39716573079427,51.40116577148437
2023-07-26 15:49:23.160485,5338395.0,5338844.0,49.44726379394531,49.45126383463542,51.410209798177085,51.41420987955729
2023-07-26 15:49:23.174423,5338398.0,5338847.0,49.460307861328126,49.46430790201823,51.423253906250004,51.427253946940105
2023-07-26 15:49:23.187379,5338401.0,5338850.0,49.473351969401044,49.477352010091145,51.43629764811198,51.44029772949219
2023-07-26 15:49:23.200337,5338404.0,5338853.0,49.48640612792969,49.49040616861979,51.44934175618489,51.453341796874994
2023-07-26 15:49:23.213293,5338407.0,5338856.0,49.499439778645836,49.50343986002604,51.46238582356771,51.46638590494791
2023-07-26 15:49:23.226249,5338410.0,5338859.0,49.51248388671875,49.51648392740885,51.475429931640626,51.47942997233073
2023-07-26 15:49:23.239206,5338413.0,5338862.0,49.52552795410156,49.52952803548177,51.488473673502604,51.49247371419271
2023-07-26 15:49:23.252163,5338416.0,5338865.0,49.538571736653644,49.542571777343746,51.50151778157552,51.505517822265624
2023-07-26 15:49:23.265119,5338419.0,5338868.0,49.55161580403646,49.55561588541667,51.51456184895833,51.51856188964844
2023-07-26 15:49:23.278076,5338422.0,5338871.0,49.56465991210938,49.56865995279948,51.527605957031255,51.53160599772136
2023-07-26 15:49:23.291032,5338425.0,5338874.0,49.577703979492185,49.58170397949219,51.540649698893226,51.544649739583335
2023-07-26 15:49:23.303989,5338428.0,5338877.0,49.59074776204427,49.594747802734375,51.55369376627604,51.55769384765625
2023-07-26 15:49:23.316950,5338431.0,5338880.0,49.60379182942708,49.60779187011719,51.56673787434896,51.57073791503906
2023-07-26 15:49:23.329902,5338434.0,5338883.0,49.61683593750001,49.62083597819011,51.57978194173177,51.583781982421876
2023-07-26 15:49:23.343855,5338437.0,5338886.0,49.629879760742185,49.63387976074219,51.592825724283855,51.59682576497396
2023-07-26 15:49:23.356812,5338440.0,5338889.0,49.642923746744785,49.646923828125004,51.60586979166667,51.609869873046875
2023-07-26 15:49:23.369768,5338443.0,5338892.0,49.65596785481771,49.65996789550781,51.61891389973959,51.62291394042969
2023-07-26 15:49:23.382725,5338446.0,5338895.0,49.66901192220052,49.67301200358073,51.63195776367188,51.635957763671875
2023-07-26 15:49:23.395682,5338449.0,5338898.0,49.68205570475261,49.68605574544271,51.645001749674485,51.649001790364586
2023-07-26 15:49:23.408639,5338452.0,5338901.0,49.695099772135414,49.69909985351563,51.65804581705729,51.662045857747394
2023-07-26 15:49:23.421595,5338455.0,5338904.0,49.70814388020833,49.71214392089844,51.67108992513021,51.67508996582031
2023-07-26 15:49:23.434551,5338458.0,5338907.0,49.72118794759115,49.72518802897135,51.68413366699219,51.68813370768229
2023-07-26 15:49:23.447508,5338461.0,5338910.0,49.73423173014323,49.73823177083333,51.697177734374996,51.70117781575521
2023-07-26 15:49:23.460465,5338464.0,5338913.0,49.747275797526044,49.751275838216145,51.710221842447915,51.71422188313802
2023-07-26 15:49:23.474418,5338467.0,5338916.0,49.760319905598955,49.764319946289056,51.72326590983073,51.727265991210935
2023-07-26 15:49:23.487375,5338470.0,5338919.0,49.77336397298177,49.77736401367188,51.73630969238281,51.74030973307292
2023-07-26 15:49:23.500331,5338473.0,5338922.0,49.78640771484375,49.79040779622395,51.749353759765626,51.75335384114584
2023-07-26 15:49:23.513409,5338476.0,5338925.0,49.799451822916666,49.803451863606774,51.76239786783854,51.766397908528646
2023-07-26 15:49:23.526360,5338479.0,5338928.0,49.81249589029948,49.816495971679686,51.77544193522135,51.779442016601564
2023-07-26 15:49:23.539316,5338482.0,5338931.0,49.825539916992184,49.82953991699219,51.78848571777344,51.79248575846354
2023-07-26 15:49:23.552273,5338485.0,5338934.0,49.83858374023438,49.84258382161458,51.80152978515625,51.80552982584636
2023-07-26 15:49:23.565229,5338488.0,5338937.0,49.85162784830729,49.8556278889974,51.814573893229166,51.81857393391927
2023-07-26 15:49:23.578186,5338491.0,5338940.0,49.8646719156901,49.868671997070315,51.82761791992188,51.831617919921875
2023-07-26 15:49:23.591239,5338494.0,5338943.0,49.87771569824219,49.88171573893229,51.84066170247396,51.844661783854164
2023-07-26 15:49:23.604494,5338497.0,5338946.0,49.890759765625,49.89475980631511,51.85370581054688,51.85770585123698
2023-07-26 15:49:23.617317,5338500.0,5338949.0,49.90380387369792,49.90780391438802,51.86676029459636,51.870760375976566
2023-07-26 15:49:23.630407,5338503.0,5338952.0,49.91684794108073,49.920847981770834,51.87979370117188,51.883793701171875
2023-07-26 15:49:23.643272,5338506.0,5338955.0,49.92989168294271,49.933891764322915,51.89283772786458,51.896837809244786
2023-07-26 15:49:23.656879,5338509.0,5338958.0,49.94293579101563,49.94693583170573,51.9058818359375,51.9098818766276
2023-07-26 15:49:23.669446,5338512.0,5338961.0,49.955979858398436,49.95997993977864,51.918925903320314,51.92292598470052
2023-07-26 15:49:23.682468,5338515.0,5338964.0,49.969023966471354,49.973024007161456,51.931969685872396,51.935969726562504
2023-07-26 15:49:23.695720,5338518.0,5338967.0,49.98206770833333,49.98606778971354,51.94501375325521,51.94901379394531
2023-07-26 15:49:23.708805,5338521.0,5338970.0,49.99511181640625,49.99911185709636,51.95805786132812,51.96205790201823
2023-07-26 15:49:23.721726,5338524.0,5338973.0,50.008155883789065,50.01215596516927,51.97110192871094,51.975101969401045
2023-07-26 15:49:23.734530,5338527.0,5338976.0,50.02119999186198,50.025200032552085,51.984145670572914,51.98815616861979
2023-07-26 15:49:23.747539,5338530.0,5338979.0,50.03424373372396,50.03824377441406,51.99718977864583,52.00118981933594
2023-07-26 15:49:23.761121,5338533.0,5338982.0,50.04728784179687,50.05128788248698,52.01023384602865,52.01423392740885
2023-07-26 15:49:23.773660,5338536.0,5338985.0,50.06033190917969,50.064331949869796,52.02327795410156,52.02727799479167
2023-07-26 15:49:23.786808,5338539.0,5338988.0,50.073375854492184,50.07737585449219,52.036321695963544,52.04032177734375
2023-07-26 15:49:23.800224,5338542.0,5338991.0,50.08641975911458,50.09041979980469,52.04936580403646,52.053365844726564
2023-07-26 15:49:23.813364,5338545.0,5338994.0,50.0994638264974,50.103463907877604,52.06240987141928,52.06640995279948
2023-07-26 15:49:23.825695,5338548.0,5338997.0,50.11250793457031,50.11650797526042,52.07545385742188,52.079453857421875
2023-07-26 15:49:23.839365,5338551.0,5339000.0,50.125551676432295,50.1295517578125,52.088497721354166,52.09249776204427
2023-07-26 15:49:23.851887,5338554.0,5339003.0,50.138595784505206,50.14259582519531,52.101541829427084,52.105541870117186
2023-07-26 15:49:23.865520,5338557.0,5339006.0,50.15163985188802,50.15563993326823,52.11458589680989,52.1185859375
2023-07-26 15:49:23.877999,5338560.0,5339009.0,50.16468395996094,50.16868400065104,52.12762963867188,52.13162972005208
2023-07-26 15:49:23.891196,5338563.0,5339012.0,50.17772770182292,50.18172774251302,52.14067374674479,52.1446737874349
2023-07-26 15:49:23.904678,5338566.0,5339015.0,50.190771809895836,50.19477185058594,52.1537178141276,52.157717895507815
2023-07-26 15:49:23.917108,5338569.0,5339018.0,50.20381587727864,50.207815917968745,52.16676192220052,52.17076196289062
2023-07-26 15:49:23.930102,5338572.0,5339021.0,50.21685998535156,50.22086002604167,52.1798056640625,52.18380574544271
2023-07-26 15:49:23.943714,5338575.0,5339024.0,50.22990372721354,50.23390376790364,52.19284977213541,52.19684981282552
2023-07-26 15:49:23.956697,5338578.0,5339027.0,50.242958211263016,50.246958292643235,52.205893839518225,52.20989392089844
2023-07-26 15:49:23.969245,5338581.0,5339030.0,50.25599190266927,50.259991943359374,52.218937947591144,52.22293798828125
2023-07-26 15:49:23.982808,5338584.0,5339033.0,50.26903597005208,50.27303601074219,52.23198168945313,52.23598173014323
2023-07-26 15:49:23.995359,5338587.0,5339036.0,50.28207975260416,50.28607979329427,52.24502579752604,52.24902583821615
2023-07-26 15:49:24.008503,5338590.0,5339039.0,50.29512381998698,50.29912390136719,52.258069864908855,52.262069905598956
2023-07-26 15:49:24.022090,5338593.0,5339042.0,50.308167928059895,50.31216796875,52.27111397298177,52.275114013671875
2023-07-26 15:49:24.034531,5338596.0,5339045.0,50.32121179199219,50.32521179199219,52.28415771484375,52.28815775553385
2023-07-26 15:49:24.047979,5338599.0,5339048.0,50.33425577799479,50.3382558186849,52.297201782226566,52.30120186360677
2023-07-26 15:49:24.060689,5338602.0,5339051.0,50.347299845377606,50.35129988606771,52.31024589029948,52.31424593098958
2023-07-26 15:49:24.074305,5338605.0,5339054.0,50.360343953450524,50.364343994140626,52.32328979492188,52.327289794921874
2023-07-26 15:49:24.086873,5338608.0,5339057.0,50.3733876953125,50.3773877360026,52.33633374023437,52.340333780924475
2023-07-26 15:49:24.100010,5338611.0,5339060.0,50.38643176269532,50.39043184407552,52.34937780761719,52.35337788899739
2023-07-26 15:49:24.113339,5338614.0,5339063.0,50.39947587076823,50.40347591145833,52.362421915690106,52.36642195638021
2023-07-26 15:49:24.126289,5338617.0,5339066.0,50.41251993815104,50.41652001953125,52.375465657552084,52.37946569824219
2023-07-26 15:49:24.138729,5338620.0,5339069.0,50.425563720703124,50.429563761393226,52.388509765625,52.392509806315104
2023-07-26 15:49:24.152108,5338623.0,5339072.0,50.43860782877604,50.44260786946615,52.40155383300781,52.40555387369792
2023-07-26 15:49:24.165241,5338626.0,5339075.0,50.45165189615886,50.45565193684896,52.41459794108073,52.41859798177084
2023-07-26 15:49:24.178338,5338629.0,5339078.0,50.464695963541665,50.46869604492188,52.427641682942706,52.43164172363281
2023-07-26 15:49:24.191791,5338632.0,5339081.0,50.477739746093754,50.481739786783855,52.44068575032552,52.44468583170573
2023-07-26 15:49:24.204288,5338635.0,5339084.0,50.49078381347656,50.49478385416667,52.45372985839844,52.45772989908854
2023-07-26 15:49:24.217455,5338638.0,5339087.0,50.50382792154947,50.50782796223959,52.46677392578125,52.47077400716146
2023-07-26 15:49:24.230527,5338641.0,5339090.0,50.51687194824219,50.52087194824219,52.479817708333336,52.48381774902344
2023-07-26 15:49:24.243647,5338644.0,5339093.0,50.529915730794265,50.533915812174484,52.49286177571614,52.496861857096356
2023-07-26 15:49:24.256794,5338647.0,5339096.0,50.54295983886719,50.54695987955729,52.50590588378907,52.50990592447917
2023-07-26 15:49:24.269751,5338650.0,5339099.0,50.55600390625,50.56000398763021,52.51894995117188,52.522949951171874
2023-07-26 15:49:24.282707,5338653.0,5339102.0,50.56904772949219,50.57304772949219,52.53199373372396,52.53599377441406
2023-07-26 15:49:24.295664,5338656.0,5339105.0,50.582091756184894,50.5860918375651,52.54503780110677,52.549037841796874
2023-07-26 15:49:24.308620,5338659.0,5339108.0,50.59513586425781,50.599135904947914,52.558081909179684,52.56208194986979
2023-07-26 15:49:24.321577,5338662.0,5339111.0,50.60817993164063,50.61218001302083,52.571125732421876,52.575125732421874
2023-07-26 15:49:24.334534,5338665.0,5339114.0,50.62122371419271,50.62522375488281,52.58416971842448,52.58816979980469
2023-07-26 15:49:24.347494,5338668.0,5339117.0,50.634267781575524,50.638267822265625,52.597213826497395,52.601213867187504
2023-07-26 15:49:24.361444,5338671.0,5339120.0,50.647311889648435,50.65131193033854,52.61025789388021,52.614257975260415
2023-07-26 15:49:24.374401,5338674.0,5339123.0,50.66035595703125,50.66435599772136,52.62330167643229,52.62730171712239
2023-07-26 15:49:24.387357,5338677.0,5339126.0,50.67339969889323,50.67739978027343,52.6363457438151,52.64034582519531
2023-07-26 15:49:24.400313,5338680.0,5339129.0,50.686443806966146,50.690443847656255,52.64938985188802,52.65338989257812
2023-07-26 15:49:24.413270,5338683.0,5339132.0,50.69948787434896,50.703487955729166,52.66243391927083,52.666434000651044
2023-07-26 15:49:24.426227,5338686.0,5339135.0,50.71253198242187,50.71653202311198,52.67547770182292,52.67947774251302
2023-07-26 15:49:24.439183,5338689.0,5339138.0,50.72557572428385,50.72957580566406,52.68852176920573,52.69252180989584
2023-07-26 15:49:24.452140,5338692.0,5339141.0,50.738619832356775,50.74261987304688,52.70156587727865,52.70556591796875
2023-07-26 15:49:24.465097,5338695.0,5339144.0,50.75166389973958,50.755663981119795,52.71460994466146,52.71860998535156
2023-07-26 15:49:24.478053,5338698.0,5339147.0,50.76470788574219,50.76870788574219,52.72765368652344,52.731653767903644
2023-07-26 15:49:24.491019,5338701.0,5339150.0,50.77775174967448,50.78175179036459,52.74070821126302,52.74470825195312
2023-07-26 15:49:24.503966,5338704.0,5339153.0,50.7907958577474,50.7947958984375,52.753741861979165,52.75774194335937
2023-07-26 15:49:24.516924,5338707.0,5339156.0,50.80383992513021,50.807839965820314,52.766785888671876,52.770785888671874
2023-07-26 15:49:24.530116,5338710.0,5339159.0,50.81688366699219,50.820883748372395,52.77982971191406,52.78382979329427
2023-07-26 15:49:24.543067,5338713.0,5339162.0,50.82992777506511,50.83392781575521,52.79287381998698,52.79687386067709
2023-07-26 15:49:24.557020,5338716.0,5339165.0,50.842971842447916,50.84697192382812,52.805917887369795,52.80991796875
2023-07-26 15:49:24.569976,5338719.0,5339168.0,50.856015950520835,50.860015991210936,52.818961669921876,52.822961710611985
2023-07-26 15:49:24.582933,5338722.0,5339171.0,50.86905969238281,50.87305977376302,52.83200573730469,52.83600577799479
2023-07-26 15:49:24.595890,5338725.0,5339174.0,50.882103800455724,50.88610384114584,52.8450498453776,52.849049886067704
2023-07-26 15:49:24.608847,5338728.0,5339177.0,50.89514786783854,50.89914794921875,52.85809391276042,52.862093953450525
2023-07-26 15:49:24.622281,5338731.0,5339180.0,50.90819197591146,50.912192016601566,52.871137654622395,52.8751377360026
2023-07-26 15:49:24.635283,5338734.0,5339183.0,50.92123571777344,50.92523575846354,52.88418176269531,52.88818180338542
2023-07-26 15:49:24.648392,5338737.0,5339186.0,50.93427982584635,50.938279866536455,52.89722583007813,52.90122591145833
2023-07-26 15:49:24.660787,5338740.0,5339189.0,50.94732389322916,50.95132393391927,52.91026993815104,52.91426997884115
2023-07-26 15:49:24.674230,5338743.0,5339192.0,50.960368001302086,50.96436804199219,52.923313680013024,52.92731376139323
2023-07-26 15:49:24.686749,5338746.0,5339195.0,50.97341174316406,50.977411783854166,52.936357788085935,52.940357828776044
2023-07-26 15:49:24.700385,5338749.0,5339198.0,50.98645581054688,50.990455891927084,52.94940185546875,52.95340193684896
2023-07-26 15:49:24.713358,5338752.0,5339201.0,50.99951033528646,51.00351037597657,52.96244596354167,52.96644600423177
2023-07-26 15:49:24.726525,5338755.0,5339204.0,51.01254382324219,51.01654382324219,52.975489705403646,52.97948974609375
2023-07-26 15:49:24.739057,5338758.0,5339207.0,51.025587768554686,51.02958780924479,52.988533813476565,52.992533854166666
2023-07-26 15:49:24.752507,5338761.0,5339210.0,51.0386318359375,51.042631917317706,53.00157788085937,53.005577921549474
2023-07-26 15:49:24.765054,5338764.0,5339213.0,51.05167594401042,51.05567598470052,53.014621826171876,53.01862182617188
2023-07-26 15:49:24.778255,5338767.0,5339216.0,51.0647196858724,51.0687197265625,53.02766573079427,53.03166577148437
2023-07-26 15:49:24.791730,5338770.0,5339219.0,51.077763793945316,51.08176383463542,53.04070979817708,53.044709879557296
2023-07-26 15:49:24.804194,5338773.0,5339222.0,51.09080786132812,51.094807902018225,53.05375390625,53.0577539469401
2023-07-26 15:49:24.817322,5338776.0,5339225.0,51.10385196940104,51.10785201009115,53.06679764811198,53.070797729492185
2023-07-26 15:49:24.830777,5338779.0,5339228.0,51.11690612792969,51.12090616861979,53.07984175618489,53.083841796875
2023-07-26 15:49:24.843245,5338782.0,5339231.0,51.129939778645834,51.13393986002605,53.092885823567705,53.09688590494791
2023-07-26 15:49:24.856848,5338785.0,5339234.0,51.142983886718746,51.146983927408854,53.105929931640624,53.10992997233073
2023-07-26 15:49:24.869336,5338788.0,5339237.0,51.15602795410156,51.160028035481766,53.11897367350261,53.12297371419271
2023-07-26 15:49:24.882340,5338791.0,5339240.0,51.16907173665364,51.17307177734375,53.13201778157552,53.13601782226563
2023-07-26 15:49:24.895409,5338794.0,5339243.0,51.182115804036464,51.18611588541667,53.145061848958335,53.149061889648436
2023-07-26 15:49:24.908734,5338797.0,5339246.0,51.195159912109375,51.199159952799484,53.15810595703125,53.162105997721355
2023-07-26 15:49:24.921880,5338800.0,5339249.0,51.20820397949219,51.21220397949219,53.17114969889323,53.17514973958333
2023-07-26 15:49:24.935220,5338803.0,5339252.0,51.22124776204427,51.22524780273437,53.184193766276046,53.18819384765625
2023-07-26 15:49:24.947734,5338806.0,5339255.0,51.234291829427086,51.23829187011719,53.19723787434896,53.20123791503906
2023-07-26 15:49:24.960890,5338809.0,5339258.0,51.247335937500004,51.251335978190106,53.21028194173177,53.21428198242187
2023-07-26 15:49:24.973905,5338812.0,5339261.0,51.26037976074219,51.26437976074219,53.22332572428385,53.227325764973955
2023-07-26 15:49:24.987033,5338815.0,5339264.0,51.27342374674479,51.277423828125,53.23636979166667,53.24036987304688
2023-07-26 15:49:25.000323,5338818.0,5339267.0,51.28646785481771,51.29046789550781,53.24941389973959,53.25341394042969
2023-07-26 15:49:25.012836,5338821.0,5339270.0,51.29951192220052,51.30351200358073,53.262457763671875,53.26645776367187
2023-07-26 15:49:25.025984,5338824.0,5339273.0,51.312555704752604,51.316555745442706,53.27550174967448,53.279501790364584
2023-07-26 15:49:25.039465,5338827.0,5339276.0,51.32559977213541,51.32959985351563,53.28854581705729,53.29254585774739
2023-07-26 15:49:25.051987,5338830.0,5339279.0,51.33864388020833,51.34264392089844,53.30158992513021,53.30558996582032
2023-07-26 15:49:25.065233,5338833.0,5339282.0,51.351687947591145,51.35568802897136,53.31463366699219,53.31863370768229
2023-07-26 15:49:25.078521,5338836.0,5339285.0,51.36473173014323,51.368731770833335,53.327677734374994,53.331677815755214
2023-07-26 15:49:25.091802,5338839.0,5339288.0,51.37777579752604,51.38177583821614,53.34072184244792,53.34472188313802
2023-07-26 15:49:25.104120,5338842.0,5339291.0,51.39081990559895,51.39481994628906,53.35376590983073,53.35776599121094
2023-07-26 15:49:25.117472,5338845.0,5339294.0,51.403863972981775,51.407864013671876,53.366809692382816,53.37080973307292
2023-07-26 15:49:25.130848,5338848.0,5339297.0,51.416907714843745,51.42090779622396,53.37985375976562,53.383853841145836
2023-07-26 15:49:25.143367,5338851.0,5339300.0,51.42995182291667,51.43395186360677,53.392897867838535,53.39689790852865
2023-07-26 15:49:25.156364,5338854.0,5339303.0,51.44299589029948,51.446995971679684,53.40594193522136,53.40994201660156
2023-07-26 15:49:25.169361,5338857.0,5339306.0,51.45603991699219,51.46003991699219,53.41898571777344,53.42298575846354
2023-07-26 15:49:25.182784,5338860.0,5339309.0,51.469083740234375,51.47308382161458,53.43202978515625,53.436029825846354
2023-07-26 15:49:25.195554,5338863.0,5339312.0,51.48212784830729,51.486127888997395,53.445073893229164,53.449073933919266
2023-07-26 15:49:25.208959,5338866.0,5339315.0,51.49517191569011,51.49917199707031,53.458117919921875,53.46211791992188
2023-07-26 15:49:25.221626,5338869.0,5339318.0,51.50821569824219,51.51221573893229,53.47116170247396,53.47516178385416
2023-07-26 15:49:25.234885,5338872.0,5339321.0,51.521259765625004,51.525259806315105,53.484205810546875,53.48820585123698
2023-07-26 15:49:25.248166,5338875.0,5339324.0,51.534303873697915,51.53830391438802,53.49726029459636,53.501260375976564
2023-07-26 15:49:25.261298,5338878.0,5339327.0,51.54734794108073,51.55134798177084,53.510293701171875,53.51429370117187
2023-07-26 15:49:25.273871,5338881.0,5339330.0,51.56039168294271,51.56439176432291,53.52333772786458,53.52733780924479
2023-07-26 15:49:25.287284,5338884.0,5339333.0,51.573435791015626,51.577435831705735,53.5363818359375,53.5403818766276
2023-07-26 15:49:25.299609,5338887.0,5339336.0,51.586479858398434,51.590479939778646,53.54942590332031,53.553425984700525
2023-07-26 15:49:25.312918,5338890.0,5339339.0,51.59952396647135,51.603524007161454,53.5624696858724,53.5664697265625
2023-07-26 15:49:25.326376,5338893.0,5339342.0,51.61256770833333,51.61656778971354,53.57551375325521,53.57951379394532
2023-07-26 15:49:25.338849,5338896.0,5339345.0,51.625611816406256,51.62961185709636,53.58855786132813,53.59255790201823
2023-07-26 15:49:25.352253,5338899.0,5339348.0,51.63865588378906,51.642655965169276,53.60160192871094,53.60560196940104
2023-07-26 15:49:25.365351,5338902.0,5339351.0,51.65169999186198,51.65570003255208,53.61464567057291,53.61865616861979
2023-07-26 15:49:25.378410,5338905.0,5339354.0,51.66474373372396,51.66874377441406,53.62768977864584,53.63168981933594
2023-07-26 15:49:25.391434,5338908.0,5339357.0,51.67778784179688,51.68178788248698,53.640733846028645,53.64473392740885
2023-07-26 15:49:25.404772,5338911.0,5339360.0,51.690831909179686,51.694831949869794,53.653777954101564,53.657777994791665
2023-07-26 15:49:25.417174,5338914.0,5339363.0,51.70387585449218,51.70787585449219,53.66682169596354,53.67082177734375
2023-07-26 15:49:25.430644,5338917.0,5339366.0,51.71691975911458,51.72091979980469,53.67986580403646,53.68386584472657
2023-07-26 15:49:25.444054,5338920.0,5339369.0,51.729963826497396,51.7339639078776,53.692909871419275,53.69690995279948
2023-07-26 15:49:25.456328,5338923.0,5339372.0,51.743007934570315,51.747007975260416,53.705953857421875,53.70995385742187
2023-07-26 15:49:25.469951,5338926.0,5339375.0,51.75605167643229,51.7600517578125,53.718997721354164,53.72299776204427
2023-07-26 15:49:25.482462,5338929.0,5339378.0,51.769095784505204,51.77309582519531,53.73204182942708,53.736041870117184
2023-07-26 15:49:25.495528,5338932.0,5339381.0,51.78213985188802,51.78613993326823,53.74508589680989,53.749085937500006
2023-07-26 15:49:25.508619,5338935.0,5339384.0,51.79518395996094,51.79918400065104,53.758129638671875,53.76212972005208
2023-07-26 15:49:25.522290,5338938.0,5339387.0,51.808227701822915,51.81222774251302,53.771173746744786,53.7751737874349
2023-07-26 15:49:25.534377,5338941.0,5339390.0,51.82127180989583,51.825271850585935,53.78421781412761,53.78821789550781
2023-07-26 15:49:25.547573,5338944.0,5339393.0,51.83431587727864,51.83831591796875,53.79726192220052,53.80126196289063
2023-07-26 15:49:25.560636,5338947.0,5339396.0,51.84735998535157,51.85136002604167,53.810305664062504,53.81430574544271
2023-07-26 15:49:25.573783,5338950.0,5339399.0,51.86040372721354,51.864403767903646,53.823349772135415,53.82734981282552
2023-07-26 15:49:25.587271,5338953.0,5339402.0,51.87345821126302,51.87745829264323,53.83639383951822,53.84039392089844
2023-07-26 15:49:25.600496,5338956.0,5339405.0,51.88649190266927,51.89049194335937,53.84943794759115,53.85343798828125
2023-07-26 15:49:25.613453,5338959.0,5339408.0,51.899535970052085,51.90353601074219,53.862481689453126,53.86648173014323
2023-07-26 15:49:25.626409,5338962.0,5339411.0,51.91257975260417,51.91657979329427,53.875525797526045,53.879525838216146
2023-07-26 15:49:25.639416,5338965.0,5339414.0,51.92562381998698,51.92962390136719,53.88856986490885,53.892569905598954
2023-07-26 15:49:25.652323,5338968.0,5339417.0,51.9386679280599,51.94266796875,53.90161397298177,53.90561401367188
2023-07-26 15:49:25.665514,5338971.0,5339420.0,51.95171179199219,51.95571179199219,53.91465771484375,53.91865775553385
2023-07-26 15:49:25.678643,5338974.0,5339423.0,51.964755777994796,51.9687558186849,53.92770178222656,53.93170186360677
2023-07-26 15:49:25.691764,5338977.0,5339426.0,51.977799845377604,51.981799886067705,53.940745890299475,53.94474593098958
2023-07-26 15:49:25.704994,5338980.0,5339429.0,51.99084395345052,51.99484399414063,53.953789794921875,53.95778979492187
2023-07-26 15:49:25.721970,5338983.0,5339432.0,52.0038876953125,52.0078877360026,53.96683374023437,53.97083378092448
2023-07-26 15:49:25.734924,5338987.0,5339436.0,52.02127982584636,52.02527986653646,53.984225830078124,53.98822591145833
2023-07-26 15:49:25.751866,5338990.0,5339439.0,52.034323893229164,52.038323933919266,53.99726993815104,54.001269978841144
2023-07-26 15:49:25.765820,5338994.0,5339443.0,52.05171569824219,52.05571573893229,54.01466170247396,54.018661783854164
2023-07-26 15:49:25.778776,5338997.0,5339446.0,52.064759765625,52.06875980631511,54.02770581054688,54.03170585123698
2023-07-26 15:49:25.791733,5339000.0,5339449.0,52.07780387369792,52.08180391438802,54.04076029459636,54.044760375976566
2023-07-26 15:49:25.804745,5339003.0,5339452.0,52.09084794108073,52.09484798177083,54.05379370117188,54.057793701171875
2023-07-26 15:49:25.817646,5339006.0,5339455.0,52.10389168294271,52.107891764322915,54.06683772786458,54.070837809244786
2023-07-26 15:49:25.830650,5339009.0,5339458.0,52.11693579101563,52.12093583170573,54.0798818359375,54.0838818766276
2023-07-26 15:49:25.843558,5339012.0,5339461.0,52.129979858398436,52.13397993977865,54.092925903320314,54.09692598470052
2023-07-26 15:49:25.856514,5339015.0,5339464.0,52.143023966471354,52.147024007161455,54.105969685872395,54.109969726562504
2023-07-26 15:49:25.869471,5339018.0,5339467.0,52.15606770833333,52.16006778971354,54.11901375325521,54.12301379394531
2023-07-26 15:49:25.882428,5339021.0,5339470.0,52.16911181640625,52.17311185709636,54.13205786132812,54.13605790201823
2023-07-26 15:49:25.895384,5339024.0,5339473.0,52.182155883789065,52.18615596516927,54.14510192871094,54.149101969401045
2023-07-26 15:49:25.909341,5339027.0,5339476.0,52.195199991861976,52.199200032552085,54.158145670572914,54.162156168619795
2023-07-26 15:49:25.921700,5339030.0,5339479.0,52.20824373372396,52.21224377441406,54.17118977864584,54.17518981933594
2023-07-26 15:49:25.934785,5339033.0,5339482.0,52.22128784179687,52.22528788248698,54.18423384602865,54.18823392740885
2023-07-26 15:49:25.947869,5339036.0,5339485.0,52.23433190917969,52.238331949869796,54.19727795410156,54.20127799479167
2023-07-26 15:49:25.961110,5339039.0,5339488.0,52.247375854492184,52.25137585449219,54.21032169596354,54.21432177734375
2023-07-26 15:49:25.974363,5339042.0,5339491.0,52.26041975911458,52.26441979980469,54.22336580403646,54.22736584472656
2023-07-26 15:49:25.986689,5339045.0,5339494.0,52.2734638264974,52.2774639078776,54.236409871419276,54.24040995279948
2023-07-26 15:49:25.999779,5339048.0,5339497.0,52.28650793457031,52.29050797526042,54.24945385742188,54.253453857421874
2023-07-26 15:49:26.012917,5339051.0,5339500.0,52.299551676432294,52.3035517578125,54.262497721354165,54.26649776204427
2023-07-26 15:49:26.026019,5339054.0,5339503.0,52.312595784505206,52.31659582519531,54.275541829427084,54.279541870117185
2023-07-26 15:49:26.039042,5339057.0,5339506.0,52.32563985188802,52.32963993326823,54.28858589680989,54.2925859375
2023-07-26 15:49:26.052327,5339060.0,5339509.0,52.33868395996094,52.34268400065104,54.301629638671876,54.30562972005208
2023-07-26 15:49:26.065522,5339063.0,5339512.0,52.35172770182292,52.355727742513025,54.31467374674479,54.318673787434896
2023-07-26 15:49:26.078934,5339066.0,5339515.0,52.364771809895835,52.36877185058594,54.3277178141276,54.331717895507815
2023-07-26 15:49:26.091343,5339069.0,5339518.0,52.37781587727864,52.381815917968744,54.34076192220052,54.34476196289062
2023-07-26 15:49:26.104586,5339072.0,5339521.0,52.39085998535156,52.39486002604167,54.3538056640625,54.35780574544271
2023-07-26 15:49:26.117892,5339075.0,5339524.0,52.40390372721354,52.40790376790364,54.36684977213542,54.37084981282552
2023-07-26 15:49:26.130389,5339078.0,5339527.0,52.416958211263015,52.420958292643235,54.379893839518225,54.383893920898444
2023-07-26 15:49:26.143393,5339081.0,5339530.0,52.42999190266927,52.43399194335937,54.39293794759114,54.39693798828125
2023-07-26 15:49:26.156764,5339084.0,5339533.0,52.44303597005208,52.44703601074219,54.40598168945313,54.40998173014323
2023-07-26 15:49:26.170177,5339087.0,5339536.0,52.45607975260417,52.46007979329427,54.41902579752604,54.42302583821615
2023-07-26 15:49:26.182268,5339090.0,5339539.0,52.46912381998698,52.47312390136719,54.432069864908854,54.436069905598956
2023-07-26 15:49:26.195302,5339093.0,5339542.0,52.4821679280599,52.48616796875,54.44511397298177,54.449114013671874
2023-07-26 15:49:26.209064,5339096.0,5339545.0,52.49521179199219,52.49921179199219,54.45815771484375,54.46215775553385
2023-07-26 15:49:26.222094,5339099.0,5339548.0,52.50825577799479,52.5122558186849,54.471201782226565,54.47520186360677
2023-07-26 15:49:26.235192,5339102.0,5339551.0,52.521299845377605,52.52529988606771,54.484245890299476,54.48824593098958
2023-07-26 15:49:26.248461,5339105.0,5339554.0,52.534343953450524,52.538343994140625,54.497289794921876,54.501289794921874
2023-07-26 15:49:26.261491,5339108.0,5339557.0,52.5473876953125,52.5513877360026,54.51033374023437,54.514333780924474
2023-07-26 15:49:26.273827,5339111.0,5339560.0,52.560431762695316,52.56443184407552,54.52337780761719,54.52737788899739
2023-07-26 15:49:26.287406,5339114.0,5339563.0,52.57347587076823,52.577475911458336,54.536421915690106,54.54042195638021
2023-07-26 15:49:26.299720,5339117.0,5339566.0,52.58651993815104,52.59052001953125,54.54946565755208,54.55346569824219
2023-07-26 15:49:26.312766,5339120.0,5339569.0,52.599563720703124,52.603563761393225,54.562509765625,54.5665098063151
2023-07-26 15:49:26.326119,5339123.0,5339572.0,52.61260778808593,52.61660786946615,54.57555383300781,54.57955387369792
2023-07-26 15:49:26.339566,5339126.0,5339575.0,52.62565189615886,52.62965193684896,54.588597941080735,54.59259798177084
2023-07-26 15:49:26.352802,5339129.0,5339578.0,52.638695963541664,52.64269604492188,54.601641682942706,54.605641723632814
2023-07-26 15:49:26.365740,5339132.0,5339581.0,52.65173974609375,52.655739786783855,54.61468575032552,54.61868583170573
2023-07-26 15:49:26.378875,5339135.0,5339584.0,52.66478381347656,52.66878385416667,54.62772985839844,54.63172989908854
2023-07-26 15:49:26.391277,5339138.0,5339587.0,52.67782792154948,52.68182796223959,54.64077392578125,54.64477400716146
2023-07-26 15:49:26.404677,5339141.0,5339590.0,52.69087194824219,52.69487194824219,54.653817708333335,54.65781774902344
2023-07-26 15:49:26.417127,5339144.0,5339593.0,52.703915730794265,52.707915812174484,54.66686177571614,54.670861857096355
2023-07-26 15:49:26.430264,5339147.0,5339596.0,52.71695983886719,52.72095987955729,54.67990588378907,54.68390592447917
2023-07-26 15:49:26.443557,5339150.0,5339599.0,52.73000390625,52.73400398763021,54.692949951171876,54.696949951171874
2023-07-26 15:49:26.456954,5339153.0,5339602.0,52.74304772949219,52.74704772949219,54.70599373372396,54.70999377441406
2023-07-26 15:49:26.470034,5339156.0,5339605.0,52.756091756184894,52.7600918375651,54.71903780110677,54.723037841796874
2023-07-26 15:49:26.483006,5339159.0,5339608.0,52.76913586425781,52.773135904947914,54.73208190917968,54.73608194986979
2023-07-26 15:49:26.496173,5339162.0,5339611.0,52.78217993164063,52.78618001302083,54.745125732421876,54.749125732421874
2023-07-26 15:49:26.508499,5339165.0,5339614.0,52.79522371419271,52.79922375488281,54.758169718424476,54.76216979980469
2023-07-26 15:49:26.521822,5339168.0,5339617.0,52.80826778157552,52.812267822265625,54.771213826497394,54.7752138671875
2023-07-26 15:49:26.535227,5339171.0,5339620.0,52.821311889648435,52.825311930338536,54.78425789388021,54.788257975260414
2023-07-26 15:49:26.548399,5339174.0,5339623.0,52.83435595703125,52.83835599772136,54.79730167643229,54.8013017171224
2023-07-26 15:49:26.561396,5339177.0,5339626.0,52.84739969889323,52.85139978027343,54.810345743815105,54.81434582519531
2023-07-26 15:49:26.574670,5339180.0,5339629.0,52.860443806966146,52.864443847656254,54.82338985188802,54.827389892578125
2023-07-26 15:49:26.586843,5339183.0,5339632.0,52.87348787434896,52.877487955729165,54.83643391927083,54.840434000651044
2023-07-26 15:49:26.599852,5339186.0,5339635.0,52.88653198242187,52.89053202311198,54.84947770182292,54.85347774251302
2023-07-26 15:49:26.613416,5339189.0,5339638.0,52.89957572428386,52.90357580566406,54.86252176920573,54.866521809895836
2023-07-26 15:49:26.626590,5339192.0,5339641.0,52.912619832356775,52.916619873046876,54.875565877278646,54.87956591796875
2023-07-26 15:49:26.638977,5339195.0,5339644.0,52.92566389973958,52.929663981119795,54.88860994466146,54.89260998535156
2023-07-26 15:49:26.652396,5339198.0,5339647.0,52.93870788574219,52.94270788574219,54.90165368652344,54.905653767903644
2023-07-26 15:49:26.665507,5339201.0,5339650.0,52.95175174967448,52.95575179036459,54.91470821126302,54.91870825195312
2023-07-26 15:49:26.678848,5339204.0,5339653.0,52.9647958577474,52.9687958984375,54.927741861979165,54.93174194335937
2023-07-26 15:49:26.691837,5339207.0,5339656.0,52.97783992513021,52.98183996582031,54.940785888671876,54.94478588867187
2023-07-26 15:49:26.704230,5339210.0,5339659.0,52.99088366699219,52.994883748372395,54.95382971191406,54.957829793294266
2023-07-26 15:49:26.717558,5339213.0,5339662.0,53.00392777506511,53.00792781575521,54.96687381998698,54.97087386067709
2023-07-26 15:49:26.730822,5339216.0,5339665.0,53.016971842447916,53.02097192382812,54.979917887369794,54.98391796875
2023-07-26 15:49:26.744171,5339219.0,5339668.0,53.030015950520834,53.034015991210936,54.992961669921876,54.996961710611984
2023-07-26 15:49:26.756407,5339222.0,5339671.0,53.04305969238281,53.04705977376302,55.00600573730469,55.01000577799479
2023-07-26 15:49:26.769978,5339225.0,5339674.0,53.05610380045572,53.06010384114584,55.0190498453776,55.02304988606771
2023-07-26 15:49:26.783192,5339228.0,5339677.0,53.06914786783854,53.07314794921875,55.032093912760416,55.036093953450525
2023-07-26 15:49:26.796260,5339231.0,5339680.0,53.082191975911456,53.086192016601565,55.045137654622394,55.0491377360026
2023-07-26 15:49:26.809286,5339234.0,5339683.0,53.09523571777344,53.09923575846354,55.05818176269531,55.06218180338542
2023-07-26 15:49:26.821693,5339237.0,5339686.0,53.10827982584635,53.11227986653646,55.07122587076823,55.07522591145833
2023-07-26 15:49:26.834970,5339240.0,5339689.0,53.12132389322917,53.12532393391927,55.08426993815104,55.08826997884115
2023-07-26 15:49:26.848284,5339243.0,5339692.0,53.134368001302086,53.13836804199219,55.09731368001302,55.10131376139323
2023-07-26 15:49:26.861571,5339246.0,5339695.0,53.14741174316406,53.151411783854165,55.110357788085935,55.11435782877604
2023-07-26 15:49:26.873994,5339249.0,5339698.0,53.16045581054688,53.16445589192708,55.12340185546875,55.12740193684896
2023-07-26 15:49:26.887253,5339252.0,5339701.0,53.17351033528646,53.17751037597657,55.13644596354167,55.14044600423177
2023-07-26 15:49:26.900274,5339255.0,5339704.0,53.18654382324219,53.19054382324219,55.149489705403646,55.15348974609375
2023-07-26 15:49:26.913701,5339258.0,5339707.0,53.199587768554686,53.20358780924479,55.162533813476564,55.166533854166666
2023-07-26 15:49:26.925999,5339261.0,5339710.0,53.2126318359375,53.216631917317706,55.17557788085937,55.17957792154947
2023-07-26 15:49:26.939584,5339264.0,5339713.0,53.22567594401042,53.22967598470052,55.188621826171875,55.19262182617188
2023-07-26 15:49:26.952872,5339267.0,5339716.0,53.2387196858724,53.2427197265625,55.20166573079427,55.20566577148437
2023-07-26 15:49:26.965329,5339270.0,5339719.0,53.251763793945315,53.25576383463542,55.21470979817708,55.218709879557295
2023-07-26 15:49:26.978675,5339273.0,5339722.0,53.26480786132812,53.268807902018224,55.22775390625,55.2317539469401
2023-07-26 15:49:26.991979,5339276.0,5339725.0,53.27785196940104,53.28185201009115,55.24079764811198,55.24479772949219
2023-07-26 15:49:27.004153,5339279.0,5339728.0,53.29090612792969,53.29490616861979,55.25384175618489,55.257841796875
2023-07-26 15:49:27.017488,5339282.0,5339731.0,53.303939778645834,53.307939860026046,55.266885823567705,55.27088590494791
2023-07-26 15:49:27.030731,5339285.0,5339734.0,53.31698388671875,53.320983927408854,55.27992993164062,55.28392997233073
2023-07-26 15:49:27.044178,5339288.0,5339737.0,53.33002795410156,53.33402803548177,55.29297367350261,55.29697371419271
2023-07-26 15:49:27.056579,5339291.0,5339740.0,53.34307173665365,53.34707177734375,55.30601778157552,55.31001782226563
2023-07-26 15:49:27.069950,5339294.0,5339743.0,53.35611580403646,53.36011588541667,55.319061848958334,55.323061889648436
2023-07-26 15:49:27.082324,5339297.0,5339746.0,53.369159912109374,53.37315995279948,55.33210595703125,55.336105997721354
2023-07-26 15:49:27.095648,5339300.0,5339749.0,53.38220397949219,53.38620397949219,55.34514969889323,55.34914973958333
2023-07-26 15:49:27.108702,5339303.0,5339752.0,53.39524776204427,53.39924780273437,55.358193766276045,55.36219380696615
2023-07-26 15:49:27.121951,5339306.0,5339755.0,53.408291829427085,53.41229187011719,55.37123787434896,55.37523791503906
2023-07-26 15:49:27.135072,5339309.0,5339758.0,53.421335937500004,53.425335978190105,55.38428194173177,55.38828198242187
2023-07-26 15:49:27.148107,5339312.0,5339761.0,53.43437976074219,53.43837976074219,55.39732572428385,55.401325764973954
2023-07-26 15:49:27.161296,5339315.0,5339764.0,53.44742374674479,53.451423828125,55.41036979166667,55.41436987304688
2023-07-26 15:49:27.174634,5339318.0,5339767.0,53.46046785481771,53.46446789550781,55.423413899739586,55.42741394042969
2023-07-26 15:49:27.191715,5339321.0,5339770.0,53.47351192220052,53.47751200358073,55.436457763671875,55.44045776367188
2023-07-26 15:49:27.204738,5339325.0,5339774.0,53.49090372721354,53.494903767903644,55.45384977213541,55.457849812825515
2023-07-26 15:49:27.217198,5339328.0,5339777.0,53.50395821126302,53.50795829264323,55.46689383951823,55.47089392089844
2023-07-26 15:49:27.230385,5339331.0,5339780.0,53.51699190266927,53.52099194335937,55.47993794759115,55.48393798828125
2023-07-26 15:49:27.243649,5339334.0,5339783.0,53.53003597005208,53.534036010742184,55.492981689453124,55.49698173014323
2023-07-26 15:49:27.256944,5339337.0,5339786.0,53.543079752604164,53.547079793294266,55.50602579752604,55.510025838216144
2023-07-26 15:49:27.270191,5339340.0,5339789.0,53.55612381998698,53.56012390136719,55.51906986490885,55.52306990559896
2023-07-26 15:49:27.282513,5339343.0,5339792.0,53.5691679280599,53.57316796875,55.53211397298177,55.53611401367188
2023-07-26 15:49:27.299985,5339346.0,5339795.0,53.58221179199219,53.58621179199219,55.54515771484375,55.54915775553385
2023-07-26 15:49:27.313527,5339350.0,5339799.0,53.599603800455725,53.60360384114583,55.5625498453776,55.566549886067705
2023-07-26 15:49:27.325988,5339353.0,5339802.0,53.61264786783854,53.61664794921875,55.57559391276042,55.57959395345053
2023-07-26 15:49:27.339317,5339356.0,5339805.0,53.62569197591146,53.62969201660156,55.588637654622396,55.5926377360026
2023-07-26 15:49:27.352786,5339359.0,5339808.0,53.638735717773436,53.642735758463544,55.601681762695314,55.60568180338542
2023-07-26 15:49:27.365019,5339362.0,5339811.0,53.651779825846354,53.655779866536456,55.61472583007812,55.618725911458334
2023-07-26 15:49:27.378156,5339365.0,5339814.0,53.66482389322916,53.66882393391927,55.62776993815104,55.63176997884114
2023-07-26 15:49:27.391579,5339368.0,5339817.0,53.67786800130209,53.68186804199219,55.64081368001302,55.64481376139323
2023-07-26 15:49:27.404643,5339371.0,5339820.0,53.69091174316406,53.69491178385417,55.653857788085936,55.657857828776045
2023-07-26 15:49:27.418074,5339374.0,5339823.0,53.70395581054687,53.707955891927085,55.666901855468744,55.67090193684896
2023-07-26 15:49:27.430173,5339377.0,5339826.0,53.71701033528646,53.72101037597656,55.67994596354167,55.68394600423177
2023-07-26 15:49:27.443507,5339380.0,5339829.0,53.730043823242184,53.73404382324219,55.69298970540365,55.69698974609375
2023-07-26 15:49:27.456751,5339383.0,5339832.0,53.74308776855469,53.74708780924479,55.706033813476566,55.71003385416667
2023-07-26 15:49:27.470212,5339386.0,5339835.0,53.756131835937495,53.76013191731771,55.71907788085937,55.723077921549475
2023-07-26 15:49:27.482488,5339389.0,5339838.0,53.76917594401042,53.77317598470052,55.73212182617188,55.736121826171875
2023-07-26 15:49:27.496069,5339392.0,5339841.0,53.7822196858724,53.7862197265625,55.74516573079427,55.74916577148437
2023-07-26 15:49:27.509288,5339395.0,5339844.0,53.79526379394532,53.79926383463542,55.758209798177084,55.76220987955729
2023-07-26 15:49:27.522417,5339398.0,5339847.0,53.808307861328124,53.812307902018226,55.77125390625,55.775253946940104
2023-07-26 15:49:27.535464,5339401.0,5339850.0,53.82135196940104,53.825352010091144,55.78429764811198,55.788297729492186
2023-07-26 15:49:27.552710,5339404.0,5339853.0,53.83440612792969,53.83840616861979,55.79734175618489,55.801341796875
2023-07-26 15:49:27.565321,5339408.0,5339857.0,53.85178784179688,53.85578788248698,55.814733846028645,55.81873392740885
2023-07-26 15:49:27.578512,5339411.0,5339860.0,53.864831909179685,53.868831949869794,55.82777795410156,55.831777994791665
2023-07-26 15:49:27.591865,5339414.0,5339863.0,53.87787585449219,53.881875854492186,55.84082169596354,55.844821777343746
2023-07-26 15:49:27.604211,5339417.0,5339866.0,53.89091975911458,53.89491979980469,55.85386580403646,55.85786584472657
2023-07-26 15:49:27.617382,5339420.0,5339869.0,53.903963826497396,53.9079639078776,55.866909871419274,55.87090995279948
2023-07-26 15:49:27.630898,5339423.0,5339872.0,53.917007934570314,53.921007975260416,55.879953857421874,55.88395385742188
2023-07-26 15:49:27.644073,5339426.0,5339875.0,53.93005167643229,53.9340517578125,55.89299772135416,55.89699776204427
2023-07-26 15:49:27.656425,5339429.0,5339878.0,53.9430957845052,53.94709582519531,55.90604182942708,55.91004187011718
2023-07-26 15:49:27.669656,5339432.0,5339881.0,53.95613985188802,53.96013993326823,55.91908589680989,55.923085937500005
2023-07-26 15:49:27.682938,5339435.0,5339884.0,53.96918395996094,53.973184000651045,55.932129638671874,55.93612972005208
2023-07-26 15:49:27.696237,5339438.0,5339887.0,53.98222770182292,53.98622774251302,55.945173746744786,55.9491737874349
2023-07-26 15:49:27.708621,5339441.0,5339890.0,53.99527180989583,53.99927185058594,55.95821781412761,55.96221789550781
2023-07-26 15:49:27.726829,5339444.0,5339893.0,54.00831587727864,54.01231591796875,55.97126192220052,55.97526196289063
2023-07-26 15:49:27.739081,5339448.0,5339897.0,54.025707885742186,54.02970788574219,55.988653686523435,55.99265376790364
2023-07-26 15:49:27.752557,5339451.0,5339900.0,54.03875174967448,54.04275179036458,56.001708211263015,56.00570825195312
2023-07-26 15:49:27.769782,5339454.0,5339903.0,54.05179585774739,54.0557958984375,56.01474186197917,56.01874194335937
2023-07-26 15:49:27.782664,5339458.0,5339907.0,54.069187947591146,54.07318802897135,56.03213366699219,56.03613370768229
2023-07-26 15:49:27.795721,5339461.0,5339910.0,54.08223173014323,54.086231770833336,56.045177734374995,56.04917781575521
2023-07-26 15:49:27.809115,5339464.0,5339913.0,54.09527579752604,54.099275838216144,56.058221842447914,56.06222188313802
2023-07-26 15:49:27.821638,5339467.0,5339916.0,54.108319905598954,54.11231994628906,56.07126590983073,56.075265991210934
2023-07-26 15:49:27.839120,5339470.0,5339919.0,54.121363972981776,54.12536401367188,56.08430969238281,56.08830973307292
2023-07-26 15:49:27.852186,5339474.0,5339923.0,54.138755777994795,54.1427558186849,56.10170178222656,56.105701863606775
2023-07-26 15:49:27.865745,5339477.0,5339926.0,54.1517998453776,54.155799886067705,56.114745890299474,56.11874593098958
2023-07-26 15:49:27.883085,5339480.0,5339929.0,54.16484395345052,54.16884399414063,56.127789794921874,56.13178979492187
2023-07-26 15:49:27.895542,5339484.0,5339933.0,54.18223571777344,54.18623575846354,56.145181762695316,56.14918180338542
2023-07-26 15:49:27.908615,5339487.0,5339936.0,54.195279825846356,54.19927986653646,56.15822583007812,56.162225911458336
2023-07-26 15:49:27.921754,5339490.0,5339939.0,54.208323893229164,54.212323933919265,56.17126993815104,56.17526997884114
2023-07-26 15:49:27.935196,5339493.0,5339942.0,54.22136800130208,54.22536804199219,56.18431368001302,56.188313761393225
2023-07-26 15:49:27.948249,5339496.0,5339945.0,54.23441174316406,54.23841178385416,56.19735778808593,56.20135782877605
2023-07-26 15:49:27.960896,5339499.0,5339948.0,54.247455810546874,54.25145589192709,56.21040189615886,56.21440193684896
2023-07-26 15:49:27.974232,5339502.0,5339951.0,54.26051033528646,54.26451037597656,56.223445963541664,56.22744600423177
2023-07-26 15:49:27.987387,5339505.0,5339954.0,54.273543823242186,54.27754382324219,56.23648970540365,56.24048974609375
2023-07-26 15:49:28.004733,5339508.0,5339957.0,54.28658776855468,54.29058780924479,56.24953381347656,56.25353385416667
2023-07-26 15:49:28.018048,5339512.0,5339961.0,54.303979858398435,54.30797993977865,56.26692590332031,56.27092598470052
2023-07-26 15:49:28.030377,5339515.0,5339964.0,54.31702396647135,54.321024007161455,56.279969685872395,56.2839697265625
2023-07-26 15:49:28.043817,5339518.0,5339967.0,54.33006770833333,54.334067789713544,56.29301375325521,56.29701379394531
2023-07-26 15:49:28.057277,5339521.0,5339970.0,54.34311181640626,54.34711185709636,56.30605786132812,56.31005790201823
2023-07-26 15:49:28.074491,5339524.0,5339973.0,54.356155883789064,54.36015596516927,56.31910192871094,56.323101969401044
2023-07-26 15:49:28.086772,5339528.0,5339977.0,54.37354772949219,54.377547729492186,56.336493733723955,56.340493774414064
2023-07-26 15:49:28.100222,5339531.0,5339980.0,54.38659175618489,54.390591837565104,56.34953780110677,56.35353784179687
2023-07-26 15:49:28.117568,5339534.0,5339983.0,54.39963586425781,54.40363590494791,56.36258190917968,56.3665819498698
2023-07-26 15:49:28.131022,5339538.0,5339987.0,54.41702795410156,54.42102803548177,56.379973673502604,56.38397371419271
2023-07-26 15:49:28.144024,5339541.0,5339990.0,54.430071736653645,54.434071777343746,56.39301778157552,56.397017822265624
2023-07-26 15:49:28.156413,5339544.0,5339993.0,54.44311580403646,54.44711588541667,56.40606184895833,56.41006188964843
2023-07-26 15:49:28.169817,5339547.0,5339996.0,54.45615991210938,54.46015995279948,56.41910595703125,56.42310599772136
2023-07-26 15:49:28.182812,5339550.0,5339999.0,54.469203979492185,54.47320397949219,56.43214969889323,56.43614973958333
2023-07-26 15:49:28.200170,5339553.0,5340002.0,54.482247762044274,54.486247802734376,56.44519376627604,56.449193847656254
2023-07-26 15:49:28.213573,5339557.0,5340006.0,54.49963985188802,54.50363993326823,56.46258589680989,56.46658593750001
2023-07-26 15:49:28.226087,5339560.0,5340009.0,54.51268395996094,54.51668400065104,56.475629638671876,56.47962972005208
2023-07-26 15:49:28.244048,5339563.0,5340012.0,54.525727701822916,54.529727742513025,56.48867374674479,56.492673787434896
2023-07-26 15:49:28.256531,5339567.0,5340016.0,54.54311983235677,54.547119873046874,56.506065877278644,56.510065917968745
2023-07-26 15:49:28.269669,5339570.0,5340019.0,54.55616389973959,54.56016398111979,56.51910994466146,56.52310998535157
2023-07-26 15:49:28.282865,5339573.0,5340022.0,54.56920788574219,54.573207885742185,56.532153686523436,56.53615376790364
2023-07-26 15:49:28.300409,5339576.0,5340025.0,54.582251749674484,54.586251790364585,56.54520821126302,56.54920825195312
2023-07-26 15:49:28.313648,5339580.0,5340029.0,54.59964388020833,54.60364392089844,56.56258992513021,56.56658996582031
2023-07-26 15:49:28.330692,5339583.0,5340032.0,54.61268794759115,54.61668802897135,56.57563366699219,56.57963370768229
2023-07-26 15:49:28.343434,5339587.0,5340036.0,54.63007975260417,54.63407979329427,56.593025797526046,56.59702583821615
2023-07-26 15:49:28.356837,5339590.0,5340039.0,54.64312381998698,54.64712390136719,56.606069864908854,56.610069905598955
2023-07-26 15:49:28.370121,5339593.0,5340042.0,54.6561679280599,54.66016796875,56.61911397298177,56.623114013671874
2023-07-26 15:49:28.383298,5339596.0,5340045.0,54.66921179199219,54.67321179199219,56.63215771484375,56.63615775553385
2023-07-26 15:49:28.400485,5339599.0,5340048.0,54.6822557779948,54.6862558186849,56.645201782226565,56.64920186360677
2023-07-26 15:49:28.413631,5339603.0,5340052.0,54.699647867838536,54.703647949218755,56.66259391276042,56.66659395345052
2023-07-26 15:49:28.426846,5339606.0,5340055.0,54.71269197591146,54.71669201660156,56.67563765462239,56.679637736002604
2023-07-26 15:49:28.444198,5339609.0,5340058.0,54.72573571777344,54.72973575846354,56.68868176269532,56.69268180338542
2023-07-26 15:49:28.456618,5339613.0,5340062.0,54.74312784830729,54.74712788899739,56.70607389322917,56.71007393391927
2023-07-26 15:49:28.470049,5339616.0,5340065.0,54.7561719156901,54.760171997070316,56.71911791992188,56.723117919921876
2023-07-26 15:49:28.483273,5339619.0,5340068.0,54.76921569824219,54.773215738932294,56.73216170247396,56.736161783854165
2023-07-26 15:49:28.500331,5339622.0,5340071.0,54.782259765625,54.78625980631511,56.74520581054688,56.74920585123698
2023-07-26 15:49:28.513787,5339626.0,5340075.0,54.799651896158856,54.80365193684896,56.762597941080735,56.766597981770836
2023-07-26 15:49:28.525902,5339629.0,5340078.0,54.812695963541664,54.816696044921876,56.775641682942705,56.779641723632814
2023-07-26 15:49:28.539293,5339632.0,5340081.0,54.82573974609375,54.829739786783854,56.78868575032553,56.79268583170573
2023-07-26 15:49:28.556552,5339635.0,5340084.0,54.83878381347656,54.84278385416667,56.80172985839844,56.80572989908854
2023-07-26 15:49:28.569767,5339639.0,5340088.0,54.85617594401042,54.86017598470052,56.81912182617188,56.82312182617188
2023-07-26 15:49:28.583391,5339642.0,5340091.0,54.869219685872395,54.8732197265625,56.832165730794266,56.836165771484374
2023-07-26 15:49:28.600715,5339645.0,5340094.0,54.88226379394531,54.886263834635415,56.84520979817709,56.84920987955729
2023-07-26 15:49:28.613101,5339649.0,5340098.0,54.899655883789066,54.90365596516927,56.86260192871094,56.866601969401046
2023-07-26 15:49:28.626493,5339652.0,5340101.0,54.91269999186198,54.916700032552086,56.875645670572915,56.87965616861979
2023-07-26 15:49:28.643699,5339655.0,5340104.0,54.925743733723955,54.929743774414064,56.88868977864583,56.89268981933594
2023-07-26 15:49:28.657472,5339659.0,5340108.0,54.94313586425781,54.94713590494791,56.90608190917968,56.91008194986979
2023-07-26 15:49:28.673863,5339662.0,5340111.0,54.95617993164063,54.96018001302083,56.919125732421875,56.92312573242187
2023-07-26 15:49:28.687017,5339666.0,5340115.0,54.973571736653646,54.97757177734375,56.936517781575525,56.940517822265626
2023-07-26 15:49:28.700363,5339669.0,5340118.0,54.98661580403646,54.990615885416666,56.94956184895833,56.953561889648434
2023-07-26 15:49:28.717358,5339672.0,5340121.0,54.99965991210938,55.00365995279948,56.96260595703125,56.96660599772136
2023-07-26 15:49:28.730474,5339676.0,5340125.0,55.017051676432295,55.0210517578125,56.97999772135417,56.98399776204427
2023-07-26 15:49:28.743430,5339679.0,5340128.0,55.03009578450521,55.03409582519531,56.993041829427085,56.99704187011719
2023-07-26 15:49:28.760672,5339682.0,5340131.0,55.04313985188802,55.047139933268234,57.00608589680989,57.0100859375
2023-07-26 15:49:28.774053,5339686.0,5340135.0,55.06053198242187,55.06453202311198,57.02347770182292,57.02747774251302
2023-07-26 15:49:28.787227,5339689.0,5340138.0,55.073575724283856,55.07757580566406,57.03652176920573,57.040521809895836
2023-07-26 15:49:28.804394,5339692.0,5340141.0,55.086619832356774,55.090619873046876,57.049565877278646,57.05356591796875
2023-07-26 15:49:28.817917,5339696.0,5340145.0,55.10401192220052,55.108012003580725,57.06695776367188,57.07095776367188
2023-07-26 15:49:28.831060,5339699.0,5340148.0,55.1170557047526,55.12105574544271,57.08000174967448,57.08400179036459
2023-07-26 15:49:28.843336,5339702.0,5340151.0,55.13009977213542,55.13409985351563,57.093045817057295,57.097045857747396
2023-07-26 15:49:28.861648,5339705.0,5340154.0,55.14314388020833,55.14714392089844,57.10608992513021,57.110089965820315
2023-07-26 15:49:28.874477,5339709.0,5340158.0,55.16053597005208,55.16453601074218,57.12348168945313,57.12748173014323
2023-07-26 15:49:28.887646,5339712.0,5340161.0,55.17357975260416,55.17757979329427,57.13652579752604,57.14052583821615
2023-07-26 15:49:28.900155,5339715.0,5340164.0,55.186623819986984,55.19062390136719,57.149569864908855,57.15356990559896
2023-07-26 15:49:28.917331,5339718.0,5340167.0,55.199667928059895,55.203667968750004,57.162613972981774,57.166614013671875
2023-07-26 15:49:28.930802,5339722.0,5340171.0,55.21705969238281,55.22105977376302,57.18000573730469,57.18400577799479
2023-07-26 15:49:28.944136,5339725.0,5340174.0,55.23010380045572,55.23410384114584,57.1930498453776,57.19704988606771
2023-07-26 15:49:28.957249,5339728.0,5340177.0,55.24314786783854,55.24714794921875,57.20609391276042,57.210093953450524
2023-07-26 15:49:28.974342,5339731.0,5340180.0,55.256191975911456,55.260192016601565,57.21913765462239,57.223137736002606
2023-07-26 15:49:28.987589,5339735.0,5340184.0,55.27358374023437,55.277583821614584,57.23652978515625,57.24052982584635
2023-07-26 15:49:29.004922,5339738.0,5340187.0,55.28662784830729,55.29062788899739,57.24957389322916,57.25357393391927
2023-07-26 15:49:29.017506,5339742.0,5340191.0,55.30401993815104,55.30802001953125,57.266965657552085,57.270965698242186
2023-07-26 15:49:29.030675,5339745.0,5340194.0,55.317063720703125,55.321063761393226,57.280009765625,57.284009806315105
2023-07-26 15:49:29.047753,5339748.0,5340197.0,55.33010778808593,55.33410786946615,57.29305383300781,57.29705387369791
2023-07-26 15:49:29.061565,5339752.0,5340201.0,55.34751033528646,55.35151037597657,57.31044596354167,57.31444600423177
2023-07-26 15:49:29.074620,5339755.0,5340204.0,55.36054382324219,55.36454382324219,57.323489705403645,57.327489746093754
2023-07-26 15:49:29.091966,5339758.0,5340207.0,55.373587768554685,55.37758780924479,57.336533813476564,57.340533854166665
2023-07-26 15:49:29.104306,5339762.0,5340211.0,55.39097985839844,55.39497993977864,57.35392590332032,57.35792598470052
2023-07-26 15:49:29.117545,5339765.0,5340214.0,55.40402396647136,55.40802400716146,57.3669696858724,57.3709697265625
2023-07-26 15:49:29.134899,5339768.0,5340217.0,55.417067708333335,55.42106778971354,57.38001375325521,57.384013793945314
2023-07-26 15:49:29.148436,5339772.0,5340221.0,55.43445983886719,55.43845987955729,57.39740588378906,57.40140592447917
2023-07-26 15:49:29.160836,5339775.0,5340224.0,55.44750390625,55.45150398763021,57.41044995117188,57.414449951171875
2023-07-26 15:49:29.179063,5339778.0,5340227.0,55.46054772949219,55.46454772949219,57.42349373372396,57.42749377441406
2023-07-26 15:49:29.191575,5339782.0,5340231.0,55.47793977864583,55.481939860026046,57.440885823567704,57.44488590494792
2023-07-26 15:49:29.208666,5339785.0,5340234.0,55.49098388671875,55.49498392740885,57.45392993164062,57.45792997233073
2023-07-26 15:49:29.221821,5339789.0,5340238.0,55.508375854492186,55.512375854492184,57.47132169596354,57.47532177734375
2023-07-26 15:49:29.235082,5339792.0,5340241.0,55.52141975911458,55.52541979980469,57.484365804036464,57.488365844726566
2023-07-26 15:49:29.252062,5339795.0,5340244.0,55.534463826497394,55.538463907877606,57.49740987141927,57.501409952799484
2023-07-26 15:49:29.265310,5339799.0,5340248.0,55.55185595703125,55.55585599772136,57.51480167643229,57.51880171712239
2023-07-26 15:49:29.278581,5339802.0,5340251.0,55.56489969889323,55.56889978027343,57.5278457438151,57.53184582519531
2023-07-26 15:49:29.295985,5339805.0,5340254.0,55.57794380696615,55.58194384765625,57.54088985188802,57.54488989257812
2023-07-26 15:49:29.308813,5339809.0,5340258.0,55.5953359375,55.599335978190105,57.55828194173177,57.56228198242187
2023-07-26 15:49:29.322117,5339812.0,5340261.0,55.60837976074219,55.612379760742186,57.57132572428385,57.575325764973954
2023-07-26 15:49:29.339427,5339815.0,5340264.0,55.62142374674479,55.625423828125,57.58436979166667,57.58836987304688
2023-07-26 15:49:29.352525,5339819.0,5340268.0,55.638815877278645,55.64281591796875,57.601761922200524,57.605761962890625
2023-07-26 15:49:29.369925,5339822.0,5340271.0,55.651859985351564,55.655860026041665,57.6148056640625,57.61880574544271
2023-07-26 15:49:29.383260,5339826.0,5340275.0,55.66925174967448,55.67325179036459,57.63220821126302,57.63620825195312
2023-07-26 15:49:29.395565,5339829.0,5340278.0,55.6822958577474,55.6862958984375,57.645241861979166,57.64924194335937
2023-07-26 15:49:29.413953,5339832.0,5340281.0,55.69533992513021,55.699339965820315,57.65828588867188,57.662285888671875
2023-07-26 15:49:29.426415,5339836.0,5340285.0,55.71273173014323,55.716731770833334,57.67567773437499,57.67967781575521
2023-07-26 15:49:29.443545,5339839.0,5340288.0,55.72577579752604,55.72977583821615,57.68872184244792,57.69272188313802
2023-07-26 15:49:29.457106,5339843.0,5340292.0,55.7431679280599,55.74716796875,57.706113972981775,57.71011401367188
2023-07-26 15:49:29.470170,5339846.0,5340295.0,55.756211791992186,55.76021179199219,57.719157714843746,57.723157755533855
2023-07-26 15:49:29.487237,5339849.0,5340298.0,55.76925577799479,55.773255818684895,57.73220178222657,57.73620186360677
2023-07-26 15:49:29.500820,5339853.0,5340302.0,55.78664786783854,55.79064794921875,57.74959391276042,57.753593953450526
2023-07-26 15:49:29.512905,5339856.0,5340305.0,55.79969197591146,55.80369201660156,57.762637654622395,57.7666377360026
2023-07-26 15:49:29.531053,5339859.0,5340308.0,55.812735717773435,55.816735758463544,57.775681762695314,57.77968180338542
2023-07-26 15:49:29.543469,5339863.0,5340312.0,55.83012784830729,55.83412788899739,57.79307389322916,57.797073933919265
2023-07-26 15:49:29.560794,5339866.0,5340315.0,55.84317191569011,55.84717199707031,57.806117919921874,57.81011791992188
2023-07-26 15:49:29.574024,5339870.0,5340319.0,55.86056372070313,55.86456376139323,57.823509765625005,57.827509806315106
2023-07-26 15:49:29.591199,5339873.0,5340322.0,55.873607788085934,55.877607869466146,57.83655383300781,57.840553873697914
2023-07-26 15:49:29.604238,5339877.0,5340326.0,55.89101033528646,55.89501037597657,57.85394596354167,57.85794600423177
2023-07-26 15:49:29.622362,5339880.0,5340329.0,55.90404382324219,55.90804382324219,57.86698970540365,57.87098974609375
2023-07-26 15:49:29.635401,5339884.0,5340333.0,55.921435791015625,55.925435831705734,57.884381835937496,57.888381876627605
2023-07-26 15:49:29.648500,5339887.0,5340336.0,55.93447985839844,55.938479939778645,57.89742590332031,57.90142598470052
2023-07-26 15:49:29.665692,5339890.0,5340339.0,55.94752396647135,55.95152400716146,57.9104696858724,57.9144697265625
2023-07-26 15:49:29.678942,5339894.0,5340343.0,55.96491573079427,55.96891581217448,57.927861775716146,57.93186185709636
2023-07-26 15:49:29.695886,5339897.0,5340346.0,55.977959838867186,55.981959879557294,57.940905883789064,57.94490592447917
2023-07-26 15:49:29.708843,5339901.0,5340350.0,55.99535196940104,55.99935201009115,57.95829764811198,57.962297729492185
2023-07-26 15:49:29.721799,5339904.0,5340353.0,56.00840612792969,56.01240616861979,57.97134175618489,57.975341796875
2023-07-26 15:49:29.739739,5339907.0,5340356.0,56.021439778645835,56.02543986002604,57.984385823567706,57.98838590494791
2023-07-26 15:49:29.761665,5339911.0,5340360.0,56.038831909179684,56.04283194986979,58.00177795410156,58.005777994791664
2023-07-26 15:49:29.774622,5339915.0,5340364.0,56.05622371419271,56.06022375488281,58.01916971842448,58.02316979980469
2023-07-26 15:49:29.787579,5339919.0,5340368.0,56.073615804036464,56.07761588541667,58.03656184895833,58.04056188964844
2023-07-26 15:49:29.800535,5339922.0,5340371.0,56.086659912109376,56.090659952799484,58.049605957031254,58.053605997721355
2023-07-26 15:49:29.817478,5339925.0,5340374.0,56.09970397949219,56.10370397949219,58.062649698893225,58.06664973958333
2023-07-26 15:49:29.830435,5339929.0,5340378.0,56.1170957845052,56.12109582519531,58.08004182942708,58.08404187011719
2023-07-26 15:49:29.848375,5339932.0,5340381.0,56.13013985188802,56.13413993326823,58.093085896809896,58.097085937500005
2023-07-26 15:49:29.861332,5339936.0,5340385.0,56.147531982421874,56.151532023111976,58.110477701822916,58.114477742513024
2023-07-26 15:49:29.874289,5339939.0,5340388.0,56.16057572428385,56.16457580566406,58.12352176920573,58.12752180989583
2023-07-26 15:49:29.891232,5339942.0,5340391.0,56.17361983235677,56.17761987304688,58.13656587727864,58.14056591796875
2023-07-26 15:49:29.905185,5339946.0,5340395.0,56.19101192220052,56.19501200358073,58.153957763671876,58.157957763671874
2023-07-26 15:49:29.922126,5339949.0,5340398.0,56.204055704752605,56.20805574544271,58.16700174967448,58.171001790364585
2023-07-26 15:49:29.935082,5339953.0,5340402.0,56.22145821126302,56.22545829264323,58.18439383951823,58.18839392089844
2023-07-26 15:49:29.953028,5339956.0,5340405.0,56.23449190266927,56.23849194335937,58.19743794759115,58.20143798828125
2023-07-26 15:49:29.965979,5339960.0,5340409.0,56.251883666992185,56.2558837483724,58.214829711914064,58.21882979329427
2023-07-26 15:49:29.982922,5339963.0,5340412.0,56.26492777506511,56.26892781575521,58.22787381998698,58.231873860677084
2023-07-26 15:49:30.000195,5339967.0,5340416.0,56.28231990559895,56.28631994628906,58.24526590983073,58.24926599121094
2023-07-26 15:49:30.013807,5339971.0,5340420.0,56.29971179199219,56.303711791992185,58.26265771484375,58.26665775553385
2023-07-26 15:49:30.031117,5339974.0,5340423.0,56.312755777994795,56.316755818684896,58.27570178222656,58.279701863606775
2023-07-26 15:49:30.043818,5339978.0,5340427.0,56.33014786783854,56.33414794921875,58.29309391276042,58.29709395345052
2023-07-26 15:49:30.061794,5339981.0,5340430.0,56.34319197591146,56.34719201660156,58.3061376546224,58.3101377360026
2023-07-26 15:49:30.073941,5339985.0,5340434.0,56.360583740234375,56.36458382161458,58.32352978515625,58.327529825846355
2023-07-26 15:49:30.092041,5339988.0,5340437.0,56.37362784830729,56.377627888997395,58.336573893229165,58.340573933919266
2023-07-26 15:49:30.105037,5339992.0,5340441.0,56.39101993815104,56.39502001953125,58.35396565755209,58.35796569824219
2023-07-26 15:49:30.122220,5339995.0,5340444.0,56.40406372070313,56.40806376139323,58.367009765625,58.37100980631511
2023-07-26 15:49:30.135519,5339999.0,5340448.0,56.421455810546874,56.425455891927086,58.384401855468745,58.388401936848965
2023-07-26 15:49:30.152521,5340002.0,5340451.0,56.43451033528646,56.43851037597656,58.397445963541664,58.40144600423177
2023-07-26 15:49:30.165348,5340006.0,5340455.0,56.45189168294271,56.455891764322914,58.41483772786458,58.41883780924479
2023-07-26 15:49:30.183602,5340009.0,5340458.0,56.46493579101563,56.46893583170573,58.4278818359375,58.4318818766276
2023-07-26 15:49:30.195725,5340013.0,5340462.0,56.48232792154948,56.486327962239585,58.44527392578125,58.449274007161456
2023-07-26 15:49:30.208746,5340016.0,5340465.0,56.49537194824219,56.49937194824219,58.45831770833333,58.462317749023434
2023-07-26 15:49:30.226097,5340019.0,5340468.0,56.50841573079427,56.51241581217448,58.47136177571614,58.47536185709636
2023-07-26 15:49:30.239794,5340023.0,5340472.0,56.525807861328126,56.52980790201823,58.488753906250004,58.492753946940105
2023-07-26 15:49:30.256802,5340026.0,5340475.0,56.538851969401044,56.542852010091146,58.50179764811198,58.50579772949219
2023-07-26 15:49:30.269714,5340030.0,5340479.0,56.55624373372396,56.56024377441406,58.51918977864584,58.52318981933594
2023-07-26 15:49:30.286975,5340033.0,5340482.0,56.56928784179687,56.57328788248698,58.532233846028646,58.53623392740885
2023-07-26 15:49:30.300558,5340037.0,5340486.0,56.586679931640624,56.59068001302084,58.54962573242187,58.55362573242187
2023-07-26 15:49:30.317777,5340040.0,5340489.0,56.59972371419271,56.603723754882814,58.56266971842447,58.56666979980469
2023-07-26 15:49:30.331077,5340044.0,5340493.0,56.61711580403646,56.62111588541667,58.58006184895833,58.58406188964844
2023-07-26 15:49:30.348501,5340047.0,5340496.0,56.63015991210938,56.63415995279948,58.593105957031256,58.59710599772136
2023-07-26 15:49:30.361020,5340051.0,5340500.0,56.64755167643229,56.6515517578125,58.610497721354164,58.61449776204427
2023-07-26 15:49:30.378271,5340054.0,5340503.0,56.660595784505205,56.664595825195306,58.62354182942708,58.627541870117184
2023-07-26 15:49:30.391954,5340058.0,5340507.0,56.67798787434896,56.68198795572916,58.640933919270836,58.64493400065104
2023-07-26 15:49:30.409330,5340061.0,5340510.0,56.691031982421876,56.69503202311198,58.65397770182292,58.65797774251302
2023-07-26 15:49:30.421893,5340065.0,5340514.0,56.708423746744785,56.712423828125004,58.67136979166667,58.675369873046876
2023-07-26 15:49:30.439990,5340068.0,5340517.0,56.72146785481771,56.72546789550781,58.68441389973959,58.68841394042969
2023-07-26 15:49:30.452334,5340072.0,5340521.0,56.73885998535157,56.74286002604167,58.7018056640625,58.70580574544271
2023-07-26 15:49:30.469889,5340075.0,5340524.0,56.75190372721354,56.755903767903646,58.714849772135416,58.71884981282552
2023-07-26 15:49:30.483263,5340079.0,5340528.0,56.769295857747395,56.773295898437496,58.73224186197917,58.736241943359374
2023-07-26 15:49:30.500563,5340082.0,5340531.0,56.78233992513021,56.78633996582032,58.74528588867187,58.74928588867188
2023-07-26 15:49:30.513045,5340086.0,5340535.0,56.79973173014323,56.80373177083333,58.762677734374996,58.76667781575521
2023-07-26 15:49:30.530530,5340089.0,5340538.0,56.812775797526044,56.816775838216145,58.775721842447915,58.77972188313802
2023-07-26 15:49:30.543966,5340093.0,5340542.0,56.8301679280599,56.83416796875,58.79311397298177,58.79711401367187
2023-07-26 15:49:30.561259,5340096.0,5340545.0,56.84321179199219,56.84721179199219,58.80615771484375,58.81015775553385
2023-07-26 15:49:30.574590,5340100.0,5340549.0,56.86060380045573,56.864603841145836,58.823549845377606,58.82754988606771
2023-07-26 15:49:30.592014,5340103.0,5340552.0,56.873647867838535,56.877647949218755,58.83659391276042,58.84059395345052
2023-07-26 15:49:30.605198,5340107.0,5340556.0,56.891039916992185,56.89503991699219,58.85398571777344,58.85798575846354
2023-07-26 15:49:30.622179,5340110.0,5340559.0,56.90408374023438,56.90808382161458,58.86702978515625,58.87102982584636
2023-07-26 15:49:30.634934,5340114.0,5340563.0,56.92147587076823,56.925475911458335,58.884421915690105,58.88842195638021
2023-07-26 15:49:30.652230,5340117.0,5340566.0,56.93451993815104,56.938520019531246,58.89746565755208,58.90146569824219
2023-07-26 15:49:30.665368,5340121.0,5340570.0,56.95191174316406,56.95591178385416,58.91485778808593,58.91885782877605
2023-07-26 15:49:30.682688,5340124.0,5340573.0,56.964955810546876,56.96895589192708,58.92790185546875,58.93190193684896
2023-07-26 15:49:30.695939,5340128.0,5340577.0,56.98234794108073,56.986347981770834,58.94529370117188,58.949293701171875
2023-07-26 15:49:30.714010,5340131.0,5340580.0,56.99539168294271,56.999391764322915,58.95833772786458,58.96233780924479
2023-07-26 15:49:30.731377,5340135.0,5340584.0,57.01278381347656,57.01678385416667,58.97572985839844,58.97972989908854
2023-07-26 15:49:30.743451,5340139.0,5340588.0,57.030175944010416,57.034175984700525,58.99312182617188,58.99712182617188
2023-07-26 15:49:30.761090,5340142.0,5340591.0,57.0432196858724,57.0472197265625,59.006165730794265,59.010165771484374
2023-07-26 15:49:30.778282,5340146.0,5340595.0,57.06061181640625,57.06461185709636,59.02355786132812,59.02755790201823
2023-07-26 15:49:30.795689,5340150.0,5340599.0,57.078003906250004,57.08200398763021,59.040949951171875,59.04494995117187
2023-07-26 15:49:30.809074,5340154.0,5340603.0,57.095406127929685,57.099406168619794,59.058341756184895,59.062341796874996
2023-07-26 15:49:30.826328,5340157.0,5340606.0,57.10843977864584,57.11243986002604,59.07138582356771,59.075385904947915
2023-07-26 15:49:30.839781,5340161.0,5340610.0,57.12583190917968,57.129831949869796,59.08877795410156,59.09277799479167
2023-07-26 15:49:30.856971,5340164.0,5340613.0,57.138875854492184,57.14287585449218,59.101821695963544,59.10582177734375
2023-07-26 15:49:30.869927,5340168.0,5340617.0,57.15626778157552,57.160267822265624,59.11921382649739,59.1232138671875
2023-07-26 15:49:30.887868,5340172.0,5340620.0,57.17365991210938,57.17765995279948,59.13225789388021,59.13625797526041
2023-07-26 15:49:30.904811,5340175.0,5340624.0,57.18670397949219,57.190703979492184,59.14964969889323,59.15364973958333
2023-07-26 15:49:30.917768,5340179.0,5340628.0,57.204095784505206,57.20809582519531,59.167041829427085,59.171041870117186
2023-07-26 15:49:30.935707,5340182.0,5340631.0,57.21713985188802,57.22113993326823,59.18008589680989,59.1840859375
2023-07-26 15:49:30.948664,5340186.0,5340635.0,57.23453198242187,57.23853202311198,59.19747770182292,59.20147774251302
2023-07-26 15:49:30.965606,5340189.0,5340638.0,57.247575724283855,57.25157580566406,59.210521769205734,59.214521809895835
2023-07-26 15:49:30.978563,5340193.0,5340642.0,57.26496785481771,57.268967895507814,59.22791389973958,59.23191394042969
2023-07-26 15:49:30.996510,5340196.0,5340645.0,57.27801192220052,57.282012003580725,59.24095776367188,59.24495776367188
2023-07-26 15:49:31.009460,5340200.0,5340649.0,57.29540372721354,57.29940376790364,59.25834977213541,59.26234981282552
2023-07-26 15:49:31.026403,5340203.0,5340652.0,57.308458211263016,57.312458292643235,59.271393839518225,59.27539392089844
2023-07-26 15:49:31.039359,5340207.0,5340656.0,57.32583992513021,57.32983996582031,59.288785888671875,59.29278588867187
2023-07-26 15:49:31.057299,5340210.0,5340659.0,57.33888366699219,57.342883748372394,59.30182971191406,59.30582979329427
2023-07-26 15:49:31.070256,5340214.0,5340663.0,57.356275797526045,57.36027583821615,59.31922184244792,59.32322188313802
2023-07-26 15:49:31.087199,5340217.0,5340666.0,57.36931990559896,57.37331994628906,59.33226590983073,59.33626599121094
2023-07-26 15:49:31.100164,5340221.0,5340670.0,57.38671179199219,57.39071179199219,59.34965771484375,59.35365775553385
2023-07-26 15:49:31.118097,5340224.0,5340673.0,57.39975577799479,57.4037558186849,59.362701782226566,59.36670186360677
2023-07-26 15:49:31.135039,5340228.0,5340677.0,57.41714786783854,57.421147949218756,59.38009391276042,59.384093953450524
2023-07-26 15:49:31.147996,5340232.0,5340681.0,57.434539916992186,57.438539916992184,59.397485717773435,59.401485758463544
2023-07-26 15:49:31.165936,5340235.0,5340684.0,57.44758374023437,57.451583821614584,59.41052978515625,59.41452982584635
2023-07-26 15:49:31.178892,5340239.0,5340688.0,57.46497587076823,57.46897591145833,59.427921915690106,59.43192195638021
2023-07-26 15:49:31.195836,5340242.0,5340691.0,57.47801993815104,57.48202001953125,59.440965657552084,59.44496569824219
2023-07-26 15:49:31.208792,5340246.0,5340695.0,57.49541174316406,57.499411783854164,59.458357788085934,59.46235782877604
2023-07-26 15:49:31.226732,5340249.0,5340698.0,57.50845581054688,57.51245589192708,59.47140185546875,59.47540193684896
2023-07-26 15:49:31.239689,5340253.0,5340702.0,57.525847941080734,57.529847981770835,59.48879370117188,59.49279370117188
2023-07-26 15:49:31.256632,5340256.0,5340705.0,57.538891682942705,57.54289176432292,59.50183772786458,59.50583780924479
2023-07-26 15:49:31.269588,5340260.0,5340709.0,57.55628381347656,57.56028385416667,59.51922985839844,59.52322989908854
2023-07-26 15:49:31.287528,5340263.0,5340712.0,57.56932792154947,57.57332796223959,59.53227392578125,59.53627400716146
2023-07-26 15:49:31.300485,5340267.0,5340716.0,57.586719685872396,57.590719726562504,59.54966573079427,59.55366577148437
2023-07-26 15:49:31.317428,5340270.0,5340719.0,57.599763793945314,57.603763834635416,59.56270979817708,59.566709879557294
2023-07-26 15:49:31.335369,5340274.0,5340723.0,57.61715588378907,57.62115596516927,59.58010192871094,59.58410196940105
2023-07-26 15:49:31.348324,5340278.0,5340727.0,57.63454772949219,57.63854772949219,59.59749373372396,59.60149377441406
2023-07-26 15:49:31.365268,5340281.0,5340730.0,57.647591756184895,57.6515918375651,59.61053780110677,59.614537841796874
2023-07-26 15:49:31.378225,5340285.0,5340734.0,57.66498388671875,57.66898392740885,59.62792993164063,59.63192997233073
2023-07-26 15:49:31.396164,5340288.0,5340737.0,57.67802795410156,57.68202803548177,59.64097367350261,59.64497371419271
2023-07-26 15:49:31.409121,5340292.0,5340741.0,57.69541975911458,57.699419799804694,59.658365804036464,59.662365844726565
2023-07-26 15:49:31.426065,5340295.0,5340744.0,57.70846382649739,57.712463907877606,59.67140987141927,59.675409952799484
2023-07-26 15:49:31.440018,5340299.0,5340748.0,57.72585595703125,57.72985599772136,59.68880167643229,59.69280171712239
2023-07-26 15:49:31.456961,5340302.0,5340751.0,57.73889969889323,57.74289978027343,59.7018457438151,59.70584582519531
2023-07-26 15:49:31.473904,5340306.0,5340755.0,57.756291829427084,57.760291870117186,59.719237874348956,59.723237915039064
2023-07-26 15:49:31.487859,5340310.0,5340759.0,57.77368395996094,57.77768400065104,59.73662963867187,59.740629720052084
2023-07-26 15:49:31.504800,5340313.0,5340762.0,57.78672770182292,57.79072774251302,59.74967374674479,59.7536737874349
2023-07-26 15:49:31.517758,5340317.0,5340766.0,57.804119832356776,57.80811987304688,59.76706587727865,59.77106591796875
2023-07-26 15:49:31.535697,5340320.0,5340769.0,57.81716389973958,57.821163981119795,59.78010994466146,59.78410998535156
2023-07-26 15:49:31.548654,5340324.0,5340773.0,57.8345557047526,57.83855574544271,59.79750174967448,59.80150179036458
2023-07-26 15:49:31.565597,5340327.0,5340776.0,57.84759977213541,57.85159985351563,59.81054581705729,59.8145458577474
2023-07-26 15:49:31.583535,5340331.0,5340780.0,57.86499190266927,57.868991943359376,59.827937947591145,59.83193798828125
2023-07-26 15:49:31.596492,5340335.0,5340784.0,57.88238366699219,57.886383748372396,59.84532971191406,59.84932979329427
2023-07-26 15:49:31.613435,5340338.0,5340787.0,57.89542777506511,57.89942781575521,59.85837381998698,59.86237386067709
2023-07-26 15:49:31.626850,5340342.0,5340791.0,57.91281990559896,57.91681994628906,59.875765909830726,59.87976599121094
2023-07-26 15:49:31.643823,5340345.0,5340794.0,57.92586397298177,57.929864013671875,59.888809692382814,59.892809733072916
2023-07-26 15:49:31.656570,5340349.0,5340798.0,57.94325577799479,57.947255818684894,59.90620178222657,59.91020186360677
2023-07-26 15:49:31.674764,5340352.0,5340801.0,57.9562998453776,57.96029988606771,59.91924589029948,59.92324593098958
2023-07-26 15:49:31.692101,5340356.0,5340805.0,57.97369197591146,57.977692016601566,59.936637654622395,59.9406377360026
2023-07-26 15:49:31.704434,5340360.0,5340809.0,57.99108374023437,57.99508382161458,59.95402978515625,59.95802982584635
2023-07-26 15:49:31.721876,5340363.0,5340812.0,58.00412784830729,58.00812788899739,59.96707389322916,59.971073933919264
2023-07-26 15:49:31.735532,5340367.0,5340816.0,58.021519938151044,58.02552001953125,59.984465657552086,59.98846569824219
2023-07-26 15:49:31.752995,5340370.0,5340819.0,58.034563720703126,58.03856376139323,59.997509765625004,60.001509806315106
2023-07-26 15:49:31.766109,5340374.0,5340823.0,58.05195581054688,58.055955891927084,60.01490185546875,60.01890193684896
2023-07-26 15:49:31.783412,5340377.0,5340826.0,58.06501033528646,58.06901037597657,60.02794596354167,60.03194600423177
2023-07-26 15:49:31.800921,5340381.0,5340830.0,58.082391682942706,58.08639176432291,60.045337727864585,60.04933780924479
2023-07-26 15:49:31.813776,5340385.0,5340834.0,58.09978381347656,58.103783854166664,60.062729858398434,60.06672989908854
2023-07-26 15:49:31.831050,5340388.0,5340837.0,58.112827921549474,58.11682796223959,60.07577392578125,60.079774007161454
2023-07-26 15:49:31.844079,5340392.0,5340841.0,58.1302196858724,58.1342197265625,60.09316573079427,60.09716577148437
2023-07-26 15:49:31.861177,5340395.0,5340844.0,58.143263793945316,58.14726383463542,60.10620979817708,60.11020987955729
2023-07-26 15:49:31.874356,5340399.0,5340848.0,58.16065588378907,58.164655965169274,60.12360192871094,60.12760196940104
2023-07-26 15:49:31.891713,5340402.0,5340851.0,58.17369999186198,58.17770003255208,60.13664567057292,60.14065616861979
2023-07-26 15:49:31.905091,5340406.0,5340855.0,58.191091756184896,58.1950918375651,60.154037801106774,60.158037841796876
2023-07-26 15:49:31.922455,5340409.0,5340858.0,58.20413586425781,58.208135904947916,60.167081909179686,60.171081949869794
2023-07-26 15:49:31.935552,5340413.0,5340862.0,58.22152795410156,58.225528035481766,60.18447367350261,60.18847371419271
2023-07-26 15:49:31.952851,5340416.0,5340865.0,58.23457173665364,58.23857177734375,60.19751778157552,60.20151782226563
2023-07-26 15:49:31.966176,5340420.0,5340869.0,58.251963826497395,58.25596390787761,60.21490987141927,60.21890995279948
2023-07-26 15:49:31.983237,5340423.0,5340872.0,58.26500793457031,58.269007975260415,60.22795385742187,60.23195385742188
2023-07-26 15:49:31.996657,5340427.0,5340876.0,58.28239969889323,58.286399780273435,60.2453457438151,60.24934582519531
2023-07-26 15:49:32.013668,5340430.0,5340879.0,58.29544380696615,58.29944384765625,60.25838985188802,60.26238989257812
2023-07-26 15:49:32.030802,5340434.0,5340883.0,58.312835937500004,58.316835978190106,60.27578194173177,60.27978198242187
2023-07-26 15:49:32.044025,5340438.0,5340887.0,58.33022770182292,58.33422774251302,60.29317374674479,60.2971737874349
2023-07-26 15:49:32.065553,5340442.0,5340891.0,58.34761983235677,58.35161987304688,60.31056587727864,60.31456591796875
2023-07-26 15:49:32.082792,5340446.0,5340895.0,58.36501192220052,58.36901200358073,60.327957763671876,60.33195776367187
2023-07-26 15:49:32.095877,5340450.0,5340899.0,58.38240372721354,58.386403767903644,60.345349772135414,60.349349812825515
2023-07-26 15:49:32.114021,5340453.0,5340902.0,58.39545821126302,58.39945829264323,60.35839383951823,60.36239392089844
2023-07-26 15:49:32.131434,5340457.0,5340906.0,58.412839925130214,58.416839965820316,60.37578588867187,60.379785888671876
2023-07-26 15:49:32.148809,5340461.0,5340910.0,58.43023173014323,58.434231770833335,60.393177734374994,60.397177815755214
2023-07-26 15:49:32.160818,5340465.0,5340914.0,58.44762381998698,58.45162390136719,60.41056986490885,60.41456990559895
2023-07-26 15:49:32.186283,5340470.0,5340919.0,58.469363972981775,58.473364013671876,60.432309692382816,60.43630973307292
2023-07-26 15:49:32.199495,5340474.0,5340922.0,58.486755777994794,58.490755818684896,60.445353759765624,60.449353841145836
2023-07-26 15:49:32.216770,5340477.0,5340926.0,58.4997998453776,58.5037998860677,60.46274589029948,60.46674593098958
2023-07-26 15:49:32.234940,5340481.0,5340929.0,58.51719197591146,58.52119201660156,60.47578979492187,60.47978979492188
2023-07-26 15:49:32.252035,5340485.0,5340934.0,58.534583740234375,58.53858382161458,60.49752978515625,60.501529825846355
2023-07-26 15:49:32.269158,5340489.0,5340938.0,58.55197587076823,58.55597591145833,60.51492191569011,60.51892195638021
2023-07-26 15:49:32.286981,5340493.0,5340942.0,58.56936800130208,58.57336804199219,60.53231368001302,60.53631376139323
2023-07-26 15:49:32.304441,5340497.0,5340946.0,58.586759765625004,58.590759806315106,60.549705810546875,60.55370585123698
2023-07-26 15:49:32.321914,5340501.0,5340950.0,58.60415189615886,58.60815193684896,60.56709794108073,60.57109798177083
2023-07-26 15:49:32.339213,5340505.0,5340953.0,58.621543823242185,58.62554382324219,60.58014168294271,60.58414172363281
2023-07-26 15:49:32.356325,5340509.0,5340958.0,58.638935791015626,58.64293583170573,60.6018818359375,60.6058818766276
2023-07-26 15:49:32.374072,5340513.0,5340962.0,58.656327921549476,58.660327962239585,60.61927392578125,60.623274007161456
2023-07-26 15:49:32.390403,5340517.0,5340966.0,58.6737196858724,58.6777197265625,60.63666573079427,60.64066577148437
2023-07-26 15:49:32.408748,5340521.0,5340970.0,58.691111816406256,58.69511185709636,60.65405786132813,60.65805790201823
2023-07-26 15:49:32.426111,5340525.0,5340973.0,58.70850390625,58.71250398763021,60.66710192871094,60.67110196940104
2023-07-26 15:49:32.443370,5340529.0,5340978.0,58.72590612792969,58.72990616861979,60.68884175618489,60.692841796874994
2023-07-26 15:49:32.460777,5340533.0,5340982.0,58.74328784179688,58.74728788248698,60.706233846028645,60.71023392740885
2023-07-26 15:49:32.481843,5340537.0,5340986.0,58.760679931640624,58.764680013020836,60.72362573242187,60.72762573242188
2023-07-26 15:49:32.499952,5340542.0,5340991.0,58.78241975911458,58.78641979980469,60.74536580403646,60.74936584472657
2023-07-26 15:49:32.517238,5340546.0,5340995.0,58.79981188964844,58.80381193033854,60.762757893880206,60.76675797526042
2023-07-26 15:49:32.534595,5340550.0,5340999.0,58.817203979492184,58.82120397949219,60.780149698893226,60.784149739583334
2023-07-26 15:49:32.551866,5340554.0,5341003.0,58.834595784505204,58.83859582519531,60.79754182942708,60.801541870117184
2023-07-26 15:49:32.568830,5340558.0,5341007.0,58.85198787434896,58.85598795572916,60.814933919270835,60.81893400065104
2023-07-26 15:49:32.586653,5340562.0,5341011.0,58.869379760742184,58.87337976074219,60.832325724283855,60.83632576497396
2023-07-26 15:49:32.609094,5340566.0,5341015.0,58.88677180989583,58.890771850585935,60.84971781412761,60.85371789550781
2023-07-26 15:49:32.626796,5340571.0,5341020.0,58.90851192220052,58.91251200358073,60.87145776367188,60.875457763671875
2023-07-26 15:49:32.648265,5340576.0,5341024.0,58.93025174967448,58.934251790364584,60.888849772135416,60.89284981282552
2023-07-26 15:49:32.666231,5340580.0,5341029.0,58.94764388020833,58.95164392089844,60.91058992513021,60.91458996582031
2023-07-26 15:49:32.683399,5340584.0,5341033.0,58.965035970052085,58.96903601074219,60.92798168945313,60.93198173014323
2023-07-26 15:49:32.704650,5340588.0,5341037.0,58.982427775065105,58.98642781575521,60.94537381998698,60.949373860677085
2023-07-26 15:49:32.722426,5340593.0,5341042.0,59.0041679280599,59.00816796875,60.96711397298177,60.97111401367187
2023-07-26 15:49:32.739607,5340597.0,5341046.0,59.021559692382816,59.02555977376302,60.98450573730469,60.988505777994796
2023-07-26 15:49:32.761062,5340601.0,5341050.0,59.038951822916665,59.042951863606774,61.00189786783854,61.00589790852865
2023-07-26 15:49:32.778332,5340606.0,5341055.0,59.06069197591146,59.06469201660156,61.0236376546224,61.0276377360026
2023-07-26 15:49:32.796586,5340610.0,5341059.0,59.078083740234376,59.08208382161458,61.04102978515625,61.045029825846356
2023-07-26 15:49:32.818527,5340614.0,5341063.0,59.095475870768226,59.099475911458335,61.058421915690104,61.06242195638021
2023-07-26 15:49:32.835762,5340619.0,5341068.0,59.11721569824219,59.12121573893229,61.08016170247396,61.084161783854164
2023-07-26 15:49:32.853087,5340623.0,5341072.0,59.13460778808594,59.13860786946615,61.09755383300781,61.10155387369792
2023-07-26 15:49:32.869680,5340627.0,5341076.0,59.15201033528646,59.156010375976564,61.114945963541665,61.11894600423177
2023-07-26 15:49:32.891944,5340631.0,5341080.0,59.16939168294271,59.173391764322915,61.13233772786458,61.136337809244786
2023-07-26 15:49:32.909298,5340636.0,5341085.0,59.1911318359375,59.1951319173177,61.154077880859376,61.15807792154948
2023-07-26 15:49:32.926626,5340640.0,5341089.0,59.208523966471354,59.212524007161456,61.171469685872395,61.175469726562504
2023-07-26 15:49:32.943978,5340644.0,5341093.0,59.22591573079427,59.22991581217448,61.18886177571614,61.192861857096354
2023-07-26 15:49:32.966248,5340648.0,5341097.0,59.24330786132813,59.24730790201823,61.20625390625,61.21025394694011
2023-07-26 15:49:32.983042,5340653.0,5341102.0,59.26504772949219,59.269047729492186,61.227993733723956,61.231993774414065
2023-07-26 15:49:33.005423,5340658.0,5341107.0,59.28678784179687,59.29078788248698,61.24973384602865,61.25373392740885
2023-07-26 15:49:33.026840,5340663.0,5341111.0,59.308527954101564,59.31252803548177,61.267125732421874,61.27112573242187
2023-07-26 15:49:33.044094,5340667.0,5341116.0,59.32591975911458,59.32991979980469,61.28886580403646,61.29286584472656
2023-07-26 15:49:33.061719,5340671.0,5341120.0,59.34331188964843,59.34731193033854,61.30625789388021,61.31025797526042
2023-07-26 15:49:33.082680,5340675.0,5341124.0,59.360703979492186,59.364703979492184,61.32364969889323,61.32764973958333
2023-07-26 15:49:33.100119,5340680.0,5341129.0,59.38244380696615,59.38644384765625,61.345389851888015,61.349389892578124
2023-07-26 15:49:33.117759,5340684.0,5341133.0,59.3998359375,59.40383597819011,61.36278194173177,61.36678198242188
2023-07-26 15:49:33.135298,5340688.0,5341137.0,59.41722770182292,59.421227742513025,61.38017374674479,61.3841737874349
2023-07-26 15:49:33.152410,5340692.0,5341141.0,59.43461983235677,59.438619873046875,61.397565877278645,61.401565917968746
2023-07-26 15:49:33.170436,5340696.0,5341145.0,59.45201192220052,59.45601200358073,61.41495776367188,61.41895776367188
2023-07-26 15:49:33.187379,5340700.0,5341149.0,59.46940372721354,59.47340376790364,61.43234977213542,61.43634981282552
2023-07-26 15:49:33.205319,5340704.0,5341153.0,59.486795857747396,59.4907958984375,61.44974186197916,61.453741943359375
2023-07-26 15:49:33.218275,5340708.0,5341157.0,59.50418794759115,59.508188028971354,61.46713366699219,61.47113370768229
2023-07-26 15:49:33.235231,5340711.0,5341160.0,59.51723173014323,59.52123177083333,61.480177734375,61.48417781575521
2023-07-26 15:49:33.252645,5340715.0,5341164.0,59.53462381998698,59.53862390136719,61.497569864908854,61.501569905598956
2023-07-26 15:49:33.265647,5340719.0,5341168.0,59.55201595052083,59.556015991210934,61.51496166992188,61.51896171061198
2023-07-26 15:49:33.282905,5340722.0,5341171.0,59.56505969238281,59.56905977376302,61.52800573730469,61.53200577799479
2023-07-26 15:49:33.300318,5340726.0,5341175.0,59.58245182291667,59.58645186360677,61.54539786783854,61.54939790852865
2023-07-26 15:49:33.317676,5340730.0,5341179.0,59.599843953450524,59.603843994140625,61.562789794921876,61.566789794921874
2023-07-26 15:49:33.331364,5340734.0,5341183.0,59.61723571777344,59.62123575846354,61.58018176269532,61.58418180338542
2023-07-26 15:49:33.348756,5340737.0,5341186.0,59.63027982584635,59.63427986653646,61.593225830078126,61.59722591145833
2023-07-26 15:49:33.365996,5340741.0,5341190.0,59.647671915690104,59.651671997070316,61.61061791992188,61.614617919921876
2023-07-26 15:49:33.383091,5340745.0,5341194.0,59.665063720703124,59.669063761393225,61.628009765625,61.632009806315104
2023-07-26 15:49:33.400552,5340749.0,5341198.0,59.68245581054688,59.68645589192708,61.64540185546875,61.64940193684896
2023-07-26 15:49:33.413393,5340753.0,5341202.0,59.69984794108073,59.703847981770835,61.66279370117188,61.666793701171876
2023-07-26 15:49:33.431509,5340756.0,5341205.0,59.712891682942704,59.71689176432292,61.67583772786458,61.67983780924479
2023-07-26 15:49:33.448563,5340760.0,5341209.0,59.73028381347656,59.73428385416667,61.69322985839844,61.69722989908854
2023-07-26 15:49:33.461765,5340764.0,5341213.0,59.74767594401042,59.75167598470052,61.71062182617188,61.71462182617188
2023-07-26 15:49:33.479201,5340767.0,5341216.0,59.760719685872395,59.764719726562504,61.723665730794266,61.727665771484375
2023-07-26 15:49:33.496679,5340771.0,5341220.0,59.77811181640625,59.78211185709635,61.74105786132812,61.745057902018225
2023-07-26 15:49:33.513573,5340775.0,5341224.0,59.79550390625,59.79950398763021,61.758449951171876,61.762449951171874
2023-07-26 15:49:33.531030,5340779.0,5341228.0,59.812906127929686,59.816906168619795,61.775841756184896,61.779841796875
2023-07-26 15:49:33.548761,5340783.0,5341232.0,59.830287841796874,59.834287882486976,61.79323384602865,61.797233927408854
2023-07-26 15:49:33.566344,5340787.0,5341236.0,59.84767993164063,59.85168001302083,61.810625732421876,61.814625732421874
2023-07-26 15:49:33.583160,5340791.0,5341240.0,59.86507173665365,59.86907177734375,61.828017781575525,61.83201782226563
2023-07-26 15:49:33.600546,5340795.0,5341244.0,59.8824638264974,59.886463907877605,61.84540987141927,61.84940995279948
2023-07-26 15:49:33.618251,5340799.0,5341248.0,59.89985595703125,59.90385599772136,61.86280167643229,61.8668017171224
2023-07-26 15:49:33.635360,5340803.0,5341252.0,59.91724776204427,59.92124780273438,61.880193766276044,61.88419384765625
2023-07-26 15:49:33.648758,5340807.0,5341256.0,59.934639851888015,59.938639933268234,61.89758589680989,61.9015859375
2023-07-26 15:49:33.665842,5340810.0,5341259.0,59.94768395996094,59.95168400065104,61.91062963867188,61.91462972005208
2023-07-26 15:49:33.683291,5340814.0,5341263.0,59.96507572428386,59.96907580566406,61.92802176920573,61.932021809895836
2023-07-26 15:49:33.696613,5340818.0,5341267.0,59.982467854817706,59.986467895507815,61.945413899739584,61.94941394042969
2023-07-26 15:49:33.713954,5340821.0,5341270.0,59.99551192220052,59.999512003580726,61.95845776367187,61.96245776367188
2023-07-26 15:49:33.731162,5340825.0,5341274.0,60.01290372721354,60.01690376790364,61.97584977213541,61.97984981282552
2023-07-26 15:49:33.748530,5340829.0,5341278.0,60.0302958577474,60.0342958984375,61.993241861979165,61.99724194335937
2023-07-26 15:49:33.765786,5340833.0,5341282.0,60.04768794759114,60.051688028971355,62.010633666992184,62.01463370768229
2023-07-26 15:49:33.783643,5340837.0,5341286.0,60.06507975260416,60.06907979329427,62.02802579752604,62.03202583821614
2023-07-26 15:49:33.801066,5340841.0,5341290.0,60.082471842447916,60.08647192382812,62.045417887369794,62.04941796875
2023-07-26 15:49:33.813524,5340845.0,5341294.0,60.09986397298177,60.103864013671874,62.062809692382814,62.066809733072915
2023-07-26 15:49:33.831587,5340848.0,5341297.0,60.11290771484375,60.116907796223956,62.07585375976562,62.079853841145834
2023-07-26 15:49:33.848683,5340852.0,5341301.0,60.1302998453776,60.13429988606771,62.09324589029948,62.09724593098958
2023-07-26 15:49:33.865812,5340856.0,5341305.0,60.14769197591146,60.151692016601565,62.110637654622394,62.1146377360026
2023-07-26 15:49:33.882779,5340860.0,5341309.0,60.16508374023437,60.16908382161458,62.12802978515625,62.13202982584635
2023-07-26 15:49:33.896260,5340864.0,5341313.0,60.18247587076823,60.18647591145833,62.14542191569011,62.14942195638021
2023-07-26 15:49:33.913269,5340867.0,5341316.0,60.195519938151044,60.19952001953125,62.158465657552085,62.16246569824219
2023-07-26 15:49:33.931342,5340871.0,5341320.0,60.21291174316406,60.216911783854165,62.175857788085935,62.17985782877604
2023-07-26 15:49:33.948333,5340875.0,5341324.0,60.23030387369791,60.23430391438802,62.19326029459636,62.19726037597656
2023-07-26 15:49:33.965606,5340879.0,5341328.0,60.247695963541666,60.25169604492187,62.21064168294271,62.21464172363281
2023-07-26 15:49:33.983033,5340883.0,5341332.0,60.265087768554686,60.26908780924479,62.228033813476564,62.232033854166666
2023-07-26 15:49:34.000386,5340887.0,5341336.0,60.28247985839844,60.286479939778644,62.24542590332032,62.24942598470052
2023-07-26 15:49:34.017817,5340891.0,5341340.0,60.29987194824219,60.30387194824219,62.26281770833333,62.26681774902344
2023-07-26 15:49:34.035140,5340895.0,5341344.0,60.317263793945315,60.32126383463542,62.28020979817708,62.284209879557295
2023-07-26 15:49:34.052676,5340899.0,5341348.0,60.33465588378907,60.33865596516927,62.29760192871094,62.30160196940104
2023-07-26 15:49:34.070120,5340903.0,5341352.0,60.352047729492185,60.35604772949219,62.31499373372396,62.31899377441406
2023-07-26 15:49:34.087919,5340907.0,5341356.0,60.369439778645834,60.373439860026046,62.332385823567705,62.33638590494791
2023-07-26 15:49:34.105197,5340911.0,5341360.0,60.38683190917968,60.39083194986979,62.34977795410156,62.35377799479166
2023-07-26 15:49:34.122497,5340915.0,5341364.0,60.40422371419271,60.40822375488281,62.36716971842448,62.37116979980469
2023-07-26 15:49:34.139602,5340919.0,5341368.0,60.42161580403646,60.42561588541667,62.384561848958334,62.388561889648436
2023-07-26 15:49:34.157345,5340923.0,5341372.0,60.43900793457031,60.443007975260414,62.40195385742187,62.40595385742188
2023-07-26 15:49:34.174231,5340927.0,5341376.0,60.45639969889323,60.460399780273434,62.4193457438151,62.42334582519531
2023-07-26 15:49:34.192174,5340931.0,5341380.0,60.473791829427086,60.47779187011719,62.43673787434896,62.44073791503906
2023-07-26 15:49:34.209118,5340935.0,5341384.0,60.491183959960935,60.495184000651044,62.45412963867187,62.458129720052085
2023-07-26 15:49:34.227053,5340939.0,5341388.0,60.50857572428385,60.51257580566406,62.47152176920573,62.47552180989583
2023-07-26 15:49:34.244058,5340943.0,5341392.0,60.52596785481771,60.52996789550781,62.488913899739586,62.49291394042969
2023-07-26 15:49:34.261936,5340947.0,5341396.0,60.543359985351564,60.547360026041666,62.5063056640625,62.51030574544271
2023-07-26 15:49:34.279368,5340951.0,5341400.0,60.56075174967448,60.56475179036458,62.52370821126302,62.52770825195312
2023-07-26 15:49:34.296801,5340955.0,5341404.0,60.57814388020833,60.58214392089844,62.54108992513021,62.54508996582032
2023-07-26 15:49:34.313696,5340959.0,5341408.0,60.59553597005208,60.599536010742185,62.558481689453124,62.56248173014323
2023-07-26 15:49:34.327055,5340963.0,5341412.0,60.61292777506511,60.61692781575521,62.57587381998698,62.57987386067708
2023-07-26 15:49:34.344175,5340966.0,5341415.0,60.62597184244792,60.62997192382812,62.588917887369796,62.59291796875
2023-07-26 15:49:34.361592,5340970.0,5341419.0,60.643363972981774,60.647364013671876,62.606309692382816,62.61030973307292
2023-07-26 15:49:34.378710,5340974.0,5341423.0,60.660755777994794,60.664755818684895,62.62370178222656,62.627701863606774
2023-07-26 15:49:34.396825,5340978.0,5341427.0,60.67814786783854,60.68214794921875,62.64109391276042,62.64509395345053
2023-07-26 15:49:34.413630,5340982.0,5341431.0,60.69553991699219,60.69953991699219,62.65848571777344,62.66248575846354
2023-07-26 15:49:34.431083,5340986.0,5341435.0,60.71293176269531,60.716931844075525,62.675877807617184,62.679877888997396
2023-07-26 15:49:34.448690,5340990.0,5341439.0,60.73032389322916,60.73432393391927,62.69326993815104,62.69726997884114
2023-07-26 15:49:34.465832,5340994.0,5341443.0,60.74771569824219,60.75171573893229,62.710661702473956,62.71466178385416
2023-07-26 15:49:34.482996,5340998.0,5341447.0,60.765107788085935,60.76910786946615,62.72805383300781,62.732053873697915
2023-07-26 15:49:34.500584,5341002.0,5341451.0,60.78251033528646,60.78651037597656,62.74544596354167,62.74944600423177
2023-07-26 15:49:34.518049,5341006.0,5341455.0,60.79989168294271,60.80389176432291,62.76283772786458,62.76683780924479
2023-07-26 15:49:34.535903,5341010.0,5341459.0,60.817283813476564,60.821283854166666,62.780229858398435,62.784229899088544
2023-07-26 15:49:34.553370,5341014.0,5341463.0,60.83467594401042,60.83867598470052,62.79762182617188,62.801621826171875
2023-07-26 15:49:34.569943,5341018.0,5341467.0,60.85206770833333,60.85606778971354,62.81501375325521,62.81901379394532
2023-07-26 15:49:34.583578,5341022.0,5341471.0,60.869459838867186,60.873459879557295,62.832405883789065,62.836405924479166
2023-07-26 15:49:34.601011,5341025.0,5341474.0,60.88250390625,60.886503987630206,62.84544995117187,62.84944995117188
2023-07-26 15:49:34.618076,5341029.0,5341478.0,60.89990612792969,60.90390616861979,62.86284175618489,62.866841796875
2023-07-26 15:49:34.635440,5341033.0,5341482.0,60.91728784179688,60.92128788248698,62.880233846028645,62.88423392740885
2023-07-26 15:49:34.652605,5341037.0,5341486.0,60.93467993164062,60.938680013020836,62.89762573242187,62.90162573242188
2023-07-26 15:49:34.670196,5341041.0,5341490.0,60.95207173665364,60.95607177734375,62.91501778157552,62.91901782226562
2023-07-26 15:49:34.687596,5341045.0,5341494.0,60.969463826497396,60.9734639078776,62.932409871419274,62.93640995279948
2023-07-26 15:49:34.704971,5341049.0,5341498.0,60.98685595703125,60.990855997721354,62.949801676432294,62.953801717122396
2023-07-26 15:49:34.722121,5341053.0,5341502.0,61.00424776204427,61.008247802734374,62.96719376627605,62.97119384765625
2023-07-26 15:49:34.739318,5341057.0,5341506.0,61.02163985188802,61.02563993326823,62.98458589680989,62.988585937500005
2023-07-26 15:49:34.757574,5341061.0,5341510.0,61.039031982421875,61.04303202311198,63.001977701822916,63.005977742513025
2023-07-26 15:49:34.774118,5341065.0,5341514.0,61.05642374674479,61.060423828125,63.01936979166667,63.023369873046875
2023-07-26 15:49:34.791887,5341069.0,5341518.0,61.07381587727864,61.07781591796875,63.03676192220052,63.04076196289063
2023-07-26 15:49:34.809589,5341073.0,5341522.0,61.091207885742186,61.09520788574219,63.054153686523435,63.05815376790364
2023-07-26 15:49:34.826904,5341077.0,5341526.0,61.10859977213541,61.112599853515626,63.07154581705729,63.07554585774739
2023-07-26 15:49:34.844581,5341081.0,5341530.0,61.12599190266927,61.12999194335937,63.08893794759115,63.09293798828125
2023-07-26 15:49:34.861558,5341085.0,5341534.0,61.143383666992186,61.14738374837239,63.106329711914064,63.11032979329427
2023-07-26 15:49:34.874953,5341089.0,5341538.0,61.16077579752604,61.164775838216144,63.123721842447914,63.12772188313802
2023-07-26 15:49:34.892190,5341092.0,5341541.0,61.173819905598954,61.17781994628906,63.13676590983073,63.140765991210934
2023-07-26 15:49:34.909310,5341096.0,5341545.0,61.19121179199219,61.195211791992186,63.15415771484375,63.15815775553385
2023-07-26 15:49:34.926693,5341100.0,5341549.0,61.20860380045573,61.212603841145835,63.171549845377605,63.17554988606771
2023-07-26 15:49:34.943872,5341104.0,5341553.0,61.22599589029948,61.229995971679685,63.18894193522136,63.19294201660156
2023-07-26 15:49:34.961250,5341108.0,5341557.0,61.2433876953125,61.2473877360026,63.20633374023437,63.21033378092448
2023-07-26 15:49:34.978926,5341112.0,5341561.0,61.260779825846356,61.26477986653646,63.22372583007812,63.227725911458336
2023-07-26 15:49:34.996282,5341116.0,5341565.0,61.27817191569011,61.282171997070314,63.24111791992188,63.245117919921874
2023-07-26 15:49:35.013427,5341120.0,5341569.0,61.29556372070312,61.29956376139323,63.258509765625,63.26250980631511
2023-07-26 15:49:35.030939,5341124.0,5341573.0,61.312955810546875,61.31695589192709,63.275901855468746,63.27990193684896
2023-07-26 15:49:35.048915,5341128.0,5341577.0,61.33034794108073,61.33434798177083,63.293293701171876,63.297293701171874
2023-07-26 15:49:35.065836,5341132.0,5341581.0,61.34773974609375,61.35173978678385,63.310685750325526,63.31468583170573
2023-07-26 15:49:35.082956,5341136.0,5341585.0,61.3651318359375,61.3691319173177,63.328077880859375,63.33207792154948
2023-07-26 15:49:35.101081,5341140.0,5341589.0,61.382523966471354,61.386524007161455,63.345469685872395,63.3494697265625
2023-07-26 15:49:35.118001,5341144.0,5341593.0,61.39991573079427,61.40391581217448,63.36286177571614,63.36686185709636
2023-07-26 15:49:35.135488,5341148.0,5341597.0,61.417307861328126,61.42130790201823,63.38025390625,63.384253946940106
2023-07-26 15:49:35.153272,5341152.0,5341601.0,61.434699991861976,61.438700032552084,63.39764567057291,63.401656168619795
2023-07-26 15:49:35.170578,5341156.0,5341605.0,61.45209175618489,61.456091837565104,63.41503780110677,63.41903784179687
2023-07-26 15:49:35.187582,5341160.0,5341609.0,61.46948388671875,61.47348392740885,63.43242993164063,63.43642997233073
2023-07-26 15:49:35.204677,5341164.0,5341613.0,61.48687585449218,61.49087585449219,63.44982169596354,63.45382177734375
2023-07-26 15:49:35.222377,5341168.0,5341617.0,61.50426778157552,61.50826782226562,63.4672138264974,63.4712138671875
2023-07-26 15:49:35.240224,5341172.0,5341621.0,61.52165991210938,61.52565995279948,63.48460595703125,63.48860599772136
2023-07-26 15:49:35.257577,5341176.0,5341625.0,61.539051676432294,61.5430517578125,63.501997721354165,63.505997762044274
2023-07-26 15:49:35.275013,5341180.0,5341629.0,61.55644380696615,61.56044384765625,63.519389851888015,63.52338989257812
2023-07-26 15:49:35.291938,5341184.0,5341633.0,61.5738359375,61.57783597819011,63.53678194173177,63.540781982421876
2023-07-26 15:49:35.309326,5341188.0,5341637.0,61.591227701822916,61.595227742513025,63.55417374674479,63.558173787434896
2023-07-26 15:49:35.327294,5341192.0,5341641.0,61.60861983235677,61.612619873046874,63.571565877278644,63.575565917968746
2023-07-26 15:49:35.344626,5341196.0,5341645.0,61.62601192220052,61.63001200358073,63.58895776367188,63.592957763671876
2023-07-26 15:49:35.362048,5341200.0,5341649.0,61.64340372721354,61.64740376790364,63.60634977213542,63.61034981282552
2023-07-26 15:49:35.379500,5341204.0,5341653.0,61.660795857747395,61.6647958984375,63.62374186197916,63.627741943359375
2023-07-26 15:49:35.395957,5341208.0,5341657.0,61.67818794759115,61.68218802897135,63.64113366699219,63.64513370768229
2023-07-26 15:49:35.413316,5341212.0,5341661.0,61.69557975260417,61.69957979329427,63.65852579752604,63.66252583821615
2023-07-26 15:49:35.431472,5341216.0,5341665.0,61.712971842447914,61.716971923828126,63.67591788736979,63.679917968750004
2023-07-26 15:49:35.448539,5341220.0,5341669.0,61.73036397298177,61.73436401367188,63.69330969238281,63.69730973307291
2023-07-26 15:49:35.465999,5341224.0,5341673.0,61.7477557779948,61.7517558186849,63.710701782226565,63.71470186360677
2023-07-26 15:49:35.483323,5341228.0,5341677.0,61.765147867838536,61.769147949218755,63.72809391276042,63.73209395345052
2023-07-26 15:49:35.500666,5341232.0,5341681.0,61.782539916992185,61.78653991699218,63.74548571777344,63.74948575846354
2023-07-26 15:49:35.518105,5341236.0,5341685.0,61.799931762695316,61.80393184407552,63.76287780761719,63.76687788899739
2023-07-26 15:49:35.535174,5341240.0,5341689.0,61.81732393391927,61.82132393391927,63.780269938151044,63.784269978841145
2023-07-26 15:49:35.552566,5341244.0,5341693.0,61.83471569824219,61.838715738932294,63.79766170247395,63.801661783854165
2023-07-26 15:49:35.570436,5341248.0,5341697.0,61.85210778808593,61.85610786946615,63.81505383300781,63.81905387369792
2023-07-26 15:49:35.587426,5341252.0,5341701.0,61.86951037597657,61.873510375976565,63.832445963541666,63.83644600423177
2023-07-26 15:49:35.605564,5341256.0,5341705.0,61.88689168294271,61.890891764322916,63.84983772786458,63.85383780924479
2023-07-26 15:49:35.623010,5341260.0,5341709.0,61.90428381347656,61.90828385416667,63.86722985839844,63.87122989908854
2023-07-26 15:49:35.640198,5341264.0,5341713.0,61.92167594401042,61.92567598470052,63.88462182617188,63.88862182617188
2023-07-26 15:49:35.657348,5341268.0,5341717.0,61.93906770833333,61.94306778971354,63.90201375325521,63.90601379394531
2023-07-26 15:49:35.674470,5341272.0,5341721.0,61.95645983886719,61.96045987955729,63.91940588378907,63.92340592447917
2023-07-26 15:49:35.692585,5341276.0,5341725.0,61.973851969401046,61.97785201009115,63.936797648111984,63.94079772949219
2023-07-26 15:49:35.709732,5341281.0,5341729.0,61.99559175618489,61.9995918375651,63.95418977864583,63.95818981933594
2023-07-26 15:49:35.726968,5341284.0,5341733.0,62.00863586425781,62.01263590494791,63.97158190917968,63.97558194986979
2023-07-26 15:49:35.751884,5341289.0,5341738.0,62.030375854492185,62.03437585449218,63.993321695963544,63.99732177734375
2023-07-26 15:49:35.769825,5341294.0,5341743.0,62.05211580403646,62.056115885416666,64.01506184895834,64.01906188964844
2023-07-26 15:49:35.786768,5341298.0,5341746.0,62.06950793457031,62.07350797526042,64.02810595703126,64.03210599772135
2023-07-26 15:49:35.804708,5341302.0,5341751.0,62.08689973958333,62.09089978027343,64.04984574381511,64.05384582519531
2023-07-26 15:49:35.821655,5341306.0,5341754.0,62.10429182942708,62.108291870117185,64.06288985188803,64.06688989257812
2023-07-26 15:49:35.839590,5341310.0,5341758.0,62.12168395996094,62.12568400065104,64.08028194173178,64.08428198242187
2023-07-26 15:49:35.856534,5341314.0,5341762.0,62.139075724283856,62.14307580566406,64.09767374674479,64.10167378743489
2023-07-26 15:49:35.873478,5341318.0,5341766.0,62.156467854817706,62.160467895507814,64.11506587727864,64.11906591796875
2023-07-26 15:49:35.891417,5341322.0,5341770.0,62.17385998535156,62.17786002604167,64.13245776367187,64.13645776367187
2023-07-26 15:49:35.908364,5341326.0,5341774.0,62.19125174967448,62.19525179036459,64.14984977213541,64.15384981282553
2023-07-26 15:49:35.926301,5341330.0,5341779.0,62.20864388020833,62.212643920898444,64.1715899251302,64.17558996582031
2023-07-26 15:49:35.943244,5341334.0,5341782.0,62.22603597005208,62.23003601074218,64.18463366699218,64.1886337076823
2023-07-26 15:49:35.961184,5341338.0,5341786.0,62.24342777506511,62.24742781575521,64.20202579752603,64.20602583821615
2023-07-26 15:49:35.978126,5341342.0,5341790.0,62.26081990559896,62.26481994628906,64.21941788736979,64.22341796875
2023-07-26 15:49:35.996067,5341346.0,5341795.0,62.27821179199219,62.28221179199219,64.24115771484375,64.24515775553385
2023-07-26 15:49:36.013010,5341350.0,5341798.0,62.29560380045572,62.29960384114584,64.25420178222656,64.25820186360677
2023-07-26 15:49:36.030950,5341354.0,5341803.0,62.312995890299476,62.31699597167969,64.27594193522135,64.27994201660157
2023-07-26 15:49:36.048890,5341358.0,5341807.0,62.330387695312496,62.334387736002604,64.29333374023437,64.29733378092449
2023-07-26 15:49:36.065833,5341362.0,5341811.0,62.34777982584635,62.35177986653646,64.31072583007813,64.31472591145834
2023-07-26 15:49:36.083773,5341366.0,5341815.0,62.365171915690105,62.36917199707031,64.32811791992188,64.33211791992187
2023-07-26 15:49:36.100715,5341370.0,5341819.0,62.382563720703125,62.38656376139323,64.345509765625,64.34950980631511
2023-07-26 15:49:36.118656,5341374.0,5341823.0,62.39995581054688,62.40395589192708,64.36290185546875,64.36690193684895
2023-07-26 15:49:36.135603,5341378.0,5341827.0,62.417347941080735,62.421347981770836,64.38029370117188,64.38429370117187
2023-07-26 15:49:36.152542,5341382.0,5341831.0,62.43473974609375,62.438739786783856,64.39768575032552,64.40168583170572
2023-07-26 15:49:36.170483,5341386.0,5341835.0,62.4521318359375,62.456131917317705,64.41507788085939,64.41907792154947
2023-07-26 15:49:36.187426,5341390.0,5341839.0,62.46952396647135,62.47352400716146,64.43246968587239,64.43646972656249
2023-07-26 15:49:36.205365,5341394.0,5341843.0,62.486915730794266,62.490915812174485,64.44986177571614,64.45386185709636
2023-07-26 15:49:36.222309,5341398.0,5341847.0,62.50430786132812,62.508307902018224,64.46725390625001,64.4712539469401
2023-07-26 15:49:36.240248,5341402.0,5341851.0,62.52169999186198,62.52570003255208,64.48464567057292,64.48865616861978
2023-07-26 15:49:36.257192,5341406.0,5341855.0,62.539091756184895,62.5430918375651,64.50203780110677,64.50603784179688
2023-07-26 15:49:36.275131,5341410.0,5341859.0,62.55648388671875,62.56048392740885,64.51942993164062,64.52342997233073
2023-07-26 15:49:36.292074,5341414.0,5341863.0,62.57387585449219,62.577875854492184,64.53682169596354,64.54082177734375
2023-07-26 15:49:36.310015,5341418.0,5341867.0,62.591267781575525,62.595267822265626,64.55421382649739,64.5582138671875
2023-07-26 15:49:36.326958,5341422.0,5341871.0,62.60865991210938,62.61265995279948,64.57160595703125,64.57560599772135
2023-07-26 15:49:36.343899,5341426.0,5341875.0,62.62605167643229,62.6300517578125,64.58899772135416,64.59299776204428
2023-07-26 15:49:36.361840,5341430.0,5341879.0,62.64344380696615,62.64744384765625,64.60638985188803,64.61038989257813
2023-07-26 15:49:36.378782,5341434.0,5341883.0,62.6608359375,62.664835978190105,64.62378194173178,64.62778198242188
2023-07-26 15:49:36.396868,5341438.0,5341887.0,62.67822770182292,62.68222774251302,64.6411737467448,64.64517378743489
2023-07-26 15:49:36.413864,5341442.0,5341891.0,62.695619832356776,62.69961987304688,64.65856587727865,64.66256591796875
2023-07-26 15:49:36.431466,5341446.0,5341895.0,62.71301192220052,62.71701200358073,64.67595776367187,64.67995776367187
2023-07-26 15:49:36.448622,5341450.0,5341899.0,62.73040372721354,62.73440376790364,64.69334977213542,64.69734981282552
2023-07-26 15:49:36.465925,5341454.0,5341903.0,62.7477958577474,62.7517958984375,64.71074186197916,64.71474194335937
2023-07-26 15:49:36.483802,5341458.0,5341907.0,62.765187947591144,62.76918802897136,64.72813366699219,64.7321337076823
2023-07-26 15:49:36.501161,5341462.0,5341911.0,62.782579752604164,62.786579793294266,64.74552579752604,64.74952583821614
2023-07-26 15:49:36.518354,5341466.0,5341915.0,62.79997184244792,62.80397192382812,64.76291788736978,64.76691796875
2023-07-26 15:49:36.535382,5341470.0,5341919.0,62.817363972981774,62.821364013671875,64.7803096923828,64.78430973307292
2023-07-26 15:49:36.552682,5341474.0,5341923.0,62.83475577799479,62.838755818684895,64.79770178222655,64.80170186360677
2023-07-26 15:49:36.570822,5341478.0,5341927.0,62.85214786783854,62.85614794921875,64.81509391276042,64.81909395345052
2023-07-26 15:49:36.587987,5341482.0,5341931.0,62.86953991699219,62.873539916992186,64.83248571777344,64.83648575846354
2023-07-26 15:49:36.605637,5341486.0,5341935.0,62.88693176269532,62.890931844075524,64.84987780761719,64.8538778889974
2023-07-26 15:49:36.623024,5341490.0,5341939.0,62.90432389322916,62.90832393391927,64.86726993815104,64.87126997884116
2023-07-26 15:49:36.639657,5341494.0,5341943.0,62.92171569824219,62.92571573893229,64.88466170247396,64.88866178385418
2023-07-26 15:49:36.656957,5341498.0,5341947.0,62.939107788085934,62.94310786946615,64.90205383300781,64.90605387369793
2023-07-26 15:49:36.675044,5341502.0,5341951.0,62.95651033528646,62.96051037597657,64.91944596354166,64.92344600423176
2023-07-26 15:49:36.692284,5341506.0,5341955.0,62.97389168294271,62.97789176432291,64.93683772786459,64.94083780924478
2023-07-26 15:49:36.709265,5341510.0,5341959.0,62.991283813476564,62.995283854166665,64.95422985839845,64.95822989908854
2023-07-26 15:49:36.727431,5341514.0,5341963.0,63.00867594401042,63.01267598470052,64.97162182617188,64.97562182617187
2023-07-26 15:49:36.744605,5341518.0,5341967.0,63.026067708333336,63.03006778971354,64.98901375325521,64.99301379394531
2023-07-26 15:49:36.761769,5341522.0,5341971.0,63.043459838867186,63.047459879557294,65.00640588378907,65.01040592447916
2023-07-26 15:49:36.778900,5341526.0,5341975.0,63.06085196940104,63.064852010091144,65.02379764811198,65.02779772949218
2023-07-26 15:49:36.796889,5341530.0,5341979.0,63.07824373372396,63.08224377441406,65.04118977864583,65.04518981933593
2023-07-26 15:49:36.814047,5341534.0,5341983.0,63.09563586425781,63.09963590494792,65.05858190917968,65.0625819498698
2023-07-26 15:49:36.831098,5341538.0,5341987.0,63.11302795410156,63.117028035481766,65.0759736735026,65.0799737141927
2023-07-26 15:49:36.849137,5341542.0,5341991.0,63.13041975911458,63.13441979980469,65.09336580403645,65.09736584472657
2023-07-26 15:49:36.870695,5341546.0,5341995.0,63.14781188964844,63.15181193033854,65.1107578938802,65.11475797526042
2023-07-26 15:49:36.887804,5341551.0,5342000.0,63.16955167643229,63.1735517578125,65.13249772135416,65.13649776204427
2023-07-26 15:49:36.905579,5341555.0,5342004.0,63.18694380696615,63.19094384765625,65.14988985188802,65.15388989257812
2023-07-26 15:49:36.922682,5341559.0,5342008.0,63.204335937500005,63.20833597819011,65.16728194173177,65.17128198242187
2023-07-26 15:49:36.939841,5341563.0,5342012.0,63.22172770182292,63.22572774251302,65.18467374674479,65.1886737874349
2023-07-26 15:49:36.957002,5341567.0,5342016.0,63.23911983235677,63.24311987304688,65.20206587727864,65.20606591796876
2023-07-26 15:49:36.974688,5341571.0,5342020.0,63.256511922200524,63.26051200358073,65.21945776367187,65.22345776367187
2023-07-26 15:49:36.991951,5341575.0,5342024.0,63.273903727213536,63.277903767903645,65.23684977213541,65.24084981282553
2023-07-26 15:49:37.009461,5341579.0,5342028.0,63.29129585774739,63.2952958984375,65.25424186197917,65.25824194335938
2023-07-26 15:49:37.026697,5341583.0,5342032.0,63.308687947591146,63.31268802897135,65.27163366699219,65.2756337076823
2023-07-26 15:49:37.043927,5341587.0,5342036.0,63.326079752604166,63.33007979329427,65.28902579752604,65.29302583821615
2023-07-26 15:49:37.061881,5341591.0,5342040.0,63.34347184244792,63.347471923828124,65.30641788736979,65.31041796874999
2023-07-26 15:49:37.079148,5341595.0,5342044.0,63.360863972981775,63.36486401367188,65.32380969238281,65.32780973307291
2023-07-26 15:49:37.096566,5341599.0,5342048.0,63.378255777994795,63.3822558186849,65.34120178222656,65.34520186360676
2023-07-26 15:49:37.113973,5341603.0,5342052.0,63.39564786783854,63.39964794921875,65.35859391276043,65.36259395345051
2023-07-26 15:49:37.131481,5341607.0,5342056.0,63.41303991699218,63.41703991699219,65.37598571777343,65.37998575846353
2023-07-26 15:49:37.148667,5341611.0,5342060.0,63.430431762695314,63.43443570963542,65.3933778076172,65.3973778889974
2023-07-26 15:49:37.165824,5341615.0,5342064.0,63.44782389322916,63.451823933919265,65.41076993815103,65.41476997884115
2023-07-26 15:49:37.183387,5341619.0,5342068.0,63.46521569824219,63.46921573893229,65.42816170247396,65.43216178385417
2023-07-26 15:49:37.200522,5341623.0,5342072.0,63.482607788085936,63.48660786946615,65.4455538330078,65.44955387369792
2023-07-26 15:49:37.218650,5341627.0,5342076.0,63.50001033528646,63.50401037597656,65.46294596354166,65.46694600423177
2023-07-26 15:49:37.235949,5341631.0,5342080.0,63.51739168294271,63.521391764322914,65.48033772786458,65.48433780924479
2023-07-26 15:49:37.253173,5341635.0,5342084.0,63.534783813476565,63.53878385416667,65.49772985839844,65.50172989908855
2023-07-26 15:49:37.270224,5341639.0,5342088.0,63.552175944010415,63.55617598470052,65.51512182617188,65.51912182617188
2023-07-26 15:49:37.288330,5341643.0,5342092.0,63.56956770833333,63.57356778971354,65.5325137532552,65.53651379394532
2023-07-26 15:49:37.304774,5341647.0,5342096.0,63.58695983886719,63.59095987955729,65.54990588378907,65.55390592447917
2023-07-26 15:49:37.322756,5341651.0,5342100.0,63.604351969401044,63.608352010091146,65.56729764811197,65.57129772949219
2023-07-26 15:49:37.339807,5341655.0,5342104.0,63.62174373372396,63.62574377441406,65.58468977864584,65.58868981933593
2023-07-26 15:49:37.357761,5341659.0,5342108.0,63.63913586425781,63.64313590494791,65.60208190917969,65.60608194986979
2023-07-26 15:49:37.375108,5341663.0,5342112.0,63.65652795410156,63.66052803548177,65.61947367350261,65.6234737141927
2023-07-26 15:49:37.392465,5341667.0,5342116.0,63.67391975911458,63.67791979980469,65.63686580403646,65.64086584472656
2023-07-26 15:49:37.409734,5341671.0,5342120.0,63.69131188964843,63.69531193033854,65.65425789388021,65.65825797526041
2023-07-26 15:49:37.427041,5341675.0,5342124.0,63.708703979492185,63.71270397949219,65.67164969889323,65.67564973958333
2023-07-26 15:49:37.444064,5341679.0,5342128.0,63.726095784505205,63.730095825195306,65.68904182942708,65.69304187011718
2023-07-26 15:49:37.462113,5341683.0,5342132.0,63.74348787434896,63.74748795572916,65.70643391927082,65.71043400065103
2023-07-26 15:49:37.479144,5341687.0,5342136.0,63.760879760742185,63.76487976074219,65.72382572428386,65.72782576497396
2023-07-26 15:49:37.496109,5341691.0,5342140.0,63.778271809895834,63.782271850585936,65.7412178141276,65.74521789550782
2023-07-26 15:49:37.514123,5341695.0,5342144.0,63.79566389973959,63.79966398111979,65.75860994466146,65.76260998535156
2023-07-26 15:49:37.531452,5341699.0,5342148.0,63.81305570475261,63.81705574544271,65.77600174967448,65.78000179036458
2023-07-26 15:49:37.548515,5341703.0,5342152.0,63.830458211263014,63.834458292643234,65.79339383951823,65.79739392089844
2023-07-26 15:49:37.565792,5341707.0,5342156.0,63.84783992513021,63.85183996582032,65.81078588867187,65.81478588867188
2023-07-26 15:49:37.583856,5341711.0,5342160.0,63.86523173014323,63.86923177083333,65.828177734375,65.83217781575522
2023-07-26 15:49:37.600513,5341715.0,5342164.0,63.88262381998698,63.88662390136719,65.84556986490885,65.84956990559897
2023-07-26 15:49:37.618616,5341719.0,5342168.0,63.90001595052083,63.90401599121094,65.86296166992187,65.86696171061197
2023-07-26 15:49:37.635554,5341723.0,5342172.0,63.91740771484375,63.92140779622395,65.88035375976563,65.88435384114582
2023-07-26 15:49:37.653494,5341727.0,5342176.0,63.934799845377604,63.938799886067706,65.89774589029949,65.90174593098958
2023-07-26 15:49:37.670437,5341731.0,5342180.0,63.95219197591146,63.95619201660156,65.9151376546224,65.9191377360026
2023-07-26 15:49:37.692369,5341735.0,5342184.0,63.96958374023437,63.97358382161458,65.93252978515625,65.93652982584635
2023-07-26 15:49:37.709307,5341740.0,5342189.0,63.991323893229165,63.995323933919266,65.95426993815104,65.95826997884116
2023-07-26 15:49:37.727252,5341744.0,5342193.0,64.00871569824218,64.01271573893229,65.97166170247397,65.97566178385416
2023-07-26 15:49:37.744191,5341748.0,5342197.0,64.02610778808594,64.03010786946615,65.98905383300782,65.99305387369792
,,,,,,
,,,,,,
,,,,,,
,,,,,,
,,,,,,
