0,1,2,3,4,5,6
2023-07-26 13:22:26.062779,3311700.0,3312152.0,64.5690458577474,64.5730458984375,66.53677579752603,66.54077583821615
2023-07-26 13:22:26.067765,3311701.0,3312153.0,64.57339388020833,64.57739392089844,66.54112381998698,66.54512386067708
2023-07-26 13:22:26.071773,3311702.0,3312154.0,64.57774190266927,64.58174194335938,66.54547184244792,66.54947188313803
2023-07-26 13:22:26.076756,3311703.0,3312155.0,64.5820899251302,64.5860899658203,66.54981986490886,66.55381990559896
2023-07-26 13:22:26.080747,3311704.0,3312156.0,64.58643794759115,64.59043802897135,66.55416788736979,66.55816796875
2023-07-26 13:22:26.084729,3311705.0,3312157.0,64.59078597005208,64.5947860107422,66.55851590983072,66.56251599121094
2023-07-26 13:22:26.089717,3311706.0,3312158.0,64.59513366699218,64.5991337483724,66.56286397298176,66.56686401367188
2023-07-26 13:22:26.093711,3311707.0,3312159.0,64.59948173014322,64.60348177083333,66.56721166992187,66.57121171061198
2023-07-26 13:22:26.097690,3311708.0,3312160.0,64.60382975260417,64.60782979329427,66.5715596923828,66.57555973307292
2023-07-26 13:22:26.102674,3311709.0,3312161.0,64.6081777750651,64.61217781575522,66.57590771484375,66.57990775553385
2023-07-26 13:22:26.106656,3311710.0,3312162.0,64.61252579752603,64.61652583821615,66.5802557373047,66.58425577799478
2023-07-26 13:22:26.110647,3311711.0,3312163.0,64.61687381998698,64.62087390136719,66.58460375976563,66.58860384114583
2023-07-26 13:22:26.115631,3311712.0,3312164.0,64.62122184244792,64.62522192382812,66.58895178222656,66.59295186360677
2023-07-26 13:22:26.119612,3311713.0,3312165.0,64.62556990559897,64.62956994628905,66.5932998453776,66.59729988606772
2023-07-26 13:22:26.124597,3311714.0,3312166.0,64.6299179280599,64.63391796875,66.59764786783853,66.60164790852865
2023-07-26 13:22:26.128588,3311715.0,3312167.0,64.63426595052083,64.63826599121094,66.60199589029949,66.60599593098958
2023-07-26 13:22:26.132569,3311716.0,3312168.0,64.63861397298176,64.64261401367187,66.60634391276042,66.61034395345051
2023-07-26 13:22:26.137552,3311717.0,3312169.0,64.64296179199219,64.64696179199218,66.61069193522135,66.61469201660157
2023-07-26 13:22:26.141539,3311718.0,3312170.0,64.6473096923828,64.65130977376303,66.61503979492187,66.61903979492187
2023-07-26 13:22:26.145526,3311719.0,3312171.0,64.65165771484375,64.65565779622396,66.6193876546224,66.6233877360026
2023-07-26 13:22:26.150514,3311720.0,3312172.0,64.65600577799479,64.6600058186849,66.62373571777344,66.62773575846353
2023-07-26 13:22:26.154496,3311721.0,3312173.0,64.66035380045574,64.66435384114583,66.62808374023437,66.63208378092449
2023-07-26 13:22:26.159479,3311722.0,3312174.0,64.66470182291667,64.66870186360677,66.6324317626953,66.63643180338542
2023-07-26 13:22:26.163470,3311723.0,3312175.0,64.6690498453776,64.67304988606772,66.63677978515625,66.64077982584635
2023-07-26 13:22:26.167452,3311724.0,3312176.0,64.67339786783853,64.67739794921874,66.6411278076172,66.6451278889974
2023-07-26 13:22:26.172436,3311725.0,3312177.0,64.67774589029949,64.68174597167969,66.64547583007813,66.64947591145834
2023-07-26 13:22:26.176426,3311726.0,3312178.0,64.68209395345052,64.68609399414063,66.64982389322917,66.65382393391927
2023-07-26 13:22:26.180409,3311727.0,3312179.0,64.68644197591145,64.69044201660157,66.6541719156901,66.6581719563802
2023-07-26 13:22:26.185398,3311728.0,3312180.0,64.69078991699219,64.69478991699219,66.65851993815104,66.66251997884115
2023-07-26 13:22:26.189379,3311729.0,3312181.0,64.69513769531251,64.6991377360026,66.66286791992188,66.66686791992187
2023-07-26 13:22:26.193370,3311730.0,3312182.0,64.69948571777344,64.70348575846353,66.66721565755208,66.6712156982422
2023-07-26 13:22:26.198353,3311731.0,3312183.0,64.70383374023437,64.70783382161459,66.67156368001301,66.67556376139324
2023-07-26 13:22:26.202335,3311732.0,3312184.0,64.7081817626953,64.71218184407552,66.67591170247397,66.67991178385417
2023-07-26 13:22:26.207318,3311733.0,3312185.0,64.71252982584636,64.71652986653646,66.680259765625,66.68425980631511
2023-07-26 13:22:26.211310,3311734.0,3312186.0,64.71687784830729,64.7208778889974,66.68460778808594,66.68860782877604
2023-07-26 13:22:26.215292,3311735.0,3312187.0,64.72122587076824,64.72522591145834,66.68895581054687,66.69295585123697
2023-07-26 13:22:26.220275,3311736.0,3312188.0,64.72557389322917,64.72957393391927,66.69330383300782,66.69730387369792
2023-07-26 13:22:26.224262,3311737.0,3312189.0,64.72992191569011,64.73392199707031,66.69765185546875,66.70165193684896
2023-07-26 13:22:26.228250,3311738.0,3312190.0,64.73426993815104,64.73827001953124,66.70201029459635,66.70601037597656
2023-07-26 13:22:26.233236,3311739.0,3312191.0,64.73861800130209,64.74261804199219,66.70634794108072,66.71034798177084
2023-07-26 13:22:26.237223,3311740.0,3312192.0,64.74296569824219,64.74696573893229,66.71069596354165,66.71469600423177
2023-07-26 13:22:26.241205,3311741.0,3312193.0,64.74731372070312,64.75131376139323,66.71504370117188,66.71904370117187
2023-07-26 13:22:26.246193,3311742.0,3312194.0,64.75166174316406,64.75566178385417,66.71939168294271,66.72339172363282
2023-07-26 13:22:26.250175,3311743.0,3312195.0,64.756009765625,64.76000980631511,66.72373970540364,66.72773974609375
2023-07-26 13:22:26.254166,3311744.0,3312196.0,64.76035778808594,64.76435786946615,66.72808772786458,66.73208780924479
2023-07-26 13:22:26.259150,3311745.0,3312197.0,64.76470581054687,64.76870589192708,66.73243575032552,66.73643583170572
2023-07-26 13:22:26.263131,3311746.0,3312198.0,64.76905387369793,64.77305391438802,66.73678381347656,66.74078385416668
2023-07-26 13:22:26.268114,3311747.0,3312199.0,64.77340189615886,64.77740193684896,66.7411318359375,66.74513187662761
2023-07-26 13:22:26.272106,3311748.0,3312200.0,64.77776033528646,64.78176037597656,66.74547985839844,66.74947989908854
2023-07-26 13:22:26.276088,3311749.0,3312201.0,64.78209794108072,64.78609798177084,66.74982788085939,66.75382792154947
2023-07-26 13:22:26.281076,3311750.0,3312202.0,64.78644596354167,64.79044604492188,66.75417590332032,66.75817598470053
2023-07-26 13:22:26.285062,3311751.0,3312203.0,64.7907938232422,64.79479382324219,66.75852392578125,66.76252400716146
2023-07-26 13:22:26.289050,3311752.0,3312204.0,64.79514168294271,64.79914176432293,66.76287182617187,66.76687182617188
2023-07-26 13:22:26.294033,3311753.0,3312205.0,64.79948974609374,64.80348978678386,66.76721968587239,66.77121972656249
2023-07-26 13:22:26.298015,3311754.0,3312206.0,64.80383776855469,64.80783780924479,66.77156770833334,66.77556774902344
2023-07-26 13:22:26.302998,3311755.0,3312207.0,64.80818579101563,64.81218583170572,66.77591573079427,66.77991577148438
2023-07-26 13:22:26.306989,3311756.0,3312208.0,64.81253381347656,64.81653385416668,66.7802637532552,66.78426379394531
2023-07-26 13:22:26.310971,3311757.0,3312209.0,64.8168818359375,64.8208819173177,66.78461177571614,66.78861185709636
2023-07-26 13:22:26.315954,3311758.0,3312210.0,64.82122985839844,64.82522993977865,66.78895979817709,66.79295987955729
2023-07-26 13:22:26.319945,3311759.0,3312211.0,64.82557792154948,64.82957796223958,66.79330786132813,66.79730790201823
2023-07-26 13:22:26.323928,3311760.0,3312212.0,64.82992594401041,64.83392598470053,66.79765588378906,66.80165592447916
2023-07-26 13:22:26.328915,3311761.0,3312213.0,64.83427396647136,64.83827400716146,66.80200390625001,66.8060039469401
2023-07-26 13:22:26.332902,3311762.0,3312214.0,64.83862194824218,64.84262194824218,66.80635192871094,66.81035196940104
2023-07-26 13:22:26.336889,3311763.0,3312215.0,64.8429696858724,64.84696972656249,66.81069995117187,66.81469995117187
2023-07-26 13:22:26.341873,3311764.0,3312216.0,64.84731770833334,64.85131778971353,66.81504764811197,66.81904772949218
2023-07-26 13:22:26.345854,3311765.0,3312217.0,64.85166573079427,64.85566581217448,66.81939567057292,66.82340616861978
2023-07-26 13:22:26.349845,3311766.0,3312218.0,64.85601379394531,64.86001383463541,66.82374373372396,66.82774377441406
2023-07-26 13:22:26.354824,3311767.0,3312219.0,64.86036181640624,64.86436185709636,66.8280917561849,66.83209179687499
2023-07-26 13:22:26.358811,3311768.0,3312220.0,64.86470983886718,64.86870987955729,66.83243977864583,66.83643981933594
2023-07-26 13:22:26.363794,3311769.0,3312221.0,64.86905786132813,64.87305790201823,66.83678780110677,66.84078784179688
2023-07-26 13:22:26.367785,3311770.0,3312222.0,64.87340588378906,64.87740596516927,66.84113582356771,66.84513590494791
2023-07-26 13:22:26.371767,3311771.0,3312223.0,64.87775390625,64.8817539876302,66.84548384602866,66.84948392740885
2023-07-26 13:22:26.376751,3311772.0,3312224.0,64.88210196940105,64.88610201009114,66.84983190917968,66.8538319498698
2023-07-26 13:22:26.380742,3311773.0,3312225.0,64.88644999186198,64.8904500325521,66.85417993164062,66.85817997233073
2023-07-26 13:22:26.384724,3311774.0,3312226.0,64.89079772949218,64.89479772949218,66.85852795410158,66.86252799479166
2023-07-26 13:22:26.389713,3311775.0,3312227.0,64.89515612792968,64.89915616861978,66.86287573242188,66.86687573242187
2023-07-26 13:22:26.393694,3311776.0,3312228.0,64.89949373372396,64.90349377441406,66.86722367350261,66.87122371419271
2023-07-26 13:22:26.397685,3311777.0,3312229.0,64.9038417561849,64.9078418375651,66.87157169596354,66.87557177734375
2023-07-26 13:22:26.402668,3311778.0,3312230.0,64.90818977864583,64.91218986002605,66.87591971842447,66.87991979980468
2023-07-26 13:22:26.406651,3311779.0,3312231.0,64.91253784179688,64.91653788248698,66.88026778157553,66.88426782226561
2023-07-26 13:22:26.411639,3311780.0,3312232.0,64.91688586425782,64.92088590494791,66.88461580403646,66.88861584472656
2023-07-26 13:22:26.415625,3311781.0,3312233.0,64.92123388671875,64.92523392740885,66.88896382649739,66.8929638671875
2023-07-26 13:22:26.419607,3311782.0,3312234.0,64.92558190917968,64.9295819498698,66.89331184895833,66.89731188964844
2023-07-26 13:22:26.424591,3311783.0,3312235.0,64.92992993164061,64.93393001302083,66.89765987141928,66.90165995279948
2023-07-26 13:22:26.428577,3311784.0,3312236.0,64.93427795410157,64.93827803548177,66.90200789388021,66.90600797526042
2023-07-26 13:22:26.432564,3311785.0,3312237.0,64.93862585449219,64.94262585449219,66.90635595703125,66.91035599772135
2023-07-26 13:22:26.437552,3311786.0,3312238.0,64.9429737141927,64.94697375488282,66.91070385742186,66.91470385742187
2023-07-26 13:22:26.441534,3311787.0,3312239.0,64.94732173665365,64.95132177734375,66.9150516764323,66.91905171712239
2023-07-26 13:22:26.445522,3311788.0,3312240.0,64.9516697591146,64.95566979980468,66.91939969889323,66.92339973958333
2023-07-26 13:22:26.450508,3311789.0,3312241.0,64.95601778157553,64.96001782226561,66.92374772135416,66.92774776204428
2023-07-26 13:22:26.454490,3311790.0,3312242.0,64.96036580403646,64.96436588541667,66.9280957438151,66.93209582519532
2023-07-26 13:22:26.459474,3311791.0,3312243.0,64.96471382649739,64.96871390787761,66.93244376627604,66.93644384765625
2023-07-26 13:22:26.463465,3311792.0,3312244.0,64.96906188964843,64.97306193033855,66.9367918294271,66.94079187011718
2023-07-26 13:22:26.467447,3311793.0,3312245.0,64.97340991210937,64.97740995279948,66.94113985188802,66.94513989257813
2023-07-26 13:22:26.472430,3311794.0,3312246.0,64.9777579345703,64.98175797526042,66.94548787434896,66.94948791503907
2023-07-26 13:22:26.476423,3311795.0,3312247.0,64.98210595703125,64.98610599772135,66.94983589680989,66.9538359375
2023-07-26 13:22:26.480410,3311796.0,3312248.0,64.98645397949218,64.99045397949219,66.95418391927083,66.95818400065103
2023-07-26 13:22:26.485392,3311797.0,3312249.0,64.9908016764323,64.9948017578125,66.95853194173178,66.96253198242188
2023-07-26 13:22:26.489373,3311798.0,3312250.0,64.99514969889323,64.99914978027344,66.96287963867186,66.96687972005209
2023-07-26 13:22:26.493364,3311799.0,3312251.0,64.99949776204427,65.00349780273439,66.9672277018229,66.97122774251302
2023-07-26 13:22:26.498348,3311800.0,3312252.0,65.0038457845052,65.00784582519532,66.97157572428387,66.97557576497395
2023-07-26 13:22:26.502330,3311801.0,3312253.0,65.00819380696615,65.01219384765625,66.9759237467448,66.9799237874349
2023-07-26 13:22:26.506322,3311802.0,3312254.0,65.0125418294271,65.01654187011718,66.98027176920573,66.98427180989583
2023-07-26 13:22:26.511304,3311803.0,3312255.0,65.01688985188802,65.02088993326824,66.98461979166666,66.98861987304687
2023-07-26 13:22:26.515287,3311804.0,3312256.0,65.02123787434896,65.02523795572917,66.98896781412759,66.99296789550782
2023-07-26 13:22:26.520275,3311805.0,3312257.0,65.0255859375,65.0295859781901,66.99331587727865,66.99731591796875
2023-07-26 13:22:26.524261,3311806.0,3312258.0,65.02993395996094,65.03393400065103,66.99766389973958,67.0016639404297
2023-07-26 13:22:26.528243,3311807.0,3312259.0,65.03428198242187,65.03828202311199,67.00201192220051,67.00601196289062
2023-07-26 13:22:26.533231,3311808.0,3312260.0,65.03862976074218,65.04262976074219,67.00635994466145,67.01035998535156
2023-07-26 13:22:26.537213,3311809.0,3312261.0,65.0429777018229,65.04697774251302,67.01070776367187,67.01470776367186
2023-07-26 13:22:26.541200,3311810.0,3312262.0,65.04732572428387,65.05132580566406,67.0150556640625,67.01905574544271
2023-07-26 13:22:26.546187,3311811.0,3312263.0,65.0516737467448,65.05567382812501,67.01940368652343,67.02340376790364
2023-07-26 13:22:26.550170,3311812.0,3312264.0,65.05602180989582,65.06002185058594,67.02375174967449,67.02775179036458
2023-07-26 13:22:26.554157,3311813.0,3312265.0,65.06036983235677,65.06436987304687,67.02809977213542,67.03209981282552
2023-07-26 13:22:26.559144,3311814.0,3312266.0,65.06471785481772,65.06871789550782,67.03245821126302,67.03645825195314
2023-07-26 13:22:26.563126,3311815.0,3312267.0,65.06906587727865,65.07306591796875,67.0367958170573,67.0407958577474
2023-07-26 13:22:26.568110,3311816.0,3312268.0,65.07341389973958,65.07741398111979,67.04114383951823,67.04514392089844
2023-07-26 13:22:26.572101,3311817.0,3312269.0,65.07776192220051,65.08176200358074,67.04549186197917,67.04949194335937
2023-07-26 13:22:26.576844,3311818.0,3312270.0,65.08210998535155,65.08611002604167,67.04983992513021,67.0538399658203
2023-07-26 13:22:26.580800,3311819.0,3312271.0,65.08645788574219,65.09045788574218,67.05418794759115,67.05818798828125
2023-07-26 13:22:26.584781,3311820.0,3312272.0,65.0908057047526,65.09480574544271,67.05853588867187,67.06253588867187
2023-07-26 13:22:26.589773,3311821.0,3312273.0,65.09515372721354,65.09915376790364,67.06288366699219,67.0668837076823
2023-07-26 13:22:26.593756,3311822.0,3312274.0,65.09950174967449,65.10350179036458,67.06723168945312,67.07123173014323
2023-07-26 13:22:26.597742,3311823.0,3312275.0,65.10384977213542,65.10784985351562,67.07157971191407,67.07557979329428
2023-07-26 13:22:26.602726,3311824.0,3312276.0,65.10820821126302,65.11220829264323,67.075927734375,67.07992781575521
2023-07-26 13:22:26.606708,3311825.0,3312277.0,65.11254585774739,65.11654589843751,67.08027579752604,67.08427583821614
2023-07-26 13:22:26.611692,3311826.0,3312278.0,65.11689388020832,65.12089392089844,67.08462381998699,67.08862386067707
2023-07-26 13:22:26.615683,3311827.0,3312279.0,65.12124190266928,65.12524194335937,67.08897184244792,67.09297188313803
2023-07-26 13:22:26.619665,3311828.0,3312280.0,65.12558992513021,65.1295899658203,67.09331986490885,67.09731990559897
2023-07-26 13:22:26.624653,3311829.0,3312281.0,65.12993794759115,65.13393802897136,67.09766788736978,67.10166796875
2023-07-26 13:22:26.628640,3311830.0,3312282.0,65.13428597005208,65.13828601074219,67.10201590983073,67.10601599121094
2023-07-26 13:22:26.632622,3311831.0,3312283.0,65.13863366699219,65.14263374837239,67.10636397298177,67.11036401367187
2023-07-26 13:22:26.637610,3311832.0,3312284.0,65.14298173014323,65.14698177083332,67.11071166992187,67.11471171061199
2023-07-26 13:22:26.641591,3311833.0,3312285.0,65.14732975260416,65.15132979329428,67.1150596923828,67.11905973307292
2023-07-26 13:22:26.645582,3311834.0,3312286.0,65.1516777750651,65.15567781575521,67.11940771484376,67.12340775553385
2023-07-26 13:22:26.650566,3311835.0,3312287.0,65.15602579752604,65.16002583821614,67.12375573730469,67.12775577799479
2023-07-26 13:22:26.654548,3311836.0,3312288.0,65.16037381998699,65.16437390136718,67.12810375976562,67.13210384114583
2023-07-26 13:22:26.659531,3311837.0,3312289.0,65.16472184244792,65.16872192382813,67.13245178222655,67.13645186360677
2023-07-26 13:22:26.663523,3311838.0,3312290.0,65.16906990559896,65.17306994628906,67.13679984537761,67.14079988606771
2023-07-26 13:22:26.667505,3311839.0,3312291.0,65.17341792805989,65.17741796874999,67.14114786783854,67.14514790852864
2023-07-26 13:22:26.672493,3311840.0,3312292.0,65.17776595052084,65.18176599121094,67.14549589029949,67.14949593098959
2023-07-26 13:22:26.676482,3311841.0,3312293.0,65.18211397298177,65.18611401367188,67.14984391276042,67.15384395345052
2023-07-26 13:22:26.680461,3311842.0,3312294.0,65.18646179199219,65.19046179199219,67.15419193522135,67.15819201660156
2023-07-26 13:22:26.685449,3311843.0,3312295.0,65.1908096923828,65.19480977376303,67.15853979492188,67.16253979492187
2023-07-26 13:22:26.689431,3311844.0,3312296.0,65.19515771484376,65.19915779622396,67.1628876546224,67.16688773600261
2023-07-26 13:22:26.693422,3311845.0,3312297.0,65.19950577799479,65.2035058186849,67.16723571777344,67.17123575846354
2023-07-26 13:22:26.698407,3311846.0,3312298.0,65.20385380045573,65.20785384114583,67.17158374023437,67.17558378092448
2023-07-26 13:22:26.702388,3311847.0,3312299.0,65.20820182291666,65.21220186360677,67.17593176269531,67.17993180338541
2023-07-26 13:22:26.706379,3311848.0,3312300.0,65.21254984537761,65.21654988606771,67.18027978515624,67.18427982584636
2023-07-26 13:22:26.711362,3311849.0,3312301.0,65.21689786783854,65.22089794921875,67.18462780761719,67.1886278889974
2023-07-26 13:22:26.715344,3311850.0,3312302.0,65.22124589029949,65.2252459716797,67.18897583007812,67.19297591145833
2023-07-26 13:22:26.720329,3311851.0,3312303.0,65.22559395345051,65.22959399414063,67.19332389322918,67.19732393391926
2023-07-26 13:22:26.724319,3311852.0,3312304.0,65.22994197591146,65.23394201660156,67.19767191569011,67.20167195638021
2023-07-26 13:22:26.728301,3311853.0,3312305.0,65.2342899169922,65.23828991699219,67.20201993815104,67.20601997884116
2023-07-26 13:22:26.733284,3311854.0,3312306.0,65.2386376953125,65.2426377360026,67.20636791992187,67.21036791992188
2023-07-26 13:22:26.737275,3311855.0,3312307.0,65.24298571777344,65.24698575846354,67.21071565755207,67.21471569824219
2023-07-26 13:22:26.741262,3311856.0,3312308.0,65.24733374023437,65.25133382161458,67.21506368001302,67.21906376139323
2023-07-26 13:22:26.746246,3311857.0,3312309.0,65.25168176269531,65.25568184407551,67.21941170247396,67.22341178385417
2023-07-26 13:22:26.750227,3311858.0,3312310.0,65.25602982584635,65.26002986653647,67.22375976562499,67.2277598063151
2023-07-26 13:22:26.754218,3311859.0,3312311.0,65.26037784830729,65.2643778889974,67.22810778808594,67.23210782877604
2023-07-26 13:22:26.759202,3311860.0,3312312.0,65.26472587076823,65.26872591145833,67.23245581054688,67.23645585123697
2023-07-26 13:22:26.763184,3311861.0,3312313.0,65.26907389322918,65.27307393391926,67.23680383300781,67.24080387369793
2023-07-26 13:22:26.768169,3311862.0,3312314.0,65.27342191569011,65.27742199707032,67.24115185546874,67.24515193684896
2023-07-26 13:22:26.772159,3311863.0,3312315.0,65.27776993815104,65.28177001953125,67.24551029459636,67.24951037597656
2023-07-26 13:22:26.776141,3311864.0,3312316.0,65.28211800130208,65.28611804199218,67.24984794108073,67.25384798177083
2023-07-26 13:22:26.781132,3311865.0,3312317.0,65.2864656982422,65.29046573893228,67.25419596354166,67.25819600423178
2023-07-26 13:22:26.785115,3311866.0,3312318.0,65.29081372070313,65.29481376139323,67.25854370117187,67.26254370117188
2023-07-26 13:22:26.789102,3311867.0,3312319.0,65.29516174316406,65.29916178385417,67.26289168294271,67.26689172363281
2023-07-26 13:22:26.794089,3311868.0,3312320.0,65.29950976562499,65.3035098063151,67.26723970540364,67.27123974609374
2023-07-26 13:22:26.798067,3311869.0,3312321.0,65.30385778808593,65.30785786946615,67.27158772786458,67.27558780924478
2023-07-26 13:22:26.802058,3311870.0,3312322.0,65.30820581054688,65.31220589192708,67.27593575032552,67.27993583170573
2023-07-26 13:22:26.807042,3311871.0,3312323.0,65.31255387369792,65.31655391438802,67.28028381347656,67.28428385416667
2023-07-26 13:22:26.811024,3311872.0,3312324.0,65.31690189615885,65.32090193684895,67.2846318359375,67.2886318766276
2023-07-26 13:22:26.816008,3311873.0,3312325.0,65.32126033528647,65.32526037597655,67.28897985839845,67.29297989908854
2023-07-26 13:22:26.819998,3311874.0,3312326.0,65.32559794108073,65.32959798177083,67.29332788085938,67.29732792154948
2023-07-26 13:22:26.823981,3311875.0,3312327.0,65.32994596354166,65.33394604492189,67.29767590332031,67.30167598470052
2023-07-26 13:22:26.828964,3311876.0,3312328.0,65.33429382324219,65.3382938232422,67.30202392578126,67.30602400716145
2023-07-26 13:22:26.832954,3311877.0,3312329.0,65.33864168294271,65.34264176432292,67.30637182617188,67.31037182617187
2023-07-26 13:22:26.836937,3311878.0,3312330.0,65.34298974609375,65.34698978678385,67.3107196858724,67.3147197265625
2023-07-26 13:22:26.841111,3311879.0,3312331.0,65.3473377685547,65.35133780924478,67.31506770833333,67.31906774902345
2023-07-26 13:22:26.846338,3311880.0,3312332.0,65.35168579101563,65.35568583170573,67.31941573079426,67.32341577148438
2023-07-26 13:22:26.850281,3311881.0,3312333.0,65.35603381347656,65.36003385416667,67.32376375325521,67.32776379394531
2023-07-26 13:22:26.854268,3311882.0,3312334.0,65.3603818359375,65.3643819173177,67.32811177571615,67.33211181640624
2023-07-26 13:22:26.859384,3311883.0,3312335.0,65.36472985839845,65.36872993977865,67.33245979817708,67.3364598795573
2023-07-26 13:22:26.863372,3311884.0,3312336.0,65.36907792154948,65.37307796223959,67.33680786132813,67.34080790201823
2023-07-26 13:22:26.867303,3311885.0,3312337.0,65.3734259440104,65.37742598470052,67.34115588378907,67.34515592447916
2023-07-26 13:22:26.872293,3311886.0,3312338.0,65.37777396647137,65.38177400716145,67.34550390625,67.3495039469401
2023-07-26 13:22:26.876273,3311887.0,3312339.0,65.38212194824219,65.38612194824218,67.34985192871093,67.35385196940105
2023-07-26 13:22:26.880264,3311888.0,3312340.0,65.3864696858724,65.3904697265625,67.35419995117186,67.35819995117187
2023-07-26 13:22:26.885248,3311889.0,3312341.0,65.39081770833333,65.39481778971354,67.35854764811198,67.36254772949218
2023-07-26 13:22:26.889230,3311890.0,3312342.0,65.39516573079426,65.39916581217447,67.36289567057293,67.36690616861978
2023-07-26 13:22:26.894213,3311891.0,3312343.0,65.39951379394532,65.4035138346354,67.36724373372395,67.37124377441407
2023-07-26 13:22:26.898205,3311892.0,3312344.0,65.40386181640625,65.40786185709635,67.3715917561849,67.375591796875
2023-07-26 13:22:26.902187,3311893.0,3312345.0,65.40820983886718,65.4122098795573,67.37593977864583,67.37993981933593
2023-07-26 13:22:26.907170,3311894.0,3312346.0,65.41255786132812,65.41655790201823,67.38028780110677,67.38428784179688
2023-07-26 13:22:26.911156,3311895.0,3312347.0,65.41690588378907,65.42090596516927,67.3846358235677,67.38863590494792
2023-07-26 13:22:26.915143,3311896.0,3312348.0,65.42125390625,65.42525398763021,67.38898384602865,67.39298392740886
2023-07-26 13:22:26.920132,3311897.0,3312349.0,65.42560196940104,65.42960201009114,67.39333190917968,67.3973319498698
2023-07-26 13:22:26.924113,3311898.0,3312350.0,65.42994999186197,65.43395003255209,67.39767993164062,67.40167997233073
2023-07-26 13:22:26.928104,3311899.0,3312351.0,65.43429772949219,65.43829772949218,67.40202795410157,67.40602799479167
2023-07-26 13:22:26.933088,3311900.0,3312352.0,65.43865612792969,65.44265616861979,67.40637573242188,67.41037573242188
2023-07-26 13:22:26.937070,3311901.0,3312353.0,65.44299373372395,65.44699377441407,67.4107236735026,67.4147237141927
2023-07-26 13:22:26.942053,3311902.0,3312354.0,65.4473417561849,65.45134183756511,67.41507169596355,67.41907177734375
2023-07-26 13:22:26.946044,3311903.0,3312355.0,65.45168977864584,65.45568986002604,67.41941971842448,67.42341979980468
2023-07-26 13:22:26.950027,3311904.0,3312356.0,65.45603784179688,65.46003788248697,67.42376778157552,67.42776782226562
2023-07-26 13:22:26.955009,3311905.0,3312357.0,65.46038586425782,65.46438590494792,67.42811580403645,67.43211584472657
2023-07-26 13:22:26.959001,3311906.0,3312358.0,65.46473388671875,65.46873392740886,67.43246382649738,67.4364638671875
2023-07-26 13:22:26.962982,3311907.0,3312359.0,65.46908190917968,65.4730819498698,67.43681184895834,67.44081188964843
2023-07-26 13:22:26.967971,3311908.0,3312360.0,65.47342993164062,65.47743001302082,67.44115987141927,67.44515995279949
2023-07-26 13:22:26.971953,3311909.0,3312361.0,65.47777795410157,65.48177803548178,67.4455078938802,67.44950797526042
2023-07-26 13:22:26.975940,3311910.0,3312362.0,65.48212585449218,65.48612585449219,67.44985595703125,67.45385599772135
2023-07-26 13:22:26.980927,3311911.0,3312363.0,65.4864737141927,65.49047375488281,67.45420385742187,67.45820385742186
2023-07-26 13:22:26.984909,3311912.0,3312364.0,65.49082173665366,65.49482177734374,67.4585516764323,67.4625517171224
2023-07-26 13:22:26.989893,3311913.0,3312365.0,65.49516975911459,65.49916979980469,67.46289969889322,67.46689973958334
2023-07-26 13:22:26.993884,3311914.0,3312366.0,65.49951778157552,65.50351782226562,67.46724772135416,67.47124776204427
2023-07-26 13:22:26.997866,3311915.0,3312367.0,65.50386580403645,65.50786588541666,67.47159574381512,67.47559582519531
2023-07-26 13:22:27.002849,3311916.0,3312368.0,65.5082138264974,65.51221390787761,67.47594376627605,67.47994384765626
2023-07-26 13:22:27.006841,3311917.0,3312369.0,65.51256188964844,65.51656193033854,67.48029182942709,67.48429187011719
2023-07-26 13:22:27.011428,3311918.0,3312370.0,65.51690991210937,65.52090995279949,67.48463985188802,67.48863989257812
2023-07-26 13:22:27.015838,3311919.0,3312371.0,65.5212579345703,65.52525797526042,67.48898787434895,67.49298791503907
2023-07-26 13:22:27.019820,3311920.0,3312372.0,65.52560595703125,65.52960599772135,67.4933358968099,67.4973359375
2023-07-26 13:22:27.023807,3311921.0,3312373.0,65.52995397949219,65.53395397949218,67.49768391927083,67.50168400065104
2023-07-26 13:22:27.028795,3311922.0,3312374.0,65.53430167643229,65.5383017578125,67.50203194173177,67.50603198242187
2023-07-26 13:22:27.032777,3311923.0,3312375.0,65.53864969889322,65.54264978027344,67.50637963867187,67.51037972005209
2023-07-26 13:22:27.037760,3311924.0,3312376.0,65.54299776204427,65.54699780273438,67.51072770182292,67.51472774251302
2023-07-26 13:22:27.041752,3311925.0,3312377.0,65.54734578450521,65.55134582519531,67.51507572428386,67.51907576497396
2023-07-26 13:22:27.045733,3311926.0,3312378.0,65.55169380696614,65.55569384765626,67.51942374674479,67.5234237874349
2023-07-26 13:22:27.050716,3311927.0,3312379.0,65.55604182942709,65.56004187011719,67.52377176920574,67.52777180989582
2023-07-26 13:22:27.054708,3311928.0,3312380.0,65.56038985188802,65.56438993326823,67.52811979166667,67.53211987304687
2023-07-26 13:22:27.058691,3311929.0,3312381.0,65.56473787434896,65.56873795572916,67.5324678141276,67.53646789550783
2023-07-26 13:22:27.063678,3311930.0,3312382.0,65.5690859375,65.5730859781901,67.53681587727864,67.54081591796876
2023-07-26 13:22:27.067665,3311931.0,3312383.0,65.57343395996094,65.57743400065104,67.54116389973957,67.54516394042969
2023-07-26 13:22:27.071647,3311932.0,3312384.0,65.57778198242187,65.58178202311198,67.54551192220052,67.54951196289062
2023-07-26 13:22:27.076635,3311933.0,3312385.0,65.58212976074219,65.58612976074218,67.54985994466146,67.55385998535155
2023-07-26 13:22:27.080617,3311934.0,3312386.0,65.58647770182291,65.59047774251302,67.55420776367187,67.55820776367187
2023-07-26 13:22:27.084608,3311935.0,3312387.0,65.59082572428386,65.59482580566407,67.5585556640625,67.56255574544271
2023-07-26 13:22:27.089591,3311936.0,3312388.0,65.59517374674479,65.599173828125,67.56290368652344,67.56690376790364
2023-07-26 13:22:27.093573,3311937.0,3312389.0,65.59952180989583,65.60352185058593,67.56725174967448,67.57125179036458
2023-07-26 13:22:27.098556,3311938.0,3312390.0,65.60386983235678,65.60786987304687,67.57159977213541,67.57559981282553
2023-07-26 13:22:27.102548,3311939.0,3312391.0,65.60821785481771,65.61221789550783,67.57595821126301,67.57995825195313
2023-07-26 13:22:27.106530,3311940.0,3312392.0,65.61256587727864,65.61656591796876,67.5802958170573,67.58429585774739
2023-07-26 13:22:27.111518,3311941.0,3312393.0,65.61691389973957,65.62091398111978,67.58464383951824,67.58864392089843
2023-07-26 13:22:27.115500,3311942.0,3312394.0,65.62126192220052,65.62526200358073,67.58899186197917,67.59299194335938
2023-07-26 13:22:27.119487,3311943.0,3312395.0,65.62560998535156,65.62961002604166,67.59333992513021,67.59733996582031
2023-07-26 13:22:27.124474,3311944.0,3312396.0,65.62995788574219,65.63395788574219,67.59768794759114,67.60168798828124
2023-07-26 13:22:27.128461,3311945.0,3312397.0,65.63430570475259,65.63830574544271,67.60203588867188,67.60603588867187
2023-07-26 13:22:27.132447,3311946.0,3312398.0,65.63865372721355,65.64265376790364,67.60638366699219,67.6103837076823
2023-07-26 13:22:27.137431,3311947.0,3312399.0,65.64300174967448,65.64700179036458,67.61073168945312,67.61473173014323
2023-07-26 13:22:27.141413,3311948.0,3312400.0,65.64734977213541,65.65134985351563,67.61507971191406,67.61907979329428
2023-07-26 13:22:27.145404,3311949.0,3312401.0,65.65170821126301,65.65570829264323,67.61942773437501,67.6234278157552
2023-07-26 13:22:27.150388,3311950.0,3312402.0,65.6560458577474,65.6600458984375,67.62377579752604,67.62777583821615
2023-07-26 13:22:27.154370,3311951.0,3312403.0,65.66039388020833,65.66439392089845,67.62812381998698,67.63212386067708
2023-07-26 13:22:27.159358,3311952.0,3312404.0,65.66474190266928,65.66874194335938,67.63247184244791,67.63647188313803
2023-07-26 13:22:27.163344,3311953.0,3312405.0,65.66908992513021,65.67308996582031,67.63681986490886,67.64081990559896
2023-07-26 13:22:27.167326,3311954.0,3312406.0,65.67343794759114,65.67743802897135,67.64116788736979,67.64516796874999
2023-07-26 13:22:27.172314,3311955.0,3312407.0,65.67778597005208,65.68178601074219,67.64551590983072,67.64951599121095
2023-07-26 13:22:27.176296,3311956.0,3312408.0,65.68213366699219,65.6861337483724,67.64986397298176,67.65386401367188
2023-07-26 13:22:27.180300,3311957.0,3312409.0,65.68648173014323,65.69048177083333,67.65421166992186,67.65821171061198
2023-07-26 13:22:27.185271,3311958.0,3312410.0,65.69082975260416,65.69482979329428,67.65855969238281,67.66255973307291
2023-07-26 13:22:27.189253,3311959.0,3312411.0,65.6951777750651,65.6991778157552,67.66290771484375,67.66690775553386
2023-07-26 13:22:27.194237,3311960.0,3312412.0,65.69952579752604,65.70352583821615,67.66725573730469,67.67125577799479
2023-07-26 13:22:27.198227,3311961.0,3312413.0,65.70387381998698,65.7078739013672,67.67160375976562,67.67560384114583
2023-07-26 13:22:27.202209,3311962.0,3312414.0,65.70822184244791,65.71222192382812,67.67595178222656,67.67995186360676
2023-07-26 13:22:27.207198,3311963.0,3312415.0,65.71256990559897,65.71656994628906,67.6802998453776,67.68429988606772
2023-07-26 13:22:27.211184,3311964.0,3312416.0,65.7169179280599,65.72091796875,67.68464786783854,67.68864790852865
2023-07-26 13:22:27.215166,3311965.0,3312417.0,65.72126595052083,65.72526599121095,67.68899589029948,67.69299593098958
2023-07-26 13:22:27.220154,3311966.0,3312418.0,65.72561397298176,65.72961401367188,67.69334391276043,67.69734395345051
2023-07-26 13:22:27.224136,3311967.0,3312419.0,65.7299617919922,65.73396179199219,67.69769193522136,67.70169201660157
2023-07-26 13:22:27.228127,3311968.0,3312420.0,65.73430969238281,65.73830977376302,67.70203979492187,67.70603979492188
2023-07-26 13:22:27.233110,3311969.0,3312421.0,65.73865771484375,65.74265779622397,67.70638765462239,67.7103877360026
2023-07-26 13:22:27.237092,3311970.0,3312422.0,65.74300577799478,65.7470058186849,67.71073571777343,67.71473575846353
2023-07-26 13:22:27.242077,3311971.0,3312423.0,65.74735380045573,65.75135384114583,67.71508374023438,67.71908378092448
2023-07-26 13:22:27.246067,3311972.0,3312424.0,65.75170182291667,65.75570186360676,67.71943176269531,67.72343180338542
2023-07-26 13:22:27.250049,3311973.0,3312425.0,65.7560498453776,65.76004988606772,67.72377978515624,67.72777982584635
2023-07-26 13:22:27.255037,3311974.0,3312426.0,65.76039786783853,65.76439794921875,67.7281278076172,67.7321278889974
2023-07-26 13:22:27.259024,3311975.0,3312427.0,65.76474589029948,65.76874597167969,67.73247583007813,67.73647591145833
2023-07-26 13:22:27.263006,3311976.0,3312428.0,65.76909395345052,65.77309399414062,67.73682389322917,67.74082393391927
2023-07-26 13:22:27.267994,3311977.0,3312429.0,65.77344197591145,65.77744201660157,67.7411719156901,67.7451719563802
2023-07-26 13:22:27.271976,3311978.0,3312430.0,65.77778991699219,65.7817899169922,67.74551993815105,67.74951997884115
2023-07-26 13:22:27.275967,3311979.0,3312431.0,65.7821376953125,65.7861377360026,67.74986791992188,67.75386791992187
2023-07-26 13:22:27.280946,3311980.0,3312432.0,65.78648571777345,65.79048575846353,67.75421565755208,67.7582156982422
2023-07-26 13:22:27.284933,3311981.0,3312433.0,65.79083374023438,65.79483382161457,67.75856368001301,67.76256376139324
2023-07-26 13:22:27.289917,3311982.0,3312434.0,65.79518176269531,65.79918184407552,67.76291170247396,67.76691178385417
2023-07-26 13:22:27.293907,3311983.0,3312435.0,65.79952982584635,65.80352986653646,67.767259765625,67.7712598063151
2023-07-26 13:22:27.297889,3311984.0,3312436.0,65.8038778483073,65.8078778889974,67.77160778808594,67.77560782877603
2023-07-26 13:22:27.302878,3311985.0,3312437.0,65.80822587076824,65.81222591145833,67.77595581054688,67.77995585123698
2023-07-26 13:22:27.306864,3311986.0,3312438.0,65.81257389322917,65.81657393391927,67.7803038330078,67.78430387369792
2023-07-26 13:22:27.310850,3311987.0,3312439.0,65.8169219156901,65.82092199707031,67.78465185546875,67.78865193684895
2023-07-26 13:22:27.315829,3311988.0,3312440.0,65.82126993815105,65.82527001953125,67.78901029459635,67.79301037597656
2023-07-26 13:22:27.319816,3311989.0,3312441.0,65.82561800130209,65.82961804199218,67.79334794108073,67.79734798177084
2023-07-26 13:22:27.323806,3311990.0,3312442.0,65.82996569824219,65.83396573893229,67.79769596354166,67.80169600423177
2023-07-26 13:22:27.328790,3311991.0,3312443.0,65.83431372070312,65.83831376139324,67.80204370117188,67.80604370117187
2023-07-26 13:22:27.332772,3311992.0,3312444.0,65.83866174316405,65.84266178385417,67.80639168294272,67.8103917236328
2023-07-26 13:22:27.337755,3311993.0,3312445.0,65.843009765625,65.8470098063151,67.81073970540365,67.81473974609375
2023-07-26 13:22:27.341747,3311994.0,3312446.0,65.84735778808594,65.85135786946614,67.81508772786458,67.81908780924479
2023-07-26 13:22:27.345728,3311995.0,3312447.0,65.85170581054687,65.85570589192709,67.81943575032551,67.82343583170572
2023-07-26 13:22:27.350711,3311996.0,3312448.0,65.85605387369792,65.86005391438802,67.82378381347657,67.82778385416667
2023-07-26 13:22:27.354698,3311997.0,3312449.0,65.86040189615886,65.86440193684895,67.8281318359375,67.83213187662761
2023-07-26 13:22:27.358702,3311998.0,3312450.0,65.86476033528646,65.86876037597656,67.83247985839844,67.83647989908854
2023-07-26 13:22:27.363674,3311999.0,3312451.0,65.86909794108072,65.87309798177084,67.83682788085937,67.84082792154948
2023-07-26 13:22:27.367657,3312000.0,3312452.0,65.87344596354166,65.87744604492188,67.84117590332032,67.84517598470052
2023-07-26 13:22:27.371646,3312001.0,3312453.0,65.8777938232422,65.88179382324219,67.84552392578125,67.84952400716146
2023-07-26 13:22:27.376630,3312002.0,3312454.0,65.88214168294272,65.88614176432293,67.84987182617188,67.85387182617188
2023-07-26 13:22:27.380612,3312003.0,3312455.0,65.88648974609374,65.89048978678386,67.8542196858724,67.8582197265625
2023-07-26 13:22:27.384603,3312004.0,3312456.0,65.89083776855469,65.89483780924479,67.85856770833334,67.86256774902344
2023-07-26 13:22:27.389587,3312005.0,3312457.0,65.89518579101562,65.89918583170572,67.86291573079427,67.86691577148437
2023-07-26 13:22:27.393568,3312006.0,3312458.0,65.89953381347657,65.90353385416667,67.8672637532552,67.87126379394532
2023-07-26 13:22:27.398553,3312007.0,3312459.0,65.9038818359375,65.90788191731771,67.87161177571615,67.87561185709636
2023-07-26 13:22:27.402544,3312008.0,3312460.0,65.90822985839844,65.91222993977865,67.87595979817708,67.87995987955729
2023-07-26 13:22:27.406526,3312009.0,3312461.0,65.91257792154947,65.91657796223959,67.88030786132813,67.88430790201822
2023-07-26 13:22:27.411509,3312010.0,3312462.0,65.91692594401042,65.92092598470052,67.88465588378907,67.88865592447917
2023-07-26 13:22:27.415495,3312011.0,3312463.0,65.92127396647136,65.92527400716146,67.88900390625,67.8930039469401
2023-07-26 13:22:27.419486,3312012.0,3312464.0,65.92562194824218,65.92962194824219,67.89335192871093,67.89735196940104
2023-07-26 13:22:27.424465,3312013.0,3312465.0,65.9299696858724,65.9339697265625,67.89769995117187,67.90169995117186
2023-07-26 13:22:27.428452,3312014.0,3312466.0,65.93431770833334,65.93831778971354,67.90204764811197,67.90604772949219
2023-07-26 13:22:27.432442,3312015.0,3312467.0,65.93866573079427,65.94266581217448,67.90639567057292,67.91040616861979
2023-07-26 13:22:27.437428,3312016.0,3312468.0,65.94301379394531,65.94701383463541,67.91074373372395,67.91474377441406
2023-07-26 13:22:27.441409,3312017.0,3312469.0,65.94736181640624,65.95136185709636,67.9150917561849,67.919091796875
2023-07-26 13:22:27.446392,3312018.0,3312470.0,65.95170983886719,65.95570987955729,67.91943977864584,67.92343981933593
2023-07-26 13:22:27.450392,3312019.0,3312471.0,65.95605786132813,65.96005790201822,67.92378780110677,67.92778784179689
2023-07-26 13:22:27.454366,3312020.0,3312472.0,65.96040588378906,65.96440596516928,67.9281358235677,67.93213590494791
2023-07-26 13:22:27.459348,3312021.0,3312473.0,65.96475390625,65.96875398763021,67.93248384602865,67.93648392740886
2023-07-26 13:22:27.463335,3312022.0,3312474.0,65.96910196940104,65.97310201009114,67.93683190917969,67.94083194986979
2023-07-26 13:22:27.467326,3312023.0,3312475.0,65.97344999186198,65.97745003255208,67.94117993164062,67.94517997233073
2023-07-26 13:22:27.472304,3312024.0,3312476.0,65.97779772949218,65.98179772949219,67.94552795410156,67.94952799479167
2023-07-26 13:22:27.476291,3312025.0,3312477.0,65.98215612792968,65.98615616861979,67.94987573242189,67.95387573242188
2023-07-26 13:22:27.480282,3312026.0,3312478.0,65.98649373372395,65.99049377441406,67.95422367350261,67.9582237141927
2023-07-26 13:22:27.485267,3312027.0,3312479.0,65.9908417561849,65.9948418375651,67.95857169596354,67.96257177734375
2023-07-26 13:22:27.489248,3312028.0,3312480.0,65.99518977864584,65.99918986002605,67.96291971842447,67.96691979980469
2023-07-26 13:22:27.494231,3312029.0,3312481.0,65.99953784179688,66.00353788248698,67.96726778157553,67.97126782226562
2023-07-26 13:22:27.498223,3312030.0,3312482.0,66.00388586425781,66.00788590494791,67.97161580403646,67.97561584472656
2023-07-26 13:22:27.502206,3312031.0,3312483.0,66.00823388671876,66.01223392740886,67.97596382649739,67.97996386718751
2023-07-26 13:22:27.507193,3312032.0,3312484.0,66.01258190917969,66.01658194986979,67.98031184895834,67.98431188964844
2023-07-26 13:22:27.511175,3312033.0,3312485.0,66.01692993164062,66.02093001302083,67.98465987141927,67.98865995279948
2023-07-26 13:22:27.515166,3312034.0,3312486.0,66.02127795410156,66.02527803548178,67.98900789388021,67.99300797526041
2023-07-26 13:22:27.520150,3312035.0,3312487.0,66.02562585449219,66.02962585449218,67.99335595703126,67.99735599772134
2023-07-26 13:22:27.524131,3312036.0,3312488.0,66.0299737141927,66.03397375488281,67.99770385742187,68.00170385742187
2023-07-26 13:22:27.528122,3312037.0,3312489.0,66.03432173665365,66.03832177734375,68.00205167643229,68.00605171712239
2023-07-26 13:22:27.533107,3312038.0,3312490.0,66.03866975911458,66.04266979980468,68.00639969889323,68.01039973958333
2023-07-26 13:22:27.537088,3312039.0,3312491.0,66.04301778157553,66.04701782226562,68.01074772135416,68.01474776204427
2023-07-26 13:22:27.542071,3312040.0,3312492.0,66.04736580403646,66.05136588541666,68.01509574381511,68.01909582519532
2023-07-26 13:22:27.546063,3312041.0,3312493.0,66.05171382649739,66.05571390787762,68.01944376627604,68.02344384765625
2023-07-26 13:22:27.550045,3312042.0,3312494.0,66.05606188964843,66.06006193033855,68.0237918294271,68.02779187011718
2023-07-26 13:22:27.555029,3312043.0,3312495.0,66.06040991210936,66.06440995279948,68.02813985188803,68.03213989257812
2023-07-26 13:22:27.559014,3312044.0,3312496.0,66.06475793457031,66.06875797526041,68.03248787434896,68.03648791503907
2023-07-26 13:22:27.563005,3312045.0,3312497.0,66.06910595703125,66.07310599772134,68.03683589680989,68.0408359375
2023-07-26 13:22:27.567988,3312046.0,3312498.0,66.07345397949219,66.07745397949219,68.04118391927082,68.04518400065103
2023-07-26 13:22:27.571971,3312047.0,3312499.0,66.07780167643229,66.0818017578125,68.04553194173178,68.04953198242187
2023-07-26 13:22:27.576955,3312048.0,3312500.0,66.08214969889323,66.08614978027343,68.04987963867187,68.0538797200521
2023-07-26 13:22:27.580946,3312049.0,3312501.0,66.08649776204427,66.09049780273438,68.05422770182291,68.05822774251303
2023-07-26 13:22:27.584927,3312050.0,3312502.0,66.0908457845052,66.09484582519532,68.05857572428386,68.06257576497396
2023-07-26 13:22:27.589910,3312051.0,3312503.0,66.09519380696614,66.09919384765625,68.0629237467448,68.06692378743489
2023-07-26 13:22:27.593903,3312052.0,3312504.0,66.0995418294271,66.10354187011718,68.06727176920573,68.07127180989583
2023-07-26 13:22:27.598887,3312053.0,3312505.0,66.10388985188803,66.10788993326824,68.07161979166666,68.07561987304688
2023-07-26 13:22:27.602873,3312054.0,3312506.0,66.10823787434896,66.11223795572917,68.0759678141276,68.07996789550782
2023-07-26 13:22:27.606859,3312055.0,3312507.0,66.1125859375,66.1165859781901,68.08031587727865,68.08431591796875
2023-07-26 13:22:27.611837,3312056.0,3312508.0,66.11693395996093,66.12093400065103,68.08466389973958,68.08866394042968
2023-07-26 13:22:27.615830,3312057.0,3312509.0,66.12128198242188,66.12528202311198,68.08901192220051,68.09301196289063
2023-07-26 13:22:27.623802,3312058.0,3312510.0,66.12562976074219,66.12962976074219,68.09335994466146,68.09735998535156
2023-07-26 13:22:27.628785,3312060.0,3312512.0,66.13432572428385,66.13832580566407,68.1020556640625,68.1060557454427
2023-07-26 13:22:27.632767,3312061.0,3312513.0,66.1386737467448,66.142673828125,68.10640368652344,68.11040376790365
2023-07-26 13:22:27.637768,3312062.0,3312514.0,66.14302180989583,66.14702185058594,68.11075174967448,68.11475179036458
2023-07-26 13:22:27.641742,3312063.0,3312515.0,66.14736983235677,66.15136987304687,68.11509977213541,68.11909981282552
2023-07-26 13:22:27.650719,3312064.0,3312516.0,66.1517178548177,66.15571789550782,68.11945821126302,68.12345825195312
2023-07-26 13:22:27.654699,3312066.0,3312518.0,66.16041389973958,66.1644139811198,68.12814383951823,68.13214392089844
2023-07-26 13:22:27.663669,3312067.0,3312519.0,66.16476192220051,66.16876200358074,68.13249186197916,68.13649194335937
2023-07-26 13:22:27.667650,3312069.0,3312521.0,66.17345788574218,66.17745788574219,68.14118794759115,68.14518798828124
2023-07-26 13:22:27.672636,3312070.0,3312522.0,66.1778057047526,66.1818057454427,68.14553588867187,68.14953588867188
2023-07-26 13:22:27.680607,3312071.0,3312523.0,66.18215372721355,66.18615376790365,68.14988366699218,68.1538837076823
2023-07-26 13:22:27.685590,3312073.0,3312525.0,66.19084977213541,66.19484985351562,68.15857971191407,68.16257979329427
2023-07-26 13:22:27.689582,3312074.0,3312526.0,66.19520821126302,66.19920829264322,68.162927734375,68.16692781575522
2023-07-26 13:22:27.698552,3312075.0,3312527.0,66.1995458577474,66.20354589843751,68.16727579752603,68.17127583821615
2023-07-26 13:22:27.702539,3312077.0,3312529.0,66.20824190266927,66.21224194335937,68.17597184244792,68.17997188313802
2023-07-26 13:22:27.711509,3312078.0,3312530.0,66.21258992513022,66.2165899658203,68.18031986490885,68.18431990559897
2023-07-26 13:22:27.715490,3312080.0,3312532.0,66.22128597005208,66.2252860107422,68.18901590983072,68.19301599121094
2023-07-26 13:22:27.724466,3312081.0,3312533.0,66.22563366699218,66.2296337483724,68.19336397298177,68.19736401367187
2023-07-26 13:22:27.728446,3312083.0,3312535.0,66.23432975260417,66.23832979329427,68.2020596923828,68.20605973307292
2023-07-26 13:22:27.733431,3312084.0,3312536.0,66.2386777750651,66.24267781575521,68.20640771484375,68.21040775553385
2023-07-26 13:22:27.741403,3312085.0,3312537.0,66.24302579752603,66.24702583821615,68.2107557373047,68.21475577799478
2023-07-26 13:22:27.750373,3312087.0,3312539.0,66.25172184244792,66.25572192382812,68.21945182291667,68.22345186360677
2023-07-26 13:22:27.759348,3312089.0,3312541.0,66.2604179280599,66.26441796875,68.22814786783854,68.23214790852865
2023-07-26 13:22:27.763329,3312091.0,3312543.0,66.26911397298177,66.27311401367187,68.23684391276042,68.24084395345052
2023-07-26 13:22:27.772305,3312092.0,3312544.0,66.27346179199219,66.2774617919922,68.24119193522135,68.24519201660156
2023-07-26 13:22:27.781269,3312094.0,3312546.0,66.28215771484375,66.28615779622396,68.2498876546224,68.2538877360026
2023-07-26 13:22:27.785262,3312096.0,3312548.0,66.29085380045574,66.29485384114582,68.25858374023437,68.26258378092449
2023-07-26 13:22:27.794232,3312097.0,3312549.0,66.29520182291667,66.29920186360677,68.2629317626953,68.26693180338542
2023-07-26 13:22:27.798217,3312099.0,3312551.0,66.30389786783854,66.30789794921874,68.2716278076172,68.2756278889974
2023-07-26 13:22:27.807189,3312100.0,3312552.0,66.30824589029949,66.31224597167969,68.27597583007812,68.27997591145834
2023-07-26 13:22:27.811169,3312102.0,3312554.0,66.31694197591145,66.32094197591145,68.28467191569011,68.2886719563802
2023-07-26 13:22:27.820145,3312103.0,3312555.0,66.3212899169922,66.32528991699219,68.28901993815104,68.29301997884116
2023-07-26 13:22:27.824126,3312105.0,3312557.0,66.32998571777344,66.33398575846354,68.29771565755208,68.30171569824219
2023-07-26 13:22:27.833101,3312106.0,3312558.0,66.33433374023437,66.33833382161458,68.30206368001302,68.30606376139323
2023-07-26 13:22:27.842071,3312108.0,3312560.0,66.34302982584636,66.34702986653646,68.310759765625,68.31475980631511
2023-07-26 13:22:27.850040,3312110.0,3312562.0,66.35172587076823,66.35572591145834,68.31945581054687,68.32345585123697
2023-07-26 13:22:27.859009,3312112.0,3312564.0,66.36042191569011,66.36442199707031,68.32815185546875,68.33215193684896
2023-07-26 13:22:27.863000,3312114.0,3312566.0,66.36911800130208,66.37311804199219,68.33684794108072,68.34084798177084
2023-07-26 13:22:27.871965,3312115.0,3312567.0,66.37346569824219,66.37746573893229,68.34119596354167,68.34519600423177
2023-07-26 13:22:27.876949,3312117.0,3312569.0,66.38216174316406,66.38616178385418,68.34989168294271,68.35389172363281
2023-07-26 13:22:27.884922,3312118.0,3312570.0,66.386509765625,66.39050980631511,68.35423970540364,68.35823974609374
2023-07-26 13:22:27.889910,3312120.0,3312572.0,66.39520581054687,66.39920589192708,68.36293575032552,68.36693583170572
2023-07-26 13:22:27.897880,3312121.0,3312573.0,66.39955387369793,66.40355391438801,68.36728381347656,68.37128385416668
2023-07-26 13:22:27.906853,3312123.0,3312575.0,66.40826033528646,66.41226037597656,68.37597985839844,68.37997989908854
2023-07-26 13:22:27.915823,3312125.0,3312577.0,66.41694596354166,66.42094604492188,68.38467590332031,68.38867598470053
2023-07-26 13:22:27.923797,3312127.0,3312579.0,66.42564168294271,66.42964176432292,68.39337182617187,68.39737182617188
2023-07-26 13:22:27.932762,3312129.0,3312581.0,66.4343377685547,66.43833780924479,68.40206770833333,68.40606774902345
2023-07-26 13:22:27.941736,3312131.0,3312583.0,66.44303381347656,66.44703385416668,68.4107637532552,68.41476379394531
2023-07-26 13:22:27.950706,3312133.0,3312585.0,66.45172985839845,66.45572993977865,68.41945979817709,68.42345987955729
2023-07-26 13:22:27.958680,3312135.0,3312587.0,66.46042594401041,66.46442598470053,68.42815588378906,68.43215592447916
2023-07-26 13:22:27.967645,3312137.0,3312589.0,66.46912194824218,66.47312194824218,68.43685192871094,68.44085196940104
2023-07-26 13:22:27.976619,3312139.0,3312591.0,66.47781770833333,66.48181778971355,68.44554764811197,68.44954772949218
2023-07-26 13:22:27.985584,3312141.0,3312593.0,66.48651379394532,66.49051383463541,68.45424373372396,68.45824377441406
2023-07-26 13:22:27.993562,3312143.0,3312595.0,66.49520983886718,66.4992098795573,68.46293977864583,68.46693981933593
2023-07-26 13:22:28.002528,3312145.0,3312597.0,66.50390588378906,66.50790596516927,68.47163582356771,68.47563590494791
2023-07-26 13:22:28.011502,3312147.0,3312599.0,66.51260196940105,66.51660201009113,68.48033190917968,68.4843319498698
2023-07-26 13:22:28.019476,3312149.0,3312601.0,66.52129772949218,66.52529772949218,68.48902795410157,68.49302799479166
2023-07-26 13:22:28.028441,3312151.0,3312603.0,66.52999373372396,66.53399377441406,68.4977236735026,68.5017237141927
2023-07-26 13:22:28.037416,3312153.0,3312605.0,66.53868977864583,66.54268986002604,68.50641971842448,68.51041979980468
2023-07-26 13:22:28.046386,3312155.0,3312607.0,66.54738586425782,66.5513859049479,68.51511580403645,68.51911584472657
2023-07-26 13:22:28.054359,3312157.0,3312609.0,66.55608190917968,66.5600819498698,68.52381184895835,68.52781188964843
2023-07-26 13:22:28.063324,3312159.0,3312611.0,66.56477795410157,66.56877803548177,68.53250789388021,68.53650797526042
2023-07-26 13:22:28.072299,3312161.0,3312613.0,66.5734737141927,66.57747375488282,68.54120385742186,68.54520385742187
2023-07-26 13:22:28.081264,3312163.0,3312615.0,66.58216975911459,66.58616979980468,68.54989969889323,68.55389973958334
2023-07-26 13:22:28.089238,3312165.0,3312617.0,66.59086580403645,66.59486588541667,68.5585957438151,68.56259582519532
2023-07-26 13:22:28.098207,3312167.0,3312619.0,66.59956188964844,66.60356193033854,68.56729182942709,68.5712918701172
2023-07-26 13:22:28.107182,3312169.0,3312621.0,66.6082579345703,66.61225797526042,68.57598787434895,68.57998791503907
2023-07-26 13:22:28.115155,3312171.0,3312623.0,66.61695397949218,66.62095397949219,68.58468391927083,68.58868400065103
2023-07-26 13:22:28.124121,3312173.0,3312625.0,66.62564969889323,66.62964978027344,68.59337963867186,68.59737972005209
2023-07-26 13:22:28.133095,3312175.0,3312627.0,66.6343457845052,66.63834582519532,68.60207572428386,68.60607576497395
2023-07-26 13:22:28.142065,3312177.0,3312629.0,66.64304182942709,66.64704187011719,68.61077176920573,68.61477180989583
2023-07-26 13:22:28.150038,3312179.0,3312631.0,66.65173787434895,66.65573795572917,68.6194678141276,68.62346789550782
2023-07-26 13:22:28.159004,3312181.0,3312633.0,66.66043395996094,66.66443400065104,68.62816389973958,68.63216394042969
2023-07-26 13:22:28.167978,3312183.0,3312635.0,66.66912976074218,66.67312976074219,68.63685994466147,68.64085998535155
2023-07-26 13:22:28.176943,3312185.0,3312637.0,66.67782572428386,66.68182580566406,68.6455556640625,68.64955574544271
2023-07-26 13:22:28.184917,3312187.0,3312639.0,66.68652180989582,66.69052185058594,68.65425174967449,68.65825179036457
2023-07-26 13:22:28.193892,3312189.0,3312641.0,66.69521785481771,66.69921789550781,68.66295821126302,68.66695825195313
2023-07-26 13:22:28.202862,3312191.0,3312643.0,66.70391389973958,66.70791398111979,68.67164383951824,68.67564392089844
2023-07-26 13:22:28.210835,3312193.0,3312645.0,66.71260998535156,66.71661002604166,68.68033992513021,68.68433996582031
2023-07-26 13:22:28.219800,3312195.0,3312647.0,66.7213057047526,66.72530574544271,68.68903588867187,68.69303588867187
2023-07-26 13:22:28.228775,3312197.0,3312649.0,66.73000174967449,66.73400179036457,68.69773168945312,68.70173173014324
2023-07-26 13:22:28.237745,3312199.0,3312651.0,66.73870821126302,66.74270829264323,68.706427734375,68.71042781575521
2023-07-26 13:22:28.245714,3312201.0,3312653.0,66.74739388020834,66.75139392089844,68.71512381998699,68.71912386067707
2023-07-26 13:22:28.254683,3312203.0,3312655.0,66.75608992513021,66.76008996582031,68.72381986490885,68.72781990559896
2023-07-26 13:22:28.263658,3312205.0,3312657.0,66.76478597005209,66.76878601074219,68.73251590983072,68.73651599121095
2023-07-26 13:22:28.272623,3312207.0,3312659.0,66.77348173014323,66.77748177083333,68.74121166992187,68.74521171061198
2023-07-26 13:22:28.280597,3312209.0,3312661.0,66.7821777750651,66.78617781575521,68.74990771484376,68.75390775553385
2023-07-26 13:22:28.289571,3312211.0,3312663.0,66.79087381998698,66.79487390136718,68.75860375976562,68.76260384114583
2023-07-26 13:22:28.298541,3312213.0,3312665.0,66.79956990559896,66.80356994628906,68.76729984537761,68.77129988606771
2023-07-26 13:22:28.306514,3312215.0,3312667.0,66.80826595052083,66.81226599121095,68.77599589029948,68.77999593098959
2023-07-26 13:22:28.315480,3312217.0,3312669.0,66.81696179199218,66.82096179199219,68.78469193522136,68.78869201660156
2023-07-26 13:22:28.324454,3312219.0,3312671.0,66.82565771484376,66.82965779622396,68.79338765462239,68.7973877360026
2023-07-26 13:22:28.333424,3312221.0,3312673.0,66.83435380045573,66.83835384114583,68.80208374023438,68.80608378092448
2023-07-26 13:22:28.341392,3312223.0,3312675.0,66.8430498453776,66.84704988606771,68.81077978515624,68.81477982584636
2023-07-26 13:22:28.350363,3312225.0,3312677.0,66.85174589029948,66.8557459716797,68.81947583007812,68.82347591145833
2023-07-26 13:22:28.359338,3312227.0,3312679.0,66.86044197591146,66.86444201660156,68.8281719156901,68.83217195638021
2023-07-26 13:22:28.368303,3312229.0,3312681.0,66.8691376953125,66.8731377360026,68.83686791992187,68.84086791992188
2023-07-26 13:22:28.376276,3312231.0,3312683.0,66.87783374023438,66.88183382161458,68.84556368001302,68.84956376139324
2023-07-26 13:22:28.385251,3312233.0,3312685.0,66.88652982584635,66.89052986653647,68.85425976562499,68.8582598063151
2023-07-26 13:22:28.394221,3312235.0,3312687.0,66.89522587076823,66.89922591145833,68.86295581054688,68.86695585123697
2023-07-26 13:22:28.402194,3312237.0,3312689.0,66.9039219156901,66.90792199707032,68.87165185546874,68.87565193684895
2023-07-26 13:22:28.411159,3312239.0,3312691.0,66.91261800130208,66.91661804199218,68.88034794108073,68.88434798177083
2023-07-26 13:22:28.420134,3312241.0,3312693.0,66.92131372070313,66.92531376139324,68.88904370117187,68.89304370117188
2023-07-26 13:22:28.429101,3312243.0,3312695.0,66.930009765625,66.9340098063151,68.89773970540365,68.90173974609374
2023-07-26 13:22:28.437072,3312245.0,3312697.0,66.93870581054688,66.94270589192709,68.90643575032551,68.91043583170573
2023-07-26 13:22:28.446048,3312247.0,3312699.0,66.94740189615885,66.95140193684895,68.9151318359375,68.9191318766276
2023-07-26 13:22:28.455018,3312249.0,3312701.0,66.95609794108073,66.96009798177083,68.92382788085938,68.92782792154948
2023-07-26 13:22:28.462986,3312251.0,3312703.0,66.96479382324219,66.9687938232422,68.93252392578125,68.93652400716145
2023-07-26 13:22:28.471956,3312253.0,3312705.0,66.97348974609375,66.97748978678385,68.9412196858724,68.9452197265625
2023-07-26 13:22:28.480931,3312255.0,3312707.0,66.98218579101562,66.98618583170573,68.94991573079427,68.95391577148438
2023-07-26 13:22:28.490001,3312257.0,3312709.0,66.9908818359375,66.9948819173177,68.95861177571615,68.96261185709636
2023-07-26 13:22:28.497975,3312259.0,3312711.0,66.99957792154947,67.00357796223959,68.96730786132814,68.97130790201822
2023-07-26 13:22:28.506951,3312261.0,3312713.0,67.00827396647136,67.01227400716145,68.97600390625,68.9800039469401
2023-07-26 13:22:28.515921,3312263.0,3312715.0,67.0169696858724,67.0209697265625,68.98469995117186,68.98869995117187
2023-07-26 13:22:28.523893,3312265.0,3312717.0,67.02566573079427,67.02966581217447,68.99339567057292,68.99740616861979
2023-07-26 13:22:28.532858,3312267.0,3312719.0,67.03436181640625,67.03836185709636,69.0020917561849,69.006091796875
2023-07-26 13:22:28.541834,3312269.0,3312721.0,67.04305786132814,67.04705790201822,69.01078780110677,69.01478784179689
2023-07-26 13:22:28.550804,3312271.0,3312723.0,67.05175390625,67.05575398763021,69.01948384602865,69.02348392740886
2023-07-26 13:22:28.558772,3312273.0,3312725.0,67.06044999186197,67.06445003255209,69.02817993164062,69.03217997233072
2023-07-26 13:22:28.567747,3312275.0,3312727.0,67.06915612792969,67.07315616861979,69.03687573242188,69.04087573242188
2023-07-26 13:22:28.576717,3312277.0,3312729.0,67.0778417561849,67.08184183756511,69.04557169596355,69.04957177734374
2023-07-26 13:22:28.585681,3312279.0,3312731.0,67.08653784179688,67.09053788248698,69.05426778157552,69.05826782226562
2023-07-26 13:22:28.593655,3312281.0,3312733.0,67.09523388671874,67.09923392740886,69.0629638264974,69.0669638671875
2023-07-26 13:22:28.602630,3312283.0,3312735.0,67.10392993164062,67.10793001302083,69.07165987141927,69.07565995279948
2023-07-26 13:22:28.611600,3312285.0,3312737.0,67.11262585449218,67.11662585449218,69.08035595703126,69.08435599772135
2023-07-26 13:22:28.619572,3312287.0,3312739.0,67.12132173665366,67.12532177734374,69.08905167643229,69.09305171712239
2023-07-26 13:22:28.628543,3312289.0,3312741.0,67.13001778157552,67.13401782226562,69.09774772135415,69.10174776204427
2023-07-26 13:22:28.637513,3312291.0,3312743.0,67.1387138264974,67.1427139078776,69.10644376627604,69.11044384765626
2023-07-26 13:22:28.646483,3312293.0,3312745.0,67.14740991210937,67.15140995279948,69.11513985188803,69.11913989257812
2023-07-26 13:22:28.654451,3312295.0,3312747.0,67.15610595703126,67.16010599772135,69.1238358968099,69.12783593750001
2023-07-26 13:22:28.663426,3312297.0,3312749.0,67.16480167643229,67.1688017578125,69.13253194173177,69.13653198242187
2023-07-26 13:22:28.672397,3312299.0,3312751.0,67.17349776204426,67.17749780273438,69.14122770182291,69.14522774251301
2023-07-26 13:22:28.681361,3312301.0,3312753.0,67.18219380696614,67.18619384765626,69.14992374674479,69.15392378743489
2023-07-26 13:22:28.689334,3312303.0,3312755.0,67.19088985188803,67.19488993326823,69.15861979166667,69.16261987304686
2023-07-26 13:22:28.698310,3312305.0,3312757.0,67.1995859375,67.2035859781901,69.16731587727864,69.17131591796876
2023-07-26 13:22:28.707279,3312307.0,3312759.0,67.20828198242188,67.21228202311198,69.17601192220052,69.18001196289063
2023-07-26 13:22:28.715249,3312309.0,3312761.0,67.21697770182291,67.22097774251303,69.18470776367187,69.18870776367187
2023-07-26 13:22:28.724217,3312311.0,3312763.0,67.22567374674479,67.229673828125,69.19340368652344,69.19740376790364
2023-07-26 13:22:28.733193,3312313.0,3312765.0,67.23436983235678,67.23836987304686,69.20209977213541,69.20609981282553
2023-07-26 13:22:28.742161,3312315.0,3312767.0,67.24306591796875,67.24706591796875,69.2107958170573,69.21479585774739
2023-07-26 13:22:28.750131,3312317.0,3312769.0,67.25176192220052,67.25576200358074,69.21949186197917,69.22349194335938
2023-07-26 13:22:28.758838,3312319.0,3312771.0,67.26045788574218,67.26445788574219,69.22818794759115,69.23218798828124
2023-07-26 13:22:28.767813,3312321.0,3312773.0,67.26915372721355,67.27315376790364,69.23688366699218,69.2408837076823
2023-07-26 13:22:28.776783,3312323.0,3312775.0,67.27784977213541,67.28184985351562,69.24557971191408,69.24957979329427
2023-07-26 13:22:28.784752,3312325.0,3312777.0,67.2865458577474,67.2905458984375,69.25427579752603,69.25827583821615
2023-07-26 13:22:28.793721,3312327.0,3312779.0,67.29524190266928,67.29924194335938,69.26297184244791,69.26697188313803
2023-07-26 13:22:28.802696,3312329.0,3312781.0,67.30393794759115,67.30793802897135,69.27166788736979,69.27566796875
2023-07-26 13:22:28.811666,3312331.0,3312783.0,67.31263366699218,67.3166337483724,69.28036397298176,69.28436401367188
2023-07-26 13:22:28.819634,3312333.0,3312785.0,67.32132975260417,67.32532979329427,69.2890596923828,69.29305973307292
2023-07-26 13:22:28.828609,3312335.0,3312787.0,67.33002579752603,67.33402583821615,69.29775573730468,69.30175577799479
2023-07-26 13:22:28.837579,3312337.0,3312789.0,67.33872184244791,67.34272192382812,69.30645178222656,69.31045186360676
2023-07-26 13:22:28.846544,3312339.0,3312791.0,67.3474179280599,67.35141796875,69.31514786783853,69.31914790852865
2023-07-26 13:22:28.854518,3312341.0,3312793.0,67.35611397298176,67.36011401367188,69.32384391276042,69.32784395345051
2023-07-26 13:22:28.863492,3312343.0,3312795.0,67.3648096923828,67.36880977376303,69.33253979492187,69.33653979492188
2023-07-26 13:22:28.872462,3312345.0,3312797.0,67.3735057779948,67.3775058186849,69.34123571777344,69.34523575846353
2023-07-26 13:22:28.880431,3312347.0,3312799.0,67.38220182291667,67.38620186360677,69.3499317626953,69.35393180338542
2023-07-26 13:22:28.889401,3312349.0,3312801.0,67.39089786783853,67.39489794921874,69.3586278076172,69.3626278889974
2023-07-26 13:22:28.898375,3312351.0,3312803.0,67.39959395345052,67.40359399414062,69.36732389322917,69.37132393391927
2023-07-26 13:22:28.907345,3312353.0,3312805.0,67.40828991699219,67.4122899169922,69.37601993815105,69.38001997884115
2023-07-26 13:22:28.915314,3312355.0,3312807.0,67.41698571777344,67.42098575846353,69.38471565755208,69.3887156982422
2023-07-26 13:22:28.924289,3312357.0,3312809.0,67.4256817626953,67.42968184407552,69.39341170247397,69.39741178385417
2023-07-26 13:22:28.933258,3312359.0,3312811.0,67.43437784830729,67.4383778889974,69.40210778808594,69.40610782877604
2023-07-26 13:22:28.942224,3312361.0,3312813.0,67.44307389322917,67.44707393391927,69.4108038330078,69.41480387369792
2023-07-26 13:22:28.950197,3312363.0,3312815.0,67.45176993815105,67.45577001953124,69.41951029459635,69.42351037597656
2023-07-26 13:22:28.959172,3312365.0,3312817.0,67.46046569824219,67.46446573893229,69.42819596354165,69.43219600423177
2023-07-26 13:22:28.968142,3312367.0,3312819.0,67.46916174316407,67.47316178385417,69.43689168294271,69.44089172363282
2023-07-26 13:22:28.976110,3312369.0,3312821.0,67.47785778808594,67.48185786946615,69.44558772786458,69.44958780924479
2023-07-26 13:22:28.985085,3312371.0,3312823.0,67.48655387369793,67.49055391438802,69.45428381347656,69.45828385416668
2023-07-26 13:22:28.994055,3312373.0,3312825.0,67.49526033528646,67.49926037597656,69.46297985839844,69.46697989908854
2023-07-26 13:22:29.003025,3312375.0,3312827.0,67.50394596354165,67.50794604492188,69.47167590332032,69.47567598470052
2023-07-26 13:22:29.010993,3312377.0,3312829.0,67.51264168294271,67.51664176432293,69.48037182617188,69.48437182617188
2023-07-26 13:22:29.019968,3312379.0,3312831.0,67.52133776855469,67.52533780924479,69.48906770833334,69.49306774902344
2023-07-26 13:22:29.028938,3312381.0,3312833.0,67.53003381347656,67.53403385416668,69.4977637532552,69.50176379394532
2023-07-26 13:22:29.037903,3312383.0,3312835.0,67.53872985839844,67.54272993977865,69.50645979817709,69.51045987955729
2023-07-26 13:22:29.045876,3312385.0,3312837.0,67.54742594401041,67.55142598470051,69.51515588378906,69.51915592447916
2023-07-26 13:22:29.054851,3312387.0,3312839.0,67.55612194824218,67.56012194824218,69.52385192871094,69.52785196940104
2023-07-26 13:22:29.063821,3312389.0,3312841.0,67.56481770833334,67.56881778971353,69.53254764811197,69.53654772949218
2023-07-26 13:22:29.071790,3312391.0,3312843.0,67.57351379394531,67.57751383463541,69.54124373372395,69.54524377441406
2023-07-26 13:22:29.080765,3312393.0,3312845.0,67.58220983886719,67.58620987955729,69.54993977864584,69.55393981933594
2023-07-26 13:22:29.089735,3312395.0,3312847.0,67.59090588378906,67.59490596516927,69.55863582356771,69.56263590494791
2023-07-26 13:22:29.098705,3312397.0,3312849.0,67.59960196940105,67.60360201009114,69.56733190917969,69.5713319498698
2023-07-26 13:22:29.106673,3312399.0,3312851.0,67.60829772949218,67.61229772949218,69.57602795410156,69.58002799479166
2023-07-26 13:22:29.115643,3312401.0,3312853.0,67.61699373372394,67.62099377441406,69.58472367350261,69.5887237141927
2023-07-26 13:22:29.124618,3312403.0,3312855.0,67.62568977864584,67.62968986002605,69.59341971842447,69.59741979980468
2023-07-26 13:22:29.133583,3312405.0,3312857.0,67.63438586425782,67.63838590494791,69.60211580403646,69.60611584472656
2023-07-26 13:22:29.141556,3312407.0,3312859.0,67.64308190917968,67.6470819498698,69.61081184895833,69.61481188964844
2023-07-26 13:22:29.150531,3312409.0,3312861.0,67.65177795410158,67.65577803548177,69.61950789388021,69.62350797526042
2023-07-26 13:22:29.159501,3312411.0,3312863.0,67.6604737141927,67.66447375488282,69.62820385742187,69.63220385742187
2023-07-26 13:22:29.167469,3312413.0,3312865.0,67.66916975911458,67.67316979980468,69.63689969889323,69.64089973958333
2023-07-26 13:22:29.176439,3312415.0,3312867.0,67.67786580403646,67.68186588541666,69.64559574381511,69.64959582519532
2023-07-26 13:22:29.185414,3312417.0,3312869.0,67.68656188964843,67.69056193033855,69.6542918294271,69.65829187011718
2023-07-26 13:22:29.194380,3312419.0,3312871.0,67.69525793457031,67.69925797526042,69.66298787434896,69.66698791503907
2023-07-26 13:22:29.202352,3312421.0,3312873.0,67.70395397949218,67.70795397949219,69.67168391927083,69.67568400065103
2023-07-26 13:22:29.211327,3312423.0,3312875.0,67.71264969889323,67.71664978027343,69.68037963867187,69.68437972005209
2023-07-26 13:22:29.220297,3312425.0,3312877.0,67.7213457845052,67.72534582519532,69.68907572428385,69.69307576497395
2023-07-26 13:22:29.228266,3312427.0,3312879.0,67.7300418294271,67.73404187011718,69.69777176920573,69.70177180989583
2023-07-26 13:22:29.237235,3312429.0,3312881.0,67.73873787434896,67.74273795572917,69.70646781412759,69.71046789550782
2023-07-26 13:22:29.246210,3312431.0,3312883.0,67.74743395996094,67.75143400065103,69.71516389973958,69.7191639404297
2023-07-26 13:22:29.255180,3312433.0,3312885.0,67.75612976074218,67.76012976074219,69.72385994466146,69.72785998535156
2023-07-26 13:22:29.263149,3312435.0,3312887.0,67.76482572428387,67.76882580566406,69.7325556640625,69.73655574544271
2023-07-26 13:22:29.272119,3312437.0,3312889.0,67.77352180989583,67.77752185058594,69.74125174967448,69.74525179036458
2023-07-26 13:22:29.281093,3312439.0,3312891.0,67.7822178548177,67.78621789550782,69.74995821126302,69.75395825195312
2023-07-26 13:22:29.290058,3312441.0,3312893.0,67.79091389973958,67.79491398111979,69.75864383951823,69.76264392089844
2023-07-26 13:22:29.298032,3312443.0,3312895.0,67.79960998535155,67.80361002604167,69.76733992513022,69.7713399658203
2023-07-26 13:22:29.307007,3312445.0,3312897.0,67.8083057047526,67.81230574544271,69.77603588867187,69.78003588867188
2023-07-26 13:22:29.315977,3312447.0,3312899.0,67.81700174967447,67.82100179036458,69.78473168945312,69.78873173014323
2023-07-26 13:22:29.323946,3312449.0,3312901.0,67.82570821126302,67.82970829264322,69.793427734375,69.79742781575521
2023-07-26 13:22:29.332915,3312451.0,3312903.0,67.83439388020832,67.83839392089844,69.80212381998699,69.80612386067708
2023-07-26 13:22:29.341890,3312453.0,3312905.0,67.84308992513022,67.8470899658203,69.81081986490885,69.81481990559897
2023-07-26 13:22:29.350860,3312455.0,3312907.0,67.85178597005208,67.8557860107422,69.81951590983073,69.82351599121094
2023-07-26 13:22:29.358828,3312457.0,3312909.0,67.86048173014323,67.86448177083332,69.82821166992187,69.83221171061199
2023-07-26 13:22:29.367798,3312459.0,3312911.0,67.8691777750651,67.87317781575521,69.83690771484376,69.84090775553385
2023-07-26 13:22:29.376774,3312461.0,3312913.0,67.87787381998699,67.88187390136719,69.84560375976562,69.84960384114584
2023-07-26 13:22:29.385738,3312463.0,3312915.0,67.88656990559896,67.89056994628906,69.8542998453776,69.85829988606771
2023-07-26 13:22:29.393711,3312465.0,3312917.0,67.89526595052084,67.89926599121094,69.86299589029949,69.86699593098957
2023-07-26 13:22:29.402688,3312467.0,3312919.0,67.90396179199219,67.9079617919922,69.87169193522135,69.87569201660156
2023-07-26 13:22:29.411657,3312469.0,3312921.0,67.91265771484376,67.91665779622396,69.8803876546224,69.88438773600261
2023-07-26 13:22:29.419629,3312471.0,3312923.0,67.92135380045573,67.92535384114584,69.88908374023437,69.89308378092448
2023-07-26 13:22:29.428595,3312473.0,3312925.0,67.93004984537761,67.93404988606771,69.89777978515625,69.90177982584636
2023-07-26 13:22:29.437570,3312475.0,3312927.0,67.93874593098958,67.9427459716797,69.90647583007812,69.91047591145833
2023-07-26 13:22:29.446540,3312477.0,3312929.0,67.94744197591145,67.95144201660156,69.91517191569011,69.9191719563802
2023-07-26 13:22:29.454509,3312479.0,3312931.0,67.9561376953125,67.96013773600261,69.92386791992188,69.92786791992188
2023-07-26 13:22:29.463478,3312481.0,3312933.0,67.96483374023437,67.96883382161458,69.93256368001302,69.93656376139323
2023-07-26 13:22:29.472453,3312483.0,3312935.0,67.97352982584636,67.97752986653647,69.94125976562499,69.94525980631511
2023-07-26 13:22:29.480425,3312485.0,3312937.0,67.98222587076823,67.98622591145833,69.94995581054688,69.95395585123697
2023-07-26 13:22:29.489391,3312487.0,3312939.0,67.99092191569011,67.9949219970703,69.95865185546874,69.96265193684896
2023-07-26 13:22:29.498367,3312489.0,3312941.0,67.99961800130208,68.00361804199218,69.96734794108073,69.97134798177083
2023-07-26 13:22:29.507337,3312491.0,3312943.0,68.00831372070313,68.01231376139323,69.97604370117188,69.98004370117188
2023-07-26 13:22:29.515312,3312493.0,3312945.0,68.01700976562499,68.0210098063151,69.98473970540364,69.98873974609374
2023-07-26 13:22:29.524274,3312495.0,3312947.0,68.02570581054688,68.02970589192708,69.99343575032552,69.99743583170573
2023-07-26 13:22:29.533250,3312497.0,3312949.0,68.03440189615885,68.03840193684896,70.0021318359375,70.0061318766276
2023-07-26 13:22:29.542215,3312499.0,3312951.0,68.04309794108073,68.04709798177083,70.01082788085938,70.01482792154948
2023-07-26 13:22:29.550188,3312501.0,3312953.0,68.05179382324219,68.0557938232422,70.01952392578124,70.02352400716146
2023-07-26 13:22:29.559162,3312503.0,3312955.0,68.06048974609374,68.06448978678385,70.0282196858724,70.03221972656249
2023-07-26 13:22:29.568133,3312505.0,3312957.0,68.06918579101563,68.07318583170573,70.03691573079426,70.04091577148438
2023-07-26 13:22:29.576105,3312507.0,3312959.0,68.0778818359375,68.0818819173177,70.04561177571615,70.04961185709635
2023-07-26 13:22:29.585072,3312509.0,3312961.0,68.08657792154948,68.09057796223959,70.05430786132813,70.05830790201823
2023-07-26 13:22:29.594040,3312511.0,3312963.0,68.09527396647135,68.09927400716145,70.06300390625,70.06700394694009
2023-07-26 13:22:29.603011,3312513.0,3312965.0,68.1039696858724,68.1079697265625,70.07169995117187,70.07569995117187
2023-07-26 13:22:29.610983,3312515.0,3312967.0,68.11266573079426,68.11666581217447,70.08039567057293,70.08440616861978
2023-07-26 13:22:29.619954,3312517.0,3312969.0,68.12136181640625,68.12536185709635,70.0890917561849,70.093091796875
2023-07-26 13:22:29.628923,3312519.0,3312971.0,68.13005786132813,68.13405790201823,70.09778780110678,70.10178784179688
2023-07-26 13:22:29.637893,3312521.0,3312973.0,68.13875390625,68.14275398763021,70.10648384602865,70.11048392740886
2023-07-26 13:22:29.645868,3312523.0,3312975.0,68.14744999186198,68.15145003255209,70.11517993164063,70.11917997233073
2023-07-26 13:22:29.654837,3312525.0,3312977.0,68.15615612792969,68.16015616861978,70.12387573242188,70.12787573242188
2023-07-26 13:22:29.663812,3312527.0,3312979.0,68.1648417561849,68.16884183756511,70.13257169596353,70.13657177734375
2023-07-26 13:22:29.671786,3312529.0,3312981.0,68.17353784179689,68.17753788248697,70.14126778157552,70.14526782226562
2023-07-26 13:22:29.680755,3312531.0,3312983.0,68.18223388671875,68.18623392740886,70.14996382649738,70.1539638671875
2023-07-26 13:22:29.689726,3312533.0,3312985.0,68.19092993164062,68.19493001302082,70.15865987141927,70.16265995279949
2023-07-26 13:22:29.698695,3312535.0,3312987.0,68.19962585449218,68.20362585449219,70.16735595703125,70.17135599772135
2023-07-26 13:22:29.706668,3312537.0,3312989.0,68.20832173665366,68.21232177734375,70.1760516764323,70.1800517171224
2023-07-26 13:22:29.715633,3312539.0,3312991.0,68.21701778157552,68.22101782226562,70.18474772135416,70.18874776204427
2023-07-26 13:22:29.724611,3312541.0,3312993.0,68.22571382649738,68.22971390787761,70.19344376627605,70.19744384765625
2023-07-26 13:22:29.732581,3312543.0,3312995.0,68.23440991210937,68.23840995279949,70.20213985188802,70.20613989257812
2023-07-26 13:22:29.741545,3312545.0,3312997.0,68.24310595703125,68.24710599772135,70.2108358968099,70.2148359375
2023-07-26 13:22:29.750517,3312547.0,3312999.0,68.2518016764323,68.2558017578125,70.21953194173177,70.22353198242187
2023-07-26 13:22:29.763378,3312549.0,3313001.0,68.26049776204427,68.26449780273438,70.22822770182292,70.23222774251302
2023-07-26 13:22:29.772350,3312552.0,3313004.0,68.27354182942709,68.27754187011719,70.24127176920572,70.24527180989583
2023-07-26 13:22:29.781319,3312554.0,3313006.0,68.28223787434895,68.28623795572916,70.2499678141276,70.25396789550781
2023-07-26 13:22:29.789291,3312556.0,3313008.0,68.29093395996094,68.29493400065104,70.25866389973957,70.26266394042969
2023-07-26 13:22:29.798261,3312558.0,3313010.0,68.29962976074219,68.30362976074218,70.26735994466146,70.27135998535155
2023-07-26 13:22:29.807236,3312560.0,3313012.0,68.30832572428386,68.31232580566407,70.2760556640625,70.28005574544271
2023-07-26 13:22:29.815209,3312562.0,3313014.0,68.31702180989582,68.32102185058594,70.28475174967448,70.28875179036457
2023-07-26 13:22:29.824181,3312564.0,3313016.0,68.32571785481771,68.32971789550781,70.29345821126302,70.29745825195313
2023-07-26 13:22:29.833149,3312566.0,3313018.0,68.33441389973957,68.33841398111979,70.30214383951824,70.30614392089844
2023-07-26 13:22:29.842120,3312568.0,3313020.0,68.34310998535156,68.34711002604166,70.31083992513021,70.31483996582031
2023-07-26 13:22:29.850087,3312570.0,3313022.0,68.35180570475259,68.35580574544271,70.31953588867188,70.32353588867187
2023-07-26 13:22:29.859058,3312572.0,3313024.0,68.36050174967448,68.36450179036459,70.32823168945312,70.33223173014323
2023-07-26 13:22:29.868073,3312574.0,3313026.0,68.36920821126301,68.37320829264323,70.33692773437501,70.34092781575521
2023-07-26 13:22:29.876998,3312576.0,3313028.0,68.37789388020833,68.38189392089843,70.34562381998698,70.34962386067708
2023-07-26 13:22:29.884971,3312578.0,3313030.0,68.38658992513021,68.39058996582031,70.35431986490885,70.35831990559896
2023-07-26 13:22:29.893940,3312580.0,3313032.0,68.39528597005209,68.39928601074219,70.36301590983072,70.36701599121095
2023-07-26 13:22:29.902915,3312582.0,3313034.0,68.40398173014323,68.40798177083333,70.37171166992186,70.37571171061198
2023-07-26 13:22:29.911880,3312584.0,3313036.0,68.4126777750651,68.41667781575521,70.38040771484376,70.38440775553386
2023-07-26 13:22:29.919883,3312586.0,3313038.0,68.42137381998698,68.4253739013672,70.38910375976562,70.39310384114583
2023-07-26 13:22:29.928858,3312588.0,3313040.0,68.43006990559897,68.43406994628906,70.3977998453776,70.40179988606772
2023-07-26 13:22:29.937833,3312590.0,3313042.0,68.43876595052083,68.44276599121095,70.40649589029948,70.41049593098958
2023-07-26 13:22:29.945802,3312592.0,3313044.0,68.44746179199218,68.45146179199219,70.41519193522136,70.41919201660156
2023-07-26 13:22:29.954766,3312594.0,3313046.0,68.45615771484376,68.46015779622397,70.42388765462239,70.4278877360026
2023-07-26 13:22:29.963740,3312596.0,3313048.0,68.46485380045573,68.46885384114583,70.43258374023438,70.43658378092448
2023-07-26 13:22:29.972706,3312598.0,3313050.0,68.4735498453776,68.47754988606772,70.44127978515624,70.44527982584636
2023-07-26 13:22:29.980679,3312600.0,3313052.0,68.48224589029948,68.4862459716797,70.44997583007813,70.45397591145833
2023-07-26 13:22:29.989648,3312602.0,3313054.0,68.49094197591145,68.49494201660156,70.4586719156901,70.4626719563802
2023-07-26 13:22:29.998624,3312604.0,3313056.0,68.4996376953125,68.5036377360026,70.46736791992188,70.47136791992187
2023-07-26 13:22:30.006597,3312606.0,3313058.0,68.50833374023438,68.51233382161458,70.47606368001301,70.48006376139324
2023-07-26 13:22:30.015562,3312608.0,3313060.0,68.51702982584635,68.52102986653647,70.484759765625,70.4887598063151
2023-07-26 13:22:30.024537,3312610.0,3313062.0,68.52572587076824,68.52972591145833,70.49345581054688,70.49745585123698
2023-07-26 13:22:30.033508,3312612.0,3313064.0,68.5344219156901,68.53842199707032,70.50215185546875,70.50615193684895
2023-07-26 13:22:30.041483,3312614.0,3313066.0,68.54311800130209,68.54711804199218,70.51084794108073,70.51484798177084
2023-07-26 13:22:30.050445,3312616.0,3313068.0,68.55181372070312,68.55581376139324,70.51954370117187,70.52354370117187
2023-07-26 13:22:30.059420,3312618.0,3313070.0,68.560509765625,68.5645098063151,70.52823970540365,70.53223974609374
2023-07-26 13:22:30.068385,3312620.0,3313072.0,68.56920581054688,68.57320589192709,70.53693575032551,70.54093583170572
2023-07-26 13:22:30.076358,3312622.0,3313074.0,68.57790189615886,68.58190193684895,70.5456318359375,70.54963187662761
2023-07-26 13:22:30.085333,3312624.0,3313076.0,68.58659794108073,68.59059798177084,70.55432788085938,70.55832792154948
2023-07-26 13:22:30.094303,3312626.0,3313078.0,68.59529382324219,68.59929382324219,70.56302392578125,70.56702400716145
2023-07-26 13:22:30.102276,3312628.0,3313080.0,68.60398974609375,68.60798978678386,70.5717196858724,70.5757197265625
2023-07-26 13:22:30.111242,3312630.0,3313082.0,68.61268579101562,68.61668583170572,70.58041573079427,70.58441577148437
2023-07-26 13:22:30.120216,3312632.0,3313084.0,68.6213818359375,68.62538191731771,70.58911177571615,70.59311185709636
2023-07-26 13:22:30.129184,3312634.0,3313086.0,68.63007792154947,68.63407796223959,70.59780786132814,70.60180790201822
2023-07-26 13:22:30.138151,3312636.0,3313088.0,68.63877396647136,68.64277400716146,70.60650390625,70.6105039469401
2023-07-26 13:22:30.146124,3312638.0,3313090.0,68.6474696858724,68.6514697265625,70.61519995117187,70.61919995117186
2023-07-26 13:22:30.155099,3312640.0,3313092.0,68.65616573079427,68.66016581217447,70.62389567057292,70.62790616861979
2023-07-26 13:22:30.163072,3312642.0,3313094.0,68.66486181640624,68.66886185709636,70.6325917561849,70.636591796875
2023-07-26 13:22:30.172038,3312644.0,3313096.0,68.67355786132813,68.67755790201822,70.64128780110677,70.64528784179689
2023-07-26 13:22:30.180698,3312646.0,3313098.0,68.68225390625,68.68625398763021,70.64998384602865,70.65398392740886
2023-07-26 13:22:30.189611,3312648.0,3313100.0,68.69094999186198,68.69495003255209,70.65867993164062,70.66267997233074
2023-07-26 13:22:30.198582,3312650.0,3313102.0,68.69965612792969,68.70365616861979,70.66737573242189,70.67137573242188
2023-07-26 13:22:30.207506,3312652.0,3313104.0,68.70834175618491,68.7123418375651,70.67607169596354,70.68007177734376
2023-07-26 13:22:30.215481,3312654.0,3313106.0,68.71703784179688,68.72103788248698,70.68476778157552,70.68876782226562
2023-07-26 13:22:30.224451,3312656.0,3313108.0,68.72573388671874,68.72973392740886,70.69346382649739,70.6974638671875
2023-07-26 13:22:30.233421,3312658.0,3313110.0,68.73442993164062,68.73843001302083,70.70215987141927,70.70615995279948
2023-07-26 13:22:30.241403,3312660.0,3313112.0,68.74312585449219,68.74712585449218,70.71085595703126,70.71485599772134
2023-07-26 13:22:30.250364,3312662.0,3313114.0,68.75182173665365,68.75582177734375,70.71955167643229,70.72355171712239
2023-07-26 13:22:30.259334,3312664.0,3313116.0,68.76051778157552,68.76451782226562,70.72824772135417,70.73224776204427
2023-07-26 13:22:30.268299,3312666.0,3313118.0,68.76921382649739,68.7732139078776,70.73694376627604,70.74094384765625
2023-07-26 13:22:30.276285,3312668.0,3313120.0,68.77790991210937,68.78190995279948,70.74563985188803,70.74963989257812
2023-07-26 13:22:30.285247,3312670.0,3313122.0,68.78660595703126,68.79060599772134,70.75433589680989,70.75833593750001
2023-07-26 13:22:30.294217,3312672.0,3313124.0,68.79530167643229,68.7993017578125,70.76303194173178,70.76703198242187
2023-07-26 13:22:30.302190,3312674.0,3313126.0,68.80399776204428,68.80799780273438,70.77172770182291,70.77572774251303
2023-07-26 13:22:30.311160,3312676.0,3313128.0,68.81269380696614,68.81669384765625,70.7804237467448,70.78442378743489
2023-07-26 13:22:30.320130,3312678.0,3313130.0,68.82138985188803,68.82538993326823,70.78911979166666,70.79311987304688
2023-07-26 13:22:30.329105,3312680.0,3313132.0,68.8300859375,68.8340859781901,70.79781587727864,70.80181591796875
2023-07-26 13:22:30.337073,3312682.0,3313134.0,68.83878198242188,68.84278202311198,70.80651192220051,70.81051196289063
2023-07-26 13:22:30.346043,3312684.0,3313136.0,68.84747770182291,68.85147774251303,70.81520776367186,70.81920776367187
2023-07-26 13:22:30.355023,3312686.0,3313138.0,68.8561737467448,68.860173828125,70.82390368652344,70.82790376790365
2023-07-26 13:22:30.363983,3312688.0,3313140.0,68.86486983235677,68.86886987304688,70.83259977213541,70.83659981282553
2023-07-26 13:22:30.372949,3312690.0,3313142.0,68.87356587727865,68.87756591796875,70.8412958170573,70.84529585774739
2023-07-26 13:22:30.380927,3312692.0,3313144.0,68.88226192220051,68.88626200358074,70.84999186197916,70.85399194335938
2023-07-26 13:22:30.389896,3312694.0,3313146.0,68.89095788574218,68.89495788574219,70.85868794759115,70.86268798828124
2023-07-26 13:22:30.397870,3312696.0,3313148.0,68.89965372721355,68.90365376790365,70.86738366699218,70.8713837076823
2023-07-26 13:22:30.406841,3312698.0,3313150.0,68.90834977213541,68.91234985351562,70.87607971191407,70.88007979329427
2023-07-26 13:22:30.415810,3312700.0,3313152.0,68.9170458577474,68.92104589843751,70.88477579752603,70.88877583821615
2023-07-26 13:22:30.424780,3312702.0,3313154.0,68.92574190266927,68.92974194335937,70.89347184244792,70.89747188313802
2023-07-26 13:22:30.432753,3312704.0,3313156.0,68.93443794759115,68.93843802897135,70.90216788736979,70.90616796875
2023-07-26 13:22:30.441723,3312706.0,3313158.0,68.94313366699218,68.9471337483724,70.91086397298176,70.91486401367187
2023-07-26 13:22:30.450693,3312708.0,3313160.0,68.95182975260417,68.95582979329427,70.9195596923828,70.92355973307292
2023-07-26 13:22:30.459659,3312710.0,3313162.0,68.96052579752603,68.96452583821615,70.9282557373047,70.93225577799478
2023-07-26 13:22:30.467636,3312712.0,3313164.0,68.96922184244792,68.97322192382812,70.93695178222656,70.94095186360677
2023-07-26 13:22:30.476606,3312714.0,3313166.0,68.9779179280599,68.98191796875,70.94564786783855,70.94964790852865
2023-07-26 13:22:30.485576,3312716.0,3313168.0,68.98661397298177,68.99061401367187,70.95434391276042,70.95834395345052
2023-07-26 13:22:30.494542,3312718.0,3313170.0,68.9953096923828,68.99930977376303,70.96303979492187,70.96703979492187
2023-07-26 13:22:30.502519,3312720.0,3313172.0,69.00400577799479,69.0080058186849,70.97173571777344,70.97573575846353
2023-07-26 13:22:30.511489,3312722.0,3313174.0,69.01270182291667,69.01670186360677,70.9804317626953,70.98443180338542
2023-07-26 13:22:30.520459,3312724.0,3313176.0,69.02139786783854,69.02539794921874,70.9891278076172,70.9931278889974
2023-07-26 13:22:30.528432,3312726.0,3313178.0,69.03009395345052,69.03409399414063,70.99782389322917,71.00182393391927
2023-07-26 13:22:30.537402,3312728.0,3313180.0,69.03878991699219,69.04278991699219,71.00651993815104,71.01051997884115
2023-07-26 13:22:30.546373,3312730.0,3313182.0,69.04748571777344,69.05148575846353,71.01521565755208,71.01921569824219
2023-07-26 13:22:30.555338,3312732.0,3313184.0,69.0561817626953,69.06018184407552,71.02391170247397,71.02791178385417
2023-07-26 13:22:30.564312,3312734.0,3313186.0,69.06487784830729,69.0688778889974,71.03260778808594,71.03660782877604
2023-07-26 13:22:30.572285,3312736.0,3313188.0,69.07357389322917,69.07757393391927,71.04130383300782,71.04530387369792
2023-07-26 13:22:30.581255,3312738.0,3313190.0,69.08226993815104,69.08627001953126,71.05001029459635,71.05401037597656
2023-07-26 13:22:30.590232,3312740.0,3313192.0,69.09096569824219,69.09496573893229,71.05869596354167,71.06269600423177
2023-07-26 13:22:30.599196,3312742.0,3313194.0,69.09966174316406,69.10366178385416,71.06739168294271,71.07139172363281
2023-07-26 13:22:30.611155,3312744.0,3313196.0,69.10835778808594,69.11235786946615,71.07608772786458,71.08008780924479
2023-07-26 13:22:30.620125,3312747.0,3313199.0,69.12140189615886,69.12540193684896,71.0891318359375,71.09313187662761
2023-07-26 13:22:30.629095,3312749.0,3313201.0,69.13009794108072,69.13409798177084,71.09782788085938,71.10182792154947
2023-07-26 13:22:30.638061,3312751.0,3313203.0,69.1387938232422,69.1427938232422,71.10652392578125,71.11052400716146
2023-07-26 13:22:30.646038,3312753.0,3313205.0,69.14748974609374,69.15148978678386,71.1152196858724,71.11921972656249
2023-07-26 13:22:30.655008,3312755.0,3313207.0,69.15618579101563,69.16018583170572,71.12391573079427,71.12791577148438
2023-07-26 13:22:30.663985,3312757.0,3313209.0,69.16488183593749,69.1688819173177,71.13261177571614,71.13661185709636
2023-07-26 13:22:30.672944,3312759.0,3313211.0,69.17357792154948,69.17757796223958,71.14130786132813,71.14530790201823
2023-07-26 13:22:30.681919,3312761.0,3313213.0,69.18227396647136,69.18627400716146,71.15000390625,71.1540039469401
2023-07-26 13:22:30.689891,3312763.0,3313215.0,69.1909696858724,69.19496972656249,71.15869995117187,71.16269995117187
2023-07-26 13:22:30.702848,3312765.0,3313217.0,69.19966573079427,69.20366581217448,71.16739567057293,71.17140616861978
2023-07-26 13:22:30.711815,3312768.0,3313220.0,69.21270983886718,69.21670987955729,71.18043977864583,71.18443981933594
2023-07-26 13:22:30.720784,3312770.0,3313222.0,69.22140588378906,69.22540596516927,71.18913582356771,71.19313590494791
2023-07-26 13:22:30.732748,3312772.0,3313224.0,69.23010196940105,69.23410201009114,71.19783190917968,71.2018319498698
2023-07-26 13:22:30.741717,3312775.0,3313227.0,69.2431561279297,69.24715616861978,71.21087573242188,71.21487573242189
2023-07-26 13:22:30.754670,3312777.0,3313229.0,69.2518417561849,69.25584183756511,71.21957169596354,71.22357177734375
2023-07-26 13:22:30.763593,3312780.0,3313232.0,69.26488586425782,69.26888590494791,71.23261580403646,71.23661584472657
2023-07-26 13:22:30.772692,3312782.0,3313234.0,69.27358190917968,69.2775819498698,71.24131184895833,71.24531188964843
2023-07-26 13:22:30.781757,3312784.0,3313236.0,69.28227795410157,69.28627803548177,71.25000789388021,71.25400797526042
2023-07-26 13:22:30.794059,3312786.0,3313238.0,69.2909737141927,69.29497375488282,71.25870385742186,71.26270385742187
2023-07-26 13:22:30.802991,3312789.0,3313241.0,69.30401778157552,69.30801782226563,71.27174772135416,71.27574776204428
2023-07-26 13:22:30.812266,3312791.0,3313243.0,69.31271382649739,69.31671390787761,71.28044376627605,71.28444384765625
2023-07-26 13:22:30.821284,3312793.0,3313245.0,69.32140991210937,69.32540995279948,71.28913985188802,71.29313989257813
2023-07-26 13:22:30.833629,3312795.0,3313247.0,69.33010595703125,69.33410599772135,71.29783589680989,71.3018359375
2023-07-26 13:22:30.841999,3312798.0,3313250.0,69.34314969889323,69.34714978027344,71.31087963867186,71.31487972005209
2023-07-26 13:22:30.851439,3312800.0,3313252.0,69.3518457845052,69.35584582519532,71.31957572428387,71.32357576497395
2023-07-26 13:22:30.863862,3312802.0,3313254.0,69.36054182942709,69.3645418701172,71.32827176920573,71.33227180989583
2023-07-26 13:22:30.872094,3312805.0,3313257.0,69.37358593750001,69.3775859781901,71.34131587727865,71.34531591796875
2023-07-26 13:22:30.881070,3312807.0,3313259.0,69.38228198242187,69.38628202311199,71.35001192220051,71.35401196289062
2023-07-26 13:22:30.894026,3312809.0,3313261.0,69.3909777018229,69.39497774251302,71.35870776367187,71.36270776367186
2023-07-26 13:22:30.902996,3312812.0,3313264.0,69.40402180989582,69.40802185058594,71.37175174967449,71.37575179036457
2023-07-26 13:22:30.911961,3312814.0,3313266.0,69.41271785481771,69.41671789550782,71.38045821126302,71.38445825195313
2023-07-26 13:22:30.924917,3312816.0,3313268.0,69.42141389973958,69.42541398111979,71.38914383951824,71.39314392089844
2023-07-26 13:22:30.932891,3312819.0,3313271.0,69.43445788574219,69.43845788574218,71.40218794759114,71.40618798828125
2023-07-26 13:22:30.942863,3312821.0,3313273.0,69.44315372721354,69.44715376790364,71.41088366699219,71.41488370768229
2023-07-26 13:22:30.954817,3312823.0,3313275.0,69.45184977213542,69.45584985351562,71.41957971191407,71.42357979329428
2023-07-26 13:22:30.963793,3312826.0,3313278.0,69.46489388020834,69.46889392089844,71.43262381998699,71.43662386067707
2023-07-26 13:22:30.972756,3312828.0,3313280.0,69.47358992513021,69.47758996582031,71.44131986490885,71.44531990559896
2023-07-26 13:22:30.985719,3312830.0,3313282.0,69.48228597005208,69.48628601074219,71.45001590983073,71.45401599121094
2023-07-26 13:22:30.994684,3312833.0,3313285.0,69.49532975260416,69.49932979329428,71.4630596923828,71.46705973307292
2023-07-26 13:22:31.006648,3312835.0,3313287.0,69.50402579752604,69.50802583821614,71.47175573730469,71.47575577799479
2023-07-26 13:22:31.015613,3312838.0,3313290.0,69.51706990559896,69.52106994628906,71.48479984537761,71.48879988606771
2023-07-26 13:22:31.028570,3312840.0,3313292.0,69.52576595052084,69.52976599121095,71.49349589029949,71.49749593098959
2023-07-26 13:22:31.037545,3312843.0,3313295.0,69.5388096923828,69.54280977376303,71.50653979492188,71.51053979492187
2023-07-26 13:22:31.050497,3312845.0,3313297.0,69.54750577799479,69.5515058186849,71.51523571777344,71.51923575846354
2023-07-26 13:22:31.059472,3312848.0,3313300.0,69.56054984537761,69.56454988606771,71.52827978515624,71.53227982584636
2023-07-26 13:22:31.072429,3312850.0,3313302.0,69.56924589029948,69.5732459716797,71.53697583007812,71.54097591145833
2023-07-26 13:22:31.081399,3312853.0,3313305.0,69.5822899169922,69.5862899169922,71.55001993815104,71.55401997884115
2023-07-26 13:22:31.094355,3312855.0,3313307.0,69.59098571777344,69.59498575846354,71.55871565755209,71.56271569824219
2023-07-26 13:22:31.103320,3312858.0,3313310.0,69.60402982584635,69.60802986653647,71.57175976562499,71.5757598063151
2023-07-26 13:22:31.116277,3312860.0,3313312.0,69.61272587076823,69.61672591145833,71.58045581054688,71.58445585123697
2023-07-26 13:22:31.129238,3312863.0,3313315.0,69.62576993815104,69.62977001953125,71.59351029459636,71.59751037597655
2023-07-26 13:22:31.141632,3312866.0,3313318.0,69.63881372070313,69.64281376139324,71.60654370117187,71.61054370117188
2023-07-26 13:22:31.154588,3312869.0,3313321.0,69.65185778808595,69.65585786946615,71.61958772786458,71.6235878092448
2023-07-26 13:22:31.167549,3312872.0,3313324.0,69.66490189615885,69.66890193684895,71.6326318359375,71.6366318766276
2023-07-26 13:22:31.181497,3312875.0,3313327.0,69.67794596354166,69.68194604492189,71.64567590332031,71.64967598470052
2023-07-26 13:22:31.190510,3312878.0,3313330.0,69.69098974609375,69.69498978678385,71.6587196858724,71.6627197265625
2023-07-26 13:22:31.202428,3312880.0,3313332.0,69.69968579101563,69.70368583170573,71.66741573079427,71.67141577148438
2023-07-26 13:22:31.215389,3312883.0,3313335.0,69.71272985839845,69.71672993977865,71.68045979817708,71.6844598795573
2023-07-26 13:22:31.229338,3312886.0,3313338.0,69.72577396647137,69.72977400716145,71.69350390625,71.6975039469401
2023-07-26 13:22:31.238308,3312889.0,3313341.0,69.73881770833333,69.74281778971354,71.70654764811198,71.71054772949218
2023-07-26 13:22:31.250269,3312891.0,3313343.0,69.74751379394532,69.7515138346354,71.71524373372395,71.71924377441407
2023-07-26 13:22:31.260240,3312894.0,3313346.0,69.76055786132812,69.76455790201823,71.72828780110677,71.73228784179688
2023-07-26 13:22:31.272194,3312896.0,3313348.0,69.76925390625,69.77325398763021,71.73698384602865,71.74098392740886
2023-07-26 13:22:31.285151,3312899.0,3313351.0,69.78229772949219,69.78629772949218,71.75002795410157,71.75402799479167
2023-07-26 13:22:31.298107,3312902.0,3313354.0,69.7953417561849,69.79934183756511,71.76307169596355,71.76707177734374
2023-07-26 13:22:31.311068,3312905.0,3313357.0,69.80838586425782,69.81238590494792,71.77611580403645,71.78011584472657
2023-07-26 13:22:31.325018,3312908.0,3313360.0,69.82142993164062,69.82543001302082,71.78915987141927,71.79315995279948
2023-07-26 13:22:31.337980,3312911.0,3313363.0,69.8344737141927,69.83847375488281,71.80220385742187,71.80620385742186
2023-07-26 13:22:31.351009,3312914.0,3313366.0,69.84751778157552,69.85151782226562,71.81524772135415,71.81924776204427
2023-07-26 13:22:31.359980,3312917.0,3313369.0,69.86056188964844,69.86456193033855,71.82829182942709,71.83229187011719
2023-07-26 13:22:31.371992,3312919.0,3313371.0,69.8692579345703,69.87325797526042,71.83698787434896,71.84098791503907
2023-07-26 13:22:31.384900,3312922.0,3313374.0,69.88230167643229,69.8863017578125,71.85003194173177,71.85403198242187
2023-07-26 13:22:31.397944,3312925.0,3313377.0,69.89534578450521,69.89934582519531,71.86307572428386,71.86707576497396
2023-07-26 13:22:31.411054,3312928.0,3313380.0,69.90838985188803,69.91238993326823,71.87611979166667,71.88011987304687
2023-07-26 13:22:31.423961,3312931.0,3313383.0,69.92143395996094,69.92543400065104,71.88916389973959,71.89316394042969
2023-07-26 13:22:31.437941,3312934.0,3313386.0,69.93447770182291,69.93847774251302,71.90220776367187,71.90620776367187
2023-07-26 13:22:31.450898,3312937.0,3313389.0,69.94752180989583,69.95152185058593,71.91525174967448,71.91925179036458
2023-07-26 13:22:31.463854,3312940.0,3313392.0,69.96056587727864,69.96456591796876,71.9282958170573,71.93229585774739
2023-07-26 13:22:31.476810,3312943.0,3313395.0,69.97360998535156,69.97761002604167,71.94133992513021,71.94533996582031
2023-07-26 13:22:31.489767,3312946.0,3313398.0,69.98665372721355,69.99065376790364,71.95438366699219,71.9583837076823
2023-07-26 13:22:31.502718,3312949.0,3313401.0,69.99970821126301,70.00370829264322,71.96742773437501,71.9714278157552
2023-07-26 13:22:31.515675,3312952.0,3313404.0,70.01274190266928,70.01674194335938,71.98047184244791,71.98447188313803
2023-07-26 13:22:31.528632,3312955.0,3313407.0,70.02578597005208,70.0297860107422,71.99351590983072,71.99751599121095
2023-07-26 13:22:31.541589,3312958.0,3313410.0,70.03882975260416,70.04282979329427,72.00655969238281,72.01055973307291
2023-07-26 13:22:31.554549,3312961.0,3313413.0,70.05187381998698,70.05587390136719,72.01960375976562,72.02360384114583
2023-07-26 13:22:31.567505,3312964.0,3313416.0,70.0649179280599,70.06891796875,72.03264786783853,72.03664790852865
2023-07-26 13:22:31.581460,3312967.0,3313419.0,70.0779617919922,70.08196179199219,72.04569193522136,72.04969201660157
2023-07-26 13:22:31.594417,3312970.0,3313422.0,70.09100577799478,70.0950058186849,72.05873571777344,72.06273575846353
2023-07-26 13:22:31.607373,3312973.0,3313425.0,70.1040498453776,70.10804988606772,72.07177978515624,72.07577982584635
2023-07-26 13:22:31.620330,3312976.0,3313428.0,70.11709395345052,70.12109399414062,72.08482389322917,72.08882393391927
2023-07-26 13:22:31.633286,3312979.0,3313431.0,70.13013769531251,70.1341377360026,72.09786791992188,72.10186791992187
2023-07-26 13:22:31.646237,3312982.0,3313434.0,70.1431817626953,70.14718184407552,72.11091170247396,72.11491178385417
2023-07-26 13:22:31.659194,3312985.0,3313437.0,70.15622587076824,70.16022591145833,72.12395581054687,72.12795585123698
2023-07-26 13:22:31.672151,3312988.0,3313440.0,70.16926993815105,70.17327001953124,72.13701029459635,72.14101037597656
2023-07-26 13:22:31.685107,3312991.0,3313443.0,70.18231372070312,70.18631376139324,72.15004370117188,72.15404370117187
2023-07-26 13:22:31.698068,3312994.0,3313446.0,70.19535778808594,70.19935786946616,72.16308772786458,72.16708780924479
2023-07-26 13:22:31.711025,3312997.0,3313449.0,70.20840189615886,70.21240193684895,72.1761318359375,72.18013187662761
2023-07-26 13:22:31.724975,3313000.0,3313452.0,70.22144596354165,70.22544604492188,72.18917590332032,72.19317598470052
2023-07-26 13:22:31.737936,3313003.0,3313455.0,70.23448974609374,70.23848978678386,72.2022196858724,72.2062197265625
2023-07-26 13:22:31.750892,3313006.0,3313458.0,70.24753381347657,70.25153385416667,72.2152637532552,72.21926379394532
2023-07-26 13:22:31.763843,3313009.0,3313461.0,70.26057792154947,70.26457796223958,72.22830786132813,72.23230790201822
2023-07-26 13:22:31.776804,3313012.0,3313464.0,70.27362194824218,70.27762194824219,72.24135192871093,72.24535196940104
2023-07-26 13:22:31.789761,3313015.0,3313467.0,70.28666573079427,70.29066581217448,72.25439567057292,72.25840616861979
2023-07-26 13:22:31.802713,3313018.0,3313470.0,70.29970983886719,70.30370987955729,72.26743977864584,72.27143981933594
2023-07-26 13:22:31.815670,3313021.0,3313473.0,70.31275390625,70.31675398763021,72.28048384602866,72.28448392740886
2023-07-26 13:22:31.828626,3313024.0,3313476.0,70.32579772949218,70.32979772949218,72.29352795410156,72.29752799479166
2023-07-26 13:22:31.841588,3313027.0,3313479.0,70.3388417561849,70.3428418375651,72.30657169596354,72.31057177734375
2023-07-26 13:22:31.854544,3313030.0,3313482.0,70.35188586425782,70.35588590494791,72.31961580403646,72.32361584472656
2023-07-26 13:22:31.868495,3313033.0,3313485.0,70.36492993164062,70.36893001302083,72.33265987141927,72.33665995279948
2023-07-26 13:22:31.881454,3313036.0,3313488.0,70.3779737141927,70.38197375488281,72.34570385742187,72.34970385742187
2023-07-26 13:22:31.894411,3313039.0,3313491.0,70.39101778157553,70.39501782226561,72.35874772135416,72.36274776204426
2023-07-26 13:22:31.907367,3313042.0,3313494.0,70.40406188964843,70.40806193033855,72.3717918294271,72.37579187011718
2023-07-26 13:22:31.920330,3313045.0,3313497.0,70.41710595703125,70.42110599772136,72.38483589680989,72.3888359375
2023-07-26 13:22:31.933286,3313048.0,3313500.0,70.43014969889323,70.43414978027343,72.39787963867187,72.4018797200521
2023-07-26 13:22:31.946237,3313051.0,3313503.0,70.44319380696614,70.44719384765625,72.4109237467448,72.41492378743489
2023-07-26 13:22:31.959194,3313054.0,3313506.0,70.45623787434896,70.46023795572917,72.4239678141276,72.42796789550782
2023-07-26 13:22:31.972151,3313057.0,3313509.0,70.46928198242188,70.47328202311198,72.43701192220051,72.44101196289063
2023-07-26 13:22:31.985106,3313060.0,3313512.0,70.48232572428385,70.48632580566407,72.4500556640625,72.4540557454427
2023-07-26 13:22:31.998068,3313063.0,3313515.0,70.49536983235677,70.49936987304687,72.46309977213541,72.46709981282552
2023-07-26 13:22:32.012017,3313066.0,3313518.0,70.50841389973958,70.51241398111979,72.47614383951823,72.48014392089844
2023-07-26 13:22:32.024979,3313069.0,3313521.0,70.5214578857422,70.52545788574218,72.48918794759115,72.49318798828125
2023-07-26 13:22:32.037936,3313072.0,3313524.0,70.53450174967448,70.53850179036458,72.50223168945313,72.50623173014323
2023-07-26 13:22:32.050892,3313075.0,3313527.0,70.5475458577474,70.55154589843751,72.51527579752603,72.51927583821615
2023-07-26 13:22:32.063849,3313078.0,3313530.0,70.56058992513022,70.5645899658203,72.52831986490885,72.53231990559897
2023-07-26 13:22:32.076806,3313081.0,3313533.0,70.5736336669922,70.57763374837239,72.54136397298177,72.54536401367187
2023-07-26 13:22:32.089762,3313084.0,3313536.0,70.5866777750651,70.59067781575521,72.55440771484375,72.55840775553385
2023-07-26 13:22:32.102713,3313087.0,3313539.0,70.59972184244792,70.60372192382812,72.56745178222656,72.57145186360677
2023-07-26 13:22:32.115670,3313090.0,3313542.0,70.61276595052084,70.61676599121094,72.58049589029949,72.58449593098958
2023-07-26 13:22:32.128627,3313093.0,3313545.0,70.6258096923828,70.62980977376303,72.59353979492188,72.59753979492187
2023-07-26 13:22:32.141587,3313096.0,3313548.0,70.63885380045573,70.64285384114584,72.60658374023437,72.61058378092449
2023-07-26 13:22:32.154544,3313099.0,3313551.0,70.65189786783854,70.65589794921874,72.61962780761719,72.6236278889974
2023-07-26 13:22:32.168493,3313102.0,3313554.0,70.66494197591145,70.66894201660156,72.63267191569011,72.6366719563802
2023-07-26 13:22:32.181455,3313105.0,3313557.0,70.67798571777344,70.68198575846354,72.64571565755207,72.64971569824219
2023-07-26 13:22:32.194411,3313108.0,3313560.0,70.69102982584636,70.69502986653646,72.65875976562499,72.66275980631511
2023-07-26 13:22:32.207368,3313111.0,3313563.0,70.70407389322916,70.70807393391927,72.67180383300781,72.67580387369792
2023-07-26 13:22:32.220325,3313114.0,3313566.0,70.71711800130208,70.72111804199218,72.68484794108072,72.68884798177083
2023-07-26 13:22:32.233281,3313117.0,3313569.0,70.73016174316406,70.73416178385418,72.69789168294271,72.70189172363281
2023-07-26 13:22:32.246233,3313120.0,3313572.0,70.74320581054688,70.74720589192708,72.71093575032552,72.71493583170573
2023-07-26 13:22:32.259189,3313123.0,3313575.0,70.75626033528646,70.76026037597656,72.72397985839845,72.72797989908854
2023-07-26 13:22:32.272146,3313126.0,3313578.0,70.7692938232422,70.7732938232422,72.73702392578124,72.74102400716146
2023-07-26 13:22:32.285103,3313129.0,3313581.0,70.7823377685547,70.78633780924478,72.75006770833333,72.75406774902345
2023-07-26 13:22:32.298063,3313132.0,3313584.0,70.7953818359375,70.7993819173177,72.76311177571615,72.76711185709635
2023-07-26 13:22:32.312012,3313135.0,3313587.0,70.80842594401041,70.81242598470052,72.77615588378906,72.78015592447916
2023-07-26 13:22:32.324974,3313138.0,3313590.0,70.8214696858724,70.82546972656249,72.78919995117187,72.79319995117187
2023-07-26 13:22:32.337931,3313141.0,3313593.0,70.83451379394532,70.8385138346354,72.80224373372396,72.80624377441406
2023-07-26 13:22:32.350887,3313144.0,3313596.0,70.84755786132813,70.85155790201823,72.81528780110678,72.81928784179688
2023-07-26 13:22:32.363844,3313147.0,3313599.0,70.86060196940105,70.86460201009115,72.82833190917968,72.8323319498698
2023-07-26 13:22:32.376800,3313150.0,3313602.0,70.87365612792969,70.87765616861978,72.84137573242188,72.84537573242189
2023-07-26 13:22:32.389752,3313153.0,3313605.0,70.88668977864583,70.89068986002604,72.85441971842448,72.85841979980468
2023-07-26 13:22:32.402710,3313156.0,3313608.0,70.89973388671875,70.90373392740887,72.86746382649739,72.8714638671875
2023-07-26 13:22:32.415665,3313159.0,3313611.0,70.91277795410157,70.91677803548177,72.8805078938802,72.88450797526042
2023-07-26 13:22:32.428622,3313162.0,3313614.0,70.92582173665365,70.92982177734375,72.8935516764323,72.89755171712238
2023-07-26 13:22:32.441581,3313165.0,3313617.0,70.93886580403645,70.94286588541667,72.9065957438151,72.91059582519532
2023-07-26 13:22:32.454536,3313168.0,3313620.0,70.95190991210937,70.95590995279949,72.91963985188802,72.92363989257812
2023-07-26 13:22:32.468494,3313171.0,3313623.0,70.9649539794922,70.96895397949218,72.93268391927083,72.93668400065104
2023-07-26 13:22:32.481450,3313174.0,3313626.0,70.97799776204427,70.98199780273438,72.94572770182292,72.94972774251302
2023-07-26 13:22:32.494401,3313177.0,3313629.0,70.99104182942709,70.99504187011719,72.95877176920573,72.96277180989583
2023-07-26 13:22:32.507430,3313180.0,3313632.0,71.00408593750001,71.0080859781901,72.97181587727864,72.97581591796876
2023-07-26 13:22:32.520380,3313183.0,3313635.0,71.01712976074218,71.02112976074218,72.98485994466147,72.98885998535155
2023-07-26 13:22:32.533287,3313186.0,3313638.0,71.0301737467448,71.034173828125,72.99790368652343,73.00190376790364
2023-07-26 13:22:32.546227,3313189.0,3313641.0,71.04321785481771,71.04721789550781,73.01095821126302,73.01495825195313
2023-07-26 13:22:32.559183,3313192.0,3313644.0,71.05626192220052,71.06026200358073,73.02399186197917,73.02799194335937
2023-07-26 13:22:32.572141,3313195.0,3313647.0,71.0693057047526,71.07330574544271,73.03703588867188,73.04103588867187
2023-07-26 13:22:32.585109,3313198.0,3313650.0,71.08234977213542,71.08634985351563,73.05007971191407,73.05407979329428
2023-07-26 13:22:32.598058,3313201.0,3313653.0,71.09539388020833,71.09939392089844,73.06312381998698,73.06712386067707
2023-07-26 13:22:32.611015,3313204.0,3313656.0,71.10843794759114,71.11243802897135,73.07616788736979,73.08016796874999
2023-07-26 13:22:32.624968,3313207.0,3313659.0,71.12148173014323,71.12548177083333,73.08921166992187,73.09321171061198
2023-07-26 13:22:32.637925,3313210.0,3313662.0,71.13452579752604,71.13852583821614,73.10225573730469,73.10625577799479
2023-07-26 13:22:32.650881,3313213.0,3313665.0,71.14756990559896,71.15156994628906,73.1152998453776,73.11929988606771
2023-07-26 13:22:32.663834,3313216.0,3313668.0,71.16061397298176,71.16461401367188,73.12834391276041,73.13234395345052
2023-07-26 13:22:32.676791,3313219.0,3313671.0,71.17365771484376,71.17765779622397,73.14138765462239,73.1453877360026
2023-07-26 13:22:32.689774,3313222.0,3313674.0,71.18670182291667,71.19070186360676,73.15443176269531,73.15843180338543
2023-07-26 13:22:32.702703,3313225.0,3313677.0,71.19974589029948,71.2037459716797,73.16747583007813,73.17147591145833
2023-07-26 13:22:32.715660,3313228.0,3313680.0,71.2127899169922,71.2167899169922,73.18051993815104,73.18451997884115
2023-07-26 13:22:32.728616,3313231.0,3313683.0,71.22583374023438,71.22983382161458,73.19356368001301,73.19756376139324
2023-07-26 13:22:32.741578,3313234.0,3313686.0,71.23887784830728,71.2428778889974,73.20660778808595,73.21060782877603
2023-07-26 13:22:32.754550,3313237.0,3313689.0,71.2519219156901,71.25592199707032,73.21965185546874,73.22365193684895
2023-07-26 13:22:32.768491,3313240.0,3313692.0,71.2649656982422,71.26896573893228,73.23269596354166,73.23669600423177
2023-07-26 13:22:32.781444,3313243.0,3313695.0,71.278009765625,71.2820098063151,73.24573970540365,73.24973974609374
2023-07-26 13:22:32.794400,3313246.0,3313698.0,71.29105387369792,71.29505391438802,73.25878381347657,73.26278385416667
2023-07-26 13:22:32.807355,3313249.0,3313701.0,71.30409794108073,71.30809798177084,73.27182788085938,73.27582792154948
2023-07-26 13:22:32.820314,3313252.0,3313704.0,71.31714168294272,71.32114176432292,73.28487182617188,73.28887182617187
2023-07-26 13:22:32.833265,3313255.0,3313707.0,71.33018579101562,71.33418583170572,73.29791573079427,73.30191577148437
2023-07-26 13:22:32.846222,3313258.0,3313710.0,71.34322985839844,71.34722993977866,73.31095979817708,73.31495987955729
2023-07-26 13:22:32.859183,3313261.0,3313713.0,71.35627396647136,71.36027400716145,73.32400390625,73.3280039469401
2023-07-26 13:22:32.872136,3313264.0,3313716.0,71.36931770833333,71.37331778971354,73.33704764811198,73.34104772949217
2023-07-26 13:22:32.885092,3313267.0,3313719.0,71.38236181640625,71.38636185709636,73.3500917561849,73.354091796875
2023-07-26 13:22:32.898049,3313270.0,3313722.0,71.39540588378907,71.39940596516928,73.3631358235677,73.36713590494792
2023-07-26 13:22:32.912004,3313273.0,3313725.0,71.40844999186199,71.41245003255209,73.37617993164062,73.38017997233074
2023-07-26 13:22:32.924959,3313276.0,3313728.0,71.42149373372395,71.42549377441406,73.38922367350261,73.3932237141927
2023-07-26 13:22:32.937916,3313279.0,3313731.0,71.43453784179688,71.43853788248698,73.40226778157552,73.40626782226562
2023-07-26 13:22:32.950877,3313282.0,3313734.0,71.44758190917969,71.45158194986979,73.41531184895834,73.41931188964844
2023-07-26 13:22:32.963833,3313285.0,3313737.0,71.46062585449218,71.46462585449218,73.42835595703126,73.43235599772134
2023-07-26 13:22:32.976789,3313288.0,3313740.0,71.47366975911459,71.47766979980469,73.44139969889322,73.44539973958334
2023-07-26 13:22:32.989742,3313291.0,3313743.0,71.4867138264974,71.4907139078776,73.45444376627604,73.45844384765626
2023-07-26 13:22:33.002698,3313294.0,3313746.0,71.49975793457031,71.50375797526041,73.46748787434896,73.47148791503906
2023-07-26 13:22:33.015655,3313297.0,3313749.0,71.51280167643229,71.5168017578125,73.48053194173178,73.48453198242187
2023-07-26 13:22:33.028613,3313300.0,3313752.0,71.52584578450521,71.52984582519532,73.49357572428386,73.49757576497396
2023-07-26 13:22:33.041572,3313303.0,3313755.0,71.53888985188803,71.54288993326823,73.50661979166667,73.51061987304686
2023-07-26 13:22:33.054529,3313306.0,3313758.0,71.55193395996093,71.55593400065104,73.51966389973958,73.52366394042969
2023-07-26 13:22:33.068479,3313309.0,3313761.0,71.56497770182291,71.56897774251303,73.53270776367187,73.53670776367187
2023-07-26 13:22:33.081439,3313312.0,3313764.0,71.57802180989583,71.58202185058593,73.54575174967448,73.54975179036458
2023-07-26 13:22:33.094395,3313315.0,3313767.0,71.59106587727864,71.59506591796875,73.5587958170573,73.56279585774739
2023-07-26 13:22:33.107352,3313318.0,3313770.0,71.60410998535156,71.60811002604167,73.5718399251302,73.57583996582031
2023-07-26 13:22:33.120308,3313321.0,3313773.0,71.61715372721355,71.62115376790365,73.58488366699218,73.5888837076823
2023-07-26 13:22:33.133265,3313324.0,3313776.0,71.63020821126302,71.63420829264322,73.597927734375,73.60192781575522
2023-07-26 13:22:33.146220,3313327.0,3313779.0,71.64324190266927,71.64724194335938,73.61097184244791,73.61497188313803
2023-07-26 13:22:33.159174,3313330.0,3313782.0,71.65628597005208,71.6602860107422,73.62401590983072,73.62801599121094
2023-07-26 13:22:33.172130,3313333.0,3313785.0,71.66932975260417,71.67332979329427,73.6370596923828,73.64105973307292
2023-07-26 13:22:33.185093,3313336.0,3313788.0,71.68237381998698,71.68637390136719,73.65010375976563,73.65410384114583
2023-07-26 13:22:33.198048,3313339.0,3313791.0,71.6954179280599,71.69941796875,73.66314786783853,73.66714790852865
2023-07-26 13:22:33.211005,3313342.0,3313794.0,71.70846179199219,71.71246179199218,73.67619193522135,73.68019201660157
2023-07-26 13:22:33.224958,3313345.0,3313797.0,71.72150577799479,71.7255058186849,73.68923571777344,73.69323575846353
2023-07-26 13:22:33.237915,3313348.0,3313800.0,71.7345498453776,71.73854988606772,73.70227978515625,73.70627982584635
2023-07-26 13:22:33.250867,3313351.0,3313803.0,71.74759395345052,71.75159399414062,73.71532389322917,73.71932393391927
2023-07-26 13:22:33.263828,3313354.0,3313806.0,71.76063769531251,71.7646377360026,73.72836791992188,73.73236791992187
2023-07-26 13:22:33.276785,3313357.0,3313809.0,71.7736817626953,71.77768184407552,73.74141170247397,73.74541178385417
2023-07-26 13:22:33.289737,3313360.0,3313812.0,71.78672587076824,71.79072591145834,73.75445581054687,73.75845585123697
2023-07-26 13:22:33.302693,3313363.0,3313815.0,71.79976993815104,71.80377001953124,73.76751029459635,73.77151037597656
2023-07-26 13:22:33.315662,3313366.0,3313818.0,71.81281372070312,71.81681376139323,73.78054370117188,73.78454370117187
2023-07-26 13:22:33.333590,3313369.0,3313821.0,71.82585778808594,71.82985786946615,73.79358772786458,73.79758780924479
2023-07-26 13:22:33.346547,3313373.0,3313825.0,71.84326033528646,71.84726037597656,73.81097985839844,73.81497989908854
2023-07-26 13:22:33.359507,3313376.0,3313828.0,71.8562938232422,71.86029382324219,73.82402392578125,73.82802400716146
2023-07-26 13:22:33.372464,3313379.0,3313831.0,71.86933776855469,71.87333780924479,73.83706770833334,73.84106774902344
2023-07-26 13:22:33.385416,3313382.0,3313834.0,71.8823818359375,71.8863819173177,73.85011177571614,73.85411185709636
2023-07-26 13:22:33.398372,3313385.0,3313837.0,71.89542594401041,71.89942598470053,73.86315588378906,73.86715592447916
2023-07-26 13:22:33.411329,3313388.0,3313840.0,71.9084696858724,71.91246972656249,73.87619995117187,73.88019995117187
2023-07-26 13:22:33.424291,3313391.0,3313843.0,71.92151379394531,71.92551383463541,73.88924373372396,73.89324377441406
2023-07-26 13:22:33.437247,3313394.0,3313846.0,71.93455786132813,71.93855790201823,73.90228780110677,73.90628784179688
2023-07-26 13:22:33.451196,3313397.0,3313849.0,71.94760196940105,71.95160201009114,73.91533190917968,73.9193319498698
2023-07-26 13:22:33.464156,3313400.0,3313852.0,71.96065612792968,71.96465616861978,73.92837573242188,73.93237573242187
2023-07-26 13:22:33.477113,3313403.0,3313855.0,71.97368977864583,71.97768986002605,73.94141971842447,73.94541979980468
2023-07-26 13:22:33.490070,3313406.0,3313858.0,71.98673388671875,71.99073392740885,73.95446382649739,73.9584638671875
2023-07-26 13:22:33.503026,3313409.0,3313861.0,71.99977795410157,72.00377803548177,73.96750789388021,73.97150797526042
2023-07-26 13:22:33.515983,3313412.0,3313864.0,72.01282173665365,72.01682177734375,73.9805516764323,73.98455171712239
2023-07-26 13:22:33.528939,3313415.0,3313867.0,72.02586580403646,72.02986588541667,73.9935957438151,73.99759582519532
2023-07-26 13:22:33.541892,3313418.0,3313870.0,72.03890991210938,72.04290995279948,74.00663985188802,74.01063989257813
2023-07-26 13:22:33.554848,3313421.0,3313873.0,72.05195397949218,72.05595397949219,74.01968391927083,74.02368400065103
2023-07-26 13:22:33.567811,3313424.0,3313876.0,72.06499776204427,72.06899780273439,74.0327277018229,74.03672774251302
2023-07-26 13:22:33.580766,3313427.0,3313879.0,72.0780418294271,72.08204187011718,74.04577176920573,74.04977180989583
2023-07-26 13:22:33.594715,3313430.0,3313882.0,72.0910859375,72.0950859781901,74.05881587727865,74.06281591796875
2023-07-26 13:22:33.607676,3313433.0,3313885.0,72.10412976074218,72.10812976074219,74.07185994466145,74.07585998535156
2023-07-26 13:22:33.620639,3313436.0,3313888.0,72.1171737467448,72.12117382812501,74.08490368652343,74.08890376790364
2023-07-26 13:22:33.633589,3313439.0,3313891.0,72.13021785481772,72.13421789550782,74.09795821126302,74.10195825195314
2023-07-26 13:22:33.646545,3313442.0,3313894.0,72.14326192220051,72.14726200358074,74.11099186197916,74.11499194335937
2023-07-26 13:22:33.659502,3313445.0,3313897.0,72.1563057047526,72.16030574544271,74.12403588867187,74.12803588867187
2023-07-26 13:22:33.672454,3313448.0,3313900.0,72.16934977213542,72.17334985351562,74.13707971191407,74.14107979329428
2023-07-26 13:22:33.685411,3313451.0,3313903.0,72.18239388020832,72.18639392089844,74.15012381998699,74.15412386067707
2023-07-26 13:22:33.698367,3313454.0,3313906.0,72.19543794759115,72.19943802897136,74.16316788736978,74.16716796875
2023-07-26 13:22:33.711324,3313457.0,3313909.0,72.20848173014323,72.21248177083332,74.17621166992187,74.18021171061199
2023-07-26 13:22:33.724285,3313460.0,3313912.0,72.22152579752604,72.22552583821614,74.18925573730469,74.19325577799479
2023-07-26 13:22:33.737242,3313463.0,3313915.0,72.23456990559896,72.23856994628906,74.20229984537761,74.20629988606771
2023-07-26 13:22:33.751197,3313466.0,3313918.0,72.24761397298177,72.25161401367187,74.21534391276042,74.21934395345052
2023-07-26 13:22:33.763309,3313469.0,3313921.0,72.26065771484376,72.26465779622396,74.2283876546224,74.23238773600261
2023-07-26 13:22:33.777268,3313472.0,3313924.0,72.27370182291666,72.27770186360677,74.24143176269531,74.24543180338542
2023-07-26 13:22:33.790224,3313475.0,3313927.0,72.28674589029949,72.2907459716797,74.25447583007812,74.25847591145833
2023-07-26 13:22:33.803181,3313478.0,3313930.0,72.2997899169922,72.30378991699219,74.26751993815104,74.27151997884116
2023-07-26 13:22:33.816137,3313481.0,3313933.0,72.31283374023437,72.31683382161458,74.28056368001302,74.28456376139323
2023-07-26 13:22:33.829094,3313484.0,3313936.0,72.32587784830729,72.3298778889974,74.29360778808594,74.29760782877604
2023-07-26 13:22:33.842051,3313487.0,3313939.0,72.33892191569011,72.34292199707032,74.30665185546874,74.31065193684896
2023-07-26 13:22:33.855129,3313490.0,3313942.0,72.3519656982422,72.35596573893228,74.31969596354166,74.32369600423178
2023-07-26 13:22:33.868041,3313493.0,3313945.0,72.36500976562499,72.3690098063151,74.33273970540364,74.33673974609374
2023-07-26 13:22:33.881001,3313496.0,3313948.0,72.37805387369792,72.38205391438802,74.34578381347656,74.34978385416667
2023-07-26 13:22:33.893958,3313499.0,3313951.0,72.39109794108073,72.39509798177083,74.35882788085938,74.36282792154948
2023-07-26 13:22:33.906915,3313502.0,3313954.0,72.40414168294271,72.40814176432292,74.37187182617188,74.37587182617187
2023-07-26 13:22:33.919871,3313505.0,3313957.0,72.41718579101563,72.42118583170573,74.38491573079426,74.38891577148438
2023-07-26 13:22:33.933825,3313508.0,3313960.0,72.43022985839845,72.43422993977865,74.39795979817708,74.4019598795573
2023-07-26 13:22:33.946808,3313511.0,3313963.0,72.44327396647137,72.44727400716145,74.41100390625,74.4150039469401
2023-07-26 13:22:33.959765,3313514.0,3313966.0,72.45631770833333,72.46031778971354,74.42404764811198,74.42804772949218
2023-07-26 13:22:33.972721,3313517.0,3313969.0,72.46936181640625,72.47336185709635,74.4370917561849,74.441091796875
2023-07-26 13:22:33.985678,3313520.0,3313972.0,72.48240588378907,72.48640596516927,74.4501358235677,74.45413590494792
2023-07-26 13:22:33.998634,3313523.0,3313975.0,72.49544999186197,72.49945003255209,74.46317993164062,74.46717997233073
2023-07-26 13:22:34.011593,3313526.0,3313978.0,72.50849373372395,72.51249377441407,74.4762236735026,74.4802237141927
2023-07-26 13:22:34.024550,3313529.0,3313981.0,72.52153784179689,72.52553788248697,74.48926778157552,74.49326782226562
2023-07-26 13:22:34.037506,3313532.0,3313984.0,72.53458190917968,72.5385819498698,74.50231184895834,74.50631188964843
2023-07-26 13:22:34.050463,3313535.0,3313987.0,72.54762585449218,72.55162585449219,74.51535595703125,74.51935599772135
2023-07-26 13:22:34.063420,3313538.0,3313990.0,72.56066975911459,72.56466979980469,74.52839969889322,74.53239973958334
2023-07-26 13:22:34.076381,3313541.0,3313993.0,72.5737138264974,72.57771390787761,74.54144376627605,74.54544384765626
2023-07-26 13:22:34.090329,3313544.0,3313996.0,72.5867579345703,72.59075797526042,74.55448787434895,74.55848791503907
2023-07-26 13:22:34.103285,3313547.0,3313999.0,72.59980167643229,72.6038017578125,74.56753194173177,74.57153198242187
2023-07-26 13:22:34.116247,3313550.0,3314002.0,72.61284578450521,72.61684582519531,74.58057572428386,74.58457576497396
2023-07-26 13:22:34.129204,3313553.0,3314005.0,72.62588985188802,72.62988993326823,74.59361979166667,74.59761987304687
2023-07-26 13:22:34.142160,3313556.0,3314008.0,72.63893395996094,72.64293400065104,74.60666389973957,74.61066394042969
2023-07-26 13:22:34.155117,3313559.0,3314011.0,72.65197770182291,72.65597774251302,74.61970776367187,74.62370776367187
2023-07-26 13:22:34.168073,3313562.0,3314014.0,72.66502180989583,72.66902185058593,74.63275174967448,74.63675179036458
2023-07-26 13:22:34.181025,3313565.0,3314017.0,72.67806587727864,72.68206591796876,74.6457958170573,74.64979585774739
2023-07-26 13:22:34.193982,3313568.0,3314020.0,72.69110998535156,72.69511002604166,74.65883992513021,74.66283996582031
2023-07-26 13:22:34.206939,3313571.0,3314023.0,72.70415372721355,72.70815376790364,74.67188366699219,74.6758837076823
2023-07-26 13:22:34.219895,3313574.0,3314026.0,72.71720821126301,72.72120829264323,74.68492773437501,74.6889278157552
2023-07-26 13:22:34.233540,3313577.0,3314029.0,72.73024190266928,72.73424194335938,74.69797184244791,74.70197188313803
2023-07-26 13:22:34.246451,3313580.0,3314032.0,72.74328597005209,72.74728601074219,74.71101590983072,74.71501599121095
2023-07-26 13:22:34.259408,3313583.0,3314035.0,72.75632975260416,72.76032979329428,74.72405969238281,74.72805973307291
2023-07-26 13:22:34.272365,3313586.0,3314038.0,72.76937381998698,72.7733739013672,74.73710375976562,74.74110384114583
2023-07-26 13:22:34.285317,3313589.0,3314041.0,72.7824179280599,72.78641796875,74.75014786783854,74.75414790852865
2023-07-26 13:22:34.298273,3313592.0,3314044.0,72.7954617919922,72.79946179199219,74.76319193522136,74.76719201660156
2023-07-26 13:22:34.311230,3313595.0,3314047.0,72.80850577799478,72.8125058186849,74.77623571777343,74.78023575846353
2023-07-26 13:22:34.324186,3313598.0,3314050.0,72.8215498453776,72.82554988606772,74.78927978515624,74.79327982584635
2023-07-26 13:22:34.337147,3313601.0,3314053.0,72.83459395345052,72.83859399414062,74.80232389322917,74.80632393391927
2023-07-26 13:22:34.351097,3313604.0,3314056.0,72.8476376953125,72.8516377360026,74.81536791992188,74.81936791992187
2023-07-26 13:22:34.364058,3313607.0,3314059.0,72.86068176269531,72.86468184407552,74.82841170247396,74.83241178385417
2023-07-26 13:22:34.377014,3313610.0,3314062.0,72.87372587076824,72.87772591145833,74.84145581054688,74.84545585123698
2023-07-26 13:22:34.389971,3313613.0,3314065.0,72.88676993815105,72.89077001953125,74.85451029459635,74.85851037597656
2023-07-26 13:22:34.402927,3313616.0,3314068.0,72.89981372070312,72.90381376139324,74.86754370117188,74.87154370117187
2023-07-26 13:22:34.415884,3313619.0,3314071.0,72.91285778808594,72.91685786946614,74.88058772786458,74.88458780924479
2023-07-26 13:22:34.428840,3313622.0,3314074.0,72.92590189615886,72.92990193684895,74.8936318359375,74.89763187662761
2023-07-26 13:22:34.441792,3313625.0,3314077.0,72.93894600423177,72.94294604492188,74.90667590332032,74.91067598470052
2023-07-26 13:22:34.454749,3313628.0,3314080.0,72.95198974609374,72.95598978678386,74.9197196858724,74.9237197265625
2023-07-26 13:22:34.467725,3313631.0,3314083.0,72.96503381347657,72.96903385416667,74.9327637532552,74.93676379394532
2023-07-26 13:22:34.480681,3313634.0,3314086.0,72.97807792154947,72.98207796223959,74.94580786132813,74.94980790201822
2023-07-26 13:22:34.494636,3313637.0,3314089.0,72.99112194824218,72.99512194824219,74.95885192871093,74.96285196940104
2023-07-26 13:22:34.507592,3313640.0,3314092.0,73.00416573079427,73.00816581217448,74.97189567057292,74.97590616861979
2023-07-26 13:22:34.520549,3313643.0,3314095.0,73.01720983886717,73.02120987955729,74.98493977864584,74.98893981933593
2023-07-26 13:22:34.533505,3313646.0,3314098.0,73.03025390625,73.03425398763021,74.99798384602865,75.00198392740886
2023-07-26 13:22:34.546462,3313649.0,3314101.0,73.04329772949218,73.04729772949219,75.01102795410156,75.01502799479167
2023-07-26 13:22:34.559413,3313652.0,3314104.0,73.0563417561849,73.0603418375651,75.02407169596354,75.02807177734375
2023-07-26 13:22:34.572370,3313655.0,3314107.0,73.06938586425781,73.07338590494791,75.03711580403646,75.04111584472656
2023-07-26 13:22:34.585326,3313658.0,3314110.0,73.08242993164062,73.08643001302083,75.05015987141927,75.05415995279948
2023-07-26 13:22:34.598287,3313661.0,3314113.0,73.0954737141927,73.09947375488281,75.06320385742187,75.06720385742187
2023-07-26 13:22:34.611244,3313664.0,3314116.0,73.10851778157553,73.11251782226562,75.07624772135416,75.08024776204427
2023-07-26 13:22:34.625194,3313667.0,3314119.0,73.12156188964843,73.12556193033855,75.0892918294271,75.09329187011718
2023-07-26 13:22:34.637157,3313670.0,3314122.0,73.13460595703125,73.13860599772134,75.10233589680989,75.1063359375
2023-07-26 13:22:34.651110,3313673.0,3314125.0,73.14764969889323,73.15164978027343,75.11537963867187,75.1193797200521
2023-07-26 13:22:34.664067,3313676.0,3314128.0,73.16069380696614,73.16469384765625,75.1284237467448,75.13242378743489
2023-07-26 13:22:34.677023,3313679.0,3314131.0,73.17373787434896,73.17773795572917,75.1414678141276,75.14546789550782
2023-07-26 13:22:34.689980,3313682.0,3314134.0,73.18678198242188,73.19078202311198,75.15451192220051,75.15851196289063
2023-07-26 13:22:34.702932,3313685.0,3314137.0,73.19982572428385,73.20382580566407,75.1675556640625,75.1715557454427
2023-07-26 13:22:34.715888,3313688.0,3314140.0,73.21286983235677,73.21686987304687,75.18059977213541,75.18459981282552
2023-07-26 13:22:34.728845,3313691.0,3314143.0,73.22591389973958,73.2299139811198,75.19364383951823,75.19764392089844
2023-07-26 13:22:34.741803,3313694.0,3314146.0,73.23895788574218,73.24295788574219,75.20668794759115,75.21068798828124
2023-07-26 13:22:34.754763,3313697.0,3314149.0,73.25200174967448,73.25600179036458,75.21973168945311,75.22373173014323
2023-07-26 13:22:34.768712,3313700.0,3314152.0,73.2650458577474,73.26904589843751,75.23277579752603,75.23677583821615
2023-07-26 13:22:34.781673,3313703.0,3314155.0,73.27808992513022,73.2820899658203,75.24581986490885,75.24981990559897
2023-07-26 13:22:34.794629,3313706.0,3314158.0,73.29113366699218,73.2951337483724,75.25886397298177,75.26286401367187
2023-07-26 13:22:34.807583,3313709.0,3314161.0,73.3041777750651,73.30817781575522,75.27190771484375,75.27590775553385
2023-07-26 13:22:34.820540,3313712.0,3314164.0,73.31722184244792,73.32122192382812,75.28495178222656,75.28895186360677
2023-07-26 13:22:34.833555,3313715.0,3314167.0,73.33026595052084,73.33426599121094,75.29799589029949,75.30199593098958
2023-07-26 13:22:34.846456,3313718.0,3314170.0,73.3433096923828,73.34730977376303,75.31103979492188,75.31503979492187
2023-07-26 13:22:34.859408,3313721.0,3314173.0,73.35635380045574,73.36035384114582,75.32408374023437,75.32808378092449
2023-07-26 13:22:34.872364,3313724.0,3314176.0,73.36939786783854,73.37339794921874,75.3371278076172,75.3411278889974
2023-07-26 13:22:34.885321,3313727.0,3314179.0,73.38244197591145,73.38644201660156,75.35017191569011,75.3541719563802
2023-07-26 13:22:34.898278,3313730.0,3314182.0,73.39548571777344,73.39948575846354,75.36321565755208,75.36721569824219
2023-07-26 13:22:34.911299,3313733.0,3314185.0,73.40852982584636,73.41252986653646,75.376259765625,75.38025980631511
2023-07-26 13:22:34.925193,3313736.0,3314188.0,73.42157389322917,73.42557393391927,75.38930383300782,75.39330387369792
2023-07-26 13:22:34.938149,3313739.0,3314191.0,73.43461800130208,73.43861804199219,75.40234794108072,75.40634798177084
2023-07-26 13:22:34.951102,3313742.0,3314194.0,73.44766174316406,73.45166178385418,75.41539168294271,75.41939172363281
2023-07-26 13:22:34.964112,3313745.0,3314197.0,73.46070581054687,73.46470589192708,75.42843575032552,75.43243583170572
2023-07-26 13:22:34.977018,3313748.0,3314200.0,73.47376033528646,73.47776037597656,75.44147985839844,75.44547989908854
2023-07-26 13:22:34.989975,3313751.0,3314203.0,73.4867938232422,73.4907938232422,75.45452392578125,75.45852400716146
2023-07-26 13:22:35.002927,3313754.0,3314206.0,73.4998377685547,73.50383780924479,75.46756770833333,75.47156774902345
2023-07-26 13:22:35.015883,3313757.0,3314209.0,73.51288183593749,73.5168819173177,75.48061177571616,75.48461185709635
2023-07-26 13:22:35.028840,3313760.0,3314212.0,73.52592594401041,73.52992598470053,75.49365588378906,75.49765592447916
2023-07-26 13:22:35.041802,3313763.0,3314215.0,73.5389696858724,73.54296972656249,75.50669995117187,75.51069995117187
2023-07-26 13:22:35.054758,3313766.0,3314218.0,73.55201379394532,73.55601383463541,75.51974373372396,75.52374377441406
2023-07-26 13:22:35.067711,3313769.0,3314221.0,73.56505786132813,73.56905790201823,75.53278780110676,75.53678784179688
2023-07-26 13:22:35.081742,3313772.0,3314224.0,73.57810196940105,73.58210201009113,75.54583190917968,75.5498319498698
2023-07-26 13:22:35.094629,3313775.0,3314227.0,73.5911561279297,73.59515616861978,75.55887573242188,75.56287573242189
2023-07-26 13:22:35.107581,3313778.0,3314230.0,73.60418977864583,73.60818986002604,75.57191971842448,75.57591979980468
2023-07-26 13:22:35.120537,3313781.0,3314233.0,73.61723388671875,73.62123392740887,75.58496382649739,75.5889638671875
2023-07-26 13:22:35.133494,3313784.0,3314236.0,73.63027795410157,73.63427803548177,75.59800789388021,75.60200797526042
2023-07-26 13:22:35.146451,3313787.0,3314239.0,73.64332173665365,73.64732177734375,75.6110516764323,75.61505171712238
2023-07-26 13:22:35.159403,3313790.0,3314242.0,73.65636580403645,73.66036588541667,75.6240957438151,75.62809582519532
2023-07-26 13:22:35.172359,3313793.0,3314245.0,73.66940991210937,73.67340995279947,75.63713985188802,75.64113989257812
2023-07-26 13:22:35.185316,3313796.0,3314248.0,73.68245397949218,73.68645397949219,75.65018391927083,75.65418400065103
2023-07-26 13:22:35.198278,3313799.0,3314251.0,73.69549776204427,73.69949780273438,75.6632277018229,75.66722774251302
2023-07-26 13:22:35.211234,3313802.0,3314254.0,73.70854182942709,73.71254187011719,75.67627176920573,75.68027180989583
2023-07-26 13:22:35.225191,3313805.0,3314257.0,73.72158593750001,73.7255859781901,75.68931587727864,75.69331591796876
2023-07-26 13:22:35.238144,3313808.0,3314260.0,73.73462976074218,73.73862976074219,75.70235994466147,75.70635998535155
2023-07-26 13:22:35.251100,3313811.0,3314263.0,73.7476737467448,73.751673828125,75.71540368652343,75.71940376790364
2023-07-26 13:22:35.264057,3313814.0,3314266.0,73.76071785481771,73.76471789550781,75.72845821126302,75.73245825195313
2023-07-26 13:22:35.280995,3313817.0,3314269.0,73.77376192220052,73.77776200358073,75.74149186197917,75.74549194335937
2023-07-26 13:22:35.293956,3313821.0,3314273.0,73.79115372721354,73.79515376790364,75.75888366699219,75.76288370768229
2023-07-26 13:22:35.307905,3313824.0,3314276.0,73.80420821126302,73.80820829264323,75.771927734375,75.77592781575521
2023-07-26 13:22:35.320862,3313827.0,3314279.0,73.81724190266928,73.82124194335937,75.78497184244792,75.78897188313803
2023-07-26 13:22:35.337809,3313830.0,3314282.0,73.83028597005209,73.83428601074219,75.79801590983072,75.80201599121095
2023-07-26 13:22:35.350766,3313834.0,3314286.0,73.8476777750651,73.85167781575521,75.81540771484376,75.81940775553385
2023-07-26 13:22:35.363719,3313837.0,3314289.0,73.86072184244792,73.86472192382813,75.82845178222655,75.83245186360676
2023-07-26 13:22:35.381664,3313840.0,3314292.0,73.87376595052083,73.87776599121095,75.84149589029948,75.84549593098959
2023-07-26 13:22:35.394620,3313844.0,3314296.0,73.89115771484376,73.89515779622396,75.8588876546224,75.8628877360026
2023-07-26 13:22:35.407577,3313847.0,3314299.0,73.90420182291666,73.90820186360676,75.87193176269531,75.87593180338541
2023-07-26 13:22:35.420533,3313850.0,3314302.0,73.91724589029948,73.9212459716797,75.88497583007812,75.88897591145833
2023-07-26 13:22:35.433490,3313853.0,3314305.0,73.9302899169922,73.9342899169922,75.89801993815104,75.90201997884115
2023-07-26 13:22:35.450432,3313856.0,3314308.0,73.94333374023438,73.94733382161458,75.91106368001302,75.91506376139324
2023-07-26 13:22:35.464380,3313860.0,3314312.0,73.96072587076823,73.96472591145833,75.92845581054688,75.93245585123697
2023-07-26 13:22:35.477343,3313863.0,3314315.0,73.97376993815104,73.97777001953125,75.94151029459636,75.94551037597655
2023-07-26 13:22:35.490300,3313866.0,3314318.0,73.98681372070313,73.99081376139324,75.95454370117187,75.95854370117188
2023-07-26 13:22:35.507238,3313869.0,3314321.0,73.99985778808595,74.00385786946615,75.96758772786458,75.9715878092448
2023-07-26 13:22:35.520194,3313873.0,3314325.0,74.01726033528647,74.02126037597655,75.98497985839845,75.98897989908853
2023-07-26 13:22:35.533150,3313876.0,3314328.0,74.03029382324219,74.0342938232422,75.99802392578125,76.00202400716145
2023-07-26 13:22:35.546108,3313879.0,3314331.0,74.0433377685547,74.0473378092448,76.01106770833333,76.01506774902344
2023-07-26 13:22:35.564053,3313882.0,3314334.0,74.0563818359375,74.0603819173177,76.02411177571615,76.02811185709636
2023-07-26 13:22:35.577009,3313886.0,3314338.0,74.07377396647136,74.07777400716145,76.04150390625,76.0455039469401
2023-07-26 13:22:35.593951,3313889.0,3314341.0,74.08681770833333,74.09081778971354,76.05454764811198,76.05854772949218
2023-07-26 13:22:35.606908,3313893.0,3314345.0,74.10420983886718,74.1082098795573,76.07193977864584,76.07593981933593
2023-07-26 13:22:35.620857,3313896.0,3314348.0,74.11725390625,74.12125398763021,76.08498384602865,76.08898392740886
2023-07-26 13:22:35.637806,3313899.0,3314351.0,74.13029772949218,74.13429772949218,76.09802795410157,76.10202799479167
2023-07-26 13:22:35.650757,3313903.0,3314355.0,74.14768977864584,74.15168986002604,76.11541971842448,76.11941979980469
2023-07-26 13:22:35.663713,3313906.0,3314358.0,74.16073388671875,74.16473392740886,76.1284638264974,76.1324638671875
2023-07-26 13:22:35.681658,3313909.0,3314361.0,74.17377795410157,74.17777803548178,76.1415078938802,76.14550797526041
2023-07-26 13:22:35.694615,3313913.0,3314365.0,74.19116975911459,74.19516979980469,76.15889969889322,76.16289973958334
2023-07-26 13:22:35.707572,3313916.0,3314368.0,74.2042138264974,74.2082139078776,76.17194376627604,76.17594384765626
2023-07-26 13:22:35.724510,3313919.0,3314371.0,74.21725793457031,74.22125797526041,76.18498787434896,76.18898791503906
2023-07-26 13:22:35.737465,3313923.0,3314375.0,74.23464969889322,74.23864978027343,76.20237963867187,76.20637972005208
2023-07-26 13:22:35.750427,3313926.0,3314378.0,74.24769380696614,74.25169384765626,76.21542374674479,76.21942378743489
2023-07-26 13:22:35.768363,3313929.0,3314381.0,74.26073787434896,74.26473795572916,76.2284678141276,76.23246789550782
2023-07-26 13:22:35.785309,3313933.0,3314385.0,74.27812976074219,74.28212976074218,76.24585994466146,76.24985998535156
2023-07-26 13:22:35.798267,3313937.0,3314389.0,74.29552180989583,74.29952185058593,76.26325174967448,76.26725179036458
2023-07-26 13:22:35.816207,3313940.0,3314392.0,74.30856587727864,74.31256591796875,76.2762958170573,76.28029585774739
2023-07-26 13:22:35.829159,3313944.0,3314396.0,74.32595788574218,74.32995788574219,76.29368794759115,76.29768798828124
2023-07-26 13:22:35.846107,3313947.0,3314399.0,74.33900174967448,74.34300179036458,76.30673168945312,76.31073173014323
2023-07-26 13:22:35.859063,3313951.0,3314403.0,74.35639388020833,74.36039392089845,76.32412381998698,76.32812386067708
2023-07-26 13:22:35.877003,3313954.0,3314406.0,74.36943794759115,74.37343802897135,76.33716788736979,76.34116796875
2023-07-26 13:22:35.889955,3313958.0,3314410.0,74.38682975260417,74.39082979329427,76.35455969238281,76.35855973307292
2023-07-26 13:22:35.907895,3313961.0,3314413.0,74.39987381998698,74.40387390136719,76.36760375976563,76.37160384114583
2023-07-26 13:22:35.920856,3313965.0,3314417.0,74.41726595052083,74.42126599121094,76.38499589029948,76.38899593098958
2023-07-26 13:22:35.937795,3313968.0,3314420.0,74.4303096923828,74.43430977376303,76.39803979492187,76.40203979492188
2023-07-26 13:22:35.950752,3313972.0,3314424.0,74.44770182291667,74.45170186360677,76.4154317626953,76.41943180338542
2023-07-26 13:22:35.963708,3313975.0,3314427.0,74.46074589029948,74.46474597167969,76.42847583007813,76.43247591145833
2023-07-26 13:22:35.981653,3313978.0,3314430.0,74.47378991699219,74.4777899169922,76.44151993815105,76.44551997884115
2023-07-26 13:22:35.994609,3313982.0,3314434.0,74.4911817626953,74.49518184407552,76.45891170247397,76.46291178385417
2023-07-26 13:22:36.011548,3313985.0,3314437.0,74.50422587076824,74.50822591145834,76.47195581054687,76.47595585123698
2023-07-26 13:22:36.024504,3313989.0,3314441.0,74.52161800130209,74.52561804199217,76.48934794108072,76.49334798177084
2023-07-26 13:22:36.042449,3313992.0,3314444.0,74.53466174316407,74.53866178385417,76.50239168294272,76.50639172363282
2023-07-26 13:22:36.055405,3313996.0,3314448.0,74.55205387369793,74.55605391438802,76.51978381347656,76.52378385416668
2023-07-26 13:22:36.072344,3313999.0,3314451.0,74.56509794108072,74.56909798177084,76.53282788085937,76.53682792154947
2023-07-26 13:22:36.085305,3314003.0,3314455.0,74.58248974609374,74.58648978678386,76.55021968587239,76.5542197265625
2023-07-26 13:22:36.103245,3314006.0,3314458.0,74.59553381347656,74.59953385416668,76.5632637532552,76.56726379394532
2023-07-26 13:22:36.116202,3314010.0,3314462.0,74.61292594401041,74.61692598470052,76.58065588378906,76.58465592447916
2023-07-26 13:22:36.133145,3314013.0,3314465.0,74.62596968587239,74.62996972656249,76.59369995117187,76.59769995117186
2023-07-26 13:22:36.147094,3314017.0,3314469.0,74.64336181640624,74.64736185709636,76.6110917561849,76.61509179687499
2023-07-26 13:22:36.164041,3314020.0,3314472.0,74.65640588378906,74.66040596516928,76.62413582356771,76.62813590494791
2023-07-26 13:22:36.176998,3314024.0,3314476.0,74.67379772949218,74.67779772949218,76.64152795410156,76.64552799479166
2023-07-26 13:22:36.193941,3314027.0,3314479.0,74.6868417561849,74.6908418375651,76.65457169596354,76.65857177734375
2023-07-26 13:22:36.207890,3314031.0,3314483.0,74.70423388671875,74.70823392740886,76.67196382649739,76.6759638671875
2023-07-26 13:22:36.224838,3314034.0,3314486.0,74.71727795410158,74.72127803548177,76.68500789388021,76.68900797526041
2023-07-26 13:22:36.237790,3314038.0,3314490.0,74.73466975911458,74.73866979980468,76.70239969889323,76.70639973958333
2023-07-26 13:22:36.255730,3314041.0,3314493.0,74.74771382649739,74.75171390787762,76.71544376627604,76.71944384765625
2023-07-26 13:22:36.268691,3314045.0,3314497.0,74.76510595703125,74.76910599772135,76.73283589680989,76.7368359375
2023-07-26 13:22:36.285630,3314048.0,3314500.0,74.77814969889323,74.78214978027343,76.74587963867187,76.74987972005209
2023-07-26 13:22:36.298586,3314052.0,3314504.0,74.7955418294271,74.79954187011718,76.76327176920573,76.76727180989583
2023-07-26 13:22:36.316531,3314055.0,3314507.0,74.8085859375,74.8125859781901,76.77631587727865,76.78031591796875
2023-07-26 13:22:36.329487,3314059.0,3314511.0,74.82597770182291,74.82997774251302,76.79370776367188,76.79770776367187
2023-07-26 13:22:36.346426,3314062.0,3314514.0,74.83902180989583,74.84302185058594,76.80675174967448,76.81075179036458
2023-07-26 13:22:36.364370,3314066.0,3314518.0,74.85641389973958,74.86041398111979,76.82414383951823,76.82814392089844
2023-07-26 13:22:36.377327,3314070.0,3314522.0,74.8738057047526,74.87780574544271,76.84153588867187,76.84553588867188
2023-07-26 13:22:36.394267,3314073.0,3314525.0,74.88684977213542,74.89084985351562,76.85457971191407,76.85857979329428
2023-07-26 13:22:36.407222,3314077.0,3314529.0,74.90424190266927,74.90824194335937,76.87197184244792,76.87597188313802
2023-07-26 13:22:36.425167,3314080.0,3314532.0,74.91728597005208,74.9212860107422,76.88501590983073,76.88901599121094
2023-07-26 13:22:36.438123,3314084.0,3314536.0,74.9346777750651,74.93867781575521,76.90240771484376,76.90640775553385
2023-07-26 13:22:36.455063,3314087.0,3314539.0,74.94772184244792,74.95172192382813,76.91545178222655,76.91945186360677
2023-07-26 13:22:36.473006,3314091.0,3314543.0,74.96511397298177,74.96911401367187,76.93284391276042,76.93684395345052
2023-07-26 13:22:36.485963,3314095.0,3314547.0,74.98250577799479,74.9865058186849,76.95023571777344,76.95423575846354
2023-07-26 13:22:36.502902,3314098.0,3314550.0,74.99554984537761,74.99954988606771,76.96327978515625,76.96727982584636
2023-07-26 13:22:36.515858,3314102.0,3314554.0,75.01294197591145,75.01694201660156,76.98067191569011,76.9846719563802
2023-07-26 13:22:36.533803,3314105.0,3314557.0,75.02598571777344,75.02998575846354,76.99371565755207,76.99771569824219
2023-07-26 13:22:36.546759,3314109.0,3314561.0,75.04337784830729,75.0473778889974,77.01110778808594,77.01510782877604
2023-07-26 13:22:36.563698,3314112.0,3314564.0,75.05642191569011,75.0604219970703,77.02415185546874,77.02815193684896
2023-07-26 13:22:36.576660,3314116.0,3314568.0,75.07381372070313,75.07781376139323,77.04154370117188,77.04554370117188
2023-07-26 13:22:36.594600,3314119.0,3314571.0,75.08685778808594,75.09085786946615,77.05458772786459,77.05858780924478
2023-07-26 13:22:36.607557,3314123.0,3314575.0,75.10426033528645,75.10826037597656,77.07197985839845,77.07597989908854
2023-07-26 13:22:36.624495,3314126.0,3314578.0,75.11729382324219,75.1212938232422,77.08502392578124,77.08902400716146
2023-07-26 13:22:36.642440,3314130.0,3314582.0,75.13468579101563,75.13868583170573,77.10241573079426,77.10641577148438
2023-07-26 13:22:36.659378,3314134.0,3314586.0,75.15207792154948,75.15607796223959,77.11980786132813,77.12380790201823
2023-07-26 13:22:36.677323,3314138.0,3314590.0,75.1694696858724,75.17346972656249,77.13719995117187,77.14119995117187
2023-07-26 13:22:36.694261,3314142.0,3314594.0,75.18686181640625,75.19086185709635,77.1545917561849,77.158591796875
2023-07-26 13:22:36.712200,3314146.0,3314598.0,75.20425390625,75.20825398763021,77.17198384602865,77.17598392740886
2023-07-26 13:22:36.729149,3314150.0,3314602.0,75.22165612792969,75.22565616861978,77.18937573242188,77.19337573242188
2023-07-26 13:22:36.746092,3314154.0,3314606.0,75.23903784179689,75.24303788248697,77.20676778157552,77.21076782226562
2023-07-26 13:22:36.760040,3314158.0,3314610.0,75.25642993164062,75.26043001302082,77.22415987141927,77.22815995279949
2023-07-26 13:22:36.776433,3314161.0,3314613.0,75.2694737141927,75.27347375488282,77.23720385742187,77.24120385742187
2023-07-26 13:22:36.794446,3314165.0,3314617.0,75.28686580403645,75.29086588541666,77.2545957438151,77.25859582519531
2023-07-26 13:22:36.811321,3314169.0,3314621.0,75.3042579345703,75.30825797526042,77.27198787434895,77.27598791503907
2023-07-26 13:22:36.829261,3314173.0,3314625.0,75.32164969889322,75.32564978027344,77.28937963867187,77.29337972005209
2023-07-26 13:22:36.846204,3314177.0,3314629.0,75.33904182942709,75.34304187011719,77.30677176920572,77.31077180989583
2023-07-26 13:22:36.864145,3314181.0,3314633.0,75.35643395996094,75.36043400065104,77.32416389973957,77.32816394042969
2023-07-26 13:22:36.881084,3314185.0,3314637.0,75.37382572428386,75.37782580566407,77.3415556640625,77.34555574544271
2023-07-26 13:22:36.899027,3314189.0,3314641.0,75.39121785481771,75.39521789550781,77.35895821126302,77.36295825195313
2023-07-26 13:22:36.915966,3314193.0,3314645.0,75.40860998535156,75.41261002604166,77.37633992513021,77.38033996582031
2023-07-26 13:22:36.933910,3314197.0,3314649.0,75.42600174967448,75.43000179036459,77.39373168945312,77.39773173014324
2023-07-26 13:22:36.950849,3314201.0,3314653.0,75.44339388020833,75.44739392089843,77.41112381998698,77.41512386067708
2023-07-26 13:22:36.968790,3314205.0,3314657.0,75.46078597005209,75.46478601074219,77.42851590983072,77.43251599121095
2023-07-26 13:22:36.985736,3314209.0,3314661.0,75.4781777750651,75.48217781575521,77.44590771484376,77.44990775553386
2023-07-26 13:22:36.998688,3314213.0,3314665.0,75.49556990559897,75.49956994628906,77.4632998453776,77.46729988606772
2023-07-26 13:22:37.016628,3314216.0,3314668.0,75.50861397298176,75.51261401367188,77.47634391276041,77.48034395345051
2023-07-26 13:22:37.029590,3314220.0,3314672.0,75.52600577799478,75.5300058186849,77.49373571777343,77.49773575846353
2023-07-26 13:22:37.046528,3314223.0,3314675.0,75.5390498453776,75.54304988606772,77.50677978515624,77.51077982584636
2023-07-26 13:22:37.064468,3314227.0,3314679.0,75.55644197591145,75.56044201660156,77.5241719156901,77.5281719563802
2023-07-26 13:22:37.081416,3314231.0,3314683.0,75.57383374023438,75.57783382161458,77.54156368001301,77.54556376139324
2023-07-26 13:22:37.098359,3314235.0,3314687.0,75.59122587076824,75.59522591145833,77.55895581054688,77.56295585123698
2023-07-26 13:22:37.116300,3314239.0,3314691.0,75.60861800130209,75.61261804199218,77.57634794108073,77.58034798177084
2023-07-26 13:22:37.133239,3314243.0,3314695.0,75.626009765625,75.6300098063151,77.59373970540365,77.59773974609374
2023-07-26 13:22:37.151183,3314247.0,3314699.0,75.64340189615886,75.64740193684895,77.6111318359375,77.61513187662761
2023-07-26 13:22:37.168121,3314251.0,3314703.0,75.66079382324219,75.66479382324219,77.62852392578125,77.63252400716145
2023-07-26 13:22:37.186066,3314255.0,3314707.0,75.67818579101562,75.68218583170572,77.64591573079427,77.64991577148437
2023-07-26 13:22:37.203004,3314259.0,3314711.0,75.69557792154947,75.69957796223959,77.66330786132814,77.66730790201822
2023-07-26 13:22:37.220950,3314263.0,3314715.0,75.7129696858724,75.7169697265625,77.68069995117187,77.68469995117186
2023-07-26 13:22:37.237887,3314267.0,3314719.0,75.73036181640624,75.73436185709636,77.6980917561849,77.702091796875
2023-07-26 13:22:37.255827,3314271.0,3314723.0,75.74775390625,75.75175398763021,77.71548384602865,77.71948392740886
2023-07-26 13:22:37.272770,3314275.0,3314727.0,75.76515612792969,75.76915616861979,77.73287573242189,77.73687573242188
2023-07-26 13:22:37.289713,3314279.0,3314731.0,75.78253784179688,75.78653788248698,77.75026778157552,77.75426782226562
2023-07-26 13:22:37.298684,3314283.0,3314735.0,75.79992993164062,75.80393001302083,77.76765987141927,77.77165995279948
,,,,,,
,,,,,,
,,,,,,
,,,,,,
,,,,,,
