0,1,2,3,4,5,6
2023-07-26 15:59:12.729225,5473781.0,5474230.0,127.00855387369792,127.01255391438802,0.9714678141276042,0.9754678955078125
2023-07-26 15:59:12.732219,5473782.0,5474231.0,127.01290189615885,127.01690193684895,0.9758158772786458,0.97981591796875
2023-07-26 15:59:12.736210,5473783.0,5474232.0,127.01726033528647,127.02126037597655,0.9801638997395834,0.9841639404296876
2023-07-26 15:59:12.740188,5473784.0,5474233.0,127.02159794108073,127.02559798177083,0.9845119222005209,0.988511962890625
2023-07-26 15:59:12.745175,5473785.0,5474234.0,127.02594596354166,127.02994604492189,0.9888599446614583,0.9928599853515625
2023-07-26 15:59:12.749158,5473786.0,5474235.0,127.03029382324219,127.0342938232422,0.993207763671875,0.997207763671875
2023-07-26 15:59:12.754155,5473787.0,5474236.0,127.03464168294272,127.03864176432292,0.9975556640625001,1.0015557454427084
2023-07-26 15:59:12.758132,5473788.0,5474237.0,127.03898974609375,127.04298978678385,1.0019036865234376,1.005903767903646
2023-07-26 15:59:12.762114,5473789.0,5474238.0,127.0433377685547,127.0473378092448,1.0062517496744792,1.0102517903645833
2023-07-26 15:59:12.767102,5473790.0,5474239.0,127.04768579101562,127.05168583170573,1.0105997721354165,1.0145998128255207
2023-07-26 15:59:12.771089,5473791.0,5474240.0,127.05203381347657,127.05603385416667,1.0149582112630209,1.018958251953125
2023-07-26 15:59:12.775071,5473792.0,5474241.0,127.0563818359375,127.0603819173177,1.0192958170572917,1.0232958577473958
2023-07-26 15:59:12.780058,5473793.0,5474242.0,127.06072985839845,127.06472993977866,1.0236438395182292,1.0276439208984376
2023-07-26 15:59:12.784045,5473794.0,5474243.0,127.06507792154947,127.06907796223959,1.0279918619791668,1.0319919433593752
2023-07-26 15:59:12.788027,5473795.0,5474244.0,127.0694259440104,127.07342598470052,1.0323399251302081,1.0363399658203123
2023-07-26 15:59:12.793015,5473796.0,5474245.0,127.07377396647136,127.07777400716145,1.0366879475911457,1.0406879882812499
2023-07-26 15:59:12.796997,5473797.0,5474246.0,127.07812194824218,127.08212194824218,1.041035888671875,1.045035888671875
2023-07-26 15:59:12.801986,5473798.0,5474247.0,127.0824696858724,127.0864697265625,1.0453836669921874,1.0493837076822916
2023-07-26 15:59:12.805972,5473799.0,5474248.0,127.08681770833333,127.09081778971354,1.049731689453125,1.0537317301432292
2023-07-26 15:59:12.809954,5473800.0,5474249.0,127.09116573079427,127.09516581217447,1.0540797119140626,1.058079793294271
2023-07-26 15:59:12.814942,5473801.0,5474250.0,127.09551379394532,127.09951383463542,1.0584277343750002,1.0624278157552085
2023-07-26 15:59:12.818928,5473802.0,5474251.0,127.09986181640625,127.10386185709636,1.0627757975260417,1.0667758382161459
2023-07-26 15:59:12.822911,5473803.0,5474252.0,127.10420983886718,127.1082098795573,1.067123819986979,1.0711238606770832
2023-07-26 15:59:12.827898,5473804.0,5474253.0,127.10855786132814,127.11255790201822,1.0714718424479166,1.0754718831380208
2023-07-26 15:59:12.831881,5473805.0,5474254.0,127.11290588378907,127.11690596516927,1.0758198649088542,1.0798199055989584
2023-07-26 15:59:12.835867,5473806.0,5474255.0,127.11725390625,127.12125398763021,1.0801678873697917,1.08416796875
2023-07-26 15:59:12.840855,5473807.0,5474256.0,127.12160196940104,127.12560201009114,1.084515909830729,1.0885159912109375
2023-07-26 15:59:12.844837,5473808.0,5474257.0,127.12594999186197,127.12995003255209,1.0888639729817708,1.092864013671875
2023-07-26 15:59:12.849825,5473809.0,5474258.0,127.13029772949218,127.13429772949218,1.0932116699218748,1.097211710611979
2023-07-26 15:59:12.853812,5473810.0,5474259.0,127.13465612792969,127.13865616861979,1.0975596923828124,1.1015597330729165
2023-07-26 15:59:12.857794,5473811.0,5474260.0,127.13899373372395,127.14299377441407,1.10190771484375,1.1059077555338541
2023-07-26 15:59:12.862781,5473812.0,5474261.0,127.1433417561849,127.14734183756511,1.1062557373046875,1.1102557779947917
2023-07-26 15:59:12.866768,5473813.0,5474262.0,127.14768977864584,127.15168986002604,1.110603759765625,1.1146038411458334
2023-07-26 15:59:12.870750,5473814.0,5474263.0,127.15203784179688,127.15603788248698,1.1149517822265627,1.1189518636067708
2023-07-26 15:59:12.875738,5473815.0,5474264.0,127.15638586425781,127.16038590494792,1.1192998453776042,1.1232998860677084
2023-07-26 15:59:12.879724,5473816.0,5474265.0,127.16073388671875,127.16473392740886,1.1236478678385418,1.127647908528646
2023-07-26 15:59:12.884704,5473817.0,5474266.0,127.16508190917969,127.16908194986979,1.127995890299479,1.1319959309895833
2023-07-26 15:59:12.888695,5473818.0,5474267.0,127.16942993164062,127.17343001302082,1.1323439127604167,1.1363439534505209
2023-07-26 15:59:12.892681,5473819.0,5474268.0,127.17377795410157,127.17777803548178,1.1366919352213543,1.1406920166015626
2023-07-26 15:59:12.897663,5473820.0,5474269.0,127.17812585449218,127.18212585449218,1.141039794921875,1.145039794921875
2023-07-26 15:59:12.901652,5473821.0,5474270.0,127.1824737141927,127.18647375488281,1.1453876546223958,1.1493877360026041
2023-07-26 15:59:12.905634,5473822.0,5474271.0,127.18682173665366,127.19082177734374,1.1497357177734373,1.1537357584635415
2023-07-26 15:59:12.910622,5473823.0,5474272.0,127.19116975911459,127.19516979980469,1.1540837402343749,1.158083780924479
2023-07-26 15:59:12.914614,5473824.0,5474273.0,127.19551778157552,127.19951782226562,1.1584317626953125,1.1624318033854166
2023-07-26 15:59:12.919587,5473825.0,5474274.0,127.19986580403645,127.20386588541666,1.16277978515625,1.1667798258463542
2023-07-26 15:59:12.923578,5473826.0,5474275.0,127.2042138264974,127.2082139078776,1.1671278076171874,1.1711278889973957
2023-07-26 15:59:12.927564,5473827.0,5474276.0,127.20856188964844,127.21256193033855,1.171475830078125,1.1754759114583333
2023-07-26 15:59:12.931551,5473828.0,5474277.0,127.21290991210937,127.21690995279948,1.1758238932291667,1.1798239339192709
2023-07-26 15:59:12.936534,5473829.0,5474278.0,127.21725793457031,127.22125797526041,1.1801719156901043,1.1841719563802084
2023-07-26 15:59:12.940517,5473830.0,5474279.0,127.22160595703126,127.22560599772135,1.1845199381510416,1.1885199788411458
2023-07-26 15:59:12.945504,5473831.0,5474280.0,127.22595397949219,127.2299539794922,1.188867919921875,1.192867919921875
2023-07-26 15:59:12.949491,5473832.0,5474281.0,127.23030167643229,127.2343017578125,1.1932156575520834,1.1972156982421875
2023-07-26 15:59:12.953473,5473833.0,5474282.0,127.23464969889322,127.23864978027343,1.197563680013021,1.201563761393229
2023-07-26 15:59:12.958461,5473834.0,5474283.0,127.23899776204426,127.24299780273438,1.2019117024739583,1.2059117838541666
2023-07-26 15:59:12.962444,5473835.0,5474284.0,127.24334578450521,127.24734582519531,1.206259765625,1.2102598063151042
2023-07-26 15:59:12.966431,5473836.0,5474285.0,127.24769380696614,127.25169384765626,1.2106077880859374,1.2146078287760416
2023-07-26 15:59:12.971414,5473837.0,5474286.0,127.25204182942709,127.25604187011719,1.214955810546875,1.2189558512369791
2023-07-26 15:59:12.975400,5473838.0,5474287.0,127.25638985188803,127.26038993326823,1.2193038330078125,1.2233038736979167
2023-07-26 15:59:12.979387,5473839.0,5474288.0,127.26073787434896,127.26473795572916,1.2236518554687499,1.2276519368489582
2023-07-26 15:59:12.984370,5473840.0,5474289.0,127.2650859375,127.2690859781901,1.2280102945963542,1.2320103759765624
2023-07-26 15:59:12.988356,5473841.0,5474290.0,127.26943395996093,127.27343400065104,1.2323479410807292,1.2363479817708334
2023-07-26 15:59:12.993419,5473842.0,5474291.0,127.27378198242188,127.27778202311198,1.2366959635416668,1.240696004231771
2023-07-26 15:59:12.997465,5473843.0,5474292.0,127.27812976074219,127.28212976074218,1.2410437011718751,1.2450437011718751
2023-07-26 15:59:13.001396,5473844.0,5474293.0,127.28247770182291,127.28647774251303,1.2453916829427085,1.2493917236328127
2023-07-26 15:59:13.006380,5473845.0,5474294.0,127.28682572428386,127.29082580566407,1.2497397054036459,1.25373974609375
2023-07-26 15:59:13.010405,5473846.0,5474295.0,127.29117374674479,127.295173828125,1.2540877278645834,1.2580878092447916
2023-07-26 15:59:13.014387,5473847.0,5474296.0,127.29552180989583,127.29952185058593,1.2584357503255208,1.2624358317057292
2023-07-26 15:59:13.019382,5473848.0,5474297.0,127.29986983235678,127.30386987304686,1.2627838134765625,1.2667838541666667
2023-07-26 15:59:13.023362,5473849.0,5474298.0,127.30421785481771,127.30821789550782,1.2671318359375001,1.2711318766276043
2023-07-26 15:59:13.027344,5473850.0,5474299.0,127.30856587727864,127.31256591796875,1.2714798583984375,1.2754798990885416
2023-07-26 15:59:13.032331,5473851.0,5474300.0,127.31291389973958,127.31691398111978,1.275827880859375,1.2798279215494792
2023-07-26 15:59:13.036318,5473852.0,5474301.0,127.31726192220052,127.32126200358074,1.2801759033203124,1.2841759847005207
2023-07-26 15:59:13.040301,5473853.0,5474302.0,127.32160998535156,127.32561002604167,1.28452392578125,1.2885240071614583
2023-07-26 15:59:13.045288,5473854.0,5474303.0,127.32595788574218,127.32995788574219,1.288871826171875,1.292871826171875
2023-07-26 15:59:13.049275,5473855.0,5474304.0,127.3303057047526,127.3343057454427,1.2932196858723959,1.2972197265624998
2023-07-26 15:59:13.054258,5473856.0,5474305.0,127.33465372721355,127.33865376790364,1.2975677083333332,1.3015677490234374
2023-07-26 15:59:13.058245,5473857.0,5474306.0,127.33900174967448,127.34300179036458,1.3019157307942708,1.305915771484375
2023-07-26 15:59:13.062227,5473858.0,5474307.0,127.34334977213541,127.34734985351562,1.3062637532552082,1.3102637939453123
2023-07-26 15:59:13.067215,5473859.0,5474308.0,127.34770821126301,127.35170829264322,1.3106117757161457,1.314611857096354
2023-07-26 15:59:13.071201,5473860.0,5474309.0,127.3520458577474,127.3560458984375,1.3149597981770833,1.3189598795572917
2023-07-26 15:59:13.075184,5473861.0,5474310.0,127.35639388020833,127.36039392089845,1.319307861328125,1.3233079020182292
2023-07-26 15:59:13.080171,5473862.0,5474311.0,127.36074190266928,127.36474194335938,1.3236558837890626,1.3276559244791668
2023-07-26 15:59:13.084158,5473863.0,5474312.0,127.3650899251302,127.36908996582031,1.32800390625,1.3320039469401042
2023-07-26 15:59:13.088147,5473864.0,5474313.0,127.36943794759115,127.37343802897135,1.3323519287109373,1.3363519694010415
2023-07-26 15:59:13.093129,5473865.0,5474314.0,127.37378597005208,127.3777860107422,1.336699951171875,1.340699951171875
2023-07-26 15:59:13.097115,5473866.0,5474315.0,127.37813366699218,127.3821337483724,1.341047648111979,1.3450477294921874
2023-07-26 15:59:13.101101,5473867.0,5474316.0,127.38248173014323,127.38648177083333,1.3453956705729166,1.3494061686197916
2023-07-26 15:59:13.106084,5473868.0,5474317.0,127.38682975260417,127.39082979329427,1.3497437337239584,1.3537437744140626
2023-07-26 15:59:13.110067,5473869.0,5474318.0,127.3911777750651,127.3951778157552,1.354091756184896,1.3580917968750001
2023-07-26 15:59:13.115055,5473870.0,5474319.0,127.39552579752603,127.39952583821615,1.3584397786458335,1.3624398193359377
2023-07-26 15:59:13.119041,5473871.0,5474320.0,127.39987381998698,127.40387390136719,1.362787801106771,1.366787841796875
2023-07-26 15:59:13.123023,5473872.0,5474321.0,127.40422184244791,127.40822192382812,1.3671358235677082,1.3711359049479166
2023-07-26 15:59:13.128011,5473873.0,5474322.0,127.40856990559897,127.41256994628905,1.3714838460286458,1.3754839274088542
2023-07-26 15:59:13.131998,5473874.0,5474323.0,127.4129179280599,127.41691796875,1.3758319091796876,1.3798319498697917
2023-07-26 15:59:13.135985,5473875.0,5474324.0,127.41726595052083,127.42126599121094,1.3801799316406251,1.3841799723307293
2023-07-26 15:59:13.140968,5473876.0,5474325.0,127.42161397298176,127.42561401367188,1.3845279541015625,1.3885279947916667
2023-07-26 15:59:13.144954,5473877.0,5474326.0,127.4259617919922,127.42996179199218,1.388875732421875,1.392875732421875
2023-07-26 15:59:13.148941,5473878.0,5474327.0,127.4303096923828,127.43430977376303,1.393223673502604,1.3972237141927082
2023-07-26 15:59:13.153924,5473879.0,5474328.0,127.43465771484375,127.43865779622396,1.3975716959635416,1.40157177734375
2023-07-26 15:59:13.157906,5473880.0,5474329.0,127.43900577799478,127.4430058186849,1.4019197184244792,1.4059197998046875
2023-07-26 15:59:13.162895,5473881.0,5474330.0,127.44335380045574,127.44735384114583,1.406267781575521,1.410267822265625
2023-07-26 15:59:13.166881,5473882.0,5474331.0,127.44770182291667,127.45170186360677,1.4106158040364583,1.4146158447265624
2023-07-26 15:59:13.170863,5473883.0,5474332.0,127.4520498453776,127.45604988606772,1.4149638264973958,1.4189638671874998
2023-07-26 15:59:13.175851,5473884.0,5474333.0,127.45639786783853,127.46039794921874,1.4193118489583332,1.4233118896484374
2023-07-26 15:59:13.179837,5473885.0,5474334.0,127.46074589029948,127.46474597167969,1.4236598714192708,1.427659952799479
2023-07-26 15:59:13.183820,5473886.0,5474335.0,127.46509395345052,127.46909399414062,1.4280078938802083,1.4320079752604167
2023-07-26 15:59:13.188804,5473887.0,5474336.0,127.46944197591145,127.47344201660157,1.43235595703125,1.4363559977213542
2023-07-26 15:59:13.192790,5473888.0,5474337.0,127.47378991699219,127.4777899169922,1.4367038574218751,1.4407038574218751
2023-07-26 15:59:13.196778,5473889.0,5474338.0,127.47813769531251,127.4821377360026,1.4410516764322918,1.445051717122396
2023-07-26 15:59:13.201766,5473890.0,5474339.0,127.48248571777344,127.48648575846353,1.4453996988932292,1.4493997395833333
2023-07-26 15:59:13.205751,5473891.0,5474340.0,127.48683374023437,127.49083382161459,1.4497477213541665,1.4537477620442707
2023-07-26 15:59:13.210733,5473892.0,5474341.0,127.4911817626953,127.49518184407552,1.454095743815104,1.4580958251953124
2023-07-26 15:59:13.214721,5473893.0,5474342.0,127.49552982584636,127.49952986653646,1.4584437662760417,1.46244384765625
2023-07-26 15:59:13.218703,5473894.0,5474343.0,127.49987784830729,127.5038778889974,1.4627918294270834,1.4667918701171876
2023-07-26 15:59:13.223690,5473895.0,5474344.0,127.50422587076824,127.50822591145834,1.4671398518880208,1.471139892578125
2023-07-26 15:59:13.227677,5473896.0,5474345.0,127.50857389322917,127.51257393391927,1.4714878743489583,1.4754879150390625
2023-07-26 15:59:13.231659,5473897.0,5474346.0,127.5129219156901,127.51692199707031,1.475835896809896,1.4798359375
2023-07-26 15:59:13.236647,5473898.0,5474347.0,127.51726993815105,127.52127001953124,1.4801839192708335,1.4841840006510418
2023-07-26 15:59:13.240634,5473899.0,5474348.0,127.52161800130209,127.52561804199217,1.4845319417317708,1.488531982421875
2023-07-26 15:59:13.245613,5473900.0,5474349.0,127.52596569824219,127.52996573893229,1.488879638671875,1.4928797200520834
2023-07-26 15:59:13.249604,5473901.0,5474350.0,127.53031372070312,127.53431376139324,1.4932277018229168,1.497227742513021
2023-07-26 15:59:13.253590,5473902.0,5474351.0,127.53466174316407,127.53866178385417,1.4975757242838543,1.5015757649739583
2023-07-26 15:59:13.258572,5473903.0,5474352.0,127.539009765625,127.54300980631511,1.5019237467447917,1.5059237874348959
2023-07-26 15:59:13.262560,5473904.0,5474353.0,127.54335778808594,127.54735786946615,1.5062717692057292,1.5102718098958334
2023-07-26 15:59:13.266543,5473905.0,5474354.0,127.54770581054687,127.55170589192709,1.5106197916666666,1.514619873046875
2023-07-26 15:59:13.271530,5473906.0,5474355.0,127.55205387369793,127.55605391438802,1.5149678141276042,1.5189678955078125
2023-07-26 15:59:13.275517,5473907.0,5474356.0,127.55640189615886,127.56040193684895,1.519315877278646,1.52331591796875
2023-07-26 15:59:13.279503,5473908.0,5474357.0,127.56076033528646,127.56476037597656,1.5236638997395833,1.5276639404296875
2023-07-26 15:59:13.284487,5473909.0,5474358.0,127.56509794108072,127.56909798177084,1.5280119222005208,1.532011962890625
2023-07-26 15:59:13.288473,5473910.0,5474359.0,127.56944596354165,127.57344604492188,1.5323599446614582,1.5363599853515624
2023-07-26 15:59:13.292456,5473911.0,5474360.0,127.5737938232422,127.57779382324219,1.536707763671875,1.540707763671875
2023-07-26 15:59:13.297444,5473912.0,5474361.0,127.57814168294271,127.58214176432293,1.5410556640625,1.5450557454427083
2023-07-26 15:59:13.301430,5473913.0,5474362.0,127.58248974609374,127.58648978678386,1.5454036865234375,1.5494037679036459
2023-07-26 15:59:13.306409,5473914.0,5474363.0,127.58683776855469,127.59083780924479,1.549751749674479,1.5537517903645832
2023-07-26 15:59:13.310400,5473915.0,5474364.0,127.59118579101563,127.59518583170572,1.5540997721354166,1.5580998128255208
2023-07-26 15:59:13.314382,5473916.0,5474365.0,127.59553381347656,127.59953385416668,1.5584582112630208,1.562458251953125
2023-07-26 15:59:13.319370,5473917.0,5474366.0,127.5998818359375,127.60388191731771,1.5627958170572915,1.5667958577473957
2023-07-26 15:59:13.323357,5473918.0,5474367.0,127.60422985839844,127.60822993977865,1.567143839518229,1.5711439208984375
2023-07-26 15:59:13.327339,5473919.0,5474368.0,127.60857792154948,127.61257796223958,1.5714918619791667,1.575491943359375
2023-07-26 15:59:13.332326,5473920.0,5474369.0,127.61292594401041,127.61692598470052,1.5758399251302082,1.5798399658203124
2023-07-26 15:59:13.336313,5473921.0,5474370.0,127.61727396647136,127.62127400716146,1.5801879475911458,1.58418798828125
2023-07-26 15:59:13.341292,5473922.0,5474371.0,127.62162194824218,127.62562194824218,1.584535888671875,1.588535888671875
2023-07-26 15:59:13.345283,5473923.0,5474372.0,127.62596968587239,127.62996972656249,1.5888836669921875,1.5928837076822917
2023-07-26 15:59:13.349270,5473924.0,5474373.0,127.63031770833334,127.63431778971353,1.593231689453125,1.5972317301432293
2023-07-26 15:59:13.354249,5473925.0,5474374.0,127.63466573079427,127.63866581217448,1.5975797119140627,1.601579793294271
2023-07-26 15:59:13.358240,5473926.0,5474375.0,127.63901379394531,127.64301383463541,1.6019277343750002,1.6059278157552086
2023-07-26 15:59:13.362222,5473927.0,5474376.0,127.64336181640624,127.64736185709636,1.6062757975260415,1.6102758382161457
2023-07-26 15:59:13.367210,5473928.0,5474377.0,127.64770983886719,127.65170987955729,1.6106238199869791,1.6146238606770833
2023-07-26 15:59:13.371196,5473929.0,5474378.0,127.65205786132813,127.65605790201823,1.6149718424479167,1.6189718831380209
2023-07-26 15:59:13.375179,5473930.0,5474379.0,127.65640588378906,127.66040596516928,1.6193198649088543,1.6233199055989584
2023-07-26 15:59:13.380166,5473931.0,5474380.0,127.66075390625,127.6647539876302,1.6236678873697918,1.6276679687500002
2023-07-26 15:59:13.384153,5473932.0,5474381.0,127.66510196940105,127.66910201009114,1.6280159098307292,1.6320159912109375
2023-07-26 15:59:13.389132,5473933.0,5474382.0,127.66944999186198,127.67345003255208,1.6323639729817707,1.636364013671875
2023-07-26 15:59:13.393123,5473934.0,5474383.0,127.67379772949218,127.67779772949218,1.636711669921875,1.640711710611979
2023-07-26 15:59:13.397105,5473935.0,5474384.0,127.67815612792968,127.68215616861978,1.6410596923828125,1.6450597330729166
2023-07-26 15:59:13.402094,5473936.0,5474385.0,127.68249373372394,127.68649377441406,1.64540771484375,1.6494077555338542
2023-07-26 15:59:13.406080,5473937.0,5474386.0,127.6868417561849,127.6908418375651,1.6497557373046876,1.6537557779947918
2023-07-26 15:59:13.410062,5473938.0,5474387.0,127.69118977864584,127.69518986002605,1.654103759765625,1.6581038411458333
2023-07-26 15:59:13.415050,5473939.0,5474388.0,127.69553784179688,127.69953788248698,1.6584517822265625,1.6624518636067707
2023-07-26 15:59:13.419037,5473940.0,5474389.0,127.69988586425782,127.70388590494791,1.662799845377604,1.6667998860677082
2023-07-26 15:59:13.423018,5473941.0,5474390.0,127.70423388671875,127.70823392740886,1.6671478678385416,1.6711479085286458
2023-07-26 15:59:13.428006,5473942.0,5474391.0,127.70858190917968,127.7125819498698,1.6714958902994792,1.6754959309895832
2023-07-26 15:59:13.431993,5473943.0,5474392.0,127.71292993164062,127.71693001302083,1.6758439127604166,1.6798439534505207
2023-07-26 15:59:13.435975,5473944.0,5474393.0,127.71727795410158,127.72127803548177,1.6801919352213541,1.6841920166015625
2023-07-26 15:59:13.440963,5473945.0,5474394.0,127.72162585449219,127.72562585449218,1.6845397949218748,1.6885397949218748
2023-07-26 15:59:13.444945,5473946.0,5474395.0,127.7259737141927,127.72997375488282,1.6888876546223957,1.692887736002604
2023-07-26 15:59:13.449928,5473947.0,5474396.0,127.73032173665365,127.73432177734375,1.6932357177734374,1.6972357584635416
2023-07-26 15:59:13.453915,5473948.0,5474397.0,127.73466975911458,127.73866979980468,1.697583740234375,1.7015837809244792
2023-07-26 15:59:13.457901,5473949.0,5474398.0,127.73901778157553,127.74301782226561,1.7019317626953125,1.7059318033854167
2023-07-26 15:59:13.462890,5473950.0,5474399.0,127.74336580403646,127.74736588541666,1.7062797851562501,1.7102798258463543
2023-07-26 15:59:13.466876,5473951.0,5474400.0,127.74771382649739,127.75171390787762,1.7106278076171872,1.7146278889973956
2023-07-26 15:59:13.470858,5473952.0,5474401.0,127.75206188964843,127.75606193033855,1.714975830078125,1.7189759114583334
2023-07-26 15:59:13.475846,5473953.0,5474402.0,127.75640991210938,127.76040995279948,1.7193238932291666,1.7233239339192707
2023-07-26 15:59:13.479832,5473954.0,5474403.0,127.76075793457031,127.76475797526042,1.7236719156901041,1.7276719563802083
2023-07-26 15:59:13.483815,5473955.0,5474404.0,127.76510595703125,127.76910599772135,1.7280199381510417,1.732019978841146
2023-07-26 15:59:13.488802,5473956.0,5474405.0,127.76945397949218,127.77345397949219,1.732367919921875,1.7363679199218751
2023-07-26 15:59:13.492789,5473957.0,5474406.0,127.7738016764323,127.7778017578125,1.7367156575520835,1.7407156982421876
2023-07-26 15:59:13.497768,5473958.0,5474407.0,127.77814969889323,127.78214978027343,1.741063680013021,1.7450637613932292
2023-07-26 15:59:13.501759,5473959.0,5474408.0,127.78249776204427,127.78649780273439,1.7454117024739584,1.7494117838541667
2023-07-26 15:59:13.505741,5473960.0,5474409.0,127.7868457845052,127.79084582519532,1.7497597656250001,1.7537598063151043
2023-07-26 15:59:13.510736,5473961.0,5474410.0,127.79119380696613,127.79519384765625,1.7541077880859375,1.7581078287760417
2023-07-26 15:59:13.514712,5473962.0,5474411.0,127.7955418294271,127.79954187011718,1.758455810546875,1.7624558512369792
2023-07-26 15:59:13.518698,5473963.0,5474412.0,127.79988985188803,127.80388993326824,1.7628038330078126,1.7668038736979168
2023-07-26 15:59:13.523682,5473964.0,5474413.0,127.80423787434896,127.80823795572917,1.76715185546875,1.7711519368489583
2023-07-26 15:59:13.527669,5473965.0,5474414.0,127.8085859375,127.8125859781901,1.7715102945963543,1.7755103759765625
2023-07-26 15:59:13.531655,5473966.0,5474415.0,127.81293395996094,127.81693400065103,1.775847941080729,1.7798479817708333
2023-07-26 15:59:13.536693,5473967.0,5474416.0,127.81728198242187,127.82128202311199,1.7801959635416666,1.7841960042317708
2023-07-26 15:59:13.540634,5473968.0,5474417.0,127.82162976074218,127.82562976074219,1.784543701171875,1.788543701171875
2023-07-26 15:59:13.544611,5473969.0,5474418.0,127.82597770182291,127.82997774251302,1.7888916829427084,1.7928917236328126
2023-07-26 15:59:13.549600,5473970.0,5474419.0,127.83032572428387,127.83432580566407,1.7932397054036457,1.79723974609375
2023-07-26 15:59:13.553582,5473971.0,5474420.0,127.8346737467448,127.838673828125,1.7975877278645833,1.8015878092447914
2023-07-26 15:59:13.558575,5473972.0,5474421.0,127.83902180989583,127.84302185058594,1.8019357503255207,1.805935831705729
2023-07-26 15:59:13.562556,5473973.0,5474422.0,127.84336983235677,127.84736987304687,1.8062838134765624,1.8102838541666666
2023-07-26 15:59:13.566538,5473974.0,5474423.0,127.8477178548177,127.85171789550782,1.8106318359375,1.8146318766276042
2023-07-26 15:59:13.571525,5473975.0,5474424.0,127.85206587727865,127.85606591796875,1.8149798583984376,1.8189798990885417
2023-07-26 15:59:13.575512,5473976.0,5474425.0,127.85641389973958,127.86041398111979,1.8193278808593751,1.8233279215494793
2023-07-26 15:59:13.579494,5473977.0,5474426.0,127.86076192220051,127.86476200358074,1.8236759033203125,1.8276759847005208
2023-07-26 15:59:13.584482,5473978.0,5474427.0,127.86510998535155,127.86911002604167,1.8280239257812498,1.8320240071614582
2023-07-26 15:59:13.588468,5473979.0,5474428.0,127.8694578857422,127.87345788574218,1.832371826171875,1.836371826171875
2023-07-26 15:59:13.593447,5473980.0,5474429.0,127.8738057047526,127.87780574544271,1.8367196858723958,1.8407197265625
2023-07-26 15:59:13.597439,5473981.0,5474430.0,127.87815372721354,127.88215376790365,1.8410677083333333,1.8450677490234375
2023-07-26 15:59:13.601421,5473982.0,5474431.0,127.88250174967447,127.88650179036458,1.845415730794271,1.849415771484375
2023-07-26 15:59:13.606404,5473983.0,5474432.0,127.88684977213542,127.89084985351562,1.8497637532552083,1.8537637939453124
2023-07-26 15:59:13.610395,5473984.0,5474433.0,127.89120821126302,127.89520829264322,1.8541117757161458,1.8581118570963542
2023-07-26 15:59:13.614377,5473985.0,5474434.0,127.8955458577474,127.89954589843751,1.8584597981770834,1.8624598795572918
2023-07-26 15:59:13.619365,5473986.0,5474435.0,127.89989388020832,127.90389392089844,1.8628078613281251,1.8668079020182293
2023-07-26 15:59:13.623352,5473987.0,5474436.0,127.90424190266927,127.90824194335937,1.8671558837890627,1.871155924479167
2023-07-26 15:59:13.627334,5473988.0,5474437.0,127.90858992513022,127.9125899658203,1.87150390625,1.875503946940104
2023-07-26 15:59:13.632321,5473989.0,5474438.0,127.91293794759115,127.91693802897136,1.8758519287109374,1.8798519694010416
2023-07-26 15:59:13.636308,5473990.0,5474439.0,127.91728597005208,127.9212860107422,1.880199951171875,1.884199951171875
2023-07-26 15:59:13.640291,5473991.0,5474440.0,127.9216336669922,127.92563374837239,1.8845476481119792,1.8885477294921875
2023-07-26 15:59:13.645278,5473992.0,5474441.0,127.92598173014323,127.92998177083332,1.8888956705729167,1.8929061686197917
2023-07-26 15:59:13.649265,5473993.0,5474442.0,127.93032975260417,127.93432979329428,1.8932437337239583,1.8972437744140624
2023-07-26 15:59:13.654244,5473994.0,5474443.0,127.9346777750651,127.93867781575521,1.8975917561848958,1.901591796875
2023-07-26 15:59:13.658235,5473995.0,5474444.0,127.93902579752603,127.94302583821614,1.9019397786458334,1.9059398193359376
2023-07-26 15:59:13.662217,5473996.0,5474445.0,127.94337381998699,127.94737390136719,1.9062878011067708,1.910287841796875
2023-07-26 15:59:13.667205,5473997.0,5474446.0,127.94772184244792,127.95172192382813,1.9106358235677083,1.9146359049479167
2023-07-26 15:59:13.671191,5473998.0,5474447.0,127.95206990559896,127.95606994628906,1.9149838460286457,1.918983927408854
2023-07-26 15:59:13.675174,5473999.0,5474448.0,127.95641792805989,127.96041796875,1.9193319091796874,1.9233319498697916
2023-07-26 15:59:13.680161,5474000.0,5474449.0,127.96076595052084,127.96476599121094,1.923679931640625,1.9276799723307292
2023-07-26 15:59:13.684148,5474001.0,5474450.0,127.96511397298177,127.96911401367187,1.9280279541015624,1.9320279947916665
2023-07-26 15:59:13.688131,5474002.0,5474451.0,127.96946179199219,127.9734617919922,1.9323757324218749,1.9363757324218749
2023-07-26 15:59:13.693118,5474003.0,5474452.0,127.9738096923828,127.97780977376303,1.936723673502604,1.9407237141927083
2023-07-26 15:59:13.697100,5474004.0,5474453.0,127.97815771484376,127.98215779622396,1.9410716959635415,1.9450717773437498
2023-07-26 15:59:13.702084,5474005.0,5474454.0,127.98250577799479,127.9865058186849,1.945419718424479,1.9494197998046874
2023-07-26 15:59:13.706075,5474006.0,5474455.0,127.98685380045573,127.99085384114584,1.9497677815755208,1.953767822265625
2023-07-26 15:59:13.710057,5474007.0,5474456.0,127.99120182291666,127.99520186360677,1.9541158040364583,1.9581158447265625
2023-07-26 15:59:13.715044,5474008.0,5474457.0,127.99554984537761,127.99954988606771,1.958463826497396,1.9624638671874999
2023-07-26 15:59:13.719031,5474009.0,5474458.0,127.99989786783854,0.00389794921875,1.9628118489583333,1.9668118896484375
2023-07-26 15:59:13.723013,5474010.0,5474459.0,0.004245890299479167,0.0082459716796875,1.9671598714192708,1.9711599527994792
2023-07-26 15:59:13.728001,5474011.0,5474460.0,0.008593953450520834,0.012593994140625,1.9715078938802084,1.9755079752604168
2023-07-26 15:59:13.731988,5474012.0,5474461.0,0.012941975911458332,0.016942016601562502,1.9758559570312502,1.9798559977213543
2023-07-26 15:59:13.735971,5474013.0,5474462.0,0.0172899169921875,0.0212899169921875,1.9802038574218752,1.9842038574218752
2023-07-26 15:59:13.740954,5474014.0,5474463.0,0.0216376953125,0.025637736002604165,1.984551676432292,1.988551717122396
2023-07-26 15:59:13.744940,5474015.0,5474464.0,0.0259857177734375,0.029985758463541665,1.988899698893229,1.9928997395833332
2023-07-26 15:59:13.749924,5474016.0,5474465.0,0.030333740234375,0.034333821614583336,1.9932477213541666,1.9972477620442708
2023-07-26 15:59:13.753955,5474017.0,5474466.0,0.0346817626953125,0.03868184407552083,1.9975957438151042,2.0015958251953125
2023-07-26 15:59:13.757897,5474018.0,5474467.0,0.039029825846354164,0.04302986653645833,2.0019437662760415,2.00594384765625
2023-07-26 15:59:13.762886,5474019.0,5474468.0,0.04337784830729166,0.04737788899739583,2.0062918294270835,2.0102918701171877
2023-07-26 15:59:13.766873,5474020.0,5474469.0,0.047725870768229164,0.05172591145833333,2.010639851888021,2.014639892578125
2023-07-26 15:59:13.770853,5474021.0,5474470.0,0.05207389322916666,0.05607393391927083,2.014987874348958,2.0189879150390624
2023-07-26 15:59:13.775841,5474022.0,5474471.0,0.05642191569010417,0.0604219970703125,2.019335896809896,2.0233359375
2023-07-26 15:59:13.779823,5474023.0,5474472.0,0.06076993815104167,0.06477001953125,2.0236839192708334,2.0276840006510417
2023-07-26 15:59:13.784806,5474024.0,5474473.0,0.06511800130208334,0.0691180419921875,2.0280319417317707,2.032031982421875
2023-07-26 15:59:13.788797,5474025.0,5474474.0,0.06946569824218751,0.07346573893229166,2.032379638671875,2.0363797200520835
2023-07-26 15:59:13.792780,5474026.0,5474475.0,0.073813720703125,0.07781376139322917,2.0367277018229166,2.040727742513021
2023-07-26 15:59:13.797767,5474027.0,5474476.0,0.0781617431640625,0.08216178385416667,2.041075724283854,2.045075764973958
2023-07-26 15:59:13.801754,5474028.0,5474477.0,0.08250976562500001,0.08650980631510416,2.0454237467447918,2.049423787434896
2023-07-26 15:59:13.805736,5474029.0,5474478.0,0.0868577880859375,0.09085786946614582,2.049771769205729,2.0537718098958333
2023-07-26 15:59:13.810724,5474030.0,5474479.0,0.091205810546875,0.09520589192708334,2.0541197916666665,2.058119873046875
2023-07-26 15:59:13.814711,5474031.0,5474480.0,0.09555387369791667,0.09955391438802084,2.058467814127604,2.062467895507812
2023-07-26 15:59:13.818693,5474032.0,5474481.0,0.09990189615885417,0.10390193684895833,2.062815877278646,2.06681591796875
2023-07-26 15:59:13.823680,5474033.0,5474482.0,0.10426033528645832,0.1082603759765625,2.067163899739583,2.0711639404296873
2023-07-26 15:59:13.827667,5474034.0,5474483.0,0.10859798177083334,0.11259798177083334,2.071511922200521,2.075511962890625
2023-07-26 15:59:13.831650,5474035.0,5474484.0,0.11294596354166667,0.116946044921875,2.0758599446614587,2.079859985351563
2023-07-26 15:59:13.836637,5474036.0,5474485.0,0.1172938232421875,0.1212938232421875,2.0802077636718748,2.084207763671875
2023-07-26 15:59:13.840619,5474037.0,5474486.0,0.12164168294270833,0.12564176432291665,2.0845556640624996,2.088555745442708
2023-07-26 15:59:13.845603,5474038.0,5474487.0,0.12598974609375,0.12998978678385414,2.0889036865234374,2.0929037679036457
2023-07-26 15:59:13.849594,5474039.0,5474488.0,0.1303377685546875,0.13433780924479166,2.093251749674479,2.097251790364583
2023-07-26 15:59:13.853576,5474040.0,5474489.0,0.134685791015625,0.13868583170572915,2.0975997721354167,2.101599812825521
2023-07-26 15:59:13.858572,5474041.0,5474490.0,0.13903381347656252,0.14303385416666667,2.101958211263021,2.1059582519531252
2023-07-26 15:59:13.862551,5474042.0,5474491.0,0.1433818359375,0.14738191731770833,2.106295817057292,2.110295857747396
2023-07-26 15:59:13.866539,5474043.0,5474492.0,0.1477298583984375,0.15172993977864585,2.110643839518229,2.1146439208984376
2023-07-26 15:59:13.871520,5474044.0,5474493.0,0.15207792154947916,0.15607796223958334,2.1149918619791666,2.118991943359375
2023-07-26 15:59:13.875507,5474045.0,5474494.0,0.15642594401041665,0.16042598470052083,2.1193399251302085,2.1233399658203127
2023-07-26 15:59:13.879489,5474046.0,5474495.0,0.16077396647135417,0.16477400716145835,2.123687947591146,2.12768798828125
2023-07-26 15:59:13.884477,5474047.0,5474496.0,0.1651219482421875,0.16912194824218751,2.1280358886718753,2.1320358886718753
2023-07-26 15:59:13.888459,5474048.0,5474497.0,0.16946968587239583,0.1734697265625,2.1323836669921876,2.136383707682292
2023-07-26 15:59:13.893447,5474049.0,5474498.0,0.17381770833333332,0.17781778971354165,2.136731689453125,2.140731730143229
2023-07-26 15:59:13.897433,5474050.0,5474499.0,0.17816573079427084,0.18216581217447916,2.1410797119140623,2.1450797932942707
2023-07-26 15:59:13.901416,5474051.0,5474500.0,0.1825137939453125,0.18651383463541665,2.145427734375,2.1494278157552085
2023-07-26 15:59:13.906411,5474052.0,5474501.0,0.18686181640625,0.19086185709635417,2.1497757975260416,2.153775838216146
2023-07-26 15:59:13.910390,5474053.0,5474502.0,0.19120983886718748,0.19520987955729166,2.154123819986979,2.158123860677083
2023-07-26 15:59:13.914372,5474054.0,5474503.0,0.195557861328125,0.19955790201822918,2.158471842447917,2.162471883138021
2023-07-26 15:59:13.919360,5474055.0,5474504.0,0.1999058837890625,0.20390596516927084,2.162819864908854,2.1668199055989583
2023-07-26 15:59:13.923346,5474056.0,5474505.0,0.20425390624999998,0.20825398763020833,2.1671678873697915,2.17116796875
2023-07-26 15:59:13.927330,5474057.0,5474506.0,0.20860196940104167,0.21260201009114582,2.1715159098307293,2.1755159912109376
2023-07-26 15:59:13.932316,5474058.0,5474507.0,0.2129499918619792,0.21695003255208334,2.175863972981771,2.179864013671875
2023-07-26 15:59:13.936299,5474059.0,5474508.0,0.2172977294921875,0.2212977294921875,2.1802116699218748,2.184211710611979
2023-07-26 15:59:13.941282,5474060.0,5474509.0,0.2216561279296875,0.22565616861979165,2.1845596923828126,2.1885597330729167
2023-07-26 15:59:13.945273,5474061.0,5474510.0,0.2259937337239583,0.2299937744140625,2.18890771484375,2.192907755533854
2023-07-26 15:59:13.949256,5474062.0,5474511.0,0.23034175618489586,0.23434183756510418,2.1932557373046873,2.1972557779947914
2023-07-26 15:59:13.954245,5474063.0,5474512.0,0.23468977864583335,0.23868986002604167,2.1976037597656246,2.2016038411458334
2023-07-26 15:59:13.958230,5474064.0,5474513.0,0.23903784179687498,0.24303788248697916,2.2019517822265624,2.2059518636067708
2023-07-26 15:59:13.962218,5474065.0,5474514.0,0.2433858642578125,0.24738590494791668,2.206299845377604,2.210299886067708
2023-07-26 15:59:13.967200,5474066.0,5474515.0,0.24773388671875002,0.25173392740885414,2.2106478678385417,2.2146479085286455
2023-07-26 15:59:13.971186,5474067.0,5474516.0,0.2520819091796875,0.25608194986979166,2.2149958902994795,2.2189959309895837
2023-07-26 15:59:13.975169,5474068.0,5474517.0,0.256429931640625,0.26043001302083335,2.219343912760417,2.223343953450521
2023-07-26 15:59:13.980156,5474069.0,5474518.0,0.26077795410156246,0.2647780354817708,2.223691935221354,2.2276920166015626
2023-07-26 15:59:13.984147,5474070.0,5474519.0,0.2651258544921875,0.2691258544921875,2.2280397949218753,2.2320397949218753
2023-07-26 15:59:13.988131,5474071.0,5474520.0,0.2694737141927083,0.2734737548828125,2.232387654622396,2.236387736002604
2023-07-26 15:59:13.993113,5474072.0,5474521.0,0.27382173665364584,0.27782177734375,2.2367357177734375,2.2407357584635417
2023-07-26 15:59:13.997099,5474073.0,5474522.0,0.27816975911458336,0.28216979980468754,2.2410837402343753,2.2450837809244795
2023-07-26 15:59:14.002083,5474074.0,5474523.0,0.2825177815755208,0.286517822265625,2.2454317626953126,2.249431803385417
2023-07-26 15:59:14.006069,5474075.0,5474524.0,0.28686580403645834,0.2908658854166667,2.24977978515625,2.253779825846354
2023-07-26 15:59:14.010052,5474076.0,5474525.0,0.29121382649739586,0.2952139078776042,2.254127807617188,2.258127888997396
2023-07-26 15:59:14.015039,5474077.0,5474526.0,0.2955618896484375,0.29956193033854167,2.258475830078125,2.2624759114583335
2023-07-26 15:59:14.019026,5474078.0,5474527.0,0.299909912109375,0.3039099527994792,2.2628238932291667,2.266823933919271
2023-07-26 15:59:14.023008,5474079.0,5474528.0,0.3042579345703125,0.3082579752604167,2.267171915690104,2.271171956380208
2023-07-26 15:59:14.027996,5474080.0,5474529.0,0.30860595703125,0.31260599772135417,2.271519938151042,2.275519978841146
2023-07-26 15:59:14.031983,5474081.0,5474530.0,0.3129539794921875,0.3169539794921875,2.275867919921875,2.279867919921875
2023-07-26 15:59:14.035965,5474082.0,5474531.0,0.3173016764322916,0.3213017578125,2.280215657552083,2.2842156982421873
2023-07-26 15:59:14.040953,5474083.0,5474532.0,0.32164969889322914,0.3256497802734375,2.284563680013021,2.2885637613932293
2023-07-26 15:59:14.044935,5474084.0,5474533.0,0.32599776204427083,0.32999780273437496,2.2889117024739583,2.2929117838541666
2023-07-26 15:59:14.049923,5474085.0,5474534.0,0.3303457845052083,0.3343458251953125,2.2932597656250002,2.2972598063151044
2023-07-26 15:59:14.053909,5474086.0,5474535.0,0.3346938069661458,0.33869384765625,2.2976077880859376,2.3016078287760418
2023-07-26 15:59:14.057897,5474087.0,5474536.0,0.33904182942708333,0.3430418701171875,2.301955810546875,2.305955851236979
2023-07-26 15:59:14.062892,5474088.0,5474537.0,0.3433898518880208,0.34738993326822915,2.3063038330078123,2.3103038736979165
2023-07-26 15:59:14.066879,5474089.0,5474538.0,0.34773787434895836,0.35173795572916666,2.31065185546875,2.3146519368489584
2023-07-26 15:59:14.070865,5474090.0,5474539.0,0.3520859375,0.3560859781901041,2.315010294596354,2.3190103759765623
2023-07-26 15:59:14.075848,5474091.0,5474540.0,0.3564339599609375,0.36043400065104164,2.319347941080729,2.323347981770833
2023-07-26 15:59:14.079830,5474092.0,5474541.0,0.36078198242187504,0.36478202311197916,2.3236959635416663,2.3276960042317705
2023-07-26 15:59:14.084818,5474093.0,5474542.0,0.3651297607421875,0.3691297607421875,2.328043701171875,2.332043701171875
2023-07-26 15:59:14.088800,5474094.0,5474543.0,0.36947770182291667,0.37347774251302085,2.332391682942708,2.3363917236328122
2023-07-26 15:59:14.092787,5474095.0,5474544.0,0.3738257242838542,0.3778258056640625,2.336739705403646,2.34073974609375
2023-07-26 15:59:14.097775,5474096.0,5474545.0,0.37817374674479165,0.382173828125,2.3410877278645836,2.3450878092447915
2023-07-26 15:59:14.101756,5474097.0,5474546.0,0.38252180989583334,0.3865218505859375,2.3454357503255205,2.3494358317057293
2023-07-26 15:59:14.105743,5474098.0,5474547.0,0.3868698323567708,0.390869873046875,2.3497838134765625,2.3537838541666662
2023-07-26 15:59:14.110727,5474099.0,5474548.0,0.3912178548177083,0.3952178955078125,2.3541318359375,2.3581318766276045
2023-07-26 15:59:14.114720,5474100.0,5474549.0,0.39556587727864584,0.39956591796875,2.3584798583984377,2.362479899088542
2023-07-26 15:59:14.118767,5474101.0,5474550.0,0.3999138997395833,0.40391398111979165,2.362827880859375,2.366827921549479
2023-07-26 15:59:14.123760,5474102.0,5474551.0,0.4042619222005208,0.40826200358072917,2.367175903320313,2.371175984700521
2023-07-26 15:59:14.127675,5474103.0,5474552.0,0.40860998535156245,0.41261002604166663,2.37152392578125,2.3755240071614585
2023-07-26 15:59:14.131662,5474104.0,5474553.0,0.4129578857421875,0.4169578857421875,2.375871826171875,2.379871826171875
2023-07-26 15:59:14.136644,5474105.0,5474554.0,0.4173057047526042,0.4213057454427083,2.380219685872396,2.3842197265625003
2023-07-26 15:59:14.140631,5474106.0,5474555.0,0.4216537272135417,0.4256537679036458,2.3845677083333334,2.3885677490234376
2023-07-26 15:59:14.145612,5474107.0,5474556.0,0.4260017496744792,0.4300017903645833,2.3889157307942708,2.392915771484375
2023-07-26 15:59:14.149603,5474108.0,5474557.0,0.4303497721354167,0.43434985351562505,2.3932637532552086,2.3972637939453127
2023-07-26 15:59:14.153596,5474109.0,5474558.0,0.43470821126302084,0.43870829264322914,2.397611775716146,2.4016118570963543
2023-07-26 15:59:14.158585,5474110.0,5474559.0,0.43904585774739585,0.44304589843750003,2.4019597981770833,2.4059598795572916
2023-07-26 15:59:14.162573,5474111.0,5474560.0,0.44339388020833337,0.44739392089843755,2.406307861328125,2.410307902018229
2023-07-26 15:59:14.166553,5474112.0,5474561.0,0.44774190266927083,0.451741943359375,2.4106558837890626,2.4146559244791668
2023-07-26 15:59:14.171541,5474113.0,5474562.0,0.45208992513020835,0.4560899658203125,2.41500390625,2.419003946940104
2023-07-26 15:59:14.175523,5474114.0,5474563.0,0.4564379475911458,0.46043802897135416,2.4193519287109373,2.4233519694010415
2023-07-26 15:59:14.179510,5474115.0,5474564.0,0.4607859700520833,0.4647860107421875,2.423699951171875,2.427699951171875
2023-07-26 15:59:14.184497,5474116.0,5474565.0,0.4651336669921875,0.46913374837239585,2.428047648111979,2.4320477294921874
2023-07-26 15:59:14.188500,5474117.0,5474566.0,0.46948173014322914,0.4734817708333333,2.432395670572917,2.4364061686197918
2023-07-26 15:59:14.192507,5474118.0,5474567.0,0.47382975260416665,0.47782979329427083,2.4367437337239584,2.4407437744140625
2023-07-26 15:59:14.197494,5474119.0,5474568.0,0.47817777506510417,0.48217781575520835,2.4410917561848957,2.445091796875
2023-07-26 15:59:14.201477,5474120.0,5474569.0,0.48252579752604163,0.4865258382161458,2.445439778645833,2.4494398193359372
2023-07-26 15:59:14.206464,5474121.0,5474570.0,0.4868738199869792,0.4908739013671875,2.449787801106771,2.453787841796875
2023-07-26 15:59:14.210451,5474122.0,5474571.0,0.49122184244791667,0.49522192382812497,2.454135823567708,2.4581359049479166
2023-07-26 15:59:14.214433,5474123.0,5474572.0,0.4955699055989583,0.4995699462890625,2.458483846028646,2.462483927408854
2023-07-26 15:59:14.219421,5474124.0,5474573.0,0.4999179280598958,0.50391796875,2.462831909179687,2.4668319498697917
2023-07-26 15:59:14.223408,5474125.0,5474574.0,0.5042659505208333,0.5082659912109375,2.4671799316406253,2.471179972330729
2023-07-26 15:59:14.227391,5474126.0,5474575.0,0.5086139729817708,0.512614013671875,2.4715279541015622,2.4755279947916664
2023-07-26 15:59:14.232377,5474127.0,5474576.0,0.5129617919921875,0.5169617919921875,2.475875732421875,2.479875732421875
2023-07-26 15:59:14.236364,5474128.0,5474577.0,0.5173096923828124,0.5213097737630208,2.4802236735026044,2.4842237141927086
2023-07-26 15:59:14.240347,5474129.0,5474578.0,0.52165771484375,0.5256577962239584,2.4845716959635418,2.48857177734375
2023-07-26 15:59:14.245334,5474130.0,5474579.0,0.5260057779947916,0.5300058186848958,2.488919718424479,2.4929197998046875
2023-07-26 15:59:14.249321,5474131.0,5474580.0,0.5303538004557292,0.5343538411458333,2.493267781575521,2.4972678222656253
2023-07-26 15:59:14.254304,5474132.0,5474581.0,0.5347018229166667,0.5387018636067709,2.4976158040364584,2.5016158447265626
2023-07-26 15:59:14.258291,5474133.0,5474582.0,0.5390498453776043,0.5430498860677083,2.501963826497396,2.5059638671875
2023-07-26 15:59:14.262273,5474134.0,5474583.0,0.5433978678385417,0.54739794921875,2.5063118489583336,2.5103118896484378
2023-07-26 15:59:14.267261,5474135.0,5474584.0,0.5477458902994792,0.5517459716796875,2.510659871419271,2.5146599527994793
2023-07-26 15:59:14.271247,5474136.0,5474585.0,0.5520939534505209,0.5560939941406251,2.5150078938802083,2.5190079752604166
2023-07-26 15:59:14.275236,5474137.0,5474586.0,0.5564419759114583,0.5604420166015625,2.51935595703125,2.523355997721354
2023-07-26 15:59:14.280218,5474138.0,5474587.0,0.5607899169921875,0.5647899169921875,2.523703857421875,2.527703857421875
2023-07-26 15:59:14.284204,5474139.0,5474588.0,0.5651376953125,0.5691377360026042,2.5280516764322916,2.5320517171223957
2023-07-26 15:59:14.288195,5474140.0,5474589.0,0.5694857177734375,0.5734857584635417,2.5323996988932294,2.5363997395833335
2023-07-26 15:59:14.293170,5474141.0,5474590.0,0.573833740234375,0.5778338216145833,2.5367477213541667,2.540747762044271
2023-07-26 15:59:14.297161,5474142.0,5474591.0,0.5781817626953125,0.5821818440755209,2.541095743815104,2.5450958251953124
2023-07-26 15:59:14.302144,5474143.0,5474592.0,0.5825298258463542,0.5865298665364583,2.5454437662760414,2.5494438476562498
2023-07-26 15:59:14.306132,5474144.0,5474593.0,0.5868778483072917,0.5908778889973959,2.5497918294270834,2.5537918701171876
2023-07-26 15:59:14.310113,5474145.0,5474594.0,0.5912258707682292,0.5952259114583334,2.5541398518880207,2.558139892578125
2023-07-26 15:59:14.315100,5474146.0,5474595.0,0.5955738932291667,0.5995739339192708,2.558487874348958,2.5624879150390623
2023-07-26 15:59:14.319087,5474147.0,5474596.0,0.5999219156901042,0.6039219970703126,2.562835896809896,2.5668359375
2023-07-26 15:59:14.323069,5474148.0,5474597.0,0.6042699381510416,0.6082700195312499,2.5671839192708332,2.5711840006510416
2023-07-26 15:59:14.328057,5474149.0,5474598.0,0.6086180013020833,0.6126180419921875,2.5715319417317706,2.5755319824218748
2023-07-26 15:59:14.332044,5474150.0,5474599.0,0.6129656982421875,0.6169657389322916,2.575879638671875,2.5798797200520833
2023-07-26 15:59:14.336041,5474151.0,5474600.0,0.617313720703125,0.6213137613932291,2.5802277018229165,2.584227742513021
2023-07-26 15:59:14.341016,5474152.0,5474601.0,0.6216617431640625,0.6256617838541667,2.5845757242838543,2.588575764973958
2023-07-26 15:59:14.345002,5474153.0,5474602.0,0.626009765625,0.6300098063151042,2.5889237467447916,2.5929237874348963
2023-07-26 15:59:14.349985,5474154.0,5474603.0,0.6303577880859375,0.6343578694661458,2.5932717692057294,2.597271809895833
2023-07-26 15:59:14.353972,5474155.0,5474604.0,0.634705810546875,0.6387058919270834,2.597619791666667,2.601619873046875
2023-07-26 15:59:14.357954,5474156.0,5474605.0,0.6390538736979167,0.6430539143880208,2.601967814127604,2.6059678955078125
2023-07-26 15:59:14.362941,5474157.0,5474606.0,0.6434018961588542,0.6474019368489584,2.606315877278646,2.61031591796875
2023-07-26 15:59:14.366923,5474158.0,5474607.0,0.6477603352864584,0.6517603759765626,2.610663899739583,2.6146639404296876
2023-07-26 15:59:14.371908,5474159.0,5474608.0,0.6520979410807292,0.6560979817708333,2.6150119222005213,2.619011962890625
2023-07-26 15:59:14.375897,5474160.0,5474609.0,0.6564459635416667,0.6604460449218751,2.6193599446614586,2.623359985351563
2023-07-26 15:59:14.379879,5474161.0,5474610.0,0.6607938232421875,0.6647938232421875,2.623707763671875,2.627707763671875
2023-07-26 15:59:14.383869,5474162.0,5474611.0,0.6651416829427083,0.6691417643229166,2.6280556640625,2.6320557454427083
2023-07-26 15:59:14.388853,5474163.0,5474612.0,0.66948974609375,0.6734897867838541,2.6324036865234377,2.636403767903646
2023-07-26 15:59:14.392840,5474164.0,5474613.0,0.6738377685546875,0.6778378092447916,2.6367517496744792,2.6407517903645834
2023-07-26 15:59:14.397819,5474165.0,5474614.0,0.6781857910156249,0.6821858317057291,2.6410997721354166,2.6450998128255208
2023-07-26 15:59:14.401810,5474166.0,5474615.0,0.6825338134765625,0.6865338541666667,2.645458211263021,2.649458251953125
2023-07-26 15:59:14.405793,5474167.0,5474616.0,0.6868818359375,0.6908819173177083,2.6497958170572917,2.653795857747396
2023-07-26 15:59:14.410781,5474168.0,5474617.0,0.6912298583984375,0.6952299397786458,2.654143839518229,2.6581439208984374
2023-07-26 15:59:14.414764,5474169.0,5474618.0,0.6955779215494792,0.6995779622395834,2.6584918619791664,2.662491943359375
2023-07-26 15:59:14.418764,5474170.0,5474619.0,0.6999259440104167,0.7039259847005208,2.6628399251302084,2.6668399658203126
2023-07-26 15:59:14.423737,5474171.0,5474620.0,0.7042739664713542,0.7082740071614584,2.6671879475911457,2.67118798828125
2023-07-26 15:59:14.427722,5474172.0,5474621.0,0.7086219482421875,0.7126219482421875,2.671535888671875,2.675535888671875
2023-07-26 15:59:14.432702,5474173.0,5474622.0,0.7129696858723958,0.7169697265625,2.6758836669921875,2.6798837076822917
2023-07-26 15:59:14.436693,5474174.0,5474623.0,0.7173177083333334,0.7213177897135417,2.680231689453125,2.684231730143229
2023-07-26 15:59:14.440680,5474175.0,5474624.0,0.7216657307942708,0.7256658121744791,2.684579711914062,2.6885797932942705
2023-07-26 15:59:14.445675,5474176.0,5474625.0,0.7260137939453125,0.7300138346354167,2.688927734375,2.6929278157552083
2023-07-26 15:59:14.449646,5474177.0,5474626.0,0.73036181640625,0.7343618570963542,2.6932757975260415,2.6972758382161457
2023-07-26 15:59:14.453637,5474178.0,5474627.0,0.7347098388671874,0.7387098795572916,2.697623819986979,2.7016238606770835
2023-07-26 15:59:14.458620,5474179.0,5474628.0,0.739057861328125,0.7430579020182292,2.701971842447917,2.705971883138021
2023-07-26 15:59:14.462603,5474180.0,5474629.0,0.7434058837890625,0.7474059651692708,2.706319864908854,2.7103199055989586
2023-07-26 15:59:14.466590,5474181.0,5474630.0,0.74775390625,0.7517539876302084,2.7106678873697914,2.7146679687499997
2023-07-26 15:59:14.471572,5474182.0,5474631.0,0.7521019694010417,0.7561020100911459,2.715015909830729,2.7190159912109375
2023-07-26 15:59:14.475560,5474183.0,5474632.0,0.7564499918619791,0.7604500325520833,2.7193639729817707,2.7233640136718753
2023-07-26 15:59:14.479603,5474184.0,5474633.0,0.7607977294921875,0.7647977294921875,2.723711669921875,2.727711710611979
2023-07-26 15:59:14.484585,5474185.0,5474634.0,0.7651561279296876,0.7691561686197916,2.7280596923828124,2.732059733072917
2023-07-26 15:59:14.488517,5474186.0,5474635.0,0.7694937337239584,0.7734937744140625,2.7324077148437502,2.736407755533854
2023-07-26 15:59:14.492504,5474187.0,5474636.0,0.7738417561848959,0.7778418375651042,2.736755737304687,2.7407557779947918
2023-07-26 15:59:14.497485,5474188.0,5474637.0,0.7781897786458333,0.7821898600260416,2.741103759765625,2.7451038411458333
2023-07-26 15:59:14.501473,5474189.0,5474638.0,0.782537841796875,0.7865378824869791,2.7454517822265627,2.749451863606771
2023-07-26 15:59:14.506457,5474190.0,5474639.0,0.7868858642578125,0.7908859049479167,2.7497998453776042,2.7537998860677084
2023-07-26 15:59:14.510447,5474191.0,5474640.0,0.79123388671875,0.7952339274088541,2.754147867838542,2.7581479085286458
2023-07-26 15:59:14.514429,5474192.0,5474641.0,0.7955819091796875,0.7995819498697917,2.7584958902994794,2.7624959309895836
2023-07-26 15:59:14.519416,5474193.0,5474642.0,0.799929931640625,0.8039300130208333,2.7628439127604167,2.766843953450521
2023-07-26 15:59:14.523398,5474194.0,5474643.0,0.8042779541015626,0.8082780354817709,2.767191935221354,2.7711920166015624
2023-07-26 15:59:14.527386,5474195.0,5474644.0,0.8086258544921875,0.8126258544921875,2.771539794921875,2.775539794921875
2023-07-26 15:59:14.532373,5474196.0,5474645.0,0.8129737141927084,0.8169737548828125,2.775887654622396,2.779887736002604
2023-07-26 15:59:14.536355,5474197.0,5474646.0,0.8173217366536458,0.82132177734375,2.7802357177734374,2.7842357584635415
2023-07-26 15:59:14.541344,5474198.0,5474647.0,0.8216697591145834,0.8256697998046876,2.784583740234375,2.7885837809244793
2023-07-26 15:59:14.545325,5474199.0,5474648.0,0.8260177815755207,0.8300178222656249,2.7889317626953125,2.7929318033854167
2023-07-26 15:59:14.549311,5474200.0,5474649.0,0.8303658040364583,0.8343658854166667,2.79327978515625,2.797279825846354
2023-07-26 15:59:14.554300,5474201.0,5474650.0,0.8347138264973958,0.8387139078776041,2.7976278076171877,2.801627888997396
2023-07-26 15:59:14.558282,5474202.0,5474651.0,0.8390618896484374,0.8430619303385416,2.801975830078125,2.8059759114583334
2023-07-26 15:59:14.562279,5474203.0,5474652.0,0.843409912109375,0.8474099527994792,2.8063238932291665,2.8103239339192707
2023-07-26 15:59:14.567256,5474204.0,5474653.0,0.8477579345703125,0.8517579752604166,2.810671915690104,2.814671956380208
2023-07-26 15:59:14.571239,5474205.0,5474654.0,0.85210595703125,0.8561059977213541,2.8150199381510417,2.819019978841146
2023-07-26 15:59:14.575225,5474206.0,5474655.0,0.8564539794921875,0.8604539794921875,2.8193679199218753,2.823367919921875
2023-07-26 15:59:14.580208,5474207.0,5474656.0,0.8608016764322917,0.8648017578125,2.823715657552083,2.8277156982421876
2023-07-26 15:59:14.584194,5474208.0,5474657.0,0.8651496988932292,0.8691497802734376,2.8280636800130208,2.832063761393229
2023-07-26 15:59:14.588181,5474209.0,5474658.0,0.8694977620442709,0.873497802734375,2.832411702473958,2.8364117838541665
2023-07-26 15:59:14.593165,5474210.0,5474659.0,0.8738457845052083,0.8778458251953125,2.836759765625,2.8407598063151043
2023-07-26 15:59:14.597156,5474211.0,5474660.0,0.8781938069661459,0.8821938476562501,2.841107788085938,2.8451078287760416
2023-07-26 15:59:14.602135,5474212.0,5474661.0,0.8825418294270833,0.8865418701171874,2.845455810546875,2.8494558512369794
2023-07-26 15:59:14.606126,5474213.0,5474662.0,0.8868898518880208,0.8908899332682292,2.8498038330078126,2.8538038736979163
2023-07-26 15:59:14.610108,5474214.0,5474663.0,0.8912378743489583,0.8952379557291666,2.85415185546875,2.8581519368489587
2023-07-26 15:59:14.615096,5474215.0,5474664.0,0.8955859374999999,0.8995859781901041,2.8585102945963543,2.862510375976562
2023-07-26 15:59:14.619082,5474216.0,5474665.0,0.8999339599609375,0.9039340006510417,2.8628479410807293,2.8668479817708334
2023-07-26 15:59:14.623064,5474217.0,5474666.0,0.904281982421875,0.9082820231119791,2.8671959635416666,2.871196004231771
2023-07-26 15:59:14.628048,5474218.0,5474667.0,0.9086297607421875,0.9126297607421875,2.871543701171875,2.8755437011718747
2023-07-26 15:59:14.632036,5474219.0,5474668.0,0.9129777018229167,0.9169777425130208,2.875891682942708,2.8798917236328125
2023-07-26 15:59:14.636021,5474220.0,5474669.0,0.9173257242838542,0.9213258056640625,2.8802397054036457,2.88423974609375
2023-07-26 15:59:14.640535,5474221.0,5474670.0,0.9216737467447917,0.925673828125,2.8845877278645835,2.888587809244792
2023-07-26 15:59:14.644881,5474222.0,5474671.0,0.9260218098958334,0.9300218505859376,2.888935750325521,2.892935831705729
2023-07-26 15:59:14.649239,5474223.0,5474672.0,0.9303698323567708,0.934369873046875,2.8932838134765624,2.8972838541666666
2023-07-26 15:59:14.653697,5474224.0,5474673.0,0.9347178548177084,0.9387178955078126,2.8976318359375,2.9016318766276044
2023-07-26 15:59:14.657971,5474225.0,5474674.0,0.9390658772786458,0.94306591796875,2.9019798583984375,2.9059798990885417
2023-07-26 15:59:14.662173,5474226.0,5474675.0,0.9434138997395833,0.9474139811197916,2.906327880859375,2.910327921549479
2023-07-26 15:59:14.667378,5474227.0,5474676.0,0.9477619222005208,0.9517620035807292,2.9106759033203127,2.914675984700521
2023-07-26 15:59:14.671512,5474228.0,5474677.0,0.9521099853515624,0.9561100260416666,2.91502392578125,2.9190240071614584
2023-07-26 15:59:14.675591,5474229.0,5474678.0,0.9564578857421875,0.9604578857421875,2.919371826171875,2.923371826171875
2023-07-26 15:59:14.679685,5474230.0,5474679.0,0.9608057047526042,0.9648057454427084,2.923719685872396,2.9277197265625
2023-07-26 15:59:14.683879,5474231.0,5474680.0,0.9651537272135416,0.9691537679036458,2.9280677083333333,2.9320677490234375
2023-07-26 15:59:14.688016,5474232.0,5474681.0,0.9695017496744792,0.9735017903645834,2.9324157307942706,2.936415771484375
2023-07-26 15:59:14.693337,5474233.0,5474682.0,0.9738497721354167,0.977849853515625,2.9367637532552084,2.9407637939453126
2023-07-26 15:59:14.697667,5474234.0,5474683.0,0.9782082112630208,0.9822082926432292,2.941111775716146,2.945111857096354
2023-07-26 15:59:14.701682,5474235.0,5474684.0,0.9825458577473959,0.9865458984375001,2.945459798177083,2.9494598795572915
2023-07-26 15:59:14.706008,5474236.0,5474685.0,0.9868938802083332,0.9908939208984374,2.9498078613281247,2.953807902018229
2023-07-26 15:59:14.710137,5474237.0,5474686.0,0.9912419026692708,0.995241943359375,2.9541558837890625,2.9581559244791666
2023-07-26 15:59:14.714439,5474238.0,5474687.0,0.9955899251302084,0.9995899658203126,2.95850390625,2.962503946940104
2023-07-26 15:59:14.718768,5474239.0,5474688.0,0.9999379475911457,1.0039380289713542,2.962851928710937,2.966851969401042
2023-07-26 15:59:14.723215,5474240.0,5474689.0,1.0042859700520834,1.0082860107421876,2.9671999511718754,2.971199951171875
2023-07-26 15:59:14.727897,5474241.0,5474690.0,1.0086336669921876,1.012633748372396,2.971547648111979,2.9755477294921877
2023-07-26 15:59:14.732060,5474242.0,5474691.0,1.0129817301432291,1.0169817708333333,2.975895670572917,2.9799061686197916
2023-07-26 15:59:14.736339,5474243.0,5474692.0,1.0173297526041667,1.0213297932942709,2.9802437337239587,2.984243774414063
2023-07-26 15:59:14.740813,5474244.0,5474693.0,1.0216777750651043,1.0256778157552084,2.984591756184896,2.988591796875
2023-07-26 15:59:14.744910,5474245.0,5474694.0,1.0260257975260416,1.0300258382161458,2.9889397786458334,2.992939819335937
2023-07-26 15:59:14.749278,5474246.0,5474695.0,1.0303738199869792,1.0343739013671875,2.9932878011067707,2.9972878417968754
2023-07-26 15:59:14.753512,5474247.0,5474696.0,1.0347218424479165,1.038721923828125,2.9976358235677085,3.001635904947917
2023-07-26 15:59:14.757774,5474248.0,5474697.0,1.0390699055989583,1.0430699462890625,3.001983846028646,3.0059839274088542
2023-07-26 15:59:14.762183,5474249.0,5474698.0,1.0434179280598959,1.04741796875,3.0063319091796874,3.0103319498697916
2023-07-26 15:59:14.766680,5474250.0,5474699.0,1.0477659505208332,1.0517659912109374,3.010679931640625,3.0146799723307294
2023-07-26 15:59:14.770936,5474251.0,5474700.0,1.0521139729817708,1.056114013671875,3.0150279541015625,3.0190279947916667
2023-07-26 15:59:14.775307,5474252.0,5474701.0,1.0564617919921875,1.0604617919921875,3.0193757324218753,3.0233757324218753
2023-07-26 15:59:14.779609,5474253.0,5474702.0,1.0608096923828125,1.0648097737630209,3.0237236735026043,3.0277237141927085
2023-07-26 15:59:14.784026,5474254.0,5474703.0,1.06515771484375,1.0691577962239585,3.0280716959635416,3.03207177734375
2023-07-26 15:59:14.788259,5474255.0,5474704.0,1.0695057779947919,1.0735058186848958,3.032419718424479,3.0364197998046873
2023-07-26 15:59:14.792611,5474256.0,5474705.0,1.0738538004557292,1.0778538411458334,3.036767781575521,3.040767822265625
2023-07-26 15:59:14.796983,5474257.0,5474706.0,1.0782018229166668,1.0822018636067707,3.0411158040364583,3.0451158447265625
2023-07-26 15:59:14.801349,5474258.0,5474707.0,1.0825498453776041,1.0865498860677083,3.0454638264973957,3.0494638671875
2023-07-26 15:59:14.805744,5474259.0,5474708.0,1.0868978678385417,1.09089794921875,3.0498118489583335,3.0538118896484376
2023-07-26 15:59:14.810199,5474260.0,5474709.0,1.091245890299479,1.0952459716796874,3.054159871419271,3.058159952799479
2023-07-26 15:59:14.814853,5474261.0,5474710.0,1.0955939534505208,1.099593994140625,3.058507893880208,3.0625079752604165
2023-07-26 15:59:14.818869,5474262.0,5474711.0,1.0999419759114584,1.1039420166015625,3.0628559570312497,3.066855997721354
2023-07-26 15:59:14.827585,5474263.0,5474712.0,1.1042899169921874,1.1082899169921874,3.067203857421875,3.071203857421875
2023-07-26 15:59:14.832152,5474265.0,5474714.0,1.1129857177734375,1.1169857584635416,3.0758996988932292,3.0798997395833334
2023-07-26 15:59:14.836599,5474266.0,5474715.0,1.117333740234375,1.1213338216145834,3.0802477213541666,3.084247762044271
2023-07-26 15:59:14.840847,5474267.0,5474716.0,1.1216817626953126,1.1256818440755207,3.084595743815104,3.0885958251953123
2023-07-26 15:59:14.845029,5474268.0,5474717.0,1.1260298258463541,1.1300298665364583,3.0889437662760413,3.0929438476562496
2023-07-26 15:59:14.849317,5474269.0,5474718.0,1.1303778483072915,1.1343778889973957,3.0932918294270833,3.0972918701171874
2023-07-26 15:59:14.853748,5474270.0,5474719.0,1.134725870768229,1.1387259114583332,3.0976398518880206,3.101639892578125
2023-07-26 15:59:14.857936,5474271.0,5474720.0,1.1390738932291666,1.1430739339192708,3.1019878743489584,3.1059879150390626
2023-07-26 15:59:14.862353,5474272.0,5474721.0,1.1434219156901042,1.1474219970703126,3.106335896809896,3.1103359375000004
2023-07-26 15:59:14.866620,5474273.0,5474722.0,1.1477699381510418,1.1517700195312501,3.1106839192708335,3.114684000651042
2023-07-26 15:59:14.870952,5474274.0,5474723.0,1.1521180013020833,1.1561180419921875,3.115031941731771,3.1190319824218746
2023-07-26 15:59:14.875302,5474275.0,5474724.0,1.1564656982421875,1.1604657389322917,3.119379638671875,3.123379720052083
2023-07-26 15:59:14.879709,5474276.0,5474725.0,1.160813720703125,1.164813761393229,3.123727701822917,3.127727742513021
2023-07-26 15:59:14.883922,5474277.0,5474726.0,1.1651617431640624,1.1691617838541666,3.128075724283854,3.1320757649739583
2023-07-26 15:59:14.888192,5474278.0,5474727.0,1.169509765625,1.1735098063151042,3.132423746744792,3.136423787434896
2023-07-26 15:59:14.892644,5474279.0,5474728.0,1.1738577880859375,1.177857869466146,3.1367717692057293,3.1407718098958335
2023-07-26 15:59:14.896936,5474280.0,5474729.0,1.1782058105468751,1.1822058919270835,3.1411197916666667,3.145119873046875
2023-07-26 15:59:14.901383,5474281.0,5474730.0,1.1825538736979169,1.186553914388021,3.145467814127604,3.1494678955078124
2023-07-26 15:59:14.905712,5474282.0,5474731.0,1.1869018961588542,1.1909019368489582,3.149815877278646,3.15381591796875
2023-07-26 15:59:14.910126,5474283.0,5474732.0,1.1912603352864584,1.1952603759765623,3.1541638997395833,3.1581639404296875
2023-07-26 15:59:14.914423,5474284.0,5474733.0,1.1955979410807291,1.1995979817708333,3.158511922200521,3.1625119628906253
2023-07-26 15:59:14.918657,5474285.0,5474734.0,1.1999459635416667,1.203946044921875,3.1628599446614585,3.1668599853515627
2023-07-26 15:59:14.923691,5474286.0,5474735.0,1.2042938232421876,1.2082938232421876,3.167207763671875,3.171207763671875
2023-07-26 15:59:14.927708,5474287.0,5474736.0,1.2086416829427085,1.2126417643229168,3.1715556640625,3.175555745442708
2023-07-26 15:59:14.931915,5474288.0,5474737.0,1.21298974609375,1.2169897867838542,3.1759036865234376,3.179903767903646
2023-07-26 15:59:14.936020,5474289.0,5474738.0,1.2173377685546873,1.2213378092447915,3.180251749674479,3.1842517903645833
2023-07-26 15:59:14.940257,5474290.0,5474739.0,1.221685791015625,1.225685831705729,3.1845997721354165,3.1885998128255206
2023-07-26 15:59:14.945681,5474291.0,5474740.0,1.2260338134765625,1.2300338541666667,3.188958211263021,3.192958251953125
2023-07-26 15:59:14.948693,5474292.0,5474741.0,1.2303818359375,1.2343819173177084,3.1932958170572916,3.1972958577473958
2023-07-26 15:59:14.954238,5474293.0,5474742.0,1.2347298583984376,1.238729939778646,3.197643839518229,3.2016439208984373
2023-07-26 15:59:14.958706,5474294.0,5474743.0,1.2390779215494792,1.2430779622395831,3.2019918619791663,3.2059919433593747
2023-07-26 15:59:14.962723,5474295.0,5474744.0,1.2434259440104165,1.2474259847005207,3.2063399251302083,3.2103399658203124
2023-07-26 15:59:14.966949,5474296.0,5474745.0,1.247773966471354,1.2517740071614583,3.2106879475911456,3.21468798828125
2023-07-26 15:59:14.970964,5474297.0,5474746.0,1.2521219482421875,1.2561219482421875,3.215035888671875,3.219035888671875
2023-07-26 15:59:14.976061,5474298.0,5474747.0,1.2564696858723958,1.2604697265625,3.2193836669921874,3.2233837076822915
2023-07-26 15:59:14.980105,5474299.0,5474748.0,1.2608177083333334,1.2648177897135418,3.223731689453125,3.2277317301432293
2023-07-26 15:59:14.984337,5474300.0,5474749.0,1.265165730794271,1.2691658121744793,3.2280797119140625,3.232079793294271
2023-07-26 15:59:14.992695,5474301.0,5474750.0,1.2695137939453125,1.2735138346354167,3.2324277343750003,3.236427815755208
2023-07-26 15:59:14.996805,5474303.0,5474752.0,1.2782098388671874,1.2822098795572916,3.241123819986979,3.2451238606770834
2023-07-26 15:59:15.002119,5474304.0,5474753.0,1.282557861328125,1.2865579020182292,3.245471842447917,3.249471883138021
2023-07-26 15:59:15.006131,5474305.0,5474754.0,1.2869058837890626,1.290905965169271,3.2498198649088543,3.2538199055989585
2023-07-26 15:59:15.011154,5474306.0,5474755.0,1.29125390625,1.2952539876302083,3.2541678873697917,3.25816796875
2023-07-26 15:59:15.015151,5474307.0,5474756.0,1.2956019694010417,1.2996020100911458,3.2585159098307295,3.262515991210938
2023-07-26 15:59:15.019353,5474308.0,5474757.0,1.2999499918619792,1.3039500325520834,3.262863972981771,3.266864013671875
2023-07-26 15:59:15.023371,5474309.0,5474758.0,1.3042977294921876,1.3082977294921876,3.267211669921875,3.271211710611979
2023-07-26 15:59:15.031634,5474310.0,5474759.0,1.3086561279296873,1.3126561686197915,3.2715596923828127,3.275559733072917
2023-07-26 15:59:15.036658,5474312.0,5474761.0,1.317341756184896,1.3213418375651043,3.2802557373046874,3.2842557779947916
2023-07-26 15:59:15.041158,5474313.0,5474762.0,1.3216898193359377,1.3256898600260416,3.284603759765625,3.288603841145833
2023-07-26 15:59:15.045264,5474314.0,5474763.0,1.326037841796875,1.3300378824869792,3.2889517822265626,3.292951863606771
2023-07-26 15:59:15.050281,5474315.0,5474764.0,1.3303858642578126,1.3343859049479168,3.293299845377604,3.2972998860677083
2023-07-26 15:59:15.054268,5474316.0,5474765.0,1.33473388671875,1.338733927408854,3.297647867838542,3.3016479085286456
2023-07-26 15:59:15.062239,5474317.0,5474766.0,1.3390819091796875,1.3430819498697917,3.3019958902994793,3.3059959309895834
2023-07-26 15:59:15.067228,5474319.0,5474768.0,1.3477779541015624,1.3517780354817708,3.310691935221354,3.3146920166015623
2023-07-26 15:59:15.075202,5474320.0,5474769.0,1.3521258544921875,1.3561258544921875,3.315039794921875,3.319039794921875
2023-07-26 15:59:15.080184,5474322.0,5474771.0,1.3608217366536457,1.3648217773437499,3.3237357177734372,3.3277357584635414
2023-07-26 15:59:15.084166,5474323.0,5474772.0,1.3651697591145833,1.3691697998046874,3.328083740234375,3.332083780924479
2023-07-26 15:59:15.089157,5474324.0,5474773.0,1.3695177815755208,1.373517822265625,3.3324317626953124,3.3364318033854166
2023-07-26 15:59:15.093136,5474325.0,5474774.0,1.3738658040364584,1.3778658854166668,3.3367797851562497,3.340779825846354
2023-07-26 15:59:15.097123,5474326.0,5474775.0,1.378213826497396,1.3822139078776041,3.3411278076171875,3.345127888997396
2023-07-26 15:59:15.101110,5474327.0,5474776.0,1.3825618896484375,1.3865619303385417,3.345475830078125,3.3494759114583337
2023-07-26 15:59:15.105657,5474328.0,5474777.0,1.386909912109375,1.390909952799479,3.349823893229167,3.3538239339192706
2023-07-26 15:59:15.110124,5474329.0,5474778.0,1.3912579345703124,1.3952579752604166,3.3541719156901038,3.3581719563802084
2023-07-26 15:59:15.114399,5474330.0,5474779.0,1.39560595703125,1.3996059977213542,3.3585199381510416,3.3625199788411457
2023-07-26 15:59:15.119715,5474331.0,5474780.0,1.3999539794921876,1.4039539794921876,3.362867919921875,3.366867919921875
2023-07-26 15:59:15.124104,5474332.0,5474781.0,1.4043016764322918,1.4083017578125,3.3672156575520833,3.3712156982421875
2023-07-26 15:59:15.128381,5474333.0,5474782.0,1.408649698893229,1.4126497802734375,3.371563680013021,3.3755637613932294
2023-07-26 15:59:15.132717,5474334.0,5474783.0,1.4129977620442709,1.416997802734375,3.3759117024739584,3.379911783854167
2023-07-26 15:59:15.141093,5474335.0,5474784.0,1.4173457845052084,1.4213458251953126,3.3802597656250004,3.384259806315104
2023-07-26 15:59:15.145451,5474337.0,5474786.0,1.4260418294270834,1.4300418701171875,3.388955810546875,3.3929558512369793
2023-07-26 15:59:15.153660,5474338.0,5474787.0,1.4303898518880207,1.434389933268229,3.3933038330078125,3.3973038736979166
2023-07-26 15:59:15.157883,5474340.0,5474789.0,1.4390859375,1.4430859781901042,3.402010294596354,3.4060103759765625
2023-07-26 15:59:15.162878,5474341.0,5474790.0,1.4434339599609376,1.4474340006510418,3.406347941080729,3.4103479817708333
2023-07-26 15:59:15.167182,5474342.0,5474791.0,1.4477819824218752,1.4517820231119793,3.4106959635416665,3.4146960042317707
2023-07-26 15:59:15.175697,5474343.0,5474792.0,1.4521297607421877,1.4561297607421877,3.415043701171875,3.419043701171875
2023-07-26 15:59:15.180397,5474345.0,5474794.0,1.4608257242838543,1.4648258056640624,3.4237397054036456,3.4277397460937498
2023-07-26 15:59:15.184412,5474346.0,5474795.0,1.4651737467447916,1.469173828125,3.4280877278645834,3.4320878092447917
2023-07-26 15:59:15.188456,5474347.0,5474796.0,1.4695218098958334,1.4735218505859375,3.4324357503255207,3.436435831705729
2023-07-26 15:59:15.193879,5474348.0,5474797.0,1.4738698323567707,1.477869873046875,3.4367838134765623,3.4407838541666664
2023-07-26 15:59:15.202072,5474349.0,5474798.0,1.4782178548177083,1.4822178955078125,3.4411318359375,3.4451318766276042
2023-07-26 15:59:15.206399,5474351.0,5474800.0,1.4869138997395832,1.4909139811197916,3.4498278808593748,3.453827921549479
2023-07-26 15:59:15.210619,5474352.0,5474801.0,1.4912619222005208,1.4952620035807291,3.4541759033203125,3.458175984700521
2023-07-26 15:59:15.218914,5474353.0,5474802.0,1.4956099853515625,1.4996100260416667,3.45852392578125,3.4625240071614583
2023-07-26 15:59:15.223285,5474355.0,5474804.0,1.504305704752604,1.5083057454427082,3.4672196858723963,3.4712197265625
2023-07-26 15:59:15.227642,5474356.0,5474805.0,1.5086537272135416,1.5126537679036458,3.471567708333333,3.4755677490234373
2023-07-26 15:59:15.232668,5474357.0,5474806.0,1.513001749674479,1.5170017903645832,3.4759157307942705,3.4799157714843747
2023-07-26 15:59:15.236977,5474358.0,5474807.0,1.5173497721354166,1.521349853515625,3.4802637532552083,3.4842637939453125
2023-07-26 15:59:15.241412,5474359.0,5474808.0,1.521708211263021,1.5257082926432293,3.484611775716146,3.4886118570963545
2023-07-26 15:59:15.245796,5474360.0,5474809.0,1.5260458577473959,1.5300458984375,3.4889597981770835,3.492959879557292
2023-07-26 15:59:15.250235,5474361.0,5474810.0,1.5303938802083334,1.5343939208984376,3.493307861328125,3.497307902018229
2023-07-26 15:59:15.254468,5474362.0,5474811.0,1.534741902669271,1.5387419433593752,3.497655883789063,3.5016559244791665
2023-07-26 15:59:15.258830,5474363.0,5474812.0,1.5390899251302084,1.5430899658203125,3.5020039062499997,3.5060039469401043
2023-07-26 15:59:15.263172,5474364.0,5474813.0,1.543437947591146,1.547438028971354,3.5063519287109375,3.5103519694010417
2023-07-26 15:59:15.267544,5474365.0,5474814.0,1.5477859700520833,1.5517860107421875,3.5106999511718753,3.5146999511718753
2023-07-26 15:59:15.275324,5474366.0,5474815.0,1.5521336669921875,1.5561337483723958,3.5150476481119792,3.5190477294921876
2023-07-26 15:59:15.284432,5474368.0,5474817.0,1.5608297526041668,1.564829793294271,3.5237437337239585,3.5277437744140627
2023-07-26 15:59:15.288436,5474370.0,5474819.0,1.5695257975260417,1.573525838216146,3.5324397786458333,3.5364398193359374
2023-07-26 15:59:15.297610,5474371.0,5474820.0,1.573873819986979,1.5778739013671874,3.536787801106771,3.5407878417968752
2023-07-26 15:59:15.301851,5474373.0,5474822.0,1.5825699055989584,1.5865699462890626,3.5454838460286457,3.549483927408854
2023-07-26 15:59:15.306235,5474374.0,5474823.0,1.586917928059896,1.5909179687500001,3.5498319091796873,3.5538319498697915
2023-07-26 15:59:15.314626,5474375.0,5474824.0,1.5912659505208333,1.5952659912109375,3.554179931640625,3.5581799723307292
2023-07-26 15:59:15.319129,5474377.0,5474826.0,1.5999617919921874,1.6039617919921874,3.562875732421875,3.566875732421875
2023-07-26 15:59:15.324159,5474378.0,5474827.0,1.6043096923828124,1.6083097737630208,3.567223673502604,3.5712237141927083
2023-07-26 15:59:15.328283,5474379.0,5474828.0,1.60865771484375,1.6126577962239583,3.5715716959635415,3.57557177734375
2023-07-26 15:59:15.336875,5474380.0,5474829.0,1.6130057779947917,1.617005818684896,3.575919718424479,3.579919799804687
2023-07-26 15:59:15.340458,5474382.0,5474831.0,1.6217018229166666,1.6257018636067706,3.5846158040364586,3.5886158447265624
2023-07-26 15:59:15.349736,5474383.0,5474832.0,1.626049845377604,1.6300498860677082,3.5889638264973955,3.5929638671875
2023-07-26 15:59:15.353403,5474385.0,5474834.0,1.6347458902994791,1.6387459716796875,3.5976598714192707,3.601659952799479
2023-07-26 15:59:15.362742,5474386.0,5474835.0,1.639093953450521,1.643093994140625,3.602007893880208,3.6060079752604164
2023-07-26 15:59:15.367424,5474388.0,5474837.0,1.6477899169921875,1.6517899169921875,3.610703857421875,3.6147038574218753
2023-07-26 15:59:15.375624,5474389.0,5474838.0,1.6521376953124998,1.656137736002604,3.6150516764322917,3.6190517171223955
2023-07-26 15:59:15.379666,5474391.0,5474840.0,1.660833740234375,1.6648338216145833,3.623747721354167,3.627747762044271
2023-07-26 15:59:15.388686,5474392.0,5474841.0,1.6651817626953125,1.6691818440755208,3.6280957438151042,3.6320958251953126
2023-07-26 15:59:15.392804,5474394.0,5474843.0,1.6738778483072916,1.6778778889973958,3.6367918294270836,3.6407918701171877
2023-07-26 15:59:15.398036,5474395.0,5474844.0,1.6782258707682292,1.6822259114583333,3.6411398518880205,3.645139892578125
2023-07-26 15:59:15.406381,5474396.0,5474845.0,1.6825738932291667,1.686573933919271,3.6454878743489583,3.6494879150390624
2023-07-26 15:59:15.410796,5474398.0,5474847.0,1.6912699381510419,1.6952700195312502,3.6541839192708334,3.6581840006510418
2023-07-26 15:59:15.414892,5474399.0,5474848.0,1.6956180013020834,1.6996180419921876,3.6585319417317708,3.662531982421875
2023-07-26 15:59:15.419005,5474400.0,5474849.0,1.6999656982421876,1.7039657389322918,3.662879638671875,3.6668797200520835
2023-07-26 15:59:15.427877,5474401.0,5474850.0,1.7043137207031251,1.708313761393229,3.6672277018229167,3.671227742513021
2023-07-26 15:59:15.432054,5474403.0,5474852.0,1.713009765625,1.7170098063151042,3.675923746744792,3.679923787434896
2023-07-26 15:59:15.436285,5474404.0,5474853.0,1.7173577880859374,1.7213578694661458,3.680271769205729,3.6842718098958334
2023-07-26 15:59:15.441556,5474405.0,5474854.0,1.721705810546875,1.7257058919270833,3.6846197916666665,3.688619873046875
2023-07-26 15:59:15.445627,5474406.0,5474855.0,1.7260538736979167,1.730053914388021,3.688967814127604,3.6929678955078122
2023-07-26 15:59:15.453871,5474407.0,5474856.0,1.730401896158854,1.7344019368489583,3.693315877278646,3.69731591796875
2023-07-26 15:59:15.458168,5474409.0,5474858.0,1.739097941080729,1.7430979817708332,3.702011922200521,3.706011962890625
2023-07-26 15:59:15.462315,5474410.0,5474859.0,1.7434459635416666,1.747446044921875,3.7063599446614583,3.710359985351563
2023-07-26 15:59:15.471477,5474411.0,5474860.0,1.7477938232421875,1.7517938232421875,3.710707763671875,3.714707763671875
2023-07-26 15:59:15.476024,5474413.0,5474862.0,1.75648974609375,1.7604897867838543,3.7194036865234374,3.723403767903646
2023-07-26 15:59:15.484189,5474414.0,5474863.0,1.7608377685546874,1.7648378092447916,3.723751749674479,3.727751790364583
2023-07-26 15:59:15.488511,5474416.0,5474865.0,1.7695338134765624,1.7735338541666665,3.732458211263021,3.736458251953125
2023-07-26 15:59:15.493727,5474417.0,5474866.0,1.7738818359375,1.7778819173177083,3.7367958170572915,3.740795857747396
2023-07-26 15:59:15.502019,5474418.0,5474867.0,1.7782298583984375,1.7822299397786459,3.7411438395182293,3.745143920898437
2023-07-26 15:59:15.506527,5474420.0,5474869.0,1.7869259440104166,1.7909259847005208,3.7498399251302086,3.7538399658203128
2023-07-26 15:59:15.510627,5474421.0,5474870.0,1.7912739664713542,1.7952740071614584,3.754187947591146,3.75818798828125
2023-07-26 15:59:15.518762,5474422.0,5474871.0,1.7956219482421876,1.7996219482421876,3.758535888671875,3.7625358886718754
2023-07-26 15:59:15.523210,5474424.0,5474873.0,1.8043177083333335,1.8083177897135418,3.767231689453125,3.771231730143229
2023-07-26 15:59:15.527643,5474425.0,5474874.0,1.808665730794271,1.8126658121744794,3.7715797119140624,3.7755797932942707
2023-07-26 15:59:15.536238,5474426.0,5474875.0,1.8130137939453124,1.8170138346354165,3.775927734375,3.7799278157552085
2023-07-26 15:59:15.540576,5474428.0,5474877.0,1.8217098388671875,1.8257098795572917,3.784623819986979,3.7886238606770832
2023-07-26 15:59:15.549207,5474429.0,5474878.0,1.826057861328125,1.8300579020182293,3.788971842447917,3.792971883138021
2023-07-26 15:59:15.553643,5474431.0,5474880.0,1.83475390625,1.8387539876302084,3.7976678873697916,3.80166796875
2023-07-26 15:59:15.563055,5474432.0,5474881.0,1.8391019694010415,1.8431020100911457,3.8020159098307293,3.8060159912109377
2023-07-26 15:59:15.567419,5474434.0,5474883.0,1.8477977294921875,1.8517977294921875,3.810711669921875,3.814711710611979
2023-07-26 15:59:15.575663,5474435.0,5474884.0,1.8521561279296874,1.8561561686197916,3.8150596923828126,3.819059733072917
2023-07-26 15:59:15.584079,5474437.0,5474886.0,1.8608417561848958,1.8648418375651041,3.8237557373046873,3.8277557779947915
2023-07-26 15:59:15.589123,5474439.0,5474888.0,1.8695378417968749,1.873537882486979,3.8324517822265625,3.836451863606771
2023-07-26 15:59:15.597125,5474440.0,5474889.0,1.8738858642578125,1.8778859049479166,3.836799845377604,3.840799886067708
2023-07-26 15:59:15.606319,5474442.0,5474891.0,1.8825819091796874,1.8865819498697916,3.845495890299479,3.8494959309895838
2023-07-26 15:59:15.610899,5474444.0,5474893.0,1.8912779541015623,1.8952780354817707,3.854191935221354,3.8581920166015626
2023-07-26 15:59:15.619368,5474445.0,5474894.0,1.8956258544921873,1.8996258544921873,3.8585397949218754,3.862539794921875
2023-07-26 15:59:15.623595,5474447.0,5474896.0,1.9043217366536458,1.90832177734375,3.8672357177734376,3.8712357584635417
2023-07-26 15:59:15.632320,5474448.0,5474897.0,1.9086697591145834,1.9126697998046875,3.8715837402343753,3.875583780924479
2023-07-26 15:59:15.636667,5474450.0,5474899.0,1.9173658040364585,1.9213658854166669,3.88027978515625,3.884279825846354
2023-07-26 15:59:15.644779,5474451.0,5474900.0,1.921713826497396,1.9257139078776042,3.8846278076171874,3.888627888997396
2023-07-26 15:59:15.653796,5474453.0,5474902.0,1.930409912109375,1.9344099527994791,3.8933238932291667,3.897323933919271
2023-07-26 15:59:15.657798,5474455.0,5474904.0,1.93910595703125,1.9431059977213543,3.902019938151042,3.906019978841146
2023-07-26 15:59:15.662806,5474456.0,5474905.0,1.9434539794921877,1.9474539794921877,3.906367919921875,3.910367919921875
2023-07-26 15:59:15.671859,5474457.0,5474906.0,1.9478016764322919,1.9518017578125002,3.910715657552083,3.9147156982421873
2023-07-26 15:59:15.675885,5474459.0,5474908.0,1.9564977620442707,1.960497802734375,3.9194117024739583,3.9234117838541667
2023-07-26 15:59:15.684903,5474460.0,5474909.0,1.9608457845052083,1.9648458251953125,3.9237597656250003,3.9277598063151045
2023-07-26 15:59:15.689251,5474462.0,5474911.0,1.9695418294270834,1.9735418701171876,3.932455810546875,3.936455851236979
2023-07-26 15:59:15.697280,5474463.0,5474912.0,1.9738898518880208,1.9778899332682292,3.9368038330078123,3.9408038736979165
2023-07-26 15:59:15.706374,5474465.0,5474914.0,1.9825859375,1.986585978190104,3.945510294596354,3.9495103759765624
2023-07-26 15:59:15.714385,5474467.0,5474916.0,1.991281982421875,1.9952820231119792,3.9541959635416664,3.9581960042317705
2023-07-26 15:59:15.719478,5474469.0,5474918.0,1.9999777018229166,2.0039777425130207,3.962891682942708,3.9668917236328123
2023-07-26 15:59:15.728444,5474470.0,5474919.0,2.004325724283854,2.0083258056640623,3.967239705403646,3.9712397460937496
2023-07-26 15:59:15.736417,5474472.0,5474921.0,2.0130218098958332,2.0170218505859374,3.975935750325521,3.979935831705729
2023-07-26 15:59:15.745387,5474474.0,5474923.0,2.021717854817708,2.025717895507812,3.9846318359375,3.988631876627604
2023-07-26 15:59:15.749374,5474476.0,5474925.0,2.030413899739583,2.0344139811197914,3.9933278808593746,3.9973279215494792
2023-07-26 15:59:15.758344,5474477.0,5474926.0,2.034761922200521,2.038762003580729,3.997675903320313,4.001675984700521
2023-07-26 15:59:15.767314,5474479.0,5474928.0,2.0434578857421877,2.0474578857421877,4.006371826171875,4.010371826171875
2023-07-26 15:59:15.771882,5474481.0,5474930.0,2.052153727213542,2.056153767903646,4.015067708333333,4.019067749023438
2023-07-26 15:59:15.780231,5474482.0,5474931.0,2.0565017496744793,2.0605017903645835,4.019415730794271,4.023415771484375
2023-07-26 15:59:15.788988,5474484.0,5474933.0,2.065208211263021,2.0692082926432294,4.0281117757161455,4.032111857096354
2023-07-26 15:59:15.793425,5474486.0,5474935.0,2.0738938802083333,2.0778939208984375,4.036807861328125,4.040807902018229
2023-07-26 15:59:15.801689,5474487.0,5474936.0,2.0782419026692707,2.082241943359375,4.041155883789062,4.045155924479166
2023-07-26 15:59:15.810557,5474489.0,5474938.0,2.086937947591146,2.090938028971354,4.049851928710938,4.053851969401042
2023-07-26 15:59:15.819581,5474491.0,5474940.0,2.0956336669921876,2.099633748372396,4.05854764811198,4.062547729492188
2023-07-26 15:59:15.827660,5474493.0,5474942.0,2.1043297526041664,2.1083297932942706,4.067243733723958,4.071243774414063
2023-07-26 15:59:15.836689,5474495.0,5474944.0,2.1130257975260416,2.1170258382161458,4.075939778645833,4.079939819335938
2023-07-26 15:59:15.845412,5474497.0,5474946.0,2.1217218424479167,2.125721923828125,4.084635823567709,4.088635904947917
2023-07-26 15:59:15.854097,5474499.0,5474948.0,2.1304179280598956,2.13441796875,4.093331909179688,4.097331949869791
2023-07-26 15:59:15.862766,5474501.0,5474950.0,2.139113972981771,2.143114013671875,4.102027954101563,4.106027994791667
2023-07-26 15:59:15.866613,5474503.0,5474952.0,2.1478096923828125,2.151809773763021,4.110723673502604,4.114723714192708
2023-07-26 15:59:15.876049,5474504.0,5474953.0,2.15215771484375,2.156157796223958,4.115071695963542,4.11907177734375
2023-07-26 15:59:15.880193,5474506.0,5474955.0,2.160853800455729,2.1648538411458333,4.123767781575521,4.127767822265625
2023-07-26 15:59:15.888927,5474507.0,5474956.0,2.165201822916667,2.169201863606771,4.128115804036458,4.132115844726562
2023-07-26 15:59:15.892652,5474509.0,5474958.0,2.1738978678385417,2.17789794921875,4.136811848958334,4.140811889648437
2023-07-26 15:59:15.902186,5474510.0,5474959.0,2.1782458902994795,2.182245971679688,4.141159871419271,4.145159952799479
2023-07-26 15:59:15.906287,5474512.0,5474961.0,2.1869419759114583,2.1909420166015625,4.14985595703125,4.153855997721354
2023-07-26 15:59:15.914458,5474513.0,5474962.0,2.191289916992188,2.195289916992188,4.154203857421875,4.158203857421875
2023-07-26 15:59:15.923144,5474515.0,5474964.0,2.1999857177734374,2.2039857584635416,4.162899739583333,4.166899739583333
2023-07-26 15:59:15.932425,5474517.0,5474966.0,2.2086817626953126,2.212681844075521,4.171595784505208,4.1755958251953125
2023-07-26 15:59:15.941051,5474519.0,5474968.0,2.217377848307292,2.221377888997396,4.180291829427083,4.184291870117187
2023-07-26 15:59:15.945125,5474521.0,5474970.0,2.2260738932291666,2.230073933919271,4.188987874348959,4.192987915039063
2023-07-26 15:59:15.954397,5474522.0,5474971.0,2.230421915690104,2.2344219970703123,4.193335896809896,4.1973359375
2023-07-26 15:59:15.958209,5474524.0,5474973.0,2.2391180013020833,2.2431180419921875,4.202031941731771,4.206031982421876
2023-07-26 15:59:15.966712,5474525.0,5474974.0,2.2434656982421872,2.2474657389322914,4.2063796386718755,4.210379720052083
2023-07-26 15:59:15.975310,5474527.0,5474976.0,2.2521617431640624,2.2561617838541665,4.215075724283854,4.219075764973959
2023-07-26 15:59:15.984028,5474529.0,5474978.0,2.2608577880859375,2.264857869466146,4.2237717692057295,4.227771809895834
2023-07-26 15:59:15.989087,5474531.0,5474980.0,2.2695538736979164,2.2735539143880206,4.232467814127604,4.236467895507812
2023-07-26 15:59:15.997637,5474532.0,5474981.0,2.273901896158854,2.2779019368489584,4.236815877278645,4.24081591796875
2023-07-26 15:59:16.002051,5474534.0,5474983.0,2.282597941080729,2.2865979817708335,4.245511922200521,4.249511962890625
2023-07-26 15:59:16.010219,5474535.0,5474984.0,2.2869459635416667,2.2909460449218746,4.249859944661458,4.253859985351562
2023-07-26 15:59:16.014681,5474537.0,5474986.0,2.2956416829427084,2.2996417643229163,4.2585556640624995,4.262555745442708
2023-07-26 15:59:16.023231,5474538.0,5474987.0,2.29998974609375,2.303989786783854,4.262903686523438,4.266903767903646
2023-07-26 15:59:16.027684,5474540.0,5474989.0,2.308685791015625,2.3126858317057293,4.271599772135416,4.275599812825521
2023-07-26 15:59:16.037110,5474541.0,5474990.0,2.3130338134765625,2.3170338541666666,4.275958211263021,4.279958251953125
2023-07-26 15:59:16.040911,5474543.0,5474992.0,2.3217298583984376,2.325729939778646,4.284643839518229,4.288643920898437
2023-07-26 15:59:16.049360,5474544.0,5474993.0,2.326077921549479,2.3300779622395833,4.2889918619791665,4.292991943359375
2023-07-26 15:59:16.053664,5474546.0,5474995.0,2.3347739664713543,2.3387740071614584,4.297687947591146,4.30168798828125
2023-07-26 15:59:16.062427,5474547.0,5474996.0,2.3391219482421874,2.3431219482421874,4.302035888671875,4.306035888671875
2023-07-26 15:59:16.066798,5474549.0,5474998.0,2.3478177083333334,2.3518177897135417,4.310731689453125,4.3147317301432295
2023-07-26 15:59:16.075566,5474550.0,5474999.0,2.3521657307942707,2.356165812174479,4.315079711914063,4.319079793294271
2023-07-26 15:59:16.084293,5474552.0,5475001.0,2.36086181640625,2.364861857096354,4.323775797526042,4.327775838216146
2023-07-26 15:59:16.088809,5474554.0,5475003.0,2.3695578613281247,2.373557902018229,4.332471842447917,4.336471883138021
2023-07-26 15:59:16.096976,5474555.0,5475004.0,2.3739058837890625,2.377905965169271,4.336819864908854,4.340819905598958
2023-07-26 15:59:16.101985,5474557.0,5475006.0,2.3826019694010414,2.3866020100911456,4.34551590983073,4.349515991210938
2023-07-26 15:59:16.110003,5474558.0,5475007.0,2.386949991861979,2.3909500325520834,4.349863972981771,4.353864013671875
2023-07-26 15:59:16.119115,5474560.0,5475009.0,2.3956561279296875,2.3996561686197917,4.358559692382813,4.362559733072916
2023-07-26 15:59:16.128136,5474562.0,5475011.0,2.404341756184896,2.408341837565104,4.367255737304688,4.371255777994792
2023-07-26 15:59:16.136624,5474564.0,5475013.0,2.413037841796875,2.417037882486979,4.375951782226562,4.379951863606771
2023-07-26 15:59:16.145722,5474566.0,5475015.0,2.42173388671875,2.4257339274088543,4.384647867838542,4.388647908528646
2023-07-26 15:59:16.153801,5474568.0,5475017.0,2.4304299316406253,2.4344300130208336,4.393343912760416,4.3973439534505205
2023-07-26 15:59:16.162917,5474570.0,5475019.0,2.4391258544921874,2.443125854492188,4.402039794921875,4.406039794921875
2023-07-26 15:59:16.170969,5474572.0,5475021.0,2.447821736653646,2.45182177734375,4.410735717773437,4.414735758463542
2023-07-26 15:59:16.180013,5474574.0,5475023.0,2.456517781575521,2.460517822265625,4.419431762695312,4.423431803385417
2023-07-26 15:59:16.188982,5474576.0,5475025.0,2.4652138264973957,2.469213907877604,4.428127807617187,4.432127888997396
2023-07-26 15:59:16.196956,5474578.0,5475027.0,2.473909912109375,2.4779099527994792,4.436823893229167,4.440823933919271
2023-07-26 15:59:16.205926,5474580.0,5475029.0,2.4826059570312498,2.486605997721354,4.445519938151041,4.449519978841146
2023-07-26 15:59:16.214895,5474582.0,5475031.0,2.4913016764322915,2.4953017578125,4.4542156575520835,4.458215698242188
2023-07-26 15:59:16.218881,5474584.0,5475033.0,2.499997762044271,2.503997802734375,4.462911702473959,4.466911783854167
2023-07-26 15:59:16.227852,5474585.0,5475034.0,2.504345784505208,2.5083458251953124,4.467259765625,4.471259806315104
2023-07-26 15:59:16.236822,5474587.0,5475036.0,2.5130418294270833,2.5170418701171875,4.475955810546875,4.479955851236979
2023-07-26 15:59:16.244795,5474589.0,5475038.0,2.5217378743489585,2.5257379557291664,4.4846518554687504,4.488651936848958
2023-07-26 15:59:16.253765,5474591.0,5475040.0,2.530433959960938,2.5344340006510415,4.493347941080729,4.497347981770834
2023-07-26 15:59:16.262735,5474593.0,5475042.0,2.5391297607421874,2.5431297607421874,4.502043701171875,4.506043701171875
2023-07-26 15:59:16.271705,5474595.0,5475044.0,2.547825724283854,2.5518258056640626,4.510739705403646,4.51473974609375
2023-07-26 15:59:16.279679,5474597.0,5475046.0,2.556521809895833,2.5605218505859377,4.519435750325521,4.523435831705729
2023-07-26 15:59:16.288649,5474599.0,5475048.0,2.5652178548177083,2.5692178955078124,4.5281318359375,4.532131876627604
2023-07-26 15:59:16.297618,5474601.0,5475050.0,2.5739138997395834,2.5779139811197918,4.5368278808593745,4.54082792154948
2023-07-26 15:59:16.306588,5474603.0,5475052.0,2.5826099853515627,2.586610026041667,4.54552392578125,4.549524007161458
2023-07-26 15:59:16.314562,5474605.0,5475054.0,2.591305704752604,2.595305745442708,4.554219685872396,4.5582197265625
2023-07-26 15:59:16.323532,5474607.0,5475056.0,2.600001749674479,2.6040017903645833,4.562915730794271,4.566915771484375
2023-07-26 15:59:16.332501,5474609.0,5475058.0,2.608708211263021,2.6127082926432292,4.571611775716146,4.575611857096354
2023-07-26 15:59:16.341472,5474611.0,5475060.0,2.617393880208333,2.6213939208984374,4.580307861328126,4.584307902018229
2023-07-26 15:59:16.349444,5474613.0,5475062.0,2.6260899251302083,2.6300899658203125,4.58900390625,4.5930039469401045
2023-07-26 15:59:16.358415,5474615.0,5475064.0,2.634785970052083,2.638786010742187,4.597699951171875,4.6016999511718755
2023-07-26 15:59:16.367384,5474617.0,5475066.0,2.643481730143229,2.6474817708333336,4.606395670572916,4.610406168619792
2023-07-26 15:59:16.375358,5474619.0,5475068.0,2.652177775065104,2.6561778157552083,4.615091756184896,4.619091796875
2023-07-26 15:59:16.384326,5474621.0,5475070.0,2.6608738199869792,2.664873901367187,4.623787801106771,4.6277878417968745
2023-07-26 15:59:16.393303,5474623.0,5475072.0,2.6695699055989586,2.6735699462890623,4.632483846028646,4.636483927408855
2023-07-26 15:59:16.402272,5474625.0,5475074.0,2.6782659505208337,2.6822659912109375,4.641179931640624,4.645179972330729
2023-07-26 15:59:16.410240,5474627.0,5475076.0,2.6869617919921875,2.6909617919921875,4.649875732421875,4.653875732421875
2023-07-26 15:59:16.419210,5474629.0,5475078.0,2.69565771484375,2.6996577962239585,4.658571695963542,4.66257177734375
2023-07-26 15:59:16.428180,5474631.0,5475080.0,2.704353800455729,2.708353841145833,4.667267781575521,4.671267822265625
2023-07-26 15:59:16.436153,5474633.0,5475082.0,2.713049845377604,2.7170498860677084,4.675963826497395,4.6799638671875
2023-07-26 15:59:16.445123,5474635.0,5475084.0,2.7217458902994793,2.7257459716796877,4.684659871419272,4.688659952799479
2023-07-26 15:59:16.454093,5474637.0,5475086.0,2.730441975911458,2.7344420166015624,4.69335595703125,4.697355997721354
2023-07-26 15:59:16.463068,5474639.0,5475088.0,2.7391376953125,2.743137736002604,4.7020516764322915,4.706051717122396
2023-07-26 15:59:16.471036,5474641.0,5475090.0,2.747833740234375,2.7518338216145835,4.710747721354167,4.71474776204427
2023-07-26 15:59:16.480006,5474643.0,5475092.0,2.756529825846354,2.760529866536458,4.719443766276042,4.72344384765625
2023-07-26 15:59:16.488976,5474645.0,5475094.0,2.7652258707682296,2.7692259114583333,4.728139851888021,4.732139892578125
2023-07-26 15:59:16.497946,5474647.0,5475096.0,2.773921915690104,2.777921997070312,4.736835896809896,4.7408359375
2023-07-26 15:59:16.505919,5474649.0,5475098.0,2.782618001302083,2.7866180419921878,4.7455319417317705,4.749531982421876
2023-07-26 15:59:16.514889,5474651.0,5475100.0,2.791313720703125,2.7953137613932295,4.754227701822916,4.758227742513021
2023-07-26 15:59:16.523859,5474653.0,5475102.0,2.800009765625,2.8040098063151047,4.762923746744792,4.766923787434895
2023-07-26 15:59:16.532829,5474655.0,5475104.0,2.808705810546875,2.8127058919270835,4.771619791666667,4.7756198730468755
2023-07-26 15:59:16.540802,5474657.0,5475106.0,2.8174018961588545,2.8214019368489582,4.780315877278645,4.78431591796875
2023-07-26 15:59:16.549419,5474659.0,5475108.0,2.826097941080729,2.8300979817708334,4.789011922200521,4.793011962890625
2023-07-26 15:59:16.558004,5474661.0,5475110.0,2.8347938232421876,2.8387938232421877,4.797707763671875,4.801707763671875
2023-07-26 15:59:16.566631,5474663.0,5475112.0,2.84348974609375,2.847489786783854,4.806403686523438,4.8104037679036455
2023-07-26 15:59:16.575318,5474665.0,5475114.0,2.852185791015625,2.856185831705729,4.815099772135416,4.819099812825521
2023-07-26 15:59:16.584076,5474667.0,5475116.0,2.8608818359375,2.8648819173177085,4.823795817057292,4.827795857747396
2023-07-26 15:59:16.593285,5474669.0,5475118.0,2.869577921549479,2.873577962239583,4.832491861979166,4.836491943359375
2023-07-26 15:59:16.601681,5474671.0,5475120.0,2.878273966471354,2.8822740071614583,4.841187947591146,4.845187988281251
2023-07-26 15:59:16.610290,5474673.0,5475122.0,2.886969685872396,2.8909697265625,4.849883666992188,4.853883707682292
2023-07-26 15:59:16.619620,5474675.0,5475124.0,2.8956657307942706,2.899665812174479,4.858579711914063,4.8625797932942705
2023-07-26 15:59:16.627573,5474677.0,5475126.0,2.9043618164062504,2.908361857096354,4.867275797526042,4.871275838216146
2023-07-26 15:59:16.636257,5474679.0,5475128.0,2.913057861328125,2.917057902018229,4.875971842447917,4.879971883138021
2023-07-26 15:59:16.645485,5474681.0,5475130.0,2.9217539062499998,2.925753987630208,4.884667887369791,4.88866796875
2023-07-26 15:59:16.654142,5474683.0,5475132.0,2.930449991861979,2.9344500325520837,4.893363972981771,4.897364013671875
2023-07-26 15:59:16.662813,5474685.0,5475134.0,2.9391561279296874,2.943156168619792,4.902059692382813,4.906059733072916
2023-07-26 15:59:16.671603,5474687.0,5475136.0,2.947841756184896,2.9518418375651043,4.9107557373046875,4.914755777994792
2023-07-26 15:59:16.680231,5474689.0,5475138.0,2.9565378417968753,2.9605378824869795,4.919451782226563,4.923451863606771
2023-07-26 15:59:16.688949,5474691.0,5475140.0,2.96523388671875,2.969233927408854,4.9281478678385415,4.932147908528646
2023-07-26 15:59:16.697342,5474693.0,5475142.0,2.973929931640625,2.9779300130208335,4.936843912760416,4.94084395345052
2023-07-26 15:59:16.705850,5474695.0,5475144.0,2.9826258544921878,2.9866258544921878,4.945539794921875,4.949539794921876
2023-07-26 15:59:16.714519,5474697.0,5475146.0,2.9913217366536458,2.99532177734375,4.954235717773438,4.958235758463542
2023-07-26 15:59:16.723880,5474699.0,5475148.0,3.000017781575521,3.004017822265625,4.962931762695312,4.966931803385417
2023-07-26 15:59:16.731986,5474701.0,5475150.0,3.0087138264973956,3.012713907877604,4.971627807617187,4.975627888997396
2023-07-26 15:59:16.741263,5474703.0,5475152.0,3.017409912109375,3.021409952799479,4.9803238932291665,4.9843239339192715
2023-07-26 15:59:16.749291,5474705.0,5475154.0,3.0261059570312496,3.030105997721354,4.989019938151041,4.993019978841146
2023-07-26 15:59:16.758087,5474707.0,5475156.0,3.0348016764322914,3.0388017578124997,4.997715657552083,5.0017156982421875
2023-07-26 15:59:16.766697,5474709.0,5475158.0,3.043497762044271,3.0474978027343753,5.006411702473959,5.010411783854167
2023-07-26 15:59:16.775503,5474711.0,5475160.0,3.052193806966146,3.05619384765625,5.015107788085937,5.019107828776042
2023-07-26 15:59:16.784197,5474713.0,5475162.0,3.0608898518880205,3.064889933268229,5.023803873697917,5.027803873697917
2023-07-26 15:59:16.792861,5474715.0,5475164.0,3.0695859375000003,3.0735859781901045,5.032510294596354,5.036510375976563
2023-07-26 15:59:16.801645,5474717.0,5475166.0,3.078281982421875,3.082282023111979,5.041195963541667,5.04519600423177
2023-07-26 15:59:16.810299,5474719.0,5475168.0,3.0869777018229168,3.090977742513021,5.049891682942708,5.0538917236328125
2023-07-26 15:59:16.818989,5474721.0,5475170.0,3.095673746744792,3.0996738281250003,5.058587727864584,5.062587809244792
2023-07-26 15:59:16.827696,5474723.0,5475172.0,3.1043698323567708,3.108369873046875,5.067283813476562,5.0712838541666665
2023-07-26 15:59:16.837046,5474725.0,5475174.0,3.113065877278646,3.11706591796875,5.075979858398437,5.079979899088542
2023-07-26 15:59:16.845023,5474727.0,5475176.0,3.121761922200521,3.125762003580729,5.084675903320313,5.088675984700521
2023-07-26 15:59:16.853673,5474729.0,5475178.0,3.1304578857421874,3.1344578857421874,5.093371826171875,5.097371826171875
2023-07-26 15:59:16.862409,5474731.0,5475180.0,3.1391537272135417,3.143153767903646,5.102067708333333,5.106067749023437
2023-07-26 15:59:16.871104,5474733.0,5475182.0,3.1478497721354164,3.1518498535156247,5.110763753255209,5.114763793945312
2023-07-26 15:59:16.879818,5474735.0,5475184.0,3.1565458577473957,3.1605458984375,5.1194597981770835,5.123459879557292
2023-07-26 15:59:16.888980,5474737.0,5475186.0,3.165241902669271,3.169241943359375,5.128155883789062,5.132155924479167
2023-07-26 15:59:16.897392,5474739.0,5475188.0,3.1739379475911456,3.1779380289713544,5.1368519287109375,5.140851969401042
2023-07-26 15:59:16.906095,5474741.0,5475190.0,3.1826336669921873,3.1866337483723957,5.14554764811198,5.149547729492188
2023-07-26 15:59:16.914689,5474743.0,5475192.0,3.1913297526041666,3.195329793294271,5.154243733723958,5.158243774414062
2023-07-26 15:59:16.923499,5474745.0,5475194.0,3.2000257975260418,3.204025838216146,5.162939778645833,5.166939819335938
2023-07-26 15:59:16.931983,5474747.0,5475196.0,3.208721842447917,3.2127219238281253,5.1716358235677085,5.175635904947916
2023-07-26 15:59:16.941208,5474749.0,5475198.0,3.217417928059896,3.22141796875,5.180331909179688,5.184331949869791
2023-07-26 15:59:16.949375,5474751.0,5475200.0,3.226113972981771,3.230114013671875,5.1890279541015625,5.193027994791667
2023-07-26 15:59:16.958501,5474753.0,5475202.0,3.2348096923828127,3.238809773763021,5.197723673502605,5.201723714192708
2023-07-26 15:59:16.966910,5474755.0,5475204.0,3.2435057779947916,3.2475058186848957,5.206419718424479,5.210419799804687
2023-07-26 15:59:16.975420,5474757.0,5475206.0,3.2522018229166667,3.256201863606771,5.215115804036458,5.219115844726563
2023-07-26 15:59:16.984104,5474759.0,5475208.0,3.260897867838542,3.2648979492187498,5.223811848958333,5.227811889648438
2023-07-26 15:59:16.993604,5474761.0,5475210.0,3.2695939534505207,3.273593994140625,5.232507893880208,5.236507975260417
2023-07-26 15:59:17.001633,5474763.0,5475212.0,3.2782899169921875,3.2822899169921875,5.241203857421875,5.245203857421875
2023-07-26 15:59:17.010698,5474765.0,5475214.0,3.2869857177734376,3.2909857584635414,5.24989969889323,5.253899739583333
2023-07-26 15:59:17.019722,5474767.0,5475216.0,3.2956817626953128,3.2996818440755207,5.258595743815104,5.262595825195313
2023-07-26 15:59:17.027728,5474769.0,5475218.0,3.3043778483072916,3.308377888997396,5.267291829427083,5.271291870117188
2023-07-26 15:59:17.036782,5474771.0,5475220.0,3.313073893229167,3.317073933919271,5.275987874348958,5.2799879150390625
2023-07-26 15:59:17.045804,5474773.0,5475222.0,3.3217699381510415,3.3257700195312503,5.284683919270833,5.288684000651041
2023-07-26 15:59:17.054261,5474775.0,5475224.0,3.3304656982421874,3.3344657389322916,5.293379638671875,5.297379720052083
2023-07-26 15:59:17.063229,5474777.0,5475226.0,3.3391617431640626,3.3431617838541667,5.302075724283854,5.306075764973959
2023-07-26 15:59:17.071203,5474779.0,5475228.0,3.3478577880859377,3.351857869466146,5.310771769205729,5.314771809895833
2023-07-26 15:59:17.080174,5474781.0,5475230.0,3.3565538736979166,3.3605539143880208,5.319467814127604,5.323467895507813
2023-07-26 15:59:17.089143,5474783.0,5475232.0,3.3652603352864583,3.3692603759765625,5.328163899739583,5.332163940429687
2023-07-26 15:59:17.097134,5474785.0,5475234.0,3.3739459635416664,3.377946044921875,5.336859944661459,5.340859985351562
2023-07-26 15:59:17.106086,5474787.0,5475236.0,3.382641682942708,3.3866417643229165,5.3455556640625,5.349555745442708
2023-07-26 15:59:17.115057,5474789.0,5475238.0,3.3913377685546875,3.3953378092447917,5.3542517496744795,5.358251790364584
2023-07-26 15:59:17.124026,5474791.0,5475240.0,3.400033813476562,3.4040338541666664,5.36295821126302,5.366958251953125
2023-07-26 15:59:17.132001,5474793.0,5475242.0,3.4087298583984373,3.412729939778646,5.371643839518229,5.375643920898438
2023-07-26 15:59:17.145953,5474796.0,5475245.0,3.421773966471354,3.425774007161458,5.3846879475911456,5.388687988281251
2023-07-26 15:59:17.153927,5474798.0,5475247.0,3.430469685872396,3.4344697265625004,5.393383666992188,5.397383707682292
2023-07-26 15:59:17.162907,5474800.0,5475249.0,3.4391657307942705,3.4431658121744793,5.402079711914062,5.40607979329427
2023-07-26 15:59:17.171867,5474802.0,5475251.0,3.4478618164062502,3.4518618570963544,5.410775797526042,5.414775838216146
2023-07-26 15:59:17.179842,5474804.0,5475253.0,3.456557861328125,3.460557902018229,5.4194718424479165,5.423471883138021
2023-07-26 15:59:17.188816,5474806.0,5475255.0,3.46525390625,3.4692539876302084,5.428167887369791,5.43216796875
2023-07-26 15:59:17.197783,5474808.0,5475257.0,3.4739499918619794,3.4779500325520836,5.4368639729817705,5.440864013671875
2023-07-26 15:59:17.206752,5474810.0,5475259.0,3.4826561279296877,3.486656168619792,5.445559692382813,5.449559733072917
2023-07-26 15:59:17.214766,5474812.0,5475261.0,3.491341756184896,3.495341837565104,5.454255737304687,5.458255777994792
2023-07-26 15:59:17.223736,5474814.0,5475263.0,3.500037841796875,3.5040378824869793,5.462951782226563,5.466951863606771
2023-07-26 15:59:17.232706,5474816.0,5475265.0,3.50873388671875,3.512733927408854,5.471647867838542,5.475647908528646
2023-07-26 15:59:17.240679,5474818.0,5475267.0,3.517429931640625,3.5214300130208334,5.480343912760416,5.484343953450521
2023-07-26 15:59:17.249649,5474820.0,5475269.0,3.5261258544921876,3.5301258544921876,5.489039794921875,5.493039794921875
2023-07-26 15:59:17.258618,5474822.0,5475271.0,3.5348217366536456,3.53882177734375,5.497735717773438,5.501735758463542
2023-07-26 15:59:17.267589,5474824.0,5475273.0,3.5435177815755208,3.547517822265625,5.506431762695312,5.5104318033854165
2023-07-26 15:59:17.275562,5474826.0,5475275.0,3.552213826497396,3.556213907877604,5.515127807617188,5.519127888997396
2023-07-26 15:59:17.284532,5474828.0,5475277.0,3.5609099121093752,3.564909952799479,5.523823893229166,5.527823933919271
2023-07-26 15:59:17.293518,5474830.0,5475279.0,3.56960595703125,3.573605997721354,5.532519938151041,5.536519978841146
2023-07-26 15:59:17.301490,5474832.0,5475281.0,3.5783016764322917,3.5823017578125,5.541215657552083,5.545215698242187
2023-07-26 15:59:17.310461,5474834.0,5475283.0,3.586997762044271,3.590997802734375,5.549911702473959,5.553911783854167
2023-07-26 15:59:17.319430,5474836.0,5475285.0,3.5956938069661457,3.59969384765625,5.558607788085938,5.562607828776041
2023-07-26 15:59:17.328400,5474838.0,5475287.0,3.604389851888021,3.608389933268229,5.567303833007812,5.571303873697917
2023-07-26 15:59:17.336374,5474840.0,5475289.0,3.6130859375,3.6170859781901044,5.576010294596354,5.5800103759765625
2023-07-26 15:59:17.345343,5474842.0,5475291.0,3.621781982421875,3.625782023111979,5.584695963541667,5.588696004231771
2023-07-26 15:59:17.354320,5474844.0,5475293.0,3.6304777018229166,3.634477742513021,5.593391682942708,5.597391723632812
2023-07-26 15:59:17.362740,5474846.0,5475295.0,3.6391737467447918,3.643173828125,5.602087727864584,5.606087809244792
2023-07-26 15:59:17.371767,5474848.0,5475297.0,3.647869832356771,3.651869873046875,5.610783813476563,5.614783854166666
2023-07-26 15:59:17.379775,5474850.0,5475299.0,3.656565877278646,3.66056591796875,5.619479858398437,5.623479899088542
2023-07-26 15:59:17.388931,5474852.0,5475301.0,3.665261922200521,3.669262003580729,5.6281759033203125,5.632175984700521
2023-07-26 15:59:17.397955,5474854.0,5475303.0,3.6739578857421873,3.6779578857421877,5.636871826171875,5.640871826171875
2023-07-26 15:59:17.406121,5474856.0,5475305.0,3.6826537272135416,3.686653767903646,5.645567708333333,5.649567749023437
2023-07-26 15:59:17.415098,5474858.0,5475307.0,3.6913497721354167,3.695349853515625,5.654263753255209,5.658263793945312
2023-07-26 15:59:17.424068,5474860.0,5475309.0,3.700045857747396,3.7040458984374998,5.662959798177083,5.666959879557292
2023-07-26 15:59:17.432044,5474862.0,5475311.0,3.7087419026692707,3.712741943359375,5.671655883789062,5.675655924479167
2023-07-26 15:59:17.441011,5474864.0,5475313.0,3.717437947591146,3.7214380289713542,5.680351928710937,5.6843519694010425
2023-07-26 15:59:17.449980,5474866.0,5475315.0,3.7261336669921876,3.730133748372396,5.68904764811198,5.6930477294921875
2023-07-26 15:59:17.458016,5474868.0,5475317.0,3.7348297526041665,3.7388297932942707,5.697743733723959,5.701743774414062
2023-07-26 15:59:17.466925,5474870.0,5475319.0,3.7435257975260416,3.747525838216146,5.706439778645833,5.710439819335938
2023-07-26 15:59:17.475894,5474872.0,5475321.0,3.752221842447917,3.756221923828125,5.715135823567709,5.719135904947916
2023-07-26 15:59:17.484864,5474874.0,5475323.0,3.7609179280598957,3.76491796875,5.723831909179688,5.727831949869792
2023-07-26 15:59:17.492838,5474876.0,5475325.0,3.769613972981771,3.773614013671875,5.732527954101562,5.736527994791667
2023-07-26 15:59:17.501808,5474878.0,5475327.0,3.7783096923828126,3.782309773763021,5.7412236735026045,5.745223714192708
2023-07-26 15:59:17.510777,5474880.0,5475329.0,3.7870057779947914,3.7910058186848956,5.749919718424479,5.753919799804687
2023-07-26 15:59:17.518762,5474882.0,5475331.0,3.795701822916667,3.7997018636067708,5.758615804036458,5.762615844726563
2023-07-26 15:59:17.527721,5474884.0,5475333.0,3.8043978678385417,3.8083979492187496,5.767311848958333,5.771311889648437
2023-07-26 15:59:17.536690,5474886.0,5475335.0,3.8130939534505206,3.8170939941406252,5.776007893880208,5.780007975260417
2023-07-26 15:59:17.545661,5474888.0,5475337.0,3.8217899169921874,3.825789916992188,5.784703857421875,5.788703857421875
2023-07-26 15:59:17.553634,5474890.0,5475339.0,3.8304857177734375,3.8344857584635417,5.7933996988932295,5.797399739583333
2023-07-26 15:59:17.562603,5474892.0,5475341.0,3.8391817626953126,3.843181844075521,5.802095743815104,5.806095825195313
2023-07-26 15:59:17.571574,5474894.0,5475343.0,3.847877848307292,3.851877888997396,5.810791829427083,5.814791870117188
2023-07-26 15:59:17.580543,5474896.0,5475345.0,3.8565738932291667,3.860573933919271,5.819487874348958,5.823487915039063
2023-07-26 15:59:17.588517,5474898.0,5475347.0,3.865269938151042,3.86927001953125,5.828183919270833,5.832184000651041
2023-07-26 15:59:17.597487,5474900.0,5475349.0,3.8739656982421873,3.8779657389322915,5.836879638671875,5.840879720052084
2023-07-26 15:59:17.606455,5474902.0,5475351.0,3.8826617431640624,3.8866617838541666,5.845575724283854,5.849575764973959
2023-07-26 15:59:17.615425,5474904.0,5475353.0,3.8913577880859376,3.895357869466146,5.85427176920573,5.858271809895833
2023-07-26 15:59:17.623399,5474906.0,5475355.0,3.9000538736979165,3.9040539143880206,5.862967814127604,5.866967895507813
2023-07-26 15:59:17.632368,5474908.0,5475357.0,3.908760335286458,3.9127603759765623,5.871663899739583,5.875663940429688
2023-07-26 15:59:17.641338,5474910.0,5475359.0,3.9174459635416663,3.921446044921875,5.880359944661459,5.884359985351562
2023-07-26 15:59:17.649312,5474912.0,5475361.0,3.926141682942708,3.9301417643229164,5.8890556640625,5.893055745442708
2023-07-26 15:59:17.658281,5474914.0,5475363.0,3.934837768554688,3.9388378092447915,5.897751749674479,5.9017517903645835
2023-07-26 15:59:17.666810,5474916.0,5475365.0,3.9435338134765625,3.9475338541666662,5.90645821126302,5.910458251953125
2023-07-26 15:59:17.676304,5474918.0,5475367.0,3.9522298583984377,3.956229939778646,5.915143839518229,5.9191439208984375
2023-07-26 15:59:17.684129,5474920.0,5475369.0,3.960925944010417,3.964925984700521,5.923839925130208,5.927839965820312
2023-07-26 15:59:17.693546,5474922.0,5475371.0,3.9696219482421875,3.9736219482421875,5.932535888671875,5.936535888671875
2023-07-26 15:59:17.701851,5474924.0,5475373.0,3.9783177083333334,3.982317789713542,5.941231689453125,5.945231730143229
2023-07-26 15:59:17.710347,5474926.0,5475375.0,3.9870137939453127,3.991013834635417,5.9499277343750006,5.9539278157552085
2023-07-26 15:59:17.719040,5474928.0,5475377.0,3.9957098388671874,3.9997098795572916,5.958623819986979,5.962623860677084
2023-07-26 15:59:17.727592,5474930.0,5475379.0,4.004405883789062,4.0084059651692705,5.967319864908854,5.971319905598958
2023-07-26 15:59:17.736214,5474932.0,5475381.0,4.013101969401042,4.017102010091146,5.976015909830729,5.980015991210938
2023-07-26 15:59:17.745279,5474934.0,5475383.0,4.021797729492188,4.025797729492188,5.984711669921875,5.988711710611979
2023-07-26 15:59:17.753704,5474936.0,5475385.0,4.030493733723959,4.034493774414062,5.99340771484375,5.997407755533854
2023-07-26 15:59:17.762402,5474938.0,5475387.0,4.0391897786458335,4.043189860026041,6.002103759765625,6.006103841145833
2023-07-26 15:59:17.771128,5474940.0,5475389.0,4.047885864257813,4.051885904947916,6.010799845377604,6.014799886067709
2023-07-26 15:59:17.779794,5474942.0,5475391.0,4.0565819091796875,4.060581949869792,6.0194958902994795,6.023495930989583
2023-07-26 15:59:17.788495,5474944.0,5475393.0,4.065277954101562,4.069278035481771,6.028191935221354,6.032192016601562
2023-07-26 15:59:17.797894,5474946.0,5475395.0,4.073973714192708,4.077973754882812,6.036887654622396,6.040887736002604
2023-07-26 15:59:17.806529,5474948.0,5475397.0,4.082669759114584,4.086669799804687,6.045583740234375,6.049583780924479
2023-07-26 15:59:17.814944,5474950.0,5475399.0,4.0913658040364576,4.095365885416666,6.0542797851562495,6.058279825846355
2023-07-26 15:59:17.823357,5474952.0,5475401.0,4.100061889648437,4.104061930338542,6.062975830078125,6.066975911458333
2023-07-26 15:59:17.832459,5474954.0,5475403.0,4.1087579345703125,4.112757975260417,6.0716719156901044,6.075671956380208
2023-07-26 15:59:17.840848,5474956.0,5475405.0,4.117453979492187,4.121453979492187,6.080367919921875,6.084367919921875
2023-07-26 15:59:17.849969,5474958.0,5475407.0,4.126149698893229,4.130149780273437,6.089063680013021,6.093063761393229
2023-07-26 15:59:17.858609,5474960.0,5475409.0,4.134845784505209,4.138845825195313,6.097759765625,6.101759806315104
2023-07-26 15:59:17.866780,5474962.0,5475411.0,4.143541829427083,4.147541870117188,6.1064558105468745,6.1104558512369795
2023-07-26 15:59:17.875947,5474964.0,5475413.0,4.152237874348958,4.156237955729167,6.11515185546875,6.119151936848959
2023-07-26 15:59:17.884770,5474966.0,5475415.0,4.160933959960937,4.164934000651042,6.123847941080729,6.127847981770834
2023-07-26 15:59:17.892878,5474968.0,5475417.0,4.169629760742187,4.1736297607421875,6.132543701171875,6.136543701171875
2023-07-26 15:59:17.901563,5474970.0,5475419.0,4.178325724283854,4.182325805664062,6.141239705403645,6.1452397460937505
2023-07-26 15:59:17.910337,5474972.0,5475421.0,4.187021809895834,4.191021850585937,6.149935750325521,6.15393583170573
2023-07-26 15:59:17.919191,5474974.0,5475423.0,4.195717854817708,4.1997178955078125,6.158631835937499,6.1626318766276045
2023-07-26 15:59:17.927829,5474976.0,5475425.0,4.204413899739583,4.208413981119792,6.167327880859375,6.171327921549479
2023-07-26 15:59:17.936360,5474978.0,5475427.0,4.213109985351562,4.2171100260416665,6.176023925781251,6.180024007161458
2023-07-26 15:59:17.945376,5474980.0,5475429.0,4.2218057047526045,4.225805745442708,6.184719685872396,6.1887197265625
2023-07-26 15:59:17.954418,5474982.0,5475431.0,4.230501749674479,4.234501790364583,6.19341573079427,6.197415771484375
2023-07-26 15:59:17.962430,5474984.0,5475433.0,4.23920821126302,4.243208292643229,6.202111775716146,6.206111857096355
2023-07-26 15:59:17.971572,5474986.0,5475435.0,4.247893880208333,4.251893920898437,6.210807861328125,6.214807902018229
2023-07-26 15:59:17.980609,5474988.0,5475437.0,4.256589925130208,4.260589965820313,6.21950390625,6.223503946940104
2023-07-26 15:59:17.988672,5474990.0,5475439.0,4.2652859700520835,4.269286010742187,6.2281999511718755,6.232199951171875
2023-07-26 15:59:17.997733,5474992.0,5475441.0,4.2739817301432295,4.277981770833334,6.236895670572917,6.240906168619792
2023-07-26 15:59:18.005751,5474994.0,5475443.0,4.282677815755209,4.286677815755208,6.245591756184895,6.249591796875
2023-07-26 15:59:18.014841,5474996.0,5475445.0,4.291373819986979,4.295373901367188,6.254287801106771,6.258287841796875
2023-07-26 15:59:18.023849,5474998.0,5475447.0,4.300069905598958,4.304069946289062,6.262983846028646,6.266983927408854
2023-07-26 15:59:18.032817,5475000.0,5475449.0,4.308765950520833,4.312765991210938,6.271679931640625,6.275679972330729
2023-07-26 15:59:18.040791,5475002.0,5475451.0,4.317461791992188,4.321461791992188,6.280375732421875,6.284375732421875
2023-07-26 15:59:18.049761,5475004.0,5475453.0,4.32615771484375,4.330157796223958,6.289071695963542,6.293071777343751
2023-07-26 15:59:18.058732,5475006.0,5475455.0,4.334853800455729,4.338853841145833,6.29776778157552,6.301767822265625
2023-07-26 15:59:18.067701,5475008.0,5475457.0,4.343549845377604,4.347549886067709,6.306463826497396,6.3104638671875
2023-07-26 15:59:18.075674,5475010.0,5475459.0,4.352245890299479,4.356245971679688,6.315159871419271,6.319159952799478
2023-07-26 15:59:18.084645,5475012.0,5475461.0,4.360941975911459,4.364942016601562,6.323855957031251,6.327855997721354
2023-07-26 15:59:18.093615,5475014.0,5475463.0,4.3696376953125,4.373637736002604,6.332551676432291,6.336551717122396
2023-07-26 15:59:18.101588,5475016.0,5475465.0,4.378333740234375,4.3823338216145835,6.341247721354167,6.345247762044271
2023-07-26 15:59:18.110558,5475018.0,5475467.0,4.387029825846355,4.391029866536458,6.349943766276041,6.35394384765625
2023-07-26 15:59:18.119528,5475020.0,5475469.0,4.395725870768229,4.399725911458334,6.358639851888021,6.362639892578125
2023-07-26 15:59:18.128498,5475022.0,5475471.0,4.404421915690104,4.408421997070313,6.367335896809896,6.3713359375
2023-07-26 15:59:18.136471,5475024.0,5475473.0,4.413118001302084,4.417118041992187,6.376031941731771,6.380031982421875
2023-07-26 15:59:18.145441,5475026.0,5475475.0,4.421813720703125,4.425813761393229,6.384727701822916,6.388727742513021
2023-07-26 15:59:18.154412,5475028.0,5475477.0,4.4305097656250005,4.434509806315104,6.393423746744792,6.397423787434896
2023-07-26 15:59:18.162385,5475030.0,5475479.0,4.439205810546874,4.443205891927083,6.402119791666667,6.406119873046875
2023-07-26 15:59:18.171354,5475032.0,5475481.0,4.447901896158854,4.451901936848959,6.410815877278646,6.41481591796875
2023-07-26 15:59:18.180324,5475034.0,5475483.0,4.456597941080729,4.460597981770833,6.419511922200521,6.4235119628906245
2023-07-26 15:59:18.189296,5475036.0,5475485.0,4.465293823242187,4.469293823242187,6.428207763671875,6.432207763671875
2023-07-26 15:59:18.197267,5475038.0,5475487.0,4.47398974609375,4.477989786783854,6.436903686523437,6.440903767903646
2023-07-26 15:59:18.206238,5475040.0,5475489.0,4.482685791015625,4.48668583170573,6.445599772135417,6.449599812825522
2023-07-26 15:59:18.215208,5475042.0,5475491.0,4.491381835937499,4.495381917317708,6.454295817057291,6.4582958577473955
2023-07-26 15:59:18.223181,5475044.0,5475493.0,4.5000779215494795,4.504077962239583,6.462991861979167,6.466991943359375
2023-07-26 15:59:18.232151,5475046.0,5475495.0,4.508773966471354,4.512774007161458,6.471687947591146,6.47568798828125
2023-07-26 15:59:18.241121,5475048.0,5475497.0,4.5174697265625,4.5214697265625,6.480383666992188,6.484383707682292
2023-07-26 15:59:18.250091,5475050.0,5475499.0,4.526165730794271,4.530165812174479,6.489079711914062,6.493079793294271
2023-07-26 15:59:18.258065,5475052.0,5475501.0,4.5348618164062495,4.538861857096355,6.4977757975260415,6.501775838216147
2023-07-26 15:59:18.267034,5475054.0,5475503.0,4.543557861328125,4.547557902018229,6.506471842447917,6.51047188313802
2023-07-26 15:59:18.276004,5475056.0,5475505.0,4.55225390625,4.556253987630209,6.515167887369792,6.51916796875
2023-07-26 15:59:18.284974,5475058.0,5475507.0,4.560949991861979,4.564950032552083,6.52386397298177,6.527864013671875
2023-07-26 15:59:18.292947,5475060.0,5475509.0,4.5696561279296875,4.573656168619792,6.532559692382812,6.536559733072917
2023-07-26 15:59:18.301917,5475062.0,5475511.0,4.578341756184895,4.582341837565104,6.541255737304687,6.545255777994792
2023-07-26 15:59:18.310887,5475064.0,5475513.0,4.5870378417968745,4.5910378824869795,6.549951782226563,6.553951863606771
2023-07-26 15:59:18.318860,5475066.0,5475515.0,4.59573388671875,4.599733927408854,6.558647867838542,6.562647908528645
2023-07-26 15:59:18.327828,5475068.0,5475517.0,4.604429931640625,4.608430013020833,6.567343912760416,6.571343953450521
2023-07-26 15:59:18.336800,5475070.0,5475519.0,4.613125854492187,4.617125854492187,6.576039794921875,6.580039794921875
2023-07-26 15:59:18.345770,5475072.0,5475521.0,4.621821736653646,4.62582177734375,6.584735717773437,6.588735758463542
2023-07-26 15:59:18.353743,5475074.0,5475523.0,4.63051778157552,4.634517822265625,6.593431762695312,6.597431803385416
2023-07-26 15:59:18.362713,5475076.0,5475525.0,4.639213826497396,4.643213907877604,6.602127807617188,6.6061278889973964
2023-07-26 15:59:18.371683,5475078.0,5475527.0,4.647909912109375,4.651909952799479,6.610823893229167,6.614823933919271
2023-07-26 15:59:18.380653,5475080.0,5475529.0,4.656605957031251,4.660605997721354,6.619519938151042,6.623519978841146
2023-07-26 15:59:18.388627,5475082.0,5475531.0,4.665301676432292,4.6693017578125,6.628215657552083,6.632215698242188
2023-07-26 15:59:18.397596,5475084.0,5475533.0,4.67399776204427,4.677997802734375,6.636911702473959,6.640911783854167
2023-07-26 15:59:18.406567,5475086.0,5475535.0,4.682693806966146,4.68669384765625,6.645607788085938,6.649607828776041
2023-07-26 15:59:18.415535,5475088.0,5475537.0,4.691389851888021,4.695389933268229,6.654303833007813,6.658303873697917
2023-07-26 15:59:18.423510,5475090.0,5475539.0,4.7000859375,4.704085978190104,6.663010294596354,6.667010375976562
2023-07-26 15:59:18.432480,5475092.0,5475541.0,4.7087819824218755,4.712782023111979,6.671695963541667,6.675696004231771
2023-07-26 15:59:18.441449,5475094.0,5475543.0,4.717477701822916,4.721477742513021,6.680391682942708,6.684391723632813
2023-07-26 15:59:18.449423,5475096.0,5475545.0,4.7261737467447915,4.730173828125,6.6890877278645835,6.693087809244791
2023-07-26 15:59:18.458393,5475098.0,5475547.0,4.734869832356771,4.738869873046875,6.697783813476563,6.701783854166666
2023-07-26 15:59:18.467362,5475100.0,5475549.0,4.7435658772786455,4.747565917968751,6.706479858398437,6.710479899088542
2023-07-26 15:59:18.476333,5475102.0,5475551.0,4.752261922200521,4.756262003580729,6.715175903320313,6.719175984700521
2023-07-26 15:59:18.484306,5475104.0,5475553.0,4.7609578857421875,4.764957885742187,6.723871826171875,6.727871826171875
2023-07-26 15:59:18.493276,5475106.0,5475555.0,4.769653727213541,4.773653767903646,6.732567708333333,6.736567749023438
2023-07-26 15:59:18.502246,5475108.0,5475557.0,4.7783497721354165,4.782349853515625,6.741263753255208,6.745263793945313
2023-07-26 15:59:18.510219,5475110.0,5475559.0,4.787045857747396,4.7910458984375,6.749959798177084,6.753959879557292
2023-07-26 15:59:18.519189,5475112.0,5475561.0,4.795741902669271,4.799741943359375,6.7586558837890625,6.762655924479167
2023-07-26 15:59:18.528159,5475114.0,5475563.0,4.804437947591146,4.808438028971354,6.767351928710937,6.771351969401042
2023-07-26 15:59:18.537127,5475116.0,5475565.0,4.813133666992188,4.817133748372395,6.776047648111979,6.780047729492188
2023-07-26 15:59:18.545100,5475118.0,5475567.0,4.821829752604167,4.825829793294271,6.784743733723959,6.788743774414062
2023-07-26 15:59:18.554071,5475120.0,5475569.0,4.830525797526041,4.8345258382161465,6.793439778645833,6.7974398193359375
2023-07-26 15:59:18.563040,5475122.0,5475571.0,4.839221842447917,4.843221923828125,6.802135823567709,6.806135904947916
2023-07-26 15:59:18.572011,5475124.0,5475573.0,4.847917928059896,4.85191796875,6.810831909179687,6.814831949869792
2023-07-26 15:59:18.579984,5475126.0,5475575.0,4.856613972981771,4.860614013671875,6.819527954101562,6.823527994791667
2023-07-26 15:59:18.589299,5475128.0,5475577.0,4.865309692382812,4.869309773763021,6.828223673502604,6.832223714192708
2023-07-26 15:59:18.597403,5475130.0,5475579.0,4.874005777994792,4.878005818684896,6.836919718424479,6.840919799804688
2023-07-26 15:59:18.606023,5475132.0,5475581.0,4.882701822916666,4.886701863606771,6.845615804036458,6.8496158447265625
2023-07-26 15:59:18.615552,5475134.0,5475583.0,4.891397867838542,4.89539794921875,6.854311848958334,6.858311889648437
2023-07-26 15:59:18.623983,5475136.0,5475585.0,4.900093953450521,4.9040939941406245,6.863007893880208,6.8670079752604165
2023-07-26 15:59:18.632302,5475138.0,5475587.0,4.908789916992187,4.912789916992187,6.871703857421875,6.875703857421875
2023-07-26 15:59:18.641296,5475140.0,5475589.0,4.917485717773437,4.921485758463542,6.880399698893229,6.884399739583333
2023-07-26 15:59:18.649957,5475142.0,5475591.0,4.926181762695312,4.930181844075521,6.889095743815105,6.893095825195313
2023-07-26 15:59:18.658666,5475144.0,5475593.0,4.934877848307291,4.938877888997396,6.897791829427083,6.901791870117187
2023-07-26 15:59:18.667411,5475146.0,5475595.0,4.943573893229167,4.947573933919271,6.906487874348958,6.910487915039063
2023-07-26 15:59:18.676045,5475148.0,5475597.0,4.9522699381510416,4.9562700195312495,6.915183919270833,6.919184000651041
2023-07-26 15:59:18.684678,5475150.0,5475599.0,4.9609656982421875,4.964965738932292,6.923879638671875,6.927879720052084
2023-07-26 15:59:18.693477,5475152.0,5475601.0,4.969661743164062,4.973661783854167,6.932575724283854,6.936575764973958
2023-07-26 15:59:18.701810,5475154.0,5475603.0,4.978357788085938,4.982357869466146,6.94127176920573,6.945271809895833
2023-07-26 15:59:18.710542,5475156.0,5475605.0,4.987053873697917,4.99105391438802,6.9499678141276044,6.953967895507812
2023-07-26 15:59:18.718998,5475158.0,5475607.0,4.995760335286459,4.999760375976562,6.958663899739583,6.962663940429688
2023-07-26 15:59:18.728044,5475160.0,5475609.0,5.0044459635416665,5.008446044921875,6.9673599446614585,6.971359985351562
2023-07-26 15:59:18.737117,5475162.0,5475611.0,5.013141682942708,5.017141764322917,6.9760556640625,6.980055745442709
2023-07-26 15:59:18.745255,5475164.0,5475613.0,5.021837768554687,5.025837809244792,6.984751749674479,6.988751790364583
2023-07-26 15:59:18.754326,5475166.0,5475615.0,5.030533813476563,5.034533854166667,6.993458211263021,6.997458251953125
2023-07-26 15:59:18.763109,5475168.0,5475617.0,5.039229858398437,5.043229939778645,7.002143839518229,7.006143920898437
2023-07-26 15:59:18.771224,5475170.0,5475619.0,5.047925944010417,5.051925984700521,7.010839925130208,7.014839965820313
2023-07-26 15:59:18.779889,5475172.0,5475621.0,5.056621948242188,5.060621948242188,7.019535888671875,7.0235358886718755
2023-07-26 15:59:18.789206,5475174.0,5475623.0,5.065317708333333,5.0693177897135415,7.028231689453126,7.032231730143229
2023-07-26 15:59:18.798176,5475176.0,5475625.0,5.074013793945312,5.078013834635417,7.036927734375,7.040927815755208
2023-07-26 15:59:18.806150,5475178.0,5475627.0,5.082709838867188,5.086709879557292,7.045623819986979,7.049623860677084
2023-07-26 15:59:18.815120,5475180.0,5475629.0,5.091405883789062,5.09540596516927,7.054319864908853,7.0583199055989585
2023-07-26 15:59:18.824089,5475182.0,5475631.0,5.100101969401042,5.104102010091146,7.063015909830729,7.067015991210938
2023-07-26 15:59:18.832063,5475184.0,5475633.0,5.108797729492188,5.112797729492188,7.071711669921875,7.075711710611979
2023-07-26 15:59:18.841033,5475186.0,5475635.0,5.1174937337239585,5.121493774414062,7.08040771484375,7.084407755533854
2023-07-26 15:59:18.850346,5475188.0,5475637.0,5.126189778645833,5.130189860026041,7.089103759765625,7.093103841145833
2023-07-26 15:59:18.858837,5475190.0,5475639.0,5.134885864257813,5.138885904947916,7.097799845377604,7.101799886067709
2023-07-26 15:59:18.867114,5475192.0,5475641.0,5.143581909179688,5.1475819498697915,7.106495890299479,7.110495930989583
2023-07-26 15:59:18.876421,5475194.0,5475643.0,5.152277954101563,5.156278035481771,7.115191935221354,7.119192016601563
2023-07-26 15:59:18.884704,5475196.0,5475645.0,5.160973714192708,5.164973754882813,7.123887654622396,7.127887736002605
2023-07-26 15:59:18.893749,5475198.0,5475647.0,5.1696697591145835,5.173669799804688,7.1325837402343755,7.136583780924479
2023-07-26 15:59:18.901748,5475200.0,5475649.0,5.178365804036458,5.182365885416666,7.14127978515625,7.145279825846354
2023-07-26 15:59:18.910719,5475202.0,5475651.0,5.1870618896484375,5.191061930338542,7.149975830078125,7.153975911458334
2023-07-26 15:59:18.919687,5475204.0,5475653.0,5.195757934570313,5.199757975260416,7.158671915690104,7.162671956380208
2023-07-26 15:59:18.927661,5475206.0,5475655.0,5.204453979492187,5.208453979492187,7.167367919921875,7.171367919921875
2023-07-26 15:59:18.936631,5475208.0,5475657.0,5.213149698893229,5.217149780273438,7.176063680013021,7.180063761393229
2023-07-26 15:59:18.945601,5475210.0,5475659.0,5.221845784505208,5.225845825195313,7.184759765625,7.188759806315104
2023-07-26 15:59:18.954571,5475212.0,5475661.0,5.230541829427083,5.234541870117187,7.193455810546874,7.197455851236979
2023-07-26 15:59:18.962544,5475214.0,5475663.0,5.239237874348958,5.243237955729167,7.20215185546875,7.206151936848959
2023-07-26 15:59:18.971514,5475216.0,5475665.0,5.247933959960937,5.251934000651041,7.210847941080729,7.214847981770834
2023-07-26 15:59:18.980484,5475218.0,5475667.0,5.256629760742187,5.260629760742187,7.219543701171875,7.223543701171875
2023-07-26 15:59:18.988458,5475220.0,5475669.0,5.265325724283854,5.269325805664062,7.228239705403646,7.23223974609375
2023-07-26 15:59:18.997427,5475222.0,5475671.0,5.274021809895833,5.2780218505859375,7.236935750325522,7.2409358317057295
2023-07-26 15:59:19.006398,5475224.0,5475673.0,5.282717854817709,5.286717895507812,7.2456318359375,7.249631876627604
2023-07-26 15:59:19.015367,5475226.0,5475675.0,5.291413899739584,5.295413981119792,7.254327880859375,7.25832792154948
2023-07-26 15:59:19.023341,5475228.0,5475677.0,5.300109985351562,5.304110026041667,7.26302392578125,7.267024007161458
2023-07-26 15:59:19.032310,5475230.0,5475679.0,5.308805704752604,5.3128057454427084,7.271719685872396,7.2757197265624995
2023-07-26 15:59:19.041279,5475232.0,5475681.0,5.317501749674479,5.321501790364584,7.280415730794271,7.284415771484375
2023-07-26 15:59:19.050249,5475234.0,5475683.0,5.326208211263021,5.330208292643229,7.289111775716146,7.2931118570963545
2023-07-26 15:59:19.058222,5475236.0,5475685.0,5.334893880208334,5.338893920898437,7.297807861328125,7.301807902018229
2023-07-26 15:59:19.067192,5475238.0,5475687.0,5.343589925130208,5.347589965820313,7.30650390625,7.310503946940105
2023-07-26 15:59:19.076166,5475240.0,5475689.0,5.352285970052083,5.3562860107421875,7.315199951171875,7.319199951171875
2023-07-26 15:59:19.084135,5475242.0,5475691.0,5.360981730143229,5.364981770833333,7.323895670572917,7.3279061686197915
2023-07-26 15:59:19.093105,5475244.0,5475693.0,5.369677775065104,5.373677815755208,7.332591756184895,7.336591796875
2023-07-26 15:59:19.102075,5475246.0,5475695.0,5.378373819986979,5.382373901367187,7.341287801106771,7.345287841796875
2023-07-26 15:59:19.110862,5475248.0,5475697.0,5.387069905598959,5.391069946289062,7.349983846028646,7.353983927408855
2023-07-26 15:59:19.119536,5475250.0,5475699.0,5.395765950520833,5.399765991210938,7.358679931640625,7.362679972330729
2023-07-26 15:59:19.128044,5475252.0,5475701.0,5.404461791992188,5.408461791992188,7.367375732421875,7.371375732421876
2023-07-26 15:59:19.137103,5475254.0,5475703.0,5.4131577148437495,5.417157796223958,7.376071695963542,7.38007177734375
2023-07-26 15:59:19.145164,5475256.0,5475705.0,5.42185380045573,5.425853841145833,7.384767781575521,7.388767822265625
2023-07-26 15:59:19.153879,5475258.0,5475707.0,5.430549845377604,5.434549886067709,7.3934638264973955,7.397463867187501
2023-07-26 15:59:19.162542,5475260.0,5475709.0,5.439245890299479,5.443245971679688,7.402159871419271,7.406159952799479
2023-07-26 15:59:19.171230,5475262.0,5475711.0,5.4479419759114585,5.451942016601563,7.41085595703125,7.414855997721354
2023-07-26 15:59:19.179926,5475264.0,5475713.0,5.4566376953125,5.460637736002605,7.419551676432292,7.423551717122396
2023-07-26 15:59:19.189350,5475266.0,5475715.0,5.465333740234375,5.469333821614583,7.428247721354166,7.432247762044271
2023-07-26 15:59:19.197777,5475268.0,5475717.0,5.474029825846355,5.478029866536458,7.436943766276041,7.44094384765625
2023-07-26 15:59:19.206237,5475270.0,5475719.0,5.4827258707682285,5.4867259114583335,7.4456398518880205,7.4496398925781255
2023-07-26 15:59:19.215293,5475272.0,5475721.0,5.491421915690104,5.495421997070313,7.454335896809896,7.458335937499999
2023-07-26 15:59:19.224348,5475274.0,5475723.0,5.500118001302083,5.504118041992187,7.463031941731771,7.467031982421875
2023-07-26 15:59:19.232450,5475276.0,5475725.0,5.508813720703125,5.51281376139323,7.471727701822917,7.475727742513021
2023-07-26 15:59:19.241597,5475278.0,5475727.0,5.517509765625,5.521509806315104,7.480423746744792,7.484423787434896
2023-07-26 15:59:19.249635,5475280.0,5475729.0,5.526205810546875,5.530205891927083,7.489119791666667,7.493119873046876
2023-07-26 15:59:19.258706,5475282.0,5475731.0,5.534901896158853,5.5389019368489585,7.497815877278645,7.5018159179687505
2023-07-26 15:59:19.267764,5475284.0,5475733.0,5.543597941080729,5.547597981770834,7.506511922200521,7.510511962890625
2023-07-26 15:59:19.275871,5475286.0,5475735.0,5.552293823242187,5.5562938232421875,7.515207763671875,7.519207763671875
2023-07-26 15:59:19.284191,5475288.0,5475737.0,5.5609897460937505,5.564989786783854,7.523903686523438,7.527903767903646
2023-07-26 15:59:19.293507,5475290.0,5475739.0,5.569685791015625,5.573685831705729,7.532599772135416,7.536599812825521
2023-07-26 15:59:19.302220,5475292.0,5475741.0,5.5783818359375,5.582381917317708,7.541295817057291,7.545295857747396
2023-07-26 15:59:19.310292,5475294.0,5475743.0,5.587077921549479,5.591077962239583,7.549991861979167,7.5539919433593745
2023-07-26 15:59:19.319763,5475296.0,5475745.0,5.595773966471354,5.599774007161458,7.558687947591146,7.56268798828125
2023-07-26 15:59:19.328236,5475298.0,5475747.0,5.604469685872396,5.608469726562499,7.567383666992188,7.571383707682291
2023-07-26 15:59:19.337055,5475300.0,5475749.0,5.613165730794271,5.617165812174479,7.576079711914062,7.580079793294271
2023-07-26 15:59:19.350915,5475302.0,5475751.0,5.62186181640625,5.625861857096354,7.584775797526041,7.588775838216146
2023-07-26 15:59:19.358933,5475305.0,5475754.0,5.634905883789062,5.63890596516927,7.597819864908853,7.601819905598958
2023-07-26 15:59:19.367015,5475307.0,5475756.0,5.6436019694010415,5.647602010091146,7.60651590983073,7.610515991210938
2023-07-26 15:59:19.376046,5475309.0,5475758.0,5.652297729492188,5.656297729492188,7.615211669921875,7.61921171061198
2023-07-26 15:59:19.384345,5475311.0,5475760.0,5.660993733723958,5.664993774414063,7.6239077148437495,7.627907755533854
2023-07-26 15:59:19.393434,5475313.0,5475762.0,5.669689778645833,5.673689860026042,7.632603759765625,7.636603841145833
2023-07-26 15:59:19.402483,5475315.0,5475764.0,5.678385864257812,5.682385904947917,7.641299845377604,7.645299886067709
2023-07-26 15:59:19.410502,5475317.0,5475766.0,5.687081909179688,5.691081949869791,7.649995890299479,7.653995930989583
2023-07-26 15:59:19.419771,5475319.0,5475768.0,5.695777954101563,5.699778035481771,7.658691935221354,7.662692016601563
2023-07-26 15:59:19.427829,5475321.0,5475770.0,5.704473714192708,5.708473754882813,7.667387654622396,7.671387736002605
2023-07-26 15:59:19.436895,5475323.0,5475772.0,5.713169759114583,5.7171697998046875,7.676083740234375,7.680083780924479
2023-07-26 15:59:19.445970,5475325.0,5475774.0,5.721865804036458,5.725865885416666,7.68477978515625,7.688779825846354
2023-07-26 15:59:19.454003,5475327.0,5475776.0,5.730561889648437,5.734561930338542,7.693475830078125,7.6974759114583335
2023-07-26 15:59:19.463072,5475329.0,5475778.0,5.739257934570313,5.743257975260416,7.702171915690104,7.706171956380208
2023-07-26 15:59:19.472056,5475331.0,5475780.0,5.747953979492187,5.751953979492187,7.710867919921875,7.7148679199218755
2023-07-26 15:59:19.480029,5475333.0,5475782.0,5.756649698893229,5.760649780273438,7.719563680013021,7.723563761393229
2023-07-26 15:59:19.488999,5475335.0,5475784.0,5.765345784505208,5.7693458251953125,7.728259765625,7.732259806315104
2023-07-26 15:59:19.497969,5475337.0,5475786.0,5.774041829427083,5.778041870117188,7.736955810546874,7.740955851236979
2023-07-26 15:59:19.505942,5475339.0,5475788.0,5.782737874348959,5.7867379557291665,7.745651855468751,7.7496519368489585
2023-07-26 15:59:19.514912,5475341.0,5475790.0,5.791433959960938,5.795434000651041,7.754347941080729,7.758347981770834
2023-07-26 15:59:19.523886,5475343.0,5475792.0,5.800129760742187,5.804129760742187,7.763043701171875,7.767043701171875
2023-07-26 15:59:19.532856,5475345.0,5475794.0,5.808825724283854,5.812825805664063,7.771739705403646,7.77573974609375
2023-07-26 15:59:19.540825,5475347.0,5475796.0,5.817521809895833,5.821521850585937,7.7804357503255215,7.784435831705729
2023-07-26 15:59:19.549799,5475349.0,5475798.0,5.826217854817709,5.830217895507812,7.7891318359375,7.793131876627604
2023-07-26 15:59:19.558766,5475351.0,5475800.0,5.8349138997395835,5.838913981119791,7.797827880859375,7.80182792154948
2023-07-26 15:59:19.566743,5475353.0,5475802.0,5.843609985351562,5.847610026041667,7.80652392578125,7.810524007161458
2023-07-26 15:59:19.575709,5475355.0,5475804.0,5.852305704752604,5.856305745442708,7.815219685872396,7.819219726562499
2023-07-26 15:59:19.584679,5475357.0,5475806.0,5.861001749674479,5.865001790364584,7.823915730794271,7.827915771484375
2023-07-26 15:59:19.593648,5475359.0,5475808.0,5.869708211263021,5.8737082926432285,7.8326117757161455,7.836611857096354
2023-07-26 15:59:19.601620,5475361.0,5475810.0,5.878393880208334,5.882393920898437,7.841307861328126,7.845307902018229
2023-07-26 15:59:19.610592,5475363.0,5475812.0,5.887089965820313,5.891089965820313,7.8500039062499996,7.854003946940105
2023-07-26 15:59:19.619562,5475365.0,5475814.0,5.895785970052083,5.899786010742187,7.858699951171875,7.862699951171875
2023-07-26 15:59:19.628532,5475367.0,5475816.0,5.904481730143229,5.908481770833334,7.867395670572916,7.871406168619792
2023-07-26 15:59:19.636505,5475369.0,5475818.0,5.913177775065104,5.917177815755209,7.876091756184896,7.880091796875
2023-07-26 15:59:19.645475,5475371.0,5475820.0,5.921873819986979,5.925873901367187,7.884787801106771,7.888787841796875
2023-07-26 15:59:19.654445,5475373.0,5475822.0,5.930569905598959,5.934569946289062,7.893483846028646,7.897483927408855
2023-07-26 15:59:19.663416,5475375.0,5475824.0,5.939265950520833,5.943265991210938,7.9021799316406245,7.9061799723307296
2023-07-26 15:59:19.671389,5475377.0,5475826.0,5.947961791992188,5.951961791992188,7.910875732421875,7.9148757324218755
2023-07-26 15:59:19.680358,5475379.0,5475828.0,5.956657714843749,5.960657796223958,7.919571695963542,7.92357177734375
2023-07-26 15:59:19.689332,5475381.0,5475830.0,5.96535380045573,5.969353841145833,7.928267781575521,7.932267822265625
2023-07-26 15:59:19.698298,5475383.0,5475832.0,5.974049845377604,5.9780498860677085,7.936963826497395,7.9409638671875005
2023-07-26 15:59:19.706272,5475385.0,5475834.0,5.982745890299479,5.986745971679688,7.945659871419271,7.949659952799479
2023-07-26 15:59:19.715239,5475387.0,5475836.0,5.991441975911458,5.9954420166015625,7.95435595703125,7.958355997721354
2023-07-26 15:59:19.724209,5475389.0,5475838.0,6.0001376953125,6.004137736002605,7.963051676432292,7.967051717122396
2023-07-26 15:59:19.732183,5475391.0,5475840.0,6.008833740234375,6.012833821614583,7.971747721354166,7.9757477620442705
2023-07-26 15:59:19.741153,5475393.0,5475842.0,6.0175298258463545,6.021529866536458,7.980443766276042,7.98444384765625
2023-07-26 15:59:19.750123,5475395.0,5475844.0,6.026225870768229,6.030225911458333,7.98913985188802,7.993139892578125
2023-07-26 15:59:19.759093,5475397.0,5475846.0,6.034921915690105,6.038921997070313,7.997835896809896,8.0018359375
2023-07-26 15:59:19.767066,5475399.0,5475848.0,6.043618001302083,6.047618041992187,8.006531941731772,8.010531982421876
2023-07-26 15:59:19.775689,5475401.0,5475850.0,6.052313720703125,6.05631376139323,8.015227701822916,8.01922774251302
2023-07-26 15:59:19.785008,5475403.0,5475852.0,6.061009765625,6.065009806315104,8.023923746744792,8.027923787434895
2023-07-26 15:59:19.793440,5475405.0,5475854.0,6.069705810546875,6.073705891927083,8.032619791666667,8.036619873046876
2023-07-26 15:59:19.801803,5475407.0,5475856.0,6.078401896158854,6.082401936848958,8.041315877278645,8.045315917968749
2023-07-26 15:59:19.815047,5475409.0,5475858.0,6.087097941080729,6.091097981770834,8.050011922200522,8.054011962890625
2023-07-26 15:59:19.823471,5475412.0,5475861.0,6.100141682942708,6.104141764322916,8.063055664062501,8.067055745442708
2023-07-26 15:59:19.832522,5475414.0,5475863.0,6.108837768554687,6.112837809244792,8.07175174967448,8.075751790364583
2023-07-26 15:59:19.841547,5475416.0,5475865.0,6.117533813476562,6.121533854166667,8.080458211263021,8.084458251953125
2023-07-26 15:59:19.849578,5475418.0,5475867.0,6.126229858398437,6.130229939778645,8.08914383951823,8.093143920898438
2023-07-26 15:59:19.858661,5475420.0,5475869.0,6.1349259440104165,6.138925984700521,8.097839925130208,8.10183996582031
2023-07-26 15:59:19.866802,5475422.0,5475871.0,6.143621948242188,6.147621948242188,8.106535888671875,8.110535888671874
2023-07-26 15:59:19.875872,5475424.0,5475873.0,6.152317708333333,6.156317789713541,8.115231689453125,8.11923173014323
2023-07-26 15:59:19.884926,5475426.0,5475875.0,6.161013793945312,6.165013834635417,8.123927775065104,8.127927815755207
2023-07-26 15:59:19.892956,5475428.0,5475877.0,6.169709838867187,6.1737098795572924,8.13262381998698,8.136623860677084
2023-07-26 15:59:19.902122,5475430.0,5475879.0,6.178405883789062,6.182405965169271,8.141319864908853,8.145319905598958
2023-07-26 15:59:19.910492,5475432.0,5475881.0,6.187101969401042,6.191102010091146,8.15001590983073,8.154015991210937
2023-07-26 15:59:19.919742,5475434.0,5475883.0,6.195797729492188,6.199797729492188,8.158711669921876,8.16271171061198
2023-07-26 15:59:19.928351,5475436.0,5475885.0,6.204493733723958,6.2084937744140625,8.16740771484375,8.171407755533853
2023-07-26 15:59:19.936695,5475438.0,5475887.0,6.213189778645833,6.217189860026042,8.176103759765626,8.180103841145833
2023-07-26 15:59:19.945093,5475440.0,5475889.0,6.221885864257812,6.2258859049479165,8.184799845377604,8.18879988606771
2023-07-26 15:59:19.954570,5475442.0,5475891.0,6.230581909179688,6.234581949869791,8.193495890299479,8.197495930989582
2023-07-26 15:59:19.962866,5475444.0,5475893.0,6.239277954101563,6.2432780354817705,8.202191935221355,8.206192016601562
2023-07-26 15:59:19.971266,5475446.0,5475895.0,6.247973714192708,6.251973754882813,8.210887654622395,8.214887736002604
2023-07-26 15:59:19.979944,5475448.0,5475897.0,6.256669759114583,6.260669799804687,8.219583740234375,8.223583780924479
2023-07-26 15:59:19.988583,5475450.0,5475899.0,6.265365804036458,6.269365885416666,8.22827978515625,8.232279825846355
2023-07-26 15:59:19.998032,5475452.0,5475901.0,6.274061889648437,6.278061930338542,8.236975830078125,8.240975911458333
2023-07-26 15:59:20.006665,5475454.0,5475903.0,6.282757934570313,6.286757975260416,8.245671915690105,8.249671956380208
2023-07-26 15:59:20.015351,5475456.0,5475905.0,6.2914539794921875,6.295453979492187,8.254367919921876,8.258367919921875
2023-07-26 15:59:20.023847,5475458.0,5475907.0,6.300149698893229,6.304149780273438,8.26306368001302,8.267063761393228
2023-07-26 15:59:20.032730,5475460.0,5475909.0,6.308845784505208,6.312845825195313,8.271759765625001,8.275759806315104
2023-07-26 15:59:20.040942,5475462.0,5475911.0,6.317541829427083,6.321541870117188,8.280455810546874,8.284455851236979
2023-07-26 15:59:20.049416,5475464.0,5475913.0,6.3262378743489585,6.330237955729166,8.28915185546875,8.293151936848957
2023-07-26 15:59:20.058645,5475466.0,5475915.0,6.334933959960938,6.338934000651041,8.29784794108073,8.301847981770834
2023-07-26 15:59:20.067546,5475468.0,5475917.0,6.343629760742187,6.347629760742187,8.306543701171874,8.310543701171873
2023-07-26 15:59:20.075768,5475470.0,5475919.0,6.352325724283854,6.356325805664063,8.315239705403647,8.31923974609375
2023-07-26 15:59:20.084240,5475472.0,5475921.0,6.361021809895833,6.365021850585937,8.32393575032552,8.32793583170573
2023-07-26 15:59:20.093403,5475474.0,5475923.0,6.369717854817709,6.373717895507812,8.3326318359375,8.336631876627603
2023-07-26 15:59:20.102120,5475476.0,5475925.0,6.378413899739583,6.382413981119791,8.341327880859376,8.34532792154948
2023-07-26 15:59:20.110250,5475478.0,5475927.0,6.387109985351563,6.391110026041667,8.35002392578125,8.354024007161458
2023-07-26 15:59:20.119350,5475480.0,5475929.0,6.395805704752604,6.399805745442708,8.358719685872396,8.3627197265625
2023-07-26 15:59:20.128529,5475482.0,5475931.0,6.404501749674479,6.408501790364584,8.36741573079427,8.371415771484376
2023-07-26 15:59:20.136589,5475484.0,5475933.0,6.41320821126302,6.417208292643229,8.376111775716145,8.380111857096354
2023-07-26 15:59:20.145678,5475486.0,5475935.0,6.421893880208334,6.425893920898437,8.384807861328126,8.388807902018229
2023-07-26 15:59:20.154081,5475488.0,5475937.0,6.430589925130208,6.4345899658203125,8.39350390625,8.397503946940105
2023-07-26 15:59:20.163381,5475490.0,5475939.0,6.439285970052084,6.443286010742187,8.402199951171875,8.406199951171875
2023-07-26 15:59:20.171590,5475492.0,5475941.0,6.447981730143229,6.451981770833334,8.410895670572918,8.414906168619792
2023-07-26 15:59:20.179912,5475494.0,5475943.0,6.456677775065104,6.460677815755209,8.419591756184895,8.423591796875
2023-07-26 15:59:20.189177,5475496.0,5475945.0,6.465373819986979,6.469373901367187,8.428287801106771,8.432287841796875
2023-07-26 15:59:20.197300,5475498.0,5475947.0,6.474069905598959,6.478069946289062,8.436983846028646,8.440983927408855
2023-07-26 15:59:20.206621,5475500.0,5475949.0,6.482765950520833,6.486765991210937,8.445679931640624,8.449679972330728
2023-07-26 15:59:20.214946,5475502.0,5475951.0,6.4914617919921875,6.495461791992188,8.454375732421875,8.458375732421874
2023-07-26 15:59:20.224259,5475504.0,5475953.0,6.500157714843749,6.504157796223958,8.46307169596354,8.467071777343751
2023-07-26 15:59:20.232458,5475506.0,5475955.0,6.5088538004557295,6.512853841145834,8.47176778157552,8.475767822265624
2023-07-26 15:59:20.241553,5475508.0,5475957.0,6.517549845377604,6.521549886067708,8.480463826497397,8.4844638671875
2023-07-26 15:59:20.249562,5475510.0,5475959.0,6.52624589029948,6.530245971679688,8.48915987141927,8.493159952799479
2023-07-26 15:59:20.258602,5475512.0,5475961.0,6.534941975911458,6.538942016601562,8.49785595703125,8.501855997721353
2023-07-26 15:59:20.267671,5475514.0,5475963.0,6.5436376953125,6.547637736002605,8.506551676432291,8.510551717122397
2023-07-26 15:59:20.276240,5475516.0,5475965.0,6.552333780924479,6.556333821614584,8.515247721354166,8.519247762044271
2023-07-26 15:59:20.284600,5475518.0,5475967.0,6.561029825846354,6.565029866536458,8.523943766276043,8.52794384765625
2023-07-26 15:59:20.293719,5475520.0,5475969.0,6.569725870768229,6.573725911458333,8.532639851888021,8.536639892578126
2023-07-26 15:59:20.302174,5475522.0,5475971.0,6.578421915690105,6.582421997070313,8.541335896809896,8.545335937499999
2023-07-26 15:59:20.310671,5475524.0,5475973.0,6.587118001302083,6.591118041992187,8.550031941731772,8.554031982421876
2023-07-26 15:59:20.319863,5475526.0,5475975.0,6.595813720703124,6.5998137613932295,8.558727701822916,8.56272774251302
2023-07-26 15:59:20.328127,5475528.0,5475977.0,6.604509765625,6.608509806315104,8.567423746744792,8.571423787434895
2023-07-26 15:59:20.336529,5475530.0,5475979.0,6.613205810546875,6.617205891927083,8.576119791666667,8.580119873046876
2023-07-26 15:59:20.345648,5475532.0,5475981.0,6.621901896158854,6.625901936848958,8.584815877278645,8.588815917968748
2023-07-26 15:59:20.354640,5475534.0,5475983.0,6.630597941080729,6.634597981770834,8.593511922200522,8.597511962890625
2023-07-26 15:59:20.363177,5475536.0,5475985.0,6.639293823242187,6.643293823242187,8.602207763671876,8.606207763671875
2023-07-26 15:59:20.371289,5475538.0,5475987.0,6.64798974609375,6.651989786783854,8.610903686523438,8.614903767903645
2023-07-26 15:59:20.380514,5475540.0,5475989.0,6.656685791015625,6.660685831705729,8.619599772135418,8.623599812825521
2023-07-26 15:59:20.388727,5475542.0,5475991.0,6.6653818359375,6.6693819173177085,8.62829581705729,8.632295857747394
2023-07-26 15:59:20.397913,5475544.0,5475993.0,6.67407792154948,6.678077962239583,8.636991861979167,8.640991943359374
2023-07-26 15:59:20.406095,5475546.0,5475995.0,6.682773966471355,6.686774007161458,8.645687947591147,8.64968798828125
2023-07-26 15:59:20.415323,5475548.0,5475997.0,6.691469685872396,6.6954697265625,8.654383666992187,8.658383707682292
2023-07-26 15:59:20.423498,5475550.0,5475999.0,6.700165730794271,6.704165812174479,8.663079711914063,8.66707979329427
2023-07-26 15:59:20.432081,5475552.0,5476001.0,6.70886181640625,6.712861857096354,8.671775797526042,8.675775838216147
2023-07-26 15:59:20.441436,5475554.0,5476003.0,6.7175578613281255,6.721557902018229,8.680471842447917,8.68447188313802
2023-07-26 15:59:20.449852,5475556.0,5476005.0,6.72625390625,6.730253987630208,8.689167887369793,8.69316796875
2023-07-26 15:59:20.458165,5475558.0,5476007.0,6.734949991861979,6.738950032552084,8.69786397298177,8.701864013671875
2023-07-26 15:59:20.466870,5475560.0,5476009.0,6.743656127929687,6.747656168619792,8.706559692382813,8.710559733072916
2023-07-26 15:59:20.476218,5475562.0,5476011.0,6.7523417561848955,6.756341837565103,8.715255737304688,8.719255777994793
2023-07-26 15:59:20.484381,5475564.0,5476013.0,6.761037841796875,6.765037882486979,8.723951782226562,8.727951863606771
2023-07-26 15:59:20.493621,5475566.0,5476015.0,6.7697338867187495,6.773733927408855,8.732647867838542,8.736647908528646
2023-07-26 15:59:20.502625,5475568.0,5476017.0,6.778429931640625,6.782430013020833,8.741343912760417,8.74534395345052
2023-07-26 15:59:20.511026,5475570.0,5476019.0,6.787125854492187,6.791125854492187,8.750039794921875,8.754039794921875
2023-07-26 15:59:20.519064,5475572.0,5476021.0,6.795821736653646,6.79982177734375,8.758735717773439,8.762735758463542
2023-07-26 15:59:20.528289,5475574.0,5476023.0,6.8045177815755205,6.8085178222656255,8.767431762695312,8.771431803385417
2023-07-26 15:59:20.536608,5475576.0,5476025.0,6.813213826497396,6.817213907877604,8.776127807617188,8.780127888997395
2023-07-26 15:59:20.545194,5475578.0,5476027.0,6.821909912109375,6.825909952799479,8.784823893229168,8.788823933919272
2023-07-26 15:59:20.553956,5475580.0,5476029.0,6.83060595703125,6.834605997721354,8.793519938151041,8.797519978841144
2023-07-26 15:59:20.562554,5475582.0,5476031.0,6.839301676432291,6.8433017578125,8.802215657552084,8.806215698242188
2023-07-26 15:59:20.571258,5475584.0,5476033.0,6.847997762044271,6.851997802734375,8.810911702473957,8.814911783854168
2023-07-26 15:59:20.579964,5475586.0,5476035.0,6.856693806966146,6.86069384765625,8.819607788085937,8.82360782877604
2023-07-26 15:59:20.589489,5475588.0,5476037.0,6.865389851888021,6.869389933268229,8.828303833007814,8.832303873697917
2023-07-26 15:59:20.597611,5475590.0,5476039.0,6.874085937499999,6.8780859781901045,8.837010294596354,8.841010375976563
2023-07-26 15:59:20.606644,5475592.0,5476041.0,6.882781982421875,6.886782023111979,8.845695963541667,8.84969600423177
2023-07-26 15:59:20.615035,5475594.0,5476043.0,6.891477701822916,6.8954777425130205,8.854391682942708,8.858391723632813
2023-07-26 15:59:20.628310,5475596.0,5476045.0,6.900173746744792,6.904173828125,8.863087727864583,8.867087809244792
2023-07-26 15:59:20.636597,5475599.0,5476048.0,6.913217854817709,6.917217895507813,8.8761318359375,8.880131876627603
2023-07-26 15:59:20.645744,5475601.0,5476050.0,6.921913899739583,6.925913981119791,8.884827880859376,8.88882792154948
2023-07-26 15:59:20.654311,5475603.0,5476052.0,6.930609985351563,6.934610026041667,8.893523925781249,8.89752400716146
2023-07-26 15:59:20.662922,5475605.0,5476054.0,6.939305704752605,6.943305745442708,8.902219685872396,8.9062197265625
2023-07-26 15:59:20.671946,5475607.0,5476056.0,6.9480017496744795,6.952001790364584,8.910915730794272,8.914915771484376
2023-07-26 15:59:20.680100,5475609.0,5476058.0,6.95670821126302,6.960708292643229,8.919611775716145,8.923611857096354
2023-07-26 15:59:20.688652,5475611.0,5476060.0,6.9653938802083335,6.969393920898438,8.928307861328125,8.932307902018229
2023-07-26 15:59:20.697300,5475613.0,5476062.0,6.974089925130208,6.978089965820312,8.93700390625,8.941003946940105
2023-07-26 15:59:20.707073,5475615.0,5476064.0,6.982785970052084,6.986786010742187,8.945699951171875,8.949699951171874
2023-07-26 15:59:20.715361,5475617.0,5476066.0,6.991481730143229,6.995481770833334,8.954395670572918,8.958406168619792
2023-07-26 15:59:20.723588,5475619.0,5476068.0,7.0001777750651035,7.004177815755209,8.963091756184895,8.967091796875
2023-07-26 15:59:20.732726,5475621.0,5476070.0,7.008873819986979,7.012873901367187,8.971787801106771,8.975787841796874
2023-07-26 15:59:20.741163,5475623.0,5476072.0,7.017569905598958,7.021569946289062,8.980483846028646,8.984483927408855
2023-07-26 15:59:20.750241,5475625.0,5476074.0,7.026265950520833,7.030265991210937,8.989179931640624,8.993179972330728
2023-07-26 15:59:20.758737,5475627.0,5476076.0,7.034961791992188,7.038961791992188,8.997875732421875,9.001875732421874
2023-07-26 15:59:20.767266,5475629.0,5476078.0,7.043657714843749,7.047657796223958,9.006571695963542,9.01057177734375
2023-07-26 15:59:20.776352,5475631.0,5476080.0,7.052353800455729,7.0563538411458335,9.01526778157552,9.019267822265624
2023-07-26 15:59:20.784800,5475633.0,5476082.0,7.061049845377604,7.065049886067709,9.023963826497397,9.0279638671875
2023-07-26 15:59:20.793250,5475635.0,5476084.0,7.06974589029948,7.0737459716796875,9.03265987141927,9.03665995279948
2023-07-26 15:59:20.802539,5475637.0,5476086.0,7.078441975911459,7.082442016601562,9.04135595703125,9.045355997721353
2023-07-26 15:59:20.811013,5475639.0,5476088.0,7.0871376953125,7.091137736002604,9.050051676432293,9.054051717122396
2023-07-26 15:59:20.819112,5475641.0,5476090.0,7.095833740234375,7.099833821614584,9.058747721354166,9.062747762044271
2023-07-26 15:59:20.828314,5475643.0,5476092.0,7.104529825846354,7.1085298665364585,9.067443766276043,9.07144384765625
2023-07-26 15:59:20.836576,5475645.0,5476094.0,7.113225870768229,7.117225911458333,9.076139851888021,9.080139892578126
2023-07-26 15:59:20.846070,5475647.0,5476096.0,7.121921915690105,7.1259219970703125,9.084835896809896,9.088835937499999
2023-07-26 15:59:20.858331,5475649.0,5476098.0,7.130618001302083,7.134618041992187,9.093531941731772,9.097531982421875
2023-07-26 15:59:20.867054,5475652.0,5476101.0,7.1436617431640625,7.147661783854167,9.106575724283855,9.110575764973959
2023-07-26 15:59:20.876470,5475654.0,5476103.0,7.152357788085938,7.156357869466146,9.115271769205728,9.119271809895832
2023-07-26 15:59:20.884878,5475656.0,5476105.0,7.161053873697917,7.165053914388021,9.123967814127605,9.127967895507812
2023-07-26 15:59:20.897269,5475658.0,5476107.0,7.169760335286458,7.1737603759765625,9.132663899739585,9.136663940429688
2023-07-26 15:59:20.906607,5475661.0,5476110.0,7.1827938232421875,7.186793823242187,9.145707763671876,9.149707763671875
2023-07-26 15:59:20.915053,5475663.0,5476112.0,7.19148974609375,7.195489786783854,9.154403686523438,9.158403767903645
2023-07-26 15:59:20.924187,5475665.0,5476114.0,7.200185791015625,7.20418583170573,9.163099772135418,9.167099812825521
2023-07-26 15:59:20.932294,5475667.0,5476116.0,7.2088818359374995,7.212881917317708,9.17179581705729,9.175795857747396
2023-07-26 15:59:20.941355,5475669.0,5476118.0,7.21757792154948,7.221577921549479,9.180491861979167,9.184491943359374
2023-07-26 15:59:20.949526,5475671.0,5476120.0,7.2262739664713544,7.230274007161458,9.189187947591147,9.19318798828125
2023-07-26 15:59:20.958614,5475673.0,5476122.0,7.234969685872396,7.2389697265625,9.197883666992187,9.201883707682292
2023-07-26 15:59:20.966921,5475675.0,5476124.0,7.2436657307942705,7.247665812174479,9.206579711914063,9.21057979329427
2023-07-26 15:59:20.976153,5475677.0,5476126.0,7.25236181640625,7.256361857096354,9.215275797526042,9.219275838216147
2023-07-26 15:59:20.984400,5475679.0,5476128.0,7.261057861328125,7.265057902018229,9.223971842447916,9.22797188313802
2023-07-26 15:59:20.993760,5475681.0,5476130.0,7.26975390625,7.273753987630208,9.232667887369793,9.23666796875
2023-07-26 15:59:21.002008,5475683.0,5476132.0,7.2784499918619785,7.282450032552084,9.241363972981771,9.245364013671875
2023-07-26 15:59:21.011161,5475685.0,5476134.0,7.287156127929687,7.291156168619792,9.250059692382813,9.254059733072916
2023-07-26 15:59:21.019288,5475687.0,5476136.0,7.295841756184895,7.299841837565104,9.258755737304687,9.262755777994792
2023-07-26 15:59:21.028454,5475689.0,5476138.0,7.304537841796875,7.30853788248698,9.267451782226562,9.27145186360677
2023-07-26 15:59:21.036459,5475691.0,5476140.0,7.31323388671875,7.3172339274088545,9.276147867838542,9.280147908528646
2023-07-26 15:59:21.049644,5475693.0,5476142.0,7.321929931640625,7.325930013020833,9.284843912760417,9.28884395345052
2023-07-26 15:59:21.058735,5475696.0,5476145.0,7.334973714192708,7.3389737548828125,9.297887654622395,9.301887736002605
2023-07-26 15:59:21.067012,5475698.0,5476147.0,7.343669759114584,7.347669799804687,9.306583740234375,9.310583780924478
2023-07-26 15:59:21.076139,5475700.0,5476149.0,7.352365804036458,7.3563658854166665,9.315279785156251,9.319279825846355
2023-07-26 15:59:21.089168,5475702.0,5476151.0,7.361061889648437,7.365061930338542,9.323975830078124,9.327975911458333
2023-07-26 15:59:21.098155,5475705.0,5476154.0,7.37410595703125,7.378105997721354,9.337019938151041,9.341019978841144
2023-07-26 15:59:21.106625,5475707.0,5476156.0,7.382801676432291,7.3868017578125,9.345715657552084,9.349715698242187
2023-07-26 15:59:21.119749,5475709.0,5476158.0,7.391497762044271,7.395497802734375,9.354411702473957,9.358411783854168
2023-07-26 15:59:21.128295,5475712.0,5476161.0,7.404541829427083,7.408541870117188,9.367455810546874,9.371455851236979
2023-07-26 15:59:21.136409,5475714.0,5476163.0,7.413237874348958,7.417237955729167,9.37615185546875,9.380151936848957
2023-07-26 15:59:21.145432,5475716.0,5476165.0,7.4219339599609375,7.425934000651041,9.38484794108073,9.388847981770834
2023-07-26 15:59:21.154417,5475718.0,5476167.0,7.430629760742187,7.434629760742187,9.393543701171874,9.397543701171875
2023-07-26 15:59:21.162786,5475720.0,5476169.0,7.439325724283854,7.443325805664062,9.402239705403646,9.40623974609375
2023-07-26 15:59:21.176155,5475722.0,5476171.0,7.448021809895834,7.452021850585937,9.410935750325521,9.41493583170573
2023-07-26 15:59:21.184944,5475725.0,5476174.0,7.461065877278646,7.46506591796875,9.423979858398438,9.427979899088541
2023-07-26 15:59:21.193964,5475727.0,5476176.0,7.469761922200521,7.473762003580729,9.432675903320312,9.43667598470052
2023-07-26 15:59:21.202269,5475729.0,5476178.0,7.478457885742187,7.482457885742187,9.441371826171876,9.445371826171876
2023-07-26 15:59:21.215366,5475731.0,5476180.0,7.487153727213541,7.491153767903646,9.450067708333332,9.454067749023437
2023-07-26 15:59:21.224056,5475734.0,5476183.0,7.50020821126302,7.504208292643229,9.463111775716145,9.467111857096354
2023-07-26 15:59:21.237043,5475736.0,5476185.0,7.508893880208333,7.5128939208984375,9.471807861328125,9.475807902018229
2023-07-26 15:59:21.245774,5475739.0,5476188.0,7.521937947591145,7.525938028971354,9.484851928710938,9.488851969401042
2023-07-26 15:59:21.254897,5475741.0,5476190.0,7.530633666992188,7.5346337483723955,9.493547648111978,9.497547729492188
2023-07-26 15:59:21.263303,5475743.0,5476192.0,7.539329752604167,7.543329793294271,9.502243733723958,9.506243774414063
2023-07-26 15:59:21.271515,5475745.0,5476194.0,7.548025797526042,7.552025838216146,9.510939778645835,9.514939819335938
2023-07-26 15:59:21.280662,5475747.0,5476196.0,7.556721842447917,7.560721923828125,9.519635823567707,9.523635904947916
2023-07-26 15:59:21.289089,5475749.0,5476198.0,7.565417928059896,7.56941796875,9.528331909179688,9.532331949869791
2023-07-26 15:59:21.302366,5475751.0,5476200.0,7.57411397298177,7.578114013671875,9.537027954101564,9.541027994791667
2023-07-26 15:59:21.311026,5475754.0,5476203.0,7.58715771484375,7.591157796223958,9.550071695963542,9.55407177734375
2023-07-26 15:59:21.319493,5475756.0,5476205.0,7.595853800455729,7.599853841145833,9.55876778157552,9.562767822265624
2023-07-26 15:59:21.327879,5475758.0,5476207.0,7.604549845377604,7.608549886067709,9.567463826497397,9.5714638671875
2023-07-26 15:59:21.336919,5475760.0,5476209.0,7.6132458902994795,7.617245971679687,9.57615987141927,9.58015995279948
2023-07-26 15:59:21.350411,5475762.0,5476211.0,7.621941975911459,7.625942016601562,9.58485595703125,9.588855997721353
2023-07-26 15:59:21.358312,5475765.0,5476214.0,7.6349857177734375,7.638985758463542,9.59789969889323,9.601899739583333
2023-07-26 15:59:21.367572,5475767.0,5476216.0,7.643681762695312,7.64768184407552,9.606595743815104,9.610595825195313
2023-07-26 15:59:21.375936,5475769.0,5476218.0,7.6523778483072915,7.656377888997396,9.615291829427083,9.619291870117186
2023-07-26 15:59:21.384386,5475771.0,5476220.0,7.661073893229166,7.665073933919271,9.623987874348959,9.627987915039062
2023-07-26 15:59:21.397841,5475773.0,5476222.0,7.669769938151041,7.67377001953125,9.632683919270834,9.636684000651043
2023-07-26 15:59:21.406229,5475776.0,5476225.0,7.682813720703125,7.686813761393229,9.645727701822917,9.64972774251302
2023-07-26 15:59:21.415570,5475778.0,5476227.0,7.691509765625,7.695509806315104,9.654423746744792,9.658423787434895
2023-07-26 15:59:21.428732,5475780.0,5476229.0,7.7002058105468745,7.704205891927083,9.663119791666666,9.667119873046875
2023-07-26 15:59:21.436778,5475783.0,5476232.0,7.713260335286459,7.717260375976562,9.676163899739585,9.680163940429688
2023-07-26 15:59:21.446125,5475785.0,5476234.0,7.721945963541667,7.7259460449218755,9.684859944661458,9.688859985351563
2023-07-26 15:59:21.459175,5475787.0,5476236.0,7.730641682942708,7.734641764322917,9.693555664062501,9.697555745442708
2023-07-26 15:59:21.467216,5475790.0,5476239.0,7.743685791015625,7.74768583170573,9.706599772135418,9.71059981282552
2023-07-26 15:59:21.476389,5475792.0,5476241.0,7.752381835937499,7.756381917317708,9.71529581705729,9.719295857747396
2023-07-26 15:59:21.484848,5475794.0,5476243.0,7.76107792154948,7.765077962239583,9.723991861979167,9.727991943359376
2023-07-26 15:59:21.497977,5475796.0,5476245.0,7.769773966471354,7.773774007161458,9.732687947591147,9.73668798828125
2023-07-26 15:59:21.506744,5475799.0,5476248.0,7.782817708333333,7.786817789713541,9.745731689453125,9.74973173014323
2023-07-26 15:59:21.519145,5475801.0,5476250.0,7.791513793945312,7.7955138346354165,9.754427734375,9.758427815755208
2023-07-26 15:59:21.527958,5475804.0,5476253.0,7.804557861328125,7.808557902018229,9.767471842447916,9.771471883138021
2023-07-26 15:59:21.537125,5475806.0,5476255.0,7.81325390625,7.817253987630208,9.776167887369793,9.78016796875
2023-07-26 15:59:21.549506,5475808.0,5476257.0,7.821949991861979,7.825950032552083,9.784863972981771,9.788864013671875
2023-07-26 15:59:21.558209,5475811.0,5476260.0,7.834993733723959,7.838993774414062,9.797907714843749,9.801907755533854
2023-07-26 15:59:21.567352,5475813.0,5476262.0,7.8436897786458335,7.847689860026041,9.806603759765625,9.810603841145833
2023-07-26 15:59:21.580393,5475815.0,5476264.0,7.852385864257813,7.856385904947916,9.815299845377606,9.819299886067709
2023-07-26 15:59:21.589458,5475818.0,5476267.0,7.865429931640625,7.869430013020833,9.828343912760417,9.83234395345052
2023-07-26 15:59:21.597502,5475820.0,5476269.0,7.8741258544921875,7.878125854492187,9.837039794921875,9.841039794921874
2023-07-26 15:59:21.610598,5475822.0,5476271.0,7.8828217366536455,7.886821777343751,9.845735717773438,9.849735758463542
2023-07-26 15:59:21.619709,5475825.0,5476274.0,7.8958658040364575,7.899865885416666,9.858779785156251,9.862779825846355
2023-07-26 15:59:21.632823,5475827.0,5476276.0,7.904561889648437,7.908561930338542,9.867475830078124,9.871475911458333
2023-07-26 15:59:21.640926,5475830.0,5476279.0,7.917605957031251,7.921605997721354,9.880519938151041,9.884519978841144
2023-07-26 15:59:21.654563,5475832.0,5476281.0,7.926301676432291,7.9303017578125,9.889215657552084,9.893215698242187
2023-07-26 15:59:21.663125,5475835.0,5476284.0,7.939345784505209,7.943345825195313,9.902259765625,9.906259806315104
2023-07-26 15:59:21.676082,5475837.0,5476286.0,7.948041829427083,7.9520418701171875,9.910955810546875,9.914955851236979
2023-07-26 15:59:21.685052,5475840.0,5476289.0,7.9610859375,7.965085978190104,9.924010294596354,9.928010375976564
2023-07-26 15:59:21.698008,5475842.0,5476291.0,7.969781982421876,7.973782023111979,9.932695963541667,9.93669600423177
2023-07-26 15:59:21.706978,5475845.0,5476294.0,7.982825724283854,7.986825805664062,9.945739705403646,9.94973974609375
2023-07-26 15:59:21.714952,5475847.0,5476296.0,7.991521809895834,7.995521850585937,9.954435750325521,9.95843583170573
2023-07-26 15:59:21.728396,5475849.0,5476298.0,8.00021785481771,8.004217895507812,9.9631318359375,9.967131876627603
2023-07-26 15:59:21.736643,5475852.0,5476301.0,8.01326192220052,8.01726200358073,9.976175903320312,9.98017598470052
2023-07-26 15:59:21.750033,5475854.0,5476303.0,8.021957885742188,8.025957885742187,9.984871826171876,9.988871826171875
2023-07-26 15:59:21.758649,5475857.0,5476306.0,8.03500174967448,8.039001790364583,9.997915730794272,10.001915771484375
2023-07-26 15:59:21.772035,5475859.0,5476308.0,8.043708211263022,8.047708292643229,10.006611775716147,10.010611857096354
2023-07-26 15:59:21.780105,5475862.0,5476311.0,8.056741902669271,8.060741943359375,10.019655883789062,10.023655924479165
2023-07-26 15:59:21.788655,5475864.0,5476313.0,8.065437947591146,8.069438028971355,10.028351928710938,10.032351969401041
2023-07-26 15:59:21.801901,5475866.0,5476315.0,8.074133666992187,8.078133748372396,10.03704764811198,10.041047729492188
2023-07-26 15:59:21.810850,5475869.0,5476318.0,8.087177775065104,8.091177815755207,10.050091756184896,10.054091796875
2023-07-26 15:59:21.819252,5475871.0,5476320.0,8.09587381998698,8.099873901367188,10.05878780110677,10.062787841796874
2023-07-26 15:59:21.832623,5475873.0,5476322.0,8.104569905598957,8.108569946289062,10.067483846028646,10.071483927408854
2023-07-26 15:59:21.841624,5475876.0,5476325.0,8.11761397298177,8.121614013671874,10.080527954101564,10.084527994791667
2023-07-26 15:59:21.854834,5475878.0,5476327.0,8.126309692382813,8.13030977376302,10.089223673502604,10.093223714192709
2023-07-26 15:59:21.863251,5475881.0,5476330.0,8.13935380045573,8.143353841145833,10.10226778157552,10.106267822265623
2023-07-26 15:59:21.871613,5475883.0,5476332.0,8.148049845377605,8.152049886067708,10.110963826497397,10.1149638671875
2023-07-26 15:59:21.884866,5475885.0,5476334.0,8.15674589029948,8.160745971679686,10.11965987141927,10.12365995279948
2023-07-26 15:59:21.893667,5475888.0,5476337.0,8.169789916992189,8.173789916992188,10.132703857421875,10.136703857421875
2023-07-26 15:59:21.901996,5475890.0,5476339.0,8.17848571777344,8.182485758463542,10.14139969889323,10.145399739583333
2023-07-26 15:59:21.915256,5475892.0,5476341.0,8.187181762695312,8.19118184407552,10.150095743815104,10.154095825195313
2023-07-26 15:59:21.924153,5475895.0,5476344.0,8.200225870768229,8.204225911458332,10.163139851888022,10.167139892578126
2023-07-26 15:59:21.932443,5475897.0,5476346.0,8.208921915690105,8.212921997070312,10.171835896809895,10.1758359375
2023-07-26 15:59:21.945697,5475899.0,5476348.0,8.217618001302082,8.221618041992189,10.180531941731772,10.184531982421875
2023-07-26 15:59:21.954036,5475902.0,5476351.0,8.230661743164063,8.234661783854166,10.193575724283855,10.197575764973958
2023-07-26 15:59:21.967456,5475904.0,5476353.0,8.239357788085938,8.243357869466145,10.202271769205728,10.206271809895833
2023-07-26 15:59:21.980924,5475907.0,5476356.0,8.252401896158855,8.256401936848958,10.215315877278645,10.21931591796875
2023-07-26 15:59:21.988896,5475910.0,5476359.0,8.265445963541667,8.269446044921875,10.228359944661458,10.232359985351563
2023-07-26 15:59:22.002078,5475912.0,5476361.0,8.274141682942709,8.278141764322916,10.2370556640625,10.241055745442708
2023-07-26 15:59:22.010565,5475915.0,5476364.0,8.287185791015625,8.291185831705729,10.250099772135417,10.25409981282552
2023-07-26 15:59:22.019801,5475917.0,5476366.0,8.2958818359375,8.299881917317709,10.25879581705729,10.262795857747395
2023-07-26 15:59:22.032244,5475919.0,5476368.0,8.30457792154948,8.308577962239584,10.267491861979167,10.271491943359376
2023-07-26 15:59:22.041013,5475922.0,5476371.0,8.317621948242188,8.321621948242187,10.280535888671874,10.284535888671874
2023-07-26 15:59:22.050365,5475924.0,5476373.0,8.326317708333333,8.330317789713542,10.289231689453125,10.29323173014323
2023-07-26 15:59:22.063354,5475926.0,5476375.0,8.335013793945313,8.339013834635416,10.297927734375,10.301927815755208
2023-07-26 15:59:22.071962,5475929.0,5476378.0,8.348057861328126,8.35205790201823,10.310971842447916,10.314971883138021
2023-07-26 15:59:22.080067,5475931.0,5476380.0,8.35675390625,8.360753987630208,10.319667887369793,10.32366796875
2023-07-26 15:59:22.093525,5475933.0,5476382.0,8.36544999186198,8.369450032552082,10.328363972981771,10.332364013671874
2023-07-26 15:59:22.102412,5475936.0,5476385.0,8.378493733723959,8.382493774414062,10.341407714843749,10.345407755533854
2023-07-26 15:59:22.110674,5475938.0,5476387.0,8.387189778645833,8.391189860026042,10.350103759765625,10.354103841145832
2023-07-26 15:59:22.119712,5475940.0,5476389.0,8.395885864257814,8.399885904947917,10.358799845377606,10.362799886067709
2023-07-26 15:59:22.132885,5475942.0,5476391.0,8.404581909179688,8.408581949869792,10.367495890299478,10.371495930989584
2023-07-26 15:59:22.141545,5475945.0,5476394.0,8.417625854492186,8.421625854492188,10.380539794921875,10.384539794921874
2023-07-26 15:59:22.154773,5475947.0,5476396.0,8.426321736653646,8.430321777343751,10.389235717773438,10.393235758463542
2023-07-26 15:59:22.163135,5475950.0,5476399.0,8.439365804036457,8.443365885416668,10.402279785156251,10.406279825846354
2023-07-26 15:59:22.176296,5475952.0,5476401.0,8.448061889648438,8.452061930338541,10.410975830078126,10.414975911458333
2023-07-26 15:59:22.184934,5475955.0,5476404.0,8.46110595703125,8.465105997721354,10.42401993815104,10.428019978841146
2023-07-26 15:59:22.197952,5475957.0,5476406.0,8.469801676432292,8.4738017578125,10.432715657552084,10.436715698242187
2023-07-26 15:59:22.206469,5475960.0,5476409.0,8.482845784505209,8.486845825195314,10.445759765625,10.449759806315104
2023-07-26 15:59:22.219572,5475962.0,5476411.0,8.491541829427083,8.495541870117187,10.454455810546875,10.458455851236979
2023-07-26 15:59:22.228426,5475965.0,5476414.0,8.5045859375,8.508585978190103,10.467510294596353,10.471510375976564
2023-07-26 15:59:22.241617,5475967.0,5476416.0,8.513281982421875,8.51728202311198,10.476195963541667,10.48019600423177
2023-07-26 15:59:22.249945,5475970.0,5476419.0,8.526325724283854,8.530325805664063,10.489239705403646,10.49323974609375
2023-07-26 15:59:22.263110,5475972.0,5476421.0,8.535021809895833,8.539021850585938,10.49793575032552,10.50193583170573
2023-07-26 15:59:22.272151,5475975.0,5476424.0,8.548065877278646,8.552065917968749,10.510979858398438,10.51497989908854
2023-07-26 15:59:22.284198,5475977.0,5476426.0,8.55676192220052,8.560762003580729,10.519675903320312,10.52367598470052
2023-07-26 15:59:22.293475,5475980.0,5476429.0,8.569805704752604,8.573805745442709,10.532719685872395,10.5367197265625
2023-07-26 15:59:22.306650,5475982.0,5476431.0,8.57850174967448,8.582501790364583,10.541415730794272,10.545415771484375
2023-07-26 15:59:22.315143,5475985.0,5476434.0,8.591545857747395,8.5955458984375,10.554459798177083,10.558459879557292
2023-07-26 15:59:22.328205,5475987.0,5476436.0,8.600241902669271,8.604241943359375,10.563155883789062,10.567155924479167
2023-07-26 15:59:22.336627,5475990.0,5476439.0,8.613285970052084,8.617286010742188,10.576199951171875,10.580199951171876
2023-07-26 15:59:22.349635,5475992.0,5476441.0,8.62198173014323,8.625981770833334,10.584895670572918,10.588906168619792
2023-07-26 15:59:22.358605,5475995.0,5476444.0,8.635025797526042,8.639025838216146,10.597939778645834,10.601939819335938
2023-07-26 15:59:22.367575,5475997.0,5476446.0,8.643721842447917,8.647721923828124,10.606635823567707,10.610635904947918
2023-07-26 15:59:22.380532,5475999.0,5476448.0,8.652417928059895,8.65641796875,10.615331909179687,10.61933194986979
2023-07-26 15:59:22.389501,5476002.0,5476451.0,8.665461791992188,8.669461791992187,10.628375732421874,10.632375732421874
2023-07-26 15:59:22.402463,5476004.0,5476453.0,8.67415771484375,8.678157796223958,10.637071695963542,10.64107177734375
2023-07-26 15:59:22.411427,5476007.0,5476456.0,8.687201822916666,8.69120186360677,10.650115804036458,10.654115844726562
2023-07-26 15:59:22.424384,5476009.0,5476458.0,8.695897867838543,8.69989794921875,10.658811848958333,10.662811889648436
2023-07-26 15:59:22.432356,5476012.0,5476461.0,8.70894197591146,8.712942016601563,10.67185595703125,10.675855997721355
2023-07-26 15:59:22.445314,5476014.0,5476463.0,8.7176376953125,8.721637736002604,10.680551676432293,10.684551717122396
2023-07-26 15:59:22.454289,5476017.0,5476466.0,8.730681762695312,8.73468184407552,10.693595743815104,10.697595825195313
2023-07-26 15:59:22.467241,5476019.0,5476468.0,8.739377848307292,8.743377888997395,10.702291829427082,10.706291870117187
2023-07-26 15:59:22.476211,5476022.0,5476471.0,8.752421915690105,8.756421997070312,10.715335896809895,10.7193359375
2023-07-26 15:59:22.485185,5476024.0,5476473.0,8.761118001302082,8.765118041992189,10.724031941731772,10.728031982421875
2023-07-26 15:59:22.498137,5476026.0,5476475.0,8.769813720703125,8.773813761393228,10.732727701822917,10.73672774251302
2023-07-26 15:59:22.507108,5476029.0,5476478.0,8.782857788085938,8.786857869466145,10.745771769205728,10.749771809895833
2023-07-26 15:59:22.520064,5476031.0,5476480.0,8.791553873697916,8.795553914388021,10.754467814127604,10.758467895507813
2023-07-26 15:59:22.528036,5476034.0,5476483.0,8.804597941080731,8.808597981770834,10.767511922200521,10.771511962890624
2023-07-26 15:59:22.540995,5476036.0,5476485.0,8.813293823242187,8.817293823242187,10.776207763671875,10.780207763671875
2023-07-26 15:59:22.549964,5476039.0,5476488.0,8.826337768554687,8.83033780924479,10.789251749674479,10.793251790364584
2023-07-26 15:59:22.562920,5476041.0,5476490.0,8.835033813476564,8.839033854166667,10.79795821126302,10.801958251953126
2023-07-26 15:59:22.571891,5476044.0,5476493.0,8.84807792154948,8.852077962239584,10.810991861979167,10.814991943359376
2023-07-26 15:59:22.584847,5476046.0,5476495.0,8.856773966471355,8.860774007161458,10.819687947591147,10.82368798828125
2023-07-26 15:59:22.593817,5476049.0,5476498.0,8.869817708333333,8.873817789713542,10.832731689453125,10.83673173014323
2023-07-26 15:59:22.606773,5476051.0,5476500.0,8.878513793945313,8.882513834635416,10.841427734375,10.845427815755208
2023-07-26 15:59:22.615743,5476054.0,5476503.0,8.891557861328126,8.89555790201823,10.854471842447916,10.858471883138021
2023-07-26 15:59:22.628700,5476056.0,5476505.0,8.90025390625,8.904253987630208,10.863167887369793,10.86716796875
2023-07-26 15:59:22.641656,5476059.0,5476508.0,8.913297729492188,8.917297729492187,10.876211669921876,10.88021171061198
2023-07-26 15:59:22.649630,5476062.0,5476511.0,8.926341756184895,8.930341837565106,10.889255737304689,10.893255777994792
2023-07-26 15:59:22.663583,5476064.0,5476513.0,8.935037841796875,8.939037882486979,10.897951782226562,10.90195186360677
2023-07-26 15:59:22.671560,5476067.0,5476516.0,8.948081909179688,8.952081949869791,10.91099589029948,10.914995930989583
2023-07-26 15:59:22.684513,5476069.0,5476518.0,8.956777954101563,8.960778035481772,10.919691935221355,10.923692016601562
2023-07-26 15:59:22.693483,5476072.0,5476521.0,8.969821736653646,8.973821777343751,10.932735717773438,10.936735758463541
2023-07-26 15:59:22.706440,5476074.0,5476523.0,8.97851778157552,8.982517822265624,10.941431762695313,10.945431803385416
2023-07-26 15:59:22.715410,5476077.0,5476526.0,8.991561889648438,8.99556193033854,10.954475830078126,10.958475911458333
2023-07-26 15:59:22.728366,5476079.0,5476528.0,9.000257934570312,9.004257975260417,10.963171915690104,10.967171956380207
2023-07-26 15:59:22.737335,5476082.0,5476531.0,9.013301676432292,9.0173017578125,10.976215657552084,10.980215698242187
2023-07-26 15:59:22.750291,5476084.0,5476533.0,9.02199776204427,9.025997802734373,10.984911702473958,10.988911783854167
2023-07-26 15:59:22.758264,5476087.0,5476536.0,9.035041829427083,9.039041870117186,10.997955810546875,11.001955851236978
2023-07-26 15:59:22.772217,5476089.0,5476538.0,9.04373787434896,9.047737955729167,11.00665185546875,11.010651936848957
2023-07-26 15:59:22.780191,5476092.0,5476541.0,9.056781982421874,9.06078202311198,11.019695963541666,11.02369600423177
2023-07-26 15:59:22.793147,5476094.0,5476543.0,9.065477701822916,9.06947774251302,11.02839168294271,11.032391723632813
2023-07-26 15:59:22.806104,5476097.0,5476546.0,9.078521809895832,9.082521850585938,11.04143575032552,11.04543583170573
2023-07-26 15:59:22.819469,5476100.0,5476549.0,9.091565877278645,9.095565917968749,11.054479858398437,11.05847989908854
2023-07-26 15:59:22.827962,5476103.0,5476552.0,9.104609985351562,9.108610026041665,11.06752392578125,11.07152400716146
2023-07-26 15:59:22.841106,5476105.0,5476554.0,9.113305704752605,9.117305745442708,11.076219685872395,11.0802197265625
2023-07-26 15:59:22.850234,5476108.0,5476557.0,9.126349772135418,9.130349853515625,11.089263753255208,11.093263793945312
2023-07-26 15:59:22.862624,5476110.0,5476559.0,9.135045857747395,9.1390458984375,11.097959798177083,11.101959879557292
2023-07-26 15:59:22.875728,5476113.0,5476562.0,9.148089925130208,9.152089965820311,11.111003906250001,11.115003946940105
2023-07-26 15:59:22.884811,5476116.0,5476565.0,9.161133666992187,9.165133748372396,11.12404764811198,11.128047729492188
2023-07-26 15:59:22.897997,5476118.0,5476567.0,9.169829752604167,9.17382979329427,11.13274373372396,11.136743774414063
2023-07-26 15:59:22.907032,5476121.0,5476570.0,9.18287381998698,9.186873901367187,11.14578780110677,11.149787841796874
2023-07-26 15:59:22.919120,5476123.0,5476572.0,9.191569905598957,9.195569946289062,11.154483846028645,11.158483927408854
2023-07-26 15:59:22.928553,5476126.0,5476575.0,9.20461397298177,9.208614013671875,11.167527954101564,11.171527994791667
2023-07-26 15:59:22.940864,5476128.0,5476577.0,9.213309692382813,9.21730977376302,11.176223673502605,11.180223714192708
2023-07-26 15:59:22.950504,5476131.0,5476580.0,9.22635380045573,9.230353841145833,11.18926778157552,11.193267822265625
2023-07-26 15:59:22.963550,5476133.0,5476582.0,9.235049845377604,9.23904988606771,11.197963826497396,11.2019638671875
2023-07-26 15:59:22.976506,5476136.0,5476585.0,9.24809395345052,9.252093994140626,11.21100789388021,11.215007975260416
2023-07-26 15:59:22.984478,5476139.0,5476588.0,9.2611376953125,9.265137736002604,11.224051676432293,11.228051717122396
2023-07-26 15:59:22.997437,5476141.0,5476590.0,9.269833740234375,9.273833821614582,11.232747721354167,11.23674776204427
2023-07-26 15:59:23.006406,5476144.0,5476593.0,9.282877848307292,9.286877888997395,11.245791829427082,11.249791870117187
2023-07-26 15:59:23.019363,5476146.0,5476595.0,9.291573893229167,9.295573933919272,11.254487874348959,11.258487915039064
2023-07-26 15:59:23.028334,5476149.0,5476598.0,9.304618001302083,9.308618041992188,11.267531941731772,11.271531982421875
2023-07-26 15:59:23.041289,5476151.0,5476600.0,9.313313720703125,9.317313761393228,11.276227701822917,11.28022774251302
2023-07-26 15:59:23.050260,5476154.0,5476603.0,9.326357788085938,9.330357869466145,11.289271769205728,11.293271809895833
2023-07-26 15:59:23.063217,5476156.0,5476605.0,9.335053873697918,9.339053914388021,11.297967814127604,11.301967895507813
2023-07-26 15:59:23.076173,5476159.0,5476608.0,9.34809794108073,9.352097981770834,11.311011922200521,11.315011962890624
2023-07-26 15:59:23.085142,5476162.0,5476611.0,9.361141682942709,9.365141764322917,11.3240556640625,11.328055745442708
2023-07-26 15:59:23.098100,5476164.0,5476613.0,9.369837768554687,9.37383780924479,11.33275174967448,11.336751790364584
2023-07-26 15:59:23.111056,5476167.0,5476616.0,9.3828818359375,9.386881917317709,11.345795817057292,11.349795857747395
2023-07-26 15:59:23.124013,5476170.0,5476619.0,9.395925944010417,9.39992598470052,11.358839925130209,11.362839965820312
2023-07-26 15:59:23.136969,5476173.0,5476622.0,9.408969685872396,9.4129697265625,11.371883666992186,11.375883707682293
2023-07-26 15:59:23.149925,5476176.0,5476625.0,9.422013793945313,9.426013834635416,11.384927734375,11.388927815755208
2023-07-26 15:59:23.158896,5476179.0,5476628.0,9.435057861328126,9.439057902018229,11.397971842447916,11.401971883138021
2023-07-26 15:59:23.171852,5476181.0,5476630.0,9.44375390625,9.447753987630207,11.406667887369792,11.41066796875
2023-07-26 15:59:23.184809,5476184.0,5476633.0,9.456797729492187,9.460797729492189,11.419711669921876,11.423711710611979
2023-07-26 15:59:23.193778,5476187.0,5476636.0,9.469841756184895,9.473841837565105,11.432755737304689,11.436755777994792
2023-07-26 15:59:23.206735,5476189.0,5476638.0,9.478537841796875,9.482537882486978,11.441451782226563,11.44545186360677
2023-07-26 15:59:23.215706,5476192.0,5476641.0,9.491581909179688,9.495581949869791,11.45449589029948,11.458495930989583
2023-07-26 15:59:23.228662,5476194.0,5476643.0,9.500277954101563,9.504278035481772,11.463191935221355,11.467192016601562
2023-07-26 15:59:23.237631,5476197.0,5476646.0,9.513321736653646,9.517321777343751,11.476235717773438,11.480235758463541
2023-07-26 15:59:23.250588,5476199.0,5476648.0,9.52201778157552,9.526017822265624,11.484931762695313,11.488931803385416
2023-07-26 15:59:23.263545,5476202.0,5476651.0,9.535061889648437,9.53906193033854,11.497975830078126,11.501975911458333
2023-07-26 15:59:23.271517,5476205.0,5476654.0,9.54810595703125,9.552105997721354,11.51101993815104,11.515019978841146
2023-07-26 15:59:23.284475,5476207.0,5476656.0,9.556801676432292,9.5608017578125,11.519715657552084,11.523715698242187
2023-07-26 15:59:23.293443,5476210.0,5476659.0,9.569845784505208,9.573845825195313,11.532759765625,11.536759806315104
2023-07-26 15:59:23.306400,5476212.0,5476661.0,9.578541829427083,9.582541870117186,11.541455810546875,11.545455851236978
2023-07-26 15:59:23.315370,5476215.0,5476664.0,9.5915859375,9.595585978190103,11.554510294596355,11.558510375976564
2023-07-26 15:59:23.328326,5476217.0,5476666.0,9.600281982421874,9.60428202311198,11.563195963541666,11.567196004231771
2023-07-26 15:59:23.337296,5476220.0,5476669.0,9.613325724283856,9.617325805664063,11.576239705403646,11.580239746093751
2023-07-26 15:59:23.350254,5476222.0,5476671.0,9.622021809895832,9.626021850585937,11.58493575032552,11.58893583170573
2023-07-26 15:59:23.363211,5476225.0,5476674.0,9.635065877278645,9.639065917968749,11.597979858398437,11.60197989908854
2023-07-26 15:59:23.376167,5476228.0,5476677.0,9.648109985351562,9.652110026041665,11.61102392578125,11.615024007161459
2023-07-26 15:59:23.389124,5476231.0,5476680.0,9.661153727213541,9.665153767903645,11.624067708333333,11.628067749023437
2023-07-26 15:59:23.398094,5476234.0,5476683.0,9.674208211263021,9.678208292643228,11.637111775716146,11.641111857096353
2023-07-26 15:59:23.411051,5476236.0,5476685.0,9.682893880208333,9.686893920898438,11.645807861328125,11.64980790201823
2023-07-26 15:59:23.420021,5476239.0,5476688.0,9.695937947591148,9.699938028971355,11.658851928710938,11.662851969401041
2023-07-26 15:59:23.432977,5476241.0,5476690.0,9.704633666992187,9.708633748372396,11.667547648111979,11.671547729492188
2023-07-26 15:59:23.440951,5476244.0,5476693.0,9.717677775065104,9.721677815755207,11.680591756184896,11.684591796874999
2023-07-26 15:59:23.454904,5476246.0,5476695.0,9.72637381998698,9.730373901367187,11.68928780110677,11.693287841796876
2023-07-26 15:59:23.462878,5476249.0,5476698.0,9.739417928059897,9.74341796875,11.702331909179687,11.706331949869792
2023-07-26 15:59:23.475834,5476251.0,5476700.0,9.74811397298177,9.752114013671875,11.711027954101564,11.715027994791667
2023-07-26 15:59:23.484804,5476254.0,5476703.0,9.76115771484375,9.765157796223958,11.724071695963541,11.72807177734375
2023-07-26 15:59:23.497760,5476256.0,5476705.0,9.76985380045573,9.773853841145833,11.73276778157552,11.736767822265625
2023-07-26 15:59:23.506730,5476259.0,5476708.0,9.782897867838543,9.78689794921875,11.745811848958333,11.749811889648438
2023-07-26 15:59:23.519685,5476261.0,5476710.0,9.79159395345052,9.795593994140626,11.75450789388021,11.758507975260416
2023-07-26 15:59:23.532642,5476264.0,5476713.0,9.8046376953125,9.808637736002604,11.767551676432292,11.771551717122396
2023-07-26 15:59:23.541611,5476267.0,5476716.0,9.817681762695312,9.821681844075522,11.780595743815104,11.784595825195312
2023-07-26 15:59:23.554569,5476269.0,5476718.0,9.826377848307292,9.830377888997395,11.789291829427082,11.793291870117187
2023-07-26 15:59:23.567525,5476272.0,5476721.0,9.839421915690105,9.843421997070312,11.802335896809897,11.8063359375
2023-07-26 15:59:23.576495,5476275.0,5476724.0,9.852465698242188,9.856465738932291,11.815379638671875,11.819379720052083
2023-07-26 15:59:23.589575,5476277.0,5476726.0,9.861161743164063,9.865161783854168,11.824075724283855,11.828075764973958
2023-07-26 15:59:23.602738,5476280.0,5476729.0,9.874205810546874,9.878205891927085,11.837119791666666,11.841119873046875
2023-07-26 15:59:23.615571,5476283.0,5476732.0,9.887260335286458,9.891260375976563,11.850163899739584,11.854163940429688
2023-07-26 15:59:23.623915,5476286.0,5476735.0,9.900293823242187,9.904293823242186,11.863207763671875,11.867207763671875
2023-07-26 15:59:23.637395,5476288.0,5476737.0,9.90898974609375,9.912989786783854,11.871903686523437,11.875903767903646
2023-07-26 15:59:23.649818,5476291.0,5476740.0,9.922033813476563,9.926033854166667,11.88495821126302,11.888958251953126
2023-07-26 15:59:23.662875,5476294.0,5476743.0,9.93507792154948,9.939077962239583,11.897991861979166,11.901991943359375
2023-07-26 15:59:23.671492,5476297.0,5476746.0,9.948121948242187,9.952121948242187,11.911035888671874,11.915035888671873
2023-07-26 15:59:23.684547,5476299.0,5476748.0,9.956817708333332,9.960817789713543,11.919731689453124,11.92373173014323
2023-07-26 15:59:23.693245,5476302.0,5476751.0,9.96986181640625,9.973861857096354,11.932775797526043,11.936775838216146
2023-07-26 15:59:23.706455,5476304.0,5476753.0,9.978557861328126,9.982557902018229,11.941471842447918,11.94547188313802
2023-07-26 15:59:23.719548,5476307.0,5476756.0,9.991601969401042,9.995602010091146,11.954515909830729,11.958515991210938
2023-07-26 15:59:23.732979,5476310.0,5476759.0,10.004656127929689,10.008656168619792,11.967559692382812,11.971559733072917
2023-07-26 15:59:23.741497,5476313.0,5476762.0,10.017689778645835,10.021689860026042,11.980603759765625,11.984603841145834
2023-07-26 15:59:23.754910,5476315.0,5476764.0,10.026385864257813,10.030385904947916,11.989299845377605,11.993299886067708
2023-07-26 15:59:23.763385,5476318.0,5476767.0,10.039429931640624,10.043430013020833,12.002343912760416,12.00634395345052
2023-07-26 15:59:23.776453,5476320.0,5476769.0,10.048125854492188,10.052125854492187,12.011039794921874,12.015039794921876
2023-07-26 15:59:23.784988,5476323.0,5476772.0,10.061169759114584,10.065169799804687,12.024083740234374,12.02808378092448
2023-07-26 15:59:23.798232,5476325.0,5476774.0,10.069865804036459,10.073865885416668,12.03277978515625,12.036779825846354
2023-07-26 15:59:23.810741,5476328.0,5476777.0,10.082909912109374,10.086909952799479,12.045823893229167,12.04982393391927
2023-07-26 15:59:23.823841,5476331.0,5476780.0,10.095953979492187,10.099953979492188,12.058867919921875,12.062867919921874
2023-07-26 15:59:23.836892,5476334.0,5476783.0,10.10899776204427,10.112997802734375,12.071911702473958,12.075911783854167
2023-07-26 15:59:23.850379,5476337.0,5476786.0,10.122041829427083,10.126041870117186,12.084955810546875,12.088955851236978
2023-07-26 15:59:23.863125,5476340.0,5476789.0,10.1350859375,10.139085978190103,12.098010294596355,12.102010375976564
2023-07-26 15:59:23.876169,5476343.0,5476792.0,10.148129760742188,10.152129760742188,12.111043701171875,12.115043701171874
2023-07-26 15:59:23.889283,5476346.0,5476795.0,10.161173746744792,10.165173828124999,12.124087727864584,12.128087809244791
2023-07-26 15:59:23.902343,5476349.0,5476798.0,10.174217854817709,10.178217895507812,12.137131835937499,12.141131876627604
2023-07-26 15:59:23.911361,5476352.0,5476801.0,10.187261922200522,10.191262003580729,12.150175903320312,12.15417598470052
2023-07-26 15:59:23.924441,5476354.0,5476803.0,10.195957885742187,10.199957885742188,12.158871826171875,12.162871826171877
2023-07-26 15:59:23.937533,5476357.0,5476806.0,10.20900174967448,10.213001790364583,12.171915730794272,12.175915771484375
2023-07-26 15:59:23.950610,5476360.0,5476809.0,10.222045857747394,10.226045898437501,12.184959798177083,12.188959879557292
2023-07-26 15:59:23.963618,5476363.0,5476812.0,10.235089925130207,10.239089965820312,12.198003906250001,12.202003946940104
2023-07-26 15:59:23.971591,5476366.0,5476815.0,10.248133666992187,10.252133748372396,12.211047648111979,12.215047729492188
2023-07-26 15:59:23.984548,5476368.0,5476817.0,10.256829752604167,10.26082979329427,12.21974373372396,12.223743774414062
2023-07-26 15:59:23.997504,5476371.0,5476820.0,10.26987381998698,10.273873901367187,12.23278780110677,12.236787841796875
2023-07-26 15:59:24.006474,5476374.0,5476823.0,10.282917928059897,10.28691796875,12.245831909179687,12.249831949869792
2023-07-26 15:59:24.019429,5476376.0,5476825.0,10.29161397298177,10.295614013671875,12.254527954101563,12.258527994791667
2023-07-26 15:59:24.028401,5476379.0,5476828.0,10.30465771484375,10.308657796223958,12.267571695963541,12.27157177734375
2023-07-26 15:59:24.041357,5476381.0,5476830.0,10.31335380045573,10.317353841145833,12.27626778157552,12.280267822265625
2023-07-26 15:59:24.054312,5476384.0,5476833.0,10.326397867838542,10.33039794921875,12.289311848958333,12.293311889648438
2023-07-26 15:59:24.067269,5476387.0,5476836.0,10.339441975911459,10.343442016601562,12.302355957031251,12.306355997721354
2023-07-26 15:59:24.080225,5476390.0,5476839.0,10.352485717773439,10.356485758463542,12.315399698893229,12.319399739583334
2023-07-26 15:59:24.093184,5476393.0,5476842.0,10.365529825846355,10.369529866536459,12.328443766276042,12.33244384765625
2023-07-26 15:59:24.107136,5476396.0,5476845.0,10.378573893229168,10.382573933919272,12.341487874348958,12.345487915039064
2023-07-26 15:59:24.119725,5476399.0,5476848.0,10.391618001302083,10.395618041992188,12.354531941731771,12.358531982421875
2023-07-26 15:59:24.132835,5476402.0,5476851.0,10.404661743164063,10.408661783854168,12.367575724283855,12.371575764973958
2023-07-26 15:59:24.141950,5476405.0,5476854.0,10.417705810546874,10.421705891927084,12.380619791666666,12.384619873046875
2023-07-26 15:59:24.154076,5476407.0,5476856.0,10.426401896158854,10.430401936848957,12.389315877278646,12.39331591796875
2023-07-26 15:59:24.167544,5476410.0,5476859.0,10.439445963541667,10.443446044921874,12.402359944661459,12.406359985351562
2023-07-26 15:59:24.180310,5476413.0,5476862.0,10.45248974609375,10.456489786783854,12.415403686523437,12.419403767903646
2023-07-26 15:59:24.189345,5476416.0,5476865.0,10.465533813476563,10.469533854166666,12.428458211263022,12.432458251953125
2023-07-26 15:59:24.202690,5476418.0,5476867.0,10.474229858398438,10.478229939778647,12.43714383951823,12.441143920898437
2023-07-26 15:59:24.211100,5476421.0,5476870.0,10.487273966471355,10.49127400716146,12.450187947591147,12.45418798828125
2023-07-26 15:59:24.224397,5476423.0,5476872.0,10.495969685872396,10.4999697265625,12.458883666992188,12.462883707682293
2023-07-26 15:59:24.236853,5476426.0,5476875.0,10.509013793945313,10.513013834635416,12.471927734375,12.475927815755208
2023-07-26 15:59:24.250624,5476429.0,5476878.0,10.522057861328125,10.526057902018229,12.484971842447917,12.48897188313802
2023-07-26 15:59:24.263046,5476432.0,5476881.0,10.535101969401042,10.539102010091145,12.498015909830729,12.502015991210937
2023-07-26 15:59:24.275948,5476435.0,5476884.0,10.548156127929689,10.552156168619792,12.511059692382812,12.515059733072917
2023-07-26 15:59:24.289513,5476438.0,5476887.0,10.561189778645835,10.565189860026042,12.524103759765627,12.528103841145834
2023-07-26 15:59:24.298364,5476441.0,5476890.0,10.574233886718751,10.578233927408855,12.537147867838542,12.541147908528645
2023-07-26 15:59:24.311335,5476443.0,5476892.0,10.582929931640624,10.586930013020833,12.545843912760416,12.54984395345052
2023-07-26 15:59:24.319894,5476446.0,5476895.0,10.595973714192708,10.599973754882813,12.558887654622396,12.562887736002605
2023-07-26 15:59:24.333066,5476448.0,5476897.0,10.604669759114584,10.608669799804687,12.567583740234376,12.57158378092448
2023-07-26 15:59:24.341156,5476451.0,5476900.0,10.617713826497397,10.621713907877604,12.580627807617187,12.584627888997394
2023-07-26 15:59:24.354427,5476453.0,5476902.0,10.626409912109374,10.63040995279948,12.589323893229167,12.59332393391927
2023-07-26 15:59:24.367720,5476456.0,5476905.0,10.639453979492187,10.643453979492188,12.602367919921875,12.606367919921874
2023-07-26 15:59:24.380370,5476459.0,5476908.0,10.65249776204427,10.656497802734375,12.615411702473958,12.619411783854167
2023-07-26 15:59:24.394009,5476462.0,5476911.0,10.665541829427083,10.669541870117186,12.628455810546875,12.632455851236978
2023-07-26 15:59:24.406469,5476465.0,5476914.0,10.6785859375,10.682585978190103,12.641510294596355,12.645510375976563
2023-07-26 15:59:24.415079,5476468.0,5476917.0,10.691629760742188,10.695629760742188,12.654543701171875,12.658543701171874
2023-07-26 15:59:24.428532,5476470.0,5476919.0,10.700325724283855,10.704325805664062,12.663239705403647,12.66723974609375
2023-07-26 15:59:24.441776,5476473.0,5476922.0,10.713369832356772,10.717369873046875,12.676283813476562,12.680283854166667
2023-07-26 15:59:24.454255,5476476.0,5476925.0,10.726413899739585,10.730413981119792,12.689327880859375,12.69332792154948
2023-07-26 15:59:24.467834,5476479.0,5476928.0,10.739457885742189,10.743457885742188,12.702371826171875,12.706371826171877
2023-07-26 15:59:24.480192,5476482.0,5476931.0,10.75250174967448,10.756501790364583,12.715415730794271,12.719415771484375
2023-07-26 15:59:24.493637,5476485.0,5476934.0,10.765545857747394,10.769545898437501,12.728459798177083,12.732459879557291
2023-07-26 15:59:24.506431,5476488.0,5476937.0,10.778589925130207,10.782589965820312,12.741503906250001,12.745503946940104
2023-07-26 15:59:24.520114,5476491.0,5476940.0,10.791633666992187,10.795633748372396,12.754547648111979,12.758547729492188
2023-07-26 15:59:24.532553,5476494.0,5476943.0,10.804677775065104,10.808677815755207,12.767591756184896,12.771591796874999
2023-07-26 15:59:24.546099,5476497.0,5476946.0,10.817721842447916,10.821721923828125,12.780635823567708,12.784635904947917
2023-07-26 15:59:24.558613,5476500.0,5476949.0,10.830765950520833,10.834765991210936,12.793679931640625,12.797679972330728
2023-07-26 15:59:24.571645,5476503.0,5476952.0,10.843809692382813,10.84780977376302,12.806723673502605,12.810723714192708
2023-07-26 15:59:24.585309,5476506.0,5476955.0,10.85685380045573,10.860853841145833,12.81976778157552,12.823767822265625
2023-07-26 15:59:24.597727,5476509.0,5476958.0,10.869897867838542,10.87389794921875,12.832811848958334,12.836811889648438
2023-07-26 15:59:24.611290,5476512.0,5476961.0,10.882941975911459,10.886942016601562,12.845855957031251,12.849855997721354
2023-07-26 15:59:24.623825,5476515.0,5476964.0,10.895985717773438,10.899985758463542,12.858899698893229,12.862899739583334
2023-07-26 15:59:24.637392,5476518.0,5476967.0,10.909029825846355,10.913029866536458,12.871943766276042,12.87594384765625
2023-07-26 15:59:24.650105,5476521.0,5476970.0,10.922073893229168,10.926073933919271,12.884987874348958,12.888987915039063
2023-07-26 15:59:24.663541,5476524.0,5476973.0,10.935118001302083,10.939118041992188,12.898031941731771,12.902031982421875
2023-07-26 15:59:24.675977,5476527.0,5476976.0,10.948161743164063,10.952161783854168,12.911075724283855,12.915075764973958
2023-07-26 15:59:24.689052,5476530.0,5476979.0,10.961205810546874,10.965205891927084,12.924119791666666,12.928119873046876
2023-07-26 15:59:24.702122,5476533.0,5476982.0,10.974260335286457,10.978260375976562,12.937163899739584,12.941163940429687
2023-07-26 15:59:24.715136,5476536.0,5476985.0,10.987293823242187,10.991293823242188,12.950207763671875,12.954207763671874
2023-07-26 15:59:24.728183,5476539.0,5476988.0,11.000337768554687,11.004337809244792,12.96325174967448,12.967251790364584
2023-07-26 15:59:24.741839,5476542.0,5476991.0,11.0133818359375,11.017381917317708,12.976295817057292,12.980295857747395
2023-07-26 15:59:24.754114,5476545.0,5476994.0,11.026425944010416,11.03042598470052,12.989339925130208,12.993339965820311
2023-07-26 15:59:24.767850,5476548.0,5476997.0,11.039469685872396,11.043469726562499,13.002383666992188,13.006383707682293
2023-07-26 15:59:24.780358,5476551.0,5477000.0,11.052513793945312,11.056513834635416,13.015427734375,13.019427815755208
2023-07-26 15:59:24.793406,5476554.0,5477003.0,11.065557861328125,11.069557902018229,13.028471842447917,13.03247188313802
2023-07-26 15:59:24.807072,5476557.0,5477006.0,11.078601969401042,11.082602010091145,13.041515909830729,13.045515991210937
2023-07-26 15:59:24.819435,5476560.0,5477009.0,11.091656127929689,11.095656168619792,13.054559692382814,13.058559733072917
2023-07-26 15:59:24.832511,5476563.0,5477012.0,11.104689778645835,11.108689860026042,13.067603759765626,13.071603841145834
2023-07-26 15:59:24.846113,5476566.0,5477015.0,11.117733886718751,11.121733927408854,13.080647867838541,13.084647908528646
2023-07-26 15:59:24.858660,5476569.0,5477018.0,11.130777954101564,11.134778035481771,13.093691935221354,13.097692016601563
2023-07-26 15:59:24.871612,5476572.0,5477021.0,11.143821736653647,11.14782177734375,13.106735717773438,13.110735758463543
2023-07-26 15:59:24.884569,5476575.0,5477024.0,11.156865804036459,11.160865885416667,13.11977978515625,13.123779825846354
2023-07-26 15:59:24.898522,5476578.0,5477027.0,11.169909912109373,11.17390995279948,13.132823893229167,13.13682393391927
2023-07-26 15:59:24.911480,5476581.0,5477030.0,11.182953979492186,11.186953979492188,13.145867919921875,13.149867919921874
2023-07-26 15:59:24.924440,5476584.0,5477033.0,11.19599776204427,11.199997802734375,13.158911702473958,13.162911783854167
2023-07-26 15:59:24.937397,5476587.0,5477036.0,11.209041829427083,11.213041870117186,13.171955810546875,13.175955851236978
2023-07-26 15:59:24.950353,5476590.0,5477039.0,11.2220859375,11.226085978190104,13.185010294596355,13.189010375976563
2023-07-26 15:59:24.963588,5476593.0,5477042.0,11.235129760742188,11.239129760742188,13.198043701171875,13.202043701171874
2023-07-26 15:59:24.976533,5476596.0,5477045.0,11.248173746744792,11.252173828124999,13.211087727864584,13.21508780924479
2023-07-26 15:59:24.988826,5476599.0,5477048.0,11.261217854817708,11.265217895507812,13.2241318359375,13.228131876627604
2023-07-26 15:59:25.002631,5476602.0,5477051.0,11.274261922200521,11.278262003580728,13.237175903320313,13.24117598470052
2023-07-26 15:59:25.015288,5476605.0,5477054.0,11.287305704752605,11.291305745442708,13.250219685872397,13.2542197265625
2023-07-26 15:59:25.028735,5476608.0,5477057.0,11.300349772135418,11.304349853515625,13.263263753255208,13.267263793945313
2023-07-26 15:59:25.041324,5476611.0,5477060.0,11.313393880208334,11.317393920898438,13.276307861328124,13.28030790201823
2023-07-26 15:59:25.054388,5476614.0,5477063.0,11.326437947591147,11.330438028971354,13.289351928710937,13.293351969401042
2023-07-26 15:59:25.067160,5476617.0,5477066.0,11.33948173014323,11.343481770833334,13.302395670572917,13.306406168619791
2023-07-26 15:59:25.080471,5476620.0,5477069.0,11.352525797526042,11.356525838216147,13.315439778645834,13.319439819335939
2023-07-26 15:59:25.093435,5476623.0,5477072.0,11.365569905598958,11.369569946289063,13.328483846028645,13.332483927408855
2023-07-26 15:59:25.106503,5476626.0,5477075.0,11.378613972981771,11.382614013671875,13.341527954101563,13.345527994791667
2023-07-26 15:59:25.119455,5476629.0,5477078.0,11.391657714843749,11.39565779622396,13.354571695963541,13.35857177734375
2023-07-26 15:59:25.132412,5476632.0,5477081.0,11.404701822916666,11.40870186360677,13.367615804036458,13.371615844726561
2023-07-26 15:59:25.145570,5476635.0,5477084.0,11.417745890299479,11.421745971679687,13.38065987141927,13.38465995279948
2023-07-26 15:59:25.158844,5476638.0,5477087.0,11.430789916992188,11.434789916992187,13.393703857421874,13.397703857421874
2023-07-26 15:59:25.172228,5476641.0,5477090.0,11.443833740234375,11.447833821614582,13.406747721354167,13.41074776204427
2023-07-26 15:59:25.185272,5476644.0,5477093.0,11.456877848307292,11.460877888997395,13.419791829427083,13.423791870117187
2023-07-26 15:59:25.198282,5476647.0,5477096.0,11.469921915690104,11.473921997070311,13.432835896809896,13.4368359375
2023-07-26 15:59:25.210826,5476650.0,5477099.0,11.482965698242188,11.486965738932291,13.445879638671876,13.449879720052083
2023-07-26 15:59:25.223864,5476653.0,5477102.0,11.496009765625,11.500009806315104,13.458923746744793,13.462923787434896
2023-07-26 15:59:25.237425,5476656.0,5477105.0,11.509053873697917,11.51305391438802,13.471967814127606,13.475967895507813
2023-07-26 15:59:25.249974,5476659.0,5477108.0,11.52209794108073,11.526097981770834,13.48501192220052,13.489011962890626
2023-07-26 15:59:25.263547,5476662.0,5477111.0,11.53514168294271,11.539141764322917,13.4980556640625,13.502055745442709
2023-07-26 15:59:25.276578,5476665.0,5477114.0,11.548185791015626,11.55218583170573,13.511099772135417,13.515099812825522
2023-07-26 15:59:25.289084,5476668.0,5477117.0,11.561229858398438,11.565229939778646,13.52414383951823,13.528143920898437
2023-07-26 15:59:25.302662,5476671.0,5477120.0,11.574273966471354,11.57827400716146,13.537187947591146,13.54118798828125
2023-07-26 15:59:25.315198,5476674.0,5477123.0,11.587317708333334,11.591317789713543,13.550231689453124,13.55423173014323
2023-07-26 15:59:25.328722,5476677.0,5477126.0,11.600361816406249,11.604361857096354,13.563275797526043,13.567275838216146
2023-07-26 15:59:25.341815,5476680.0,5477129.0,11.613405924479165,11.61740596516927,13.576319864908854,13.580319905598957
2023-07-26 15:59:25.354128,5476683.0,5477132.0,11.626449991861978,11.630450032552083,13.58936397298177,13.593364013671874
2023-07-26 15:59:25.367311,5476686.0,5477135.0,11.639493733723958,11.643493774414063,13.60240771484375,13.606407755533853
2023-07-26 15:59:25.380426,5476689.0,5477138.0,11.652537841796875,11.656537882486978,13.615451782226563,13.61945186360677
2023-07-26 15:59:25.393617,5476692.0,5477141.0,11.665581909179688,11.66958194986979,13.62849589029948,13.632495930989583
2023-07-26 15:59:25.406669,5476695.0,5477144.0,11.678625854492187,11.682625854492187,13.641539794921876,13.645539794921875
2023-07-26 15:59:25.419531,5476698.0,5477147.0,11.691669759114584,11.695669799804687,13.654583740234376,13.658583780924479
2023-07-26 15:59:25.432697,5476701.0,5477150.0,11.704713826497397,11.708713907877604,13.667627807617187,13.671627888997396
2023-07-26 15:59:25.445614,5476704.0,5477153.0,11.717757934570313,11.721757975260417,13.680671915690104,13.684671956380209
2023-07-26 15:59:25.459313,5476707.0,5477156.0,11.730801676432293,11.7348017578125,13.693715657552085,13.697715698242188
2023-07-26 15:59:25.472213,5476710.0,5477159.0,11.74384578450521,11.747845825195313,13.706759765625,13.710759806315105
2023-07-26 15:59:25.485266,5476713.0,5477162.0,11.756889851888022,11.76088993326823,13.719803833007813,13.723803873697918
2023-07-26 15:59:25.498315,5476716.0,5477165.0,11.769933959960937,11.773934000651042,13.73284794108073,13.736847981770834
2023-07-26 15:59:25.511386,5476719.0,5477168.0,11.782977701822917,11.78697774251302,13.745891682942709,13.749891723632812
2023-07-26 15:59:25.524061,5476722.0,5477171.0,11.796021809895832,11.800021850585939,13.75893575032552,13.762935831705729
2023-07-26 15:59:25.536937,5476725.0,5477174.0,11.809065877278645,11.81306591796875,13.771979858398437,13.77597989908854
2023-07-26 15:59:25.549946,5476728.0,5477177.0,11.822109985351561,11.826110026041667,13.78502392578125,13.789024007161458
2023-07-26 15:59:25.563560,5476731.0,5477180.0,11.835153727213541,11.839153767903644,13.798067708333333,13.802067749023436
2023-07-26 15:59:25.576491,5476734.0,5477183.0,11.848208211263021,11.85220829264323,13.811111775716146,13.815111857096353
2023-07-26 15:59:25.589687,5476737.0,5477186.0,11.86124190266927,11.865241943359376,13.824155883789063,13.828155924479166
2023-07-26 15:59:25.602185,5476740.0,5477189.0,11.874285970052084,11.878286010742187,13.837199951171876,13.841199951171875
2023-07-26 15:59:25.615344,5476743.0,5477192.0,11.887329752604167,11.89132979329427,13.850243733723959,13.854243774414062
2023-07-26 15:59:25.628559,5476746.0,5477195.0,11.90037381998698,11.904373901367187,13.863287801106772,13.867287841796875
2023-07-26 15:59:25.641404,5476749.0,5477198.0,11.913417928059896,11.91741796875,13.876331909179688,13.880331949869792
2023-07-26 15:59:25.654382,5476752.0,5477201.0,11.926461791992187,11.930461791992187,13.889375732421874,13.893375732421875
2023-07-26 15:59:25.668156,5476755.0,5477204.0,11.939505777994793,11.943505818684896,13.902419718424479,13.906419799804688
2023-07-26 15:59:25.680377,5476758.0,5477207.0,11.952549845377606,11.956549886067709,13.915463826497398,13.9194638671875
2023-07-26 15:59:25.693639,5476761.0,5477210.0,11.96559395345052,11.969593994140626,13.928507893880209,13.932507975260416
2023-07-26 15:59:25.707068,5476764.0,5477213.0,11.9786376953125,11.982637736002605,13.941551676432292,13.945551717122395
2023-07-26 15:59:25.719559,5476767.0,5477216.0,11.991681762695311,11.995681844075522,13.954595743815103,13.958595825195314
2023-07-26 15:59:25.732770,5476770.0,5477219.0,12.00472587076823,12.008725911458333,13.967639851888022,13.971639892578125
2023-07-26 15:59:25.746078,5476773.0,5477222.0,12.01776993815104,12.021770019531251,13.980683919270833,13.984684000651042
2023-07-26 15:59:25.759109,5476776.0,5477225.0,12.030813720703124,12.03481376139323,13.993727701822916,13.99772774251302
2023-07-26 15:59:25.771874,5476779.0,5477228.0,12.043857788085937,12.047857869466146,14.006771769205729,14.010771809895832
2023-07-26 15:59:25.784664,5476782.0,5477231.0,12.056901896158854,12.060901936848957,14.019815877278646,14.023815917968749
2023-07-26 15:59:25.797876,5476785.0,5477234.0,12.069945963541667,12.073946044921874,14.032859944661459,14.036859985351562
2023-07-26 15:59:25.810926,5476788.0,5477237.0,12.08298974609375,12.086989786783853,14.045903686523438,14.049903767903645
2023-07-26 15:59:25.824065,5476791.0,5477240.0,12.096033813476563,12.100033854166666,14.058958211263022,14.062958251953125
2023-07-26 15:59:25.837501,5476794.0,5477243.0,12.10907792154948,12.113077962239583,14.071991861979168,14.075991943359375
2023-07-26 15:59:25.850007,5476797.0,5477246.0,12.122121948242187,12.126121948242186,14.085035888671875,14.089035888671875
2023-07-26 15:59:25.863327,5476800.0,5477249.0,12.135165730794272,12.139165812174479,14.098079711914064,14.102079793294271
2023-07-26 15:59:25.876111,5476803.0,5477252.0,12.148209838867189,12.152209879557292,14.11112381998698,14.115123860677084
2023-07-26 15:59:25.889317,5476806.0,5477255.0,12.161253906250002,12.165253987630209,14.124167887369792,14.12816796875
2023-07-26 15:59:25.902386,5476809.0,5477258.0,12.174297729492189,12.178297729492188,14.137211669921875,14.14121171061198
2023-07-26 15:59:25.915910,5476812.0,5477261.0,12.187341756184896,12.191341837565105,14.150255737304688,14.154255777994791
2023-07-26 15:59:25.928933,5476815.0,5477264.0,12.200385864257813,12.204385904947918,14.163299845377605,14.167299886067708
2023-07-26 15:59:25.941385,5476818.0,5477267.0,12.213429931640624,12.217430013020834,14.176343912760416,14.18034395345052
2023-07-26 15:59:25.954852,5476821.0,5477270.0,12.226473714192709,12.230473754882812,14.189387654622395,14.193387736002604
2023-07-26 15:59:25.967366,5476824.0,5477273.0,12.23951778157552,12.243517822265623,14.202431762695312,14.206431803385415
2023-07-26 15:59:25.980623,5476827.0,5477276.0,12.252561889648437,12.256561930338542,14.215475830078125,14.219475911458332
2023-07-26 15:59:25.993995,5476830.0,5477279.0,12.26560595703125,12.269605997721355,14.228519938151042,14.232519978841145
2023-07-26 15:59:26.007271,5476833.0,5477282.0,12.27864969889323,12.282649780273436,14.241563680013021,14.245563761393228
2023-07-26 15:59:26.019540,5476836.0,5477285.0,12.291693806966146,12.29569384765625,14.254607788085938,14.258607828776041
2023-07-26 15:59:26.033139,5476839.0,5477288.0,12.304737874348959,12.308737955729166,14.26765185546875,14.271651936848958
2023-07-26 15:59:26.045630,5476842.0,5477291.0,12.317781982421875,12.321782023111979,14.280695963541667,14.28469600423177
2023-07-26 15:59:26.059203,5476845.0,5477294.0,12.330825724283855,12.334825805664062,14.293739705403647,14.29773974609375
2023-07-26 15:59:26.071862,5476848.0,5477297.0,12.343869832356772,12.347869873046875,14.306783813476562,14.310783854166667
2023-07-26 15:59:26.085303,5476851.0,5477300.0,12.356913899739585,12.360913981119792,14.319827880859375,14.32382792154948
2023-07-26 15:59:26.098128,5476854.0,5477303.0,12.369957885742188,12.373957885742188,14.332871826171877,14.336871826171876
2023-07-26 15:59:26.111560,5476857.0,5477306.0,12.383001749674479,12.387001790364584,14.345915730794271,14.349915771484376
2023-07-26 15:59:26.123994,5476860.0,5477309.0,12.396045857747396,12.4000458984375,14.358959798177082,14.362959879557293
2023-07-26 15:59:26.136972,5476863.0,5477312.0,12.409089925130209,12.413089965820312,14.37200390625,14.376003946940104
2023-07-26 15:59:26.150160,5476866.0,5477315.0,12.422133666992186,12.426133748372397,14.385047648111978,14.389047729492187
2023-07-26 15:59:26.163524,5476869.0,5477318.0,12.435177775065103,12.439177815755208,14.398091756184895,14.402091796874998
2023-07-26 15:59:26.176676,5476872.0,5477321.0,12.448221842447916,12.452221923828125,14.411135823567708,14.415135904947917
2023-07-26 15:59:26.188978,5476875.0,5477324.0,12.461265950520833,12.465265991210936,14.424179931640625,14.428179972330728
2023-07-26 15:59:26.202252,5476878.0,5477327.0,12.474309692382812,12.47830977376302,14.437223673502604,14.441223714192708
2023-07-26 15:59:26.215204,5476881.0,5477330.0,12.487353800455729,12.491353841145834,14.450267781575521,14.454267822265624
2023-07-26 15:59:26.228160,5476884.0,5477333.0,12.500397867838542,12.504397949218749,14.463311848958334,14.467311889648437
2023-07-26 15:59:26.241117,5476887.0,5477336.0,12.513441975911459,12.517442016601562,14.47635595703125,14.480355997721354
2023-07-26 15:59:26.255070,5476890.0,5477339.0,12.526485717773438,12.530485758463541,14.48939969889323,14.493399739583333
2023-07-26 15:59:26.268026,5476893.0,5477342.0,12.539529825846355,12.543529866536458,14.502443766276043,14.50644384765625
2023-07-26 15:59:26.280510,5476896.0,5477345.0,12.552573893229168,12.556573933919271,14.51548787434896,14.519487915039063
2023-07-26 15:59:26.294004,5476899.0,5477348.0,12.565618001302083,12.569618041992188,14.52853194173177,14.532531982421876
2023-07-26 15:59:26.307179,5476902.0,5477351.0,12.578661743164064,12.582661783854167,14.541575724283854,14.54557576497396
2023-07-26 15:59:26.319562,5476905.0,5477354.0,12.591705810546875,12.595705891927084,14.554619791666667,14.558619873046876
2023-07-26 15:59:26.333152,5476908.0,5477357.0,12.604760335286457,12.608760375976564,14.567663899739584,14.571663940429689
2023-07-26 15:59:26.346456,5476911.0,5477360.0,12.617793823242188,12.621793823242188,14.580707763671874,14.584707763671874
2023-07-26 15:59:26.358692,5476914.0,5477363.0,12.630837768554688,12.634837809244791,14.59375174967448,14.597751790364583
2023-07-26 15:59:26.372319,5476917.0,5477366.0,12.6438818359375,12.647881917317708,14.606795817057291,14.610795857747394
2023-07-26 15:59:26.384827,5476920.0,5477369.0,12.656925944010416,12.66092598470052,14.619839925130208,14.623839965820311
2023-07-26 15:59:26.398415,5476923.0,5477372.0,12.669969685872395,12.6739697265625,14.632883666992187,14.636883707682292
2023-07-26 15:59:26.410947,5476926.0,5477375.0,12.683013793945312,12.687013834635415,14.645927734375,14.649927815755207
2023-07-26 15:59:26.424477,5476929.0,5477378.0,12.696057861328125,12.700057902018228,14.658971842447917,14.66297188313802
2023-07-26 15:59:26.437452,5476932.0,5477381.0,12.709101969401042,12.713102010091145,14.67201590983073,14.676015991210937
2023-07-26 15:59:26.450040,5476935.0,5477384.0,12.722156127929688,12.726156168619791,14.685059692382813,14.689059733072916
2023-07-26 15:59:26.463649,5476938.0,5477387.0,12.735189778645834,12.739189860026041,14.698103759765626,14.702103841145833
2023-07-26 15:59:26.476112,5476941.0,5477390.0,12.748233927408855,12.752233927408854,14.711147867838541,14.715147908528646
2023-07-26 15:59:26.489409,5476944.0,5477393.0,12.761277954101564,12.76527803548177,14.724191935221356,14.728192016601563
2023-07-26 15:59:26.502607,5476947.0,5477396.0,12.774321736653647,12.77832177734375,14.737235717773439,14.741235758463542
2023-07-26 15:59:26.515824,5476950.0,5477399.0,12.787365804036458,12.791365885416667,14.75027978515625,14.754279825846355
2023-07-26 15:59:26.528323,5476953.0,5477402.0,12.800409912109375,12.80440995279948,14.763323893229167,14.767323933919272
2023-07-26 15:59:26.541891,5476956.0,5477405.0,12.813453979492188,12.817453979492187,14.776367919921874,14.780367919921876
2023-07-26 15:59:26.554410,5476959.0,5477408.0,12.826497762044271,12.830497802734374,14.789411702473958,14.793411783854166
2023-07-26 15:59:26.567592,5476962.0,5477411.0,12.839541829427082,12.843541870117187,14.802455810546874,14.806455851236977
2023-07-26 15:59:26.581024,5476965.0,5477414.0,12.852585937499999,12.856585978190104,14.815510294596354,14.819510375976563
2023-07-26 15:59:26.593569,5476968.0,5477417.0,12.865629760742188,12.869629760742187,14.828543701171874,14.832543701171874
2023-07-26 15:59:26.607157,5476971.0,5477420.0,12.878673746744791,12.882673828125,14.841587727864583,14.84558780924479
2023-07-26 15:59:26.619691,5476974.0,5477423.0,12.891717854817708,12.895717895507813,14.8546318359375,14.858631876627603
2023-07-26 15:59:26.632898,5476977.0,5477426.0,12.904761922200521,12.908762003580728,14.867675903320313,14.87167598470052
2023-07-26 15:59:26.646261,5476980.0,5477429.0,12.917805704752604,12.921805745442708,14.880719685872396,14.8847197265625
2023-07-26 15:59:26.658759,5476983.0,5477432.0,12.930849772135417,12.934849853515624,14.89376375325521,14.897763793945312
2023-07-26 15:59:26.672163,5476986.0,5477435.0,12.943893880208334,12.947893920898437,14.906807861328126,14.91080790201823
2023-07-26 15:59:26.685434,5476989.0,5477438.0,12.956937947591147,12.960938028971354,14.919851928710939,14.923851969401042
2023-07-26 15:59:26.698657,5476992.0,5477441.0,12.96998173014323,12.973981770833333,14.932895670572917,14.936906168619792
2023-07-26 15:59:26.710906,5476995.0,5477444.0,12.983025797526043,12.987025838216146,14.945939778645835,14.949939819335938
2023-07-26 15:59:26.724300,5476998.0,5477447.0,12.996069905598958,13.000069946289063,14.958983846028646,14.962983927408855
2023-07-26 15:59:26.737804,5477001.0,5477450.0,13.00911397298177,13.013114013671874,14.972027954101563,14.976027994791666
2023-07-26 15:59:26.750089,5477004.0,5477453.0,13.02215771484375,13.02615779622396,14.98507169596354,14.989071777343751
2023-07-26 15:59:26.763319,5477007.0,5477456.0,13.035201822916667,13.03920186360677,14.998115804036457,15.002115844726562
2023-07-26 15:59:26.776348,5477010.0,5477459.0,13.04824589029948,13.052245971679687,15.01115987141927,15.015159952799479
2023-07-26 15:59:26.789818,5477013.0,5477462.0,13.061289916992187,13.065289916992189,15.024203857421874,15.028203857421873
2023-07-26 15:59:26.802350,5477016.0,5477465.0,13.074333740234374,13.078333821614583,15.037247721354166,15.04124776204427
2023-07-26 15:59:26.815165,5477019.0,5477468.0,13.087377848307291,13.091377888997394,15.050291829427083,15.054291870117186
2023-07-26 15:59:26.828464,5477022.0,5477471.0,13.100421915690104,13.104421997070311,15.063335896809896,15.0673359375
2023-07-26 15:59:26.841986,5477025.0,5477474.0,13.113465698242187,13.11746573893229,15.076379638671876,15.080379720052083
2023-07-26 15:59:26.854539,5477028.0,5477477.0,13.126509765625,13.130509806315104,15.089423746744792,15.093423787434896
2023-07-26 15:59:26.868098,5477031.0,5477480.0,13.139553873697917,13.14355391438802,15.102467814127605,15.106467895507812
2023-07-26 15:59:26.880604,5477034.0,5477483.0,13.15259794108073,13.156597981770833,15.115511922200522,15.119511962890625
2023-07-26 15:59:26.893586,5477037.0,5477486.0,13.16564168294271,13.169641764322916,15.128555664062501,15.132555745442708
2023-07-26 15:59:26.906658,5477040.0,5477489.0,13.178685791015626,13.18268583170573,15.141599772135418,15.145599812825521
2023-07-26 15:59:26.920357,5477043.0,5477492.0,13.191729858398437,13.195729939778646,15.15464383951823,15.158643920898438
2023-07-26 15:59:26.932835,5477046.0,5477495.0,13.204773966471356,13.208774007161459,15.167687947591146,15.171687988281251
2023-07-26 15:59:26.946010,5477049.0,5477498.0,13.217817708333333,13.221817789713542,15.180731689453124,15.18473173014323
2023-07-26 15:59:26.959403,5477052.0,5477501.0,13.23086181640625,13.234861857096353,15.193775797526042,15.197775838216145
2023-07-26 15:59:26.971927,5477055.0,5477504.0,13.243905883789061,13.247905965169272,15.206819864908853,15.210819905598958
2023-07-26 15:59:26.985022,5477058.0,5477507.0,13.25694999186198,13.260950032552083,15.21986397298177,15.223864013671875
2023-07-26 15:59:26.998164,5477061.0,5477510.0,13.26999373372396,13.273993774414063,15.23290771484375,15.236907755533853
2023-07-26 15:59:27.011268,5477064.0,5477513.0,13.283037841796874,13.28703788248698,15.245951782226562,15.24995186360677
2023-07-26 15:59:27.024665,5477067.0,5477516.0,13.296081909179687,13.300081949869792,15.25899589029948,15.262995930989582
2023-07-26 15:59:27.037107,5477070.0,5477519.0,13.309125854492187,13.313125854492187,15.272039794921875,15.276039794921875
2023-07-26 15:59:27.050760,5477073.0,5477522.0,13.322169759114583,13.326169799804687,15.285083740234375,15.289083780924479
2023-07-26 15:59:27.063205,5477076.0,5477525.0,13.335213826497396,13.339213907877603,15.298127807617188,15.302127888997395
2023-07-26 15:59:27.076857,5477079.0,5477528.0,13.348257934570313,13.352257975260416,15.311171915690105,15.315171956380208
2023-07-26 15:59:27.089108,5477082.0,5477531.0,13.361301676432292,13.3653017578125,15.324215657552084,15.328215698242188
2023-07-26 15:59:27.102276,5477085.0,5477534.0,13.37434578450521,13.378345825195312,15.337259765625,15.341259806315104
2023-07-26 15:59:27.115511,5477088.0,5477537.0,13.387389851888022,13.39138993326823,15.350303833007814,15.354303873697917
2023-07-26 15:59:27.128982,5477091.0,5477540.0,13.400433959960937,13.404434000651042,15.36334794108073,15.367347981770834
2023-07-26 15:59:27.141460,5477094.0,5477543.0,13.413477701822917,13.41747774251302,15.376391682942709,15.380391723632814
2023-07-26 15:59:27.155123,5477097.0,5477546.0,13.426521809895833,13.430521850585938,15.38943575032552,15.39343583170573
2023-07-26 15:59:27.167507,5477100.0,5477549.0,13.439565877278646,13.44356591796875,15.402479858398436,15.406479899088541
2023-07-26 15:59:27.180570,5477103.0,5477552.0,13.452609985351563,13.456610026041666,15.41552392578125,15.419524007161458
2023-07-26 15:59:27.193827,5477106.0,5477555.0,13.46565372721354,13.469653767903646,15.428567708333333,15.432567749023436
2023-07-26 15:59:27.207160,5477109.0,5477558.0,13.47870821126302,13.48270829264323,15.441611775716146,15.445611857096353
2023-07-26 15:59:27.220299,5477112.0,5477561.0,13.49174190266927,13.495741943359375,15.454655883789062,15.458655924479165
2023-07-26 15:59:27.232482,5477115.0,5477564.0,13.504785970052083,13.508786010742186,15.467699951171875,15.471699951171875
2023-07-26 15:59:27.245731,5477118.0,5477567.0,13.517829752604166,13.521829793294271,15.480743733723958,15.484743774414062
2023-07-26 15:59:27.259252,5477121.0,5477570.0,13.53087381998698,13.534873901367188,15.493787801106771,15.497787841796875
2023-07-26 15:59:27.271818,5477124.0,5477573.0,13.543917928059896,13.54791796875,15.506831909179688,15.510831949869791
2023-07-26 15:59:27.285413,5477127.0,5477576.0,13.556961791992187,13.560961791992186,15.519875732421875,15.523875732421875
2023-07-26 15:59:27.297919,5477130.0,5477579.0,13.570005777994792,13.574005818684896,15.53291971842448,15.536919799804688
2023-07-26 15:59:27.311464,5477133.0,5477582.0,13.583049845377605,13.587049886067708,15.545963826497397,15.5499638671875
2023-07-26 15:59:27.324642,5477136.0,5477585.0,13.59609395345052,13.600093994140625,15.559007893880208,15.563007975260417
2023-07-26 15:59:27.337634,5477139.0,5477588.0,13.609137695312501,13.613137736002605,15.572051676432292,15.576051717122397
2023-07-26 15:59:27.350048,5477142.0,5477591.0,13.622181762695313,13.626181844075521,15.585095743815105,15.589095825195313
2023-07-26 15:59:27.363328,5477145.0,5477594.0,13.63522587076823,13.639225911458333,15.598139851888021,15.602139892578126
2023-07-26 15:59:27.376773,5477148.0,5477597.0,13.648269938151042,13.652270019531251,15.611183919270832,15.615184000651043
2023-07-26 15:59:27.389142,5477151.0,5477600.0,13.661313720703125,13.665313761393229,15.624227701822916,15.62822774251302
2023-07-26 15:59:27.402157,5477154.0,5477603.0,13.674357788085938,13.678357869466145,15.637271769205729,15.641271809895832
2023-07-26 15:59:27.415374,5477157.0,5477606.0,13.687401896158853,13.691401936848958,15.650315877278645,15.654315917968749
2023-07-26 15:59:27.428627,5477160.0,5477609.0,13.700445963541666,13.704446044921875,15.663359944661458,15.667359985351561
2023-07-26 15:59:27.441877,5477163.0,5477612.0,13.71348974609375,13.717489786783855,15.676403686523438,15.680403767903645
2023-07-26 15:59:27.455044,5477166.0,5477615.0,13.726533813476562,13.730533854166666,15.689458211263021,15.693458251953125
2023-07-26 15:59:27.468103,5477169.0,5477618.0,13.739577921549479,13.743577962239584,15.702491861979167,15.706491943359374
2023-07-26 15:59:27.481207,5477172.0,5477621.0,13.752621948242187,13.756621948242186,15.715535888671875,15.719535888671874
2023-07-26 15:59:27.493761,5477175.0,5477624.0,13.765665730794272,13.769665812174479,15.728579711914064,15.73257979329427
2023-07-26 15:59:27.506892,5477178.0,5477627.0,13.778709838867188,13.782709879557292,15.74162381998698,15.745623860677084
2023-07-26 15:59:27.520179,5477181.0,5477630.0,13.791753906250001,13.795753987630208,15.754667887369793,15.75866796875
2023-07-26 15:59:27.532904,5477184.0,5477633.0,13.804797729492188,13.808797729492188,15.767711669921876,15.77171171061198
2023-07-26 15:59:27.546168,5477187.0,5477636.0,13.817841756184896,13.821841837565104,15.780755737304688,15.784755777994793
2023-07-26 15:59:27.559523,5477190.0,5477639.0,13.830885864257814,13.834885904947917,15.793799845377604,15.79779988606771
2023-07-26 15:59:27.571901,5477193.0,5477642.0,13.843929931640625,13.847930013020834,15.806843912760415,15.81084395345052
2023-07-26 15:59:27.585018,5477196.0,5477645.0,13.856973714192709,13.860973754882812,15.819887654622395,15.823887736002604
2023-07-26 15:59:27.598248,5477199.0,5477648.0,13.87001778157552,13.874017822265625,15.832931762695312,15.836931803385415
2023-07-26 15:59:27.611502,5477202.0,5477651.0,13.883061889648436,13.887061930338541,15.845975830078125,15.849975911458333
2023-07-26 15:59:27.624693,5477205.0,5477654.0,13.896105957031251,13.900105997721354,15.859019938151041,15.863019978841145
2023-07-26 15:59:27.637772,5477208.0,5477657.0,13.909149698893229,13.913149780273438,15.87206368001302,15.876063761393228
2023-07-26 15:59:27.650135,5477211.0,5477660.0,13.922193806966146,13.92619384765625,15.885107788085937,15.88910782877604
2023-07-26 15:59:27.663252,5477214.0,5477663.0,13.935237874348958,13.939237955729167,15.89815185546875,15.902151936848957
2023-07-26 15:59:27.676259,5477217.0,5477666.0,13.948281982421875,13.952282023111978,15.911195963541667,15.91519600423177
2023-07-26 15:59:27.689673,5477220.0,5477669.0,13.961325724283855,13.965325805664062,15.924239705403647,15.92823974609375
2023-07-26 15:59:27.702753,5477223.0,5477672.0,13.974369832356771,13.978369873046875,15.937283813476563,15.941283854166667
2023-07-26 15:59:27.715958,5477226.0,5477675.0,13.987413899739584,13.991413981119791,15.950327880859376,15.95432792154948
2023-07-26 15:59:27.729003,5477229.0,5477678.0,14.000457885742188,14.004457885742188,15.963371826171876,15.967371826171876
2023-07-26 15:59:27.742085,5477232.0,5477681.0,14.01350174967448,14.017501790364584,15.976415730794272,15.980415771484376
2023-07-26 15:59:27.755134,5477235.0,5477684.0,14.026545857747395,14.0305458984375,15.989459798177084,15.993459879557292
2023-07-26 15:59:27.768217,5477238.0,5477687.0,14.039589925130208,14.043589965820312,16.002503906250002,16.006503946940104
2023-07-26 15:59:27.780334,5477241.0,5477690.0,14.052633666992188,14.056633748372397,16.01554764811198,16.01954772949219
2023-07-26 15:59:27.793553,5477244.0,5477693.0,14.065677775065105,14.069677815755208,16.0285917561849,16.032591796875
2023-07-26 15:59:27.811673,5477247.0,5477696.0,14.078721842447917,14.082721923828124,16.04163582356771,16.04563590494792
2023-07-26 15:59:27.824629,5477251.0,5477700.0,14.09611397298177,14.100114013671874,16.059027954101563,16.063027994791664
2023-07-26 15:59:27.837586,5477254.0,5477703.0,14.10915771484375,14.113157796223959,16.07207169596354,16.07607177734375
2023-07-26 15:59:27.850546,5477257.0,5477706.0,14.122201822916667,14.12620186360677,16.08511580403646,16.08911584472656
2023-07-26 15:59:27.863499,5477260.0,5477709.0,14.13524589029948,14.139245971679687,16.09815987141927,16.10215995279948
2023-07-26 15:59:27.876456,5477263.0,5477712.0,14.148289916992189,14.152289916992189,16.111203857421877,16.115203857421875
2023-07-26 15:59:27.889412,5477266.0,5477715.0,14.161333740234376,14.165333821614583,16.124247721354166,16.12824776204427
2023-07-26 15:59:27.902369,5477269.0,5477718.0,14.17437784830729,14.178377888997396,16.137291829427085,16.141291870117186
2023-07-26 15:59:27.915326,5477272.0,5477721.0,14.187421915690104,14.191421997070313,16.150335896809896,16.1543359375
2023-07-26 15:59:27.928283,5477275.0,5477724.0,14.200465698242187,14.204465738932292,16.163379638671874,16.167379720052082
2023-07-26 15:59:27.942235,5477278.0,5477727.0,14.213509765625,14.217509806315103,16.176423746744792,16.180423787434897
2023-07-26 15:59:27.955192,5477281.0,5477730.0,14.226553873697917,14.23055391438802,16.189467814127603,16.193467895507812
2023-07-26 15:59:27.968148,5477284.0,5477733.0,14.23959794108073,14.243597981770833,16.20251192220052,16.206511962890623
2023-07-26 15:59:27.981106,5477287.0,5477736.0,14.25264168294271,14.256641764322916,16.2155556640625,16.219555745442708
2023-07-26 15:59:27.994061,5477290.0,5477739.0,14.265685791015626,14.26968583170573,16.228599772135418,16.232599812825523
2023-07-26 15:59:28.007018,5477293.0,5477742.0,14.278729858398437,14.282729939778646,16.24164383951823,16.245643920898438
2023-07-26 15:59:28.019975,5477296.0,5477745.0,14.291773966471355,14.295774007161459,16.254687947591147,16.25868798828125
2023-07-26 15:59:28.032932,5477299.0,5477748.0,14.304817708333333,14.308817789713542,16.267731689453125,16.27173173014323
2023-07-26 15:59:28.045888,5477302.0,5477751.0,14.31786181640625,14.321861857096353,16.280775797526044,16.284775838216145
2023-07-26 15:59:28.058845,5477305.0,5477754.0,14.330905883789063,14.334905965169272,16.293819864908855,16.29781990559896
2023-07-26 15:59:28.071801,5477308.0,5477757.0,14.34394999186198,14.347950032552083,16.306863972981773,16.310864013671875
2023-07-26 15:59:28.085755,5477311.0,5477760.0,14.356993733723959,14.360993774414062,16.31990771484375,16.323907755533856
2023-07-26 15:59:28.098711,5477314.0,5477763.0,14.370037841796874,14.374037882486979,16.332951782226562,16.33695186360677
2023-07-26 15:59:28.111668,5477317.0,5477766.0,14.383081909179687,14.387081949869792,16.345995890299477,16.349995930989586
2023-07-26 15:59:28.124625,5477320.0,5477769.0,14.396125854492187,14.400125854492186,16.359039794921877,16.363039794921875
2023-07-26 15:59:28.137581,5477323.0,5477772.0,14.409169759114583,14.413169799804688,16.372083740234373,16.376083780924482
2023-07-26 15:59:28.150538,5477326.0,5477775.0,14.422213826497396,14.426213907877605,16.385127807617184,16.389127888997397
2023-07-26 15:59:28.163498,5477329.0,5477778.0,14.435257934570313,14.439257975260416,16.398171915690103,16.40217195638021
2023-07-26 15:59:28.176451,5477332.0,5477781.0,14.448301676432292,14.4523017578125,16.41121565755208,16.415215698242186
2023-07-26 15:59:28.189411,5477335.0,5477784.0,14.461345784505209,14.465345825195312,16.424259765625,16.428259806315104
2023-07-26 15:59:28.202368,5477338.0,5477787.0,14.474389851888022,14.478389933268229,16.43730383300781,16.441303873697915
2023-07-26 15:59:28.215321,5477341.0,5477790.0,14.487433959960937,14.491434000651042,16.45034794108073,16.45434798177083
2023-07-26 15:59:28.233259,5477344.0,5477793.0,14.500477701822916,14.50447774251302,16.463391682942706,16.46739172363281
2023-07-26 15:59:28.246217,5477348.0,5477797.0,14.517869832356771,14.521869873046876,16.480783813476563,16.484783854166665
2023-07-26 15:59:28.259175,5477351.0,5477800.0,14.530913899739584,14.534913981119791,16.493827880859374,16.49782792154948
2023-07-26 15:59:28.272130,5477354.0,5477803.0,14.543957885742188,14.547957885742187,16.506871826171874,16.510871826171876
2023-07-26 15:59:28.285087,5477357.0,5477806.0,14.55700174967448,14.561001790364584,16.51991573079427,16.523915771484376
2023-07-26 15:59:28.298042,5477360.0,5477809.0,14.570045857747395,14.5740458984375,16.532959798177085,16.53695987955729
2023-07-26 15:59:28.310999,5477363.0,5477812.0,14.583089925130208,14.587089965820311,16.54600390625,16.550003946940105
2023-07-26 15:59:28.323958,5477366.0,5477815.0,14.596133666992188,14.600133748372397,16.55904764811198,16.563047729492187
2023-07-26 15:59:28.336912,5477369.0,5477818.0,14.609177775065104,14.613177815755208,16.572091756184896,16.576091796875
2023-07-26 15:59:28.350865,5477372.0,5477821.0,14.622221842447917,14.626221923828124,16.58513582356771,16.589135904947916
2023-07-26 15:59:28.363821,5477375.0,5477824.0,14.635265950520832,14.639265991210937,16.598179931640626,16.60217997233073
2023-07-26 15:59:28.376177,5477378.0,5477827.0,14.648309692382814,14.65230977376302,16.611223673502604,16.61522371419271
2023-07-26 15:59:28.389596,5477381.0,5477830.0,14.66135380045573,14.665353841145834,16.624267781575522,16.628267822265627
2023-07-26 15:59:28.402835,5477384.0,5477833.0,14.674397867838541,14.678397949218748,16.637311848958333,16.64131188964844
2023-07-26 15:59:28.416065,5477387.0,5477836.0,14.687441975911458,14.691442016601563,16.65035595703125,16.654355997721357
2023-07-26 15:59:28.429137,5477390.0,5477839.0,14.700485717773438,14.704485758463543,16.663399698893226,16.667399739583335
2023-07-26 15:59:28.441608,5477393.0,5477842.0,14.713529825846354,14.717529866536458,16.67644376627604,16.680443847656253
2023-07-26 15:59:28.455092,5477396.0,5477845.0,14.726573893229167,14.73057393391927,16.689487874348956,16.69348791503906
2023-07-26 15:59:28.468176,5477399.0,5477848.0,14.739618001302082,14.743618041992189,16.70253194173177,16.706531982421872
2023-07-26 15:59:28.481341,5477402.0,5477851.0,14.752661743164063,14.756661783854167,16.715575724283852,16.719575764973957
2023-07-26 15:59:28.493506,5477405.0,5477854.0,14.765705810546875,14.769705891927083,16.728619791666667,16.732619873046875
2023-07-26 15:59:28.506698,5477408.0,5477857.0,14.778760335286458,14.782760375976563,16.74166389973958,16.745663940429687
2023-07-26 15:59:28.519796,5477411.0,5477860.0,14.791793823242188,14.795793823242187,16.754707763671878,16.758707763671875
2023-07-26 15:59:28.532882,5477414.0,5477863.0,14.804837768554687,14.80883780924479,16.767751749674478,16.771751790364583
2023-07-26 15:59:28.546313,5477417.0,5477866.0,14.8178818359375,14.82188191731771,16.780795817057292,16.784795857747394
2023-07-26 15:59:28.558793,5477420.0,5477869.0,14.830925944010417,14.83492598470052,16.793839925130207,16.797839965820312
2023-07-26 15:59:28.571904,5477423.0,5477872.0,14.843969685872397,14.8479697265625,16.80688366699219,16.81088370768229
2023-07-26 15:59:28.585174,5477426.0,5477875.0,14.857013793945312,14.861013834635417,16.819927734375,16.82392781575521
2023-07-26 15:59:28.598285,5477429.0,5477878.0,14.870057861328124,14.87405790201823,16.832971842447918,16.83697188313802
2023-07-26 15:59:28.611520,5477432.0,5477881.0,14.883101969401041,14.887102010091146,16.84601590983073,16.850015991210938
2023-07-26 15:59:28.623924,5477435.0,5477884.0,14.896156127929688,14.900156168619791,16.859059692382814,16.863059733072916
2023-07-26 15:59:28.637135,5477438.0,5477887.0,14.909189778645834,14.913189860026042,16.872103759765626,16.876103841145834
2023-07-26 15:59:28.650331,5477441.0,5477890.0,14.92223388671875,14.926233927408855,16.88514786783854,16.889147908528646
2023-07-26 15:59:28.663371,5477444.0,5477893.0,14.935277954101563,14.93927803548177,16.898191935221355,16.902192016601564
2023-07-26 15:59:28.676818,5477447.0,5477896.0,14.948321736653646,14.95232177734375,16.911235717773437,16.91523575846354
2023-07-26 15:59:28.689370,5477450.0,5477899.0,14.961365804036458,14.965365885416666,16.92427978515625,16.928279825846353
2023-07-26 15:59:28.706668,5477453.0,5477902.0,14.974409912109374,14.97840995279948,16.937323893229166,16.94132393391927
2023-07-26 15:59:28.719858,5477457.0,5477906.0,14.991801676432292,14.9958017578125,16.954715657552082,16.958715698242187
2023-07-26 15:59:28.733343,5477460.0,5477909.0,15.004845784505209,15.008845825195312,16.967759765624997,16.971759806315106
2023-07-26 15:59:28.746297,5477463.0,5477912.0,15.017889851888022,15.021889933268229,16.980803833007812,16.984803873697913
2023-07-26 15:59:28.759254,5477466.0,5477915.0,15.030933959960937,15.034934000651042,16.993847941080727,16.997847981770832
2023-07-26 15:59:28.772210,5477469.0,5477918.0,15.043977701822916,15.04797774251302,17.006891682942708,17.01089172363281
2023-07-26 15:59:28.789153,5477472.0,5477921.0,15.057021809895833,15.061021850585938,17.01993575032552,17.023935831705728
2023-07-26 15:59:28.803105,5477476.0,5477925.0,15.074413899739584,15.078413981119791,17.037327880859376,17.04132792154948
2023-07-26 15:59:28.816067,5477479.0,5477928.0,15.087457885742188,15.091457885742187,17.050371826171872,17.054371826171874
2023-07-26 15:59:28.829019,5477482.0,5477931.0,15.10050174967448,15.104501790364584,17.063415730794272,17.067415771484374
2023-07-26 15:59:28.841976,5477485.0,5477934.0,15.113545857747395,15.1175458984375,17.076459798177083,17.080459879557292
2023-07-26 15:59:28.854932,5477488.0,5477937.0,15.126589925130208,15.130589965820311,17.089503906250002,17.093503946940103
2023-07-26 15:59:28.867889,5477491.0,5477940.0,15.139633666992188,15.143633748372396,17.10254764811198,17.10654772949219
2023-07-26 15:59:28.880846,5477494.0,5477943.0,15.152677775065104,15.156677815755208,17.115591756184898,17.119591796875
2023-07-26 15:59:28.893802,5477497.0,5477946.0,15.165721842447917,15.169721923828124,17.12863582356771,17.132635904947918
2023-07-26 15:59:28.906759,5477500.0,5477949.0,15.178765950520834,15.182765991210937,17.141679931640628,17.14567997233073
2023-07-26 15:59:28.919716,5477503.0,5477952.0,15.191809692382813,15.19580977376302,17.154723673502602,17.15872371419271
2023-07-26 15:59:28.933669,5477506.0,5477955.0,15.20485380045573,15.208853841145833,17.167767781575524,17.171767822265625
2023-07-26 15:59:28.946626,5477509.0,5477958.0,15.217897867838541,15.22189794921875,17.18081184895833,17.18481188964844
2023-07-26 15:59:28.959582,5477512.0,5477961.0,15.230941975911458,15.234942016601563,17.19385595703125,17.197855997721355
2023-07-26 15:59:28.976525,5477515.0,5477964.0,15.243985717773437,15.247985758463543,17.206899698893228,17.210899739583336
2023-07-26 15:59:28.989482,5477519.0,5477968.0,15.26137784830729,15.265377888997396,17.224291829427084,17.228291870117186
2023-07-26 15:59:29.002436,5477522.0,5477971.0,15.274421915690104,15.278421997070312,17.237335896809896,17.2413359375
2023-07-26 15:59:29.015393,5477525.0,5477974.0,15.287465698242189,15.291465738932292,17.250379638671873,17.254379720052082
2023-07-26 15:59:29.028350,5477528.0,5477977.0,15.300509765625,15.304509806315105,17.26342374674479,17.267423787434897
2023-07-26 15:59:29.041481,5477531.0,5477980.0,15.313553873697916,15.317553914388021,17.276467814127606,17.28046789550781
2023-07-26 15:59:29.054600,5477534.0,5477983.0,15.32659794108073,15.330597981770834,17.28951192220052,17.293511962890626
2023-07-26 15:59:29.068077,5477537.0,5477986.0,15.339641682942709,15.343641764322916,17.3025556640625,17.306555745442708
2023-07-26 15:59:29.081351,5477540.0,5477989.0,15.352685791015626,15.356685831705729,17.315599772135418,17.319599812825523
2023-07-26 15:59:29.094415,5477543.0,5477992.0,15.365729858398437,15.369729939778646,17.32864383951823,17.332643920898438
2023-07-26 15:59:29.107371,5477546.0,5477995.0,15.378773966471355,15.382774007161458,17.341687947591147,17.34568798828125
2023-07-26 15:59:29.120328,5477549.0,5477998.0,15.391817708333333,15.395817789713542,17.354731689453125,17.35873173014323
2023-07-26 15:59:29.133290,5477552.0,5478001.0,15.40486181640625,15.408861857096353,17.367775797526043,17.371775838216145
2023-07-26 15:59:29.146575,5477555.0,5478004.0,15.417905883789063,15.421905965169271,17.380819864908855,17.38481990559896
2023-07-26 15:59:29.158849,5477558.0,5478007.0,15.43094999186198,15.434950032552083,17.393863972981773,17.397864013671875
2023-07-26 15:59:29.171991,5477561.0,5478010.0,15.443993733723959,15.447993774414062,17.40690771484375,17.410907755533856
2023-07-26 15:59:29.185239,5477564.0,5478013.0,15.457037841796875,15.461037882486979,17.419951782226562,17.42395186360677
2023-07-26 15:59:29.198372,5477567.0,5478016.0,15.470081909179688,15.474081949869792,17.432995890299477,17.436995930989585
2023-07-26 15:59:29.210900,5477570.0,5478019.0,15.483125854492187,15.487125854492188,17.446039794921877,17.450039794921874
2023-07-26 15:59:29.224324,5477573.0,5478022.0,15.496169759114583,15.500169799804688,17.459083740234373,17.46308378092448
2023-07-26 15:59:29.237306,5477576.0,5478025.0,15.509213826497398,15.513213907877605,17.472127807617184,17.476127888997397
2023-07-26 15:59:29.250592,5477579.0,5478028.0,15.522257934570312,15.526257975260416,17.485171915690103,17.48917195638021
2023-07-26 15:59:29.263844,5477582.0,5478031.0,15.535301676432292,15.539301757812499,17.498215657552084,17.502215698242185
2023-07-26 15:59:29.276920,5477585.0,5478034.0,15.548345784505209,15.552345825195314,17.511259765625,17.515259806315107
2023-07-26 15:59:29.289262,5477588.0,5478037.0,15.561389851888022,15.565389933268229,17.52430383300781,17.528303873697915
2023-07-26 15:59:29.307617,5477591.0,5478040.0,15.574433959960936,15.578434000651042,17.53734794108073,17.541347981770834
2023-07-26 15:59:29.319924,5477595.0,5478044.0,15.591825724283854,15.595825805664063,17.554739705403648,17.55873974609375
2023-07-26 15:59:29.332973,5477598.0,5478047.0,15.604869832356771,15.608869873046876,17.567783813476563,17.571783854166668
2023-07-26 15:59:29.346278,5477601.0,5478050.0,15.617913899739584,15.621913981119791,17.580827880859374,17.58482792154948
2023-07-26 15:59:29.359473,5477604.0,5478053.0,15.630957885742188,15.634957885742187,17.593871826171874,17.597871826171875
2023-07-26 15:59:29.372682,5477607.0,5478056.0,15.64400174967448,15.648001790364583,17.60691573079427,17.610915771484375
2023-07-26 15:59:29.384895,5477610.0,5478059.0,15.657045857747395,15.6610458984375,17.619959798177085,17.62395987955729
2023-07-26 15:59:29.398236,5477613.0,5478062.0,15.670089925130208,15.674089965820311,17.63300390625,17.637003946940105
2023-07-26 15:59:29.411392,5477616.0,5478065.0,15.683133666992187,15.687133748372396,17.64604764811198,17.650047729492186
2023-07-26 15:59:29.424367,5477619.0,5478068.0,15.696177815755208,15.700177815755207,17.659091756184896,17.663091796875
2023-07-26 15:59:29.441559,5477622.0,5478071.0,15.709221842447917,15.713221923828124,17.67213582356771,17.676135904947916
2023-07-26 15:59:29.454717,5477626.0,5478075.0,15.72661397298177,15.730614013671874,17.68952795410156,17.693527994791665
2023-07-26 15:59:29.467772,5477629.0,5478078.0,15.73965771484375,15.743657796223959,17.70257169596354,17.706571777343747
2023-07-26 15:59:29.481131,5477632.0,5478081.0,15.752701822916666,15.75670186360677,17.715615804036457,17.71961584472656
2023-07-26 15:59:29.494276,5477635.0,5478084.0,15.76574589029948,15.769745971679686,17.72865987141927,17.732659952799477
2023-07-26 15:59:29.506636,5477638.0,5478087.0,15.778789916992189,15.782789916992188,17.741703857421875,17.745703857421876
2023-07-26 15:59:29.519888,5477641.0,5478090.0,15.791833740234376,15.795833821614583,17.754747721354168,17.75874776204427
2023-07-26 15:59:29.537071,5477644.0,5478093.0,15.80487784830729,15.808877888997396,17.767791829427082,17.771791870117188
2023-07-26 15:59:29.550269,5477648.0,5478097.0,15.822269938151042,15.82627001953125,17.785183919270835,17.78918400065104
2023-07-26 15:59:29.563344,5477651.0,5478100.0,15.835313720703125,15.839313761393228,17.798227701822917,17.802227742513022
2023-07-26 15:59:29.576521,5477654.0,5478103.0,15.848357788085938,15.852357869466145,17.81127176920573,17.815271809895833
2023-07-26 15:59:29.589696,5477657.0,5478106.0,15.861401896158855,15.865401936848958,17.824315877278647,17.82831591796875
2023-07-26 15:59:29.602223,5477660.0,5478109.0,15.874445963541667,15.878446044921875,17.837359944661458,17.841359985351563
2023-07-26 15:59:29.615337,5477663.0,5478112.0,15.88748974609375,15.891489786783854,17.850403686523435,17.854403767903648
2023-07-26 15:59:29.633582,5477666.0,5478115.0,15.900533813476562,15.904533854166667,17.863458211263023,17.867458251953124
2023-07-26 15:59:29.646435,5477670.0,5478119.0,15.917925944010417,15.92192598470052,17.880839925130207,17.884839965820312
2023-07-26 15:59:29.658937,5477673.0,5478122.0,15.930969685872396,15.9349697265625,17.89388366699219,17.89788370768229
2023-07-26 15:59:29.672051,5477676.0,5478125.0,15.944013793945311,15.948013834635416,17.906927734375,17.91092781575521
2023-07-26 15:59:29.690077,5477679.0,5478128.0,15.957057861328126,15.96105790201823,17.919971842447918,17.92397188313802
2023-07-26 15:59:29.703084,5477683.0,5478132.0,15.97444999186198,15.978450032552082,17.93736397298177,17.941364013671876
2023-07-26 15:59:29.720381,5477686.0,5478135.0,15.987493733723959,15.991493774414062,17.950407714843752,17.954407755533854
2023-07-26 15:59:29.733424,5477690.0,5478139.0,16.004885864257812,16.008885904947917,17.967799845377602,17.971799886067707
2023-07-26 15:59:29.746487,5477693.0,5478142.0,16.017929931640627,16.021930013020835,17.980843912760417,17.98484395345052
2023-07-26 15:59:29.759534,5477696.0,5478145.0,16.03097371419271,16.034973754882813,17.993887654622394,17.997887736002603
2023-07-26 15:59:29.772562,5477699.0,5478148.0,16.044017781575523,16.048017822265624,18.006931762695313,18.010931803385414
2023-07-26 15:59:29.789801,5477702.0,5478151.0,16.057061889648438,16.061061930338543,18.019975830078124,18.023975911458333
2023-07-26 15:59:29.802262,5477706.0,5478155.0,16.074453979492187,16.07845397949219,18.037367919921873,18.041367919921875
2023-07-26 15:59:29.821260,5477709.0,5478158.0,16.087497762044272,16.091497802734374,18.05041170247396,18.054411783854167
2023-07-26 15:59:29.832684,5477713.0,5478162.0,16.10488985188802,16.10888993326823,18.06780383300781,18.071803873697917
2023-07-26 15:59:29.850821,5477716.0,5478165.0,16.11793395996094,16.12193400065104,18.080847941080727,18.08484798177083
2023-07-26 15:59:29.863167,5477720.0,5478169.0,16.135325724283852,16.139325805664065,18.098239705403646,18.10223974609375
2023-07-26 15:59:29.876352,5477723.0,5478172.0,16.14836983235677,16.152369873046872,18.11128381347656,18.115283854166666
2023-07-26 15:59:29.893599,5477727.0,5478175.0,16.16576192220052,16.16976200358073,18.124327880859376,18.12832792154948
2023-07-26 15:59:29.907421,5477730.0,5478179.0,16.178805704752605,16.182805745442707,18.141719685872395,18.1457197265625
2023-07-26 15:59:29.919694,5477733.0,5478182.0,16.191849772135416,16.195849853515625,18.154763753255207,18.158763793945315
2023-07-26 15:59:29.932762,5477736.0,5478185.0,16.204893880208335,16.208893920898436,18.167807861328125,18.17180790201823
2023-07-26 15:59:29.945719,5477739.0,5478188.0,16.217937947591146,16.221938028971355,18.180851928710936,18.18485196940104
2023-07-26 15:59:29.959671,5477742.0,5478191.0,16.23098173014323,16.234981770833333,18.193895670572914,18.19790616861979
2023-07-26 15:59:29.976615,5477745.0,5478194.0,16.244025797526042,16.248025838216147,18.206939778645832,18.210939819335938
2023-07-26 15:59:29.989572,5477749.0,5478198.0,16.261417928059895,16.26541796875,18.22433190917969,18.22833194986979
2023-07-26 15:59:30.002529,5477752.0,5478201.0,16.274461791992188,16.27846179199219,18.237375732421874,18.241375732421876
2023-07-26 15:59:30.020468,5477755.0,5478204.0,16.28750577799479,16.291505818684897,18.250419718424478,18.254419799804687
2023-07-26 15:59:30.033425,5477759.0,5478208.0,16.30489786783854,16.30889794921875,18.26781184895833,18.27181188964844
2023-07-26 15:59:30.046381,5477762.0,5478211.0,16.31794197591146,16.32194201660156,18.28085595703125,18.284855997721355
2023-07-26 15:59:30.063324,5477765.0,5478214.0,16.330985717773437,16.334985758463542,18.293899698893227,18.297899739583336
2023-07-26 15:59:30.076281,5477769.0,5478218.0,16.348377848307294,16.352377888997395,18.311291829427084,18.315291870117186
2023-07-26 15:59:30.089237,5477772.0,5478221.0,16.3614219156901,16.365421997070314,18.324335896809895,18.3283359375
2023-07-26 15:59:30.103191,5477775.0,5478224.0,16.374465698242187,16.37846573893229,18.337379638671877,18.341379720052082
2023-07-26 15:59:30.120139,5477778.0,5478227.0,16.387509765624998,16.391509806315106,18.35042374674479,18.354423787434897
2023-07-26 15:59:30.133091,5477782.0,5478231.0,16.404901896158854,16.408901936848956,18.367815877278648,18.37181591796875
2023-07-26 15:59:30.146052,5477785.0,5478234.0,16.417945963541666,16.421946044921874,18.380859944661456,18.384859985351564
2023-07-26 15:59:30.159004,5477788.0,5478237.0,16.43098974609375,16.434989786783856,18.393903686523437,18.397903767903646
2023-07-26 15:59:30.171959,5477791.0,5478240.0,16.444033813476562,16.448033854166667,18.40695821126302,18.410958251953126
2023-07-26 15:59:30.184916,5477794.0,5478243.0,16.45707792154948,16.46107796223958,18.419991861979167,18.423991943359376
2023-07-26 15:59:30.198871,5477797.0,5478246.0,16.470121948242188,16.47412194824219,18.433035888671874,18.437035888671875
2023-07-26 15:59:30.211827,5477800.0,5478249.0,16.483165730794273,16.487165812174478,18.446079711914063,18.45007979329427
2023-07-26 15:59:30.228770,5477803.0,5478252.0,16.496209838867188,16.500209879557293,18.459123819986978,18.463123860677083
2023-07-26 15:59:30.241727,5477807.0,5478256.0,16.51360196940104,16.517602010091146,18.47651590983073,18.480515991210936
2023-07-26 15:59:30.254682,5477810.0,5478259.0,16.526656127929687,16.530656168619792,18.489559692382812,18.493559733072917
2023-07-26 15:59:30.272628,5477813.0,5478262.0,16.539689778645833,16.543689860026042,18.502603759765627,18.506603841145832
2023-07-26 15:59:30.285578,5477817.0,5478266.0,16.557081909179686,16.56108194986979,18.519995890299477,18.523995930989585
2023-07-26 15:59:30.298535,5477820.0,5478269.0,16.57012585449219,16.574125854492188,18.533039794921876,18.537039794921874
2023-07-26 15:59:30.315478,5477823.0,5478272.0,16.583169759114583,16.587169799804688,18.546083740234373,18.55008378092448
2023-07-26 15:59:30.328434,5477827.0,5478276.0,16.60056188964844,16.604561930338544,18.563475830078126,18.56747591145833
2023-07-26 15:59:30.342388,5477830.0,5478279.0,16.613605957031247,16.617605997721355,18.57651993815104,18.580519978841146
2023-07-26 15:59:30.359139,5477833.0,5478282.0,16.626649698893228,16.630649780273437,18.589563680013022,18.593563761393227
2023-07-26 15:59:30.371958,5477837.0,5478286.0,16.64404182942708,16.648041870117186,18.606955810546875,18.61095585123698
2023-07-26 15:59:30.385428,5477840.0,5478289.0,16.6570859375,16.661085978190105,18.620010294596355,18.62401037597656
2023-07-26 15:59:30.402764,5477843.0,5478292.0,16.670129760742185,16.674129760742186,18.633043701171875,18.637043701171876
2023-07-26 15:59:30.415664,5477847.0,5478296.0,16.687521809895834,16.69152185058594,18.65043575032552,18.65443583170573
2023-07-26 15:59:30.428785,5477850.0,5478299.0,16.70056587727865,16.70456591796875,18.663479858398436,18.66747989908854
2023-07-26 15:59:30.442317,5477853.0,5478302.0,16.713609985351564,16.71761002604167,18.67652392578125,18.680524007161456
2023-07-26 15:59:30.454644,5477856.0,5478305.0,16.72665372721354,16.730653767903647,18.689567708333332,18.693567749023437
2023-07-26 15:59:30.472048,5477859.0,5478308.0,16.73970821126302,16.74370829264323,18.702611775716147,18.70661185709635
2023-07-26 15:59:30.485720,5477863.0,5478312.0,16.75708992513021,16.76108996582031,18.72000390625,18.724003946940105
2023-07-26 15:59:30.502330,5477866.0,5478315.0,16.77013370768229,16.774133748372396,18.73304764811198,18.737047729492186
2023-07-26 15:59:30.516096,5477870.0,5478319.0,16.787525797526044,16.791525838216145,18.75043977864583,18.754439819335936
2023-07-26 15:59:30.528549,5477873.0,5478322.0,16.80056990559896,16.804569946289064,18.763483846028645,18.767483927408854
2023-07-26 15:59:30.545907,5477876.0,5478325.0,16.813613972981774,16.817614013671875,18.77652795410156,18.780527994791665
2023-07-26 15:59:30.559501,5477880.0,5478329.0,16.83100577799479,16.8350058186849,18.79391971842448,18.79791979980469
2023-07-26 15:59:30.571946,5477883.0,5478332.0,16.844049845377604,16.848049886067706,18.806963826497398,18.8109638671875
2023-07-26 15:59:30.589250,5477886.0,5478335.0,16.85709395345052,16.861093994140624,18.82000789388021,18.824007975260418
2023-07-26 15:59:30.602360,5477890.0,5478339.0,16.87448571777344,16.87848575846354,18.83739969889323,18.841399739583334
2023-07-26 15:59:30.620524,5477893.0,5478342.0,16.887529825846354,16.89152986653646,18.85044376627604,18.854443847656253
2023-07-26 15:59:30.633480,5477897.0,5478346.0,16.904921915690103,16.908921997070312,18.867835896809897,18.8718359375
2023-07-26 15:59:30.646628,5477900.0,5478349.0,16.917965698242185,16.921965738932293,18.880879638671875,18.884879720052083
2023-07-26 15:59:30.663810,5477903.0,5478352.0,16.931009765625,16.935009806315104,18.893923746744793,18.897923787434895
2023-07-26 15:59:30.676438,5477907.0,5478356.0,16.948401896158853,16.952401936848958,18.911315877278646,18.91531591796875
2023-07-26 15:59:30.689847,5477910.0,5478359.0,16.961445963541667,16.965446044921876,18.924359944661457,18.928359985351562
2023-07-26 15:59:30.707404,5477914.0,5478362.0,16.97883776855469,16.982837809244792,18.937403686523435,18.941403767903648
2023-07-26 15:59:30.720486,5477917.0,5478366.0,16.9918818359375,16.99588191731771,18.954795817057292,18.958795857747393
2023-07-26 15:59:30.738120,5477920.0,5478369.0,17.004925944010417,17.00892598470052,18.967839925130207,18.971839965820312
2023-07-26 15:59:30.750403,5477924.0,5478373.0,17.022317708333333,17.02631778971354,18.985231689453126,18.98923173014323
2023-07-26 15:59:30.763805,5477927.0,5478376.0,17.03536181640625,17.039361857096353,18.99827579752604,19.002275838216146
2023-07-26 15:59:30.780940,5477930.0,5478379.0,17.048405883789062,17.05240596516927,19.011319864908856,19.01531990559896
2023-07-26 15:59:30.794328,5477934.0,5478383.0,17.06579772949219,17.069797729492187,19.028711669921876,19.032711710611977
2023-07-26 15:59:30.811405,5477937.0,5478386.0,17.078841756184897,17.082841837565105,19.041755737304687,19.045755777994792
2023-07-26 15:59:30.824815,5477941.0,5478390.0,17.09623388671875,17.10023392740885,19.059147867838544,19.063147908528645
2023-07-26 15:59:30.841925,5477944.0,5478393.0,17.10927795410156,17.113278035481773,19.072191935221355,19.076192016601563
2023-07-26 15:59:30.855474,5477948.0,5478397.0,17.126669759114584,17.130669799804686,19.089583740234374,19.09358378092448
2023-07-26 15:59:30.872424,5477951.0,5478400.0,17.139713826497395,17.143713907877604,19.102627807617186,19.106627888997398
2023-07-26 15:59:30.885381,5477955.0,5478404.0,17.15710595703125,17.161105997721357,19.120019938151042,19.124019978841144
2023-07-26 15:59:30.898341,5477958.0,5478407.0,17.170149698893226,17.17414978027344,19.13306368001302,19.13706376139323
2023-07-26 15:59:30.911294,5477961.0,5478410.0,17.183193806966145,17.187193847656253,19.14610778808594,19.15010782877604
2023-07-26 15:59:30.929233,5477964.0,5478413.0,17.196237874348956,17.20023795572917,19.15915185546875,19.16315193684896
2023-07-26 15:59:30.942191,5477968.0,5478417.0,17.213629760742187,17.217629760742188,19.176543701171877,19.180543701171874
2023-07-26 15:59:30.955147,5477971.0,5478420.0,17.22667374674479,17.230673828125,19.18958772786458,19.193587809244793
2023-07-26 15:59:30.972090,5477974.0,5478423.0,17.23971785481771,17.243717895507814,19.202631835937503,19.206631876627604
2023-07-26 15:59:30.985046,5477978.0,5478427.0,17.257109985351565,17.261110026041667,19.22002392578125,19.224024007161457
2023-07-26 15:59:30.998003,5477981.0,5478430.0,17.270153727213543,17.27415376790365,19.233067708333333,19.237067749023435
2023-07-26 15:59:31.015943,5477984.0,5478433.0,17.28320821126302,17.28720829264323,19.246111775716145,19.250111857096353
2023-07-26 15:59:31.028900,5477988.0,5478437.0,17.300589925130208,17.304589965820313,19.26350390625,19.267503946940103
2023-07-26 15:59:31.041856,5477991.0,5478440.0,17.313633666992185,17.317633748372394,19.27654764811198,19.280547729492188
2023-07-26 15:59:31.054813,5477994.0,5478443.0,17.326677775065104,17.33067781575521,19.289591756184898,19.293591796875003
2023-07-26 15:59:31.072751,5477997.0,5478446.0,17.33972184244792,17.343721923828124,19.30263582356771,19.306635904947917
2023-07-26 15:59:31.085707,5478001.0,5478450.0,17.35711397298177,17.361114013671877,19.320027954101562,19.324027994791667
2023-07-26 15:59:31.102651,5478004.0,5478453.0,17.370157714843753,17.374157796223958,19.33307169596354,19.33707177734375
2023-07-26 15:59:31.115607,5478008.0,5478457.0,17.387549845377603,17.391549886067708,19.350463826497396,19.3544638671875
2023-07-26 15:59:31.133062,5478011.0,5478460.0,17.40059395345052,17.404593994140622,19.363507893880207,19.367507975260416
2023-07-26 15:59:31.145983,5478015.0,5478464.0,17.417985717773437,17.421985758463542,19.380899698893227,19.384899739583336
2023-07-26 15:59:31.163394,5478018.0,5478467.0,17.431029825846355,17.435029866536457,19.393943766276042,19.39794384765625
2023-07-26 15:59:31.176731,5478022.0,5478471.0,17.4484219156901,17.452421997070314,19.411335896809895,19.4153359375
2023-07-26 15:59:31.193948,5478025.0,5478474.0,17.461465698242186,17.465465738932295,19.424379638671876,19.42837972005208
2023-07-26 15:59:31.207242,5478029.0,5478478.0,17.47885778808594,17.482857869466145,19.44177176920573,19.445771809895835
2023-07-26 15:59:31.220238,5478032.0,5478481.0,17.491901896158854,17.49590193684896,19.454815877278648,19.45881591796875
2023-07-26 15:59:31.237397,5478035.0,5478484.0,17.504945963541665,17.508946044921874,19.467859944661456,19.471859985351564
2023-07-26 15:59:31.250615,5478039.0,5478488.0,17.52233776855469,17.526337809244794,19.48525174967448,19.48925179036458
2023-07-26 15:59:31.263716,5478042.0,5478491.0,17.5353818359375,17.53938191731771,19.49829581705729,19.502295857747395
2023-07-26 15:59:31.280952,5478045.0,5478494.0,17.548425944010418,17.552425984700523,19.51133992513021,19.515339965820313
2023-07-26 15:59:31.293831,5478049.0,5478498.0,17.565817708333334,17.56981778971354,19.528731689453128,19.53273173014323
2023-07-26 15:59:31.307258,5478052.0,5478501.0,17.57886181640625,17.582861857096354,19.541775797526043,19.545775838216144
2023-07-26 15:59:31.324534,5478055.0,5478504.0,17.591905883789064,17.59590596516927,19.554819864908854,19.55881990559896
2023-07-26 15:59:31.337756,5478059.0,5478508.0,17.609297729492187,17.61329772949219,19.572211669921874,19.57621171061198
2023-07-26 15:59:31.354719,5478062.0,5478511.0,17.6223417561849,17.626341837565104,19.585255737304685,19.58925577799479
2023-07-26 15:59:31.372233,5478066.0,5478515.0,17.639733886718748,17.643733927408853,19.60264786783854,19.606647908528647
2023-07-26 15:59:31.385105,5478070.0,5478519.0,17.65712585449219,17.661125854492187,19.620039794921876,19.624039794921874
2023-07-26 15:59:31.398156,5478073.0,5478522.0,17.670169759114582,17.674169799804687,19.633083740234373,19.63708378092448
2023-07-26 15:59:31.415476,5478076.0,5478525.0,17.683213826497397,17.687213907877606,19.646127807617187,19.650127888997396
2023-07-26 15:59:31.429130,5478080.0,5478529.0,17.70060595703125,17.704605997721355,19.66351993815104,19.667519978841145
2023-07-26 15:59:31.441484,5478083.0,5478532.0,17.713649698893228,17.717649780273437,19.67656368001302,19.680563761393227
2023-07-26 15:59:31.459667,5478086.0,5478535.0,17.726693806966143,17.73069384765625,19.689607788085937,19.69360782877604
2023-07-26 15:59:31.472064,5478090.0,5478539.0,17.7440859375,17.748085978190105,19.707010294596355,19.71101037597656
2023-07-26 15:59:31.485252,5478093.0,5478542.0,17.757129760742185,17.761129760742186,19.720043701171875,19.724043701171876
2023-07-26 15:59:31.503244,5478096.0,5478545.0,17.770173746744792,17.774173828125,19.733087727864582,19.73708780924479
2023-07-26 15:59:31.515707,5478100.0,5478549.0,17.78756587727865,17.79156591796875,19.750479858398435,19.75447989908854
2023-07-26 15:59:31.528822,5478103.0,5478552.0,17.800609985351564,17.80461002604167,19.76352392578125,19.767524007161455
2023-07-26 15:59:31.546543,5478106.0,5478555.0,17.813653727213545,17.817653767903646,19.77656770833333,19.780567749023437
2023-07-26 15:59:31.563692,5478110.0,5478559.0,17.831045857747394,17.8350458984375,19.793959798177085,19.797959879557293
2023-07-26 15:59:31.576830,5478114.0,5478563.0,17.848437947591147,17.852438028971353,19.811351928710938,19.81535196940104
2023-07-26 15:59:31.594133,5478117.0,5478566.0,17.86148173014323,17.865481770833334,19.824395670572915,19.828406168619793
2023-07-26 15:59:31.607349,5478121.0,5478570.0,17.87887381998698,17.88287390136719,19.841787801106772,19.845787841796874
2023-07-26 15:59:31.620408,5478124.0,5478573.0,17.891917928059893,17.895917968750002,19.854831909179687,19.858831949869792
2023-07-26 15:59:31.637830,5478127.0,5478576.0,17.90496179199219,17.908961791992187,19.867875732421876,19.871875732421874
2023-07-26 15:59:31.650340,5478131.0,5478580.0,17.922353800455728,17.926353841145833,19.88526778157552,19.889267822265627
2023-07-26 15:59:31.668447,5478134.0,5478583.0,17.935397867838542,17.939397949218748,19.898311848958333,19.902311889648438
2023-07-26 15:59:31.680993,5478138.0,5478587.0,17.952789916992188,17.956789916992186,19.915703857421875,19.919703857421876
2023-07-26 15:59:31.698095,5478141.0,5478590.0,17.965833740234373,17.969833821614586,19.928747721354167,19.932747762044272
2023-07-26 15:59:31.711263,5478145.0,5478594.0,17.98322587076823,17.98722591145833,19.94613985188802,19.950139892578125
2023-07-26 15:59:31.729396,5478148.0,5478597.0,17.99626993815104,18.00027001953125,19.959183919270835,19.963184000651044
2023-07-26 15:59:31.741676,5478152.0,5478601.0,18.013661743164064,18.017661783854166,19.976575724283855,19.980575764973956
2023-07-26 15:59:31.754810,5478155.0,5478604.0,18.026705810546876,18.030705891927084,19.989619791666666,19.993619873046875
2023-07-26 15:59:31.772872,5478158.0,5478607.0,18.03976033528646,18.04376037597656,20.00266389973958,20.006663940429686
2023-07-26 15:59:31.785348,5478162.0,5478611.0,18.057141682942706,18.06114176432292,20.0200556640625,20.02405574544271
2023-07-26 15:59:31.802776,5478165.0,5478614.0,18.070185791015625,18.074185831705726,20.03309977213542,20.03709981282552
2023-07-26 15:59:31.816193,5478169.0,5478618.0,18.087577921549478,18.091577962239583,20.050491861979165,20.054491943359377
2023-07-26 15:59:31.833465,5478172.0,5478621.0,18.10062194824219,18.10462194824219,20.063535888671876,20.067535888671873
2023-07-26 15:59:31.846762,5478176.0,5478625.0,18.118013793945313,18.122013834635418,20.080927734375,20.084927815755208
2023-07-26 15:59:31.864025,5478179.0,5478628.0,18.131057861328124,18.135057902018232,20.093971842447917,20.09797188313802
2023-07-26 15:59:31.877080,5478183.0,5478632.0,18.14844999186198,18.152450032552082,20.11136397298177,20.115364013671876
2023-07-26 15:59:31.894214,5478186.0,5478635.0,18.161493733723958,18.165493774414063,20.124407714843752,20.128407755533853
2023-07-26 15:59:31.907284,5478190.0,5478639.0,18.178885864257815,18.182885904947916,20.1417998453776,20.145799886067707
2023-07-26 15:59:31.924503,5478193.0,5478642.0,18.191929931640626,18.195930013020835,20.154843912760416,20.15884395345052
2023-07-26 15:59:31.937740,5478197.0,5478646.0,18.209321736653646,18.213321777343747,20.17223571777344,20.17623575846354
2023-07-26 15:59:31.951143,5478200.0,5478649.0,18.222365804036457,18.226365885416666,20.18527978515625,20.189279825846356
2023-07-26 15:59:31.968190,5478203.0,5478652.0,18.235409912109375,18.239409952799477,20.19832389322917,20.20232393391927
2023-07-26 15:59:31.981269,5478207.0,5478656.0,18.25280167643229,18.2568017578125,20.21571565755208,20.219715698242187
2023-07-26 15:59:31.998613,5478210.0,5478659.0,18.26584578450521,18.26984582519531,20.228759765625,20.232759806315105
2023-07-26 15:59:32.011868,5478214.0,5478663.0,18.283237874348956,18.287237955729168,20.24615185546875,20.250151936848958
2023-07-26 15:59:32.028910,5478217.0,5478666.0,18.296281982421874,18.30028202311198,20.259195963541668,20.26319600423177
2023-07-26 15:59:32.041729,5478221.0,5478670.0,18.31367374674479,18.317673828125,20.27658772786458,20.280587809244793
2023-07-26 15:59:32.058952,5478224.0,5478673.0,18.32671785481771,18.330717895507814,20.289631835937502,20.293631876627604
2023-07-26 15:59:32.076936,5478228.0,5478677.0,18.344109985351565,18.348110026041667,20.307023925781248,20.311024007161457
2023-07-26 15:59:32.089796,5478232.0,5478681.0,18.361501749674478,18.365501790364583,20.32441573079427,20.328415771484377
2023-07-26 15:59:32.106867,5478236.0,5478684.0,18.378893880208334,18.382893920898436,20.337459798177086,20.34145987955729
2023-07-26 15:59:32.124061,5478239.0,5478688.0,18.391937947591146,18.395938028971354,20.354851928710936,20.35885196940104
2023-07-26 15:59:32.142319,5478243.0,5478692.0,18.409329752604165,18.413329793294274,20.37224373372396,20.37624377441406
2023-07-26 15:59:32.159556,5478247.0,5478696.0,18.426721842447918,18.430721923828123,20.38963582356771,20.393635904947917
2023-07-26 15:59:32.176959,5478251.0,5478700.0,18.44411397298177,18.448114013671876,20.40702795410156,20.411027994791667
2023-07-26 15:59:32.189929,5478255.0,5478704.0,18.46150577799479,18.465505818684896,20.42441971842448,20.428419799804686
2023-07-26 15:59:32.206872,5478259.0,5478707.0,18.47889786783854,18.48289794921875,20.437463826497396,20.4414638671875
2023-07-26 15:59:32.224812,5478262.0,5478711.0,18.49194197591146,18.495942016601564,20.45485595703125,20.458855997721354
2023-07-26 15:59:32.241755,5478266.0,5478715.0,18.509333740234375,18.513333821614584,20.472247721354165,20.47624776204427
2023-07-26 15:59:32.254712,5478270.0,5478719.0,18.526725870768228,18.530725911458333,20.489639851888022,20.493639892578127
2023-07-26 15:59:32.272649,5478273.0,5478722.0,18.539769938151043,18.543770019531248,20.502683919270833,20.506684000651042
2023-07-26 15:59:32.289598,5478277.0,5478726.0,18.557161743164063,18.561161783854168,20.520075724283853,20.524075764973958
2023-07-26 15:59:32.302549,5478281.0,5478730.0,18.574553873697916,18.57855391438802,20.537467814127606,20.54146789550781
2023-07-26 15:59:32.320489,5478284.0,5478733.0,18.587597941080727,18.591597981770832,20.55051192220052,20.554511962890626
2023-07-26 15:59:32.337551,5478288.0,5478737.0,18.60498974609375,18.608989786783855,20.567903686523437,20.571903767903645
2023-07-26 15:59:32.355118,5478292.0,5478741.0,18.622381835937503,18.62638191731771,20.58529581705729,20.589295857747395
2023-07-26 15:59:32.368286,5478296.0,5478745.0,18.639773966471353,18.643774007161458,20.602687947591146,20.60668798828125
2023-07-26 15:59:32.385271,5478300.0,5478748.0,18.657165730794272,18.661165812174477,20.615731689453128,20.61973173014323
2023-07-26 15:59:32.402487,5478303.0,5478752.0,18.670209838867187,18.674209879557292,20.633123819986977,20.637123860677082
2023-07-26 15:59:32.415850,5478307.0,5478756.0,18.68760196940104,18.69160201009115,20.65051590983073,20.654515991210936
2023-07-26 15:59:32.432908,5478310.0,5478759.0,18.700656127929687,18.704656168619792,20.66355969238281,20.667559733072917
2023-07-26 15:59:32.450321,5478314.0,5478763.0,18.718037841796875,18.72203788248698,20.68095178222656,20.684951863606774
2023-07-26 15:59:32.463777,5478318.0,5478767.0,18.735429931640628,18.739430013020833,20.698343912760418,20.70234395345052
2023-07-26 15:59:32.480955,5478322.0,5478770.0,18.752821736653644,18.75682177734375,20.711387654622396,20.715387736002604
2023-07-26 15:59:32.498369,5478325.0,5478774.0,18.76586580403646,18.769865885416664,20.728779785156252,20.732779825846354
2023-07-26 15:59:32.515435,5478329.0,5478778.0,18.78325793457031,18.787257975260417,20.746171915690102,20.75017195638021
2023-07-26 15:59:32.528652,5478333.0,5478782.0,18.800649698893228,18.80464978027344,20.76356368001302,20.767563761393227
2023-07-26 15:59:32.546086,5478336.0,5478785.0,18.813693806966146,18.81769384765625,20.776607788085936,20.78060782877604
2023-07-26 15:59:32.563252,5478340.0,5478789.0,18.8310859375,18.835085978190104,20.794010294596355,20.798010375976563
2023-07-26 15:59:32.580871,5478344.0,5478793.0,18.84847770182292,18.85247774251302,20.811391682942705,20.81539172363281
2023-07-26 15:59:32.594097,5478348.0,5478797.0,18.86586983235677,18.869869873046873,20.828783813476562,20.832783854166667
2023-07-26 15:59:32.611816,5478352.0,5478800.0,18.88326192220052,18.88726200358073,20.841827880859377,20.84582792154948
2023-07-26 15:59:32.629427,5478355.0,5478804.0,18.896305704752603,18.900305745442708,20.859219685872393,20.8632197265625
2023-07-26 15:59:32.645836,5478359.0,5478808.0,18.91370821126302,18.91770829264323,20.876611775716146,20.880611857096355
2023-07-26 15:59:32.664007,5478363.0,5478812.0,18.93108992513021,18.93508996582031,20.89400390625,20.898003946940104
2023-07-26 15:59:32.681341,5478367.0,5478816.0,18.94848173014323,18.952481770833334,20.911395670572915,20.915406168619793
2023-07-26 15:59:32.698767,5478371.0,5478820.0,18.965873819986978,18.96987390136719,20.928787801106772,20.932787841796873
2023-07-26 15:59:32.716181,5478376.0,5478824.0,18.987613972981773,18.991614013671875,20.946179931640625,20.95017997233073
2023-07-26 15:59:32.737475,5478380.0,5478828.0,19.00500577799479,19.009005818684898,20.96357169596354,20.96757177734375
2023-07-26 15:59:32.754844,5478384.0,5478833.0,19.022397867838542,19.02639794921875,20.985311848958332,20.989311889648437
2023-07-26 15:59:32.772279,5478388.0,5478837.0,19.039789916992188,19.043789916992186,21.002703857421874,21.006703857421876
2023-07-26 15:59:32.790190,5478392.0,5478841.0,19.05718176269531,19.06118184407552,21.020095743815105,21.024095825195314
2023-07-26 15:59:32.807688,5478396.0,5478845.0,19.074573893229168,19.07857393391927,21.037487874348958,21.04148791503906
2023-07-26 15:59:32.824752,5478400.0,5478849.0,19.091965698242188,19.095965738932293,21.054879638671874,21.058879720052083
2023-07-26 15:59:32.842102,5478404.0,5478853.0,19.109357788085937,19.113357869466146,21.07227176920573,21.076271809895836
2023-07-26 15:59:32.859787,5478408.0,5478857.0,19.12676033528646,19.13076037597656,21.089663899739584,21.093663940429686
2023-07-26 15:59:32.876513,5478412.0,5478861.0,19.144141682942706,19.14814176432292,21.1070556640625,21.11105574544271
2023-07-26 15:59:32.894631,5478416.0,5478865.0,19.161533813476563,19.165533854166668,21.124458211263022,21.128458251953123
2023-07-26 15:59:32.911407,5478420.0,5478869.0,19.17892594401042,19.18292598470052,21.141839925130206,21.14583996582031
2023-07-26 15:59:32.929185,5478424.0,5478873.0,19.196317708333332,19.20031778971354,21.159231689453126,21.16323173014323
2023-07-26 15:59:32.942351,5478428.0,5478877.0,19.21370983886719,19.217709879557294,21.17662381998698,21.18062386067708
2023-07-26 15:59:32.959807,5478431.0,5478880.0,19.22675390625,19.23075398763021,21.18966788736979,21.193667968750002
2023-07-26 15:59:32.980737,5478435.0,5478884.0,19.24415612792969,19.248156168619794,21.207059692382813,21.211059733072915
2023-07-26 15:59:32.998677,5478440.0,5478889.0,19.265885864257815,19.269885904947916,21.228799845377605,21.232799886067706
2023-07-26 15:59:33.019983,5478445.0,5478893.0,19.287625854492187,19.29162585449219,21.246191935221354,21.250192016601563
2023-07-26 15:59:33.037370,5478449.0,5478898.0,19.305017781575522,19.309017822265627,21.267931762695312,21.271931803385417
2023-07-26 15:59:33.054921,5478453.0,5478902.0,19.322409912109375,19.326409952799477,21.28532389322917,21.28932393391927
2023-07-26 15:59:33.067987,5478457.0,5478906.0,19.33980167643229,19.3438017578125,21.30271565755208,21.306715698242186
2023-07-26 15:59:33.085299,5478460.0,5478909.0,19.35284578450521,19.356845825195315,21.315759765625,21.319759806315105
2023-07-26 15:59:33.098543,5478464.0,5478913.0,19.37023787434896,19.374237955729168,21.33315185546875,21.337151936848958
2023-07-26 15:59:33.115747,5478467.0,5478916.0,19.383281982421874,19.387282023111982,21.346195963541668,21.35019600423177
2023-07-26 15:59:33.128901,5478471.0,5478920.0,19.400673746744793,19.404673828125,21.36358772786458,21.367587809244792
2023-07-26 15:59:33.146237,5478474.0,5478923.0,19.41371785481771,19.417717895507813,21.376631835937502,21.380631876627604
2023-07-26 15:59:33.159707,5478478.0,5478927.0,19.431109985351565,19.435110026041666,21.394023925781248,21.398024007161457
2023-07-26 15:59:33.176785,5478481.0,5478930.0,19.444153727213543,19.448153767903648,21.407067708333333,21.411067749023438
2023-07-26 15:59:33.190205,5478485.0,5478934.0,19.461545857747396,19.465545898437497,21.424459798177086,21.42845987955729
2023-07-26 15:59:33.207574,5478488.0,5478937.0,19.47458996582031,19.478589965820312,21.43750390625,21.441503946940106
2023-07-26 15:59:33.219942,5478492.0,5478941.0,19.49198173014323,19.495981770833335,21.454895670572917,21.45890616861979
2023-07-26 15:59:33.237767,5478495.0,5478944.0,19.50502579752604,19.509025838216147,21.46793977864583,21.471939819335937
2023-07-26 15:59:33.254858,5478499.0,5478948.0,19.522417928059895,19.526417968750003,21.48533190917969,21.48933194986979
2023-07-26 15:59:33.268451,5478503.0,5478952.0,19.539809692382814,19.54380977376302,21.5027236735026,21.50672371419271
2023-07-26 15:59:33.285969,5478506.0,5478955.0,19.55285380045573,19.556853841145834,21.515767781575523,21.519767822265624
2023-07-26 15:59:33.303072,5478510.0,5478959.0,19.57024589029948,19.574245971679687,21.53315987141927,21.537159952799477
2023-07-26 15:59:33.315737,5478514.0,5478963.0,19.587637695312498,19.591637736002603,21.550551676432292,21.554551717122397
2023-07-26 15:59:33.343227,5478517.0,5478966.0,19.600681762695313,19.604681844075518,21.563595743815107,21.567595825195312
2023-07-26 15:59:33.358505,5478523.0,5478971.0,19.626769938151043,19.630770019531248,21.585335896809895,21.5893359375
2023-07-26 15:59:33.371906,5478527.0,5478975.0,19.644161743164062,19.648161783854167,21.602727701822918,21.606727742513023
2023-07-26 15:59:33.389001,5478530.0,5478979.0,19.657205810546877,19.661205891927082,21.620119791666667,21.624119873046872
2023-07-26 15:59:33.406167,5478534.0,5478983.0,19.674597941080727,19.67859798177083,21.63751192220052,21.641511962890625
2023-07-26 15:59:33.419584,5478538.0,5478987.0,19.69198974609375,19.695989786783855,21.654903686523436,21.658903767903645
2023-07-26 15:59:33.436722,5478541.0,5478990.0,19.70503381347656,19.709033854166666,21.66795821126302,21.671958251953125
2023-07-26 15:59:33.453778,5478545.0,5478993.0,19.722425944010418,19.726425984700523,21.680991861979166,21.68499194335938
2023-07-26 15:59:33.467272,5478549.0,5478997.0,19.739817708333334,19.74381778971354,21.698383666992186,21.70238370768229
2023-07-26 15:59:33.484296,5478552.0,5479001.0,19.75286181640625,19.756861857096354,21.715775797526042,21.719775838216147
2023-07-26 15:59:33.502336,5478556.0,5479004.0,19.77025390625,19.774253987630207,21.728819864908857,21.73281990559896
2023-07-26 15:59:33.514937,5478560.0,5479008.0,19.787656127929687,19.79165616861979,21.746211669921873,21.75021171061198
2023-07-26 15:59:33.532128,5478563.0,5479012.0,19.800689778645832,19.804689860026045,21.763603759765626,21.76760384114583
2023-07-26 15:59:33.545597,5478567.0,5479015.0,19.81808190917969,19.82208194986979,21.77664786783854,21.780647908528646
2023-07-26 15:59:33.562616,5478570.0,5479019.0,19.83112585449219,19.83512585449219,21.794039794921876,21.798039794921877
2023-07-26 15:59:33.579925,5478574.0,5479023.0,19.848517781575524,19.852517822265625,21.81143176269531,21.815431803385415
2023-07-26 15:59:33.593197,5478578.0,5479026.0,19.865909912109373,19.86990995279948,21.824475830078125,21.828475911458334
2023-07-26 15:59:33.610337,5478581.0,5479030.0,19.878953979492188,19.882953979492186,21.841867919921874,21.845867919921872
2023-07-26 15:59:33.627689,5478585.0,5479034.0,19.896345784505208,19.900345825195313,21.859259765624998,21.863259806315106
2023-07-26 15:59:33.641009,5478589.0,5479037.0,19.913737874348957,19.91773795572917,21.872303833007813,21.876303873697914
2023-07-26 15:59:33.658334,5478592.0,5479041.0,19.926781982421872,19.93078202311198,21.889695963541666,21.89369600423177
2023-07-26 15:59:33.671617,5478596.0,5479044.0,19.94417374674479,19.948173828125,21.902739705403647,21.90673974609375
2023-07-26 15:59:33.689014,5478599.0,5479048.0,19.95721785481771,19.96121789550781,21.9201318359375,21.924131876627605
2023-07-26 15:59:33.702448,5478603.0,5479051.0,19.974609985351563,19.978610026041668,21.93317590332031,21.937175984700524
2023-07-26 15:59:33.719596,5478606.0,5479055.0,19.987653727213544,19.991653767903646,21.950567708333335,21.954567749023436
2023-07-26 15:59:33.741480,5478610.0,5479059.0,20.005045857747394,20.0090458984375,21.967959798177084,21.971959879557293
2023-07-26 15:59:33.758555,5478615.0,5479064.0,20.02678597005208,20.03078601074219,21.989699951171875,21.993699951171877
2023-07-26 15:59:33.775672,5478619.0,5479068.0,20.044177775065105,20.048177815755206,22.0070917561849,22.011091796875
2023-07-26 15:59:33.798056,5478624.0,5479072.0,20.065917928059893,20.06991796875,22.024483846028645,22.028483927408853
2023-07-26 15:59:33.815306,5478628.0,5479077.0,20.083309692382812,20.08730977376302,22.046223673502602,22.05022371419271
2023-07-26 15:59:33.832527,5478632.0,5479081.0,20.10070182291667,20.10470186360677,22.06361580403646,22.06761584472656
2023-07-26 15:59:33.850126,5478636.0,5479085.0,20.11809395345052,20.122093994140624,22.08100789388021,22.085007975260417
2023-07-26 15:59:33.867650,5478640.0,5479089.0,20.135485717773438,20.139485758463543,22.09839969889323,22.102399739583333
2023-07-26 15:59:33.884727,5478644.0,5479093.0,20.152877848307295,20.156877888997396,22.11579182942708,22.119791870117187
2023-07-26 15:59:33.898007,5478648.0,5479096.0,20.17026993815104,20.17427001953125,22.128835896809896,22.1328359375
2023-07-26 15:59:33.915222,5478651.0,5479100.0,20.183313720703126,20.187313761393227,22.14622770182292,22.15022774251302
2023-07-26 15:59:33.932638,5478655.0,5479104.0,20.200705810546875,20.204705891927084,22.163619791666665,22.167619873046874
2023-07-26 15:59:33.949903,5478659.0,5479107.0,20.218097941080728,20.222097981770833,22.176663899739584,22.180663940429685
2023-07-26 15:59:33.963004,5478663.0,5479111.0,20.23548974609375,20.239489786783853,22.1940556640625,22.19805574544271
2023-07-26 15:59:33.979948,5478666.0,5479115.0,20.248533813476563,20.252533854166668,22.21145821126302,22.215458251953127
2023-07-26 15:59:33.997888,5478670.0,5479119.0,20.26592594401042,20.26992598470052,22.22883992513021,22.23283996582031
2023-07-26 15:59:34.014831,5478674.0,5479122.0,20.283317708333332,20.28731778971354,22.241883666992187,22.245883707682292
2023-07-26 15:59:34.027788,5478678.0,5479126.0,20.30070983886719,20.304709879557294,22.259275797526044,22.263275838216146
2023-07-26 15:59:34.045725,5478681.0,5479130.0,20.31375390625,20.31775398763021,22.27666788736979,22.280667968750002
2023-07-26 15:59:34.062669,5478685.0,5479134.0,20.331156127929688,20.335156168619793,22.294059692382813,22.298059733072915
2023-07-26 15:59:34.075625,5478689.0,5479137.0,20.348537841796876,20.352537882486978,22.307103759765624,22.311103841145833
2023-07-26 15:59:34.093565,5478692.0,5479141.0,20.361581909179687,20.365581949869792,22.324495890299477,22.328495930989586
2023-07-26 15:59:34.110508,5478696.0,5479145.0,20.37897371419271,20.382973754882812,22.341887654622397,22.345887736002602
2023-07-26 15:59:34.123465,5478700.0,5479148.0,20.396365804036456,20.400365885416665,22.354931762695312,22.358931803385417
2023-07-26 15:59:34.140861,5478703.0,5479152.0,20.409409912109375,20.413409952799476,22.37232389322917,22.37632393391927
2023-07-26 15:59:34.159016,5478707.0,5479155.0,20.42680167643229,20.4308017578125,22.385367919921872,22.389367919921874
2023-07-26 15:59:34.176396,5478711.0,5479159.0,20.444193806966144,20.448193847656253,22.402759765625,22.406759806315105
2023-07-26 15:59:34.188647,5478715.0,5479163.0,20.4615859375,20.465585978190102,22.42015185546875,22.424151936848958
2023-07-26 15:59:34.206641,5478718.0,5479166.0,20.474629760742186,20.478629760742187,22.433195963541667,22.437196004231772
2023-07-26 15:59:34.224008,5478722.0,5479171.0,20.492021809895835,20.496021850585937,22.45493575032552,22.458935831705727
2023-07-26 15:59:34.236511,5478726.0,5479174.0,20.50941389973958,20.513413981119793,22.467979858398436,22.47197989908854
2023-07-26 15:59:34.253862,5478729.0,5479178.0,20.522457885742188,20.52645788574219,22.485371826171875,22.489371826171872
2023-07-26 15:59:34.271943,5478733.0,5479182.0,20.53984977213542,20.543849853515624,22.502763753255206,22.506763793945314
2023-07-26 15:59:34.289427,5478737.0,5479185.0,20.55724190266927,20.561241943359377,22.515807861328124,22.51980790201823
2023-07-26 15:59:34.301947,5478741.0,5479189.0,20.574633666992188,20.578633748372393,22.533199951171873,22.537199951171875
2023-07-26 15:59:34.319054,5478744.0,5479193.0,20.587677775065103,20.591677815755208,22.550591756184897,22.554591796875002
2023-07-26 15:59:34.336362,5478748.0,5479197.0,20.60506990559896,20.609069946289065,22.567983846028646,22.57198392740885
2023-07-26 15:59:34.349495,5478752.0,5479200.0,20.62246179199219,20.626461791992188,22.58102795410156,22.585027994791666
2023-07-26 15:59:34.366933,5478755.0,5479204.0,20.63550577799479,20.639505818684896,22.59841971842448,22.602419799804686
2023-07-26 15:59:34.384260,5478759.0,5479207.0,20.652897867838544,20.65689794921875,22.611463826497396,22.6154638671875
2023-07-26 15:59:34.397683,5478763.0,5479211.0,20.670289916992186,20.674289916992187,22.62885595703125,22.632855997721357
2023-07-26 15:59:34.414873,5478766.0,5479214.0,20.683333740234374,20.687333821614583,22.641899698893226,22.645899739583335
2023-07-26 15:59:34.432200,5478770.0,5479218.0,20.700725870768228,20.704725911458333,22.659291829427083,22.663291870117188
2023-07-26 15:59:34.445477,5478774.0,5479222.0,20.718118001302084,20.72211804199219,22.676683919270836,22.68068400065104
2023-07-26 15:59:34.462836,5478777.0,5479226.0,20.731161743164062,20.735161783854167,22.694075724283852,22.698075764973957
2023-07-26 15:59:34.476156,5478781.0,5479229.0,20.748553873697915,20.752553914388024,22.707119791666667,22.711119873046872
2023-07-26 15:59:34.493834,5478784.0,5479233.0,20.76159794108073,20.76559798177083,22.72451192220052,22.728511962890625
2023-07-26 15:59:34.507073,5478788.0,5479237.0,20.77898974609375,20.782989786783855,22.741903686523436,22.74590376790365
2023-07-26 15:59:34.525138,5478791.0,5479240.0,20.792033813476564,20.796033854166666,22.75495821126302,22.758958251953125
2023-07-26 15:59:34.537571,5478795.0,5479244.0,20.809425944010417,20.813425984700523,22.772339925130208,22.776339965820313
2023-07-26 15:59:34.555316,5478798.0,5479247.0,20.822469685872395,20.8264697265625,22.785383666992185,22.78938370768229
2023-07-26 15:59:34.572453,5478802.0,5479251.0,20.83986181640625,20.843861857096353,22.802775797526042,22.806775838216147
2023-07-26 15:59:34.585320,5478806.0,5479255.0,20.85725390625,20.861253987630207,22.82016788736979,22.82416796875
2023-07-26 15:59:34.603431,5478809.0,5479258.0,20.870297729492187,20.874297729492188,22.833211669921873,22.837211710611978
2023-07-26 15:59:34.615716,5478813.0,5479262.0,20.887689778645832,20.891689860026045,22.850603759765626,22.854603841145835
2023-07-26 15:59:34.633936,5478816.0,5479265.0,20.90073388671875,20.904733927408852,22.86364786783854,22.867647908528646
2023-07-26 15:59:34.646215,5478820.0,5479269.0,20.91812585449219,20.92212585449219,22.881039794921875,22.885039794921877
2023-07-26 15:59:34.664352,5478823.0,5479272.0,20.931169759114585,20.935169799804687,22.89408374023437,22.89808378092448
2023-07-26 15:59:34.681746,5478827.0,5479276.0,20.94856188964844,20.952561930338543,22.911475830078125,22.915475911458334
2023-07-26 15:59:34.694214,5478831.0,5479280.0,20.965953979492188,20.96995397949219,22.928867919921874,22.932867919921872
2023-07-26 15:59:34.711223,5478834.0,5479283.0,20.97899776204427,20.982997802734374,22.94191170247396,22.945911783854168
2023-07-26 15:59:34.724601,5478838.0,5479287.0,20.996389851888022,21.000389933268227,22.959303833007812,22.963303873697914
2023-07-26 15:59:34.741706,5478841.0,5479290.0,21.009433959960937,21.013434000651042,22.972347941080727,22.976347981770832
2023-07-26 15:59:34.760002,5478845.0,5479294.0,21.026825724283853,21.030825805664065,22.989739705403647,22.993739746093752
2023-07-26 15:59:34.772363,5478849.0,5479298.0,21.04421785481771,21.04821789550781,23.0071318359375,23.011131876627605
2023-07-26 15:59:34.789845,5478853.0,5479301.0,21.061609985351563,21.065610026041668,23.02017590332031,23.024175984700523
2023-07-26 15:59:34.807371,5478856.0,5479305.0,21.074653727213544,21.078653767903646,23.037567708333334,23.041567749023436
2023-07-26 15:59:34.824506,5478860.0,5479309.0,21.092045857747394,21.0960458984375,23.054959798177084,23.058959879557293
2023-07-26 15:59:34.838194,5478864.0,5479313.0,21.109437947591147,21.113438028971355,23.072351928710937,23.076351969401042
2023-07-26 15:59:34.855475,5478867.0,5479316.0,21.12248173014323,21.126481770833333,23.085395670572915,23.089406168619792
2023-07-26 15:59:34.872475,5478871.0,5479320.0,21.139873819986978,21.14387390136719,23.10278780110677,23.106787841796876
2023-07-26 15:59:34.889544,5478875.0,5479324.0,21.157265950520834,21.161265991210936,23.120179931640628,23.12417997233073
2023-07-26 15:59:34.907777,5478879.0,5479328.0,21.17465771484375,21.17865779622396,23.13757169596354,23.14157177734375
2023-07-26 15:59:34.925249,5478883.0,5479332.0,21.192049845377603,21.19604988606771,23.154963826497397,23.1589638671875
2023-07-26 15:59:34.942619,5478887.0,5479336.0,21.20944197591146,21.21344201660156,23.172355957031247,23.176355997721355
2023-07-26 15:59:34.955015,5478891.0,5479340.0,21.226833740234373,21.230833821614585,23.189747721354166,23.19374776204427
2023-07-26 15:59:34.972148,5478894.0,5479343.0,21.239877848307295,21.243877888997396,23.202791829427085,23.206791870117186
2023-07-26 15:59:34.985267,5478898.0,5479347.0,21.25726993815104,21.26127001953125,23.220183919270834,23.224184000651043
2023-07-26 15:59:35.002668,5478901.0,5479350.0,21.270313720703125,21.274313761393227,23.23322770182292,23.23722774251302
2023-07-26 15:59:35.020027,5478905.0,5479354.0,21.287705810546875,21.291705891927084,23.250619791666665,23.254619873046874
2023-07-26 15:59:35.033690,5478909.0,5479358.0,21.305097941080728,21.309097981770833,23.26801192220052,23.272011962890623
2023-07-26 15:59:35.051131,5478912.0,5479361.0,21.318141682942706,21.322141764322918,23.2810556640625,23.28505574544271
2023-07-26 15:59:35.068397,5478916.0,5479365.0,21.335533813476562,21.339533854166667,23.29845821126302,23.302458251953126
2023-07-26 15:59:35.080849,5478920.0,5479369.0,21.35292594401042,21.35692598470052,23.31583992513021,23.31983996582031
2023-07-26 15:59:35.099097,5478923.0,5479372.0,21.365969685872393,21.369969726562502,23.328883666992187,23.332883707682292
2023-07-26 15:59:35.116169,5478927.0,5479376.0,21.38336181640625,21.387361857096355,23.346275797526044,23.350275838216145
2023-07-26 15:59:35.128850,5478931.0,5479380.0,21.40075390625,21.404753987630208,23.36366788736979,23.367667968750002
2023-07-26 15:59:35.146249,5478934.0,5479383.0,21.413797729492188,21.41779772949219,23.376711669921875,23.380711710611976
2023-07-26 15:59:35.163547,5478938.0,5479387.0,21.431189778645834,21.435189860026043,23.394103759765624,23.398103841145833
2023-07-26 15:59:35.181777,5478942.0,5479391.0,21.448581909179687,21.452581949869792,23.411495890299477,23.415495930989586
2023-07-26 15:59:35.194184,5478946.0,5479395.0,21.46597371419271,21.469973754882812,23.428887654622397,23.432887736002602
2023-07-26 15:59:35.211386,5478949.0,5479398.0,21.47901778157552,21.483017822265627,23.44193176269531,23.445931803385417
2023-07-26 15:59:35.229546,5478953.0,5479402.0,21.496409912109375,21.500409952799476,23.45932389322917,23.46332393391927
2023-07-26 15:59:35.242232,5478957.0,5479406.0,21.513801676432294,21.5178017578125,23.47671565755208,23.480715698242186
2023-07-26 15:59:35.259514,5478960.0,5479409.0,21.52684578450521,21.530845825195314,23.489759765625,23.493759806315104
2023-07-26 15:59:35.276852,5478964.0,5479413.0,21.54423787434896,21.548237955729167,23.50715185546875,23.511151936848957
2023-07-26 15:59:35.294016,5478968.0,5479417.0,21.561629760742186,21.565629760742187,23.524543701171876,23.528543701171877
2023-07-26 15:59:35.312106,5478972.0,5479421.0,21.579021809895835,21.583021850585936,23.54193575032552,23.545935831705727
2023-07-26 15:59:35.325181,5478976.0,5479425.0,21.59641389973958,21.600413981119793,23.559327880859374,23.56332792154948
2023-07-26 15:59:35.342255,5478980.0,5479428.0,21.613805704752604,21.61780574544271,23.572371826171874,23.576371826171876
2023-07-26 15:59:35.359888,5478983.0,5479432.0,21.62684977213542,21.630849853515624,23.589763753255205,23.593763793945314
2023-07-26 15:59:35.373076,5478987.0,5479436.0,21.64424190266927,21.648241943359377,23.607155883789062,23.611155924479167
2023-07-26 15:59:35.390190,5478991.0,5479439.0,21.661633666992188,21.665633748372393,23.620199951171877,23.624199951171875
2023-07-26 15:59:35.407133,5478994.0,5479443.0,21.674677775065103,21.678677815755208,23.637591756184896,23.641591796875
2023-07-26 15:59:35.425073,5478998.0,5479447.0,21.69206990559896,21.696069946289064,23.654983846028646,23.65898392740885
2023-07-26 15:59:35.437801,5479002.0,5479451.0,21.70946179199219,21.713461791992188,23.672375732421873,23.676375732421874
2023-07-26 15:59:35.458655,5479006.0,5479455.0,21.72685380045573,21.730853841145834,23.689767781575522,23.693767822265627
2023-07-26 15:59:35.475877,5479010.0,5479458.0,21.744245890299478,21.74824597167969,23.702811848958333,23.70681188964844
2023-07-26 15:59:35.489126,5479014.0,5479462.0,21.761637695312498,21.765637736002603,23.720203857421875,23.724203857421877
2023-07-26 15:59:35.506576,5479017.0,5479466.0,21.774681762695312,21.77868184407552,23.737595743815106,23.74159582519531
2023-07-26 15:59:35.523880,5479021.0,5479470.0,21.79207389322917,21.79607393391927,23.754987874348956,23.75898791503906
2023-07-26 15:59:35.540853,5479025.0,5479474.0,21.809465698242185,21.813465738932294,23.772379638671875,23.776379720052084
2023-07-26 15:59:35.554242,5479029.0,5479477.0,21.82685778808594,21.830857869466143,23.78542374674479,23.789423787434895
2023-07-26 15:59:35.571477,5479032.0,5479480.0,21.839901896158853,21.843901936848958,23.798467814127605,23.802467895507814
2023-07-26 15:59:35.589062,5479036.0,5479485.0,21.857293823242188,21.861293823242185,23.820207763671878,23.824207763671875
2023-07-26 15:59:35.602159,5479040.0,5479488.0,21.874685791015626,21.878685831705727,23.833251749674478,23.837251790364583
2023-07-26 15:59:35.619691,5479043.0,5479492.0,21.887729858398437,21.891729939778646,23.85064383951823,23.854643920898436
2023-07-26 15:59:35.636791,5479047.0,5479495.0,21.90512194824219,21.909121948242188,23.863687947591146,23.86768798828125
2023-07-26 15:59:35.654042,5479051.0,5479499.0,21.922513793945313,21.92651383463542,23.88107971191406,23.885079793294274
2023-07-26 15:59:35.672121,5479055.0,5479503.0,21.939905883789063,21.943905965169268,23.89847184244792,23.90247188313802
2023-07-26 15:59:35.684566,5479059.0,5479507.0,21.957297729492186,21.961297729492188,23.91586397298177,23.919864013671877
2023-07-26 15:59:35.702643,5479062.0,5479511.0,21.970341756184897,21.974341837565106,23.933255737304687,23.93725577799479
2023-07-26 15:59:35.719879,5479066.0,5479514.0,21.98773388671875,21.991733927408852,23.946299845377602,23.950299886067707
2023-07-26 15:59:35.736776,5479070.0,5479519.0,22.00512585449219,22.00912585449219,23.968039794921875,23.972039794921876
2023-07-26 15:59:35.754714,5479074.0,5479523.0,22.022517781575523,22.026517822265625,23.985431762695313,23.989431803385415
2023-07-26 15:59:35.771659,5479078.0,5479527.0,22.039909912109373,22.043909952799478,24.002823893229166,24.00682393391927
2023-07-26 15:59:35.789598,5479082.0,5479530.0,22.057301676432292,22.0613017578125,24.015867919921874,24.01986791992187
2023-07-26 15:59:35.806541,5479086.0,5479534.0,22.074693806966145,22.07869384765625,24.033259765624997,24.037259806315106
2023-07-26 15:59:35.824482,5479090.0,5479538.0,22.0920859375,22.096085978190104,24.05065185546875,24.05465193684896
2023-07-26 15:59:35.841426,5479094.0,5479543.0,22.109477701822918,22.113477742513023,24.07239168294271,24.07639172363281
2023-07-26 15:59:35.858369,5479098.0,5479546.0,22.12686983235677,22.130869873046873,24.08543575032552,24.089435831705728
2023-07-26 15:59:35.876308,5479102.0,5479551.0,22.14426192220052,22.14826200358073,24.10717590332031,24.111175984700523
2023-07-26 15:59:35.893252,5479106.0,5479555.0,22.161653727213544,22.165653767903645,24.124567708333334,24.128567749023436
2023-07-26 15:59:35.911191,5479110.0,5479558.0,22.179045857747393,22.1830458984375,24.137611775716145,24.141611857096354
2023-07-26 15:59:35.928135,5479114.0,5479562.0,22.196437947591146,22.200438028971355,24.155003906250002,24.159003946940103
2023-07-26 15:59:35.946087,5479118.0,5479566.0,22.213829752604166,22.21782979329427,24.172395670572914,24.176406168619792
2023-07-26 15:59:35.963017,5479122.0,5479570.0,22.231221842447916,22.235221923828124,24.18978780110677,24.193787841796876
2023-07-26 15:59:35.979961,5479126.0,5479574.0,22.248613972981772,22.252614013671877,24.207179931640628,24.21117997233073
2023-07-26 15:59:35.997901,5479130.0,5479578.0,22.26600577799479,22.270005818684897,24.22457169596354,24.22857177734375
2023-07-26 15:59:36.014844,5479134.0,5479582.0,22.28339786783854,22.28739794921875,24.241963826497397,24.245963867187502
2023-07-26 15:59:36.032784,5479138.0,5479586.0,22.300789916992187,22.304789916992185,24.25935595703125,24.263355997721355
2023-07-26 15:59:36.054710,5479142.0,5479590.0,22.31818176269531,22.32218184407552,24.276747721354166,24.28074776204427
2023-07-26 15:59:36.071653,5479147.0,5479596.0,22.339921915690102,22.343921997070314,24.302835896809896,24.3068359375
2023-07-26 15:59:36.089593,5479151.0,5479599.0,22.357313720703125,22.361313761393227,24.315879638671873,24.319879720052082
2023-07-26 15:59:36.106537,5479155.0,5479603.0,22.374705810546878,22.378705891927083,24.33327176920573,24.337271809895835
2023-07-26 15:59:36.119493,5479159.0,5479607.0,22.392097941080728,22.396097981770833,24.350663899739583,24.354663940429685
2023-07-26 15:59:36.137433,5479162.0,5479610.0,22.40514168294271,22.409141764322918,24.363707763671876,24.367707763671877
2023-07-26 15:59:36.154376,5479166.0,5479615.0,22.422533813476562,22.426533854166667,24.38545821126302,24.389458251953126
2023-07-26 15:59:36.171320,5479170.0,5479618.0,22.43992594401042,22.44392598470052,24.398491861979167,24.402491943359376
2023-07-26 15:59:36.189260,5479174.0,5479622.0,22.45731770833333,22.46131778971354,24.415883666992187,24.419883707682292
2023-07-26 15:59:36.202215,5479178.0,5479626.0,22.474709838867188,22.478709879557293,24.433275797526044,24.437275838216145
2023-07-26 15:59:36.219158,5479181.0,5479630.0,22.48775390625,22.491753987630208,24.45066788736979,24.45466796875
2023-07-26 15:59:36.237103,5479185.0,5479634.0,22.505156127929688,22.509156168619793,24.468059692382813,24.472059733072918
2023-07-26 15:59:36.254041,5479189.0,5479637.0,22.522537841796876,22.526537882486977,24.481103759765627,24.485103841145833
2023-07-26 15:59:36.271980,5479193.0,5479641.0,22.539929931640625,22.543930013020834,24.498495890299477,24.502495930989586
2023-07-26 15:59:36.289159,5479197.0,5479645.0,22.557321736653645,22.56132177734375,24.515887654622396,24.5198877360026
2023-07-26 15:59:36.306559,5479201.0,5479649.0,22.574713826497398,22.578713907877603,24.53327978515625,24.537279825846355
2023-07-26 15:59:36.324260,5479205.0,5479653.0,22.592105957031247,22.596105997721356,24.550671915690103,24.55467195638021
2023-07-26 15:59:36.341725,5479209.0,5479657.0,22.60949776204427,22.613497802734376,24.568063680013022,24.572063761393228
2023-07-26 15:59:36.359200,5479213.0,5479661.0,22.62688985188802,22.63088993326823,24.585455810546875,24.58945585123698
2023-07-26 15:59:36.376532,5479217.0,5479665.0,22.644281982421873,22.64828202311198,24.60284794108073,24.606847981770834
2023-07-26 15:59:36.393392,5479221.0,5479669.0,22.661673746744793,22.665673828124998,24.620239705403648,24.62423974609375
2023-07-26 15:59:36.410459,5479225.0,5479673.0,22.679065877278646,22.68306591796875,24.6376318359375,24.641631876627606
2023-07-26 15:59:36.428638,5479229.0,5479677.0,22.696457885742188,22.70045788574219,24.65502392578125,24.659024007161456
2023-07-26 15:59:36.445307,5479233.0,5479681.0,22.71384977213542,22.717849853515624,24.67241573079427,24.676415771484375
2023-07-26 15:59:36.462663,5479237.0,5479685.0,22.731241902669268,22.735241943359377,24.689807861328124,24.693807902018232
2023-07-26 15:59:36.480228,5479241.0,5479689.0,22.748633666992188,22.752633748372393,24.707199951171877,24.711199951171874
2023-07-26 15:59:36.498271,5479245.0,5479693.0,22.76602579752604,22.770025838216146,24.724591756184896,24.728591796875
2023-07-26 15:59:36.515522,5479249.0,5479697.0,22.783417928059894,22.787417968750002,24.741983846028646,24.745983927408854
2023-07-26 15:59:36.532981,5479253.0,5479701.0,22.800809692382813,22.80480977376302,24.759375732421873,24.763375732421874
2023-07-26 15:59:36.550365,5479257.0,5479705.0,22.818201822916667,22.82220186360677,24.776767781575522,24.780767822265627
2023-07-26 15:59:36.567822,5479261.0,5479709.0,22.83559395345052,22.839593994140625,24.79415987141927,24.798159952799477
2023-07-26 15:59:36.585173,5479265.0,5479713.0,22.85298571777344,22.85698575846354,24.81155167643229,24.815551717122396
2023-07-26 15:59:36.602560,5479269.0,5479717.0,22.870377848307292,22.874377888997397,24.82894376627604,24.832943847656253
2023-07-26 15:59:36.619827,5479273.0,5479721.0,22.88776993815104,22.89177001953125,24.846335896809897,24.8503359375
2023-07-26 15:59:36.637313,5479277.0,5479725.0,22.90516174316406,22.909161783854167,24.863727701822917,24.867727742513022
2023-07-26 15:59:36.654757,5479281.0,5479729.0,22.922553873697915,22.926553914388023,24.881119791666666,24.885119873046875
2023-07-26 15:59:36.671655,5479285.0,5479733.0,22.939945963541668,22.943946044921873,24.89851192220052,24.902511962890625
2023-07-26 15:59:36.688925,5479289.0,5479737.0,22.957337768554687,22.961337809244792,24.915903686523436,24.919903767903648
2023-07-26 15:59:36.706936,5479293.0,5479741.0,22.974729858398437,22.978729939778646,24.933295817057292,24.937295857747394
2023-07-26 15:59:36.723535,5479297.0,5479745.0,22.99212194824219,22.996121948242187,24.950687947591145,24.95468798828125
2023-07-26 15:59:36.741888,5479301.0,5479749.0,23.009513793945313,23.013513834635418,24.96807971191406,24.972079793294274
2023-07-26 15:59:36.758186,5479305.0,5479753.0,23.026905883789063,23.03090596516927,24.985471842447918,24.98947188313802
2023-07-26 15:59:36.776292,5479309.0,5479758.0,23.04429772949219,23.048297729492187,25.007211669921872,25.011211710611978
2023-07-26 15:59:36.793732,5479313.0,5479761.0,23.06168977864583,23.065689860026044,25.020255737304687,25.02425577799479
2023-07-26 15:59:36.810986,5479317.0,5479765.0,23.07908190917969,23.08308194986979,25.03764786783854,25.041647908528645
2023-07-26 15:59:36.828692,5479321.0,5479769.0,23.096473714192708,23.100473754882813,25.055039794921875,25.059039794921876
2023-07-26 15:59:36.845264,5479325.0,5479773.0,23.113865804036458,23.117865885416666,25.072431762695313,25.076431803385415
2023-07-26 15:59:36.863553,5479329.0,5479777.0,23.131257934570314,23.135257975260416,25.089823893229166,25.09382393391927
2023-07-26 15:59:36.880070,5479333.0,5479781.0,23.148649698893227,23.15264978027344,25.107215657552082,25.111215698242187
2023-07-26 15:59:36.898285,5479337.0,5479785.0,23.166041829427083,23.17004187011719,25.12460778808594,25.12860782877604
2023-07-26 15:59:36.915196,5479341.0,5479789.0,23.18343395996094,23.18743400065104,25.142010294596354,25.146010375976562
2023-07-26 15:59:36.932773,5479345.0,5479793.0,23.200825724283852,23.204825805664065,25.159391682942708,25.16339172363281
2023-07-26 15:59:36.950170,5479349.0,5479797.0,23.21821785481771,23.22221789550781,25.17678381347656,25.180783854166666
2023-07-26 15:59:36.967355,5479353.0,5479801.0,23.235609985351562,23.239610026041667,25.19417590332031,25.198175984700523
2023-07-26 15:59:36.984769,5479357.0,5479805.0,23.25300174967448,23.257001790364583,25.211567708333334,25.215567749023435
2023-07-26 15:59:37.001824,5479361.0,5479809.0,23.270393880208335,23.274393920898437,25.228959798177083,25.232959879557292
2023-07-26 15:59:37.019229,5479365.0,5479813.0,23.28778597005208,23.29178601074219,25.246351928710936,25.25035196940104
2023-07-26 15:59:37.036893,5479369.0,5479817.0,23.305177775065104,23.30917781575521,25.26374373372396,25.26774377441406
2023-07-26 15:59:37.054809,5479373.0,5479821.0,23.32256990559896,23.326569946289062,25.28113582356771,25.285135904947918
2023-07-26 15:59:37.071360,5479377.0,5479825.0,23.339961791992188,23.34396179199219,25.298527954101562,25.302527994791664
2023-07-26 15:59:37.089577,5479381.0,5479829.0,23.35735380045573,23.36135384114583,25.315919718424478,25.319919799804687
2023-07-26 15:59:37.106630,5479385.0,5479833.0,23.37474589029948,23.378745971679688,25.33331184895833,25.33731188964844
2023-07-26 15:59:37.123893,5479389.0,5479837.0,23.3921376953125,23.396137736002604,25.350703857421877,25.354703857421875
2023-07-26 15:59:37.141268,5479393.0,5479841.0,23.409529825846356,23.413529866536457,25.368095743815104,25.372095825195313
2023-07-26 15:59:37.158484,5479397.0,5479845.0,23.4269219156901,23.430921997070314,25.385487874348957,25.389487915039062
2023-07-26 15:59:37.176199,5479401.0,5479850.0,23.444313720703125,23.44831376139323,25.40722770182292,25.41122774251302
2023-07-26 15:59:37.193388,5479405.0,5479854.0,23.461705810546878,23.465705891927083,25.424619791666665,25.428619873046873
2023-07-26 15:59:37.210868,5479409.0,5479857.0,23.479097941080727,23.483097981770833,25.437663899739583,25.441663940429684
2023-07-26 15:59:37.228812,5479413.0,5479861.0,23.49648974609375,23.500489786783852,25.4550556640625,25.459055745442708
2023-07-26 15:59:37.241769,5479417.0,5479865.0,23.5138818359375,23.51788191731771,25.47245821126302,25.476458251953126
2023-07-26 15:59:37.259704,5479420.0,5479869.0,23.52692594401042,23.530925984700524,25.48983992513021,25.49383996582031
2023-07-26 15:59:37.276647,5479424.0,5479873.0,23.544317708333335,23.54831778971354,25.507231689453125,25.51123173014323
2023-07-26 15:59:37.294592,5479428.0,5479877.0,23.561709838867188,23.565709879557293,25.524623819986978,25.528623860677083
2023-07-26 15:59:37.311530,5479432.0,5479881.0,23.57910196940104,23.583102010091146,25.54201590983073,25.546015991210936
2023-07-26 15:59:37.329513,5479436.0,5479885.0,23.596493733723957,23.600493774414062,25.55940771484375,25.563407755533856
2023-07-26 15:59:37.347064,5479440.0,5479889.0,23.613885864257814,23.61788590494792,25.576799845377604,25.580799886067705
2023-07-26 15:59:37.364505,5479444.0,5479893.0,23.631277954101563,23.63527803548177,25.594191935221353,25.598192016601562
2023-07-26 15:59:37.381835,5479448.0,5479897.0,23.648669759114583,23.652669799804688,25.611583740234373,25.61558378092448
2023-07-26 15:59:37.398957,5479452.0,5479901.0,23.66606188964844,23.670061930338544,25.628975830078126,25.63297591145833
2023-07-26 15:59:37.416115,5479456.0,5479905.0,23.68345397949219,23.687453979492187,25.64636791992187,25.650367919921873
2023-07-26 15:59:37.433824,5479460.0,5479909.0,23.70084578450521,23.704845825195314,25.663759765625,25.667759806315107
2023-07-26 15:59:37.451334,5479464.0,5479913.0,23.718237874348958,23.722237955729167,25.68115185546875,25.685151936848957
2023-07-26 15:59:37.468617,5479468.0,5479917.0,23.735629760742185,23.739629760742186,25.698543701171875,25.702543701171876
2023-07-26 15:59:37.486344,5479472.0,5479921.0,23.753021809895834,23.75702185058594,25.71593575032552,25.71993583170573
2023-07-26 15:59:37.503345,5479476.0,5479925.0,23.770413899739584,23.774413981119793,25.733327880859374,25.73732792154948
2023-07-26 15:59:37.520341,5479480.0,5479929.0,23.787805704752603,23.79180574544271,25.750719685872394,25.754719726562502
2023-07-26 15:59:37.537477,5479484.0,5479933.0,23.80520821126302,23.80920829264323,25.768111775716147,25.772111857096352
2023-07-26 15:59:37.555789,5479488.0,5479937.0,23.82258992513021,23.82658996582031,25.78550390625,25.789503946940105
2023-07-26 15:59:37.573129,5479492.0,5479941.0,23.83998173014323,23.843981770833334,25.802895670572916,25.806906168619793
2023-07-26 15:59:37.590081,5479496.0,5479945.0,23.85737381998698,23.861373901367188,25.820287801106772,25.824287841796874
2023-07-26 15:59:37.607775,5479500.0,5479949.0,23.874765950520832,23.878765991210937,25.837679931640626,25.84167997233073
2023-07-26 15:59:37.624847,5479504.0,5479953.0,23.89215771484375,23.89615779622396,25.85507169596354,25.85907177734375
2023-07-26 15:59:37.642151,5479508.0,5479957.0,23.909549845377605,23.913549886067706,25.8724638264974,25.8764638671875
2023-07-26 15:59:37.659499,5479512.0,5479961.0,23.926941975911458,23.930942016601563,25.889855957031248,25.893855997721356
2023-07-26 15:59:37.677066,5479516.0,5479965.0,23.944333740234374,23.948333821614586,25.907247721354167,25.91124776204427
2023-07-26 15:59:37.694231,5479520.0,5479969.0,23.96172587076823,23.965725911458332,25.92463985188802,25.928639892578126
2023-07-26 15:59:37.711811,5479524.0,5479973.0,23.979118001302083,23.98311804199219,25.94203194173177,25.946031982421875
2023-07-26 15:59:37.728978,5479528.0,5479977.0,23.996509765625,24.000509806315105,25.959423746744793,25.963423787434895
2023-07-26 15:59:37.747075,5479532.0,5479981.0,24.013901896158853,24.017901936848958,25.976815877278646,25.98081591796875
2023-07-26 15:59:37.763942,5479536.0,5479985.0,24.031293823242187,24.03529382324219,25.994207763671877,25.99820776367188
2023-07-26 15:59:37.781688,5479540.0,5479989.0,24.048685791015625,24.052685831705727,26.01159977213542,26.01559981282552
2023-07-26 15:59:37.798686,5479544.0,5479993.0,24.06607792154948,24.070077962239584,26.028991861979165,26.032991943359377
2023-07-26 15:59:37.815880,5479548.0,5479997.0,24.083469685872394,24.087469726562503,26.046383666992188,26.05038370768229
2023-07-26 15:59:37.834180,5479552.0,5480001.0,24.10086181640625,24.104861857096353,26.06377579752604,26.067775838216146
2023-07-26 15:59:37.851568,5479556.0,5480005.0,24.11825390625,24.12225398763021,26.08116788736979,26.085167968750003
2023-07-26 15:59:37.868681,5479560.0,5480009.0,24.13565612792969,24.13965616861979,26.098559692382814,26.102559733072916
2023-07-26 15:59:37.886043,5479564.0,5480013.0,24.153037841796873,24.15703788248698,26.11595178222656,26.119951863606772
2023-07-26 15:59:37.903140,5479568.0,5480017.0,24.170429931640626,24.174430013020835,26.133343912760417,26.13734395345052
2023-07-26 15:59:37.920662,5479572.0,5480021.0,24.187821736653646,24.191821777343748,26.15073571777344,26.15473575846354
2023-07-26 15:59:37.937734,5479576.0,5480025.0,24.205213826497396,24.209213907877604,26.168127807617186,26.172127888997398
2023-07-26 15:59:37.955261,5479580.0,5480029.0,24.22260595703125,24.226605997721357,26.185519938151042,26.189519978841144
2023-07-26 15:59:37.972586,5479584.0,5480033.0,24.239997762044272,24.243997802734373,26.20291170247396,26.206911783854167
2023-07-26 15:59:37.989963,5479588.0,5480037.0,24.25738985188802,24.26138993326823,26.22030383300781,26.224303873697917
2023-07-26 15:59:38.008025,5479592.0,5480041.0,24.274781982421874,24.27878202311198,26.237695963541668,26.24169600423177
2023-07-26 15:59:38.025071,5479596.0,5480045.0,24.29217374674479,24.296173828125,26.25508772786458,26.259087809244793
2023-07-26 15:59:38.042526,5479600.0,5480049.0,24.309565877278647,24.313565917968752,26.272479858398437,26.276479899088542
2023-07-26 15:59:38.060210,5479604.0,5480053.0,24.32695788574219,24.330957885742187,26.289871826171876,26.293871826171873
2023-07-26 15:59:38.077024,5479608.0,5480057.0,24.344349772135416,24.348349853515625,26.307263753255206,26.311263793945315
2023-07-26 15:59:38.094443,5479612.0,5480061.0,24.36174190266927,24.365741943359378,26.324655883789063,26.328655924479165
2023-07-26 15:59:38.111590,5479616.0,5480065.0,24.379133666992185,24.383133748372394,26.34204764811198,26.346047729492188
2023-07-26 15:59:38.128974,5479620.0,5480069.0,24.396525797526042,24.400525838216147,26.359439778645832,26.363439819335937
2023-07-26 15:59:38.146256,5479624.0,5480073.0,24.413917928059895,24.41791796875,26.37683190917969,26.38083194986979
2023-07-26 15:59:38.164201,5479628.0,5480077.0,24.43130969238281,24.43530977376302,26.3942236735026,26.39822371419271
2023-07-26 15:59:38.181140,5479632.0,5480081.0,24.448701822916668,24.452701863606773,26.411615804036458,26.415615844726563
2023-07-26 15:59:38.199084,5479636.0,5480085.0,24.46609395345052,24.470093994140623,26.429007893880208,26.433007975260416
2023-07-26 15:59:38.216027,5479640.0,5480089.0,24.483485717773437,24.487485758463542,26.446399698893227,26.450399739583336
2023-07-26 15:59:38.233967,5479644.0,5480093.0,24.500877848307294,24.504877888997395,26.463791829427084,26.467791870117185
2023-07-26 15:59:38.250923,5479648.0,5480097.0,24.51826993815104,24.52227001953125,26.481183919270833,26.485184000651042
2023-07-26 15:59:38.268305,5479652.0,5480101.0,24.535661743164063,24.539661783854168,26.498575724283853,26.502575764973958
2023-07-26 15:59:38.286261,5479656.0,5480105.0,24.553053873697916,24.55705391438802,26.515967814127606,26.51996789550781
2023-07-26 15:59:38.303641,5479660.0,5480109.0,24.570445963541665,24.574446044921874,26.533359944661456,26.537359985351564
2023-07-26 15:59:38.320772,5479664.0,5480113.0,24.58783776855469,24.591837809244794,26.55075174967448,26.55475179036458
2023-07-26 15:59:38.338117,5479668.0,5480117.0,24.605229858398438,24.609229939778643,26.56814383951823,26.572143920898437
2023-07-26 15:59:38.355562,5479672.0,5480121.0,24.622621948242188,24.62662194824219,26.585535888671874,26.589535888671875
2023-07-26 15:59:38.373256,5479676.0,5480125.0,24.640013793945315,24.644013834635416,26.602927734375,26.606927815755206
2023-07-26 15:59:38.390304,5479680.0,5480129.0,24.657405883789064,24.66140596516927,26.620319864908854,26.62431990559896
2023-07-26 15:59:38.407978,5479684.0,5480133.0,24.674797729492187,24.67879772949219,26.637711669921874,26.64171171061198
2023-07-26 15:59:38.425395,5479688.0,5480137.0,24.692189778645833,24.696189860026042,26.655103759765627,26.659103841145832
2023-07-26 15:59:38.442317,5479692.0,5480141.0,24.709581909179686,24.71358194986979,26.672495890299476,26.676495930989585
2023-07-26 15:59:38.460211,5479696.0,5480145.0,24.72697371419271,24.730973754882815,26.689887654622396,26.6938877360026
2023-07-26 15:59:38.477306,5479700.0,5480149.0,24.74436580403646,24.748365885416664,26.70727978515625,26.711279825846354
2023-07-26 15:59:38.494784,5479704.0,5480153.0,24.761757934570312,24.765757975260417,26.724671915690102,26.72867195638021
2023-07-26 15:59:38.512056,5479708.0,5480157.0,24.779149698893228,24.783149780273437,26.742063680013022,26.746063761393227
2023-07-26 15:59:38.529262,5479712.0,5480161.0,24.796541829427085,24.800541870117186,26.759455810546875,26.76345585123698
2023-07-26 15:59:38.546377,5479716.0,5480165.0,24.813933959960938,24.817934000651043,26.776847941080728,26.780847981770833
2023-07-26 15:59:38.563692,5479720.0,5480169.0,24.831325724283854,24.835325805664063,26.794239705403648,26.79823974609375
2023-07-26 15:59:38.581902,5479724.0,5480173.0,24.848717854817707,24.852717895507812,26.8116318359375,26.815631876627606
2023-07-26 15:59:38.599256,5479728.0,5480177.0,24.866109985351564,24.87011002604167,26.82902392578125,26.833024007161455
2023-07-26 15:59:38.616652,5479732.0,5480181.0,24.88350174967448,24.88750179036458,26.84641573079427,26.850415771484375
2023-07-26 15:59:38.633890,5479736.0,5480185.0,24.900893880208333,24.904893920898438,26.863807861328123,26.86780790201823
2023-07-26 15:59:38.651609,5479740.0,5480189.0,24.918285970052082,24.922286010742187,26.881199951171876,26.885199951171874
2023-07-26 15:59:38.668048,5479744.0,5480193.0,24.935677775065106,24.939677815755207,26.898591756184896,26.902591796875
2023-07-26 15:59:38.685756,5479748.0,5480197.0,24.95306990559896,24.957069946289064,26.915983846028645,26.919983927408854
2023-07-26 15:59:38.703483,5479752.0,5480201.0,24.97046179199219,24.974461791992187,26.933375732421876,26.937375732421874
2023-07-26 15:59:38.720567,5479756.0,5480205.0,24.987853800455728,24.991853841145833,26.95076778157552,26.954767822265627
2023-07-26 15:59:38.737655,5479760.0,5480209.0,25.005245890299477,25.00924597167969,26.96815987141927,26.972159952799476
2023-07-26 15:59:38.755848,5479764.0,5480213.0,25.0226376953125,25.026637736002602,26.985551676432294,26.989551717122396
2023-07-26 15:59:38.772752,5479768.0,5480217.0,25.040029825846354,25.04402986653646,27.00294376627604,27.006943847656252
2023-07-26 15:59:38.794041,5479773.0,5480222.0,25.06176993815104,25.06577001953125,27.024683919270835,27.028684000651044
2023-07-26 15:59:38.812171,5479777.0,5480226.0,25.079161743164065,25.083161783854166,27.042075724283855,27.046075764973956
2023-07-26 15:59:38.829226,5479781.0,5480230.0,25.096553873697914,25.100553914388023,27.059467814127604,27.063467895507813
2023-07-26 15:59:38.846582,5479785.0,5480234.0,25.113945963541667,25.117946044921876,27.076859944661457,27.080859985351562
2023-07-26 15:59:38.863870,5479789.0,5480238.0,25.13133776855469,25.135337809244792,27.094251749674477,27.098251790364582
2023-07-26 15:59:38.881856,5479793.0,5480242.0,25.148729858398436,25.152729939778645,27.11164383951823,27.11564392089844
2023-07-26 15:59:38.899062,5479797.0,5480246.0,25.16612194824219,25.17012194824219,27.129035888671876,27.133035888671873
2023-07-26 15:59:38.916771,5479801.0,5480250.0,25.183513793945313,25.187513834635418,27.146427734375,27.150427815755208
2023-07-26 15:59:38.933295,5479805.0,5480254.0,25.200905883789062,25.20490596516927,27.163819864908856,27.16781990559896
2023-07-26 15:59:38.951243,5479809.0,5480258.0,25.21829772949219,25.222297729492187,27.181211669921876,27.185211710611977
2023-07-26 15:59:38.968418,5479813.0,5480262.0,25.23568977864583,25.239689860026044,27.198603759765625,27.202603841145834
2023-07-26 15:59:38.985669,5479817.0,5480266.0,25.253081909179688,25.257081949869793,27.215995890299478,27.219995930989583
2023-07-26 15:59:39.003122,5479821.0,5480270.0,25.27047371419271,25.274473754882813,27.233387654622394,27.237387736002603
2023-07-26 15:59:39.020492,5479825.0,5480274.0,25.287865804036457,25.291865885416666,27.25077978515625,27.254779825846356
2023-07-26 15:59:39.037693,5479829.0,5480278.0,25.305257934570314,25.309257975260415,27.268171915690104,27.27217195638021
2023-07-26 15:59:39.055113,5479833.0,5480282.0,25.322649698893226,25.32664978027344,27.28556368001302,27.28956376139323
2023-07-26 15:59:39.072687,5479837.0,5480286.0,25.340041829427083,25.344041870117188,27.302955810546877,27.30695585123698
2023-07-26 15:59:39.089987,5479841.0,5480290.0,25.35743395996094,25.36143400065104,27.32034794108073,27.32434798177083
2023-07-26 15:59:39.107280,5479845.0,5480294.0,25.374825764973956,25.378825805664064,27.337739705403646,27.34173974609375
2023-07-26 15:59:39.125467,5479849.0,5480298.0,25.39221785481771,25.396217895507814,27.355131835937502,27.359131876627604
2023-07-26 15:59:39.142780,5479853.0,5480302.0,25.409609985351565,25.413610026041667,27.37252392578125,27.376524007161457
2023-07-26 15:59:39.159819,5479857.0,5480306.0,25.427001749674478,25.431001790364583,27.38991573079427,27.393915771484377
2023-07-26 15:59:39.177192,5479861.0,5480310.0,25.444393880208334,25.448393920898436,27.407307861328125,27.41130790201823
2023-07-26 15:59:39.194412,5479865.0,5480314.0,25.46178597005208,25.46578601074219,27.424699951171874,27.428699951171875
2023-07-26 15:59:39.211948,5479869.0,5480318.0,25.479177775065104,25.48317781575521,27.442091756184897,27.446091796875002
2023-07-26 15:59:39.229427,5479873.0,5480322.0,25.49656990559896,25.500569946289062,27.459483846028647,27.463483927408852
2023-07-26 15:59:39.247273,5479877.0,5480326.0,25.513961791992188,25.51796179199219,27.476875732421874,27.480875732421875
2023-07-26 15:59:39.264559,5479881.0,5480330.0,25.53135380045573,25.535353841145835,27.494267781575523,27.498267822265625
2023-07-26 15:59:39.281694,5479885.0,5480334.0,25.54874589029948,25.552745971679688,27.51165987141927,27.515659952799478
2023-07-26 15:59:39.299478,5479889.0,5480338.0,25.5661376953125,25.570137736002604,27.529051676432292,27.533051717122397
2023-07-26 15:59:39.316825,5479893.0,5480342.0,25.583529825846355,25.587529866536457,27.54644376627604,27.55044384765625
2023-07-26 15:59:39.333937,5479897.0,5480346.0,25.6009219156901,25.604921997070313,27.563835896809895,27.5678359375
2023-07-26 15:59:39.351365,5479901.0,5480350.0,25.618313720703124,25.62231376139323,27.581227701822918,27.585227742513023
2023-07-26 15:59:39.368085,5479905.0,5480354.0,25.635705810546877,25.639705891927083,27.598619791666668,27.602619873046873
2023-07-26 15:59:39.385621,5479909.0,5480358.0,25.653097941080727,25.657097981770832,27.61601192220052,27.620011962890626
2023-07-26 15:59:39.402978,5479913.0,5480362.0,25.67048974609375,25.674489786783855,27.633403686523437,27.637403767903646
2023-07-26 15:59:39.421023,5479917.0,5480366.0,25.6878818359375,25.69188191731771,27.65079581705729,27.654795857747395
2023-07-26 15:59:39.438116,5479921.0,5480370.0,25.705273966471353,25.709274007161458,27.668187947591147,27.67218798828125
2023-07-26 15:59:39.455558,5479925.0,5480374.0,25.722665730794272,25.726665812174478,27.685579711914063,27.68957979329427
2023-07-26 15:59:39.472542,5479929.0,5480378.0,25.740057861328122,25.74405790201823,27.702971842447916,27.70697188313802
2023-07-26 15:59:39.490623,5479933.0,5480382.0,25.75744999186198,25.761450032552084,27.720363972981772,27.724364013671877
2023-07-26 15:59:39.507980,5479937.0,5480386.0,25.774841756184898,25.778841837565103,27.737755737304685,27.74175577799479
2023-07-26 15:59:39.525447,5479941.0,5480390.0,25.792233886718748,25.796233927408853,27.75514786783854,27.759147908528647
2023-07-26 15:59:39.542407,5479945.0,5480394.0,25.80962585449219,25.81362585449219,27.772539794921876,27.776539794921874
2023-07-26 15:59:39.560405,5479949.0,5480398.0,25.82701778157552,25.831017822265625,27.78993176269531,27.793931803385416
2023-07-26 15:59:39.577485,5479953.0,5480402.0,25.844409912109374,25.84840995279948,27.807323893229167,27.811323933919272
2023-07-26 15:59:39.594504,5479957.0,5480406.0,25.861801676432293,25.8658017578125,27.824715657552083,27.828715698242185
2023-07-26 15:59:39.611924,5479961.0,5480410.0,25.879193806966143,25.88319384765625,27.842107788085936,27.84610782877604
2023-07-26 15:59:39.629299,5479965.0,5480414.0,25.8965859375,25.900585978190104,27.859510294596355,27.86351037597656
2023-07-26 15:59:39.647315,5479969.0,5480418.0,25.91397770182292,25.91797774251302,27.876891682942706,27.88089172363281
2023-07-26 15:59:39.664658,5479973.0,5480422.0,25.93136983235677,25.935369873046874,27.894283813476562,27.898283854166667
2023-07-26 15:59:39.681877,5479977.0,5480426.0,25.94876192220052,25.95276200358073,27.91167590332031,27.91567598470052
2023-07-26 15:59:39.698974,5479981.0,5480430.0,25.966153727213545,25.970153767903646,27.92906770833333,27.933067749023436
2023-07-26 15:59:39.716227,5479985.0,5480434.0,25.983545857747394,25.9875458984375,27.946459798177084,27.950459879557293
2023-07-26 15:59:39.733644,5479989.0,5480438.0,26.000937947591147,26.004938028971353,27.963851928710938,27.96785196940104
2023-07-26 15:59:39.750994,5479993.0,5480442.0,26.018329752604163,26.022329793294272,27.981243733723957,27.985243774414062
2023-07-26 15:59:39.769019,5479997.0,5480446.0,26.035721842447916,26.039721923828125,27.99863582356771,28.002635904947915
2023-07-26 15:59:39.786128,5480001.0,5480450.0,26.053113972981773,26.057114013671875,28.01602795410156,28.020027994791665
2023-07-26 15:59:39.803345,5480005.0,5480454.0,26.07050577799479,26.074505818684898,28.03341971842448,28.037419799804688
2023-07-26 15:59:39.824759,5480010.0,5480459.0,26.092245890299477,26.09624597167969,28.05515987141927,28.05915995279948
2023-07-26 15:59:39.846565,5480014.0,5480463.0,26.1096376953125,26.1136377360026,28.072551676432294,28.076551717122396
2023-07-26 15:59:39.864088,5480019.0,5480468.0,26.13137784830729,26.135377888997397,28.094291829427082,28.098291870117187
2023-07-26 15:59:39.882106,5480023.0,5480472.0,26.14876993815104,26.15277001953125,28.111683919270835,28.115684000651044
2023-07-26 15:59:39.899356,5480027.0,5480476.0,26.166161743164064,26.170161783854166,28.129075724283854,28.133075764973956
2023-07-26 15:59:39.916402,5480031.0,5480480.0,26.183553873697914,26.187553914388022,28.146467814127604,28.150467895507813
2023-07-26 15:59:39.933887,5480035.0,5480484.0,26.200945963541667,26.204946044921876,28.163859944661457,28.167859985351566
2023-07-26 15:59:39.951028,5480039.0,5480488.0,26.21833776855469,26.22233780924479,28.181251749674477,28.185251790364582
2023-07-26 15:59:39.969087,5480043.0,5480492.0,26.235729858398436,26.239729939778645,28.19864383951823,28.20264392089844
2023-07-26 15:59:39.990389,5480047.0,5480496.0,26.25312194824219,26.25712194824219,28.216035888671875,28.220035888671873
2023-07-26 15:59:40.007844,5480052.0,5480501.0,26.27486181640625,26.278861857096352,28.23777579752604,28.241775838216146
2023-07-26 15:59:40.024992,5480056.0,5480505.0,26.29225390625,26.29625398763021,28.25516788736979,28.259167968750003
2023-07-26 15:59:40.042407,5480060.0,5480509.0,26.30965612792969,26.31365616861979,28.272559692382814,28.276559733072915
2023-07-26 15:59:40.059582,5480064.0,5480513.0,26.327037841796876,26.331037882486978,28.28995178222656,28.29395186360677
2023-07-26 15:59:40.077076,5480068.0,5480517.0,26.344429931640626,26.348430013020835,28.307343912760416,28.31134395345052
2023-07-26 15:59:40.094386,5480072.0,5480521.0,26.361821736653646,26.365821777343747,28.32473571777344,28.32873575846354
2023-07-26 15:59:40.111959,5480076.0,5480525.0,26.379213826497395,26.383213907877604,28.342127807617185,28.346127888997398
2023-07-26 15:59:40.129353,5480080.0,5480529.0,26.396605957031248,26.400605997721357,28.359519938151042,28.363519978841143
2023-07-26 15:59:40.146795,5480084.0,5480533.0,26.41399776204427,26.417997802734373,28.376911702473958,28.380911783854167
2023-07-26 15:59:40.163848,5480088.0,5480537.0,26.43138985188802,26.43538993326823,28.39430383300781,28.398303873697916
2023-07-26 15:59:40.181588,5480092.0,5480541.0,26.448781982421874,26.452782023111983,28.411695963541668,28.41569600423177
2023-07-26 15:59:40.198678,5480096.0,5480545.0,26.466173746744794,26.470173828125,28.42908772786458,28.433087809244793
2023-07-26 15:59:40.216782,5480100.0,5480549.0,26.483565877278647,26.48756591796875,28.446479858398437,28.450479899088542
2023-07-26 15:59:40.233943,5480104.0,5480553.0,26.50095788574219,26.504957885742186,28.463871826171875,28.467871826171873
2023-07-26 15:59:40.251202,5480108.0,5480557.0,26.518349772135416,26.522349853515625,28.481263753255206,28.485263793945315
2023-07-26 15:59:40.268355,5480112.0,5480561.0,26.53574190266927,26.539741943359378,28.498655883789063,28.502655924479164
2023-07-26 15:59:40.286319,5480116.0,5480565.0,26.55313366699219,26.557133748372394,28.51604764811198,28.520047729492187
2023-07-26 15:59:40.303672,5480120.0,5480569.0,26.57052579752604,26.574525838216147,28.533439778645832,28.537439819335937
2023-07-26 15:59:40.320996,5480124.0,5480573.0,26.587917928059895,26.591917968750003,28.55083190917969,28.55483194986979
2023-07-26 15:59:40.338207,5480128.0,5480577.0,26.605309692382814,26.60930977376302,28.5682236735026,28.57222371419271
2023-07-26 15:59:40.355655,5480132.0,5480581.0,26.622701822916667,26.626701863606772,28.585615804036458,28.589615844726563
2023-07-26 15:59:40.372865,5480136.0,5480585.0,26.64009395345052,26.644093994140622,28.60300789388021,28.607007975260416
2023-07-26 15:59:40.390326,5480140.0,5480589.0,26.65748571777344,26.66148575846354,28.620399698893227,28.624399739583335
2023-07-26 15:59:40.407687,5480144.0,5480593.0,26.674877848307293,26.6788778889974,28.637791829427083,28.64179187011719
2023-07-26 15:59:40.425029,5480148.0,5480597.0,26.692269938151043,26.696270019531248,28.655183919270833,28.65918400065104
2023-07-26 15:59:40.442359,5480152.0,5480601.0,26.709661743164062,26.713661783854167,28.672575724283853,28.676575764973958
2023-07-26 15:59:40.459487,5480156.0,5480605.0,26.727053873697916,26.731053914388024,28.689967814127606,28.69396789550781
2023-07-26 15:59:40.476992,5480160.0,5480609.0,26.744446004231772,26.748446044921874,28.707359944661455,28.711359985351564
2023-07-26 15:59:40.495054,5480164.0,5480613.0,26.761837768554688,26.765837809244793,28.72475174967448,28.728751790364583
2023-07-26 15:59:40.512153,5480168.0,5480617.0,26.779229858398438,26.783229939778643,28.74214383951823,28.746143920898437
2023-07-26 15:59:40.534136,5480172.0,5480621.0,26.79662194824219,26.80062194824219,28.759535888671873,28.763535888671875
2023-07-26 15:59:40.551724,5480177.0,5480626.0,26.81836181640625,26.822361857096354,28.781275797526042,28.785275838216148
2023-07-26 15:59:40.568274,5480181.0,5480630.0,26.83575390625,26.839753987630207,28.798667887369792,28.80266796875
2023-07-26 15:59:40.586254,5480185.0,5480634.0,26.853156127929687,26.85715616861979,28.81605969238281,28.820059733072917
2023-07-26 15:59:40.603329,5480189.0,5480638.0,26.870537841796875,26.87453788248698,28.83345178222656,28.837451863606773
2023-07-26 15:59:40.620441,5480193.0,5480642.0,26.887929931640628,26.891930013020833,28.850843912760418,28.85484395345052
2023-07-26 15:59:40.638631,5480197.0,5480646.0,26.905321736653644,26.90932177734375,28.868235717773437,28.872235758463543
2023-07-26 15:59:40.655837,5480201.0,5480650.0,26.922713826497397,26.926713907877605,28.885627807617187,28.889627888997396
2023-07-26 15:59:40.672945,5480205.0,5480654.0,26.94010595703125,26.944105997721355,28.90301993815104,28.907019978841145
2023-07-26 15:59:40.690310,5480209.0,5480658.0,26.95749776204427,26.961497802734375,28.92041170247396,28.92441178385417
2023-07-26 15:59:40.707396,5480213.0,5480662.0,26.974889851888022,26.978889933268228,28.937803833007813,28.941803873697914
2023-07-26 15:59:40.724828,5480217.0,5480666.0,26.992281982421872,26.99628202311198,28.955195963541666,28.95919600423177
2023-07-26 15:59:40.742285,5480221.0,5480670.0,27.00967374674479,27.013673828125,28.972587727864582,28.976587809244794
2023-07-26 15:59:40.760512,5480225.0,5480674.0,27.02706587727865,27.03106591796875,28.98997985839844,28.99397989908854
2023-07-26 15:59:40.781988,5480229.0,5480678.0,27.044457885742187,27.048457885742188,29.007371826171873,29.011371826171874
2023-07-26 15:59:40.798710,5480234.0,5480683.0,27.06620821126302,27.07020829264323,29.029111775716146,29.033111857096355
2023-07-26 15:59:40.816169,5480238.0,5480687.0,27.08358992513021,27.08758996582031,29.046503906250003,29.050503946940104
2023-07-26 15:59:40.834292,5480242.0,5480691.0,27.10098173014323,27.104981770833334,29.063895670572915,29.067906168619793
2023-07-26 15:59:40.855446,5480246.0,5480695.0,27.118373819986978,27.12237390136719,29.08128780110677,29.085287841796873
2023-07-26 15:59:40.873022,5480251.0,5480700.0,27.140113972981773,27.144114013671874,29.103027954101563,29.107027994791665
2023-07-26 15:59:40.890366,5480255.0,5480704.0,27.15750577799479,27.161505818684898,29.12041971842448,29.124419799804688
2023-07-26 15:59:40.907788,5480259.0,5480708.0,27.174897867838542,27.17889794921875,29.137811848958332,29.141811889648437
,,,,,,
,,,,,,
,,,,,,
,,,,,,
,,,,,,
