0,1,2,3,4,5,6
2023-07-26 15:47:59.469147,5319172.0,5319621.0,93.76486397298177,93.76886401367187,95.72785994466146,95.73185998535156
2023-07-26 15:47:59.472136,5319173.0,5319622.0,93.76921179199219,93.77321179199218,95.73220776367187,95.73620776367187
2023-07-26 15:47:59.476119,5319174.0,5319623.0,93.7735596923828,93.77755977376303,95.73655566406251,95.7405557454427
2023-07-26 15:47:59.481114,5319175.0,5319624.0,93.77790771484375,93.78190779622396,95.74090368652344,95.74490376790364
2023-07-26 15:47:59.485102,5319176.0,5319625.0,93.78225577799479,93.7862558186849,95.74525174967448,95.74925179036458
2023-07-26 15:47:59.489093,5319177.0,5319626.0,93.78660380045574,93.79060384114582,95.74959977213541,95.75359981282553
2023-07-26 15:47:59.494076,5319178.0,5319627.0,93.79095182291667,93.79495186360677,95.75395821126301,95.75795825195313
2023-07-26 15:47:59.498058,5319179.0,5319628.0,93.7952998453776,93.79929988606771,95.7582958170573,95.76229585774739
2023-07-26 15:47:59.503042,5319180.0,5319629.0,93.79964786783854,93.80364794921874,95.76264383951823,95.76664392089845
2023-07-26 15:47:59.507028,5319181.0,5319630.0,93.80399589029949,93.80799597167969,95.76699186197916,95.77099194335938
2023-07-26 15:47:59.511019,5319182.0,5319631.0,93.80834395345052,93.81234399414063,95.7713399251302,95.77533996582031
2023-07-26 15:47:59.516003,5319183.0,5319632.0,93.81269197591145,93.81669201660156,95.77568794759115,95.77968798828124
2023-07-26 15:47:59.519989,5319184.0,5319633.0,93.81703991699219,93.82103991699219,95.78003588867188,95.78403588867188
2023-07-26 15:47:59.523976,5319185.0,5319634.0,93.82138769531251,93.8253877360026,95.78438366699218,95.7883837076823
2023-07-26 15:47:59.528959,5319186.0,5319635.0,93.82573571777344,93.82973575846353,95.78873168945312,95.79273173014323
2023-07-26 15:47:59.532949,5319187.0,5319636.0,93.83008374023437,93.83408382161458,95.79307971191407,95.79707979329427
2023-07-26 15:47:59.536933,5319188.0,5319637.0,93.8344317626953,93.83843184407552,95.797427734375,95.8014278157552
2023-07-26 15:47:59.541916,5319189.0,5319638.0,93.83877982584636,93.84277986653646,95.80177579752603,95.80577583821615
2023-07-26 15:47:59.545898,5319190.0,5319639.0,93.84312784830729,93.8471278889974,95.80612381998698,95.81012386067708
2023-07-26 15:47:59.550881,5319191.0,5319640.0,93.84747587076824,93.85147591145834,95.81047184244791,95.81447188313803
2023-07-26 15:47:59.554872,5319192.0,5319641.0,93.85182389322917,93.85582393391927,95.81481986490886,95.81881990559896
2023-07-26 15:47:59.558854,5319193.0,5319642.0,93.85617191569011,93.86017199707031,95.81916788736979,95.82316796875
2023-07-26 15:47:59.563842,5319194.0,5319643.0,93.86051993815104,93.86452001953126,95.82351590983072,95.82751599121094
2023-07-26 15:47:59.567829,5319195.0,5319644.0,93.86486800130209,93.86886804199219,95.82786397298176,95.83186401367188
2023-07-26 15:47:59.571816,5319196.0,5319645.0,93.86921569824219,93.87321573893229,95.83221166992188,95.83621171061198
2023-07-26 15:47:59.576795,5319197.0,5319646.0,93.87356372070313,93.87756376139323,95.8365596923828,95.84055973307292
2023-07-26 15:47:59.580781,5319198.0,5319647.0,93.87791174316406,93.88191178385416,95.84090771484375,95.84490775553385
2023-07-26 15:47:59.584772,5319199.0,5319648.0,93.882259765625,93.88625980631511,95.84525573730468,95.84925577799478
2023-07-26 15:47:59.589755,5319200.0,5319649.0,93.88660778808594,93.89060786946615,95.84960375976563,95.85360384114583
2023-07-26 15:47:59.593738,5319201.0,5319650.0,93.89095581054687,93.89495589192708,95.85395178222656,95.85795186360677
2023-07-26 15:47:59.598726,5319202.0,5319651.0,93.89530387369793,93.89930391438801,95.8582998453776,95.86229988606772
2023-07-26 15:47:59.602712,5319203.0,5319652.0,93.89965189615886,93.90365193684896,95.86264786783853,95.86664790852865
2023-07-26 15:47:59.606694,5319204.0,5319653.0,93.90401033528646,93.90801037597656,95.86699589029948,95.87099593098958
2023-07-26 15:47:59.611682,5319205.0,5319654.0,93.90834794108072,93.91234798177084,95.87134391276042,95.87534395345051
2023-07-26 15:47:59.615668,5319206.0,5319655.0,93.91269596354167,93.91669604492188,95.87569193522135,95.87969201660157
2023-07-26 15:47:59.619656,5319207.0,5319656.0,93.9170438232422,93.9210438232422,95.88003979492187,95.88403979492188
2023-07-26 15:47:59.624638,5319208.0,5319657.0,93.92139168294271,93.92539176432292,95.8843876546224,95.8883877360026
2023-07-26 15:47:59.628621,5319209.0,5319658.0,93.92573974609374,93.92973978678386,95.88873571777344,95.89273575846353
2023-07-26 15:47:59.632612,5319210.0,5319659.0,93.9300877685547,93.93408780924479,95.89308374023437,95.89708378092449
2023-07-26 15:47:59.637595,5319211.0,5319660.0,93.93443579101563,93.93843583170572,95.8974317626953,95.90143180338542
2023-07-26 15:47:59.641577,5319212.0,5319661.0,93.93878381347656,93.94278385416668,95.90177978515625,95.90577982584635
2023-07-26 15:47:59.645568,5319213.0,5319662.0,93.94313183593749,93.9471319173177,95.9061278076172,95.9101278889974
2023-07-26 15:47:59.650552,5319214.0,5319663.0,93.94747985839844,93.95147993977865,95.91047583007813,95.91447591145834
2023-07-26 15:47:59.654534,5319215.0,5319664.0,93.95182792154948,93.95582796223958,95.91482389322917,95.91882393391927
2023-07-26 15:47:59.659524,5319216.0,5319665.0,93.95617594401041,93.96017598470053,95.9191719156901,95.9231719563802
2023-07-26 15:47:59.663508,5319217.0,5319666.0,93.96052396647136,93.96452400716146,95.92351993815105,95.92751997884115
2023-07-26 15:47:59.667492,5319218.0,5319667.0,93.96487194824218,93.96887194824218,95.92786791992188,95.93186791992187
2023-07-26 15:47:59.672478,5319219.0,5319668.0,93.9692196858724,93.97321972656249,95.93221565755208,95.9362156982422
2023-07-26 15:47:59.676461,5319220.0,5319669.0,93.97356770833333,93.97756778971355,95.93656368001301,95.94056376139324
2023-07-26 15:47:59.680452,5319221.0,5319670.0,93.97791573079427,93.98191581217448,95.94091170247397,95.94491178385417
2023-07-26 15:47:59.685435,5319222.0,5319671.0,93.98226379394531,93.98626383463541,95.945259765625,95.94925980631511
2023-07-26 15:47:59.689417,5319223.0,5319672.0,93.98661181640625,93.99061185709635,95.94960778808594,95.95360782877604
2023-07-26 15:47:59.694401,5319224.0,5319673.0,93.99095983886718,93.99495987955729,95.95395581054687,95.95795585123697
2023-07-26 15:47:59.698391,5319225.0,5319674.0,93.99530786132813,93.99930790201823,95.95830383300782,95.96230387369792
2023-07-26 15:47:59.702374,5319226.0,5319675.0,93.99965588378906,94.00365596516927,95.96265185546875,95.96665193684895
2023-07-26 15:47:59.707362,5319227.0,5319676.0,94.00400390625,94.0080039876302,95.96701029459635,95.97101037597656
2023-07-26 15:47:59.711348,5319228.0,5319677.0,94.00835196940105,94.01235201009113,95.97134794108072,95.97534798177084
2023-07-26 15:47:59.715335,5319229.0,5319678.0,94.01269999186198,94.0167000325521,95.97569596354165,95.97969600423177
2023-07-26 15:47:59.720318,5319230.0,5319679.0,94.01704772949218,94.02104772949218,95.98004370117188,95.98404370117187
2023-07-26 15:47:59.724300,5319231.0,5319680.0,94.0214061279297,94.02540616861978,95.98439168294271,95.98839172363282
2023-07-26 15:47:59.729283,5319232.0,5319681.0,94.02574373372396,94.02974377441406,95.98873970540365,95.99273974609375
2023-07-26 15:47:59.733270,5319233.0,5319682.0,94.0300917561849,94.03409183756511,95.99308772786458,95.99708780924479
2023-07-26 15:47:59.737256,5319234.0,5319683.0,94.03443977864583,94.03843986002605,95.99743575032552,96.00143583170572
2023-07-26 15:47:59.742251,5319235.0,5319684.0,94.03878784179688,94.04278788248698,96.00178381347656,96.00578385416668
2023-07-26 15:47:59.746232,5319236.0,5319685.0,94.04313586425782,94.04713590494791,96.0061318359375,96.01013187662761
2023-07-26 15:47:59.750213,5319237.0,5319686.0,94.04748388671875,94.05148392740885,96.01047985839844,96.01447989908854
2023-07-26 15:47:59.755197,5319238.0,5319687.0,94.05183190917968,94.0558319498698,96.01482788085939,96.01882792154947
2023-07-26 15:47:59.759188,5319239.0,5319688.0,94.05617993164061,94.06018001302083,96.01917590332032,96.02317598470052
2023-07-26 15:47:59.763179,5319240.0,5319689.0,94.06052795410157,94.06452803548177,96.02352392578125,96.02752400716146
2023-07-26 15:47:59.768158,5319241.0,5319690.0,94.06487585449219,94.06887585449219,96.02787182617188,96.03187182617188
2023-07-26 15:47:59.772140,5319242.0,5319691.0,94.0692237141927,94.07322375488282,96.03221968587239,96.03621972656249
2023-07-26 15:47:59.776131,5319243.0,5319692.0,94.07357173665365,94.07757177734375,96.03656770833334,96.04056774902344
2023-07-26 15:47:59.781114,5319244.0,5319693.0,94.0779197591146,94.08191979980468,96.04091577148438,96.04491577148438
2023-07-26 15:47:59.785097,5319245.0,5319694.0,94.08226778157552,94.08626782226563,96.0452637532552,96.04926379394531
2023-07-26 15:47:59.790080,5319246.0,5319695.0,94.08661580403646,94.09061588541667,96.04961177571614,96.05361185709636
2023-07-26 15:47:59.794071,5319247.0,5319696.0,94.09096382649739,94.09496390787761,96.05395979817709,96.05795987955729
2023-07-26 15:47:59.798053,5319248.0,5319697.0,94.09531188964843,94.09931193033854,96.05830786132813,96.06230790201823
2023-07-26 15:47:59.803037,5319249.0,5319698.0,94.09965991210937,94.10365995279948,96.06265588378906,96.06665592447916
2023-07-26 15:47:59.807028,5319250.0,5319699.0,94.1040079345703,94.10800797526042,96.06700390625,96.0710039469401
2023-07-26 15:47:59.811010,5319251.0,5319700.0,94.10835595703125,94.11235599772135,96.07135192871094,96.07535196940104
2023-07-26 15:47:59.815998,5319252.0,5319701.0,94.11270397949218,94.11670397949219,96.07569995117187,96.07969995117186
2023-07-26 15:47:59.819980,5319253.0,5319702.0,94.1170516764323,94.1210517578125,96.08004764811197,96.08404772949218
2023-07-26 15:47:59.823968,5319254.0,5319703.0,94.12139969889323,94.12539978027344,96.08439567057292,96.08840616861978
2023-07-26 15:47:59.828955,5319255.0,5319704.0,94.12574776204427,94.12974780273439,96.08874373372394,96.09274377441406
2023-07-26 15:47:59.832941,5319256.0,5319705.0,94.1300957845052,94.13409582519532,96.0930917561849,96.09709179687499
2023-07-26 15:47:59.836928,5319257.0,5319706.0,94.13444380696615,94.13844384765625,96.09743977864584,96.10143981933594
2023-07-26 15:47:59.841911,5319258.0,5319707.0,94.13879182942709,94.1427918701172,96.10178780110677,96.10578784179688
2023-07-26 15:47:59.845893,5319259.0,5319708.0,94.14313985188802,94.14713993326824,96.10613582356771,96.11013590494791
2023-07-26 15:47:59.850877,5319260.0,5319709.0,94.14748787434895,94.15148795572917,96.11048384602866,96.11448392740886
2023-07-26 15:47:59.854863,5319261.0,5319710.0,94.15183593750001,94.1558359781901,96.11483190917968,96.1188319498698
2023-07-26 15:47:59.858849,5319262.0,5319711.0,94.15618395996094,94.16018400065103,96.11917993164062,96.12317997233073
2023-07-26 15:47:59.863832,5319263.0,5319712.0,94.16053198242187,94.16453202311199,96.12352795410158,96.12752799479166
2023-07-26 15:47:59.867819,5319264.0,5319713.0,94.16487976074218,94.16887976074219,96.12787573242188,96.13187573242188
2023-07-26 15:47:59.871817,5319265.0,5319714.0,94.1692277018229,94.17322774251302,96.13222367350261,96.13622371419271
2023-07-26 15:47:59.876794,5319266.0,5319715.0,94.17357572428386,94.17757580566406,96.13657169596354,96.14057177734375
2023-07-26 15:47:59.880776,5319267.0,5319716.0,94.1779237467448,94.18192382812501,96.14091971842447,96.14491979980468
2023-07-26 15:47:59.884768,5319268.0,5319717.0,94.18227180989582,94.18627185058594,96.14526778157553,96.14926782226561
2023-07-26 15:47:59.889750,5319269.0,5319718.0,94.18661983235677,94.19061987304687,96.14961580403646,96.15361584472656
2023-07-26 15:47:59.893733,5319270.0,5319719.0,94.19096785481771,94.19496789550782,96.15396382649739,96.1579638671875
2023-07-26 15:47:59.898716,5319271.0,5319720.0,94.19531587727865,94.19931591796876,96.15831184895833,96.16231188964844
2023-07-26 15:47:59.902707,5319272.0,5319721.0,94.19966389973958,94.20366398111979,96.16265987141928,96.16665995279948
2023-07-26 15:47:59.906689,5319273.0,5319722.0,94.20401192220051,94.20801200358073,96.16700789388021,96.17100797526042
2023-07-26 15:47:59.911677,5319274.0,5319723.0,94.20835998535156,94.21236002604167,96.17135595703125,96.17535599772135
2023-07-26 15:47:59.915663,5319275.0,5319724.0,94.21270788574219,94.21670788574218,96.17570385742187,96.17970385742187
2023-07-26 15:47:59.919646,5319276.0,5319725.0,94.2170557047526,94.22105574544271,96.1800516764323,96.18405171712239
2023-07-26 15:47:59.924633,5319277.0,5319726.0,94.22140372721354,94.22540376790364,96.18439969889323,96.18839973958333
2023-07-26 15:47:59.928616,5319278.0,5319727.0,94.22575174967449,94.22975179036457,96.18874772135416,96.19274776204428
2023-07-26 15:47:59.932619,5319279.0,5319728.0,94.23009977213542,94.23409985351562,96.1930957438151,96.19709582519532
2023-07-26 15:47:59.937590,5319280.0,5319729.0,94.23445821126302,94.23845829264323,96.19744376627604,96.20144384765625
2023-07-26 15:47:59.941572,5319281.0,5319730.0,94.23879585774739,94.2427958984375,96.2017918294271,96.20579187011718
2023-07-26 15:47:59.946560,5319282.0,5319731.0,94.24314388020834,94.24714392089844,96.20613985188803,96.21013989257813
2023-07-26 15:47:59.950547,5319283.0,5319732.0,94.24749190266928,94.25149194335937,96.21048787434896,96.21448791503907
2023-07-26 15:47:59.954529,5319284.0,5319733.0,94.25183992513021,94.25583996582031,96.21483589680989,96.2188359375
2023-07-26 15:47:59.959524,5319285.0,5319734.0,94.25618794759114,94.26018802897136,96.21918391927083,96.22318400065103
2023-07-26 15:47:59.963503,5319286.0,5319735.0,94.26053597005208,94.26453601074219,96.22353194173178,96.22753198242188
2023-07-26 15:47:59.967490,5319287.0,5319736.0,94.26488366699219,94.26888374837239,96.22787963867187,96.23187972005209
2023-07-26 15:47:59.972473,5319288.0,5319737.0,94.26923173014323,94.27323177083332,96.23222770182291,96.23622774251302
2023-07-26 15:47:59.976455,5319289.0,5319738.0,94.27357975260416,94.27757979329428,96.23657572428387,96.24057576497395
2023-07-26 15:47:59.980447,5319290.0,5319739.0,94.2779277750651,94.28192781575521,96.2409237467448,96.24492378743489
2023-07-26 15:47:59.985430,5319291.0,5319740.0,94.28227579752604,94.28627583821614,96.24527176920573,96.24927180989583
2023-07-26 15:47:59.989412,5319292.0,5319741.0,94.28662381998699,94.29062390136718,96.24961979166666,96.25361987304687
2023-07-26 15:47:59.994400,5319293.0,5319742.0,94.29097184244792,94.29497192382813,96.25396781412759,96.25796789550782
2023-07-26 15:47:59.998386,5319294.0,5319743.0,94.29531990559896,94.29931994628906,96.25831587727865,96.26231591796875
2023-07-26 15:48:00.002369,5319295.0,5319744.0,94.2996679280599,94.30366796874999,96.26266389973958,96.2666639404297
2023-07-26 15:48:00.007364,5319296.0,5319745.0,94.30401595052084,94.30801599121095,96.26701192220051,96.27101196289063
2023-07-26 15:48:00.011339,5319297.0,5319746.0,94.30836397298177,94.31236401367188,96.27135994466146,96.27535998535156
2023-07-26 15:48:00.015330,5319298.0,5319747.0,94.31271179199219,94.31671179199219,96.27570776367187,96.27970776367187
2023-07-26 15:48:00.020313,5319299.0,5319748.0,94.3170596923828,94.32105977376303,96.2800556640625,96.28405574544271
2023-07-26 15:48:00.024300,5319300.0,5319749.0,94.32140771484376,94.32540779622396,96.28440368652343,96.28840376790365
2023-07-26 15:48:00.028288,5319301.0,5319750.0,94.32575577799479,94.3297558186849,96.28875174967447,96.29275179036458
2023-07-26 15:48:00.033270,5319302.0,5319751.0,94.33010380045573,94.33410384114583,96.29309977213542,96.29709981282552
2023-07-26 15:48:00.037257,5319303.0,5319752.0,94.33445182291666,94.33845186360676,96.29745821126302,96.30145825195312
2023-07-26 15:48:00.042240,5319304.0,5319753.0,94.33879984537761,94.34279988606771,96.3017958170573,96.3057958577474
2023-07-26 15:48:00.046227,5319305.0,5319754.0,94.34314786783854,94.34714794921875,96.30614383951823,96.31014392089844
2023-07-26 15:48:00.050208,5319306.0,5319755.0,94.34749589029948,94.3514959716797,96.31049186197916,96.31449194335937
2023-07-26 15:48:00.055198,5319307.0,5319756.0,94.35184395345051,94.35584399414063,96.31483992513022,96.3188399658203
2023-07-26 15:48:00.059183,5319308.0,5319757.0,94.35619197591146,94.36019201660156,96.31918794759115,96.32318798828125
2023-07-26 15:48:00.063169,5319309.0,5319758.0,94.3605399169922,94.3645399169922,96.32353588867187,96.32753588867187
2023-07-26 15:48:00.068153,5319310.0,5319759.0,94.3648876953125,94.3688877360026,96.3278836669922,96.3318837076823
2023-07-26 15:48:00.072139,5319311.0,5319760.0,94.36923571777344,94.37323575846354,96.33223168945312,96.33623173014323
2023-07-26 15:48:00.076123,5319312.0,5319761.0,94.37358374023438,94.37758382161458,96.33657971191407,96.34057979329428
2023-07-26 15:48:00.081106,5319313.0,5319762.0,94.37793176269531,94.38193184407551,96.340927734375,96.34492781575521
2023-07-26 15:48:00.085092,5319314.0,5319763.0,94.38227982584635,94.38627986653647,96.34527579752603,96.34927583821614
2023-07-26 15:48:00.089080,5319315.0,5319764.0,94.38662784830728,94.3906278889974,96.34962381998699,96.35362386067708
2023-07-26 15:48:00.094087,5319316.0,5319765.0,94.39097587076823,94.39497591145833,96.35397184244792,96.35797188313803
2023-07-26 15:48:00.098052,5319317.0,5319766.0,94.39532389322918,94.39932393391926,96.35831986490885,96.36231990559897
2023-07-26 15:48:00.103041,5319318.0,5319767.0,94.3996719156901,94.40367199707032,96.36266788736978,96.36666796875
2023-07-26 15:48:00.107022,5319319.0,5319768.0,94.40401993815104,94.40802001953125,96.36701590983073,96.37101599121094
2023-07-26 15:48:00.111009,5319320.0,5319769.0,94.40836800130208,94.41236804199218,96.37136397298177,96.37536401367187
2023-07-26 15:48:00.115993,5319321.0,5319770.0,94.4127156982422,94.41671573893228,96.37571166992187,96.37971171061199
2023-07-26 15:48:00.119979,5319322.0,5319771.0,94.41706372070313,94.42106376139324,96.3800596923828,96.38405973307292
2023-07-26 15:48:00.123966,5319323.0,5319772.0,94.42141174316406,94.42541178385417,96.38440771484376,96.38840775553385
2023-07-26 15:48:00.128949,5319324.0,5319773.0,94.42575976562499,94.4297598063151,96.38875573730469,96.3927557779948
2023-07-26 15:48:00.132931,5319325.0,5319774.0,94.43010778808595,94.43410786946615,96.39310375976562,96.39710384114584
2023-07-26 15:48:00.136923,5319326.0,5319775.0,94.43445581054688,94.43845589192708,96.39745178222655,96.40145186360677
2023-07-26 15:48:00.141905,5319327.0,5319776.0,94.43880387369792,94.44280391438802,96.40179984537761,96.40579988606771
2023-07-26 15:48:00.145888,5319328.0,5319777.0,94.44315189615885,94.44715193684895,96.40614786783854,96.41014790852864
2023-07-26 15:48:00.150876,5319329.0,5319778.0,94.44751033528647,94.45151037597655,96.41049589029949,96.41449593098959
2023-07-26 15:48:00.154863,5319330.0,5319779.0,94.45184794108073,94.45584798177083,96.41484391276042,96.41884395345052
2023-07-26 15:48:00.158844,5319331.0,5319780.0,94.45619596354166,94.46019604492189,96.41919193522135,96.42319201660156
2023-07-26 15:48:00.163833,5319332.0,5319781.0,94.46054382324219,94.4645438232422,96.42353979492188,96.42753979492187
2023-07-26 15:48:00.167819,5319333.0,5319782.0,94.46489168294272,94.46889176432292,96.4278876546224,96.43188773600261
2023-07-26 15:48:00.171806,5319334.0,5319783.0,94.46923974609375,94.47323978678385,96.43223571777344,96.43623575846354
2023-07-26 15:48:00.176789,5319335.0,5319784.0,94.4735877685547,94.4775878092448,96.43658374023437,96.44058378092448
2023-07-26 15:48:00.180771,5319336.0,5319785.0,94.47793579101562,94.48193583170573,96.44093176269531,96.44493180338542
2023-07-26 15:48:00.184762,5319337.0,5319786.0,94.48228381347656,94.48628385416667,96.44527978515625,96.44927982584636
2023-07-26 15:48:00.189745,5319338.0,5319787.0,94.4866318359375,94.4906319173177,96.44962780761719,96.4536278889974
2023-07-26 15:48:00.193732,5319339.0,5319788.0,94.49097985839845,94.49497993977864,96.45397583007812,96.45797591145833
2023-07-26 15:48:00.198711,5319340.0,5319789.0,94.49532792154947,94.49932796223959,96.45832389322918,96.46232393391927
2023-07-26 15:48:00.202702,5319341.0,5319790.0,94.4996759440104,94.50367598470052,96.46267191569011,96.4666719563802
2023-07-26 15:48:00.206684,5319342.0,5319791.0,94.50402396647137,94.50802400716145,96.46701993815104,96.47101997884116
2023-07-26 15:48:00.211672,5319343.0,5319792.0,94.50837194824219,94.51237194824218,96.47136791992187,96.47536791992188
2023-07-26 15:48:00.215659,5319344.0,5319793.0,94.5127196858724,94.5167197265625,96.47571565755207,96.47971569824219
2023-07-26 15:48:00.219645,5319345.0,5319794.0,94.51706770833333,94.52106778971354,96.48006368001302,96.48406376139323
2023-07-26 15:48:00.224628,5319346.0,5319795.0,94.52141573079427,94.52541581217447,96.48441170247396,96.48841178385418
2023-07-26 15:48:00.228611,5319347.0,5319796.0,94.52576379394532,94.52976383463542,96.48875976562499,96.4927598063151
2023-07-26 15:48:00.232602,5319348.0,5319797.0,94.53011181640625,94.53411185709636,96.49310778808594,96.49710782877604
2023-07-26 15:48:00.237585,5319349.0,5319798.0,94.53445983886718,94.5384598795573,96.49745581054688,96.50145585123697
2023-07-26 15:48:00.241567,5319350.0,5319799.0,94.53880786132812,94.54280790201823,96.50180383300781,96.50580387369793
2023-07-26 15:48:00.245558,5319351.0,5319800.0,94.54315588378907,94.54715596516927,96.50615185546874,96.51015193684896
2023-07-26 15:48:00.250542,5319352.0,5319801.0,94.54750390625,94.55150398763021,96.51051029459634,96.51451037597656
2023-07-26 15:48:00.254524,5319353.0,5319802.0,94.55185196940104,94.55585201009114,96.51484794108073,96.51884798177083
2023-07-26 15:48:00.259512,5319354.0,5319803.0,94.55619999186197,94.56020003255209,96.51919596354166,96.52319600423176
2023-07-26 15:48:00.263498,5319355.0,5319804.0,94.56054772949219,94.56454772949218,96.52354370117187,96.52754370117188
2023-07-26 15:48:00.267485,5319356.0,5319805.0,94.56490612792969,94.56890616861979,96.52789168294271,96.53189172363281
2023-07-26 15:48:00.272468,5319357.0,5319806.0,94.56924373372395,94.57324377441407,96.53223970540364,96.53623974609374
2023-07-26 15:48:00.276461,5319358.0,5319807.0,94.5735917561849,94.57759183756511,96.53658772786459,96.54058780924478
2023-07-26 15:48:00.280442,5319359.0,5319808.0,94.57793977864584,94.58193986002604,96.54093575032552,96.54493583170573
2023-07-26 15:48:00.285425,5319360.0,5319809.0,94.58228784179688,94.58628788248699,96.54528381347656,96.54928385416667
2023-07-26 15:48:00.289407,5319361.0,5319810.0,94.58663586425781,94.59063590494792,96.5496318359375,96.5536318766276
2023-07-26 15:48:00.293398,5319362.0,5319811.0,94.59098388671875,94.59498392740886,96.55397985839845,96.55797989908854
2023-07-26 15:48:00.298378,5319363.0,5319812.0,94.59533190917968,94.59933194986979,96.55832788085938,96.56232792154948
2023-07-26 15:48:00.302364,5319364.0,5319813.0,94.59967993164062,94.60368001302082,96.56267590332031,96.56667598470052
2023-07-26 15:48:00.307348,5319365.0,5319814.0,94.60402795410157,94.60802803548178,96.56702392578124,96.57102400716145
2023-07-26 15:48:00.311335,5319366.0,5319815.0,94.60837585449218,94.61237585449219,96.57137182617188,96.57537182617187
2023-07-26 15:48:00.315377,5319367.0,5319816.0,94.6127237141927,94.61672375488281,96.5757196858724,96.57971972656249
2023-07-26 15:48:00.320368,5319368.0,5319817.0,94.61707173665366,94.62107177734374,96.58006770833333,96.58406774902345
2023-07-26 15:48:00.324333,5319369.0,5319818.0,94.62141975911459,94.62541979980469,96.58441573079426,96.58841577148438
2023-07-26 15:48:00.328282,5319370.0,5319819.0,94.62576778157552,94.62976782226562,96.58876375325521,96.59276379394531
2023-07-26 15:48:00.333264,5319371.0,5319820.0,94.63011580403645,94.63411588541666,96.59311177571615,96.59711185709635
2023-07-26 15:48:00.337247,5319372.0,5319821.0,94.6344638264974,94.63846390787761,96.59745979817708,96.6014598795573
2023-07-26 15:48:00.341238,5319373.0,5319822.0,94.63881188964844,94.64281193033855,96.60180786132813,96.60580790201823
2023-07-26 15:48:00.346221,5319374.0,5319823.0,94.64315991210937,94.64715995279948,96.60615588378907,96.61015592447916
2023-07-26 15:48:00.350203,5319375.0,5319824.0,94.6475079345703,94.65150797526042,96.61050390625,96.6145039469401
2023-07-26 15:48:00.355191,5319376.0,5319825.0,94.65185595703126,94.65585599772135,96.61485192871093,96.61885196940105
2023-07-26 15:48:00.359178,5319377.0,5319826.0,94.65620397949219,94.66020397949218,96.61919995117186,96.62319995117187
2023-07-26 15:48:00.363160,5319378.0,5319827.0,94.66055167643229,94.6645517578125,96.62354764811198,96.62754772949218
2023-07-26 15:48:00.368148,5319379.0,5319828.0,94.66489969889322,94.66889978027343,96.62789567057293,96.63190616861978
2023-07-26 15:48:00.372141,5319380.0,5319829.0,94.66924776204426,94.67324780273438,96.63224373372395,96.63624377441407
2023-07-26 15:48:00.376122,5319381.0,5319830.0,94.67359578450521,94.67759582519531,96.6365917561849,96.640591796875
2023-07-26 15:48:00.381104,5319382.0,5319831.0,94.67794380696614,94.68194384765626,96.64093977864583,96.64493981933593
2023-07-26 15:48:00.385086,5319383.0,5319832.0,94.68229182942709,94.68629187011719,96.64528780110678,96.64928784179688
2023-07-26 15:48:00.390070,5319384.0,5319833.0,94.68663989257813,94.69063993326823,96.6496358235677,96.65363590494792
2023-07-26 15:48:00.394061,5319385.0,5319834.0,94.69098787434896,94.69498795572916,96.65398384602865,96.65798392740886
2023-07-26 15:48:00.398043,5319386.0,5319835.0,94.6953359375,94.6993359781901,96.65833190917968,96.6623319498698
2023-07-26 15:48:00.403031,5319387.0,5319836.0,94.69968395996094,94.70368400065104,96.66267993164062,96.66667997233073
2023-07-26 15:48:00.407017,5319388.0,5319837.0,94.70403198242187,94.70803202311198,96.66702795410157,96.67102799479167
2023-07-26 15:48:00.411000,5319389.0,5319838.0,94.70837976074219,94.71237976074218,96.67137573242188,96.67537573242188
2023-07-26 15:48:00.415987,5319390.0,5319839.0,94.71272770182291,94.71672774251302,96.6757236735026,96.6797237141927
2023-07-26 15:48:00.419974,5319391.0,5319840.0,94.71707572428386,94.72107580566407,96.68007169596355,96.68407177734375
2023-07-26 15:48:00.423962,5319392.0,5319841.0,94.72142374674479,94.725423828125,96.68441971842448,96.68841979980468
2023-07-26 15:48:00.428944,5319393.0,5319842.0,94.72577180989583,94.72977185058593,96.68876778157552,96.69276782226562
2023-07-26 15:48:00.432931,5319394.0,5319843.0,94.73011983235678,94.73411987304686,96.69311580403645,96.69711584472657
2023-07-26 15:48:00.436914,5319395.0,5319844.0,94.73446785481771,94.73846789550782,96.69746382649738,96.7014638671875
2023-07-26 15:48:00.441900,5319396.0,5319845.0,94.73881587727864,94.74281591796876,96.70181184895834,96.70581188964843
2023-07-26 15:48:00.445887,5319397.0,5319846.0,94.74316389973959,94.74716398111978,96.70615987141927,96.71015995279949
2023-07-26 15:48:00.450875,5319398.0,5319847.0,94.74751192220052,94.75151200358073,96.7105078938802,96.71450797526042
2023-07-26 15:48:00.454857,5319399.0,5319848.0,94.75185998535156,94.75586002604167,96.71485595703125,96.71885599772135
2023-07-26 15:48:00.458844,5319400.0,5319849.0,94.75620788574219,94.76020788574219,96.71920385742187,96.72320385742186
2023-07-26 15:48:00.463828,5319401.0,5319850.0,94.76055570475259,94.7645557454427,96.7235516764323,96.7275517171224
2023-07-26 15:48:00.467817,5319402.0,5319851.0,94.76490372721355,94.76890376790364,96.72789969889322,96.73189973958334
2023-07-26 15:48:00.472797,5319403.0,5319852.0,94.76925174967448,94.77325179036458,96.73224772135416,96.73624776204427
2023-07-26 15:48:00.476785,5319404.0,5319853.0,94.77359977213541,94.77759985351562,96.73659574381512,96.74059582519531
2023-07-26 15:48:00.480770,5319405.0,5319854.0,94.77795821126301,94.78195829264322,96.74094376627605,96.74494384765624
2023-07-26 15:48:00.485749,5319406.0,5319855.0,94.7822958577474,94.7862958984375,96.74529182942709,96.74929187011719
2023-07-26 15:48:00.489740,5319407.0,5319856.0,94.78664388020833,94.79064392089845,96.74963985188802,96.75363989257812
2023-07-26 15:48:00.493723,5319408.0,5319857.0,94.79099190266928,94.79499194335938,96.75398787434895,96.75798791503907
2023-07-26 15:48:00.498718,5319409.0,5319858.0,94.79533992513021,94.79933996582031,96.7583358968099,96.7623359375
2023-07-26 15:48:00.502697,5319410.0,5319859.0,94.79968794759115,94.80368802897135,96.76268391927083,96.76668400065104
2023-07-26 15:48:00.506679,5319411.0,5319860.0,94.80403597005208,94.8080360107422,96.76703194173177,96.77103198242187
2023-07-26 15:48:00.511668,5319412.0,5319861.0,94.80838366699219,94.8123837483724,96.77137963867187,96.77537972005209
2023-07-26 15:48:00.515653,5319413.0,5319862.0,94.81273173014323,94.81673177083333,96.77572770182292,96.77972774251302
2023-07-26 15:48:00.519641,5319414.0,5319863.0,94.81707975260416,94.82107979329427,96.78007572428386,96.78407576497396
2023-07-26 15:48:00.524624,5319415.0,5319864.0,94.8214277750651,94.8254278157552,96.78442374674479,96.7884237874349
2023-07-26 15:48:00.528606,5319416.0,5319865.0,94.82577579752603,94.82977583821615,96.78877176920572,96.79277180989583
2023-07-26 15:48:00.533589,5319417.0,5319866.0,94.83012381998698,94.83412390136719,96.79311979166667,96.79711987304687
2023-07-26 15:48:00.537580,5319418.0,5319867.0,94.83447184244791,94.83847192382812,96.7974678141276,96.80146789550781
2023-07-26 15:48:00.541562,5319419.0,5319868.0,94.83881990559897,94.84281994628905,96.80181587727864,96.80581591796876
2023-07-26 15:48:00.546550,5319420.0,5319869.0,94.8431679280599,94.84716796875,96.80616389973957,96.81016394042969
2023-07-26 15:48:00.550538,5319421.0,5319870.0,94.84751595052083,94.85151599121095,96.81051192220052,96.81451196289062
2023-07-26 15:48:00.554524,5319422.0,5319871.0,94.85186397298176,94.85586401367188,96.81485994466146,96.81885998535155
2023-07-26 15:48:00.559507,5319423.0,5319872.0,94.8562117919922,94.86021179199219,96.81920776367187,96.82320776367187
2023-07-26 15:48:00.563493,5319424.0,5319873.0,94.86055969238281,94.86455977376303,96.8235556640625,96.82755574544271
2023-07-26 15:48:00.567480,5319425.0,5319874.0,94.86490771484375,94.86890779622397,96.82790368652344,96.83190376790364
2023-07-26 15:48:00.572463,5319426.0,5319875.0,94.86925577799478,94.8732558186849,96.83225174967448,96.83625179036459
2023-07-26 15:48:00.576445,5319427.0,5319876.0,94.87360380045574,94.87760384114583,96.83659977213541,96.84059981282553
2023-07-26 15:48:00.580442,5319428.0,5319877.0,94.87795182291667,94.88195186360676,96.84095821126301,96.84495825195313
2023-07-26 15:48:00.585415,5319429.0,5319878.0,94.8822998453776,94.88629988606772,96.84529581705729,96.84929585774739
2023-07-26 15:48:00.589402,5319430.0,5319879.0,94.88664786783853,94.89064794921875,96.84964383951824,96.85364392089843
2023-07-26 15:48:00.594385,5319431.0,5319880.0,94.89099589029948,94.89499597167969,96.85399186197917,96.85799194335938
2023-07-26 15:48:00.598376,5319432.0,5319881.0,94.89534395345052,94.89934399414062,96.85833992513021,96.86233996582031
2023-07-26 15:48:00.602359,5319433.0,5319882.0,94.89969197591145,94.90369201660157,96.86268794759114,96.86668798828124
2023-07-26 15:48:00.607353,5319434.0,5319883.0,94.90403991699219,94.9080399169922,96.86703588867188,96.87103588867187
2023-07-26 15:48:00.611333,5319435.0,5319884.0,94.90838769531251,94.9123877360026,96.87138366699219,96.8753837076823
2023-07-26 15:48:00.615320,5319436.0,5319885.0,94.91273571777344,94.91673575846353,96.87573168945312,96.87973173014323
2023-07-26 15:48:00.620303,5319437.0,5319886.0,94.91708374023438,94.92108382161459,96.88007971191406,96.88407979329428
2023-07-26 15:48:00.624285,5319438.0,5319887.0,94.9214317626953,94.92543184407552,96.88442773437501,96.88842781575521
2023-07-26 15:48:00.629273,5319439.0,5319888.0,94.92577982584635,94.92977986653646,96.88877579752604,96.89277583821615
2023-07-26 15:48:00.633260,5319440.0,5319889.0,94.9301278483073,94.9341278889974,96.89312381998698,96.89712386067708
2023-07-26 15:48:00.637242,5319441.0,5319890.0,94.93447587076824,94.93847591145833,96.89747184244791,96.90147188313803
2023-07-26 15:48:00.642225,5319442.0,5319891.0,94.93882389322917,94.94282393391927,96.90181986490886,96.90581990559896
2023-07-26 15:48:00.646216,5319443.0,5319892.0,94.9431719156901,94.94717199707031,96.90616788736979,96.91016796874999
2023-07-26 15:48:00.650198,5319444.0,5319893.0,94.94751993815105,94.95152001953124,96.91051590983072,96.91451599121095
2023-07-26 15:48:00.655186,5319445.0,5319894.0,94.95186800130209,94.95586804199218,96.91486397298176,96.91886401367188
2023-07-26 15:48:00.659173,5319446.0,5319895.0,94.95621569824219,94.96021573893229,96.91921166992186,96.92321171061198
2023-07-26 15:48:00.663154,5319447.0,5319896.0,94.96056372070312,94.96456376139324,96.92355969238281,96.92755973307291
2023-07-26 15:48:00.668138,5319448.0,5319897.0,94.96491174316407,94.96891178385417,96.92790771484376,96.93190775553386
2023-07-26 15:48:00.672124,5319449.0,5319898.0,94.969259765625,94.9732598063151,96.93225573730469,96.93625577799479
2023-07-26 15:48:00.676112,5319450.0,5319899.0,94.97360778808594,94.97760786946615,96.93660375976562,96.94060384114583
2023-07-26 15:48:00.681145,5319451.0,5319900.0,94.97795581054687,94.98195589192709,96.94095178222656,96.94495186360676
2023-07-26 15:48:00.685140,5319452.0,5319901.0,94.98230387369792,94.98630391438802,96.9452998453776,96.94929988606772
2023-07-26 15:48:00.690065,5319453.0,5319902.0,94.98665189615886,94.99065193684895,96.94964786783854,96.95364790852865
2023-07-26 15:48:00.694058,5319454.0,5319903.0,94.99101033528646,94.99501037597656,96.95399589029948,96.95799593098958
2023-07-26 15:48:00.698043,5319455.0,5319904.0,94.99534794108072,94.99934798177084,96.95834391276043,96.96234395345051
2023-07-26 15:48:00.703026,5319456.0,5319905.0,94.99969596354165,95.00369604492188,96.96269193522136,96.96669201660156
2023-07-26 15:48:00.707012,5319457.0,5319906.0,95.0040438232422,95.00804382324219,96.96703979492187,96.97103979492188
2023-07-26 15:48:00.711000,5319458.0,5319907.0,95.00839168294272,95.01239176432293,96.97138765462239,96.9753877360026
2023-07-26 15:48:00.715984,5319459.0,5319908.0,95.01273974609374,95.01673978678386,96.97573571777343,96.97973575846353
2023-07-26 15:48:00.719965,5319460.0,5319909.0,95.01708776855469,95.02108780924479,96.98008374023438,96.98408378092448
2023-07-26 15:48:00.723956,5319461.0,5319910.0,95.02143579101563,95.02543583170572,96.98443176269531,96.98843180338542
2023-07-26 15:48:00.728939,5319462.0,5319911.0,95.02578385416668,95.02978385416668,96.98877978515624,96.99277982584636
2023-07-26 15:48:00.732921,5319463.0,5319912.0,95.0301318359375,95.03413191731771,96.9931278076172,96.9971278889974
2023-07-26 15:48:00.737905,5319464.0,5319913.0,95.03447985839844,95.03847993977865,96.99747583007813,97.00147591145833
2023-07-26 15:48:00.741896,5319465.0,5319914.0,95.03882792154947,95.04282796223958,97.00182389322917,97.00582393391927
2023-07-26 15:48:00.745878,5319466.0,5319915.0,95.04317594401041,95.04717598470052,97.0061719156901,97.0101719563802
2023-07-26 15:48:00.750861,5319467.0,5319916.0,95.04752396647136,95.05152400716146,97.01051993815103,97.01451997884115
2023-07-26 15:48:00.754852,5319468.0,5319917.0,95.05187194824218,95.05587194824218,97.01486791992188,97.01886791992187
2023-07-26 15:48:00.758834,5319469.0,5319918.0,95.05621968587239,95.0602197265625,97.01921565755208,97.02321569824218
2023-07-26 15:48:00.763822,5319470.0,5319919.0,95.06056770833334,95.06456778971354,97.02356368001301,97.02756376139324
2023-07-26 15:48:00.767805,5319471.0,5319920.0,95.06491573079427,95.06891581217448,97.02791170247396,97.03191178385417
2023-07-26 15:48:00.772792,5319472.0,5319921.0,95.06926379394531,95.07326383463541,97.032259765625,97.0362598063151
2023-07-26 15:48:00.776779,5319473.0,5319922.0,95.07361181640624,95.07761185709636,97.03660778808595,97.04060782877603
2023-07-26 15:48:00.780761,5319474.0,5319923.0,95.07795983886719,95.08195987955729,97.04095581054688,97.04495585123698
2023-07-26 15:48:00.785744,5319475.0,5319924.0,95.08230786132813,95.08630790201823,97.04530383300781,97.04930387369792
2023-07-26 15:48:00.789732,5319476.0,5319925.0,95.08665588378906,95.09065596516928,97.04965185546875,97.05365193684895
2023-07-26 15:48:00.793723,5319477.0,5319926.0,95.09100390625,95.09500398763021,97.05401029459635,97.05801037597656
2023-07-26 15:48:00.798707,5319478.0,5319927.0,95.09535196940104,95.09935201009114,97.05834794108073,97.06234798177084
2023-07-26 15:48:00.802693,5319479.0,5319928.0,95.09969999186198,95.10370003255208,97.06269596354166,97.06669600423177
2023-07-26 15:48:00.806680,5319480.0,5319929.0,95.10404772949218,95.10804772949218,97.06704370117187,97.07104370117187
2023-07-26 15:48:00.811662,5319481.0,5319930.0,95.10840612792968,95.11240616861978,97.07139168294272,97.0753917236328
2023-07-26 15:48:00.815644,5319482.0,5319931.0,95.11274373372395,95.11674377441406,97.07573970540365,97.07973974609374
2023-07-26 15:48:00.819636,5319483.0,5319932.0,95.1170917561849,95.1210918375651,97.08008772786458,97.08408780924479
2023-07-26 15:48:00.824619,5319484.0,5319933.0,95.12143977864584,95.12543986002605,97.08443575032551,97.08843583170572
2023-07-26 15:48:00.828601,5319485.0,5319934.0,95.12578784179688,95.12978788248698,97.08878381347657,97.09278385416667
2023-07-26 15:48:00.833584,5319486.0,5319935.0,95.13013586425782,95.13413590494791,97.0931318359375,97.09713187662761
2023-07-26 15:48:00.837575,5319487.0,5319936.0,95.13448388671875,95.13848392740886,97.09747985839844,97.10147989908855
2023-07-26 15:48:00.841557,5319488.0,5319937.0,95.13883190917969,95.1428319498698,97.10182788085937,97.10582792154948
2023-07-26 15:48:00.846549,5319489.0,5319938.0,95.14317993164062,95.14718001302083,97.10617590332032,97.11017598470052
2023-07-26 15:48:00.850530,5319490.0,5319939.0,95.14752795410156,95.15152803548177,97.11052392578125,97.11452400716146
2023-07-26 15:48:00.854521,5319491.0,5319940.0,95.15187585449219,95.15587585449218,97.11487182617188,97.11887182617188
2023-07-26 15:48:00.859502,5319492.0,5319941.0,95.1562237141927,95.16022375488281,97.1192196858724,97.1232197265625
2023-07-26 15:48:00.863488,5319493.0,5319942.0,95.16057173665365,95.16457177734375,97.12356770833334,97.12756774902344
2023-07-26 15:48:00.867471,5319494.0,5319943.0,95.16491975911458,95.16891979980468,97.12791573079427,97.13191577148437
2023-07-26 15:48:00.872458,5319495.0,5319944.0,95.16926778157553,95.17326782226561,97.1322637532552,97.13626379394532
2023-07-26 15:48:00.876441,5319496.0,5319945.0,95.17361580403646,95.17761588541666,97.13661177571615,97.14061185709636
2023-07-26 15:48:00.881428,5319497.0,5319946.0,95.17796382649739,95.18196390787762,97.14095979817708,97.14495987955729
2023-07-26 15:48:00.885415,5319498.0,5319947.0,95.18231188964843,95.18631193033855,97.14530786132813,97.14930790201822
2023-07-26 15:48:00.889397,5319499.0,5319948.0,95.18665991210938,95.19065995279948,97.14965588378907,97.15365592447917
2023-07-26 15:48:00.894385,5319500.0,5319949.0,95.19100793457031,95.19500797526041,97.15400390625,97.1580039469401
2023-07-26 15:48:00.898367,5319501.0,5319950.0,95.19535595703125,95.19935599772136,97.15835192871093,97.16235196940104
2023-07-26 15:48:00.902358,5319502.0,5319951.0,95.19970397949218,95.20370397949219,97.16269995117187,97.16669995117186
2023-07-26 15:48:00.907342,5319503.0,5319952.0,95.20405167643229,95.2080517578125,97.16704764811197,97.17104772949219
2023-07-26 15:48:00.911324,5319504.0,5319953.0,95.20839969889323,95.21239978027343,97.17139567057292,97.17540616861979
2023-07-26 15:48:00.915315,5319505.0,5319954.0,95.21274776204427,95.21674780273437,97.17574373372395,97.17974377441406
2023-07-26 15:48:00.920298,5319506.0,5319955.0,95.2170957845052,95.22109582519532,97.18009175618491,97.184091796875
2023-07-26 15:48:00.924285,5319507.0,5319956.0,95.22144380696614,95.22544384765625,97.18443977864584,97.18843981933593
2023-07-26 15:48:00.929264,5319508.0,5319957.0,95.2257918294271,95.22979187011718,97.18878780110677,97.19278784179689
2023-07-26 15:48:00.933255,5319509.0,5319958.0,95.23013985188803,95.23413993326824,97.1931358235677,97.19713590494791
2023-07-26 15:48:00.937237,5319510.0,5319959.0,95.23448787434896,95.23848795572917,97.19748384602865,97.20148392740886
2023-07-26 15:48:00.942225,5319511.0,5319960.0,95.2388359375,95.2428359781901,97.20183190917969,97.20583194986979
2023-07-26 15:48:00.946211,5319512.0,5319961.0,95.24318395996094,95.24718400065103,97.20617993164062,97.21017997233074
2023-07-26 15:48:00.950193,5319513.0,5319962.0,95.24753198242188,95.25153202311198,97.21052795410156,97.21452799479167
2023-07-26 15:48:00.955181,5319514.0,5319963.0,95.25187976074218,95.25587976074219,97.21487573242189,97.21887573242188
2023-07-26 15:48:00.959168,5319515.0,5319964.0,95.25622770182291,95.26022774251302,97.21922367350261,97.2232237141927
2023-07-26 15:48:00.964151,5319516.0,5319965.0,95.26057572428385,95.26457580566407,97.22357169596354,97.22757177734375
2023-07-26 15:48:00.968138,5319517.0,5319966.0,95.2649237467448,95.268923828125,97.22791971842447,97.23191979980469
2023-07-26 15:48:00.972120,5319518.0,5319967.0,95.26927180989583,95.27327185058594,97.23226778157552,97.23626782226562
2023-07-26 15:48:00.977103,5319519.0,5319968.0,95.27361983235677,95.27761987304687,97.23661580403646,97.24061584472656
2023-07-26 15:48:00.981095,5319520.0,5319969.0,95.2779678548177,95.28196789550782,97.24096382649739,97.2449638671875
2023-07-26 15:48:00.985081,5319521.0,5319970.0,95.28231587727865,95.28631591796875,97.24531184895834,97.24931188964844
2023-07-26 15:48:00.990064,5319522.0,5319971.0,95.28666389973958,95.29066398111979,97.24965987141927,97.25365995279948
2023-07-26 15:48:00.994046,5319523.0,5319972.0,95.29101192220051,95.29501200358074,97.25400789388021,97.25800797526041
2023-07-26 15:48:00.998038,5319524.0,5319973.0,95.29535998535155,95.29936002604167,97.25835595703126,97.26235599772134
2023-07-26 15:48:01.003017,5319525.0,5319974.0,95.2997078857422,95.30370788574218,97.26270385742187,97.26670385742187
2023-07-26 15:48:01.007003,5319526.0,5319975.0,95.3040557047526,95.30805574544272,97.26705167643229,97.27105171712239
2023-07-26 15:48:01.010990,5319527.0,5319976.0,95.30840372721354,95.31240376790365,97.27139969889323,97.27539973958334
2023-07-26 15:48:01.015977,5319528.0,5319977.0,95.31275174967448,95.31675179036458,97.27574772135416,97.27974776204427
2023-07-26 15:48:01.019965,5319529.0,5319978.0,95.3170997721354,95.32109985351562,97.28009574381511,97.28409582519532
2023-07-26 15:48:01.024942,5319530.0,5319979.0,95.32145821126302,95.32545829264322,97.28444376627604,97.28844384765625
2023-07-26 15:48:01.028932,5319531.0,5319980.0,95.3257958577474,95.32979589843751,97.28879182942708,97.29279187011718
2023-07-26 15:48:01.032918,5319532.0,5319981.0,95.33014388020833,95.33414392089844,97.29313985188803,97.29713989257812
2023-07-26 15:48:01.037909,5319533.0,5319982.0,95.33449190266927,95.33849194335937,97.29748787434896,97.30148791503906
2023-07-26 15:48:01.045874,5319534.0,5319983.0,95.33883992513022,95.3428399658203,97.30183589680989,97.3058359375
2023-07-26 15:48:01.050876,5319536.0,5319985.0,95.34753597005208,95.3515360107422,97.31053194173178,97.31453198242187
2023-07-26 15:48:01.054849,5319537.0,5319986.0,95.3518836669922,95.35588374837239,97.31487963867187,97.3188797200521
2023-07-26 15:48:01.058831,5319538.0,5319987.0,95.35623173014324,95.36023177083332,97.31922770182291,97.32322774251303
2023-07-26 15:48:01.063817,5319539.0,5319988.0,95.36057975260417,95.36457979329428,97.32357572428386,97.32757576497396
2023-07-26 15:48:01.067800,5319540.0,5319989.0,95.3649277750651,95.36892781575521,97.3279237467448,97.33192378743489
2023-07-26 15:48:01.071788,5319541.0,5319990.0,95.36927579752603,95.37327583821614,97.33227176920573,97.33627180989583
2023-07-26 15:48:01.076774,5319542.0,5319991.0,95.37362381998699,95.37762390136719,97.33661979166666,97.34061987304688
2023-07-26 15:48:01.080760,5319543.0,5319992.0,95.37797184244792,95.38197192382812,97.3409678141276,97.34496789550782
2023-07-26 15:48:01.085740,5319544.0,5319993.0,95.38231990559896,95.38631994628906,97.34531587727864,97.34931591796875
2023-07-26 15:48:01.089726,5319545.0,5319994.0,95.3866679280599,95.39066796875,97.34966389973958,97.35366394042968
2023-07-26 15:48:01.093712,5319546.0,5319995.0,95.39101595052084,95.39501599121094,97.35401192220051,97.35801196289063
2023-07-26 15:48:01.098701,5319547.0,5319996.0,95.39536397298177,95.39936401367187,97.35835994466146,97.36235998535156
2023-07-26 15:48:01.102687,5319548.0,5319997.0,95.39971179199219,95.4037117919922,97.36270776367186,97.36670776367187
2023-07-26 15:48:01.106669,5319549.0,5319998.0,95.4040596923828,95.40805977376303,97.3670556640625,97.3710557454427
2023-07-26 15:48:01.111657,5319550.0,5319999.0,95.40840771484376,95.41240779622396,97.37140368652344,97.37540376790365
2023-07-26 15:48:01.115639,5319551.0,5320000.0,95.41275577799479,95.41675581868489,97.37575174967448,97.37975179036458
2023-07-26 15:48:01.119627,5319552.0,5320001.0,95.41710380045573,95.42110384114584,97.38009977213541,97.38409981282553
2023-07-26 15:48:01.124609,5319553.0,5320002.0,95.42145182291667,95.42545186360677,97.38445821126302,97.38845825195312
2023-07-26 15:48:01.128596,5319554.0,5320003.0,95.4257998453776,95.42979988606771,97.3887958170573,97.3927958577474
2023-07-26 15:48:01.132755,5319555.0,5320004.0,95.43014786783854,95.43414794921874,97.39314383951823,97.39714392089844
2023-07-26 15:48:01.136858,5319556.0,5320005.0,95.43449589029949,95.43849597167969,97.39749186197916,97.40149194335937
2023-07-26 15:48:01.142328,5319557.0,5320006.0,95.43884395345052,95.44284399414063,97.40183992513022,97.4058399658203
2023-07-26 15:48:01.146601,5319558.0,5320007.0,95.44319197591145,95.44719201660156,97.40618794759115,97.41018798828124
2023-07-26 15:48:01.150711,5319559.0,5320008.0,95.4475399169922,95.45153991699219,97.41053588867187,97.41453588867188
2023-07-26 15:48:01.155085,5319560.0,5320009.0,95.45188769531251,95.45588773600261,97.41488366699218,97.4188837076823
2023-07-26 15:48:01.159655,5319561.0,5320010.0,95.45623571777344,95.46023575846354,97.41923168945311,97.42323173014323
2023-07-26 15:48:01.164079,5319562.0,5320011.0,95.46058374023437,95.46458382161458,97.42357971191407,97.42757979329427
2023-07-26 15:48:01.168129,5319563.0,5320012.0,95.46493176269531,95.46893184407551,97.427927734375,97.43192781575522
2023-07-26 15:48:01.171438,5319564.0,5320013.0,95.46927982584636,95.47327986653646,97.43227579752603,97.43627583821615
2023-07-26 15:48:01.177117,5319565.0,5320014.0,95.47362784830729,95.4776278889974,97.43662381998698,97.44062386067708
2023-07-26 15:48:01.180132,5319566.0,5320015.0,95.47797587076823,95.48197591145833,97.44097184244792,97.44497188313802
2023-07-26 15:48:01.185663,5319567.0,5320016.0,95.48232389322916,95.48632393391927,97.44531986490885,97.44931990559897
2023-07-26 15:48:01.189893,5319568.0,5320017.0,95.48667191569011,95.49067199707031,97.44966788736978,97.45366796875
2023-07-26 15:48:01.194110,5319569.0,5320018.0,95.49101993815104,95.49502001953125,97.45401590983072,97.45801599121094
2023-07-26 15:48:01.197558,5319570.0,5320019.0,95.49536800130208,95.49936804199218,97.45836397298177,97.46236401367187
2023-07-26 15:48:01.203222,5319571.0,5320020.0,95.49971569824218,95.50371573893229,97.46271166992187,97.46671171061197
2023-07-26 15:48:01.207603,5319572.0,5320021.0,95.50406372070313,95.50806376139323,97.4670596923828,97.47105973307292
2023-07-26 15:48:01.210603,5319573.0,5320022.0,95.50841174316406,95.51241178385418,97.47140771484375,97.47540775553385
2023-07-26 15:48:01.215045,5319574.0,5320023.0,95.51275976562499,95.51675980631511,97.4757557373047,97.47975577799478
2023-07-26 15:48:01.220617,5319575.0,5320024.0,95.51710778808594,95.52110786946615,97.48010375976563,97.48410384114582
2023-07-26 15:48:01.223637,5319576.0,5320025.0,95.52145581054688,95.52545589192708,97.48445178222656,97.48845186360677
2023-07-26 15:48:01.228079,5319577.0,5320026.0,95.52580387369792,95.52980391438803,97.4887998453776,97.49279988606771
2023-07-26 15:48:01.232582,5319578.0,5320027.0,95.53015189615886,95.53415193684896,97.49314786783854,97.49714790852865
2023-07-26 15:48:01.238046,5319579.0,5320028.0,95.53451033528646,95.53851037597656,97.49749589029949,97.50149593098958
2023-07-26 15:48:01.241046,5319580.0,5320029.0,95.53884794108072,95.54284798177083,97.50184391276042,97.50584395345052
2023-07-26 15:48:01.245470,5319581.0,5320030.0,95.54319596354166,95.54719604492188,97.50619193522135,97.51019201660156
2023-07-26 15:48:01.249864,5319582.0,5320031.0,95.5475438232422,95.5515438232422,97.51053979492187,97.51453979492187
2023-07-26 15:48:01.254174,5319583.0,5320032.0,95.55189168294271,95.55589176432292,97.5148876546224,97.5188877360026
2023-07-26 15:48:01.258463,5319584.0,5320033.0,95.55623974609374,95.56023978678385,97.51923571777344,97.52323575846353
2023-07-26 15:48:01.262944,5319585.0,5320034.0,95.5605877685547,95.56458780924478,97.52358374023437,97.52758378092449
2023-07-26 15:48:01.268201,5319586.0,5320035.0,95.56493579101563,95.56893583170573,97.5279317626953,97.53193180338542
2023-07-26 15:48:01.272265,5319587.0,5320036.0,95.56928381347656,95.57328385416668,97.53227978515625,97.53627982584635
2023-07-26 15:48:01.276717,5319588.0,5320037.0,95.5736318359375,95.5776319173177,97.5366278076172,97.5406278889974
2023-07-26 15:48:01.280974,5319589.0,5320038.0,95.57797985839845,95.58197993977865,97.54097583007812,97.54497591145834
2023-07-26 15:48:01.285543,5319590.0,5320039.0,95.58232792154948,95.5863279622396,97.54532389322917,97.54932393391927
2023-07-26 15:48:01.290250,5319591.0,5320040.0,95.58667594401041,95.59067598470052,97.54967191569011,97.5536719563802
2023-07-26 15:48:01.294461,5319592.0,5320041.0,95.59102396647135,95.59502400716146,97.55401993815104,97.55801997884116
2023-07-26 15:48:01.298501,5319593.0,5320042.0,95.59537194824217,95.59937194824218,97.55836791992188,97.56236791992188
2023-07-26 15:48:01.301915,5319594.0,5320043.0,95.5997196858724,95.60371972656249,97.56271565755208,97.56671569824219
2023-07-26 15:48:01.306346,5319595.0,5320044.0,95.60406770833333,95.60806778971354,97.567063680013,97.57106376139323
2023-07-26 15:48:01.310804,5319596.0,5320045.0,95.60841573079426,95.61241581217448,97.57141170247397,97.57541178385416
2023-07-26 15:48:01.315186,5319597.0,5320046.0,95.61276379394532,95.6167638346354,97.575759765625,97.57975980631511
2023-07-26 15:48:01.319423,5319598.0,5320047.0,95.61711181640625,95.62111185709635,97.58010778808594,97.58410782877604
2023-07-26 15:48:01.323815,5319599.0,5320048.0,95.62145983886718,95.6254598795573,97.58445585123697,97.58845585123697
2023-07-26 15:48:01.328242,5319600.0,5320049.0,95.62580786132813,95.62980790201823,97.58880383300782,97.59280387369792
2023-07-26 15:48:01.332560,5319601.0,5320050.0,95.63015588378907,95.63415596516927,97.59315185546875,97.59715193684896
2023-07-26 15:48:01.337770,5319602.0,5320051.0,95.63450390625,95.6385039876302,97.59751029459635,97.60151037597656
2023-07-26 15:48:01.342271,5319603.0,5320052.0,95.63885196940105,95.64285201009115,97.60184794108072,97.60584798177084
2023-07-26 15:48:01.346588,5319604.0,5320053.0,95.64319999186198,95.64720003255209,97.60619596354167,97.61019600423177
2023-07-26 15:48:01.350774,5319605.0,5320054.0,95.64754772949217,95.65154772949218,97.61054370117188,97.61454370117188
2023-07-26 15:48:01.355125,5319606.0,5320055.0,95.65190612792969,95.65590616861978,97.61489168294271,97.61889172363281
2023-07-26 15:48:01.359215,5319607.0,5320056.0,95.65624373372395,95.66024377441406,97.61923970540364,97.62323974609374
2023-07-26 15:48:01.363202,5319608.0,5320057.0,95.6605917561849,95.66459183756511,97.62358772786459,97.62758780924479
2023-07-26 15:48:01.372680,5319609.0,5320058.0,95.66493977864583,95.66893986002604,97.62793575032552,97.63193583170572
2023-07-26 15:48:01.376712,5319611.0,5320060.0,95.67363586425782,95.67763590494792,97.6366318359375,97.64063187662761
2023-07-26 15:48:01.380738,5319612.0,5320061.0,95.67798388671875,95.68198392740887,97.64097985839844,97.64497989908854
2023-07-26 15:48:01.384808,5319613.0,5320062.0,95.68233190917968,95.6863319498698,97.64532788085938,97.64932792154947
2023-07-26 15:48:01.389892,5319614.0,5320063.0,95.68667993164063,95.69068001302082,97.64967590332031,97.65367598470053
2023-07-26 15:48:01.393903,5319615.0,5320064.0,95.69102795410157,95.69502803548177,97.65402392578125,97.65802400716146
2023-07-26 15:48:01.398916,5319616.0,5320065.0,95.69537585449218,95.69937585449219,97.65837182617187,97.66237182617188
2023-07-26 15:48:01.403010,5319617.0,5320066.0,95.6997237141927,95.70372375488282,97.6627196858724,97.66671972656249
2023-07-26 15:48:01.407060,5319618.0,5320067.0,95.70407173665365,95.70807177734375,97.66706770833333,97.67106774902345
2023-07-26 15:48:01.411076,5319619.0,5320068.0,95.70841975911459,95.71241979980468,97.67141573079427,97.67541577148438
2023-07-26 15:48:01.416132,5319620.0,5320069.0,95.71276778157552,95.71676782226562,97.6757637532552,97.67976379394531
2023-07-26 15:48:01.420170,5319621.0,5320070.0,95.71711580403645,95.72111588541667,97.68011177571616,97.68411185709635
2023-07-26 15:48:01.424175,5319622.0,5320071.0,95.72146382649738,95.72546390787761,97.68445979817709,97.68845987955729
2023-07-26 15:48:01.429188,5319623.0,5320072.0,95.72581188964844,95.72981193033854,97.68880786132813,97.69280790201823
2023-07-26 15:48:01.433230,5319624.0,5320073.0,95.73015991210937,95.73415995279949,97.69315588378906,97.69715592447916
2023-07-26 15:48:01.437267,5319625.0,5320074.0,95.7345079345703,95.73850797526042,97.69750390625,97.7015039469401
2023-07-26 15:48:01.441303,5319626.0,5320075.0,95.73885595703125,95.74285599772135,97.70185192871094,97.70585196940104
2023-07-26 15:48:01.446385,5319627.0,5320076.0,95.7432039794922,95.74720397949218,97.70619995117187,97.71019995117187
2023-07-26 15:48:01.450417,5319628.0,5320077.0,95.7475516764323,95.75155175781249,97.71054764811197,97.71454772949218
2023-07-26 15:48:01.454467,5319629.0,5320078.0,95.75189969889323,95.75589978027344,97.71489567057293,97.71890616861978
2023-07-26 15:48:01.459517,5319630.0,5320079.0,95.75624776204427,95.76024780273438,97.71924373372396,97.72324377441406
2023-07-26 15:48:01.463597,5319631.0,5320080.0,95.7605957845052,95.76459582519531,97.7235917561849,97.727591796875
2023-07-26 15:48:01.467622,5319632.0,5320081.0,95.76494380696614,95.76894384765625,97.72793977864583,97.73193981933593
2023-07-26 15:48:01.472686,5319633.0,5320082.0,95.76929182942709,95.77329187011719,97.73228780110676,97.73628784179688
2023-07-26 15:48:01.476693,5319634.0,5320083.0,95.77363985188802,95.77763993326823,97.73663582356771,97.74063590494791
2023-07-26 15:48:01.480756,5319635.0,5320084.0,95.77798787434895,95.78198795572916,97.74098384602866,97.74498392740885
2023-07-26 15:48:01.485801,5319636.0,5320085.0,95.78233593750001,95.7863359781901,97.74533190917968,97.7493319498698
2023-07-26 15:48:01.489804,5319637.0,5320086.0,95.78668395996094,95.79068400065104,97.74967993164061,97.75367997233073
2023-07-26 15:48:01.493790,5319638.0,5320087.0,95.79103198242187,95.79503202311199,97.75402795410157,97.75802799479166
2023-07-26 15:48:01.498772,5319639.0,5320088.0,95.7953797607422,95.79937976074218,97.75837573242188,97.76237573242189
2023-07-26 15:48:01.502759,5319640.0,5320089.0,95.79972770182292,95.80372774251302,97.7627236735026,97.76672371419271
2023-07-26 15:48:01.507743,5319641.0,5320090.0,95.80407572428386,95.80807580566407,97.76707169596354,97.77107177734375
2023-07-26 15:48:01.511730,5319642.0,5320091.0,95.8084237467448,95.812423828125,97.77141971842448,97.77541979980468
2023-07-26 15:48:01.515716,5319643.0,5320092.0,95.81277180989582,95.81677185058594,97.77576778157552,97.77976782226563
2023-07-26 15:48:01.519715,5319644.0,5320093.0,95.81711983235677,95.82111987304687,97.78011580403646,97.78411584472657
2023-07-26 15:48:01.524690,5319645.0,5320094.0,95.82146785481771,95.82546789550781,97.78446382649739,97.7884638671875
2023-07-26 15:48:01.528673,5319646.0,5320095.0,95.82581587727864,95.82981591796876,97.78881184895833,97.79281188964843
2023-07-26 15:48:01.532660,5319647.0,5320096.0,95.83016389973957,95.83416398111979,97.79315987141928,97.79715995279948
2023-07-26 15:48:01.537642,5319648.0,5320097.0,95.83451192220052,95.83851200358073,97.79750789388021,97.80150797526042
2023-07-26 15:48:01.541629,5319649.0,5320098.0,95.83885998535156,95.84286002604166,97.80185595703125,97.80585599772135
2023-07-26 15:48:01.546613,5319650.0,5320099.0,95.84320788574219,95.8472078857422,97.80620385742186,97.81020385742187
2023-07-26 15:48:01.550600,5319651.0,5320100.0,95.8475557047526,95.85155574544271,97.8105516764323,97.81455171712238
2023-07-26 15:48:01.554586,5319652.0,5320101.0,95.85190372721355,95.85590376790364,97.81489969889323,97.81889973958334
2023-07-26 15:48:01.559568,5319653.0,5320102.0,95.85625174967448,95.86025179036457,97.81924772135416,97.82324776204428
2023-07-26 15:48:01.563556,5319654.0,5320103.0,95.86059977213542,95.86459985351563,97.8235957438151,97.82759582519532
2023-07-26 15:48:01.567543,5319655.0,5320104.0,95.86495821126302,95.86895829264323,97.82794376627605,97.83194384765625
2023-07-26 15:48:01.572526,5319656.0,5320105.0,95.86929585774739,95.8732958984375,97.83229182942709,97.8362918701172
2023-07-26 15:48:01.576513,5319657.0,5320106.0,95.87364388020833,95.87764392089844,97.83663985188802,97.84063989257812
2023-07-26 15:48:01.581500,5319658.0,5320107.0,95.87799190266928,95.88199194335937,97.84098787434895,97.84498791503907
2023-07-26 15:48:01.585482,5319659.0,5320108.0,95.88233992513021,95.88633996582031,97.84533589680989,97.8493359375
2023-07-26 15:48:01.589469,5319660.0,5320109.0,95.88668794759114,95.89068802897135,97.84968391927083,97.85368400065103
2023-07-26 15:48:01.594457,5319661.0,5320110.0,95.89103597005209,95.89503601074219,97.85403194173178,97.85803198242188
2023-07-26 15:48:01.598440,5319662.0,5320111.0,95.89538366699219,95.8993837483724,97.85837963867186,97.86237972005209
2023-07-26 15:48:01.602426,5319663.0,5320112.0,95.89973173014323,95.90373177083333,97.8627277018229,97.86672774251302
2023-07-26 15:48:01.607409,5319664.0,5320113.0,95.90407975260416,95.90807979329428,97.86707572428386,97.87107576497395
2023-07-26 15:48:01.611396,5319665.0,5320114.0,95.9084277750651,95.91242781575521,97.8714237467448,97.8754237874349
2023-07-26 15:48:01.615384,5319666.0,5320115.0,95.91277583821615,95.91677583821614,97.87577176920573,97.87977180989583
2023-07-26 15:48:01.620365,5319667.0,5320116.0,95.91712381998698,95.9211239013672,97.88011979166666,97.88411987304687
2023-07-26 15:48:01.624352,5319668.0,5320117.0,95.92147184244791,95.92547192382813,97.8844678141276,97.88846789550782
2023-07-26 15:48:01.628339,5319669.0,5320118.0,95.92581990559896,95.92981994628906,97.88881587727865,97.89281591796876
2023-07-26 15:48:01.633322,5319670.0,5320119.0,95.9301679280599,95.93416796874999,97.89316389973958,97.89716394042969
2023-07-26 15:48:01.637309,5319671.0,5320120.0,95.93451595052083,95.93851599121095,97.89751192220051,97.90151196289062
2023-07-26 15:48:01.642296,5319672.0,5320121.0,95.93886397298176,95.94286401367188,97.90185994466147,97.90585998535155
2023-07-26 15:48:01.646278,5319673.0,5320122.0,95.94321179199218,95.94721179199219,97.90620776367187,97.91020776367186
2023-07-26 15:48:01.650265,5319674.0,5320123.0,95.94755969238281,95.95155977376302,97.9105556640625,97.91455574544271
2023-07-26 15:48:01.655249,5319675.0,5320124.0,95.95190771484376,95.95590779622397,97.91490368652343,97.91890376790364
2023-07-26 15:48:01.659235,5319676.0,5320125.0,95.95625577799478,95.9602558186849,97.91925174967449,97.92325179036457
2023-07-26 15:48:01.663222,5319677.0,5320126.0,95.96060380045573,95.96460384114583,97.92359977213542,97.92759981282552
2023-07-26 15:48:01.668205,5319678.0,5320127.0,95.96495182291667,95.96895186360676,97.92795821126302,97.93195825195313
2023-07-26 15:48:01.672192,5319679.0,5320128.0,95.9692998453776,95.97329988606771,97.9322958170573,97.9362958577474
2023-07-26 15:48:01.676179,5319680.0,5320129.0,95.97364786783854,95.97764794921875,97.93664383951824,97.94064392089844
2023-07-26 15:48:01.681162,5319681.0,5320130.0,95.97799589029948,95.9819959716797,97.94099186197917,97.94499194335937
2023-07-26 15:48:01.685149,5319682.0,5320131.0,95.98234395345051,95.98634399414063,97.94533992513021,97.94933996582031
2023-07-26 15:48:01.689136,5319683.0,5320132.0,95.98669197591146,95.99069201660156,97.94968794759114,97.95368798828125
2023-07-26 15:48:01.694118,5319684.0,5320133.0,95.9910399169922,95.9950399169922,97.95403588867187,97.95803588867187
2023-07-26 15:48:01.698105,5319685.0,5320134.0,95.9953876953125,95.9993877360026,97.95838366699219,97.96238370768229
2023-07-26 15:48:01.703088,5319686.0,5320135.0,95.99973571777343,96.00373575846353,97.96273168945312,97.96673173014322
2023-07-26 15:48:01.707075,5319687.0,5320136.0,96.00408374023438,96.00808382161458,97.96707971191407,97.97107979329428
2023-07-26 15:48:01.711062,5319688.0,5320137.0,96.00843176269531,96.01243184407552,97.971427734375,97.97542781575521
2023-07-26 15:48:01.716045,5319689.0,5320138.0,96.01277982584635,96.01677986653647,97.97577579752604,97.97977583821614
2023-07-26 15:48:01.720032,5319690.0,5320139.0,96.01712784830728,96.0211278889974,97.98012381998699,97.98412386067707
2023-07-26 15:48:01.724019,5319691.0,5320140.0,96.02147587076824,96.02547591145833,97.98447184244792,97.98847188313803
2023-07-26 15:48:01.729001,5319692.0,5320141.0,96.02582389322917,96.02982393391927,97.98881986490885,97.99281990559896
2023-07-26 15:48:01.732989,5319693.0,5320142.0,96.0301719156901,96.03417199707032,97.9931678873698,97.99716796874999
2023-07-26 15:48:01.736975,5319694.0,5320143.0,96.03451993815104,96.03852001953125,97.99751590983072,98.00151599121094
2023-07-26 15:48:01.741958,5319695.0,5320144.0,96.03886800130208,96.04286804199218,98.00186397298177,98.00586401367188
2023-07-26 15:48:01.745945,5319696.0,5320145.0,96.0432156982422,96.04721573893228,98.00621166992187,98.01021171061198
2023-07-26 15:48:01.750928,5319697.0,5320146.0,96.04756372070312,96.05156376139324,98.0105596923828,98.01455973307291
2023-07-26 15:48:01.754919,5319698.0,5320147.0,96.05191174316406,96.05591178385417,98.01490771484376,98.01890775553385
2023-07-26 15:48:01.758902,5319699.0,5320148.0,96.056259765625,96.0602598063151,98.01925573730469,98.02325577799479
2023-07-26 15:48:01.763884,5319700.0,5320149.0,96.06060778808595,96.06460786946614,98.02360375976562,98.02760384114583
2023-07-26 15:48:01.767872,5319701.0,5320150.0,96.06495581054688,96.06895589192709,98.02795178222655,98.03195186360676
2023-07-26 15:48:01.776842,5319702.0,5320151.0,96.06930387369792,96.07330391438802,98.03229984537761,98.03629988606771
2023-07-26 15:48:01.780832,5319704.0,5320153.0,96.07801033528646,96.08201037597655,98.04099589029948,98.04499593098959
2023-07-26 15:48:01.784815,5319705.0,5320154.0,96.08234794108073,96.08634798177084,98.04534391276042,98.04934395345052
2023-07-26 15:48:01.789797,5319706.0,5320155.0,96.08669596354166,96.09069604492188,98.04969193522136,98.05369201660156
2023-07-26 15:48:01.793785,5319707.0,5320156.0,96.09104382324219,96.0950438232422,98.05403979492188,98.05803979492188
2023-07-26 15:48:01.797771,5319708.0,5320157.0,96.09539168294272,96.09939176432292,98.0583876546224,98.0623877360026
2023-07-26 15:48:01.802756,5319709.0,5320158.0,96.09973974609375,96.10373978678385,98.06273571777344,98.06673575846354
2023-07-26 15:48:01.806742,5319710.0,5320159.0,96.10408776855469,96.1080878092448,98.06708374023437,98.07108378092448
2023-07-26 15:48:01.815710,5319711.0,5320160.0,96.10843579101562,96.11243583170572,98.07143176269531,98.07543180338541
2023-07-26 15:48:01.819698,5319713.0,5320162.0,96.1171318359375,96.12113191731771,98.08012780761719,98.0841278889974
2023-07-26 15:48:01.824681,5319714.0,5320163.0,96.12147985839844,96.12547993977866,98.08447583007812,98.08847591145833
2023-07-26 15:48:01.833656,5319715.0,5320164.0,96.12582792154947,96.12982796223959,98.08882389322918,98.09282393391926
2023-07-26 15:48:01.837642,5319717.0,5320166.0,96.13452396647136,96.13852400716145,98.09751993815104,98.10151997884115
2023-07-26 15:48:01.841629,5319718.0,5320167.0,96.13887194824218,96.14287194824219,98.10186791992187,98.10586791992188
2023-07-26 15:48:01.846609,5319719.0,5320168.0,96.1432196858724,96.1472197265625,98.10621565755208,98.11021569824219
2023-07-26 15:48:01.850595,5319720.0,5320169.0,96.14756770833333,96.15156778971354,98.11056368001302,98.11456376139324
2023-07-26 15:48:01.855578,5319721.0,5320170.0,96.15191573079427,96.15591581217447,98.11491170247396,98.11891178385417
2023-07-26 15:48:01.859564,5319722.0,5320171.0,96.15626379394531,96.16026383463542,98.11925976562499,98.1232598063151
2023-07-26 15:48:01.863552,5319723.0,5320172.0,96.16061181640625,96.16461185709636,98.12360778808595,98.12760782877604
2023-07-26 15:48:01.868535,5319724.0,5320173.0,96.16495983886718,96.16895987955729,98.12795581054688,98.13195585123697
2023-07-26 15:48:01.872521,5319725.0,5320174.0,96.16930786132814,96.17330790201822,98.13230383300781,98.13630387369793
2023-07-26 15:48:01.877504,5319726.0,5320175.0,96.17365592447916,96.17765596516928,98.13665185546874,98.14065193684895
2023-07-26 15:48:01.881491,5319727.0,5320176.0,96.17800390625,96.18200398763021,98.14101029459636,98.14501037597655
2023-07-26 15:48:01.886476,5319728.0,5320177.0,96.18235196940104,96.18635201009114,98.14534794108073,98.14934798177083
2023-07-26 15:48:01.894450,5319729.0,5320178.0,96.18669999186199,96.19070003255209,98.14969596354166,98.15369600423178
2023-07-26 15:48:01.898437,5319731.0,5320180.0,96.19540612792969,96.19940616861979,98.15839168294272,98.16239172363281
2023-07-26 15:48:01.902421,5319732.0,5320181.0,96.19974373372395,96.20374377441406,98.16273970540365,98.16673974609374
2023-07-26 15:48:01.907405,5319733.0,5320182.0,96.2040917561849,96.2080918375651,98.16708772786458,98.1710878092448
2023-07-26 15:48:01.911391,5319734.0,5320183.0,96.20843977864584,96.21243986002604,98.17143575032551,98.17543583170573
2023-07-26 15:48:01.916374,5319735.0,5320184.0,96.21278784179688,96.21678788248698,98.17578381347656,98.17978385416667
2023-07-26 15:48:01.920361,5319736.0,5320185.0,96.21713586425781,96.22113590494791,98.1801318359375,98.1841318766276
2023-07-26 15:48:01.925344,5319737.0,5320186.0,96.22148388671874,96.22548392740886,98.18447985839845,98.18847989908853
2023-07-26 15:48:01.929331,5319738.0,5320187.0,96.22583190917969,96.22983194986979,98.18882788085938,98.19282792154948
2023-07-26 15:48:01.937304,5319739.0,5320188.0,96.23017993164062,96.23418001302083,98.19317590332031,98.19717598470052
2023-07-26 15:48:01.942291,5319741.0,5320190.0,96.23887585449218,96.24287585449218,98.20187182617188,98.20587182617187
2023-07-26 15:48:01.946274,5319742.0,5320191.0,96.24322371419271,96.24722375488281,98.2062196858724,98.2102197265625
2023-07-26 15:48:01.955244,5319743.0,5320192.0,96.24757173665365,96.25157177734374,98.21056770833333,98.21456774902344
2023-07-26 15:48:01.959239,5319745.0,5320194.0,96.25626778157552,96.26026782226562,98.2192637532552,98.2232637939453
2023-07-26 15:48:01.963218,5319746.0,5320195.0,96.26061580403645,96.26461588541666,98.22361177571615,98.22761185709636
2023-07-26 15:48:01.968201,5319747.0,5320196.0,96.2649638264974,96.2689639078776,98.22795979817708,98.2319598795573
2023-07-26 15:48:01.972187,5319748.0,5320197.0,96.26931188964843,96.27331193033855,98.23230786132812,98.23630790201823
2023-07-26 15:48:01.977171,5319749.0,5320198.0,96.27365991210937,96.27765995279948,98.23665588378907,98.24065592447916
2023-07-26 15:48:01.981157,5319750.0,5320199.0,96.27800793457031,96.28200797526041,98.24100390625,98.2450039469401
2023-07-26 15:48:01.985143,5319751.0,5320200.0,96.28235595703126,96.28635599772134,98.24535192871093,98.24935196940105
2023-07-26 15:48:01.989131,5319752.0,5320201.0,96.28670397949219,96.29070397949219,98.24969995117186,98.25369995117187
2023-07-26 15:48:01.994114,5319753.0,5320202.0,96.29105167643229,96.2950517578125,98.25404764811198,98.25804772949218
2023-07-26 15:48:01.998100,5319754.0,5320203.0,96.29539969889323,96.29939978027343,98.25839567057292,98.26240616861979
2023-07-26 15:48:02.003085,5319755.0,5320204.0,96.29974776204428,96.30374780273438,98.26274373372395,98.26674377441407
2023-07-26 15:48:02.007070,5319756.0,5320205.0,96.30409578450521,96.30809582519532,98.2670917561849,98.271091796875
2023-07-26 15:48:02.012054,5319757.0,5320206.0,96.30844380696614,96.31244384765625,98.27143977864584,98.27543981933593
2023-07-26 15:48:02.020030,5319758.0,5320207.0,96.31279182942708,96.31679187011719,98.27578780110677,98.27978784179689
2023-07-26 15:48:02.024017,5319760.0,5320209.0,96.32148787434896,96.32548795572916,98.28448384602865,98.28848392740886
2023-07-26 15:48:02.029001,5319761.0,5320210.0,96.3258359375,96.3298359781901,98.28883190917968,98.2928319498698
2023-07-26 15:48:02.032986,5319762.0,5320211.0,96.33018395996093,96.33418400065104,98.29317993164062,98.29717997233072
2023-07-26 15:48:02.037967,5319763.0,5320212.0,96.33453198242188,96.33853202311198,98.29752795410157,98.30152799479167
2023-07-26 15:48:02.041953,5319764.0,5320213.0,96.33887976074219,96.34287976074219,98.30187573242188,98.30587573242188
2023-07-26 15:48:02.050937,5319765.0,5320214.0,96.34322770182291,96.34722774251303,98.3062236735026,98.3102237141927
2023-07-26 15:48:02.054913,5319767.0,5320216.0,96.3519237467448,96.355923828125,98.31491971842448,98.31891979980469
2023-07-26 15:48:02.059898,5319768.0,5320217.0,96.35627180989583,96.36027185058593,98.31926778157552,98.32326782226562
2023-07-26 15:48:02.063880,5319769.0,5320218.0,96.36061983235678,96.36461987304688,98.32361580403645,98.32761584472657
2023-07-26 15:48:02.071854,5319770.0,5320219.0,96.3649678548177,96.36896789550782,98.3279638264974,98.3319638671875
2023-07-26 15:48:02.076840,5319772.0,5320221.0,96.37366389973958,96.37766398111978,98.33665987141927,98.34065995279948
2023-07-26 15:48:02.081820,5319773.0,5320222.0,96.37801192220051,96.38201200358074,98.3410078938802,98.34500797526042
2023-07-26 15:48:02.089793,5319774.0,5320223.0,96.38235998535156,96.38636002604167,98.34535595703124,98.34935599772135
2023-07-26 15:48:02.093779,5319776.0,5320225.0,96.3910557047526,96.3950557454427,98.35405167643229,98.3580517171224
2023-07-26 15:48:02.102749,5319777.0,5320226.0,96.39540372721355,96.39940376790365,98.35839969889322,98.36239973958334
2023-07-26 15:48:02.106735,5319779.0,5320228.0,96.40409977213541,96.40809985351562,98.36709574381511,98.37109582519531
2023-07-26 15:48:02.111720,5319780.0,5320229.0,96.40845821126302,96.41245829264322,98.37144376627604,98.37544384765626
2023-07-26 15:48:02.115706,5319781.0,5320230.0,96.4127958577474,96.4167958984375,98.37579182942709,98.37979187011719
2023-07-26 15:48:02.124676,5319782.0,5320231.0,96.41714388020833,96.42114392089844,98.38013985188803,98.38413989257812
2023-07-26 15:48:02.128662,5319784.0,5320233.0,96.4258399251302,96.4298399658203,98.3888358968099,98.39283593750001
2023-07-26 15:48:02.133646,5319785.0,5320234.0,96.43018794759115,96.43418802897135,98.39318391927083,98.39718400065104
2023-07-26 15:48:02.137633,5319786.0,5320235.0,96.43453597005208,96.4385360107422,98.39753194173177,98.40153198242187
2023-07-26 15:48:02.146603,5319787.0,5320236.0,96.43888366699218,96.4428837483724,98.40187963867187,98.40587972005208
2023-07-26 15:48:02.150588,5319789.0,5320238.0,96.44757975260417,96.45157979329427,98.41057572428386,98.41457576497396
2023-07-26 15:48:02.155573,5319790.0,5320239.0,96.4519277750651,96.45592781575522,98.41492374674479,98.41892378743489
2023-07-26 15:48:02.163547,5319791.0,5320240.0,96.45627579752603,96.46027583821615,98.41927176920574,98.42327180989582
2023-07-26 15:48:02.167536,5319793.0,5320242.0,96.46497184244792,96.46897192382812,98.4279678141276,98.43196789550782
2023-07-26 15:48:02.176503,5319794.0,5320243.0,96.46931990559897,96.47331994628905,98.43231587727864,98.43631591796876
2023-07-26 15:48:02.181485,5319796.0,5320245.0,96.47801595052083,96.48201599121094,98.44101192220052,98.44501196289062
2023-07-26 15:48:02.189468,5319797.0,5320246.0,96.48236397298176,96.48636401367187,98.44535994466146,98.44935998535156
2023-07-26 15:48:02.194446,5319799.0,5320248.0,96.4910596923828,96.49505977376303,98.4540556640625,98.4580557454427
2023-07-26 15:48:02.202416,5319800.0,5320249.0,96.49540771484375,96.49940779622396,98.45840368652344,98.46240376790364
2023-07-26 15:48:02.211386,5319802.0,5320251.0,96.50410380045574,96.50810384114583,98.46709977213541,98.47109981282553
2023-07-26 15:48:02.215373,5319804.0,5320253.0,96.5127998453776,96.51679988606772,98.4757958170573,98.47979585774739
2023-07-26 15:48:02.224343,5319805.0,5320254.0,96.51714786783853,96.52114794921874,98.48014383951823,98.48414392089845
2023-07-26 15:48:02.229329,5319807.0,5320256.0,96.52584395345052,96.52984399414063,98.48883992513021,98.49283996582031
2023-07-26 15:48:02.233313,5319808.0,5320257.0,96.53019197591145,96.53419201660157,98.49318794759115,98.49718798828124
2023-07-26 15:48:02.242283,5319809.0,5320258.0,96.53453991699219,96.53853991699219,98.49753588867188,98.50153588867187
2023-07-26 15:48:02.246272,5319811.0,5320260.0,96.54323571777344,96.54723575846353,98.50623168945312,98.51023173014323
2023-07-26 15:48:02.255240,5319812.0,5320261.0,96.54758374023437,96.55158382161459,98.51057971191406,98.51457979329427
2023-07-26 15:48:02.259224,5319814.0,5320263.0,96.55627982584636,96.56027986653646,98.51927579752603,98.52327583821615
2023-07-26 15:48:02.268195,5319815.0,5320264.0,96.56062784830729,96.5646278889974,98.52362381998698,98.52762386067708
2023-07-26 15:48:02.272181,5319817.0,5320266.0,96.56932389322917,96.57332393391927,98.53231986490886,98.53631990559896
2023-07-26 15:48:02.277165,5319818.0,5320267.0,96.57367191569011,96.57767199707031,98.53666788736979,98.54066796875
2023-07-26 15:48:02.285139,5319819.0,5320268.0,96.57801993815104,96.58202001953124,98.54101590983072,98.54501599121095
2023-07-26 15:48:02.290121,5319821.0,5320270.0,96.58671569824219,96.59071573893229,98.54971166992188,98.55371171061198
2023-07-26 15:48:02.298096,5319822.0,5320271.0,96.59106372070312,96.59506376139323,98.55405969238281,98.55805973307292
2023-07-26 15:48:02.303083,5319824.0,5320273.0,96.599759765625,96.60375980631511,98.56275573730468,98.56675577799479
2023-07-26 15:48:02.311052,5319825.0,5320274.0,96.60410778808594,96.60810786946615,98.56710375976562,98.57110384114583
2023-07-26 15:48:02.316038,5319827.0,5320276.0,96.61280387369793,96.61680391438802,98.5757998453776,98.57979988606772
2023-07-26 15:48:02.325005,5319828.0,5320277.0,96.61715189615886,96.62115193684896,98.58014786783853,98.58414790852865
2023-07-26 15:48:02.328995,5319830.0,5320279.0,96.62584794108072,96.62984798177084,98.58884391276042,98.59284395345051
2023-07-26 15:48:02.337962,5319831.0,5320280.0,96.63019596354167,96.63419604492188,98.59319193522136,98.59719201660157
2023-07-26 15:48:02.341952,5319833.0,5320282.0,96.63889168294271,96.64289176432293,98.6018876546224,98.6058877360026
2023-07-26 15:48:02.350919,5319834.0,5320283.0,96.64323974609374,96.64723978678386,98.60623571777344,98.61023575846353
2023-07-26 15:48:02.354904,5319836.0,5320285.0,96.65193579101563,96.65593583170572,98.6149317626953,98.61893180338542
2023-07-26 15:48:02.363875,5319837.0,5320286.0,96.65628381347656,96.66028385416668,98.61927978515624,98.62327982584635
2023-07-26 15:48:02.367860,5319839.0,5320288.0,96.66497985839844,96.66897993977865,98.62797583007813,98.63197591145833
2023-07-26 15:48:02.376832,5319840.0,5320289.0,96.66932792154948,96.67332796223958,98.63232389322917,98.63632393391927
2023-07-26 15:48:02.380817,5319842.0,5320291.0,96.67802396647136,96.68202400716146,98.64101993815105,98.64501997884115
2023-07-26 15:48:02.389789,5319843.0,5320292.0,96.68237194824218,96.68637194824218,98.64536791992188,98.64936791992187
2023-07-26 15:48:02.393782,5319845.0,5320294.0,96.69106770833334,96.69506778971353,98.65406368001301,98.65806376139324
2023-07-26 15:48:02.402745,5319846.0,5320295.0,96.69541573079427,96.69941581217448,98.65841170247397,98.66241178385417
2023-07-26 15:48:02.406735,5319848.0,5320297.0,96.70411181640624,96.70811185709636,98.66710778808594,98.67110782877604
2023-07-26 15:48:02.415702,5319849.0,5320298.0,96.70845983886718,96.71245987955729,98.67145581054687,98.67545585123698
2023-07-26 15:48:02.420688,5319851.0,5320300.0,96.71715588378906,96.72115596516927,98.68015185546875,98.68415193684895
2023-07-26 15:48:02.428658,5319852.0,5320301.0,96.72150390625,96.7255039876302,98.68451029459635,98.68851037597656
2023-07-26 15:48:02.433644,5319854.0,5320303.0,96.73019999186198,96.7342000325521,98.69319596354165,98.69719600423177
2023-07-26 15:48:02.441614,5319855.0,5320304.0,96.73454772949218,96.73854772949218,98.69754370117188,98.70154370117187
2023-07-26 15:48:02.446601,5319857.0,5320306.0,96.74324373372396,96.74724377441406,98.70623970540365,98.71023974609375
2023-07-26 15:48:02.454571,5319858.0,5320307.0,96.7475917561849,96.7515918375651,98.71058772786458,98.71458780924479
2023-07-26 15:48:02.459557,5319860.0,5320309.0,96.75628784179688,96.76028788248698,98.71928381347657,98.72328385416667
2023-07-26 15:48:02.468531,5319861.0,5320310.0,96.76063586425782,96.76463590494791,98.7236318359375,98.72763187662761
2023-07-26 15:48:02.472514,5319863.0,5320312.0,96.76933190917968,96.7733319498698,98.73232788085937,98.73632792154947
2023-07-26 15:48:02.481481,5319864.0,5320313.0,96.77367993164061,96.77768001302083,98.73667590332032,98.74067598470052
2023-07-26 15:48:02.485471,5319866.0,5320315.0,96.78237585449219,96.78637585449219,98.74537182617188,98.74937182617188
2023-07-26 15:48:02.494438,5319867.0,5320316.0,96.7867237141927,96.79072375488282,98.74971968587239,98.7537197265625
2023-07-26 15:48:02.498423,5319869.0,5320318.0,96.7954197591146,96.79941979980468,98.75841573079427,98.76241577148438
2023-07-26 15:48:02.507395,5319870.0,5320319.0,96.79976778157553,96.80376782226561,98.7627637532552,98.76676379394532
2023-07-26 15:48:02.511379,5319872.0,5320321.0,96.80846382649739,96.81246390787761,98.77145979817709,98.77545987955729
2023-07-26 15:48:02.520351,5319873.0,5320322.0,96.81281188964843,96.81681193033855,98.77580786132813,98.77980790201823
2023-07-26 15:48:02.524337,5319875.0,5320324.0,96.8215079345703,96.82550797526042,98.78450390625,98.7885039469401
2023-07-26 15:48:02.533307,5319876.0,5320325.0,96.82585595703125,96.82985599772135,98.78885192871093,98.79285196940104
2023-07-26 15:48:02.537300,5319878.0,5320327.0,96.8345516764323,96.8385517578125,98.79754764811197,98.80154772949219
2023-07-26 15:48:02.546265,5319879.0,5320328.0,96.83889969889323,96.84289978027344,98.80189567057292,98.80590616861979
2023-07-26 15:48:02.555235,5319881.0,5320330.0,96.8475957845052,96.85159582519532,98.8105917561849,98.81459179687499
2023-07-26 15:48:02.563207,5319883.0,5320332.0,96.8562918294271,96.86029187011718,98.81928780110677,98.82328784179688
2023-07-26 15:48:02.572178,5319885.0,5320334.0,96.86498787434896,96.86898795572917,98.82798384602866,98.83198392740886
2023-07-26 15:48:02.576167,5319887.0,5320336.0,96.87368395996094,96.87768400065103,98.83667993164062,98.84067997233073
2023-07-26 15:48:02.585134,5319888.0,5320337.0,96.87803198242187,96.88203202311199,98.84102795410156,98.84502799479166
2023-07-26 15:48:02.590120,5319890.0,5320339.0,96.8867277018229,96.89072774251302,98.84972367350261,98.8537237141927
2023-07-26 15:48:02.598091,5319891.0,5320340.0,96.89107572428387,96.89507580566406,98.85407169596354,98.85807177734375
2023-07-26 15:48:02.603077,5319893.0,5320342.0,96.89977180989582,96.90377185058594,98.86276778157553,98.86676782226561
2023-07-26 15:48:02.611050,5319894.0,5320343.0,96.90411983235677,96.90811987304687,98.86711580403646,98.87111584472656
2023-07-26 15:48:02.616033,5319896.0,5320345.0,96.91281587727865,96.91681591796875,98.87581184895834,98.87981188964844
2023-07-26 15:48:02.624004,5319897.0,5320346.0,96.91716389973958,96.92116398111979,98.88015987141928,98.88415995279948
2023-07-26 15:48:02.628990,5319899.0,5320348.0,96.92585998535155,96.92986002604167,98.88885595703125,98.89285599772136
2023-07-26 15:48:02.637957,5319900.0,5320349.0,96.93020788574219,96.93420788574218,98.89320385742187,98.89720385742187
2023-07-26 15:48:02.641946,5319902.0,5320351.0,96.93890372721354,96.94290376790364,98.90189969889323,98.90589973958333
2023-07-26 15:48:02.650913,5319903.0,5320352.0,96.94325174967449,96.94725179036458,98.90624772135416,98.91024776204426
2023-07-26 15:48:02.654899,5319905.0,5320354.0,96.95195821126302,96.95595829264323,98.91494376627604,98.91894384765625
2023-07-26 15:48:02.663870,5319906.0,5320355.0,96.95629585774739,96.96029589843751,98.9192918294271,98.92329187011718
2023-07-26 15:48:02.667855,5319908.0,5320357.0,96.96499190266928,96.96899194335937,98.92798787434896,98.93198791503907
2023-07-26 15:48:02.676827,5319909.0,5320358.0,96.96933992513021,96.9733399658203,98.93233589680989,98.9363359375
2023-07-26 15:48:02.680812,5319911.0,5320360.0,96.97803597005208,96.98203601074219,98.94103194173178,98.94503198242187
2023-07-26 15:48:02.689782,5319912.0,5320361.0,96.98238366699219,96.98638374837239,98.94537963867187,98.9493797200521
2023-07-26 15:48:02.693768,5319914.0,5320363.0,96.99107975260416,96.99507979329428,98.95407572428385,98.95807576497396
2023-07-26 15:48:02.702738,5319915.0,5320364.0,96.9954277750651,96.99942781575521,98.9584237467448,98.96242378743489
2023-07-26 15:48:02.706730,5319917.0,5320366.0,97.00412381998699,97.00812390136718,98.96711979166666,98.97111987304687
2023-07-26 15:48:02.715695,5319918.0,5320367.0,97.00847184244792,97.01247192382813,98.97146781412759,98.97546789550782
2023-07-26 15:48:02.719687,5319920.0,5320369.0,97.01716792805989,97.02116796874999,98.98016389973958,98.9841639404297
2023-07-26 15:48:02.728651,5319921.0,5320370.0,97.02151595052084,97.02551599121094,98.98451192220051,98.98851196289063
2023-07-26 15:48:02.733639,5319923.0,5320372.0,97.03021179199219,97.03421179199219,98.99320776367188,98.99720776367187
2023-07-26 15:48:02.741608,5319924.0,5320373.0,97.0345596923828,97.03855977376303,98.9975556640625,99.0015557454427
2023-07-26 15:48:02.746597,5319926.0,5320375.0,97.04325577799479,97.0472558186849,99.00625174967448,99.01025179036458
2023-07-26 15:48:02.754565,5319927.0,5320376.0,97.04760380045573,97.05160384114583,99.01059977213541,99.01459981282552
2023-07-26 15:48:02.763627,5319929.0,5320378.0,97.05629984537761,97.06029988606771,99.0192958170573,99.0232958577474
2023-07-26 15:48:02.771978,5319931.0,5320380.0,97.06499589029949,97.0689959716797,99.02799186197916,99.03199194335937
2023-07-26 15:48:02.780528,5319933.0,5320382.0,97.07369197591146,97.07769201660156,99.03668794759115,99.04068798828125
2023-07-26 15:48:02.789759,5319935.0,5320384.0,97.0823876953125,97.0863877360026,99.0453836669922,99.0493837076823
2023-07-26 15:48:02.798724,5319937.0,5320386.0,97.09108374023437,97.09508382161458,99.05407971191407,99.05807979329428
2023-07-26 15:48:02.806698,5319939.0,5320388.0,97.09977982584635,97.10377986653647,99.06277579752603,99.06677583821615
2023-07-26 15:48:02.811685,5319941.0,5320390.0,97.10847587076823,97.11247591145833,99.07147184244792,99.07547188313802
2023-07-26 15:48:02.820655,5319942.0,5320391.0,97.11282389322918,97.11682393391926,99.07581986490885,99.07981990559897
2023-07-26 15:48:02.824642,5319944.0,5320393.0,97.12151993815104,97.12552001953125,99.08451590983073,99.08851599121094
2023-07-26 15:48:02.833612,5319945.0,5320394.0,97.12586800130208,97.12986804199218,99.08886397298177,99.09286401367187
2023-07-26 15:48:02.841587,5319947.0,5320396.0,97.13456372070313,97.13856376139323,99.0975596923828,99.10155973307292
2023-07-26 15:48:02.850550,5319949.0,5320398.0,97.14325976562499,97.1472598063151,99.10625573730469,99.11025577799478
2023-07-26 15:48:02.859521,5319951.0,5320400.0,97.15195581054688,97.15595589192708,99.11495178222656,99.11895186360677
2023-07-26 15:48:02.868496,5319953.0,5320402.0,97.16065189615885,97.16465193684895,99.12364786783854,99.12764790852864
2023-07-26 15:48:02.876464,5319955.0,5320404.0,97.16934794108073,97.17334798177083,99.13234391276042,99.13634395345052
2023-07-26 15:48:02.885434,5319957.0,5320406.0,97.17804382324219,97.1820438232422,99.14103979492188,99.14503979492187
2023-07-26 15:48:02.894403,5319959.0,5320408.0,97.18673974609375,97.19073978678385,99.14973571777344,99.15373575846354
2023-07-26 15:48:02.902377,5319961.0,5320410.0,97.19543579101563,97.19943583170573,99.15843176269532,99.16243180338542
2023-07-26 15:48:02.911352,5319963.0,5320412.0,97.20413187662761,97.2081319173177,99.16712780761719,99.1711278889974
2023-07-26 15:48:02.920317,5319965.0,5320414.0,97.21282792154948,97.21682796223959,99.17582389322916,99.17982393391927
2023-07-26 15:48:02.928496,5319967.0,5320416.0,97.22152396647137,97.22552400716145,99.18451993815104,99.18851997884116
2023-07-26 15:48:02.937466,5319969.0,5320418.0,97.2302196858724,97.2342197265625,99.19321565755207,99.19721569824219
2023-07-26 15:48:02.946436,5319971.0,5320420.0,97.23891573079426,97.24291581217447,99.20191170247396,99.20591178385418
2023-07-26 15:48:02.955406,5319973.0,5320422.0,97.24761181640625,97.25161185709635,99.21060778808594,99.21460782877604
2023-07-26 15:48:02.963379,5319975.0,5320424.0,97.25630786132812,97.26030790201823,99.21930383300781,99.22330387369792
2023-07-26 15:48:02.972349,5319977.0,5320426.0,97.26500390625,97.26900398763021,99.22801029459634,99.23201037597656
2023-07-26 15:48:02.981319,5319979.0,5320428.0,97.27369999186197,97.27770003255209,99.23669596354166,99.24069600423176
2023-07-26 15:48:02.989293,5319981.0,5320430.0,97.28240612792969,97.28640616861979,99.24539168294271,99.24939172363281
2023-07-26 15:48:02.998262,5319983.0,5320432.0,97.2910917561849,97.29509183756511,99.25408772786459,99.25808780924478
2023-07-26 15:48:03.007232,5319985.0,5320434.0,97.29978784179688,97.30378788248697,99.26278381347656,99.26678385416668
2023-07-26 15:48:03.016202,5319987.0,5320436.0,97.30848388671875,97.31248392740886,99.27147985839845,99.27547989908854
2023-07-26 15:48:03.024176,5319989.0,5320438.0,97.31717993164062,97.32118001302082,99.28017590332031,99.28417598470052
2023-07-26 15:48:03.033146,5319991.0,5320440.0,97.32587585449218,97.32987585449219,99.28887182617187,99.29287182617188
2023-07-26 15:48:03.042115,5319993.0,5320442.0,97.33457173665366,97.33857177734374,99.29756770833333,99.30156774902345
2023-07-26 15:48:03.051085,5319995.0,5320444.0,97.34326778157552,97.34726782226562,99.30626375325521,99.31026379394531
2023-07-26 15:48:03.059059,5319997.0,5320446.0,97.3519638264974,97.35596390787761,99.31495979817709,99.3189598795573
2023-07-26 15:48:03.068029,5319999.0,5320448.0,97.36065991210937,97.36465995279949,99.32365588378907,99.32765592447916
2023-07-26 15:48:03.076999,5320001.0,5320450.0,97.36935595703125,97.37335599772135,99.33235192871093,99.33635196940105
2023-07-26 15:48:03.084972,5320003.0,5320452.0,97.37805167643229,97.3820517578125,99.34104764811197,99.34504772949218
2023-07-26 15:48:03.093942,5320005.0,5320454.0,97.38674776204427,97.39074780273438,99.34974373372395,99.35374377441406
2023-07-26 15:48:03.102912,5320007.0,5320456.0,97.39544380696614,97.39944384765626,99.35843977864583,99.36243981933593
2023-07-26 15:48:03.111882,5320009.0,5320458.0,97.40413985188802,97.40813993326823,99.36713582356771,99.37113590494792
2023-07-26 15:48:03.119855,5320011.0,5320460.0,97.4128359375,97.4168359781901,99.37583190917968,99.3798319498698
2023-07-26 15:48:03.128825,5320013.0,5320462.0,97.42153198242187,97.42553202311198,99.38452795410157,99.38852799479166
2023-07-26 15:48:03.137805,5320015.0,5320464.0,97.43022770182291,97.43422774251302,99.3932236735026,99.3972237141927
2023-07-26 15:48:03.146765,5320017.0,5320466.0,97.43892374674479,97.442923828125,99.40191971842448,99.40591979980468
2023-07-26 15:48:03.154738,5320019.0,5320468.0,97.44761983235678,97.45161987304687,99.41061580403645,99.41461584472657
2023-07-26 15:48:03.163708,5320021.0,5320470.0,97.45631587727864,97.46031591796876,99.41931184895834,99.42331188964843
2023-07-26 15:48:03.172678,5320023.0,5320472.0,97.46501192220052,97.46901200358073,99.4280078938802,99.43200797526042
2023-07-26 15:48:03.180651,5320025.0,5320474.0,97.47370788574219,97.47770788574219,99.43670385742188,99.44070385742187
2023-07-26 15:48:03.189622,5320027.0,5320476.0,97.48240372721355,97.48640376790364,99.44539969889323,99.44939973958334
2023-07-26 15:48:03.198591,5320029.0,5320478.0,97.49109977213541,97.49509985351563,99.4540957438151,99.45809582519531
2023-07-26 15:48:03.207561,5320031.0,5320480.0,97.4997958577474,97.5037958984375,99.46279182942709,99.46679187011719
2023-07-26 15:48:03.215535,5320033.0,5320482.0,97.50849190266928,97.51249194335938,99.47148787434895,99.47548791503907
2023-07-26 15:48:03.224504,5320035.0,5320484.0,97.51718794759114,97.52118802897135,99.48018391927083,99.48418400065104
2023-07-26 15:48:03.233476,5320037.0,5320486.0,97.52588366699219,97.5298837483724,99.48887963867186,99.49287972005209
2023-07-26 15:48:03.241530,5320039.0,5320488.0,97.53457975260416,97.53857979329428,99.49757572428386,99.50157576497395
2023-07-26 15:48:03.250419,5320041.0,5320490.0,97.54327579752604,97.54727583821615,99.50627176920572,99.51027180989583
2023-07-26 15:48:03.259390,5320043.0,5320492.0,97.55197184244791,97.55597192382812,99.5149678141276,99.51896789550781
2023-07-26 15:48:03.268363,5320045.0,5320494.0,97.5606679280599,97.56466796875,99.52366389973957,99.52766394042969
2023-07-26 15:48:03.276333,5320047.0,5320496.0,97.56936397298176,97.57336401367188,99.53235994466147,99.53635998535155
2023-07-26 15:48:03.285303,5320049.0,5320498.0,97.57805969238281,97.58205977376302,99.5410556640625,99.54505574544271
2023-07-26 15:48:03.294273,5320051.0,5320500.0,97.58675577799478,97.5907558186849,99.54975174967448,99.55375179036457
2023-07-26 15:48:03.302244,5320053.0,5320502.0,97.59545182291667,97.59945186360676,99.55845821126302,99.56245825195313
2023-07-26 15:48:03.311214,5320055.0,5320504.0,97.60414786783853,97.60814794921875,99.56714383951824,99.57114392089844
2023-07-26 15:48:03.320184,5320057.0,5320506.0,97.61284395345052,97.61684399414062,99.57583992513021,99.57983996582031
2023-07-26 15:48:03.329154,5320059.0,5320508.0,97.62153991699219,97.6255399169922,99.58453588867188,99.58853588867187
2023-07-26 15:48:03.337132,5320061.0,5320510.0,97.63023571777345,97.63423575846353,99.59323168945312,99.59723173014324
2023-07-26 15:48:03.346114,5320063.0,5320512.0,97.63893176269531,97.64293184407552,99.60192773437501,99.60592781575521
2023-07-26 15:48:03.355084,5320065.0,5320514.0,97.6476278483073,97.6516278889974,99.61062381998698,99.61462386067709
2023-07-26 15:48:03.364054,5320067.0,5320516.0,97.65632389322917,97.66032393391927,99.61931986490885,99.62331990559896
2023-07-26 15:48:03.372028,5320069.0,5320518.0,97.66501993815105,97.66902001953125,99.62801590983072,99.63201599121095
2023-07-26 15:48:03.380993,5320071.0,5320520.0,97.67371569824219,97.67771573893229,99.63671166992187,99.64071171061198
2023-07-26 15:48:03.389968,5320073.0,5320522.0,97.68241174316405,97.68641178385417,99.64540771484376,99.64940775553386
2023-07-26 15:48:03.398938,5320075.0,5320524.0,97.69110778808594,97.69510786946614,99.65410375976562,99.65810384114583
2023-07-26 15:48:03.406911,5320077.0,5320526.0,97.69980387369792,97.70380391438802,99.6627998453776,99.66679988606771
2023-07-26 15:48:03.415878,5320079.0,5320528.0,97.70851033528646,97.71251037597656,99.67149589029948,99.67549593098958
2023-07-26 15:48:03.424848,5320081.0,5320530.0,97.71719596354166,97.72119604492188,99.68019193522136,99.68419201660156
2023-07-26 15:48:03.432824,5320083.0,5320532.0,97.72589168294272,97.72989176432293,99.68888765462239,99.6928877360026
2023-07-26 15:48:03.441794,5320085.0,5320534.0,97.73458776855469,97.73858780924479,99.69758374023438,99.70158378092448
2023-07-26 15:48:03.450761,5320087.0,5320536.0,97.74328381347657,97.74728385416667,99.70627978515624,99.71027982584636
2023-07-26 15:48:03.459734,5320089.0,5320538.0,97.75197985839844,97.75597993977865,99.71497583007813,99.71897591145833
2023-07-26 15:48:03.467703,5320091.0,5320540.0,97.76067594401042,97.76467598470052,99.7236719156901,99.7276719563802
2023-07-26 15:48:03.476678,5320093.0,5320542.0,97.76937194824218,97.77337194824219,99.73236791992187,99.73636791992188
2023-07-26 15:48:03.485645,5320095.0,5320544.0,97.77806770833334,97.78206778971354,99.74106368001301,99.74506376139324
2023-07-26 15:48:03.494617,5320097.0,5320546.0,97.78676379394531,97.79076383463541,99.749759765625,99.7537598063151
2023-07-26 15:48:03.502588,5320099.0,5320548.0,97.79545983886719,97.79945987955729,99.75845581054688,99.76245585123698
2023-07-26 15:48:03.511561,5320101.0,5320550.0,97.80415588378906,97.80815596516928,99.76715185546874,99.77115193684895
2023-07-26 15:48:03.520531,5320103.0,5320552.0,97.81285196940104,97.81685201009114,99.77584794108073,99.77984798177084
2023-07-26 15:48:03.528504,5320105.0,5320554.0,97.82154772949218,97.82554772949219,99.78454370117187,99.78854370117188
2023-07-26 15:48:03.537471,5320107.0,5320556.0,97.83024373372395,97.83424377441406,99.79323970540365,99.79723974609374
2023-07-26 15:48:03.546439,5320109.0,5320558.0,97.83893977864584,97.84293986002605,99.80193575032551,99.80593583170572
2023-07-26 15:48:03.555413,5320111.0,5320560.0,97.84763586425781,97.85163590494791,99.8106318359375,99.81463187662762
2023-07-26 15:48:03.563387,5320113.0,5320562.0,97.85633190917969,97.86033194986979,99.81932788085938,99.82332792154948
2023-07-26 15:48:03.572357,5320115.0,5320564.0,97.86502795410156,97.86902803548178,99.82802392578125,99.83202400716145
2023-07-26 15:48:03.581327,5320117.0,5320566.0,97.8737237141927,97.87772375488281,99.8367196858724,99.8407197265625
2023-07-26 15:48:03.589295,5320119.0,5320568.0,97.88241975911458,97.88641979980468,99.84541573079427,99.84941577148437
2023-07-26 15:48:03.598270,5320121.0,5320570.0,97.89111580403646,97.89511588541666,99.85411177571615,99.85811185709636
2023-07-26 15:48:03.607235,5320123.0,5320572.0,97.89981188964843,97.90381193033855,99.86280786132814,99.86680790201822
2023-07-26 15:48:03.616205,5320125.0,5320574.0,97.90850793457031,97.91250797526041,99.87150390625,99.8755039469401
2023-07-26 15:48:03.624178,5320127.0,5320576.0,97.91720397949219,97.92120397949219,99.88019995117187,99.88419995117187
2023-07-26 15:48:03.633153,5320129.0,5320578.0,97.92589969889323,97.92989978027343,99.88889567057292,99.89290616861979
2023-07-26 15:48:03.642119,5320131.0,5320580.0,97.9345957845052,97.93859582519532,99.8975917561849,99.901591796875
2023-07-26 15:48:03.651090,5320133.0,5320582.0,97.9432918294271,97.94729187011718,99.90628780110677,99.91028784179689
2023-07-26 15:48:03.659069,5320135.0,5320584.0,97.95198787434896,97.95598795572917,99.91498384602865,99.91898392740886
2023-07-26 15:48:03.668033,5320137.0,5320586.0,97.96068395996093,97.96468400065103,99.92367993164062,99.92767997233074
2023-07-26 15:48:03.677007,5320139.0,5320588.0,97.96937976074219,97.97337976074219,99.93237573242187,99.93637573242188
2023-07-26 15:48:03.684977,5320141.0,5320590.0,97.97807572428385,97.98207580566407,99.94107169596354,99.94507177734374
2023-07-26 15:48:03.693946,5320143.0,5320592.0,97.98677180989583,97.99077185058594,99.94976778157552,99.95376782226562
2023-07-26 15:48:03.702920,5320145.0,5320594.0,97.9954678548177,97.99946789550782,99.9584638264974,99.9624638671875
2023-07-26 15:48:03.711889,5320147.0,5320596.0,98.00416389973958,98.0081639811198,99.96715987141927,99.97115995279948
2023-07-26 15:48:03.719859,5320149.0,5320598.0,98.01285998535155,98.01686002604167,99.97585595703126,99.97985599772134
2023-07-26 15:48:03.728830,5320151.0,5320600.0,98.0215557047526,98.0255557454427,99.98455167643229,99.98855171712239
2023-07-26 15:48:03.737803,5320153.0,5320602.0,98.03025174967448,98.03425179036458,99.99324772135417,99.99724776204427
2023-07-26 15:48:03.745773,5320155.0,5320604.0,98.03895821126302,98.04295829264322,100.00194376627604,100.00594384765625
2023-07-26 15:48:03.754746,5320157.0,5320606.0,98.04764388020833,98.05164392089844,100.01063985188803,100.01463989257812
2023-07-26 15:48:03.763712,5320159.0,5320608.0,98.05633992513022,98.0603399658203,100.01933589680989,100.02333593750001
2023-07-26 15:48:03.772682,5320161.0,5320610.0,98.06503597005208,98.0690360107422,100.02803194173178,100.03203198242187
2023-07-26 15:48:03.780659,5320163.0,5320612.0,98.07373173014324,98.07773177083332,100.03672770182291,100.04072774251303
2023-07-26 15:48:03.789625,5320165.0,5320614.0,98.0824277750651,98.08642781575521,100.0454237467448,100.04942378743489
2023-07-26 15:48:03.798407,5320167.0,5320616.0,98.09112381998698,98.09512390136719,100.05411979166666,100.05811987304688
2023-07-26 15:48:03.807353,5320169.0,5320618.0,98.09981990559896,98.10381994628906,100.06281587727864,100.06681591796875
2023-07-26 15:48:03.816318,5320171.0,5320620.0,98.10851595052084,98.11251599121094,100.07151192220051,100.07551196289063
2023-07-26 15:48:03.824296,5320173.0,5320622.0,98.11721179199219,98.1212117919922,100.08020776367186,100.08420776367187
2023-07-26 15:48:03.833266,5320175.0,5320624.0,98.12590771484375,98.12990779622396,100.08890368652344,100.09290376790365
2023-07-26 15:48:03.842236,5320177.0,5320626.0,98.13460380045574,98.13860384114582,100.09759977213541,100.10159981282553
2023-07-26 15:48:03.850205,5320179.0,5320628.0,98.1432998453776,98.14729988606771,100.1062958170573,100.11029585774739
2023-07-26 15:48:03.859179,5320181.0,5320630.0,98.15199589029949,98.15599597167969,100.11499186197916,100.11899194335938
2023-07-26 15:48:03.868145,5320183.0,5320632.0,98.16069197591145,98.16469201660156,100.12368794759115,100.12768798828124
2023-07-26 15:48:03.877119,5320185.0,5320634.0,98.16938769531251,98.1733877360026,100.13238366699218,100.1363837076823
2023-07-26 15:48:03.885088,5320187.0,5320636.0,98.17808374023437,98.18208382161458,100.14107971191407,100.14507979329427
2023-07-26 15:48:03.894062,5320189.0,5320638.0,98.18677982584636,98.19077986653646,100.14977579752603,100.15377583821615
2023-07-26 15:48:03.903033,5320191.0,5320640.0,98.19547587076823,98.19947591145834,100.15847184244792,100.16247188313802
2023-07-26 15:48:03.911998,5320193.0,5320642.0,98.20417191569011,98.20817199707031,100.16716788736979,100.17116796875
2023-07-26 15:48:03.919975,5320195.0,5320644.0,98.21286800130208,98.21686804199219,100.17586397298176,100.17986401367187
2023-07-26 15:48:03.928945,5320197.0,5320646.0,98.22156372070313,98.22556376139323,100.1845596923828,100.18855973307292
2023-07-26 15:48:03.937911,5320199.0,5320648.0,98.230259765625,98.23425980631511,100.1932557373047,100.19725577799478
2023-07-26 15:48:03.945889,5320201.0,5320650.0,98.23895581054687,98.24295589192708,100.20195178222656,100.20595186360677
2023-07-26 15:48:03.954859,5320203.0,5320652.0,98.24765189615886,98.25165193684896,100.21064786783853,100.21464790852865
2023-07-26 15:48:03.963829,5320205.0,5320654.0,98.25634794108072,98.26034798177083,100.21934391276042,100.22334395345051
2023-07-26 15:48:03.972794,5320207.0,5320656.0,98.2650438232422,98.2690438232422,100.22803979492187,100.23203979492187
2023-07-26 15:48:03.980767,5320209.0,5320658.0,98.27373974609374,98.27773978678385,100.23673571777344,100.24073575846353
2023-07-26 15:48:03.989742,5320211.0,5320660.0,98.28243579101563,98.28643583170573,100.2454317626953,100.24943180338542
2023-07-26 15:48:03.998712,5320213.0,5320662.0,98.29113183593749,98.2951319173177,100.2541278076172,100.25812788899741
2023-07-26 15:48:04.006680,5320215.0,5320664.0,98.29982792154948,98.30382796223958,100.26282389322917,100.26682393391927
2023-07-26 15:48:04.015655,5320217.0,5320666.0,98.30852396647136,98.31252400716146,100.27151993815104,100.27551997884115
2023-07-26 15:48:04.024620,5320219.0,5320668.0,98.3172196858724,98.32121972656249,100.28021565755208,100.28421569824219
2023-07-26 15:48:04.033595,5320221.0,5320670.0,98.32591573079426,98.32991581217448,100.28891170247397,100.29291178385417
2023-07-26 15:48:04.041636,5320223.0,5320672.0,98.33461181640625,98.33861185709635,100.29760778808594,100.30160782877604
2023-07-26 15:48:04.050538,5320225.0,5320674.0,98.34330786132813,98.34730790201823,100.30630383300782,100.31030387369792
2023-07-26 15:48:04.059504,5320227.0,5320676.0,98.35200390625,98.3560039876302,100.31501029459635,100.31901037597656
2023-07-26 15:48:04.068478,5320229.0,5320678.0,98.36069999186198,98.3647000325521,100.32369596354167,100.32769600423177
2023-07-26 15:48:04.076447,5320231.0,5320680.0,98.3694061279297,98.37340616861978,100.33239168294271,100.33639172363281
2023-07-26 15:48:04.085417,5320233.0,5320682.0,98.3780917561849,98.38209183756511,100.34108772786458,100.34508780924479
2023-07-26 15:48:04.094387,5320235.0,5320684.0,98.38678784179689,98.39078788248698,100.34978381347656,100.35378385416668
2023-07-26 15:48:04.103357,5320237.0,5320686.0,98.39548388671875,98.39948392740887,100.35847985839844,100.36247989908854
2023-07-26 15:48:04.111330,5320239.0,5320688.0,98.40417993164061,98.40818001302083,100.36717590332032,100.37117598470053
2023-07-26 15:48:04.120300,5320241.0,5320690.0,98.41287585449219,98.41687585449219,100.37587182617187,100.37987182617188
2023-07-26 15:48:04.129275,5320243.0,5320692.0,98.42157173665365,98.42557177734375,100.38456770833334,100.38856774902344
2023-07-26 15:48:04.137243,5320245.0,5320694.0,98.43026778157552,98.43426782226562,100.3932637532552,100.39726379394531
2023-07-26 15:48:04.146213,5320247.0,5320696.0,98.43896382649739,98.44296390787761,100.40195979817709,100.40595987955729
2023-07-26 15:48:04.155187,5320249.0,5320698.0,98.44765991210937,98.45165995279949,100.41065588378906,100.41465592447916
2023-07-26 15:48:04.164153,5320251.0,5320700.0,98.45635595703125,98.46035599772135,100.41935192871094,100.42335196940104
2023-07-26 15:48:04.172126,5320253.0,5320702.0,98.4650516764323,98.4690517578125,100.42804764811197,100.43204772949218
2023-07-26 15:48:04.181101,5320255.0,5320704.0,98.47374776204427,98.47774780273438,100.43674373372396,100.44074377441406
2023-07-26 15:48:04.190070,5320257.0,5320706.0,98.48244380696615,98.48644384765625,100.44543977864583,100.44943981933594
2023-07-26 15:48:04.198044,5320259.0,5320708.0,98.49113985188802,98.49513993326823,100.45413582356771,100.45813590494791
2023-07-26 15:48:04.207591,5320261.0,5320710.0,98.49983593750001,98.5038359781901,100.46283190917968,100.4668319498698
2023-07-26 15:48:04.215570,5320263.0,5320712.0,98.50853198242187,98.51253202311199,100.47152795410157,100.47552799479166
2023-07-26 15:48:04.224534,5320265.0,5320714.0,98.5172277018229,98.52122774251302,100.4802236735026,100.48422371419271
2023-07-26 15:48:04.233504,5320267.0,5320716.0,98.5259237467448,98.529923828125,100.48891971842447,100.49291979980468
2023-07-26 15:48:04.242475,5320269.0,5320718.0,98.53461983235677,98.53861987304687,100.49761580403646,100.50161584472656
2023-07-26 15:48:04.250448,5320271.0,5320720.0,98.54331587727864,98.54731591796876,100.50631184895833,100.51031188964843
2023-07-26 15:48:04.259417,5320273.0,5320722.0,98.55201192220052,98.55601200358073,100.51500789388021,100.51900797526042
2023-07-26 15:48:04.268396,5320275.0,5320724.0,98.56070788574219,98.5647078857422,100.52370385742186,100.52770385742187
2023-07-26 15:48:04.276366,5320277.0,5320726.0,98.56940372721354,98.57340376790364,100.53239969889323,100.53639973958335
2023-07-26 15:48:04.285331,5320279.0,5320728.0,98.57809977213542,98.58209985351561,100.5410957438151,100.54509582519532
2023-07-26 15:48:04.294301,5320281.0,5320730.0,98.58679585774739,98.5907958984375,100.5497918294271,100.55379187011718
2023-07-26 15:48:04.303271,5320283.0,5320732.0,98.59549190266928,98.59949194335937,100.55848787434896,100.56248791503907
2023-07-26 15:48:04.311249,5320285.0,5320734.0,98.60418794759114,98.60818802897136,100.56718391927083,100.57118400065103
2023-07-26 15:48:04.320214,5320287.0,5320736.0,98.61288366699219,98.61688374837239,100.57587963867186,100.57987972005209
2023-07-26 15:48:04.329184,5320289.0,5320738.0,98.62157975260416,98.62557979329428,100.58457572428387,100.58857576497395
2023-07-26 15:48:04.338154,5320291.0,5320740.0,98.63027579752604,98.63427583821614,100.59327176920573,100.59727180989583
2023-07-26 15:48:04.346127,5320293.0,5320742.0,98.63897184244792,98.64297192382813,100.6019678141276,100.60596789550782
2023-07-26 15:48:04.355097,5320295.0,5320744.0,98.6476679280599,98.65166796874999,100.61066389973958,100.6146639404297
2023-07-26 15:48:04.364067,5320297.0,5320746.0,98.65636397298177,98.66036401367188,100.61935994466145,100.62335998535156
2023-07-26 15:48:04.372041,5320299.0,5320748.0,98.66505969238281,98.66905977376302,100.6280556640625,100.63205574544271
2023-07-26 15:48:04.381010,5320301.0,5320750.0,98.67375577799478,98.6777558186849,100.63675174967449,100.64075179036458
2023-07-26 15:48:04.389980,5320303.0,5320752.0,98.68245182291666,98.68645186360676,100.64545821126302,100.64945825195313
2023-07-26 15:48:04.398538,5320305.0,5320754.0,98.69114786783854,98.69514794921875,100.65414383951823,100.65814392089844
2023-07-26 15:48:04.406984,5320307.0,5320756.0,98.69984395345051,98.70384399414063,100.66283992513021,100.6668399658203
2023-07-26 15:48:04.416164,5320309.0,5320758.0,98.7085399169922,98.7125399169922,100.67153588867187,100.67553588867187
2023-07-26 15:48:04.424788,5320311.0,5320760.0,98.71723571777343,98.72123575846354,100.68023168945312,100.68423173014322
2023-07-26 15:48:04.433104,5320313.0,5320762.0,98.72593176269531,98.72993184407552,100.688927734375,100.69292781575521
2023-07-26 15:48:04.442218,5320315.0,5320764.0,98.73462784830728,98.7386278889974,100.69762381998699,100.70162386067707
2023-07-26 15:48:04.450779,5320317.0,5320766.0,98.74332389322917,98.74732393391926,100.70631986490885,100.71031990559896
2023-07-26 15:48:04.459605,5320319.0,5320768.0,98.75201993815104,98.75602001953125,100.71501590983073,100.71901599121094
2023-07-26 15:48:04.468257,5320321.0,5320770.0,98.7607156982422,98.76471573893228,100.72371166992187,100.72771171061198
2023-07-26 15:48:04.476682,5320323.0,5320772.0,98.76941174316406,98.77341178385417,100.73240771484376,100.73640775553385
2023-07-26 15:48:04.485354,5320325.0,5320774.0,98.77810778808595,98.78210786946615,100.74110375976562,100.74510384114583
2023-07-26 15:48:04.493946,5320327.0,5320776.0,98.78680387369792,98.79080391438802,100.74979984537761,100.75379988606771
2023-07-26 15:48:04.503213,5320329.0,5320778.0,98.79551033528647,98.79951037597655,100.75849589029949,100.76249593098959
2023-07-26 15:48:04.511807,5320331.0,5320780.0,98.80419596354166,98.80819604492189,100.76719193522135,100.77119201660156
2023-07-26 15:48:04.519979,5320333.0,5320782.0,98.81289168294272,98.81689176432292,100.7758876546224,100.7798877360026
2023-07-26 15:48:04.529146,5320335.0,5320784.0,98.82158776855469,98.8255878092448,100.78458374023437,100.78858378092448
2023-07-26 15:48:04.537388,5320337.0,5320786.0,98.83028381347657,98.83428385416667,100.79327978515624,100.79727982584636
2023-07-26 15:48:04.546531,5320339.0,5320788.0,98.83897985839845,98.84297993977866,100.80197583007812,100.80597591145833
2023-07-26 15:48:04.554778,5320341.0,5320790.0,98.8476759440104,98.85167598470052,100.81067191569011,100.81467195638021
2023-07-26 15:48:04.563973,5320343.0,5320792.0,98.85637194824218,98.86037194824218,100.81936791992187,100.82336791992188
2023-07-26 15:48:04.572692,5320345.0,5320794.0,98.86506770833333,98.86906778971354,100.82806368001302,100.83206376139323
2023-07-26 15:48:04.580822,5320347.0,5320796.0,98.87376379394532,98.87776383463542,100.83675976562499,100.8407598063151
2023-07-26 15:48:04.590047,5320349.0,5320798.0,98.88245983886718,98.8864598795573,100.84545581054688,100.84945585123697
2023-07-26 15:48:04.598704,5320351.0,5320800.0,98.89115588378907,98.89515596516927,100.85415185546874,100.85815193684896
2023-07-26 15:48:04.607395,5320353.0,5320802.0,98.89985196940104,98.90385201009114,100.86284794108073,100.86684798177083
2023-07-26 15:48:04.615650,5320355.0,5320804.0,98.90854772949218,98.91254772949218,100.87154370117187,100.87554370117188
2023-07-26 15:48:04.624726,5320357.0,5320806.0,98.91724373372395,98.92124377441407,100.88023970540365,100.88423974609374
2023-07-26 15:48:04.633059,5320359.0,5320808.0,98.92593977864584,98.92993986002604,100.88893575032552,100.89293583170573
2023-07-26 15:48:04.642344,5320361.0,5320810.0,98.93463586425781,98.93863590494792,100.8976318359375,100.9016318766276
2023-07-26 15:48:04.650895,5320363.0,5320812.0,98.94333190917969,98.94733194986979,100.90632788085938,100.91032792154948
2023-07-26 15:48:04.659143,5320365.0,5320814.0,98.95202795410157,98.95602803548178,100.91502392578126,100.91902400716145
2023-07-26 15:48:04.668231,5320367.0,5320816.0,98.9607237141927,98.96472375488281,100.9237196858724,100.9277197265625
2023-07-26 15:48:04.676495,5320369.0,5320818.0,98.96941975911459,98.97341979980469,100.93241573079426,100.93641577148438
2023-07-26 15:48:04.685526,5320371.0,5320820.0,98.97811580403645,98.98211588541666,100.94111177571615,100.94511185709635
2023-07-26 15:48:04.693880,5320373.0,5320822.0,98.98681188964844,98.99081193033855,100.94980786132813,100.95380790201823
2023-07-26 15:48:04.703064,5320375.0,5320824.0,98.99550793457031,98.99950797526041,100.95850390625,100.9625039469401
2023-07-26 15:48:04.711289,5320377.0,5320826.0,99.00420397949219,99.0082039794922,100.96719995117186,100.97119995117187
2023-07-26 15:48:04.720523,5320379.0,5320828.0,99.01289969889322,99.01689978027343,100.97589567057292,100.97990616861979
2023-07-26 15:48:04.729160,5320381.0,5320830.0,99.02159578450521,99.02559582519531,100.9845917561849,100.988591796875
2023-07-26 15:48:04.737927,5320383.0,5320832.0,99.03029182942709,99.03429187011719,100.99328780110677,100.99728784179688
2023-07-26 15:48:04.746272,5320385.0,5320834.0,99.03898787434896,99.04298795572916,101.00198384602865,101.00598392740886
2023-07-26 15:48:04.754728,5320387.0,5320836.0,99.04768395996093,99.05168400065104,101.01067993164062,101.01467997233073
2023-07-26 15:48:04.763975,5320389.0,5320838.0,99.05637976074219,99.06037976074218,101.01937573242188,101.02337573242188
2023-07-26 15:48:04.772632,5320391.0,5320840.0,99.06507572428386,99.06907580566407,101.02807169596355,101.03207177734375
2023-07-26 15:48:04.781434,5320393.0,5320842.0,99.07377180989583,99.07777185058593,101.03676778157552,101.04076782226562
2023-07-26 15:48:04.789618,5320395.0,5320844.0,99.08246785481771,99.08646789550782,101.0454638264974,101.0494638671875
2023-07-26 15:48:04.798120,5320397.0,5320846.0,99.09116389973958,99.09516398111978,101.05415987141927,101.05815995279949
2023-07-26 15:48:04.806824,5320399.0,5320848.0,99.09985998535156,99.10386002604167,101.06285595703125,101.06685599772135
2023-07-26 15:48:04.816178,5320401.0,5320850.0,99.1085557047526,99.1125557454427,101.07155167643229,101.0755517171224
2023-07-26 15:48:04.824877,5320403.0,5320852.0,99.11725174967448,99.12125179036458,101.08024772135416,101.08424776204427
2023-07-26 15:48:04.833562,5320405.0,5320854.0,99.12595821126301,99.12995829264322,101.08894376627605,101.09294384765626
2023-07-26 15:48:04.842488,5320407.0,5320856.0,99.13464388020833,99.13864392089845,101.09763985188802,101.10163989257812
2023-07-26 15:48:04.850690,5320409.0,5320858.0,99.1433399251302,99.14733996582031,101.1063358968099,101.1103359375
2023-07-26 15:48:04.859007,5320411.0,5320860.0,99.15203597005208,99.1560360107422,101.11503194173177,101.11903198242187
2023-07-26 15:48:04.868390,5320413.0,5320862.0,99.16073173014323,99.16473177083333,101.12372770182292,101.12772774251302
2023-07-26 15:48:04.876904,5320415.0,5320864.0,99.1694277750651,99.1734278157552,101.13242374674479,101.1364237874349
2023-07-26 15:48:04.885824,5320417.0,5320866.0,99.17812381998698,99.18212390136719,101.14111979166667,101.14511987304687
2023-07-26 15:48:04.893962,5320419.0,5320868.0,99.18681990559897,99.19081994628905,101.14981587727864,101.15381591796876
2023-07-26 15:48:04.902628,5320421.0,5320870.0,99.19551595052083,99.19951599121094,101.15851192220052,101.16251196289062
2023-07-26 15:48:04.911631,5320423.0,5320872.0,99.2042117919922,99.20821179199218,101.16720776367187,101.17120776367187
2023-07-26 15:48:04.920389,5320425.0,5320874.0,99.21290775553385,99.21690779622396,101.17590368652344,101.17990376790364
2023-07-26 15:48:04.929102,5320427.0,5320876.0,99.22160380045574,99.22560384114583,101.18459977213541,101.18859981282553
2023-07-26 15:48:04.937818,5320429.0,5320878.0,99.2302998453776,99.23429988606772,101.1932958170573,101.19729585774739
2023-07-26 15:48:04.946049,5320431.0,5320880.0,99.23899589029948,99.24299597167969,101.20199186197917,101.20599194335938
2023-07-26 15:48:04.955281,5320433.0,5320882.0,99.24769197591145,99.25169201660157,101.21068794759114,101.21468798828124
2023-07-26 15:48:04.963566,5320435.0,5320884.0,99.25638769531251,99.2603877360026,101.21938366699219,101.2233837076823
2023-07-26 15:48:04.972731,5320437.0,5320886.0,99.26508374023437,99.26908382161459,101.22807971191406,101.23207979329428
2023-07-26 15:48:04.980810,5320439.0,5320888.0,99.27377982584636,99.27777986653646,101.23677579752604,101.24077583821615
2023-07-26 15:48:04.990086,5320441.0,5320890.0,99.28247587076824,99.28647591145834,101.24547184244791,101.24947188313803
2023-07-26 15:48:04.998308,5320443.0,5320892.0,99.2911719156901,99.29517199707031,101.25416788736979,101.25816796875
2023-07-26 15:48:05.006951,5320445.0,5320894.0,99.29986800130209,99.30386804199217,101.26286397298176,101.26686401367188
2023-07-26 15:48:05.016363,5320447.0,5320896.0,99.30856372070312,99.31256376139324,101.27155969238281,101.27555973307291
2023-07-26 15:48:05.024802,5320449.0,5320898.0,99.317259765625,99.32125980631511,101.28025573730469,101.28425577799479
2023-07-26 15:48:05.033488,5320451.0,5320900.0,99.32595581054687,99.32995589192709,101.28895178222656,101.29295186360676
2023-07-26 15:48:05.042170,5320453.0,5320902.0,99.33465189615886,99.33865193684895,101.29764786783853,101.30164790852865
2023-07-26 15:48:05.050860,5320455.0,5320904.0,99.34334794108072,99.34734798177084,101.30634391276043,101.31034395345051
2023-07-26 15:48:05.059023,5320457.0,5320906.0,99.3520438232422,99.35604382324219,101.31503979492187,101.31903979492188
2023-07-26 15:48:05.068346,5320459.0,5320908.0,99.36073974609374,99.36473978678386,101.32373571777345,101.32773575846353
2023-07-26 15:48:05.076933,5320461.0,5320910.0,99.36943579101563,99.37343583170572,101.33243176269531,101.33643180338542
2023-07-26 15:48:05.085643,5320463.0,5320912.0,99.3781318359375,99.38213191731771,101.3411278076172,101.3451278889974
2023-07-26 15:48:05.094339,5320465.0,5320914.0,99.38682792154948,99.39082796223958,101.34982389322917,101.35382393391927
2023-07-26 15:48:05.102551,5320467.0,5320916.0,99.39552396647136,99.39952400716146,101.35851993815105,101.36251997884115
2023-07-26 15:48:05.111615,5320469.0,5320918.0,99.40421968587239,99.40821972656249,101.36721565755208,101.3712156982422
2023-07-26 15:48:05.120051,5320471.0,5320920.0,99.41291573079427,99.41691581217448,101.37591170247396,101.37991178385417
2023-07-26 15:48:05.129328,5320473.0,5320922.0,99.42161181640624,99.42561185709636,101.38460778808594,101.38860782877603
2023-07-26 15:48:05.137872,5320475.0,5320924.0,99.43030786132813,99.43430790201823,101.3933038330078,101.39730387369792
2023-07-26 15:48:05.146547,5320477.0,5320926.0,99.43900390625,99.4430039876302,101.40201029459635,101.40601037597656
2023-07-26 15:48:05.154851,5320479.0,5320928.0,99.44769999186198,99.4517000325521,101.41069596354166,101.41469600423177
2023-07-26 15:48:05.163856,5320481.0,5320930.0,99.45640612792968,99.46040616861978,101.41939168294272,101.4233917236328
2023-07-26 15:48:05.172098,5320483.0,5320932.0,99.4650917561849,99.4690918375651,101.42808772786458,101.43208780924479
2023-07-26 15:48:05.180907,5320485.0,5320934.0,99.47378784179688,99.47778788248698,101.43678381347657,101.44078385416667
2023-07-26 15:48:05.190094,5320487.0,5320936.0,99.48248388671875,99.48648392740886,101.44547985839844,101.44947989908854
2023-07-26 15:48:05.198751,5320489.0,5320938.0,99.49117993164062,99.49518001302083,101.45417590332032,101.45817598470052
2023-07-26 15:48:05.206809,5320491.0,5320940.0,99.49987585449219,99.50387585449218,101.46287182617188,101.46687182617188
2023-07-26 15:48:05.215982,5320493.0,5320942.0,99.50857173665365,99.51257177734375,101.47156770833334,101.47556774902344
2023-07-26 15:48:05.224318,5320495.0,5320944.0,99.51726778157553,99.52126782226561,101.4802637532552,101.48426379394532
2023-07-26 15:48:05.233013,5320497.0,5320946.0,99.52596382649739,99.52996390787762,101.48895979817708,101.49295987955729
2023-07-26 15:48:05.241689,5320499.0,5320948.0,99.53465991210938,99.53865995279948,101.49765588378907,101.50165592447917
2023-07-26 15:48:05.250785,5320501.0,5320950.0,99.54335595703125,99.54735599772135,101.50635192871093,101.51035196940104
2023-07-26 15:48:05.259118,5320503.0,5320952.0,99.5520516764323,99.5560517578125,101.51504764811197,101.51904772949219
2023-07-26 15:48:05.268425,5320505.0,5320954.0,99.56074776204427,99.56474780273439,101.52374373372395,101.52774377441406
2023-07-26 15:48:05.276696,5320507.0,5320956.0,99.56944380696613,99.57344384765625,101.53243977864584,101.53643981933594
2023-07-26 15:48:05.285770,5320509.0,5320958.0,99.57813985188803,99.58213993326824,101.5411358235677,101.54513590494791
2023-07-26 15:48:05.294147,5320511.0,5320960.0,99.5868359375,99.5908359781901,101.54983190917969,101.55383194986979
2023-07-26 15:48:05.302655,5320513.0,5320962.0,99.59553198242187,99.59953202311199,101.55852795410156,101.56252799479167
2023-07-26 15:48:05.311379,5320515.0,5320964.0,99.60422770182291,99.60822774251302,101.56722367350261,101.5712237141927
2023-07-26 15:48:05.320671,5320517.0,5320966.0,99.6129237467448,99.616923828125,101.57591971842447,101.57991979980468
2023-07-26 15:48:05.329214,5320519.0,5320968.0,99.62161983235677,99.62561987304687,101.58461580403646,101.58861584472656
2023-07-26 15:48:05.337946,5320521.0,5320970.0,99.63031587727865,99.63431591796875,101.59331184895834,101.59731188964844
2023-07-26 15:48:05.346982,5320523.0,5320972.0,99.63901192220051,99.64301200358074,101.60200789388021,101.60600797526041
2023-07-26 15:48:05.355069,5320525.0,5320974.0,99.6477078857422,99.65170788574218,101.61070385742187,101.61470385742187
2023-07-26 15:48:05.364358,5320527.0,5320976.0,99.65640372721354,99.66040376790365,101.61939969889323,101.62339973958333
2023-07-26 15:48:05.372590,5320529.0,5320978.0,99.66509977213542,99.66909985351562,101.62809574381511,101.63209582519532
2023-07-26 15:48:05.380836,5320531.0,5320980.0,99.6737958577474,99.67779589843751,101.6367918294271,101.64079187011718
2023-07-26 15:48:05.390097,5320533.0,5320982.0,99.68249190266927,99.68649194335937,101.64548787434896,101.64948791503907
2023-07-26 15:48:05.398829,5320535.0,5320984.0,99.69118794759115,99.69518802897136,101.65418391927082,101.65818400065103
2023-07-26 15:48:05.406929,5320537.0,5320986.0,99.69988366699219,99.70388374837239,101.66287963867187,101.6668797200521
2023-07-26 15:48:05.416236,5320539.0,5320988.0,99.70857975260417,99.71257979329428,101.67157572428385,101.67557576497396
2023-07-26 15:48:05.424423,5320541.0,5320990.0,99.71727579752604,99.72127583821614,101.68027176920573,101.68427180989583
2023-07-26 15:48:05.433751,5320543.0,5320992.0,99.72597184244792,99.72997192382813,101.6889678141276,101.69296789550782
2023-07-26 15:48:05.442006,5320545.0,5320994.0,99.73466792805989,99.73866796875,101.69766389973958,101.7016639404297
2023-07-26 15:48:05.450536,5320547.0,5320996.0,99.74336397298177,99.74736401367187,101.70635994466146,101.71035998535156
2023-07-26 15:48:05.459610,5320549.0,5320998.0,99.7520596923828,99.75605977376303,101.7150556640625,101.7190557454427
2023-07-26 15:48:05.467918,5320551.0,5321000.0,99.76075577799479,99.7647558186849,101.72375174967448,101.72775179036458
2023-07-26 15:48:05.476555,5320553.0,5321002.0,99.76945182291666,99.77345186360677,101.73245821126302,101.73645825195312
2023-07-26 15:48:05.485586,5320555.0,5321004.0,99.77814786783854,99.78214794921874,101.74114383951823,101.74514392089844
2023-07-26 15:48:05.494036,5320557.0,5321006.0,99.78684395345051,99.79084399414063,101.74983992513022,101.7538399658203
2023-07-26 15:48:05.503108,5320559.0,5321008.0,99.7955399169922,99.79953991699219,101.75853588867187,101.76253588867188
2023-07-26 15:48:05.511670,5320561.0,5321010.0,99.80423571777344,99.80823575846354,101.76723168945311,101.77123173014323
2023-07-26 15:48:05.520093,5320563.0,5321012.0,99.81293176269531,99.81693184407551,101.775927734375,101.77992781575522
2023-07-26 15:48:05.529243,5320565.0,5321014.0,99.82162784830729,99.8256278889974,101.78462381998698,101.78862386067708
2023-07-26 15:48:05.537480,5320567.0,5321016.0,99.83032389322918,99.83432393391926,101.79331986490885,101.79731990559897
2023-07-26 15:48:05.546579,5320569.0,5321018.0,99.83901993815104,99.84302001953125,101.80201590983073,101.80601599121094
2023-07-26 15:48:05.554867,5320571.0,5321020.0,99.84771569824218,99.85171573893228,101.81071166992187,101.81471171061199
2023-07-26 15:48:05.563896,5320573.0,5321022.0,99.85641174316406,99.86041178385418,101.81940771484375,101.82340775553385
2023-07-26 15:48:05.572133,5320575.0,5321024.0,99.86510778808594,99.86910786946615,101.82810375976563,101.83210384114582
2023-07-26 15:48:05.581331,5320577.0,5321026.0,99.87380387369792,99.87780391438802,101.8367998453776,101.84079988606771
2023-07-26 15:48:05.589639,5320579.0,5321028.0,99.88251033528645,99.88651037597656,101.84549589029949,101.84949593098958
2023-07-26 15:48:05.598308,5320581.0,5321030.0,99.89119596354166,99.89519604492187,101.85419193522135,101.85819201660156
2023-07-26 15:48:05.607497,5320583.0,5321032.0,99.89989168294271,99.90389176432292,101.8628876546224,101.8668877360026
2023-07-26 15:48:05.615752,5320585.0,5321034.0,99.9085877685547,99.91258780924478,101.87158374023437,101.87558378092449
2023-07-26 15:48:05.624996,5320587.0,5321036.0,99.91728381347656,99.92128385416667,101.88027978515625,101.88427982584635
2023-07-26 15:48:05.633154,5320589.0,5321038.0,99.92597985839845,99.92997993977865,101.88897583007812,101.89297591145834
2023-07-26 15:48:05.642348,5320591.0,5321040.0,99.93467594401041,99.93867598470052,101.89767191569011,101.9016719563802
2023-07-26 15:48:05.650978,5320593.0,5321042.0,99.94337194824219,99.94737194824218,101.90636791992188,101.91036791992188
2023-07-26 15:48:05.659678,5320595.0,5321044.0,99.95206770833333,99.95606778971354,101.91506368001302,101.91906376139323
2023-07-26 15:48:05.668075,5320597.0,5321046.0,99.96076379394532,99.9647638346354,101.923759765625,101.92775980631511
2023-07-26 15:48:05.676651,5320599.0,5321048.0,99.96945983886718,99.9734598795573,101.93245581054687,101.93645585123697
2023-07-26 15:48:05.685910,5320601.0,5321050.0,99.97815588378907,99.98215596516927,101.94115185546875,101.94515193684896
2023-07-26 15:48:05.694481,5320603.0,5321052.0,99.98685196940104,99.99085201009115,101.94984794108072,101.95384798177083
2023-07-26 15:48:05.702892,5320605.0,5321054.0,99.99554772949219,99.99954772949218,101.95854370117188,101.96254370117188
2023-07-26 15:48:05.712075,5320607.0,5321056.0,100.00424373372395,100.00824377441407,101.96723970540364,101.97123974609374
2023-07-26 15:48:05.720196,5320609.0,5321058.0,100.01293977864583,100.01693986002604,101.97593575032552,101.97993583170573
2023-07-26 15:48:05.729604,5320611.0,5321060.0,100.02163586425782,100.02563590494792,101.98463183593749,101.98863187662761
2023-07-26 15:48:05.737947,5320613.0,5321062.0,100.03033190917968,100.0343319498698,101.99332788085938,101.99732792154947
2023-07-26 15:48:05.746137,5320615.0,5321064.0,100.03902795410157,100.04302803548178,102.00202392578124,102.00602400716146
2023-07-26 15:48:05.754919,5320617.0,5321066.0,100.0477237141927,100.05172375488281,102.0107196858724,102.01471972656249
2023-07-26 15:48:05.764400,5320619.0,5321068.0,100.05641975911459,100.06041979980468,102.01941573079426,102.02341577148438
2023-07-26 15:48:05.772748,5320621.0,5321070.0,100.06511580403645,100.06911588541666,102.02811177571616,102.03211185709635
2023-07-26 15:48:05.781456,5320623.0,5321072.0,100.07381188964844,100.07781193033854,102.03680786132813,102.04080790201823
2023-07-26 15:48:05.790148,5320625.0,5321074.0,100.0825079345703,100.08650797526042,102.04550390625,102.04950394694009
2023-07-26 15:48:05.798364,5320627.0,5321076.0,100.09120397949219,100.09520397949218,102.05419995117187,102.05819995117187
2023-07-26 15:48:05.806781,5320629.0,5321078.0,100.09989969889322,100.10389978027344,102.06289567057293,102.06690616861978
2023-07-26 15:48:05.815559,5320631.0,5321080.0,100.10859578450521,100.11259582519531,102.0715917561849,102.075591796875
2023-07-26 15:48:05.824717,5320633.0,5321082.0,100.11729182942709,100.12129187011719,102.08028780110678,102.08428784179688
2023-07-26 15:48:05.833144,5320635.0,5321084.0,100.12598787434895,100.12998795572916,102.08898384602865,102.09298392740887
2023-07-26 15:48:05.842384,5320637.0,5321086.0,100.13468395996094,100.13868400065104,102.09767993164061,102.10167997233073
2023-07-26 15:48:05.851050,5320639.0,5321088.0,100.14337976074219,100.14737976074218,102.10637573242188,102.11037573242189
2023-07-26 15:48:05.859763,5320641.0,5321090.0,100.15207572428386,100.15607580566407,102.11507169596354,102.11907177734375
2023-07-26 15:48:05.868452,5320643.0,5321092.0,100.16077180989582,100.16477185058594,102.12376778157552,102.12776782226562
2023-07-26 15:48:05.877133,5320645.0,5321094.0,100.16946785481771,100.17346789550781,102.13246382649739,102.1364638671875
2023-07-26 15:48:05.885377,5320647.0,5321096.0,100.17816389973957,100.18216398111979,102.14115987141928,102.14515995279947
2023-07-26 15:48:05.894524,5320649.0,5321098.0,100.18685998535156,100.19086002604166,102.14985595703125,102.15385599772135
2023-07-26 15:48:05.903213,5320651.0,5321100.0,100.19555570475259,100.19955574544271,102.1585516764323,102.16255171712238
2023-07-26 15:48:05.911796,5320653.0,5321102.0,100.20425174967448,100.20825179036459,102.16724772135416,102.17124776204427
2023-07-26 15:48:05.920190,5320655.0,5321104.0,100.21295821126301,100.21695829264323,102.17594376627605,102.17994384765625
2023-07-26 15:48:05.929385,5320657.0,5321106.0,100.22164388020833,100.22564392089843,102.18463985188802,102.18863989257812
2023-07-26 15:48:05.937840,5320659.0,5321108.0,100.23033992513021,100.23433996582031,102.1933358968099,102.1973359375
2023-07-26 15:48:05.947048,5320661.0,5321110.0,100.23903597005209,100.24303601074219,102.20203194173178,102.20603198242188
2023-07-26 15:48:05.955211,5320663.0,5321112.0,100.24773173014323,100.25173177083333,102.2107277018229,102.21472774251302
2023-07-26 15:48:05.963562,5320665.0,5321114.0,100.2564277750651,100.26042781575521,102.2194237467448,102.2234237874349
2023-07-26 15:48:05.972281,5320667.0,5321116.0,100.26512381998698,100.2691239013672,102.22811979166666,102.23211987304687
2023-07-26 15:48:05.981351,5320669.0,5321118.0,100.27381990559897,100.27781994628906,102.23681587727864,102.24081591796876
2023-07-26 15:48:05.989486,5320671.0,5321120.0,100.28251595052083,100.28651599121095,102.24551192220052,102.24951196289062
2023-07-26 15:48:05.998871,5320673.0,5321122.0,100.29121179199218,100.29521179199219,102.25420776367187,102.25820776367188
2023-07-26 15:48:06.007299,5320675.0,5321124.0,100.29990771484376,100.30390779622397,102.26290368652343,102.26690376790364
2023-07-26 15:48:06.015587,5320677.0,5321126.0,100.30860380045573,100.31260384114583,102.27159977213542,102.27559981282552
2023-07-26 15:48:06.024712,5320679.0,5321128.0,100.3172998453776,100.32129988606772,102.2802958170573,102.2842958577474
2023-07-26 15:48:06.033863,5320681.0,5321130.0,100.32599589029948,100.3299959716797,102.28899186197917,102.29299194335937
2023-07-26 15:48:06.042151,5320683.0,5321132.0,100.33469197591145,100.33869201660156,102.29768794759114,102.30168798828124
2023-07-26 15:48:06.050531,5320685.0,5321134.0,100.3433876953125,100.3473877360026,102.30638366699219,102.31038370768229
2023-07-26 15:48:06.059971,5320687.0,5321136.0,100.35208374023438,100.35608382161458,102.31507971191407,102.31907979329428
2023-07-26 15:48:06.067968,5320689.0,5321138.0,100.36077982584635,100.36477986653647,102.32377579752604,102.32777583821614
2023-07-26 15:48:06.076712,5320691.0,5321140.0,100.36947587076824,100.37347591145833,102.33247184244792,102.33647188313803
2023-07-26 15:48:06.085909,5320693.0,5321142.0,100.3781719156901,100.38217199707032,102.34116788736979,102.34516796874999
2023-07-26 15:48:06.094501,5320695.0,5321144.0,100.38686800130209,100.39086804199218,102.34986397298177,102.35386401367188
2023-07-26 15:48:06.103187,5320697.0,5321146.0,100.39556372070312,100.39956376139324,102.35855969238281,102.36255973307291
2023-07-26 15:48:06.111842,5320699.0,5321148.0,100.404259765625,100.4082598063151,102.36725573730469,102.37125577799479
2023-07-26 15:48:06.120159,5320701.0,5321150.0,100.41295581054688,100.41695589192709,102.37595178222655,102.37995186360676
2023-07-26 15:48:06.128853,5320703.0,5321152.0,100.42165189615886,100.42565193684895,102.38464786783854,102.38864790852865
2023-07-26 15:48:06.137898,5320705.0,5321154.0,100.43034794108073,100.43434798177084,102.39334391276041,102.39734395345052
2023-07-26 15:48:06.146285,5320707.0,5321156.0,100.43904382324219,100.44304382324219,102.40203979492188,102.40603979492188
2023-07-26 15:48:06.155421,5320709.0,5321158.0,100.44773974609375,100.45173978678386,102.41073571777343,102.41473575846354
2023-07-26 15:48:06.163658,5320711.0,5321160.0,100.45643579101562,100.46043583170572,102.41943176269531,102.42343180338541
2023-07-26 15:48:06.172690,5320713.0,5321162.0,100.4651318359375,100.46913191731771,102.42812780761719,102.4321278889974
2023-07-26 15:48:06.181736,5320715.0,5321164.0,100.47382792154947,100.47782796223959,102.43682389322917,102.44082393391926
2023-07-26 15:48:06.189747,5320717.0,5321166.0,100.48252396647136,100.48652400716146,102.44551993815104,102.44951997884115
2023-07-26 15:48:06.198832,5320719.0,5321168.0,100.4912196858724,100.4952197265625,102.45421565755208,102.45821569824218
2023-07-26 15:48:06.206867,5320721.0,5321170.0,100.49991573079427,100.50391581217447,102.46291170247396,102.46691178385417
2023-07-26 15:48:06.215912,5320723.0,5321172.0,100.50861181640624,100.51261185709636,102.47160778808595,102.47560782877603
2023-07-26 15:48:06.225006,5320725.0,5321174.0,100.51730786132813,100.52130790201822,102.48030383300781,102.48430387369793
2023-07-26 15:48:06.233188,5320727.0,5321176.0,100.52600390625,100.53000398763021,102.48901029459635,102.49301037597655
2023-07-26 15:48:06.242610,5320729.0,5321178.0,100.53469999186198,100.53870003255209,102.49769596354166,102.50169600423177
2023-07-26 15:48:06.250817,5320731.0,5321180.0,100.54340612792969,100.54740616861979,102.50639168294272,102.51039172363281
2023-07-26 15:48:06.260032,5320733.0,5321182.0,100.55209175618491,100.5560918375651,102.51508772786458,102.5190878092448
2023-07-26 15:48:06.268225,5320735.0,5321184.0,100.56078784179688,100.56478788248698,102.52378381347657,102.52778385416667
2023-07-26 15:48:06.277196,5320737.0,5321186.0,100.56948388671874,100.57348392740886,102.53247985839845,102.53647989908855
2023-07-26 15:48:06.286167,5320739.0,5321188.0,100.57817993164062,100.58218001302083,102.54117590332031,102.54517598470052
2023-07-26 15:48:06.294141,5320741.0,5321190.0,100.58687585449219,100.59087585449218,102.54987182617188,102.55387182617187
2023-07-26 15:48:06.303113,5320743.0,5321192.0,100.59557173665365,100.59957177734375,102.55856770833333,102.56256774902344
2023-07-26 15:48:06.312077,5320745.0,5321194.0,100.60426778157552,100.60826782226562,102.5672637532552,102.57126379394532
2023-07-26 15:48:06.320050,5320747.0,5321196.0,100.61296382649739,100.6169639078776,102.57595979817708,102.5799598795573
2023-07-26 15:48:06.329020,5320749.0,5321198.0,100.62165991210937,100.62565995279948,102.58465588378907,102.58865592447916
2023-07-26 15:48:06.337995,5320751.0,5321200.0,100.63035595703126,100.63435599772134,102.59335192871093,102.59735196940105
2023-07-26 15:48:06.346960,5320753.0,5321202.0,100.63905167643229,100.6430517578125,102.60204764811198,102.60604772949218
2023-07-26 15:48:06.354934,5320755.0,5321204.0,100.64774776204428,100.65174780273438,102.61074373372395,102.61474377441407
2023-07-26 15:48:06.363903,5320757.0,5321206.0,100.65644380696614,100.66044384765625,102.61943977864584,102.62343981933593
2023-07-26 15:48:06.372390,5320759.0,5321208.0,100.66513985188803,100.66913993326823,102.6281358235677,102.63213590494792
2023-07-26 15:48:06.380998,5320761.0,5321210.0,100.6738359375,100.6778359781901,102.63683190917969,102.64083194986979
2023-07-26 15:48:06.390253,5320763.0,5321212.0,100.68253198242188,100.68653202311198,102.64552795410157,102.64952799479167
2023-07-26 15:48:06.398610,5320765.0,5321214.0,100.69122770182291,100.69522774251303,102.6542236735026,102.6582237141927
2023-07-26 15:48:06.407702,5320767.0,5321216.0,100.6999237467448,100.703923828125,102.66291971842448,102.66691979980469
2023-07-26 15:48:06.420377,5320770.0,5321218.0,100.7129678548177,100.71696789550782,102.67161580403645,102.67561584472656
2023-07-26 15:48:06.429499,5320772.0,5321221.0,100.72166389973958,100.72566398111978,102.68465987141927,102.68865995279948
2023-07-26 15:48:06.437769,5320774.0,5321223.0,100.73035998535155,100.73436002604167,102.69335595703126,102.69735599772135
2023-07-26 15:48:06.446325,5320776.0,5321225.0,100.7390557047526,100.7430557454427,102.70205167643229,102.70605171712239
2023-07-26 15:48:06.455440,5320778.0,5321227.0,100.74775174967448,100.75175179036458,102.71074772135415,102.71474776204427
2023-07-26 15:48:06.463602,5320780.0,5321229.0,100.75645821126302,100.76045829264322,102.71944376627604,102.72344384765626
2023-07-26 15:48:06.472807,5320782.0,5321231.0,100.76514388020833,100.76914392089844,102.72813985188803,102.73213989257812
2023-07-26 15:48:06.481296,5320784.0,5321233.0,100.77383992513022,100.7778399658203,102.7368358968099,102.74083593750001
2023-07-26 15:48:06.489804,5320786.0,5321235.0,100.78253597005208,100.7865360107422,102.74553194173178,102.74953198242187
2023-07-26 15:48:06.499204,5320788.0,5321237.0,100.79123173014322,100.79523177083333,102.75422770182291,102.75822774251303
2023-07-26 15:48:06.507604,5320790.0,5321239.0,100.7999277750651,100.80392781575522,102.76292374674479,102.76692378743489
2023-07-26 15:48:06.515749,5320792.0,5321241.0,100.80862381998698,100.81262390136719,102.77161979166667,102.77561987304686
2023-07-26 15:48:06.524814,5320794.0,5321243.0,100.81731990559896,100.82131994628907,102.78031587727864,102.78431591796875
2023-07-26 15:48:06.533872,5320796.0,5321245.0,100.82601595052083,100.83001599121094,102.78901192220052,102.79301196289063
2023-07-26 15:48:06.542023,5320798.0,5321247.0,100.83471179199219,100.83871179199218,102.79770776367187,102.80170776367187
2023-07-26 15:48:06.551109,5320800.0,5321249.0,100.84340771484375,100.84740779622396,102.80640368652344,102.81040376790364
2023-07-26 15:48:06.559424,5320802.0,5321251.0,100.85210380045574,100.85610384114582,102.81509977213541,102.81909981282553
2023-07-26 15:48:06.568639,5320804.0,5321253.0,100.8607998453776,100.86479988606771,102.8237958170573,102.82779585774739
2023-07-26 15:48:06.576915,5320806.0,5321255.0,100.86949589029949,100.87349597167969,102.83249186197916,102.83649194335938
2023-07-26 15:48:06.586161,5320808.0,5321257.0,100.87819197591145,100.88219201660156,102.84118794759115,102.84518798828124
2023-07-26 15:48:06.594566,5320810.0,5321259.0,100.88688769531251,100.8908877360026,102.84988366699218,102.8538837076823
2023-07-26 15:48:06.602953,5320812.0,5321261.0,100.89558374023437,100.89958382161458,102.85857971191408,102.86257979329427
2023-07-26 15:48:06.612239,5320814.0,5321263.0,100.90427982584636,100.90827986653646,102.86727579752603,102.87127583821615
2023-07-26 15:48:06.620600,5320816.0,5321265.0,100.91297587076824,100.91697591145834,102.87597184244791,102.87997188313803
2023-07-26 15:48:06.629067,5320818.0,5321267.0,100.92167191569011,100.92567199707031,102.88466788736979,102.88866796875
2023-07-26 15:48:06.637556,5320820.0,5321269.0,100.93036800130209,100.93436804199219,102.89336397298176,102.89736401367188
2023-07-26 15:48:06.647011,5320822.0,5321271.0,100.93906372070312,100.94306376139323,102.9020596923828,102.90605973307292
2023-07-26 15:48:06.655118,5320824.0,5321273.0,100.947759765625,100.95175980631511,102.91075573730468,102.91475577799478
2023-07-26 15:48:06.664182,5320826.0,5321275.0,100.95645581054687,100.96045589192708,102.91945178222656,102.92345186360676
2023-07-26 15:48:06.672243,5320828.0,5321277.0,100.96515189615886,100.96915193684896,102.92814786783853,102.93214790852865
2023-07-26 15:48:06.681404,5320830.0,5321279.0,100.97384794108072,100.97784798177084,102.93684391276042,102.94084395345051
2023-07-26 15:48:06.689800,5320832.0,5321281.0,100.9825438232422,100.9865438232422,102.94553979492187,102.94953979492188
2023-07-26 15:48:06.698317,5320834.0,5321283.0,100.99123974609374,100.99523978678386,102.95423571777344,102.95823575846353
2023-07-26 15:48:06.707443,5320836.0,5321285.0,100.99993579101563,101.00393583170572,102.9629317626953,102.96693180338542
2023-07-26 15:48:06.716560,5320838.0,5321287.0,101.00863183593749,101.0126319173177,102.9716278076172,102.9756278889974
2023-07-26 15:48:06.724764,5320840.0,5321289.0,101.01732792154948,101.02132796223958,102.98032389322917,102.98432393391927
2023-07-26 15:48:06.733891,5320842.0,5321291.0,101.02602396647136,101.03002400716146,102.98901993815105,102.99301997884115
2023-07-26 15:48:06.742181,5320844.0,5321293.0,101.0347196858724,101.03871972656249,102.99771565755208,103.0017156982422
2023-07-26 15:48:06.751411,5320846.0,5321295.0,101.04341573079427,101.04741581217448,103.00641170247397,103.01041178385417
2023-07-26 15:48:06.759604,5320848.0,5321297.0,101.05211181640625,101.05611185709635,103.01510778808594,103.01910782877604
2023-07-26 15:48:06.768676,5320850.0,5321299.0,101.06080786132813,101.06480790201823,103.02380383300782,103.02780387369792
2023-07-26 15:48:06.777108,5320852.0,5321301.0,101.06950390625,101.0735039876302,103.03251029459635,103.03651037597656
2023-07-26 15:48:06.785383,5320854.0,5321303.0,101.07819999186198,101.0822000325521,103.04119596354165,103.04519600423177
2023-07-26 15:48:06.794721,5320856.0,5321305.0,101.0869061279297,101.09090616861978,103.04989168294271,103.05389172363282
2023-07-26 15:48:06.803273,5320858.0,5321307.0,101.0955917561849,101.09959183756511,103.05858772786458,103.06258780924479
2023-07-26 15:48:06.811434,5320860.0,5321309.0,101.10428784179688,101.10828788248698,103.06728381347656,103.07128385416668
2023-07-26 15:48:06.820615,5320862.0,5321311.0,101.11298388671875,101.11698392740885,103.07597985839844,103.07997989908854
2023-07-26 15:48:06.828705,5320864.0,5321313.0,101.12167993164061,101.12568001302083,103.08467590332032,103.08867598470052
2023-07-26 15:48:06.838107,5320866.0,5321315.0,101.13037585449219,101.13437585449219,103.09337182617188,103.09737182617188
2023-07-26 15:48:06.846191,5320868.0,5321317.0,101.13907173665365,101.14307177734375,103.10206770833334,103.10606774902344
2023-07-26 15:48:06.855288,5320870.0,5321319.0,101.14776778157552,101.15176782226563,103.1107637532552,103.11476379394531
2023-07-26 15:48:06.863559,5320872.0,5321321.0,101.15646382649739,101.16046390787761,103.11945979817709,103.12345987955729
2023-07-26 15:48:06.872798,5320874.0,5321323.0,101.16515991210937,101.16915995279948,103.12815588378906,103.13215592447916
2023-07-26 15:48:06.880944,5320876.0,5321325.0,101.17385595703125,101.17785599772135,103.13685192871094,103.14085196940104
2023-07-26 15:48:06.890063,5320878.0,5321327.0,101.1825516764323,101.1865517578125,103.14554764811197,103.14954772949218
2023-07-26 15:48:06.898326,5320880.0,5321329.0,101.19124776204427,101.19524780273439,103.15424373372394,103.15824377441406
2023-07-26 15:48:06.907546,5320882.0,5321331.0,101.19994380696615,101.20394384765625,103.16293977864584,103.16693981933594
2023-07-26 15:48:06.915821,5320884.0,5321333.0,101.20863985188802,101.21263993326824,103.17163582356771,103.17563590494791
2023-07-26 15:48:06.925192,5320886.0,5321335.0,101.21733593750001,101.2213359781901,103.18033190917969,103.1843319498698
2023-07-26 15:48:06.933320,5320888.0,5321337.0,101.22603198242187,101.23003202311199,103.18902795410156,103.19302799479166
2023-07-26 15:48:06.942480,5320890.0,5321339.0,101.2347277018229,101.23872774251302,103.19772367350261,103.20172371419271
2023-07-26 15:48:06.950504,5320892.0,5321341.0,101.2434237467448,101.24742382812501,103.20641971842447,103.21041979980468
2023-07-26 15:48:06.959727,5320894.0,5321343.0,101.25211983235677,101.25611987304687,103.21511580403646,103.21911584472656
2023-07-26 15:48:06.968056,5320896.0,5321345.0,101.26081587727865,101.26481591796876,103.22381184895833,103.22781188964844
2023-07-26 15:48:06.977408,5320898.0,5321347.0,101.26951192220051,101.27351200358073,103.23250789388021,103.23650797526042
2023-07-26 15:48:06.985810,5320900.0,5321349.0,101.27820788574219,101.28220788574218,103.24120385742187,103.24520385742187
2023-07-26 15:48:06.993943,5320902.0,5321351.0,101.28690372721354,101.29090376790364,103.24989969889323,103.25389973958333
2023-07-26 15:48:07.003079,5320904.0,5321353.0,101.29559977213542,101.29959985351562,103.2585957438151,103.26259582519532
2023-07-26 15:48:07.012104,5320906.0,5321355.0,101.30429585774739,101.3082958984375,103.2672918294271,103.27129187011718
2023-07-26 15:48:07.020626,5320908.0,5321357.0,101.31299190266928,101.31699194335937,103.27598787434896,103.27998791503907
2023-07-26 15:48:07.028724,5320910.0,5321359.0,101.32168794759114,101.32568802897136,103.28468391927083,103.28868400065103
2023-07-26 15:48:07.037834,5320912.0,5321361.0,101.33038366699219,101.33438374837239,103.29337963867187,103.29737972005209
2023-07-26 15:48:07.046979,5320914.0,5321363.0,101.33907975260416,101.34307979329428,103.30207572428387,103.30607576497395
2023-07-26 15:48:07.055090,5320916.0,5321365.0,101.34777579752604,101.35177583821614,103.31077176920573,103.31477180989583
2023-07-26 15:48:07.064185,5320918.0,5321367.0,101.35647184244792,101.36047192382813,103.31946781412759,103.32346789550782
2023-07-26 15:48:07.072224,5320920.0,5321369.0,101.3651679280599,101.36916796874999,103.32816389973958,103.3321639404297
2023-07-26 15:48:07.081275,5320922.0,5321371.0,101.37386397298177,101.37786401367188,103.33685994466146,103.34085998535156
2023-07-26 15:48:07.090335,5320924.0,5321373.0,101.3825596923828,101.38655977376303,103.3455556640625,103.34955574544271
2023-07-26 15:48:07.098315,5320926.0,5321375.0,101.39125577799479,101.3952558186849,103.35425174967448,103.35825179036458
2023-07-26 15:48:07.107285,5320928.0,5321377.0,101.39995182291666,101.40395186360676,103.36295821126302,103.36695825195312
2023-07-26 15:48:07.116255,5320930.0,5321379.0,101.40864786783854,101.41264794921875,103.37164383951823,103.37564392089844
2023-07-26 15:48:07.125224,5320932.0,5321381.0,101.41734395345051,101.42134399414063,103.38033992513022,103.3843399658203
2023-07-26 15:48:07.133198,5320934.0,5321383.0,101.4260399169922,101.4300399169922,103.38903588867187,103.39303588867188
2023-07-26 15:48:07.142168,5320936.0,5321385.0,101.43473571777344,101.43873575846354,103.39773168945312,103.40173173014323
2023-07-26 15:48:07.151138,5320938.0,5321387.0,101.44343176269531,101.44743184407551,103.406427734375,103.41042781575521
2023-07-26 15:48:07.160108,5320940.0,5321389.0,101.45212784830728,101.4561278889974,103.41512381998699,103.41912386067708
2023-07-26 15:48:07.168081,5320942.0,5321391.0,101.46082389322918,101.46482393391926,103.42381986490885,103.42781990559897
2023-07-26 15:48:07.177052,5320944.0,5321393.0,101.46951993815104,101.47352001953125,103.43251590983073,103.43651599121094
2023-07-26 15:48:07.186039,5320946.0,5321395.0,101.4782156982422,101.48221573893228,103.44121166992187,103.44521171061199
2023-07-26 15:48:07.194005,5320948.0,5321397.0,101.48691174316406,101.49091178385417,103.44990771484376,103.45390775553385
2023-07-26 15:48:07.202965,5320950.0,5321399.0,101.49560778808595,101.49960786946615,103.45860375976562,103.46260384114584
2023-07-26 15:48:07.211935,5320952.0,5321401.0,101.50430387369792,101.50830391438802,103.46729984537761,103.47129988606771
2023-07-26 15:48:07.220905,5320954.0,5321403.0,101.51301033528647,101.51701037597655,103.47599589029949,103.47999593098959
2023-07-26 15:48:07.228878,5320956.0,5321405.0,101.52169596354166,101.52569604492189,103.48469193522135,103.48869201660156
2023-07-26 15:48:07.237848,5320958.0,5321407.0,101.53039168294272,101.53439176432292,103.4933876546224,103.49738773600261
2023-07-26 15:48:07.246818,5320960.0,5321409.0,101.5390877685547,101.5430878092448,103.50208374023437,103.50608378092448
2023-07-26 15:48:07.254791,5320962.0,5321411.0,101.54778381347656,101.55178385416667,103.51077978515625,103.51477982584636
2023-07-26 15:48:07.263761,5320964.0,5321413.0,101.55647985839845,101.56047993977865,103.51947583007812,103.52347591145833
2023-07-26 15:48:07.272731,5320966.0,5321415.0,101.5651759440104,101.56917598470052,103.52817191569011,103.5321719563802
2023-07-26 15:48:07.281701,5320968.0,5321417.0,101.57387194824219,101.57787194824218,103.53686791992187,103.54086791992188
2023-07-26 15:48:07.289674,5320970.0,5321419.0,101.58256770833333,101.58656778971354,103.54556368001302,103.54956376139323
2023-07-26 15:48:07.298644,5320972.0,5321421.0,101.59126379394532,101.5952638346354,103.55425976562499,103.5582598063151
2023-07-26 15:48:07.307614,5320974.0,5321423.0,101.59995983886718,101.6039598795573,103.56295581054688,103.56695585123697
2023-07-26 15:48:07.316583,5320976.0,5321425.0,101.60865588378907,101.61265596516927,103.57165185546874,103.57565193684896
2023-07-26 15:48:07.324557,5320978.0,5321427.0,101.61735196940104,101.62135201009114,103.58034794108073,103.58434798177083
2023-07-26 15:48:07.333525,5320980.0,5321429.0,101.62604772949219,101.63004772949218,103.58904370117187,103.59304370117188
2023-07-26 15:48:07.342495,5320982.0,5321431.0,101.63474373372395,101.63874377441407,103.59773970540364,103.60173974609374
2023-07-26 15:48:07.351465,5320984.0,5321433.0,101.64343977864584,101.64743986002604,103.60643575032552,103.61043583170573
2023-07-26 15:48:07.359438,5320986.0,5321435.0,101.65213586425782,101.65613590494792,103.6151318359375,103.6191318766276
2023-07-26 15:48:07.368408,5320988.0,5321437.0,101.66083190917968,101.6648319498698,103.62382788085938,103.62782792154948
2023-07-26 15:48:07.377378,5320990.0,5321439.0,101.66952795410157,101.67352803548178,103.63252392578124,103.63652400716146
2023-07-26 15:48:07.385352,5320992.0,5321441.0,101.6782237141927,101.68222375488281,103.6412196858724,103.64521972656249
2023-07-26 15:48:07.394322,5320994.0,5321443.0,101.68691975911459,101.69091979980469,103.64991573079426,103.65391577148438
2023-07-26 15:48:07.403582,5320996.0,5321445.0,101.69561580403645,101.69961588541666,103.65861177571615,103.66261185709635
2023-07-26 15:48:07.411924,5320998.0,5321447.0,101.70431188964844,101.70831193033855,103.66730786132813,103.67130790201823
2023-07-26 15:48:07.425198,5321000.0,5321449.0,101.7130079345703,101.71700797526042,103.67600390625,103.6800039469401
2023-07-26 15:48:07.433239,5321003.0,5321452.0,101.72605167643229,101.7300517578125,103.68904764811197,103.69304772949218
2023-07-26 15:48:07.442509,5321005.0,5321454.0,101.73474776204426,101.73874780273438,103.69774373372395,103.70174377441407
2023-07-26 15:48:07.450787,5321007.0,5321456.0,101.74344380696614,101.74744384765626,103.70643977864583,103.71043981933593
2023-07-26 15:48:07.459611,5321009.0,5321458.0,101.75213985188803,101.75613993326823,103.7151358235677,103.71913590494792
2023-07-26 15:48:07.472592,5321011.0,5321460.0,101.7608359375,101.7648359781901,103.72383190917968,103.7278319498698
2023-07-26 15:48:07.481517,5321014.0,5321463.0,101.77387976074219,101.77787976074218,103.73687573242188,103.74087573242188
2023-07-26 15:48:07.489989,5321016.0,5321465.0,101.78257572428386,101.78657580566407,103.74557169596355,103.74957177734375
2023-07-26 15:48:07.499081,5321018.0,5321467.0,101.79127180989583,101.79527185058593,103.75426778157552,103.75826782226562
2023-07-26 15:48:07.507423,5321020.0,5321469.0,101.79996785481771,101.80396789550782,103.76296382649738,103.7669638671875
2023-07-26 15:48:07.515690,5321022.0,5321471.0,101.80866389973959,101.81266398111978,103.77165987141927,103.77565995279949
2023-07-26 15:48:07.524673,5321024.0,5321473.0,101.81735998535156,101.82136002604167,103.78035595703125,103.78435599772135
2023-07-26 15:48:07.533744,5321026.0,5321475.0,101.82605570475259,101.8300557454427,103.7890516764323,103.7930517171224
2023-07-26 15:48:07.541933,5321028.0,5321477.0,101.83475174967448,101.83875179036458,103.79774772135416,103.80174776204427
2023-07-26 15:48:07.551065,5321030.0,5321479.0,101.84345821126301,101.84745829264322,103.80644376627605,103.81044384765624
2023-07-26 15:48:07.559249,5321032.0,5321481.0,101.85214388020833,101.85614392089845,103.81513985188802,103.81913989257812
2023-07-26 15:48:07.568371,5321034.0,5321483.0,101.86083992513021,101.86483996582031,103.8238358968099,103.8278359375
2023-07-26 15:48:07.576579,5321036.0,5321485.0,101.86953597005208,101.8735360107422,103.83253194173177,103.83653198242187
2023-07-26 15:48:07.585782,5321038.0,5321487.0,101.87823173014323,101.88223177083333,103.84122770182292,103.84522774251302
2023-07-26 15:48:07.594026,5321040.0,5321489.0,101.8869277750651,101.8909278157552,103.84992374674479,103.8539237874349
2023-07-26 15:48:07.603140,5321042.0,5321491.0,101.89562381998698,101.89962390136719,103.85861979166667,103.86261987304687
2023-07-26 15:48:07.612256,5321044.0,5321493.0,101.90431990559897,101.90831994628905,103.86731587727864,103.87131591796876
2023-07-26 15:48:07.620373,5321046.0,5321495.0,101.91301595052083,101.91701599121095,103.87601192220052,103.88001196289062
2023-07-26 15:48:07.629511,5321048.0,5321497.0,101.9217117919922,101.92571179199219,103.88470776367187,103.88870776367187
2023-07-26 15:48:07.642684,5321050.0,5321499.0,101.93040771484375,101.93440779622397,103.89340368652344,103.89740376790364
2023-07-26 15:48:07.651154,5321053.0,5321502.0,101.94345182291667,101.94745186360676,103.90645821126301,103.91045825195313
2023-07-26 15:48:07.659393,5321055.0,5321504.0,101.95214786783853,101.95614794921875,103.91514383951824,103.91914392089843
2023-07-26 15:48:07.668646,5321057.0,5321506.0,101.96084395345052,101.96484399414062,103.92383992513021,103.92783996582031
2023-07-26 15:48:07.676976,5321059.0,5321508.0,101.96953991699219,101.9735399169922,103.93253588867188,103.93653588867187
2023-07-26 15:48:07.686222,5321061.0,5321510.0,101.97823571777344,101.98223575846353,103.94123168945312,103.94523173014323
2023-07-26 15:48:07.694362,5321063.0,5321512.0,101.9869317626953,101.99093184407552,103.94992773437501,103.95392781575521
2023-07-26 15:48:07.703615,5321065.0,5321514.0,101.9956278483073,101.9996278889974,103.95862381998698,103.96262386067708
2023-07-26 15:48:07.715864,5321067.0,5321516.0,102.00432389322917,102.00832393391927,103.96731986490886,103.97131990559896
2023-07-26 15:48:07.725054,5321070.0,5321519.0,102.01736800130209,102.02136804199218,103.98036397298176,103.98436401367188
2023-07-26 15:48:07.733308,5321072.0,5321521.0,102.02606372070312,102.03006376139324,103.98905969238281,103.99305973307291
2023-07-26 15:48:07.746490,5321074.0,5321523.0,102.034759765625,102.0387598063151,103.99775573730469,104.00175577799479
2023-07-26 15:48:07.755378,5321077.0,5321526.0,102.04780387369792,102.05180391438802,104.0107998453776,104.01479988606772
2023-07-26 15:48:07.763694,5321079.0,5321528.0,102.05651033528646,102.06051037597656,104.01949589029948,104.02349593098958
2023-07-26 15:48:07.772857,5321081.0,5321530.0,102.06519596354165,102.06919604492188,104.02819193522136,104.03219201660156
2023-07-26 15:48:07.781288,5321083.0,5321532.0,102.07389168294272,102.07789176432293,104.03688765462239,104.0408877360026
2023-07-26 15:48:07.789688,5321085.0,5321534.0,102.08258776855469,102.08658780924479,104.04558374023438,104.04958378092448
2023-07-26 15:48:07.799042,5321087.0,5321536.0,102.09128381347657,102.09528385416667,104.05427978515624,104.05827982584636
2023-07-26 15:48:07.807362,5321089.0,5321538.0,102.09997985839844,102.10397993977865,104.06297583007813,104.06697591145833
2023-07-26 15:48:07.820629,5321091.0,5321540.0,102.10867594401041,102.11267598470052,104.0716719156901,104.0756719563802
2023-07-26 15:48:07.828883,5321094.0,5321543.0,102.12171968587239,102.1257197265625,104.08471565755208,104.08871569824218
2023-07-26 15:48:07.838237,5321096.0,5321545.0,102.13041573079427,102.13441581217448,104.09341170247396,104.09741178385417
2023-07-26 15:48:07.846582,5321098.0,5321547.0,102.13911181640624,102.14311185709636,104.10210778808595,104.10610782877603
2023-07-26 15:48:07.854903,5321100.0,5321549.0,102.14780786132813,102.15180790201823,104.11080383300781,104.11480387369792
2023-07-26 15:48:07.864192,5321102.0,5321551.0,102.15650390625,102.16050398763021,104.11951029459635,104.12351037597657
2023-07-26 15:48:07.872409,5321104.0,5321553.0,102.16519999186198,102.16920003255208,104.12819596354166,104.13219600423177
2023-07-26 15:48:07.881656,5321106.0,5321555.0,102.17390612792968,102.17790616861978,104.13689168294272,104.1408917236328
2023-07-26 15:48:07.894042,5321108.0,5321557.0,102.1825917561849,102.1865918375651,104.14558772786458,104.14958780924479
2023-07-26 15:48:07.902805,5321111.0,5321560.0,102.19563586425782,102.19963590494791,104.1586318359375,104.16263187662761
2023-07-26 15:48:07.911848,5321113.0,5321562.0,102.20433190917969,102.2083319498698,104.16732788085938,104.17132792154948
2023-07-26 15:48:07.920888,5321115.0,5321564.0,102.21302795410156,102.21702803548177,104.17602392578125,104.18002400716146
2023-07-26 15:48:07.929038,5321117.0,5321566.0,102.2217237141927,102.22572375488281,104.1847196858724,104.1887197265625
2023-07-26 15:48:07.942414,5321119.0,5321568.0,102.23041975911458,102.23441979980468,104.19341573079427,104.19741577148437
2023-07-26 15:48:07.951136,5321122.0,5321571.0,102.24346382649739,102.24746390787762,104.20645979817708,104.21045987955729
2023-07-26 15:48:07.959254,5321124.0,5321573.0,102.25215991210938,102.25615995279948,104.21515588378907,104.21915592447917
2023-07-26 15:48:07.972652,5321126.0,5321575.0,102.26085595703125,102.26485599772136,104.22385192871093,104.22785196940104
2023-07-26 15:48:07.981607,5321129.0,5321578.0,102.27389969889323,102.27789978027343,104.23689567057292,104.24090616861979
2023-07-26 15:48:07.989870,5321131.0,5321580.0,102.2825957845052,102.28659582519532,104.24559175618491,104.249591796875
2023-07-26 15:48:08.003237,5321133.0,5321582.0,102.2912918294271,102.29529187011718,104.25428780110677,104.25828784179689
2023-07-26 15:48:08.012043,5321136.0,5321585.0,102.3043359375,102.3083359781901,104.26733190917969,104.27133194986979
2023-07-26 15:48:08.024286,5321138.0,5321587.0,102.31303202311199,102.31703202311198,104.27602795410156,104.28002799479167
2023-07-26 15:48:08.033691,5321141.0,5321590.0,102.32607572428385,102.33007580566407,104.28907169596354,104.29307177734376
2023-07-26 15:48:08.046061,5321143.0,5321592.0,102.33477180989583,102.33877185058594,104.29776778157552,104.30176782226562
2023-07-26 15:48:08.055194,5321146.0,5321595.0,102.34781587727865,102.35181591796875,104.31081184895834,104.31481188964844
2023-07-26 15:48:08.068261,5321148.0,5321597.0,102.35651192220051,102.36051200358074,104.31950789388021,104.32350797526041
2023-07-26 15:48:08.077328,5321151.0,5321600.0,102.3695557047526,102.37355574544272,104.33255167643229,104.33655171712239
2023-07-26 15:48:08.089783,5321153.0,5321602.0,102.37825174967448,102.38225179036458,104.34124772135416,104.34524776204427
2023-07-26 15:48:08.099081,5321156.0,5321605.0,102.3912958577474,102.39529589843751,104.35429182942708,104.35829187011718
2023-07-26 15:48:08.107303,5321158.0,5321607.0,102.39999190266927,102.40399194335937,104.36298787434896,104.36698791503906
2023-07-26 15:48:08.120483,5321160.0,5321609.0,102.40868794759115,102.41268802897136,104.37168391927082,104.37568400065103
2023-07-26 15:48:08.128911,5321163.0,5321612.0,102.42173173014324,102.42573177083332,104.38472770182291,104.38872774251303
2023-07-26 15:48:08.138246,5321165.0,5321614.0,102.4304277750651,102.43442781575521,104.3934237467448,104.39742378743489
2023-07-26 15:48:08.151447,5321167.0,5321616.0,102.43912381998697,102.44312390136719,104.40211979166666,104.40611987304688
2023-07-26 15:48:08.159877,5321170.0,5321619.0,102.4521679280599,102.45616796875,104.41516389973958,104.41916394042968
2023-07-26 15:48:08.167943,5321172.0,5321621.0,102.46086397298177,102.46486401367187,104.42385994466146,104.42785998535156
2023-07-26 15:48:08.181332,5321174.0,5321623.0,102.4695596923828,102.47355977376303,104.4325556640625,104.4365557454427
2023-07-26 15:48:08.190298,5321177.0,5321626.0,102.48260380045573,102.48660384114584,104.44559977213541,104.44959981282553
2023-07-26 15:48:08.203441,5321179.0,5321628.0,102.4912998453776,102.49529988606771,104.4542958170573,104.4582958577474
2023-07-26 15:48:08.211843,5321182.0,5321631.0,102.50434395345052,102.50834399414063,104.46733992513022,104.4713399658203
2023-07-26 15:48:08.219998,5321184.0,5321633.0,102.5130399169922,102.51703991699219,104.47603588867187,104.48003588867188
2023-07-26 15:48:08.233180,5321186.0,5321635.0,102.52173571777344,102.52573575846354,104.48473168945311,104.48873173014323
2023-07-26 15:48:08.241906,5321189.0,5321638.0,102.53477982584636,102.53877986653646,104.49777579752603,104.50177583821615
2023-07-26 15:48:08.251152,5321191.0,5321640.0,102.54347587076823,102.54747591145833,104.50647184244792,104.51047188313802
2023-07-26 15:48:08.264328,5321193.0,5321642.0,102.55217191569011,102.55617199707031,104.51516788736978,104.51916796875
2023-07-26 15:48:08.272319,5321196.0,5321645.0,102.56521569824218,102.56921573893229,104.52821166992187,104.53221171061197
2023-07-26 15:48:08.285372,5321198.0,5321647.0,102.57391174316406,102.57791178385418,104.53690771484375,104.54090775553385
2023-07-26 15:48:08.294160,5321201.0,5321650.0,102.58695581054688,102.59095589192708,104.54995178222656,104.55395186360677
2023-07-26 15:48:08.303272,5321203.0,5321652.0,102.59565189615886,102.59965193684896,104.55864786783854,104.56264790852865
2023-07-26 15:48:08.311403,5321205.0,5321654.0,102.60434794108072,102.60834798177083,104.56734391276042,104.57134395345052
2023-07-26 15:48:08.324480,5321207.0,5321656.0,102.6130438232422,102.6170438232422,104.57603979492187,104.58003979492187
2023-07-26 15:48:08.333268,5321210.0,5321659.0,102.6260877685547,102.63008780924478,104.58908374023437,104.59308378092449
2023-07-26 15:48:08.342733,5321212.0,5321661.0,102.63478381347656,102.63878385416668,104.59777978515625,104.60177982584635
2023-07-26 15:48:08.350841,5321214.0,5321663.0,102.64347985839845,102.64747993977865,104.60647583007812,104.61047591145834
2023-07-26 15:48:08.359252,5321216.0,5321665.0,102.65217594401041,102.65617598470052,104.61517191569011,104.6191719563802
2023-07-26 15:48:08.368658,5321218.0,5321667.0,102.66087194824217,102.66487194824218,104.62386791992188,104.62786791992188
2023-07-26 15:48:08.381646,5321220.0,5321669.0,102.66956770833333,102.67356778971354,104.632563680013,104.63656376139323
2023-07-26 15:48:08.390268,5321223.0,5321672.0,102.68261181640625,102.68661185709635,104.64560778808594,104.64960782877604
2023-07-26 15:48:08.403576,5321225.0,5321674.0,102.69130786132813,102.69530790201823,104.65430383300782,104.65830387369792
2023-07-26 15:48:08.411992,5321228.0,5321677.0,102.70435196940105,102.70835201009115,104.66734794108072,104.67134798177084
2023-07-26 15:48:08.425218,5321230.0,5321679.0,102.71304772949217,102.71704772949218,104.67604370117188,104.68004370117188
2023-07-26 15:48:08.433653,5321233.0,5321682.0,102.7260917561849,102.73009183756511,104.68908772786457,104.69308780924479
2023-07-26 15:48:08.442740,5321235.0,5321684.0,102.73478784179689,102.73878788248697,104.69778381347656,104.70178385416668
2023-07-26 15:48:08.454912,5321237.0,5321686.0,102.74348388671875,102.74748392740887,104.70647985839844,104.71047989908854
2023-07-26 15:48:08.463801,5321240.0,5321689.0,102.75652795410157,102.76052803548177,104.71952392578125,104.72352400716146
2023-07-26 15:48:08.477094,5321242.0,5321691.0,102.7652237141927,102.76922375488282,104.7282196858724,104.73221972656249
2023-07-26 15:48:08.485723,5321245.0,5321694.0,102.77826778157552,102.78226782226562,104.7412637532552,104.74526379394531
2023-07-26 15:48:08.498842,5321247.0,5321696.0,102.78696382649738,102.79096390787761,104.74995979817709,104.75395987955729
2023-07-26 15:48:08.507510,5321250.0,5321699.0,102.8000079345703,102.80400797526042,104.76300390625,104.7670039469401
2023-07-26 15:48:08.520569,5321252.0,5321701.0,102.8087039794922,102.81270397949218,104.77169995117187,104.77569995117187
2023-07-26 15:48:08.529448,5321255.0,5321704.0,102.82174776204427,102.82574780273438,104.78474373372396,104.78874377441406
2023-07-26 15:48:08.542687,5321257.0,5321706.0,102.83044380696614,102.83444384765625,104.79343977864583,104.79743981933593
2023-07-26 15:48:08.551215,5321260.0,5321709.0,102.84348787434895,102.84748795572916,104.80648384602866,104.81048392740885
2023-07-26 15:48:08.559381,5321262.0,5321711.0,102.85218395996094,102.85618400065104,104.81517993164061,104.81917997233073
2023-07-26 15:48:08.572702,5321264.0,5321713.0,102.86087976074218,102.86487976074218,104.82387573242188,104.82787573242189
2023-07-26 15:48:08.581479,5321267.0,5321716.0,102.8739237467448,102.877923828125,104.83691971842448,104.84091979980468
2023-07-26 15:48:08.589917,5321269.0,5321718.0,102.88261983235677,102.88661987304687,104.84561580403646,104.84961584472657
2023-07-26 15:48:08.603348,5321271.0,5321720.0,102.89131587727864,102.89531591796876,104.85431184895833,104.85831188964843
2023-07-26 15:48:08.612064,5321274.0,5321723.0,102.90435998535156,102.90836002604166,104.86735595703125,104.87135599772135
2023-07-26 15:48:08.620287,5321276.0,5321725.0,102.9130557047526,102.91705574544271,104.8760516764323,104.88005171712238
2023-07-26 15:48:08.633602,5321278.0,5321727.0,102.92175174967448,102.92575179036457,104.88474772135416,104.88874776204428
2023-07-26 15:48:08.642064,5321281.0,5321730.0,102.93479585774739,102.9387958984375,104.89779182942709,104.9017918701172
2023-07-26 15:48:08.651215,5321283.0,5321732.0,102.94349190266928,102.94749194335937,104.90648787434895,104.91048791503907
2023-07-26 15:48:08.663609,5321285.0,5321734.0,102.95218794759114,102.95618802897135,104.91518391927083,104.91918400065103
2023-07-26 15:48:08.672478,5321288.0,5321737.0,102.96523173014323,102.96923177083333,104.9282277018229,104.93222774251302
2023-07-26 15:48:08.681818,5321290.0,5321739.0,102.9739277750651,102.97792781575521,104.9369237467448,104.9409237874349
2023-07-26 15:48:08.694123,5321292.0,5321741.0,102.98262381998698,102.9866239013672,104.94561979166666,104.94961987304687
2023-07-26 15:48:08.702894,5321295.0,5321744.0,102.9956679280599,102.99966796874999,104.95866389973958,104.96266394042969
2023-07-26 15:48:08.712069,5321297.0,5321746.0,103.00436397298176,103.00836401367188,104.96735994466147,104.97135998535155
2023-07-26 15:48:08.725271,5321299.0,5321748.0,103.01305969238281,103.01705977376302,104.9760556640625,104.98005574544271
2023-07-26 15:48:08.737613,5321302.0,5321751.0,103.02610380045573,103.03010384114583,104.98909977213542,104.99309981282552
2023-07-26 15:48:08.746727,5321305.0,5321754.0,103.03914786783854,103.04314794921875,105.00214383951824,105.00614392089844
2023-07-26 15:48:08.759737,5321307.0,5321756.0,103.04784395345051,103.05184399414063,105.01083992513021,105.01483996582031
2023-07-26 15:48:08.768943,5321310.0,5321759.0,103.0608876953125,103.0648877360026,105.02388366699219,105.02788370768229
2023-07-26 15:48:08.777032,5321312.0,5321761.0,103.06958374023438,103.07358382161458,105.03257971191407,105.03657979329428
2023-07-26 15:48:08.790352,5321314.0,5321763.0,103.07827982584635,103.08227986653647,105.04127579752604,105.04527583821614
2023-07-26 15:48:08.798561,5321317.0,5321766.0,103.09132389322917,103.09532393391926,105.05431986490885,105.05831990559896
2023-07-26 15:48:08.807705,5321319.0,5321768.0,103.10001993815104,103.10402001953125,105.06301590983072,105.06701599121094
2023-07-26 15:48:08.820940,5321321.0,5321770.0,103.1087156982422,103.11271573893228,105.07171166992187,105.07571171061198
2023-07-26 15:48:08.829455,5321324.0,5321773.0,103.121759765625,103.1257598063151,105.08475573730469,105.08875577799479
2023-07-26 15:48:08.842578,5321326.0,5321775.0,103.13045581054688,103.13445589192709,105.09345178222655,105.09745186360676
2023-07-26 15:48:08.851307,5321329.0,5321778.0,103.14351033528646,103.14751037597655,105.10649589029948,105.11049593098959
2023-07-26 15:48:08.863356,5321331.0,5321780.0,103.15219596354166,103.15619604492188,105.11519193522136,105.11919201660156
2023-07-26 15:48:08.872824,5321334.0,5321783.0,103.16523974609375,103.16923978678385,105.12823571777344,105.13223575846354
2023-07-26 15:48:08.885302,5321336.0,5321785.0,103.17393579101562,103.17793583170572,105.13693176269531,105.14093180338541
2023-07-26 15:48:08.894706,5321339.0,5321788.0,103.18697985839844,103.19097993977866,105.14997583007812,105.15397591145833
2023-07-26 15:48:08.907892,5321341.0,5321790.0,103.19567594401042,103.19967598470052,105.1586719156901,105.16267195638021
2023-07-26 15:48:08.916249,5321344.0,5321793.0,103.2087196858724,103.2127197265625,105.17171565755208,105.17571569824219
2023-07-26 15:48:08.929305,5321346.0,5321795.0,103.21741573079427,103.22141581217447,105.18041170247396,105.18441178385417
2023-07-26 15:48:08.938086,5321349.0,5321798.0,103.23045983886718,103.23445987955729,105.19345581054688,105.19745585123697
2023-07-26 15:48:08.946451,5321351.0,5321800.0,103.23915588378907,103.24315596516928,105.20215185546874,105.20615193684895
2023-07-26 15:48:08.959533,5321353.0,5321802.0,103.24785196940104,103.25185201009114,105.21084794108073,105.21484798177083
2023-07-26 15:48:08.968820,5321356.0,5321805.0,103.26090612792969,103.26490616861979,105.22389168294272,105.22789172363281
2023-07-26 15:48:08.981910,5321358.0,5321807.0,103.2695917561849,103.2735918375651,105.23258772786458,105.2365878092448
2023-07-26 15:48:08.990158,5321361.0,5321810.0,103.28263586425781,103.28663590494791,105.2456318359375,105.2496318766276
2023-07-26 15:48:09.003429,5321363.0,5321812.0,103.29133190917969,103.29533194986979,105.25432788085938,105.25832792154948
2023-07-26 15:48:09.011509,5321366.0,5321815.0,103.30437585449218,103.30837585449218,105.26737182617188,105.27137182617187
2023-07-26 15:48:09.024611,5321368.0,5321817.0,103.31307173665365,103.31707177734374,105.27606770833333,105.28006774902344
2023-07-26 15:48:09.033175,5321371.0,5321820.0,103.32611580403645,103.33011588541666,105.28911177571615,105.29311185709636
2023-07-26 15:48:09.046580,5321373.0,5321822.0,103.33481188964844,103.33881193033855,105.29780786132812,105.30180790201823
2023-07-26 15:48:09.055629,5321376.0,5321825.0,103.34785595703126,103.35185599772134,105.31085192871093,105.31485196940105
2023-07-26 15:48:09.067988,5321378.0,5321827.0,103.35655167643229,103.3605517578125,105.31954764811198,105.32354772949218
2023-07-26 15:48:09.076641,5321381.0,5321830.0,103.36959578450521,103.37359582519532,105.3325917561849,105.336591796875
2023-07-26 15:48:09.085990,5321383.0,5321832.0,103.37829182942708,103.38229187011719,105.34128780110677,105.34528784179687
2023-07-26 15:48:09.099043,5321385.0,5321834.0,103.38698787434896,103.39098795572916,105.34998384602865,105.35398392740886
2023-07-26 15:48:09.107105,5321388.0,5321837.0,103.40003198242188,103.40403202311198,105.36302795410157,105.36702799479167
2023-07-26 15:48:09.120123,5321390.0,5321839.0,103.40872770182291,103.41272774251303,105.3717236735026,105.3757237141927
2023-07-26 15:48:09.129558,5321393.0,5321842.0,103.42177180989583,103.42577185058593,105.38476778157552,105.38876782226562
2023-07-26 15:48:09.142568,5321395.0,5321844.0,103.4304678548177,103.43446789550782,105.3934638264974,105.3974638671875
2023-07-26 15:48:09.151281,5321398.0,5321847.0,103.44351192220051,103.44751200358074,105.4065078938802,105.41050797526042
2023-07-26 15:48:09.164308,5321400.0,5321849.0,103.45220788574218,103.45620788574219,105.41520385742187,105.41920385742186
2023-07-26 15:48:09.173015,5321403.0,5321852.0,103.46525174967448,103.46925179036458,105.42824772135415,105.43224776204427
2023-07-26 15:48:09.185381,5321405.0,5321854.0,103.47395821126302,103.47795829264322,105.43694376627604,105.44094384765626
2023-07-26 15:48:09.194575,5321408.0,5321857.0,103.48699190266927,103.49099194335938,105.44998787434896,105.45398791503906
2023-07-26 15:48:09.207737,5321410.0,5321859.0,103.49568794759115,103.49968802897135,105.45868391927083,105.46268400065104
2023-07-26 15:48:09.216404,5321413.0,5321862.0,103.50873173014323,103.51273177083333,105.47172770182291,105.47572774251302
2023-07-26 15:48:09.228865,5321415.0,5321864.0,103.5174277750651,103.52142781575522,105.48042374674479,105.48442378743489
2023-07-26 15:48:09.237741,5321418.0,5321867.0,103.53047184244792,103.53447192382812,105.4934678141276,105.49746789550782
2023-07-26 15:48:09.250882,5321420.0,5321869.0,103.5391679280599,103.54316796875,105.50216389973959,105.50616394042969
2023-07-26 15:48:09.259436,5321423.0,5321872.0,103.55221179199219,103.55621179199218,105.51520776367187,105.51920776367187
2023-07-26 15:48:09.272795,5321425.0,5321874.0,103.56090771484375,103.56490779622396,105.52390368652344,105.52790376790364
2023-07-26 15:48:09.281331,5321428.0,5321877.0,103.57395182291667,103.57795186360677,105.53695821126301,105.54095825195313
2023-07-26 15:48:09.294460,5321430.0,5321879.0,103.58264786783853,103.58664794921874,105.54564383951823,105.54964392089845
2023-07-26 15:48:09.302875,5321433.0,5321882.0,103.59569197591145,103.59969201660157,105.55868794759115,105.56268798828124
2023-07-26 15:48:09.316278,5321435.0,5321884.0,103.60438769531251,103.6083877360026,105.56738366699219,105.5713837076823
2023-07-26 15:48:09.328897,5321438.0,5321887.0,103.6174317626953,103.62143184407552,105.58042773437501,105.5844278157552
2023-07-26 15:48:09.338015,5321441.0,5321890.0,103.63047587076824,103.63447591145834,105.59347184244791,105.59747188313803
2023-07-26 15:48:09.351330,5321443.0,5321892.0,103.63917191569011,103.64317199707031,105.60216788736979,105.60616796875
2023-07-26 15:48:09.359885,5321446.0,5321895.0,103.65221569824219,103.65621573893229,105.61521166992188,105.61921171061198
2023-07-26 15:48:09.373089,5321448.0,5321897.0,103.66091174316406,103.66491178385417,105.62390771484375,105.62790775553385
2023-07-26 15:48:09.381677,5321451.0,5321900.0,103.67395581054687,103.67795589192708,105.63695178222656,105.64095186360676
2023-07-26 15:48:09.394847,5321453.0,5321902.0,103.68265189615886,103.68665193684896,105.64564786783853,105.64964790852865
2023-07-26 15:48:09.403231,5321456.0,5321905.0,103.69569596354167,103.69969604492188,105.65869193522136,105.66269201660157
2023-07-26 15:48:09.416388,5321458.0,5321907.0,103.70439168294271,103.70839176432293,105.6673876546224,105.6713877360026
2023-07-26 15:48:09.425175,5321461.0,5321910.0,103.71743579101563,103.72143583170572,105.6804317626953,105.68443180338542
2023-07-26 15:48:09.438266,5321463.0,5321912.0,103.7261318359375,103.7301319173177,105.6891278076172,105.6931278889974
2023-07-26 15:48:09.446896,5321466.0,5321915.0,103.73917594401041,103.74317598470053,105.7021719156901,105.7061719563802
2023-07-26 15:48:09.460245,5321468.0,5321917.0,103.74787194824218,103.75187194824218,105.71086791992188,105.71486791992187
2023-07-26 15:48:09.468561,5321471.0,5321920.0,103.76091573079427,103.76491581217448,105.72391170247397,105.72791178385417
2023-07-26 15:48:09.481637,5321473.0,5321922.0,103.76961181640624,103.77361185709636,105.73260778808594,105.73660782877604
2023-07-26 15:48:09.489906,5321476.0,5321925.0,103.78265588378906,103.78665596516927,105.74565185546875,105.74965193684895
2023-07-26 15:48:09.503055,5321478.0,5321927.0,103.79135196940105,103.79535201009114,105.75434794108072,105.75834798177084
2023-07-26 15:48:09.511559,5321481.0,5321930.0,103.80440612792968,103.80840616861978,105.76739168294272,105.77139172363282
2023-07-26 15:48:09.524739,5321483.0,5321932.0,103.8130917561849,103.8170918375651,105.77608772786458,105.78008780924479
2023-07-26 15:48:09.533336,5321486.0,5321935.0,103.82613586425782,103.83013590494791,105.7891318359375,105.79313187662761
2023-07-26 15:48:09.546574,5321488.0,5321937.0,103.83483190917968,103.8388319498698,105.79782788085937,105.80182792154947
2023-07-26 15:48:09.555684,5321491.0,5321940.0,103.84787585449219,103.85187585449219,105.81087182617188,105.81487182617188
2023-07-26 15:48:09.568920,5321493.0,5321942.0,103.85657173665365,103.86057177734375,105.81956770833334,105.82356774902344
2023-07-26 15:48:09.577405,5321496.0,5321945.0,103.86961580403646,103.87361588541667,105.83261177571615,105.83661185709636
2023-07-26 15:48:09.590431,5321498.0,5321947.0,103.87831188964843,103.88231193033855,105.84130786132813,105.84530790201822
2023-07-26 15:48:09.599084,5321501.0,5321950.0,103.89135595703125,103.89535599772135,105.85435192871093,105.85835196940104
2023-07-26 15:48:09.611447,5321503.0,5321952.0,103.9000516764323,103.9040517578125,105.86304764811197,105.86704772949219
2023-07-26 15:48:09.620892,5321506.0,5321955.0,103.9130957845052,103.91709582519532,105.8760917561849,105.88009179687499
2023-07-26 15:48:09.633865,5321508.0,5321957.0,103.9217918294271,103.92579187011718,105.88478780110677,105.88878784179688
2023-07-26 15:48:09.642518,5321511.0,5321960.0,103.9348359375,103.9388359781901,105.89783190917969,105.9018319498698
2023-07-26 15:48:09.654851,5321513.0,5321962.0,103.94353198242187,103.94753202311199,105.90652795410156,105.91052799479166
2023-07-26 15:48:09.664176,5321516.0,5321965.0,103.95657572428387,103.96057580566406,105.91957169596354,105.92357177734375
2023-07-26 15:48:09.677301,5321518.0,5321967.0,103.96527180989582,103.96927185058594,105.92826778157553,105.93226782226562
2023-07-26 15:48:09.690689,5321521.0,5321970.0,103.97831587727865,103.98231591796875,105.94131184895834,105.94531188964844
2023-07-26 15:48:09.699029,5321524.0,5321973.0,103.99135998535155,103.99536002604167,105.95435595703125,105.95835599772136
2023-07-26 15:48:09.712114,5321526.0,5321975.0,104.0000557047526,104.00405574544271,105.96305167643229,105.96705171712239
2023-07-26 15:48:09.720280,5321529.0,5321978.0,104.01309977213542,104.01709985351562,105.97609574381511,105.98009582519532
2023-07-26 15:48:09.733656,5321531.0,5321980.0,104.02179585774739,104.02579589843751,105.9847918294271,105.98879187011718
2023-07-26 15:48:09.742709,5321534.0,5321983.0,104.03483992513021,104.0388399658203,105.99783589680989,106.0018359375
2023-07-26 15:48:09.755742,5321536.0,5321985.0,104.04353597005208,104.04753601074219,106.00653194173178,106.01053198242187
2023-07-26 15:48:09.764165,5321539.0,5321988.0,104.05657975260416,104.06057979329428,106.01957572428385,106.02357576497396
2023-07-26 15:48:09.777457,5321541.0,5321990.0,104.06527579752604,104.06927583821614,106.02827176920573,106.03227180989583
2023-07-26 15:48:09.786124,5321544.0,5321993.0,104.07831990559896,104.08231994628906,106.04131587727865,106.04531591796875
2023-07-26 15:48:09.799336,5321546.0,5321995.0,104.08701595052084,104.09101599121094,106.05001192220051,106.05401196289063
2023-07-26 15:48:09.812423,5321549.0,5321998.0,104.1000596923828,104.10405977376303,106.0630556640625,106.0670557454427
2023-07-26 15:48:09.820482,5321552.0,5322001.0,104.11310380045573,104.11710384114583,106.07609977213541,106.08009981282552
2023-07-26 15:48:09.833528,5321554.0,5322003.0,104.12179984537761,104.12579988606771,106.0847958170573,106.0887958577474
2023-07-26 15:48:09.846591,5321557.0,5322006.0,104.13484395345051,104.13884399414063,106.09783992513022,106.1018399658203
2023-07-26 15:48:09.860032,5321560.0,5322009.0,104.1478876953125,104.1518877360026,106.11088366699218,106.1148837076823
2023-07-26 15:48:09.868347,5321563.0,5322012.0,104.16093176269531,104.16493184407551,106.123927734375,106.12792781575521
2023-07-26 15:48:09.881594,5321565.0,5322014.0,104.16962784830729,104.1736278889974,106.13262381998697,106.13662386067708
2023-07-26 15:48:09.894312,5321568.0,5322017.0,104.18267191569011,104.18667199707032,106.14566788736978,106.14966796875
2023-07-26 15:48:09.903392,5321571.0,5322020.0,104.1957156982422,104.19971573893228,106.15871166992187,106.16271171061199
2023-07-26 15:48:09.916772,5321573.0,5322022.0,104.20441174316406,104.20841178385417,106.16740771484376,106.17140775553385
2023-07-26 15:48:09.925110,5321576.0,5322025.0,104.21745581054688,104.22145589192708,106.18045178222656,106.18445186360677
2023-07-26 15:48:09.938152,5321578.0,5322027.0,104.22615189615885,104.23015193684896,106.18914786783854,106.19314790852864
2023-07-26 15:48:09.946500,5321581.0,5322030.0,104.23919596354166,104.24319604492189,106.20219193522135,106.20619201660156
2023-07-26 15:48:09.959679,5321583.0,5322032.0,104.24789168294271,104.25189176432292,106.2108876546224,106.21488773600261
2023-07-26 15:48:09.973130,5321586.0,5322035.0,104.26093579101563,104.26493583170573,106.22393176269532,106.22793180338542
2023-07-26 15:48:09.981729,5321589.0,5322038.0,104.27397985839845,104.27797993977865,106.23697583007812,106.24097591145834
2023-07-26 15:48:09.994111,5321591.0,5322040.0,104.2826759440104,104.28667598470052,106.24567191569011,106.2496719563802
2023-07-26 15:48:10.003438,5321594.0,5322043.0,104.2957196858724,104.2997197265625,106.25871565755207,106.26271569824219
2023-07-26 15:48:10.015902,5321596.0,5322045.0,104.30441573079426,104.30841581217447,106.26741170247396,106.27141178385418
2023-07-26 15:48:10.025203,5321599.0,5322048.0,104.31745983886718,104.3214598795573,106.28045581054688,106.28445585123697
2023-07-26 15:48:10.037514,5321601.0,5322050.0,104.32615588378907,104.33015596516927,106.28915185546875,106.29315193684896
2023-07-26 15:48:10.050897,5321604.0,5322053.0,104.33919999186197,104.34320003255209,106.30219596354166,106.30619600423177
2023-07-26 15:48:10.059374,5321607.0,5322056.0,104.35224373372395,104.35624377441407,106.31523970540364,106.31923974609374
2023-07-26 15:48:10.072863,5321609.0,5322058.0,104.36093977864583,104.36493986002604,106.32393575032552,106.32793583170573
2023-07-26 15:48:10.081222,5321612.0,5322061.0,104.37398388671875,104.37798392740886,106.33697985839845,106.34097989908854
2023-07-26 15:48:10.094385,5321614.0,5322063.0,104.38267993164062,104.38668001302082,106.34567590332031,106.34967598470053
2023-07-26 15:48:10.102905,5321617.0,5322066.0,104.3957237141927,104.39972375488281,106.3587196858724,106.36271972656249
2023-07-26 15:48:10.116033,5321619.0,5322068.0,104.40441975911459,104.40841979980469,106.36741573079426,106.37141577148438
2023-07-26 15:48:10.129320,5321622.0,5322071.0,104.4174638264974,104.42146390787761,106.38045979817709,106.3844598795573
2023-07-26 15:48:10.137632,5321625.0,5322074.0,104.4305079345703,104.43450797526042,106.39350390625,106.39750394694009
2023-07-26 15:48:10.150712,5321627.0,5322076.0,104.43920397949219,104.44320397949218,106.40219995117187,106.40619995117187
2023-07-26 15:48:10.159549,5321630.0,5322079.0,104.45224776204427,104.45624780273438,106.41524373372395,106.41924377441406
2023-07-26 15:48:10.172835,5321632.0,5322081.0,104.46094380696614,104.46494384765626,106.42393977864583,106.42793981933593
2023-07-26 15:48:10.181273,5321635.0,5322084.0,104.47398787434896,104.47798795572916,106.43698384602865,106.44098392740887
2023-07-26 15:48:10.194549,5321637.0,5322086.0,104.48268395996094,104.48668400065104,106.44567993164063,106.44967997233073
2023-07-26 15:48:10.203780,5321640.0,5322089.0,104.49572770182291,104.49972774251302,106.4587236735026,106.4627237141927
2023-07-26 15:48:10.216773,5321642.0,5322091.0,104.50442374674479,104.508423828125,106.46741971842448,106.47141979980468
2023-07-26 15:48:10.225244,5321645.0,5322094.0,104.51746785481771,104.52146789550783,106.48046382649738,106.4844638671875
2023-07-26 15:48:10.238401,5321647.0,5322096.0,104.52616389973957,104.53016398111978,106.48915987141928,106.49315995279949
2023-07-26 15:48:10.246805,5321650.0,5322099.0,104.53920788574219,104.54320788574219,106.50220385742188,106.50620385742187
2023-07-26 15:48:10.260119,5321652.0,5322101.0,104.54790372721355,104.55190376790364,106.51089969889323,106.51489973958334
2023-07-26 15:48:10.268719,5321655.0,5322104.0,104.56095821126301,104.56495829264323,106.52394376627605,106.52794384765625
2023-07-26 15:48:10.281817,5321657.0,5322106.0,104.56964388020833,104.57364392089845,106.53263985188802,106.53663989257812
2023-07-26 15:48:10.289994,5321660.0,5322109.0,104.58268794759114,104.58668802897135,106.54568391927083,106.54968400065104
2023-07-26 15:48:10.303161,5321662.0,5322111.0,104.59138366699219,104.5953837483724,106.55437963867186,106.55837972005209
2023-07-26 15:48:10.316199,5321665.0,5322114.0,104.6044277750651,104.6084278157552,106.5674237467448,106.5714237874349
2023-07-26 15:48:10.325218,5321668.0,5322117.0,104.61747184244791,104.62147192382812,106.5804678141276,106.58446789550781
2023-07-26 15:48:10.338446,5321670.0,5322119.0,104.6261679280599,104.63016796875,106.58916389973957,106.59316394042969
2023-07-26 15:48:10.351501,5321673.0,5322122.0,104.6392117919922,104.64321179199219,106.60220776367187,106.60620776367188
2023-07-26 15:48:10.360017,5321676.0,5322125.0,104.65225577799478,104.6562558186849,106.61525174967448,106.61925179036457
2023-07-26 15:48:10.373215,5321678.0,5322127.0,104.66095182291667,104.66495186360676,106.62395821126302,106.62795825195313
2023-07-26 15:48:10.381394,5321681.0,5322130.0,104.67399589029948,104.67799597167969,106.63699186197917,106.64099194335937
2023-07-26 15:48:10.394526,5321683.0,5322132.0,104.68269197591145,104.68669201660157,106.64568794759114,106.64968798828124
2023-07-26 15:48:10.407850,5321686.0,5322135.0,104.69573571777345,104.69973575846353,106.65873168945312,106.66273173014324
2023-07-26 15:48:10.421105,5321689.0,5322138.0,104.70877982584635,104.71277986653647,106.67177579752604,106.67577583821614
2023-07-26 15:48:10.433320,5321692.0,5322141.0,104.72182389322917,104.72582393391927,106.68481986490885,106.68881990559896
2023-07-26 15:48:10.446588,5321695.0,5322144.0,104.73486800130209,104.73886804199218,106.69786397298176,106.70186401367188
2023-07-26 15:48:10.459629,5321698.0,5322147.0,104.74791174316405,104.75191178385417,106.71090771484376,106.71490775553386
2023-07-26 15:48:10.472437,5321701.0,5322150.0,104.76095581054688,104.76495589192709,106.72395178222656,106.72795186360676
2023-07-26 15:48:10.485735,5321704.0,5322153.0,104.77401033528646,104.77801037597656,106.73699589029948,106.74099593098958
2023-07-26 15:48:10.499325,5321707.0,5322156.0,104.7870438232422,104.79104382324219,106.75003979492188,106.75403979492188
2023-07-26 15:48:10.512305,5321710.0,5322159.0,104.80008776855469,104.80408780924479,106.76308374023438,106.76708378092448
2023-07-26 15:48:10.525262,5321713.0,5322162.0,104.8131318359375,104.81713191731771,106.77612780761719,106.7801278889974
2023-07-26 15:48:10.538219,5321716.0,5322165.0,104.82617594401042,104.83017598470052,106.7891719156901,106.7931719563802
2023-07-26 15:48:10.551175,5321719.0,5322168.0,104.8392196858724,104.8432197265625,106.80221565755208,106.80621569824218
2023-07-26 15:48:10.564132,5321722.0,5322171.0,104.85226379394531,104.85626383463541,106.815259765625,106.8192598063151
2023-07-26 15:48:10.573101,5321725.0,5322174.0,104.86530786132813,104.86930790201822,106.82830383300781,106.83230387369792
2023-07-26 15:48:10.586058,5321727.0,5322176.0,104.87400390625,104.87800398763021,106.83701029459635,106.84101037597655
2023-07-26 15:48:10.599014,5321730.0,5322179.0,104.88704772949218,104.89104772949219,106.85004370117187,106.85404370117188
2023-07-26 15:48:10.611971,5321733.0,5322182.0,104.9000917561849,104.9040918375651,106.86308772786458,106.8670878092448
2023-07-26 15:48:10.624928,5321736.0,5322185.0,104.91313586425781,104.91713590494791,106.8761318359375,106.88013187662762
2023-07-26 15:48:10.637885,5321739.0,5322188.0,104.92617993164062,104.93018001302083,106.88917590332032,106.89317598470052
2023-07-26 15:48:10.650841,5321742.0,5322191.0,104.9392237141927,104.94322375488281,106.9022196858724,106.9062197265625
2023-07-26 15:48:10.659811,5321745.0,5322194.0,104.95226778157553,104.95626782226562,106.9152637532552,106.91926379394532
2023-07-26 15:48:10.672768,5321747.0,5322196.0,104.96096382649739,104.96496390787762,106.92395979817708,106.92795987955729
2023-07-26 15:48:10.685724,5321750.0,5322199.0,104.97400793457031,104.97800797526041,106.93700390625,106.9410039469401
2023-07-26 15:48:10.698684,5321753.0,5322202.0,104.98705167643229,104.9910517578125,106.95004764811198,106.95404772949217
2023-07-26 15:48:10.707649,5321756.0,5322205.0,105.0000957845052,105.00409582519532,106.9630917561849,106.967091796875
2023-07-26 15:48:10.720611,5321758.0,5322207.0,105.0087918294271,105.01279187011718,106.97178780110677,106.97578784179689
2023-07-26 15:48:10.733567,5321761.0,5322210.0,105.0218359375,105.0258359781901,106.98483190917969,106.98883194986979
2023-07-26 15:48:10.742538,5321764.0,5322213.0,105.03487976074219,105.03887976074219,106.99787573242187,107.00187573242188
2023-07-26 15:48:10.755539,5321766.0,5322215.0,105.04357572428385,105.04757580566407,107.00657169596354,107.01057177734374
2023-07-26 15:48:10.768518,5321769.0,5322218.0,105.05661983235677,105.06061987304687,107.01961580403645,107.02361584472656
2023-07-26 15:48:10.781406,5321772.0,5322221.0,105.06966389973958,105.0736639811198,107.03265987141927,107.03665995279948
2023-07-26 15:48:10.790372,5321775.0,5322224.0,105.08270788574218,105.08670788574219,107.04570385742187,107.04970385742187
2023-07-26 15:48:10.803328,5321777.0,5322226.0,105.09140372721355,105.09540376790365,107.05439969889322,107.05839973958334
2023-07-26 15:48:10.816286,5321780.0,5322229.0,105.10445821126302,105.10845829264322,107.06744376627604,107.07144384765625
2023-07-26 15:48:10.829287,5321783.0,5322232.0,105.11749190266927,105.12149194335937,107.08048787434896,107.08448791503906
2023-07-26 15:48:10.842200,5321786.0,5322235.0,105.13053597005208,105.1345360107422,107.09353194173178,107.09753198242187
2023-07-26 15:48:10.855157,5321789.0,5322238.0,105.14357975260417,105.14757979329427,107.10657572428386,107.11057576497396
2023-07-26 15:48:10.868112,5321792.0,5322241.0,105.15662381998698,105.16062390136719,107.11961979166666,107.12361987304688
2023-07-26 15:48:10.881070,5321795.0,5322244.0,105.1696679280599,105.17366796875,107.13266389973958,107.13666394042968
2023-07-26 15:48:10.895023,5321798.0,5322247.0,105.18271179199219,105.1867117919922,107.14570776367187,107.14970776367187
2023-07-26 15:48:10.907980,5321801.0,5322250.0,105.19575577799479,105.19975581868489,107.15875174967448,107.16275179036458
2023-07-26 15:48:10.920936,5321804.0,5322253.0,105.2087998453776,105.21279988606771,107.1717958170573,107.17579585774739
2023-07-26 15:48:10.933893,5321807.0,5322256.0,105.22184395345052,105.22584399414063,107.1848399251302,107.1888399658203
2023-07-26 15:48:10.946849,5321810.0,5322259.0,105.23488769531251,105.2388877360026,107.19788366699218,107.2018837076823
2023-07-26 15:48:10.959806,5321813.0,5322262.0,105.2479317626953,105.25193184407551,107.210927734375,107.21492781575522
2023-07-26 15:48:10.972763,5321816.0,5322265.0,105.26097587076823,105.26497591145834,107.22397184244792,107.22797188313803
2023-07-26 15:48:10.985719,5321819.0,5322268.0,105.27401993815104,105.27802001953125,107.23701590983072,107.24101599121094
2023-07-26 15:48:10.998676,5321822.0,5322271.0,105.28706372070313,105.29106376139323,107.2500596923828,107.25405973307292
2023-07-26 15:48:11.011633,5321825.0,5322274.0,105.30010778808594,105.30410786946615,107.26310375976563,107.26710384114583
2023-07-26 15:48:11.024590,5321828.0,5322277.0,105.31315189615886,105.31715193684896,107.27614786783853,107.28014790852865
2023-07-26 15:48:11.033558,5321831.0,5322280.0,105.32619596354166,105.33019604492188,107.28919193522135,107.29319201660157
2023-07-26 15:48:11.046516,5321833.0,5322282.0,105.33489168294271,105.33889176432292,107.2978876546224,107.3018877360026
2023-07-26 15:48:11.059472,5321836.0,5322285.0,105.34793579101563,105.35193583170573,107.3109317626953,107.31493180338542
2023-07-26 15:48:11.072429,5321839.0,5322288.0,105.36097985839844,105.36497993977865,107.32397583007813,107.32797591145834
2023-07-26 15:48:11.086382,5321842.0,5322291.0,105.37402396647136,105.37802400716146,107.33701993815104,107.34101997884115
2023-07-26 15:48:11.099339,5321845.0,5322294.0,105.38706770833333,105.39106778971355,107.35006368001301,107.35406376139323
2023-07-26 15:48:11.112296,5321848.0,5322297.0,105.40011181640625,105.40411185709635,107.36310778808594,107.36710782877604
2023-07-26 15:48:11.125252,5321851.0,5322300.0,105.41315588378906,105.41715596516927,107.37615185546875,107.38015193684896
2023-07-26 15:48:11.138208,5321854.0,5322303.0,105.42619999186198,105.4302000325521,107.38919596354167,107.39319600423177
2023-07-26 15:48:11.151165,5321857.0,5322306.0,105.43924373372396,105.44324377441406,107.40223970540364,107.40623974609375
2023-07-26 15:48:11.164122,5321860.0,5322309.0,105.45228784179689,105.45628788248698,107.41528381347656,107.41928385416668
2023-07-26 15:48:11.177078,5321863.0,5322312.0,105.46533190917968,105.4693319498698,107.42832788085938,107.43232792154947
2023-07-26 15:48:11.190038,5321866.0,5322315.0,105.47837585449219,105.48237585449219,107.44137182617187,107.44537182617188
2023-07-26 15:48:11.202990,5321869.0,5322318.0,105.49141975911459,105.49541979980468,107.45441573079427,107.45841577148438
2023-07-26 15:48:11.215946,5321872.0,5322321.0,105.50446382649739,105.50846390787761,107.46745979817709,107.47145987955729
2023-07-26 15:48:11.229900,5321875.0,5322324.0,105.5175079345703,105.52150797526042,107.48050390625001,107.4845039469401
2023-07-26 15:48:11.242856,5321878.0,5322327.0,105.5305516764323,105.5345517578125,107.49354764811197,107.49754772949218
2023-07-26 15:48:11.255812,5321881.0,5322330.0,105.5435957845052,105.54759582519532,107.5065917561849,107.51059179687499
2023-07-26 15:48:11.268769,5321884.0,5322333.0,105.55663985188802,105.56063993326823,107.51963582356771,107.52363590494791
2023-07-26 15:48:11.281491,5321887.0,5322336.0,105.56968395996094,105.57368400065104,107.53267993164062,107.53667997233073
2023-07-26 15:48:11.294480,5321890.0,5322339.0,105.5827277018229,105.58672774251302,107.54572367350261,107.54972371419271
2023-07-26 15:48:11.307925,5321893.0,5322342.0,105.59577180989582,105.59977185058594,107.55876778157553,107.56276782226561
2023-07-26 15:48:11.321135,5321896.0,5322345.0,105.60881587727864,105.61281591796876,107.57181184895833,107.57581188964843
2023-07-26 15:48:11.333606,5321899.0,5322348.0,105.62185998535156,105.62586002604166,107.58485595703125,107.58885599772135
2023-07-26 15:48:11.346811,5321902.0,5322351.0,105.63490372721354,105.63890376790364,107.59789969889323,107.60189973958335
2023-07-26 15:48:11.360228,5321905.0,5322354.0,105.64795821126302,105.65195829264323,107.61094376627604,107.61494384765625
2023-07-26 15:48:11.373159,5321908.0,5322357.0,105.66099190266928,105.66499194335937,107.62398787434896,107.62798791503907
2023-07-26 15:48:11.386113,5321911.0,5322360.0,105.67403597005209,105.67803601074219,107.63703194173178,107.64103198242188
2023-07-26 15:48:11.398726,5321914.0,5322363.0,105.68707975260416,105.69107979329428,107.65007572428387,107.65407576497395
2023-07-26 15:48:11.412418,5321917.0,5322366.0,105.70012381998698,105.70412390136718,107.66311979166666,107.66711987304687
2023-07-26 15:48:11.424774,5321920.0,5322369.0,105.7131679280599,105.71716796874999,107.67616389973958,107.6801639404297
2023-07-26 15:48:11.438368,5321923.0,5322372.0,105.72621179199218,105.73021179199219,107.68920776367187,107.69320776367186
2023-07-26 15:48:11.450898,5321926.0,5322375.0,105.73925577799479,105.7432558186849,107.70225174967449,107.70625179036458
2023-07-26 15:48:11.463949,5321929.0,5322378.0,105.7522998453776,105.75629988606771,107.7152958170573,107.7192958577474
2023-07-26 15:48:11.477601,5321932.0,5322381.0,105.76534395345051,105.76934399414063,107.72833992513021,107.7323399658203
2023-07-26 15:48:11.490558,5321935.0,5322384.0,105.7783876953125,105.7823877360026,107.74138366699219,107.7453837076823
2023-07-26 15:48:11.503513,5321938.0,5322387.0,105.79143176269531,105.79543184407552,107.754427734375,107.75842781575521
2023-07-26 15:48:11.516469,5321941.0,5322390.0,105.80447587076823,105.80847591145833,107.76747184244792,107.77147188313803
2023-07-26 15:48:11.529426,5321944.0,5322393.0,105.81751993815104,105.82152001953125,107.78051590983073,107.78451599121094
2023-07-26 15:48:11.542383,5321947.0,5322396.0,105.83056372070313,105.83456376139324,107.7935596923828,107.79755973307292
2023-07-26 15:48:11.555339,5321950.0,5322399.0,105.84360778808595,105.84760786946615,107.80660375976562,107.81060384114583
2023-07-26 15:48:11.568295,5321953.0,5322402.0,105.85665189615885,105.86065193684895,107.81964786783854,107.82364790852866
2023-07-26 15:48:11.582044,5321956.0,5322405.0,105.86969596354166,105.87369604492189,107.83269193522135,107.83669201660156
2023-07-26 15:48:11.595086,5321959.0,5322408.0,105.88273974609375,105.88673978678385,107.84573571777344,107.84973575846354
2023-07-26 15:48:11.607599,5321962.0,5322411.0,105.89578381347657,105.89978385416667,107.85877978515624,107.86277982584636
2023-07-26 15:48:11.621114,5321965.0,5322414.0,105.90882792154947,105.91282796223959,107.87182389322918,107.87582393391926
2023-07-26 15:48:11.633613,5321968.0,5322417.0,105.92187194824218,105.92587194824218,107.88486791992187,107.88886791992188
2023-07-26 15:48:11.646728,5321971.0,5322420.0,105.93491573079427,105.93891581217447,107.89791170247396,107.90191178385417
2023-07-26 15:48:11.660271,5321974.0,5322423.0,105.94795983886718,105.9519598795573,107.91095581054688,107.91495585123697
2023-07-26 15:48:11.672712,5321977.0,5322426.0,105.96100390625,105.96500398763021,107.92401029459636,107.92801037597656
2023-07-26 15:48:11.686361,5321980.0,5322429.0,105.97404772949218,105.97804772949218,107.93704370117187,107.94104370117188
2023-07-26 15:48:11.698810,5321983.0,5322432.0,105.9870917561849,105.99109183756511,107.95008772786458,107.95408780924478
2023-07-26 15:48:11.712354,5321986.0,5322435.0,106.00013586425781,106.00413590494792,107.9631318359375,107.9671318766276
2023-07-26 15:48:11.724947,5321989.0,5322438.0,106.01317993164062,106.01718001302082,107.97617590332031,107.98017598470052
2023-07-26 15:48:11.738461,5321992.0,5322441.0,106.0262237141927,106.03022375488281,107.9892196858724,107.9932197265625
2023-07-26 15:48:11.751007,5321995.0,5322444.0,106.03926778157552,106.04326782226562,108.0022637532552,108.00626379394531
2023-07-26 15:48:11.764237,5321998.0,5322447.0,106.05231188964844,106.05631193033855,108.01530786132813,108.01930790201823
2023-07-26 15:48:11.777531,5322001.0,5322450.0,106.06535595703126,106.06935599772135,108.02835192871093,108.03235196940105
2023-07-26 15:48:11.790057,5322004.0,5322453.0,106.07839969889322,106.08239978027343,108.04139567057292,108.04540616861979
2023-07-26 15:48:11.803726,5322007.0,5322456.0,106.09144380696614,106.09544384765626,108.05443977864583,108.05843981933593
2023-07-26 15:48:11.816212,5322010.0,5322459.0,106.10448787434896,106.10848795572916,108.06748384602865,108.07148392740886
2023-07-26 15:48:11.829175,5322013.0,5322462.0,106.11753198242188,106.12153202311198,108.08052795410157,108.08452799479167
2023-07-26 15:48:11.842798,5322016.0,5322465.0,106.13057572428386,106.13457580566407,108.09357169596355,108.09757177734375
2023-07-26 15:48:11.855402,5322019.0,5322468.0,106.14361983235678,106.14761987304686,108.10661580403645,108.11061584472657
2023-07-26 15:48:11.868414,5322022.0,5322471.0,106.15666389973958,106.16066398111978,108.11965987141927,108.12365995279949
2023-07-26 15:48:11.881648,5322025.0,5322474.0,106.16970788574218,106.17370788574219,108.13270385742187,108.13670385742186
2023-07-26 15:48:11.894726,5322028.0,5322477.0,106.18275174967448,106.18675179036458,108.14574772135416,108.14974776204427
2023-07-26 15:48:11.907803,5322031.0,5322480.0,106.1957958577474,106.1997958984375,108.15879182942709,108.16279187011719
2023-07-26 15:48:11.920945,5322034.0,5322483.0,106.2088399251302,106.21283996582031,108.1718358968099,108.1758359375
2023-07-26 15:48:11.934199,5322037.0,5322486.0,106.22188366699218,106.2258837483724,108.18487963867187,108.18887972005209
2023-07-26 15:48:11.946730,5322040.0,5322489.0,106.2349277750651,106.2389278157552,108.19792374674479,108.2019237874349
2023-07-26 15:48:11.960263,5322043.0,5322492.0,106.24797184244791,106.25197192382812,108.2109678141276,108.21496789550783
2023-07-26 15:48:11.972824,5322046.0,5322495.0,106.26101595052083,106.26501599121094,108.22401192220052,108.22801196289062
2023-07-26 15:48:11.985925,5322049.0,5322498.0,106.2740596923828,106.27805977376303,108.2370556640625,108.24105574544271
2023-07-26 15:48:11.998881,5322052.0,5322501.0,106.28710380045574,106.29110384114583,108.25009977213541,108.25409981282553
2023-07-26 15:48:12.011837,5322055.0,5322504.0,106.30014786783853,106.30414794921874,108.26314383951824,108.26714392089843
2023-07-26 15:48:12.024794,5322058.0,5322507.0,106.31319197591145,106.31719201660157,108.27618794759114,108.28018798828124
2023-07-26 15:48:12.037751,5322061.0,5322510.0,106.32623571777344,106.33023575846353,108.28923168945312,108.29323173014323
2023-07-26 15:48:12.051707,5322064.0,5322513.0,106.33927982584636,106.34327986653646,108.30227579752604,108.30627583821615
2023-07-26 15:48:12.064661,5322067.0,5322516.0,106.35232389322917,106.35632393391927,108.31531986490886,108.31931990559896
2023-07-26 15:48:12.077618,5322070.0,5322519.0,106.36536800130209,106.36936804199217,108.32836397298176,108.33236401367188
2023-07-26 15:48:12.090574,5322073.0,5322522.0,106.37841174316407,106.38241178385417,108.34140771484375,108.34540775553386
2023-07-26 15:48:12.103530,5322076.0,5322525.0,106.39145581054687,106.39545589192709,108.35445178222656,108.35845186360676
2023-07-26 15:48:12.116488,5322079.0,5322528.0,106.40451033528646,106.40851037597656,108.36749589029948,108.37149593098958
2023-07-26 15:48:12.129444,5322082.0,5322531.0,106.4175438232422,106.42154382324219,108.38053979492187,108.38453979492188
2023-07-26 15:48:12.142400,5322085.0,5322534.0,106.43058776855469,106.43458780924479,108.39358374023438,108.39758378092448
2023-07-26 15:48:12.155357,5322088.0,5322537.0,106.4436318359375,106.44763191731771,108.4066278076172,108.4106278889974
2023-07-26 15:48:12.168313,5322091.0,5322540.0,106.45667594401041,106.46067598470052,108.4196719156901,108.4236719563802
2023-07-26 15:48:12.181273,5322094.0,5322543.0,106.46971968587239,106.47371972656249,108.43271565755208,108.4367156982422
2023-07-26 15:48:12.194231,5322097.0,5322546.0,106.48276379394531,106.48676383463541,108.445759765625,108.4497598063151
2023-07-26 15:48:12.208180,5322100.0,5322549.0,106.49580786132813,106.49980790201823,108.4588038330078,108.46280387369792
2023-07-26 15:48:12.221137,5322103.0,5322552.0,106.50885196940105,106.51285201009114,108.47184794108072,108.47584798177084
2023-07-26 15:48:12.234093,5322106.0,5322555.0,106.52190612792968,106.52590616861978,108.48489168294272,108.4888917236328
2023-07-26 15:48:12.247050,5322109.0,5322558.0,106.53493977864584,106.53893986002605,108.49793575032551,108.50193583170572
2023-07-26 15:48:12.260010,5322112.0,5322561.0,106.54798388671875,106.55198392740886,108.51097985839844,108.51497989908854
2023-07-26 15:48:12.272963,5322115.0,5322564.0,106.56102795410158,106.56502803548177,108.52402392578125,108.52802400716146
2023-07-26 15:48:12.285919,5322118.0,5322567.0,106.57407173665365,106.57807177734375,108.53706770833334,108.54106774902344
2023-07-26 15:48:12.298876,5322121.0,5322570.0,106.58711580403646,106.59111588541666,108.55011177571615,108.55411185709636
2023-07-26 15:48:12.311833,5322124.0,5322573.0,106.60015991210938,106.60415995279948,108.56315588378907,108.56715592447917
2023-07-26 15:48:12.324789,5322127.0,5322576.0,106.61320397949218,106.61720397949219,108.57619995117187,108.58019995117186
2023-07-26 15:48:12.338743,5322130.0,5322579.0,106.62624776204427,106.63024780273439,108.58924373372395,108.59324377441406
2023-07-26 15:48:12.351699,5322133.0,5322582.0,106.6392918294271,106.64329187011718,108.60228780110677,108.60628784179688
2023-07-26 15:48:12.364656,5322136.0,5322585.0,106.6523359375,106.6563359781901,108.61533190917969,108.61933194986979
2023-07-26 15:48:12.377612,5322139.0,5322588.0,106.66537976074218,106.66937976074219,108.62837573242189,108.63237573242188
2023-07-26 15:48:12.390569,5322142.0,5322591.0,106.6784237467448,106.682423828125,108.64141971842447,108.64541979980469
2023-07-26 15:48:12.403525,5322145.0,5322594.0,106.6914678548177,106.69546789550782,108.65446382649739,108.6584638671875
2023-07-26 15:48:12.416485,5322148.0,5322597.0,106.70451192220051,106.70851200358074,108.66750789388021,108.67150797526041
2023-07-26 15:48:12.429438,5322151.0,5322600.0,106.7175557047526,106.72155574544271,108.68055167643229,108.68455171712239
2023-07-26 15:48:12.442395,5322154.0,5322603.0,106.73059977213542,106.73459985351562,108.69359574381511,108.69759582519532
2023-07-26 15:48:12.455351,5322157.0,5322606.0,106.74364388020832,106.74764392089844,108.70663985188803,108.71063989257811
2023-07-26 15:48:12.468308,5322160.0,5322609.0,106.75668794759115,106.76068802897136,108.71968391927082,108.72368400065103
2023-07-26 15:48:12.481265,5322163.0,5322612.0,106.76973173014323,106.77373177083332,108.73272770182291,108.73672774251303
2023-07-26 15:48:12.494222,5322166.0,5322615.0,106.78277579752603,106.78677583821614,108.74577176920573,108.74977180989583
2023-07-26 15:48:12.508175,5322169.0,5322618.0,106.79581990559896,106.79981994628906,108.75881587727865,108.76281591796875
2023-07-26 15:48:12.521132,5322172.0,5322621.0,106.80886397298177,106.81286401367187,108.77185994466146,108.77585998535156
2023-07-26 15:48:12.534089,5322175.0,5322624.0,106.82190771484376,106.82590779622396,108.78490368652344,108.78890376790365
2023-07-26 15:48:12.547045,5322178.0,5322627.0,106.83495182291666,106.83895186360677,108.79795821126302,108.80195825195312
2023-07-26 15:48:12.560002,5322181.0,5322630.0,106.84799589029949,106.8519959716797,108.81099186197916,108.81499194335937
2023-07-26 15:48:12.572961,5322184.0,5322633.0,106.8610399169922,106.86503991699219,108.82403588867187,108.82803588867188
2023-07-26 15:48:12.585923,5322187.0,5322636.0,106.87408374023437,106.87808382161458,108.83707971191407,108.84107979329427
2023-07-26 15:48:12.598971,5322190.0,5322639.0,106.88712784830729,106.8911278889974,108.85012381998698,108.85412386067708
2023-07-26 15:48:12.611923,5322193.0,5322642.0,106.90017191569011,106.9041719970703,108.86316788736978,108.86716796875
2023-07-26 15:48:12.624880,5322196.0,5322645.0,106.91321569824218,106.91721573893228,108.87621166992187,108.88021171061199
2023-07-26 15:48:12.637906,5322199.0,5322648.0,106.92625976562499,106.9302598063151,108.8892557373047,108.89325577799478
2023-07-26 15:48:12.650797,5322202.0,5322651.0,106.93930387369792,106.94330391438803,108.9022998453776,108.90629988606771
2023-07-26 15:48:12.664593,5322205.0,5322654.0,106.95234794108073,106.95634798177083,108.91534391276042,108.91934395345052
2023-07-26 15:48:12.677068,5322208.0,5322657.0,106.96539168294271,106.96939176432292,108.9283876546224,108.9323877360026
2023-07-26 15:48:12.690755,5322211.0,5322660.0,106.97843579101563,106.98243583170573,108.9414317626953,108.94543180338542
2023-07-26 15:48:12.703224,5322214.0,5322663.0,106.99147985839845,106.99547993977865,108.95447583007812,108.95847591145834
2023-07-26 15:48:12.716703,5322217.0,5322666.0,107.00452396647135,107.00852400716145,108.96751993815104,108.97151997884116
2023-07-26 15:48:12.729165,5322220.0,5322669.0,107.01756770833333,107.02156778971354,108.98056368001302,108.98456376139323
2023-07-26 15:48:12.742230,5322223.0,5322672.0,107.03061181640625,107.03461185709635,108.99360778808594,108.99760782877604
2023-07-26 15:48:12.755316,5322226.0,5322675.0,107.04365588378907,107.04765596516927,109.00665185546875,109.01065193684896
2023-07-26 15:48:12.768560,5322229.0,5322678.0,107.05669999186198,107.06070003255209,109.01969596354166,109.02369600423177
2023-07-26 15:48:12.781524,5322232.0,5322681.0,107.06974373372395,107.07374377441407,109.03273970540364,109.03673974609374
2023-07-26 15:48:12.795122,5322235.0,5322684.0,107.08278784179689,107.08678788248697,109.04578381347656,109.04978385416668
2023-07-26 15:48:12.808166,5322238.0,5322687.0,107.09583190917968,107.0998319498698,109.05882788085938,109.06282792154947
2023-07-26 15:48:12.821237,5322241.0,5322690.0,107.10887585449218,107.11287585449219,109.07187182617187,109.07587182617188
2023-07-26 15:48:12.834269,5322244.0,5322693.0,107.12191975911459,107.12591979980468,109.08491573079426,109.08891577148438
2023-07-26 15:48:12.847339,5322247.0,5322696.0,107.13496382649738,107.13896390787761,109.09795979817709,109.1019598795573
2023-07-26 15:48:12.859614,5322250.0,5322699.0,107.1480079345703,107.15200797526042,109.11100390625,109.11500394694009
2023-07-26 15:48:12.872792,5322253.0,5322702.0,107.1610516764323,107.1650517578125,109.12404764811197,109.12804772949218
2023-07-26 15:48:12.885503,5322256.0,5322705.0,107.17409578450521,107.17809582519531,109.1370917561849,109.141091796875
2023-07-26 15:48:12.899560,5322259.0,5322708.0,107.18713985188802,107.19113993326823,109.15013582356771,109.1541359049479
2023-07-26 15:48:12.912517,5322262.0,5322711.0,107.20018395996094,107.20418400065104,109.16317993164061,109.16717997233073
2023-07-26 15:48:12.925474,5322265.0,5322714.0,107.21322770182292,107.21722774251302,109.1762236735026,109.1802237141927
2023-07-26 15:48:12.938430,5322268.0,5322717.0,107.22627180989582,107.23027185058594,109.18926778157552,109.19326782226562
2023-07-26 15:48:12.951387,5322271.0,5322720.0,107.23931587727864,107.24331591796876,109.20231184895835,109.20631188964843
2023-07-26 15:48:12.964344,5322274.0,5322723.0,107.25235998535156,107.25636002604166,109.21535595703125,109.21935599772135
2023-07-26 15:48:12.977300,5322277.0,5322726.0,107.26540372721355,107.26940376790364,109.22839969889323,109.23239973958334
2023-07-26 15:48:12.990257,5322280.0,5322729.0,107.27845821126301,107.28245829264323,109.24144376627605,109.24544384765625
2023-07-26 15:48:13.003213,5322283.0,5322732.0,107.29149190266928,107.29549194335938,109.25448787434895,109.25848791503907
2023-07-26 15:48:13.016170,5322286.0,5322735.0,107.30453597005209,107.30853601074219,109.26753194173178,109.27153198242188
2023-07-26 15:48:13.029125,5322289.0,5322738.0,107.31757975260416,107.32157979329428,109.28057572428386,109.28457576497395
2023-07-26 15:48:13.043078,5322292.0,5322741.0,107.33062381998698,107.3346239013672,109.29361979166666,109.29761987304687
2023-07-26 15:48:13.056034,5322295.0,5322744.0,107.3436679280599,107.34766796874999,109.30666389973958,109.31066394042969
2023-07-26 15:48:13.068991,5322298.0,5322747.0,107.35671179199218,107.36071179199219,109.31970776367187,109.32370776367188
2023-07-26 15:48:13.081948,5322301.0,5322750.0,107.36975577799478,107.3737558186849,109.33275174967449,109.33675179036457
2023-07-26 15:48:13.094955,5322304.0,5322753.0,107.3827998453776,107.38679988606772,109.3457958170573,109.3497958577474
2023-07-26 15:48:13.107865,5322307.0,5322756.0,107.39584395345052,107.39984399414062,109.35883992513021,109.36283996582031
2023-07-26 15:48:13.120817,5322310.0,5322759.0,107.4088876953125,107.4128877360026,109.37188366699219,109.37588370768229
2023-07-26 15:48:13.133774,5322313.0,5322762.0,107.42193176269531,107.42593184407552,109.384927734375,109.38892781575521
2023-07-26 15:48:13.146730,5322316.0,5322765.0,107.43497587076824,107.43897591145833,109.39797184244792,109.40197188313803
2023-07-26 15:48:13.159687,5322319.0,5322768.0,107.44801993815103,107.45202001953125,109.41101590983072,109.41501599121095
2023-07-26 15:48:13.172877,5322322.0,5322771.0,107.46106372070312,107.46506376139324,109.42405969238281,109.42805973307291
2023-07-26 15:48:13.186139,5322325.0,5322774.0,107.47410778808595,107.47810786946614,109.43710375976562,109.44110384114583
2023-07-26 15:48:13.199446,5322328.0,5322777.0,107.48715189615886,107.49115193684895,109.45014786783854,109.45414790852865
2023-07-26 15:48:13.212556,5322331.0,5322780.0,107.50019596354166,107.50419604492188,109.46319193522136,109.46719201660156
2023-07-26 15:48:13.225698,5322334.0,5322783.0,107.51323974609375,107.51723978678385,109.47623571777343,109.48023575846354
2023-07-26 15:48:13.238152,5322337.0,5322786.0,107.52628381347657,107.53028385416667,109.48927978515624,109.49327982584636
2023-07-26 15:48:13.250991,5322340.0,5322789.0,107.53932792154947,107.54332796223959,109.50232389322917,109.50632393391926
2023-07-26 15:48:13.264537,5322343.0,5322792.0,107.55237194824218,107.55637194824219,109.51536791992187,109.51936791992188
2023-07-26 15:48:13.277639,5322346.0,5322795.0,107.56541573079427,107.56941581217447,109.52841170247396,109.53241178385417
2023-07-26 15:48:13.290703,5322349.0,5322798.0,107.57845983886718,107.58245987955729,109.54145581054688,109.54545585123698
2023-07-26 15:48:13.303121,5322352.0,5322801.0,107.59150390625,107.59550398763021,109.55451029459635,109.55851037597655
2023-07-26 15:48:13.316408,5322355.0,5322804.0,107.60454772949218,107.60854772949219,109.56754370117187,109.57154370117188
2023-07-26 15:48:13.329486,5322358.0,5322807.0,107.61759175618491,107.6215918375651,109.58058772786458,109.5845878092448
2023-07-26 15:48:13.342877,5322361.0,5322810.0,107.63063586425781,107.63463590494791,109.5936318359375,109.5976318766276
2023-07-26 15:48:13.356058,5322364.0,5322813.0,107.64367993164062,107.64768001302083,109.60667590332031,109.61067598470052
2023-07-26 15:48:13.368199,5322367.0,5322816.0,107.65672371419271,107.66072375488281,109.6197196858724,109.6237197265625
2023-07-26 15:48:13.381423,5322370.0,5322819.0,107.66976778157552,107.67376782226562,109.6327637532552,109.63676379394532
2023-07-26 15:48:13.394802,5322373.0,5322822.0,107.68281188964843,107.68681193033855,109.64580786132814,109.64980790201822
2023-07-26 15:48:13.407883,5322376.0,5322825.0,107.69585595703126,107.69985599772134,109.65885192871093,109.66285196940105
2023-07-26 15:48:13.420641,5322379.0,5322828.0,107.70889969889323,107.71289978027343,109.67189567057292,109.67590616861979
2023-07-26 15:48:13.433654,5322382.0,5322831.0,107.72194380696614,107.72594384765625,109.68493977864584,109.68893981933593
2023-07-26 15:48:13.446876,5322385.0,5322834.0,107.73498787434896,107.73898795572916,109.69798384602865,109.70198392740886
2023-07-26 15:48:13.460292,5322388.0,5322837.0,107.74803198242188,107.75203202311198,109.71102795410157,109.71502799479167
2023-07-26 15:48:13.473354,5322391.0,5322840.0,107.76107572428386,107.76507580566407,109.72407169596354,109.72807177734374
2023-07-26 15:48:13.485865,5322394.0,5322843.0,107.77411983235677,107.77811987304688,109.73711580403645,109.74111584472656
2023-07-26 15:48:13.499509,5322397.0,5322846.0,107.78716389973958,107.79116398111978,109.75015987141927,109.75415995279948
2023-07-26 15:48:13.511933,5322400.0,5322849.0,107.80020788574218,107.80420788574219,109.76320385742187,109.76720385742186
2023-07-26 15:48:13.525435,5322403.0,5322852.0,107.81325174967448,107.81725179036458,109.77624772135415,109.78024776204427
2023-07-26 15:48:13.538100,5322406.0,5322855.0,107.8262958577474,107.83029589843751,109.78929182942709,109.79329187011719
2023-07-26 15:48:13.551360,5322409.0,5322858.0,107.83933992513022,107.8433399658203,109.8023358968099,109.80633593750001
2023-07-26 15:48:13.564489,5322412.0,5322861.0,107.85238366699218,107.8563837483724,109.81537963867187,109.81937972005208
2023-07-26 15:48:13.577684,5322415.0,5322864.0,107.8654277750651,107.86942781575522,109.82842374674479,109.83242378743489
2023-07-26 15:48:13.590790,5322418.0,5322867.0,107.87847184244792,107.88247192382812,109.8414678141276,109.84546789550782
2023-07-26 15:48:13.603345,5322421.0,5322870.0,107.89151595052083,107.89551599121094,109.85451192220052,109.85851196289063
2023-07-26 15:48:13.616874,5322424.0,5322873.0,107.9045596923828,107.90855977376303,109.86755566406251,109.8715557454427
2023-07-26 15:48:13.629390,5322427.0,5322876.0,107.91760380045574,107.92160384114582,109.88059977213541,109.88459981282553
2023-07-26 15:48:13.642549,5322430.0,5322879.0,107.93064786783854,107.93464794921874,109.89364383951823,109.89764392089845
2023-07-26 15:48:13.656051,5322433.0,5322882.0,107.94369197591145,107.94769201660156,109.90668794759115,109.91068798828124
2023-07-26 15:48:13.668361,5322436.0,5322885.0,107.95673571777344,107.96073575846353,109.91973168945312,109.92373173014323
2023-07-26 15:48:13.681708,5322439.0,5322888.0,107.96977982584636,107.97377986653646,109.93277579752603,109.93677583821615
2023-07-26 15:48:13.694749,5322442.0,5322891.0,107.98282389322917,107.98682393391927,109.94581986490886,109.94981990559896
2023-07-26 15:48:13.707774,5322445.0,5322894.0,107.99586800130209,107.99986804199219,109.95886397298176,109.96286401367188
2023-07-26 15:48:13.721226,5322448.0,5322897.0,108.00891174316406,108.01291178385416,109.97190771484375,109.97590775553385
2023-07-26 15:48:13.733777,5322451.0,5322900.0,108.02195581054687,108.02595589192708,109.98495178222656,109.98895186360676
2023-07-26 15:48:13.746963,5322454.0,5322903.0,108.03501033528646,108.03901037597656,109.99799589029948,110.00199593098958
2023-07-26 15:48:13.760086,5322457.0,5322906.0,108.0480438232422,108.0520438232422,110.01103979492187,110.01503979492188
2023-07-26 15:48:13.773443,5322460.0,5322909.0,108.0610877685547,108.06508780924479,110.02408374023437,110.02808378092449
2023-07-26 15:48:13.785929,5322463.0,5322912.0,108.0741318359375,108.0781319173177,110.0371278076172,110.0411278889974
2023-07-26 15:48:13.799019,5322466.0,5322915.0,108.08717594401041,108.09117598470053,110.0501719156901,110.0541719563802
2023-07-26 15:48:13.812562,5322469.0,5322918.0,108.1002196858724,108.10421972656249,110.06321565755208,110.0672156982422
2023-07-26 15:48:13.825619,5322472.0,5322921.0,108.11326379394531,108.11726383463541,110.076259765625,110.08025980631511
2023-07-26 15:48:13.838110,5322475.0,5322924.0,108.12630786132813,108.13030790201823,110.08930383300782,110.09330387369792
2023-07-26 15:48:13.851288,5322478.0,5322927.0,108.13935196940105,108.14335201009114,110.10234794108072,110.10634798177084
2023-07-26 15:48:13.864355,5322481.0,5322930.0,108.1524061279297,108.15640616861978,110.11539168294271,110.11939172363282
2023-07-26 15:48:13.877788,5322484.0,5322933.0,108.16543977864583,108.16943986002605,110.12843575032552,110.13243583170572
2023-07-26 15:48:13.890103,5322487.0,5322936.0,108.17848388671875,108.18248392740885,110.14147985839844,110.14547989908854
2023-07-26 15:48:13.907953,5322490.0,5322939.0,108.19152795410157,108.19552803548177,110.15452392578125,110.15852400716146
2023-07-26 15:48:13.921114,5322494.0,5322943.0,108.2089197591146,108.21291979980468,110.17191573079427,110.17591577148438
2023-07-26 15:48:13.934104,5322497.0,5322946.0,108.22196382649739,108.22596390787761,110.18495979817709,110.18895987955729
2023-07-26 15:48:13.947510,5322500.0,5322949.0,108.2350079345703,108.23900797526042,110.19800390625,110.2020039469401
2023-07-26 15:48:13.959847,5322503.0,5322952.0,108.2480516764323,108.2520517578125,110.21104764811197,110.21504772949218
2023-07-26 15:48:13.973423,5322506.0,5322955.0,108.2610957845052,108.26509582519532,110.2240917561849,110.22809179687499
2023-07-26 15:48:13.985876,5322509.0,5322958.0,108.27413985188802,108.27813993326824,110.23713582356771,110.24113590494791
2023-07-26 15:48:13.998931,5322512.0,5322961.0,108.28718395996094,108.29118400065103,110.25017993164062,110.25417997233073
2023-07-26 15:48:14.012158,5322515.0,5322964.0,108.3002277018229,108.30422774251302,110.26322367350261,110.2672237141927
2023-07-26 15:48:14.025568,5322518.0,5322967.0,108.31327180989582,108.31727185058594,110.27626778157553,110.28026782226561
2023-07-26 15:48:14.038016,5322521.0,5322970.0,108.32631587727865,108.33031591796876,110.28931184895833,110.29331188964844
2023-07-26 15:48:14.051512,5322524.0,5322973.0,108.33935998535156,108.34336002604167,110.30235595703125,110.30635599772135
2023-07-26 15:48:14.064777,5322527.0,5322976.0,108.35240372721354,108.35640376790364,110.31539969889323,110.31939973958333
2023-07-26 15:48:14.077102,5322530.0,5322979.0,108.36545821126302,108.36945829264323,110.32844376627604,110.33244384765625
2023-07-26 15:48:14.090300,5322533.0,5322982.0,108.37849190266928,108.38249194335937,110.34148787434896,110.34548791503907
2023-07-26 15:48:14.103524,5322536.0,5322985.0,108.39153597005208,108.39553601074219,110.35453194173178,110.35853198242188
2023-07-26 15:48:14.117125,5322539.0,5322988.0,108.40457975260416,108.40857979329428,110.36757572428387,110.37157576497395
2023-07-26 15:48:14.129474,5322542.0,5322991.0,108.41762381998699,108.42162390136718,110.38061979166666,110.38461987304687
2023-07-26 15:48:14.142462,5322545.0,5322994.0,108.4306679280599,108.43466796874999,110.39366389973958,110.3976639404297
2023-07-26 15:48:14.156078,5322548.0,5322997.0,108.44371179199219,108.44771179199219,110.40670776367188,110.41070776367187
2023-07-26 15:48:14.168443,5322551.0,5323000.0,108.45675577799479,108.4607558186849,110.41975174967448,110.42375179036458
2023-07-26 15:48:14.181526,5322554.0,5323003.0,108.46979984537761,108.47379988606771,110.4327958170573,110.4367958577474
2023-07-26 15:48:14.194790,5322557.0,5323006.0,108.48284395345051,108.48684399414063,110.44583992513022,110.4498399658203
2023-07-26 15:48:14.207971,5322560.0,5323009.0,108.4958876953125,108.4998877360026,110.4588836669922,110.4628837076823
2023-07-26 15:48:14.221236,5322563.0,5323012.0,108.50893176269531,108.51293184407551,110.471927734375,110.47592781575521
2023-07-26 15:48:14.234352,5322566.0,5323015.0,108.52197587076823,108.52597591145833,110.48497184244792,110.48897188313802
2023-07-26 15:48:14.246814,5322569.0,5323018.0,108.53501993815104,108.53902001953125,110.49801590983073,110.50201599121094
2023-07-26 15:48:14.260458,5322572.0,5323021.0,108.54806372070313,108.55206376139324,110.5110596923828,110.51505973307292
2023-07-26 15:48:14.272777,5322575.0,5323024.0,108.56110778808595,108.56510786946615,110.52410375976562,110.52810384114584
2023-07-26 15:48:14.286273,5322578.0,5323027.0,108.57415189615885,108.57815193684895,110.53714786783854,110.54114790852864
2023-07-26 15:48:14.298799,5322581.0,5323030.0,108.58719596354166,108.59119604492189,110.55019193522135,110.55419201660156
2023-07-26 15:48:14.311867,5322584.0,5323033.0,108.60023974609375,108.60423978678385,110.56323571777344,110.56723575846354
2023-07-26 15:48:14.324989,5322587.0,5323036.0,108.61328381347656,108.61728385416667,110.57627978515625,110.58027982584636
2023-07-26 15:48:14.338192,5322590.0,5323039.0,108.62632792154947,108.63032796223959,110.58932389322918,110.59332393391927
2023-07-26 15:48:14.351502,5322593.0,5323042.0,108.63937194824219,108.64337194824218,110.60236791992187,110.60636791992188
2023-07-26 15:48:14.364894,5322596.0,5323045.0,108.65241573079427,108.65641581217447,110.61541170247396,110.61941178385418
2023-07-26 15:48:14.377442,5322599.0,5323048.0,108.66545983886718,108.6694598795573,110.62845581054688,110.63245585123697
2023-07-26 15:48:14.390666,5322602.0,5323051.0,108.67850390625,108.68250398763021,110.64151029459634,110.64551037597656
2023-07-26 15:48:14.403945,5322605.0,5323054.0,108.69154772949219,108.69554772949218,110.65454370117187,110.65854370117188
2023-07-26 15:48:14.416356,5322608.0,5323057.0,108.7045917561849,108.70859183756511,110.66758772786459,110.67158780924478
2023-07-26 15:48:14.429527,5322611.0,5323060.0,108.71763586425782,108.72163590494792,110.6806318359375,110.6846318766276
2023-07-26 15:48:14.442747,5322614.0,5323063.0,108.73067993164062,108.73468001302082,110.69367590332031,110.69767598470052
2023-07-26 15:48:14.455496,5322617.0,5323066.0,108.7437237141927,108.74772375488281,110.7067196858724,110.71071972656249
2023-07-26 15:48:14.469113,5322620.0,5323069.0,108.75676778157552,108.76076782226562,110.71976375325521,110.72376379394531
2023-07-26 15:48:14.481656,5322623.0,5323072.0,108.76981188964844,108.77381193033855,110.73280786132813,110.73680790201823
2023-07-26 15:48:14.494797,5322626.0,5323075.0,108.78285595703124,108.78685599772135,110.74585192871093,110.74985196940105
2023-07-26 15:48:14.508093,5322629.0,5323078.0,108.79589973958333,108.79989978027344,110.75889567057293,110.76290616861978
2023-07-26 15:48:14.521267,5322632.0,5323081.0,108.80894380696614,108.81294384765626,110.77193977864583,110.77593981933593
2023-07-26 15:48:14.534472,5322635.0,5323084.0,108.82198787434896,108.82598795572916,110.78498384602865,110.78898392740886
2023-07-26 15:48:14.547467,5322638.0,5323087.0,108.83503198242187,108.83903202311198,110.79802795410157,110.80202799479167
2023-07-26 15:48:14.559943,5322641.0,5323090.0,108.84807572428386,108.85207580566407,110.81107169596355,110.81507177734375
2023-07-26 15:48:14.572984,5322644.0,5323093.0,108.86111983235678,108.86511987304686,110.82411580403645,110.82811584472657
2023-07-26 15:48:14.586210,5322647.0,5323096.0,108.87416389973959,108.87816398111978,110.83715987141927,110.84115995279949
2023-07-26 15:48:14.599410,5322650.0,5323099.0,108.88720788574219,108.89120788574219,110.85020385742187,110.85420385742187
2023-07-26 15:48:14.611908,5322653.0,5323102.0,108.90025174967448,108.90425179036458,110.86324772135416,110.86724776204427
2023-07-26 15:48:14.625165,5322656.0,5323105.0,108.9132958577474,108.9172958984375,110.87629182942709,110.88029187011719
2023-07-26 15:48:14.638274,5322659.0,5323108.0,108.92633992513021,108.93033996582031,110.8893358968099,110.8933359375
2023-07-26 15:48:14.651492,5322662.0,5323111.0,108.93938366699219,108.9433837483724,110.90237963867187,110.90637972005209
2023-07-26 15:48:14.664255,5322665.0,5323114.0,108.9524277750651,108.9564278157552,110.91542374674479,110.9194237874349
2023-07-26 15:48:14.677646,5322668.0,5323117.0,108.96547184244791,108.96947192382812,110.9284678141276,110.93246789550781
2023-07-26 15:48:14.690100,5322671.0,5323120.0,108.97851595052083,108.98251599121095,110.94151192220052,110.94551196289062
2023-07-26 15:48:14.703479,5322674.0,5323123.0,108.99155969238281,108.99555977376303,110.9545556640625,110.95855574544271
2023-07-26 15:48:14.716476,5322677.0,5323126.0,109.00460380045573,109.00860384114583,110.96759977213542,110.97159981282553
2023-07-26 15:48:14.729828,5322680.0,5323129.0,109.01764786783853,109.02164794921875,110.98064383951824,110.98464392089843
2023-07-26 15:48:14.742914,5322683.0,5323132.0,109.03069197591145,109.03469201660157,110.99368794759114,110.99768798828124
2023-07-26 15:48:14.755996,5322686.0,5323135.0,109.04373571777344,109.04773575846353,111.00673168945312,111.01073173014323
2023-07-26 15:48:14.768308,5322689.0,5323138.0,109.05677982584635,109.06077986653646,111.01977579752604,111.02377583821615
2023-07-26 15:48:14.781412,5322692.0,5323141.0,109.06982389322917,109.07382393391927,111.03281986490884,111.03681990559896
2023-07-26 15:48:14.794667,5322695.0,5323144.0,109.08286800130209,109.08686804199218,111.04586397298176,111.04986401367188
2023-07-26 15:48:14.807914,5322698.0,5323147.0,109.09591174316407,109.09991178385417,111.05890771484376,111.06290775553386
2023-07-26 15:48:14.820959,5322701.0,5323150.0,109.10895581054687,109.11295589192709,111.07195178222656,111.07595186360676
2023-07-26 15:48:14.833931,5322704.0,5323153.0,109.12201037597656,109.12601037597656,111.08499589029948,111.08899593098958
2023-07-26 15:48:14.847469,5322707.0,5323156.0,109.1350438232422,109.13904382324219,111.09803979492187,111.10203979492188
2023-07-26 15:48:14.860534,5322710.0,5323159.0,109.14808776855469,109.15208780924479,111.11108374023438,111.11508378092448
2023-07-26 15:48:14.872677,5322713.0,5323162.0,109.1611318359375,109.16513191731771,111.1241278076172,111.1281278889974
2023-07-26 15:48:14.885828,5322716.0,5323165.0,109.17417594401041,109.17817598470052,111.1371719156901,111.1411719563802
2023-07-26 15:48:14.899088,5322719.0,5323168.0,109.18721968587239,109.1912197265625,111.15021565755208,111.15421569824218
2023-07-26 15:48:14.911873,5322722.0,5323171.0,109.20026379394531,109.20426383463541,111.163259765625,111.1672598063151
2023-07-26 15:48:14.925136,5322725.0,5323174.0,109.21330786132813,109.21730790201823,111.17630383300781,111.18030387369792
2023-07-26 15:48:14.938256,5322728.0,5323177.0,109.22635196940104,109.23035201009114,111.18934794108073,111.19334798177084
2023-07-26 15:48:14.951405,5322731.0,5323180.0,109.23940612792968,109.24340616861979,111.20239168294272,111.2063917236328
2023-07-26 15:48:14.964402,5322734.0,5323183.0,109.25243977864584,109.25643986002605,111.21543575032551,111.21943583170572
2023-07-26 15:48:14.977599,5322737.0,5323186.0,109.26548388671876,109.26948392740886,111.22847985839844,111.23247989908855
2023-07-26 15:48:14.990717,5322740.0,5323189.0,109.27852795410156,109.28252803548177,111.24152392578125,111.24552400716146
2023-07-26 15:48:15.003885,5322743.0,5323192.0,109.29157173665365,109.29557177734375,111.25456770833333,111.25856774902344
2023-07-26 15:48:15.016877,5322746.0,5323195.0,109.30461580403646,109.30861588541666,111.26761177571615,111.27161185709636
2023-07-26 15:48:15.029263,5322749.0,5323198.0,109.31765991210938,109.32165995279948,111.28065588378907,111.28465592447917
2023-07-26 15:48:15.042504,5322752.0,5323201.0,109.33070397949218,109.33470397949219,111.29369995117187,111.29769995117186
2023-07-26 15:48:15.055581,5322755.0,5323204.0,109.34374776204427,109.34774780273438,111.30674373372395,111.31074377441406
2023-07-26 15:48:15.069010,5322758.0,5323207.0,109.3567918294271,109.36079187011718,111.31978780110677,111.32378784179689
2023-07-26 15:48:15.082264,5322761.0,5323210.0,109.3698359375,109.3738359781901,111.33283190917969,111.33683194986979
2023-07-26 15:48:15.095336,5322764.0,5323213.0,109.38287976074218,109.38687976074219,111.34587573242189,111.34987573242188
2023-07-26 15:48:15.107759,5322767.0,5323216.0,109.3959237467448,109.399923828125,111.35891971842447,111.36291979980469
2023-07-26 15:48:15.121209,5322770.0,5323219.0,109.4089678548177,109.41296789550782,111.37196382649739,111.3759638671875
2023-07-26 15:48:15.133571,5322773.0,5323222.0,109.42201192220051,109.42601200358074,111.38500789388021,111.38900797526041
2023-07-26 15:48:15.151941,5322776.0,5323225.0,109.4350557047526,109.4390557454427,111.39805167643229,111.40205171712239
2023-07-26 15:48:15.164439,5322780.0,5323229.0,109.45245821126302,109.45645829264322,111.41544376627604,111.41944384765625
2023-07-26 15:48:15.177412,5322783.0,5323232.0,109.46549190266927,109.46949194335937,111.42848787434896,111.43248791503906
2023-07-26 15:48:15.190619,5322786.0,5323235.0,109.47853597005208,109.4825360107422,111.44153194173178,111.44553198242187
2023-07-26 15:48:15.204088,5322789.0,5323238.0,109.49157975260417,109.49557979329428,111.45457572428386,111.45857576497396
2023-07-26 15:48:15.216535,5322792.0,5323241.0,109.50462381998697,109.50862390136719,111.46761979166666,111.47161987304688
2023-07-26 15:48:15.229218,5322795.0,5323244.0,109.5176679280599,109.52166796875,111.48066389973958,111.48466394042968
2023-07-26 15:48:15.242665,5322798.0,5323247.0,109.53071179199219,109.5347117919922,111.49370776367186,111.49770776367187
2023-07-26 15:48:15.255939,5322801.0,5323250.0,109.54375577799479,109.54775581868489,111.50675174967448,111.51075179036458
2023-07-26 15:48:15.268969,5322804.0,5323253.0,109.5567998453776,109.56079988606771,111.5197958170573,111.5237958577474
2023-07-26 15:48:15.281966,5322807.0,5323256.0,109.56984395345052,109.57384399414063,111.5328399251302,111.5368399658203
2023-07-26 15:48:15.295441,5322810.0,5323259.0,109.58288769531251,109.58688773600261,111.54588366699218,111.5498837076823
2023-07-26 15:48:15.307766,5322813.0,5323262.0,109.59593176269532,109.59993184407551,111.558927734375,111.56292781575522
2023-07-26 15:48:15.321002,5322816.0,5323265.0,109.60897587076823,109.61297591145834,111.57197184244792,111.57597188313802
2023-07-26 15:48:15.334378,5322819.0,5323268.0,109.62201993815104,109.62602001953125,111.58501590983072,111.58901599121094
2023-07-26 15:48:15.347556,5322822.0,5323271.0,109.63506372070313,109.63906376139323,111.5980596923828,111.60205973307292
2023-07-26 15:48:15.360619,5322825.0,5323274.0,109.64810778808594,109.65210786946615,111.61110375976563,111.61510384114582
2023-07-26 15:48:15.372763,5322828.0,5323277.0,109.66115189615886,109.66515193684896,111.62414786783854,111.62814790852865
2023-07-26 15:48:15.386182,5322831.0,5323280.0,109.67419596354166,109.67819604492188,111.63719193522135,111.64119201660156
2023-07-26 15:48:15.399610,5322834.0,5323283.0,109.68723974609374,109.69123978678385,111.65023571777344,111.65423575846353
2023-07-26 15:48:15.412116,5322837.0,5323286.0,109.70028381347656,109.70428385416668,111.66327978515625,111.66727982584635
2023-07-26 15:48:15.425124,5322840.0,5323289.0,109.71332792154948,109.7173279622396,111.67632389322917,111.68032393391927
2023-07-26 15:48:15.438377,5322843.0,5323292.0,109.72637194824217,109.73037194824218,111.68936791992188,111.69336791992188
2023-07-26 15:48:15.451898,5322846.0,5323295.0,109.73941573079426,109.74341581217448,111.70241170247397,111.70641178385416
2023-07-26 15:48:15.464359,5322849.0,5323298.0,109.75245983886718,109.7564598795573,111.71545581054687,111.71945585123697
2023-07-26 15:48:15.481723,5322852.0,5323301.0,109.76550390625,109.7695039876302,111.72851029459635,111.73251037597656
2023-07-26 15:48:15.495235,5322856.0,5323305.0,109.78290612792969,109.78690616861978,111.74589168294271,111.74989172363281
2023-07-26 15:48:15.508202,5322859.0,5323308.0,109.79593977864583,109.79993986002604,111.75893575032552,111.76293583170572
2023-07-26 15:48:15.521265,5322862.0,5323311.0,109.80898388671875,109.81298392740887,111.77197985839844,111.77597989908854
2023-07-26 15:48:15.534345,5322865.0,5323314.0,109.82202795410157,109.82602803548177,111.78502392578125,111.78902400716146
2023-07-26 15:48:15.547415,5322868.0,5323317.0,109.83507173665365,109.83907177734375,111.79806770833333,111.80206774902345
2023-07-26 15:48:15.559843,5322871.0,5323320.0,109.84811580403645,109.85211588541667,111.81111177571616,111.81511185709635
2023-07-26 15:48:15.572935,5322874.0,5323323.0,109.86115991210937,109.86515995279949,111.82415588378906,111.82815592447916
2023-07-26 15:48:15.586391,5322877.0,5323326.0,109.8742039794922,109.87820397949218,111.83719995117187,111.84119995117187
2023-07-26 15:48:15.599740,5322880.0,5323329.0,109.88724776204427,109.89124780273438,111.85024373372396,111.85424377441406
2023-07-26 15:48:15.612772,5322883.0,5323332.0,109.90029182942709,109.90429187011719,111.86328780110676,111.86728784179688
2023-07-26 15:48:15.624955,5322886.0,5323335.0,109.91333593750001,109.9173359781901,111.87633190917968,111.8803319498698
2023-07-26 15:48:15.638466,5322889.0,5323338.0,109.92637976074218,109.93037976074218,111.88937573242188,111.89337573242189
2023-07-26 15:48:15.651547,5322892.0,5323341.0,109.9394237467448,109.943423828125,111.90241971842448,111.90641979980468
2023-07-26 15:48:15.664519,5322895.0,5323344.0,109.95246785481771,109.95646789550781,111.91546382649739,111.9194638671875
2023-07-26 15:48:15.677933,5322898.0,5323347.0,109.96551192220052,109.96951200358073,111.92850789388021,111.93250797526042
2023-07-26 15:48:15.690918,5322901.0,5323350.0,109.9785557047526,109.98255574544271,111.9415516764323,111.94555171712238
2023-07-26 15:48:15.703238,5322904.0,5323353.0,109.99159977213542,109.99559985351563,111.9545957438151,111.95859582519532
2023-07-26 15:48:15.716584,5322907.0,5323356.0,110.00464388020833,110.00864392089844,111.96763985188802,111.97163989257812
2023-07-26 15:48:15.733786,5322910.0,5323359.0,110.01768794759114,110.02168802897135,111.98068391927083,111.98468400065103
2023-07-26 15:48:15.747605,5322914.0,5323363.0,110.03507975260416,110.03907979329428,111.99807572428386,112.00207576497395
2023-07-26 15:48:15.760019,5322917.0,5323366.0,110.04812381998698,110.0521239013672,112.01111979166666,112.01511987304687
2023-07-26 15:48:15.773169,5322920.0,5323369.0,110.0611679280599,110.06516796874999,112.02416389973958,112.02816394042969
2023-07-26 15:48:15.786235,5322923.0,5323372.0,110.07421179199218,110.07821179199219,112.03720776367187,112.04120776367186
2023-07-26 15:48:15.799215,5322926.0,5323375.0,110.08725577799478,110.0912558186849,112.05025174967449,112.05425179036457
2023-07-26 15:48:15.812302,5322929.0,5323378.0,110.1002998453776,110.10429988606771,112.0632958170573,112.0672958577474
2023-07-26 15:48:15.825863,5322932.0,5323381.0,110.11334395345051,110.11734399414063,112.07633992513021,112.08033996582031
2023-07-26 15:48:15.843227,5322935.0,5323384.0,110.1263876953125,110.1303877360026,112.08938366699219,112.09338370768229
2023-07-26 15:48:15.855444,5322939.0,5323388.0,110.14377982584635,110.14777986653647,112.10677579752604,112.11077583821614
2023-07-26 15:48:15.868734,5322942.0,5323391.0,110.15682389322917,110.16082393391926,112.11981986490885,112.12381990559896
2023-07-26 15:48:15.882075,5322945.0,5323394.0,110.16986800130208,110.17386804199218,112.13286397298177,112.13686401367188
2023-07-26 15:48:15.895412,5322948.0,5323397.0,110.18291174316406,110.18691178385417,112.14590771484376,112.14990775553385
2023-07-26 15:48:15.907645,5322951.0,5323400.0,110.19595581054688,110.19995589192709,112.15895178222655,112.16295186360676
2023-07-26 15:48:15.925531,5322954.0,5323403.0,110.20901033528646,110.21301037597655,112.17199589029948,112.17599593098959
2023-07-26 15:48:15.938594,5322958.0,5323407.0,110.22639168294272,110.23039176432292,112.1893876546224,112.1933877360026
2023-07-26 15:48:15.951730,5322961.0,5323410.0,110.23943579101562,110.24343583170572,112.20243176269531,112.20643180338541
2023-07-26 15:48:15.964962,5322964.0,5323413.0,110.25247985839844,110.25647993977866,112.21547583007812,112.21947591145833
2023-07-26 15:48:15.978051,5322967.0,5323416.0,110.26552396647136,110.26952400716145,112.22851993815104,112.23251997884115
2023-07-26 15:48:15.995170,5322970.0,5323419.0,110.27856770833333,110.28256778971354,112.24156368001302,112.24556376139324
2023-07-26 15:48:16.008285,5322974.0,5323423.0,110.29595983886718,110.29995987955729,112.25895581054688,112.26295585123697
2023-07-26 15:48:16.025229,5322978.0,5323426.0,110.31335196940104,110.31735201009114,112.27201029459636,112.27601037597655
2023-07-26 15:48:16.038185,5322981.0,5323430.0,110.32640612792969,110.33040616861979,112.28939168294272,112.29339172363281
2023-07-26 15:48:16.051141,5322984.0,5323433.0,110.33943977864584,110.34343986002604,112.30243575032551,112.30643583170573
2023-07-26 15:48:16.064102,5322987.0,5323436.0,110.35248388671874,110.35648392740886,112.31547985839845,112.31947989908853
2023-07-26 15:48:16.082038,5322990.0,5323439.0,110.36552795410157,110.36952803548178,112.32852392578125,112.33252400716145
2023-07-26 15:48:16.094994,5322994.0,5323443.0,110.38291975911459,110.38691979980469,112.34591573079427,112.34991577148438
2023-07-26 15:48:16.107951,5322997.0,5323446.0,110.3959638264974,110.3999639078776,112.35895979817708,112.3629598795573
2023-07-26 15:48:16.120908,5323000.0,5323449.0,110.40900793457031,110.41300797526041,112.37200390625,112.3760039469401
2023-07-26 15:48:16.133864,5323003.0,5323452.0,110.42205167643229,110.4260517578125,112.38504764811198,112.38904772949218
2023-07-26 15:48:16.146821,5323006.0,5323455.0,110.43509578450521,110.43909582519531,112.3980917561849,112.402091796875
2023-07-26 15:48:16.164761,5323009.0,5323458.0,110.44813985188803,110.45213993326823,112.4111358235677,112.41513590494792
2023-07-26 15:48:16.177718,5323013.0,5323462.0,110.46553198242188,110.46953202311198,112.42852795410157,112.43252799479167
2023-07-26 15:48:16.190674,5323016.0,5323465.0,110.47857572428386,110.48257580566407,112.44157169596355,112.44557177734374
2023-07-26 15:48:16.203634,5323019.0,5323468.0,110.49161983235678,110.49561987304688,112.45461580403645,112.45861584472657
2023-07-26 15:48:16.216588,5323022.0,5323471.0,110.50466389973958,110.50866398111978,112.46765987141927,112.47165995279948
2023-07-26 15:48:16.234527,5323025.0,5323474.0,110.51770788574218,110.52170788574219,112.48070385742187,112.48470385742186
2023-07-26 15:48:16.247484,5323029.0,5323478.0,110.53509977213541,110.53909985351562,112.49809574381511,112.50209582519531
2023-07-26 15:48:16.260440,5323032.0,5323481.0,110.54814388020833,110.55214392089844,112.51113985188803,112.51513989257812
2023-07-26 15:48:16.273397,5323035.0,5323484.0,110.56118794759115,110.56518802897135,112.52418391927083,112.52818400065104
2023-07-26 15:48:16.286354,5323038.0,5323487.0,110.57423173014323,110.57823177083333,112.53722770182291,112.54122774251302
2023-07-26 15:48:16.299310,5323041.0,5323490.0,110.58727579752603,110.59127583821615,112.55027176920574,112.55427180989582
2023-07-26 15:48:16.312267,5323044.0,5323493.0,110.60031990559897,110.60431994628905,112.56331587727864,112.56731591796876
2023-07-26 15:48:16.325223,5323047.0,5323496.0,110.61336397298176,110.61736401367187,112.57635994466146,112.58035998535156
2023-07-26 15:48:16.338180,5323050.0,5323499.0,110.62640771484375,110.63040779622396,112.58940368652344,112.59340376790364
2023-07-26 15:48:16.351136,5323053.0,5323502.0,110.63945182291667,110.64345186360677,112.60245821126301,112.60645825195313
2023-07-26 15:48:16.369077,5323056.0,5323505.0,110.65249589029949,110.65649597167969,112.61549186197917,112.61949194335938
2023-07-26 15:48:16.382034,5323060.0,5323509.0,110.66988769531251,110.6738877360026,112.63288366699219,112.6368837076823
2023-07-26 15:48:16.394989,5323063.0,5323512.0,110.6829317626953,110.68693184407552,112.64592773437501,112.6499278157552
2023-07-26 15:48:16.407946,5323066.0,5323515.0,110.69597587076824,110.69997591145834,112.65897184244791,112.66297188313803
2023-07-26 15:48:16.425890,5323069.0,5323518.0,110.70901993815104,110.71302001953124,112.67201590983072,112.67601599121095
2023-07-26 15:48:16.438846,5323073.0,5323522.0,110.72641174316406,110.73041178385417,112.68940771484375,112.69340775553385
2023-07-26 15:48:16.451800,5323076.0,5323525.0,110.73945581054687,110.74345589192708,112.70245178222656,112.70645186360676
2023-07-26 15:48:16.468742,5323079.0,5323528.0,110.75251033528646,110.75651037597656,112.71549589029948,112.71949593098958
2023-07-26 15:48:16.481699,5323083.0,5323532.0,110.76989168294271,110.77389176432293,112.7328876546224,112.7368877360026
2023-07-26 15:48:16.494655,5323086.0,5323535.0,110.78293579101563,110.78693583170572,112.7459317626953,112.74993180338542
2023-07-26 15:48:16.507612,5323089.0,5323538.0,110.79597985839844,110.79997993977865,112.75897583007813,112.76297591145833
2023-07-26 15:48:16.520569,5323092.0,5323541.0,110.80902396647136,110.81302400716146,112.77201993815105,112.77601997884115
2023-07-26 15:48:16.538509,5323095.0,5323544.0,110.82206770833334,110.82606778971353,112.78506368001301,112.78906376139324
2023-07-26 15:48:16.551465,5323099.0,5323548.0,110.83945983886719,110.84345987955729,112.80245581054687,112.80645585123698
2023-07-26 15:48:16.564422,5323102.0,5323551.0,110.85250390625,110.8565039876302,112.81551029459635,112.81951037597656
2023-07-26 15:48:16.582362,5323105.0,5323554.0,110.86554772949218,110.86954772949218,112.82854370117188,112.83254370117187
2023-07-26 15:48:16.595318,5323109.0,5323558.0,110.88293977864583,110.88693986002605,112.84593575032552,112.84993583170572
2023-07-26 15:48:16.612262,5323112.0,5323561.0,110.89598388671875,110.89998392740885,112.85897985839844,112.86297989908854
2023-07-26 15:48:16.625218,5323116.0,5323565.0,110.91337585449219,110.91737585449219,112.87637182617188,112.88037182617188
2023-07-26 15:48:16.638175,5323119.0,5323568.0,110.92641975911458,110.93041979980468,112.88941573079427,112.89341577148438
2023-07-26 15:48:16.651131,5323122.0,5323571.0,110.93946382649739,110.94346390787761,112.90245979817709,112.90645987955729
2023-07-26 15:48:16.664088,5323125.0,5323574.0,110.9525079345703,110.95650797526042,112.91550390625,112.9195039469401
2023-07-26 15:48:16.682028,5323128.0,5323577.0,110.9655516764323,110.9695517578125,112.92854764811197,112.93254772949219
2023-07-26 15:48:16.694983,5323132.0,5323581.0,110.98294380696615,110.98694384765625,112.94593977864584,112.94993981933594
2023-07-26 15:48:16.707939,5323135.0,5323584.0,110.99598787434896,110.99998795572917,112.95898384602866,112.96298392740886
2023-07-26 15:48:16.720896,5323138.0,5323587.0,111.00903198242187,111.01303202311199,112.97202795410156,112.97602799479166
2023-07-26 15:48:16.733852,5323141.0,5323590.0,111.02207572428387,111.02607580566406,112.98507169596354,112.98907177734375
2023-07-26 15:48:16.751792,5323144.0,5323593.0,111.03511983235677,111.03911987304687,112.99811580403646,113.00211584472656
2023-07-26 15:48:16.764749,5323148.0,5323597.0,111.05251192220051,111.05651200358074,113.01550789388021,113.01950797526041
2023-07-26 15:48:16.777859,5323151.0,5323600.0,111.0655557047526,111.06955574544271,113.02855167643229,113.03255171712239
2023-07-26 15:48:16.795055,5323154.0,5323603.0,111.07859977213542,111.08259985351562,113.04159574381511,113.04559582519532
2023-07-26 15:48:16.807676,5323158.0,5323607.0,111.09599190266928,111.09999194335937,113.05898787434896,113.06298791503907
2023-07-26 15:48:16.820951,5323161.0,5323610.0,111.10903597005208,111.11303601074219,113.07203194173178,113.07603198242187
2023-07-26 15:48:16.834094,5323164.0,5323613.0,111.12207975260417,111.12607979329428,113.08507572428385,113.08907576497396
2023-07-26 15:48:16.851120,5323167.0,5323616.0,111.13512381998699,111.13912390136718,113.09811979166666,113.10211987304687
2023-07-26 15:48:16.864310,5323171.0,5323620.0,111.15251595052084,111.15651599121094,113.11551192220051,113.11951196289063
2023-07-26 15:48:16.877304,5323174.0,5323623.0,111.1655596923828,111.16955977376303,113.1285556640625,113.1325557454427
2023-07-26 15:48:16.890274,5323177.0,5323626.0,111.17860380045573,111.18260384114583,113.14159977213541,113.14559981282552
2023-07-26 15:48:16.903618,5323180.0,5323629.0,111.19164786783854,111.19564794921875,113.15464383951823,113.15864392089844
2023-07-26 15:48:16.921040,5323183.0,5323632.0,111.20469197591144,111.20869201660156,113.16768794759115,113.17168798828125
2023-07-26 15:48:16.934625,5323187.0,5323636.0,111.22208374023437,111.22608382161458,113.18507971191407,113.18907979329427
2023-07-26 15:48:16.947697,5323190.0,5323639.0,111.23512784830729,111.2391278889974,113.19812381998698,113.20212386067708
2023-07-26 15:48:16.964129,5323193.0,5323642.0,111.24817191569011,111.25217199707032,113.21116788736978,113.21516796875
2023-07-26 15:48:16.977326,5323197.0,5323646.0,111.26556372070313,111.26956376139323,113.2285596923828,113.23255973307292
2023-07-26 15:48:16.990581,5323200.0,5323649.0,111.27860782877603,111.28260786946615,113.24160375976562,113.24560384114584
2023-07-26 15:48:17.007902,5323203.0,5323652.0,111.29165189615885,111.29565193684896,113.25464786783854,113.25864790852864
2023-07-26 15:48:17.021274,5323207.0,5323656.0,111.30904382324219,111.3130438232422,113.27203979492188,113.27603979492187
2023-07-26 15:48:17.034340,5323210.0,5323659.0,111.3220877685547,111.32608780924478,113.28508374023437,113.28908378092449
2023-07-26 15:48:17.047433,5323213.0,5323662.0,111.3351318359375,111.3391319173177,113.29812780761719,113.3021278889974
2023-07-26 15:48:17.064566,5323216.0,5323665.0,111.3481759440104,111.35217598470052,113.31117191569011,113.3151719563802
2023-07-26 15:48:17.077311,5323220.0,5323669.0,111.36556770833333,111.36956778971354,113.32856368001302,113.33256376139323
2023-07-26 15:48:17.094928,5323224.0,5323673.0,111.38295983886718,111.3869598795573,113.34595581054688,113.34995585123697
2023-07-26 15:48:17.112916,5323227.0,5323676.0,111.39600390625,111.40000398763021,113.35901029459635,113.36301037597656
2023-07-26 15:48:17.125396,5323231.0,5323680.0,111.41340612792969,111.41740616861979,113.37639168294271,113.38039172363281
2023-07-26 15:48:17.138780,5323234.0,5323683.0,111.42643977864583,111.43043986002604,113.38943575032552,113.39343583170573
2023-07-26 15:48:17.151800,5323237.0,5323686.0,111.43948388671875,111.44348392740886,113.40247985839845,113.40647989908854
2023-07-26 15:48:17.169100,5323240.0,5323689.0,111.45252795410157,111.45652803548178,113.41552392578124,113.41952400716146
2023-07-26 15:48:17.182488,5323244.0,5323693.0,111.46991975911459,111.47391979980469,113.43291573079426,113.43691577148438
2023-07-26 15:48:17.194820,5323247.0,5323696.0,111.4829638264974,111.48696390787761,113.44595979817709,113.4499598795573
2023-07-26 15:48:17.207962,5323250.0,5323699.0,111.4960079345703,111.50000797526042,113.45900390625,113.46300394694009
2023-07-26 15:48:17.225289,5323253.0,5323702.0,111.50905167643229,111.5130517578125,113.47204764811197,113.47604772949218
2023-07-26 15:48:17.238841,5323257.0,5323706.0,111.52644380696614,111.53044384765626,113.48943977864583,113.49343981933593
2023-07-26 15:48:17.251225,5323260.0,5323709.0,111.53948787434896,111.54348795572916,113.50248384602865,113.50648392740887
2023-07-26 15:48:17.264413,5323263.0,5323712.0,111.55253198242187,111.55653202311198,113.51552795410157,113.51952799479166
2023-07-26 15:48:17.281636,5323266.0,5323715.0,111.56557572428386,111.56957580566407,113.52857169596354,113.53257177734375
2023-07-26 15:48:17.295354,5323270.0,5323719.0,111.58296785481771,111.58696789550783,113.54596382649738,113.5499638671875
2023-07-26 15:48:17.307616,5323273.0,5323722.0,111.59601192220052,111.60001200358073,113.5590078938802,113.56300797526042
2023-07-26 15:48:17.320862,5323276.0,5323725.0,111.60905570475259,111.61305574544271,113.5720516764323,113.57605171712238
2023-07-26 15:48:17.334049,5323279.0,5323728.0,111.62209977213541,111.62609985351563,113.5850957438151,113.58909582519532
2023-07-26 15:48:17.347428,5323282.0,5323731.0,111.63514388020833,111.63914392089845,113.59813985188802,113.60213989257812
2023-07-26 15:48:17.360714,5323285.0,5323734.0,111.64818794759114,111.65218802897135,113.61118391927083,113.61518400065104
2023-07-26 15:48:17.372993,5323288.0,5323737.0,111.66123173014323,111.66523177083333,113.62422770182292,113.62822774251302
2023-07-26 15:48:17.390604,5323291.0,5323740.0,111.67427579752604,111.67827583821615,113.63727176920573,113.64127180989583
2023-07-26 15:48:17.403733,5323295.0,5323744.0,111.6916679280599,111.69566796875,113.65466389973957,113.65866394042969
2023-07-26 15:48:17.420730,5323298.0,5323747.0,111.70471179199218,111.70871179199219,113.66770776367187,113.67170776367188
2023-07-26 15:48:17.433989,5323302.0,5323751.0,111.72210380045573,111.72610384114583,113.68509977213542,113.68909981282552
2023-07-26 15:48:17.447227,5323305.0,5323754.0,111.73514786783853,111.73914794921875,113.69814383951824,113.70214392089844
2023-07-26 15:48:17.464392,5323308.0,5323757.0,111.74819197591145,111.75219201660157,113.71118794759114,113.71518798828124
2023-07-26 15:48:17.477904,5323312.0,5323761.0,111.76558374023438,111.76958382161457,113.72857971191407,113.73257979329428
2023-07-26 15:48:17.494884,5323315.0,5323764.0,111.7786278483073,111.7826278889974,113.74162381998698,113.74562386067709
2023-07-26 15:48:17.508304,5323319.0,5323768.0,111.79601993815105,111.80002001953125,113.75901590983072,113.76301599121095
2023-07-26 15:48:17.525663,5323322.0,5323771.0,111.80906372070312,111.81306376139324,113.77205969238281,113.77605973307291
2023-07-26 15:48:17.538150,5323326.0,5323775.0,111.82645581054688,111.83045589192709,113.78945178222656,113.79345186360676
2023-07-26 15:48:17.556356,5323329.0,5323778.0,111.83951033528646,111.84351037597656,113.80249589029948,113.80649593098958
2023-07-26 15:48:17.568667,5323333.0,5323782.0,111.85689168294272,111.86089176432291,113.81988765462239,113.8238877360026
2023-07-26 15:48:17.582134,5323336.0,5323785.0,111.86993579101562,111.87393583170572,113.83293176269531,113.83693180338543
2023-07-26 15:48:17.599472,5323339.0,5323788.0,111.88297985839844,111.88697993977866,113.84597583007813,113.84997591145833
2023-07-26 15:48:17.612334,5323343.0,5323792.0,111.90037194824218,111.90437194824219,113.86336791992187,113.86736791992188
2023-07-26 15:48:17.625349,5323346.0,5323795.0,111.91341573079427,111.91741581217448,113.87641170247396,113.88041178385417
2023-07-26 15:48:17.642487,5323349.0,5323798.0,111.92645983886717,111.93045987955729,113.88945581054688,113.89345585123698
2023-07-26 15:48:17.655625,5323353.0,5323802.0,111.94385196940104,111.94785201009114,113.90684794108073,113.91084798177083
2023-07-26 15:48:17.668591,5323356.0,5323805.0,111.95690612792968,111.96090616861979,113.91989168294272,113.9238917236328
2023-07-26 15:48:17.685987,5323359.0,5323808.0,111.96993977864584,111.97393986002605,113.93293575032551,113.93693583170572
2023-07-26 15:48:17.699161,5323363.0,5323812.0,111.98733190917969,111.99133194986979,113.95032788085938,113.95432792154948
2023-07-26 15:48:17.716415,5323366.0,5323815.0,112.00037585449219,112.00437585449218,113.96337182617188,113.96737182617188
2023-07-26 15:48:17.730265,5323370.0,5323819.0,112.01776778157553,112.02176782226562,113.9807637532552,113.98476379394532
2023-07-26 15:48:17.743376,5323373.0,5323822.0,112.03081188964843,112.03481193033855,113.99380786132814,113.99780790201822
2023-07-26 15:48:17.760667,5323376.0,5323825.0,112.04385595703125,112.04785599772134,114.00685192871093,114.01085196940105
2023-07-26 15:48:17.773185,5323380.0,5323829.0,112.06124776204427,112.06524780273438,114.02424373372395,114.02824377441407
2023-07-26 15:48:17.786240,5323383.0,5323832.0,112.0742918294271,112.07829187011718,114.03728780110677,114.04128784179689
2023-07-26 15:48:17.804256,5323386.0,5323835.0,112.0873359375,112.0913359781901,114.05033190917969,114.05433194986979
2023-07-26 15:48:17.817127,5323390.0,5323839.0,112.10472770182291,112.10872774251303,114.06772367350261,114.0717237141927
2023-07-26 15:48:17.829623,5323393.0,5323842.0,112.11777180989583,112.12177185058594,114.08076778157552,114.08476782226562
2023-07-26 15:48:17.842990,5323396.0,5323845.0,112.13081587727865,112.13481591796875,114.09381184895834,114.09781188964844
2023-07-26 15:48:17.860347,5323399.0,5323848.0,112.14385998535155,112.14786002604167,114.10685595703126,114.11085599772134
2023-07-26 15:48:17.873183,5323403.0,5323852.0,112.16125174967448,112.16525179036458,114.12424772135417,114.12824776204427
2023-07-26 15:48:17.886382,5323406.0,5323855.0,112.1742958577474,112.17829589843751,114.13729182942708,114.14129187011719
2023-07-26 15:48:17.899517,5323409.0,5323858.0,112.18733992513022,112.1913399658203,114.15033589680989,114.15433593750001
2023-07-26 15:48:17.916729,5323412.0,5323861.0,112.20038366699218,112.2043837483724,114.16337963867187,114.1673797200521
2023-07-26 15:48:17.934613,5323416.0,5323865.0,112.21777579752603,112.22177583821615,114.18077176920573,114.18477180989582
2023-07-26 15:48:17.946929,5323420.0,5323869.0,112.2351679280599,112.23916796875,114.19816389973958,114.20216394042968
2023-07-26 15:48:17.964319,5323423.0,5323872.0,112.24821179199219,112.2522117919922,114.21120776367187,114.21520776367187
2023-07-26 15:48:17.977972,5323427.0,5323876.0,112.26560380045574,112.26960384114582,114.22859977213541,114.23259981282553
2023-07-26 15:48:17.990968,5323430.0,5323879.0,112.27864786783854,112.28264794921874,114.24164383951823,114.24564392089844
2023-07-26 15:48:18.008110,5323433.0,5323882.0,112.29169197591145,112.29569201660156,114.25468794759115,114.25868798828124
2023-07-26 15:48:18.020706,5323437.0,5323886.0,112.30908374023437,112.31308382161458,114.27207971191407,114.27607979329427
2023-07-26 15:48:18.038769,5323440.0,5323889.0,112.32212784830729,112.3261278889974,114.28512381998698,114.28912386067708
2023-07-26 15:48:18.051840,5323444.0,5323893.0,112.33951993815104,112.34352001953125,114.30251590983072,114.30651599121094
2023-07-26 15:48:18.064410,5323447.0,5323896.0,112.35256372070313,112.35656376139323,114.3155596923828,114.31955973307292
2023-07-26 15:48:18.082523,5323450.0,5323899.0,112.36560778808594,112.36960786946615,114.32860375976563,114.33260384114583
2023-07-26 15:48:18.094662,5323454.0,5323903.0,112.38301033528646,112.38701037597656,114.34599589029949,114.34999593098958
2023-07-26 15:48:18.107763,5323457.0,5323906.0,112.3960438232422,112.4000438232422,114.35903979492187,114.36303979492187
2023-07-26 15:48:18.125861,5323460.0,5323909.0,112.4090877685547,112.41308780924479,114.37208374023437,114.37608378092449
2023-07-26 15:48:18.138997,5323464.0,5323913.0,112.42647985839844,112.43047993977865,114.38947583007813,114.39347591145834
2023-07-26 15:48:18.156100,5323467.0,5323916.0,112.43952396647136,112.44352400716146,114.40251993815104,114.40651997884115
2023-07-26 15:48:18.169188,5323471.0,5323920.0,112.45691573079426,112.46091581217448,114.41991170247397,114.42391178385417
2023-07-26 15:48:18.186131,5323474.0,5323923.0,112.46995983886718,112.4739598795573,114.43295581054687,114.43695585123697
2023-07-26 15:48:18.199088,5323478.0,5323927.0,112.48735196940105,112.49135201009113,114.45034794108072,114.45434798177084
2023-07-26 15:48:18.217028,5323481.0,5323930.0,112.5004061279297,112.50440616861978,114.46339168294271,114.46739172363282
2023-07-26 15:48:18.229984,5323485.0,5323934.0,112.51778784179689,112.52178788248698,114.48078381347656,114.48478385416668
2023-07-26 15:48:18.242941,5323488.0,5323937.0,112.53083190917968,112.5348319498698,114.49382788085939,114.49782792154947
2023-07-26 15:48:18.259889,5323491.0,5323940.0,112.54387585449219,112.54787585449219,114.50687182617187,114.51087182617188
2023-07-26 15:48:18.273838,5323495.0,5323944.0,112.56126778157552,112.56526782226562,114.5242637532552,114.52826379394531
2023-07-26 15:48:18.290781,5323498.0,5323947.0,112.57431188964844,112.57831193033854,114.53730786132813,114.54130790201823
2023-07-26 15:48:18.303738,5323502.0,5323951.0,112.59170397949218,112.59570397949219,114.55469995117187,114.55869995117187
2023-07-26 15:48:18.321678,5323505.0,5323954.0,112.60474776204427,112.60874780273438,114.56774373372396,114.57174377441406
2023-07-26 15:48:18.334634,5323509.0,5323958.0,112.62213985188802,112.62613993326823,114.58513582356771,114.58913590494791
2023-07-26 15:48:18.347590,5323512.0,5323961.0,112.63518395996094,112.63918400065104,114.59817993164062,114.60217997233073
2023-07-26 15:48:18.364537,5323515.0,5323964.0,112.6482277018229,112.65222774251302,114.61122367350261,114.61522371419271
2023-07-26 15:48:18.377488,5323519.0,5323968.0,112.66561983235677,112.66961987304687,114.62861580403646,114.63261584472656
2023-07-26 15:48:18.395429,5323522.0,5323971.0,112.67866389973958,112.68266398111979,114.64165987141928,114.64565995279948
2023-07-26 15:48:18.412371,5323526.0,5323975.0,112.6960557047526,112.70005574544271,114.6590516764323,114.66305171712239
2023-07-26 15:48:18.425328,5323530.0,5323979.0,112.71345821126302,112.71745829264323,114.67644376627604,114.68044384765625
2023-07-26 15:48:18.442874,5323533.0,5323982.0,112.72649190266928,112.73049194335937,114.68948787434896,114.69348791503907
2023-07-26 15:48:18.455682,5323537.0,5323986.0,112.74388366699219,112.74788374837239,114.70687963867186,114.71087972005209
2023-07-26 15:48:18.468888,5323540.0,5323989.0,112.7569277750651,112.76092781575521,114.7199237467448,114.7239237874349
2023-07-26 15:48:18.486217,5323543.0,5323992.0,112.76997184244792,112.77397192382813,114.7329678141276,114.73696789550782
2023-07-26 15:48:18.503267,5323547.0,5323996.0,112.78736397298177,112.79136401367188,114.75035994466145,114.75435998535156
2023-07-26 15:48:18.516584,5323551.0,5324000.0,112.80475577799479,112.8087558186849,114.76775174967449,114.77175179036458
2023-07-26 15:48:18.534026,5323554.0,5324003.0,112.8177998453776,112.82179988606771,114.7807958170573,114.7847958577474
2023-07-26 15:48:18.547156,5323558.0,5324007.0,112.83519197591146,112.83919201660156,114.79818794759115,114.80218798828125
2023-07-26 15:48:18.564299,5323561.0,5324010.0,112.84823571777343,112.85223575846354,114.81123168945312,114.81523173014322
2023-07-26 15:48:18.578019,5323565.0,5324014.0,112.86562784830728,112.8696278889974,114.82862381998699,114.83262386067707
2023-07-26 15:48:18.595364,5323568.0,5324017.0,112.8786719156901,112.88267199707032,114.84166788736978,114.84566796874999
2023-07-26 15:48:18.607814,5323572.0,5324021.0,112.89606372070313,112.90006376139324,114.8590596923828,114.86305973307292
2023-07-26 15:48:18.620844,5323575.0,5324024.0,112.90910778808595,112.91310786946615,114.87210375976562,114.87610384114583
2023-07-26 15:48:18.638273,5323578.0,5324027.0,112.92215189615885,112.92615193684895,114.88514786783854,114.88914790852866
2023-07-26 15:48:18.651364,5323582.0,5324031.0,112.93954382324219,112.9435438232422,114.90253979492188,114.90653979492187
2023-07-26 15:48:18.664781,5323585.0,5324034.0,112.9525877685547,112.9565878092448,114.91558374023437,114.91958378092448
2023-07-26 15:48:18.681788,5323588.0,5324037.0,112.9656318359375,112.9696319173177,114.92862780761719,114.9326278889974
2023-07-26 15:48:18.695461,5323592.0,5324041.0,112.98302396647136,112.98702400716145,114.94601993815104,114.95001997884115
2023-07-26 15:48:18.712648,5323595.0,5324044.0,112.99606770833333,113.00006778971354,114.95906368001302,114.96306376139323
2023-07-26 15:48:18.725710,5323599.0,5324048.0,113.01345983886718,113.0174598795573,114.97645581054688,114.98045585123697
2023-07-26 15:48:18.739036,5323602.0,5324051.0,113.02650390625,113.03050398763021,114.98951029459636,114.99351037597656
2023-07-26 15:48:18.756358,5323605.0,5324054.0,113.03954772949218,113.04354772949218,115.00254370117187,115.00654370117188
2023-07-26 15:48:18.768951,5323609.0,5324058.0,113.05693977864584,113.06093986002604,115.01993575032552,115.02393583170573
2023-07-26 15:48:18.782132,5323612.0,5324061.0,113.06998388671875,113.07398392740886,115.03297985839845,115.03697989908854
2023-07-26 15:48:18.799132,5323615.0,5324064.0,113.08302795410157,113.08702803548178,115.04602392578126,115.05002400716145
2023-07-26 15:48:18.812587,5323619.0,5324068.0,113.10041975911459,113.10441979980469,115.06341573079426,115.06741577148438
2023-07-26 15:48:18.830019,5323622.0,5324071.0,113.1134638264974,113.1174639078776,115.07645979817708,115.0804598795573
2023-07-26 15:48:18.842713,5323626.0,5324075.0,113.13085595703126,113.13485599772135,115.09385192871093,115.09785196940105
2023-07-26 15:48:18.855859,5323629.0,5324078.0,113.14389969889322,113.14789978027343,115.10689567057292,115.11090616861978
2023-07-26 15:48:18.872947,5323632.0,5324081.0,113.15694380696614,113.16094384765626,115.11993977864583,115.12393981933593
2023-07-26 15:48:18.886133,5323636.0,5324085.0,113.1743359375,113.1783359781901,115.13733190917968,115.1413319498698
2023-07-26 15:48:18.899490,5323639.0,5324088.0,113.18737976074219,113.19137976074218,115.15037573242188,115.15437573242188
2023-07-26 15:48:18.916558,5323642.0,5324091.0,113.20042374674479,113.204423828125,115.16341971842448,115.16741979980469
2023-07-26 15:48:18.930366,5323646.0,5324095.0,113.21781587727864,113.22181591796875,115.18081184895834,115.18481188964843
2023-07-26 15:48:18.947415,5323649.0,5324098.0,113.23085998535156,113.23486002604167,115.19385595703125,115.19785599772135
2023-07-26 15:48:18.964643,5323653.0,5324102.0,113.24825174967448,113.25225179036458,115.21124772135416,115.21524776204427
2023-07-26 15:48:18.977979,5323657.0,5324106.0,113.26564388020833,113.26964392089845,115.22863985188802,115.23263989257812
2023-07-26 15:48:18.995123,5323660.0,5324109.0,113.27868794759115,113.28268802897135,115.24168391927083,115.24568400065104
2023-07-26 15:48:19.008233,5323664.0,5324113.0,113.29607975260417,113.30007979329427,115.25907572428386,115.26307576497396
2023-07-26 15:48:19.025425,5323667.0,5324116.0,113.30912381998698,113.31312390136719,115.27211979166667,115.27611987304687
2023-07-26 15:48:19.038516,5323671.0,5324120.0,113.32651595052083,113.33051599121094,115.28951192220052,115.29351196289062
2023-07-26 15:48:19.055664,5323674.0,5324123.0,113.3395596923828,113.34355977376303,115.3025556640625,115.30655574544271
2023-07-26 15:48:19.068636,5323678.0,5324127.0,113.35695182291667,113.36095186360676,115.31995821126301,115.32395825195313
2023-07-26 15:48:19.086575,5323681.0,5324130.0,113.36999589029948,113.37399597167969,115.33299186197917,115.33699194335938
2023-07-26 15:48:19.099532,5323685.0,5324134.0,113.38738769531251,113.3913877360026,115.35038366699219,115.3543837076823
2023-07-26 15:48:19.116475,5323688.0,5324137.0,113.4004317626953,113.40443184407552,115.36342773437501,115.3674278157552
2023-07-26 15:48:19.130429,5323692.0,5324141.0,113.41782389322917,113.42182393391927,115.38081986490886,115.38481990559896
2023-07-26 15:48:19.147372,5323695.0,5324144.0,113.43086800130209,113.43486804199217,115.39386397298176,115.39786401367188
2023-07-26 15:48:19.160328,5323699.0,5324148.0,113.448259765625,113.45225980631511,115.41125573730469,115.41525577799479
2023-07-26 15:48:19.177275,5323702.0,5324151.0,113.46130387369793,113.46530391438802,115.4242998453776,115.42829988606772
2023-07-26 15:48:19.191223,5323706.0,5324155.0,113.47869596354165,113.48269604492188,115.44169193522136,115.44569201660157
2023-07-26 15:48:19.208166,5323709.0,5324158.0,113.49173974609374,113.49573978678386,115.45473571777343,115.45873575846353
2023-07-26 15:48:19.221123,5323713.0,5324162.0,113.5091318359375,113.51313191731771,115.4721278076172,115.4761278889974
2023-07-26 15:48:19.239063,5323716.0,5324165.0,113.52217594401041,113.52617598470052,115.4851719156901,115.4891719563802
2023-07-26 15:48:19.256006,5323720.0,5324169.0,113.53956770833334,113.54356778971353,115.50256368001301,115.50656376139324
2023-07-26 15:48:19.269069,5323724.0,5324173.0,113.55695983886719,113.56095987955729,115.51995581054688,115.52395585123698
2023-07-26 15:48:19.286218,5323727.0,5324176.0,113.57000390625,113.5740039876302,115.53301029459635,115.53701037597656
2023-07-26 15:48:19.299461,5323731.0,5324180.0,113.58740612792968,113.59140616861978,115.55039168294272,115.5543917236328
2023-07-26 15:48:19.316565,5323734.0,5324183.0,113.60043977864584,113.60443986002605,115.56343575032551,115.56743583170572
2023-07-26 15:48:19.329776,5323738.0,5324187.0,113.61783190917969,113.6218319498698,115.58082788085937,115.58482792154948
2023-07-26 15:48:19.347784,5323741.0,5324190.0,113.63087585449219,113.63487585449218,115.59387182617188,115.59787182617188
2023-07-26 15:48:19.359964,5323745.0,5324194.0,113.64826778157553,113.65226782226561,115.6112637532552,115.61526379394532
2023-07-26 15:48:19.377338,5323748.0,5324197.0,113.66131188964843,113.66531193033855,115.62430786132813,115.62830790201822
2023-07-26 15:48:19.390603,5323752.0,5324201.0,113.67870397949218,113.68270397949219,115.64169995117187,115.64569995117186
2023-07-26 15:48:19.407767,5323755.0,5324204.0,113.69174776204427,113.69574780273439,115.65474373372395,115.65874377441406
2023-07-26 15:48:19.421484,5323759.0,5324208.0,113.70913985188803,113.71313993326824,115.6721358235677,115.67613590494791
2023-07-26 15:48:19.438892,5323763.0,5324211.0,113.72653198242188,113.73053202311199,115.68517993164062,115.68917997233073
2023-07-26 15:48:19.452050,5323766.0,5324215.0,113.73957572428387,113.74357580566407,115.70257169596354,115.70657177734375
2023-07-26 15:48:19.469242,5323769.0,5324218.0,113.75261983235677,113.75661987304687,115.71561580403646,115.71961584472656
2023-07-26 15:48:19.482473,5323773.0,5324222.0,113.77001192220051,113.77401200358074,115.73300789388021,115.73700797526041
2023-07-26 15:48:19.499875,5323776.0,5324225.0,113.7830557047526,113.78705574544271,115.74605167643229,115.75005171712239
2023-07-26 15:48:19.512357,5323780.0,5324229.0,113.80045821126302,113.80445829264322,115.76344376627604,115.76744384765625
2023-07-26 15:48:19.529697,5323783.0,5324232.0,113.81349190266927,113.81749194335937,115.77648787434896,115.78048791503907
2023-07-26 15:48:19.543306,5323787.0,5324236.0,113.8308836669922,113.83488374837239,115.79387963867187,115.7978797200521
2023-07-26 15:48:19.560714,5323790.0,5324239.0,113.8439277750651,113.84792781575521,115.8069237467448,115.81092378743489
2023-07-26 15:48:19.573281,5323794.0,5324243.0,113.86131990559896,113.86531994628906,115.82431587727865,115.82831591796875
2023-07-26 15:48:19.590710,5323797.0,5324246.0,113.87436397298177,113.87836401367187,115.83735994466146,115.84135998535156
2023-07-26 15:48:19.608130,5323801.0,5324250.0,113.89175577799479,113.8957558186849,115.85475174967448,115.85875179036458
2023-07-26 15:48:19.625307,5323805.0,5324254.0,113.90914786783854,113.91314794921874,115.87214383951823,115.87614392089844
2023-07-26 15:48:19.638920,5323809.0,5324258.0,113.9265399169922,113.93053991699219,115.88953588867187,115.89353588867188
2023-07-26 15:48:19.655539,5323812.0,5324261.0,113.93958374023437,113.94358382161458,115.90257971191407,115.90657979329427
2023-07-26 15:48:19.668818,5323816.0,5324265.0,113.95697587076823,113.96097591145833,115.91997184244792,115.92397188313802
2023-07-26 15:48:19.686081,5323819.0,5324268.0,113.97001993815104,113.97402001953125,115.93301590983073,115.93701599121094
2023-07-26 15:48:19.699578,5323823.0,5324272.0,113.98741174316406,113.99141178385418,115.95040771484375,115.95440775553385
2023-07-26 15:48:19.716702,5323826.0,5324275.0,114.00045581054688,114.00445589192708,115.96345178222656,115.96745186360677
2023-07-26 15:48:19.730105,5323830.0,5324279.0,114.01784794108073,114.02184798177083,115.98084391276042,115.98484395345052
2023-07-26 15:48:19.747463,5323833.0,5324282.0,114.03089168294271,114.03489176432292,115.9938876546224,115.9978877360026
2023-07-26 15:48:19.760451,5323837.0,5324286.0,114.04828381347656,114.05228385416667,116.01127978515625,116.01527982584635
2023-07-26 15:48:19.777599,5323840.0,5324289.0,114.06132792154948,114.06532796223959,116.02432389322917,116.02832393391927
2023-07-26 15:48:19.790627,5323844.0,5324293.0,114.0787196858724,114.08271972656249,116.04171565755207,116.04571569824219
2023-07-26 15:48:19.807858,5323847.0,5324296.0,114.09176379394532,114.0957638346354,116.054759765625,116.05875980631511
2023-07-26 15:48:19.825147,5323851.0,5324300.0,114.10915588378907,114.11315596516927,116.07215185546875,116.07615193684896
2023-07-26 15:48:19.843313,5323855.0,5324304.0,114.12654772949217,114.13054772949218,116.08954370117188,116.09354370117188
2023-07-26 15:48:19.855843,5323859.0,5324308.0,114.14393977864583,114.14793986002604,116.10693575032552,116.11093583170572
2023-07-26 15:48:19.873133,5323862.0,5324311.0,114.15698388671875,114.16098392740886,116.11997985839844,116.12397989908854
2023-07-26 15:48:19.886257,5323866.0,5324315.0,114.17437585449218,114.17837585449219,116.13737182617187,116.14137182617188
2023-07-26 15:48:19.903583,5323869.0,5324318.0,114.18741975911459,114.19141979980468,116.15041573079426,116.15441577148438
2023-07-26 15:48:19.920838,5323873.0,5324322.0,114.20481188964844,114.20881193033854,116.16780786132813,116.17180790201823
2023-07-26 15:48:19.938245,5323878.0,5324326.0,114.2265516764323,114.2305517578125,116.18519995117187,116.18919995117187
2023-07-26 15:48:19.956402,5323881.0,5324330.0,114.23959578450521,114.24359582519531,116.2025917561849,116.206591796875
2023-07-26 15:48:19.969358,5323885.0,5324334.0,114.25698787434895,114.26098795572916,116.21998384602865,116.22398392740887
2023-07-26 15:48:19.986301,5323888.0,5324337.0,114.27003198242187,114.27403202311199,116.23302795410157,116.23702799479166
2023-07-26 15:48:19.999258,5323892.0,5324341.0,114.28742374674479,114.291423828125,116.25041971842448,116.25441979980468
2023-07-26 15:48:20.017197,5323895.0,5324344.0,114.30046785481771,114.30446789550781,116.26346382649739,116.2674638671875
2023-07-26 15:48:20.030154,5323899.0,5324348.0,114.31785998535156,114.32186002604166,116.28085595703125,116.28485599772135
2023-07-26 15:48:20.047098,5323902.0,5324351.0,114.33090372721355,114.33490376790364,116.29389969889323,116.29789973958334
2023-07-26 15:48:20.060054,5323906.0,5324355.0,114.34829585774739,114.3522958984375,116.31129182942709,116.31529187011719
2023-07-26 15:48:20.077995,5323909.0,5324358.0,114.36133992513021,114.36533996582031,116.3243358968099,116.3283359375
2023-07-26 15:48:20.090951,5323913.0,5324362.0,114.37873173014323,114.38273177083333,116.3417277018229,116.34572774251302
2023-07-26 15:48:20.107894,5323916.0,5324365.0,114.39177579752604,114.39577583821615,116.35477176920573,116.35877180989583
2023-07-26 15:48:20.120850,5323920.0,5324369.0,114.4091679280599,114.41316796874999,116.37216389973958,116.37616394042969
2023-07-26 15:48:20.138791,5323923.0,5324372.0,114.42221179199218,114.42621179199219,116.38520776367187,116.38920776367188
2023-07-26 15:48:20.151747,5323927.0,5324376.0,114.43960380045573,114.44360384114583,116.40259977213542,116.40659981282552
2023-07-26 15:48:20.168691,5323930.0,5324379.0,114.45264786783854,114.45664794921875,116.41564383951824,116.41964392089844
2023-07-26 15:48:20.186631,5323934.0,5324383.0,114.47003991699219,114.4740399169922,116.43303588867188,116.43703588867187
2023-07-26 15:48:20.199587,5323938.0,5324387.0,114.48743176269531,114.49143184407552,116.450427734375,116.45442781575521
2023-07-26 15:48:20.216530,5323941.0,5324390.0,114.50047587076824,114.50447591145833,116.46347184244792,116.46747188313803
2023-07-26 15:48:20.230483,5323945.0,5324394.0,114.51786800130209,114.52186804199218,116.48086397298177,116.48486401367188
2023-07-26 15:48:20.247427,5323948.0,5324397.0,114.53091174316405,114.53491178385417,116.49390771484376,116.49790775553384
2023-07-26 15:48:20.260383,5323952.0,5324401.0,114.54830387369792,114.55230391438802,116.51129984537761,116.51529988606771
2023-07-26 15:48:20.281314,5323956.0,5324404.0,114.56569596354166,114.56969604492188,116.52434391276041,116.52834395345052
2023-07-26 15:48:20.298257,5323960.0,5324408.0,114.58308776855469,114.58708780924479,116.54173571777343,116.54573575846354
2023-07-26 15:48:20.312209,5323964.0,5324412.0,114.60047985839844,114.60447993977866,116.55912780761719,116.5631278889974
2023-07-26 15:48:20.329153,5323967.0,5324415.0,114.61352396647136,114.61752400716146,116.5721719156901,116.57617195638021
2023-07-26 15:48:20.342110,5323971.0,5324419.0,114.63091573079427,114.63491581217447,116.58956368001301,116.59356376139324
2023-07-26 15:48:20.360053,5323974.0,5324423.0,114.64395983886718,114.64795987955729,116.60695581054688,116.61095585123697
2023-07-26 15:48:20.376991,5323978.0,5324427.0,114.66135196940104,114.66535201009114,116.62434794108073,116.62834798177083
2023-07-26 15:48:20.394936,5323982.0,5324431.0,114.67874373372395,114.68274377441406,116.64173970540365,116.64573974609374
2023-07-26 15:48:20.411952,5323986.0,5324434.0,114.69613586425781,114.70013590494791,116.65478381347657,116.65878385416667
2023-07-26 15:48:20.429324,5323990.0,5324438.0,114.71352795410156,114.71752803548178,116.67217590332031,116.67617598470052
2023-07-26 15:48:20.441675,5323994.0,5324442.0,114.73091975911458,114.73491979980469,116.68956770833333,116.69356774902344
2023-07-26 15:48:20.459112,5323997.0,5324446.0,114.74396382649739,114.7479639078776,116.70695979817708,116.7109598795573
2023-07-26 15:48:20.472346,5324001.0,5324450.0,114.76135595703126,114.76535599772134,116.72435192871093,116.72835196940105
2023-07-26 15:48:20.490281,5324004.0,5324453.0,114.77439969889323,114.77839978027343,116.73739567057292,116.74140616861979
2023-07-26 15:48:20.507283,5324008.0,5324457.0,114.79179182942708,114.79579187011718,116.75478780110677,116.75878784179689
2023-07-26 15:48:20.525169,5324012.0,5324461.0,114.80918395996093,114.81318400065103,116.77217993164062,116.77617997233072
2023-07-26 15:48:20.538127,5324016.0,5324464.0,114.82657572428386,114.83057580566407,116.7852236735026,116.7892237141927
2023-07-26 15:48:20.555069,5324019.0,5324468.0,114.83961983235677,114.84361987304688,116.80261580403645,116.80661584472657
2023-07-26 15:48:20.573009,5324023.0,5324472.0,114.85701192220051,114.86101200358074,116.8200078938802,116.82400797526041
2023-07-26 15:48:20.585961,5324027.0,5324475.0,114.87440372721355,114.87840376790365,116.83305167643229,116.83705171712239
2023-07-26 15:48:20.602909,5324030.0,5324479.0,114.88745821126302,114.89145829264322,116.85044376627604,116.85444384765626
2023-07-26 15:48:20.620848,5324034.0,5324483.0,114.90483992513022,114.9088399658203,116.8678358968099,116.87183593750001
2023-07-26 15:48:20.637791,5324038.0,5324486.0,114.92223173014322,114.92623177083333,116.88087963867187,116.88487972005208
2023-07-26 15:48:20.650748,5324042.0,5324490.0,114.93962381998698,114.94362390136719,116.89827176920573,116.90227180989582
2023-07-26 15:48:20.668688,5324045.0,5324494.0,114.9526679280599,114.95666796875,116.91566389973958,116.91966394042969
2023-07-26 15:48:20.681645,5324049.0,5324498.0,114.9700596923828,114.97405977376303,116.93305566406251,116.9370557454427
2023-07-26 15:48:20.698588,5324052.0,5324501.0,114.98310380045574,114.98710384114582,116.94609977213541,116.95009981282553
2023-07-26 15:48:20.716525,5324056.0,5324504.0,115.00049589029949,115.00449597167969,116.95914383951823,116.96314392089845
2023-07-26 15:48:20.729480,5324060.0,5324508.0,115.01788769531251,115.0218877360026,116.97653588867188,116.98053588867188
2023-07-26 15:48:20.746428,5324063.0,5324512.0,115.0309317626953,115.03493184407552,116.993927734375,116.9979278157552
2023-07-26 15:48:20.764368,5324067.0,5324515.0,115.04832389322917,115.05232393391927,117.00697184244791,117.01097188313803
2023-07-26 15:48:20.777324,5324071.0,5324519.0,115.06571569824219,115.06971573893229,117.02436397298176,117.02836401367188
2023-07-26 15:48:20.794267,5324074.0,5324523.0,115.078759765625,115.08275980631511,117.04175573730468,117.04575577799478
2023-07-26 15:48:20.812207,5324078.0,5324527.0,115.09615189615886,115.10015193684896,117.05914786783853,117.06314790852865
2023-07-26 15:48:20.825164,5324082.0,5324530.0,115.1135438232422,115.1175438232422,117.07219193522135,117.07619201660157
2023-07-26 15:48:20.842107,5324085.0,5324534.0,115.12658776855469,115.13058780924479,117.08958374023437,117.09358378092449
2023-07-26 15:48:20.855065,5324089.0,5324538.0,115.14397985839844,115.14797993977865,117.10697583007813,117.11097591145833
2023-07-26 15:48:20.873003,5324092.0,5324541.0,115.15702396647136,115.16102400716146,117.12001993815105,117.12401997884115
2023-07-26 15:48:20.885961,5324096.0,5324544.0,115.17441573079427,115.17841581217448,117.13306368001301,117.13706376139324
2023-07-26 15:48:20.902903,5324099.0,5324548.0,115.18745983886718,115.19145987955729,117.15045581054687,117.15445585123697
2023-07-26 15:48:20.915860,5324103.0,5324551.0,115.20485196940105,115.20885201009114,117.16351029459635,117.16751037597656
2023-07-26 15:48:20.933800,5324106.0,5324554.0,115.2179061279297,115.22190616861978,117.17654370117188,117.18054370117187
2023-07-26 15:48:20.950741,5324110.0,5324558.0,115.23528784179688,115.23928788248698,117.19393575032552,117.19793583170572
2023-07-26 15:48:20.968243,5324114.0,5324562.0,115.25267993164061,115.25668001302083,117.21132788085939,117.21532792154947
2023-07-26 15:48:20.981144,5324118.0,5324567.0,115.27007173665365,115.27407177734375,117.23306770833334,117.23706774902344
2023-07-26 15:48:20.999084,5324121.0,5324570.0,115.28311580403646,115.28711588541667,117.24611177571614,117.25011185709636
2023-07-26 15:48:21.016028,5324125.0,5324574.0,115.3005079345703,115.30450797526042,117.26350390625,117.2675039469401
2023-07-26 15:48:21.029051,5324129.0,5324577.0,115.31789969889323,115.32189978027344,117.27654764811197,117.28054772949218
2023-07-26 15:48:21.046997,5324132.0,5324581.0,115.33094380696615,115.33494384765625,117.29393977864584,117.29793981933594
2023-07-26 15:48:21.063934,5324136.0,5324585.0,115.3483359375,115.3523359781901,117.31133190917969,117.3153319498698
2023-07-26 15:48:21.080877,5324140.0,5324588.0,115.3657277018229,115.36972774251302,117.32437573242188,117.32837573242188
2023-07-26 15:48:21.094826,5324144.0,5324592.0,115.38311983235677,115.38711987304687,117.34176778157553,117.34576782226561
2023-07-26 15:48:21.111774,5324147.0,5324596.0,115.39616389973958,115.40016398111979,117.35915987141928,117.36315995279948
2023-07-26 15:48:21.128717,5324151.0,5324599.0,115.4135557047526,115.41755574544271,117.37220385742187,117.37620385742187
2023-07-26 15:48:21.142667,5324155.0,5324603.0,115.43095821126302,115.43495829264323,117.38959574381511,117.39359582519532
2023-07-26 15:48:21.159614,5324158.0,5324607.0,115.44399190266928,115.44799194335937,117.40698787434896,117.41098791503907
2023-07-26 15:48:21.172570,5324162.0,5324610.0,115.46138366699219,115.46538374837239,117.42003194173178,117.42403198242188
2023-07-26 15:48:21.190510,5324165.0,5324613.0,115.4744277750651,115.47842781575521,117.43307572428387,117.43707576497395
2023-07-26 15:48:21.203467,5324169.0,5324618.0,115.49181990559896,115.49581994628906,117.45481587727865,117.45881591796875
2023-07-26 15:48:21.220410,5324172.0,5324621.0,115.50486397298177,115.50886401367188,117.46785994466146,117.47185998535156
2023-07-26 15:48:21.233366,5324176.0,5324624.0,115.52225577799479,115.5262558186849,117.48090368652343,117.48490376790365
2023-07-26 15:48:21.251306,5324179.0,5324628.0,115.53529984537761,115.53929988606771,117.4982958170573,117.5022958577474
2023-07-26 15:48:21.264265,5324183.0,5324631.0,115.55269197591146,115.55669201660156,117.51133992513022,117.5153399658203
2023-07-26 15:48:21.281206,5324186.0,5324635.0,115.56573571777344,115.56973575846354,117.52873168945312,117.53273173014323
2023-07-26 15:48:21.299146,5324190.0,5324638.0,115.58312784830729,115.5871278889974,117.54177579752603,117.54577583821614
2023-07-26 15:48:21.312103,5324194.0,5324642.0,115.60051993815104,115.60452001953125,117.55916788736978,117.56316796875
2023-07-26 15:48:21.329046,5324197.0,5324646.0,115.61356372070313,115.61756376139324,117.5765596923828,117.58055973307292
2023-07-26 15:48:21.346985,5324201.0,5324650.0,115.63095581054688,115.63495589192708,117.59395178222655,117.59795186360677
2023-07-26 15:48:21.359944,5324205.0,5324653.0,115.64834794108073,115.65234798177083,117.60699589029949,117.61099593098957
2023-07-26 15:48:21.376886,5324208.0,5324657.0,115.66139168294272,115.66539176432292,117.6243876546224,117.62838773600261
2023-07-26 15:48:21.394826,5324212.0,5324660.0,115.67878381347656,115.68278385416667,117.63743176269531,117.64143180338542
2023-07-26 15:48:21.407782,5324216.0,5324664.0,115.6961759440104,115.70017598470052,117.65482389322918,117.65882393391927
2023-07-26 15:48:21.424725,5324219.0,5324668.0,115.7092196858724,115.7132197265625,117.67221565755207,117.67621569824219
2023-07-26 15:48:21.442662,5324223.0,5324672.0,115.72661181640625,115.73061185709636,117.68960778808594,117.69360782877604
2023-07-26 15:48:21.455622,5324227.0,5324675.0,115.74400390625,115.74800398763021,117.70265185546874,117.70665193684896
2023-07-26 15:48:21.472565,5324230.0,5324679.0,115.75704772949219,115.76104772949218,117.72004370117187,117.72404370117188
2023-07-26 15:48:21.490506,5324234.0,5324683.0,115.77443977864584,115.77843986002604,117.73743575032552,117.74143583170573
2023-07-26 15:48:21.503462,5324238.0,5324686.0,115.79183190917968,115.7958319498698,117.75047985839845,117.75447989908854
2023-07-26 15:48:21.520405,5324241.0,5324690.0,115.80487585449218,115.80887585449219,117.76787182617188,117.77187182617187
2023-07-26 15:48:21.538344,5324245.0,5324693.0,115.82226778157552,115.82626782226562,117.78091573079426,117.78491577148438
2023-07-26 15:48:21.555288,5324249.0,5324697.0,115.83965991210937,115.84365995279948,117.79830786132813,117.80230790201823
2023-07-26 15:48:21.568245,5324253.0,5324701.0,115.85705167643229,115.8610517578125,117.81569995117187,117.81969995117187
2023-07-26 15:48:21.586184,5324256.0,5324705.0,115.87009578450521,115.87409582519531,117.8330917561849,117.837091796875
2023-07-26 15:48:21.603128,5324260.0,5324709.0,115.88748787434896,115.89148795572916,117.85048384602865,117.85448392740886
2023-07-26 15:48:21.620071,5324264.0,5324712.0,115.90487976074219,115.90887976074218,117.86352795410157,117.86752799479167
2023-07-26 15:48:21.638011,5324268.0,5324716.0,115.92227180989583,115.92627185058593,117.88091971842448,117.88491979980468
2023-07-26 15:48:21.650967,5324272.0,5324720.0,115.93966389973959,115.94366398111978,117.89831184895834,117.90231188964843
2023-07-26 15:48:21.667911,5324275.0,5324723.0,115.95270788574219,115.95670788574219,117.91135595703125,117.91535599772135
2023-07-26 15:48:21.685851,5324279.0,5324728.0,115.97009977213541,115.97409985351563,117.93309574381512,117.93709582519531
2023-07-26 15:48:21.698807,5324283.0,5324731.0,115.98749190266928,115.99149194335938,117.94613985188802,117.95013989257812
2023-07-26 15:48:21.716744,5324286.0,5324735.0,116.00053597005208,116.00453601074219,117.96353194173177,117.96753198242187
2023-07-26 15:48:21.733690,5324290.0,5324739.0,116.0179277750651,116.0219278157552,117.98092374674479,117.9849237874349
2023-07-26 15:48:21.746647,5324294.0,5324742.0,116.03531990559897,116.03931994628905,117.9939678141276,117.99796789550781
2023-07-26 15:48:21.763590,5324297.0,5324746.0,116.04836397298176,116.05236401367188,118.01135994466146,118.01535998535155
2023-07-26 15:48:21.781530,5324301.0,5324749.0,116.06575577799478,116.0697558186849,118.02440368652344,118.02840376790364
2023-07-26 15:48:21.794487,5324305.0,5324753.0,116.08314786783853,116.08714794921875,118.04179581705729,118.0457958577474
2023-07-26 15:48:21.811430,5324308.0,5324756.0,116.09619197591145,116.10019201660157,118.05483992513021,118.05883996582031
2023-07-26 15:48:21.825383,5324312.0,5324760.0,116.11358374023438,116.11758382161459,118.07223168945312,118.07623173014323
2023-07-26 15:48:21.842322,5324315.0,5324763.0,116.1266278483073,116.1306278889974,118.08527579752604,118.08927583821615
2023-07-26 15:48:21.859337,5324319.0,5324767.0,116.14401993815105,116.14802001953124,118.10266788736979,118.10666796874999
2023-07-26 15:48:21.877251,5324323.0,5324772.0,116.16141174316407,116.16541178385417,118.12440771484376,118.12840775553386
2023-07-26 15:48:21.894152,5324327.0,5324775.0,116.17880387369792,116.18280391438802,118.13745178222656,118.14145186360676
2023-07-26 15:48:21.907109,5324331.0,5324779.0,116.19619596354165,116.20019604492188,118.15484391276043,118.15884395345051
2023-07-26 15:48:21.925049,5324334.0,5324783.0,116.20923974609374,116.21323978678386,118.17223571777343,118.17623575846353
2023-07-26 15:48:21.941993,5324338.0,5324787.0,116.2266318359375,116.23063191731771,118.1896278076172,118.1936278889974
2023-07-26 15:48:21.954949,5324342.0,5324790.0,116.24402396647136,116.24802400716146,118.2026719156901,118.2066719563802
2023-07-26 15:48:21.976931,5324345.0,5324794.0,116.25706770833334,116.26106778971354,118.22006368001301,118.22406376139324
2023-07-26 15:48:21.989887,5324350.0,5324798.0,116.27880786132813,116.28280790201822,118.23745581054688,118.24145585123698
2023-07-26 15:48:22.007827,5324353.0,5324802.0,116.29185196940104,116.29585201009114,118.25484794108073,118.25884798177084
2023-07-26 15:48:22.024770,5324357.0,5324806.0,116.30924373372395,116.31324377441406,118.27223970540365,118.27623974609374
2023-07-26 15:48:22.037727,5324361.0,5324809.0,116.32663586425782,116.33063590494791,118.28528381347657,118.28928385416667
2023-07-26 15:48:22.055667,5324364.0,5324812.0,116.33967993164062,116.34368001302083,118.29832788085938,118.30232792154948
2023-07-26 15:48:22.072610,5324368.0,5324817.0,116.35707173665365,116.36107177734375,118.32006770833333,118.32406774902344
2023-07-26 15:48:22.090550,5324372.0,5324820.0,116.37446382649739,116.37846390787762,118.33311177571615,118.33711185709636
2023-07-26 15:48:22.107494,5324376.0,5324824.0,116.39185595703125,116.39585599772136,118.35050390625,118.3545039469401
2023-07-26 15:48:22.124437,5324380.0,5324828.0,116.40924776204427,116.41324780273438,118.36789567057292,118.37190616861979
2023-07-26 15:48:22.142377,5324384.0,5324832.0,116.42663985188803,116.43063993326824,118.38528780110677,118.38928784179689
2023-07-26 15:48:22.155333,5324388.0,5324836.0,116.44403198242188,116.44803202311198,118.40267993164062,118.40667997233074
2023-07-26 15:48:22.172277,5324391.0,5324840.0,116.45707572428385,116.46107580566407,118.42007169596354,118.42407177734376
2023-07-26 15:48:22.190216,5324395.0,5324844.0,116.4744678548177,116.47846789550782,118.43746382649739,118.4414638671875
2023-07-26 15:48:22.207159,5324399.0,5324848.0,116.49185998535155,116.49586002604167,118.45485595703126,118.45885599772134
2023-07-26 15:48:22.225099,5324403.0,5324852.0,116.50925174967448,116.51325179036458,118.47224772135417,118.47624776204427
2023-07-26 15:48:22.242043,5324407.0,5324856.0,116.52664388020833,116.53064392089844,118.48963985188803,118.49363989257812
2023-07-26 15:48:22.259982,5324411.0,5324859.0,116.54403597005208,116.5480360107422,118.50268391927082,118.50668400065103
2023-07-26 15:48:22.272968,5324415.0,5324863.0,116.5614277750651,116.56542781575521,118.52007572428386,118.52407576497396
2023-07-26 15:48:22.289936,5324418.0,5324867.0,116.57447184244792,116.57847192382812,118.5374678141276,118.54146789550782
2023-07-26 15:48:22.308019,5324422.0,5324870.0,116.59186397298177,116.59586401367187,118.55051192220051,118.55451196289063
2023-07-26 15:48:22.320235,5324426.0,5324874.0,116.60925577799479,116.61325581868489,118.56790368652344,118.57190376790365
2023-07-26 15:48:22.338292,5324429.0,5324878.0,116.6222998453776,116.62629988606771,118.5852958170573,118.5892958577474
2023-07-26 15:48:22.355655,5324433.0,5324882.0,116.63969197591145,116.64369201660156,118.60268794759115,118.60668798828124
2023-07-26 15:48:22.372615,5324437.0,5324885.0,116.65708374023437,116.66108382161458,118.61573168945311,118.61973173014323
2023-07-26 15:48:22.386147,5324441.0,5324889.0,116.67447587076823,116.67847591145834,118.63312381998698,118.63712386067708
2023-07-26 15:48:22.403216,5324444.0,5324892.0,116.68751993815104,116.69152001953125,118.64616788736978,118.65016796875
2023-07-26 15:48:22.420516,5324448.0,5324896.0,116.70491174316406,116.70891178385418,118.6635596923828,118.66755973307292
2023-07-26 15:48:22.437936,5324452.0,5324900.0,116.72230387369792,116.72630391438801,118.68095178222656,118.68495186360677
2023-07-26 15:48:22.455032,5324456.0,5324904.0,116.73969596354166,116.74369604492188,118.69834391276042,118.70234395345052
2023-07-26 15:48:22.473183,5324460.0,5324908.0,116.7570877685547,116.76108780924478,118.71573571777344,118.71973575846353
2023-07-26 15:48:22.486281,5324464.0,5324912.0,116.77447985839845,116.77847993977865,118.7331278076172,118.7371278889974
2023-07-26 15:48:22.503262,5324467.0,5324915.0,116.78752396647135,116.79152400716146,118.74617191569011,118.7501719563802
2023-07-26 15:48:22.520378,5324471.0,5324920.0,116.80491573079426,116.80891581217448,118.76791170247397,118.77191178385416
2023-07-26 15:48:22.537530,5324475.0,5324923.0,116.82230786132813,116.82630790201823,118.78095581054687,118.78495585123697
2023-07-26 15:48:22.555797,5324479.0,5324927.0,116.83969999186198,116.84370003255209,118.79834794108072,118.80234798177084
2023-07-26 15:48:22.572492,5324483.0,5324931.0,116.8570917561849,116.86109183756511,118.81573970540364,118.81973974609375
2023-07-26 15:48:22.585691,5324487.0,5324935.0,116.87448388671875,116.87848392740887,118.8331318359375,118.83713187662761
2023-07-26 15:48:22.602991,5324490.0,5324938.0,116.88752795410157,116.89152803548177,118.84617590332032,118.85017598470053
2023-07-26 15:48:22.620132,5324494.0,5324942.0,116.90491975911459,116.90891979980468,118.86356770833333,118.86756774902345
2023-07-26 15:48:22.638136,5324498.0,5324946.0,116.92231188964844,116.92631193033854,118.88095979817709,118.88495987955729
2023-07-26 15:48:22.655710,5324502.0,5324950.0,116.9397039794922,116.94370397949218,118.89835192871094,118.90235196940104
2023-07-26 15:48:22.668125,5324506.0,5324954.0,116.9570957845052,116.96109582519532,118.91574373372396,118.91974377441406
2023-07-26 15:48:22.685489,5324509.0,5324958.0,116.97013985188802,116.97413993326823,118.93313582356771,118.93713590494791
2023-07-26 15:48:22.703613,5324513.0,5324962.0,116.98753198242187,116.99153202311199,118.95052795410157,118.95452799479166
2023-07-26 15:48:22.720632,5324517.0,5324965.0,117.0049237467448,117.008923828125,118.96357169596354,118.96757177734375
2023-07-26 15:48:22.733455,5324521.0,5324969.0,117.02231587727864,117.02631591796876,118.98096382649739,118.9849638671875
2023-07-26 15:48:22.750639,5324524.0,5324973.0,117.03535998535156,117.03936002604166,118.99835595703125,119.00235599772135
2023-07-26 15:48:22.768834,5324528.0,5324977.0,117.05275174967448,117.05675179036457,119.01574772135416,119.01974776204428
2023-07-26 15:48:22.786305,5324532.0,5324980.0,117.07014388020833,117.07414392089844,119.02879182942709,119.03279187011718
2023-07-26 15:48:22.803409,5324536.0,5324985.0,117.08753597005209,117.09153601074219,119.05053194173178,119.05453198242188
2023-07-26 15:48:22.820413,5324540.0,5324988.0,117.10492777506511,117.10892781575521,119.06357572428387,119.06757576497395
2023-07-26 15:48:22.837740,5324544.0,5324992.0,117.12231990559896,117.12631994628906,119.0809678141276,119.08496789550782
2023-07-26 15:48:22.855806,5324548.0,5324996.0,117.13971179199218,117.14371179199219,119.09835994466145,119.10235998535155
2023-07-26 15:48:22.873179,5324552.0,5325000.0,117.15710380045573,117.16110384114583,119.11575174967449,119.11975179036457
2023-07-26 15:48:22.890652,5324556.0,5325004.0,117.17449589029948,117.1784959716797,119.13314383951824,119.13714392089844
2023-07-26 15:48:22.907467,5324560.0,5325008.0,117.1918876953125,117.1958877360026,119.15053588867187,119.15453588867187
2023-07-26 15:48:22.924848,5324564.0,5325012.0,117.20927982584635,117.21327986653647,119.167927734375,119.17192781575521
2023-07-26 15:48:22.942427,5324568.0,5325016.0,117.2266719156901,117.23067199707032,119.18531986490885,119.18931990559896
2023-07-26 15:48:22.955942,5324572.0,5325020.0,117.24406372070312,117.24806376139324,119.20271166992187,119.20671171061198
2023-07-26 15:48:22.972623,5324575.0,5325024.0,117.25710778808595,117.26110786946614,119.22010375976562,119.22410384114583
2023-07-26 15:48:22.989852,5324579.0,5325028.0,117.27451033528646,117.27851037597655,119.23749589029948,119.24149593098959
2023-07-26 15:48:23.008039,5324583.0,5325032.0,117.29189168294272,117.29589176432292,119.2548876546224,119.2588877360026
2023-07-26 15:48:23.024603,5324587.0,5325036.0,117.30928381347657,117.31328385416667,119.27227978515624,119.27627982584636
2023-07-26 15:48:23.042872,5324591.0,5325039.0,117.32667594401042,117.33067598470052,119.28532389322918,119.28932393391926
2023-07-26 15:48:23.060223,5324595.0,5325044.0,117.34406770833333,117.34806778971354,119.30706368001302,119.31106376139324
2023-07-26 15:48:23.077624,5324599.0,5325048.0,117.36145983886718,117.36545987955729,119.32445581054688,119.32845585123697
2023-07-26 15:48:23.094737,5324603.0,5325051.0,117.37885196940104,117.38285201009114,119.33751029459636,119.34151037597655
2023-07-26 15:48:23.112411,5324607.0,5325055.0,117.39624373372395,117.40024377441407,119.35489168294272,119.35889172363281
2023-07-26 15:48:23.128858,5324611.0,5325059.0,117.41363586425781,117.41763590494791,119.37228381347656,119.37628385416667
2023-07-26 15:48:23.146907,5324615.0,5325064.0,117.43102795410157,117.43502803548178,119.39402392578126,119.39802400716145
2023-07-26 15:48:23.164093,5324619.0,5325068.0,117.44841975911459,117.45241979980469,119.41141573079427,119.41541577148438
2023-07-26 15:48:23.181081,5324623.0,5325072.0,117.46581188964844,117.46981193033855,119.42880786132812,119.43280790201823
2023-07-26 15:48:23.199371,5324627.0,5325075.0,117.48320397949219,117.4872039794922,119.44185192871093,119.44585196940105
2023-07-26 15:48:23.215885,5324631.0,5325079.0,117.50059578450521,117.50459582519531,119.45924373372395,119.46324377441407
2023-07-26 15:48:23.234036,5324635.0,5325083.0,117.51798787434896,117.52198795572916,119.4766358235677,119.48063590494792
2023-07-26 15:48:23.251536,5324639.0,5325087.0,117.53537976074219,117.5393797607422,119.49402795410157,119.49802799479167
2023-07-26 15:48:23.268971,5324643.0,5325091.0,117.55277180989583,117.55677185058593,119.51141971842448,119.51541979980469
2023-07-26 15:48:23.285381,5324647.0,5325095.0,117.57016389973958,117.57416398111978,119.52881184895834,119.53281188964843
2023-07-26 15:48:23.302824,5324651.0,5325099.0,117.5875557047526,117.5915557454427,119.54620385742187,119.55020385742186
2023-07-26 15:48:23.316054,5324655.0,5325103.0,117.60495821126302,117.60895829264322,119.56359574381511,119.56759582519531
2023-07-26 15:48:23.333359,5324658.0,5325107.0,117.61799190266927,117.62199194335938,119.58098787434896,119.58498791503906
2023-07-26 15:48:23.351592,5324662.0,5325111.0,117.63538366699218,117.6393837483724,119.59837963867187,119.60237972005208
2023-07-26 15:48:23.368768,5324666.0,5325115.0,117.65277579752603,117.65677583821615,119.61577176920574,119.61977180989582
2023-07-26 15:48:23.386077,5324670.0,5325119.0,117.6701679280599,117.67416796875,119.63316389973959,119.63716394042969
2023-07-26 15:48:23.403396,5324674.0,5325122.0,117.6875596923828,117.69155977376303,119.64620776367187,119.65020776367187
2023-07-26 15:48:23.420959,5324678.0,5325127.0,117.70495182291667,117.70895186360677,119.66795821126301,119.67195825195313
2023-07-26 15:48:23.434088,5324682.0,5325130.0,117.72234395345052,117.72634399414062,119.68099186197917,119.68499194335938
2023-07-26 15:48:23.451441,5324685.0,5325133.0,117.73538769531251,117.7393877360026,119.69403588867188,119.69803588867187
2023-07-26 15:48:23.468734,5324689.0,5325138.0,117.75277982584636,117.75677986653646,119.71577579752604,119.71977583821615
2023-07-26 15:48:23.485519,5324693.0,5325142.0,117.7701719156901,117.77417199707031,119.73316788736979,119.73716796875
2023-07-26 15:48:23.503709,5324697.0,5325146.0,117.78756372070312,117.79156376139323,119.75055969238281,119.75455973307291
2023-07-26 15:48:23.520769,5324701.0,5325150.0,117.80495581054687,117.80895589192708,119.76795178222656,119.77195186360676
2023-07-26 15:48:23.538171,5324705.0,5325154.0,117.82234794108072,117.82634798177084,119.78534391276042,119.78934395345051
2023-07-26 15:48:23.555805,5324709.0,5325158.0,117.83973974609374,117.84373978678386,119.80273571777344,119.80673575846353
2023-07-26 15:48:23.573191,5324713.0,5325161.0,117.8571318359375,117.8611319173177,119.81577978515624,119.81977982584635
2023-07-26 15:48:23.590721,5324717.0,5325165.0,117.87452396647136,117.87852400716146,119.8331719156901,119.8371719563802
2023-07-26 15:48:23.607432,5324721.0,5325169.0,117.89191573079427,117.89591581217448,119.85056368001301,119.85456376139324
2023-07-26 15:48:23.624682,5324725.0,5325173.0,117.90930786132813,117.91330790201823,119.86795581054687,119.87195585123698
2023-07-26 15:48:23.642218,5324729.0,5325177.0,117.92669999186198,117.9307000325521,119.88534794108072,119.88934798177084
2023-07-26 15:48:23.659701,5324733.0,5325181.0,117.9440917561849,117.9480918375651,119.90273970540365,119.90673974609375
2023-07-26 15:48:23.676990,5324737.0,5325185.0,117.96148388671875,117.96548392740885,119.9201318359375,119.92413187662761
2023-07-26 15:48:23.694514,5324741.0,5325189.0,117.97887585449219,117.98287585449219,119.93752392578125,119.94152400716146
2023-07-26 15:48:23.711687,5324745.0,5325193.0,117.99626778157553,118.00026782226561,119.95491573079427,119.95891577148439
2023-07-26 15:48:23.729205,5324749.0,5325197.0,118.01365991210938,118.01765995279948,119.97230786132813,119.97630790201822
2023-07-26 15:48:23.747155,5324753.0,5325201.0,118.0310516764323,118.0350517578125,119.98969995117187,119.99369995117186
2023-07-26 15:48:23.764662,5324757.0,5325205.0,118.04844380696613,118.05244384765625,120.0070917561849,120.011091796875
2023-07-26 15:48:23.782016,5324761.0,5325209.0,118.0658359375,118.0698359781901,120.02448384602866,120.02848392740886
2023-07-26 15:48:23.798562,5324765.0,5325213.0,118.0832277018229,118.08722774251302,120.04187573242189,120.04587573242188
2023-07-26 15:48:23.816630,5324769.0,5325217.0,118.10061983235677,118.10461987304687,120.05926778157553,120.06326782226562
2023-07-26 15:48:23.833833,5324773.0,5325221.0,118.11801192220051,118.12201200358074,120.07665987141928,120.08065995279948
2023-07-26 15:48:23.850941,5324777.0,5325225.0,118.13540372721354,118.13940376790364,120.09405167643229,120.09805171712239
2023-07-26 15:48:23.868405,5324781.0,5325229.0,118.15279585774739,118.15679589843751,120.11144376627604,120.11544384765625
2023-07-26 15:48:23.886407,5324785.0,5325233.0,118.17018794759115,118.17418802897136,120.12883589680989,120.1328359375
2023-07-26 15:48:23.903783,5324789.0,5325237.0,118.18757975260417,118.19157979329428,120.14622770182291,120.15022774251302
2023-07-26 15:48:23.920333,5324793.0,5325241.0,118.20497184244792,118.20897192382813,120.16361979166666,120.16761987304687
2023-07-26 15:48:23.938632,5324797.0,5325245.0,118.22236397298177,118.22636401367187,120.18101192220051,120.18501196289063
2023-07-26 15:48:23.955127,5324801.0,5325249.0,118.23975577799479,118.2437558186849,120.19840368652343,120.20240376790365
2023-07-26 15:48:23.973274,5324805.0,5325253.0,118.25714786783854,118.26114794921875,120.2157958170573,120.2197958577474
2023-07-26 15:48:23.990597,5324809.0,5325258.0,118.2745399169922,118.27853991699219,120.23753588867187,120.24153588867188
2023-07-26 15:48:24.007804,5324813.0,5325262.0,118.29193176269531,118.29593184407551,120.254927734375,120.25892781575521
2023-07-26 15:48:24.024908,5324817.0,5325266.0,118.30932389322918,118.31332393391926,120.27231986490885,120.27631990559897
2023-07-26 15:48:24.042924,5324821.0,5325269.0,118.3267156982422,118.33071573893228,120.28536397298177,120.28936401367187
2023-07-26 15:48:24.059510,5324825.0,5325273.0,118.34410778808594,118.34810786946615,120.3027557373047,120.30675577799478
2023-07-26 15:48:24.077276,5324829.0,5325277.0,118.36151033528647,118.36551037597656,120.32014786783854,120.32414790852864
2023-07-26 15:48:24.094575,5324833.0,5325281.0,118.37889168294271,118.38289176432292,120.33753979492188,120.34153979492187
2023-07-26 15:48:24.111850,5324837.0,5325285.0,118.39628381347656,118.40028385416667,120.35493176269532,120.35893180338542
2023-07-26 15:48:24.129367,5324841.0,5325289.0,118.41367594401041,118.41767598470052,120.37232389322917,120.37632393391927
2023-07-26 15:48:24.147226,5324845.0,5325293.0,118.43106770833333,118.43506778971354,120.38971565755207,120.39371569824219
2023-07-26 15:48:24.164465,5324849.0,5325297.0,118.44845983886718,118.4524598795573,120.40710778808594,120.41110782877604
2023-07-26 15:48:24.181577,5324853.0,5325301.0,118.46585196940104,118.46985201009115,120.42451029459635,120.42851037597656
2023-07-26 15:48:24.198628,5324857.0,5325305.0,118.48324373372395,118.48724377441407,120.44189168294271,120.44589172363281
2023-07-26 15:48:24.216150,5324861.0,5325309.0,118.50063586425782,118.50463590494792,120.45928381347656,120.46328385416668
2023-07-26 15:48:24.233543,5324865.0,5325314.0,118.51802795410157,118.52202803548178,120.48102392578124,120.48502400716146
2023-07-26 15:48:24.251639,5324869.0,5325317.0,118.53541975911459,118.53941979980469,120.49406770833333,120.49806774902345
2023-07-26 15:48:24.268842,5324873.0,5325321.0,118.55281188964844,118.55681193033854,120.51145979817709,120.5154598795573
2023-07-26 15:48:24.286054,5324877.0,5325325.0,118.57020397949219,118.57420397949218,120.52885192871094,120.53285196940104
2023-07-26 15:48:24.303065,5324881.0,5325329.0,118.58759578450521,118.59159582519531,120.54624373372395,120.55024377441406
2023-07-26 15:48:24.320402,5324885.0,5325334.0,118.60498787434896,118.60898795572916,120.56798384602865,120.57198392740887
2023-07-26 15:48:24.337737,5324889.0,5325337.0,118.62237976074219,118.62637976074218,120.58102795410157,120.58502799479166
2023-07-26 15:48:24.355857,5324893.0,5325341.0,118.63977180989583,118.64377185058594,120.59841971842448,120.60241979980468
2023-07-26 15:48:24.373051,5324897.0,5325345.0,118.65716389973957,118.66116398111978,120.61581184895834,120.61981188964843
2023-07-26 15:48:24.389889,5324901.0,5325349.0,118.67455570475259,118.67855574544271,120.63320385742188,120.63720385742187
2023-07-26 15:48:24.408159,5324905.0,5325353.0,118.69195821126301,118.69595829264323,120.6505957438151,120.65459582519532
2023-07-26 15:48:24.425155,5324909.0,5325357.0,118.70933992513021,118.71333996582031,120.66798787434895,120.67198791503907
2023-07-26 15:48:24.442720,5324913.0,5325361.0,118.72673173014323,118.73073177083333,120.68537963867186,120.68937972005209
2023-07-26 15:48:24.460111,5324917.0,5325365.0,118.74412381998698,118.7481239013672,120.70277176920573,120.70677180989583
2023-07-26 15:48:24.477400,5324921.0,5325369.0,118.76151595052083,118.76551599121095,120.72016389973957,120.72416394042969
2023-07-26 15:48:24.494555,5324925.0,5325373.0,118.77890771484375,118.78290779622397,120.7375556640625,120.74155574544271
2023-07-26 15:48:24.512774,5324929.0,5325378.0,118.7962998453776,118.80029988606772,120.75929581705729,120.7632958577474
2023-07-26 15:48:24.530181,5324933.0,5325382.0,118.81369197591145,118.81769201660157,120.77668794759114,120.78068798828124
2023-07-26 15:48:24.547596,5324937.0,5325386.0,118.83108374023438,118.83508382161457,120.79407971191407,120.79807979329428
2023-07-26 15:48:24.565320,5324941.0,5325390.0,118.84847587076824,118.85247591145833,120.81147184244792,120.81547188313803
2023-07-26 15:48:24.582389,5324945.0,5325394.0,118.86586800130209,118.86986804199218,120.82886397298176,120.83286401367188
2023-07-26 15:48:24.600253,5324949.0,5325398.0,118.883259765625,118.8872598063151,120.84625573730469,120.85025577799479
2023-07-26 15:48:24.617244,5324953.0,5325402.0,118.90065189615886,118.90465193684895,120.86364786783854,120.86764790852865
2023-07-26 15:48:24.634433,5324957.0,5325406.0,118.9180438232422,118.92204382324219,120.88103979492188,120.88503979492188
2023-07-26 15:48:24.652484,5324961.0,5325410.0,118.93543579101562,118.93943583170572,120.89843176269531,120.90243180338543
2023-07-26 15:48:24.669695,5324965.0,5325414.0,118.95282792154947,118.95682796223959,120.91582389322917,120.91982393391926
2023-07-26 15:48:24.686654,5324969.0,5325418.0,118.9702196858724,118.9742197265625,120.93321565755208,120.93721569824218
2023-07-26 15:48:24.703743,5324973.0,5325422.0,118.98761181640624,118.99161185709636,120.95060778808595,120.95460782877603
2023-07-26 15:48:24.721911,5324977.0,5325426.0,119.00500390625,119.00900398763021,120.96801029459635,120.97201037597655
2023-07-26 15:48:24.739061,5324981.0,5325430.0,119.02240612792968,119.02640616861979,120.98539168294272,120.9893917236328
2023-07-26 15:48:24.756522,5324985.0,5325434.0,119.03978784179688,119.04378788248698,121.00278381347657,121.00678385416667
2023-07-26 15:48:24.774085,5324989.0,5325438.0,119.05717993164062,119.06118001302083,121.02017590332031,121.02417598470052
2023-07-26 15:48:24.791352,5324993.0,5325442.0,119.07457173665365,119.07857177734375,121.03756770833333,121.04156774902344
2023-07-26 15:48:24.808490,5324997.0,5325446.0,119.09196382649739,119.09596390787762,121.05495979817708,121.05895987955729
2023-07-26 15:48:24.825586,5325001.0,5325450.0,119.10935595703126,119.11335599772134,121.07235192871093,121.07635196940105
2023-07-26 15:48:24.843684,5325005.0,5325454.0,119.12674776204427,119.13074780273438,121.08974373372395,121.09374377441407
2023-07-26 15:48:24.860761,5325009.0,5325458.0,119.14413985188803,119.14813993326823,121.1071358235677,121.11113590494791
2023-07-26 15:48:24.878171,5325013.0,5325462.0,119.16153198242188,119.16553202311198,121.12452795410157,121.12852799479167
2023-07-26 15:48:24.895286,5325017.0,5325466.0,119.1789237467448,119.182923828125,121.14191971842448,121.14591979980469
2023-07-26 15:48:24.913225,5325021.0,5325470.0,119.19631587727865,119.20031591796875,121.15931184895834,121.16331188964844
2023-07-26 15:48:24.930168,5325025.0,5325474.0,119.21370788574218,119.21770788574219,121.17670385742187,121.18070385742188
2023-07-26 15:48:24.948109,5325029.0,5325478.0,119.23109977213541,119.23509985351562,121.19409574381511,121.19809582519531
2023-07-26 15:48:24.965055,5325033.0,5325482.0,119.24849190266927,119.25249194335937,121.21148787434896,121.21548791503906
2023-07-26 15:48:24.982006,5325037.0,5325486.0,119.26588366699218,119.2698837483724,121.22887963867187,121.2328797200521
2023-07-26 15:48:24.999938,5325041.0,5325490.0,119.28327579752603,119.28727583821615,121.24627176920573,121.25027180989582
2023-07-26 15:48:25.016881,5325045.0,5325494.0,119.3006679280599,119.30466796875,121.26366389973958,121.26766394042968
2023-07-26 15:48:25.034879,5325049.0,5325498.0,119.3180596923828,119.32205977376303,121.2810556640625,121.2850557454427
2023-07-26 15:48:25.051807,5325053.0,5325502.0,119.33545182291667,119.33945186360677,121.29845821126301,121.30245825195313
2023-07-26 15:48:25.069701,5325057.0,5325506.0,119.35284395345052,119.35684399414063,121.3158399251302,121.31983996582031
2023-07-26 15:48:25.091627,5325061.0,5325510.0,119.37023571777344,119.37423575846354,121.33323168945311,121.33723173014323
2023-07-26 15:48:25.108571,5325066.0,5325515.0,119.39197587076823,119.39597591145834,121.35497184244792,121.35897188313803
2023-07-26 15:48:25.125514,5325070.0,5325519.0,119.40936800130208,119.41336804199219,121.37236397298176,121.37636401367187
2023-07-26 15:48:25.143454,5325074.0,5325523.0,119.426759765625,119.43075980631511,121.3897557373047,121.39375577799478
2023-07-26 15:48:25.160397,5325078.0,5325527.0,119.44415189615886,119.44815193684896,121.40714786783853,121.41114790852865
2023-07-26 15:48:25.178337,5325082.0,5325531.0,119.4615438232422,119.4655438232422,121.42453979492187,121.42853979492187
2023-07-26 15:48:25.195280,5325086.0,5325535.0,119.47893579101563,119.48293583170573,121.4419317626953,121.44593180338542
2023-07-26 15:48:25.213220,5325090.0,5325539.0,119.49632792154948,119.50032796223958,121.45932389322917,121.46332393391927
2023-07-26 15:48:25.230163,5325094.0,5325543.0,119.5137196858724,119.51771972656249,121.47671565755208,121.4807156982422
2023-07-26 15:48:25.248103,5325098.0,5325547.0,119.53111181640625,119.53511185709635,121.49410778808594,121.49810782877604
2023-07-26 15:48:25.265046,5325102.0,5325551.0,119.54850390625,119.5525039876302,121.51151029459635,121.51551037597656
2023-07-26 15:48:25.282987,5325106.0,5325555.0,119.5659061279297,119.56990616861978,121.52889168294271,121.53289172363282
2023-07-26 15:48:25.299929,5325110.0,5325559.0,119.58328784179689,119.58728788248698,121.54628381347656,121.55028385416668
2023-07-26 15:48:25.316872,5325114.0,5325563.0,119.60067993164061,119.60468001302083,121.56367590332032,121.56767598470053
2023-07-26 15:48:25.334813,5325118.0,5325567.0,119.61807173665365,119.62207177734375,121.58106770833334,121.58506774902344
2023-07-26 15:48:25.351755,5325122.0,5325571.0,119.63546382649739,119.63946390787761,121.59845979817709,121.60245987955729
2023-07-26 15:48:25.369696,5325126.0,5325575.0,119.65285595703125,119.65685599772135,121.61585192871094,121.61985196940104
2023-07-26 15:48:25.394612,5325131.0,5325579.0,119.6745957845052,119.67859582519532,121.63324373372396,121.63724377441406
2023-07-26 15:48:25.412552,5325136.0,5325585.0,119.69633593750001,119.7003359781901,121.65933190917968,121.6633319498698
2023-07-26 15:48:25.429495,5325140.0,5325588.0,119.7137277018229,119.71772774251302,121.67237573242188,121.67637573242187
2023-07-26 15:48:25.446439,5325144.0,5325593.0,119.73111983235677,119.73511987304687,121.69411580403646,121.69811584472656
2023-07-26 15:48:25.464379,5325148.0,5325597.0,119.74851192220052,119.75251200358073,121.71150789388021,121.71550797526042
2023-07-26 15:48:25.481322,5325152.0,5325600.0,119.76590372721354,119.76990376790364,121.7245516764323,121.72855171712239
2023-07-26 15:48:25.499262,5325156.0,5325604.0,119.78329585774739,119.7872958984375,121.74194376627604,121.74594384765625
2023-07-26 15:48:25.521188,5325160.0,5325608.0,119.80068794759114,119.80468802897136,121.75933589680989,121.7633359375
2023-07-26 15:48:25.538131,5325165.0,5325613.0,119.8224277750651,119.82642781575521,121.78107572428387,121.78507576497395
2023-07-26 15:48:25.556075,5325169.0,5325617.0,119.83981990559896,119.84381994628906,121.79846781412759,121.80246789550782
2023-07-26 15:48:25.573015,5325173.0,5325621.0,119.85721179199219,119.86121179199219,121.81585994466145,121.81985998535156
2023-07-26 15:48:25.590955,5325177.0,5325625.0,119.87460380045573,119.87860384114583,121.83325174967449,121.83725179036458
2023-07-26 15:48:25.607897,5325181.0,5325630.0,119.89199589029948,119.8959959716797,121.85499186197917,121.85899194335937
2023-07-26 15:48:25.624839,5325185.0,5325634.0,119.9093876953125,119.9133877360026,121.87238366699219,121.8763837076823
2023-07-26 15:48:25.642779,5325189.0,5325638.0,119.92677982584635,119.93077986653647,121.88977579752604,121.89377583821614
2023-07-26 15:48:25.659722,5325193.0,5325642.0,119.9441719156901,119.94817199707032,121.90716788736978,121.91116796875
2023-07-26 15:48:25.677924,5325197.0,5325646.0,119.96156372070313,119.96556376139324,121.9245596923828,121.92855973307292
2023-07-26 15:48:25.695023,5325201.0,5325650.0,119.97895581054688,119.98295589192709,121.94195178222655,121.94595186360677
2023-07-26 15:48:25.716016,5325205.0,5325654.0,119.99634794108073,120.00034798177083,121.95934391276042,121.96334395345052
2023-07-26 15:48:25.733605,5325210.0,5325658.0,120.0180877685547,120.0220878092448,121.97673571777344,121.98073575846354
2023-07-26 15:48:25.751599,5325214.0,5325662.0,120.03547985839845,120.03947993977866,121.99412780761719,121.9981278889974
2023-07-26 15:48:25.768940,5325218.0,5325667.0,120.05287194824218,120.05687194824218,122.01586791992187,122.01986791992188
2023-07-26 15:48:25.786412,5325222.0,5325670.0,120.07026379394532,120.07426383463542,122.02891170247396,122.03291178385417
2023-07-26 15:48:25.803449,5325226.0,5325675.0,120.08765588378907,120.09165596516927,122.05065185546874,122.05465193684896
2023-07-26 15:48:25.821690,5325230.0,5325679.0,120.10504772949218,120.10904772949218,122.06804370117187,122.07204370117188
2023-07-26 15:48:25.838741,5325234.0,5325683.0,120.12243977864584,120.12643986002604,122.08543575032552,122.08943583170573
2023-07-26 15:48:25.860780,5325239.0,5325687.0,120.14417993164062,120.14818001302082,122.10282788085938,122.10682792154948
2023-07-26 15:48:25.878332,5325243.0,5325692.0,120.16157173665366,120.16557177734374,122.12456770833333,122.12856774902345
2023-07-26 15:48:25.895462,5325247.0,5325696.0,120.1789638264974,120.1829639078776,122.14195979817708,122.1459598795573
2023-07-26 15:48:25.912721,5325251.0,5325700.0,120.19635595703126,120.20035599772135,122.15935192871093,122.16335196940105
2023-07-26 15:48:25.930003,5325255.0,5325704.0,120.21374776204426,120.21774780273438,122.17674373372395,122.18074377441407
2023-07-26 15:48:25.952134,5325259.0,5325708.0,120.23113985188803,120.23513993326823,122.1941358235677,122.19813590494792
2023-07-26 15:48:25.969255,5325264.0,5325713.0,120.25287976074219,120.25687976074218,122.21587573242188,122.21987573242188
2023-07-26 15:48:25.986674,5325268.0,5325717.0,120.27027180989583,120.27427185058593,122.23326778157552,122.23726782226562
2023-07-26 15:48:26.004360,5325272.0,5325721.0,120.28766389973958,120.29166398111978,122.25065987141927,122.25465995279949
2023-07-26 15:48:26.025575,5325276.0,5325725.0,120.3050557047526,120.3090557454427,122.2680516764323,122.2720517171224
2023-07-26 15:48:26.043057,5325281.0,5325730.0,120.3267958577474,120.3307958984375,122.28979182942709,122.29379187011719
2023-07-26 15:48:26.061153,5325285.0,5325734.0,120.34418794759115,120.34818802897135,122.30718391927083,122.31118400065104
2023-07-26 15:48:26.078551,5325289.0,5325738.0,120.36157975260417,120.36557979329427,122.32457572428386,122.32857576497396
2023-07-26 15:48:26.095733,5325293.0,5325742.0,120.37897184244791,120.38297192382812,122.3419678141276,122.34596789550783
2023-07-26 15:48:26.112854,5325297.0,5325746.0,120.39636397298176,120.40036401367188,122.35935994466146,122.36335998535155
2023-07-26 15:48:26.130165,5325301.0,5325750.0,120.41375577799478,120.4177558186849,122.37675174967448,122.38075179036458
2023-07-26 15:48:26.148141,5325305.0,5325754.0,120.43114786783853,120.43514794921875,122.39414383951824,122.39814392089843
2023-07-26 15:48:26.165405,5325309.0,5325758.0,120.44853991699219,120.4525399169922,122.41153588867188,122.41553588867187
2023-07-26 15:48:26.182586,5325313.0,5325762.0,120.4659317626953,120.46993184407552,122.42892773437501,122.4329278157552
2023-07-26 15:48:26.200015,5325317.0,5325766.0,120.48332389322917,120.48732393391927,122.44631986490886,122.45031990559896
2023-07-26 15:48:26.217211,5325321.0,5325770.0,120.50071569824219,120.50471573893229,122.46371166992186,122.46771171061198
2023-07-26 15:48:26.234431,5325325.0,5325774.0,120.51810778808594,120.52210786946615,122.48110375976562,122.48510384114583
2023-07-26 15:48:26.251740,5325330.0,5325778.0,120.53984794108072,120.54384798177084,122.49849589029948,122.50249593098958
2023-07-26 15:48:26.274048,5325334.0,5325782.0,120.55723974609374,120.56123978678386,122.51588765462239,122.5198877360026
2023-07-26 15:48:26.291719,5325338.0,5325787.0,120.5746318359375,120.57863191731771,122.5376278076172,122.5416278889974
2023-07-26 15:48:26.308857,5325342.0,5325791.0,120.59202396647136,120.59602400716146,122.55501993815105,122.55901997884115
2023-07-26 15:48:26.326139,5325346.0,5325795.0,120.60941573079427,120.61341581217448,122.57241170247396,122.57641178385417
2023-07-26 15:48:26.343565,5325350.0,5325799.0,120.62680786132813,120.63080790201823,122.5898038330078,122.59380387369792
2023-07-26 15:48:26.360961,5325354.0,5325803.0,120.64419999186198,120.64820003255208,122.60719596354166,122.61119600423177
2023-07-26 15:48:26.378311,5325358.0,5325807.0,120.6615917561849,120.6655918375651,122.62458772786458,122.62858780924479
2023-07-26 15:48:26.395326,5325362.0,5325811.0,120.67898388671875,120.68298392740886,122.64197985839844,122.64597989908854
2023-07-26 15:48:26.412637,5325366.0,5325815.0,120.69637585449219,120.70037585449218,122.65937182617188,122.66337182617188
2023-07-26 15:48:26.430785,5325370.0,5325819.0,120.71376778157553,120.71776782226561,122.6767637532552,122.68076379394532
2023-07-26 15:48:26.448083,5325374.0,5325823.0,120.73115991210938,120.73515995279948,122.69415588378907,122.69815592447917
2023-07-26 15:48:26.465246,5325378.0,5325827.0,120.7485516764323,120.7525517578125,122.71154764811197,122.71554772949219
2023-07-26 15:48:26.482668,5325382.0,5325831.0,120.76594380696613,120.76994384765625,122.72893977864584,122.73293981933594
2023-07-26 15:48:26.500053,5325386.0,5325835.0,120.7833359375,120.7873359781901,122.74633190917969,122.75033194986979
2023-07-26 15:48:26.517091,5325390.0,5325839.0,120.80072770182291,120.80472774251302,122.76372367350261,122.7677237141927
2023-07-26 15:48:26.535147,5325394.0,5325843.0,120.81811983235677,120.82211987304687,122.78111580403646,122.78511584472656
2023-07-26 15:48:26.556237,5325399.0,5325847.0,120.83985998535155,120.84386002604167,122.79850789388021,122.80250797526041
2023-07-26 15:48:26.574410,5325403.0,5325852.0,120.85725174967448,120.86125179036458,122.82024772135416,122.82424776204427
2023-07-26 15:48:26.590986,5325407.0,5325856.0,120.87464388020832,120.87864392089844,122.83763985188803,122.84163989257812
2023-07-26 15:48:26.609112,5325411.0,5325860.0,120.89203597005208,120.8960360107422,122.85503194173178,122.85903198242187
2023-07-26 15:48:26.626320,5325415.0,5325864.0,120.9094277750651,120.91342781575521,122.8724237467448,122.87642378743489
2023-07-26 15:48:26.643642,5325419.0,5325868.0,120.92681990559896,120.93081994628906,122.88981587727865,122.89381591796875
2023-07-26 15:48:26.661082,5325423.0,5325872.0,120.94421179199219,120.9482117919922,122.90720776367186,122.91120776367187
2023-07-26 15:48:26.682509,5325428.0,5325876.0,120.96595182291667,120.96995186360677,122.92459977213541,122.92859981282552
2023-07-26 15:48:26.699524,5325432.0,5325881.0,120.98334395345051,120.98734399414063,122.94633992513022,122.9503399658203
2023-07-26 15:48:26.717638,5325436.0,5325885.0,121.00073571777344,121.00473575846354,122.96373168945311,122.96773173014323
2023-07-26 15:48:26.734764,5325440.0,5325889.0,121.01812784830729,121.0221278889974,122.98112381998698,122.98512386067708
2023-07-26 15:48:26.751981,5325444.0,5325893.0,121.03551993815104,121.03952001953125,122.99851590983073,123.00251599121094
2023-07-26 15:48:26.774066,5325449.0,5325897.0,121.05725976562499,121.0612598063151,123.01590771484375,123.01990775553385
2023-07-26 15:48:26.791278,5325453.0,5325902.0,121.07465189615885,121.07865193684896,123.03764786783854,123.04164790852865
2023-07-26 15:48:26.808510,5325457.0,5325906.0,121.0920438232422,121.0960438232422,123.05503979492188,123.05903979492187
2023-07-26 15:48:26.830860,5325462.0,5325910.0,121.11378381347656,121.11778385416667,123.0724317626953,123.07643180338542
2023-07-26 15:48:26.847871,5325466.0,5325915.0,121.13117594401041,121.13517598470052,123.09417191569011,123.0981719563802
2023-07-26 15:48:26.865241,5325470.0,5325919.0,121.14856770833333,121.15256778971354,123.11156368001302,123.11556376139323
2023-07-26 15:48:26.882647,5325474.0,5325923.0,121.16595983886718,121.1699598795573,123.12895581054687,123.13295585123697
2023-07-26 15:48:26.904789,5325479.0,5325927.0,121.18769999186198,121.19170003255209,123.14634794108072,123.15034798177084
2023-07-26 15:48:26.922263,5325483.0,5325932.0,121.2050917561849,121.20909183756511,123.16808772786459,123.17208780924479
2023-07-26 15:48:26.939424,5325487.0,5325936.0,121.22248388671875,121.22648392740886,123.18547985839844,123.18947989908854
2023-07-26 15:48:26.956902,5325491.0,5325940.0,121.23987585449218,121.24387585449219,123.20287182617187,123.20687182617188
2023-07-26 15:48:26.973859,5325495.0,5325944.0,121.25726778157552,121.26126782226562,123.2202637532552,123.22426379394531
2023-07-26 15:48:26.991242,5325499.0,5325948.0,121.27465991210937,121.27865995279949,123.23765588378906,123.24165592447916
2023-07-26 15:48:27.008898,5325503.0,5325952.0,121.2920516764323,121.2960517578125,123.25504764811197,123.25904772949218
2023-07-26 15:48:27.026177,5325507.0,5325956.0,121.30944380696614,121.31344384765625,123.27243977864583,123.27643981933593
2023-07-26 15:48:27.043771,5325511.0,5325960.0,121.32683593750001,121.3308359781901,123.28983190917968,123.2938319498698
2023-07-26 15:48:27.064942,5325516.0,5325964.0,121.34857572428386,121.35257580566407,123.3072236735026,123.3112237141927
2023-07-26 15:48:27.082433,5325520.0,5325969.0,121.36596785481771,121.36996789550781,123.32896382649739,123.3329638671875
2023-07-26 15:48:27.104449,5325524.0,5325973.0,121.38335998535156,121.38736002604166,123.34635595703125,123.35035599772135
2023-07-26 15:48:27.121276,5325529.0,5325978.0,121.40509977213542,121.40909985351563,123.3680957438151,123.37209582519532
2023-07-26 15:48:27.139368,5325533.0,5325982.0,121.42249190266928,121.42649194335937,123.38548787434895,123.38948791503907
2023-07-26 15:48:27.156743,5325537.0,5325986.0,121.4398837076823,121.4438837483724,123.40287963867186,123.40687972005209
2023-07-26 15:48:27.174171,5325541.0,5325990.0,121.45727579752604,121.46127583821615,123.42027176920573,123.42427180989583
2023-07-26 15:48:27.195651,5325546.0,5325994.0,121.47901595052083,121.48301599121095,123.43766389973958,123.44166394042969
2023-07-26 15:48:27.212983,5325550.0,5325999.0,121.49640771484376,121.50040779622397,123.45940368652343,123.46340376790364
2023-07-26 15:48:27.234360,5325555.0,5326003.0,121.51814786783854,121.52214794921875,123.4767958170573,123.4807958577474
2023-07-26 15:48:27.252098,5325559.0,5326008.0,121.53553991699219,121.5395399169922,123.49853588867188,123.50253588867187
2023-07-26 15:48:27.269164,5325563.0,5326012.0,121.55293176269531,121.55693184407552,123.515927734375,123.51992781575521
2023-07-26 15:48:27.287367,5325567.0,5326016.0,121.57032389322917,121.57432393391927,123.53331986490885,123.53731990559896
2023-07-26 15:48:27.308750,5325571.0,5326020.0,121.58771569824219,121.59171573893228,123.55071166992187,123.55471171061198
2023-07-26 15:48:27.326230,5325576.0,5326025.0,121.60945581054688,121.61345589192709,123.57245178222655,123.57645186360676
2023-07-26 15:48:27.343681,5325580.0,5326029.0,121.62684794108073,121.63084798177084,123.58984391276041,123.59384395345052
2023-07-26 15:48:27.361070,5325584.0,5326033.0,121.64423974609375,121.64823978678385,123.60723571777343,123.61123575846354
2023-07-26 15:48:27.378055,5325588.0,5326037.0,121.6616318359375,121.66563191731771,123.62462780761719,123.6286278889974
2023-07-26 15:48:27.396130,5325592.0,5326041.0,121.67902396647136,121.68302400716146,123.64201993815104,123.64601997884115
2023-07-26 15:48:27.417073,5325596.0,5326045.0,121.69641573079427,121.70041581217447,123.65941170247396,123.66341178385417
2023-07-26 15:48:27.434394,5325601.0,5326050.0,121.71815588378907,121.72215596516928,123.68115185546874,123.68515193684895
2023-07-26 15:48:27.451761,5325605.0,5326054.0,121.73554772949218,121.73954772949219,123.69854370117187,123.70254370117188
2023-07-26 15:48:27.470013,5325609.0,5326058.0,121.75293977864584,121.75693986002604,123.71593575032551,123.71993583170573
2023-07-26 15:48:27.486998,5325613.0,5326062.0,121.77033190917969,121.77433194986979,123.73332788085938,123.73732792154948
2023-07-26 15:48:27.504286,5325617.0,5326066.0,121.78772371419271,121.79172375488281,123.7507196858724,123.7547197265625
2023-07-26 15:48:27.526353,5325622.0,5326070.0,121.80946382649739,121.8134639078776,123.76811177571615,123.77211185709636
2023-07-26 15:48:27.547581,5325626.0,5326075.0,121.82685595703126,121.83085599772134,123.78985192871093,123.79385196940105
2023-07-26 15:48:27.565323,5325631.0,5326080.0,121.8485957845052,121.85259582519532,123.8115917561849,123.815591796875
2023-07-26 15:48:27.582647,5325635.0,5326084.0,121.86598787434896,121.86998795572916,123.82898384602865,123.83298392740886
2023-07-26 15:48:27.600070,5325639.0,5326088.0,121.88337976074219,121.88737976074219,123.84637573242188,123.85037573242188
2023-07-26 15:48:27.617921,5325643.0,5326092.0,121.90077180989583,121.90477185058595,123.86376778157552,123.86776782226562
2023-07-26 15:48:27.639079,5325647.0,5326096.0,121.91816389973958,121.92216398111978,123.88115987141927,123.88515995279948
2023-07-26 15:48:27.656400,5325652.0,5326101.0,121.93990372721355,121.94390376790365,123.90289969889322,123.90689973958334
,,,,,,
,,,,,,
,,,,,,
,,,,,,
,,,,,,
