0,1,2,3,4,5,6
2023-07-26 16:01:44.072745,5508542.0,5508991.0,22.34876778157552,22.352767822265626,24.311427734375002,24.315427815755207
2023-07-26 16:01:44.075740,5508543.0,5508992.0,22.35311580403646,22.357115885416665,24.315775797526044,24.319775838216145
2023-07-26 16:01:44.079733,5508544.0,5508993.0,22.357463826497398,22.361463907877603,24.32012381998698,24.324123860677084
2023-07-26 16:01:44.084720,5508545.0,5508994.0,22.36181188964844,22.36581193033854,24.324471842447917,24.328471883138022
2023-07-26 16:01:44.088702,5508546.0,5508995.0,22.366159912109374,22.37015995279948,24.328819864908855,24.33281990559896
2023-07-26 16:01:44.092693,5508547.0,5508996.0,22.370507934570313,22.374507975260418,24.33316788736979,24.337167968750002
2023-07-26 16:01:44.097677,5508548.0,5508997.0,22.374855957031247,22.378855997721356,24.337515909830728,24.341515991210937
2023-07-26 16:01:44.101659,5508549.0,5508998.0,22.379203979492186,22.383203979492187,24.341863972981773,24.345864013671875
2023-07-26 16:01:44.106642,5508550.0,5508999.0,22.383551676432294,22.3875517578125,24.346211669921875,24.350211710611976
2023-07-26 16:01:44.110633,5508551.0,5509000.0,22.38789969889323,22.391899780273437,24.350559692382813,24.354559733072918
2023-07-26 16:01:44.114615,5508552.0,5509001.0,22.39224776204427,22.396247802734376,24.35490771484375,24.358907755533856
2023-07-26 16:01:44.119610,5508553.0,5509002.0,22.39659578450521,22.400595825195314,24.359255737304686,24.36325577799479
2023-07-26 16:01:44.123590,5508554.0,5509003.0,22.400943806966144,22.404943847656252,24.363603759765624,24.367603841145833
2023-07-26 16:01:44.127572,5508555.0,5509004.0,22.40529182942708,22.409291870117187,24.367951782226562,24.37195186360677
2023-07-26 16:01:44.132561,5508556.0,5509005.0,22.40963985188802,22.41363993326823,24.372299845377604,24.376299886067706
2023-07-26 16:01:44.136542,5508557.0,5509006.0,22.41398787434896,22.417987955729167,24.376647867838543,24.380647908528644
2023-07-26 16:01:44.140533,5508558.0,5509007.0,22.4183359375,22.4223359781901,24.380995890299477,24.384995930989586
2023-07-26 16:01:44.145516,5508559.0,5509008.0,22.42268395996094,22.426684000651044,24.385343912760415,24.38934395345052
2023-07-26 16:01:44.149499,5508560.0,5509009.0,22.427031982421873,22.43103202311198,24.389691935221354,24.393692016601562
2023-07-26 16:01:44.154486,5508561.0,5509010.0,22.431379760742185,22.435379760742187,24.394039794921873,24.398039794921875
2023-07-26 16:01:44.158468,5508562.0,5509011.0,22.43572770182292,22.43972774251302,24.398387654622397,24.402387736002602
2023-07-26 16:01:44.162455,5508563.0,5509012.0,22.440075724283854,22.444075805664063,24.40273571777344,24.40673575846354
2023-07-26 16:01:44.167443,5508564.0,5509013.0,22.444423746744793,22.448423828124998,24.407083740234373,24.411083780924482
2023-07-26 16:01:44.171430,5508565.0,5509014.0,22.448771809895835,22.45277185058594,24.41143176269531,24.415431803385417
2023-07-26 16:01:44.175412,5508566.0,5509015.0,22.45311983235677,22.457119873046874,24.41577978515625,24.419779825846355
2023-07-26 16:01:44.180400,5508567.0,5509016.0,22.457467854817708,22.461467895507813,24.420127807617185,24.424127888997397
2023-07-26 16:01:44.184393,5508568.0,5509017.0,22.461815877278646,22.46581591796875,24.424475830078126,24.42847591145833
2023-07-26 16:01:44.188377,5508569.0,5509018.0,22.466163899739584,22.470163981119793,24.42882389322917,24.43282393391927
2023-07-26 16:01:44.193356,5508570.0,5509019.0,22.470511922200522,22.474512003580728,24.433171915690103,24.43717195638021
2023-07-26 16:01:44.197338,5508571.0,5509020.0,22.474859985351564,22.47886002604167,24.43751993815104,24.441519978841146
2023-07-26 16:01:44.202326,5508572.0,5509021.0,22.479207885742188,22.48320788574219,24.441867919921872,24.445867919921874
2023-07-26 16:01:44.206313,5508573.0,5509022.0,22.483555704752604,22.48755574544271,24.44621565755208,24.450215698242186
2023-07-26 16:01:44.210295,5508574.0,5509023.0,22.487903727213542,22.491903767903647,24.450563680013023,24.454563761393228
2023-07-26 16:01:44.215279,5508575.0,5509024.0,22.492251749674477,22.496251790364582,24.45491170247396,24.458911783854166
2023-07-26 16:01:44.219269,5508576.0,5509025.0,22.49659977213542,22.500599853515624,24.459259765625,24.463259806315104
2023-07-26 16:01:44.223256,5508577.0,5509026.0,22.500958211263022,22.504958292643227,24.463607788085938,24.467607828776043
2023-07-26 16:01:44.228239,5508578.0,5509027.0,22.505295857747395,22.5092958984375,24.467955810546876,24.47195585123698
2023-07-26 16:01:44.232226,5508579.0,5509028.0,22.509643880208333,22.51364392089844,24.47230383300781,24.476303873697915
2023-07-26 16:01:44.236214,5508580.0,5509029.0,22.513991902669268,22.517991943359377,24.47665185546875,24.480651936848957
2023-07-26 16:01:44.241196,5508581.0,5509030.0,22.518339925130206,22.52233996582031,24.481010294596356,24.48501037597656
2023-07-26 16:01:44.245178,5508582.0,5509031.0,22.522687947591148,22.526688028971353,24.48534794108073,24.48934798177083
2023-07-26 16:01:44.250166,5508583.0,5509032.0,22.527035970052083,22.531036010742188,24.489695963541667,24.493696004231772
2023-07-26 16:01:44.254152,5508584.0,5509033.0,22.531383666992188,22.535383748372393,24.494043701171876,24.498043701171877
2023-07-26 16:01:44.258135,5508585.0,5509034.0,22.53573173014323,22.539731770833335,24.498391682942707,24.50239172363281
2023-07-26 16:01:44.263118,5508586.0,5509035.0,22.540079752604164,22.544079793294273,24.502739705403645,24.50673974609375
2023-07-26 16:01:44.267104,5508587.0,5509036.0,22.544427775065103,22.548427815755208,24.507087727864583,24.511087809244792
2023-07-26 16:01:44.271091,5508588.0,5509037.0,22.54877579752604,22.552775838216146,24.51143575032552,24.515435831705727
2023-07-26 16:01:44.276074,5508589.0,5509038.0,22.55312381998698,22.557123901367188,24.515783813476563,24.519783854166665
2023-07-26 16:01:44.280061,5508590.0,5509039.0,22.557471842447917,22.561471923828122,24.5201318359375,24.524131876627607
2023-07-26 16:01:44.284052,5508591.0,5509040.0,22.56181990559896,22.565819946289064,24.524479858398436,24.52847989908854
2023-07-26 16:01:44.289036,5508592.0,5509041.0,22.566167928059894,22.570167968750003,24.528827880859374,24.53282792154948
2023-07-26 16:01:44.293018,5508593.0,5509042.0,22.570515950520832,22.574515991210937,24.53317590332031,24.53717598470052
2023-07-26 16:01:44.297008,5508594.0,5509043.0,22.574863972981774,22.578864013671875,24.53752392578125,24.541524007161456
2023-07-26 16:01:44.301992,5508595.0,5509044.0,22.57921179199219,22.583211791992188,24.541871826171874,24.545871826171872
2023-07-26 16:01:44.305974,5508596.0,5509045.0,22.583559692382813,22.58755977376302,24.546219685872394,24.550219726562503
2023-07-26 16:01:44.309966,5508597.0,5509046.0,22.58790771484375,22.59190779622396,24.550567708333332,24.554567749023438
2023-07-26 16:01:44.314949,5508598.0,5509047.0,22.59225577799479,22.5962558186849,24.55491573079427,24.558915771484376
2023-07-26 16:01:44.318931,5508599.0,5509048.0,22.59660380045573,22.600603841145833,24.559263753255205,24.563263793945314
2023-07-26 16:01:44.323919,5508600.0,5509049.0,22.600951822916667,22.60495186360677,24.563611775716147,24.567611857096352
2023-07-26 16:01:44.327905,5508601.0,5509050.0,22.605299845377605,22.609299886067706,24.567959798177085,24.57195987955729
2023-07-26 16:01:44.331892,5508602.0,5509051.0,22.609647867838543,22.61364794921875,24.572307861328124,24.576307902018232
2023-07-26 16:01:44.336875,5508603.0,5509052.0,22.613995890299478,22.61799597167969,24.576655883789062,24.580655924479167
2023-07-26 16:01:44.340858,5508604.0,5509053.0,22.61834395345052,22.622343994140625,24.58100390625,24.585003946940105
2023-07-26 16:01:44.344850,5508605.0,5509054.0,22.622691975911458,22.626692016601563,24.585351928710935,24.58935196940104
2023-07-26 16:01:44.349832,5508606.0,5509055.0,22.627039916992185,22.631039916992187,24.589699951171877,24.593699951171875
2023-07-26 16:01:44.353820,5508607.0,5509056.0,22.631387695312497,22.635387736002603,24.59404764811198,24.598047729492187
2023-07-26 16:01:44.358810,5508608.0,5509057.0,22.63573571777344,22.63973575846354,24.598395670572916,24.60240616861979
2023-07-26 16:01:44.362801,5508609.0,5509058.0,22.640083740234374,22.644083821614583,24.60274373372396,24.606743774414063
2023-07-26 16:01:44.366783,5508610.0,5509059.0,22.644431762695312,22.64843184407552,24.607091756184897,24.611091796875
2023-07-26 16:01:44.371769,5508611.0,5509060.0,22.648779825846354,22.65277986653646,24.61143977864583,24.615439819335936
2023-07-26 16:01:44.375761,5508612.0,5509061.0,22.653127848307292,22.657127888997397,24.61578780110677,24.619787841796875
2023-07-26 16:01:44.379740,5508613.0,5509062.0,22.65747587076823,22.661475911458332,24.62013582356771,24.624135904947916
2023-07-26 16:01:44.384727,5508614.0,5509063.0,22.66182389322917,22.66582393391927,24.624483846028646,24.62848392740885
2023-07-26 16:01:44.388709,5508615.0,5509064.0,22.666171915690104,22.670171997070312,24.628831909179688,24.632831949869793
2023-07-26 16:01:44.392705,5508616.0,5509065.0,22.670519938151042,22.674520019531247,24.633179931640626,24.63717997233073
2023-07-26 16:01:44.397684,5508617.0,5509066.0,22.674868001302084,22.67886804199219,24.63752795410156,24.641527994791666
2023-07-26 16:01:44.401666,5508618.0,5509067.0,22.679215698242185,22.683215738932294,24.641875732421873,24.645875732421874
2023-07-26 16:01:44.406649,5508619.0,5509068.0,22.683563720703123,22.68756376139323,24.646223673502604,24.65022371419271
2023-07-26 16:01:44.410640,5508620.0,5509069.0,22.68791174316406,22.691911783854167,24.650571695963542,24.654571777343747
2023-07-26 16:01:44.414623,5508621.0,5509070.0,22.692259765625,22.696259806315105,24.65491971842448,24.658919799804686
2023-07-26 16:01:44.419607,5508622.0,5509071.0,22.696607788085938,22.700607869466147,24.659267781575522,24.663267822265627
2023-07-26 16:01:44.423593,5508623.0,5509072.0,22.700955810546876,22.704955891927085,24.663615804036457,24.667615844726562
2023-07-26 16:01:44.427579,5508624.0,5509073.0,22.705303873697915,22.709303914388023,24.667963826497395,24.6719638671875
2023-07-26 16:01:44.432567,5508625.0,5509074.0,22.709651896158853,22.713651936848958,24.67231184895833,24.67631188964844
2023-07-26 16:01:44.436549,5508626.0,5509075.0,22.714010335286456,22.71801037597656,24.67665987141927,24.680659952799477
2023-07-26 16:01:44.440541,5508627.0,5509076.0,22.71834794108073,22.72234798177083,24.68100789388021,24.685007975260415
2023-07-26 16:01:44.445524,5508628.0,5509077.0,22.722695963541668,22.726696044921873,24.68535595703125,24.689355997721357
2023-07-26 16:01:44.449506,5508629.0,5509078.0,22.727043823242187,22.73104382324219,24.689703857421875,24.693703857421877
2023-07-26 16:01:44.454489,5508630.0,5509079.0,22.731391682942707,22.73539176432292,24.69405167643229,24.698051717122397
2023-07-26 16:01:44.458480,5508631.0,5509080.0,22.73573974609375,22.739739786783854,24.698399698893226,24.702399739583335
2023-07-26 16:01:44.462462,5508632.0,5509081.0,22.740087768554687,22.744087809244792,24.702747721354168,24.70674776204427
2023-07-26 16:01:44.467447,5508633.0,5509082.0,22.744435791015626,22.748435831705727,24.707095743815106,24.71109582519531
2023-07-26 16:01:44.471432,5508634.0,5509083.0,22.748783813476564,22.752783854166665,24.71144376627604,24.715443847656253
2023-07-26 16:01:44.475419,5508635.0,5509084.0,22.753131835937502,22.757131917317707,24.715791829427083,24.719791870117188
2023-07-26 16:01:44.480407,5508636.0,5509085.0,22.757479858398437,22.761479939778646,24.72013985188802,24.724139892578126
2023-07-26 16:01:44.484389,5508637.0,5509086.0,22.76182792154948,22.765827962239584,24.724487874348956,24.72848791503906
2023-07-26 16:01:44.488381,5508638.0,5509087.0,22.766175944010417,22.770175984700522,24.728835896809898,24.7328359375
2023-07-26 16:01:44.493363,5508639.0,5509088.0,22.77052396647135,22.774524007161457,24.733183919270836,24.73718400065104
2023-07-26 16:01:44.497345,5508640.0,5509089.0,22.77487194824219,22.778871948242188,24.73753194173177,24.741531982421872
2023-07-26 16:01:44.502329,5508641.0,5509090.0,22.779219685872395,22.7832197265625,24.741879638671875,24.745879720052084
2023-07-26 16:01:44.506320,5508642.0,5509091.0,22.783567708333333,22.787567789713542,24.746227701822917,24.750227742513022
2023-07-26 16:01:44.510302,5508643.0,5509092.0,22.78791573079427,22.79191581217448,24.750575724283852,24.754575764973957
2023-07-26 16:01:44.515285,5508644.0,5509093.0,22.792263793945313,22.79626383463542,24.75492374674479,24.758923787434895
2023-07-26 16:01:44.519272,5508645.0,5509094.0,22.79661181640625,22.800611857096353,24.759271769205732,24.763271809895834
2023-07-26 16:01:44.523263,5508646.0,5509095.0,22.80095983886719,22.80495987955729,24.763619791666667,24.767619873046872
2023-07-26 16:01:44.528247,5508647.0,5509096.0,22.805307861328124,22.80930790201823,24.767967814127605,24.771967895507814
2023-07-26 16:01:44.532233,5508648.0,5509097.0,22.809655883789063,22.81365596516927,24.772315877278647,24.776315917968752
2023-07-26 16:01:44.536220,5508649.0,5509098.0,22.81400390625,22.81800398763021,24.77666389973958,24.780663940429687
2023-07-26 16:01:44.541203,5508650.0,5509099.0,22.81835196940104,22.822352010091148,24.78101192220052,24.785011962890625
2023-07-26 16:01:44.545185,5508651.0,5509100.0,22.822699991861978,22.826700032552083,24.785359944661458,24.789359985351563
2023-07-26 16:01:44.550168,5508652.0,5509101.0,22.827047729492186,22.831047729492187,24.789707763671878,24.793707763671875
2023-07-26 16:01:44.554159,5508653.0,5509102.0,22.83140612792969,22.83540616861979,24.7940556640625,24.79805574544271
2023-07-26 16:01:44.558142,5508654.0,5509103.0,22.83574373372396,22.839743774414064,24.798403686523436,24.802403767903648
2023-07-26 16:01:44.563129,5508655.0,5509104.0,22.840091756184897,22.844091837565106,24.802751749674478,24.806751790364583
2023-07-26 16:01:44.567112,5508656.0,5509105.0,22.84443977864583,22.848439860026044,24.807099772135416,24.81109981282552
2023-07-26 16:01:44.571098,5508657.0,5509106.0,22.848787841796874,22.85278788248698,24.81145821126302,24.815458251953125
2023-07-26 16:01:44.576086,5508658.0,5509107.0,22.853135864257812,22.857135904947917,24.815795817057293,24.819795857747394
2023-07-26 16:01:44.580073,5508659.0,5509108.0,22.85748388671875,22.86148392740885,24.82014383951823,24.824143920898436
2023-07-26 16:01:44.584059,5508660.0,5509109.0,22.86183190917969,22.86583194986979,24.824491861979165,24.828491943359378
2023-07-26 16:01:44.589043,5508661.0,5509110.0,22.866179931640627,22.870180013020835,24.828839925130207,24.832839965820312
2023-07-26 16:01:44.593025,5508662.0,5509111.0,22.87052795410156,22.874528035481774,24.833187947591146,24.83718798828125
2023-07-26 16:01:44.598008,5508663.0,5509112.0,22.87487585449219,22.87887585449219,24.837535888671873,24.841535888671874
2023-07-26 16:01:44.601999,5508664.0,5509113.0,22.879223714192708,22.883223754882813,24.84188366699219,24.84588370768229
2023-07-26 16:01:44.605981,5508665.0,5509114.0,22.883571736653646,22.887571777343748,24.846231689453127,24.85023173014323
2023-07-26 16:01:44.610967,5508666.0,5509115.0,22.887919759114585,22.891919799804686,24.85057971191406,24.854579793294274
2023-07-26 16:01:44.614956,5508667.0,5509116.0,22.892267781575523,22.896267822265624,24.854927734375,24.85892781575521
2023-07-26 16:01:44.618942,5508668.0,5509117.0,22.896615804036458,22.900615885416666,24.859275797526042,24.863275838216147
2023-07-26 16:01:44.623927,5508669.0,5509118.0,22.900963826497396,22.904963907877605,24.863623819986977,24.86762386067708
2023-07-26 16:01:44.627908,5508670.0,5509119.0,22.905311889648438,22.909311930338543,24.86797184244792,24.87197188313802
2023-07-26 16:01:44.632896,5508671.0,5509120.0,22.909659912109372,22.913659952799478,24.872319864908857,24.876319905598958
2023-07-26 16:01:44.636883,5508672.0,5509121.0,22.914007934570314,22.918007975260416,24.87666788736979,24.88066796875
2023-07-26 16:01:44.640864,5508673.0,5509122.0,22.91835595703125,22.922355997721354,24.88101590983073,24.88501599121094
2023-07-26 16:01:44.644860,5508674.0,5509123.0,22.922703979492187,22.92670397949219,24.88536397298177,24.889364013671877
2023-07-26 16:01:44.649839,5508675.0,5509124.0,22.927051676432292,22.9310517578125,24.889711669921873,24.893711710611978
2023-07-26 16:01:44.653821,5508676.0,5509125.0,22.931399698893227,22.93539978027344,24.89405969238281,24.898059733072916
2023-07-26 16:01:44.658805,5508677.0,5509126.0,22.935747762044272,22.939747802734374,24.898407714843753,24.902407755533854
2023-07-26 16:01:44.662796,5508678.0,5509127.0,22.94009578450521,22.944095825195312,24.902755737304688,24.90675577799479
2023-07-26 16:01:44.666781,5508679.0,5509128.0,22.944443806966145,22.94844384765625,24.907103759765626,24.911103841145835
2023-07-26 16:01:44.671766,5508680.0,5509129.0,22.948791829427083,22.95279187011719,24.91145178222656,24.915451863606773
2023-07-26 16:01:44.675754,5508681.0,5509130.0,22.95313985188802,22.95713993326823,24.915799845377602,24.919799886067707
2023-07-26 16:01:44.679739,5508682.0,5509131.0,22.957487874348956,22.96148795572917,24.92014786783854,24.924147908528646
2023-07-26 16:01:44.684722,5508683.0,5509132.0,22.9618359375,22.965835978190103,24.92449589029948,24.928495930989584
2023-07-26 16:01:44.688704,5508684.0,5509133.0,22.96618395996094,22.97018400065104,24.928843912760417,24.93284395345052
2023-07-26 16:01:44.692714,5508685.0,5509134.0,22.970531982421875,22.97453202311198,24.933191935221355,24.937192016601564
2023-07-26 16:01:44.697858,5508686.0,5509135.0,22.974879760742187,22.978879760742185,24.937539794921875,24.941539794921876
2023-07-26 16:01:44.701788,5508687.0,5509136.0,22.979227701822918,22.983227742513023,24.941887654622395,24.945887736002604
2023-07-26 16:01:44.705779,5508688.0,5509137.0,22.983575724283853,22.987575805664065,24.946235717773437,24.950235758463542
2023-07-26 16:01:44.710763,5508689.0,5509138.0,22.98792374674479,22.991923828125,24.950583740234375,24.95458378092448
2023-07-26 16:01:44.714744,5508690.0,5509139.0,22.992271809895833,22.996271850585938,24.954931762695313,24.958931803385415
2023-07-26 16:01:44.718735,5508691.0,5509140.0,22.99661983235677,23.000619873046872,24.95927978515625,24.963279825846353
2023-07-26 16:01:44.723718,5508692.0,5509141.0,23.00096785481771,23.00496789550781,24.963627807617186,24.967627888997395
2023-07-26 16:01:44.727701,5508693.0,5509142.0,23.005315877278647,23.009315917968753,24.967975830078124,24.971975911458333
2023-07-26 16:01:44.732690,5508694.0,5509143.0,23.009663899739582,23.013663981119794,24.972323893229166,24.97632393391927
2023-07-26 16:01:44.736675,5508695.0,5509144.0,23.01401192220052,23.01801200358073,24.9766719156901,24.98067195638021
2023-07-26 16:01:44.740658,5508696.0,5509145.0,23.018359985351562,23.022360026041667,24.981019938151043,24.985019978841144
2023-07-26 16:01:44.745646,5508697.0,5509146.0,23.02270788574219,23.026707885742187,24.985367919921874,24.98936791992187
2023-07-26 16:01:44.749632,5508698.0,5509147.0,23.027055704752605,23.031055745442707,24.989715657552082,24.993715698242188
2023-07-26 16:01:44.753614,5508699.0,5509148.0,23.031403727213544,23.035403767903645,24.99406368001302,24.99806376139323
2023-07-26 16:01:44.758602,5508700.0,5509149.0,23.03575174967448,23.039751790364583,24.99841170247396,25.002411783854168
2023-07-26 16:01:44.762584,5508701.0,5509150.0,23.040099772135417,23.044099853515625,25.002759765624997,25.006759806315106
2023-07-26 16:01:44.767567,5508702.0,5509151.0,23.04445821126302,23.04845829264323,25.00710778808594,25.01110782877604
2023-07-26 16:01:44.771558,5508703.0,5509152.0,23.048795857747393,23.0527958984375,25.011455810546877,25.01545585123698
2023-07-26 16:01:44.775541,5508704.0,5509153.0,23.053143880208335,23.057143920898437,25.015803833007812,25.019803873697914
2023-07-26 16:01:44.780528,5508705.0,5509154.0,23.05749190266927,23.06149194335938,25.02015185546875,25.02415193684896
2023-07-26 16:01:44.784515,5508706.0,5509155.0,23.061839925130208,23.065839965820313,25.024510294596354,25.028510375976563
2023-07-26 16:01:44.788497,5508707.0,5509156.0,23.066187947591146,23.070188028971355,25.028847941080727,25.032847981770832
2023-07-26 16:01:44.793485,5508708.0,5509157.0,23.07053597005208,23.07453601074219,25.033195963541665,25.03719600423177
2023-07-26 16:01:44.797467,5508709.0,5509158.0,23.074883666992186,23.078883748372395,25.037543701171877,25.041543701171875
2023-07-26 16:01:44.801458,5508710.0,5509159.0,23.07923173014323,23.083231770833333,25.04189168294271,25.04589172363281
2023-07-26 16:01:44.806441,5508711.0,5509160.0,23.083579752604166,23.08757979329427,25.046239705403647,25.05023974609375
2023-07-26 16:01:44.810424,5508712.0,5509161.0,23.087927775065104,23.09192781575521,25.05058772786458,25.054587809244794
2023-07-26 16:01:44.815407,5508713.0,5509162.0,23.092275797526042,23.096275838216147,25.05493575032552,25.05893583170573
2023-07-26 16:01:44.819398,5508714.0,5509163.0,23.096623819986977,23.10062390136719,25.05928381347656,25.063283854166666
2023-07-26 16:01:44.823380,5508715.0,5509164.0,23.100971842447915,23.104971923828124,25.0636318359375,25.067631876627605
2023-07-26 16:01:44.828368,5508716.0,5509165.0,23.10531990559896,23.109319946289062,25.067979858398438,25.07197989908854
2023-07-26 16:01:44.832355,5508717.0,5509166.0,23.109667928059896,23.11366796875,25.072327880859376,25.07632792154948
2023-07-26 16:01:44.836341,5508718.0,5509167.0,23.114015950520834,23.118015991210935,25.07667590332031,25.080675984700523
2023-07-26 16:01:44.841325,5508719.0,5509168.0,23.118363972981772,23.122364013671877,25.08102392578125,25.085024007161458
2023-07-26 16:01:44.845311,5508720.0,5509169.0,23.122711791992188,23.12671179199219,25.085371826171873,25.089371826171874
2023-07-26 16:01:44.849294,5508721.0,5509170.0,23.12705969238281,23.13105977376302,25.089719685872396,25.0937197265625
2023-07-26 16:01:44.854281,5508722.0,5509171.0,23.13140771484375,23.13540779622396,25.094067708333334,25.098067749023436
2023-07-26 16:01:44.858263,5508723.0,5509172.0,23.13575577799479,23.139755818684897,25.098415730794272,25.102415771484374
2023-07-26 16:01:44.862255,5508724.0,5509173.0,23.14010380045573,23.14410384114583,25.102763753255207,25.106763793945316
2023-07-26 16:01:44.867233,5508725.0,5509174.0,23.14445182291667,23.148451863606773,25.107111775716145,25.111111857096354
2023-07-26 16:01:44.871219,5508726.0,5509175.0,23.148799845377603,23.152799886067708,25.111459798177084,25.115459879557292
2023-07-26 16:01:44.875206,5508727.0,5509176.0,23.15314786783854,23.15714794921875,25.115807861328122,25.11980790201823
2023-07-26 16:01:44.880190,5508728.0,5509177.0,23.157495890299476,23.161495971679688,25.120155883789064,25.124155924479165
2023-07-26 16:01:44.884231,5508729.0,5509178.0,23.16184395345052,23.165843994140623,25.124503906250002,25.128503946940103
2023-07-26 16:01:44.889218,5508730.0,5509179.0,23.16619197591146,23.17019201660156,25.128851928710937,25.13285196940104
2023-07-26 16:01:44.893227,5508731.0,5509180.0,23.170539916992187,23.174539916992185,25.133199951171875,25.137199951171876
2023-07-26 16:01:44.897138,5508732.0,5509181.0,23.1748876953125,23.178887736002604,25.13754764811198,25.14154772949219
2023-07-26 16:01:44.902121,5508733.0,5509182.0,23.179235717773437,23.183235758463542,25.141895670572914,25.145906168619792
2023-07-26 16:01:44.906107,5508734.0,5509183.0,23.183583740234372,23.187583821614584,25.14624373372396,25.15024377441406
2023-07-26 16:01:44.910095,5508735.0,5509184.0,23.18793176269531,23.19193184407552,25.150591756184898,25.154591796875
2023-07-26 16:01:44.915078,5508736.0,5509185.0,23.192279825846356,23.196279866536457,25.154939778645833,25.158939819335934
2023-07-26 16:01:44.919060,5508737.0,5509186.0,23.196627848307294,23.200627888997396,25.15928780110677,25.163287841796876
2023-07-26 16:01:44.924044,5508738.0,5509187.0,23.20097587076823,23.204975911458334,25.16363582356771,25.167635904947918
2023-07-26 16:01:44.928034,5508739.0,5509188.0,23.205323893229167,23.209323933919272,25.167983846028644,25.171983927408853
2023-07-26 16:01:44.932016,5508740.0,5509189.0,23.2096719156901,23.213671997070314,25.172331909179686,25.17633194986979
2023-07-26 16:01:44.937004,5508741.0,5509190.0,23.21401993815104,23.21802001953125,25.176679931640628,25.18067997233073
2023-07-26 16:01:44.940986,5508742.0,5509191.0,23.218368001302085,23.222368041992187,25.181027954101562,25.185027994791664
2023-07-26 16:01:44.944978,5508743.0,5509192.0,23.222715698242187,23.226715738932292,25.185375732421875,25.189375732421873
2023-07-26 16:01:44.949956,5508744.0,5509193.0,23.227063720703125,23.23106376139323,25.189723673502602,25.19372371419271
2023-07-26 16:01:44.953943,5508745.0,5509194.0,23.231411743164063,23.23541178385417,25.19407169596354,25.19807177734375
2023-07-26 16:01:44.957942,5508746.0,5509195.0,23.235759765624998,23.239759806315107,25.19841971842448,25.202419799804687
2023-07-26 16:01:44.962917,5508747.0,5509196.0,23.240107788085936,23.244107869466145,25.202767781575524,25.206767822265626
2023-07-26 16:01:44.966899,5508748.0,5509197.0,23.244455810546878,23.248455891927083,25.20711580403646,25.21111584472656
2023-07-26 16:01:44.971883,5508749.0,5509198.0,23.248803873697916,23.25280391438802,25.211463826497397,25.215463867187502
2023-07-26 16:01:44.975874,5508750.0,5509199.0,23.253151896158855,23.257151936848956,25.21581184895833,25.21981188964844
2023-07-26 16:01:44.979856,5508751.0,5509200.0,23.257510335286458,23.261510375976563,25.22015987141927,25.22415995279948
2023-07-26 16:01:44.984844,5508752.0,5509201.0,23.261847941080728,23.265847981770833,25.224507893880208,25.228507975260417
2023-07-26 16:01:44.988830,5508753.0,5509202.0,23.266195963541666,23.270196044921875,25.22885595703125,25.232855997721355
2023-07-26 16:01:44.992813,5508754.0,5509203.0,23.270543823242186,23.274543823242187,25.233203857421877,25.237203857421875
2023-07-26 16:01:44.997800,5508755.0,5509204.0,23.27489168294271,23.278891764322918,25.237551676432293,25.241551717122395
2023-07-26 16:01:45.001783,5508756.0,5509205.0,23.27923974609375,23.283239786783852,25.241899698893228,25.245899739583336
2023-07-26 16:01:45.005774,5508757.0,5509206.0,23.28358776855469,23.287587809244794,25.246247721354166,25.25024776204427
2023-07-26 16:01:45.010757,5508758.0,5509207.0,23.287935791015624,23.29193583170573,25.250595743815104,25.254595825195313
2023-07-26 16:01:45.014739,5508759.0,5509208.0,23.292283813476562,23.296283854166667,25.25494376627604,25.25894384765625
2023-07-26 16:01:45.019723,5508760.0,5509209.0,23.2966318359375,23.30063191731771,25.259291829427085,25.263291870117186
2023-07-26 16:01:45.023714,5508761.0,5509210.0,23.30097985839844,23.304979939778644,25.263639851888023,25.267639892578124
2023-07-26 16:01:45.027696,5508762.0,5509211.0,23.30532792154948,23.309327962239582,25.267987874348957,25.271987915039062
2023-07-26 16:01:45.032683,5508763.0,5509212.0,23.30967594401042,23.31367598470052,25.272335896809896,25.2763359375
2023-07-26 16:01:45.036670,5508764.0,5509213.0,23.314023966471353,23.31802400716146,25.276683919270834,25.280684000651043
2023-07-26 16:01:45.040653,5508765.0,5509214.0,23.318371948242188,23.32237194824219,25.28103194173177,25.285031982421874
2023-07-26 16:01:45.045640,5508766.0,5509215.0,23.322719685872393,23.3267197265625,25.285379638671873,25.289379720052082
2023-07-26 16:01:45.049622,5508767.0,5509216.0,23.327067708333335,23.33106778971354,25.28972770182292,25.29372774251302
2023-07-26 16:01:45.053614,5508768.0,5509217.0,23.331415730794273,23.335415812174478,25.294075724283854,25.298075764973955
2023-07-26 16:01:45.058597,5508769.0,5509218.0,23.335763793945315,23.339763834635416,25.298423746744792,25.302423787434897
2023-07-26 16:01:45.062579,5508770.0,5509219.0,23.34011181640625,23.344111857096355,25.30277176920573,25.306771809895835
2023-07-26 16:01:45.067562,5508771.0,5509220.0,23.344459838867188,23.348459879557293,25.307119791666665,25.311119873046874
2023-07-26 16:01:45.071554,5508772.0,5509221.0,23.348807861328122,23.35280790201823,25.311467814127607,25.315467895507812
2023-07-26 16:01:45.075540,5508773.0,5509222.0,23.35315588378906,23.35715596516927,25.31581587727865,25.31981591796875
2023-07-26 16:01:45.080523,5508774.0,5509223.0,23.357503906250003,23.361503987630208,25.320163899739583,25.324163940429685
2023-07-26 16:01:45.084510,5508775.0,5509224.0,23.36185196940104,23.365852010091146,25.32451192220052,25.328511962890623
2023-07-26 16:01:45.088492,5508776.0,5509225.0,23.36619999186198,23.370200032552084,25.328859944661456,25.332859985351565
2023-07-26 16:01:45.093480,5508777.0,5509226.0,23.370547729492188,23.37454772949219,25.333207763671876,25.337207763671877
2023-07-26 16:01:45.097462,5508778.0,5509227.0,23.374906127929687,23.378906168619793,25.3375556640625,25.341555745442708
2023-07-26 16:01:45.101460,5508779.0,5509228.0,23.379243733723957,23.383243774414062,25.341903686523438,25.345903767903646
2023-07-26 16:01:45.106431,5508780.0,5509229.0,23.3835917561849,23.387591837565104,25.34625174967448,25.35025179036458
2023-07-26 16:01:45.110418,5508781.0,5509230.0,23.387939778645833,23.391939860026042,25.350599772135418,25.354599812825523
2023-07-26 16:01:45.115402,5508782.0,5509231.0,23.392287841796875,23.396287882486977,25.35495821126302,25.358958251953126
2023-07-26 16:01:45.119437,5508783.0,5509232.0,23.396635864257814,23.40063590494792,25.35929581705729,25.363295857747396
2023-07-26 16:01:45.123376,5508784.0,5509233.0,23.40098388671875,23.404983927408853,25.36364383951823,25.367643920898438
2023-07-26 16:01:45.128359,5508785.0,5509234.0,23.405331909179687,23.40933194986979,25.367991861979167,25.371991943359376
2023-07-26 16:01:45.132350,5508786.0,5509235.0,23.409679931640625,23.413680013020834,25.37233992513021,25.37633996582031
2023-07-26 16:01:45.136333,5508787.0,5509236.0,23.414027954101563,23.418028035481772,25.376687947591147,25.38068798828125
2023-07-26 16:01:45.141320,5508788.0,5509237.0,23.41837585449219,23.422375854492188,25.381035888671875,25.385035888671876
2023-07-26 16:01:45.145311,5508789.0,5509238.0,23.42272371419271,23.426723754882815,25.385383666992187,25.389383707682292
2023-07-26 16:01:45.149293,5508790.0,5509239.0,23.427071736653645,23.43107177734375,25.389731689453125,25.39373173014323
2023-07-26 16:01:45.154276,5508791.0,5509240.0,23.431419759114583,23.435419799804688,25.39407971191406,25.398079793294272
2023-07-26 16:01:45.158258,5508792.0,5509241.0,23.43576778157552,23.439767822265626,25.398427734375,25.402427815755207
2023-07-26 16:01:45.162249,5508793.0,5509242.0,23.44011580403646,23.444115885416664,25.402775797526044,25.406775838216145
2023-07-26 16:01:45.167233,5508794.0,5509243.0,23.444463826497397,23.448463907877603,25.407123819986978,25.411123860677083
2023-07-26 16:01:45.171215,5508795.0,5509244.0,23.44881188964844,23.452811930338544,25.411471842447916,25.41547188313802
2023-07-26 16:01:45.176202,5508796.0,5509245.0,23.453159912109374,23.45715995279948,25.415819864908855,25.41981990559896
2023-07-26 16:01:45.180189,5508797.0,5509246.0,23.457507934570312,23.461507975260417,25.42016788736979,25.42416796875
2023-07-26 16:01:45.184172,5508798.0,5509247.0,23.461855957031247,23.465855997721356,25.424515909830728,25.428515991210936
2023-07-26 16:01:45.189160,5508799.0,5509248.0,23.46620397949219,23.470203979492187,25.428863972981773,25.432864013671875
2023-07-26 16:01:45.193142,5508800.0,5509249.0,23.470551676432294,23.4745517578125,25.433211669921874,25.43721171061198
2023-07-26 16:01:45.197144,5508801.0,5509250.0,23.47489969889323,23.478899780273437,25.437559692382813,25.441559692382814
2023-07-26 16:01:45.202116,5508802.0,5509251.0,23.47924776204427,23.483247802734375,25.44190771484375,25.445907755533856
2023-07-26 16:01:45.206098,5508803.0,5509252.0,23.48359578450521,23.487595825195314,25.446255737304686,25.45025577799479
2023-07-26 16:01:45.210089,5508804.0,5509253.0,23.487943806966143,23.491943847656252,25.450603759765627,25.454603841145833
2023-07-26 16:01:45.215072,5508805.0,5509254.0,23.49229182942708,23.496291870117187,25.454951782226562,25.45895186360677
2023-07-26 16:01:45.219055,5508806.0,5509255.0,23.496639851888023,23.50063993326823,25.459299845377604,25.463299886067706
2023-07-26 16:01:45.224038,5508807.0,5509256.0,23.500987874348958,23.504987955729167,25.463647867838542,25.467647908528647
2023-07-26 16:01:45.228024,5508808.0,5509257.0,23.5053359375,23.509335978190105,25.467995890299477,25.471995930989586
2023-07-26 16:01:45.232011,5508809.0,5509258.0,23.509683959960938,23.513684000651043,25.472343912760415,25.47634395345052
2023-07-26 16:01:45.236994,5508810.0,5509259.0,23.514031982421873,23.51803202311198,25.476691935221353,25.480692016601562
2023-07-26 16:01:45.240981,5508811.0,5509260.0,23.518379760742185,23.522379760742187,25.481039794921877,25.485039794921875
2023-07-26 16:01:45.245030,5508812.0,5509261.0,23.52272770182292,23.52672774251302,25.485387654622397,25.4893877360026
2023-07-26 16:01:45.249956,5508813.0,5509262.0,23.527075724283854,23.531075805664063,25.48973571777344,25.493735758463544
2023-07-26 16:01:45.253938,5508814.0,5509263.0,23.531423746744792,23.535423828124998,25.494083740234373,25.498083780924482
2023-07-26 16:01:45.257930,5508815.0,5509264.0,23.535771809895834,23.53977185058594,25.49843176269531,25.502431803385416
2023-07-26 16:01:45.262912,5508816.0,5509265.0,23.54011983235677,23.544119873046874,25.50277978515625,25.506779825846355
2023-07-26 16:01:45.266895,5508817.0,5509266.0,23.544467854817707,23.548467895507812,25.507127807617184,25.511127888997397
2023-07-26 16:01:45.271878,5508818.0,5509267.0,23.548815877278646,23.55281591796875,25.511475830078126,25.51547591145833
2023-07-26 16:01:45.275869,5508819.0,5509268.0,23.553163899739584,23.557163981119793,25.515823893229168,25.51982393391927
2023-07-26 16:01:45.279851,5508820.0,5509269.0,23.557511922200522,23.561512003580727,25.520171915690103,25.52417195638021
2023-07-26 16:01:45.284839,5508821.0,5509270.0,23.561859985351564,23.56586002604167,25.52451993815104,25.528519978841146
2023-07-26 16:01:45.288826,5508822.0,5509271.0,23.566207885742188,23.57020788574219,25.528867919921872,25.532867919921873
2023-07-26 16:01:45.292818,5508823.0,5509272.0,23.570555704752604,23.57455574544271,25.53321565755208,25.537215698242186
2023-07-26 16:01:45.297795,5508824.0,5509273.0,23.57490372721354,23.578903767903647,25.537563680013022,25.541563761393228
2023-07-26 16:01:45.301782,5508825.0,5509274.0,23.57925174967448,23.58325179036458,25.54191170247396,25.545911783854166
2023-07-26 16:01:45.305769,5508826.0,5509275.0,23.58359977213542,23.587599853515623,25.546259765625,25.550259806315104
2023-07-26 16:01:45.310752,5508827.0,5509276.0,23.58795821126302,23.59195829264323,25.550607788085937,25.554607828776042
2023-07-26 16:01:45.314734,5508828.0,5509277.0,23.592295857747395,23.5962958984375,25.554955810546875,25.55895585123698
2023-07-26 16:01:45.319718,5508829.0,5509278.0,23.596643880208333,23.600643920898438,25.55930383300781,25.563303873697915
2023-07-26 16:01:45.323709,5508830.0,5509279.0,23.600991902669268,23.604991943359376,25.563651855468752,25.567651936848957
2023-07-26 16:01:45.327691,5508831.0,5509280.0,23.60533992513021,23.60933996582031,25.568010294596355,25.57201037597656
2023-07-26 16:01:45.332679,5508832.0,5509281.0,23.609687947591148,23.613688028971353,25.57234794108073,25.576347981770834
2023-07-26 16:01:45.336666,5508833.0,5509282.0,23.614035970052083,23.618036010742188,25.576695963541667,25.580696004231772
2023-07-26 16:01:45.340648,5508834.0,5509283.0,23.618383666992187,23.622383748372396,25.581043701171875,25.585043701171877
2023-07-26 16:01:45.345635,5508835.0,5509284.0,23.62273173014323,23.626731770833334,25.585391682942706,25.58939172363281
2023-07-26 16:01:45.349621,5508836.0,5509285.0,23.627079752604164,23.631079793294273,25.589739705403648,25.59373974609375
2023-07-26 16:01:45.353607,5508837.0,5509286.0,23.631427775065102,23.635427815755207,25.594087727864583,25.59808780924479
2023-07-26 16:01:45.358592,5508838.0,5509287.0,23.635775797526044,23.639775838216146,25.59843575032552,25.602435831705726
2023-07-26 16:01:45.362574,5508839.0,5509288.0,23.64012381998698,23.644123901367188,25.602783813476563,25.606783854166668
2023-07-26 16:01:45.367557,5508840.0,5509289.0,23.644471842447917,23.648471923828126,25.6071318359375,25.611131876627606
2023-07-26 16:01:45.371548,5508841.0,5509290.0,23.64881990559896,23.652819946289064,25.611479858398436,25.61547989908854
2023-07-26 16:01:45.375531,5508842.0,5509291.0,23.653167928059894,23.657167968750002,25.615827880859374,25.61982792154948
2023-07-26 16:01:45.380519,5508843.0,5509292.0,23.657515950520832,23.661515991210937,25.620175903320312,25.62417598470052
2023-07-26 16:01:45.384500,5508844.0,5509293.0,23.661863972981774,23.665864013671875,25.62452392578125,25.628524007161456
2023-07-26 16:01:45.388492,5508845.0,5509294.0,23.66621179199219,23.670211791992188,25.628871826171874,25.632871826171876
2023-07-26 16:01:45.393475,5508846.0,5509295.0,23.670559692382813,23.67455977376302,25.633219685872394,25.637219726562503
2023-07-26 16:01:45.397457,5508847.0,5509296.0,23.67490771484375,23.67890779622396,25.637567708333332,25.641567749023437
2023-07-26 16:01:45.401444,5508848.0,5509297.0,23.67925577799479,23.6832558186849,25.64191573079427,25.645915771484376
2023-07-26 16:01:45.406432,5508849.0,5509298.0,23.683603800455728,23.687603841145833,25.646263753255205,25.650263793945314
2023-07-26 16:01:45.410414,5508850.0,5509299.0,23.687951822916666,23.69195186360677,25.650611775716147,25.654611857096352
2023-07-26 16:01:45.415401,5508851.0,5509300.0,23.692299845377605,23.696299886067706,25.654959798177085,25.65895987955729
2023-07-26 16:01:45.419388,5508852.0,5509301.0,23.696647867838543,23.700647949218748,25.659307861328124,25.663307902018232
2023-07-26 16:01:45.423371,5508853.0,5509302.0,23.700995890299478,23.70499597167969,25.663655883789062,25.667655924479167
2023-07-26 16:01:45.428358,5508854.0,5509303.0,23.70534395345052,23.709343994140625,25.66800390625,25.672003946940105
2023-07-26 16:01:45.432344,5508855.0,5509304.0,23.709691975911458,23.713692016601563,25.672351928710935,25.67635196940104
2023-07-26 16:01:45.436327,5508856.0,5509305.0,23.714039916992185,23.718039916992186,25.676699951171877,25.680699951171874
2023-07-26 16:01:45.441315,5508857.0,5509306.0,23.7183876953125,23.722387736002602,25.68104764811198,25.685047729492187
2023-07-26 16:01:45.445297,5508858.0,5509307.0,23.72273571777344,23.72673575846354,25.685395670572916,25.68940616861979
2023-07-26 16:01:45.449284,5508859.0,5509308.0,23.727083740234374,23.731083821614586,25.689743733723958,25.693743774414063
2023-07-26 16:01:45.454271,5508860.0,5509309.0,23.731431762695312,23.73543184407552,25.694091756184896,25.698091796875
2023-07-26 16:01:45.458254,5508861.0,5509310.0,23.735779825846354,23.73977986653646,25.69843977864583,25.702439819335936
2023-07-26 16:01:45.463241,5508862.0,5509311.0,23.740127848307292,23.744127888997397,25.702787801106773,25.706787841796874
2023-07-26 16:01:45.467228,5508863.0,5509312.0,23.74447587076823,23.748475911458332,25.70713582356771,25.711135904947916
2023-07-26 16:01:45.471215,5508864.0,5509313.0,23.748823933919272,23.75282393391927,25.711483846028646,25.715483927408854
2023-07-26 16:01:45.476198,5508865.0,5509314.0,23.753171915690103,23.757171997070312,25.715831909179688,25.719831949869793
2023-07-26 16:01:45.480186,5508866.0,5509315.0,23.75751993815104,23.76152001953125,25.720179931640626,25.72417997233073
2023-07-26 16:01:45.484173,5508867.0,5509316.0,23.761868001302084,23.76586804199219,25.72452795410156,25.728527994791666
2023-07-26 16:01:45.489154,5508868.0,5509317.0,23.766215698242185,23.770215738932293,25.728875732421873,25.732875732421874
2023-07-26 16:01:45.493137,5508869.0,5509318.0,23.770563720703123,23.774563761393228,25.733223673502604,25.73722371419271
2023-07-26 16:01:45.497126,5508870.0,5509319.0,23.774911743164065,23.778911783854166,25.737571695963542,25.741571777343747
2023-07-26 16:01:45.502111,5508871.0,5509320.0,23.779259765625,23.783259806315105,25.74191971842448,25.74591979980469
2023-07-26 16:01:45.506093,5508872.0,5509321.0,23.783607788085938,23.787607869466147,25.746267781575522,25.750267822265627
2023-07-26 16:01:45.511081,5508873.0,5509322.0,23.787955810546876,23.791955891927085,25.750615804036457,25.754615844726562
2023-07-26 16:01:45.515068,5508874.0,5509323.0,23.792303873697914,23.796303914388023,25.754963826497395,25.7589638671875
2023-07-26 16:01:45.519050,5508875.0,5509324.0,23.796651896158853,23.800651936848958,25.759311848958333,25.76331188964844
2023-07-26 16:01:45.524038,5508876.0,5509325.0,23.801010335286456,23.80501037597656,25.76365987141927,25.767659952799477
2023-07-26 16:01:45.528031,5508877.0,5509326.0,23.80534794108073,23.80934798177083,25.76800789388021,25.772007975260415
2023-07-26 16:01:45.532016,5508878.0,5509327.0,23.809695963541667,23.813696044921876,25.772355957031248,25.776355997721357
2023-07-26 16:01:45.536994,5508879.0,5509328.0,23.814043823242187,23.81804382324219,25.776703857421875,25.780703857421877
2023-07-26 16:01:45.540976,5508880.0,5509329.0,23.818391682942707,23.82239176432292,25.78105167643229,25.785051717122396
2023-07-26 16:01:45.545960,5508881.0,5509330.0,23.82273974609375,23.826739786783854,25.785399698893226,25.789399739583335
2023-07-26 16:01:45.549950,5508882.0,5509331.0,23.827087768554687,23.831087809244792,25.789747721354168,25.79374776204427
2023-07-26 16:01:45.553937,5508883.0,5509332.0,23.831435791015625,23.835435831705727,25.794095743815106,25.798095825195315
2023-07-26 16:01:45.558921,5508884.0,5509333.0,23.835783813476564,23.839783854166665,25.79844376627604,25.802443847656253
2023-07-26 16:01:45.562903,5508885.0,5509334.0,23.840131835937502,23.844131917317707,25.802791829427083,25.806791870117188
2023-07-26 16:01:45.566889,5508886.0,5509335.0,23.844479858398437,23.848479939778645,25.80713985188802,25.811139892578126
2023-07-26 16:01:45.571878,5508887.0,5509336.0,23.84882792154948,23.852827962239584,25.811487874348956,25.81548791503906
2023-07-26 16:01:45.575859,5508888.0,5509337.0,23.853175944010417,23.857175984700522,25.815835896809897,25.8198359375
2023-07-26 16:01:45.579845,5508889.0,5509338.0,23.857523966471355,23.861524007161456,25.820183919270836,25.82418400065104
2023-07-26 16:01:45.584829,5508890.0,5509339.0,23.86187194824219,23.865871948242187,25.82453194173177,25.82853198242187
2023-07-26 16:01:45.588816,5508891.0,5509340.0,23.866219685872395,23.870219726562503,25.828879638671875,25.832879720052084
2023-07-26 16:01:45.592878,5508892.0,5509341.0,23.870567708333333,23.87456778971354,25.833227701822917,25.837227742513022
2023-07-26 16:01:45.597791,5508893.0,5509342.0,23.87491573079427,23.87891581217448,25.83757572428385,25.841575764973957
2023-07-26 16:01:45.601777,5508894.0,5509343.0,23.879263793945313,23.883263834635418,25.841923746744794,25.845923787434895
2023-07-26 16:01:45.606762,5508895.0,5509344.0,23.88361181640625,23.887611857096353,25.84627176920573,25.850271809895833
2023-07-26 16:01:45.610747,5508896.0,5509345.0,23.88795983886719,23.89195987955729,25.850619791666666,25.854619873046875
2023-07-26 16:01:45.614735,5508897.0,5509346.0,23.892307861328124,23.89630790201823,25.854967814127605,25.858967895507813
2023-07-26 16:01:45.619729,5508898.0,5509347.0,23.896655883789062,23.90065596516927,25.859315877278647,25.86331591796875
2023-07-26 16:01:45.623717,5508899.0,5509348.0,23.90100390625,23.90500398763021,25.86366389973958,25.867663940429686
2023-07-26 16:01:45.627698,5508900.0,5509349.0,23.90535196940104,23.909352010091148,25.86801192220052,25.872011962890625
2023-07-26 16:01:45.632686,5508901.0,5509350.0,23.909699991861977,23.913700032552082,25.872359944661458,25.876359985351563
2023-07-26 16:01:45.636669,5508902.0,5509351.0,23.91404772949219,23.918047729492187,25.876707763671877,25.880707763671875
2023-07-26 16:01:45.640660,5508903.0,5509352.0,23.91840612792969,23.92240616861979,25.8810556640625,25.88505574544271
2023-07-26 16:01:45.645644,5508904.0,5509353.0,23.92274373372396,23.926743774414064,25.885403686523436,25.889403767903648
2023-07-26 16:01:45.649638,5508905.0,5509354.0,23.927091756184897,23.931091837565106,25.889751749674478,25.893751790364583
2023-07-26 16:01:45.653625,5508906.0,5509355.0,23.93143977864583,23.935439860026044,25.894099772135416,25.89809981282552
2023-07-26 16:01:45.658612,5508907.0,5509356.0,23.935787841796873,23.93978788248698,25.898458211263023,25.902458251953124
2023-07-26 16:01:45.662594,5508908.0,5509357.0,23.94013586425781,23.944135904947917,25.902795817057292,25.906795857747394
2023-07-26 16:01:45.667578,5508909.0,5509358.0,23.94448388671875,23.94848392740885,25.90714383951823,25.911143920898436
2023-07-26 16:01:45.671566,5508910.0,5509359.0,23.948831909179688,23.952831949869793,25.911491861979165,25.915491943359378
2023-07-26 16:01:45.675551,5508911.0,5509360.0,23.953179931640626,23.957180013020835,25.915839925130207,25.919839965820312
2023-07-26 16:01:45.680540,5508912.0,5509361.0,23.95752795410156,23.961528035481773,25.920187947591145,25.92418798828125
2023-07-26 16:01:45.684521,5508913.0,5509362.0,23.961875854492188,23.96587585449219,25.924535888671873,25.928535888671874
2023-07-26 16:01:45.688509,5508914.0,5509363.0,23.96622371419271,23.970223754882813,25.92888366699219,25.93288370768229
2023-07-26 16:01:45.693495,5508915.0,5509364.0,23.970571736653646,23.974571777343748,25.933231689453127,25.937231730143232
2023-07-26 16:01:45.697477,5508916.0,5509365.0,23.974919759114584,23.978919799804686,25.93757971191406,25.941579793294274
2023-07-26 16:01:45.702461,5508917.0,5509366.0,23.979267781575523,23.983267822265624,25.941927734375,25.94592781575521
2023-07-26 16:01:45.706452,5508918.0,5509367.0,23.983615804036457,23.987615885416666,25.94627579752604,25.950275838216147
2023-07-26 16:01:45.710435,5508919.0,5509368.0,23.987963826497396,23.991963907877604,25.95062381998698,25.95462386067708
2023-07-26 16:01:45.715422,5508920.0,5509369.0,23.992311889648438,23.996311930338543,25.954971842447918,25.95897188313802
2023-07-26 16:01:45.719408,5508921.0,5509370.0,23.996659912109376,24.000659952799477,25.959319864908856,25.963319905598958
2023-07-26 16:01:45.723391,5508922.0,5509371.0,24.001007934570314,24.005007975260416,25.96366788736979,25.96766796875
2023-07-26 16:01:45.728379,5508923.0,5509372.0,24.00535595703125,24.009355997721357,25.96801590983073,25.972015991210938
2023-07-26 16:01:45.732365,5508924.0,5509373.0,24.009703979492187,24.01370397949219,25.97236397298177,25.976364013671876
2023-07-26 16:01:45.737352,5508925.0,5509374.0,24.01405167643229,24.0180517578125,25.976711669921873,25.980711710611978
2023-07-26 16:01:45.741332,5508926.0,5509375.0,24.018399698893226,24.02239978027344,25.981059692382814,25.985059733072916
2023-07-26 16:01:45.745317,5508927.0,5509376.0,24.022747762044272,24.026747802734373,25.985407714843753,25.989407755533854
2023-07-26 16:01:45.749307,5508928.0,5509377.0,24.02709578450521,24.03109582519531,25.989755737304687,25.99375577799479
2023-07-26 16:01:45.754290,5508929.0,5509378.0,24.031443806966145,24.03544384765625,25.994103759765625,25.998103841145834
2023-07-26 16:01:45.758274,5508930.0,5509379.0,24.035791829427083,24.039791870117188,25.99845178222656,26.002451863606773
2023-07-26 16:01:45.763261,5508931.0,5509380.0,24.04013985188802,24.04413993326823,26.002799845377602,26.006799886067707
2023-07-26 16:01:45.767249,5508932.0,5509381.0,24.044487874348956,24.04848795572917,26.00714786783854,26.011147908528645
2023-07-26 16:01:45.771230,5508933.0,5509382.0,24.048835937499998,24.052835978190103,26.01149589029948,26.015495930989584
2023-07-26 16:01:45.776218,5508934.0,5509383.0,24.05318395996094,24.05718400065104,26.015843912760417,26.01984395345052
2023-07-26 16:01:45.780209,5508935.0,5509384.0,24.057531982421875,24.06153202311198,26.020191935221355,26.024192016601564
2023-07-26 16:01:45.784189,5508936.0,5509385.0,24.061879760742187,24.065879760742185,26.024539794921875,26.028539794921876
2023-07-26 16:01:45.789172,5508937.0,5509386.0,24.066227701822918,24.070227742513023,26.028887654622395,26.032887736002603
2023-07-26 16:01:45.793159,5508938.0,5509387.0,24.070575724283852,24.074575805664065,26.033235717773437,26.03723575846354
2023-07-26 16:01:45.797145,5508939.0,5509388.0,24.07492374674479,24.078923828125,26.037583740234375,26.04158378092448
2023-07-26 16:01:45.802132,5508940.0,5509389.0,24.079271809895832,24.083271850585938,26.041931762695313,26.045931803385415
2023-07-26 16:01:45.806114,5508941.0,5509390.0,24.08361983235677,24.087619873046872,26.04627978515625,26.050279825846353
2023-07-26 16:01:45.811098,5508942.0,5509391.0,24.08796785481771,24.091967895507814,26.050627807617186,26.0546278889974
2023-07-26 16:01:45.815086,5508943.0,5509392.0,24.092315877278647,24.096315917968752,26.054975830078124,26.058975911458333
2023-07-26 16:01:45.819071,5508944.0,5509393.0,24.096663899739582,24.100663981119794,26.059323893229166,26.06332393391927
2023-07-26 16:01:45.824058,5508945.0,5509394.0,24.10101192220052,24.10501200358073,26.0636719156901,26.06767195638021
2023-07-26 16:01:45.828049,5508946.0,5509395.0,24.105359985351566,24.109360026041667,26.068019938151043,26.072019978841144
2023-07-26 16:01:45.832028,5508947.0,5509396.0,24.10970788574219,24.113707885742187,26.072367919921874,26.076367919921875
2023-07-26 16:01:45.837011,5508948.0,5509397.0,24.114055704752605,24.118055745442707,26.076715657552082,26.080715698242187
2023-07-26 16:01:45.841009,5508949.0,5509398.0,24.118403727213543,24.12240376790365,26.08106368001302,26.08506376139323
2023-07-26 16:01:45.845980,5508950.0,5509399.0,24.122751749674478,24.126751790364583,26.08541170247396,26.089411783854167
2023-07-26 16:01:45.849966,5508951.0,5509400.0,24.127099772135416,24.131099853515625,26.089759765624997,26.093759806315106
2023-07-26 16:01:45.853957,5508952.0,5509401.0,24.13145821126302,24.13545829264323,26.09410778808594,26.09810782877604
2023-07-26 16:01:45.858941,5508953.0,5509402.0,24.135795857747397,24.139795898437498,26.098455810546877,26.10245585123698
2023-07-26 16:01:45.862929,5508954.0,5509403.0,24.140143880208335,24.144143920898436,26.102803833007812,26.106803873697917
2023-07-26 16:01:45.866910,5508955.0,5509404.0,24.14449190266927,24.148491943359378,26.10715185546875,26.11115193684896
2023-07-26 16:01:45.871899,5508956.0,5509405.0,24.148839925130208,24.152839965820313,26.111510294596354,26.115510375976562
2023-07-26 16:01:45.875886,5508957.0,5509406.0,24.153187947591146,24.157188028971355,26.115847941080727,26.119847981770832
2023-07-26 16:01:45.879867,5508958.0,5509407.0,24.15753597005208,24.16153601074219,26.12019596354167,26.12419600423177
2023-07-26 16:01:45.884850,5508959.0,5509408.0,24.161883666992185,24.165883748372394,26.124543701171877,26.128543701171875
2023-07-26 16:01:45.888842,5508960.0,5509409.0,24.16623173014323,24.170231770833333,26.128891682942708,26.13289172363281
2023-07-26 16:01:45.892823,5508961.0,5509410.0,24.170579752604166,24.17457979329427,26.133239705403646,26.13723974609375
2023-07-26 16:01:45.896809,5508962.0,5509411.0,24.174927775065104,24.17892781575521,26.13758772786458,26.141587809244793
2023-07-26 16:01:45.901205,5508963.0,5509412.0,24.179275797526042,24.183275838216147,26.14193575032552,26.145935831705728
2023-07-26 16:01:45.905699,5508964.0,5509413.0,24.183623819986977,24.18762390136719,26.14628381347656,26.150283854166666
2023-07-26 16:01:45.910086,5508965.0,5509414.0,24.187971842447915,24.191971923828124,26.150631835937503,26.154631876627604
2023-07-26 16:01:45.915273,5508966.0,5509415.0,24.19231990559896,24.196319946289062,26.154979858398438,26.15897989908854
2023-07-26 16:01:45.919647,5508967.0,5509416.0,24.196667928059895,24.20066796875,26.159327880859376,26.16332792154948
2023-07-26 16:01:45.923976,5508968.0,5509417.0,24.201015950520834,24.205015991210935,26.16367590332031,26.167675984700523
2023-07-26 16:01:45.928401,5508969.0,5509418.0,24.205363972981772,24.209364013671877,26.16802392578125,26.172024007161458
2023-07-26 16:01:45.932429,5508970.0,5509419.0,24.209711791992188,24.21371179199219,26.172371826171872,26.176371826171874
2023-07-26 16:01:45.936624,5508971.0,5509420.0,24.21405969238281,24.21805977376302,26.176719685872396,26.1807197265625
2023-07-26 16:01:45.940748,5508972.0,5509421.0,24.218407714843753,24.22240779622396,26.181067708333334,26.185067749023435
2023-07-26 16:01:45.945211,5508973.0,5509422.0,24.22275577799479,24.226755818684897,26.185415730794272,26.189415771484374
2023-07-26 16:01:45.950071,5508974.0,5509423.0,24.22710380045573,24.231103841145835,26.189763753255207,26.193763793945315
2023-07-26 16:01:45.954407,5508975.0,5509424.0,24.231451822916668,24.235451863606773,26.194111775716145,26.198111857096354
2023-07-26 16:01:45.958662,5508976.0,5509425.0,24.235799845377603,24.239799886067708,26.198459798177083,26.202459879557292
2023-07-26 16:01:45.963009,5508977.0,5509426.0,24.24014786783854,24.24414794921875,26.202807861328125,26.20680790201823
2023-07-26 16:01:45.966267,5508978.0,5509427.0,24.24449589029948,24.248495971679688,26.207155883789063,26.211155924479165
2023-07-26 16:01:45.970766,5508979.0,5509428.0,24.24884395345052,24.252843994140623,26.21150390625,26.215503946940103
2023-07-26 16:01:45.976273,5508980.0,5509429.0,24.25319197591146,24.25719201660156,26.215851928710936,26.21985196940104
2023-07-26 16:01:45.980391,5508981.0,5509430.0,24.257539916992187,24.261539916992188,26.220199951171875,26.224199951171876
2023-07-26 16:01:45.984982,5508982.0,5509431.0,24.2618876953125,24.265887736002604,26.22454764811198,26.22854772949219
2023-07-26 16:01:45.989096,5508983.0,5509432.0,24.266235717773437,24.270235758463542,26.228895670572914,26.23290616861979
2023-07-26 16:01:45.993433,5508984.0,5509433.0,24.270583740234372,24.274583821614584,26.23324373372396,26.23724377441406
2023-07-26 16:01:45.997772,5508985.0,5509434.0,24.274931762695314,24.27893184407552,26.237591756184898,26.241591796875
2023-07-26 16:01:46.002379,5508986.0,5509435.0,24.279279825846356,24.283279866536457,26.241939778645833,26.245939819335938
2023-07-26 16:01:46.006494,5508987.0,5509436.0,24.283627848307294,24.287627888997395,26.24628780110677,26.250287841796876
2023-07-26 16:01:46.009794,5508988.0,5509437.0,24.28797587076823,24.291975911458334,26.25063582356771,26.254635904947918
2023-07-26 16:01:46.015278,5508989.0,5509438.0,24.292323893229167,24.296323933919272,26.254983846028644,26.258983927408853
2023-07-26 16:01:46.019650,5508990.0,5509439.0,24.2966719156901,24.300671997070314,26.25933190917969,26.26333194986979
2023-07-26 16:01:46.022737,5508991.0,5509440.0,24.30101993815104,24.30502001953125,26.263679931640628,26.26767997233073
2023-07-26 16:01:46.028310,5508992.0,5509441.0,24.305368001302085,24.309368041992187,26.268027954101562,26.272027994791664
2023-07-26 16:01:46.032757,5508993.0,5509442.0,24.309715698242186,24.31371573893229,26.272375732421875,26.276375732421876
2023-07-26 16:01:46.036744,5508994.0,5509443.0,24.314063720703125,24.31806376139323,26.2767236735026,26.28072371419271
2023-07-26 16:01:46.040732,5508995.0,5509444.0,24.318411743164063,24.322411783854168,26.28107169596354,26.28507177734375
2023-07-26 16:01:46.045715,5508996.0,5509445.0,24.322759765624998,24.326759806315106,26.285419718424478,26.289419799804687
2023-07-26 16:01:46.050197,5508997.0,5509446.0,24.32710778808594,24.331107869466145,26.289767781575524,26.293767822265625
2023-07-26 16:01:46.053234,5508998.0,5509447.0,24.331455810546878,24.335455891927083,26.29411580403646,26.29811584472656
2023-07-26 16:01:46.058814,5508999.0,5509448.0,24.335803873697916,24.33980391438802,26.298463826497397,26.3024638671875
2023-07-26 16:01:46.063123,5509000.0,5509449.0,24.340151896158854,24.344151936848956,26.30281184895833,26.30681188964844
2023-07-26 16:01:46.067555,5509001.0,5509450.0,24.344510335286458,24.348510375976563,26.30715987141927,26.31115995279948
2023-07-26 16:01:46.071790,5509002.0,5509451.0,24.348847941080727,24.352847981770832,26.311507893880208,26.315507975260417
2023-07-26 16:01:46.076162,5509003.0,5509452.0,24.353195963541665,24.357196044921874,26.31585595703125,26.319855997721355
2023-07-26 16:01:46.079340,5509004.0,5509453.0,24.35754382324219,24.361543823242187,26.320203857421877,26.324203857421875
2023-07-26 16:01:46.084830,5509005.0,5509454.0,24.36189168294271,24.365891764322917,26.324551676432293,26.328551717122394
2023-07-26 16:01:46.089096,5509006.0,5509455.0,24.36623974609375,24.370239786783856,26.328899698893228,26.332899739583336
2023-07-26 16:01:46.093529,5509007.0,5509456.0,24.37058776855469,24.374587809244794,26.333247721354166,26.33724776204427
2023-07-26 16:01:46.097894,5509008.0,5509457.0,24.374935791015623,24.37893583170573,26.337595743815104,26.341595825195313
2023-07-26 16:01:46.102209,5509009.0,5509458.0,24.37928381347656,24.383283854166667,26.341943766276042,26.34594384765625
2023-07-26 16:01:46.106482,5509010.0,5509459.0,24.3836318359375,24.38763191731771,26.346291829427084,26.350291870117186
2023-07-26 16:01:46.110998,5509011.0,5509460.0,24.387979858398438,24.391979939778643,26.350639851888022,26.354639892578124
2023-07-26 16:01:46.115275,5509012.0,5509461.0,24.39232792154948,24.39632796223958,26.354987874348957,26.358987915039062
2023-07-26 16:01:46.119604,5509013.0,5509462.0,24.39667594401042,24.400675984700523,26.359335896809895,26.3633359375
2023-07-26 16:01:46.124106,5509014.0,5509463.0,24.401023966471353,24.405024007161458,26.363683919270834,26.367684000651042
2023-07-26 16:01:46.128142,5509015.0,5509464.0,24.405371948242188,24.40937194824219,26.36803194173177,26.372031982421873
2023-07-26 16:01:46.132711,5509016.0,5509465.0,24.409719685872393,24.4137197265625,26.372379638671877,26.376379720052082
2023-07-26 16:01:46.137172,5509017.0,5509466.0,24.414067708333334,24.41806778971354,26.37672770182292,26.38072774251302
2023-07-26 16:01:46.140181,5509018.0,5509467.0,24.418415730794273,24.422415812174478,26.381075724283853,26.38507576497396
2023-07-26 16:01:46.145685,5509019.0,5509468.0,24.422763793945315,24.426763834635416,26.38542374674479,26.389423787434897
2023-07-26 16:01:46.149704,5509020.0,5509469.0,24.42711181640625,24.431111857096354,26.38977176920573,26.393771809895835
2023-07-26 16:01:46.153730,5509021.0,5509470.0,24.431459838867188,24.435459879557293,26.394119791666665,26.398119873046873
2023-07-26 16:01:46.158762,5509022.0,5509471.0,24.435807861328122,24.43980790201823,26.398467814127606,26.40246789550781
2023-07-26 16:01:46.162767,5509023.0,5509472.0,24.44015588378906,24.44415596516927,26.40281587727865,26.40681591796875
2023-07-26 16:01:46.166785,5509024.0,5509473.0,24.444503906250002,24.448503987630207,26.407163899739583,26.411163940429685
2023-07-26 16:01:46.171831,5509025.0,5509474.0,24.44885196940104,24.45285201009115,26.41151192220052,26.415511962890626
2023-07-26 16:01:46.175943,5509026.0,5509475.0,24.45319999186198,24.457200032552084,26.415859944661456,26.419859985351565
2023-07-26 16:01:46.179958,5509027.0,5509476.0,24.457547729492187,24.46154772949219,26.420207763671876,26.424207763671877
2023-07-26 16:01:46.184978,5509028.0,5509477.0,24.461906127929687,24.465906168619792,26.4245556640625,26.428555745442708
2023-07-26 16:01:46.189012,5509029.0,5509478.0,24.46624373372396,24.47024377441406,26.428903686523437,26.432903767903646
2023-07-26 16:01:46.193365,5509030.0,5509479.0,24.4705917561849,24.474591837565104,26.43325174967448,26.43725179036458
2023-07-26 16:01:46.198391,5509031.0,5509480.0,24.474939778645833,24.478939860026042,26.437599772135417,26.441599812825523
2023-07-26 16:01:46.206489,5509032.0,5509481.0,24.479287841796875,24.48328788248698,26.44195821126302,26.445958251953126
2023-07-26 16:01:46.210489,5509034.0,5509483.0,24.487983886718748,24.491983927408853,26.45064383951823,26.454643920898437
2023-07-26 16:01:46.215500,5509035.0,5509484.0,24.492331909179686,24.49633194986979,26.454991861979167,26.458991943359376
2023-07-26 16:01:46.223550,5509036.0,5509485.0,24.496679931640628,24.500680013020833,26.45933992513021,26.46333996582031
2023-07-26 16:01:46.227569,5509038.0,5509487.0,24.50537585449219,24.509375854492188,26.468035888671874,26.472035888671876
2023-07-26 16:01:46.232644,5509039.0,5509488.0,24.50972371419271,24.513723754882815,26.472383666992187,26.47638370768229
2023-07-26 16:01:46.236669,5509040.0,5509489.0,24.514071736653644,24.51807177734375,26.476731689453125,26.48073173014323
2023-07-26 16:01:46.240699,5509041.0,5509490.0,24.518419759114582,24.522419799804688,26.481079711914063,26.485079793294272
2023-07-26 16:01:46.244976,5509042.0,5509491.0,24.52276778157552,24.526767822265626,26.485427734375,26.489427815755207
2023-07-26 16:01:46.250085,5509043.0,5509492.0,24.52711580403646,24.531115885416664,26.489775797526043,26.493775838216145
2023-07-26 16:01:46.254555,5509044.0,5509493.0,24.531463826497397,24.535463907877602,26.494123819986978,26.498123860677083
2023-07-26 16:01:46.258833,5509045.0,5509494.0,24.53581188964844,24.539811930338544,26.498471842447916,26.50247188313802
2023-07-26 16:01:46.262820,5509046.0,5509495.0,24.540159912109374,24.54415995279948,26.502819864908854,26.50681990559896
2023-07-26 16:01:46.266806,5509047.0,5509496.0,24.544507934570312,24.548507975260417,26.50716788736979,26.51116796875
2023-07-26 16:01:46.271793,5509048.0,5509497.0,24.548855957031247,24.552855997721355,26.51151590983073,26.515515991210936
2023-07-26 16:01:46.275775,5509049.0,5509498.0,24.55320397949219,24.557203979492186,26.515863972981773,26.519864013671874
2023-07-26 16:01:46.279765,5509050.0,5509499.0,24.557551676432293,24.5615517578125,26.520211669921874,26.52421171061198
2023-07-26 16:01:46.284745,5509051.0,5509500.0,24.561899698893228,24.565899780273437,26.524559692382812,26.528559733072917
2023-07-26 16:01:46.288732,5509052.0,5509501.0,24.56624776204427,24.570247802734375,26.52890771484375,26.532907755533856
2023-07-26 16:01:46.293719,5509053.0,5509502.0,24.57059578450521,24.574595825195313,26.533255737304685,26.53725577799479
2023-07-26 16:01:46.297703,5509054.0,5509503.0,24.574943806966143,24.57894384765625,26.537603759765627,26.541603841145832
2023-07-26 16:01:46.301689,5509055.0,5509504.0,24.579291829427085,24.583291870117186,26.541951782226562,26.54595186360677
2023-07-26 16:01:46.306672,5509056.0,5509505.0,24.583639892578127,24.58763993326823,26.546299845377604,26.550299886067705
2023-07-26 16:01:46.310661,5509057.0,5509506.0,24.587987874348958,24.59198795572917,26.550647867838542,26.554647908528647
2023-07-26 16:01:46.314646,5509058.0,5509507.0,24.5923359375,24.596335978190105,26.554995890299477,26.558995930989585
2023-07-26 16:01:46.319628,5509059.0,5509508.0,24.596683959960938,24.600684000651043,26.559343912760415,26.56334395345052
2023-07-26 16:01:46.323616,5509060.0,5509509.0,24.601031982421873,24.60503202311198,26.563691935221357,26.567692016601562
2023-07-26 16:01:46.327603,5509061.0,5509510.0,24.605379760742185,24.609379760742186,26.568039794921877,26.572039794921874
2023-07-26 16:01:46.332590,5509062.0,5509511.0,24.60972770182292,24.61372774251302,26.572387654622396,26.5763877360026
2023-07-26 16:01:46.336573,5509063.0,5509512.0,24.614075724283854,24.618075805664063,26.57673571777344,26.580735758463543
2023-07-26 16:01:46.341557,5509064.0,5509513.0,24.618423746744792,24.622423828125,26.581083740234373,26.58508378092448
2023-07-26 16:01:46.345542,5509065.0,5509514.0,24.622771809895834,24.62677185058594,26.58543176269531,26.589431803385416
2023-07-26 16:01:46.349529,5509066.0,5509515.0,24.62711983235677,24.631119873046874,26.58977978515625,26.593779825846354
2023-07-26 16:01:46.354513,5509067.0,5509516.0,24.631467854817707,24.635467895507812,26.594127807617184,26.598127888997396
2023-07-26 16:01:46.358499,5509068.0,5509517.0,24.63581587727865,24.63981591796875,26.598475830078126,26.60247591145833
2023-07-26 16:01:46.362484,5509069.0,5509518.0,24.640163899739584,24.644163981119792,26.602823893229168,26.606823933919273
2023-07-26 16:01:46.371454,5509070.0,5509519.0,24.644511922200522,24.648512003580727,26.607171915690103,26.61117195638021
2023-07-26 16:01:46.375440,5509072.0,5509521.0,24.653207885742187,24.65720788574219,26.61586791992187,26.619867919921873
2023-07-26 16:01:46.380423,5509073.0,5509522.0,24.657555704752603,24.66155574544271,26.620215657552084,26.624215698242185
2023-07-26 16:01:46.384410,5509074.0,5509523.0,24.66190372721354,24.665903767903647,26.624563680013022,26.628563761393227
2023-07-26 16:01:46.393381,5509075.0,5509524.0,24.66625174967448,24.67025179036458,26.62891170247396,26.632911783854166
2023-07-26 16:01:46.397367,5509077.0,5509526.0,24.67495821126302,24.67895829264323,26.637607788085937,26.641607828776042
2023-07-26 16:01:46.406337,5509078.0,5509527.0,24.679295857747395,24.6832958984375,26.641955810546875,26.64595585123698
2023-07-26 16:01:46.410395,5509080.0,5509529.0,24.687991902669268,24.691991943359376,26.65065185546875,26.654651936848957
2023-07-26 16:01:46.415497,5509081.0,5509530.0,24.69233992513021,24.69633996582031,26.655010294596355,26.65901037597656
2023-07-26 16:01:46.424121,5509082.0,5509531.0,24.696687947591148,24.700688028971353,26.65934794108073,26.663347981770833
2023-07-26 16:01:46.428393,5509084.0,5509533.0,24.705383666992187,24.709383748372396,26.668043701171875,26.672043701171877
2023-07-26 16:01:46.432412,5509085.0,5509534.0,24.70973173014323,24.713731770833334,26.672391682942706,26.67639172363281
2023-07-26 16:01:46.440995,5509086.0,5509535.0,24.714079752604164,24.718079793294272,26.676739705403648,26.68073974609375
2023-07-26 16:01:46.445109,5509088.0,5509537.0,24.722775797526044,24.726775838216145,26.68543575032552,26.689435831705726
2023-07-26 16:01:46.450106,5509089.0,5509538.0,24.72712381998698,24.73112390136719,26.689783813476563,26.693783854166668
2023-07-26 16:01:46.454523,5509090.0,5509539.0,24.731471842447917,24.735471923828126,26.6941318359375,26.698131876627606
2023-07-26 16:01:46.458602,5509091.0,5509540.0,24.73581990559896,24.739819946289064,26.698479858398436,26.70247989908854
2023-07-26 16:01:46.463035,5509092.0,5509541.0,24.740167928059893,24.744167968750002,26.702827880859378,26.70682792154948
2023-07-26 16:01:46.471853,5509093.0,5509542.0,24.74451595052083,24.748515991210937,26.707175903320312,26.71117598470052
2023-07-26 16:01:46.476308,5509095.0,5509544.0,24.75321179199219,24.757211791992187,26.715871826171874,26.719871826171875
2023-07-26 16:01:46.480324,5509096.0,5509545.0,24.757559692382813,24.76155977376302,26.720219685872394,26.724219726562502
2023-07-26 16:01:46.484743,5509097.0,5509546.0,24.76190771484375,24.76590779622396,26.724567708333332,26.728567749023437
2023-07-26 16:01:46.489143,5509098.0,5509547.0,24.76625577799479,24.7702558186849,26.72891573079427,26.732915771484375
2023-07-26 16:01:46.493494,5509099.0,5509548.0,24.770603800455728,24.774603841145833,26.733263753255205,26.737263793945313
2023-07-26 16:01:46.497925,5509100.0,5509549.0,24.77495182291667,24.77895186360677,26.737611775716147,26.741611857096352
2023-07-26 16:01:46.502369,5509101.0,5509550.0,24.779299845377604,24.783299886067706,26.741959798177085,26.745959879557294
2023-07-26 16:01:46.510251,5509102.0,5509551.0,24.783647867838543,24.787647949218748,26.746307861328123,26.750307902018232
2023-07-26 16:01:46.514760,5509104.0,5509553.0,24.79234395345052,24.796343994140624,26.75500390625,26.759003946940105
2023-07-26 16:01:46.519783,5509105.0,5509554.0,24.796691975911457,24.800692016601563,26.759351928710938,26.76335196940104
2023-07-26 16:01:46.523958,5509106.0,5509555.0,24.801039916992185,24.805039916992186,26.763699951171876,26.767699951171874
2023-07-26 16:01:46.528388,5509107.0,5509556.0,24.8053876953125,24.809387736002602,26.76804764811198,26.772047729492186
2023-07-26 16:01:46.536801,5509108.0,5509557.0,24.80973571777344,24.813735758463544,26.772395670572916,26.776406168619793
2023-07-26 16:01:46.540914,5509110.0,5509559.0,24.818431803385415,24.82243184407552,26.781091756184896,26.785091796875
2023-07-26 16:01:46.545192,5509111.0,5509560.0,24.822779825846354,24.82677986653646,26.78543977864583,26.789439819335936
2023-07-26 16:01:46.553929,5509112.0,5509561.0,24.827127848307292,24.831127888997397,26.789787801106772,26.793787841796874
2023-07-26 16:01:46.558228,5509114.0,5509563.0,24.83582389322917,24.83982393391927,26.798483846028645,26.802483927408854
2023-07-26 16:01:46.563238,5509115.0,5509564.0,24.840171915690103,24.844171997070312,26.802831909179687,26.806831949869792
2023-07-26 16:01:46.567338,5509116.0,5509565.0,24.84451993815104,24.84852001953125,26.807179931640626,26.81117997233073
2023-07-26 16:01:46.571611,5509117.0,5509566.0,24.848868001302083,24.85286804199219,26.81152795410156,26.815527994791665
2023-07-26 16:01:46.575825,5509118.0,5509567.0,24.853215698242185,24.857215738932293,26.815875732421873,26.819875732421874
2023-07-26 16:01:46.580212,5509119.0,5509568.0,24.857563720703126,24.861563761393228,26.820223673502603,26.82422371419271
2023-07-26 16:01:46.584231,5509120.0,5509569.0,24.861911743164065,24.865911783854166,26.82457169596354,26.828571777343747
2023-07-26 16:01:46.588532,5509121.0,5509570.0,24.866259765625,24.870259806315104,26.82891971842448,26.83291979980469
2023-07-26 16:01:46.592832,5509122.0,5509571.0,24.870607788085938,24.874607869466146,26.833267781575522,26.837267822265627
2023-07-26 16:01:46.598273,5509123.0,5509572.0,24.874955810546876,24.878955891927085,26.837615804036457,26.84161584472656
2023-07-26 16:01:46.602294,5509124.0,5509573.0,24.879303873697914,24.883303914388023,26.8419638264974,26.8459638671875
2023-07-26 16:01:46.606723,5509125.0,5509574.0,24.883651896158852,24.887651936848957,26.846311848958333,26.850311889648438
2023-07-26 16:01:46.610960,5509126.0,5509575.0,24.88801033528646,24.89201037597656,26.85065987141927,26.854659952799476
2023-07-26 16:01:46.615094,5509127.0,5509576.0,24.89234794108073,24.89634798177083,26.85500789388021,26.85900797526042
2023-07-26 16:01:46.623506,5509128.0,5509577.0,24.896695963541667,24.900696044921876,26.859355957031248,26.863355997721357
2023-07-26 16:01:46.627865,5509130.0,5509579.0,24.905391682942707,24.90939176432292,26.86805167643229,26.872051717122396
2023-07-26 16:01:46.632089,5509131.0,5509580.0,24.90973974609375,24.913739786783854,26.87239969889323,26.876399739583334
2023-07-26 16:01:46.636471,5509132.0,5509581.0,24.91408776855469,24.918087809244792,26.876747721354167,26.88074776204427
2023-07-26 16:01:46.640835,5509133.0,5509582.0,24.918435791015625,24.922435831705727,26.881095743815106,26.885095825195314
2023-07-26 16:01:46.645312,5509134.0,5509583.0,24.922783813476563,24.926783854166665,26.88544376627604,26.889443847656253
2023-07-26 16:01:46.649652,5509135.0,5509584.0,24.9271318359375,24.93113191731771,26.889791829427082,26.893791870117187
2023-07-26 16:01:46.654025,5509136.0,5509585.0,24.931479858398436,24.935479939778645,26.89413985188802,26.898139892578126
2023-07-26 16:01:46.658458,5509137.0,5509586.0,24.93582792154948,24.939827962239583,26.89848787434896,26.90248791503906
2023-07-26 16:01:46.662830,5509138.0,5509587.0,24.940175944010416,24.94417598470052,26.902835896809897,26.9068359375
2023-07-26 16:01:46.671791,5509139.0,5509588.0,24.944523966471355,24.948524007161456,26.907183919270835,26.91118400065104
2023-07-26 16:01:46.676378,5509141.0,5509590.0,24.953219685872394,24.957219726562503,26.915879638671875,26.919879720052084
2023-07-26 16:01:46.680386,5509142.0,5509591.0,24.957567708333332,24.96156778971354,26.920227701822917,26.924227742513022
2023-07-26 16:01:46.684807,5509143.0,5509592.0,24.96191573079427,24.96591581217448,26.92457572428385,26.928575764973957
2023-07-26 16:01:46.692983,5509144.0,5509593.0,24.966263793945313,24.970263834635418,26.928923746744793,26.932923787434895
2023-07-26 16:01:46.697373,5509146.0,5509595.0,24.97495983886719,24.97895987955729,26.937619791666666,26.941619873046875
2023-07-26 16:01:46.705819,5509147.0,5509596.0,24.979307861328124,24.98330790201823,26.941967814127604,26.945967895507813
2023-07-26 16:01:46.711120,5509149.0,5509598.0,24.98800390625,24.99200398763021,26.95066389973958,26.954663940429686
2023-07-26 16:01:46.715124,5509150.0,5509599.0,24.99235196940104,24.996352010091147,26.95501192220052,26.959011962890624
2023-07-26 16:01:46.719543,5509151.0,5509600.0,24.99669999186198,25.000700032552082,26.959359944661458,26.963359985351563
2023-07-26 16:01:46.724007,5509152.0,5509601.0,25.00104772949219,25.005047729492187,26.963707763671877,26.967707763671875
2023-07-26 16:01:46.728492,5509153.0,5509602.0,25.00540612792969,25.00940616861979,26.9680556640625,26.97205574544271
2023-07-26 16:01:46.737032,5509154.0,5509603.0,25.00974373372396,25.013743774414063,26.972403686523435,26.976403767903648
2023-07-26 16:01:46.741527,5509156.0,5509605.0,25.01843977864583,25.022439860026044,26.98109977213542,26.98509981282552
2023-07-26 16:01:46.749676,5509157.0,5509606.0,25.022787841796873,25.02678788248698,26.985458211263023,26.989458251953124
2023-07-26 16:01:46.753879,5509159.0,5509608.0,25.03148388671875,25.03548392740885,26.99414383951823,26.99814392089844
2023-07-26 16:01:46.763247,5509160.0,5509609.0,25.035831909179688,25.039831949869793,26.998491861979165,27.002491943359377
2023-07-26 16:01:46.767045,5509162.0,5509611.0,25.04452795410156,25.048528035481773,27.007187947591145,27.01118798828125
2023-07-26 16:01:46.775467,5509163.0,5509612.0,25.048875854492188,25.05287585449219,27.011535888671876,27.015535888671874
2023-07-26 16:01:46.779901,5509165.0,5509614.0,25.057571736653646,25.061571777343747,27.020231689453126,27.02423173014323
2023-07-26 16:01:46.784910,5509166.0,5509615.0,25.061919759114584,25.065919799804686,27.02457971191406,27.028579793294274
2023-07-26 16:01:46.793563,5509167.0,5509616.0,25.066267781575522,25.070267822265627,27.028927734375,27.032927815755208
2023-07-26 16:01:46.798035,5509169.0,5509618.0,25.074963826497395,25.078963907877604,27.03762381998698,27.04162386067708
2023-07-26 16:01:46.802043,5509170.0,5509619.0,25.079311889648437,25.083311930338542,27.041971842447918,27.04597188313802
2023-07-26 16:01:46.810471,5509171.0,5509620.0,25.083659912109376,25.087659952799477,27.046319864908856,27.050319905598958
2023-07-26 16:01:46.814922,5509173.0,5509622.0,25.09235595703125,25.096355997721357,27.05501590983073,27.059015991210938
2023-07-26 16:01:46.819983,5509174.0,5509623.0,25.096703979492187,25.100703979492188,27.05936397298177,27.063364013671876
2023-07-26 16:01:46.828123,5509175.0,5509624.0,25.10105167643229,25.1050517578125,27.063711669921872,27.067711710611977
2023-07-26 16:01:46.832587,5509177.0,5509626.0,25.10974776204427,25.113747802734373,27.072407714843752,27.076407755533854
2023-07-26 16:01:46.836842,5509178.0,5509627.0,25.11409578450521,25.11809582519531,27.076755737304687,27.08075577799479
2023-07-26 16:01:46.845116,5509179.0,5509628.0,25.118443806966145,25.122443847656253,27.081103759765625,27.085103841145834
2023-07-26 16:01:46.849647,5509181.0,5509630.0,25.12713985188802,25.13113993326823,27.089799845377602,27.093799886067707
2023-07-26 16:01:46.858920,5509182.0,5509631.0,25.131487874348956,25.135487955729168,27.09414786783854,27.098147908528645
2023-07-26 16:01:46.863227,5509184.0,5509633.0,25.14018395996094,25.14418400065104,27.102843912760417,27.10684395345052
2023-07-26 16:01:46.871497,5509185.0,5509634.0,25.144531982421874,25.14853202311198,27.107191935221355,27.111192016601564
2023-07-26 16:01:46.875990,5509187.0,5509636.0,25.153227701822917,25.157227742513022,27.115887654622394,27.119887736002603
2023-07-26 16:01:46.884555,5509188.0,5509637.0,25.157575724283852,25.161575805664064,27.12023571777344,27.12423575846354
2023-07-26 16:01:46.888626,5509190.0,5509639.0,25.166271809895836,25.170271850585937,27.128931762695313,27.132931803385414
2023-07-26 16:01:46.897769,5509191.0,5509640.0,25.17061983235677,25.174619873046872,27.13327978515625,27.137279825846356
2023-07-26 16:01:46.906032,5509193.0,5509642.0,25.179315877278647,25.183315917968752,27.141975830078124,27.145975911458333
2023-07-26 16:01:46.910668,5509195.0,5509644.0,25.18801192220052,25.19201200358073,27.150671915690104,27.15467195638021
2023-07-26 16:01:46.919755,5509196.0,5509645.0,25.192359985351565,25.196360026041667,27.155019938151042,27.159019978841144
2023-07-26 16:01:46.923803,5509198.0,5509647.0,25.201055704752605,25.205055745442706,27.163715657552082,27.167715698242187
2023-07-26 16:01:46.932052,5509199.0,5509648.0,25.205403727213543,25.20940376790365,27.16806368001302,27.17206376139323
2023-07-26 16:01:46.936343,5509201.0,5509650.0,25.214099772135416,25.218099853515625,27.176759765624997,27.180759806315105
2023-07-26 16:01:46.945562,5509202.0,5509651.0,25.218458211263023,25.22245829264323,27.18110778808594,27.18510782877604
2023-07-26 16:01:46.954389,5509204.0,5509653.0,25.227143880208335,25.231143920898436,27.18980383300781,27.193803873697917
2023-07-26 16:01:46.958842,5509206.0,5509655.0,25.235839925130207,25.239839965820313,27.198510294596353,27.202510375976562
2023-07-26 16:01:46.967139,5509207.0,5509656.0,25.240187947591146,25.244188028971354,27.20284794108073,27.20684798177083
2023-07-26 16:01:46.971580,5509209.0,5509658.0,25.24888366699219,25.252883748372394,27.211543701171877,27.215543701171875
2023-07-26 16:01:46.980729,5509210.0,5509659.0,25.25323173014323,25.257231770833332,27.215891682942708,27.21989172363281
2023-07-26 16:01:46.984823,5509212.0,5509661.0,25.261927775065104,25.26592781575521,27.22458772786458,27.228587809244793
2023-07-26 16:01:46.993163,5509213.0,5509662.0,25.266275797526042,25.270275838216147,27.22893575032552,27.232935831705728
2023-07-26 16:01:46.997410,5509215.0,5509664.0,25.27497184244792,25.278971923828124,27.237631835937503,27.241631876627604
2023-07-26 16:01:47.005972,5509216.0,5509665.0,25.27931990559896,25.283319946289062,27.241979858398437,27.245979899088542
2023-07-26 16:01:47.015259,5509218.0,5509667.0,25.288015950520833,25.29201599121094,27.25067590332031,27.254675984700523
2023-07-26 16:01:47.019911,5509220.0,5509669.0,25.296711791992188,25.30071179199219,27.259371826171876,27.263371826171873
2023-07-26 16:01:47.028219,5509221.0,5509670.0,25.30105969238281,25.30505977376302,27.263719685872395,27.2677197265625
2023-07-26 16:01:47.032148,5509223.0,5509672.0,25.30975577799479,25.313755818684896,27.272415730794272,27.276415771484377
2023-07-26 16:01:47.041613,5509224.0,5509673.0,25.31410380045573,25.318103841145835,27.276763753255207,27.280763793945315
2023-07-26 16:01:47.046028,5509226.0,5509675.0,25.322799845377602,25.326799886067707,27.285459798177083,27.289459879557292
2023-07-26 16:01:47.054285,5509227.0,5509676.0,25.32714786783854,25.33114794921875,27.289807861328125,27.29380790201823
2023-07-26 16:01:47.058998,5509229.0,5509678.0,25.33584395345052,25.339843994140622,27.29850390625,27.302503946940103
2023-07-26 16:01:47.067011,5509230.0,5509679.0,25.34019197591146,25.34419201660156,27.302851928710936,27.30685196940104
2023-07-26 16:01:47.071167,5509232.0,5509681.0,25.3488876953125,25.352887736002604,27.31154764811198,27.315547729492188
2023-07-26 16:01:47.080620,5509233.0,5509682.0,25.353235717773437,25.357235758463542,27.315895670572914,27.31990616861979
2023-07-26 16:01:47.089238,5509235.0,5509684.0,25.361931762695313,25.36593184407552,27.324591756184898,27.328591796875
2023-07-26 16:01:47.093527,5509237.0,5509686.0,25.370627848307294,25.3746278889974,27.33328780110677,27.337287841796876
2023-07-26 16:01:47.101770,5509238.0,5509687.0,25.37497587076823,25.378975911458333,27.33763582356771,27.341635904947918
2023-07-26 16:01:47.111145,5509240.0,5509689.0,25.3836719156901,25.387671997070314,27.34633190917969,27.35033194986979
2023-07-26 16:01:47.115497,5509242.0,5509691.0,25.392368001302085,25.396368041992186,27.355027954101562,27.359027994791667
2023-07-26 16:01:47.123947,5509243.0,5509692.0,25.396715698242186,25.400715738932295,27.359375732421874,27.363375732421876
2023-07-26 16:01:47.127689,5509245.0,5509694.0,25.405411743164063,25.409411783854168,27.36807169596354,27.37207177734375
2023-07-26 16:01:47.136466,5509246.0,5509695.0,25.409759765624997,25.413759806315106,27.37241971842448,27.376419799804687
2023-07-26 16:01:47.140907,5509248.0,5509697.0,25.418455810546877,25.422455891927083,27.381115804036458,27.385115844726563
2023-07-26 16:01:47.149442,5509249.0,5509698.0,25.422803873697916,25.42680391438802,27.385463826497396,27.3894638671875
2023-07-26 16:01:47.153861,5509251.0,5509700.0,25.431510335286458,25.435510375976563,27.39415987141927,27.398159952799478
2023-07-26 16:01:47.163076,5509252.0,5509701.0,25.435847941080727,25.439847981770832,27.398507893880208,27.402507975260416
2023-07-26 16:01:47.171800,5509254.0,5509703.0,25.44454382324219,25.448543823242186,27.407203857421877,27.411203857421874
2023-07-26 16:01:47.175398,5509256.0,5509705.0,25.45323974609375,25.457239786783855,27.415899698893227,27.419899739583336
2023-07-26 16:01:47.184242,5509257.0,5509706.0,25.45758776855469,25.461587809244794,27.420247721354166,27.42424776204427
2023-07-26 16:01:47.188810,5509259.0,5509708.0,25.46628381347656,25.470283854166667,27.428943766276042,27.43294384765625
2023-07-26 16:01:47.197223,5509260.0,5509709.0,25.4706318359375,25.47463191731771,27.433291829427084,27.437291870117186
2023-07-26 16:01:47.202439,5509262.0,5509711.0,25.47932792154948,25.483327962239585,27.441987874348957,27.445987915039062
2023-07-26 16:01:47.210823,5509263.0,5509712.0,25.483675944010418,25.487675984700523,27.446335896809895,27.4503359375
2023-07-26 16:01:47.219129,5509265.0,5509714.0,25.492371948242187,25.49637194824219,27.455031941731768,27.459031982421873
2023-07-26 16:01:47.223408,5509267.0,5509716.0,25.501067708333334,25.50506778971354,27.46372770182292,27.467727742513024
2023-07-26 16:01:47.232075,5509268.0,5509717.0,25.505415730794272,25.509415812174478,27.468075724283853,27.472075764973958
2023-07-26 16:01:47.237137,5509270.0,5509719.0,25.51411181640625,25.518111857096354,27.47677176920573,27.480771809895835
2023-07-26 16:01:47.245573,5509271.0,5509720.0,25.518459838867187,25.522459879557292,27.481119791666668,27.485119873046873
2023-07-26 16:01:47.249788,5509273.0,5509722.0,25.527155883789064,25.53115596516927,27.489815877278648,27.49381591796875
2023-07-26 16:01:47.258281,5509274.0,5509723.0,25.531503906250002,25.535503987630207,27.494163899739583,27.498163940429688
2023-07-26 16:01:47.262573,5509276.0,5509725.0,25.54019999186198,25.544200032552084,27.502859944661456,27.506859985351564
2023-07-26 16:01:47.271654,5509277.0,5509726.0,25.544547729492187,25.54854772949219,27.507207763671875,27.511207763671877
2023-07-26 16:01:47.279861,5509279.0,5509728.0,25.55324373372396,25.55724377441406,27.515903686523437,27.519903767903646
2023-07-26 16:01:47.289289,5509281.0,5509730.0,25.561939778645833,25.56593986002604,27.524599772135417,27.528599812825522
2023-07-26 16:01:47.297788,5509283.0,5509732.0,25.570635864257813,25.574635904947918,27.53329581705729,27.537295857747395
2023-07-26 16:01:47.305761,5509285.0,5509734.0,25.57933190917969,25.58333194986979,27.541991861979167,27.545991943359375
2023-07-26 16:01:47.315026,5509287.0,5509736.0,25.588027954101562,25.59202803548177,27.550687947591147,27.554687988281252
2023-07-26 16:01:47.323924,5509289.0,5509738.0,25.59672371419271,25.600723754882814,27.559383666992186,27.56338370768229
2023-07-26 16:01:47.327751,5509291.0,5509740.0,25.605419759114582,25.609419799804687,27.568079711914063,27.57207979329427
2023-07-26 16:01:47.337222,5509292.0,5509741.0,25.60976778157552,25.613767822265626,27.572427734375,27.576427815755206
2023-07-26 16:01:47.341508,5509294.0,5509743.0,25.618463826497397,25.622463907877606,27.581123819986978,27.585123860677083
2023-07-26 16:01:47.349723,5509295.0,5509744.0,25.62281188964844,25.626811930338544,27.585471842447916,27.58947188313802
2023-07-26 16:01:47.358276,5509297.0,5509746.0,25.631507934570312,25.635507975260417,27.59416788736979,27.59816796875
2023-07-26 16:01:47.362604,5509299.0,5509748.0,25.64020397949219,25.644203979492186,27.602863972981773,27.606864013671878
2023-07-26 16:01:47.371349,5509300.0,5509749.0,25.644551676432293,25.6485517578125,27.607211669921874,27.61121171061198
2023-07-26 16:01:47.375882,5509302.0,5509751.0,25.65324776204427,25.657247802734375,27.61590771484375,27.619907755533855
2023-07-26 16:01:47.384385,5509303.0,5509752.0,25.657595784505208,25.661595825195313,27.620255737304685,27.62425577799479
2023-07-26 16:01:47.388835,5509305.0,5509754.0,25.666291829427085,25.670291870117186,27.62895178222656,27.63295186360677
2023-07-26 16:01:47.397408,5509306.0,5509755.0,25.670639851888023,25.674639933268228,27.633299845377604,27.63729988606771
2023-07-26 16:01:47.401798,5509308.0,5509757.0,25.6793359375,25.683335978190104,27.641995890299476,27.645995930989585
2023-07-26 16:01:47.411075,5509309.0,5509758.0,25.683683959960938,25.687684000651043,27.646343912760415,27.65034395345052
2023-07-26 16:01:47.419525,5509311.0,5509760.0,25.692379760742185,25.696379760742186,27.655039794921876,27.659039794921874
2023-07-26 16:01:47.423268,5509313.0,5509762.0,25.701075724283854,25.705075805664062,27.663735717773438,27.667735758463543
2023-07-26 16:01:47.432786,5509314.0,5509763.0,25.705423746744792,25.709423828125,27.668083740234373,27.67208378092448
2023-07-26 16:01:47.436582,5509316.0,5509765.0,25.71411983235677,25.718119873046874,27.67677978515625,27.680779825846354
2023-07-26 16:01:47.445902,5509317.0,5509766.0,25.71846785481771,25.722467895507812,27.681127807617187,27.685127888997396
2023-07-26 16:01:47.450115,5509319.0,5509768.0,25.727163899739583,25.731163981119792,27.689823893229168,27.693823933919273
2023-07-26 16:01:47.458890,5509320.0,5509769.0,25.73151192220052,25.73551200358073,27.694171915690102,27.69817195638021
2023-07-26 16:01:47.462637,5509322.0,5509771.0,25.740207885742187,25.74420788574219,27.702867919921875,27.706867919921873
2023-07-26 16:01:47.471999,5509323.0,5509772.0,25.744555704752603,25.748555745442708,27.707215657552084,27.711215698242185
2023-07-26 16:01:47.475674,5509325.0,5509774.0,25.75325174967448,25.75725179036458,27.71591170247396,27.71991178385417
2023-07-26 16:01:47.485085,5509326.0,5509775.0,25.757599772135418,25.761599853515627,27.720259765625,27.724259806315107
2023-07-26 16:01:47.489272,5509328.0,5509777.0,25.766295857747394,25.7702958984375,27.728955810546875,27.73295585123698
2023-07-26 16:01:47.497563,5509329.0,5509778.0,25.770643880208333,25.774643920898438,27.73330383300781,27.737303873697915
2023-07-26 16:01:47.506114,5509331.0,5509780.0,25.77933992513021,25.78333996582031,27.742010294596355,27.74601037597656
2023-07-26 16:01:47.515429,5509333.0,5509782.0,25.788035970052082,25.79203601074219,27.750695963541666,27.75469600423177
2023-07-26 16:01:47.523403,5509335.0,5509784.0,25.79673173014323,25.800731770833334,27.759391682942706,27.76339172363281
2023-07-26 16:01:47.532621,5509337.0,5509786.0,25.805427775065105,25.809427815755207,27.768087727864582,27.77208780924479
2023-07-26 16:01:47.540718,5509339.0,5509788.0,25.81412381998698,25.81812390136719,27.776783813476563,27.780783854166668
2023-07-26 16:01:47.549592,5509341.0,5509790.0,25.82281990559896,25.826819946289064,27.785479858398435,27.78947989908854
2023-07-26 16:01:47.558289,5509343.0,5509792.0,25.83151595052083,25.835515991210936,27.794175903320312,27.79817598470052
2023-07-26 16:01:47.566976,5509345.0,5509794.0,25.84021179199219,25.844211791992187,27.802871826171874,27.806871826171875
2023-07-26 16:01:47.575695,5509347.0,5509796.0,25.84890771484375,25.85290779622396,27.81156770833333,27.815567749023437
2023-07-26 16:01:47.584947,5509349.0,5509798.0,25.85760380045573,25.861603841145833,27.820263753255208,27.824263793945313
2023-07-26 16:01:47.593739,5509351.0,5509800.0,25.866299845377604,25.870299886067706,27.828959798177085,27.832959879557293
2023-07-26 16:01:47.602276,5509353.0,5509802.0,25.874995890299477,25.87899597167969,27.83765588378906,27.841655924479166
2023-07-26 16:01:47.610950,5509355.0,5509804.0,25.883691975911457,25.887692016601562,27.846351928710938,27.85035196940104
2023-07-26 16:01:47.619725,5509357.0,5509806.0,25.8923876953125,25.896387736002602,27.85504764811198,27.85904772949219
2023-07-26 16:01:47.627802,5509359.0,5509808.0,25.901083740234373,25.905083821614586,27.863743733723958,27.867743774414063
2023-07-26 16:01:47.636571,5509361.0,5509810.0,25.909779825846353,25.91377986653646,27.872439778645834,27.876439819335936
2023-07-26 16:01:47.645904,5509363.0,5509812.0,25.91847587076823,25.92247591145833,27.88113582356771,27.885135904947916
2023-07-26 16:01:47.654355,5509365.0,5509814.0,25.927171915690103,25.931171997070315,27.889831909179687,27.893831949869792
2023-07-26 16:01:47.663060,5509367.0,5509816.0,25.935868001302083,25.939868041992188,27.89852795410156,27.902527994791665
2023-07-26 16:01:47.671280,5509369.0,5509818.0,25.944563720703126,25.948563761393228,27.907223673502603,27.911223714192708
2023-07-26 16:01:47.680581,5509371.0,5509820.0,25.953259765625,25.957259806315104,27.91591971842448,27.91991979980469
2023-07-26 16:01:47.688661,5509373.0,5509822.0,25.961955810546876,25.965955891927084,27.924615804036456,27.92861584472656
2023-07-26 16:01:47.697940,5509375.0,5509824.0,25.970651896158852,25.974651936848957,27.933311848958333,27.937311889648438
2023-07-26 16:01:47.706543,5509377.0,5509826.0,25.97934794108073,25.98334798177083,27.94200789388021,27.946007975260418
2023-07-26 16:01:47.715328,5509379.0,5509828.0,25.988043823242187,25.992043823242188,27.950703857421875,27.954703857421876
2023-07-26 16:01:47.723946,5509381.0,5509830.0,25.996739746093752,26.000739786783853,27.95939969889323,27.963399739583334
2023-07-26 16:01:47.732631,5509383.0,5509832.0,26.005435791015625,26.009435831705726,27.968095743815105,27.972095825195314
2023-07-26 16:01:47.741326,5509385.0,5509834.0,26.0141318359375,26.01813191731771,27.976791829427082,27.980791870117187
2023-07-26 16:01:47.750008,5509387.0,5509836.0,26.022827921549478,26.026827962239583,27.98548787434896,27.98948791503906
2023-07-26 16:01:47.758729,5509389.0,5509838.0,26.031524007161458,26.035524007161456,27.994183919270835,27.998184000651044
2023-07-26 16:01:47.767416,5509391.0,5509840.0,26.040219685872394,26.044219726562503,28.002879638671875,28.006879720052083
2023-07-26 16:01:47.776099,5509393.0,5509842.0,26.04891573079427,26.05291581217448,28.011575724283855,28.015575764973956
2023-07-26 16:01:47.784795,5509395.0,5509844.0,26.05761181640625,26.061611857096352,28.02027176920573,28.024271809895833
2023-07-26 16:01:47.793123,5509397.0,5509846.0,26.066307861328124,26.070307902018232,28.028967814127604,28.032967895507813
2023-07-26 16:01:47.801645,5509399.0,5509848.0,26.07500390625,26.07900398763021,28.03766389973958,28.041663940429686
2023-07-26 16:01:47.810931,5509401.0,5509850.0,26.08369999186198,26.087700032552082,28.046359944661457,28.050359985351562
2023-07-26 16:01:47.819501,5509403.0,5509852.0,26.09240612792969,26.09640616861979,28.0550556640625,28.05905574544271
2023-07-26 16:01:47.828236,5509405.0,5509854.0,26.101091756184896,26.105091837565105,28.063751749674477,28.067751790364582
2023-07-26 16:01:47.836928,5509407.0,5509856.0,26.109787841796873,26.113787882486978,28.072458211263022,28.076458251953124
2023-07-26 16:01:47.845626,5509409.0,5509858.0,26.11848388671875,26.122483927408854,28.08114383951823,28.08514392089844
2023-07-26 16:01:47.854319,5509411.0,5509860.0,26.127179931640626,26.131180013020835,28.089839925130207,28.09383996582031
2023-07-26 16:01:47.863069,5509413.0,5509862.0,26.135875854492188,26.13987585449219,28.098535888671876,28.102535888671873
2023-07-26 16:01:47.871467,5509415.0,5509864.0,26.144571736653646,26.148571777343747,28.107231689453126,28.11123173014323
2023-07-26 16:01:47.880726,5509417.0,5509866.0,26.153267781575522,26.157267822265627,28.115927734375,28.119927815755208
2023-07-26 16:01:47.888870,5509419.0,5509868.0,26.161963826497395,26.165963907877604,28.12462381998698,28.12862386067708
2023-07-26 16:01:47.897979,5509421.0,5509870.0,26.170659912109375,26.174659952799477,28.133319864908856,28.13731990559896
2023-07-26 16:01:47.906474,5509423.0,5509872.0,26.179355957031248,26.183355997721357,28.14201590983073,28.146015991210938
2023-07-26 16:01:47.914598,5509425.0,5509874.0,26.18805167643229,26.1920517578125,28.150711669921876,28.154711710611977
2023-07-26 16:01:47.923322,5509427.0,5509876.0,26.19674776204427,26.200747802734373,28.159407714843752,28.163407755533854
2023-07-26 16:01:47.932739,5509429.0,5509878.0,26.205443806966144,26.209443847656253,28.168103759765625,28.172103841145834
2023-07-26 16:01:47.940789,5509431.0,5509880.0,26.21413985188802,26.21813993326823,28.1767998453776,28.180799886067707
2023-07-26 16:01:47.949914,5509433.0,5509882.0,26.2228359375,26.226835978190103,28.185495890299478,28.189495930989583
2023-07-26 16:01:47.958755,5509435.0,5509884.0,26.231531982421874,26.23553202311198,28.194191935221355,28.198192016601563
2023-07-26 16:01:47.967274,5509437.0,5509886.0,26.240227701822917,26.244227742513022,28.202887654622394,28.206887736002603
2023-07-26 16:01:47.975680,5509439.0,5509888.0,26.248923746744794,26.252923828125,28.211583740234374,28.21558378092448
2023-07-26 16:01:47.984410,5509441.0,5509890.0,26.25761983235677,26.261619873046875,28.22027978515625,28.224279825846356
2023-07-26 16:01:47.993598,5509443.0,5509892.0,26.266315877278647,26.27031591796875,28.228975830078124,28.232975911458333
2023-07-26 16:01:48.002209,5509445.0,5509894.0,26.27501192220052,26.27901200358073,28.237671915690104,28.24167195638021
2023-07-26 16:01:48.010564,5509447.0,5509896.0,26.28370788574219,26.287707885742186,28.246367919921873,28.250367919921874
2023-07-26 16:01:48.019601,5509449.0,5509898.0,26.292403767903647,26.296403767903648,28.25506368001302,28.25906376139323
2023-07-26 16:01:48.028289,5509451.0,5509900.0,26.301099772135416,26.305099853515625,28.263759765625,28.267759806315105
2023-07-26 16:01:48.037059,5509453.0,5509902.0,26.309795857747396,26.313795898437498,28.272455810546877,28.27645585123698
2023-07-26 16:01:48.045675,5509455.0,5509904.0,26.31849190266927,26.322491943359378,28.28115185546875,28.28515193684896
2023-07-26 16:01:48.054430,5509457.0,5509906.0,26.327187947591145,26.331188028971354,28.28984794108073,28.29384798177083
2023-07-26 16:01:48.063117,5509459.0,5509908.0,26.33588366699219,26.339883748372394,28.298543701171877,28.302543701171874
2023-07-26 16:01:48.071782,5509461.0,5509910.0,26.344579752604165,26.348579793294274,28.307239705403646,28.31123974609375
2023-07-26 16:01:48.080476,5509463.0,5509912.0,26.35327579752604,26.357275838216147,28.31593575032552,28.319935831705727
2023-07-26 16:01:48.088656,5509465.0,5509914.0,26.361971842447918,26.365971923828123,28.324631835937502,28.328631876627604
2023-07-26 16:01:48.098137,5509467.0,5509916.0,26.370667928059895,26.374667968750003,28.333327880859375,28.33732792154948
2023-07-26 16:01:48.106244,5509469.0,5509918.0,26.37936397298177,26.383364013671876,28.34202392578125,28.346024007161457
2023-07-26 16:01:48.115397,5509471.0,5509920.0,26.388059692382814,26.39205977376302,28.350719685872395,28.3547197265625
2023-07-26 16:01:48.123846,5509473.0,5509922.0,26.39675577799479,26.400755818684896,28.35941573079427,28.363415771484377
2023-07-26 16:01:48.132697,5509475.0,5509924.0,26.405451822916667,26.409451863606773,28.368111775716145,28.372111857096353
2023-07-26 16:01:48.141388,5509477.0,5509926.0,26.41414786783854,26.41814794921875,28.376807861328125,28.38080790201823
2023-07-26 16:01:48.150081,5509479.0,5509928.0,26.42284395345052,26.426843994140622,28.38550390625,28.389503946940106
2023-07-26 16:01:48.158858,5509481.0,5509930.0,26.431539916992186,26.435539916992187,28.394199951171874,28.398199951171875
2023-07-26 16:01:48.167161,5509483.0,5509932.0,26.440235717773437,26.44423575846354,28.402895670572917,28.40690616861979
2023-07-26 16:01:48.176234,5509485.0,5509934.0,26.448931762695313,26.45293184407552,28.411591756184897,28.415591796875002
2023-07-26 16:01:48.185154,5509487.0,5509936.0,26.457627848307293,26.4616278889974,28.42028780110677,28.424287841796875
2023-07-26 16:01:48.193695,5509489.0,5509938.0,26.466323893229166,26.47032393391927,28.428983846028647,28.432983927408852
2023-07-26 16:01:48.202274,5509491.0,5509940.0,26.475019938151043,26.479020019531248,28.437679931640627,28.44167997233073
2023-07-26 16:01:48.210971,5509493.0,5509942.0,26.483715698242186,26.487715738932295,28.446375732421874,28.450375732421875
2023-07-26 16:01:48.219733,5509495.0,5509944.0,26.492411743164062,26.496411783854168,28.45507169596354,28.45907177734375
2023-07-26 16:01:48.228368,5509497.0,5509946.0,26.50110778808594,26.505107869466144,28.463767781575523,28.467767822265625
2023-07-26 16:01:48.236891,5509499.0,5509948.0,26.509803873697916,26.513803914388024,28.472463826497396,28.4764638671875
2023-07-26 16:01:48.245211,5509501.0,5509950.0,26.51851037597656,26.522510375976562,28.48115987141927,28.485159952799478
2023-07-26 16:01:48.254585,5509503.0,5509952.0,26.52719596354167,26.531196044921874,28.48985595703125,28.493855997721354
2023-07-26 16:01:48.263125,5509505.0,5509954.0,26.535891682942708,26.539891764322917,28.498551676432292,28.502551717122397
2023-07-26 16:01:48.271367,5509507.0,5509956.0,26.54458776855469,26.548587809244793,28.507247721354165,28.51124776204427
2023-07-26 16:01:48.280424,5509509.0,5509958.0,26.55328381347656,26.557283854166666,28.51594376627604,28.51994384765625
2023-07-26 16:01:48.289157,5509511.0,5509960.0,26.561979858398438,26.565979939778643,28.524639851888022,28.528639892578127
2023-07-26 16:01:48.297434,5509513.0,5509962.0,26.570675944010418,26.574675984700523,28.533335896809895,28.5373359375
2023-07-26 16:01:48.306095,5509515.0,5509964.0,26.57937194824219,26.58337194824219,28.54203194173177,28.546031982421873
2023-07-26 16:01:48.314601,5509517.0,5509966.0,26.588067708333334,26.59206778971354,28.550727701822918,28.554727742513023
2023-07-26 16:01:48.323841,5509519.0,5509968.0,26.596763793945314,26.60076383463542,28.55942374674479,28.563423787434896
2023-07-26 16:01:48.332878,5509521.0,5509970.0,26.605459838867187,26.609459879557292,28.568119791666668,28.572119873046873
2023-07-26 16:01:48.341325,5509523.0,5509972.0,26.614155883789063,26.61815596516927,28.576815877278648,28.58081591796875
2023-07-26 16:01:48.350032,5509525.0,5509974.0,26.62285196940104,26.62685201009115,28.58551192220052,28.589511962890626
2023-07-26 16:01:48.358703,5509527.0,5509976.0,26.631547729492187,26.63554772949219,28.594207763671875,28.598207763671876
2023-07-26 16:01:48.367337,5509529.0,5509978.0,26.64024373372396,26.64424377441406,28.602903686523437,28.606903767903646
2023-07-26 16:01:48.376056,5509531.0,5509980.0,26.648939778645833,26.652939860026045,28.611599772135417,28.615599812825522
2023-07-26 16:01:48.384229,5509533.0,5509982.0,26.657635864257813,26.661635904947918,28.62029581705729,28.624295857747395
2023-07-26 16:01:48.393136,5509535.0,5509984.0,26.66633190917969,26.67033194986979,28.628991861979166,28.632991943359375
2023-07-26 16:01:48.401826,5509537.0,5509986.0,26.675027954101562,26.67902803548177,28.637687947591147,28.64168798828125
2023-07-26 16:01:48.410908,5509539.0,5509988.0,26.68372371419271,26.687723754882814,28.646383666992186,28.65038370768229
2023-07-26 16:01:48.419361,5509541.0,5509990.0,26.692419759114582,26.696419799804687,28.655079711914063,28.65907979329427
2023-07-26 16:01:48.428618,5509543.0,5509992.0,26.70111580403646,26.705115885416664,28.663775797526043,28.667775838216148
2023-07-26 16:01:48.436942,5509545.0,5509994.0,26.70981188964844,26.713811930338544,28.672471842447916,28.67647188313802
2023-07-26 16:01:48.445289,5509547.0,5509996.0,26.71850793457031,26.722507975260417,28.681167887369792,28.68516796875
2023-07-26 16:01:48.454003,5509549.0,5509998.0,26.727203979492188,26.731203979492186,28.689863972981772,28.693864013671877
2023-07-26 16:01:48.462725,5509551.0,5510000.0,26.735899698893228,26.73989978027344,28.698559692382812,28.702559733072917
2023-07-26 16:01:48.471770,5509553.0,5510002.0,26.744595784505208,26.748595825195313,28.707255737304685,28.71125577799479
2023-07-26 16:01:48.480006,5509555.0,5510004.0,26.753291829427084,26.757291870117186,28.71595178222656,28.719951863606774
2023-07-26 16:01:48.489104,5509557.0,5510006.0,26.761987874348957,26.76598795572917,28.72464786783854,28.728647908528647
2023-07-26 16:01:48.498170,5509559.0,5510008.0,26.770683959960937,26.774684000651042,28.733343912760414,28.73734395345052
2023-07-26 16:01:48.506179,5509561.0,5510010.0,26.779379760742188,26.783379760742186,28.742039794921876,28.746039794921874
2023-07-26 16:01:48.515374,5509563.0,5510012.0,26.788075724283853,26.792075805664066,28.750735717773438,28.754735758463543
2023-07-26 16:01:48.523423,5509565.0,5510014.0,26.796771809895834,26.80077185058594,28.75943176269531,28.763431803385416
2023-07-26 16:01:48.533008,5509567.0,5510016.0,26.80546785481771,26.80946789550781,28.768127807617187,28.772127888997396
2023-07-26 16:01:48.541420,5509569.0,5510018.0,26.814163899739583,26.818163981119792,28.776823893229167,28.780823933919272
2023-07-26 16:01:48.550451,5509571.0,5510020.0,26.822859985351563,26.82686002604167,28.78551993815104,28.789519978841145
2023-07-26 16:01:48.558564,5509573.0,5510022.0,26.831555704752603,26.835555745442708,28.794215657552083,28.798215698242185
2023-07-26 16:01:48.567618,5509575.0,5510024.0,26.84025174967448,26.84425179036458,28.80291170247396,28.80691178385417
2023-07-26 16:01:48.575669,5509577.0,5510026.0,26.84895821126302,26.85295829264323,28.811607788085936,28.81560782877604
2023-07-26 16:01:48.584638,5509579.0,5510028.0,26.857643880208332,26.861643920898437,28.820303833007813,28.824303873697914
2023-07-26 16:01:48.593609,5509581.0,5510030.0,26.86633992513021,26.87033996582031,28.829010294596355,28.83301037597656
2023-07-26 16:01:48.602579,5509583.0,5510032.0,26.875035970052082,26.87903601074219,28.837695963541666,28.84169600423177
2023-07-26 16:01:48.610555,5509585.0,5510034.0,26.88373173014323,26.887731770833334,28.846391682942706,28.85039172363281
2023-07-26 16:01:48.619522,5509587.0,5510036.0,26.892427775065105,26.896427815755207,28.855087727864582,28.859087809244794
2023-07-26 16:01:48.628492,5509589.0,5510038.0,26.901123819986978,26.90512390136719,28.863783813476562,28.867783854166667
2023-07-26 16:01:48.636465,5509591.0,5510040.0,26.909819905598958,26.913819946289063,28.87247985839844,28.87647989908854
2023-07-26 16:01:48.645435,5509593.0,5510042.0,26.918515950520835,26.922515991210936,28.88117590332031,28.88517598470052
2023-07-26 16:01:48.654405,5509595.0,5510044.0,26.92721179199219,26.93121179199219,28.889871826171873,28.893871826171875
2023-07-26 16:01:48.663375,5509597.0,5510046.0,26.93590771484375,26.93990779622396,28.89856770833333,28.902567749023437
2023-07-26 16:01:48.671349,5509599.0,5510048.0,26.94460380045573,26.948603841145832,28.907263753255208,28.911263793945313
2023-07-26 16:01:48.680318,5509601.0,5510050.0,26.953299845377604,26.957299886067705,28.915959798177084,28.919959879557293
2023-07-26 16:01:48.689288,5509603.0,5510052.0,26.961995890299477,26.96599597167969,28.92465588378906,28.928655924479166
2023-07-26 16:01:48.697261,5509605.0,5510054.0,26.970691975911457,26.974692016601562,28.933351928710938,28.93735196940104
2023-07-26 16:01:48.706229,5509607.0,5510056.0,26.9793876953125,26.9833877360026,28.94204764811198,28.94604772949219
2023-07-26 16:01:48.715204,5509609.0,5510058.0,26.988083740234373,26.992083821614585,28.950743733723957,28.954743774414062
2023-07-26 16:01:48.724170,5509611.0,5510060.0,26.996779825846353,27.00077986653646,28.959439778645834,28.963439819335935
2023-07-26 16:01:48.732143,5509613.0,5510062.0,27.00547587076823,27.00947591145833,28.96813582356771,28.972135904947915
2023-07-26 16:01:48.741112,5509615.0,5510064.0,27.014171915690103,27.018171997070315,28.976831909179687,28.980831949869792
2023-07-26 16:01:48.750087,5509617.0,5510066.0,27.022868001302083,27.026868041992188,28.985527954101563,28.989527994791665
2023-07-26 16:01:48.759053,5509619.0,5510068.0,27.031563720703126,27.035563761393227,28.994223673502603,28.99822371419271
2023-07-26 16:01:48.767026,5509621.0,5510070.0,27.040259765625,27.044259806315107,29.00291971842448,29.006919799804688
2023-07-26 16:01:48.775996,5509623.0,5510072.0,27.048955810546875,27.052955891927084,29.01161580403646,29.01561584472656
2023-07-26 16:01:48.784966,5509625.0,5510074.0,27.057651896158855,27.061651936848957,29.020311848958332,29.024311889648438
2023-07-26 16:01:48.793936,5509627.0,5510076.0,27.06634794108073,27.070347981770833,29.02900789388021,29.033007975260418
2023-07-26 16:01:48.801909,5509629.0,5510078.0,27.075043823242186,27.079043823242188,29.037703857421874,29.041703857421876
2023-07-26 16:01:48.810880,5509631.0,5510080.0,27.08373974609375,27.087739786783853,29.04639969889323,29.050399739583334
2023-07-26 16:01:48.819849,5509633.0,5510082.0,27.092435791015625,27.096435831705726,29.055095743815105,29.059095825195314
2023-07-26 16:01:48.827823,5509635.0,5510084.0,27.1011318359375,27.10513191731771,29.063791829427082,29.067791870117187
2023-07-26 16:01:48.837145,5509637.0,5510086.0,27.109827921549478,27.113827962239583,29.07248787434896,29.07648791503906
2023-07-26 16:01:48.845771,5509639.0,5510088.0,27.118523966471354,27.122524007161456,29.081183919270835,29.085184000651044
2023-07-26 16:01:48.854000,5509641.0,5510090.0,27.127219685872394,27.131219726562502,29.089879638671874,29.093879720052083
2023-07-26 16:01:48.863306,5509643.0,5510092.0,27.13591573079427,27.13991581217448,29.098575724283855,29.102575764973956
2023-07-26 16:01:48.871466,5509645.0,5510094.0,27.14461181640625,27.148611857096352,29.10727176920573,29.111271809895833
2023-07-26 16:01:48.880626,5509647.0,5510096.0,27.153307861328123,27.157307902018232,29.115967814127604,29.119967895507813
2023-07-26 16:01:48.888801,5509649.0,5510098.0,27.16200390625,27.16600398763021,29.124663899739584,29.128663940429686
2023-07-26 16:01:48.897960,5509651.0,5510100.0,27.17069999186198,27.17470003255208,29.133359944661457,29.137359985351566
2023-07-26 16:01:48.906178,5509653.0,5510102.0,27.17940612792969,27.183406168619793,29.1420556640625,29.14605574544271
2023-07-26 16:01:48.915228,5509655.0,5510104.0,27.188091756184896,27.192091837565105,29.150751749674477,29.154751790364582
2023-07-26 16:01:48.924026,5509657.0,5510106.0,27.196787841796876,27.200787882486978,29.159458211263022,29.163458251953124
2023-07-26 16:01:48.932291,5509659.0,5510108.0,27.20548388671875,27.209483927408854,29.16814383951823,29.17214392089844
2023-07-26 16:01:48.940913,5509661.0,5510110.0,27.214179931640626,27.218180013020834,29.176839925130206,29.18083996582031
2023-07-26 16:01:48.950100,5509663.0,5510112.0,27.222875854492187,27.22687585449219,29.185535888671875,29.189535888671873
2023-07-26 16:01:48.958808,5509665.0,5510114.0,27.231571736653645,27.235571777343747,29.194231689453126,29.19823173014323
2023-07-26 16:01:48.967078,5509667.0,5510116.0,27.240267781575522,27.244267822265627,29.202927734375,29.206927815755208
2023-07-26 16:01:48.975666,5509669.0,5510118.0,27.2489638264974,27.252963907877604,29.21162381998698,29.21562386067708
2023-07-26 16:01:48.984343,5509671.0,5510120.0,27.257659912109375,27.261659952799477,29.220319864908856,29.22431990559896
2023-07-26 16:01:48.993083,5509673.0,5510122.0,27.266355957031248,27.270355997721357,29.22901590983073,29.233015991210937
2023-07-26 16:01:49.001771,5509675.0,5510124.0,27.27505167643229,27.2790517578125,29.237711669921875,29.241711710611977
2023-07-26 16:01:49.010469,5509677.0,5510126.0,27.28374776204427,27.287747802734373,29.246407714843752,29.250407755533853
2023-07-26 16:01:49.019610,5509679.0,5510128.0,27.292443806966144,27.296443847656253,29.255103759765625,29.259103841145834
2023-07-26 16:01:49.027838,5509681.0,5510130.0,27.30113985188802,27.30513993326823,29.263799845377605,29.267799886067706
2023-07-26 16:01:49.036590,5509683.0,5510132.0,27.3098359375,27.313835978190102,29.272495890299478,29.276495930989586
2023-07-26 16:01:49.045948,5509685.0,5510134.0,27.318531982421874,27.322532023111982,29.281191935221354,29.285192016601563
2023-07-26 16:01:49.054112,5509687.0,5510136.0,27.327227701822917,27.331227742513022,29.289887654622394,29.293887736002603
2023-07-26 16:01:49.063250,5509689.0,5510138.0,27.335923746744793,27.339923828125,29.298583740234374,29.30258378092448
2023-07-26 16:01:49.071732,5509691.0,5510140.0,27.34461983235677,27.348619873046875,29.30727978515625,29.311279825846356
2023-07-26 16:01:49.080120,5509693.0,5510142.0,27.353315877278646,27.35731591796875,29.315975830078123,29.319975911458332
2023-07-26 16:01:49.088820,5509695.0,5510144.0,27.36201192220052,27.366012003580728,29.324671915690104,29.32867195638021
2023-07-26 16:01:49.097997,5509697.0,5510146.0,27.37070788574219,27.37470788574219,29.333367919921873,29.337367919921874
2023-07-26 16:01:49.106436,5509699.0,5510148.0,27.379403727213543,27.383403767903648,29.34206368001302,29.34606376139323
2023-07-26 16:01:49.114932,5509701.0,5510150.0,27.38809977213542,27.392099853515624,29.350759765625,29.354759806315105
2023-07-26 16:01:49.124088,5509703.0,5510152.0,27.396795857747396,27.400795898437497,29.359455810546876,29.36345585123698
2023-07-26 16:01:49.132334,5509705.0,5510154.0,27.40549190266927,27.409491943359377,29.36815185546875,29.372151936848958
2023-07-26 16:01:49.141428,5509707.0,5510156.0,27.414187947591145,27.418188028971354,29.37684794108073,29.38084798177083
2023-07-26 16:01:49.149778,5509709.0,5510158.0,27.42288366699219,27.426883748372394,29.385543701171876,29.389543701171878
2023-07-26 16:01:49.158679,5509711.0,5510160.0,27.431579752604165,27.435579793294274,29.394239705403646,29.39823974609375
2023-07-26 16:01:49.167182,5509713.0,5510162.0,27.44027579752604,27.444275838216146,29.402935750325522,29.406935831705727
2023-07-26 16:01:49.176286,5509715.0,5510164.0,27.448971842447918,27.452971923828123,29.411631835937502,29.415631876627604
2023-07-26 16:01:49.184473,5509717.0,5510166.0,27.457667928059895,27.461667968750003,29.420327880859375,29.42432792154948
2023-07-26 16:01:49.193567,5509719.0,5510168.0,27.46636397298177,27.470364013671876,29.429023925781248,29.433024007161457
2023-07-26 16:01:49.201657,5509721.0,5510170.0,27.475059692382814,27.47905977376302,29.437719685872395,29.4417197265625
2023-07-26 16:01:49.210628,5509723.0,5510172.0,27.48375577799479,27.487755818684896,29.44641573079427,29.450415771484376
2023-07-26 16:01:49.219597,5509725.0,5510174.0,27.492451822916667,27.496451863606772,29.455111775716144,29.459111857096353
2023-07-26 16:01:49.228562,5509727.0,5510176.0,27.501147867838544,27.50514794921875,29.463807861328124,29.46780790201823
2023-07-26 16:01:49.236540,5509729.0,5510178.0,27.50984395345052,27.513843994140625,29.47250390625,29.476503946940106
2023-07-26 16:01:49.245510,5509731.0,5510180.0,27.518539916992186,27.522539916992187,29.481199951171874,29.485199951171875
2023-07-26 16:01:49.254480,5509733.0,5510182.0,27.52723571777344,27.53123575846354,29.489895670572917,29.49390616861979
2023-07-26 16:01:49.263450,5509735.0,5510184.0,27.535931762695313,27.539931844075518,29.498591756184897,29.502591796875002
2023-07-26 16:01:49.271423,5509737.0,5510186.0,27.544627848307293,27.548627888997398,29.50728780110677,29.511287841796875
2023-07-26 16:01:49.280393,5509739.0,5510188.0,27.553323893229166,27.55732393391927,29.515983846028647,29.519983927408852
2023-07-26 16:01:49.289363,5509741.0,5510190.0,27.562019938151042,27.566020019531248,29.524679931640627,29.528679972330732
2023-07-26 16:01:49.297333,5509743.0,5510192.0,27.570715698242186,27.574715738932294,29.533375732421874,29.537375732421875
2023-07-26 16:01:49.306306,5509745.0,5510194.0,27.579411743164062,27.583411783854167,29.542071695963543,29.546071777343748
2023-07-26 16:01:49.315272,5509747.0,5510196.0,27.58810778808594,27.592107869466144,29.550767781575523,29.554767822265624
2023-07-26 16:01:49.324246,5509749.0,5510198.0,27.596803873697915,27.600803914388024,29.559463826497396,29.5634638671875
2023-07-26 16:01:49.332219,5509751.0,5510200.0,27.605510335286457,27.609510375976562,29.56815987141927,29.572159952799478
2023-07-26 16:01:49.341185,5509753.0,5510202.0,27.61419596354167,27.618196044921874,29.57685595703125,29.580855997721354
2023-07-26 16:01:49.350160,5509755.0,5510204.0,27.622891682942708,27.626891764322917,29.585551676432292,29.589551717122397
2023-07-26 16:01:49.358132,5509757.0,5510206.0,27.631587768554688,27.635587809244793,29.594247721354165,29.59824776204427
2023-07-26 16:01:49.367183,5509759.0,5510208.0,27.640283813476564,27.644283854166666,29.60294376627604,29.60694384765625
2023-07-26 16:01:49.376152,5509761.0,5510210.0,27.648979858398437,27.652979939778646,29.61163985188802,29.615639892578127
2023-07-26 16:01:49.385122,5509763.0,5510212.0,27.657675944010418,27.661675984700523,29.620335896809895,29.6243359375
2023-07-26 16:01:49.393095,5509765.0,5510214.0,27.66637194824219,27.670371948242188,29.62903194173177,29.633031982421873
2023-07-26 16:01:49.402065,5509767.0,5510216.0,27.675067708333334,27.67906778971354,29.637727701822918,29.641727742513023
2023-07-26 16:01:49.411190,5509769.0,5510218.0,27.683763793945314,27.68776383463542,29.64642374674479,29.650423787434896
2023-07-26 16:01:49.419511,5509771.0,5510220.0,27.692459838867187,27.696459879557292,29.655119791666667,29.659119873046873
2023-07-26 16:01:49.427949,5509773.0,5510222.0,27.701155883789063,27.70515596516927,29.663815877278648,29.667815917968753
2023-07-26 16:01:49.437210,5509775.0,5510224.0,27.70985196940104,27.71385201009115,29.67251192220052,29.676511962890626
2023-07-26 16:01:49.446079,5509777.0,5510226.0,27.718547729492187,27.722547729492188,29.68120776367188,29.685207763671876
2023-07-26 16:01:49.454372,5509779.0,5510228.0,27.72724373372396,27.73124377441406,29.689903686523436,29.693903767903645
2023-07-26 16:01:49.462723,5509781.0,5510230.0,27.735939778645832,27.739939860026045,29.698599772135417,29.70259981282552
2023-07-26 16:01:49.471963,5509783.0,5510232.0,27.744635864257813,27.748635904947918,29.70729581705729,29.711295857747395
2023-07-26 16:01:49.480175,5509785.0,5510234.0,27.75333190917969,27.75733194986979,29.715991861979166,29.71999194335938
2023-07-26 16:01:49.489252,5509787.0,5510236.0,27.762027954101562,27.76602803548177,29.724687947591146,29.72868798828125
2023-07-26 16:01:49.497392,5509789.0,5510238.0,27.77072371419271,27.774723754882814,29.733383666992186,29.73738370768229
2023-07-26 16:01:49.506643,5509791.0,5510240.0,27.779419759114585,27.783419799804687,29.742079711914062,29.74607979329427
2023-07-26 16:01:49.514934,5509793.0,5510242.0,27.788115804036458,27.792115885416667,29.750775797526043,29.754775838216148
2023-07-26 16:01:49.524041,5509795.0,5510244.0,27.79681188964844,27.800811930338543,29.759471842447915,29.76347188313802
2023-07-26 16:01:49.532378,5509797.0,5510246.0,27.80550793457031,27.809507975260416,29.768167887369792,29.77216796875
2023-07-26 16:01:49.541633,5509799.0,5510248.0,27.814203979492188,27.818203979492186,29.776863972981772,29.780864013671877
2023-07-26 16:01:49.549738,5509801.0,5510250.0,27.822899698893227,27.82689978027344,29.78555969238281,29.789559733072917
2023-07-26 16:01:49.558921,5509803.0,5510252.0,27.831595784505208,27.835595825195313,29.794255737304688,29.79825577799479
2023-07-26 16:01:49.567094,5509805.0,5510254.0,27.840291829427084,27.844291870117186,29.80295178222656,29.806951863606773
2023-07-26 16:01:49.576296,5509807.0,5510256.0,27.848987874348957,27.85298795572917,29.81164786783854,29.815647908528646
2023-07-26 16:01:49.584543,5509809.0,5510258.0,27.857683959960937,27.861684000651042,29.820343912760418,29.82434395345052
2023-07-26 16:01:49.593789,5509811.0,5510260.0,27.866379760742188,27.870379760742185,29.829039794921876,29.833039794921874
2023-07-26 16:01:49.602198,5509813.0,5510262.0,27.875075724283853,27.879075805664066,29.837735717773437,29.841735758463543
2023-07-26 16:01:49.610609,5509815.0,5510264.0,27.883771809895833,27.88777185058594,29.84643176269531,29.850431803385415
2023-07-26 16:01:49.619663,5509817.0,5510266.0,27.89246785481771,27.89646789550781,29.855127807617187,29.859127888997396
2023-07-26 16:01:49.627993,5509819.0,5510268.0,27.901163899739583,27.90516398111979,29.863823893229167,29.867823933919272
2023-07-26 16:01:49.645680,5509821.0,5510270.0,27.909859985351563,27.913860026041668,29.87251993815104,29.876519978841145
2023-07-26 16:01:49.654650,5509825.0,5510274.0,27.92725174967448,27.93125179036458,29.88991170247396,29.89391178385417
2023-07-26 16:01:49.662648,5509827.0,5510276.0,27.93595821126302,27.93995829264323,29.898607788085936,29.90260782877604
2023-07-26 16:01:49.671817,5509829.0,5510278.0,27.944643880208332,27.948643920898437,29.907303833007813,29.911303873697914
2023-07-26 16:01:49.680508,5509831.0,5510280.0,27.95333992513021,27.95733996582031,29.916010294596354,29.920010375976563
2023-07-26 16:01:49.688795,5509833.0,5510282.0,27.96203597005208,27.96603601074219,29.924695963541666,29.92869600423177
2023-07-26 16:01:49.697999,5509835.0,5510284.0,27.97073173014323,27.974731770833333,29.93339168294271,29.93739172363281
2023-07-26 16:01:49.706114,5509837.0,5510286.0,27.979427775065105,27.983427815755206,29.942087727864582,29.946087809244794
2023-07-26 16:01:49.714815,5509839.0,5510288.0,27.988123819986978,27.99212390136719,29.950783813476562,29.954783854166667
2023-07-26 16:01:49.724110,5509841.0,5510290.0,27.996819905598958,28.000819946289063,29.95947985839844,29.96347989908854
2023-07-26 16:01:49.732712,5509843.0,5510292.0,28.005515950520834,28.009515991210936,29.96817590332031,29.97217598470052
2023-07-26 16:01:49.741492,5509845.0,5510294.0,28.01421179199219,28.01821179199219,29.976871826171873,29.980871826171875
2023-07-26 16:01:49.750121,5509847.0,5510296.0,28.02290771484375,28.02690779622396,29.985567708333335,29.989567749023436
2023-07-26 16:01:49.758798,5509849.0,5510298.0,28.03160380045573,28.035603841145832,29.994263753255208,29.998263793945313
2023-07-26 16:01:49.766954,5509851.0,5510300.0,28.040299845377604,28.04429988606771,30.002959798177084,30.006959879557293
2023-07-26 16:01:49.776126,5509853.0,5510302.0,28.048995890299476,28.05299597167969,30.01165588378906,30.015655924479166
2023-07-26 16:01:49.784574,5509855.0,5510304.0,28.05769197591146,28.06169201660156,30.020351928710937,30.02435196940104
2023-07-26 16:01:49.793336,5509857.0,5510306.0,28.0663876953125,28.0703877360026,30.02904764811198,30.03304772949219
2023-07-26 16:01:49.801917,5509859.0,5510308.0,28.075083740234373,28.079083821614585,30.037743733723957,30.041743774414062
2023-07-26 16:01:49.811124,5509861.0,5510310.0,28.083779825846353,28.087779866536458,30.046439778645833,30.050439819335935
2023-07-26 16:01:49.819575,5509863.0,5510312.0,28.09247587076823,28.09647591145833,30.05513582356771,30.05913590494792
2023-07-26 16:01:49.827810,5509865.0,5510314.0,28.101171915690102,28.105171997070315,30.063831909179687,30.06783194986979
2023-07-26 16:01:49.836856,5509867.0,5510316.0,28.109868001302083,28.113868041992188,30.072527954101563,30.076527994791665
2023-07-26 16:01:49.845968,5509869.0,5510318.0,28.118563720703126,28.122563761393227,30.081223673502603,30.08522371419271
2023-07-26 16:01:49.854408,5509871.0,5510320.0,28.127259765625,28.131259806315107,30.08991971842448,30.093919799804688
2023-07-26 16:01:49.862706,5509873.0,5510322.0,28.135955810546875,28.139955891927084,30.09861580403646,30.10261584472656
2023-07-26 16:01:49.871978,5509875.0,5510324.0,28.144651896158855,28.148651936848957,30.107311848958332,30.111311889648437
2023-07-26 16:01:49.880502,5509877.0,5510326.0,28.153347941080728,28.157347981770833,30.11600789388021,30.120007975260418
2023-07-26 16:01:49.888802,5509879.0,5510328.0,28.162043823242186,28.166043823242187,30.124703857421878,30.128703857421876
2023-07-26 16:01:49.898142,5509881.0,5510330.0,28.17073974609375,28.174739786783853,30.13339969889323,30.137399739583334
2023-07-26 16:01:49.906375,5509883.0,5510332.0,28.179435791015624,28.18343583170573,30.142095743815105,30.146095825195314
2023-07-26 16:01:49.915545,5509885.0,5510334.0,28.1881318359375,28.19213191731771,30.15079182942708,30.154791870117187
2023-07-26 16:01:49.924098,5509887.0,5510336.0,28.19682792154948,28.200827962239583,30.159487874348958,30.16348791503906
2023-07-26 16:01:49.932475,5509889.0,5510338.0,28.205523966471354,28.209524007161455,30.168183919270835,30.172184000651043
2023-07-26 16:01:49.941661,5509891.0,5510340.0,28.214219685872393,28.218219726562502,30.176879638671874,30.180879720052083
2023-07-26 16:01:49.950134,5509893.0,5510342.0,28.22291573079427,28.22691581217448,30.185575724283854,30.189575764973956
2023-07-26 16:01:49.958423,5509895.0,5510344.0,28.23161181640625,28.23561185709635,30.19427176920573,30.198271809895836
2023-07-26 16:01:49.967166,5509897.0,5510346.0,28.240307861328123,28.24430790201823,30.202967814127604,30.206967895507812
2023-07-26 16:01:49.975972,5509899.0,5510348.0,28.24900390625,28.25300398763021,30.211663899739584,30.215663940429685
2023-07-26 16:01:49.984408,5509901.0,5510350.0,28.25769999186198,28.26170003255208,30.220359944661457,30.224359985351565
2023-07-26 16:01:49.993649,5509903.0,5510352.0,28.266406127929688,28.270406168619793,30.2290556640625,30.23305574544271
2023-07-26 16:01:50.002251,5509905.0,5510354.0,28.275091756184896,28.279091837565105,30.237751749674477,30.24175179036458
2023-07-26 16:01:50.011000,5509907.0,5510356.0,28.283787841796876,28.287787882486978,30.246458211263022,30.250458251953123
2023-07-26 16:01:50.019756,5509909.0,5510358.0,28.29248388671875,28.296483927408854,30.25514383951823,30.25914392089844
2023-07-26 16:01:50.027993,5509911.0,5510360.0,28.301179931640625,28.305180013020834,30.26383992513021,30.26783996582031
2023-07-26 16:01:50.036711,5509913.0,5510362.0,28.30987585449219,28.31387585449219,30.272535888671875,30.276535888671873
2023-07-26 16:01:50.045370,5509915.0,5510364.0,28.318571736653645,28.32257177734375,30.281231689453126,30.28523173014323
2023-07-26 16:01:50.054098,5509917.0,5510366.0,28.32726778157552,28.331267822265627,30.289927734375,30.293927815755207
2023-07-26 16:01:50.063291,5509919.0,5510368.0,28.335963826497398,28.339963907877603,30.29862381998698,30.30262386067708
2023-07-26 16:01:50.071911,5509921.0,5510370.0,28.344659912109375,28.348659952799476,30.307319864908855,30.31131990559896
2023-07-26 16:01:50.080222,5509923.0,5510372.0,28.353355957031248,28.357355997721356,30.31601590983073,30.320015991210937
2023-07-26 16:01:50.089433,5509925.0,5510374.0,28.36205167643229,28.3660517578125,30.324711669921875,30.328711710611977
2023-07-26 16:01:50.097598,5509927.0,5510376.0,28.37074776204427,28.374747802734376,30.33340771484375,30.337407755533857
2023-07-26 16:01:50.106848,5509929.0,5510378.0,28.379443806966144,28.383443847656253,30.342103759765624,30.346103841145833
2023-07-26 16:01:50.115456,5509931.0,5510380.0,28.38813985188802,28.39213993326823,30.350799845377605,30.354799886067706
2023-07-26 16:01:50.123911,5509933.0,5510382.0,28.3968359375,28.400835978190102,30.359495890299478,30.363495930989586
2023-07-26 16:01:50.132467,5509935.0,5510384.0,28.405531982421873,28.409532023111982,30.368191935221354,30.372192016601563
2023-07-26 16:01:50.141108,5509937.0,5510386.0,28.414227701822917,28.41822774251302,30.376887654622394,30.380887736002602
2023-07-26 16:01:50.150285,5509939.0,5510388.0,28.422923746744793,28.426923828125,30.385583740234374,30.389583780924482
2023-07-26 16:01:50.158442,5509941.0,5510390.0,28.43161983235677,28.435619873046875,30.39427978515625,30.398279825846355
2023-07-26 16:01:50.167174,5509943.0,5510392.0,28.440315877278646,28.44431591796875,30.402975830078127,30.406975911458332
2023-07-26 16:01:50.176298,5509945.0,5510394.0,28.449011922200523,28.453012003580728,30.411671915690103,30.41567195638021
2023-07-26 16:01:50.185010,5509947.0,5510396.0,28.457707885742188,28.46170788574219,30.420367919921873,30.424367919921874
2023-07-26 16:01:50.193248,5509949.0,5510398.0,28.466403727213542,28.470403767903647,30.42906368001302,30.433063761393228
2023-07-26 16:01:50.202446,5509951.0,5510400.0,28.47509977213542,28.479099853515624,30.437759765625,30.441759806315105
2023-07-26 16:01:50.210922,5509953.0,5510402.0,28.483795857747396,28.487795898437497,30.446455810546876,30.45045585123698
2023-07-26 16:01:50.219325,5509955.0,5510404.0,28.49249190266927,28.496491943359377,30.45515185546875,30.459151936848958
2023-07-26 16:01:50.228583,5509957.0,5510406.0,28.50118794759115,28.505188028971354,30.46384794108073,30.46784798177083
2023-07-26 16:01:50.236737,5509959.0,5510408.0,28.509883666992188,28.513883748372393,30.472543701171876,30.476543701171877
2023-07-26 16:01:50.245982,5509961.0,5510410.0,28.518579752604165,28.522579793294273,30.481239705403645,30.48523974609375
2023-07-26 16:01:50.254623,5509963.0,5510412.0,28.52727579752604,28.531275838216146,30.48993575032552,30.493935831705727
2023-07-26 16:01:50.262756,5509965.0,5510414.0,28.535971842447918,28.539971923828123,30.498631835937502,30.502631876627603
2023-07-26 16:01:50.271944,5509967.0,5510416.0,28.544667928059894,28.548667968750003,30.507327880859375,30.51132792154948
2023-07-26 16:01:50.280477,5509969.0,5510418.0,28.55336397298177,28.557364013671876,30.516023925781248,30.520024007161457
2023-07-26 16:01:50.289535,5509971.0,5510420.0,28.562059692382814,28.56605977376302,30.524719685872395,30.528719726562503
2023-07-26 16:01:50.298008,5509973.0,5510422.0,28.57075577799479,28.5747558186849,30.53341573079427,30.537415771484376
2023-07-26 16:01:50.306731,5509975.0,5510424.0,28.579451822916667,28.583451863606772,30.542111775716148,30.546111857096353
2023-07-26 16:01:50.315488,5509977.0,5510426.0,28.588147867838543,28.59214794921875,30.550807861328124,30.55480790201823
2023-07-26 16:01:50.323986,5509979.0,5510428.0,28.59684395345052,28.600843994140625,30.55950390625,30.563503946940106
2023-07-26 16:01:50.332850,5509981.0,5510430.0,28.605539916992186,28.609539916992187,30.568199951171874,30.572199951171875
2023-07-26 16:01:50.341032,5509983.0,5510432.0,28.61423571777344,28.61823575846354,30.576895670572917,30.58090616861979
2023-07-26 16:01:50.350341,5509985.0,5510434.0,28.622931762695313,28.626931844075518,30.585591756184897,30.589591796875002
2023-07-26 16:01:50.358789,5509987.0,5510436.0,28.631627848307293,28.635627888997398,30.59428780110677,30.598287841796875
2023-07-26 16:01:50.367893,5509989.0,5510438.0,28.64032389322917,28.64432393391927,30.602983846028646,30.60698392740885
2023-07-26 16:01:50.376076,5509991.0,5510440.0,28.649019938151042,28.653020019531247,30.611679931640627,30.61567997233073
2023-07-26 16:01:50.385087,5509993.0,5510442.0,28.657715698242185,28.661715738932294,30.620375732421873,30.624375732421875
2023-07-26 16:01:50.393645,5509995.0,5510444.0,28.666411743164062,28.670411783854167,30.629071695963543,30.633071777343748
2023-07-26 16:01:50.401926,5509997.0,5510446.0,28.67510778808594,28.679107869466144,30.637767781575523,30.641767822265628
2023-07-26 16:01:50.410655,5509999.0,5510448.0,28.683803873697915,28.687803914388024,30.6464638671875,30.6504638671875
2023-07-26 16:01:50.419388,5510001.0,5510450.0,28.692510335286457,28.696510375976562,30.65515987141927,30.659159952799477
2023-07-26 16:01:50.428605,5510003.0,5510452.0,28.701195963541668,28.705196044921873,30.66385595703125,30.667855997721357
2023-07-26 16:01:50.437211,5510005.0,5510454.0,28.709891682942708,28.71389176432292,30.672551676432292,30.676551717122397
2023-07-26 16:01:50.445506,5510007.0,5510456.0,28.718587768554688,28.722587809244793,30.68124772135417,30.68524776204427
2023-07-26 16:01:50.454091,5510009.0,5510458.0,28.727283813476564,28.731283854166666,30.68994376627604,30.69394384765625
2023-07-26 16:01:50.463234,5510011.0,5510460.0,28.735979858398437,28.739979939778646,30.69863985188802,30.702639892578127
2023-07-26 16:01:50.471726,5510013.0,5510462.0,28.744675944010417,28.748675984700522,30.707335896809894,30.7113359375
2023-07-26 16:01:50.480782,5510015.0,5510464.0,28.75337194824219,28.757371948242188,30.71603194173177,30.720031982421872
2023-07-26 16:01:50.489333,5510017.0,5510466.0,28.762067708333333,28.76606778971354,30.724727701822918,30.728727742513023
2023-07-26 16:01:50.497627,5510019.0,5510468.0,28.770763793945314,28.77476383463542,30.73342374674479,30.737423787434896
2023-07-26 16:01:50.506295,5510021.0,5510470.0,28.77945983886719,28.78345987955729,30.742119791666667,30.746119873046872
2023-07-26 16:01:50.515466,5510023.0,5510472.0,28.788155883789063,28.79215596516927,30.750815877278647,30.754815917968752
2023-07-26 16:01:50.523763,5510025.0,5510474.0,28.79685196940104,28.80085201009115,30.75951192220052,30.763511962890625
2023-07-26 16:01:50.532924,5510027.0,5510476.0,28.805547729492186,28.809547729492188,30.768207763671878,30.772207763671876
2023-07-26 16:01:50.541377,5510029.0,5510478.0,28.81424373372396,28.81824377441406,30.776903686523436,30.78090376790365
2023-07-26 16:01:50.549633,5510031.0,5510480.0,28.822939778645832,28.826939860026044,30.785599772135416,30.78959981282552
2023-07-26 16:01:50.559027,5510033.0,5510482.0,28.831635864257812,28.835635904947917,30.794295817057293,30.798295857747394
2023-07-26 16:01:50.566997,5510035.0,5510484.0,28.84033190917969,28.84433194986979,30.802991861979166,30.806991943359378
2023-07-26 16:01:50.575966,5510037.0,5510486.0,28.84902795410156,28.853028035481774,30.811687947591146,30.81568798828125
2023-07-26 16:01:50.584940,5510039.0,5510488.0,28.85772371419271,28.861723754882814,30.820383666992186,30.82438370768229
2023-07-26 16:01:50.593910,5510041.0,5510490.0,28.866419759114585,28.870419799804687,30.829079711914062,30.83307979329427
2023-07-26 16:01:50.601903,5510043.0,5510492.0,28.875115804036458,28.879115885416667,30.837775797526042,30.841775838216147
2023-07-26 16:01:50.611281,5510045.0,5510494.0,28.883811889648438,28.887811930338543,30.846471842447915,30.85047188313802
2023-07-26 16:01:50.619669,5510047.0,5510496.0,28.89250793457031,28.896507975260416,30.85516788736979,30.85916796875
2023-07-26 16:01:50.628018,5510049.0,5510498.0,28.901203979492188,28.905203979492185,30.863863972981772,30.867864013671877
2023-07-26 16:01:50.637046,5510051.0,5510500.0,28.909899698893227,28.91389978027344,30.87255969238281,30.876559733072916
2023-07-26 16:01:50.645889,5510053.0,5510502.0,28.91859578450521,28.922595825195312,30.881255737304688,30.88525577799479
2023-07-26 16:01:50.654570,5510055.0,5510504.0,28.927291829427084,28.931291870117185,30.88995178222656,30.893951863606773
2023-07-26 16:01:50.667488,5510057.0,5510507.0,28.935987874348957,28.93998795572917,30.90299589029948,30.906995930989584
2023-07-26 16:01:50.675743,5510060.0,5510509.0,28.949031982421875,28.95303202311198,30.911691935221356,30.91569201660156
2023-07-26 16:01:50.684950,5510062.0,5510511.0,28.957727701822918,28.961727742513023,30.920387654622395,30.924387736002604
2023-07-26 16:01:50.693229,5510064.0,5510513.0,28.96642374674479,28.970423828125,30.929083740234372,30.93308378092448
2023-07-26 16:01:50.702424,5510066.0,5510515.0,28.97511983235677,28.979119873046873,30.937779785156252,30.941779825846353
2023-07-26 16:01:50.710557,5510068.0,5510517.0,28.983815877278648,28.98781591796875,30.946475830078125,30.950475911458334
2023-07-26 16:01:50.719938,5510070.0,5510519.0,28.99251192220052,28.99651200358073,30.9551719156901,30.95917195638021
2023-07-26 16:01:50.728047,5510072.0,5510521.0,29.001207885742186,29.005207885742188,30.963867919921874,30.967867919921872
2023-07-26 16:01:50.737181,5510074.0,5510523.0,29.009903727213544,29.013903767903646,30.97256368001302,30.97656376139323
2023-07-26 16:01:50.745900,5510076.0,5510525.0,29.018599772135417,29.022599853515626,30.981259765624998,30.985259806315106
2023-07-26 16:01:50.754140,5510078.0,5510527.0,29.027295857747394,29.0312958984375,30.989955810546878,30.99395585123698
2023-07-26 16:01:50.763350,5510080.0,5510529.0,29.03599190266927,29.039991943359375,30.99865185546875,31.002651936848956
2023-07-26 16:01:50.771818,5510082.0,5510531.0,29.044687947591147,29.048688028971355,31.007347941080727,31.011347981770832
2023-07-26 16:01:50.780677,5510084.0,5510533.0,29.053383666992186,29.057383748372395,31.016043701171874,31.020043701171875
2023-07-26 16:01:50.788954,5510086.0,5510535.0,29.062079752604166,29.06607979329427,31.024739705403647,31.028739746093752
2023-07-26 16:01:50.797961,5510088.0,5510537.0,29.070775797526043,29.074775838216148,31.03343575032552,31.03743583170573
2023-07-26 16:01:50.806224,5510090.0,5510539.0,29.079471842447916,29.083471923828125,31.0421318359375,31.046131876627605
2023-07-26 16:01:50.815329,5510092.0,5510541.0,29.088167928059896,29.09216796875,31.050827880859377,31.054827921549478
2023-07-26 16:01:50.823728,5510094.0,5510543.0,29.096863972981772,29.100864013671877,31.05952392578125,31.06352400716146
2023-07-26 16:01:50.832845,5510096.0,5510545.0,29.105559692382812,29.10955977376302,31.068219685872393,31.0722197265625
2023-07-26 16:01:50.841914,5510098.0,5510547.0,29.11425577799479,29.118255818684897,31.076915730794273,31.080915771484374
2023-07-26 16:01:50.850101,5510100.0,5510549.0,29.12295182291667,29.12695186360677,31.085611775716146,31.089611857096354
2023-07-26 16:01:50.859206,5510102.0,5510551.0,29.13164786783854,29.13564794921875,31.094307861328122,31.09830790201823
2023-07-26 16:01:50.867348,5510104.0,5510553.0,29.14034395345052,29.144343994140623,31.103003906250002,31.107003946940104
2023-07-26 16:01:50.875783,5510106.0,5510555.0,29.149039916992187,29.153039916992185,31.111699951171875,31.115699951171877
2023-07-26 16:01:50.885008,5510108.0,5510557.0,29.157735717773438,29.161735758463543,31.120395670572915,31.124406168619792
2023-07-26 16:01:50.893726,5510110.0,5510559.0,29.16643176269531,29.17043184407552,31.1290917561849,31.133091796875
2023-07-26 16:01:50.902312,5510112.0,5510561.0,29.175127848307294,29.179127888997396,31.13778780110677,31.141787841796873
2023-07-26 16:01:50.910709,5510114.0,5510563.0,29.183823893229167,29.187823933919272,31.146483846028644,31.150483927408853
2023-07-26 16:01:50.920136,5510116.0,5510565.0,29.19251993815104,29.19652001953125,31.155179931640628,31.15917997233073
2023-07-26 16:01:50.928186,5510118.0,5510567.0,29.201215698242187,29.205215738932292,31.163875732421875,31.167875732421873
2023-07-26 16:01:50.937298,5510120.0,5510569.0,29.209911743164064,29.21391178385417,31.17257169596354,31.17657177734375
2023-07-26 16:01:50.945430,5510122.0,5510571.0,29.218607788085937,29.222607869466145,31.18126778157552,31.185267822265626
2023-07-26 16:01:50.954535,5510124.0,5510573.0,29.227303873697917,29.231303914388022,31.189963826497397,31.1939638671875
2023-07-26 16:01:50.963354,5510126.0,5510575.0,29.23601033528646,29.24001037597656,31.19865987141927,31.20265995279948
2023-07-26 16:01:50.971533,5510128.0,5510577.0,29.244695963541666,29.248696044921875,31.207355957031247,31.211355997721355
2023-07-26 16:01:50.980957,5510130.0,5510579.0,29.253391682942706,29.257391764322918,31.216051676432294,31.220051717122395
2023-07-26 16:01:50.989397,5510132.0,5510581.0,29.26208776855469,29.26608780924479,31.224747721354166,31.22874776204427
2023-07-26 16:01:50.997926,5510134.0,5510583.0,29.270783813476562,29.274783854166667,31.23344376627604,31.23744384765625
2023-07-26 16:01:51.006451,5510136.0,5510585.0,29.27947985839844,29.283479939778644,31.242139851888023,31.246139892578125
2023-07-26 16:01:51.015603,5510138.0,5510587.0,29.28817594401042,29.29217598470052,31.250835896809896,31.2548359375
2023-07-26 16:01:51.023683,5510140.0,5510589.0,29.296871948242188,29.30087194824219,31.25953194173177,31.263531982421874
2023-07-26 16:01:51.032766,5510142.0,5510591.0,29.30556770833333,29.30956778971354,31.26822770182292,31.27222774251302
2023-07-26 16:01:51.041116,5510144.0,5510593.0,29.314263793945315,29.318263834635417,31.276923746744792,31.280923787434897
2023-07-26 16:01:51.050337,5510146.0,5510595.0,29.322959838867188,29.326959879557293,31.285619791666665,31.289619873046874
2023-07-26 16:01:51.058602,5510148.0,5510597.0,29.33165588378906,29.33565596516927,31.29431587727865,31.29831591796875
2023-07-26 16:01:51.067709,5510150.0,5510599.0,29.34035196940104,29.344352010091146,31.303011922200522,31.307011962890623
2023-07-26 16:01:51.075798,5510152.0,5510601.0,29.349047729492188,29.35304772949219,31.311707763671876,31.315707763671877
2023-07-26 16:01:51.084768,5510154.0,5510603.0,29.357743733723957,29.361743774414062,31.320403686523434,31.324403767903647
2023-07-26 16:01:51.093737,5510156.0,5510605.0,29.366439778645834,29.370439860026043,31.329099772135418,31.33309981282552
2023-07-26 16:01:51.102730,5510158.0,5510607.0,29.375135864257814,29.379135904947915,31.33779581705729,31.341795857747396
2023-07-26 16:01:51.111043,5510160.0,5510609.0,29.383831909179687,29.387831949869792,31.346491861979164,31.350491943359376
2023-07-26 16:01:51.119281,5510162.0,5510611.0,29.39252795410156,29.396528035481772,31.355187947591148,31.359187947591145
2023-07-26 16:01:51.128483,5510164.0,5510613.0,29.40122371419271,29.405223754882815,31.363883666992187,31.367883707682292
2023-07-26 16:01:51.136634,5510166.0,5510615.0,29.409919759114583,29.413919799804688,31.37257971191406,31.376579793294272
2023-07-26 16:01:51.146048,5510168.0,5510617.0,29.41861580403646,29.422615885416665,31.381275797526044,31.385275838216145
2023-07-26 16:01:51.154160,5510170.0,5510619.0,29.42731188964844,29.43131193033854,31.389971842447917,31.393971883138022
2023-07-26 16:01:51.163301,5510172.0,5510621.0,29.436007934570313,29.440007975260418,31.39866788736979,31.402667968750002
2023-07-26 16:01:51.171657,5510174.0,5510623.0,29.444703979492186,29.448703979492187,31.407363972981774,31.411364013671875
2023-07-26 16:01:51.180963,5510176.0,5510625.0,29.45339969889323,29.457399780273438,31.416059692382813,31.420059733072918
2023-07-26 16:01:51.189384,5510178.0,5510627.0,29.46209578450521,29.466095825195314,31.424755737304686,31.42875577799479
2023-07-26 16:01:51.197754,5510180.0,5510629.0,29.470791829427082,29.474791870117187,31.433451782226562,31.43745186360677
2023-07-26 16:01:51.206858,5510182.0,5510631.0,29.47948787434896,29.483487955729167,31.442147867838543,31.446147908528644
2023-07-26 16:01:51.214915,5510184.0,5510633.0,29.48818395996094,29.492184000651044,31.450843912760416,31.45484395345052
2023-07-26 16:01:51.224283,5510186.0,5510635.0,29.496879760742186,29.500879760742187,31.459539794921874,31.463539794921875
2023-07-26 16:01:51.232449,5510188.0,5510637.0,29.505575724283855,29.509575805664063,31.46823571777344,31.47223575846354
2023-07-26 16:01:51.241638,5510190.0,5510639.0,29.514271809895835,29.518271850585936,31.476931762695312,31.480931803385417
2023-07-26 16:01:51.249906,5510192.0,5510641.0,29.522967854817708,29.526967895507813,31.485627807617185,31.489627888997397
2023-07-26 16:01:51.259185,5510194.0,5510643.0,29.53166389973958,29.535663981119793,31.49432389322917,31.49832393391927
2023-07-26 16:01:51.267328,5510196.0,5510645.0,29.540359985351564,29.54436002604167,31.50301993815104,31.507019978841146
2023-07-26 16:01:51.275762,5510198.0,5510647.0,29.549055704752604,29.55305574544271,31.51171565755208,31.515715698242186
2023-07-26 16:01:51.285185,5510200.0,5510649.0,29.557751749674477,29.561751790364582,31.52041170247396,31.524411783854166
2023-07-26 16:01:51.293427,5510202.0,5510651.0,29.566458211263022,29.570458292643227,31.529107788085938,31.533107828776043
2023-07-26 16:01:51.302620,5510204.0,5510653.0,29.575143880208334,29.57914392089844,31.53780383300781,31.541803873697916
2023-07-26 16:01:51.310805,5510206.0,5510655.0,29.583839925130206,29.58783996582031,31.546510294596356,31.55051037597656
2023-07-26 16:01:51.320042,5510208.0,5510657.0,29.592535970052083,29.596536010742188,31.555195963541667,31.559196004231772
2023-07-26 16:01:51.328158,5510210.0,5510659.0,29.60123173014323,29.605231770833335,31.563891682942707,31.567891723632812
2023-07-26 16:01:51.337436,5510212.0,5510661.0,29.609927775065103,29.613927815755208,31.572587727864583,31.576587809244792
2023-07-26 16:01:51.345546,5510214.0,5510663.0,29.61862381998698,29.622623901367188,31.581283813476563,31.585283854166665
2023-07-26 16:01:51.354678,5510216.0,5510665.0,29.62731990559896,29.631319946289064,31.589979858398436,31.59397989908854
2023-07-26 16:01:51.363367,5510218.0,5510667.0,29.636015950520832,29.640015991210937,31.59867590332031,31.60267598470052
2023-07-26 16:01:51.372271,5510220.0,5510669.0,29.64471179199219,29.648711791992188,31.607371826171875,31.611371826171872
2023-07-26 16:01:51.380784,5510222.0,5510671.0,29.653407714843752,29.65740779622396,31.616067708333333,31.620067749023438
2023-07-26 16:01:51.389377,5510224.0,5510673.0,29.66210380045573,29.666103841145834,31.624763753255206,31.628763793945314
2023-07-26 16:01:51.397678,5510226.0,5510675.0,29.6707998453776,29.674799886067706,31.633459798177086,31.63745987955729
2023-07-26 16:01:51.406685,5510228.0,5510677.0,29.679495890299478,29.68349597167969,31.642155883789062,31.646155924479167
2023-07-26 16:01:51.415656,5510230.0,5510679.0,29.688191975911458,29.692192016601563,31.650851928710935,31.65485196940104
2023-07-26 16:01:51.423629,5510232.0,5510681.0,29.696887695312498,29.700887736002603,31.65954764811198,31.663547729492187
2023-07-26 16:01:51.432598,5510234.0,5510683.0,29.705583740234374,29.709583821614583,31.66824373372396,31.672243774414063
2023-07-26 16:01:51.441568,5510236.0,5510685.0,29.714279825846354,29.71827986653646,31.67693977864583,31.680939819335936
2023-07-26 16:01:51.450539,5510238.0,5510687.0,29.722975870768227,29.726975911458332,31.68563582356771,31.689635904947917
2023-07-26 16:01:51.458524,5510240.0,5510689.0,29.731671915690104,29.735671997070312,31.694331909179688,31.698331949869793
2023-07-26 16:01:51.467807,5510242.0,5510691.0,29.740368001302084,29.74436804199219,31.70302795410156,31.707027994791666
2023-07-26 16:01:51.476120,5510244.0,5510693.0,29.749063720703123,29.75306376139323,31.711723673502604,31.71572371419271
2023-07-26 16:01:51.485204,5510246.0,5510695.0,29.757759765625,29.761759806315105,31.72041971842448,31.724419799804686
2023-07-26 16:01:51.493495,5510248.0,5510697.0,29.766455810546876,29.770455891927085,31.729115804036457,31.733115844726562
2023-07-26 16:01:51.502668,5510250.0,5510699.0,29.775151896158853,29.779151936848958,31.73781184895833,31.74181188964844
2023-07-26 16:01:51.511089,5510252.0,5510701.0,29.78384794108073,29.78784798177083,31.74650789388021,31.750507975260415
2023-07-26 16:01:51.519238,5510254.0,5510703.0,29.792543823242188,29.79654382324219,31.755203857421876,31.759203857421877
2023-07-26 16:01:51.528260,5510256.0,5510705.0,29.80123974609375,29.805239786783854,31.763899698893226,31.767899739583335
2023-07-26 16:01:51.537345,5510258.0,5510707.0,29.809935791015626,29.813935831705727,31.772595743815106,31.77659582519531
2023-07-26 16:01:51.550422,5510260.0,5510709.0,29.818631835937502,29.822631917317707,31.781291829427083,31.785291870117188
2023-07-26 16:01:51.558586,5510263.0,5510712.0,29.831675944010417,29.835675984700522,31.794335896809898,31.7983359375
2023-07-26 16:01:51.567843,5510265.0,5510714.0,29.84037194824219,29.844371948242188,31.80303194173177,31.807031982421872
2023-07-26 16:01:51.575964,5510267.0,5510716.0,29.849067708333333,29.853067789713542,31.811727701822917,31.815727742513022
2023-07-26 16:01:51.588986,5510269.0,5510718.0,29.857763793945313,29.86176383463542,31.82042374674479,31.824423787434895
2023-07-26 16:01:51.598059,5510272.0,5510721.0,29.870807861328124,29.87480790201823,31.833467814127605,31.837467895507814
2023-07-26 16:01:51.611383,5510274.0,5510723.0,29.87950390625,29.88350398763021,31.84216389973958,31.846163940429687
2023-07-26 16:01:51.619081,5510277.0,5510726.0,29.892547729492186,29.896547729492188,31.855207763671878,31.859207763671876
2023-07-26 16:01:51.628179,5510279.0,5510728.0,29.90124373372396,29.90524377441406,31.863903686523436,31.86790376790365
2023-07-26 16:01:51.636586,5510281.0,5510730.0,29.909939778645832,29.913939860026044,31.872599772135416,31.87659981282552
2023-07-26 16:01:51.646022,5510283.0,5510732.0,29.918635864257812,29.922635904947917,31.881295817057293,31.885295857747394
2023-07-26 16:01:51.654378,5510285.0,5510734.0,29.92733190917969,29.93133194986979,31.889991861979166,31.893991943359378
2023-07-26 16:01:51.662805,5510287.0,5510736.0,29.93602795410156,29.940028035481774,31.898687947591146,31.90268798828125
2023-07-26 16:01:51.671860,5510289.0,5510738.0,29.94472371419271,29.948723754882813,31.90738366699219,31.91138370768229
2023-07-26 16:01:51.680333,5510291.0,5510740.0,29.953419759114585,29.957419799804686,31.916079711914062,31.920079793294274
2023-07-26 16:01:51.688763,5510293.0,5510742.0,29.962115804036458,29.966115885416666,31.924775797526042,31.928775838216147
2023-07-26 16:01:51.697930,5510295.0,5510744.0,29.970811889648438,29.974811930338543,31.93347184244792,31.93747188313802
2023-07-26 16:01:51.706379,5510297.0,5510746.0,29.979507934570314,29.983507975260416,31.94216788736979,31.94616796875
2023-07-26 16:01:51.714852,5510299.0,5510748.0,29.988203979492187,29.99220397949219,31.95086397298177,31.954864013671877
2023-07-26 16:01:51.724161,5510301.0,5510750.0,29.996899698893227,30.00089978027344,31.95955969238281,31.963559733072916
2023-07-26 16:01:51.733200,5510303.0,5510752.0,30.00559578450521,30.009595825195312,31.968255737304688,31.97225577799479
2023-07-26 16:01:51.741507,5510305.0,5510754.0,30.014291829427084,30.018291870117185,31.97695178222656,31.980951863606773
2023-07-26 16:01:51.749749,5510307.0,5510756.0,30.022987874348956,30.02698795572917,31.98564786783854,31.989647908528646
2023-07-26 16:01:51.758903,5510309.0,5510758.0,30.031683959960937,30.03568400065104,31.994343912760417,31.99834395345052
2023-07-26 16:01:51.767927,5510311.0,5510760.0,30.040379760742187,30.044379760742185,32.003039794921875,32.00703979492187
2023-07-26 16:01:51.776334,5510313.0,5510762.0,30.049075724283853,30.053075805664065,32.01173571777344,32.01573575846354
2023-07-26 16:01:51.784639,5510315.0,5510764.0,30.057771809895833,30.061771850585938,32.02043176269532,32.02443180338542
2023-07-26 16:01:51.793780,5510317.0,5510766.0,30.06646785481771,30.07046789550781,32.029127807617186,32.03312788899739
2023-07-26 16:01:51.801858,5510319.0,5510768.0,30.075163899739582,30.079163981119795,32.03782389322917,32.04182393391927
2023-07-26 16:01:51.811309,5510321.0,5510770.0,30.083859985351562,30.087860026041668,32.04651993815104,32.050519978841145
2023-07-26 16:01:51.819867,5510323.0,5510772.0,30.092555704752606,30.096555745442707,32.05521565755208,32.05921569824219
2023-07-26 16:01:51.828190,5510325.0,5510774.0,30.10125174967448,30.105251790364584,32.06391170247396,32.067911783854164
2023-07-26 16:01:51.837262,5510327.0,5510776.0,30.10995821126302,30.11395829264323,32.07260778808593,32.07660782877605
2023-07-26 16:01:51.845670,5510329.0,5510778.0,30.118643880208335,30.122643920898437,32.08130383300781,32.08530387369792
2023-07-26 16:01:51.854764,5510331.0,5510780.0,30.127339925130208,30.131339965820313,32.09001029459636,32.094010375976566
2023-07-26 16:01:51.862808,5510333.0,5510782.0,30.13603597005208,30.14003601074219,32.098695963541665,32.102696004231774
2023-07-26 16:01:51.872212,5510335.0,5510784.0,30.14473173014323,30.148731770833333,32.107391682942705,32.11139172363281
2023-07-26 16:01:51.880631,5510337.0,5510786.0,30.153427775065104,30.157427815755206,32.11608772786458,32.12008780924479
2023-07-26 16:01:51.889031,5510339.0,5510788.0,30.162123819986977,30.16612390136719,32.12478381347656,32.12878385416666
2023-07-26 16:01:51.898382,5510341.0,5510790.0,30.17081990559896,30.174819946289062,32.13347985839844,32.13747989908854
2023-07-26 16:01:51.906478,5510343.0,5510792.0,30.179515950520834,30.183515991210935,32.142175903320314,32.14617598470052
2023-07-26 16:01:51.914852,5510345.0,5510794.0,30.188211791992188,30.19221179199219,32.15087182617188,32.15487182617188
2023-07-26 16:01:51.923965,5510347.0,5510796.0,30.19690771484375,30.20090779622396,32.159567708333334,32.163567749023436
2023-07-26 16:01:51.933054,5510349.0,5510798.0,30.20560380045573,30.20960384114583,32.16826375325521,32.17226379394531
2023-07-26 16:01:51.941420,5510351.0,5510800.0,30.214299845377603,30.218299886067708,32.17695979817709,32.18095987955729
2023-07-26 16:01:51.950633,5510353.0,5510802.0,30.222995890299476,30.22699597167969,32.18565588378907,32.18965592447917
2023-07-26 16:01:51.958729,5510355.0,5510804.0,30.23169197591146,30.23569201660156,32.19435192871094,32.198351969401045
2023-07-26 16:01:51.967766,5510357.0,5510806.0,30.2403876953125,30.244387736002604,32.20304764811198,32.20704772949219
2023-07-26 16:01:51.976075,5510359.0,5510808.0,30.249083740234372,30.253083821614585,32.21174373372396,32.215743774414065
2023-07-26 16:01:51.985240,5510361.0,5510810.0,30.257779825846356,30.261779866536457,32.22043977864583,32.22443981933594
2023-07-26 16:01:51.998381,5510363.0,5510812.0,30.26647587076823,30.270475911458334,32.22913582356771,32.233135904947915
2023-07-26 16:01:52.006609,5510366.0,5510815.0,30.27951993815104,30.28352001953125,32.24217993164063,32.24617997233073
2023-07-26 16:01:52.015704,5510368.0,5510817.0,30.288215698242187,30.292215738932292,32.250875732421875,32.25487573242187
2023-07-26 16:01:52.024082,5510370.0,5510819.0,30.296911743164063,30.30091178385417,32.259571695963544,32.26357177734375
2023-07-26 16:01:52.033249,5510372.0,5510821.0,30.305607788085936,30.309607869466145,32.268267781575524,32.272267822265626
2023-07-26 16:01:52.041393,5510374.0,5510823.0,30.314303873697916,30.31830391438802,32.27696382649739,32.2809638671875
2023-07-26 16:01:52.054254,5510376.0,5510825.0,30.323010335286458,30.327010375976563,32.28565987141928,32.28965995279948
2023-07-26 16:01:52.062736,5510379.0,5510828.0,30.336043823242186,30.340043823242187,32.29870385742188,32.302703857421875
2023-07-26 16:01:52.071935,5510381.0,5510830.0,30.34473974609375,30.348739786783852,32.30739969889323,32.31139973958333
2023-07-26 16:01:52.080274,5510383.0,5510832.0,30.353435791015624,30.35743583170573,32.316095743815104,32.32009582519531
2023-07-26 16:01:52.089681,5510385.0,5510834.0,30.3621318359375,30.36613191731771,32.324791829427085,32.328791870117186
2023-07-26 16:01:52.101982,5510387.0,5510836.0,30.37082792154948,30.374827962239582,32.333487874348954,32.33748791503906
2023-07-26 16:01:52.110686,5510390.0,5510839.0,30.383871948242188,30.38787194824219,32.34653194173177,32.35053198242187
2023-07-26 16:01:52.119944,5510392.0,5510841.0,30.39256770833333,30.39656778971354,32.35522770182292,32.35922774251302
2023-07-26 16:01:52.128342,5510394.0,5510843.0,30.401263793945315,30.405263834635416,32.36392374674479,32.3679237874349
2023-07-26 16:01:52.137530,5510396.0,5510845.0,30.409959838867188,30.413959879557293,32.37261979166667,32.37661987304688
2023-07-26 16:01:52.145974,5510398.0,5510847.0,30.41865588378906,30.42265596516927,32.381315877278645,32.38531591796875
2023-07-26 16:01:52.154993,5510400.0,5510849.0,30.42735196940104,30.431352010091146,32.39001192220052,32.39401196289062
2023-07-26 16:01:52.167254,5510402.0,5510851.0,30.436047729492188,30.44004772949219,32.39870776367188,32.40270776367188
2023-07-26 16:01:52.176785,5510405.0,5510854.0,30.4490917561849,30.453091837565104,32.41175174967448,32.41575179036459
2023-07-26 16:01:52.185030,5510407.0,5510856.0,30.457787841796875,30.461787882486977,32.42045821126302,32.42445825195312
2023-07-26 16:01:52.198195,5510409.0,5510858.0,30.46648388671875,30.470483927408853,32.429143839518225,32.43314392089844
2023-07-26 16:01:52.206833,5510412.0,5510861.0,30.479527954101563,30.483528035481772,32.442187947591144,32.44618798828125
2023-07-26 16:01:52.215130,5510414.0,5510863.0,30.48822371419271,30.492223754882815,32.45088366699219,32.45488370768229
2023-07-26 16:01:52.224259,5510416.0,5510865.0,30.496919759114583,30.500919799804688,32.45957971191406,32.46357979329427
2023-07-26 16:01:52.232340,5510418.0,5510867.0,30.50561580403646,30.509615885416665,32.46827579752604,32.47227583821615
2023-07-26 16:01:52.241678,5510420.0,5510869.0,30.51431188964844,30.51831193033854,32.47697184244792,32.48097188313802
2023-07-26 16:01:52.249920,5510422.0,5510871.0,30.523007934570312,30.527007975260418,32.48566788736979,32.48966796875
2023-07-26 16:01:52.259182,5510424.0,5510873.0,30.531703979492185,30.535703979492187,32.49436397298177,32.498364013671875
2023-07-26 16:01:52.271509,5510426.0,5510875.0,30.54039969889323,30.544399780273437,32.50305969238281,32.507059733072914
2023-07-26 16:01:52.281048,5510429.0,5510878.0,30.553443806966143,30.557443847656252,32.51610375976562,32.52010384114584
2023-07-26 16:01:52.289338,5510431.0,5510880.0,30.562139851888023,30.56613993326823,32.5247998453776,32.52879988606771
2023-07-26 16:01:52.297704,5510433.0,5510882.0,30.5708359375,30.574835978190105,32.53349589029948,32.53749593098958
2023-07-26 16:01:52.307012,5510435.0,5510884.0,30.579531982421873,30.58353202311198,32.542191935221354,32.546192016601566
2023-07-26 16:01:52.315276,5510437.0,5510886.0,30.58822770182292,30.59222774251302,32.55088765462239,32.554887736002605
2023-07-26 16:01:52.324434,5510439.0,5510888.0,30.596923746744793,30.600923828124998,32.55958374023437,32.563583780924475
2023-07-26 16:01:52.332852,5510441.0,5510890.0,30.60561983235677,30.609619873046874,32.56827978515625,32.57227982584635
2023-07-26 16:01:52.341196,5510443.0,5510892.0,30.614315877278646,30.61831591796875,32.576975830078126,32.58097591145833
2023-07-26 16:01:52.350349,5510445.0,5510894.0,30.623011922200522,30.627012003580727,32.58567191569011,32.58967195638021
2023-07-26 16:01:52.358707,5510447.0,5510896.0,30.631707885742188,30.63570788574219,32.59436791992188,32.59836791992188
2023-07-26 16:01:52.367867,5510449.0,5510898.0,30.640403727213542,30.644403767903647,32.60306368001302,32.60706376139323
2023-07-26 16:01:52.376057,5510451.0,5510900.0,30.64909977213542,30.653099853515624,32.611759765625,32.615759806315104
2023-07-26 16:01:52.389371,5510453.0,5510902.0,30.657795857747395,30.6617958984375,32.62045581054688,32.62445585123698
2023-07-26 16:01:52.397866,5510456.0,5510905.0,30.670839925130206,30.67483996582031,32.633510294596356,32.63751037597657
2023-07-26 16:01:52.411253,5510458.0,5510907.0,30.679535970052083,30.683536010742188,32.64219596354167,32.64619600423177
2023-07-26 16:01:52.419444,5510461.0,5510910.0,30.692579752604164,30.696579793294273,32.655239705403645,32.65923974609375
2023-07-26 16:01:52.432636,5510463.0,5510912.0,30.701275797526044,30.705275838216146,32.66393575032552,32.667935831705734
2023-07-26 16:01:52.441701,5510466.0,5510915.0,30.71431990559896,30.718319946289064,32.67697985839844,32.68097989908854
2023-07-26 16:01:52.449880,5510468.0,5510917.0,30.723015950520832,30.727015991210937,32.685675903320316,32.68967598470052
2023-07-26 16:01:52.459051,5510470.0,5510919.0,30.73171179199219,30.735711791992188,32.694371826171874,32.69837182617188
2023-07-26 16:01:52.471442,5510472.0,5510921.0,30.740407755533855,30.74440779622396,32.703067708333336,32.70706774902344
2023-07-26 16:01:52.480904,5510475.0,5510924.0,30.753451822916666,30.75745186360677,32.71611177571614,32.720111857096356
2023-07-26 16:01:52.489243,5510477.0,5510926.0,30.762147867838543,30.766147949218748,32.724807861328124,32.728807902018225
2023-07-26 16:01:52.497567,5510479.0,5510928.0,30.77084395345052,30.774843994140625,32.73350390625,32.7375039469401
2023-07-26 16:01:52.507005,5510481.0,5510930.0,30.779539916992185,30.783539916992186,32.74219995117188,32.746199951171874
2023-07-26 16:01:52.515369,5510483.0,5510932.0,30.78823571777344,30.79223575846354,32.750895670572916,32.75490616861979
2023-07-26 16:01:52.528476,5510485.0,5510934.0,30.796931762695312,30.80093184407552,32.759591756184896,32.763591796875
2023-07-26 16:01:52.536783,5510488.0,5510937.0,30.80997587076823,30.813975911458332,32.772635823567704,32.776635904947916
2023-07-26 16:01:52.549993,5510490.0,5510939.0,30.818671915690103,30.822671997070312,32.781331909179684,32.78533194986979
2023-07-26 16:01:52.558881,5510493.0,5510942.0,30.831715698242185,30.835715738932294,32.79437573242188,32.798375732421874
2023-07-26 16:01:52.567922,5510495.0,5510944.0,30.840411743164065,30.844411783854166,32.80307169596354,32.80707177734375
2023-07-26 16:01:52.576097,5510497.0,5510946.0,30.849107788085938,30.853107869466147,32.811767781575526,32.81576782226563
2023-07-26 16:01:52.589421,5510499.0,5510948.0,30.857803873697915,30.861803914388023,32.820463826497395,32.824463867187504
2023-07-26 16:01:52.598079,5510502.0,5510951.0,30.87084794108073,30.87484798177083,32.83350789388021,32.837507975260415
2023-07-26 16:01:52.606240,5510504.0,5510953.0,30.879543823242187,30.88354382324219,32.84220385742188,32.84620385742188
2023-07-26 16:01:52.615291,5510506.0,5510955.0,30.88823974609375,30.892239786783854,32.85089969889323,32.85489973958333
2023-07-26 16:01:52.623722,5510508.0,5510957.0,30.896935791015625,30.900935831705727,32.8595957438151,32.86359582519531
2023-07-26 16:01:52.633173,5510510.0,5510959.0,30.905631835937502,30.909631917317707,32.868291829427086,32.87229187011719
2023-07-26 16:01:52.645635,5510512.0,5510961.0,30.91432792154948,30.918327962239584,32.876987874348956,32.880987915039064
2023-07-26 16:01:52.654271,5510515.0,5510964.0,30.92737194824219,30.931371948242187,32.89003194173177,32.89403198242187
2023-07-26 16:01:52.663699,5510517.0,5510966.0,30.936067708333333,30.94006778971354,32.89872770182292,32.90272774251302
2023-07-26 16:01:52.676698,5510519.0,5510968.0,30.944763793945313,30.948763834635418,32.90742374674479,32.9114237874349
2023-07-26 16:01:52.685235,5510522.0,5510971.0,30.957807861328124,30.96180790201823,32.920467814127605,32.92446789550781
2023-07-26 16:01:52.693220,5510524.0,5510973.0,30.96650390625,30.97050398763021,32.929163899739585,32.93316394042969
2023-07-26 16:01:52.702669,5510526.0,5510975.0,30.975199991861977,30.979200032552082,32.93785994466146,32.94185998535156
2023-07-26 16:01:52.710725,5510528.0,5510977.0,30.98390612792969,30.98790616861979,32.9465556640625,32.950555745442706
2023-07-26 16:01:52.724072,5510530.0,5510979.0,30.992591756184897,30.996591837565106,32.95525174967448,32.95925179036458
2023-07-26 16:01:52.732939,5510533.0,5510982.0,31.005635864257812,31.009635904947917,32.96829581705729,32.9722958577474
2023-07-26 16:01:52.741325,5510535.0,5510984.0,31.01433190917969,31.01833194986979,32.976991861979165,32.98099194335937
2023-07-26 16:01:52.749729,5510537.0,5510986.0,31.02302795410156,31.027028035481774,32.985687947591146,32.98968798828125
2023-07-26 16:01:52.763070,5510539.0,5510988.0,31.031723714192708,31.035723754882813,32.994383666992185,32.998383707682294
2023-07-26 16:01:52.771437,5510542.0,5510991.0,31.044767781575523,31.048767822265624,33.007427734375,33.01142781575521
2023-07-26 16:01:52.780827,5510544.0,5510993.0,31.053463826497396,31.057463907877604,33.01612381998698,33.02012386067709
2023-07-26 16:01:52.793946,5510546.0,5510995.0,31.062159912109376,31.066159952799477,33.02481986490885,33.02881990559896
2023-07-26 16:01:52.802685,5510549.0,5510998.0,31.075203979492187,31.07920397949219,33.037863972981775,33.041864013671876
2023-07-26 16:01:52.811006,5510551.0,5511000.0,31.083899698893227,31.08789978027344,33.046559692382814,33.050559733072916
2023-07-26 16:01:52.820084,5510553.0,5511002.0,31.09259578450521,31.096595825195312,33.05525573730469,33.05925577799479
2023-07-26 16:01:52.833111,5510555.0,5511004.0,31.101291829427083,31.10529187011719,33.06395178222657,33.06795186360677
2023-07-26 16:01:52.841749,5510558.0,5511007.0,31.114335937499998,31.118335978190103,33.07699589029948,33.08099593098958
2023-07-26 16:01:52.849892,5510560.0,5511009.0,31.123031982421875,31.12703202311198,33.085691935221355,33.08969201660156
2023-07-26 16:01:52.859248,5510562.0,5511011.0,31.131727701822918,31.135727742513023,33.094387654622395,33.0983877360026
2023-07-26 16:01:52.872267,5510564.0,5511013.0,31.14042374674479,31.144423828125,33.103083740234375,33.10708378092448
2023-07-26 16:01:52.881053,5510567.0,5511016.0,31.15346785481771,31.15746789550781,33.11612780761718,33.120127888997395
2023-07-26 16:01:52.889120,5510569.0,5511018.0,31.162163899739582,31.166163981119794,33.12482389322916,33.128823933919264
2023-07-26 16:01:52.898161,5510571.0,5511020.0,31.170859985351566,31.174860026041667,33.13351993815104,33.13751997884115
2023-07-26 16:01:52.911445,5510573.0,5511022.0,31.179555704752605,31.183555745442707,33.142215657552086,33.14621569824219
2023-07-26 16:01:52.920318,5510576.0,5511025.0,31.192599772135416,31.196599853515625,33.155259765625004,33.159259806315106
2023-07-26 16:01:52.932611,5510578.0,5511027.0,31.201295857747397,31.205295898437498,33.163955810546874,33.16795585123698
2023-07-26 16:01:52.941697,5510581.0,5511030.0,31.214339925130208,31.218339965820313,33.17701029459636,33.18101037597656
2023-07-26 16:01:52.950751,5510583.0,5511032.0,31.22303597005208,31.22703601074219,33.18569596354167,33.18969600423177
2023-07-26 16:01:52.962949,5510585.0,5511034.0,31.23173173014323,31.235731770833333,33.19439168294271,33.19839172363281
2023-07-26 16:01:52.972393,5510588.0,5511037.0,31.244775797526042,31.248775838216147,33.20743575032552,33.21143583170573
2023-07-26 16:01:52.985471,5510590.0,5511039.0,31.253471842447915,31.257471923828124,33.216131835937496,33.220131876627605
2023-07-26 16:01:52.993996,5510593.0,5511042.0,31.266515950520834,31.270515991210935,33.22917590332032,33.23317598470052
2023-07-26 16:01:53.006259,5510595.0,5511044.0,31.275211791992188,31.27921179199219,33.237871826171876,33.24187182617188
2023-07-26 16:01:53.014909,5510598.0,5511047.0,31.28825577799479,31.292255818684897,33.25091573079427,33.25491577148437
2023-07-26 16:01:53.028294,5510600.0,5511049.0,31.296951822916668,31.300951863606773,33.259611775716145,33.26361185709636
2023-07-26 16:01:53.036622,5510603.0,5511052.0,31.30999589029948,31.313995971679688,33.272655883789064,33.27665592447917
2023-07-26 16:01:53.046072,5510605.0,5511054.0,31.31869197591146,31.32269201660156,33.28135192871094,33.28535196940104
2023-07-26 16:01:53.059357,5510607.0,5511056.0,31.3273876953125,31.331387736002604,33.29004764811198,33.294047729492185
2023-07-26 16:01:53.067082,5510610.0,5511059.0,31.340431762695314,31.34443184407552,33.30309175618489,33.307091796875
2023-07-26 16:01:53.080146,5510612.0,5511061.0,31.349127848307294,31.353127888997395,33.311787801106775,33.315787841796876
2023-07-26 16:01:53.089503,5510615.0,5511064.0,31.3621719156901,31.366171997070314,33.324831909179686,33.328831949869794
2023-07-26 16:01:53.102690,5510617.0,5511066.0,31.370868001302085,31.374868041992187,33.33352795410156,33.337527994791664
2023-07-26 16:01:53.111090,5510620.0,5511069.0,31.383911743164063,31.387911783854168,33.346571736653644,33.350571777343745
2023-07-26 16:01:53.119222,5510622.0,5511071.0,31.392607788085936,31.396607869466145,33.35526778157552,33.35926782226563
2023-07-26 16:01:53.132451,5510624.0,5511073.0,31.401303873697916,31.40530391438802,33.3639638264974,33.3679638671875
2023-07-26 16:01:53.141825,5510627.0,5511076.0,31.414347941080727,31.418347981770832,33.37700789388021,33.38100797526042
2023-07-26 16:01:53.154230,5510629.0,5511078.0,31.423043823242185,31.427043823242187,33.38570385742187,33.38970385742188
2023-07-26 16:01:53.162768,5510632.0,5511081.0,31.43608776855469,31.440087809244794,33.39874772135417,33.40274776204427
2023-07-26 16:01:53.172034,5510634.0,5511083.0,31.444783813476562,31.448783854166667,33.407443766276046,33.41144384765625
2023-07-26 16:01:53.185427,5510636.0,5511085.0,31.45347985839844,31.457479939778644,33.41613985188802,33.42013989257812
2023-07-26 16:01:53.193667,5510639.0,5511088.0,31.466523966471353,31.47052400716146,33.429183919270834,33.43318400065104
2023-07-26 16:01:53.202008,5510641.0,5511090.0,31.475219685872393,31.4792197265625,33.43787963867187,33.441879720052086
2023-07-26 16:01:53.214984,5510643.0,5511092.0,31.483915730794273,31.487915812174478,33.44657572428385,33.450575764973955
2023-07-26 16:01:53.224495,5510646.0,5511095.0,31.496959838867188,31.500959879557293,33.45961979166667,33.46361987304688
2023-07-26 16:01:53.237557,5510648.0,5511097.0,31.50565588378906,31.50965596516927,33.46831587727864,33.47231591796875
2023-07-26 16:01:53.245564,5510651.0,5511100.0,31.51869999186198,31.522700032552084,33.48135994466146,33.485359985351565
2023-07-26 16:01:53.254638,5510653.0,5511102.0,31.527406127929687,31.531406168619792,33.4900556640625,33.49405574544271
2023-07-26 16:01:53.267686,5510655.0,5511104.0,31.5360917561849,31.540091837565104,33.49875174967448,33.502751790364584
2023-07-26 16:01:53.276732,5510658.0,5511107.0,31.549135864257813,31.55313590494792,33.51179581705729,33.51579585774739
2023-07-26 16:01:53.289705,5510660.0,5511109.0,31.557831909179686,31.56183194986979,33.52049186197917,33.52449194335937
2023-07-26 16:01:53.298361,5510663.0,5511112.0,31.57087585449219,31.574875854492188,33.53353588867187,33.537535888671876
2023-07-26 16:01:53.311349,5510665.0,5511114.0,31.579571736653644,31.58357177734375,33.542231689453125,33.546231730143234
2023-07-26 16:01:53.320065,5510668.0,5511117.0,31.59261580403646,31.596615885416664,33.55527579752604,33.559275838216145
2023-07-26 16:01:53.333095,5510670.0,5511119.0,31.60131188964844,31.605311930338544,33.56397184244792,33.56797188313802
2023-07-26 16:01:53.341694,5510673.0,5511122.0,31.614355957031247,31.618355997721356,33.57701590983073,33.58101599121094
2023-07-26 16:01:53.354783,5510675.0,5511124.0,31.623051676432294,31.6270517578125,33.58571166992188,33.58971171061198
2023-07-26 16:01:53.362963,5510678.0,5511127.0,31.63609578450521,31.640095825195313,33.59875573730469,33.602755777994794
2023-07-26 16:01:53.376133,5510680.0,5511129.0,31.64479182942708,31.648791870117186,33.60745178222656,33.611451863606774
2023-07-26 16:01:53.384723,5510683.0,5511132.0,31.6578359375,31.661835978190105,33.62049589029948,33.62449593098958
2023-07-26 16:01:53.394036,5510685.0,5511134.0,31.666531982421873,31.67053202311198,33.62919193522136,33.63319201660156
2023-07-26 16:01:53.406466,5510687.0,5511136.0,31.67522770182292,31.67922774251302,33.637887654622396,33.6418877360026
2023-07-26 16:01:53.415217,5510690.0,5511139.0,31.688271809895834,31.69227185058594,33.650931762695315,33.654931803385416
2023-07-26 16:01:53.424456,5510692.0,5511141.0,31.696967854817707,31.700967895507812,33.659627807617184,33.6636278889974
2023-07-26 16:01:53.436867,5510694.0,5511143.0,31.705663899739584,31.709663981119792,33.668323893229164,33.672323933919266
2023-07-26 16:01:53.446170,5510697.0,5511146.0,31.718707885742187,31.72270788574219,33.681367919921875,33.68536791992188
2023-07-26 16:01:53.459328,5510699.0,5511148.0,31.72740372721354,31.731403767903647,33.69006368001302,33.69406376139323
2023-07-26 16:01:53.467730,5510702.0,5511151.0,31.74045821126302,31.74445829264323,33.70310778808594,33.707107828776046
2023-07-26 16:01:53.480743,5510704.0,5511153.0,31.749143880208333,31.753143920898438,33.711803833007814,33.715803873697915
2023-07-26 16:01:53.489371,5510707.0,5511156.0,31.762187947591148,31.766188028971353,33.72484794108073,33.72884798177083
2023-07-26 16:01:53.502791,5510709.0,5511158.0,31.770883666992187,31.774883748372396,33.733543701171875,33.73754370117187
2023-07-26 16:01:53.511554,5510712.0,5511161.0,31.783927775065102,31.787927815755207,33.74658772786458,33.75058780924479
2023-07-26 16:01:53.523733,5510714.0,5511163.0,31.79262381998698,31.79662390136719,33.75528381347656,33.75928385416667
2023-07-26 16:01:53.532604,5510717.0,5511166.0,31.805667928059894,31.809667968750002,33.768327880859374,33.772327921549476
2023-07-26 16:01:53.546010,5510719.0,5511168.0,31.814363972981774,31.818364013671875,33.77702392578125,33.781024007161456
2023-07-26 16:01:53.554749,5510722.0,5511171.0,31.82740771484375,31.83140779622396,33.79006770833333,33.794067749023434
2023-07-26 16:01:53.567719,5510724.0,5511173.0,31.836103800455728,31.840103841145833,33.79876375325521,33.80276379394532
2023-07-26 16:01:53.576506,5510727.0,5511176.0,31.849147867838543,31.853147949218748,33.81180786132813,33.81580790201823
2023-07-26 16:01:53.589741,5510729.0,5511178.0,31.85784395345052,31.861843994140624,33.82050390625,33.824503946940105
2023-07-26 16:01:53.598320,5510732.0,5511181.0,31.8708876953125,31.874887736002602,33.83354764811198,33.83754772949219
2023-07-26 16:01:53.611482,5510734.0,5511183.0,31.879583740234374,31.883583821614586,33.84224373372396,33.84624377441406
2023-07-26 16:01:53.620033,5510737.0,5511186.0,31.892627848307292,31.896627888997397,33.85528780110677,33.85928784179688
2023-07-26 16:01:53.633153,5510739.0,5511188.0,31.90132389322917,31.90532393391927,33.863983846028646,33.86798392740885
2023-07-26 16:01:53.641749,5510742.0,5511191.0,31.914368001302083,31.91836804199219,33.877027954101564,33.881027994791665
2023-07-26 16:01:53.654962,5510744.0,5511193.0,31.923063720703126,31.927063761393228,33.8857236735026,33.88972371419271
2023-07-26 16:01:53.663470,5510747.0,5511196.0,31.936107788085938,31.940107869466146,33.89876778157552,33.90276782226562
2023-07-26 16:01:53.676918,5510749.0,5511198.0,31.944803873697914,31.948803914388023,33.9074638264974,33.9114638671875
2023-07-26 16:01:53.684951,5510752.0,5511201.0,31.95784794108073,31.96184798177083,33.920507893880206,33.92450797526042
2023-07-26 16:01:53.698062,5510754.0,5511203.0,31.966543823242187,31.97054382324219,33.929203857421875,33.93320385742187
2023-07-26 16:01:53.707144,5510757.0,5511206.0,31.97958776855469,31.983587809244792,33.942247721354164,33.94624776204427
2023-07-26 16:01:53.720200,5510759.0,5511208.0,31.988283813476563,31.992283854166665,33.95094376627605,33.95494384765625
2023-07-26 16:01:53.732366,5510762.0,5511211.0,32.001327921549475,32.00532796223958,33.96398787434896,33.96798791503906
2023-07-26 16:01:53.741587,5510765.0,5511214.0,32.014371948242186,32.01837194824219,33.97703194173177,33.981031982421875
2023-07-26 16:01:53.754682,5510767.0,5511216.0,32.023067708333336,32.02706778971354,33.98572770182292,33.98972774251302
2023-07-26 16:01:53.763741,5510770.0,5511219.0,32.036111816406255,32.040111857096356,33.99877176920573,34.00277180989583
2023-07-26 16:01:53.776806,5510772.0,5511221.0,32.04480790201823,32.048807902018225,34.00746781412761,34.01146789550781
2023-07-26 16:01:53.784943,5510775.0,5511224.0,32.05785196940104,32.06185201009115,34.02051192220052,34.02451196289063
2023-07-26 16:01:53.797907,5510777.0,5511226.0,32.066547729492186,32.07054772949219,34.02920776367188,34.033207763671875
2023-07-26 16:01:53.806877,5510780.0,5511229.0,32.0795917561849,32.0835918375651,34.042251749674485,34.046251790364586
2023-07-26 16:01:53.819834,5510782.0,5511231.0,32.08828784179688,32.09228788248698,34.050958211263016,34.054958251953124
2023-07-26 16:01:53.828803,5510785.0,5511234.0,32.101331909179684,32.10533194986979,34.06399186197917,34.067991943359374
2023-07-26 16:01:53.841760,5510787.0,5511236.0,32.11002795410156,32.114028035481766,34.07268794759115,34.07668798828125
2023-07-26 16:01:53.850730,5510790.0,5511239.0,32.12307173665364,32.12707177734375,34.08573168945313,34.08973173014323
2023-07-26 16:01:53.863687,5510792.0,5511241.0,32.13176782226562,32.13576782226563,34.094427734374996,34.09842781575521
2023-07-26 16:01:53.871662,5510795.0,5511244.0,32.14481188964844,32.14881193033854,34.107471842447914,34.11147188313802
2023-07-26 16:01:53.884617,5510797.0,5511246.0,32.153507934570314,32.157507975260415,34.11616788736979,34.12016796875
2023-07-26 16:01:53.893587,5510800.0,5511249.0,32.16655167643229,32.1705517578125,34.12921166992188,34.13321171061198
2023-07-26 16:01:53.906543,5510802.0,5511251.0,32.17524776204427,32.17924780273437,34.13790771484375,34.14190775553385
2023-07-26 16:01:53.915513,5510805.0,5511254.0,32.18829182942708,32.19229187011719,34.150951782226564,34.15495186360677
2023-07-26 16:01:53.928470,5510807.0,5511256.0,32.196987874348956,32.20098795572917,34.15964786783854,34.16364790852865
2023-07-26 16:01:53.937440,5510810.0,5511259.0,32.210031982421874,32.214032023111976,34.17269193522135,34.176692016601564
2023-07-26 16:01:53.950394,5510812.0,5511261.0,32.21872770182292,32.22272774251302,34.1813876546224,34.1853877360026
2023-07-26 16:01:53.959364,5510815.0,5511264.0,32.23177180989583,32.23577185058594,34.19443176269532,34.19843180338542
2023-07-26 16:01:53.972321,5510817.0,5511266.0,32.24046785481771,32.24446789550781,34.203127807617186,34.20712788899739
2023-07-26 16:01:53.980294,5510820.0,5511269.0,32.25351192220052,32.25751200358073,34.216171915690104,34.22017195638021
2023-07-26 16:01:53.993251,5510822.0,5511271.0,32.262207885742185,32.26620788574219,34.22486791992188,34.228867919921875
2023-07-26 16:01:54.002655,5510825.0,5511274.0,32.27525174967448,32.27925179036458,34.23791170247396,34.241911783854164
2023-07-26 16:01:54.015622,5510827.0,5511276.0,32.28395821126302,32.28795829264323,34.24660778808593,34.25060782877605
2023-07-26 16:01:54.024328,5510830.0,5511279.0,32.29699190266927,32.30099194335937,34.259651855468746,34.26365193684896
2023-07-26 16:01:54.037751,5510832.0,5511281.0,32.305687947591146,32.30968802897135,34.268347941080734,34.272347981770835
2023-07-26 16:01:54.046094,5510835.0,5511284.0,32.31873173014323,32.322731770833336,34.281391682942704,34.28539172363281
2023-07-26 16:01:54.059446,5510837.0,5511286.0,32.32742777506511,32.33142781575521,34.29008772786458,34.294087809244786
2023-07-26 16:01:54.068112,5510840.0,5511289.0,32.34047184244792,32.344471923828124,34.3031318359375,34.3071318766276
2023-07-26 16:01:54.081251,5510842.0,5511291.0,32.3491679280599,32.35316796875,34.311827880859376,34.31582792154948
2023-07-26 16:01:54.093461,5510845.0,5511294.0,32.36221179199219,32.366211791992185,34.32487182617188,34.32887182617188
2023-07-26 16:01:54.102956,5510848.0,5511297.0,32.375255777994795,32.379255818684896,34.337915730794265,34.34191577148437
2023-07-26 16:01:54.115260,5510850.0,5511299.0,32.38395182291667,32.38795186360677,34.34661177571614,34.350611857096354
2023-07-26 16:01:54.124350,5510853.0,5511302.0,32.39699589029948,32.400995971679684,34.35965588378907,34.36365592447917
2023-07-26 16:01:54.137749,5510855.0,5511304.0,32.40569197591146,32.40969201660156,34.36835192871094,34.372351969401045
2023-07-26 16:01:54.146098,5510858.0,5511307.0,32.41873571777344,32.42273575846354,34.381395670572914,34.385406168619795
2023-07-26 16:01:54.159461,5510860.0,5511309.0,32.42743176269531,32.431431844075526,34.390091756184894,34.394091796874996
2023-07-26 16:01:54.167875,5510863.0,5511312.0,32.44047587076823,32.44447591145833,34.40313582356771,34.407135904947914
2023-07-26 16:01:54.180345,5510865.0,5511314.0,32.44917191569011,32.453171997070314,34.41183190917968,34.4158319498698
2023-07-26 16:01:54.194176,5510868.0,5511317.0,32.46221569824219,32.46621573893229,34.424875732421874,34.42887573242187
2023-07-26 16:01:54.206259,5510871.0,5511320.0,32.475259765625005,32.479259806315106,34.437919718424475,34.441919799804694
2023-07-26 16:01:54.215325,5510874.0,5511323.0,32.488303873697916,32.49230391438802,34.4509638264974,34.4549638671875
2023-07-26 16:01:54.228393,5510876.0,5511325.0,32.49701033528646,32.50101037597656,34.45965987141928,34.46365995279948
2023-07-26 16:01:54.241486,5510879.0,5511328.0,32.510043823242185,32.51404382324219,34.47270385742188,34.476703857421874
2023-07-26 16:01:54.254582,5510882.0,5511331.0,32.52308776855469,32.52708780924479,34.485747721354166,34.48974776204427
2023-07-26 16:01:54.263603,5510885.0,5511334.0,32.536131835937496,32.54013191731771,34.498791829427084,34.502791870117186
2023-07-26 16:01:54.276560,5510887.0,5511336.0,32.54482792154948,32.548827962239585,34.50748787434896,34.51148791503906
2023-07-26 16:01:54.285530,5510890.0,5511339.0,32.55787194824219,32.56187194824219,34.52053194173177,34.52453198242188
2023-07-26 16:01:54.298486,5510892.0,5511341.0,32.56656770833333,32.57056778971354,34.52922770182292,34.53322774251302
2023-07-26 16:01:54.306459,5510895.0,5511344.0,32.579611816406256,32.58361185709636,34.54227176920573,34.546271809895835
2023-07-26 16:01:54.320412,5510897.0,5511346.0,32.588307861328126,32.59230790201823,34.5509678141276,34.554967895507815
2023-07-26 16:01:54.328386,5510900.0,5511349.0,32.601351969401044,32.605352010091146,34.56401192220052,34.56801196289062
2023-07-26 16:01:54.341343,5510902.0,5511351.0,32.61004772949219,32.614047729492185,34.57270776367188,34.57670776367188
2023-07-26 16:01:54.350312,5510905.0,5511354.0,32.62309175618489,32.627091837565104,34.58575174967448,34.58975179036459
2023-07-26 16:01:54.363269,5510907.0,5511356.0,32.63178784179687,32.63578788248698,34.59445821126302,34.59845825195312
2023-07-26 16:01:54.372240,5510910.0,5511359.0,32.644831909179686,32.648831949869795,34.60749186197916,34.611491943359376
2023-07-26 16:01:54.385195,5510912.0,5511361.0,32.65352795410156,32.65752803548177,34.61618794759114,34.62018798828125
2023-07-26 16:01:54.394166,5510915.0,5511364.0,32.666571736653644,32.670571777343746,34.62923168945313,34.63323173014323
2023-07-26 16:01:54.407122,5510917.0,5511366.0,32.67526778157552,32.67926782226563,34.637927734375,34.64192781575521
2023-07-26 16:01:54.420079,5510920.0,5511369.0,32.68831188964843,32.69231193033854,34.650971842447916,34.65497188313802
2023-07-26 16:01:54.429048,5510923.0,5511372.0,32.701355957031254,32.705355997721355,34.66401590983073,34.668015991210936
2023-07-26 16:01:54.442005,5510925.0,5511374.0,32.71005167643229,32.7140517578125,34.672711669921874,34.67671171061198
2023-07-26 16:01:54.449978,5510928.0,5511377.0,32.723095784505205,32.727095825195306,34.68575573730469,34.68975577799479
2023-07-26 16:01:54.462935,5510930.0,5511379.0,32.73179182942708,32.73579187011719,34.694451782226565,34.69845186360677
2023-07-26 16:01:54.475892,5510933.0,5511382.0,32.74483593750001,32.74883597819011,34.70749589029948,34.71149593098958
2023-07-26 16:01:54.484862,5510936.0,5511385.0,32.757879760742185,32.76187976074219,34.720539794921876,34.724539794921874
2023-07-26 16:01:54.497819,5510938.0,5511387.0,32.766575724283854,32.77057580566406,34.72923571777344,34.73323575846354
2023-07-26 16:01:54.506788,5510941.0,5511390.0,32.77961983235677,32.783619873046874,34.74227978515625,34.74627982584636
2023-07-26 16:01:54.519745,5510943.0,5511392.0,32.78831587727864,32.79231591796875,34.750975830078126,34.75497591145833
2023-07-26 16:01:54.528715,5510946.0,5511395.0,32.80135998535157,32.80536002604167,34.764019938151044,34.768019978841146
2023-07-26 16:01:54.541672,5510948.0,5511397.0,32.81005570475261,32.81405574544271,34.772715657552084,34.77671569824219
2023-07-26 16:01:54.550641,5510951.0,5511400.0,32.823099772135414,32.82709985351563,34.785759765625,34.789759806315104
2023-07-26 16:01:54.563599,5510953.0,5511402.0,32.831795857747395,32.835795898437496,34.79445581054688,34.79845585123698
2023-07-26 16:01:54.572568,5510956.0,5511405.0,32.84483992513021,32.84883996582032,34.807510294596355,34.81151037597657
2023-07-26 16:01:54.585524,5510958.0,5511407.0,32.85353597005208,32.85753601074219,34.81619596354167,34.82019600423177
2023-07-26 16:01:54.598484,5510961.0,5511410.0,32.86657975260417,32.87057979329427,34.829239705403644,34.83323974609375
2023-07-26 16:01:54.606454,5510964.0,5511413.0,32.87962381998698,32.88362390136719,34.84228381347656,34.846283854166664
2023-07-26 16:01:54.619430,5510966.0,5511415.0,32.888319905598955,32.89231994628906,34.85097985839844,34.85497989908854
2023-07-26 16:01:54.628381,5510969.0,5511418.0,32.90136397298177,32.90536401367188,34.86402392578125,34.86802400716146
2023-07-26 16:01:54.641338,5510971.0,5511420.0,32.91005969238281,32.91405977376302,34.8727196858724,34.8767197265625
2023-07-26 16:01:54.650311,5510974.0,5511423.0,32.92310380045573,32.927103841145836,34.88576375325521,34.88976379394531
2023-07-26 16:01:54.663262,5510976.0,5511425.0,32.931799845377604,32.935799886067706,34.89445979817708,34.898459879557294
2023-07-26 16:01:54.676219,5510979.0,5511428.0,32.94484395345052,32.948843994140624,34.90750390625,34.9115039469401
2023-07-26 16:01:54.689176,5510982.0,5511431.0,32.9578876953125,32.9618877360026,34.92054764811198,34.92454772949219
2023-07-26 16:01:54.698145,5510985.0,5511434.0,32.970931762695315,32.97493184407552,34.933591756184896,34.937591796875
2023-07-26 16:01:54.711102,5510987.0,5511436.0,32.97962784830729,32.9836278889974,34.94228780110677,34.946287841796874
2023-07-26 16:01:54.724059,5510990.0,5511439.0,32.9926719156901,32.996671997070315,34.955331909179684,34.95933194986979
2023-07-26 16:01:54.733061,5510993.0,5511442.0,33.00571569824219,33.00971573893229,34.968375732421876,34.972375732421874
2023-07-26 16:01:54.746178,5510995.0,5511444.0,33.01441174316406,33.01841178385416,34.97707169596354,34.98107177734375
2023-07-26 16:01:54.758779,5510998.0,5511447.0,33.027455810546876,33.03145589192708,34.99011580403646,34.994115844726565
2023-07-26 16:01:54.772322,5511001.0,5511450.0,33.04051033528646,33.044510375976564,35.00315987141927,35.00715995279948
2023-07-26 16:01:54.784892,5511004.0,5511453.0,33.05354382324219,33.057543823242185,35.01620385742188,35.020203857421876
2023-07-26 16:01:54.798495,5511007.0,5511456.0,33.06658776855468,33.07058780924479,35.02924772135417,35.03324776204427
2023-07-26 16:01:54.807053,5511010.0,5511459.0,33.0796318359375,33.0836319173177,35.042291829427086,35.04629187011719
2023-07-26 16:01:54.820179,5511012.0,5511461.0,33.08832792154948,33.09232796223959,35.050987874348955,35.054987915039064
2023-07-26 16:01:54.832584,5511015.0,5511464.0,33.10137194824219,33.10537194824219,35.06403194173177,35.06803198242187
2023-07-26 16:01:54.846308,5511018.0,5511467.0,33.11441573079427,33.11841581217448,35.07707572428385,35.08107576497396
2023-07-26 16:01:54.854756,5511021.0,5511470.0,33.12745983886719,33.13145987955729,35.09011979166667,35.09411987304688
2023-07-26 16:01:54.868066,5511023.0,5511472.0,33.136155883789066,33.14015596516927,35.098815877278646,35.10281591796875
2023-07-26 16:01:54.876422,5511026.0,5511475.0,33.14919999186198,33.153200032552085,35.11185994466146,35.11585998535156
2023-07-26 16:01:54.889695,5511028.0,5511477.0,33.157906127929685,33.161906168619794,35.1205556640625,35.124555745442706
2023-07-26 16:01:54.898342,5511031.0,5511480.0,33.17093977864584,33.17493986002604,35.13359977213541,35.13759981282552
2023-07-26 16:01:54.911350,5511033.0,5511482.0,33.17963586425781,33.18363590494791,35.14229581705729,35.1462958577474
2023-07-26 16:01:54.920063,5511036.0,5511485.0,33.192679931640626,33.19668001302083,35.155339925130214,35.159339965820315
2023-07-26 16:01:54.933385,5511038.0,5511487.0,33.201375854492184,33.20537585449218,35.164035888671876,35.168035888671874
2023-07-26 16:01:54.941835,5511041.0,5511490.0,33.21441975911458,33.21841979980469,35.17707971191406,35.181079793294266
2023-07-26 16:01:54.954881,5511043.0,5511492.0,33.22311580403646,33.227115885416666,35.18577579752604,35.18977583821614
2023-07-26 16:01:54.963558,5511046.0,5511495.0,33.23615991210938,33.24015995279948,35.19881986490885,35.20281990559896
2023-07-26 16:01:54.976582,5511048.0,5511497.0,33.244855957031255,33.24885599772136,35.20751590983073,35.21151599121094
2023-07-26 16:01:54.989850,5511051.0,5511500.0,33.257899698893226,33.26189978027344,35.220559692382814,35.224559733072915
2023-07-26 16:01:55.002543,5511054.0,5511503.0,33.270943806966145,33.27494384765625,35.23360375976562,35.237603841145834
2023-07-26 16:01:55.015756,5511057.0,5511506.0,33.28398787434896,33.287987955729164,35.24664786783854,35.25064790852865
2023-07-26 16:01:55.028247,5511060.0,5511509.0,33.29703198242187,33.30103202311198,35.259691935221355,35.26369201660156
2023-07-26 16:01:55.037326,5511063.0,5511512.0,33.310075724283855,33.31407580566406,35.272735717773436,35.276735758463545
2023-07-26 16:01:55.050525,5511065.0,5511514.0,33.318771809895836,33.32277185058594,35.28143176269531,35.28543180338542
2023-07-26 16:01:55.059049,5511068.0,5511517.0,33.33181587727864,33.335815917968745,35.29447583007813,35.29847591145833
2023-07-26 16:01:55.072102,5511070.0,5511519.0,33.34051192220052,33.344512003580725,35.30317191569011,35.30717195638021
2023-07-26 16:01:55.085426,5511073.0,5511522.0,33.3535557047526,33.35755574544271,35.316215657552085,35.32021569824219
2023-07-26 16:01:55.098123,5511076.0,5511525.0,33.366599772135416,33.37059985351563,35.329259765625004,35.333259806315105
2023-07-26 16:01:55.107001,5511079.0,5511528.0,33.37964388020833,33.38364392089844,35.34230383300781,35.34630387369791
2023-07-26 16:01:55.120214,5511081.0,5511530.0,33.38833992513021,33.39233996582031,35.35101029459636,35.35501037597656
2023-07-26 16:01:55.128344,5511084.0,5511533.0,33.40138366699219,33.405383748372394,35.36404370117187,35.36804370117188
2023-07-26 16:01:55.141466,5511086.0,5511535.0,33.41007975260416,33.41407979329427,35.372739705403646,35.37673974609375
2023-07-26 16:01:55.150456,5511089.0,5511538.0,33.423123819986984,33.42712390136719,35.385783813476564,35.389783854166666
2023-07-26 16:01:55.163591,5511091.0,5511540.0,33.43181990559896,33.43581994628906,35.394479858398434,35.39847989908854
2023-07-26 16:01:55.176743,5511094.0,5511543.0,33.44486397298177,33.44886401367187,35.40752392578125,35.411524007161454
2023-07-26 16:01:55.185221,5511097.0,5511546.0,33.45790771484375,33.461907796223954,35.42056770833333,35.42456774902344
2023-07-26 16:01:55.197612,5511099.0,5511548.0,33.46660380045573,33.47060384114584,35.42926375325521,35.433263793945315
2023-07-26 16:01:55.206941,5511102.0,5511551.0,33.47964786783854,33.483647949218756,35.442307861328125,35.446307902018226
2023-07-26 16:01:55.220179,5511104.0,5511553.0,33.488343953450524,33.492343994140626,35.45100390625,35.4550039469401
2023-07-26 16:01:55.233222,5511107.0,5511556.0,33.5013876953125,33.505387736002604,35.46404764811198,35.46804772949219
2023-07-26 16:01:55.245611,5511110.0,5511559.0,33.51443176269532,33.51843184407552,35.47709175618489,35.481091796875
2023-07-26 16:01:55.258721,5511113.0,5511562.0,33.52747587076823,33.53147591145833,35.490135823567705,35.49413590494791
2023-07-26 16:01:55.271968,5511116.0,5511565.0,33.54051993815104,33.54452001953125,35.503179931640624,35.50717997233073
2023-07-26 16:01:55.285506,5511119.0,5511568.0,33.553563720703124,33.557563761393226,35.51622367350261,35.52022371419271
2023-07-26 16:01:55.293954,5511122.0,5511571.0,33.56660778808593,33.57060786946615,35.52926778157552,35.53326782226563
2023-07-26 16:01:55.307094,5511124.0,5511573.0,33.57530387369791,33.57930391438802,35.537963826497396,35.5419638671875
2023-07-26 16:01:55.320279,5511127.0,5511576.0,33.588347941080734,33.592347981770835,35.55100789388021,35.555007975260416
2023-07-26 16:01:55.333000,5511130.0,5511579.0,33.601391682942705,33.60539176432292,35.56405167643229,35.568051717122394
2023-07-26 16:01:55.342133,5511133.0,5511582.0,33.61443579101563,33.61843583170573,35.5770957438151,35.58109582519531
2023-07-26 16:01:55.354375,5511135.0,5511584.0,33.6231318359375,33.627131917317705,35.58579182942708,35.58979187011719
2023-07-26 16:01:55.367734,5511138.0,5511587.0,33.63617594401042,33.64017598470052,35.598835896809895,35.602835937500004
2023-07-26 16:01:55.376553,5511141.0,5511590.0,33.649219685872396,33.653219726562504,35.61187963867187,35.615879720052085
2023-07-26 16:01:55.389947,5511143.0,5511592.0,33.657915730794265,33.661915812174485,35.62057572428385,35.624575764973955
2023-07-26 16:01:55.402351,5511146.0,5511595.0,33.67095983886719,33.67495987955729,35.63361979166667,35.63761987304688
2023-07-26 16:01:55.415711,5511149.0,5511598.0,33.68400390625,33.68800398763021,35.646663899739586,35.65066394042969
2023-07-26 16:01:55.428624,5511152.0,5511601.0,33.69704772949219,33.70104772949219,35.659707763671875,35.66370776367188
2023-07-26 16:01:55.441576,5511155.0,5511604.0,33.710091756184895,33.7140918375651,35.67275174967448,35.676751790364584
2023-07-26 16:01:55.454532,5511158.0,5511607.0,33.72313586425781,33.727135904947914,35.68579581705729,35.68979585774739
2023-07-26 16:01:55.467488,5511161.0,5511610.0,33.73617993164063,33.74018001302083,35.69883992513021,35.70283996582032
2023-07-26 16:01:55.480445,5511164.0,5511613.0,33.74922371419271,33.75322375488281,35.711883666992186,35.71588370768229
2023-07-26 16:01:55.493726,5511167.0,5511616.0,33.762267781575524,33.766267822265625,35.724927734374994,35.72892781575521
2023-07-26 16:01:55.507195,5511170.0,5511619.0,33.775311889648435,33.77931193033854,35.73797184244792,35.74197188313802
2023-07-26 16:01:55.520390,5511173.0,5511622.0,33.78835595703125,33.79235599772136,35.75101590983073,35.75501599121094
2023-07-26 16:01:55.533271,5511176.0,5511625.0,33.80139969889323,33.80539978027343,35.764059692382816,35.76805973307292
2023-07-26 16:01:55.545873,5511179.0,5511628.0,33.814443806966146,33.818443847656255,35.77710375976562,35.781103841145836
2023-07-26 16:01:55.559308,5511182.0,5511631.0,33.82748787434896,33.831487955729166,35.79014786783854,35.79414790852865
2023-07-26 16:01:55.571774,5511185.0,5511634.0,33.84053198242187,33.844532023111974,35.803191935221356,35.80719201660156
2023-07-26 16:01:55.585489,5511188.0,5511637.0,33.85357572428385,33.85757580566406,35.81623571777344,35.82023575846354
2023-07-26 16:01:55.597974,5511191.0,5511640.0,33.866619832356776,33.87061987304688,35.82927978515625,35.833279825846354
2023-07-26 16:01:55.611557,5511194.0,5511643.0,33.87966389973958,33.883663981119795,35.842323893229164,35.846323933919265
2023-07-26 16:01:55.624089,5511197.0,5511646.0,33.89270788574219,33.89670788574219,35.855367919921875,35.85936791992188
2023-07-26 16:01:55.637657,5511200.0,5511649.0,33.90575174967448,33.90975179036459,35.868411702473956,35.87241178385416
2023-07-26 16:01:55.650270,5511203.0,5511652.0,33.9187958577474,33.9227958984375,35.881455810546875,35.88545585123698
2023-07-26 16:01:55.663666,5511206.0,5511655.0,33.93183992513021,33.935839965820314,35.89451029459636,35.898510375976564
2023-07-26 16:01:55.676309,5511209.0,5511658.0,33.94488366699219,33.948883748372396,35.907543701171875,35.91154370117187
2023-07-26 16:01:55.689288,5511212.0,5511661.0,33.95792777506511,33.96192781575521,35.92058772786458,35.92458780924479
2023-07-26 16:01:55.702393,5511215.0,5511664.0,33.970971842447916,33.97497192382812,35.9336318359375,35.9376318766276
2023-07-26 16:01:55.715150,5511218.0,5511667.0,33.984015950520835,33.988015991210936,35.94667590332031,35.950675984700524
2023-07-26 16:01:55.728398,5511221.0,5511670.0,33.99705969238281,34.00105977376302,35.9597196858724,35.9637197265625
2023-07-26 16:01:55.741995,5511224.0,5511673.0,34.010103800455724,34.01410384114584,35.97276375325521,35.97676379394532
2023-07-26 16:01:55.754480,5511227.0,5511676.0,34.02314786783854,34.02714794921875,35.98580786132813,35.98980790201823
2023-07-26 16:01:55.767607,5511230.0,5511679.0,34.03619197591146,34.040192016601566,35.99885192871094,36.00285196940104
2023-07-26 16:01:55.781236,5511233.0,5511682.0,34.049235717773435,34.05323575846354,36.01189567057292,36.01590616861979
2023-07-26 16:01:55.794289,5511236.0,5511685.0,34.06227982584635,34.066279866536455,36.02493977864584,36.02893981933594
2023-07-26 16:01:55.806591,5511239.0,5511688.0,34.07532389322916,34.07932393391927,36.037983846028645,36.04198392740885
2023-07-26 16:01:55.819769,5511242.0,5511691.0,34.088368001302086,34.09236804199219,36.05102795410156,36.055027994791665
2023-07-26 16:01:55.833380,5511245.0,5511694.0,34.10141174316406,34.105411783854166,36.06407169596354,36.06807177734375
2023-07-26 16:01:55.845913,5511248.0,5511697.0,34.11445581054688,34.118455891927084,36.07711580403646,36.08111584472657
2023-07-26 16:01:55.858919,5511251.0,5511700.0,34.12751033528646,34.13151037597657,36.090159871419274,36.09415995279948
2023-07-26 16:01:55.872533,5511254.0,5511703.0,34.14054382324219,34.14454382324219,36.103203857421875,36.10720385742188
2023-07-26 16:01:55.885550,5511257.0,5511706.0,34.15358776855469,34.15758780924479,36.11624772135416,36.12024776204427
2023-07-26 16:01:55.898037,5511260.0,5511709.0,34.1666318359375,34.170631917317706,36.12929182942708,36.13329187011718
2023-07-26 16:01:55.911089,5511263.0,5511712.0,34.17967594401042,34.18367598470052,36.14233589680989,36.146335937500005
2023-07-26 16:01:55.924125,5511266.0,5511715.0,34.1927196858724,34.1967197265625,36.155379638671874,36.15937972005208
2023-07-26 16:01:55.937788,5511269.0,5511718.0,34.205763793945316,34.20976383463542,36.168423746744786,36.1724237874349
2023-07-26 16:01:55.950343,5511272.0,5511721.0,34.21880786132812,34.222807902018225,36.18146781412761,36.18546789550781
2023-07-26 16:01:55.963791,5511275.0,5511724.0,34.23185196940104,34.23585201009115,36.19451192220052,36.19851196289063
2023-07-26 16:01:55.976360,5511278.0,5511727.0,34.24490612792969,34.24890616861979,36.207555664062504,36.21155574544271
2023-07-26 16:01:55.989468,5511281.0,5511730.0,34.257939778645834,34.26193986002605,36.220599772135415,36.22459981282552
2023-07-26 16:01:56.002390,5511284.0,5511733.0,34.270983886718746,34.274983927408854,36.23364383951823,36.23764392089844
2023-07-26 16:01:56.015407,5511287.0,5511736.0,34.28402795410156,34.288028035481766,36.24668794759115,36.25068798828125
2023-07-26 16:01:56.028614,5511290.0,5511739.0,34.29707173665364,34.30107177734375,36.259731689453126,36.26373173014323
2023-07-26 16:01:56.041998,5511293.0,5511742.0,34.310115804036464,34.31411588541667,36.272775797526045,36.276775838216146
2023-07-26 16:01:56.054488,5511296.0,5511745.0,34.323159912109375,34.327159952799484,36.28581986490885,36.289819905598954
2023-07-26 16:01:56.068028,5511299.0,5511748.0,34.33620397949219,34.34020397949219,36.29886397298177,36.30286401367188
2023-07-26 16:01:56.080511,5511302.0,5511751.0,34.34924776204427,34.35324780273437,36.31190771484375,36.31590775553385
2023-07-26 16:01:56.093759,5511305.0,5511754.0,34.362291829427086,34.36629187011719,36.32495178222656,36.32895186360677
2023-07-26 16:01:56.106854,5511308.0,5511757.0,34.375335937500004,34.379335978190106,36.337995890299474,36.34199593098958
2023-07-26 16:01:56.119921,5511311.0,5511760.0,34.38837976074219,34.39237976074219,36.351039794921874,36.35503979492187
2023-07-26 16:01:56.133420,5511314.0,5511763.0,34.40142374674479,34.405423828125,36.36408374023437,36.36808378092448
2023-07-26 16:01:56.145726,5511317.0,5511766.0,34.41446785481771,34.41846789550781,36.377127807617185,36.38112788899739
2023-07-26 16:01:56.158860,5511320.0,5511769.0,34.42751192220052,34.43151200358073,36.390171915690104,36.39417195638021
2023-07-26 16:01:56.171985,5511323.0,5511772.0,34.440555704752605,34.444555745442706,36.40321565755209,36.40721569824219
2023-07-26 16:01:56.184952,5511326.0,5511775.0,34.45359977213541,34.45759985351563,36.416259765625,36.42025980631511
2023-07-26 16:01:56.198353,5511329.0,5511778.0,34.46664388020833,34.47064392089844,36.429303833007815,36.433303873697916
2023-07-26 16:01:56.211582,5511332.0,5511781.0,34.479687947591145,34.48368802897136,36.44234794108073,36.446347981770835
2023-07-26 16:01:56.224096,5511335.0,5511784.0,34.49273173014323,34.496731770833335,36.455391682942704,36.45939172363281
2023-07-26 16:01:56.237685,5511338.0,5511787.0,34.50577579752604,34.50977583821614,36.468435750325526,36.47243583170573
2023-07-26 16:01:56.250319,5511341.0,5511790.0,34.51881990559895,34.52281994628906,36.48147985839844,36.48547989908854
2023-07-26 16:01:56.263218,5511344.0,5511793.0,34.531863972981775,34.535864013671876,36.49452392578125,36.49852400716146
2023-07-26 16:01:56.276300,5511347.0,5511796.0,34.544907714843745,34.54890779622396,36.50756770833333,36.511567749023435
2023-07-26 16:01:56.289938,5511350.0,5511799.0,34.55795182291667,34.56195186360677,36.52061177571614,36.52461185709636
2023-07-26 16:01:56.302482,5511353.0,5511802.0,34.57099589029948,34.574995971679684,36.533655883789066,36.53765592447917
2023-07-26 16:01:56.315324,5511356.0,5511805.0,34.58403991699219,34.58803991699219,36.546699951171874,36.55069995117187
2023-07-26 16:01:56.328920,5511359.0,5511808.0,34.597083740234375,34.60108382161458,36.559743733723955,36.563743774414064
2023-07-26 16:01:56.341626,5511362.0,5511811.0,34.610127848307286,34.614127888997395,36.57278780110677,36.57678784179687
2023-07-26 16:01:56.355078,5511365.0,5511814.0,34.62317191569011,34.62717199707031,36.58583190917968,36.5898319498698
2023-07-26 16:01:56.367515,5511368.0,5511817.0,34.63621569824219,34.64021573893229,36.598875732421874,36.60287573242187
2023-07-26 16:01:56.381195,5511371.0,5511820.0,34.649259765625004,34.653259806315106,36.611919718424474,36.61591979980469
2023-07-26 16:01:56.393755,5511374.0,5511823.0,34.662303873697915,34.66630391438802,36.6249638264974,36.6289638671875
2023-07-26 16:01:56.407291,5511377.0,5511826.0,34.67534794108073,34.67934798177084,36.63800789388021,36.64200797526042
2023-07-26 16:01:56.419954,5511380.0,5511829.0,34.68839168294271,34.69239176432291,36.651051676432296,36.6550517171224
2023-07-26 16:01:56.433053,5511383.0,5511832.0,34.701435791015626,34.70543583170573,36.6640957438151,36.66809582519531
2023-07-26 16:01:56.445807,5511386.0,5511835.0,34.714479858398434,34.718479939778646,36.677139851888015,36.68113989257812
2023-07-26 16:01:56.459060,5511389.0,5511838.0,34.72752396647135,34.731524007161454,36.69018391927084,36.69418400065104
2023-07-26 16:01:56.472148,5511392.0,5511841.0,34.74056770833333,34.74456778971354,36.70322770182292,36.70722774251302
2023-07-26 16:01:56.485570,5511395.0,5511844.0,34.753611816406256,34.75761185709636,36.71627176920573,36.720271809895834
2023-07-26 16:01:56.498037,5511398.0,5511847.0,34.76665588378906,34.770655965169276,36.729315877278644,36.733315917968746
2023-07-26 16:01:56.511665,5511401.0,5511850.0,34.77969999186198,34.78370003255208,36.74235994466146,36.74635998535157
2023-07-26 16:01:56.524854,5511404.0,5511853.0,34.79274373372396,34.79674377441406,36.75540368652344,36.75940376790364
2023-07-26 16:01:56.537773,5511407.0,5511856.0,34.80578784179688,34.80978788248698,36.76845821126302,36.77245825195312
2023-07-26 16:01:56.550938,5511410.0,5511859.0,34.818831909179686,34.822831949869794,36.78149186197916,36.785491943359375
2023-07-26 16:01:56.563307,5511413.0,5511862.0,34.83187585449218,34.83587585449219,36.794535888671874,36.79853588867187
2023-07-26 16:01:56.576872,5511416.0,5511865.0,34.84491975911458,34.84891979980469,36.80757971191406,36.81157979329427
2023-07-26 16:01:56.589244,5511419.0,5511868.0,34.8579638264974,34.8619639078776,36.820623819986984,36.824623860677086
2023-07-26 16:01:56.603075,5511422.0,5511871.0,34.871007934570315,34.87500797526042,36.83366788736979,36.837667968750004
2023-07-26 16:01:56.615549,5511425.0,5511874.0,34.88405167643229,34.8880517578125,36.84671166992188,36.85071171061198
2023-07-26 16:01:56.629067,5511428.0,5511877.0,34.897095784505204,34.90109582519531,36.85975573730469,36.8637557779948
2023-07-26 16:01:56.641473,5511431.0,5511880.0,34.91013985188802,34.91413993326823,36.87279984537761,36.87679988606771
2023-07-26 16:01:56.654850,5511434.0,5511883.0,34.92318395996094,34.92718400065104,36.88584391276042,36.88984395345052
2023-07-26 16:01:56.667864,5511437.0,5511886.0,34.936227701822915,34.940227742513024,36.89888765462239,36.902887736002604
2023-07-26 16:01:56.680980,5511440.0,5511889.0,34.94927180989583,34.953271850585935,36.91193176269532,36.91593180338542
2023-07-26 16:01:56.693605,5511443.0,5511892.0,34.96231587727864,34.96631591796875,36.924975830078125,36.92897591145833
2023-07-26 16:01:56.706772,5511446.0,5511895.0,34.97535998535157,34.97936002604167,36.938019938151044,36.942019978841145
2023-07-26 16:01:56.720401,5511449.0,5511898.0,34.98840372721354,34.992403767903646,36.95106368001302,36.95506376139323
2023-07-26 16:01:56.732851,5511452.0,5511901.0,35.00145821126302,35.00545829264323,36.96410778808593,36.96810782877605
2023-07-26 16:01:56.745960,5511455.0,5511904.0,35.01449190266927,35.01849194335937,36.97715185546875,36.98115193684896
2023-07-26 16:01:56.759128,5511458.0,5511907.0,35.027535970052085,35.03153601074219,36.990195963541666,36.99419600423177
2023-07-26 16:01:56.772505,5511461.0,5511910.0,35.04057975260417,35.04457979329427,37.003239705403644,37.00723974609375
2023-07-26 16:01:56.785024,5511464.0,5511913.0,35.05362381998698,35.05762390136719,37.01628381347656,37.020283854166664
2023-07-26 16:01:56.798592,5511467.0,5511916.0,35.0666679280599,35.07066796875,37.02932788085937,37.03332792154948
2023-07-26 16:01:56.810957,5511470.0,5511919.0,35.07971179199219,35.08371179199219,37.04237182617188,37.04637182617188
2023-07-26 16:01:56.824694,5511473.0,5511922.0,35.092755777994796,35.0967558186849,37.055415730794266,37.059415771484375
2023-07-26 16:01:56.837254,5511476.0,5511925.0,35.105799845377604,35.109799886067705,37.06845979817709,37.07245987955729
2023-07-26 16:01:56.850816,5511479.0,5511928.0,35.11884395345052,35.12284399414063,37.08150390625,37.08550394694011
2023-07-26 16:01:56.863444,5511482.0,5511931.0,35.1318876953125,35.1358877360026,37.09454764811198,37.09854772949219
2023-07-26 16:01:56.876216,5511485.0,5511934.0,35.144931762695315,35.14893184407552,37.107591756184895,37.111591796875
2023-07-26 16:01:56.889472,5511488.0,5511937.0,35.157975870768226,35.161975911458335,37.1206358235677,37.124635904947915
2023-07-26 16:01:56.902968,5511491.0,5511940.0,35.17101993815104,35.175020019531246,37.13367993164063,37.13767997233073
2023-07-26 16:01:56.915460,5511494.0,5511943.0,35.18406372070312,35.18806376139323,37.146723673502606,37.15072371419271
2023-07-26 16:01:56.928545,5511497.0,5511946.0,35.19710778808594,35.20110786946615,37.159767781575525,37.163767822265626
2023-07-26 16:01:56.942175,5511500.0,5511949.0,35.210151896158855,35.214151936848964,37.17281184895833,37.176811889648434
2023-07-26 16:01:56.954564,5511503.0,5511952.0,35.22319596354167,35.227196044921875,37.18585595703125,37.18985599772135
2023-07-26 16:01:56.968187,5511506.0,5511955.0,35.23623974609375,35.24023978678385,37.19889969889323,37.20289973958333
2023-07-26 16:01:56.980705,5511509.0,5511958.0,35.249283813476566,35.25328385416667,37.21194376627604,37.21594384765625
2023-07-26 16:01:56.994269,5511512.0,5511961.0,35.26232792154948,35.266327962239586,37.224987874348955,37.22898791503906
2023-07-26 16:01:57.006971,5511515.0,5511964.0,35.27537194824219,35.279371948242186,37.23803194173177,37.24203198242187
2023-07-26 16:01:57.019997,5511518.0,5511967.0,35.28841573079427,35.29241581217448,37.25107572428385,37.25507576497396
2023-07-26 16:01:57.032872,5511521.0,5511970.0,35.30145983886719,35.30545987955729,37.26411979166667,37.26811987304688
2023-07-26 16:01:57.046442,5511524.0,5511973.0,35.31450390625,35.31850398763021,37.277163899739584,37.28116394042969
2023-07-26 16:01:57.059543,5511527.0,5511976.0,35.32754772949219,35.331547729492186,37.29020776367188,37.29420776367188
2023-07-26 16:01:57.071983,5511530.0,5511979.0,35.34059175618489,35.3445918375651,37.30325174967448,37.30725179036459
2023-07-26 16:01:57.085372,5511533.0,5511982.0,35.35363586425781,35.35763590494791,37.31629581705729,37.320295857747396
2023-07-26 16:01:57.097887,5511536.0,5511985.0,35.366679931640626,35.37068001302083,37.32933992513021,37.333339965820315
2023-07-26 16:01:57.111113,5511539.0,5511988.0,35.37972371419271,35.383723754882816,37.342383666992184,37.34638370768229
2023-07-26 16:01:57.124481,5511542.0,5511991.0,35.39276778157552,35.39676782226562,37.355427734375,37.35942781575521
2023-07-26 16:01:57.137814,5511545.0,5511994.0,35.40581188964843,35.40981193033854,37.36847184244792,37.37247188313802
2023-07-26 16:01:57.150316,5511548.0,5511997.0,35.418855957031255,35.422855997721356,37.38151590983073,37.38551599121094
2023-07-26 16:01:57.163877,5511551.0,5512000.0,35.431899698893226,35.43589978027344,37.39455969238281,37.398559733072915
2023-07-26 16:01:57.176237,5511554.0,5512003.0,35.44494380696615,35.44894384765625,37.40760375976562,37.41160384114583
2023-07-26 16:01:57.189667,5511557.0,5512006.0,35.45798787434896,35.461987955729164,37.42064786783854,37.42464790852865
2023-07-26 16:01:57.203152,5511560.0,5512009.0,35.47103198242187,35.47503202311198,37.433691935221354,37.43769201660156
2023-07-26 16:01:57.216064,5511563.0,5512012.0,35.484075724283855,35.48807580566406,37.446735717773436,37.450735758463544
2023-07-26 16:01:57.228563,5511566.0,5512015.0,35.49711983235677,35.501119873046875,37.45977978515625,37.46377982584635
2023-07-26 16:01:57.241613,5511569.0,5512018.0,35.51016389973959,35.51416398111979,37.47282389322916,37.47682393391927
2023-07-26 16:01:57.254786,5511572.0,5512021.0,35.52320788574219,35.527207885742186,37.48586791992188,37.48986791992188
2023-07-26 16:01:57.267867,5511575.0,5512024.0,35.536251749674484,35.540251790364586,37.498911702473954,37.50291178385417
2023-07-26 16:01:57.281324,5511578.0,5512027.0,35.549295857747396,35.5532958984375,37.51195581054688,37.51595585123698
2023-07-26 16:01:57.293853,5511581.0,5512030.0,35.56233992513021,35.56633996582031,37.525010294596356,37.52901037597657
2023-07-26 16:01:57.307379,5511584.0,5512033.0,35.57538366699219,35.57938374837239,37.53804370117187,37.54204370117188
2023-07-26 16:01:57.319855,5511587.0,5512036.0,35.58842777506511,35.59242781575521,37.551087727864584,37.55508780924479
2023-07-26 16:01:57.332881,5511590.0,5512039.0,35.601471842447914,35.60547192382813,37.564131835937495,37.568131876627604
2023-07-26 16:01:57.346130,5511593.0,5512042.0,35.61451595052083,35.618515991210934,37.57717590332032,37.58117598470052
2023-07-26 16:01:57.358688,5511596.0,5512045.0,35.62755969238281,35.63155977376302,37.5902196858724,37.5942197265625
2023-07-26 16:01:57.371993,5511599.0,5512048.0,35.64060380045573,35.64460384114584,37.60326375325521,37.607263793945314
2023-07-26 16:01:57.385379,5511602.0,5512051.0,35.65364786783854,35.657647949218756,37.616307861328124,37.620307902018226
2023-07-26 16:01:57.398730,5511605.0,5512054.0,35.66669197591146,35.67069201660156,37.62935192871094,37.63335196940104
2023-07-26 16:01:57.411197,5511608.0,5512057.0,35.67973571777344,35.68373575846354,37.64239567057292,37.64640616861979
2023-07-26 16:01:57.424646,5511611.0,5512060.0,35.69277982584635,35.69677986653646,37.655439778645835,37.65943981933594
2023-07-26 16:01:57.437843,5511614.0,5512063.0,35.705823893229166,35.70982393391927,37.66848384602864,37.672483927408855
2023-07-26 16:01:57.450213,5511617.0,5512066.0,35.718868001302084,35.722868041992186,37.68152795410156,37.68552799479166
2023-07-26 16:01:57.463925,5511620.0,5512069.0,35.73191174316406,35.735911783854164,37.69457169596354,37.69857177734375
2023-07-26 16:01:57.476412,5511623.0,5512072.0,35.74495581054688,35.74895589192708,37.707615804036465,37.711615844726566
2023-07-26 16:01:57.489980,5511626.0,5512075.0,35.758010335286464,35.762010375976566,37.72065987141927,37.724659952799485
2023-07-26 16:01:57.503106,5511629.0,5512078.0,35.77104382324219,35.775043823242186,37.73370385742188,37.73770385742188
2023-07-26 16:01:57.515574,5511632.0,5512081.0,35.784087768554684,35.788087809244786,37.74674772135417,37.75074776204427
2023-07-26 16:01:57.529152,5511635.0,5512084.0,35.7971318359375,35.801131917317704,37.75979182942708,37.76379187011719
2023-07-26 16:01:57.541619,5511638.0,5512087.0,35.81017594401042,35.81417598470052,37.772835896809895,37.7768359375
2023-07-26 16:01:57.554710,5511641.0,5512090.0,35.823219685872395,35.827219726562504,37.78587963867187,37.789879720052085
2023-07-26 16:01:57.568132,5511644.0,5512093.0,35.836263793945314,35.840263834635415,37.79892374674479,37.8029237874349
2023-07-26 16:01:57.581134,5511647.0,5512096.0,35.849307902018225,35.85330790201823,37.811967814127605,37.81596789550781
2023-07-26 16:01:57.594466,5511650.0,5512099.0,35.86235196940105,35.86635201009115,37.825011922200524,37.829011962890625
2023-07-26 16:01:57.606866,5511653.0,5512102.0,35.875406127929686,35.879406168619795,37.8380556640625,37.84205574544271
2023-07-26 16:01:57.619989,5511656.0,5512105.0,35.88843977864584,35.892439860026045,37.85109977213541,37.855099812825515
2023-07-26 16:01:57.633278,5511659.0,5512108.0,35.90148388671875,35.90548392740885,37.86414383951823,37.86814392089844
2023-07-26 16:01:57.646975,5511662.0,5512111.0,35.91452795410156,35.91852803548177,37.877187947591146,37.88118798828125
2023-07-26 16:01:57.659329,5511665.0,5512114.0,35.92757173665365,35.93157177734375,37.890231689453124,37.89423173014323
2023-07-26 16:01:57.672606,5511668.0,5512117.0,35.94061580403646,35.94461588541667,37.90327579752604,37.907275838216144
2023-07-26 16:01:57.685133,5511671.0,5512120.0,35.95365991210938,35.95765995279948,37.91631986490885,37.92031990559896
2023-07-26 16:01:57.698384,5511674.0,5512123.0,35.96670397949219,35.970703979492185,37.929363972981776,37.93336401367188
2023-07-26 16:01:57.711153,5511677.0,5512126.0,35.97974776204427,35.98374780273438,37.942407714843746,37.946407755533855
2023-07-26 16:01:57.724673,5511680.0,5512129.0,35.992791829427084,35.996791870117185,37.95545178222656,37.95945186360677
2023-07-26 16:01:57.737766,5511683.0,5512132.0,36.0058359375,36.009835978190104,37.96849589029948,37.97249593098958
2023-07-26 16:01:57.750341,5511686.0,5512135.0,36.01887976074219,36.022879760742185,37.98153979492187,37.98553979492188
2023-07-26 16:01:57.763356,5511689.0,5512138.0,36.03192374674479,36.035923828125,37.994583740234376,37.99858378092448
2023-07-26 16:01:57.776441,5511692.0,5512141.0,36.044967854817706,36.048967895507815,38.00762780761718,38.011627888997396
2023-07-26 16:01:57.789735,5511695.0,5512144.0,36.05801192220052,36.062012003580726,38.02067191569011,38.02467195638021
2023-07-26 16:01:57.802500,5511698.0,5512147.0,36.0710557047526,36.07505574544271,38.03371565755209,38.03771569824219
2023-07-26 16:01:57.815506,5511701.0,5512150.0,36.08409977213542,36.08809985351563,38.046759765625005,38.05075980631511
2023-07-26 16:01:57.828556,5511704.0,5512153.0,36.09714388020833,36.101143920898444,38.05980383300781,38.063803873697914
2023-07-26 16:01:57.842205,5511707.0,5512156.0,36.11018794759114,36.114188028971355,38.07284794108073,38.07684798177083
2023-07-26 16:01:57.854406,5511710.0,5512159.0,36.12323173014323,36.12723177083333,38.08589168294271,38.08989172363281
2023-07-26 16:01:57.867685,5511713.0,5512162.0,36.13627579752604,36.14027583821615,38.09893575032552,38.10293583170573
2023-07-26 16:01:57.880726,5511716.0,5512165.0,36.14931990559896,36.15331994628906,38.111979858398435,38.11597989908854
2023-07-26 16:01:57.894284,5511719.0,5512168.0,36.16236397298177,36.166364013671874,38.12502392578125,38.129024007161455
2023-07-26 16:01:57.906831,5511722.0,5512171.0,36.17540771484375,36.179407796223956,38.13806770833333,38.14206774902344
2023-07-26 16:01:57.919981,5511725.0,5512174.0,36.18845182291667,36.19245186360677,38.151111775716146,38.15511185709636
2023-07-26 16:01:57.933509,5511728.0,5512177.0,36.201495890299476,36.20549597167968,38.164155883789064,38.16815592447917
2023-07-26 16:01:57.946027,5511731.0,5512180.0,36.21453991699219,36.218539916992185,38.17719995117187,38.18119995117188
2023-07-26 16:01:57.959065,5511734.0,5512183.0,36.22758374023437,36.23158382161458,38.19024373372396,38.19424377441406
2023-07-26 16:01:57.972126,5511737.0,5512186.0,36.24062784830729,36.24462788899739,38.20328780110677,38.20728784179688
2023-07-26 16:01:57.985180,5511740.0,5512189.0,36.253671915690106,36.25767199707031,38.21633190917969,38.220331949869795
2023-07-26 16:01:57.998232,5511743.0,5512192.0,36.26671569824219,36.270715738932296,38.22937573242187,38.23337573242188
2023-07-26 16:01:58.010955,5511746.0,5512195.0,36.279759765625,36.2837598063151,38.24241971842448,38.24641979980469
2023-07-26 16:01:58.024447,5511749.0,5512198.0,36.29280387369791,36.29680391438802,38.2554638264974,38.2594638671875
2023-07-26 16:01:58.037285,5511752.0,5512201.0,36.305847941080735,36.30984798177084,38.26850789388021,38.27250797526042
2023-07-26 16:01:58.050428,5511755.0,5512204.0,36.318891682942706,36.32289176432292,38.281551676432294,38.285551717122395
2023-07-26 16:01:58.063432,5511758.0,5512207.0,36.331935791015624,36.33593583170573,38.2945957438151,38.29859582519531
2023-07-26 16:01:58.076660,5511761.0,5512210.0,36.34497985839844,36.348979939778644,38.30763985188802,38.31163989257812
2023-07-26 16:01:58.089094,5511764.0,5512213.0,36.35802396647135,36.36202400716146,38.320683919270834,38.32468400065104
2023-07-26 16:01:58.102546,5511767.0,5512216.0,36.371067708333335,36.37506774902344,38.333727701822916,38.337727742513025
2023-07-26 16:01:58.115990,5511770.0,5512219.0,36.384111816406254,36.388111857096355,38.34677176920573,38.35077180989583
2023-07-26 16:01:58.128478,5511773.0,5512222.0,36.39715588378907,36.40115596516927,38.35981587727864,38.36381591796875
2023-07-26 16:01:58.142094,5511776.0,5512225.0,36.41019999186198,36.41420003255208,38.372859944661464,38.376859985351565
2023-07-26 16:01:58.154824,5511779.0,5512228.0,36.42324373372396,36.42724377441406,38.385903686523434,38.38990376790365
2023-07-26 16:01:58.167950,5511782.0,5512231.0,36.436287841796876,36.44028788248698,38.398958211263015,38.40295825195312
2023-07-26 16:01:58.180907,5511785.0,5512234.0,36.44933190917968,36.45333194986979,38.41199186197917,38.41599194335937
2023-07-26 16:01:58.193863,5511788.0,5512237.0,36.46237585449219,36.466375854492185,38.42503588867187,38.429035888671876
2023-07-26 16:01:58.206823,5511791.0,5512240.0,36.47541975911458,36.47941979980469,38.438079711914064,38.44207979329427
2023-07-26 16:01:58.219777,5511794.0,5512243.0,36.488463826497394,36.49246390787761,38.45112381998698,38.455123860677084
2023-07-26 16:01:58.232738,5511797.0,5512246.0,36.50150793457031,36.505507975260414,38.4641678873698,38.46816796875
2023-07-26 16:01:58.246688,5511800.0,5512249.0,36.51455167643229,36.5185517578125,38.47721166992188,38.48121171061198
2023-07-26 16:01:58.259645,5511803.0,5512252.0,36.52759578450521,36.53159582519531,38.49025573730469,38.494255777994795
2023-07-26 16:01:58.272602,5511806.0,5512255.0,36.54063985188802,36.544639933268236,38.503299845377605,38.507299886067706
2023-07-26 16:01:58.285559,5511809.0,5512258.0,36.553683959960935,36.557684000651044,38.51634391276042,38.52034395345052
2023-07-26 16:01:58.298515,5511812.0,5512261.0,36.56672770182292,36.57072774251302,38.5293876546224,38.5333877360026
2023-07-26 16:01:58.311471,5511815.0,5512264.0,36.57977180989583,36.58377185058594,38.542431762695315,38.54643180338542
2023-07-26 16:01:58.324428,5511818.0,5512267.0,36.592815877278646,36.59681591796875,38.55547583007812,38.559475911458335
2023-07-26 16:01:58.337389,5511821.0,5512270.0,36.605859985351564,36.609860026041666,38.56851993815104,38.57251997884114
2023-07-26 16:01:58.350341,5511824.0,5512273.0,36.61890372721354,36.622903767903644,38.58156368001302,38.58556376139323
2023-07-26 16:01:58.363298,5511827.0,5512276.0,36.63195821126302,36.63595829264323,38.59460778808593,38.598607828776046
2023-07-26 16:01:58.376255,5511830.0,5512279.0,36.64499190266927,36.64899194335937,38.607651855468745,38.61165193684896
2023-07-26 16:01:58.390208,5511833.0,5512282.0,36.65803597005208,36.662036010742185,38.620695963541664,38.62469600423177
2023-07-26 16:01:58.403164,5511836.0,5512285.0,36.671079752604165,36.675079793294266,38.63373970540365,38.63773974609375
2023-07-26 16:01:58.416121,5511839.0,5512288.0,36.68412381998698,36.68812390136719,38.64678381347656,38.65078385416667
2023-07-26 16:01:58.429078,5511842.0,5512291.0,36.6971679280599,36.70116796875,38.659827880859375,38.663827921549476
2023-07-26 16:01:58.442034,5511845.0,5512294.0,36.71021179199219,36.71421179199219,38.67287182617188,38.676871826171876
2023-07-26 16:01:58.454991,5511848.0,5512297.0,36.723255777994794,36.727255818684895,38.68591573079427,38.68991577148437
2023-07-26 16:01:58.467947,5511851.0,5512300.0,36.7362998453776,36.74029988606771,38.698959798177086,38.70295987955729
2023-07-26 16:01:58.480903,5511854.0,5512303.0,36.74934395345053,36.75334399414063,38.712003906250004,38.716003946940106
2023-07-26 16:01:58.493860,5511857.0,5512306.0,36.7623876953125,36.7663877360026,38.72504764811198,38.72904772949219
2023-07-26 16:01:58.506817,5511860.0,5512309.0,36.77543176269531,36.779431844075525,38.73809175618489,38.742091796874995
2023-07-26 16:01:58.519774,5511863.0,5512312.0,36.78847587076823,36.79247591145833,38.75113582356771,38.75513590494791
2023-07-26 16:01:58.532731,5511866.0,5512315.0,36.80151993815104,36.80552001953125,38.764179931640626,38.76817997233073
2023-07-26 16:01:58.546684,5511869.0,5512318.0,36.81456372070313,36.81856376139323,38.777223673502604,38.78122371419271
2023-07-26 16:01:58.559641,5511872.0,5512321.0,36.827607788085935,36.83160786946615,38.79026778157552,38.794267822265624
2023-07-26 16:01:58.572596,5511875.0,5512324.0,36.84065189615886,36.84465193684896,38.80331184895833,38.80731188964844
2023-07-26 16:01:58.585553,5511878.0,5512327.0,36.85369596354167,36.85769604492187,38.81635595703125,38.82035599772136
2023-07-26 16:01:58.598510,5511881.0,5512330.0,36.86673974609375,36.87073978678385,38.829399698893226,38.83339973958333
2023-07-26 16:01:58.611467,5511884.0,5512333.0,36.879783813476564,36.883783854166666,38.84244376627604,38.84644384765625
2023-07-26 16:01:58.624423,5511887.0,5512336.0,36.892827921549475,36.896827962239584,38.85548787434896,38.85948791503906
2023-07-26 16:01:58.637380,5511890.0,5512339.0,36.905871948242186,36.90987194824219,38.86853194173177,38.872531982421876
2023-07-26 16:01:58.650336,5511893.0,5512342.0,36.91891573079427,36.92291581217448,38.881575724283856,38.88557576497396
2023-07-26 16:01:58.663293,5511896.0,5512345.0,36.931959838867186,36.935959879557295,38.89461979166667,38.898619873046876
2023-07-26 16:01:58.676250,5511899.0,5512348.0,36.94500390625,36.949003987630206,38.90766389973959,38.91166394042969
2023-07-26 16:01:58.690202,5511902.0,5512351.0,36.958047729492186,36.96204772949219,38.92070776367188,38.924707763671876
2023-07-26 16:01:58.703157,5511905.0,5512354.0,36.97109175618489,36.9750918375651,38.933751749674485,38.93775179036459
2023-07-26 16:01:58.716114,5511908.0,5512357.0,36.98413586425781,36.98813590494791,38.94679581705729,38.950795857747394
2023-07-26 16:01:58.729073,5511911.0,5512360.0,36.99717993164062,37.001180013020836,38.95983992513021,38.96383996582031
2023-07-26 16:01:58.742029,5511914.0,5512363.0,37.01022371419271,37.01422375488281,38.97288366699219,38.97688370768229
2023-07-26 16:01:58.754985,5511917.0,5512366.0,37.02326778157552,37.02726782226563,38.985927734375,38.98992781575521
2023-07-26 16:01:58.767942,5511920.0,5512369.0,37.03631188964844,37.04031193033854,38.998971842447915,39.002971883138024
2023-07-26 16:01:58.780899,5511923.0,5512372.0,37.04935595703125,37.053355997721354,39.01201590983073,39.016015991210935
2023-07-26 16:01:58.793856,5511926.0,5512375.0,37.06239969889323,37.066399780273436,39.02505969238281,39.02905973307292
2023-07-26 16:01:58.806813,5511929.0,5512378.0,37.07544380696615,37.07944384765625,39.03810375976562,39.04210384114584
2023-07-26 16:01:58.819768,5511932.0,5512381.0,37.08848787434896,37.09248795572916,39.05114786783854,39.055147908528646
2023-07-26 16:01:58.833722,5511935.0,5512384.0,37.101531982421875,37.10553202311198,39.06419193522135,39.068192016601564
2023-07-26 16:01:58.846684,5511938.0,5512387.0,37.11457572428385,37.11857580566406,39.07723571777344,39.08123575846354
2023-07-26 16:01:58.859635,5511941.0,5512390.0,37.12761983235677,37.13161987304688,39.09027978515625,39.09427982584636
2023-07-26 16:01:58.872592,5511944.0,5512393.0,37.140663899739586,37.14466398111979,39.10332389322917,39.10732393391927
2023-07-26 16:01:58.885548,5511947.0,5512396.0,37.153707885742186,37.15770788574219,39.11636791992188,39.120367919921875
2023-07-26 16:01:58.898505,5511950.0,5512399.0,37.16675174967448,37.170751790364584,39.12941170247396,39.133411783854164
2023-07-26 16:01:58.911462,5511953.0,5512402.0,37.17979585774739,37.1837958984375,39.14245581054688,39.14645585123698
2023-07-26 16:01:58.924418,5511956.0,5512405.0,37.19283992513021,37.19683996582032,39.15551029459636,39.159510375976566
2023-07-26 16:01:58.937375,5511959.0,5512408.0,37.205883666992186,37.20988374837239,39.16854370117188,39.172543701171875
2023-07-26 16:01:58.950331,5511962.0,5512411.0,37.218927775065104,37.22292781575521,39.18158772786458,39.18558780924479
2023-07-26 16:01:58.963288,5511965.0,5512414.0,37.23197184244792,37.235971923828124,39.1946318359375,39.1986318766276
2023-07-26 16:01:58.976245,5511968.0,5512417.0,37.24501595052083,37.24901599121094,39.207675903320315,39.21167598470052
2023-07-26 16:01:58.990196,5511971.0,5512420.0,37.258059692382815,37.26205977376302,39.220719685872396,39.224719726562505
2023-07-26 16:01:59.003152,5511974.0,5512423.0,37.27110380045573,37.275103841145835,39.23376375325521,39.23776379394531
2023-07-26 16:01:59.016109,5511977.0,5512426.0,37.28414786783854,37.288147949218754,39.24680786132812,39.250807902018224
2023-07-26 16:01:59.029066,5511980.0,5512429.0,37.29719197591146,37.30119201660156,39.25985192871094,39.263851969401045
2023-07-26 16:01:59.042022,5511983.0,5512432.0,37.31023571777344,37.31423575846354,39.272895670572915,39.27690616861979
2023-07-26 16:01:59.055317,5511986.0,5512435.0,37.323279825846356,37.32727986653646,39.28593977864583,39.28993981933594
2023-07-26 16:01:59.072671,5511989.0,5512438.0,37.336323893229164,37.340323933919265,39.29898384602865,39.30298392740885
2023-07-26 16:01:59.085106,5511993.0,5512442.0,37.35371569824219,37.35771573893229,39.316375732421875,39.32037573242187
2023-07-26 16:01:59.098281,5511996.0,5512445.0,37.366759765625005,37.37075980631511,39.329419718424475,39.33341979980469
2023-07-26 16:01:59.111237,5511999.0,5512448.0,37.37980387369792,37.38380391438802,39.342463826497394,39.3464638671875
2023-07-26 16:01:59.124194,5512002.0,5512451.0,37.39284794108073,37.39684798177083,39.35550789388021,39.359507975260414
2023-07-26 16:01:59.137150,5512005.0,5512454.0,37.40589168294271,37.409891764322914,39.36855167643229,39.3725517171224
2023-07-26 16:01:59.151104,5512008.0,5512457.0,37.41893579101563,37.42293583170573,39.381595743815105,39.38559582519531
2023-07-26 16:01:59.164066,5512011.0,5512460.0,37.431979858398435,37.43597993977865,39.394639851888016,39.398639892578124
2023-07-26 16:01:59.177017,5512014.0,5512463.0,37.445023966471354,37.449024007161455,39.40768391927084,39.41168400065104
2023-07-26 16:01:59.189973,5512017.0,5512466.0,37.45806770833333,37.462067789713544,39.42072770182292,39.42472774251302
2023-07-26 16:01:59.202930,5512020.0,5512469.0,37.47111181640625,37.47511185709636,39.433771769205734,39.437771809895835
2023-07-26 16:01:59.215887,5512023.0,5512472.0,37.484155883789064,37.48815596516927,39.446815877278645,39.45081591796875
2023-07-26 16:01:59.228844,5512026.0,5512475.0,37.497199991861976,37.501200032552084,39.45985994466146,39.46385998535156
2023-07-26 16:01:59.241800,5512029.0,5512478.0,37.51024373372396,37.51424377441406,39.47290368652344,39.47690376790364
2023-07-26 16:01:59.254757,5512032.0,5512481.0,37.52328784179687,37.52728788248698,39.48595821126302,39.48995825195312
2023-07-26 16:01:59.267713,5512035.0,5512484.0,37.53633190917969,37.540331949869795,39.498991861979164,39.502991943359376
2023-07-26 16:01:59.280669,5512038.0,5512487.0,37.54937585449218,37.55337585449219,39.512035888671875,39.51603588867187
2023-07-26 16:01:59.294623,5512041.0,5512490.0,37.562419799804694,37.56641979980469,39.52507971191406,39.52907979329427
2023-07-26 16:01:59.307579,5512044.0,5512493.0,37.5754638264974,37.5794639078776,39.53812381998698,39.54212386067709
2023-07-26 16:01:59.320537,5512047.0,5512496.0,37.588507934570316,37.59250797526042,39.55116788736979,39.55516796875
2023-07-26 16:01:59.333493,5512050.0,5512499.0,37.601551676432294,37.6055517578125,39.564211669921875,39.56821171061198
2023-07-26 16:01:59.346453,5512053.0,5512502.0,37.614595784505205,37.61859582519531,39.57725573730469,39.58125577799479
2023-07-26 16:01:59.359406,5512056.0,5512505.0,37.62763985188802,37.63163993326823,39.5902998453776,39.59429988606771
2023-07-26 16:01:59.372363,5512059.0,5512508.0,37.64068395996094,37.64468400065104,39.60334391276042,39.607343953450524
2023-07-26 16:01:59.385319,5512062.0,5512511.0,37.653727701822916,37.657727742513025,39.61638765462239,39.620387736002606
2023-07-26 16:01:59.398276,5512065.0,5512514.0,37.666771809895835,37.670771850585936,39.62943176269532,39.63343180338542
2023-07-26 16:01:59.411236,5512068.0,5512517.0,37.67981587727864,37.68381591796875,39.642475830078126,39.64647591145833
2023-07-26 16:01:59.424189,5512071.0,5512520.0,37.69285998535156,37.69686002604167,39.655519938151045,39.659519978841146
2023-07-26 16:01:59.437146,5512074.0,5512523.0,37.70590372721354,37.70990376790364,39.66856368001302,39.67256376139323
2023-07-26 16:01:59.451099,5512077.0,5512526.0,37.718958211263015,37.722958292643234,39.681607788085934,39.68560782877604
2023-07-26 16:01:59.464055,5512080.0,5512529.0,37.73199190266927,37.73599194335937,39.69465185546875,39.69865193684896
2023-07-26 16:01:59.477012,5512083.0,5512532.0,37.74503597005208,37.74903601074219,39.70769596354167,39.71169600423177
2023-07-26 16:01:59.489969,5512086.0,5512535.0,37.75807975260417,37.76207979329427,39.720739705403645,39.72473974609375
2023-07-26 16:01:59.502925,5512089.0,5512538.0,37.77112381998698,37.77512390136719,39.73378381347656,39.737783854166665
2023-07-26 16:01:59.515882,5512092.0,5512541.0,37.7841679280599,37.78816796875,39.74682788085937,39.75082792154947
2023-07-26 16:01:59.528839,5512095.0,5512544.0,37.79721179199219,37.80121179199219,39.759871826171874,39.76387182617188
2023-07-26 16:01:59.541795,5512098.0,5512547.0,37.8102557779948,37.8142558186849,39.77291573079427,39.77691577148437
2023-07-26 16:01:59.554752,5512101.0,5512550.0,37.823299845377605,37.827299886067706,39.78595979817708,39.789959879557294
2023-07-26 16:01:59.567709,5512104.0,5512553.0,37.83634395345052,37.840343994140625,39.79900390625,39.8030039469401
2023-07-26 16:01:59.580665,5512107.0,5512556.0,37.8493876953125,37.8533877360026,39.81204764811198,39.81604772949219
2023-07-26 16:01:59.594619,5512110.0,5512559.0,37.862431762695316,37.86643184407552,39.8250917561849,39.829091796875
2023-07-26 16:01:59.607574,5512113.0,5512562.0,37.87547587076823,37.879475911458336,39.838135823567704,39.84213590494792
2023-07-26 16:01:59.620532,5512116.0,5512565.0,37.88851993815104,37.89252001953125,39.85117993164063,39.85517997233073
2023-07-26 16:01:59.633488,5512119.0,5512568.0,37.90156372070312,37.90556376139323,39.86422367350261,39.86822371419271
2023-07-26 16:01:59.646445,5512122.0,5512571.0,37.91460778808593,37.91860786946615,39.87726778157552,39.88126782226563
2023-07-26 16:01:59.659401,5512125.0,5512574.0,37.92765189615886,37.93165193684896,39.89031184895833,39.894311889648435
2023-07-26 16:01:59.672361,5512128.0,5512577.0,37.940695963541664,37.944696044921876,39.90335595703125,39.90735599772135
2023-07-26 16:01:59.685318,5512131.0,5512580.0,37.95373974609375,37.957739786783854,39.91639969889323,39.92039973958333
2023-07-26 16:01:59.698275,5512134.0,5512583.0,37.96678381347656,37.97078385416667,39.929443766276044,39.93344384765625
2023-07-26 16:01:59.711231,5512137.0,5512586.0,37.97982792154948,37.98382796223959,39.942487874348956,39.946487915039064
2023-07-26 16:01:59.724188,5512140.0,5512589.0,37.99287194824219,37.99687194824219,39.95553194173177,39.95953198242187
2023-07-26 16:01:59.737141,5512143.0,5512592.0,38.00591573079427,38.009915812174484,39.96857572428385,39.97257576497395
2023-07-26 16:01:59.750098,5512146.0,5512595.0,38.01895983886719,38.02295987955729,39.98161979166667,39.98561987304688
2023-07-26 16:01:59.764051,5512149.0,5512598.0,38.03200390625,38.03600398763021,39.994663899739585,39.99866394042969
2023-07-26 16:01:59.777007,5512152.0,5512601.0,38.04504772949219,38.04904772949219,40.007707763671874,40.01170776367188
2023-07-26 16:01:59.789963,5512155.0,5512604.0,38.05809175618489,38.0620918375651,40.02075174967448,40.02475179036458
2023-07-26 16:01:59.802924,5512158.0,5512607.0,38.07113586425781,38.07513590494791,40.03379581705729,40.0377958577474
2023-07-26 16:01:59.815877,5512161.0,5512610.0,38.08417993164063,38.08818001302083,40.046839925130215,40.050839965820316
2023-07-26 16:01:59.828834,5512164.0,5512613.0,38.09722371419271,38.10122375488282,40.059883666992185,40.063883707682294
2023-07-26 16:01:59.841790,5512167.0,5512616.0,38.11026778157552,38.114267822265624,40.072927734375,40.07692781575521
2023-07-26 16:01:59.854748,5512170.0,5512619.0,38.123311889648434,38.127311930338536,40.08597184244792,40.08997188313802
2023-07-26 16:01:59.867704,5512173.0,5512622.0,38.13635595703125,38.14035599772136,40.099015909830726,40.10301599121094
2023-07-26 16:01:59.881657,5512176.0,5512625.0,38.14939969889323,38.15339978027343,40.112059692382815,40.116059733072916
2023-07-26 16:01:59.894618,5512179.0,5512628.0,38.162443806966145,38.166443847656254,40.12510375976562,40.129103841145835
2023-07-26 16:01:59.907570,5512182.0,5512631.0,38.17548787434896,38.179487955729165,40.13814786783854,40.14214790852865
2023-07-26 16:01:59.920526,5512185.0,5512634.0,38.18853198242187,38.19253202311198,40.151191935221355,40.15519201660156
2023-07-26 16:01:59.933483,5512188.0,5512637.0,38.201575724283856,38.20557580566406,40.16423571777344,40.168235758463545
2023-07-26 16:01:59.946440,5512191.0,5512640.0,38.214619832356775,38.218619873046876,40.17727978515625,40.18127982584635
2023-07-26 16:01:59.959396,5512194.0,5512643.0,38.22766389973959,38.231663981119794,40.19032389322916,40.194323933919264
2023-07-26 16:01:59.972352,5512197.0,5512646.0,38.24070788574219,38.24470788574219,40.203367919921874,40.20736791992188
2023-07-26 16:01:59.985309,5512200.0,5512649.0,38.25375174967448,38.25775179036459,40.216411702473955,40.22041178385416
2023-07-26 16:01:59.998266,5512203.0,5512652.0,38.2667958577474,38.2707958984375,40.229455810546874,40.23345585123698
2023-07-26 16:02:00.011222,5512206.0,5512655.0,38.27983992513021,38.28383996582031,40.24251029459636,40.24651037597656
2023-07-26 16:02:00.024179,5512209.0,5512658.0,38.29288366699219,38.296883748372395,40.255543701171874,40.25954370117188
2023-07-26 16:02:00.038132,5512212.0,5512661.0,38.30592777506511,38.30992781575521,40.268587727864585,40.27258780924479
2023-07-26 16:02:00.051089,5512215.0,5512664.0,38.318971842447915,38.32297192382813,40.281631835937496,40.285631876627605
2023-07-26 16:02:00.068032,5512218.0,5512667.0,38.332015950520834,38.336015991210935,40.29467590332032,40.29867598470052
2023-07-26 16:02:00.085128,5512222.0,5512671.0,38.34940771484375,38.353407796223955,40.31206770833333,40.31606774902344
2023-07-26 16:02:00.098078,5512226.0,5512675.0,38.36679984537761,38.37079988606771,40.32945979817708,40.33345987955729
2023-07-26 16:02:00.116018,5512229.0,5512678.0,38.379843953450525,38.383843994140626,40.34250390625,40.3465039469401
2023-07-26 16:02:00.128560,5512233.0,5512682.0,38.39723571777344,38.40123575846354,40.35989567057292,40.36390616861979
2023-07-26 16:02:00.141609,5512236.0,5512685.0,38.41027982584635,38.41427986653646,40.372939778645836,40.37693981933594
2023-07-26 16:02:00.154605,5512239.0,5512688.0,38.42332389322917,38.42732393391927,40.385983846028644,40.389983927408856
2023-07-26 16:02:00.167952,5512242.0,5512691.0,38.436368001302085,38.44036804199219,40.39902795410156,40.403027994791664
2023-07-26 16:02:00.181296,5512245.0,5512694.0,38.44941174316406,38.453411783854165,40.41207169596354,40.416071777343745
2023-07-26 16:02:00.194446,5512248.0,5512697.0,38.46245581054688,38.46645589192708,40.42511580403646,40.42911584472657
2023-07-26 16:02:00.211564,5512251.0,5512700.0,38.47551033528646,38.47951037597657,40.43815987141927,40.44215995279948
2023-07-26 16:02:00.224615,5512255.0,5512704.0,38.492891682942705,38.49689176432292,40.45555167643229,40.459551717122395
2023-07-26 16:02:00.237578,5512258.0,5512707.0,38.50593579101563,38.50993583170573,40.4685957438151,40.472595825195306
2023-07-26 16:02:00.250533,5512261.0,5512710.0,38.51897985839844,38.522979939778644,40.48163985188802,40.48563989257812
2023-07-26 16:02:00.263485,5512264.0,5512713.0,38.53202396647135,38.53602400716146,40.494683919270834,40.49868400065104
2023-07-26 16:02:00.276447,5512267.0,5512716.0,38.545067708333335,38.54906778971354,40.507727701822915,40.511727742513024
2023-07-26 16:02:00.289404,5512270.0,5512719.0,38.55811181640625,38.562111857096355,40.52077176920573,40.52477180989583
2023-07-26 16:02:00.303359,5512273.0,5512722.0,38.57115588378907,38.57515596516927,40.53381587727864,40.53781591796875
2023-07-26 16:02:00.320300,5512276.0,5512725.0,38.58419999186198,38.58820003255208,40.54685994466146,40.550859985351565
2023-07-26 16:02:00.333256,5512280.0,5512729.0,38.601591756184895,38.6055918375651,40.56425174967448,40.568251790364585
2023-07-26 16:02:00.346213,5512283.0,5512732.0,38.61463586425781,38.618635904947915,40.57729581705729,40.58129585774739
2023-07-26 16:02:00.359170,5512286.0,5512735.0,38.62767993164063,38.63168001302083,40.59033992513021,40.59433996582032
2023-07-26 16:02:00.372126,5512289.0,5512738.0,38.64072371419271,38.64472375488281,40.60338366699219,40.60738370768229
2023-07-26 16:02:00.390067,5512292.0,5512741.0,38.653767781575525,38.657767822265626,40.616427734374994,40.620427815755214
2023-07-26 16:02:00.403127,5512296.0,5512745.0,38.67115991210938,38.67515995279948,40.63381986490885,40.63781990559895
2023-07-26 16:02:00.416301,5512299.0,5512748.0,38.68420397949219,38.68820397949219,40.64686397298177,40.65086401367188
2023-07-26 16:02:00.429354,5512302.0,5512751.0,38.69724776204427,38.70124780273437,40.65990771484375,40.66390775553385
2023-07-26 16:02:00.441878,5512305.0,5512754.0,38.710291829427085,38.71429187011719,40.67295178222656,40.676951863606774
2023-07-26 16:02:00.455000,5512308.0,5512757.0,38.7233359375,38.727335978190105,40.68599589029948,40.68999593098958
2023-07-26 16:02:00.468333,5512311.0,5512760.0,38.73637976074219,38.74037976074219,40.69903979492187,40.70303979492188
2023-07-26 16:02:00.481575,5512314.0,5512763.0,38.74942374674479,38.753423828125,40.71208374023438,40.71608378092448
2023-07-26 16:02:00.493755,5512317.0,5512766.0,38.76246785481771,38.76646789550781,40.725127807617184,40.7291278889974
2023-07-26 16:02:00.507737,5512320.0,5512769.0,38.77551192220052,38.77951200358073,40.7381719156901,40.74217195638021
2023-07-26 16:02:00.519833,5512323.0,5512772.0,38.7885557047526,38.792555745442705,40.75121565755209,40.75521569824219
2023-07-26 16:02:00.533281,5512326.0,5512775.0,38.80159977213541,38.80559985351563,40.764259765625,40.76825980631511
2023-07-26 16:02:00.550754,5512330.0,5512779.0,38.81899190266927,38.822991943359376,40.781651855468745,40.785651936848964
2023-07-26 16:02:00.563846,5512333.0,5512782.0,38.83203597005208,38.836036010742184,40.79469596354167,40.79869600423177
2023-07-26 16:02:00.576985,5512336.0,5512785.0,38.845079752604164,38.849079793294266,40.80773970540365,40.81173974609375
2023-07-26 16:02:00.589468,5512339.0,5512788.0,38.85812381998698,38.86212390136719,40.82078381347656,40.82478385416667
2023-07-26 16:02:00.607716,5512342.0,5512791.0,38.8711679280599,38.87516796875,40.833827880859374,40.837827921549476
2023-07-26 16:02:00.620059,5512346.0,5512795.0,38.88855969238281,38.89255977376302,40.8512196858724,40.8552197265625
2023-07-26 16:02:00.633082,5512349.0,5512798.0,38.901603800455725,38.90560384114584,40.86426375325521,40.86826379394532
2023-07-26 16:02:00.646367,5512352.0,5512801.0,38.91464786783854,38.91864794921875,40.87730786132812,40.88130790201823
2023-07-26 16:02:00.663627,5512355.0,5512804.0,38.92769197591146,38.93169201660156,40.89035192871094,40.89435196940104
2023-07-26 16:02:00.676311,5512359.0,5512808.0,38.945083740234374,38.94908382161458,40.90774373372396,40.91174377441406
2023-07-26 16:02:00.689597,5512362.0,5512811.0,38.95812784830729,38.962127888997394,40.92078780110677,40.92478784179688
2023-07-26 16:02:00.706809,5512365.0,5512814.0,38.97117191569011,38.97517199707031,40.93383190917969,40.937831949869796
2023-07-26 16:02:00.720563,5512369.0,5512818.0,38.98856372070313,38.99256376139323,40.951223673502604,40.95522371419271
2023-07-26 16:02:00.732976,5512372.0,5512821.0,39.001607788085934,39.00560786946615,40.96426778157552,40.968267822265624
2023-07-26 16:02:00.746394,5512375.0,5512824.0,39.01465189615886,39.01865193684896,40.97731184895833,40.98131188964844
2023-07-26 16:02:00.759821,5512378.0,5512827.0,39.02769596354167,39.03169604492187,40.990355957031255,40.99435599772136
2023-07-26 16:02:00.772144,5512381.0,5512830.0,39.04073974609375,39.04473978678386,41.003399698893226,41.007399739583335
2023-07-26 16:02:00.785321,5512384.0,5512833.0,39.053783813476564,39.057783854166665,41.01644376627604,41.02044384765625
2023-07-26 16:02:00.802771,5512387.0,5512836.0,39.066827921549475,39.07082796223958,41.02948787434896,41.03348791503906
2023-07-26 16:02:00.816173,5512391.0,5512840.0,39.0842196858724,39.0882197265625,41.046879638671875,41.05087972005208
2023-07-26 16:02:00.829168,5512394.0,5512843.0,39.09726379394532,39.10126383463542,41.059923746744786,41.0639237874349
2023-07-26 16:02:00.841515,5512397.0,5512846.0,39.110307861328124,39.114307902018226,41.07296781412761,41.07696789550781
2023-07-26 16:02:00.854840,5512400.0,5512849.0,39.12335196940104,39.127352010091144,41.08601192220052,41.09001196289063
2023-07-26 16:02:00.868224,5512403.0,5512852.0,39.13640612792969,39.14040616861979,41.0990556640625,41.10305574544271
2023-07-26 16:02:00.881580,5512406.0,5512855.0,39.149439778645835,39.15343986002604,41.112099772135416,41.11609981282552
2023-07-26 16:02:00.894126,5512409.0,5512858.0,39.162483886718746,39.166483927408855,41.12514383951822,41.12914392089844
2023-07-26 16:02:00.907335,5512412.0,5512861.0,39.17552795410156,39.179528035481766,41.13818794759115,41.14218798828125
2023-07-26 16:02:00.920646,5512415.0,5512864.0,39.18857173665364,39.19257177734375,41.15123168945313,41.15523173014323
2023-07-26 16:02:00.932897,5512418.0,5512867.0,39.201615804036464,39.20561588541667,41.164275797526045,41.16827583821615
2023-07-26 16:02:00.950282,5512421.0,5512870.0,39.214659912109376,39.218659952799484,41.17731986490885,41.181319905598954
2023-07-26 16:02:00.964033,5512425.0,5512874.0,39.23205167643229,39.2360517578125,41.19471166992188,41.19871171061198
2023-07-26 16:02:00.977108,5512428.0,5512877.0,39.2450957845052,39.24909582519531,41.20775573730469,41.211755777994796
2023-07-26 16:02:00.990268,5512431.0,5512880.0,39.25813985188802,39.26213993326823,41.220799845377606,41.22479988606771
2023-07-26 16:02:01.003282,5512434.0,5512883.0,39.271183959960936,39.275184000651045,41.23384391276042,41.23784395345052
2023-07-26 16:02:01.015525,5512437.0,5512886.0,39.28422770182292,39.28822774251302,41.2468876546224,41.2508877360026
2023-07-26 16:02:01.028679,5512440.0,5512889.0,39.29727180989583,39.30127185058594,41.25993176269532,41.26393180338542
2023-07-26 16:02:01.041969,5512443.0,5512892.0,39.31031587727865,39.31431591796875,41.272975830078124,41.27697591145833
2023-07-26 16:02:01.059187,5512446.0,5512895.0,39.323359985351566,39.32736002604167,41.28601993815104,41.290019978841144
2023-07-26 16:02:01.072316,5512450.0,5512899.0,39.34075174967448,39.34475179036458,41.30341170247396,41.307411783854164
2023-07-26 16:02:01.085574,5512453.0,5512902.0,39.35379585774739,39.3577958984375,41.31645581054688,41.32045585123698
2023-07-26 16:02:01.102603,5512456.0,5512905.0,39.366839925130215,39.370839965820316,41.32951029459636,41.333510375976566
2023-07-26 16:02:01.115980,5512460.0,5512909.0,39.38423173014323,39.388231770833336,41.346891682942704,41.35089172363281
2023-07-26 16:02:01.133297,5512463.0,5512912.0,39.39727579752604,39.401275838216144,41.359935750325526,41.36393583170573
2023-07-26 16:02:01.146398,5512467.0,5512916.0,39.4146679280599,39.41866796875,41.37732788085937,41.38132792154948
2023-07-26 16:02:01.159022,5512470.0,5512919.0,39.42771179199219,39.431711791992186,41.39037182617188,41.39437182617188
2023-07-26 16:02:01.176488,5512473.0,5512922.0,39.440755777994795,39.4447558186849,41.403415730794265,41.407415771484374
2023-07-26 16:02:01.189747,5512477.0,5512926.0,39.45814786783854,39.46214794921875,41.42080786132812,41.42480790201823
2023-07-26 16:02:01.207012,5512480.0,5512929.0,39.47119197591146,39.47519201660156,41.43385192871094,41.437851969401045
2023-07-26 16:02:01.220071,5512484.0,5512933.0,39.488583740234375,39.49258382161458,41.451243733723956,41.455243774414065
2023-07-26 16:02:01.233028,5512487.0,5512936.0,39.50162784830729,39.505627888997395,41.46428780110677,41.46828784179687
2023-07-26 16:02:01.250968,5512490.0,5512939.0,39.51467191569011,39.518671997070314,41.47733190917968,41.4813319498698
2023-07-26 16:02:01.263925,5512494.0,5512943.0,39.53206372070312,39.53606376139323,41.494723673502605,41.49872371419271
2023-07-26 16:02:01.276881,5512497.0,5512946.0,39.545107788085936,39.54910786946615,41.507767781575524,41.511767822265625
2023-07-26 16:02:01.293824,5512500.0,5512949.0,39.558151896158854,39.56215193684896,41.52081184895833,41.52481188964843
2023-07-26 16:02:01.311764,5512504.0,5512953.0,39.575543823242185,39.57954382324219,41.53820385742188,41.542203857421875
2023-07-26 16:02:01.324721,5512508.0,5512957.0,39.59293579101563,39.59693583170573,41.555595743815104,41.55959582519531
2023-07-26 16:02:01.337678,5512511.0,5512960.0,39.605979858398435,39.60997993977865,41.568639851888015,41.572639892578124
2023-07-26 16:02:01.354625,5512514.0,5512963.0,39.61902396647135,39.623024007161455,41.58168391927084,41.58568400065104
2023-07-26 16:02:01.368577,5512518.0,5512967.0,39.63641573079427,39.64041581217448,41.59907572428385,41.60307576497396
2023-07-26 16:02:01.385521,5512521.0,5512970.0,39.64945983886719,39.65345987955729,41.61211979166667,41.61611987304688
2023-07-26 16:02:01.398532,5512525.0,5512974.0,39.666851969401044,39.670852010091146,41.62951192220052,41.63351196289062
2023-07-26 16:02:01.415541,5512528.0,5512977.0,39.67990612792969,39.68390616861979,41.6425556640625,41.64655574544271
2023-07-26 16:02:01.428479,5512532.0,5512981.0,39.69728784179687,39.70128788248698,41.65995821126302,41.66395825195312
2023-07-26 16:02:01.442391,5512535.0,5512984.0,39.710331909179686,39.714331949869795,41.67299186197916,41.676991943359376
2023-07-26 16:02:01.455347,5512538.0,5512987.0,39.72337585449218,39.72737585449219,41.686035888671874,41.69003588867187
2023-07-26 16:02:01.468304,5512541.0,5512990.0,39.73641975911458,39.74041979980469,41.69907971191406,41.70307979329427
2023-07-26 16:02:01.481260,5512544.0,5512993.0,39.7494638264974,39.7534639078776,41.712123819986985,41.71612381998698
2023-07-26 16:02:01.494217,5512547.0,5512996.0,39.762507934570316,39.76650797526042,41.72516788736979,41.729167968750005
2023-07-26 16:02:01.511155,5512550.0,5512999.0,39.77555167643229,39.7795517578125,41.738211669921874,41.74221171061198
2023-07-26 16:02:01.524193,5512554.0,5513003.0,39.79294380696615,39.79694384765625,41.75560375976562,41.75960384114584
2023-07-26 16:02:01.537268,5512557.0,5513006.0,39.80598787434896,39.80998795572916,41.76864786783854,41.77264790852865
2023-07-26 16:02:01.550697,5512560.0,5513009.0,39.819031982421876,39.82303202311198,41.78169193522135,41.785692016601566
2023-07-26 16:02:01.564177,5512563.0,5513012.0,39.832075724283854,39.83607580566406,41.79473571777344,41.79873575846354
2023-07-26 16:02:01.581145,5512566.0,5513015.0,39.84511983235677,39.849119873046874,41.80777978515625,41.81177982584636
2023-07-26 16:02:01.593937,5512570.0,5513019.0,39.86251192220052,39.86651200358073,41.825171915690106,41.82917195638021
2023-07-26 16:02:01.607569,5512573.0,5513022.0,39.87555570475261,39.87955574544271,41.838215657552084,41.84221569824219
2023-07-26 16:02:01.620711,5512576.0,5513025.0,39.888599772135414,39.89259985351563,41.851259765625,41.855259806315104
2023-07-26 16:02:01.637962,5512579.0,5513028.0,39.90164388020833,39.90564392089844,41.86430383300781,41.86830387369792
2023-07-26 16:02:01.650427,5512583.0,5513032.0,39.91903597005208,39.92303601074219,41.88169596354167,41.88569600423177
2023-07-26 16:02:01.663454,5512586.0,5513035.0,39.93207975260417,39.93607979329427,41.894739705403644,41.89873974609375
2023-07-26 16:02:01.676621,5512589.0,5513038.0,39.94512381998698,39.94912390136719,41.90778381347656,41.911783854166664
2023-07-26 16:02:01.693889,5512592.0,5513041.0,39.9581679280599,39.96216796875,41.92082788085937,41.92482792154948
2023-07-26 16:02:01.707101,5512596.0,5513045.0,39.97555969238281,39.97955977376302,41.9382196858724,41.9422197265625
2023-07-26 16:02:01.720106,5512599.0,5513048.0,39.98860380045573,39.992603841145836,41.95126375325521,41.95526379394531
2023-07-26 16:02:01.737372,5512602.0,5513051.0,40.001647867838535,40.005647949218755,41.96430786132812,41.968307902018225
2023-07-26 16:02:01.750569,5512606.0,5513055.0,40.019039916992185,40.02303991699219,41.981699951171876,41.985699951171874
2023-07-26 16:02:01.763572,5512609.0,5513058.0,40.03208374023437,40.03608382161458,41.99474373372396,41.99874377441406
2023-07-26 16:02:01.776705,5512612.0,5513061.0,40.04512784830729,40.04912788899739,42.00778780110677,42.011787841796874
2023-07-26 16:02:01.794031,5512615.0,5513064.0,40.0581719156901,40.062171997070315,42.020831909179684,42.02483194986979
2023-07-26 16:02:01.807064,5512619.0,5513068.0,40.07556372070312,40.07956376139323,42.03822367350261,42.04222371419271
2023-07-26 16:02:01.820531,5512622.0,5513071.0,40.08860778808594,40.09260786946615,42.051267781575525,42.05526782226563
2023-07-26 16:02:01.833654,5512625.0,5513074.0,40.101651896158856,40.105651936848965,42.06431184895833,42.068311889648434
2023-07-26 16:02:01.850754,5512628.0,5513077.0,40.114695963541664,40.118696044921876,42.07735595703125,42.08135599772135
2023-07-26 16:02:01.863787,5512632.0,5513081.0,40.13208776855468,40.13608780924479,42.09474772135417,42.09874776204427
2023-07-26 16:02:01.877107,5512635.0,5513084.0,40.1451318359375,40.1491319173177,42.107791829427086,42.11179187011719
2023-07-26 16:02:01.894478,5512638.0,5513087.0,40.15817594401042,40.162175984700525,42.12083589680989,42.1248359375
2023-07-26 16:02:01.906948,5512642.0,5513091.0,40.17556770833333,40.17956778971354,42.13822770182292,42.14222774251302
2023-07-26 16:02:01.920373,5512645.0,5513094.0,40.18861181640625,40.19261185709636,42.15127176920573,42.15527180989584
2023-07-26 16:02:01.937605,5512648.0,5513097.0,40.201655883789066,40.20565596516927,42.164315877278646,42.16831591796875
2023-07-26 16:02:01.950621,5512652.0,5513101.0,40.21904772949219,40.22304772949219,42.181707763671874,42.18570776367188
2023-07-26 16:02:01.963995,5512655.0,5513104.0,40.23209175618489,40.2360918375651,42.19475174967448,42.19875179036458
2023-07-26 16:02:01.976970,5512658.0,5513107.0,40.24513586425781,40.24913590494791,42.20779581705729,42.2117958577474
2023-07-26 16:02:01.994001,5512661.0,5513110.0,40.258179931640626,40.26218001302083,42.220839925130214,42.224839965820316
2023-07-26 16:02:02.007134,5512665.0,5513114.0,40.275571736653646,40.27957177734375,42.23823168945312,42.24223173014323
2023-07-26 16:02:02.020547,5512668.0,5513117.0,40.28861580403646,40.292615885416666,42.25127579752604,42.25527583821614
2023-07-26 16:02:02.037774,5512671.0,5513120.0,40.30165991210938,40.30565995279948,42.26431986490885,42.26831990559896
2023-07-26 16:02:02.051153,5512675.0,5513124.0,40.319051676432295,40.3230517578125,42.281711669921876,42.285711710611984
2023-07-26 16:02:02.063615,5512678.0,5513127.0,40.332095784505206,40.33609582519531,42.29475573730469,42.29875577799479
2023-07-26 16:02:02.076944,5512681.0,5513130.0,40.34513985188802,40.34913993326823,42.3077998453776,42.31179988606771
2023-07-26 16:02:02.094160,5512684.0,5513133.0,40.35818395996094,40.36218400065104,42.32084391276042,42.324843953450525
2023-07-26 16:02:02.107405,5512688.0,5513137.0,40.375575724283856,40.37957580566406,42.338235717773436,42.342235758463545
2023-07-26 16:02:02.124822,5512691.0,5513140.0,40.388619832356774,40.392619873046876,42.35127978515625,42.35527982584635
2023-07-26 16:02:02.137936,5512695.0,5513144.0,40.40601192220052,40.410012003580725,42.36867191569011,42.37267195638021
2023-07-26 16:02:02.155318,5512698.0,5513147.0,40.4190557047526,40.42305574544271,42.381715657552085,42.38571569824219
2023-07-26 16:02:02.168092,5512702.0,5513151.0,40.436458211263016,40.440458292643235,42.399107788085935,42.403107828776044
2023-07-26 16:02:02.181301,5512705.0,5513154.0,40.44949190266927,40.453491943359374,42.41215185546875,42.41615193684896
2023-07-26 16:02:02.198730,5512708.0,5513157.0,40.46253597005208,40.46653601074219,42.42519596354167,42.42919600423177
2023-07-26 16:02:02.211872,5512712.0,5513161.0,40.47992777506511,40.48392781575521,42.442587727864584,42.44658780924479
2023-07-26 16:02:02.225048,5512715.0,5513164.0,40.492971842447915,40.49697192382813,42.455631835937496,42.459631876627604
2023-07-26 16:02:02.242337,5512718.0,5513167.0,40.50601595052083,40.510015991210935,42.46867590332032,42.47267598470052
2023-07-26 16:02:02.255059,5512722.0,5513171.0,40.52340771484375,40.527407796223955,42.48606770833333,42.49006774902344
2023-07-26 16:02:02.268332,5512725.0,5513174.0,40.53645182291667,40.54045186360677,42.499111775716145,42.50311185709636
2023-07-26 16:02:02.285439,5512728.0,5513177.0,40.549495890299475,40.55349597167969,42.51215588378906,42.51615592447917
2023-07-26 16:02:02.298933,5512732.0,5513181.0,40.5668876953125,40.570887736002604,42.52954764811198,42.533547729492184
2023-07-26 16:02:02.311379,5512735.0,5513184.0,40.57993176269532,40.58393184407552,42.54259175618489,42.546591796875
2023-07-26 16:02:02.329340,5512738.0,5513187.0,40.59297587076823,40.59697591145833,42.555635823567705,42.55963590494791
2023-07-26 16:02:02.341720,5512742.0,5513191.0,40.610368001302085,40.614368041992186,42.57302795410156,42.57702799479166
2023-07-26 16:02:02.359962,5512745.0,5513194.0,40.62341174316406,40.627411783854164,42.58607169596354,42.59007177734375
2023-07-26 16:02:02.372466,5512749.0,5513198.0,40.64080387369791,40.64480391438802,42.603463826497396,42.6074638671875
2023-07-26 16:02:02.385594,5512752.0,5513201.0,40.653847941080734,40.657847981770836,42.61650789388021,42.620507975260416
2023-07-26 16:02:02.402890,5512755.0,5513204.0,40.666891682942705,40.67089176432292,42.62955167643229,42.633551717122394
2023-07-26 16:02:02.416108,5512759.0,5513208.0,40.68428381347656,40.68828385416666,42.646943766276046,42.65094384765625
2023-07-26 16:02:02.433157,5512762.0,5513211.0,40.69732792154947,40.70132796223959,42.65998787434896,42.66398791503906
2023-07-26 16:02:02.446327,5512766.0,5513215.0,40.714719685872396,40.718719726562504,42.67737963867187,42.681379720052085
2023-07-26 16:02:02.459649,5512769.0,5513218.0,40.727763793945314,40.731763834635416,42.69042374674479,42.6944237874349
2023-07-26 16:02:02.477041,5512772.0,5513221.0,40.74080786132812,40.74480790201823,42.703467814127606,42.70746789550781
2023-07-26 16:02:02.489500,5512776.0,5513225.0,40.75819999186198,40.76220003255208,42.72085994466146,42.724859985351564
2023-07-26 16:02:02.502906,5512779.0,5513228.0,40.771243733723956,40.775243774414065,42.73390368652343,42.737903767903646
2023-07-26 16:02:02.519953,5512782.0,5513231.0,40.784287841796875,40.788287882486976,42.74695821126302,42.75095825195312
2023-07-26 16:02:02.533081,5512786.0,5513235.0,40.80167993164063,40.80568001302083,42.76433992513021,42.76833996582032
2023-07-26 16:02:02.546396,5512789.0,5513238.0,40.81472371419271,40.81872375488281,42.777383666992186,42.78138370768229
2023-07-26 16:02:02.563712,5512792.0,5513241.0,40.827767781575524,40.831767822265626,42.790427734374994,42.79442781575521
2023-07-26 16:02:02.577256,5512796.0,5513245.0,40.84515991210938,40.84915995279948,42.80781986490885,42.81181990559896
2023-07-26 16:02:02.590382,5512799.0,5513248.0,40.85820397949219,40.862203979492186,42.82086397298177,42.82486401367188
2023-07-26 16:02:02.607412,5512802.0,5513251.0,40.87124776204427,40.87524780273437,42.83390771484375,42.83790775553385
2023-07-26 16:02:02.620249,5512806.0,5513255.0,40.888639851888016,40.892639933268235,42.8512998453776,42.855299886067705
2023-07-26 16:02:02.633531,5512809.0,5513258.0,40.90168395996094,40.90568400065104,42.86434391276042,42.86834395345053
2023-07-26 16:02:02.650627,5512812.0,5513261.0,40.91472770182292,40.91872774251302,42.877387654622396,42.8813877360026
2023-07-26 16:02:02.663807,5512816.0,5513265.0,40.932119832356776,40.93611987304688,42.89477978515625,42.898779825846354
2023-07-26 16:02:02.681184,5512819.0,5513268.0,40.94516389973958,40.949163981119796,42.907823893229164,42.911823933919266
2023-07-26 16:02:02.699126,5512823.0,5513272.0,40.9625557047526,40.96655574544271,42.92521565755209,42.92921569824219
2023-07-26 16:02:02.711273,5512827.0,5513276.0,40.97995821126302,40.98395829264323,42.94260778808594,42.946607828776045
2023-07-26 16:02:02.729272,5512831.0,5513279.0,40.99733992513021,41.001339965820314,42.955651855468744,42.959651936848964
2023-07-26 16:02:02.742168,5512834.0,5513283.0,41.01038366699219,41.014383748372396,42.973043701171875,42.97704370117187
2023-07-26 16:02:02.759373,5512837.0,5513286.0,41.02342777506511,41.02742781575521,42.98608772786458,42.99008780924479
2023-07-26 16:02:02.772812,5512841.0,5513290.0,41.04081990559896,41.04481994628906,43.003479858398435,43.007479899088544
2023-07-26 16:02:02.789708,5512844.0,5513293.0,41.05386397298177,41.057864013671875,43.01652392578125,43.020524007161455
2023-07-26 16:02:02.802669,5512848.0,5513297.0,41.07125577799479,41.075255818684894,43.03391573079427,43.03791577148437
2023-07-26 16:02:02.820609,5512851.0,5513300.0,41.0842998453776,41.08829988606771,43.046959798177085,43.05095987955729
2023-07-26 16:02:02.833566,5512855.0,5513304.0,41.10169197591146,41.105692016601566,43.06435192871094,43.06835196940104
2023-07-26 16:02:02.850509,5512858.0,5513307.0,41.114735717773435,41.118735758463544,43.07739567057292,43.08140616861979
2023-07-26 16:02:02.863465,5512862.0,5513311.0,41.13212784830729,41.13612788899739,43.09478780110677,43.09878784179688
2023-07-26 16:02:02.881405,5512865.0,5513314.0,41.145171915690106,41.14917199707031,43.10783190917969,43.111831949869796
2023-07-26 16:02:02.894415,5512869.0,5513318.0,41.162563720703126,41.16656376139323,43.1252236735026,43.12922371419271
2023-07-26 16:02:02.911358,5512872.0,5513321.0,41.175607788085934,41.179607869466146,43.13826778157552,43.14226782226562
2023-07-26 16:02:02.924315,5512876.0,5513325.0,41.19301033528646,41.19701037597657,43.155659871419275,43.15965995279948
2023-07-26 16:02:02.942294,5512879.0,5513328.0,41.20604382324219,41.21004382324219,43.168703857421875,43.17270385742187
2023-07-26 16:02:02.955511,5512883.0,5513332.0,41.223435791015625,41.22743583170573,43.1860957438151,43.19009582519531
2023-07-26 16:02:02.968626,5512886.0,5513335.0,41.23647985839844,41.240479939778645,43.19913985188802,43.20313989257812
2023-07-26 16:02:02.985963,5512889.0,5513338.0,41.24952396647135,41.25352400716146,43.212183919270835,43.21618400065104
2023-07-26 16:02:02.999036,5512893.0,5513342.0,41.26691573079427,41.27091581217448,43.229575724283855,43.233575764973956
2023-07-26 16:02:03.016135,5512896.0,5513345.0,41.279959838867185,41.283959879557294,43.24261979166667,43.246619873046875
2023-07-26 16:02:03.029549,5512900.0,5513349.0,41.29735196940104,41.30135201009115,43.26001192220052,43.26401196289063
2023-07-26 16:02:03.046184,5512903.0,5513352.0,41.31040612792969,41.31440616861979,43.273055664062504,43.27705574544271
2023-07-26 16:02:03.059330,5512907.0,5513356.0,41.32778784179688,41.33178788248698,43.290458211263015,43.294458251953124
2023-07-26 16:02:03.076927,5512910.0,5513359.0,41.340831909179684,41.34483194986979,43.30349186197917,43.30749194335937
2023-07-26 16:02:03.090305,5512914.0,5513363.0,41.35822371419271,41.36222375488281,43.32088366699219,43.32488370768229
2023-07-26 16:02:03.107249,5512917.0,5513366.0,41.371267781575526,41.37526782226563,43.333927734374996,43.33792781575521
2023-07-26 16:02:03.120209,5512921.0,5513370.0,41.388659912109375,41.392659952799484,43.35131986490885,43.355319905598954
2023-07-26 16:02:03.133162,5512924.0,5513373.0,41.40170397949219,41.40570397949219,43.36436397298177,43.36836401367188
2023-07-26 16:02:03.151102,5512927.0,5513376.0,41.41474776204427,41.41874780273437,43.37740771484375,43.38140775553385
2023-07-26 16:02:03.164058,5512931.0,5513380.0,41.43213985188802,41.43613993326823,43.394799845377605,43.39879988606771
2023-07-26 16:02:03.177015,5512934.0,5513383.0,41.445183959960936,41.449184000651044,43.40784391276042,43.41184395345052
2023-07-26 16:02:03.193958,5512937.0,5513386.0,41.45822770182292,41.46222774251302,43.4208876546224,43.4248877360026
2023-07-26 16:02:03.206915,5512941.0,5513390.0,41.47561983235677,41.47961987304688,43.43827978515625,43.442279825846356
2023-07-26 16:02:03.219871,5512944.0,5513393.0,41.488663899739585,41.49266398111979,43.451323893229166,43.45532393391927
2023-07-26 16:02:03.237811,5512947.0,5513396.0,41.501707885742185,41.50570788574219,43.46436791992188,43.468367919921874
2023-07-26 16:02:03.250768,5512951.0,5513400.0,41.51909977213541,41.52309985351563,43.481759765625,43.48575980631511
2023-07-26 16:02:03.268707,5512954.0,5513403.0,41.53214388020833,41.53614392089844,43.494803833007815,43.498803873697916
2023-07-26 16:02:03.281664,5512958.0,5513407.0,41.549535970052084,41.553536010742185,43.512195963541664,43.51619600423177
2023-07-26 16:02:03.298607,5512961.0,5513410.0,41.562579752604165,41.56657979329427,43.52523970540365,43.52923974609375
2023-07-26 16:02:03.316548,5512966.0,5513414.0,41.58431990559895,41.58831994628906,43.5426318359375,43.5466318766276
2023-07-26 16:02:03.329504,5512969.0,5513418.0,41.597363972981775,41.601364013671876,43.56002392578125,43.56402400716146
2023-07-26 16:02:03.346447,5512972.0,5513421.0,41.610407714843745,41.61440779622396,43.57306770833333,43.577067749023435
2023-07-26 16:02:03.359404,5512976.0,5513425.0,41.6277998453776,41.631799886067704,43.590459798177086,43.59445987955729
2023-07-26 16:02:03.377344,5512979.0,5513428.0,41.64084395345052,41.64484399414063,43.60350390625,43.607503946940106
2023-07-26 16:02:03.390300,5512983.0,5513432.0,41.65823571777344,41.662235758463545,43.620895670572914,43.624906168619795
2023-07-26 16:02:03.407243,5512986.0,5513435.0,41.671279825846355,41.67527986653646,43.63393977864584,43.63793981933594
2023-07-26 16:02:03.420200,5512990.0,5513439.0,41.68867191569011,41.69267199707031,43.65133190917968,43.6553319498698
2023-07-26 16:02:03.438140,5512993.0,5513442.0,41.70171569824219,41.70571573893229,43.664375732421874,43.66837573242187
2023-07-26 16:02:03.451095,5512997.0,5513446.0,41.719107788085935,41.72310786946615,43.68176778157552,43.685767822265625
2023-07-26 16:02:03.468039,5513000.0,5513449.0,41.73215189615886,41.73615193684896,43.69481184895833,43.69881188964843
2023-07-26 16:02:03.485985,5513004.0,5513453.0,41.749543823242185,41.75354382324219,43.712203857421876,43.716203857421874
2023-07-26 16:02:03.498935,5513008.0,5513457.0,41.76693579101563,41.77093583170573,43.7295957438151,43.73359582519531
2023-07-26 16:02:03.516046,5513011.0,5513460.0,41.779979858398434,41.783979939778646,43.742639851888015,43.74663989257812
2023-07-26 16:02:03.529074,5513015.0,5513464.0,41.79737194824219,41.80137194824219,43.76003194173177,43.764031982421876
2023-07-26 16:02:03.546166,5513018.0,5513467.0,41.81041573079427,41.81441581217448,43.773075724283856,43.77707576497396
2023-07-26 16:02:03.559209,5513022.0,5513471.0,41.827807861328125,41.83180790201823,43.7904678141276,43.794467895507815
2023-07-26 16:02:03.577200,5513025.0,5513474.0,41.840851969401044,41.844852010091145,43.80351192220052,43.80751196289062
2023-07-26 16:02:03.590565,5513029.0,5513478.0,41.85824373372396,41.86224377441406,43.82090368652344,43.82490376790364
2023-07-26 16:02:03.607717,5513032.0,5513481.0,41.87128784179688,41.87528788248698,43.83395821126302,43.83795825195312
2023-07-26 16:02:03.620154,5513036.0,5513485.0,41.888679931640624,41.892680013020836,43.85133992513021,43.85533996582031
2023-07-26 16:02:03.638280,5513039.0,5513488.0,41.90172371419271,41.905723754882814,43.86438366699219,43.86838370768229
2023-07-26 16:02:03.650731,5513043.0,5513492.0,41.91911580403646,41.92311588541667,43.88177579752604,43.88577583821615
2023-07-26 16:02:03.667931,5513046.0,5513495.0,41.93215991210938,41.93615995279948,43.894819864908854,43.898819905598955
2023-07-26 16:02:03.681127,5513050.0,5513499.0,41.94955167643229,41.9535517578125,43.91221166992188,43.91621171061198
2023-07-26 16:02:03.698302,5513053.0,5513502.0,41.962595784505204,41.96659582519531,43.92525573730469,43.9292557779948
2023-07-26 16:02:03.711652,5513057.0,5513506.0,41.97998787434896,41.98398795572916,43.94264786783854,43.94664790852865
2023-07-26 16:02:03.728833,5513060.0,5513509.0,41.993031982421876,41.99703202311198,43.95569193522135,43.959692016601565
2023-07-26 16:02:03.742106,5513064.0,5513513.0,42.01042374674479,42.014423828125004,43.97308374023437,43.977083780924474
2023-07-26 16:02:03.759426,5513067.0,5513516.0,42.02346785481771,42.02746789550781,43.98612780761719,43.99012788899739
2023-07-26 16:02:03.773024,5513071.0,5513520.0,42.04085998535157,42.04486002604167,44.003519938151044,44.007519978841145
2023-07-26 16:02:03.790249,5513074.0,5513523.0,42.05390372721354,42.057903767903646,44.01656368001302,44.02056376139323
2023-07-26 16:02:03.803316,5513078.0,5513527.0,42.071295857747394,42.075295898437496,44.03395581054688,44.03795585123698
2023-07-26 16:02:03.820284,5513081.0,5513530.0,42.08433992513021,42.08833996582032,44.047010294596355,44.05101037597657
2023-07-26 16:02:03.833332,5513085.0,5513534.0,42.10173173014323,42.10573177083334,44.064391682942706,44.068391723632814
2023-07-26 16:02:03.850659,5513088.0,5513537.0,42.11477579752604,42.118775838216145,44.07743575032553,44.08143583170573
2023-07-26 16:02:03.864367,5513092.0,5513541.0,42.1321679280599,42.13616796875,44.09482788085937,44.09882792154948
2023-07-26 16:02:03.881586,5513095.0,5513544.0,42.14521179199219,42.14921179199219,44.10787182617188,44.11187182617188
2023-07-26 16:02:03.893970,5513099.0,5513548.0,42.16260380045573,42.166603841145836,44.12526375325521,44.12926379394531
2023-07-26 16:02:03.912194,5513102.0,5513551.0,42.175647867838535,42.179647949218754,44.13830786132812,44.142307902018224
2023-07-26 16:02:03.925307,5513106.0,5513555.0,42.193039916992184,42.19703991699219,44.155699951171876,44.15969995117187
2023-07-26 16:02:03.942419,5513109.0,5513558.0,42.20608374023438,42.21008382161458,44.16874373372396,44.17274377441406
2023-07-26 16:02:03.955520,5513113.0,5513562.0,42.223475870768226,42.227475911458335,44.1861358235677,44.190135904947915
2023-07-26 16:02:03.972900,5513116.0,5513565.0,42.23651993815104,42.240520019531246,44.19917993164063,44.20317997233073
2023-07-26 16:02:03.985279,5513120.0,5513569.0,42.25391174316406,42.25791178385416,44.216571695963545,44.22057177734375
2023-07-26 16:02:04.003275,5513123.0,5513572.0,42.266955810546875,42.27095589192708,44.22961580403646,44.233615844726565
2023-07-26 16:02:04.016134,5513127.0,5513576.0,42.28434794108073,42.28834798177083,44.24700789388021,44.251007975260414
2023-07-26 16:02:04.029512,5513130.0,5513579.0,42.29739168294271,42.301391764322915,44.26005167643229,44.2640517171224
2023-07-26 16:02:04.046787,5513133.0,5513582.0,42.31043579101563,42.31443583170573,44.273095743815105,44.27709582519531
2023-07-26 16:02:04.063768,5513137.0,5513586.0,42.32782792154948,42.331827962239586,44.290487874348955,44.29448791503906
2023-07-26 16:02:04.076960,5513141.0,5513590.0,42.3452196858724,42.3492197265625,44.30787963867188,44.31187972005208
2023-07-26 16:02:04.094368,5513144.0,5513593.0,42.35826379394531,42.36226383463542,44.32092374674479,44.3249237874349
2023-07-26 16:02:04.107651,5513148.0,5513597.0,42.375655883789065,42.37965596516927,44.338315877278646,44.34231591796875
2023-07-26 16:02:04.125122,5513151.0,5513600.0,42.38869999186198,42.392700032552085,44.35135994466146,44.35535998535156
2023-07-26 16:02:04.138264,5513155.0,5513604.0,42.40609175618489,42.4100918375651,44.36875174967448,44.37275179036459
2023-07-26 16:02:04.155385,5513158.0,5513607.0,42.41913586425781,42.42313590494791,44.38179581705729,44.3857958577474
2023-07-26 16:02:04.168525,5513162.0,5513611.0,42.436527954101564,42.44052803548177,44.399187947591145,44.40318798828125
2023-07-26 16:02:04.185522,5513165.0,5513614.0,42.449571736653645,42.45357177734375,44.41223168945313,44.41623173014323
2023-07-26 16:02:04.198827,5513169.0,5513618.0,42.4669638264974,42.470963907877604,44.42962381998698,44.43362386067709
2023-07-26 16:02:04.216508,5513172.0,5513621.0,42.48000793457031,42.48400797526042,44.442667887369794,44.44666796875
2023-07-26 16:02:04.229069,5513176.0,5513625.0,42.497399698893226,42.50139978027344,44.46005969238281,44.464059733072915
2023-07-26 16:02:04.246161,5513179.0,5513628.0,42.51044380696615,42.51444384765625,44.47310375976562,44.47710384114583
2023-07-26 16:02:04.259258,5513183.0,5513632.0,42.5278359375,42.53183597819011,44.49049589029948,44.49449593098958
2023-07-26 16:02:04.277275,5513186.0,5513635.0,42.540879760742186,42.544879760742184,44.50353979492188,44.507539794921875
2023-07-26 16:02:04.289571,5513190.0,5513639.0,42.558271809895835,42.56227185058594,44.52093176269531,44.52493180338542
2023-07-26 16:02:04.307690,5513193.0,5513642.0,42.57131587727864,42.575315917968744,44.53397583007813,44.53797591145833
2023-07-26 16:02:04.320089,5513197.0,5513646.0,42.58870788574219,42.592707885742186,44.55136791992188,44.55536791992188
2023-07-26 16:02:04.338210,5513200.0,5513649.0,42.601751749674484,42.605751790364586,44.564411702473954,44.56841178385417
2023-07-26 16:02:04.350589,5513204.0,5513653.0,42.61914388020833,42.62314392089844,44.58180383300781,44.58580387369791
2023-07-26 16:02:04.368698,5513207.0,5513656.0,42.63218794759115,42.636188028971354,44.59484794108073,44.59884798177084
2023-07-26 16:02:04.381189,5513211.0,5513660.0,42.64957975260417,42.65357979329427,44.612239705403645,44.61623974609375
2023-07-26 16:02:04.398440,5513214.0,5513663.0,42.66262381998698,42.66662390136719,44.625283813476564,44.629283854166665
2023-07-26 16:02:04.411821,5513218.0,5513667.0,42.68001595052083,42.684015991210934,44.64267590332032,44.64667598470052
2023-07-26 16:02:04.429049,5513221.0,5513670.0,42.69305969238281,42.69705977376302,44.6557196858724,44.6597197265625
2023-07-26 16:02:04.442309,5513225.0,5513674.0,42.71045182291667,42.71445186360677,44.673111775716144,44.67711185709636
2023-07-26 16:02:04.459431,5513228.0,5513677.0,42.723495890299475,42.72749597167969,44.68615588378906,44.69015592447917
2023-07-26 16:02:04.472600,5513232.0,5513681.0,42.7408876953125,42.7448877360026,44.70354764811198,44.70754772949219
2023-07-26 16:02:04.490607,5513235.0,5513684.0,42.753931762695316,42.75793184407552,44.7165917561849,44.720591796875
2023-07-26 16:02:04.502916,5513239.0,5513688.0,42.771323893229166,42.77532393391927,44.73398384602864,44.737983927408855
2023-07-26 16:02:04.520531,5513242.0,5513691.0,42.784368001302084,42.788368041992186,44.74702795410156,44.75102799479166
2023-07-26 16:02:04.537787,5513246.0,5513695.0,42.801759765625,42.80575980631511,44.76441971842448,44.76841979980469
2023-07-26 16:02:04.551014,5513250.0,5513699.0,42.81915189615886,42.82315193684896,44.781811848958334,44.785811889648436
2023-07-26 16:02:04.568306,5513253.0,5513702.0,42.832195963541665,42.83619604492188,44.79485595703125,44.798855997721354
2023-07-26 16:02:04.581766,5513257.0,5513706.0,42.849587768554684,42.853587809244786,44.81224772135417,44.81624776204427
2023-07-26 16:02:04.599009,5513260.0,5513709.0,42.8626318359375,42.866631917317704,44.82529182942708,44.82929187011719
2023-07-26 16:02:04.611457,5513264.0,5513713.0,42.880023966471356,42.88402400716146,44.84268391927083,44.846684000651045
2023-07-26 16:02:04.628781,5513267.0,5513716.0,42.893067708333334,42.89706778971354,44.85572770182292,44.85972774251302
2023-07-26 16:02:04.642226,5513271.0,5513720.0,42.91045983886719,42.91445987955729,44.87311979166667,44.87711987304688
2023-07-26 16:02:04.659720,5513274.0,5513723.0,42.92350390625,42.92750398763021,44.886163899739586,44.89016394042969
2023-07-26 16:02:04.672639,5513278.0,5513727.0,42.940906127929686,42.944906168619795,44.9035556640625,44.90755574544271
2023-07-26 16:02:04.689758,5513281.0,5513730.0,42.95393977864583,42.957939860026045,44.91659977213541,44.920599812825515
2023-07-26 16:02:04.703062,5513285.0,5513734.0,42.97133190917968,42.9753319498698,44.933991861979166,44.93799194335937
2023-07-26 16:02:04.720051,5513288.0,5513737.0,42.984375854492185,42.98837585449218,44.94703588867188,44.951035888671875
2023-07-26 16:02:04.733404,5513292.0,5513741.0,43.00176778157552,43.005767822265625,44.96442773437499,44.96842781575521
2023-07-26 16:02:04.750837,5513295.0,5513744.0,43.014811889648435,43.018811930338536,44.97747184244792,44.98147188313802
2023-07-26 16:02:04.768275,5513299.0,5513748.0,43.03220397949219,43.036203979492186,44.994863972981776,44.99886401367188
2023-07-26 16:02:04.781660,5513303.0,5513752.0,43.04959578450521,43.05359582519531,45.01225573730469,45.01625577799479
2023-07-26 16:02:04.798730,5513306.0,5513755.0,43.062639851888015,43.066639933268235,45.0252998453776,45.029299886067705
2023-07-26 16:02:04.811997,5513310.0,5513759.0,43.08003198242187,43.08403202311198,45.042691935221356,45.04669201660156
2023-07-26 16:02:04.829340,5513313.0,5513762.0,43.09307572428386,43.09707580566406,45.05573571777344,45.05973575846354
2023-07-26 16:02:04.842735,5513317.0,5513766.0,43.110467854817706,43.114467895507815,45.07312780761718,45.077127888997396
2023-07-26 16:02:04.859874,5513320.0,5513769.0,43.12351192220052,43.127512003580726,45.08617191569011,45.09017195638021
2023-07-26 16:02:04.872869,5513324.0,5513773.0,43.14090372721354,43.14490376790364,45.10356368001302,45.10756376139323
2023-07-26 16:02:04.889828,5513327.0,5513776.0,43.15395821126302,43.15795829264323,45.116607788085936,45.120607828776045
2023-07-26 16:02:04.907072,5513331.0,5513780.0,43.17133992513021,43.175339965820314,45.13401029459636,45.13801037597656
2023-07-26 16:02:04.920344,5513335.0,5513784.0,43.18873173014323,43.19273177083333,45.15139168294271,45.15539172363281
2023-07-26 16:02:04.938310,5513338.0,5513787.0,43.20177579752604,43.20577583821615,45.164435750325524,45.16843583170573
2023-07-26 16:02:04.950569,5513342.0,5513791.0,43.219167928059896,43.223167968750005,45.18182788085937,45.185827921549475
2023-07-26 16:02:04.968723,5513345.0,5513794.0,43.23221179199219,43.23621179199219,45.19487182617188,45.198871826171874
2023-07-26 16:02:04.980953,5513349.0,5513798.0,43.24960380045572,43.25360384114584,45.21226375325521,45.216263793945316
2023-07-26 16:02:04.999369,5513352.0,5513801.0,43.26264786783854,43.26664794921875,45.225307861328126,45.22930790201823
2023-07-26 16:02:05.011795,5513356.0,5513805.0,43.28003991699219,43.284039916992185,45.24269995117187,45.24669995117188
2023-07-26 16:02:05.028915,5513359.0,5513808.0,43.29308374023437,43.29708382161458,45.25574373372396,45.25974377441406
2023-07-26 16:02:05.042170,5513363.0,5513812.0,43.31047587076823,43.31447591145833,45.273135823567706,45.27713590494791
2023-07-26 16:02:05.059417,5513366.0,5513815.0,43.323519938151044,43.32752001953125,45.286179931640625,45.29017997233073
2023-07-26 16:02:05.072893,5513370.0,5513819.0,43.34091174316406,43.344911783854165,45.30357169596354,45.307571777343746
2023-07-26 16:02:05.090258,5513373.0,5513822.0,43.35395581054688,43.357955891927084,45.31661580403646,45.32061584472657
2023-07-26 16:02:05.107446,5513377.0,5513826.0,43.371347941080735,43.37534798177084,45.33400789388021,45.33800797526042
2023-07-26 16:02:05.124962,5513381.0,5513830.0,43.38873974609375,43.39273978678386,45.351399698893225,45.35539973958333
2023-07-26 16:02:05.137763,5513385.0,5513834.0,43.4061318359375,43.410131917317706,45.36879182942708,45.37279187011719
2023-07-26 16:02:05.154859,5513388.0,5513837.0,43.41917594401042,43.42317598470052,45.38183589680989,45.385835937500005
2023-07-26 16:02:05.168860,5513392.0,5513841.0,43.436567708333335,43.44056778971354,45.399227701822916,45.403227742513025
2023-07-26 16:02:05.185925,5513395.0,5513844.0,43.449611816406254,43.453611857096355,45.41227176920573,45.41627180989583
2023-07-26 16:02:05.199225,5513399.0,5513848.0,43.46700390625,43.471003987630205,45.42966389973959,45.43366394042969
2023-07-26 16:02:05.215777,5513402.0,5513851.0,43.480047729492185,43.48404772949219,45.442707763671876,45.446707763671874
2023-07-26 16:02:05.229120,5513406.0,5513855.0,43.497439778645834,43.501439860026046,45.460099772135415,45.464099812825516
2023-07-26 16:02:05.247085,5513409.0,5513858.0,43.51048388671875,43.514483927408854,45.47314383951823,45.47714392089844
2023-07-26 16:02:05.260131,5513413.0,5513862.0,43.52787585449219,43.531875854492185,45.49053588867187,45.49453588867188
2023-07-26 16:02:05.277494,5513416.0,5513865.0,43.54091975911458,43.54491979980469,45.503579711914064,45.50757979329427
2023-07-26 16:02:05.290558,5513420.0,5513869.0,43.55831188964844,43.56231193033854,45.52097184244791,45.52497188313802
2023-07-26 16:02:05.307956,5513423.0,5513872.0,43.57135595703125,43.57535599772135,45.53401590983073,45.53801599121093
2023-07-26 16:02:05.325293,5513427.0,5513876.0,43.58874776204427,43.59274780273437,45.55140771484375,45.55540775553385
2023-07-26 16:02:05.337663,5513431.0,5513880.0,43.60613985188802,43.61013993326823,45.568799845377605,45.572799886067706
2023-07-26 16:02:05.355897,5513434.0,5513883.0,43.619183959960935,43.623184000651044,45.58184391276042,45.58584395345052
2023-07-26 16:02:05.372944,5513438.0,5513887.0,43.63657572428385,43.640575805664064,45.59923571777344,45.60323575846354
2023-07-26 16:02:05.385459,5513442.0,5513891.0,43.65396785481771,43.65796789550781,45.616627807617185,45.62062788899739
2023-07-26 16:02:05.402891,5513445.0,5513894.0,43.66701192220052,43.67101200358073,45.6296719156901,45.63367195638021
2023-07-26 16:02:05.416213,5513449.0,5513898.0,43.68440372721354,43.688403767903644,45.64706368001302,45.65106376139323
2023-07-26 16:02:05.433622,5513452.0,5513901.0,43.69745821126302,43.70145829264323,45.66010778808593,45.66410782877605
2023-07-26 16:02:05.446434,5513456.0,5513905.0,43.714839925130214,43.718839965820315,45.67751029459636,45.681510375976565
2023-07-26 16:02:05.463685,5513459.0,5513908.0,43.727883666992184,43.7318837483724,45.690543701171876,45.694543701171874
2023-07-26 16:02:05.476739,5513463.0,5513912.0,43.74527579752604,43.74927583821615,45.707935750325525,45.71193583170573
2023-07-26 16:02:05.494427,5513466.0,5513915.0,43.75831990559895,43.76231994628906,45.72097985839844,45.72497989908854
2023-07-26 16:02:05.507526,5513470.0,5513919.0,43.77571179199219,43.77971179199219,45.73837182617188,45.742371826171876
2023-07-26 16:02:05.524887,5513473.0,5513922.0,43.788755777994794,43.792755818684896,45.75141573079427,45.75541577148437
2023-07-26 16:02:05.542038,5513477.0,5513926.0,43.80614786783854,43.81014794921875,45.76880786132812,45.77280790201823
2023-07-26 16:02:05.555700,5513481.0,5513930.0,43.82353991699219,43.82753991699219,45.786199951171874,45.79019995117188
2023-07-26 16:02:05.572847,5513484.0,5513933.0,43.836583740234374,43.84058382161458,45.799243733723955,45.803243774414064
2023-07-26 16:02:05.590162,5513488.0,5513937.0,43.85397587076823,43.85797591145833,45.81663582356771,45.82063590494791
2023-07-26 16:02:05.603499,5513492.0,5513941.0,43.87136800130209,43.87536804199219,45.834027954101565,45.838027994791666
2023-07-26 16:02:05.620900,5513495.0,5513944.0,43.88441174316406,43.88841178385417,45.84707169596354,45.85107177734375
2023-07-26 16:02:05.633249,5513499.0,5513948.0,43.901803873697915,43.90580391438802,45.8644638264974,45.8684638671875
2023-07-26 16:02:05.650579,5513502.0,5513951.0,43.91484794108073,43.91884798177084,45.87750789388021,45.88150797526042
2023-07-26 16:02:05.668744,5513506.0,5513955.0,43.93223974609375,43.93623978678385,45.89489969889323,45.89889973958333
2023-07-26 16:02:05.686020,5513510.0,5513959.0,43.949631835937495,43.95363191731771,45.91229182942708,45.916291870117185
2023-07-26 16:02:05.698586,5513514.0,5513963.0,43.96702396647135,43.97102400716145,45.929683919270836,45.93368400065104
2023-07-26 16:02:05.716669,5513517.0,5513966.0,43.98006770833333,43.98406778971354,45.94272770182292,45.94672774251302
2023-07-26 16:02:05.729014,5513521.0,5513970.0,43.99745983886719,44.001459879557295,45.96011979166667,45.964119873046876
2023-07-26 16:02:05.746202,5513524.0,5513973.0,44.01050390625,44.014503987630206,45.97316389973959,45.97716394042969
2023-07-26 16:02:05.759584,5513528.0,5513977.0,44.02790612792969,44.03190616861979,45.9905556640625,45.99455574544271
2023-07-26 16:02:05.777540,5513531.0,5513980.0,44.040939778645836,44.04493986002604,46.003599772135416,46.00759981282552
2023-07-26 16:02:05.794626,5513535.0,5513984.0,44.058331909179685,44.062331949869794,46.02099186197916,46.024991943359375
2023-07-26 16:02:05.807327,5513539.0,5513988.0,44.07572371419271,44.079723754882814,46.03838366699219,46.04238370768229
2023-07-26 16:02:05.824832,5513542.0,5513991.0,44.08876778157552,44.09276782226563,46.051427734375,46.05542781575521
2023-07-26 16:02:05.842043,5513546.0,5513995.0,44.106159912109376,44.11015995279948,46.06881986490885,46.072819905598955
2023-07-26 16:02:05.855209,5513550.0,5513999.0,44.12355167643229,44.1275517578125,46.08621166992188,46.09021171061198
2023-07-26 16:02:05.873181,5513553.0,5514002.0,44.136595784505204,44.14059582519531,46.09925573730469,46.1032557779948
2023-07-26 16:02:05.890394,5513557.0,5514006.0,44.15398787434896,44.15798795572916,46.11664786783854,46.120647908528646
2023-07-26 16:02:05.907637,5513561.0,5514010.0,44.171379760742184,44.17537976074219,46.134039794921875,46.13803979492187
2023-07-26 16:02:05.920208,5513565.0,5514014.0,44.18877180989583,44.192771850585935,46.15143176269532,46.15543180338542
2023-07-26 16:02:05.938266,5513568.0,5514017.0,44.20181587727864,44.20581591796875,46.164475830078125,46.16847591145833
2023-07-26 16:02:05.951574,5513572.0,5514021.0,44.219207885742186,44.22320788574219,46.18186791992188,46.185867919921876
2023-07-26 16:02:05.968668,5513575.0,5514024.0,44.23225174967448,44.236251790364584,46.19491170247396,46.198911783854165
2023-07-26 16:02:05.985934,5513579.0,5514028.0,44.24964388020833,44.25364392089844,46.21230383300781,46.21630387369792
2023-07-26 16:02:06.003513,5513584.0,5514033.0,44.271383666992186,44.27538374837239,46.23404370117188,46.238043701171875
2023-07-26 16:02:06.020513,5513587.0,5514036.0,44.284427775065105,44.28842781575521,46.24708772786458,46.25108780924479
2023-07-26 16:02:06.033757,5513591.0,5514040.0,44.301819905598954,44.30581994628906,46.26447985839844,46.26847989908854
2023-07-26 16:02:06.050875,5513594.0,5514043.0,44.31486397298177,44.31886401367188,46.27752392578125,46.28152400716146
2023-07-26 16:02:06.063966,5513598.0,5514047.0,44.332255777994796,44.3362558186849,46.294915730794266,46.298915771484374
2023-07-26 16:02:06.081063,5513601.0,5514050.0,44.3452998453776,44.349299886067705,46.30795979817709,46.31195987955729
2023-07-26 16:02:06.099044,5513605.0,5514054.0,44.36269197591146,44.36669201660156,46.32535192871094,46.329351969401046
2023-07-26 16:02:06.116372,5513609.0,5514058.0,44.380083740234376,44.38408382161458,46.34274373372396,46.346743774414065
2023-07-26 16:02:06.134093,5513613.0,5514062.0,44.397475870768226,44.401475911458334,46.3601358235677,46.364135904947915
2023-07-26 16:02:06.150886,5513617.0,5514066.0,44.41486800130208,44.41886804199219,46.37752795410156,46.38152799479167
2023-07-26 16:02:06.168067,5513621.0,5514070.0,44.432259765625005,44.43625980631511,46.394919718424475,46.39891979980469
2023-07-26 16:02:06.186225,5513625.0,5514074.0,44.449651896158855,44.45365193684896,46.41231184895833,46.41631188964843
2023-07-26 16:02:06.203788,5513629.0,5514078.0,44.467043823242186,44.471043823242184,46.42970385742188,46.433703857421875
2023-07-26 16:02:06.216140,5513633.0,5514082.0,44.48443579101563,44.48843583170573,46.447095743815105,46.45109582519531
2023-07-26 16:02:06.234123,5513636.0,5514085.0,44.497479858398435,44.50147993977865,46.460139851888016,46.464139892578125
2023-07-26 16:02:06.251065,5513640.0,5514089.0,44.51487194824219,44.518871948242186,46.47753194173177,46.48153198242187
2023-07-26 16:02:06.268009,5513644.0,5514093.0,44.53226379394531,44.53626383463542,46.49492374674479,46.4989237874349
2023-07-26 16:02:06.281961,5513648.0,5514097.0,44.549655883789065,44.55365596516927,46.512315877278645,46.51631591796875
2023-07-26 16:02:06.298910,5513651.0,5514100.0,44.562699991861976,44.566700032552085,46.52535994466146,46.52935998535156
2023-07-26 16:02:06.315849,5513655.0,5514104.0,44.58009175618489,44.584091837565104,46.54275174967448,46.54675179036459
2023-07-26 16:02:06.329800,5513659.0,5514108.0,44.59748388671875,44.60148392740885,46.560143839518226,46.56414392089844
2023-07-26 16:02:06.346743,5513662.0,5514111.0,44.61052795410156,44.61452803548177,46.573187947591144,46.57718798828125
2023-07-26 16:02:06.363686,5513666.0,5514115.0,44.62791975911458,44.63191979980469,46.59057971191406,46.594579793294265
2023-07-26 16:02:06.377639,5513670.0,5514119.0,44.64531188964843,44.64931193033854,46.60797184244792,46.61197188313802
2023-07-26 16:02:06.394583,5513673.0,5514122.0,44.658355957031254,44.662355997721356,46.62101590983073,46.62501599121094
2023-07-26 16:02:06.412007,5513677.0,5514126.0,44.67574776204427,44.679747802734376,46.63840771484375,46.64240775553385
2023-07-26 16:02:06.425201,5513681.0,5514130.0,44.69313985188802,44.69713993326823,46.6557998453776,46.65979988606771
2023-07-26 16:02:06.442540,5513684.0,5514133.0,44.70618395996094,44.71018400065104,46.66884391276042,46.672843953450524
2023-07-26 16:02:06.459745,5513688.0,5514137.0,44.723575724283855,44.72757580566406,46.686235717773435,46.690235758463544
2023-07-26 16:02:06.477545,5513692.0,5514141.0,44.74096785481771,44.74496789550781,46.70362780761719,46.70762788899739
2023-07-26 16:02:06.494268,5513696.0,5514145.0,44.75835998535156,44.76236002604167,46.72101993815104,46.725019978841146
2023-07-26 16:02:06.512016,5513700.0,5514149.0,44.775751749674484,44.779751790364585,46.738411702473954,46.742411783854166
2023-07-26 16:02:06.525223,5513704.0,5514153.0,44.79314388020833,44.79714392089844,46.75580383300781,46.75980387369791
2023-07-26 16:02:06.542453,5513707.0,5514156.0,44.80618794759115,44.81018802897135,46.76884794108073,46.77284798177084
2023-07-26 16:02:06.559414,5513711.0,5514160.0,44.82357975260417,44.82757979329427,46.786239705403645,46.790239746093754
2023-07-26 16:02:06.573038,5513715.0,5514164.0,44.840971842447914,44.844971923828126,46.803631835937495,46.8076318766276
2023-07-26 16:02:06.590037,5513718.0,5514167.0,44.85401595052083,44.858015991210934,46.816675903320316,46.82067598470052
2023-07-26 16:02:06.607177,5513722.0,5514171.0,44.87140771484375,44.87540779622395,46.834067708333336,46.83806774902344
2023-07-26 16:02:06.625360,5513726.0,5514175.0,44.888799845377605,44.892799886067706,46.85145979817708,46.855459879557294
2023-07-26 16:02:06.642832,5513730.0,5514179.0,44.90619197591146,44.91019201660156,46.86885192871094,46.87285196940105
2023-07-26 16:02:06.659936,5513734.0,5514183.0,44.92358374023437,44.92758382161458,46.88624373372396,46.89024377441406
2023-07-26 16:02:06.672415,5513738.0,5514187.0,44.94097587076823,44.944975911458336,46.903635823567704,46.90763590494792
2023-07-26 16:02:06.690578,5513741.0,5514190.0,44.95401993815104,44.95802001953125,46.91667993164063,46.92067997233073
2023-07-26 16:02:06.707707,5513745.0,5514194.0,44.97141174316406,44.97541178385416,46.93407169596354,46.93807177734375
2023-07-26 16:02:06.724988,5513749.0,5514198.0,44.98880387369792,44.99280391438802,46.951463826497395,46.9554638671875
2023-07-26 16:02:06.738366,5513753.0,5514202.0,45.006195963541664,45.01019604492188,46.96885595703125,46.972855997721354
2023-07-26 16:02:06.755745,5513756.0,5514205.0,45.01923974609375,45.023239786783854,46.98189969889323,46.98589973958333
2023-07-26 16:02:06.773142,5513760.0,5514209.0,45.0366318359375,45.040631917317704,46.99929182942709,47.00329187011719
2023-07-26 16:02:06.786249,5513764.0,5514213.0,45.054023966471355,45.05802400716146,47.01668391927083,47.020684000651045
2023-07-26 16:02:06.803706,5513767.0,5514216.0,45.06706770833333,45.07106778971354,47.02972770182292,47.03372774251302
2023-07-26 16:02:06.820839,5513771.0,5514220.0,45.08445983886719,45.08845987955729,47.04711979166667,47.05111987304688
2023-07-26 16:02:06.837918,5513775.0,5514224.0,45.10185196940105,45.10585201009115,47.06451192220052,47.068511962890625
2023-07-26 16:02:06.855134,5513779.0,5514228.0,45.119243733723955,45.123243774414064,47.08190368652343,47.085903767903645
2023-07-26 16:02:06.872531,5513783.0,5514232.0,45.13663586425781,45.140635904947914,47.09929581705729,47.1032958577474
2023-07-26 16:02:06.890617,5513787.0,5514236.0,45.154027954101565,45.15802803548177,47.116687947591146,47.12068798828125
2023-07-26 16:02:06.903079,5513791.0,5514240.0,45.17141975911458,45.17541979980469,47.13407971191406,47.13807979329427
2023-07-26 16:02:06.920492,5513794.0,5514243.0,45.1844638264974,45.188463907877605,47.14712381998698,47.15112386067709
2023-07-26 16:02:06.938067,5513798.0,5514247.0,45.20185595703125,45.20585599772136,47.164515909830726,47.16851599121094
2023-07-26 16:02:06.955260,5513802.0,5514251.0,45.21924776204427,45.22324780273438,47.181907714843746,47.185907755533854
2023-07-26 16:02:06.972483,5513806.0,5514255.0,45.236639851888015,45.240639933268234,47.1992998453776,47.203299886067704
2023-07-26 16:02:06.990577,5513810.0,5514259.0,45.25403198242187,45.25803202311198,47.216691935221355,47.22069201660156
2023-07-26 16:02:07.007728,5513814.0,5514263.0,45.27142374674479,45.275423828125,47.234083740234375,47.23808378092448
2023-07-26 16:02:07.025199,5513818.0,5514267.0,45.288815877278644,45.292815917968746,47.25147583007813,47.25547591145833
2023-07-26 16:02:07.042548,5513822.0,5514271.0,45.30620788574219,45.31020788574219,47.268867919921874,47.27286791992188
2023-07-26 16:02:07.059534,5513826.0,5514275.0,45.32359977213542,45.32759985351563,47.286259765625005,47.290259806315106
2023-07-26 16:02:07.077474,5513830.0,5514279.0,45.340991902669266,45.344991943359375,47.30365185546874,47.30765193684896
2023-07-26 16:02:07.090431,5513834.0,5514283.0,45.35838366699219,45.362383748372395,47.321043701171874,47.32504370117188
2023-07-26 16:02:07.107374,5513837.0,5514286.0,45.37142777506511,45.37542781575521,47.334087727864585,47.33808780924479
2023-07-26 16:02:07.125315,5513841.0,5514290.0,45.38881990559896,45.39281994628906,47.351479858398434,47.35547989908854
2023-07-26 16:02:07.142257,5513845.0,5514294.0,45.40621179199219,45.41021179199219,47.368871826171876,47.37287182617188
2023-07-26 16:02:07.159570,5513849.0,5514298.0,45.42360380045572,45.42760384114584,47.38626375325521,47.390263793945316
2023-07-26 16:02:07.177514,5513853.0,5514302.0,45.440995890299476,45.44499597167969,47.403655883789064,47.40765592447917
2023-07-26 16:02:07.194458,5513857.0,5514306.0,45.458387695312496,45.462387736002604,47.42104764811198,47.425047729492185
2023-07-26 16:02:07.212393,5513861.0,5514310.0,45.47577982584635,45.47977986653646,47.43843977864584,47.44243981933594
2023-07-26 16:02:07.229336,5513865.0,5514314.0,45.493171915690105,45.49717199707031,47.455831909179686,47.459831949869795
2023-07-26 16:02:07.246279,5513869.0,5514318.0,45.510563720703125,45.51456376139323,47.47322367350261,47.47722371419271
2023-07-26 16:02:07.264446,5513873.0,5514322.0,45.52795581054688,45.53195589192708,47.49061580403646,47.49461584472657
2023-07-26 16:02:07.281176,5513877.0,5514326.0,45.545347941080735,45.549347981770836,47.50800789388021,47.51200797526042
2023-07-26 16:02:07.298876,5513881.0,5514330.0,45.56273974609375,45.566739786783856,47.525399698893224,47.52939973958333
2023-07-26 16:02:07.311902,5513885.0,5514334.0,45.5801318359375,45.584131917317706,47.54279182942708,47.54679187011719
2023-07-26 16:02:07.329016,5513888.0,5514337.0,45.59317594401042,45.59717598470052,47.555835896809896,47.559835937500004
2023-07-26 16:02:07.347126,5513892.0,5514341.0,45.610567708333335,45.61456778971354,47.573227701822915,47.577227742513024
2023-07-26 16:02:07.364363,5513896.0,5514345.0,45.62795983886719,45.63195987955729,47.59061979166667,47.594619873046874
2023-07-26 16:02:07.381211,5513900.0,5514349.0,45.64535196940104,45.64935201009115,47.60801192220052,47.61201196289063
2023-07-26 16:02:07.399328,5513904.0,5514353.0,45.66274373372396,45.666743774414066,47.625403686523434,47.629403767903646
2023-07-26 16:02:07.416796,5513908.0,5514357.0,45.68013586425781,45.684135904947915,47.64279581705729,47.64679585774739
2023-07-26 16:02:07.434264,5513912.0,5514361.0,45.69752795410156,45.70152803548177,47.66018794759115,47.66418798828125
2023-07-26 16:02:07.451711,5513916.0,5514365.0,45.71491975911458,45.71891979980469,47.67757971191406,47.68157979329427
2023-07-26 16:02:07.468984,5513920.0,5514369.0,45.732311889648436,45.73631193033854,47.69497184244792,47.69897188313802
2023-07-26 16:02:07.481507,5513924.0,5514373.0,45.74970397949219,45.75370397949219,47.71236397298177,47.71636401367188
2023-07-26 16:02:07.498940,5513927.0,5514376.0,45.76274776204427,45.76674780273437,47.72540771484375,47.72940775553385
2023-07-26 16:02:07.516330,5513931.0,5514380.0,45.780139851888016,45.784139933268236,47.742799845377604,47.746799886067706
2023-07-26 16:02:07.533751,5513935.0,5514384.0,45.79753198242187,45.801532023111974,47.76019193522136,47.76419201660156
2023-07-26 16:02:07.547152,5513939.0,5514388.0,45.81492374674479,45.818923828125,47.77758374023438,47.78158378092448
2023-07-26 16:02:07.564200,5513942.0,5514391.0,45.82796785481771,45.83196789550781,47.790627807617184,47.7946278889974
2023-07-26 16:02:07.581905,5513946.0,5514395.0,45.845359985351564,45.849360026041666,47.80801993815104,47.81201997884114
2023-07-26 16:02:07.598999,5513950.0,5514399.0,45.86275174967448,45.86675179036459,47.82541170247396,47.82941178385416
2023-07-26 16:02:07.616250,5513954.0,5514403.0,45.88014388020833,45.88414392089844,47.842803833007814,47.846803873697915
2023-07-26 16:02:07.633426,5513958.0,5514407.0,45.89753597005208,45.901536010742184,47.86019596354166,47.86419600423177
2023-07-26 16:02:07.651562,5513962.0,5514411.0,45.91492777506511,45.91892781575521,47.87758772786458,47.88158780924479
2023-07-26 16:02:07.668952,5513966.0,5514415.0,45.93231990559896,45.93631994628906,47.894979858398436,47.89897989908854
2023-07-26 16:02:07.686486,5513970.0,5514419.0,45.949711791992186,45.95371179199219,47.91237182617188,47.916371826171876
2023-07-26 16:02:07.703015,5513974.0,5514423.0,45.967103800455725,45.97110384114583,47.92976375325521,47.93376379394532
2023-07-26 16:02:07.720455,5513978.0,5514427.0,45.98449589029948,45.98849597167968,47.947155883789065,47.95115592447917
2023-07-26 16:02:07.738520,5513982.0,5514431.0,46.0018876953125,46.005887736002606,47.964547688802085,47.96854772949219
2023-07-26 16:02:07.755575,5513986.0,5514435.0,46.019279825846354,46.023279866536456,47.98193977864584,47.98593981933594
2023-07-26 16:02:07.773410,5513990.0,5514439.0,46.03667191569011,46.04067199707031,47.99933190917969,48.003331949869796
2023-07-26 16:02:07.789843,5513994.0,5514443.0,46.05406372070313,46.05806376139323,48.016723673502604,48.02072371419271
2023-07-26 16:02:07.808162,5513998.0,5514447.0,46.07145581054688,46.075455891927085,48.03411580403646,48.03811584472656
2023-07-26 16:02:07.825121,5514002.0,5514451.0,46.08884794108073,46.09284798177084,48.051507893880206,48.05550797526042
2023-07-26 16:02:07.842036,5514006.0,5514455.0,46.10623974609375,46.11023978678385,48.068899698893226,48.072899739583335
2023-07-26 16:02:07.860180,5514010.0,5514459.0,46.123631835937495,46.12763191731771,48.08629182942708,48.090291870117184
2023-07-26 16:02:07.877550,5514014.0,5514463.0,46.14102396647135,46.14502400716146,48.103683919270836,48.10768400065104
2023-07-26 16:02:07.894161,5514018.0,5514467.0,46.15841573079427,46.16241581217448,48.121075724283855,48.12507576497396
2023-07-26 16:02:07.912490,5514022.0,5514471.0,46.175807861328124,46.179807902018226,48.13846781412761,48.142467895507814
2023-07-26 16:02:07.929994,5514026.0,5514475.0,46.19319999186198,46.19720003255208,48.15585994466146,48.15985998535157
2023-07-26 16:02:07.947107,5514030.0,5514479.0,46.2105917561849,46.2145918375651,48.173251749674485,48.177251790364586
2023-07-26 16:02:07.964737,5514034.0,5514483.0,46.22798388671875,46.231983927408855,48.19064383951822,48.19464392089844
2023-07-26 16:02:07.981335,5514038.0,5514487.0,46.24537585449219,46.249375854492186,48.20803588867187,48.21203588867188
2023-07-26 16:02:07.999435,5514042.0,5514491.0,46.26276778157552,46.26676782226563,48.225427734374996,48.22942781575521
2023-07-26 16:02:08.016736,5514046.0,5514495.0,46.280159912109376,46.284159952799484,48.24281986490885,48.246819905598954
2023-07-26 16:02:08.034128,5514050.0,5514499.0,46.29755167643229,46.3015517578125,48.26021166992188,48.26421171061198
2023-07-26 16:02:08.051566,5514054.0,5514503.0,46.31494380696615,46.31894384765625,48.277603759765626,48.28160384114584
2023-07-26 16:02:08.069035,5514058.0,5514507.0,46.332335937500005,46.33633597819011,48.294995890299475,48.298995930989584
2023-07-26 16:02:08.085546,5514062.0,5514511.0,46.34972770182292,46.35372774251302,48.3123876546224,48.3163877360026
2023-07-26 16:02:08.103203,5514066.0,5514515.0,46.36711983235677,46.37111987304688,48.32977978515625,48.33377982584636
2023-07-26 16:02:08.120746,5514070.0,5514519.0,46.384511922200524,46.38851200358073,48.347171915690105,48.35117195638021
2023-07-26 16:02:08.137992,5514074.0,5514523.0,46.401903727213536,46.405903767903645,48.36456368001302,48.368563761393226
2023-07-26 16:02:08.155364,5514078.0,5514527.0,46.41929585774739,46.4232958984375,48.38195581054688,48.38595585123698
2023-07-26 16:02:08.173260,5514082.0,5514531.0,46.436687947591146,46.44068802897135,48.399347941080734,48.403347981770835
2023-07-26 16:02:08.190640,5514086.0,5514535.0,46.454079752604166,46.45807979329427,48.41673970540365,48.42073974609375
2023-07-26 16:02:08.211570,5514091.0,5514540.0,46.475819905598954,46.47981994628906,48.43847985839844,48.44247989908854
2023-07-26 16:02:08.225586,5514095.0,5514544.0,46.49321179199219,46.497211791992186,48.45587182617188,48.45987182617188
2023-07-26 16:02:08.242466,5514098.0,5514547.0,46.506255777994795,46.5102558186849,48.468915730794265,48.472915771484374
2023-07-26 16:02:08.259413,5514102.0,5514551.0,46.52364786783854,46.52764794921875,48.48630786132812,48.49030790201823
2023-07-26 16:02:08.281343,5514107.0,5514556.0,46.5453876953125,46.5493877360026,48.50804764811198,48.51204772949219
2023-07-26 16:02:08.299275,5514112.0,5514560.0,46.56712784830729,46.571127888997395,48.52543977864583,48.52943981933594
2023-07-26 16:02:08.316218,5514115.0,5514564.0,46.58017191569011,46.584171997070314,48.54283190917968,48.5468319498698
2023-07-26 16:02:08.334157,5514119.0,5514568.0,46.59756372070312,46.60156376139323,48.560223673502605,48.56422371419271
2023-07-26 16:02:08.351304,5514123.0,5514572.0,46.614955810546874,46.61895589192709,48.57761580403646,48.581615844726564
2023-07-26 16:02:08.368424,5514127.0,5514576.0,46.63234794108073,46.63634798177083,48.59500789388021,48.59900797526041
2023-07-26 16:02:08.385695,5514131.0,5514580.0,46.64973974609375,46.65373978678385,48.61239969889323,48.61639973958333
2023-07-26 16:02:08.402911,5514135.0,5514584.0,46.6671318359375,46.67113191731771,48.629791829427084,48.633791870117186
2023-07-26 16:02:08.421095,5514139.0,5514588.0,46.68452396647135,46.688524007161455,48.64718391927084,48.65118400065104
2023-07-26 16:02:08.437706,5514143.0,5514592.0,46.70191573079427,46.70591577148437,48.66457572428385,48.66857576497396
2023-07-26 16:02:08.456070,5514147.0,5514596.0,46.719307861328126,46.72330790201823,48.6819678141276,48.685967895507815
2023-07-26 16:02:08.472553,5514151.0,5514600.0,46.736699991861975,46.740700032552084,48.69935994466146,48.70335998535156
2023-07-26 16:02:08.490901,5514155.0,5514604.0,46.75409175618489,46.758091837565104,48.71675174967448,48.72075179036459
2023-07-26 16:02:08.507381,5514159.0,5514608.0,46.77148388671875,46.77548392740885,48.734143839518225,48.73814392089844
2023-07-26 16:02:08.524682,5514163.0,5514612.0,46.78887585449218,46.79287585449219,48.751535888671874,48.75553588867187
2023-07-26 16:02:08.542985,5514167.0,5514616.0,46.80626778157552,46.81026782226563,48.768927734375,48.77292781575521
2023-07-26 16:02:08.559578,5514171.0,5514620.0,46.82365991210938,46.82765995279948,48.786319864908855,48.790319905598956
2023-07-26 16:02:08.577138,5514175.0,5514624.0,46.84105167643229,46.8450517578125,48.803711669921874,48.80771171061198
2023-07-26 16:02:08.594346,5514179.0,5514628.0,46.85844380696615,46.86244384765625,48.82110375976562,48.82510384114584
2023-07-26 16:02:08.611656,5514183.0,5514632.0,46.8758359375,46.87983597819011,48.83849589029948,48.84249593098958
2023-07-26 16:02:08.629229,5514187.0,5514636.0,46.893227701822916,46.897227742513024,48.85588765462239,48.859887736002605
2023-07-26 16:02:08.647319,5514191.0,5514640.0,46.91061983235677,46.914619873046874,48.87327978515625,48.87727982584635
2023-07-26 16:02:08.664262,5514195.0,5514644.0,46.92801192220052,46.93201200358073,48.890671915690106,48.89467195638021
2023-07-26 16:02:08.681207,5514199.0,5514648.0,46.94540372721354,46.94940376790365,48.90806368001302,48.91206376139323
2023-07-26 16:02:08.699150,5514203.0,5514652.0,46.962795857747395,46.966795898437496,48.92545581054688,48.92945585123698
2023-07-26 16:02:08.716093,5514207.0,5514656.0,46.98018794759115,46.98418802897135,48.94284794108073,48.94684798177084
2023-07-26 16:02:08.734030,5514211.0,5514660.0,46.99757975260417,47.00157979329427,48.960239705403644,48.96423974609375
2023-07-26 16:02:08.750974,5514215.0,5514664.0,47.01497184244792,47.018971923828126,48.9776318359375,48.9816318766276
2023-07-26 16:02:08.768913,5514219.0,5514668.0,47.03236397298177,47.03636401367188,48.99502392578125,48.99902400716146
2023-07-26 16:02:08.785857,5514223.0,5514672.0,47.0497557779948,47.0537558186849,49.01241573079427,49.01641577148437
2023-07-26 16:02:08.803797,5514227.0,5514676.0,47.067147867838536,47.071147949218755,49.02980786132812,49.033807902018225
2023-07-26 16:02:08.820739,5514231.0,5514680.0,47.084539916992185,47.08853991699219,49.047199951171876,49.051199951171874
2023-07-26 16:02:08.838679,5514235.0,5514684.0,47.101931762695315,47.10593184407552,49.064591756184896,49.068591796875
2023-07-26 16:02:08.855623,5514239.0,5514688.0,47.119323893229165,47.123323933919266,49.08198384602864,49.085983927408854
2023-07-26 16:02:08.872566,5514243.0,5514692.0,47.13671569824219,47.14071573893229,49.099375732421876,49.103375732421874
2023-07-26 16:02:08.890507,5514247.0,5514696.0,47.15410778808594,47.15810786946615,49.116767781575525,49.12076782226563
2023-07-26 16:02:08.907450,5514251.0,5514700.0,47.17151033528646,47.175510375976565,49.13415987141927,49.138159952799484
2023-07-26 16:02:08.925389,5514255.0,5514704.0,47.18889168294271,47.192891764322916,49.15155167643229,49.1555517171224
2023-07-26 16:02:08.942332,5514259.0,5514708.0,47.20628381347656,47.21028385416667,49.168943766276044,49.17294384765625
2023-07-26 16:02:08.960273,5514263.0,5514712.0,47.22367594401042,47.227675984700525,49.186335896809894,49.1903359375
2023-07-26 16:02:08.977216,5514267.0,5514716.0,47.24106770833333,47.24506778971354,49.20372770182292,49.20772774251302
2023-07-26 16:02:08.995156,5514271.0,5514720.0,47.25845983886719,47.26245987955729,49.221119791666666,49.22511987304688
2023-07-26 16:02:09.012099,5514275.0,5514724.0,47.275851969401046,47.27985201009115,49.23851192220052,49.242511962890624
2023-07-26 16:02:09.030042,5514279.0,5514728.0,47.29324373372396,47.29724377441406,49.25590368652344,49.259903767903644
2023-07-26 16:02:09.046982,5514283.0,5514732.0,47.31063586425781,47.31463590494791,49.27329581705729,49.2772958577474
2023-07-26 16:02:09.063925,5514287.0,5514736.0,47.328027954101564,47.33202803548177,49.290687947591145,49.294687988281254
2023-07-26 16:02:09.081866,5514291.0,5514740.0,47.34541975911458,47.34941979980469,49.30807971191406,49.31207979329427
2023-07-26 16:02:09.098808,5514295.0,5514744.0,47.362811889648434,47.36681193033854,49.32547184244792,49.32947188313802
2023-07-26 16:02:09.116747,5514299.0,5514748.0,47.38020397949219,47.384203979492185,49.342863972981775,49.346864013671876
2023-07-26 16:02:09.133690,5514303.0,5514752.0,47.39759578450521,47.40159582519531,49.36025573730469,49.36425577799479
2023-07-26 16:02:09.151629,5514307.0,5514756.0,47.41498787434896,47.418987955729165,49.37764786783854,49.38164790852865
2023-07-26 16:02:09.169008,5514311.0,5514760.0,47.43237976074219,47.436379760742184,49.39503979492188,49.399039794921876
2023-07-26 16:02:09.186280,5514315.0,5514764.0,47.449771809895836,47.45377185058594,49.41243176269531,49.41643180338542
2023-07-26 16:02:09.203789,5514319.0,5514768.0,47.46716389973959,47.471163981119794,49.42982389322916,49.43382393391927
2023-07-26 16:02:09.220860,5514323.0,5514772.0,47.4845557047526,47.48855574544271,49.447215657552086,49.45121569824219
2023-07-26 16:02:09.237853,5514327.0,5514776.0,47.501958211263016,47.505958292643236,49.464607788085935,49.468607828776044
2023-07-26 16:02:09.255747,5514331.0,5514780.0,47.51933992513021,47.52333996582031,49.48201029459636,49.48601037597656
2023-07-26 16:02:09.272752,5514335.0,5514784.0,47.53673173014323,47.54073177083333,49.49939168294271,49.50339172363281
2023-07-26 16:02:09.290936,5514339.0,5514788.0,47.554123819986984,47.55812390136719,49.516783813476565,49.520783854166666
2023-07-26 16:02:09.308308,5514343.0,5514792.0,47.57151595052083,47.575515991210935,49.53417590332032,49.53817598470052
2023-07-26 16:02:09.325448,5514347.0,5514796.0,47.58890771484375,47.592907796223955,49.55156770833333,49.55556774902344
2023-07-26 16:02:09.342793,5514351.0,5514800.0,47.606299845377606,47.61029988606771,49.56895979817708,49.572959879557295
2023-07-26 16:02:09.359818,5514355.0,5514804.0,47.623691975911456,47.627692016601564,49.58635192871094,49.59035196940104
2023-07-26 16:02:09.377886,5514359.0,5514808.0,47.64108374023437,47.645083821614584,49.60374373372396,49.60774377441406
2023-07-26 16:02:09.395088,5514363.0,5514812.0,47.65847587076823,47.66247591145833,49.621135823567705,49.62513590494791
2023-07-26 16:02:09.412508,5514367.0,5514816.0,47.675868001302085,47.67986804199219,49.63852795410156,49.642527994791664
2023-07-26 16:02:09.429957,5514371.0,5514820.0,47.693259765625,47.6972598063151,49.65591971842448,49.65991979980469
2023-07-26 16:02:09.446836,5514375.0,5514824.0,47.71065189615886,47.71465193684896,49.673311848958335,49.677311889648436
2023-07-26 16:02:09.464175,5514379.0,5514828.0,47.72804382324219,47.732043823242186,49.69070385742187,49.69470385742188
2023-07-26 16:02:09.482000,5514383.0,5514832.0,47.74543579101563,47.74943583170573,49.7080957438151,49.71209582519531
2023-07-26 16:02:09.499189,5514387.0,5514836.0,47.76282792154947,47.76682796223959,49.72548787434896,49.72948791503906
2023-07-26 16:02:09.516497,5514391.0,5514840.0,47.780219685872396,47.784219726562505,49.74287963867187,49.746879720052085
2023-07-26 16:02:09.534028,5514395.0,5514844.0,47.79761181640625,47.801611857096354,49.76027176920573,49.76427180989583
2023-07-26 16:02:09.551303,5514399.0,5514848.0,47.81500390625,47.81900398763021,49.777663899739586,49.78166394042969
2023-07-26 16:02:09.568439,5514403.0,5514852.0,47.83240612792969,47.83640616861979,49.7950556640625,49.79905574544271
2023-07-26 16:02:09.586385,5514407.0,5514856.0,47.849787841796875,47.85378788248698,49.81245821126302,49.81645825195312
2023-07-26 16:02:09.603329,5514411.0,5514860.0,47.86717993164063,47.87118001302083,49.82983992513021,49.83383996582032
2023-07-26 16:02:09.621268,5514415.0,5514864.0,47.88457173665365,47.88857177734375,49.847231689453125,49.85123173014323
2023-07-26 16:02:09.638212,5514419.0,5514868.0,47.90196382649739,47.905963907877606,49.86462381998698,49.86862386067708
2023-07-26 16:02:09.656151,5514423.0,5514872.0,47.91935595703125,47.92335599772136,49.88201590983073,49.88601599121094
2023-07-26 16:02:09.673094,5514427.0,5514876.0,47.93674776204427,47.94074780273437,49.89940771484375,49.90340775553385
2023-07-26 16:02:09.690038,5514431.0,5514880.0,47.954139851888016,47.958139933268235,49.916799845377604,49.920799886067705
2023-07-26 16:02:09.707978,5514435.0,5514884.0,47.97153198242187,47.975532023111974,49.93419193522136,49.93819201660156
2023-07-26 16:02:09.724921,5514439.0,5514888.0,47.98892374674479,47.992923828125,49.951583740234376,49.95558378092448
2023-07-26 16:02:09.746848,5514444.0,5514893.0,48.01066389973958,48.014663981119796,49.973323893229164,49.977323933919266
2023-07-26 16:02:09.764791,5514448.0,5514897.0,48.0280557047526,48.032055745442705,49.99071565755209,49.99471569824219
2023-07-26 16:02:09.781731,5514452.0,5514901.0,48.04545821126302,48.04945829264323,50.00810778808594,50.012107828776045
2023-07-26 16:02:09.798678,5514456.0,5514905.0,48.06283992513021,48.066839965820314,50.02551029459636,50.029510375976564
2023-07-26 16:02:09.820601,5514460.0,5514909.0,48.08023173014323,48.084231770833334,50.04289168294271,50.04689172363281
2023-07-26 16:02:09.838541,5514465.0,5514914.0,48.10197184244792,48.10597192382812,50.0646318359375,50.0686318766276
2023-07-26 16:02:09.855484,5514469.0,5514918.0,48.11936397298177,48.123364013671875,50.08202392578125,50.086024007161456
2023-07-26 16:02:09.877414,5514473.0,5514922.0,48.13675577799479,48.140755818684895,50.09941573079427,50.10341577148437
2023-07-26 16:02:09.894357,5514478.0,5514927.0,48.15849589029948,48.16249597167968,50.121155883789065,50.12515592447917
2023-07-26 16:02:09.912293,5514482.0,5514931.0,48.1758876953125,48.179887736002605,50.13854764811198,50.142547729492186
2023-07-26 16:02:09.929299,5514486.0,5514935.0,48.19327982584635,48.197279866536455,50.15593977864584,50.15993981933594
2023-07-26 16:02:09.947238,5514490.0,5514939.0,48.21067191569011,48.21467199707031,50.17333190917969,50.177331949869796
2023-07-26 16:02:09.964118,5514494.0,5514943.0,48.228063720703126,48.23206376139323,50.1907236735026,50.19472371419271
2023-07-26 16:02:09.982058,5514498.0,5514947.0,48.24545581054688,48.249455891927084,50.20811580403646,50.21211584472657
2023-07-26 16:02:09.999050,5514502.0,5514951.0,48.26284794108073,48.26684798177084,50.225507893880206,50.22950797526042
2023-07-26 16:02:10.016941,5514506.0,5514955.0,48.28023974609375,48.28423978678386,50.242899698893225,50.246899739583334
2023-07-26 16:02:10.033938,5514510.0,5514959.0,48.297631835937494,48.30163191731771,50.26029182942708,50.264291870117184
2023-07-26 16:02:10.055811,5514515.0,5514963.0,48.319371948242186,48.32337194824219,50.277683919270835,50.28168400065104
2023-07-26 16:02:10.072759,5514519.0,5514968.0,48.336763793945316,48.34076383463542,50.299423746744786,50.3034237874349
2023-07-26 16:02:10.090694,5514523.0,5514972.0,48.35415588378907,48.358155965169274,50.31681587727864,50.320815917968744
2023-07-26 16:02:10.108214,5514527.0,5514976.0,48.371547729492185,48.37554772949219,50.33420776367188,50.338207763671875
2023-07-26 16:02:10.129392,5514531.0,5514980.0,48.388939778645835,48.39293986002604,50.351599772135415,50.35559981282552
2023-07-26 16:02:10.157051,5514536.0,5514985.0,48.41067993164063,48.414680013020835,50.37333992513021,50.37733996582031
2023-07-26 16:02:10.176981,5514542.0,5514991.0,48.436767781575526,48.44076782226563,50.399427734374996,50.40342781575521
2023-07-26 16:02:10.194597,5514547.0,5514996.0,48.458507934570314,48.462507975260415,50.4211678873698,50.42516796875
2023-07-26 16:02:10.212644,5514551.0,5515000.0,48.47589969889323,48.479899780273435,50.43855969238281,50.44255973307292
2023-07-26 16:02:10.233873,5514556.0,5515004.0,48.49763985188802,48.50163993326823,50.45595178222656,50.45995186360677
2023-07-26 16:02:10.251257,5514560.0,5515009.0,48.515031982421874,48.519032023111976,50.47769193522136,50.48169201660156
2023-07-26 16:02:10.268290,5514564.0,5515013.0,48.53242374674479,48.536423828125,50.49508374023437,50.49908378092448
2023-07-26 16:02:10.286351,5514568.0,5515017.0,48.54981587727865,48.55381591796875,50.512475830078124,50.51647591145833
2023-07-26 16:02:10.303388,5514572.0,5515021.0,48.567207885742185,48.57120788574219,50.52986791992188,50.533867919921875
2023-07-26 16:02:10.320556,5514576.0,5515025.0,48.58459977213541,48.58859985351563,50.547259765625,50.55125980631511
2023-07-26 16:02:10.337847,5514580.0,5515029.0,48.60199190266927,48.60599194335937,50.564651855468746,50.56865193684896
2023-07-26 16:02:10.355313,5514584.0,5515033.0,48.619383666992185,48.6233837483724,50.58204370117188,50.586043701171874
2023-07-26 16:02:10.377484,5514588.0,5515037.0,48.63677579752604,48.64077583821614,50.599435750325526,50.60343583170573
2023-07-26 16:02:10.394284,5514593.0,5515042.0,48.65851595052083,48.66251599121094,50.621175903320314,50.62517598470052
2023-07-26 16:02:10.412294,5514597.0,5515046.0,48.675907714843746,48.67990779622396,50.63856770833333,50.642567749023435
2023-07-26 16:02:10.429546,5514601.0,5515050.0,48.6932998453776,48.697299886067704,50.655959798177086,50.65995987955729
2023-07-26 16:02:10.446753,5514605.0,5515054.0,48.71069197591146,48.71469201660156,50.67335192871094,50.677351969401045
2023-07-26 16:02:10.464196,5514609.0,5515058.0,48.728083740234375,48.73208382161458,50.690743733723956,50.694743774414064
2023-07-26 16:02:10.482303,5514613.0,5515062.0,48.74547587076823,48.74947591145833,50.70813582356771,50.712135904947914
2023-07-26 16:02:10.498727,5514617.0,5515066.0,48.76286800130208,48.76686804199219,50.72552795410156,50.72952799479167
2023-07-26 16:02:10.516168,5514622.0,5515070.0,48.784607788085935,48.78860786946615,50.742919718424474,50.746919799804694
2023-07-26 16:02:10.538494,5514626.0,5515074.0,48.80201033528646,48.80601037597656,50.76031184895833,50.76431188964843
2023-07-26 16:02:10.555336,5514630.0,5515079.0,48.81939168294271,48.82339176432291,50.78205167643229,50.7860517171224
2023-07-26 16:02:10.572612,5514634.0,5515083.0,48.836783813476565,48.840783854166666,50.79944376627604,50.803443847656254
2023-07-26 16:02:10.590009,5514638.0,5515087.0,48.85417594401042,48.85817598470052,50.81683589680989,50.8208359375
2023-07-26 16:02:10.608018,5514642.0,5515091.0,48.87156770833333,48.87556778971354,50.83422770182292,50.83822774251302
2023-07-26 16:02:10.625200,5514646.0,5515095.0,48.88895983886719,48.89295987955729,50.85161979166667,50.85561987304688
2023-07-26 16:02:10.642316,5514650.0,5515099.0,48.906351969401044,48.910352010091145,50.86901192220052,50.87301196289062
2023-07-26 16:02:10.660493,5514655.0,5515103.0,48.92809175618489,48.9320918375651,50.88640368652344,50.89040376790364
2023-07-26 16:02:10.677584,5514658.0,5515107.0,48.94113586425781,48.94513590494791,50.90379581705729,50.907795857747395
2023-07-26 16:02:10.694748,5514662.0,5515111.0,48.95852795410156,48.96252803548177,50.92118794759115,50.92518798828125
2023-07-26 16:02:10.712125,5514666.0,5515115.0,48.97591975911458,48.97991979980469,50.93857971191406,50.94257979329427
2023-07-26 16:02:10.734382,5514670.0,5515119.0,48.99331188964844,48.99731193033854,50.955971842447916,50.95997188313802
2023-07-26 16:02:10.751453,5514675.0,5515124.0,49.01505167643229,49.0190517578125,50.97771166992188,50.98171171061198
2023-07-26 16:02:10.768467,5514679.0,5515128.0,49.03244380696615,49.03644384765625,50.99510375976562,50.99910384114584
2023-07-26 16:02:10.785794,5514683.0,5515132.0,49.049835937500006,49.05383597819011,51.012495890299476,51.01649593098958
2023-07-26 16:02:10.803124,5514687.0,5515136.0,49.067227701822915,49.071227742513024,51.02988765462239,51.033887736002605
2023-07-26 16:02:10.821407,5514692.0,5515140.0,49.08896785481771,49.09296789550781,51.04727978515625,51.05127982584636
2023-07-26 16:02:10.838561,5514696.0,5515144.0,49.10635998535157,49.11036002604167,51.064671915690106,51.06867195638021
2023-07-26 16:02:10.860234,5514699.0,5515148.0,49.11940372721354,49.123403767903646,51.08206368001302,51.08606376139323
2023-07-26 16:02:10.877452,5514704.0,5515153.0,49.14114388020833,49.14514392089844,51.10380383300781,51.10780387369792
2023-07-26 16:02:10.894406,5514708.0,5515157.0,49.15853597005208,49.16253601074219,51.121195963541666,51.12519600423177
2023-07-26 16:02:10.911716,5514712.0,5515161.0,49.17592781575521,49.179927815755214,51.13858772786458,51.14258780924479
2023-07-26 16:02:10.929492,5514716.0,5515165.0,49.193319905598955,49.197319946289056,51.15597985839844,51.15997989908854
2023-07-26 16:02:10.946905,5514720.0,5515169.0,49.21071179199219,49.21471179199219,51.17337182617188,51.17737182617188
2023-07-26 16:02:10.964177,5514724.0,5515173.0,49.22810380045573,49.232103841145836,51.19076375325521,51.19476379394531
2023-07-26 16:02:10.986148,5514729.0,5515177.0,49.24984395345052,49.253843994140624,51.20815588378907,51.21215592447917
2023-07-26 16:02:11.003550,5514733.0,5515182.0,49.26723571777344,49.27123575846354,51.229895670572915,51.23390616861979
2023-07-26 16:02:11.020774,5514737.0,5515186.0,49.28462784830729,49.2886278889974,51.24728780110677,51.251287841796874
2023-07-26 16:02:11.038148,5514741.0,5515190.0,49.30201993815104,49.306020019531246,51.26467993164063,51.26867997233073
2023-07-26 16:02:11.060174,5514746.0,5515194.0,49.323759765625,49.32775980631511,51.28207169596354,51.28607177734375
2023-07-26 16:02:11.077425,5514750.0,5515199.0,49.341151896158856,49.345151936848964,51.30381184895833,51.307811889648434
2023-07-26 16:02:11.094616,5514754.0,5515203.0,49.35854382324219,49.362543823242184,51.32120385742188,51.325203857421876
2023-07-26 16:02:11.116725,5514758.0,5515207.0,49.37593579101563,49.37993583170573,51.338595743815105,51.34259582519531
2023-07-26 16:02:11.134203,5514763.0,5515212.0,49.397675944010416,49.401675984700525,51.36033589680989,51.3643359375
2023-07-26 16:02:11.151286,5514767.0,5515216.0,49.41506770833333,49.41906778971354,51.37772770182292,51.38172774251302
2023-07-26 16:02:11.173358,5514771.0,5515220.0,49.43245983886719,49.43645987955729,51.39511979166667,51.39911987304688
2023-07-26 16:02:11.190875,5514776.0,5515225.0,49.45419999186198,49.458200032552085,51.41685994466146,51.42085998535156
2023-07-26 16:02:11.207934,5514780.0,5515229.0,49.47159175618489,49.4755918375651,51.43425174967448,51.43825179036458
2023-07-26 16:02:11.225312,5514784.0,5515233.0,49.48898388671875,49.49298392740885,51.451643839518226,51.45564392089844
2023-07-26 16:02:11.242367,5514788.0,5515237.0,49.506375854492184,49.51037585449219,51.469035888671876,51.47303588867187
2023-07-26 16:02:11.259919,5514792.0,5515241.0,49.52376778157552,49.52776782226562,51.486427734375,51.49042781575521
2023-07-26 16:02:11.277045,5514796.0,5515245.0,49.54115991210938,49.54515995279948,51.50381986490885,51.50781990559896
2023-07-26 16:02:11.295240,5514800.0,5515249.0,49.558551676432295,49.5625517578125,51.521211669921875,51.525211710611984
2023-07-26 16:02:11.312600,5514804.0,5515253.0,49.57594380696615,49.57994384765625,51.53860375976562,51.542603841145834
2023-07-26 16:02:11.334072,5514809.0,5515257.0,49.59768395996094,49.60168400065104,51.55599589029948,51.55999593098958
2023-07-26 16:02:11.351155,5514813.0,5515262.0,49.615075724283855,49.61907580566406,51.577735717773436,51.581735758463545
2023-07-26 16:02:11.368496,5514817.0,5515266.0,49.63246785481771,49.63646789550781,51.59512780761719,51.599127888997394
2023-07-26 16:02:11.386618,5514821.0,5515270.0,49.64985998535156,49.65386002604167,51.61251993815104,51.61651997884115
2023-07-26 16:02:11.403761,5514825.0,5515274.0,49.667251749674485,49.671251790364586,51.629911702473954,51.63391178385417
2023-07-26 16:02:11.420818,5514829.0,5515278.0,49.68464388020833,49.68864392089844,51.64730383300781,51.65130387369791
2023-07-26 16:02:11.443206,5514834.0,5515282.0,49.70638366699219,49.710383748372394,51.66469596354167,51.66869600423177
2023-07-26 16:02:11.459645,5514838.0,5515287.0,49.723775797526045,49.72777583821615,51.68643575032552,51.690435831705734
2023-07-26 16:02:11.477743,5514842.0,5515291.0,49.741167928059895,49.74516796875,51.70382788085937,51.70782792154947
2023-07-26 16:02:11.499095,5514846.0,5515295.0,49.75855969238281,49.76255977376302,51.7212196858724,51.7252197265625
2023-07-26 16:02:11.516643,5514851.0,5515300.0,49.780299845377606,49.78429988606771,51.74295979817708,51.746959879557295
2023-07-26 16:02:11.533830,5514855.0,5515304.0,49.797691975911455,49.801692016601564,51.76035192871094,51.76435196940104
2023-07-26 16:02:11.556196,5514859.0,5515308.0,49.81508374023437,49.81908382161458,51.77774373372396,51.78174377441406
2023-07-26 16:02:11.573460,5514864.0,5515313.0,49.836823893229166,49.84082393391927,51.79948384602864,51.803483927408855
2023-07-26 16:02:11.590637,5514869.0,5515317.0,49.858563720703124,49.862563761393226,51.81687573242188,51.820875732421875
2023-07-26 16:02:11.611866,5514872.0,5515321.0,49.87160778808593,49.87560786946615,51.83426778157552,51.83826782226563
2023-07-26 16:02:11.629330,5514877.0,5515326.0,49.893347941080734,49.897347981770835,51.85600789388021,51.860007975260416
2023-07-26 16:02:11.647482,5514881.0,5515330.0,49.91073974609375,49.914739786783855,51.87339969889323,51.87739973958333
2023-07-26 16:02:11.664561,5514885.0,5515334.0,49.9281318359375,49.932131917317705,51.89079182942708,51.89479187011719
2023-07-26 16:02:11.681566,5514889.0,5515338.0,49.945523966471356,49.94952400716146,51.90818391927083,51.912184000651045
2023-07-26 16:02:11.698817,5514893.0,5515342.0,49.962915730794265,49.966915812174484,51.92557572428385,51.929575764973954
2023-07-26 16:02:11.716865,5514897.0,5515346.0,49.98030786132812,49.98430790201823,51.942967814127606,51.94696789550781
,,,,,,
,,,,,,
,,,,,,
,,,,,,
,,,,,,
